unix_ts,workload_seq,target_freq_mhz,rx_bytes,tx_bytes,gpu_util_pct,gpu_power_w,gpu_sm_mhz,gpu_memory_used_mib,gpu_mem_util_pct,gpu_power_limit_w,gpu_mem_clock_mhz,gpu_temperature_c,gpu_memory_total_mib,gpu_pstate
1784840946.355805067,0,360,37185920210,8775982039,0, 16.16, 360, 0, 0, 72.00, 405, 32, 23034, P8
1784840946.979660040,0,360,37185950014,8776019524,0, 16.16, 360, 0, 0, 72.00, 405, 32, 23034, P8
1784840947.609627905,0,360,37185950014,8776019524,0, 16.20, 360, 0, 0, 72.00, 405, 32, 23034, P8
1784840948.233522455,0,360,37185995942,8776075850,0, 16.20, 360, 0, 0, 72.00, 405, 32, 23034, P8
