unix_ts,workload_seq,target_freq_mhz,rx_bytes,tx_bytes,gpu_util_pct,gpu_power_w,gpu_sm_mhz,gpu_memory_used_mib,gpu_mem_util_pct,gpu_power_limit_w,gpu_mem_clock_mhz,gpu_temperature_c,gpu_memory_total_mib,gpu_pstate
1784840946.210411818,0,480,23804061048,19868093976,0, 31.13, 210, 0, 0, 350.00, 405, 23, 46068, P0
1784840946.792469917,0,480,23804061048,19868093976,0, 31.13, 210, 0, 0, 350.00, 405, 23, 46068, P0
1784840947.374285741,0,480,23804113133,19868144459,0, 44.95, 480, 0, 0, 350.00, 9001, 24, 46068, P0
1784840947.957823088,0,480,23804113133,19868144459,0, 58.72, 480, 0, 0, 350.00, 9001, 24, 46068, P0
1784840948.541309784,0,480,23804203897,19868256735,0, 58.72, 480, 0, 0, 350.00, 9001, 24, 46068, P0
1784840949.124313627,0,480,23804376367,19868464425,0, 58.64, 480, 0, 0, 350.00, 9001, 24, 46068, P0
1784840949.705469375,0,480,23804376367,19868464425,0, 58.64, 480, 0, 0, 350.00, 9001, 24, 46068, P0
1784840950.287370790,0,480,23804508587,19868623905,0, 58.59, 480, 0, 0, 350.00, 9001, 24, 46068, P0
1784840950.870494198,0,480,23804508587,19868623905,0, 58.59, 480, 0, 0, 350.00, 9001, 24, 46068, P0
