role,source_file,line_number,log_timestamp,category,request_id,message
combined,/data/users/chjing/Sweep_LLM_Jobs_broker/jobs/20260731-171536-luqia-vllm-calibration-l40s-neptune-r3/calibration_results/shard_0/full_observability/phase2-full-grid-rerun-20260731-l40s-l40s-tp1-f2520-i128-o32-r50-rep1-seg1-attempt2/combined_server.log,15,07-31 17:31:22,iteration,,"[0;36m(EngineCore_DP0 pid=2667193)[0;0m INFO 07-31 17:31:22 [core.py:348] Iteration(0): 2 context requests, 256 context tokens, 0 generation requests, 0 generation tokens, iteration elapsed time: 10.18 ms"
combined,/data/users/chjing/Sweep_LLM_Jobs_broker/jobs/20260731-171536-luqia-vllm-calibration-l40s-neptune-r3/calibration_results/shard_0/full_observability/phase2-full-grid-rerun-20260731-l40s-l40s-tp1-f2520-i128-o32-r50-rep1-seg1-attempt2/combined_server.log,19,07-31 17:31:22,iteration,,"[0;36m(EngineCore_DP0 pid=2667193)[0;0m INFO 07-31 17:31:22 [core.py:348] Iteration(1): 1 context requests, 128 context tokens, 2 generation requests, 2 generation tokens, iteration elapsed time: 12.44 ms"
combined,/data/users/chjing/Sweep_LLM_Jobs_broker/jobs/20260731-171536-luqia-vllm-calibration-l40s-neptune-r3/calibration_results/shard_0/full_observability/phase2-full-grid-rerun-20260731-l40s-l40s-tp1-f2520-i128-o32-r50-rep1-seg1-attempt2/combined_server.log,23,07-31 17:31:22,iteration,,"[0;36m(EngineCore_DP0 pid=2667193)[0;0m INFO 07-31 17:31:22 [core.py:348] Iteration(2): 1 context requests, 128 context tokens, 3 generation requests, 3 generation tokens, iteration elapsed time: 11.63 ms"
combined,/data/users/chjing/Sweep_LLM_Jobs_broker/jobs/20260731-171536-luqia-vllm-calibration-l40s-neptune-r3/calibration_results/shard_0/full_observability/phase2-full-grid-rerun-20260731-l40s-l40s-tp1-f2520-i128-o32-r50-rep1-seg1-attempt2/combined_server.log,30,07-31 17:31:22,iteration,,"[0;36m(EngineCore_DP0 pid=2667193)[0;0m INFO 07-31 17:31:22 [core.py:348] Iteration(3): 1 context requests, 128 context tokens, 4 generation requests, 4 generation tokens, iteration elapsed time: 12.02 ms"
combined,/data/users/chjing/Sweep_LLM_Jobs_broker/jobs/20260731-171536-luqia-vllm-calibration-l40s-neptune-r3/calibration_results/shard_0/full_observability/phase2-full-grid-rerun-20260731-l40s-l40s-tp1-f2520-i128-o32-r50-rep1-seg1-attempt2/combined_server.log,31,07-31 17:31:22,iteration,,"[0;36m(EngineCore_DP0 pid=2667193)[0;0m INFO 07-31 17:31:22 [core.py:348] Iteration(4): 1 context requests, 128 context tokens, 5 generation requests, 5 generation tokens, iteration elapsed time: 11.42 ms"
combined,/data/users/chjing/Sweep_LLM_Jobs_broker/jobs/20260731-171536-luqia-vllm-calibration-l40s-neptune-r3/calibration_results/shard_0/full_observability/phase2-full-grid-rerun-20260731-l40s-l40s-tp1-f2520-i128-o32-r50-rep1-seg1-attempt2/combined_server.log,38,07-31 17:31:22,iteration,,"[0;36m(EngineCore_DP0 pid=2667193)[0;0m INFO 07-31 17:31:22 [core.py:348] Iteration(5): 2 context requests, 256 context tokens, 6 generation requests, 6 generation tokens, iteration elapsed time: 24.15 ms"
combined,/data/users/chjing/Sweep_LLM_Jobs_broker/jobs/20260731-171536-luqia-vllm-calibration-l40s-neptune-r3/calibration_results/shard_0/full_observability/phase2-full-grid-rerun-20260731-l40s-l40s-tp1-f2520-i128-o32-r50-rep1-seg1-attempt2/combined_server.log,42,07-31 17:31:22,iteration,,"[0;36m(EngineCore_DP0 pid=2667193)[0;0m INFO 07-31 17:31:22 [core.py:348] Iteration(6): 0 context requests, 0 context tokens, 8 generation requests, 8 generation tokens, iteration elapsed time: 7.78 ms"
combined,/data/users/chjing/Sweep_LLM_Jobs_broker/jobs/20260731-171536-luqia-vllm-calibration-l40s-neptune-r3/calibration_results/shard_0/full_observability/phase2-full-grid-rerun-20260731-l40s-l40s-tp1-f2520-i128-o32-r50-rep1-seg1-attempt2/combined_server.log,49,07-31 17:31:22,iteration,,"[0;36m(EngineCore_DP0 pid=2667193)[0;0m INFO 07-31 17:31:22 [core.py:348] Iteration(7): 2 context requests, 256 context tokens, 8 generation requests, 8 generation tokens, iteration elapsed time: 17.61 ms"
combined,/data/users/chjing/Sweep_LLM_Jobs_broker/jobs/20260731-171536-luqia-vllm-calibration-l40s-neptune-r3/calibration_results/shard_0/full_observability/phase2-full-grid-rerun-20260731-l40s-l40s-tp1-f2520-i128-o32-r50-rep1-seg1-attempt2/combined_server.log,53,07-31 17:31:22,iteration,,"[0;36m(EngineCore_DP0 pid=2667193)[0;0m INFO 07-31 17:31:22 [core.py:348] Iteration(8): 1 context requests, 128 context tokens, 10 generation requests, 10 generation tokens, iteration elapsed time: 12.62 ms"
combined,/data/users/chjing/Sweep_LLM_Jobs_broker/jobs/20260731-171536-luqia-vllm-calibration-l40s-neptune-r3/calibration_results/shard_0/full_observability/phase2-full-grid-rerun-20260731-l40s-l40s-tp1-f2520-i128-o32-r50-rep1-seg1-attempt2/combined_server.log,60,07-31 17:31:22,iteration,,"[0;36m(EngineCore_DP0 pid=2667193)[0;0m INFO 07-31 17:31:22 [core.py:348] Iteration(9): 2 context requests, 256 context tokens, 11 generation requests, 11 generation tokens, iteration elapsed time: 18.23 ms"
combined,/data/users/chjing/Sweep_LLM_Jobs_broker/jobs/20260731-171536-luqia-vllm-calibration-l40s-neptune-r3/calibration_results/shard_0/full_observability/phase2-full-grid-rerun-20260731-l40s-l40s-tp1-f2520-i128-o32-r50-rep1-seg1-attempt2/combined_server.log,64,07-31 17:31:22,iteration,,"[0;36m(EngineCore_DP0 pid=2667193)[0;0m INFO 07-31 17:31:22 [core.py:348] Iteration(10): 1 context requests, 128 context tokens, 13 generation requests, 13 generation tokens, iteration elapsed time: 12.52 ms"
combined,/data/users/chjing/Sweep_LLM_Jobs_broker/jobs/20260731-171536-luqia-vllm-calibration-l40s-neptune-r3/calibration_results/shard_0/full_observability/phase2-full-grid-rerun-20260731-l40s-l40s-tp1-f2520-i128-o32-r50-rep1-seg1-attempt2/combined_server.log,69,07-31 17:31:22,iteration,,"[0;36m(EngineCore_DP0 pid=2667193)[0;0m INFO 07-31 17:31:22 [core.py:348] Iteration(11): 2 context requests, 256 context tokens, 14 generation requests, 14 generation tokens, iteration elapsed time: 18.81 ms"
combined,/data/users/chjing/Sweep_LLM_Jobs_broker/jobs/20260731-171536-luqia-vllm-calibration-l40s-neptune-r3/calibration_results/shard_0/full_observability/phase2-full-grid-rerun-20260731-l40s-l40s-tp1-f2520-i128-o32-r50-rep1-seg1-attempt2/combined_server.log,75,07-31 17:31:22,iteration,,"[0;36m(EngineCore_DP0 pid=2667193)[0;0m INFO 07-31 17:31:22 [core.py:348] Iteration(12): 1 context requests, 128 context tokens, 16 generation requests, 16 generation tokens, iteration elapsed time: 11.93 ms"
combined,/data/users/chjing/Sweep_LLM_Jobs_broker/jobs/20260731-171536-luqia-vllm-calibration-l40s-neptune-r3/calibration_results/shard_0/full_observability/phase2-full-grid-rerun-20260731-l40s-l40s-tp1-f2520-i128-o32-r50-rep1-seg1-attempt2/combined_server.log,79,07-31 17:31:22,iteration,,"[0;36m(EngineCore_DP0 pid=2667193)[0;0m INFO 07-31 17:31:22 [core.py:348] Iteration(13): 1 context requests, 128 context tokens, 17 generation requests, 17 generation tokens, iteration elapsed time: 12.46 ms"
combined,/data/users/chjing/Sweep_LLM_Jobs_broker/jobs/20260731-171536-luqia-vllm-calibration-l40s-neptune-r3/calibration_results/shard_0/full_observability/phase2-full-grid-rerun-20260731-l40s-l40s-tp1-f2520-i128-o32-r50-rep1-seg1-attempt2/combined_server.log,86,07-31 17:31:22,iteration,,"[0;36m(EngineCore_DP0 pid=2667193)[0;0m INFO 07-31 17:31:22 [core.py:348] Iteration(14): 2 context requests, 256 context tokens, 18 generation requests, 18 generation tokens, iteration elapsed time: 17.70 ms"
combined,/data/users/chjing/Sweep_LLM_Jobs_broker/jobs/20260731-171536-luqia-vllm-calibration-l40s-neptune-r3/calibration_results/shard_0/full_observability/phase2-full-grid-rerun-20260731-l40s-l40s-tp1-f2520-i128-o32-r50-rep1-seg1-attempt2/combined_server.log,91,07-31 17:31:22,iteration,,"[0;36m(EngineCore_DP0 pid=2667193)[0;0m INFO 07-31 17:31:22 [core.py:348] Iteration(15): 1 context requests, 128 context tokens, 20 generation requests, 20 generation tokens, iteration elapsed time: 12.51 ms"
combined,/data/users/chjing/Sweep_LLM_Jobs_broker/jobs/20260731-171536-luqia-vllm-calibration-l40s-neptune-r3/calibration_results/shard_0/full_observability/phase2-full-grid-rerun-20260731-l40s-l40s-tp1-f2520-i128-o32-r50-rep1-seg1-attempt2/combined_server.log,98,07-31 17:31:22,iteration,,"[0;36m(EngineCore_DP0 pid=2667193)[0;0m INFO 07-31 17:31:22 [core.py:348] Iteration(16): 2 context requests, 256 context tokens, 21 generation requests, 21 generation tokens, iteration elapsed time: 18.72 ms"
combined,/data/users/chjing/Sweep_LLM_Jobs_broker/jobs/20260731-171536-luqia-vllm-calibration-l40s-neptune-r3/calibration_results/shard_0/full_observability/phase2-full-grid-rerun-20260731-l40s-l40s-tp1-f2520-i128-o32-r50-rep1-seg1-attempt2/combined_server.log,102,07-31 17:31:22,iteration,,"[0;36m(EngineCore_DP0 pid=2667193)[0;0m INFO 07-31 17:31:22 [core.py:348] Iteration(17): 1 context requests, 128 context tokens, 23 generation requests, 23 generation tokens, iteration elapsed time: 12.97 ms"
combined,/data/users/chjing/Sweep_LLM_Jobs_broker/jobs/20260731-171536-luqia-vllm-calibration-l40s-neptune-r3/calibration_results/shard_0/full_observability/phase2-full-grid-rerun-20260731-l40s-l40s-tp1-f2520-i128-o32-r50-rep1-seg1-attempt2/combined_server.log,108,07-31 17:31:22,iteration,,"[0;36m(EngineCore_DP0 pid=2667193)[0;0m INFO 07-31 17:31:22 [core.py:348] Iteration(18): 2 context requests, 256 context tokens, 24 generation requests, 24 generation tokens, iteration elapsed time: 18.81 ms"
combined,/data/users/chjing/Sweep_LLM_Jobs_broker/jobs/20260731-171536-luqia-vllm-calibration-l40s-neptune-r3/calibration_results/shard_0/full_observability/phase2-full-grid-rerun-20260731-l40s-l40s-tp1-f2520-i128-o32-r50-rep1-seg1-attempt2/combined_server.log,113,07-31 17:31:22,iteration,,"[0;36m(EngineCore_DP0 pid=2667193)[0;0m INFO 07-31 17:31:22 [core.py:348] Iteration(19): 1 context requests, 128 context tokens, 26 generation requests, 26 generation tokens, iteration elapsed time: 13.24 ms"
combined,/data/users/chjing/Sweep_LLM_Jobs_broker/jobs/20260731-171536-luqia-vllm-calibration-l40s-neptune-r3/calibration_results/shard_0/full_observability/phase2-full-grid-rerun-20260731-l40s-l40s-tp1-f2520-i128-o32-r50-rep1-seg1-attempt2/combined_server.log,117,07-31 17:31:22,iteration,,"[0;36m(EngineCore_DP0 pid=2667193)[0;0m INFO 07-31 17:31:22 [core.py:348] Iteration(20): 1 context requests, 128 context tokens, 27 generation requests, 27 generation tokens, iteration elapsed time: 12.80 ms"
combined,/data/users/chjing/Sweep_LLM_Jobs_broker/jobs/20260731-171536-luqia-vllm-calibration-l40s-neptune-r3/calibration_results/shard_0/full_observability/phase2-full-grid-rerun-20260731-l40s-l40s-tp1-f2520-i128-o32-r50-rep1-seg1-attempt2/combined_server.log,124,07-31 17:31:22,iteration,,"[0;36m(EngineCore_DP0 pid=2667193)[0;0m INFO 07-31 17:31:22 [core.py:348] Iteration(21): 2 context requests, 256 context tokens, 28 generation requests, 28 generation tokens, iteration elapsed time: 18.39 ms"
combined,/data/users/chjing/Sweep_LLM_Jobs_broker/jobs/20260731-171536-luqia-vllm-calibration-l40s-neptune-r3/calibration_results/shard_0/full_observability/phase2-full-grid-rerun-20260731-l40s-l40s-tp1-f2520-i128-o32-r50-rep1-seg1-attempt2/combined_server.log,128,07-31 17:31:22,iteration,,"[0;36m(EngineCore_DP0 pid=2667193)[0;0m INFO 07-31 17:31:22 [core.py:348] Iteration(22): 1 context requests, 128 context tokens, 30 generation requests, 30 generation tokens, iteration elapsed time: 12.90 ms"
combined,/data/users/chjing/Sweep_LLM_Jobs_broker/jobs/20260731-171536-luqia-vllm-calibration-l40s-neptune-r3/calibration_results/shard_0/full_observability/phase2-full-grid-rerun-20260731-l40s-l40s-tp1-f2520-i128-o32-r50-rep1-seg1-attempt2/combined_server.log,135,07-31 17:31:22,iteration,,"[0;36m(EngineCore_DP0 pid=2667193)[0;0m INFO 07-31 17:31:22 [core.py:348] Iteration(23): 2 context requests, 256 context tokens, 31 generation requests, 31 generation tokens, iteration elapsed time: 18.32 ms"
combined,/data/users/chjing/Sweep_LLM_Jobs_broker/jobs/20260731-171536-luqia-vllm-calibration-l40s-neptune-r3/calibration_results/shard_0/full_observability/phase2-full-grid-rerun-20260731-l40s-l40s-tp1-f2520-i128-o32-r50-rep1-seg1-attempt2/combined_server.log,139,07-31 17:31:22,iteration,,"[0;36m(EngineCore_DP0 pid=2667193)[0;0m INFO 07-31 17:31:22 [core.py:348] Iteration(24): 1 context requests, 128 context tokens, 33 generation requests, 33 generation tokens, iteration elapsed time: 13.18 ms"
combined,/data/users/chjing/Sweep_LLM_Jobs_broker/jobs/20260731-171536-luqia-vllm-calibration-l40s-neptune-r3/calibration_results/shard_0/full_observability/phase2-full-grid-rerun-20260731-l40s-l40s-tp1-f2520-i128-o32-r50-rep1-seg1-attempt2/combined_server.log,146,07-31 17:31:23,iteration,,"[0;36m(EngineCore_DP0 pid=2667193)[0;0m INFO 07-31 17:31:23 [core.py:348] Iteration(25): 2 context requests, 256 context tokens, 34 generation requests, 34 generation tokens, iteration elapsed time: 19.04 ms"
combined,/data/users/chjing/Sweep_LLM_Jobs_broker/jobs/20260731-171536-luqia-vllm-calibration-l40s-neptune-r3/calibration_results/shard_0/full_observability/phase2-full-grid-rerun-20260731-l40s-l40s-tp1-f2520-i128-o32-r50-rep1-seg1-attempt2/combined_server.log,150,07-31 17:31:23,iteration,,"[0;36m(EngineCore_DP0 pid=2667193)[0;0m INFO 07-31 17:31:23 [core.py:348] Iteration(26): 1 context requests, 128 context tokens, 36 generation requests, 36 generation tokens, iteration elapsed time: 13.51 ms"
combined,/data/users/chjing/Sweep_LLM_Jobs_broker/jobs/20260731-171536-luqia-vllm-calibration-l40s-neptune-r3/calibration_results/shard_0/full_observability/phase2-full-grid-rerun-20260731-l40s-l40s-tp1-f2520-i128-o32-r50-rep1-seg1-attempt2/combined_server.log,157,07-31 17:31:23,iteration,,"[0;36m(EngineCore_DP0 pid=2667193)[0;0m INFO 07-31 17:31:23 [core.py:348] Iteration(27): 2 context requests, 256 context tokens, 37 generation requests, 37 generation tokens, iteration elapsed time: 19.62 ms"
combined,/data/users/chjing/Sweep_LLM_Jobs_broker/jobs/20260731-171536-luqia-vllm-calibration-l40s-neptune-r3/calibration_results/shard_0/full_observability/phase2-full-grid-rerun-20260731-l40s-l40s-tp1-f2520-i128-o32-r50-rep1-seg1-attempt2/combined_server.log,161,07-31 17:31:23,iteration,,"[0;36m(EngineCore_DP0 pid=2667193)[0;0m INFO 07-31 17:31:23 [core.py:348] Iteration(28): 1 context requests, 128 context tokens, 39 generation requests, 39 generation tokens, iteration elapsed time: 13.64 ms"
combined,/data/users/chjing/Sweep_LLM_Jobs_broker/jobs/20260731-171536-luqia-vllm-calibration-l40s-neptune-r3/calibration_results/shard_0/full_observability/phase2-full-grid-rerun-20260731-l40s-l40s-tp1-f2520-i128-o32-r50-rep1-seg1-attempt2/combined_server.log,168,07-31 17:31:23,iteration,,"[0;36m(EngineCore_DP0 pid=2667193)[0;0m INFO 07-31 17:31:23 [core.py:348] Iteration(29): 2 context requests, 256 context tokens, 40 generation requests, 40 generation tokens, iteration elapsed time: 18.42 ms"
combined,/data/users/chjing/Sweep_LLM_Jobs_broker/jobs/20260731-171536-luqia-vllm-calibration-l40s-neptune-r3/calibration_results/shard_0/full_observability/phase2-full-grid-rerun-20260731-l40s-l40s-tp1-f2520-i128-o32-r50-rep1-seg1-attempt2/combined_server.log,172,07-31 17:31:23,iteration,,"[0;36m(EngineCore_DP0 pid=2667193)[0;0m INFO 07-31 17:31:23 [core.py:348] Iteration(30): 1 context requests, 128 context tokens, 42 generation requests, 42 generation tokens, iteration elapsed time: 13.62 ms"
combined,/data/users/chjing/Sweep_LLM_Jobs_broker/jobs/20260731-171536-luqia-vllm-calibration-l40s-neptune-r3/calibration_results/shard_0/full_observability/phase2-full-grid-rerun-20260731-l40s-l40s-tp1-f2520-i128-o32-r50-rep1-seg1-attempt2/combined_server.log,178,07-31 17:31:23,iteration,,"[0;36m(EngineCore_DP0 pid=2667193)[0;0m INFO 07-31 17:31:23 [core.py:348] Iteration(31): 2 context requests, 256 context tokens, 43 generation requests, 43 generation tokens, iteration elapsed time: 18.25 ms"
combined,/data/users/chjing/Sweep_LLM_Jobs_broker/jobs/20260731-171536-luqia-vllm-calibration-l40s-neptune-r3/calibration_results/shard_0/full_observability/phase2-full-grid-rerun-20260731-l40s-l40s-tp1-f2520-i128-o32-r50-rep1-seg1-attempt2/combined_server.log,182,07-31 17:31:23,iteration,,"[0;36m(EngineCore_DP0 pid=2667193)[0;0m INFO 07-31 17:31:23 [core.py:348] Iteration(32): 1 context requests, 128 context tokens, 43 generation requests, 43 generation tokens, iteration elapsed time: 13.12 ms"
combined,/data/users/chjing/Sweep_LLM_Jobs_broker/jobs/20260731-171536-luqia-vllm-calibration-l40s-neptune-r3/calibration_results/shard_0/full_observability/phase2-full-grid-rerun-20260731-l40s-l40s-tp1-f2520-i128-o32-r50-rep1-seg1-attempt2/combined_server.log,185,07-31 17:31:23,iteration,,"[0;36m(EngineCore_DP0 pid=2667193)[0;0m INFO 07-31 17:31:23 [core.py:348] Iteration(33): 1 context requests, 128 context tokens, 43 generation requests, 43 generation tokens, iteration elapsed time: 12.84 ms"
combined,/data/users/chjing/Sweep_LLM_Jobs_broker/jobs/20260731-171536-luqia-vllm-calibration-l40s-neptune-r3/calibration_results/shard_0/full_observability/phase2-full-grid-rerun-20260731-l40s-l40s-tp1-f2520-i128-o32-r50-rep1-seg1-attempt2/combined_server.log,192,07-31 17:31:23,iteration,,"[0;36m(EngineCore_DP0 pid=2667193)[0;0m INFO 07-31 17:31:23 [core.py:348] Iteration(34): 1 context requests, 128 context tokens, 43 generation requests, 43 generation tokens, iteration elapsed time: 9.84 ms"
combined,/data/users/chjing/Sweep_LLM_Jobs_broker/jobs/20260731-171536-luqia-vllm-calibration-l40s-neptune-r3/calibration_results/shard_0/full_observability/phase2-full-grid-rerun-20260731-l40s-l40s-tp1-f2520-i128-o32-r50-rep1-seg1-attempt2/combined_server.log,199,07-31 17:31:23,iteration,,"[0;36m(EngineCore_DP0 pid=2667193)[0;0m INFO 07-31 17:31:23 [core.py:348] Iteration(35): 1 context requests, 128 context tokens, 43 generation requests, 43 generation tokens, iteration elapsed time: 13.07 ms"
combined,/data/users/chjing/Sweep_LLM_Jobs_broker/jobs/20260731-171536-luqia-vllm-calibration-l40s-neptune-r3/calibration_results/shard_0/full_observability/phase2-full-grid-rerun-20260731-l40s-l40s-tp1-f2520-i128-o32-r50-rep1-seg1-attempt2/combined_server.log,203,07-31 17:31:23,iteration,,"[0;36m(EngineCore_DP0 pid=2667193)[0;0m INFO 07-31 17:31:23 [core.py:348] Iteration(36): 2 context requests, 256 context tokens, 43 generation requests, 43 generation tokens, iteration elapsed time: 17.44 ms"
combined,/data/users/chjing/Sweep_LLM_Jobs_broker/jobs/20260731-171536-luqia-vllm-calibration-l40s-neptune-r3/calibration_results/shard_0/full_observability/phase2-full-grid-rerun-20260731-l40s-l40s-tp1-f2520-i128-o32-r50-rep1-seg1-attempt2/combined_server.log,210,07-31 17:31:23,iteration,,"[0;36m(EngineCore_DP0 pid=2667193)[0;0m INFO 07-31 17:31:23 [core.py:348] Iteration(37): 2 context requests, 256 context tokens, 43 generation requests, 43 generation tokens, iteration elapsed time: 19.49 ms"
combined,/data/users/chjing/Sweep_LLM_Jobs_broker/jobs/20260731-171536-luqia-vllm-calibration-l40s-neptune-r3/calibration_results/shard_0/full_observability/phase2-full-grid-rerun-20260731-l40s-l40s-tp1-f2520-i128-o32-r50-rep1-seg1-attempt2/combined_server.log,217,07-31 17:31:23,iteration,,"[0;36m(EngineCore_DP0 pid=2667193)[0;0m INFO 07-31 17:31:23 [core.py:348] Iteration(38): 1 context requests, 128 context tokens, 45 generation requests, 45 generation tokens, iteration elapsed time: 12.95 ms"
combined,/data/users/chjing/Sweep_LLM_Jobs_broker/jobs/20260731-171536-luqia-vllm-calibration-l40s-neptune-r3/calibration_results/shard_0/full_observability/phase2-full-grid-rerun-20260731-l40s-l40s-tp1-f2520-i128-o32-r50-rep1-seg1-attempt2/combined_server.log,221,07-31 17:31:23,iteration,,"[0;36m(EngineCore_DP0 pid=2667193)[0;0m INFO 07-31 17:31:23 [core.py:348] Iteration(39): 2 context requests, 256 context tokens, 44 generation requests, 44 generation tokens, iteration elapsed time: 19.29 ms"
combined,/data/users/chjing/Sweep_LLM_Jobs_broker/jobs/20260731-171536-luqia-vllm-calibration-l40s-neptune-r3/calibration_results/shard_0/full_observability/phase2-full-grid-rerun-20260731-l40s-l40s-tp1-f2520-i128-o32-r50-rep1-seg1-attempt2/combined_server.log,228,07-31 17:31:23,iteration,,"[0;36m(EngineCore_DP0 pid=2667193)[0;0m INFO 07-31 17:31:23 [core.py:348] Iteration(40): 2 context requests, 256 context tokens, 45 generation requests, 45 generation tokens, iteration elapsed time: 19.74 ms"
combined,/data/users/chjing/Sweep_LLM_Jobs_broker/jobs/20260731-171536-luqia-vllm-calibration-l40s-neptune-r3/calibration_results/shard_0/full_observability/phase2-full-grid-rerun-20260731-l40s-l40s-tp1-f2520-i128-o32-r50-rep1-seg1-attempt2/combined_server.log,232,07-31 17:31:23,iteration,,"[0;36m(EngineCore_DP0 pid=2667193)[0;0m INFO 07-31 17:31:23 [core.py:348] Iteration(41): 1 context requests, 128 context tokens, 45 generation requests, 45 generation tokens, iteration elapsed time: 12.90 ms"
combined,/data/users/chjing/Sweep_LLM_Jobs_broker/jobs/20260731-171536-luqia-vllm-calibration-l40s-neptune-r3/calibration_results/shard_0/full_observability/phase2-full-grid-rerun-20260731-l40s-l40s-tp1-f2520-i128-o32-r50-rep1-seg1-attempt2/combined_server.log,239,07-31 17:31:23,iteration,,"[0;36m(EngineCore_DP0 pid=2667193)[0;0m INFO 07-31 17:31:23 [core.py:348] Iteration(42): 2 context requests, 256 context tokens, 45 generation requests, 45 generation tokens, iteration elapsed time: 19.30 ms"
combined,/data/users/chjing/Sweep_LLM_Jobs_broker/jobs/20260731-171536-luqia-vllm-calibration-l40s-neptune-r3/calibration_results/shard_0/full_observability/phase2-full-grid-rerun-20260731-l40s-l40s-tp1-f2520-i128-o32-r50-rep1-seg1-attempt2/combined_server.log,243,07-31 17:31:23,iteration,,"[0;36m(EngineCore_DP0 pid=2667193)[0;0m INFO 07-31 17:31:23 [core.py:348] Iteration(43): 1 context requests, 128 context tokens, 45 generation requests, 45 generation tokens, iteration elapsed time: 12.99 ms"
combined,/data/users/chjing/Sweep_LLM_Jobs_broker/jobs/20260731-171536-luqia-vllm-calibration-l40s-neptune-r3/calibration_results/shard_0/full_observability/phase2-full-grid-rerun-20260731-l40s-l40s-tp1-f2520-i128-o32-r50-rep1-seg1-attempt2/combined_server.log,252,07-31 17:31:23,iteration,,"[0;36m(EngineCore_DP0 pid=2667193)[0;0m INFO 07-31 17:31:23 [core.py:348] Iteration(44): 2 context requests, 256 context tokens, 45 generation requests, 45 generation tokens, iteration elapsed time: 19.63 ms"
combined,/data/users/chjing/Sweep_LLM_Jobs_broker/jobs/20260731-171536-luqia-vllm-calibration-l40s-neptune-r3/calibration_results/shard_0/full_observability/phase2-full-grid-rerun-20260731-l40s-l40s-tp1-f2520-i128-o32-r50-rep1-seg1-attempt2/combined_server.log,257,07-31 17:31:23,iteration,,"[0;36m(EngineCore_DP0 pid=2667193)[0;0m INFO 07-31 17:31:23 [core.py:348] Iteration(45): 1 context requests, 128 context tokens, 46 generation requests, 46 generation tokens, iteration elapsed time: 13.03 ms"
combined,/data/users/chjing/Sweep_LLM_Jobs_broker/jobs/20260731-171536-luqia-vllm-calibration-l40s-neptune-r3/calibration_results/shard_0/full_observability/phase2-full-grid-rerun-20260731-l40s-l40s-tp1-f2520-i128-o32-r50-rep1-seg1-attempt2/combined_server.log,261,07-31 17:31:23,iteration,,"[0;36m(EngineCore_DP0 pid=2667193)[0;0m INFO 07-31 17:31:23 [core.py:348] Iteration(46): 2 context requests, 256 context tokens, 45 generation requests, 45 generation tokens, iteration elapsed time: 18.59 ms"
combined,/data/users/chjing/Sweep_LLM_Jobs_broker/jobs/20260731-171536-luqia-vllm-calibration-l40s-neptune-r3/calibration_results/shard_0/full_observability/phase2-full-grid-rerun-20260731-l40s-l40s-tp1-f2520-i128-o32-r50-rep1-seg1-attempt2/combined_server.log,268,07-31 17:31:23,iteration,,"[0;36m(EngineCore_DP0 pid=2667193)[0;0m INFO 07-31 17:31:23 [core.py:348] Iteration(47): 2 context requests, 256 context tokens, 46 generation requests, 46 generation tokens, iteration elapsed time: 19.63 ms"
combined,/data/users/chjing/Sweep_LLM_Jobs_broker/jobs/20260731-171536-luqia-vllm-calibration-l40s-neptune-r3/calibration_results/shard_0/full_observability/phase2-full-grid-rerun-20260731-l40s-l40s-tp1-f2520-i128-o32-r50-rep1-seg1-attempt2/combined_server.log,273,07-31 17:31:23,iteration,,"[0;36m(EngineCore_DP0 pid=2667193)[0;0m INFO 07-31 17:31:23 [core.py:348] Iteration(48): 1 context requests, 128 context tokens, 46 generation requests, 46 generation tokens, iteration elapsed time: 12.81 ms"
combined,/data/users/chjing/Sweep_LLM_Jobs_broker/jobs/20260731-171536-luqia-vllm-calibration-l40s-neptune-r3/calibration_results/shard_0/full_observability/phase2-full-grid-rerun-20260731-l40s-l40s-tp1-f2520-i128-o32-r50-rep1-seg1-attempt2/combined_server.log,280,07-31 17:31:23,iteration,,"[0;36m(EngineCore_DP0 pid=2667193)[0;0m INFO 07-31 17:31:23 [core.py:348] Iteration(49): 2 context requests, 256 context tokens, 46 generation requests, 46 generation tokens, iteration elapsed time: 19.37 ms"
combined,/data/users/chjing/Sweep_LLM_Jobs_broker/jobs/20260731-171536-luqia-vllm-calibration-l40s-neptune-r3/calibration_results/shard_0/full_observability/phase2-full-grid-rerun-20260731-l40s-l40s-tp1-f2520-i128-o32-r50-rep1-seg1-attempt2/combined_server.log,284,07-31 17:31:23,iteration,,"[0;36m(EngineCore_DP0 pid=2667193)[0;0m INFO 07-31 17:31:23 [core.py:348] Iteration(50): 1 context requests, 128 context tokens, 46 generation requests, 46 generation tokens, iteration elapsed time: 13.44 ms"
combined,/data/users/chjing/Sweep_LLM_Jobs_broker/jobs/20260731-171536-luqia-vllm-calibration-l40s-neptune-r3/calibration_results/shard_0/full_observability/phase2-full-grid-rerun-20260731-l40s-l40s-tp1-f2520-i128-o32-r50-rep1-seg1-attempt2/combined_server.log,291,07-31 17:31:23,iteration,,"[0;36m(EngineCore_DP0 pid=2667193)[0;0m INFO 07-31 17:31:23 [core.py:348] Iteration(51): 2 context requests, 256 context tokens, 46 generation requests, 46 generation tokens, iteration elapsed time: 19.32 ms"
combined,/data/users/chjing/Sweep_LLM_Jobs_broker/jobs/20260731-171536-luqia-vllm-calibration-l40s-neptune-r3/calibration_results/shard_0/full_observability/phase2-full-grid-rerun-20260731-l40s-l40s-tp1-f2520-i128-o32-r50-rep1-seg1-attempt2/combined_server.log,295,07-31 17:31:23,iteration,,"[0;36m(EngineCore_DP0 pid=2667193)[0;0m INFO 07-31 17:31:23 [core.py:348] Iteration(52): 1 context requests, 128 context tokens, 47 generation requests, 47 generation tokens, iteration elapsed time: 12.89 ms"
combined,/data/users/chjing/Sweep_LLM_Jobs_broker/jobs/20260731-171536-luqia-vllm-calibration-l40s-neptune-r3/calibration_results/shard_0/full_observability/phase2-full-grid-rerun-20260731-l40s-l40s-tp1-f2520-i128-o32-r50-rep1-seg1-attempt2/combined_server.log,302,07-31 17:31:23,iteration,,"[0;36m(EngineCore_DP0 pid=2667193)[0;0m INFO 07-31 17:31:23 [core.py:348] Iteration(53): 2 context requests, 256 context tokens, 46 generation requests, 46 generation tokens, iteration elapsed time: 19.19 ms"
combined,/data/users/chjing/Sweep_LLM_Jobs_broker/jobs/20260731-171536-luqia-vllm-calibration-l40s-neptune-r3/calibration_results/shard_0/full_observability/phase2-full-grid-rerun-20260731-l40s-l40s-tp1-f2520-i128-o32-r50-rep1-seg1-attempt2/combined_server.log,309,07-31 17:31:23,iteration,,"[0;36m(EngineCore_DP0 pid=2667193)[0;0m INFO 07-31 17:31:23 [core.py:348] Iteration(54): 1 context requests, 128 context tokens, 47 generation requests, 47 generation tokens, iteration elapsed time: 13.50 ms"
combined,/data/users/chjing/Sweep_LLM_Jobs_broker/jobs/20260731-171536-luqia-vllm-calibration-l40s-neptune-r3/calibration_results/shard_0/full_observability/phase2-full-grid-rerun-20260731-l40s-l40s-tp1-f2520-i128-o32-r50-rep1-seg1-attempt2/combined_server.log,313,07-31 17:31:23,iteration,,"[0;36m(EngineCore_DP0 pid=2667193)[0;0m INFO 07-31 17:31:23 [core.py:348] Iteration(55): 2 context requests, 256 context tokens, 46 generation requests, 46 generation tokens, iteration elapsed time: 18.72 ms"
combined,/data/users/chjing/Sweep_LLM_Jobs_broker/jobs/20260731-171536-luqia-vllm-calibration-l40s-neptune-r3/calibration_results/shard_0/full_observability/phase2-full-grid-rerun-20260731-l40s-l40s-tp1-f2520-i128-o32-r50-rep1-seg1-attempt2/combined_server.log,320,07-31 17:31:23,iteration,,"[0;36m(EngineCore_DP0 pid=2667193)[0;0m INFO 07-31 17:31:23 [core.py:348] Iteration(56): 2 context requests, 256 context tokens, 47 generation requests, 47 generation tokens, iteration elapsed time: 19.49 ms"
combined,/data/users/chjing/Sweep_LLM_Jobs_broker/jobs/20260731-171536-luqia-vllm-calibration-l40s-neptune-r3/calibration_results/shard_0/full_observability/phase2-full-grid-rerun-20260731-l40s-l40s-tp1-f2520-i128-o32-r50-rep1-seg1-attempt2/combined_server.log,324,07-31 17:31:24,iteration,,"[0;36m(EngineCore_DP0 pid=2667193)[0;0m INFO 07-31 17:31:24 [core.py:348] Iteration(57): 1 context requests, 128 context tokens, 47 generation requests, 47 generation tokens, iteration elapsed time: 12.92 ms"
combined,/data/users/chjing/Sweep_LLM_Jobs_broker/jobs/20260731-171536-luqia-vllm-calibration-l40s-neptune-r3/calibration_results/shard_0/full_observability/phase2-full-grid-rerun-20260731-l40s-l40s-tp1-f2520-i128-o32-r50-rep1-seg1-attempt2/combined_server.log,331,07-31 17:31:24,iteration,,"[0;36m(EngineCore_DP0 pid=2667193)[0;0m INFO 07-31 17:31:24 [core.py:348] Iteration(58): 2 context requests, 256 context tokens, 47 generation requests, 47 generation tokens, iteration elapsed time: 20.00 ms"
combined,/data/users/chjing/Sweep_LLM_Jobs_broker/jobs/20260731-171536-luqia-vllm-calibration-l40s-neptune-r3/calibration_results/shard_0/full_observability/phase2-full-grid-rerun-20260731-l40s-l40s-tp1-f2520-i128-o32-r50-rep1-seg1-attempt2/combined_server.log,335,07-31 17:31:24,iteration,,"[0;36m(EngineCore_DP0 pid=2667193)[0;0m INFO 07-31 17:31:24 [core.py:348] Iteration(59): 1 context requests, 128 context tokens, 47 generation requests, 47 generation tokens, iteration elapsed time: 13.42 ms"
combined,/data/users/chjing/Sweep_LLM_Jobs_broker/jobs/20260731-171536-luqia-vllm-calibration-l40s-neptune-r3/calibration_results/shard_0/full_observability/phase2-full-grid-rerun-20260731-l40s-l40s-tp1-f2520-i128-o32-r50-rep1-seg1-attempt2/combined_server.log,345,07-31 17:31:24,iteration,,"[0;36m(EngineCore_DP0 pid=2667193)[0;0m INFO 07-31 17:31:24 [core.py:348] Iteration(60): 2 context requests, 256 context tokens, 47 generation requests, 47 generation tokens, iteration elapsed time: 19.63 ms"
combined,/data/users/chjing/Sweep_LLM_Jobs_broker/jobs/20260731-171536-luqia-vllm-calibration-l40s-neptune-r3/calibration_results/shard_0/full_observability/phase2-full-grid-rerun-20260731-l40s-l40s-tp1-f2520-i128-o32-r50-rep1-seg1-attempt2/combined_server.log,346,07-31 17:31:24,iteration,,"[0;36m(EngineCore_DP0 pid=2667193)[0;0m INFO 07-31 17:31:24 [core.py:348] Iteration(61): 1 context requests, 128 context tokens, 47 generation requests, 47 generation tokens, iteration elapsed time: 13.48 ms"
combined,/data/users/chjing/Sweep_LLM_Jobs_broker/jobs/20260731-171536-luqia-vllm-calibration-l40s-neptune-r3/calibration_results/shard_0/full_observability/phase2-full-grid-rerun-20260731-l40s-l40s-tp1-f2520-i128-o32-r50-rep1-seg1-attempt2/combined_server.log,356,07-31 17:31:24,iteration,,"[0;36m(EngineCore_DP0 pid=2667193)[0;0m INFO 07-31 17:31:24 [core.py:348] Iteration(62): 2 context requests, 256 context tokens, 47 generation requests, 47 generation tokens, iteration elapsed time: 19.65 ms"
combined,/data/users/chjing/Sweep_LLM_Jobs_broker/jobs/20260731-171536-luqia-vllm-calibration-l40s-neptune-r3/calibration_results/shard_0/full_observability/phase2-full-grid-rerun-20260731-l40s-l40s-tp1-f2520-i128-o32-r50-rep1-seg1-attempt2/combined_server.log,360,07-31 17:31:24,iteration,,"[0;36m(EngineCore_DP0 pid=2667193)[0;0m INFO 07-31 17:31:24 [core.py:348] Iteration(63): 1 context requests, 128 context tokens, 47 generation requests, 47 generation tokens, iteration elapsed time: 13.49 ms"
combined,/data/users/chjing/Sweep_LLM_Jobs_broker/jobs/20260731-171536-luqia-vllm-calibration-l40s-neptune-r3/calibration_results/shard_0/full_observability/phase2-full-grid-rerun-20260731-l40s-l40s-tp1-f2520-i128-o32-r50-rep1-seg1-attempt2/combined_server.log,368,07-31 17:31:24,iteration,,"[0;36m(EngineCore_DP0 pid=2667193)[0;0m INFO 07-31 17:31:24 [core.py:348] Iteration(64): 3 context requests, 384 context tokens, 47 generation requests, 47 generation tokens, iteration elapsed time: 26.07 ms"
combined,/data/users/chjing/Sweep_LLM_Jobs_broker/jobs/20260731-171536-luqia-vllm-calibration-l40s-neptune-r3/calibration_results/shard_0/full_observability/phase2-full-grid-rerun-20260731-l40s-l40s-tp1-f2520-i128-o32-r50-rep1-seg1-attempt2/combined_server.log,372,07-31 17:31:24,iteration,,"[0;36m(EngineCore_DP0 pid=2667193)[0;0m INFO 07-31 17:31:24 [core.py:348] Iteration(65): 1 context requests, 128 context tokens, 49 generation requests, 49 generation tokens, iteration elapsed time: 12.33 ms"
combined,/data/users/chjing/Sweep_LLM_Jobs_broker/jobs/20260731-171536-luqia-vllm-calibration-l40s-neptune-r3/calibration_results/shard_0/full_observability/phase2-full-grid-rerun-20260731-l40s-l40s-tp1-f2520-i128-o32-r50-rep1-seg1-attempt2/combined_server.log,377,07-31 17:31:24,iteration,,"[0;36m(EngineCore_DP0 pid=2667193)[0;0m INFO 07-31 17:31:24 [core.py:348] Iteration(66): 2 context requests, 256 context tokens, 49 generation requests, 49 generation tokens, iteration elapsed time: 20.48 ms"
combined,/data/users/chjing/Sweep_LLM_Jobs_broker/jobs/20260731-171536-luqia-vllm-calibration-l40s-neptune-r3/calibration_results/shard_0/full_observability/phase2-full-grid-rerun-20260731-l40s-l40s-tp1-f2520-i128-o32-r50-rep1-seg1-attempt2/combined_server.log,383,07-31 17:31:24,iteration,,"[0;36m(EngineCore_DP0 pid=2667193)[0;0m INFO 07-31 17:31:24 [core.py:348] Iteration(67): 1 context requests, 128 context tokens, 50 generation requests, 50 generation tokens, iteration elapsed time: 13.90 ms"
combined,/data/users/chjing/Sweep_LLM_Jobs_broker/jobs/20260731-171536-luqia-vllm-calibration-l40s-neptune-r3/calibration_results/shard_0/full_observability/phase2-full-grid-rerun-20260731-l40s-l40s-tp1-f2520-i128-o32-r50-rep1-seg1-attempt2/combined_server.log,387,07-31 17:31:24,iteration,,"[0;36m(EngineCore_DP0 pid=2667193)[0;0m INFO 07-31 17:31:24 [core.py:348] Iteration(68): 1 context requests, 128 context tokens, 49 generation requests, 49 generation tokens, iteration elapsed time: 13.86 ms"
combined,/data/users/chjing/Sweep_LLM_Jobs_broker/jobs/20260731-171536-luqia-vllm-calibration-l40s-neptune-r3/calibration_results/shard_0/full_observability/phase2-full-grid-rerun-20260731-l40s-l40s-tp1-f2520-i128-o32-r50-rep1-seg1-attempt2/combined_server.log,394,07-31 17:31:24,iteration,,"[0;36m(EngineCore_DP0 pid=2667193)[0;0m INFO 07-31 17:31:24 [core.py:348] Iteration(69): 2 context requests, 256 context tokens, 48 generation requests, 48 generation tokens, iteration elapsed time: 19.51 ms"
combined,/data/users/chjing/Sweep_LLM_Jobs_broker/jobs/20260731-171536-luqia-vllm-calibration-l40s-neptune-r3/calibration_results/shard_0/full_observability/phase2-full-grid-rerun-20260731-l40s-l40s-tp1-f2520-i128-o32-r50-rep1-seg1-attempt2/combined_server.log,401,07-31 17:31:24,iteration,,"[0;36m(EngineCore_DP0 pid=2667193)[0;0m INFO 07-31 17:31:24 [core.py:348] Iteration(70): 1 context requests, 128 context tokens, 49 generation requests, 49 generation tokens, iteration elapsed time: 13.84 ms"
combined,/data/users/chjing/Sweep_LLM_Jobs_broker/jobs/20260731-171536-luqia-vllm-calibration-l40s-neptune-r3/calibration_results/shard_0/full_observability/phase2-full-grid-rerun-20260731-l40s-l40s-tp1-f2520-i128-o32-r50-rep1-seg1-attempt2/combined_server.log,405,07-31 17:31:24,iteration,,"[0;36m(EngineCore_DP0 pid=2667193)[0;0m INFO 07-31 17:31:24 [core.py:348] Iteration(71): 2 context requests, 256 context tokens, 48 generation requests, 48 generation tokens, iteration elapsed time: 19.03 ms"
combined,/data/users/chjing/Sweep_LLM_Jobs_broker/jobs/20260731-171536-luqia-vllm-calibration-l40s-neptune-r3/calibration_results/shard_0/full_observability/phase2-full-grid-rerun-20260731-l40s-l40s-tp1-f2520-i128-o32-r50-rep1-seg1-attempt2/combined_server.log,412,07-31 17:31:24,iteration,,"[0;36m(EngineCore_DP0 pid=2667193)[0;0m INFO 07-31 17:31:24 [core.py:348] Iteration(72): 2 context requests, 256 context tokens, 48 generation requests, 48 generation tokens, iteration elapsed time: 19.30 ms"
combined,/data/users/chjing/Sweep_LLM_Jobs_broker/jobs/20260731-171536-luqia-vllm-calibration-l40s-neptune-r3/calibration_results/shard_0/full_observability/phase2-full-grid-rerun-20260731-l40s-l40s-tp1-f2520-i128-o32-r50-rep1-seg1-attempt2/combined_server.log,419,07-31 17:31:24,iteration,,"[0;36m(EngineCore_DP0 pid=2667193)[0;0m INFO 07-31 17:31:24 [core.py:348] Iteration(73): 1 context requests, 128 context tokens, 49 generation requests, 49 generation tokens, iteration elapsed time: 13.50 ms"
combined,/data/users/chjing/Sweep_LLM_Jobs_broker/jobs/20260731-171536-luqia-vllm-calibration-l40s-neptune-r3/calibration_results/shard_0/full_observability/phase2-full-grid-rerun-20260731-l40s-l40s-tp1-f2520-i128-o32-r50-rep1-seg1-attempt2/combined_server.log,423,07-31 17:31:24,iteration,,"[0;36m(EngineCore_DP0 pid=2667193)[0;0m INFO 07-31 17:31:24 [core.py:348] Iteration(74): 2 context requests, 256 context tokens, 48 generation requests, 48 generation tokens, iteration elapsed time: 19.40 ms"
combined,/data/users/chjing/Sweep_LLM_Jobs_broker/jobs/20260731-171536-luqia-vllm-calibration-l40s-neptune-r3/calibration_results/shard_0/full_observability/phase2-full-grid-rerun-20260731-l40s-l40s-tp1-f2520-i128-o32-r50-rep1-seg1-attempt2/combined_server.log,430,07-31 17:31:24,iteration,,"[0;36m(EngineCore_DP0 pid=2667193)[0;0m INFO 07-31 17:31:24 [core.py:348] Iteration(75): 2 context requests, 256 context tokens, 49 generation requests, 49 generation tokens, iteration elapsed time: 19.79 ms"
combined,/data/users/chjing/Sweep_LLM_Jobs_broker/jobs/20260731-171536-luqia-vllm-calibration-l40s-neptune-r3/calibration_results/shard_0/full_observability/phase2-full-grid-rerun-20260731-l40s-l40s-tp1-f2520-i128-o32-r50-rep1-seg1-attempt2/combined_server.log,434,07-31 17:31:24,iteration,,"[0;36m(EngineCore_DP0 pid=2667193)[0;0m INFO 07-31 17:31:24 [core.py:348] Iteration(76): 1 context requests, 128 context tokens, 49 generation requests, 49 generation tokens, iteration elapsed time: 13.89 ms"
combined,/data/users/chjing/Sweep_LLM_Jobs_broker/jobs/20260731-171536-luqia-vllm-calibration-l40s-neptune-r3/calibration_results/shard_0/full_observability/phase2-full-grid-rerun-20260731-l40s-l40s-tp1-f2520-i128-o32-r50-rep1-seg1-attempt2/combined_server.log,441,07-31 17:31:24,iteration,,"[0;36m(EngineCore_DP0 pid=2667193)[0;0m INFO 07-31 17:31:24 [core.py:348] Iteration(77): 2 context requests, 256 context tokens, 49 generation requests, 49 generation tokens, iteration elapsed time: 20.52 ms"
combined,/data/users/chjing/Sweep_LLM_Jobs_broker/jobs/20260731-171536-luqia-vllm-calibration-l40s-neptune-r3/calibration_results/shard_0/full_observability/phase2-full-grid-rerun-20260731-l40s-l40s-tp1-f2520-i128-o32-r50-rep1-seg1-attempt2/combined_server.log,445,07-31 17:31:24,iteration,,"[0;36m(EngineCore_DP0 pid=2667193)[0;0m INFO 07-31 17:31:24 [core.py:348] Iteration(78): 1 context requests, 128 context tokens, 49 generation requests, 49 generation tokens, iteration elapsed time: 13.61 ms"
combined,/data/users/chjing/Sweep_LLM_Jobs_broker/jobs/20260731-171536-luqia-vllm-calibration-l40s-neptune-r3/calibration_results/shard_0/full_observability/phase2-full-grid-rerun-20260731-l40s-l40s-tp1-f2520-i128-o32-r50-rep1-seg1-attempt2/combined_server.log,452,07-31 17:31:24,iteration,,"[0;36m(EngineCore_DP0 pid=2667193)[0;0m INFO 07-31 17:31:24 [core.py:348] Iteration(79): 2 context requests, 256 context tokens, 48 generation requests, 48 generation tokens, iteration elapsed time: 19.30 ms"
combined,/data/users/chjing/Sweep_LLM_Jobs_broker/jobs/20260731-171536-luqia-vllm-calibration-l40s-neptune-r3/calibration_results/shard_0/full_observability/phase2-full-grid-rerun-20260731-l40s-l40s-tp1-f2520-i128-o32-r50-rep1-seg1-attempt2/combined_server.log,456,07-31 17:31:24,iteration,,"[0;36m(EngineCore_DP0 pid=2667193)[0;0m INFO 07-31 17:31:24 [core.py:348] Iteration(80): 1 context requests, 128 context tokens, 49 generation requests, 49 generation tokens, iteration elapsed time: 14.09 ms"
combined,/data/users/chjing/Sweep_LLM_Jobs_broker/jobs/20260731-171536-luqia-vllm-calibration-l40s-neptune-r3/calibration_results/shard_0/full_observability/phase2-full-grid-rerun-20260731-l40s-l40s-tp1-f2520-i128-o32-r50-rep1-seg1-attempt2/combined_server.log,464,07-31 17:31:24,iteration,,"[0;36m(EngineCore_DP0 pid=2667193)[0;0m INFO 07-31 17:31:24 [core.py:348] Iteration(81): 2 context requests, 256 context tokens, 48 generation requests, 48 generation tokens, iteration elapsed time: 19.37 ms"
combined,/data/users/chjing/Sweep_LLM_Jobs_broker/jobs/20260731-171536-luqia-vllm-calibration-l40s-neptune-r3/calibration_results/shard_0/full_observability/phase2-full-grid-rerun-20260731-l40s-l40s-tp1-f2520-i128-o32-r50-rep1-seg1-attempt2/combined_server.log,471,07-31 17:31:24,iteration,,"[0;36m(EngineCore_DP0 pid=2667193)[0;0m INFO 07-31 17:31:24 [core.py:348] Iteration(82): 1 context requests, 128 context tokens, 49 generation requests, 49 generation tokens, iteration elapsed time: 13.99 ms"
combined,/data/users/chjing/Sweep_LLM_Jobs_broker/jobs/20260731-171536-luqia-vllm-calibration-l40s-neptune-r3/calibration_results/shard_0/full_observability/phase2-full-grid-rerun-20260731-l40s-l40s-tp1-f2520-i128-o32-r50-rep1-seg1-attempt2/combined_server.log,475,07-31 17:31:24,iteration,,"[0;36m(EngineCore_DP0 pid=2667193)[0;0m INFO 07-31 17:31:24 [core.py:348] Iteration(83): 2 context requests, 256 context tokens, 48 generation requests, 48 generation tokens, iteration elapsed time: 18.77 ms"
combined,/data/users/chjing/Sweep_LLM_Jobs_broker/jobs/20260731-171536-luqia-vllm-calibration-l40s-neptune-r3/calibration_results/shard_0/full_observability/phase2-full-grid-rerun-20260731-l40s-l40s-tp1-f2520-i128-o32-r50-rep1-seg1-attempt2/combined_server.log,482,07-31 17:31:24,iteration,,"[0;36m(EngineCore_DP0 pid=2667193)[0;0m INFO 07-31 17:31:24 [core.py:348] Iteration(84): 2 context requests, 256 context tokens, 49 generation requests, 49 generation tokens, iteration elapsed time: 19.98 ms"
combined,/data/users/chjing/Sweep_LLM_Jobs_broker/jobs/20260731-171536-luqia-vllm-calibration-l40s-neptune-r3/calibration_results/shard_0/full_observability/phase2-full-grid-rerun-20260731-l40s-l40s-tp1-f2520-i128-o32-r50-rep1-seg1-attempt2/combined_server.log,486,07-31 17:31:24,iteration,,"[0;36m(EngineCore_DP0 pid=2667193)[0;0m INFO 07-31 17:31:24 [core.py:348] Iteration(85): 1 context requests, 128 context tokens, 49 generation requests, 49 generation tokens, iteration elapsed time: 13.74 ms"
combined,/data/users/chjing/Sweep_LLM_Jobs_broker/jobs/20260731-171536-luqia-vllm-calibration-l40s-neptune-r3/calibration_results/shard_0/full_observability/phase2-full-grid-rerun-20260731-l40s-l40s-tp1-f2520-i128-o32-r50-rep1-seg1-attempt2/combined_server.log,496,07-31 17:31:24,iteration,,"[0;36m(EngineCore_DP0 pid=2667193)[0;0m INFO 07-31 17:31:24 [core.py:348] Iteration(86): 2 context requests, 256 context tokens, 49 generation requests, 49 generation tokens, iteration elapsed time: 20.80 ms"
combined,/data/users/chjing/Sweep_LLM_Jobs_broker/jobs/20260731-171536-luqia-vllm-calibration-l40s-neptune-r3/calibration_results/shard_0/full_observability/phase2-full-grid-rerun-20260731-l40s-l40s-tp1-f2520-i128-o32-r50-rep1-seg1-attempt2/combined_server.log,500,07-31 17:31:24,iteration,,"[0;36m(EngineCore_DP0 pid=2667193)[0;0m INFO 07-31 17:31:24 [core.py:348] Iteration(87): 1 context requests, 128 context tokens, 49 generation requests, 49 generation tokens, iteration elapsed time: 13.52 ms"
combined,/data/users/chjing/Sweep_LLM_Jobs_broker/jobs/20260731-171536-luqia-vllm-calibration-l40s-neptune-r3/calibration_results/shard_0/full_observability/phase2-full-grid-rerun-20260731-l40s-l40s-tp1-f2520-i128-o32-r50-rep1-seg1-attempt2/combined_server.log,507,07-31 17:31:24,iteration,,"[0;36m(EngineCore_DP0 pid=2667193)[0;0m INFO 07-31 17:31:24 [core.py:348] Iteration(88): 3 context requests, 384 context tokens, 48 generation requests, 48 generation tokens, iteration elapsed time: 26.30 ms"
combined,/data/users/chjing/Sweep_LLM_Jobs_broker/jobs/20260731-171536-luqia-vllm-calibration-l40s-neptune-r3/calibration_results/shard_0/full_observability/phase2-full-grid-rerun-20260731-l40s-l40s-tp1-f2520-i128-o32-r50-rep1-seg1-attempt2/combined_server.log,511,07-31 17:31:25,iteration,,"[0;36m(EngineCore_DP0 pid=2667193)[0;0m INFO 07-31 17:31:25 [core.py:348] Iteration(89): 1 context requests, 128 context tokens, 50 generation requests, 50 generation tokens, iteration elapsed time: 14.10 ms"
combined,/data/users/chjing/Sweep_LLM_Jobs_broker/jobs/20260731-171536-luqia-vllm-calibration-l40s-neptune-r3/calibration_results/shard_0/full_observability/phase2-full-grid-rerun-20260731-l40s-l40s-tp1-f2520-i128-o32-r50-rep1-seg1-attempt2/combined_server.log,518,07-31 17:31:25,iteration,,"[0;36m(EngineCore_DP0 pid=2667193)[0;0m INFO 07-31 17:31:25 [core.py:348] Iteration(90): 2 context requests, 256 context tokens, 49 generation requests, 49 generation tokens, iteration elapsed time: 20.04 ms"
combined,/data/users/chjing/Sweep_LLM_Jobs_broker/jobs/20260731-171536-luqia-vllm-calibration-l40s-neptune-r3/calibration_results/shard_0/full_observability/phase2-full-grid-rerun-20260731-l40s-l40s-tp1-f2520-i128-o32-r50-rep1-seg1-attempt2/combined_server.log,522,07-31 17:31:25,iteration,,"[0;36m(EngineCore_DP0 pid=2667193)[0;0m INFO 07-31 17:31:25 [core.py:348] Iteration(91): 1 context requests, 128 context tokens, 50 generation requests, 50 generation tokens, iteration elapsed time: 13.80 ms"
combined,/data/users/chjing/Sweep_LLM_Jobs_broker/jobs/20260731-171536-luqia-vllm-calibration-l40s-neptune-r3/calibration_results/shard_0/full_observability/phase2-full-grid-rerun-20260731-l40s-l40s-tp1-f2520-i128-o32-r50-rep1-seg1-attempt2/combined_server.log,529,07-31 17:31:25,iteration,,"[0;36m(EngineCore_DP0 pid=2667193)[0;0m INFO 07-31 17:31:25 [core.py:348] Iteration(92): 2 context requests, 256 context tokens, 49 generation requests, 49 generation tokens, iteration elapsed time: 20.22 ms"
combined,/data/users/chjing/Sweep_LLM_Jobs_broker/jobs/20260731-171536-luqia-vllm-calibration-l40s-neptune-r3/calibration_results/shard_0/full_observability/phase2-full-grid-rerun-20260731-l40s-l40s-tp1-f2520-i128-o32-r50-rep1-seg1-attempt2/combined_server.log,533,07-31 17:31:25,iteration,,"[0;36m(EngineCore_DP0 pid=2667193)[0;0m INFO 07-31 17:31:25 [core.py:348] Iteration(93): 1 context requests, 128 context tokens, 50 generation requests, 50 generation tokens, iteration elapsed time: 13.59 ms"
combined,/data/users/chjing/Sweep_LLM_Jobs_broker/jobs/20260731-171536-luqia-vllm-calibration-l40s-neptune-r3/calibration_results/shard_0/full_observability/phase2-full-grid-rerun-20260731-l40s-l40s-tp1-f2520-i128-o32-r50-rep1-seg1-attempt2/combined_server.log,540,07-31 17:31:25,iteration,,"[0;36m(EngineCore_DP0 pid=2667193)[0;0m INFO 07-31 17:31:25 [core.py:348] Iteration(94): 2 context requests, 256 context tokens, 49 generation requests, 49 generation tokens, iteration elapsed time: 20.11 ms"
combined,/data/users/chjing/Sweep_LLM_Jobs_broker/jobs/20260731-171536-luqia-vllm-calibration-l40s-neptune-r3/calibration_results/shard_0/full_observability/phase2-full-grid-rerun-20260731-l40s-l40s-tp1-f2520-i128-o32-r50-rep1-seg1-attempt2/combined_server.log,544,07-31 17:31:25,iteration,,"[0;36m(EngineCore_DP0 pid=2667193)[0;0m INFO 07-31 17:31:25 [core.py:348] Iteration(95): 1 context requests, 128 context tokens, 50 generation requests, 50 generation tokens, iteration elapsed time: 14.14 ms"
combined,/data/users/chjing/Sweep_LLM_Jobs_broker/jobs/20260731-171536-luqia-vllm-calibration-l40s-neptune-r3/calibration_results/shard_0/full_observability/phase2-full-grid-rerun-20260731-l40s-l40s-tp1-f2520-i128-o32-r50-rep1-seg1-attempt2/combined_server.log,551,07-31 17:31:25,iteration,,"[0;36m(EngineCore_DP0 pid=2667193)[0;0m INFO 07-31 17:31:25 [core.py:348] Iteration(96): 2 context requests, 256 context tokens, 48 generation requests, 48 generation tokens, iteration elapsed time: 19.45 ms"
combined,/data/users/chjing/Sweep_LLM_Jobs_broker/jobs/20260731-171536-luqia-vllm-calibration-l40s-neptune-r3/calibration_results/shard_0/full_observability/phase2-full-grid-rerun-20260731-l40s-l40s-tp1-f2520-i128-o32-r50-rep1-seg1-attempt2/combined_server.log,556,07-31 17:31:25,iteration,,"[0;36m(EngineCore_DP0 pid=2667193)[0;0m INFO 07-31 17:31:25 [core.py:348] Iteration(97): 1 context requests, 128 context tokens, 49 generation requests, 49 generation tokens, iteration elapsed time: 13.73 ms"
combined,/data/users/chjing/Sweep_LLM_Jobs_broker/jobs/20260731-171536-luqia-vllm-calibration-l40s-neptune-r3/calibration_results/shard_0/full_observability/phase2-full-grid-rerun-20260731-l40s-l40s-tp1-f2520-i128-o32-r50-rep1-seg1-attempt2/combined_server.log,563,07-31 17:31:25,iteration,,"[0;36m(EngineCore_DP0 pid=2667193)[0;0m INFO 07-31 17:31:25 [core.py:348] Iteration(98): 2 context requests, 256 context tokens, 48 generation requests, 48 generation tokens, iteration elapsed time: 19.00 ms"
combined,/data/users/chjing/Sweep_LLM_Jobs_broker/jobs/20260731-171536-luqia-vllm-calibration-l40s-neptune-r3/calibration_results/shard_0/full_observability/phase2-full-grid-rerun-20260731-l40s-l40s-tp1-f2520-i128-o32-r50-rep1-seg1-attempt2/combined_server.log,570,07-31 17:31:25,iteration,,"[0;36m(EngineCore_DP0 pid=2667193)[0;0m INFO 07-31 17:31:25 [core.py:348] Iteration(99): 1 context requests, 128 context tokens, 49 generation requests, 49 generation tokens, iteration elapsed time: 13.76 ms"
combined,/data/users/chjing/Sweep_LLM_Jobs_broker/jobs/20260731-171536-luqia-vllm-calibration-l40s-neptune-r3/calibration_results/shard_0/full_observability/phase2-full-grid-rerun-20260731-l40s-l40s-tp1-f2520-i128-o32-r50-rep1-seg1-attempt2/combined_server.log,576,07-31 17:31:25,iteration,,"[0;36m(EngineCore_DP0 pid=2667193)[0;0m INFO 07-31 17:31:25 [core.py:348] Iteration(100): 2 context requests, 256 context tokens, 49 generation requests, 49 generation tokens, iteration elapsed time: 19.34 ms"
combined,/data/users/chjing/Sweep_LLM_Jobs_broker/jobs/20260731-171536-luqia-vllm-calibration-l40s-neptune-r3/calibration_results/shard_0/full_observability/phase2-full-grid-rerun-20260731-l40s-l40s-tp1-f2520-i128-o32-r50-rep1-seg1-attempt2/combined_server.log,581,07-31 17:31:25,iteration,,"[0;36m(EngineCore_DP0 pid=2667193)[0;0m INFO 07-31 17:31:25 [core.py:348] Iteration(101): 2 context requests, 256 context tokens, 49 generation requests, 49 generation tokens, iteration elapsed time: 19.54 ms"
combined,/data/users/chjing/Sweep_LLM_Jobs_broker/jobs/20260731-171536-luqia-vllm-calibration-l40s-neptune-r3/calibration_results/shard_0/full_observability/phase2-full-grid-rerun-20260731-l40s-l40s-tp1-f2520-i128-o32-r50-rep1-seg1-attempt2/combined_server.log,588,07-31 17:31:25,iteration,,"[0;36m(EngineCore_DP0 pid=2667193)[0;0m INFO 07-31 17:31:25 [core.py:348] Iteration(102): 1 context requests, 128 context tokens, 50 generation requests, 50 generation tokens, iteration elapsed time: 14.00 ms"
combined,/data/users/chjing/Sweep_LLM_Jobs_broker/jobs/20260731-171536-luqia-vllm-calibration-l40s-neptune-r3/calibration_results/shard_0/full_observability/phase2-full-grid-rerun-20260731-l40s-l40s-tp1-f2520-i128-o32-r50-rep1-seg1-attempt2/combined_server.log,592,07-31 17:31:25,iteration,,"[0;36m(EngineCore_DP0 pid=2667193)[0;0m INFO 07-31 17:31:25 [core.py:348] Iteration(103): 2 context requests, 256 context tokens, 49 generation requests, 49 generation tokens, iteration elapsed time: 18.94 ms"
combined,/data/users/chjing/Sweep_LLM_Jobs_broker/jobs/20260731-171536-luqia-vllm-calibration-l40s-neptune-r3/calibration_results/shard_0/full_observability/phase2-full-grid-rerun-20260731-l40s-l40s-tp1-f2520-i128-o32-r50-rep1-seg1-attempt2/combined_server.log,599,07-31 17:31:25,iteration,,"[0;36m(EngineCore_DP0 pid=2667193)[0;0m INFO 07-31 17:31:25 [core.py:348] Iteration(104): 2 context requests, 256 context tokens, 49 generation requests, 49 generation tokens, iteration elapsed time: 20.73 ms"
combined,/data/users/chjing/Sweep_LLM_Jobs_broker/jobs/20260731-171536-luqia-vllm-calibration-l40s-neptune-r3/calibration_results/shard_0/full_observability/phase2-full-grid-rerun-20260731-l40s-l40s-tp1-f2520-i128-o32-r50-rep1-seg1-attempt2/combined_server.log,603,07-31 17:31:25,iteration,,"[0;36m(EngineCore_DP0 pid=2667193)[0;0m INFO 07-31 17:31:25 [core.py:348] Iteration(105): 1 context requests, 128 context tokens, 50 generation requests, 50 generation tokens, iteration elapsed time: 14.06 ms"
combined,/data/users/chjing/Sweep_LLM_Jobs_broker/jobs/20260731-171536-luqia-vllm-calibration-l40s-neptune-r3/calibration_results/shard_0/full_observability/phase2-full-grid-rerun-20260731-l40s-l40s-tp1-f2520-i128-o32-r50-rep1-seg1-attempt2/combined_server.log,610,07-31 17:31:25,iteration,,"[0;36m(EngineCore_DP0 pid=2667193)[0;0m INFO 07-31 17:31:25 [core.py:348] Iteration(106): 2 context requests, 256 context tokens, 49 generation requests, 49 generation tokens, iteration elapsed time: 19.65 ms"
combined,/data/users/chjing/Sweep_LLM_Jobs_broker/jobs/20260731-171536-luqia-vllm-calibration-l40s-neptune-r3/calibration_results/shard_0/full_observability/phase2-full-grid-rerun-20260731-l40s-l40s-tp1-f2520-i128-o32-r50-rep1-seg1-attempt2/combined_server.log,617,07-31 17:31:25,iteration,,"[0;36m(EngineCore_DP0 pid=2667193)[0;0m INFO 07-31 17:31:25 [core.py:348] Iteration(107): 1 context requests, 128 context tokens, 49 generation requests, 49 generation tokens, iteration elapsed time: 13.93 ms"
combined,/data/users/chjing/Sweep_LLM_Jobs_broker/jobs/20260731-171536-luqia-vllm-calibration-l40s-neptune-r3/calibration_results/shard_0/full_observability/phase2-full-grid-rerun-20260731-l40s-l40s-tp1-f2520-i128-o32-r50-rep1-seg1-attempt2/combined_server.log,621,07-31 17:31:25,iteration,,"[0;36m(EngineCore_DP0 pid=2667193)[0;0m INFO 07-31 17:31:25 [core.py:348] Iteration(108): 2 context requests, 256 context tokens, 49 generation requests, 49 generation tokens, iteration elapsed time: 19.56 ms"
combined,/data/users/chjing/Sweep_LLM_Jobs_broker/jobs/20260731-171536-luqia-vllm-calibration-l40s-neptune-r3/calibration_results/shard_0/full_observability/phase2-full-grid-rerun-20260731-l40s-l40s-tp1-f2520-i128-o32-r50-rep1-seg1-attempt2/combined_server.log,627,07-31 17:31:25,iteration,,"[0;36m(EngineCore_DP0 pid=2667193)[0;0m INFO 07-31 17:31:25 [core.py:348] Iteration(109): 2 context requests, 256 context tokens, 49 generation requests, 49 generation tokens, iteration elapsed time: 19.73 ms"
combined,/data/users/chjing/Sweep_LLM_Jobs_broker/jobs/20260731-171536-luqia-vllm-calibration-l40s-neptune-r3/calibration_results/shard_0/full_observability/phase2-full-grid-rerun-20260731-l40s-l40s-tp1-f2520-i128-o32-r50-rep1-seg1-attempt2/combined_server.log,632,07-31 17:31:25,iteration,,"[0;36m(EngineCore_DP0 pid=2667193)[0;0m INFO 07-31 17:31:25 [core.py:348] Iteration(110): 1 context requests, 128 context tokens, 50 generation requests, 50 generation tokens, iteration elapsed time: 22.38 ms"
combined,/data/users/chjing/Sweep_LLM_Jobs_broker/jobs/20260731-171536-luqia-vllm-calibration-l40s-neptune-r3/calibration_results/shard_0/full_observability/phase2-full-grid-rerun-20260731-l40s-l40s-tp1-f2520-i128-o32-r50-rep1-seg1-attempt2/combined_server.log,639,07-31 17:31:25,iteration,,"[0;36m(EngineCore_DP0 pid=2667193)[0;0m INFO 07-31 17:31:25 [core.py:348] Iteration(111): 1 context requests, 128 context tokens, 49 generation requests, 49 generation tokens, iteration elapsed time: 13.65 ms"
combined,/data/users/chjing/Sweep_LLM_Jobs_broker/jobs/20260731-171536-luqia-vllm-calibration-l40s-neptune-r3/calibration_results/shard_0/full_observability/phase2-full-grid-rerun-20260731-l40s-l40s-tp1-f2520-i128-o32-r50-rep1-seg1-attempt2/combined_server.log,647,07-31 17:31:25,iteration,,"[0;36m(EngineCore_DP0 pid=2667193)[0;0m INFO 07-31 17:31:25 [core.py:348] Iteration(112): 2 context requests, 256 context tokens, 49 generation requests, 49 generation tokens, iteration elapsed time: 19.09 ms"
combined,/data/users/chjing/Sweep_LLM_Jobs_broker/jobs/20260731-171536-luqia-vllm-calibration-l40s-neptune-r3/calibration_results/shard_0/full_observability/phase2-full-grid-rerun-20260731-l40s-l40s-tp1-f2520-i128-o32-r50-rep1-seg1-attempt2/combined_server.log,651,07-31 17:31:25,iteration,,"[0;36m(EngineCore_DP0 pid=2667193)[0;0m INFO 07-31 17:31:25 [core.py:348] Iteration(113): 2 context requests, 256 context tokens, 49 generation requests, 49 generation tokens, iteration elapsed time: 20.31 ms"
combined,/data/users/chjing/Sweep_LLM_Jobs_broker/jobs/20260731-171536-luqia-vllm-calibration-l40s-neptune-r3/calibration_results/shard_0/full_observability/phase2-full-grid-rerun-20260731-l40s-l40s-tp1-f2520-i128-o32-r50-rep1-seg1-attempt2/combined_server.log,658,07-31 17:31:25,iteration,,"[0;36m(EngineCore_DP0 pid=2667193)[0;0m INFO 07-31 17:31:25 [core.py:348] Iteration(114): 2 context requests, 256 context tokens, 50 generation requests, 50 generation tokens, iteration elapsed time: 20.42 ms"
combined,/data/users/chjing/Sweep_LLM_Jobs_broker/jobs/20260731-171536-luqia-vllm-calibration-l40s-neptune-r3/calibration_results/shard_0/full_observability/phase2-full-grid-rerun-20260731-l40s-l40s-tp1-f2520-i128-o32-r50-rep1-seg1-attempt2/combined_server.log,662,07-31 17:31:25,iteration,,"[0;36m(EngineCore_DP0 pid=2667193)[0;0m INFO 07-31 17:31:25 [core.py:348] Iteration(115): 1 context requests, 128 context tokens, 50 generation requests, 50 generation tokens, iteration elapsed time: 13.84 ms"
combined,/data/users/chjing/Sweep_LLM_Jobs_broker/jobs/20260731-171536-luqia-vllm-calibration-l40s-neptune-r3/calibration_results/shard_0/full_observability/phase2-full-grid-rerun-20260731-l40s-l40s-tp1-f2520-i128-o32-r50-rep1-seg1-attempt2/combined_server.log,669,07-31 17:31:25,iteration,,"[0;36m(EngineCore_DP0 pid=2667193)[0;0m INFO 07-31 17:31:25 [core.py:348] Iteration(116): 2 context requests, 256 context tokens, 49 generation requests, 49 generation tokens, iteration elapsed time: 19.94 ms"
combined,/data/users/chjing/Sweep_LLM_Jobs_broker/jobs/20260731-171536-luqia-vllm-calibration-l40s-neptune-r3/calibration_results/shard_0/full_observability/phase2-full-grid-rerun-20260731-l40s-l40s-tp1-f2520-i128-o32-r50-rep1-seg1-attempt2/combined_server.log,673,07-31 17:31:25,iteration,,"[0;36m(EngineCore_DP0 pid=2667193)[0;0m INFO 07-31 17:31:25 [core.py:348] Iteration(117): 1 context requests, 128 context tokens, 50 generation requests, 50 generation tokens, iteration elapsed time: 13.97 ms"
combined,/data/users/chjing/Sweep_LLM_Jobs_broker/jobs/20260731-171536-luqia-vllm-calibration-l40s-neptune-r3/calibration_results/shard_0/full_observability/phase2-full-grid-rerun-20260731-l40s-l40s-tp1-f2520-i128-o32-r50-rep1-seg1-attempt2/combined_server.log,680,07-31 17:31:25,iteration,,"[0;36m(EngineCore_DP0 pid=2667193)[0;0m INFO 07-31 17:31:25 [core.py:348] Iteration(118): 2 context requests, 256 context tokens, 49 generation requests, 49 generation tokens, iteration elapsed time: 20.18 ms"
combined,/data/users/chjing/Sweep_LLM_Jobs_broker/jobs/20260731-171536-luqia-vllm-calibration-l40s-neptune-r3/calibration_results/shard_0/full_observability/phase2-full-grid-rerun-20260731-l40s-l40s-tp1-f2520-i128-o32-r50-rep1-seg1-attempt2/combined_server.log,687,07-31 17:31:25,iteration,,"[0;36m(EngineCore_DP0 pid=2667193)[0;0m INFO 07-31 17:31:25 [core.py:348] Iteration(119): 1 context requests, 128 context tokens, 50 generation requests, 50 generation tokens, iteration elapsed time: 13.82 ms"
combined,/data/users/chjing/Sweep_LLM_Jobs_broker/jobs/20260731-171536-luqia-vllm-calibration-l40s-neptune-r3/calibration_results/shard_0/full_observability/phase2-full-grid-rerun-20260731-l40s-l40s-tp1-f2520-i128-o32-r50-rep1-seg1-attempt2/combined_server.log,691,07-31 17:31:26,iteration,,"[0;36m(EngineCore_DP0 pid=2667193)[0;0m INFO 07-31 17:31:26 [core.py:348] Iteration(120): 2 context requests, 256 context tokens, 48 generation requests, 48 generation tokens, iteration elapsed time: 19.35 ms"
combined,/data/users/chjing/Sweep_LLM_Jobs_broker/jobs/20260731-171536-luqia-vllm-calibration-l40s-neptune-r3/calibration_results/shard_0/full_observability/phase2-full-grid-rerun-20260731-l40s-l40s-tp1-f2520-i128-o32-r50-rep1-seg1-attempt2/combined_server.log,698,07-31 17:31:26,iteration,,"[0;36m(EngineCore_DP0 pid=2667193)[0;0m INFO 07-31 17:31:26 [core.py:348] Iteration(121): 2 context requests, 256 context tokens, 49 generation requests, 49 generation tokens, iteration elapsed time: 20.36 ms"
combined,/data/users/chjing/Sweep_LLM_Jobs_broker/jobs/20260731-171536-luqia-vllm-calibration-l40s-neptune-r3/calibration_results/shard_0/full_observability/phase2-full-grid-rerun-20260731-l40s-l40s-tp1-f2520-i128-o32-r50-rep1-seg1-attempt2/combined_server.log,702,07-31 17:31:26,iteration,,"[0;36m(EngineCore_DP0 pid=2667193)[0;0m INFO 07-31 17:31:26 [core.py:348] Iteration(122): 1 context requests, 128 context tokens, 49 generation requests, 49 generation tokens, iteration elapsed time: 13.71 ms"
combined,/data/users/chjing/Sweep_LLM_Jobs_broker/jobs/20260731-171536-luqia-vllm-calibration-l40s-neptune-r3/calibration_results/shard_0/full_observability/phase2-full-grid-rerun-20260731-l40s-l40s-tp1-f2520-i128-o32-r50-rep1-seg1-attempt2/combined_server.log,710,07-31 17:31:26,iteration,,"[0;36m(EngineCore_DP0 pid=2667193)[0;0m INFO 07-31 17:31:26 [core.py:348] Iteration(123): 2 context requests, 256 context tokens, 49 generation requests, 49 generation tokens, iteration elapsed time: 19.85 ms"
combined,/data/users/chjing/Sweep_LLM_Jobs_broker/jobs/20260731-171536-luqia-vllm-calibration-l40s-neptune-r3/calibration_results/shard_0/full_observability/phase2-full-grid-rerun-20260731-l40s-l40s-tp1-f2520-i128-o32-r50-rep1-seg1-attempt2/combined_server.log,716,07-31 17:31:26,iteration,,"[0;36m(EngineCore_DP0 pid=2667193)[0;0m INFO 07-31 17:31:26 [core.py:348] Iteration(124): 1 context requests, 128 context tokens, 49 generation requests, 49 generation tokens, iteration elapsed time: 13.52 ms"
combined,/data/users/chjing/Sweep_LLM_Jobs_broker/jobs/20260731-171536-luqia-vllm-calibration-l40s-neptune-r3/calibration_results/shard_0/full_observability/phase2-full-grid-rerun-20260731-l40s-l40s-tp1-f2520-i128-o32-r50-rep1-seg1-attempt2/combined_server.log,723,07-31 17:31:26,iteration,,"[0;36m(EngineCore_DP0 pid=2667193)[0;0m INFO 07-31 17:31:26 [core.py:348] Iteration(125): 2 context requests, 256 context tokens, 49 generation requests, 49 generation tokens, iteration elapsed time: 19.84 ms"
combined,/data/users/chjing/Sweep_LLM_Jobs_broker/jobs/20260731-171536-luqia-vllm-calibration-l40s-neptune-r3/calibration_results/shard_0/full_observability/phase2-full-grid-rerun-20260731-l40s-l40s-tp1-f2520-i128-o32-r50-rep1-seg1-attempt2/combined_server.log,727,07-31 17:31:26,iteration,,"[0;36m(EngineCore_DP0 pid=2667193)[0;0m INFO 07-31 17:31:26 [core.py:348] Iteration(126): 2 context requests, 256 context tokens, 49 generation requests, 49 generation tokens, iteration elapsed time: 19.78 ms"
combined,/data/users/chjing/Sweep_LLM_Jobs_broker/jobs/20260731-171536-luqia-vllm-calibration-l40s-neptune-r3/calibration_results/shard_0/full_observability/phase2-full-grid-rerun-20260731-l40s-l40s-tp1-f2520-i128-o32-r50-rep1-seg1-attempt2/combined_server.log,735,07-31 17:31:26,iteration,,"[0;36m(EngineCore_DP0 pid=2667193)[0;0m INFO 07-31 17:31:26 [core.py:348] Iteration(127): 2 context requests, 256 context tokens, 50 generation requests, 50 generation tokens, iteration elapsed time: 28.76 ms"
combined,/data/users/chjing/Sweep_LLM_Jobs_broker/jobs/20260731-171536-luqia-vllm-calibration-l40s-neptune-r3/calibration_results/shard_0/full_observability/phase2-full-grid-rerun-20260731-l40s-l40s-tp1-f2520-i128-o32-r50-rep1-seg1-attempt2/combined_server.log,739,07-31 17:31:26,iteration,,"[0;36m(EngineCore_DP0 pid=2667193)[0;0m INFO 07-31 17:31:26 [core.py:348] Iteration(128): 1 context requests, 128 context tokens, 50 generation requests, 50 generation tokens, iteration elapsed time: 14.10 ms"
combined,/data/users/chjing/Sweep_LLM_Jobs_broker/jobs/20260731-171536-luqia-vllm-calibration-l40s-neptune-r3/calibration_results/shard_0/full_observability/phase2-full-grid-rerun-20260731-l40s-l40s-tp1-f2520-i128-o32-r50-rep1-seg1-attempt2/combined_server.log,746,07-31 17:31:26,iteration,,"[0;36m(EngineCore_DP0 pid=2667193)[0;0m INFO 07-31 17:31:26 [core.py:348] Iteration(129): 2 context requests, 256 context tokens, 50 generation requests, 50 generation tokens, iteration elapsed time: 20.22 ms"
combined,/data/users/chjing/Sweep_LLM_Jobs_broker/jobs/20260731-171536-luqia-vllm-calibration-l40s-neptune-r3/calibration_results/shard_0/full_observability/phase2-full-grid-rerun-20260731-l40s-l40s-tp1-f2520-i128-o32-r50-rep1-seg1-attempt2/combined_server.log,750,07-31 17:31:26,iteration,,"[0;36m(EngineCore_DP0 pid=2667193)[0;0m INFO 07-31 17:31:26 [core.py:348] Iteration(130): 1 context requests, 128 context tokens, 50 generation requests, 50 generation tokens, iteration elapsed time: 13.51 ms"
combined,/data/users/chjing/Sweep_LLM_Jobs_broker/jobs/20260731-171536-luqia-vllm-calibration-l40s-neptune-r3/calibration_results/shard_0/full_observability/phase2-full-grid-rerun-20260731-l40s-l40s-tp1-f2520-i128-o32-r50-rep1-seg1-attempt2/combined_server.log,757,07-31 17:31:26,iteration,,"[0;36m(EngineCore_DP0 pid=2667193)[0;0m INFO 07-31 17:31:26 [core.py:348] Iteration(131): 2 context requests, 256 context tokens, 50 generation requests, 50 generation tokens, iteration elapsed time: 19.91 ms"
combined,/data/users/chjing/Sweep_LLM_Jobs_broker/jobs/20260731-171536-luqia-vllm-calibration-l40s-neptune-r3/calibration_results/shard_0/full_observability/phase2-full-grid-rerun-20260731-l40s-l40s-tp1-f2520-i128-o32-r50-rep1-seg1-attempt2/combined_server.log,761,07-31 17:31:26,iteration,,"[0;36m(EngineCore_DP0 pid=2667193)[0;0m INFO 07-31 17:31:26 [core.py:348] Iteration(132): 1 context requests, 128 context tokens, 50 generation requests, 50 generation tokens, iteration elapsed time: 17.55 ms"
combined,/data/users/chjing/Sweep_LLM_Jobs_broker/jobs/20260731-171536-luqia-vllm-calibration-l40s-neptune-r3/calibration_results/shard_0/full_observability/phase2-full-grid-rerun-20260731-l40s-l40s-tp1-f2520-i128-o32-r50-rep1-seg1-attempt2/combined_server.log,768,07-31 17:31:26,iteration,,"[0;36m(EngineCore_DP0 pid=2667193)[0;0m INFO 07-31 17:31:26 [core.py:348] Iteration(133): 2 context requests, 256 context tokens, 49 generation requests, 49 generation tokens, iteration elapsed time: 20.20 ms"
combined,/data/users/chjing/Sweep_LLM_Jobs_broker/jobs/20260731-171536-luqia-vllm-calibration-l40s-neptune-r3/calibration_results/shard_0/full_observability/phase2-full-grid-rerun-20260731-l40s-l40s-tp1-f2520-i128-o32-r50-rep1-seg1-attempt2/combined_server.log,775,07-31 17:31:26,iteration,,"[0;36m(EngineCore_DP0 pid=2667193)[0;0m INFO 07-31 17:31:26 [core.py:348] Iteration(134): 1 context requests, 128 context tokens, 50 generation requests, 50 generation tokens, iteration elapsed time: 13.29 ms"
combined,/data/users/chjing/Sweep_LLM_Jobs_broker/jobs/20260731-171536-luqia-vllm-calibration-l40s-neptune-r3/calibration_results/shard_0/full_observability/phase2-full-grid-rerun-20260731-l40s-l40s-tp1-f2520-i128-o32-r50-rep1-seg1-attempt2/combined_server.log,779,07-31 17:31:26,iteration,,"[0;36m(EngineCore_DP0 pid=2667193)[0;0m INFO 07-31 17:31:26 [core.py:348] Iteration(135): 2 context requests, 256 context tokens, 49 generation requests, 49 generation tokens, iteration elapsed time: 19.98 ms"
combined,/data/users/chjing/Sweep_LLM_Jobs_broker/jobs/20260731-171536-luqia-vllm-calibration-l40s-neptune-r3/calibration_results/shard_0/full_observability/phase2-full-grid-rerun-20260731-l40s-l40s-tp1-f2520-i128-o32-r50-rep1-seg1-attempt2/combined_server.log,786,07-31 17:31:26,iteration,,"[0;36m(EngineCore_DP0 pid=2667193)[0;0m INFO 07-31 17:31:26 [core.py:348] Iteration(136): 2 context requests, 256 context tokens, 49 generation requests, 49 generation tokens, iteration elapsed time: 20.76 ms"
combined,/data/users/chjing/Sweep_LLM_Jobs_broker/jobs/20260731-171536-luqia-vllm-calibration-l40s-neptune-r3/calibration_results/shard_0/full_observability/phase2-full-grid-rerun-20260731-l40s-l40s-tp1-f2520-i128-o32-r50-rep1-seg1-attempt2/combined_server.log,790,07-31 17:31:26,iteration,,"[0;36m(EngineCore_DP0 pid=2667193)[0;0m INFO 07-31 17:31:26 [core.py:348] Iteration(137): 1 context requests, 128 context tokens, 50 generation requests, 50 generation tokens, iteration elapsed time: 14.23 ms"
combined,/data/users/chjing/Sweep_LLM_Jobs_broker/jobs/20260731-171536-luqia-vllm-calibration-l40s-neptune-r3/calibration_results/shard_0/full_observability/phase2-full-grid-rerun-20260731-l40s-l40s-tp1-f2520-i128-o32-r50-rep1-seg1-attempt2/combined_server.log,797,07-31 17:31:26,iteration,,"[0;36m(EngineCore_DP0 pid=2667193)[0;0m INFO 07-31 17:31:26 [core.py:348] Iteration(138): 2 context requests, 256 context tokens, 49 generation requests, 49 generation tokens, iteration elapsed time: 20.47 ms"
combined,/data/users/chjing/Sweep_LLM_Jobs_broker/jobs/20260731-171536-luqia-vllm-calibration-l40s-neptune-r3/calibration_results/shard_0/full_observability/phase2-full-grid-rerun-20260731-l40s-l40s-tp1-f2520-i128-o32-r50-rep1-seg1-attempt2/combined_server.log,804,07-31 17:31:26,iteration,,"[0;36m(EngineCore_DP0 pid=2667193)[0;0m INFO 07-31 17:31:26 [core.py:348] Iteration(139): 1 context requests, 128 context tokens, 50 generation requests, 50 generation tokens, iteration elapsed time: 14.14 ms"
combined,/data/users/chjing/Sweep_LLM_Jobs_broker/jobs/20260731-171536-luqia-vllm-calibration-l40s-neptune-r3/calibration_results/shard_0/full_observability/phase2-full-grid-rerun-20260731-l40s-l40s-tp1-f2520-i128-o32-r50-rep1-seg1-attempt2/combined_server.log,808,07-31 17:31:26,iteration,,"[0;36m(EngineCore_DP0 pid=2667193)[0;0m INFO 07-31 17:31:26 [core.py:348] Iteration(140): 2 context requests, 256 context tokens, 49 generation requests, 49 generation tokens, iteration elapsed time: 19.34 ms"
combined,/data/users/chjing/Sweep_LLM_Jobs_broker/jobs/20260731-171536-luqia-vllm-calibration-l40s-neptune-r3/calibration_results/shard_0/full_observability/phase2-full-grid-rerun-20260731-l40s-l40s-tp1-f2520-i128-o32-r50-rep1-seg1-attempt2/combined_server.log,815,07-31 17:31:26,iteration,,"[0;36m(EngineCore_DP0 pid=2667193)[0;0m INFO 07-31 17:31:26 [core.py:348] Iteration(141): 2 context requests, 256 context tokens, 49 generation requests, 49 generation tokens, iteration elapsed time: 20.18 ms"
combined,/data/users/chjing/Sweep_LLM_Jobs_broker/jobs/20260731-171536-luqia-vllm-calibration-l40s-neptune-r3/calibration_results/shard_0/full_observability/phase2-full-grid-rerun-20260731-l40s-l40s-tp1-f2520-i128-o32-r50-rep1-seg1-attempt2/combined_server.log,819,07-31 17:31:26,iteration,,"[0;36m(EngineCore_DP0 pid=2667193)[0;0m INFO 07-31 17:31:26 [core.py:348] Iteration(142): 1 context requests, 128 context tokens, 50 generation requests, 50 generation tokens, iteration elapsed time: 13.02 ms"
combined,/data/users/chjing/Sweep_LLM_Jobs_broker/jobs/20260731-171536-luqia-vllm-calibration-l40s-neptune-r3/calibration_results/shard_0/full_observability/phase2-full-grid-rerun-20260731-l40s-l40s-tp1-f2520-i128-o32-r50-rep1-seg1-attempt2/combined_server.log,830,07-31 17:31:26,iteration,,"[0;36m(EngineCore_DP0 pid=2667193)[0;0m INFO 07-31 17:31:26 [core.py:348] Iteration(143): 2 context requests, 256 context tokens, 50 generation requests, 50 generation tokens, iteration elapsed time: 20.10 ms"
combined,/data/users/chjing/Sweep_LLM_Jobs_broker/jobs/20260731-171536-luqia-vllm-calibration-l40s-neptune-r3/calibration_results/shard_0/full_observability/phase2-full-grid-rerun-20260731-l40s-l40s-tp1-f2520-i128-o32-r50-rep1-seg1-attempt2/combined_server.log,831,07-31 17:31:26,iteration,,"[0;36m(EngineCore_DP0 pid=2667193)[0;0m INFO 07-31 17:31:26 [core.py:348] Iteration(144): 1 context requests, 128 context tokens, 50 generation requests, 50 generation tokens, iteration elapsed time: 13.35 ms"
combined,/data/users/chjing/Sweep_LLM_Jobs_broker/jobs/20260731-171536-luqia-vllm-calibration-l40s-neptune-r3/calibration_results/shard_0/full_observability/phase2-full-grid-rerun-20260731-l40s-l40s-tp1-f2520-i128-o32-r50-rep1-seg1-attempt2/combined_server.log,841,07-31 17:31:26,iteration,,"[0;36m(EngineCore_DP0 pid=2667193)[0;0m INFO 07-31 17:31:26 [core.py:348] Iteration(145): 3 context requests, 384 context tokens, 49 generation requests, 49 generation tokens, iteration elapsed time: 33.18 ms"
combined,/data/users/chjing/Sweep_LLM_Jobs_broker/jobs/20260731-171536-luqia-vllm-calibration-l40s-neptune-r3/calibration_results/shard_0/full_observability/phase2-full-grid-rerun-20260731-l40s-l40s-tp1-f2520-i128-o32-r50-rep1-seg1-attempt2/combined_server.log,845,07-31 17:31:26,iteration,,"[0;36m(EngineCore_DP0 pid=2667193)[0;0m INFO 07-31 17:31:26 [core.py:348] Iteration(146): 0 context requests, 0 context tokens, 50 generation requests, 50 generation tokens, iteration elapsed time: 11.75 ms"
combined,/data/users/chjing/Sweep_LLM_Jobs_broker/jobs/20260731-171536-luqia-vllm-calibration-l40s-neptune-r3/calibration_results/shard_0/full_observability/phase2-full-grid-rerun-20260731-l40s-l40s-tp1-f2520-i128-o32-r50-rep1-seg1-attempt2/combined_server.log,853,07-31 17:31:26,iteration,,"[0;36m(EngineCore_DP0 pid=2667193)[0;0m INFO 07-31 17:31:26 [core.py:348] Iteration(147): 3 context requests, 384 context tokens, 49 generation requests, 49 generation tokens, iteration elapsed time: 26.51 ms"
combined,/data/users/chjing/Sweep_LLM_Jobs_broker/jobs/20260731-171536-luqia-vllm-calibration-l40s-neptune-r3/calibration_results/shard_0/full_observability/phase2-full-grid-rerun-20260731-l40s-l40s-tp1-f2520-i128-o32-r50-rep1-seg1-attempt2/combined_server.log,856,07-31 17:31:26,iteration,,"[0;36m(EngineCore_DP0 pid=2667193)[0;0m INFO 07-31 17:31:26 [core.py:348] Iteration(148): 1 context requests, 128 context tokens, 50 generation requests, 50 generation tokens, iteration elapsed time: 13.43 ms"
combined,/data/users/chjing/Sweep_LLM_Jobs_broker/jobs/20260731-171536-luqia-vllm-calibration-l40s-neptune-r3/calibration_results/shard_0/full_observability/phase2-full-grid-rerun-20260731-l40s-l40s-tp1-f2520-i128-o32-r50-rep1-seg1-attempt2/combined_server.log,863,07-31 17:31:26,iteration,,"[0;36m(EngineCore_DP0 pid=2667193)[0;0m INFO 07-31 17:31:26 [core.py:348] Iteration(149): 2 context requests, 256 context tokens, 50 generation requests, 50 generation tokens, iteration elapsed time: 20.02 ms"
combined,/data/users/chjing/Sweep_LLM_Jobs_broker/jobs/20260731-171536-luqia-vllm-calibration-l40s-neptune-r3/calibration_results/shard_0/full_observability/phase2-full-grid-rerun-20260731-l40s-l40s-tp1-f2520-i128-o32-r50-rep1-seg1-attempt2/combined_server.log,870,07-31 17:31:26,iteration,,"[0;36m(EngineCore_DP0 pid=2667193)[0;0m INFO 07-31 17:31:26 [core.py:348] Iteration(150): 1 context requests, 128 context tokens, 50 generation requests, 50 generation tokens, iteration elapsed time: 13.81 ms"
combined,/data/users/chjing/Sweep_LLM_Jobs_broker/jobs/20260731-171536-luqia-vllm-calibration-l40s-neptune-r3/calibration_results/shard_0/full_observability/phase2-full-grid-rerun-20260731-l40s-l40s-tp1-f2520-i128-o32-r50-rep1-seg1-attempt2/combined_server.log,877,07-31 17:31:27,iteration,,"[0;36m(EngineCore_DP0 pid=2667193)[0;0m INFO 07-31 17:31:27 [core.py:348] Iteration(151): 2 context requests, 256 context tokens, 50 generation requests, 50 generation tokens, iteration elapsed time: 19.83 ms"
combined,/data/users/chjing/Sweep_LLM_Jobs_broker/jobs/20260731-171536-luqia-vllm-calibration-l40s-neptune-r3/calibration_results/shard_0/full_observability/phase2-full-grid-rerun-20260731-l40s-l40s-tp1-f2520-i128-o32-r50-rep1-seg1-attempt2/combined_server.log,881,07-31 17:31:27,iteration,,"[0;36m(EngineCore_DP0 pid=2667193)[0;0m INFO 07-31 17:31:27 [core.py:348] Iteration(152): 2 context requests, 256 context tokens, 50 generation requests, 50 generation tokens, iteration elapsed time: 20.47 ms"
combined,/data/users/chjing/Sweep_LLM_Jobs_broker/jobs/20260731-171536-luqia-vllm-calibration-l40s-neptune-r3/calibration_results/shard_0/full_observability/phase2-full-grid-rerun-20260731-l40s-l40s-tp1-f2520-i128-o32-r50-rep1-seg1-attempt2/combined_server.log,885,07-31 17:31:27,iteration,,"[0;36m(EngineCore_DP0 pid=2667193)[0;0m INFO 07-31 17:31:27 [core.py:348] Iteration(153): 2 context requests, 256 context tokens, 50 generation requests, 50 generation tokens, iteration elapsed time: 20.51 ms"
combined,/data/users/chjing/Sweep_LLM_Jobs_broker/jobs/20260731-171536-luqia-vllm-calibration-l40s-neptune-r3/calibration_results/shard_0/full_observability/phase2-full-grid-rerun-20260731-l40s-l40s-tp1-f2520-i128-o32-r50-rep1-seg1-attempt2/combined_server.log,892,07-31 17:31:27,iteration,,"[0;36m(EngineCore_DP0 pid=2667193)[0;0m INFO 07-31 17:31:27 [core.py:348] Iteration(154): 1 context requests, 128 context tokens, 51 generation requests, 51 generation tokens, iteration elapsed time: 14.17 ms"
combined,/data/users/chjing/Sweep_LLM_Jobs_broker/jobs/20260731-171536-luqia-vllm-calibration-l40s-neptune-r3/calibration_results/shard_0/full_observability/phase2-full-grid-rerun-20260731-l40s-l40s-tp1-f2520-i128-o32-r50-rep1-seg1-attempt2/combined_server.log,899,07-31 17:31:27,iteration,,"[0;36m(EngineCore_DP0 pid=2667193)[0;0m INFO 07-31 17:31:27 [core.py:348] Iteration(155): 1 context requests, 128 context tokens, 50 generation requests, 50 generation tokens, iteration elapsed time: 13.69 ms"
combined,/data/users/chjing/Sweep_LLM_Jobs_broker/jobs/20260731-171536-luqia-vllm-calibration-l40s-neptune-r3/calibration_results/shard_0/full_observability/phase2-full-grid-rerun-20260731-l40s-l40s-tp1-f2520-i128-o32-r50-rep1-seg1-attempt2/combined_server.log,906,07-31 17:31:27,iteration,,"[0;36m(EngineCore_DP0 pid=2667193)[0;0m INFO 07-31 17:31:27 [core.py:348] Iteration(156): 2 context requests, 256 context tokens, 50 generation requests, 50 generation tokens, iteration elapsed time: 19.94 ms"
combined,/data/users/chjing/Sweep_LLM_Jobs_broker/jobs/20260731-171536-luqia-vllm-calibration-l40s-neptune-r3/calibration_results/shard_0/full_observability/phase2-full-grid-rerun-20260731-l40s-l40s-tp1-f2520-i128-o32-r50-rep1-seg1-attempt2/combined_server.log,910,07-31 17:31:27,iteration,,"[0;36m(EngineCore_DP0 pid=2667193)[0;0m INFO 07-31 17:31:27 [core.py:348] Iteration(157): 2 context requests, 256 context tokens, 50 generation requests, 50 generation tokens, iteration elapsed time: 18.66 ms"
combined,/data/users/chjing/Sweep_LLM_Jobs_broker/jobs/20260731-171536-luqia-vllm-calibration-l40s-neptune-r3/calibration_results/shard_0/full_observability/phase2-full-grid-rerun-20260731-l40s-l40s-tp1-f2520-i128-o32-r50-rep1-seg1-attempt2/combined_server.log,914,07-31 17:31:27,iteration,,"[0;36m(EngineCore_DP0 pid=2667193)[0;0m INFO 07-31 17:31:27 [core.py:348] Iteration(158): 2 context requests, 256 context tokens, 50 generation requests, 50 generation tokens, iteration elapsed time: 20.73 ms"
combined,/data/users/chjing/Sweep_LLM_Jobs_broker/jobs/20260731-171536-luqia-vllm-calibration-l40s-neptune-r3/calibration_results/shard_0/full_observability/phase2-full-grid-rerun-20260731-l40s-l40s-tp1-f2520-i128-o32-r50-rep1-seg1-attempt2/combined_server.log,922,07-31 17:31:27,iteration,,"[0;36m(EngineCore_DP0 pid=2667193)[0;0m INFO 07-31 17:31:27 [core.py:348] Iteration(159): 1 context requests, 128 context tokens, 50 generation requests, 50 generation tokens, iteration elapsed time: 14.23 ms"
combined,/data/users/chjing/Sweep_LLM_Jobs_broker/jobs/20260731-171536-luqia-vllm-calibration-l40s-neptune-r3/calibration_results/shard_0/full_observability/phase2-full-grid-rerun-20260731-l40s-l40s-tp1-f2520-i128-o32-r50-rep1-seg1-attempt2/combined_server.log,929,07-31 17:31:27,iteration,,"[0;36m(EngineCore_DP0 pid=2667193)[0;0m INFO 07-31 17:31:27 [core.py:348] Iteration(160): 1 context requests, 128 context tokens, 50 generation requests, 50 generation tokens, iteration elapsed time: 13.62 ms"
combined,/data/users/chjing/Sweep_LLM_Jobs_broker/jobs/20260731-171536-luqia-vllm-calibration-l40s-neptune-r3/calibration_results/shard_0/full_observability/phase2-full-grid-rerun-20260731-l40s-l40s-tp1-f2520-i128-o32-r50-rep1-seg1-attempt2/combined_server.log,933,07-31 17:31:27,iteration,,"[0;36m(EngineCore_DP0 pid=2667193)[0;0m INFO 07-31 17:31:27 [core.py:348] Iteration(161): 2 context requests, 256 context tokens, 49 generation requests, 49 generation tokens, iteration elapsed time: 19.21 ms"
combined,/data/users/chjing/Sweep_LLM_Jobs_broker/jobs/20260731-171536-luqia-vllm-calibration-l40s-neptune-r3/calibration_results/shard_0/full_observability/phase2-full-grid-rerun-20260731-l40s-l40s-tp1-f2520-i128-o32-r50-rep1-seg1-attempt2/combined_server.log,940,07-31 17:31:27,iteration,,"[0;36m(EngineCore_DP0 pid=2667193)[0;0m INFO 07-31 17:31:27 [core.py:348] Iteration(162): 2 context requests, 256 context tokens, 50 generation requests, 50 generation tokens, iteration elapsed time: 20.34 ms"
combined,/data/users/chjing/Sweep_LLM_Jobs_broker/jobs/20260731-171536-luqia-vllm-calibration-l40s-neptune-r3/calibration_results/shard_0/full_observability/phase2-full-grid-rerun-20260731-l40s-l40s-tp1-f2520-i128-o32-r50-rep1-seg1-attempt2/combined_server.log,947,07-31 17:31:27,iteration,,"[0;36m(EngineCore_DP0 pid=2667193)[0;0m INFO 07-31 17:31:27 [core.py:348] Iteration(163): 1 context requests, 128 context tokens, 50 generation requests, 50 generation tokens, iteration elapsed time: 13.20 ms"
combined,/data/users/chjing/Sweep_LLM_Jobs_broker/jobs/20260731-171536-luqia-vllm-calibration-l40s-neptune-r3/calibration_results/shard_0/full_observability/phase2-full-grid-rerun-20260731-l40s-l40s-tp1-f2520-i128-o32-r50-rep1-seg1-attempt2/combined_server.log,952,07-31 17:31:27,iteration,,"[0;36m(EngineCore_DP0 pid=2667193)[0;0m INFO 07-31 17:31:27 [core.py:348] Iteration(164): 2 context requests, 256 context tokens, 50 generation requests, 50 generation tokens, iteration elapsed time: 19.75 ms"
combined,/data/users/chjing/Sweep_LLM_Jobs_broker/jobs/20260731-171536-luqia-vllm-calibration-l40s-neptune-r3/calibration_results/shard_0/full_observability/phase2-full-grid-rerun-20260731-l40s-l40s-tp1-f2520-i128-o32-r50-rep1-seg1-attempt2/combined_server.log,958,07-31 17:31:27,iteration,,"[0;36m(EngineCore_DP0 pid=2667193)[0;0m INFO 07-31 17:31:27 [core.py:348] Iteration(165): 2 context requests, 256 context tokens, 50 generation requests, 50 generation tokens, iteration elapsed time: 20.15 ms"
combined,/data/users/chjing/Sweep_LLM_Jobs_broker/jobs/20260731-171536-luqia-vllm-calibration-l40s-neptune-r3/calibration_results/shard_0/full_observability/phase2-full-grid-rerun-20260731-l40s-l40s-tp1-f2520-i128-o32-r50-rep1-seg1-attempt2/combined_server.log,962,07-31 17:31:27,iteration,,"[0;36m(EngineCore_DP0 pid=2667193)[0;0m INFO 07-31 17:31:27 [core.py:348] Iteration(166): 1 context requests, 128 context tokens, 51 generation requests, 51 generation tokens, iteration elapsed time: 14.45 ms"
combined,/data/users/chjing/Sweep_LLM_Jobs_broker/jobs/20260731-171536-luqia-vllm-calibration-l40s-neptune-r3/calibration_results/shard_0/full_observability/phase2-full-grid-rerun-20260731-l40s-l40s-tp1-f2520-i128-o32-r50-rep1-seg1-attempt2/combined_server.log,969,07-31 17:31:27,iteration,,"[0;36m(EngineCore_DP0 pid=2667193)[0;0m INFO 07-31 17:31:27 [core.py:348] Iteration(167): 2 context requests, 256 context tokens, 50 generation requests, 50 generation tokens, iteration elapsed time: 20.40 ms"
combined,/data/users/chjing/Sweep_LLM_Jobs_broker/jobs/20260731-171536-luqia-vllm-calibration-l40s-neptune-r3/calibration_results/shard_0/full_observability/phase2-full-grid-rerun-20260731-l40s-l40s-tp1-f2520-i128-o32-r50-rep1-seg1-attempt2/combined_server.log,976,07-31 17:31:27,iteration,,"[0;36m(EngineCore_DP0 pid=2667193)[0;0m INFO 07-31 17:31:27 [core.py:348] Iteration(168): 1 context requests, 128 context tokens, 50 generation requests, 50 generation tokens, iteration elapsed time: 14.65 ms"
combined,/data/users/chjing/Sweep_LLM_Jobs_broker/jobs/20260731-171536-luqia-vllm-calibration-l40s-neptune-r3/calibration_results/shard_0/full_observability/phase2-full-grid-rerun-20260731-l40s-l40s-tp1-f2520-i128-o32-r50-rep1-seg1-attempt2/combined_server.log,983,07-31 17:31:27,iteration,,"[0;36m(EngineCore_DP0 pid=2667193)[0;0m INFO 07-31 17:31:27 [core.py:348] Iteration(169): 2 context requests, 256 context tokens, 50 generation requests, 50 generation tokens, iteration elapsed time: 20.22 ms"
combined,/data/users/chjing/Sweep_LLM_Jobs_broker/jobs/20260731-171536-luqia-vllm-calibration-l40s-neptune-r3/calibration_results/shard_0/full_observability/phase2-full-grid-rerun-20260731-l40s-l40s-tp1-f2520-i128-o32-r50-rep1-seg1-attempt2/combined_server.log,987,07-31 17:31:27,iteration,,"[0;36m(EngineCore_DP0 pid=2667193)[0;0m INFO 07-31 17:31:27 [core.py:348] Iteration(170): 2 context requests, 256 context tokens, 50 generation requests, 50 generation tokens, iteration elapsed time: 20.07 ms"
combined,/data/users/chjing/Sweep_LLM_Jobs_broker/jobs/20260731-171536-luqia-vllm-calibration-l40s-neptune-r3/calibration_results/shard_0/full_observability/phase2-full-grid-rerun-20260731-l40s-l40s-tp1-f2520-i128-o32-r50-rep1-seg1-attempt2/combined_server.log,994,07-31 17:31:27,iteration,,"[0;36m(EngineCore_DP0 pid=2667193)[0;0m INFO 07-31 17:31:27 [core.py:348] Iteration(171): 2 context requests, 256 context tokens, 51 generation requests, 51 generation tokens, iteration elapsed time: 21.11 ms"
combined,/data/users/chjing/Sweep_LLM_Jobs_broker/jobs/20260731-171536-luqia-vllm-calibration-l40s-neptune-r3/calibration_results/shard_0/full_observability/phase2-full-grid-rerun-20260731-l40s-l40s-tp1-f2520-i128-o32-r50-rep1-seg1-attempt2/combined_server.log,998,07-31 17:31:27,iteration,,"[0;36m(EngineCore_DP0 pid=2667193)[0;0m INFO 07-31 17:31:27 [core.py:348] Iteration(172): 1 context requests, 128 context tokens, 51 generation requests, 51 generation tokens, iteration elapsed time: 13.34 ms"
combined,/data/users/chjing/Sweep_LLM_Jobs_broker/jobs/20260731-171536-luqia-vllm-calibration-l40s-neptune-r3/calibration_results/shard_0/full_observability/phase2-full-grid-rerun-20260731-l40s-l40s-tp1-f2520-i128-o32-r50-rep1-seg1-attempt2/combined_server.log,1005,07-31 17:31:27,iteration,,"[0;36m(EngineCore_DP0 pid=2667193)[0;0m INFO 07-31 17:31:27 [core.py:348] Iteration(173): 2 context requests, 256 context tokens, 50 generation requests, 50 generation tokens, iteration elapsed time: 20.14 ms"
combined,/data/users/chjing/Sweep_LLM_Jobs_broker/jobs/20260731-171536-luqia-vllm-calibration-l40s-neptune-r3/calibration_results/shard_0/full_observability/phase2-full-grid-rerun-20260731-l40s-l40s-tp1-f2520-i128-o32-r50-rep1-seg1-attempt2/combined_server.log,1008,07-31 17:31:27,iteration,,"[0;36m(EngineCore_DP0 pid=2667193)[0;0m INFO 07-31 17:31:27 [core.py:348] Iteration(174): 1 context requests, 128 context tokens, 51 generation requests, 51 generation tokens, iteration elapsed time: 14.36 ms"
combined,/data/users/chjing/Sweep_LLM_Jobs_broker/jobs/20260731-171536-luqia-vllm-calibration-l40s-neptune-r3/calibration_results/shard_0/full_observability/phase2-full-grid-rerun-20260731-l40s-l40s-tp1-f2520-i128-o32-r50-rep1-seg1-attempt2/combined_server.log,1014,07-31 17:31:27,iteration,,"[0;36m(EngineCore_DP0 pid=2667193)[0;0m INFO 07-31 17:31:27 [core.py:348] Iteration(175): 2 context requests, 256 context tokens, 50 generation requests, 50 generation tokens, iteration elapsed time: 25.80 ms"
combined,/data/users/chjing/Sweep_LLM_Jobs_broker/jobs/20260731-171536-luqia-vllm-calibration-l40s-neptune-r3/calibration_results/shard_0/full_observability/phase2-full-grid-rerun-20260731-l40s-l40s-tp1-f2520-i128-o32-r50-rep1-seg1-attempt2/combined_server.log,1021,07-31 17:31:27,iteration,,"[0;36m(EngineCore_DP0 pid=2667193)[0;0m INFO 07-31 17:31:27 [core.py:348] Iteration(176): 0 context requests, 0 context tokens, 51 generation requests, 51 generation tokens, iteration elapsed time: 10.44 ms"
combined,/data/users/chjing/Sweep_LLM_Jobs_broker/jobs/20260731-171536-luqia-vllm-calibration-l40s-neptune-r3/calibration_results/shard_0/full_observability/phase2-full-grid-rerun-20260731-l40s-l40s-tp1-f2520-i128-o32-r50-rep1-seg1-attempt2/combined_server.log,1028,07-31 17:31:27,iteration,,"[0;36m(EngineCore_DP0 pid=2667193)[0;0m INFO 07-31 17:31:27 [core.py:348] Iteration(177): 2 context requests, 256 context tokens, 48 generation requests, 48 generation tokens, iteration elapsed time: 18.90 ms"
combined,/data/users/chjing/Sweep_LLM_Jobs_broker/jobs/20260731-171536-luqia-vllm-calibration-l40s-neptune-r3/calibration_results/shard_0/full_observability/phase2-full-grid-rerun-20260731-l40s-l40s-tp1-f2520-i128-o32-r50-rep1-seg1-attempt2/combined_server.log,1035,07-31 17:31:27,iteration,,"[0;36m(EngineCore_DP0 pid=2667193)[0;0m INFO 07-31 17:31:27 [core.py:348] Iteration(178): 2 context requests, 256 context tokens, 50 generation requests, 50 generation tokens, iteration elapsed time: 20.00 ms"
combined,/data/users/chjing/Sweep_LLM_Jobs_broker/jobs/20260731-171536-luqia-vllm-calibration-l40s-neptune-r3/calibration_results/shard_0/full_observability/phase2-full-grid-rerun-20260731-l40s-l40s-tp1-f2520-i128-o32-r50-rep1-seg1-attempt2/combined_server.log,1039,07-31 17:31:27,iteration,,"[0;36m(EngineCore_DP0 pid=2667193)[0;0m INFO 07-31 17:31:27 [core.py:348] Iteration(179): 2 context requests, 256 context tokens, 49 generation requests, 49 generation tokens, iteration elapsed time: 20.25 ms"
combined,/data/users/chjing/Sweep_LLM_Jobs_broker/jobs/20260731-171536-luqia-vllm-calibration-l40s-neptune-r3/calibration_results/shard_0/full_observability/phase2-full-grid-rerun-20260731-l40s-l40s-tp1-f2520-i128-o32-r50-rep1-seg1-attempt2/combined_server.log,1046,07-31 17:31:27,iteration,,"[0;36m(EngineCore_DP0 pid=2667193)[0;0m INFO 07-31 17:31:27 [core.py:348] Iteration(180): 2 context requests, 256 context tokens, 50 generation requests, 50 generation tokens, iteration elapsed time: 21.07 ms"
combined,/data/users/chjing/Sweep_LLM_Jobs_broker/jobs/20260731-171536-luqia-vllm-calibration-l40s-neptune-r3/calibration_results/shard_0/full_observability/phase2-full-grid-rerun-20260731-l40s-l40s-tp1-f2520-i128-o32-r50-rep1-seg1-attempt2/combined_server.log,1053,07-31 17:31:27,iteration,,"[0;36m(EngineCore_DP0 pid=2667193)[0;0m INFO 07-31 17:31:27 [core.py:348] Iteration(181): 1 context requests, 128 context tokens, 50 generation requests, 50 generation tokens, iteration elapsed time: 14.00 ms"
combined,/data/users/chjing/Sweep_LLM_Jobs_broker/jobs/20260731-171536-luqia-vllm-calibration-l40s-neptune-r3/calibration_results/shard_0/full_observability/phase2-full-grid-rerun-20260731-l40s-l40s-tp1-f2520-i128-o32-r50-rep1-seg1-attempt2/combined_server.log,1060,07-31 17:31:28,iteration,,"[0;36m(EngineCore_DP0 pid=2667193)[0;0m INFO 07-31 17:31:28 [core.py:348] Iteration(182): 2 context requests, 256 context tokens, 50 generation requests, 50 generation tokens, iteration elapsed time: 19.77 ms"
combined,/data/users/chjing/Sweep_LLM_Jobs_broker/jobs/20260731-171536-luqia-vllm-calibration-l40s-neptune-r3/calibration_results/shard_0/full_observability/phase2-full-grid-rerun-20260731-l40s-l40s-tp1-f2520-i128-o32-r50-rep1-seg1-attempt2/combined_server.log,1064,07-31 17:31:28,iteration,,"[0;36m(EngineCore_DP0 pid=2667193)[0;0m INFO 07-31 17:31:28 [core.py:348] Iteration(183): 2 context requests, 256 context tokens, 50 generation requests, 50 generation tokens, iteration elapsed time: 20.35 ms"
combined,/data/users/chjing/Sweep_LLM_Jobs_broker/jobs/20260731-171536-luqia-vllm-calibration-l40s-neptune-r3/calibration_results/shard_0/full_observability/phase2-full-grid-rerun-20260731-l40s-l40s-tp1-f2520-i128-o32-r50-rep1-seg1-attempt2/combined_server.log,1068,07-31 17:31:28,iteration,,"[0;36m(EngineCore_DP0 pid=2667193)[0;0m INFO 07-31 17:31:28 [core.py:348] Iteration(184): 2 context requests, 256 context tokens, 50 generation requests, 50 generation tokens, iteration elapsed time: 21.16 ms"
combined,/data/users/chjing/Sweep_LLM_Jobs_broker/jobs/20260731-171536-luqia-vllm-calibration-l40s-neptune-r3/calibration_results/shard_0/full_observability/phase2-full-grid-rerun-20260731-l40s-l40s-tp1-f2520-i128-o32-r50-rep1-seg1-attempt2/combined_server.log,1075,07-31 17:31:28,iteration,,"[0;36m(EngineCore_DP0 pid=2667193)[0;0m INFO 07-31 17:31:28 [core.py:348] Iteration(185): 1 context requests, 128 context tokens, 50 generation requests, 50 generation tokens, iteration elapsed time: 13.75 ms"
combined,/data/users/chjing/Sweep_LLM_Jobs_broker/jobs/20260731-171536-luqia-vllm-calibration-l40s-neptune-r3/calibration_results/shard_0/full_observability/phase2-full-grid-rerun-20260731-l40s-l40s-tp1-f2520-i128-o32-r50-rep1-seg1-attempt2/combined_server.log,1082,07-31 17:31:28,iteration,,"[0;36m(EngineCore_DP0 pid=2667193)[0;0m INFO 07-31 17:31:28 [core.py:348] Iteration(186): 1 context requests, 128 context tokens, 50 generation requests, 50 generation tokens, iteration elapsed time: 13.77 ms"
combined,/data/users/chjing/Sweep_LLM_Jobs_broker/jobs/20260731-171536-luqia-vllm-calibration-l40s-neptune-r3/calibration_results/shard_0/full_observability/phase2-full-grid-rerun-20260731-l40s-l40s-tp1-f2520-i128-o32-r50-rep1-seg1-attempt2/combined_server.log,1086,07-31 17:31:28,iteration,,"[0;36m(EngineCore_DP0 pid=2667193)[0;0m INFO 07-31 17:31:28 [core.py:348] Iteration(187): 2 context requests, 256 context tokens, 50 generation requests, 50 generation tokens, iteration elapsed time: 19.00 ms"
combined,/data/users/chjing/Sweep_LLM_Jobs_broker/jobs/20260731-171536-luqia-vllm-calibration-l40s-neptune-r3/calibration_results/shard_0/full_observability/phase2-full-grid-rerun-20260731-l40s-l40s-tp1-f2520-i128-o32-r50-rep1-seg1-attempt2/combined_server.log,1093,07-31 17:31:28,iteration,,"[0;36m(EngineCore_DP0 pid=2667193)[0;0m INFO 07-31 17:31:28 [core.py:348] Iteration(188): 2 context requests, 256 context tokens, 50 generation requests, 50 generation tokens, iteration elapsed time: 20.25 ms"
combined,/data/users/chjing/Sweep_LLM_Jobs_broker/jobs/20260731-171536-luqia-vllm-calibration-l40s-neptune-r3/calibration_results/shard_0/full_observability/phase2-full-grid-rerun-20260731-l40s-l40s-tp1-f2520-i128-o32-r50-rep1-seg1-attempt2/combined_server.log,1097,07-31 17:31:28,iteration,,"[0;36m(EngineCore_DP0 pid=2667193)[0;0m INFO 07-31 17:31:28 [core.py:348] Iteration(189): 1 context requests, 128 context tokens, 50 generation requests, 50 generation tokens, iteration elapsed time: 13.69 ms"
combined,/data/users/chjing/Sweep_LLM_Jobs_broker/jobs/20260731-171536-luqia-vllm-calibration-l40s-neptune-r3/calibration_results/shard_0/full_observability/phase2-full-grid-rerun-20260731-l40s-l40s-tp1-f2520-i128-o32-r50-rep1-seg1-attempt2/combined_server.log,1105,07-31 17:31:28,iteration,,"[0;36m(EngineCore_DP0 pid=2667193)[0;0m INFO 07-31 17:31:28 [core.py:348] Iteration(190): 2 context requests, 256 context tokens, 49 generation requests, 49 generation tokens, iteration elapsed time: 19.94 ms"
combined,/data/users/chjing/Sweep_LLM_Jobs_broker/jobs/20260731-171536-luqia-vllm-calibration-l40s-neptune-r3/calibration_results/shard_0/full_observability/phase2-full-grid-rerun-20260731-l40s-l40s-tp1-f2520-i128-o32-r50-rep1-seg1-attempt2/combined_server.log,1112,07-31 17:31:28,iteration,,"[0;36m(EngineCore_DP0 pid=2667193)[0;0m INFO 07-31 17:31:28 [core.py:348] Iteration(191): 1 context requests, 128 context tokens, 50 generation requests, 50 generation tokens, iteration elapsed time: 13.44 ms"
combined,/data/users/chjing/Sweep_LLM_Jobs_broker/jobs/20260731-171536-luqia-vllm-calibration-l40s-neptune-r3/calibration_results/shard_0/full_observability/phase2-full-grid-rerun-20260731-l40s-l40s-tp1-f2520-i128-o32-r50-rep1-seg1-attempt2/combined_server.log,1116,07-31 17:31:28,iteration,,"[0;36m(EngineCore_DP0 pid=2667193)[0;0m INFO 07-31 17:31:28 [core.py:348] Iteration(192): 2 context requests, 256 context tokens, 50 generation requests, 50 generation tokens, iteration elapsed time: 19.92 ms"
combined,/data/users/chjing/Sweep_LLM_Jobs_broker/jobs/20260731-171536-luqia-vllm-calibration-l40s-neptune-r3/calibration_results/shard_0/full_observability/phase2-full-grid-rerun-20260731-l40s-l40s-tp1-f2520-i128-o32-r50-rep1-seg1-attempt2/combined_server.log,1124,07-31 17:31:28,iteration,,"[0;36m(EngineCore_DP0 pid=2667193)[0;0m INFO 07-31 17:31:28 [core.py:348] Iteration(193): 2 context requests, 256 context tokens, 50 generation requests, 50 generation tokens, iteration elapsed time: 20.43 ms"
combined,/data/users/chjing/Sweep_LLM_Jobs_broker/jobs/20260731-171536-luqia-vllm-calibration-l40s-neptune-r3/calibration_results/shard_0/full_observability/phase2-full-grid-rerun-20260731-l40s-l40s-tp1-f2520-i128-o32-r50-rep1-seg1-attempt2/combined_server.log,1127,07-31 17:31:28,iteration,,"[0;36m(EngineCore_DP0 pid=2667193)[0;0m INFO 07-31 17:31:28 [core.py:348] Iteration(194): 1 context requests, 128 context tokens, 50 generation requests, 50 generation tokens, iteration elapsed time: 12.70 ms"
combined,/data/users/chjing/Sweep_LLM_Jobs_broker/jobs/20260731-171536-luqia-vllm-calibration-l40s-neptune-r3/calibration_results/shard_0/full_observability/phase2-full-grid-rerun-20260731-l40s-l40s-tp1-f2520-i128-o32-r50-rep1-seg1-attempt2/combined_server.log,1137,07-31 17:31:28,iteration,,"[0;36m(EngineCore_DP0 pid=2667193)[0;0m INFO 07-31 17:31:28 [core.py:348] Iteration(195): 2 context requests, 256 context tokens, 50 generation requests, 50 generation tokens, iteration elapsed time: 19.45 ms"
combined,/data/users/chjing/Sweep_LLM_Jobs_broker/jobs/20260731-171536-luqia-vllm-calibration-l40s-neptune-r3/calibration_results/shard_0/full_observability/phase2-full-grid-rerun-20260731-l40s-l40s-tp1-f2520-i128-o32-r50-rep1-seg1-attempt2/combined_server.log,1141,07-31 17:31:28,iteration,,"[0;36m(EngineCore_DP0 pid=2667193)[0;0m INFO 07-31 17:31:28 [core.py:348] Iteration(196): 1 context requests, 128 context tokens, 50 generation requests, 50 generation tokens, iteration elapsed time: 13.31 ms"
combined,/data/users/chjing/Sweep_LLM_Jobs_broker/jobs/20260731-171536-luqia-vllm-calibration-l40s-neptune-r3/calibration_results/shard_0/full_observability/phase2-full-grid-rerun-20260731-l40s-l40s-tp1-f2520-i128-o32-r50-rep1-seg1-attempt2/combined_server.log,1145,07-31 17:31:28,iteration,,"[0;36m(EngineCore_DP0 pid=2667193)[0;0m INFO 07-31 17:31:28 [core.py:348] Iteration(197): 3 context requests, 384 context tokens, 49 generation requests, 49 generation tokens, iteration elapsed time: 27.16 ms"
combined,/data/users/chjing/Sweep_LLM_Jobs_broker/jobs/20260731-171536-luqia-vllm-calibration-l40s-neptune-r3/calibration_results/shard_0/full_observability/phase2-full-grid-rerun-20260731-l40s-l40s-tp1-f2520-i128-o32-r50-rep1-seg1-attempt2/combined_server.log,1152,07-31 17:31:28,iteration,,"[0;36m(EngineCore_DP0 pid=2667193)[0;0m INFO 07-31 17:31:28 [core.py:348] Iteration(198): 1 context requests, 128 context tokens, 51 generation requests, 51 generation tokens, iteration elapsed time: 14.43 ms"
combined,/data/users/chjing/Sweep_LLM_Jobs_broker/jobs/20260731-171536-luqia-vllm-calibration-l40s-neptune-r3/calibration_results/shard_0/full_observability/phase2-full-grid-rerun-20260731-l40s-l40s-tp1-f2520-i128-o32-r50-rep1-seg1-attempt2/combined_server.log,1159,07-31 17:31:28,iteration,,"[0;36m(EngineCore_DP0 pid=2667193)[0;0m INFO 07-31 17:31:28 [core.py:348] Iteration(199): 1 context requests, 128 context tokens, 50 generation requests, 50 generation tokens, iteration elapsed time: 13.93 ms"
combined,/data/users/chjing/Sweep_LLM_Jobs_broker/jobs/20260731-171536-luqia-vllm-calibration-l40s-neptune-r3/calibration_results/shard_0/full_observability/phase2-full-grid-rerun-20260731-l40s-l40s-tp1-f2520-i128-o32-r50-rep1-seg1-attempt2/combined_server.log,1163,07-31 17:31:28,iteration,,"[0;36m(EngineCore_DP0 pid=2667193)[0;0m INFO 07-31 17:31:28 [core.py:348] Iteration(200): 2 context requests, 256 context tokens, 50 generation requests, 50 generation tokens, iteration elapsed time: 19.16 ms"
combined,/data/users/chjing/Sweep_LLM_Jobs_broker/jobs/20260731-171536-luqia-vllm-calibration-l40s-neptune-r3/calibration_results/shard_0/full_observability/phase2-full-grid-rerun-20260731-l40s-l40s-tp1-f2520-i128-o32-r50-rep1-seg1-attempt2/combined_server.log,1170,07-31 17:31:28,iteration,,"[0;36m(EngineCore_DP0 pid=2667193)[0;0m INFO 07-31 17:31:28 [core.py:348] Iteration(201): 2 context requests, 256 context tokens, 50 generation requests, 50 generation tokens, iteration elapsed time: 20.51 ms"
combined,/data/users/chjing/Sweep_LLM_Jobs_broker/jobs/20260731-171536-luqia-vllm-calibration-l40s-neptune-r3/calibration_results/shard_0/full_observability/phase2-full-grid-rerun-20260731-l40s-l40s-tp1-f2520-i128-o32-r50-rep1-seg1-attempt2/combined_server.log,1174,07-31 17:31:28,iteration,,"[0;36m(EngineCore_DP0 pid=2667193)[0;0m INFO 07-31 17:31:28 [core.py:348] Iteration(202): 1 context requests, 128 context tokens, 50 generation requests, 50 generation tokens, iteration elapsed time: 13.36 ms"
combined,/data/users/chjing/Sweep_LLM_Jobs_broker/jobs/20260731-171536-luqia-vllm-calibration-l40s-neptune-r3/calibration_results/shard_0/full_observability/phase2-full-grid-rerun-20260731-l40s-l40s-tp1-f2520-i128-o32-r50-rep1-seg1-attempt2/combined_server.log,1181,07-31 17:31:28,iteration,,"[0;36m(EngineCore_DP0 pid=2667193)[0;0m INFO 07-31 17:31:28 [core.py:348] Iteration(203): 2 context requests, 256 context tokens, 49 generation requests, 49 generation tokens, iteration elapsed time: 20.22 ms"
combined,/data/users/chjing/Sweep_LLM_Jobs_broker/jobs/20260731-171536-luqia-vllm-calibration-l40s-neptune-r3/calibration_results/shard_0/full_observability/phase2-full-grid-rerun-20260731-l40s-l40s-tp1-f2520-i128-o32-r50-rep1-seg1-attempt2/combined_server.log,1188,07-31 17:31:28,iteration,,"[0;36m(EngineCore_DP0 pid=2667193)[0;0m INFO 07-31 17:31:28 [core.py:348] Iteration(204): 1 context requests, 128 context tokens, 50 generation requests, 50 generation tokens, iteration elapsed time: 8.81 ms"
combined,/data/users/chjing/Sweep_LLM_Jobs_broker/jobs/20260731-171536-luqia-vllm-calibration-l40s-neptune-r3/calibration_results/shard_0/full_observability/phase2-full-grid-rerun-20260731-l40s-l40s-tp1-f2520-i128-o32-r50-rep1-seg1-attempt2/combined_server.log,1193,07-31 17:31:28,iteration,,"[0;36m(EngineCore_DP0 pid=2667193)[0;0m INFO 07-31 17:31:28 [core.py:348] Iteration(205): 2 context requests, 256 context tokens, 49 generation requests, 49 generation tokens, iteration elapsed time: 19.10 ms"
combined,/data/users/chjing/Sweep_LLM_Jobs_broker/jobs/20260731-171536-luqia-vllm-calibration-l40s-neptune-r3/calibration_results/shard_0/full_observability/phase2-full-grid-rerun-20260731-l40s-l40s-tp1-f2520-i128-o32-r50-rep1-seg1-attempt2/combined_server.log,1200,07-31 17:31:28,iteration,,"[0;36m(EngineCore_DP0 pid=2667193)[0;0m INFO 07-31 17:31:28 [core.py:348] Iteration(206): 2 context requests, 256 context tokens, 50 generation requests, 50 generation tokens, iteration elapsed time: 20.16 ms"
combined,/data/users/chjing/Sweep_LLM_Jobs_broker/jobs/20260731-171536-luqia-vllm-calibration-l40s-neptune-r3/calibration_results/shard_0/full_observability/phase2-full-grid-rerun-20260731-l40s-l40s-tp1-f2520-i128-o32-r50-rep1-seg1-attempt2/combined_server.log,1204,07-31 17:31:28,iteration,,"[0;36m(EngineCore_DP0 pid=2667193)[0;0m INFO 07-31 17:31:28 [core.py:348] Iteration(207): 1 context requests, 128 context tokens, 50 generation requests, 50 generation tokens, iteration elapsed time: 12.52 ms"
combined,/data/users/chjing/Sweep_LLM_Jobs_broker/jobs/20260731-171536-luqia-vllm-calibration-l40s-neptune-r3/calibration_results/shard_0/full_observability/phase2-full-grid-rerun-20260731-l40s-l40s-tp1-f2520-i128-o32-r50-rep1-seg1-attempt2/combined_server.log,1213,07-31 17:31:28,iteration,,"[0;36m(EngineCore_DP0 pid=2667193)[0;0m INFO 07-31 17:31:28 [core.py:348] Iteration(208): 2 context requests, 256 context tokens, 51 generation requests, 51 generation tokens, iteration elapsed time: 20.65 ms"
combined,/data/users/chjing/Sweep_LLM_Jobs_broker/jobs/20260731-171536-luqia-vllm-calibration-l40s-neptune-r3/calibration_results/shard_0/full_observability/phase2-full-grid-rerun-20260731-l40s-l40s-tp1-f2520-i128-o32-r50-rep1-seg1-attempt2/combined_server.log,1215,07-31 17:31:28,iteration,,"[0;36m(EngineCore_DP0 pid=2667193)[0;0m INFO 07-31 17:31:28 [core.py:348] Iteration(209): 1 context requests, 128 context tokens, 51 generation requests, 51 generation tokens, iteration elapsed time: 12.60 ms"
combined,/data/users/chjing/Sweep_LLM_Jobs_broker/jobs/20260731-171536-luqia-vllm-calibration-l40s-neptune-r3/calibration_results/shard_0/full_observability/phase2-full-grid-rerun-20260731-l40s-l40s-tp1-f2520-i128-o32-r50-rep1-seg1-attempt2/combined_server.log,1222,07-31 17:31:28,iteration,,"[0;36m(EngineCore_DP0 pid=2667193)[0;0m INFO 07-31 17:31:28 [core.py:348] Iteration(210): 2 context requests, 256 context tokens, 50 generation requests, 50 generation tokens, iteration elapsed time: 19.82 ms"
combined,/data/users/chjing/Sweep_LLM_Jobs_broker/jobs/20260731-171536-luqia-vllm-calibration-l40s-neptune-r3/calibration_results/shard_0/full_observability/phase2-full-grid-rerun-20260731-l40s-l40s-tp1-f2520-i128-o32-r50-rep1-seg1-attempt2/combined_server.log,1229,07-31 17:31:28,iteration,,"[0;36m(EngineCore_DP0 pid=2667193)[0;0m INFO 07-31 17:31:28 [core.py:348] Iteration(211): 1 context requests, 128 context tokens, 50 generation requests, 50 generation tokens, iteration elapsed time: 13.73 ms"
combined,/data/users/chjing/Sweep_LLM_Jobs_broker/jobs/20260731-171536-luqia-vllm-calibration-l40s-neptune-r3/calibration_results/shard_0/full_observability/phase2-full-grid-rerun-20260731-l40s-l40s-tp1-f2520-i128-o32-r50-rep1-seg1-attempt2/combined_server.log,1233,07-31 17:31:28,iteration,,"[0;36m(EngineCore_DP0 pid=2667193)[0;0m INFO 07-31 17:31:28 [core.py:348] Iteration(212): 2 context requests, 256 context tokens, 49 generation requests, 49 generation tokens, iteration elapsed time: 19.24 ms"
combined,/data/users/chjing/Sweep_LLM_Jobs_broker/jobs/20260731-171536-luqia-vllm-calibration-l40s-neptune-r3/calibration_results/shard_0/full_observability/phase2-full-grid-rerun-20260731-l40s-l40s-tp1-f2520-i128-o32-r50-rep1-seg1-attempt2/combined_server.log,1240,07-31 17:31:28,iteration,,"[0;36m(EngineCore_DP0 pid=2667193)[0;0m INFO 07-31 17:31:28 [core.py:348] Iteration(213): 2 context requests, 256 context tokens, 50 generation requests, 50 generation tokens, iteration elapsed time: 20.63 ms"
combined,/data/users/chjing/Sweep_LLM_Jobs_broker/jobs/20260731-171536-luqia-vllm-calibration-l40s-neptune-r3/calibration_results/shard_0/full_observability/phase2-full-grid-rerun-20260731-l40s-l40s-tp1-f2520-i128-o32-r50-rep1-seg1-attempt2/combined_server.log,1247,07-31 17:31:29,iteration,,"[0;36m(EngineCore_DP0 pid=2667193)[0;0m INFO 07-31 17:31:29 [core.py:348] Iteration(214): 1 context requests, 128 context tokens, 50 generation requests, 50 generation tokens, iteration elapsed time: 12.66 ms"
combined,/data/users/chjing/Sweep_LLM_Jobs_broker/jobs/20260731-171536-luqia-vllm-calibration-l40s-neptune-r3/calibration_results/shard_0/full_observability/phase2-full-grid-rerun-20260731-l40s-l40s-tp1-f2520-i128-o32-r50-rep1-seg1-attempt2/combined_server.log,1251,07-31 17:31:29,iteration,,"[0;36m(EngineCore_DP0 pid=2667193)[0;0m INFO 07-31 17:31:29 [core.py:348] Iteration(215): 2 context requests, 256 context tokens, 49 generation requests, 49 generation tokens, iteration elapsed time: 19.48 ms"
combined,/data/users/chjing/Sweep_LLM_Jobs_broker/jobs/20260731-171536-luqia-vllm-calibration-l40s-neptune-r3/calibration_results/shard_0/full_observability/phase2-full-grid-rerun-20260731-l40s-l40s-tp1-f2520-i128-o32-r50-rep1-seg1-attempt2/combined_server.log,1258,07-31 17:31:29,iteration,,"[0;36m(EngineCore_DP0 pid=2667193)[0;0m INFO 07-31 17:31:29 [core.py:348] Iteration(216): 2 context requests, 256 context tokens, 49 generation requests, 49 generation tokens, iteration elapsed time: 20.29 ms"
combined,/data/users/chjing/Sweep_LLM_Jobs_broker/jobs/20260731-171536-luqia-vllm-calibration-l40s-neptune-r3/calibration_results/shard_0/full_observability/phase2-full-grid-rerun-20260731-l40s-l40s-tp1-f2520-i128-o32-r50-rep1-seg1-attempt2/combined_server.log,1262,07-31 17:31:29,iteration,,"[0;36m(EngineCore_DP0 pid=2667193)[0;0m INFO 07-31 17:31:29 [core.py:348] Iteration(217): 1 context requests, 128 context tokens, 50 generation requests, 50 generation tokens, iteration elapsed time: 13.67 ms"
combined,/data/users/chjing/Sweep_LLM_Jobs_broker/jobs/20260731-171536-luqia-vllm-calibration-l40s-neptune-r3/calibration_results/shard_0/full_observability/phase2-full-grid-rerun-20260731-l40s-l40s-tp1-f2520-i128-o32-r50-rep1-seg1-attempt2/combined_server.log,1269,07-31 17:31:29,iteration,,"[0;36m(EngineCore_DP0 pid=2667193)[0;0m INFO 07-31 17:31:29 [core.py:348] Iteration(218): 2 context requests, 256 context tokens, 50 generation requests, 50 generation tokens, iteration elapsed time: 20.03 ms"
combined,/data/users/chjing/Sweep_LLM_Jobs_broker/jobs/20260731-171536-luqia-vllm-calibration-l40s-neptune-r3/calibration_results/shard_0/full_observability/phase2-full-grid-rerun-20260731-l40s-l40s-tp1-f2520-i128-o32-r50-rep1-seg1-attempt2/combined_server.log,1276,07-31 17:31:29,iteration,,"[0;36m(EngineCore_DP0 pid=2667193)[0;0m INFO 07-31 17:31:29 [core.py:348] Iteration(219): 1 context requests, 128 context tokens, 50 generation requests, 50 generation tokens, iteration elapsed time: 12.95 ms"
combined,/data/users/chjing/Sweep_LLM_Jobs_broker/jobs/20260731-171536-luqia-vllm-calibration-l40s-neptune-r3/calibration_results/shard_0/full_observability/phase2-full-grid-rerun-20260731-l40s-l40s-tp1-f2520-i128-o32-r50-rep1-seg1-attempt2/combined_server.log,1280,07-31 17:31:29,iteration,,"[0;36m(EngineCore_DP0 pid=2667193)[0;0m INFO 07-31 17:31:29 [core.py:348] Iteration(220): 2 context requests, 256 context tokens, 49 generation requests, 49 generation tokens, iteration elapsed time: 19.49 ms"
combined,/data/users/chjing/Sweep_LLM_Jobs_broker/jobs/20260731-171536-luqia-vllm-calibration-l40s-neptune-r3/calibration_results/shard_0/full_observability/phase2-full-grid-rerun-20260731-l40s-l40s-tp1-f2520-i128-o32-r50-rep1-seg1-attempt2/combined_server.log,1288,07-31 17:31:29,iteration,,"[0;36m(EngineCore_DP0 pid=2667193)[0;0m INFO 07-31 17:31:29 [core.py:348] Iteration(221): 2 context requests, 256 context tokens, 50 generation requests, 50 generation tokens, iteration elapsed time: 20.79 ms"
combined,/data/users/chjing/Sweep_LLM_Jobs_broker/jobs/20260731-171536-luqia-vllm-calibration-l40s-neptune-r3/calibration_results/shard_0/full_observability/phase2-full-grid-rerun-20260731-l40s-l40s-tp1-f2520-i128-o32-r50-rep1-seg1-attempt2/combined_server.log,1295,07-31 17:31:29,iteration,,"[0;36m(EngineCore_DP0 pid=2667193)[0;0m INFO 07-31 17:31:29 [core.py:348] Iteration(222): 1 context requests, 128 context tokens, 50 generation requests, 50 generation tokens, iteration elapsed time: 13.95 ms"
combined,/data/users/chjing/Sweep_LLM_Jobs_broker/jobs/20260731-171536-luqia-vllm-calibration-l40s-neptune-r3/calibration_results/shard_0/full_observability/phase2-full-grid-rerun-20260731-l40s-l40s-tp1-f2520-i128-o32-r50-rep1-seg1-attempt2/combined_server.log,1296,07-31 17:31:29,iteration,,"[0;36m(EngineCore_DP0 pid=2667193)[0;0m INFO 07-31 17:31:29 [core.py:348] Iteration(223): 2 context requests, 256 context tokens, 50 generation requests, 50 generation tokens, iteration elapsed time: 19.33 ms"
combined,/data/users/chjing/Sweep_LLM_Jobs_broker/jobs/20260731-171536-luqia-vllm-calibration-l40s-neptune-r3/calibration_results/shard_0/full_observability/phase2-full-grid-rerun-20260731-l40s-l40s-tp1-f2520-i128-o32-r50-rep1-seg1-attempt2/combined_server.log,1306,07-31 17:31:29,iteration,,"[0;36m(EngineCore_DP0 pid=2667193)[0;0m INFO 07-31 17:31:29 [core.py:348] Iteration(224): 2 context requests, 256 context tokens, 50 generation requests, 50 generation tokens, iteration elapsed time: 25.99 ms"
combined,/data/users/chjing/Sweep_LLM_Jobs_broker/jobs/20260731-171536-luqia-vllm-calibration-l40s-neptune-r3/calibration_results/shard_0/full_observability/phase2-full-grid-rerun-20260731-l40s-l40s-tp1-f2520-i128-o32-r50-rep1-seg1-attempt2/combined_server.log,1310,07-31 17:31:29,iteration,,"[0;36m(EngineCore_DP0 pid=2667193)[0;0m INFO 07-31 17:31:29 [core.py:348] Iteration(225): 0 context requests, 0 context tokens, 50 generation requests, 50 generation tokens, iteration elapsed time: 10.32 ms"
combined,/data/users/chjing/Sweep_LLM_Jobs_broker/jobs/20260731-171536-luqia-vllm-calibration-l40s-neptune-r3/calibration_results/shard_0/full_observability/phase2-full-grid-rerun-20260731-l40s-l40s-tp1-f2520-i128-o32-r50-rep1-seg1-attempt2/combined_server.log,1317,07-31 17:31:29,iteration,,"[0;36m(EngineCore_DP0 pid=2667193)[0;0m INFO 07-31 17:31:29 [core.py:348] Iteration(226): 3 context requests, 384 context tokens, 49 generation requests, 49 generation tokens, iteration elapsed time: 26.51 ms"
combined,/data/users/chjing/Sweep_LLM_Jobs_broker/jobs/20260731-171536-luqia-vllm-calibration-l40s-neptune-r3/calibration_results/shard_0/full_observability/phase2-full-grid-rerun-20260731-l40s-l40s-tp1-f2520-i128-o32-r50-rep1-seg1-attempt2/combined_server.log,1324,07-31 17:31:29,iteration,,"[0;36m(EngineCore_DP0 pid=2667193)[0;0m INFO 07-31 17:31:29 [core.py:348] Iteration(227): 1 context requests, 128 context tokens, 50 generation requests, 50 generation tokens, iteration elapsed time: 12.99 ms"
combined,/data/users/chjing/Sweep_LLM_Jobs_broker/jobs/20260731-171536-luqia-vllm-calibration-l40s-neptune-r3/calibration_results/shard_0/full_observability/phase2-full-grid-rerun-20260731-l40s-l40s-tp1-f2520-i128-o32-r50-rep1-seg1-attempt2/combined_server.log,1328,07-31 17:31:29,iteration,,"[0;36m(EngineCore_DP0 pid=2667193)[0;0m INFO 07-31 17:31:29 [core.py:348] Iteration(228): 2 context requests, 256 context tokens, 50 generation requests, 50 generation tokens, iteration elapsed time: 20.10 ms"
combined,/data/users/chjing/Sweep_LLM_Jobs_broker/jobs/20260731-171536-luqia-vllm-calibration-l40s-neptune-r3/calibration_results/shard_0/full_observability/phase2-full-grid-rerun-20260731-l40s-l40s-tp1-f2520-i128-o32-r50-rep1-seg1-attempt2/combined_server.log,1335,07-31 17:31:29,iteration,,"[0;36m(EngineCore_DP0 pid=2667193)[0;0m INFO 07-31 17:31:29 [core.py:348] Iteration(229): 2 context requests, 256 context tokens, 49 generation requests, 49 generation tokens, iteration elapsed time: 19.50 ms"
combined,/data/users/chjing/Sweep_LLM_Jobs_broker/jobs/20260731-171536-luqia-vllm-calibration-l40s-neptune-r3/calibration_results/shard_0/full_observability/phase2-full-grid-rerun-20260731-l40s-l40s-tp1-f2520-i128-o32-r50-rep1-seg1-attempt2/combined_server.log,1339,07-31 17:31:29,iteration,,"[0;36m(EngineCore_DP0 pid=2667193)[0;0m INFO 07-31 17:31:29 [core.py:348] Iteration(230): 1 context requests, 128 context tokens, 50 generation requests, 50 generation tokens, iteration elapsed time: 14.08 ms"
combined,/data/users/chjing/Sweep_LLM_Jobs_broker/jobs/20260731-171536-luqia-vllm-calibration-l40s-neptune-r3/calibration_results/shard_0/full_observability/phase2-full-grid-rerun-20260731-l40s-l40s-tp1-f2520-i128-o32-r50-rep1-seg1-attempt2/combined_server.log,1346,07-31 17:31:29,iteration,,"[0;36m(EngineCore_DP0 pid=2667193)[0;0m INFO 07-31 17:31:29 [core.py:348] Iteration(231): 2 context requests, 256 context tokens, 50 generation requests, 50 generation tokens, iteration elapsed time: 20.65 ms"
combined,/data/users/chjing/Sweep_LLM_Jobs_broker/jobs/20260731-171536-luqia-vllm-calibration-l40s-neptune-r3/calibration_results/shard_0/full_observability/phase2-full-grid-rerun-20260731-l40s-l40s-tp1-f2520-i128-o32-r50-rep1-seg1-attempt2/combined_server.log,1353,07-31 17:31:29,iteration,,"[0;36m(EngineCore_DP0 pid=2667193)[0;0m INFO 07-31 17:31:29 [core.py:348] Iteration(232): 1 context requests, 128 context tokens, 50 generation requests, 50 generation tokens, iteration elapsed time: 12.99 ms"
combined,/data/users/chjing/Sweep_LLM_Jobs_broker/jobs/20260731-171536-luqia-vllm-calibration-l40s-neptune-r3/calibration_results/shard_0/full_observability/phase2-full-grid-rerun-20260731-l40s-l40s-tp1-f2520-i128-o32-r50-rep1-seg1-attempt2/combined_server.log,1357,07-31 17:31:29,iteration,,"[0;36m(EngineCore_DP0 pid=2667193)[0;0m INFO 07-31 17:31:29 [core.py:348] Iteration(233): 2 context requests, 256 context tokens, 49 generation requests, 49 generation tokens, iteration elapsed time: 19.85 ms"
combined,/data/users/chjing/Sweep_LLM_Jobs_broker/jobs/20260731-171536-luqia-vllm-calibration-l40s-neptune-r3/calibration_results/shard_0/full_observability/phase2-full-grid-rerun-20260731-l40s-l40s-tp1-f2520-i128-o32-r50-rep1-seg1-attempt2/combined_server.log,1367,07-31 17:31:29,iteration,,"[0;36m(EngineCore_DP0 pid=2667193)[0;0m INFO 07-31 17:31:29 [core.py:348] Iteration(234): 2 context requests, 256 context tokens, 50 generation requests, 50 generation tokens, iteration elapsed time: 20.76 ms"
combined,/data/users/chjing/Sweep_LLM_Jobs_broker/jobs/20260731-171536-luqia-vllm-calibration-l40s-neptune-r3/calibration_results/shard_0/full_observability/phase2-full-grid-rerun-20260731-l40s-l40s-tp1-f2520-i128-o32-r50-rep1-seg1-attempt2/combined_server.log,1371,07-31 17:31:29,iteration,,"[0;36m(EngineCore_DP0 pid=2667193)[0;0m INFO 07-31 17:31:29 [core.py:348] Iteration(235): 1 context requests, 128 context tokens, 50 generation requests, 50 generation tokens, iteration elapsed time: 13.37 ms"
combined,/data/users/chjing/Sweep_LLM_Jobs_broker/jobs/20260731-171536-luqia-vllm-calibration-l40s-neptune-r3/calibration_results/shard_0/full_observability/phase2-full-grid-rerun-20260731-l40s-l40s-tp1-f2520-i128-o32-r50-rep1-seg1-attempt2/combined_server.log,1379,07-31 17:31:29,iteration,,"[0;36m(EngineCore_DP0 pid=2667193)[0;0m INFO 07-31 17:31:29 [core.py:348] Iteration(236): 3 context requests, 384 context tokens, 50 generation requests, 50 generation tokens, iteration elapsed time: 27.40 ms"
combined,/data/users/chjing/Sweep_LLM_Jobs_broker/jobs/20260731-171536-luqia-vllm-calibration-l40s-neptune-r3/calibration_results/shard_0/full_observability/phase2-full-grid-rerun-20260731-l40s-l40s-tp1-f2520-i128-o32-r50-rep1-seg1-attempt2/combined_server.log,1383,07-31 17:31:29,iteration,,"[0;36m(EngineCore_DP0 pid=2667193)[0;0m INFO 07-31 17:31:29 [core.py:348] Iteration(237): 1 context requests, 128 context tokens, 51 generation requests, 51 generation tokens, iteration elapsed time: 14.51 ms"
combined,/data/users/chjing/Sweep_LLM_Jobs_broker/jobs/20260731-171536-luqia-vllm-calibration-l40s-neptune-r3/calibration_results/shard_0/full_observability/phase2-full-grid-rerun-20260731-l40s-l40s-tp1-f2520-i128-o32-r50-rep1-seg1-attempt2/combined_server.log,1387,07-31 17:31:29,iteration,,"[0;36m(EngineCore_DP0 pid=2667193)[0;0m INFO 07-31 17:31:29 [core.py:348] Iteration(238): 2 context requests, 256 context tokens, 50 generation requests, 50 generation tokens, iteration elapsed time: 20.21 ms"
combined,/data/users/chjing/Sweep_LLM_Jobs_broker/jobs/20260731-171536-luqia-vllm-calibration-l40s-neptune-r3/calibration_results/shard_0/full_observability/phase2-full-grid-rerun-20260731-l40s-l40s-tp1-f2520-i128-o32-r50-rep1-seg1-attempt2/combined_server.log,1394,07-31 17:31:29,iteration,,"[0;36m(EngineCore_DP0 pid=2667193)[0;0m INFO 07-31 17:31:29 [core.py:348] Iteration(239): 1 context requests, 128 context tokens, 51 generation requests, 51 generation tokens, iteration elapsed time: 14.06 ms"
combined,/data/users/chjing/Sweep_LLM_Jobs_broker/jobs/20260731-171536-luqia-vllm-calibration-l40s-neptune-r3/calibration_results/shard_0/full_observability/phase2-full-grid-rerun-20260731-l40s-l40s-tp1-f2520-i128-o32-r50-rep1-seg1-attempt2/combined_server.log,1401,07-31 17:31:29,iteration,,"[0;36m(EngineCore_DP0 pid=2667193)[0;0m INFO 07-31 17:31:29 [core.py:348] Iteration(240): 1 context requests, 128 context tokens, 50 generation requests, 50 generation tokens, iteration elapsed time: 13.08 ms"
combined,/data/users/chjing/Sweep_LLM_Jobs_broker/jobs/20260731-171536-luqia-vllm-calibration-l40s-neptune-r3/calibration_results/shard_0/full_observability/phase2-full-grid-rerun-20260731-l40s-l40s-tp1-f2520-i128-o32-r50-rep1-seg1-attempt2/combined_server.log,1405,07-31 17:31:29,iteration,,"[0;36m(EngineCore_DP0 pid=2667193)[0;0m INFO 07-31 17:31:29 [core.py:348] Iteration(241): 2 context requests, 256 context tokens, 50 generation requests, 50 generation tokens, iteration elapsed time: 19.65 ms"
combined,/data/users/chjing/Sweep_LLM_Jobs_broker/jobs/20260731-171536-luqia-vllm-calibration-l40s-neptune-r3/calibration_results/shard_0/full_observability/phase2-full-grid-rerun-20260731-l40s-l40s-tp1-f2520-i128-o32-r50-rep1-seg1-attempt2/combined_server.log,1412,07-31 17:31:29,iteration,,"[0;36m(EngineCore_DP0 pid=2667193)[0;0m INFO 07-31 17:31:29 [core.py:348] Iteration(242): 2 context requests, 256 context tokens, 50 generation requests, 50 generation tokens, iteration elapsed time: 24.02 ms"
combined,/data/users/chjing/Sweep_LLM_Jobs_broker/jobs/20260731-171536-luqia-vllm-calibration-l40s-neptune-r3/calibration_results/shard_0/full_observability/phase2-full-grid-rerun-20260731-l40s-l40s-tp1-f2520-i128-o32-r50-rep1-seg1-attempt2/combined_server.log,1416,07-31 17:31:29,iteration,,"[0;36m(EngineCore_DP0 pid=2667193)[0;0m INFO 07-31 17:31:29 [core.py:348] Iteration(243): 1 context requests, 128 context tokens, 51 generation requests, 51 generation tokens, iteration elapsed time: 14.37 ms"
combined,/data/users/chjing/Sweep_LLM_Jobs_broker/jobs/20260731-171536-luqia-vllm-calibration-l40s-neptune-r3/calibration_results/shard_0/full_observability/phase2-full-grid-rerun-20260731-l40s-l40s-tp1-f2520-i128-o32-r50-rep1-seg1-attempt2/combined_server.log,1423,07-31 17:31:30,iteration,,"[0;36m(EngineCore_DP0 pid=2667193)[0;0m INFO 07-31 17:31:30 [core.py:348] Iteration(244): 2 context requests, 256 context tokens, 50 generation requests, 50 generation tokens, iteration elapsed time: 20.02 ms"
combined,/data/users/chjing/Sweep_LLM_Jobs_broker/jobs/20260731-171536-luqia-vllm-calibration-l40s-neptune-r3/calibration_results/shard_0/full_observability/phase2-full-grid-rerun-20260731-l40s-l40s-tp1-f2520-i128-o32-r50-rep1-seg1-attempt2/combined_server.log,1430,07-31 17:31:30,iteration,,"[0;36m(EngineCore_DP0 pid=2667193)[0;0m INFO 07-31 17:31:30 [core.py:348] Iteration(245): 1 context requests, 128 context tokens, 50 generation requests, 50 generation tokens, iteration elapsed time: 13.90 ms"
combined,/data/users/chjing/Sweep_LLM_Jobs_broker/jobs/20260731-171536-luqia-vllm-calibration-l40s-neptune-r3/calibration_results/shard_0/full_observability/phase2-full-grid-rerun-20260731-l40s-l40s-tp1-f2520-i128-o32-r50-rep1-seg1-attempt2/combined_server.log,1434,07-31 17:31:30,iteration,,"[0;36m(EngineCore_DP0 pid=2667193)[0;0m INFO 07-31 17:31:30 [core.py:348] Iteration(246): 2 context requests, 256 context tokens, 50 generation requests, 50 generation tokens, iteration elapsed time: 19.97 ms"
combined,/data/users/chjing/Sweep_LLM_Jobs_broker/jobs/20260731-171536-luqia-vllm-calibration-l40s-neptune-r3/calibration_results/shard_0/full_observability/phase2-full-grid-rerun-20260731-l40s-l40s-tp1-f2520-i128-o32-r50-rep1-seg1-attempt2/combined_server.log,1441,07-31 17:31:30,iteration,,"[0;36m(EngineCore_DP0 pid=2667193)[0;0m INFO 07-31 17:31:30 [core.py:348] Iteration(247): 2 context requests, 256 context tokens, 50 generation requests, 50 generation tokens, iteration elapsed time: 21.09 ms"
combined,/data/users/chjing/Sweep_LLM_Jobs_broker/jobs/20260731-171536-luqia-vllm-calibration-l40s-neptune-r3/calibration_results/shard_0/full_observability/phase2-full-grid-rerun-20260731-l40s-l40s-tp1-f2520-i128-o32-r50-rep1-seg1-attempt2/combined_server.log,1442,07-31 17:31:30,iteration,,"[0;36m(EngineCore_DP0 pid=2667193)[0;0m INFO 07-31 17:31:30 [core.py:348] Iteration(248): 1 context requests, 128 context tokens, 50 generation requests, 50 generation tokens, iteration elapsed time: 12.19 ms"
combined,/data/users/chjing/Sweep_LLM_Jobs_broker/jobs/20260731-171536-luqia-vllm-calibration-l40s-neptune-r3/calibration_results/shard_0/full_observability/phase2-full-grid-rerun-20260731-l40s-l40s-tp1-f2520-i128-o32-r50-rep1-seg1-attempt2/combined_server.log,1449,07-31 17:31:30,iteration,,"[0;36m(EngineCore_DP0 pid=2667193)[0;0m INFO 07-31 17:31:30 [core.py:348] Iteration(249): 2 context requests, 256 context tokens, 50 generation requests, 50 generation tokens, iteration elapsed time: 26.39 ms"
combined,/data/users/chjing/Sweep_LLM_Jobs_broker/jobs/20260731-171536-luqia-vllm-calibration-l40s-neptune-r3/calibration_results/shard_0/full_observability/phase2-full-grid-rerun-20260731-l40s-l40s-tp1-f2520-i128-o32-r50-rep1-seg1-attempt2/combined_server.log,1459,07-31 17:31:30,iteration,,"[0;36m(EngineCore_DP0 pid=2667193)[0;0m INFO 07-31 17:31:30 [core.py:348] Iteration(250): 0 context requests, 0 context tokens, 50 generation requests, 50 generation tokens, iteration elapsed time: 6.58 ms"
combined,/data/users/chjing/Sweep_LLM_Jobs_broker/jobs/20260731-171536-luqia-vllm-calibration-l40s-neptune-r3/calibration_results/shard_0/full_observability/phase2-full-grid-rerun-20260731-l40s-l40s-tp1-f2520-i128-o32-r50-rep1-seg1-attempt2/combined_server.log,1460,07-31 17:31:30,iteration,,"[0;36m(EngineCore_DP0 pid=2667193)[0;0m INFO 07-31 17:31:30 [core.py:348] Iteration(251): 2 context requests, 256 context tokens, 49 generation requests, 49 generation tokens, iteration elapsed time: 23.15 ms"
combined,/data/users/chjing/Sweep_LLM_Jobs_broker/jobs/20260731-171536-luqia-vllm-calibration-l40s-neptune-r3/calibration_results/shard_0/full_observability/phase2-full-grid-rerun-20260731-l40s-l40s-tp1-f2520-i128-o32-r50-rep1-seg1-attempt2/combined_server.log,1471,07-31 17:31:30,iteration,,"[0;36m(EngineCore_DP0 pid=2667193)[0;0m INFO 07-31 17:31:30 [core.py:348] Iteration(252): 3 context requests, 384 context tokens, 49 generation requests, 49 generation tokens, iteration elapsed time: 33.60 ms"
combined,/data/users/chjing/Sweep_LLM_Jobs_broker/jobs/20260731-171536-luqia-vllm-calibration-l40s-neptune-r3/calibration_results/shard_0/full_observability/phase2-full-grid-rerun-20260731-l40s-l40s-tp1-f2520-i128-o32-r50-rep1-seg1-attempt2/combined_server.log,1478,07-31 17:31:30,iteration,,"[0;36m(EngineCore_DP0 pid=2667193)[0;0m INFO 07-31 17:31:30 [core.py:348] Iteration(253): 0 context requests, 0 context tokens, 50 generation requests, 50 generation tokens, iteration elapsed time: 7.71 ms"
combined,/data/users/chjing/Sweep_LLM_Jobs_broker/jobs/20260731-171536-luqia-vllm-calibration-l40s-neptune-r3/calibration_results/shard_0/full_observability/phase2-full-grid-rerun-20260731-l40s-l40s-tp1-f2520-i128-o32-r50-rep1-seg1-attempt2/combined_server.log,1479,07-31 17:31:30,iteration,,"[0;36m(EngineCore_DP0 pid=2667193)[0;0m INFO 07-31 17:31:30 [core.py:348] Iteration(254): 3 context requests, 384 context tokens, 49 generation requests, 49 generation tokens, iteration elapsed time: 26.25 ms"
combined,/data/users/chjing/Sweep_LLM_Jobs_broker/jobs/20260731-171536-luqia-vllm-calibration-l40s-neptune-r3/calibration_results/shard_0/full_observability/phase2-full-grid-rerun-20260731-l40s-l40s-tp1-f2520-i128-o32-r50-rep1-seg1-attempt2/combined_server.log,1489,07-31 17:31:30,iteration,,"[0;36m(EngineCore_DP0 pid=2667193)[0;0m INFO 07-31 17:31:30 [core.py:348] Iteration(255): 2 context requests, 256 context tokens, 50 generation requests, 50 generation tokens, iteration elapsed time: 25.84 ms"
combined,/data/users/chjing/Sweep_LLM_Jobs_broker/jobs/20260731-171536-luqia-vllm-calibration-l40s-neptune-r3/calibration_results/shard_0/full_observability/phase2-full-grid-rerun-20260731-l40s-l40s-tp1-f2520-i128-o32-r50-rep1-seg1-attempt2/combined_server.log,1490,07-31 17:31:30,iteration,,"[0;36m(EngineCore_DP0 pid=2667193)[0;0m INFO 07-31 17:31:30 [core.py:348] Iteration(256): 0 context requests, 0 context tokens, 50 generation requests, 50 generation tokens, iteration elapsed time: 7.73 ms"
combined,/data/users/chjing/Sweep_LLM_Jobs_broker/jobs/20260731-171536-luqia-vllm-calibration-l40s-neptune-r3/calibration_results/shard_0/full_observability/phase2-full-grid-rerun-20260731-l40s-l40s-tp1-f2520-i128-o32-r50-rep1-seg1-attempt2/combined_server.log,1499,07-31 17:31:30,iteration,,"[0;36m(EngineCore_DP0 pid=2667193)[0;0m INFO 07-31 17:31:30 [core.py:348] Iteration(257): 3 context requests, 384 context tokens, 50 generation requests, 50 generation tokens, iteration elapsed time: 32.41 ms"
combined,/data/users/chjing/Sweep_LLM_Jobs_broker/jobs/20260731-171536-luqia-vllm-calibration-l40s-neptune-r3/calibration_results/shard_0/full_observability/phase2-full-grid-rerun-20260731-l40s-l40s-tp1-f2520-i128-o32-r50-rep1-seg1-attempt2/combined_server.log,1507,07-31 17:31:30,iteration,,"[0;36m(EngineCore_DP0 pid=2667193)[0;0m INFO 07-31 17:31:30 [core.py:348] Iteration(258): 0 context requests, 0 context tokens, 50 generation requests, 50 generation tokens, iteration elapsed time: 10.19 ms"
combined,/data/users/chjing/Sweep_LLM_Jobs_broker/jobs/20260731-171536-luqia-vllm-calibration-l40s-neptune-r3/calibration_results/shard_0/full_observability/phase2-full-grid-rerun-20260731-l40s-l40s-tp1-f2520-i128-o32-r50-rep1-seg1-attempt2/combined_server.log,1511,07-31 17:31:30,iteration,,"[0;36m(EngineCore_DP0 pid=2667193)[0;0m INFO 07-31 17:31:30 [core.py:348] Iteration(259): 2 context requests, 256 context tokens, 49 generation requests, 49 generation tokens, iteration elapsed time: 18.96 ms"
combined,/data/users/chjing/Sweep_LLM_Jobs_broker/jobs/20260731-171536-luqia-vllm-calibration-l40s-neptune-r3/calibration_results/shard_0/full_observability/phase2-full-grid-rerun-20260731-l40s-l40s-tp1-f2520-i128-o32-r50-rep1-seg1-attempt2/combined_server.log,1518,07-31 17:31:30,scheduler,,"[0;36m(APIServer pid=2666970)[0;0m INFO 07-31 17:31:30 [loggers.py:257] Engine 000: Avg prompt throughput: 4244.2 tokens/s, Avg generation throughput: 998.1 tokens/s, Running: 52 reqs, Waiting: 0 reqs, GPU KV cache usage: 3.7%, Prefix cache hit rate: 0.0%"
combined,/data/users/chjing/Sweep_LLM_Jobs_broker/jobs/20260731-171536-luqia-vllm-calibration-l40s-neptune-r3/calibration_results/shard_0/full_observability/phase2-full-grid-rerun-20260731-l40s-l40s-tp1-f2520-i128-o32-r50-rep1-seg1-attempt2/combined_server.log,1521,07-31 17:31:30,iteration,,"[0;36m(EngineCore_DP0 pid=2667193)[0;0m INFO 07-31 17:31:30 [core.py:348] Iteration(260): 3 context requests, 384 context tokens, 49 generation requests, 49 generation tokens, iteration elapsed time: 27.76 ms"
combined,/data/users/chjing/Sweep_LLM_Jobs_broker/jobs/20260731-171536-luqia-vllm-calibration-l40s-neptune-r3/calibration_results/shard_0/full_observability/phase2-full-grid-rerun-20260731-l40s-l40s-tp1-f2520-i128-o32-r50-rep1-seg1-attempt2/combined_server.log,1527,07-31 17:31:30,iteration,,"[0;36m(EngineCore_DP0 pid=2667193)[0;0m INFO 07-31 17:31:30 [core.py:348] Iteration(261): 1 context requests, 128 context tokens, 50 generation requests, 50 generation tokens, iteration elapsed time: 13.50 ms"
combined,/data/users/chjing/Sweep_LLM_Jobs_broker/jobs/20260731-171536-luqia-vllm-calibration-l40s-neptune-r3/calibration_results/shard_0/full_observability/phase2-full-grid-rerun-20260731-l40s-l40s-tp1-f2520-i128-o32-r50-rep1-seg1-attempt2/combined_server.log,1534,07-31 17:31:30,iteration,,"[0;36m(EngineCore_DP0 pid=2667193)[0;0m INFO 07-31 17:31:30 [core.py:348] Iteration(262): 2 context requests, 256 context tokens, 50 generation requests, 50 generation tokens, iteration elapsed time: 20.25 ms"
combined,/data/users/chjing/Sweep_LLM_Jobs_broker/jobs/20260731-171536-luqia-vllm-calibration-l40s-neptune-r3/calibration_results/shard_0/full_observability/phase2-full-grid-rerun-20260731-l40s-l40s-tp1-f2520-i128-o32-r50-rep1-seg1-attempt2/combined_server.log,1538,07-31 17:31:30,iteration,,"[0;36m(EngineCore_DP0 pid=2667193)[0;0m INFO 07-31 17:31:30 [core.py:348] Iteration(263): 2 context requests, 256 context tokens, 50 generation requests, 50 generation tokens, iteration elapsed time: 19.01 ms"
combined,/data/users/chjing/Sweep_LLM_Jobs_broker/jobs/20260731-171536-luqia-vllm-calibration-l40s-neptune-r3/calibration_results/shard_0/full_observability/phase2-full-grid-rerun-20260731-l40s-l40s-tp1-f2520-i128-o32-r50-rep1-seg1-attempt2/combined_server.log,1545,07-31 17:31:30,iteration,,"[0;36m(EngineCore_DP0 pid=2667193)[0;0m INFO 07-31 17:31:30 [core.py:348] Iteration(264): 2 context requests, 256 context tokens, 51 generation requests, 51 generation tokens, iteration elapsed time: 21.17 ms"
combined,/data/users/chjing/Sweep_LLM_Jobs_broker/jobs/20260731-171536-luqia-vllm-calibration-l40s-neptune-r3/calibration_results/shard_0/full_observability/phase2-full-grid-rerun-20260731-l40s-l40s-tp1-f2520-i128-o32-r50-rep1-seg1-attempt2/combined_server.log,1552,07-31 17:31:30,iteration,,"[0;36m(EngineCore_DP0 pid=2667193)[0;0m INFO 07-31 17:31:30 [core.py:348] Iteration(265): 1 context requests, 128 context tokens, 51 generation requests, 51 generation tokens, iteration elapsed time: 13.14 ms"
combined,/data/users/chjing/Sweep_LLM_Jobs_broker/jobs/20260731-171536-luqia-vllm-calibration-l40s-neptune-r3/calibration_results/shard_0/full_observability/phase2-full-grid-rerun-20260731-l40s-l40s-tp1-f2520-i128-o32-r50-rep1-seg1-attempt2/combined_server.log,1555,07-31 17:31:30,iteration,,"[0;36m(EngineCore_DP0 pid=2667193)[0;0m INFO 07-31 17:31:30 [core.py:348] Iteration(266): 2 context requests, 256 context tokens, 50 generation requests, 50 generation tokens, iteration elapsed time: 20.11 ms"
combined,/data/users/chjing/Sweep_LLM_Jobs_broker/jobs/20260731-171536-luqia-vllm-calibration-l40s-neptune-r3/calibration_results/shard_0/full_observability/phase2-full-grid-rerun-20260731-l40s-l40s-tp1-f2520-i128-o32-r50-rep1-seg1-attempt2/combined_server.log,1563,07-31 17:31:30,iteration,,"[0;36m(EngineCore_DP0 pid=2667193)[0;0m INFO 07-31 17:31:30 [core.py:348] Iteration(267): 2 context requests, 256 context tokens, 51 generation requests, 51 generation tokens, iteration elapsed time: 26.27 ms"
combined,/data/users/chjing/Sweep_LLM_Jobs_broker/jobs/20260731-171536-luqia-vllm-calibration-l40s-neptune-r3/calibration_results/shard_0/full_observability/phase2-full-grid-rerun-20260731-l40s-l40s-tp1-f2520-i128-o32-r50-rep1-seg1-attempt2/combined_server.log,1567,07-31 17:31:30,iteration,,"[0;36m(EngineCore_DP0 pid=2667193)[0;0m INFO 07-31 17:31:30 [core.py:348] Iteration(268): 0 context requests, 0 context tokens, 50 generation requests, 50 generation tokens, iteration elapsed time: 11.02 ms"
combined,/data/users/chjing/Sweep_LLM_Jobs_broker/jobs/20260731-171536-luqia-vllm-calibration-l40s-neptune-r3/calibration_results/shard_0/full_observability/phase2-full-grid-rerun-20260731-l40s-l40s-tp1-f2520-i128-o32-r50-rep1-seg1-attempt2/combined_server.log,1572,07-31 17:31:30,iteration,,"[0;36m(EngineCore_DP0 pid=2667193)[0;0m INFO 07-31 17:31:30 [core.py:348] Iteration(269): 3 context requests, 384 context tokens, 49 generation requests, 49 generation tokens, iteration elapsed time: 26.30 ms"
combined,/data/users/chjing/Sweep_LLM_Jobs_broker/jobs/20260731-171536-luqia-vllm-calibration-l40s-neptune-r3/calibration_results/shard_0/full_observability/phase2-full-grid-rerun-20260731-l40s-l40s-tp1-f2520-i128-o32-r50-rep1-seg1-attempt2/combined_server.log,1582,07-31 17:31:30,iteration,,"[0;36m(EngineCore_DP0 pid=2667193)[0;0m INFO 07-31 17:31:30 [core.py:348] Iteration(270): 1 context requests, 128 context tokens, 50 generation requests, 50 generation tokens, iteration elapsed time: 13.87 ms"
combined,/data/users/chjing/Sweep_LLM_Jobs_broker/jobs/20260731-171536-luqia-vllm-calibration-l40s-neptune-r3/calibration_results/shard_0/full_observability/phase2-full-grid-rerun-20260731-l40s-l40s-tp1-f2520-i128-o32-r50-rep1-seg1-attempt2/combined_server.log,1583,07-31 17:31:30,iteration,,"[0;36m(EngineCore_DP0 pid=2667193)[0;0m INFO 07-31 17:31:30 [core.py:348] Iteration(271): 1 context requests, 128 context tokens, 50 generation requests, 50 generation tokens, iteration elapsed time: 13.90 ms"
combined,/data/users/chjing/Sweep_LLM_Jobs_broker/jobs/20260731-171536-luqia-vllm-calibration-l40s-neptune-r3/calibration_results/shard_0/full_observability/phase2-full-grid-rerun-20260731-l40s-l40s-tp1-f2520-i128-o32-r50-rep1-seg1-attempt2/combined_server.log,1596,07-31 17:31:30,iteration,,"[0;36m(EngineCore_DP0 pid=2667193)[0;0m INFO 07-31 17:31:30 [core.py:348] Iteration(272): 3 context requests, 384 context tokens, 50 generation requests, 50 generation tokens, iteration elapsed time: 33.61 ms"
combined,/data/users/chjing/Sweep_LLM_Jobs_broker/jobs/20260731-171536-luqia-vllm-calibration-l40s-neptune-r3/calibration_results/shard_0/full_observability/phase2-full-grid-rerun-20260731-l40s-l40s-tp1-f2520-i128-o32-r50-rep1-seg1-attempt2/combined_server.log,1600,07-31 17:31:30,iteration,,"[0;36m(EngineCore_DP0 pid=2667193)[0;0m INFO 07-31 17:31:30 [core.py:348] Iteration(273): 0 context requests, 0 context tokens, 51 generation requests, 51 generation tokens, iteration elapsed time: 0.01 ms"
combined,/data/users/chjing/Sweep_LLM_Jobs_broker/jobs/20260731-171536-luqia-vllm-calibration-l40s-neptune-r3/calibration_results/shard_0/full_observability/phase2-full-grid-rerun-20260731-l40s-l40s-tp1-f2520-i128-o32-r50-rep1-seg1-attempt2/combined_server.log,1608,07-31 17:31:31,iteration,,"[0;36m(EngineCore_DP0 pid=2667193)[0;0m INFO 07-31 17:31:31 [core.py:348] Iteration(274): 4 context requests, 512 context tokens, 49 generation requests, 49 generation tokens, iteration elapsed time: 39.14 ms"
combined,/data/users/chjing/Sweep_LLM_Jobs_broker/jobs/20260731-171536-luqia-vllm-calibration-l40s-neptune-r3/calibration_results/shard_0/full_observability/phase2-full-grid-rerun-20260731-l40s-l40s-tp1-f2520-i128-o32-r50-rep1-seg1-attempt2/combined_server.log,1614,07-31 17:31:31,iteration,,"[0;36m(EngineCore_DP0 pid=2667193)[0;0m INFO 07-31 17:31:31 [core.py:348] Iteration(275): 1 context requests, 128 context tokens, 52 generation requests, 52 generation tokens, iteration elapsed time: 15.20 ms"
combined,/data/users/chjing/Sweep_LLM_Jobs_broker/jobs/20260731-171536-luqia-vllm-calibration-l40s-neptune-r3/calibration_results/shard_0/full_observability/phase2-full-grid-rerun-20260731-l40s-l40s-tp1-f2520-i128-o32-r50-rep1-seg1-attempt2/combined_server.log,1618,07-31 17:31:31,iteration,,"[0;36m(EngineCore_DP0 pid=2667193)[0;0m INFO 07-31 17:31:31 [core.py:348] Iteration(276): 2 context requests, 256 context tokens, 51 generation requests, 51 generation tokens, iteration elapsed time: 21.39 ms"
combined,/data/users/chjing/Sweep_LLM_Jobs_broker/jobs/20260731-171536-luqia-vllm-calibration-l40s-neptune-r3/calibration_results/shard_0/full_observability/phase2-full-grid-rerun-20260731-l40s-l40s-tp1-f2520-i128-o32-r50-rep1-seg1-attempt2/combined_server.log,1625,07-31 17:31:31,iteration,,"[0;36m(EngineCore_DP0 pid=2667193)[0;0m INFO 07-31 17:31:31 [core.py:348] Iteration(277): 2 context requests, 256 context tokens, 52 generation requests, 52 generation tokens, iteration elapsed time: 20.46 ms"
combined,/data/users/chjing/Sweep_LLM_Jobs_broker/jobs/20260731-171536-luqia-vllm-calibration-l40s-neptune-r3/calibration_results/shard_0/full_observability/phase2-full-grid-rerun-20260731-l40s-l40s-tp1-f2520-i128-o32-r50-rep1-seg1-attempt2/combined_server.log,1629,07-31 17:31:31,iteration,,"[0;36m(EngineCore_DP0 pid=2667193)[0;0m INFO 07-31 17:31:31 [core.py:348] Iteration(278): 1 context requests, 128 context tokens, 52 generation requests, 52 generation tokens, iteration elapsed time: 13.13 ms"
combined,/data/users/chjing/Sweep_LLM_Jobs_broker/jobs/20260731-171536-luqia-vllm-calibration-l40s-neptune-r3/calibration_results/shard_0/full_observability/phase2-full-grid-rerun-20260731-l40s-l40s-tp1-f2520-i128-o32-r50-rep1-seg1-attempt2/combined_server.log,1636,07-31 17:31:31,iteration,,"[0;36m(EngineCore_DP0 pid=2667193)[0;0m INFO 07-31 17:31:31 [core.py:348] Iteration(279): 2 context requests, 256 context tokens, 51 generation requests, 51 generation tokens, iteration elapsed time: 19.92 ms"
combined,/data/users/chjing/Sweep_LLM_Jobs_broker/jobs/20260731-171536-luqia-vllm-calibration-l40s-neptune-r3/calibration_results/shard_0/full_observability/phase2-full-grid-rerun-20260731-l40s-l40s-tp1-f2520-i128-o32-r50-rep1-seg1-attempt2/combined_server.log,1643,07-31 17:31:31,iteration,,"[0;36m(EngineCore_DP0 pid=2667193)[0;0m INFO 07-31 17:31:31 [core.py:348] Iteration(280): 1 context requests, 128 context tokens, 52 generation requests, 52 generation tokens, iteration elapsed time: 14.09 ms"
combined,/data/users/chjing/Sweep_LLM_Jobs_broker/jobs/20260731-171536-luqia-vllm-calibration-l40s-neptune-r3/calibration_results/shard_0/full_observability/phase2-full-grid-rerun-20260731-l40s-l40s-tp1-f2520-i128-o32-r50-rep1-seg1-attempt2/combined_server.log,1647,07-31 17:31:31,iteration,,"[0;36m(EngineCore_DP0 pid=2667193)[0;0m INFO 07-31 17:31:31 [core.py:348] Iteration(281): 2 context requests, 256 context tokens, 51 generation requests, 51 generation tokens, iteration elapsed time: 20.01 ms"
combined,/data/users/chjing/Sweep_LLM_Jobs_broker/jobs/20260731-171536-luqia-vllm-calibration-l40s-neptune-r3/calibration_results/shard_0/full_observability/phase2-full-grid-rerun-20260731-l40s-l40s-tp1-f2520-i128-o32-r50-rep1-seg1-attempt2/combined_server.log,1655,07-31 17:31:31,iteration,,"[0;36m(EngineCore_DP0 pid=2667193)[0;0m INFO 07-31 17:31:31 [core.py:348] Iteration(282): 2 context requests, 256 context tokens, 53 generation requests, 53 generation tokens, iteration elapsed time: 20.97 ms"
combined,/data/users/chjing/Sweep_LLM_Jobs_broker/jobs/20260731-171536-luqia-vllm-calibration-l40s-neptune-r3/calibration_results/shard_0/full_observability/phase2-full-grid-rerun-20260731-l40s-l40s-tp1-f2520-i128-o32-r50-rep1-seg1-attempt2/combined_server.log,1662,07-31 17:31:31,iteration,,"[0;36m(EngineCore_DP0 pid=2667193)[0;0m INFO 07-31 17:31:31 [core.py:348] Iteration(283): 1 context requests, 128 context tokens, 53 generation requests, 53 generation tokens, iteration elapsed time: 13.62 ms"
combined,/data/users/chjing/Sweep_LLM_Jobs_broker/jobs/20260731-171536-luqia-vllm-calibration-l40s-neptune-r3/calibration_results/shard_0/full_observability/phase2-full-grid-rerun-20260731-l40s-l40s-tp1-f2520-i128-o32-r50-rep1-seg1-attempt2/combined_server.log,1666,07-31 17:31:31,iteration,,"[0;36m(EngineCore_DP0 pid=2667193)[0;0m INFO 07-31 17:31:31 [core.py:348] Iteration(284): 2 context requests, 256 context tokens, 51 generation requests, 51 generation tokens, iteration elapsed time: 20.32 ms"
combined,/data/users/chjing/Sweep_LLM_Jobs_broker/jobs/20260731-171536-luqia-vllm-calibration-l40s-neptune-r3/calibration_results/shard_0/full_observability/phase2-full-grid-rerun-20260731-l40s-l40s-tp1-f2520-i128-o32-r50-rep1-seg1-attempt2/combined_server.log,1673,07-31 17:31:31,iteration,,"[0;36m(EngineCore_DP0 pid=2667193)[0;0m INFO 07-31 17:31:31 [core.py:348] Iteration(285): 2 context requests, 256 context tokens, 53 generation requests, 53 generation tokens, iteration elapsed time: 20.67 ms"
combined,/data/users/chjing/Sweep_LLM_Jobs_broker/jobs/20260731-171536-luqia-vllm-calibration-l40s-neptune-r3/calibration_results/shard_0/full_observability/phase2-full-grid-rerun-20260731-l40s-l40s-tp1-f2520-i128-o32-r50-rep1-seg1-attempt2/combined_server.log,1680,07-31 17:31:31,iteration,,"[0;36m(EngineCore_DP0 pid=2667193)[0;0m INFO 07-31 17:31:31 [core.py:348] Iteration(286): 1 context requests, 128 context tokens, 52 generation requests, 52 generation tokens, iteration elapsed time: 13.23 ms"
combined,/data/users/chjing/Sweep_LLM_Jobs_broker/jobs/20260731-171536-luqia-vllm-calibration-l40s-neptune-r3/calibration_results/shard_0/full_observability/phase2-full-grid-rerun-20260731-l40s-l40s-tp1-f2520-i128-o32-r50-rep1-seg1-attempt2/combined_server.log,1684,07-31 17:31:31,iteration,,"[0;36m(EngineCore_DP0 pid=2667193)[0;0m INFO 07-31 17:31:31 [core.py:348] Iteration(287): 2 context requests, 256 context tokens, 51 generation requests, 51 generation tokens, iteration elapsed time: 19.67 ms"
combined,/data/users/chjing/Sweep_LLM_Jobs_broker/jobs/20260731-171536-luqia-vllm-calibration-l40s-neptune-r3/calibration_results/shard_0/full_observability/phase2-full-grid-rerun-20260731-l40s-l40s-tp1-f2520-i128-o32-r50-rep1-seg1-attempt2/combined_server.log,1693,07-31 17:31:31,iteration,,"[0;36m(EngineCore_DP0 pid=2667193)[0;0m INFO 07-31 17:31:31 [core.py:348] Iteration(288): 2 context requests, 256 context tokens, 53 generation requests, 53 generation tokens, iteration elapsed time: 20.83 ms"
combined,/data/users/chjing/Sweep_LLM_Jobs_broker/jobs/20260731-171536-luqia-vllm-calibration-l40s-neptune-r3/calibration_results/shard_0/full_observability/phase2-full-grid-rerun-20260731-l40s-l40s-tp1-f2520-i128-o32-r50-rep1-seg1-attempt2/combined_server.log,1698,07-31 17:31:31,iteration,,"[0;36m(EngineCore_DP0 pid=2667193)[0;0m INFO 07-31 17:31:31 [core.py:348] Iteration(289): 1 context requests, 128 context tokens, 52 generation requests, 52 generation tokens, iteration elapsed time: 13.20 ms"
combined,/data/users/chjing/Sweep_LLM_Jobs_broker/jobs/20260731-171536-luqia-vllm-calibration-l40s-neptune-r3/calibration_results/shard_0/full_observability/phase2-full-grid-rerun-20260731-l40s-l40s-tp1-f2520-i128-o32-r50-rep1-seg1-attempt2/combined_server.log,1700,07-31 17:31:31,iteration,,"[0;36m(EngineCore_DP0 pid=2667193)[0;0m INFO 07-31 17:31:31 [core.py:348] Iteration(290): 2 context requests, 256 context tokens, 53 generation requests, 53 generation tokens, iteration elapsed time: 19.95 ms"
combined,/data/users/chjing/Sweep_LLM_Jobs_broker/jobs/20260731-171536-luqia-vllm-calibration-l40s-neptune-r3/calibration_results/shard_0/full_observability/phase2-full-grid-rerun-20260731-l40s-l40s-tp1-f2520-i128-o32-r50-rep1-seg1-attempt2/combined_server.log,1709,07-31 17:31:31,iteration,,"[0;36m(EngineCore_DP0 pid=2667193)[0;0m INFO 07-31 17:31:31 [core.py:348] Iteration(291): 2 context requests, 256 context tokens, 53 generation requests, 53 generation tokens, iteration elapsed time: 26.42 ms"
combined,/data/users/chjing/Sweep_LLM_Jobs_broker/jobs/20260731-171536-luqia-vllm-calibration-l40s-neptune-r3/calibration_results/shard_0/full_observability/phase2-full-grid-rerun-20260731-l40s-l40s-tp1-f2520-i128-o32-r50-rep1-seg1-attempt2/combined_server.log,1716,07-31 17:31:31,iteration,,"[0;36m(EngineCore_DP0 pid=2667193)[0;0m INFO 07-31 17:31:31 [core.py:348] Iteration(292): 0 context requests, 0 context tokens, 52 generation requests, 52 generation tokens, iteration elapsed time: 10.65 ms"
combined,/data/users/chjing/Sweep_LLM_Jobs_broker/jobs/20260731-171536-luqia-vllm-calibration-l40s-neptune-r3/calibration_results/shard_0/full_observability/phase2-full-grid-rerun-20260731-l40s-l40s-tp1-f2520-i128-o32-r50-rep1-seg1-attempt2/combined_server.log,1723,07-31 17:31:31,iteration,,"[0;36m(EngineCore_DP0 pid=2667193)[0;0m INFO 07-31 17:31:31 [core.py:348] Iteration(293): 3 context requests, 384 context tokens, 51 generation requests, 51 generation tokens, iteration elapsed time: 26.68 ms"
combined,/data/users/chjing/Sweep_LLM_Jobs_broker/jobs/20260731-171536-luqia-vllm-calibration-l40s-neptune-r3/calibration_results/shard_0/full_observability/phase2-full-grid-rerun-20260731-l40s-l40s-tp1-f2520-i128-o32-r50-rep1-seg1-attempt2/combined_server.log,1727,07-31 17:31:31,iteration,,"[0;36m(EngineCore_DP0 pid=2667193)[0;0m INFO 07-31 17:31:31 [core.py:348] Iteration(294): 2 context requests, 256 context tokens, 52 generation requests, 52 generation tokens, iteration elapsed time: 20.37 ms"
combined,/data/users/chjing/Sweep_LLM_Jobs_broker/jobs/20260731-171536-luqia-vllm-calibration-l40s-neptune-r3/calibration_results/shard_0/full_observability/phase2-full-grid-rerun-20260731-l40s-l40s-tp1-f2520-i128-o32-r50-rep1-seg1-attempt2/combined_server.log,1734,07-31 17:31:31,iteration,,"[0;36m(EngineCore_DP0 pid=2667193)[0;0m INFO 07-31 17:31:31 [core.py:348] Iteration(295): 2 context requests, 256 context tokens, 52 generation requests, 52 generation tokens, iteration elapsed time: 21.34 ms"
combined,/data/users/chjing/Sweep_LLM_Jobs_broker/jobs/20260731-171536-luqia-vllm-calibration-l40s-neptune-r3/calibration_results/shard_0/full_observability/phase2-full-grid-rerun-20260731-l40s-l40s-tp1-f2520-i128-o32-r50-rep1-seg1-attempt2/combined_server.log,1738,07-31 17:31:31,iteration,,"[0;36m(EngineCore_DP0 pid=2667193)[0;0m INFO 07-31 17:31:31 [core.py:348] Iteration(296): 1 context requests, 128 context tokens, 52 generation requests, 52 generation tokens, iteration elapsed time: 13.87 ms"
combined,/data/users/chjing/Sweep_LLM_Jobs_broker/jobs/20260731-171536-luqia-vllm-calibration-l40s-neptune-r3/calibration_results/shard_0/full_observability/phase2-full-grid-rerun-20260731-l40s-l40s-tp1-f2520-i128-o32-r50-rep1-seg1-attempt2/combined_server.log,1746,07-31 17:31:31,iteration,,"[0;36m(EngineCore_DP0 pid=2667193)[0;0m INFO 07-31 17:31:31 [core.py:348] Iteration(297): 2 context requests, 256 context tokens, 52 generation requests, 52 generation tokens, iteration elapsed time: 20.21 ms"
combined,/data/users/chjing/Sweep_LLM_Jobs_broker/jobs/20260731-171536-luqia-vllm-calibration-l40s-neptune-r3/calibration_results/shard_0/full_observability/phase2-full-grid-rerun-20260731-l40s-l40s-tp1-f2520-i128-o32-r50-rep1-seg1-attempt2/combined_server.log,1750,07-31 17:31:31,iteration,,"[0;36m(EngineCore_DP0 pid=2667193)[0;0m INFO 07-31 17:31:31 [core.py:348] Iteration(298): 1 context requests, 128 context tokens, 52 generation requests, 52 generation tokens, iteration elapsed time: 13.79 ms"
combined,/data/users/chjing/Sweep_LLM_Jobs_broker/jobs/20260731-171536-luqia-vllm-calibration-l40s-neptune-r3/calibration_results/shard_0/full_observability/phase2-full-grid-rerun-20260731-l40s-l40s-tp1-f2520-i128-o32-r50-rep1-seg1-attempt2/combined_server.log,1754,07-31 17:31:31,iteration,,"[0;36m(EngineCore_DP0 pid=2667193)[0;0m INFO 07-31 17:31:31 [core.py:348] Iteration(299): 2 context requests, 256 context tokens, 51 generation requests, 51 generation tokens, iteration elapsed time: 20.18 ms"
combined,/data/users/chjing/Sweep_LLM_Jobs_broker/jobs/20260731-171536-luqia-vllm-calibration-l40s-neptune-r3/calibration_results/shard_0/full_observability/phase2-full-grid-rerun-20260731-l40s-l40s-tp1-f2520-i128-o32-r50-rep1-seg1-attempt2/combined_server.log,1764,07-31 17:31:31,iteration,,"[0;36m(EngineCore_DP0 pid=2667193)[0;0m INFO 07-31 17:31:31 [core.py:348] Iteration(300): 1 context requests, 128 context tokens, 53 generation requests, 53 generation tokens, iteration elapsed time: 14.29 ms"
combined,/data/users/chjing/Sweep_LLM_Jobs_broker/jobs/20260731-171536-luqia-vllm-calibration-l40s-neptune-r3/calibration_results/shard_0/full_observability/phase2-full-grid-rerun-20260731-l40s-l40s-tp1-f2520-i128-o32-r50-rep1-seg1-attempt2/combined_server.log,1768,07-31 17:31:31,iteration,,"[0;36m(EngineCore_DP0 pid=2667193)[0;0m INFO 07-31 17:31:31 [core.py:348] Iteration(301): 1 context requests, 128 context tokens, 51 generation requests, 51 generation tokens, iteration elapsed time: 13.27 ms"
combined,/data/users/chjing/Sweep_LLM_Jobs_broker/jobs/20260731-171536-luqia-vllm-calibration-l40s-neptune-r3/calibration_results/shard_0/full_observability/phase2-full-grid-rerun-20260731-l40s-l40s-tp1-f2520-i128-o32-r50-rep1-seg1-attempt2/combined_server.log,1772,07-31 17:31:31,iteration,,"[0;36m(EngineCore_DP0 pid=2667193)[0;0m INFO 07-31 17:31:31 [core.py:348] Iteration(302): 3 context requests, 384 context tokens, 51 generation requests, 51 generation tokens, iteration elapsed time: 26.95 ms"
combined,/data/users/chjing/Sweep_LLM_Jobs_broker/jobs/20260731-171536-luqia-vllm-calibration-l40s-neptune-r3/calibration_results/shard_0/full_observability/phase2-full-grid-rerun-20260731-l40s-l40s-tp1-f2520-i128-o32-r50-rep1-seg1-attempt2/combined_server.log,1782,07-31 17:31:31,iteration,,"[0;36m(EngineCore_DP0 pid=2667193)[0;0m INFO 07-31 17:31:31 [core.py:348] Iteration(303): 1 context requests, 128 context tokens, 53 generation requests, 53 generation tokens, iteration elapsed time: 13.32 ms"
combined,/data/users/chjing/Sweep_LLM_Jobs_broker/jobs/20260731-171536-luqia-vllm-calibration-l40s-neptune-r3/calibration_results/shard_0/full_observability/phase2-full-grid-rerun-20260731-l40s-l40s-tp1-f2520-i128-o32-r50-rep1-seg1-attempt2/combined_server.log,1786,07-31 17:31:31,iteration,,"[0;36m(EngineCore_DP0 pid=2667193)[0;0m INFO 07-31 17:31:31 [core.py:348] Iteration(304): 1 context requests, 128 context tokens, 51 generation requests, 51 generation tokens, iteration elapsed time: 14.11 ms"
combined,/data/users/chjing/Sweep_LLM_Jobs_broker/jobs/20260731-171536-luqia-vllm-calibration-l40s-neptune-r3/calibration_results/shard_0/full_observability/phase2-full-grid-rerun-20260731-l40s-l40s-tp1-f2520-i128-o32-r50-rep1-seg1-attempt2/combined_server.log,1796,07-31 17:31:32,iteration,,"[0;36m(EngineCore_DP0 pid=2667193)[0;0m INFO 07-31 17:31:32 [core.py:348] Iteration(305): 3 context requests, 384 context tokens, 52 generation requests, 52 generation tokens, iteration elapsed time: 27.34 ms"
combined,/data/users/chjing/Sweep_LLM_Jobs_broker/jobs/20260731-171536-luqia-vllm-calibration-l40s-neptune-r3/calibration_results/shard_0/full_observability/phase2-full-grid-rerun-20260731-l40s-l40s-tp1-f2520-i128-o32-r50-rep1-seg1-attempt2/combined_server.log,1800,07-31 17:31:32,iteration,,"[0;36m(EngineCore_DP0 pid=2667193)[0;0m INFO 07-31 17:31:32 [core.py:348] Iteration(306): 1 context requests, 128 context tokens, 51 generation requests, 51 generation tokens, iteration elapsed time: 13.33 ms"
combined,/data/users/chjing/Sweep_LLM_Jobs_broker/jobs/20260731-171536-luqia-vllm-calibration-l40s-neptune-r3/calibration_results/shard_0/full_observability/phase2-full-grid-rerun-20260731-l40s-l40s-tp1-f2520-i128-o32-r50-rep1-seg1-attempt2/combined_server.log,1801,07-31 17:31:32,iteration,,"[0;36m(EngineCore_DP0 pid=2667193)[0;0m INFO 07-31 17:31:32 [core.py:348] Iteration(307): 3 context requests, 384 context tokens, 51 generation requests, 51 generation tokens, iteration elapsed time: 26.97 ms"
combined,/data/users/chjing/Sweep_LLM_Jobs_broker/jobs/20260731-171536-luqia-vllm-calibration-l40s-neptune-r3/calibration_results/shard_0/full_observability/phase2-full-grid-rerun-20260731-l40s-l40s-tp1-f2520-i128-o32-r50-rep1-seg1-attempt2/combined_server.log,1811,07-31 17:31:32,iteration,,"[0;36m(EngineCore_DP0 pid=2667193)[0;0m INFO 07-31 17:31:32 [core.py:348] Iteration(308): 1 context requests, 128 context tokens, 52 generation requests, 52 generation tokens, iteration elapsed time: 21.05 ms"
combined,/data/users/chjing/Sweep_LLM_Jobs_broker/jobs/20260731-171536-luqia-vllm-calibration-l40s-neptune-r3/calibration_results/shard_0/full_observability/phase2-full-grid-rerun-20260731-l40s-l40s-tp1-f2520-i128-o32-r50-rep1-seg1-attempt2/combined_server.log,1812,07-31 17:31:32,iteration,,"[0;36m(EngineCore_DP0 pid=2667193)[0;0m INFO 07-31 17:31:32 [core.py:348] Iteration(309): 0 context requests, 0 context tokens, 51 generation requests, 51 generation tokens, iteration elapsed time: 10.83 ms"
combined,/data/users/chjing/Sweep_LLM_Jobs_broker/jobs/20260731-171536-luqia-vllm-calibration-l40s-neptune-r3/calibration_results/shard_0/full_observability/phase2-full-grid-rerun-20260731-l40s-l40s-tp1-f2520-i128-o32-r50-rep1-seg1-attempt2/combined_server.log,1824,07-31 17:31:32,iteration,,"[0;36m(EngineCore_DP0 pid=2667193)[0;0m INFO 07-31 17:31:32 [core.py:348] Iteration(310): 3 context requests, 384 context tokens, 50 generation requests, 50 generation tokens, iteration elapsed time: 32.88 ms"
combined,/data/users/chjing/Sweep_LLM_Jobs_broker/jobs/20260731-171536-luqia-vllm-calibration-l40s-neptune-r3/calibration_results/shard_0/full_observability/phase2-full-grid-rerun-20260731-l40s-l40s-tp1-f2520-i128-o32-r50-rep1-seg1-attempt2/combined_server.log,1829,07-31 17:31:32,iteration,,"[0;36m(EngineCore_DP0 pid=2667193)[0;0m INFO 07-31 17:31:32 [core.py:348] Iteration(311): 0 context requests, 0 context tokens, 51 generation requests, 51 generation tokens, iteration elapsed time: 10.74 ms"
combined,/data/users/chjing/Sweep_LLM_Jobs_broker/jobs/20260731-171536-luqia-vllm-calibration-l40s-neptune-r3/calibration_results/shard_0/full_observability/phase2-full-grid-rerun-20260731-l40s-l40s-tp1-f2520-i128-o32-r50-rep1-seg1-attempt2/combined_server.log,1837,07-31 17:31:32,iteration,,"[0;36m(EngineCore_DP0 pid=2667193)[0;0m INFO 07-31 17:31:32 [core.py:348] Iteration(312): 3 context requests, 384 context tokens, 50 generation requests, 50 generation tokens, iteration elapsed time: 26.33 ms"
combined,/data/users/chjing/Sweep_LLM_Jobs_broker/jobs/20260731-171536-luqia-vllm-calibration-l40s-neptune-r3/calibration_results/shard_0/full_observability/phase2-full-grid-rerun-20260731-l40s-l40s-tp1-f2520-i128-o32-r50-rep1-seg1-attempt2/combined_server.log,1838,07-31 17:31:32,iteration,,"[0;36m(EngineCore_DP0 pid=2667193)[0;0m INFO 07-31 17:31:32 [core.py:348] Iteration(313): 2 context requests, 256 context tokens, 51 generation requests, 51 generation tokens, iteration elapsed time: 20.22 ms"
combined,/data/users/chjing/Sweep_LLM_Jobs_broker/jobs/20260731-171536-luqia-vllm-calibration-l40s-neptune-r3/calibration_results/shard_0/full_observability/phase2-full-grid-rerun-20260731-l40s-l40s-tp1-f2520-i128-o32-r50-rep1-seg1-attempt2/combined_server.log,1839,07-31 17:31:32,iteration,,"[0;36m(EngineCore_DP0 pid=2667193)[0;0m INFO 07-31 17:31:32 [core.py:348] Iteration(314): 2 context requests, 256 context tokens, 51 generation requests, 51 generation tokens, iteration elapsed time: 27.48 ms"
combined,/data/users/chjing/Sweep_LLM_Jobs_broker/jobs/20260731-171536-luqia-vllm-calibration-l40s-neptune-r3/calibration_results/shard_0/full_observability/phase2-full-grid-rerun-20260731-l40s-l40s-tp1-f2520-i128-o32-r50-rep1-seg1-attempt2/combined_server.log,1840,07-31 17:31:32,iteration,,"[0;36m(EngineCore_DP0 pid=2667193)[0;0m INFO 07-31 17:31:32 [core.py:348] Iteration(315): 0 context requests, 0 context tokens, 52 generation requests, 52 generation tokens, iteration elapsed time: 17.99 ms"
combined,/data/users/chjing/Sweep_LLM_Jobs_broker/jobs/20260731-171536-luqia-vllm-calibration-l40s-neptune-r3/calibration_results/shard_0/full_observability/phase2-full-grid-rerun-20260731-l40s-l40s-tp1-f2520-i128-o32-r50-rep1-seg1-attempt2/combined_server.log,1841,07-31 17:31:32,iteration,,"[0;36m(EngineCore_DP0 pid=2667193)[0;0m INFO 07-31 17:31:32 [core.py:348] Iteration(316): 0 context requests, 0 context tokens, 50 generation requests, 50 generation tokens, iteration elapsed time: 16.32 ms"
combined,/data/users/chjing/Sweep_LLM_Jobs_broker/jobs/20260731-171536-luqia-vllm-calibration-l40s-neptune-r3/calibration_results/shard_0/full_observability/phase2-full-grid-rerun-20260731-l40s-l40s-tp1-f2520-i128-o32-r50-rep1-seg1-attempt2/combined_server.log,1842,07-31 17:31:32,iteration,,"[0;36m(EngineCore_DP0 pid=2667193)[0;0m INFO 07-31 17:31:32 [core.py:348] Iteration(317): 0 context requests, 0 context tokens, 48 generation requests, 48 generation tokens, iteration elapsed time: 17.40 ms"
combined,/data/users/chjing/Sweep_LLM_Jobs_broker/jobs/20260731-171536-luqia-vllm-calibration-l40s-neptune-r3/calibration_results/shard_0/full_observability/phase2-full-grid-rerun-20260731-l40s-l40s-tp1-f2520-i128-o32-r50-rep1-seg1-attempt2/combined_server.log,1843,07-31 17:31:32,iteration,,"[0;36m(EngineCore_DP0 pid=2667193)[0;0m INFO 07-31 17:31:32 [core.py:348] Iteration(318): 0 context requests, 0 context tokens, 47 generation requests, 47 generation tokens, iteration elapsed time: 17.31 ms"
combined,/data/users/chjing/Sweep_LLM_Jobs_broker/jobs/20260731-171536-luqia-vllm-calibration-l40s-neptune-r3/calibration_results/shard_0/full_observability/phase2-full-grid-rerun-20260731-l40s-l40s-tp1-f2520-i128-o32-r50-rep1-seg1-attempt2/combined_server.log,1844,07-31 17:31:32,iteration,,"[0;36m(EngineCore_DP0 pid=2667193)[0;0m INFO 07-31 17:31:32 [core.py:348] Iteration(319): 0 context requests, 0 context tokens, 45 generation requests, 45 generation tokens, iteration elapsed time: 17.36 ms"
combined,/data/users/chjing/Sweep_LLM_Jobs_broker/jobs/20260731-171536-luqia-vllm-calibration-l40s-neptune-r3/calibration_results/shard_0/full_observability/phase2-full-grid-rerun-20260731-l40s-l40s-tp1-f2520-i128-o32-r50-rep1-seg1-attempt2/combined_server.log,1845,07-31 17:31:32,iteration,,"[0;36m(EngineCore_DP0 pid=2667193)[0;0m INFO 07-31 17:31:32 [core.py:348] Iteration(320): 0 context requests, 0 context tokens, 43 generation requests, 43 generation tokens, iteration elapsed time: 17.33 ms"
combined,/data/users/chjing/Sweep_LLM_Jobs_broker/jobs/20260731-171536-luqia-vllm-calibration-l40s-neptune-r3/calibration_results/shard_0/full_observability/phase2-full-grid-rerun-20260731-l40s-l40s-tp1-f2520-i128-o32-r50-rep1-seg1-attempt2/combined_server.log,1846,07-31 17:31:32,iteration,,"[0;36m(EngineCore_DP0 pid=2667193)[0;0m INFO 07-31 17:31:32 [core.py:348] Iteration(321): 0 context requests, 0 context tokens, 42 generation requests, 42 generation tokens, iteration elapsed time: 16.45 ms"
combined,/data/users/chjing/Sweep_LLM_Jobs_broker/jobs/20260731-171536-luqia-vllm-calibration-l40s-neptune-r3/calibration_results/shard_0/full_observability/phase2-full-grid-rerun-20260731-l40s-l40s-tp1-f2520-i128-o32-r50-rep1-seg1-attempt2/combined_server.log,1847,07-31 17:31:32,iteration,,"[0;36m(EngineCore_DP0 pid=2667193)[0;0m INFO 07-31 17:31:32 [core.py:348] Iteration(322): 0 context requests, 0 context tokens, 40 generation requests, 40 generation tokens, iteration elapsed time: 17.08 ms"
combined,/data/users/chjing/Sweep_LLM_Jobs_broker/jobs/20260731-171536-luqia-vllm-calibration-l40s-neptune-r3/calibration_results/shard_0/full_observability/phase2-full-grid-rerun-20260731-l40s-l40s-tp1-f2520-i128-o32-r50-rep1-seg1-attempt2/combined_server.log,1848,07-31 17:31:32,iteration,,"[0;36m(EngineCore_DP0 pid=2667193)[0;0m INFO 07-31 17:31:32 [core.py:348] Iteration(323): 0 context requests, 0 context tokens, 38 generation requests, 38 generation tokens, iteration elapsed time: 17.56 ms"
combined,/data/users/chjing/Sweep_LLM_Jobs_broker/jobs/20260731-171536-luqia-vllm-calibration-l40s-neptune-r3/calibration_results/shard_0/full_observability/phase2-full-grid-rerun-20260731-l40s-l40s-tp1-f2520-i128-o32-r50-rep1-seg1-attempt2/combined_server.log,1849,07-31 17:31:32,iteration,,"[0;36m(EngineCore_DP0 pid=2667193)[0;0m INFO 07-31 17:31:32 [core.py:348] Iteration(324): 0 context requests, 0 context tokens, 38 generation requests, 38 generation tokens, iteration elapsed time: 17.84 ms"
combined,/data/users/chjing/Sweep_LLM_Jobs_broker/jobs/20260731-171536-luqia-vllm-calibration-l40s-neptune-r3/calibration_results/shard_0/full_observability/phase2-full-grid-rerun-20260731-l40s-l40s-tp1-f2520-i128-o32-r50-rep1-seg1-attempt2/combined_server.log,1850,07-31 17:31:32,iteration,,"[0;36m(EngineCore_DP0 pid=2667193)[0;0m INFO 07-31 17:31:32 [core.py:348] Iteration(325): 0 context requests, 0 context tokens, 35 generation requests, 35 generation tokens, iteration elapsed time: 17.37 ms"
combined,/data/users/chjing/Sweep_LLM_Jobs_broker/jobs/20260731-171536-luqia-vllm-calibration-l40s-neptune-r3/calibration_results/shard_0/full_observability/phase2-full-grid-rerun-20260731-l40s-l40s-tp1-f2520-i128-o32-r50-rep1-seg1-attempt2/combined_server.log,1851,07-31 17:31:32,iteration,,"[0;36m(EngineCore_DP0 pid=2667193)[0;0m INFO 07-31 17:31:32 [core.py:348] Iteration(326): 0 context requests, 0 context tokens, 33 generation requests, 33 generation tokens, iteration elapsed time: 16.08 ms"
combined,/data/users/chjing/Sweep_LLM_Jobs_broker/jobs/20260731-171536-luqia-vllm-calibration-l40s-neptune-r3/calibration_results/shard_0/full_observability/phase2-full-grid-rerun-20260731-l40s-l40s-tp1-f2520-i128-o32-r50-rep1-seg1-attempt2/combined_server.log,1852,07-31 17:31:32,iteration,,"[0;36m(EngineCore_DP0 pid=2667193)[0;0m INFO 07-31 17:31:32 [core.py:348] Iteration(327): 0 context requests, 0 context tokens, 31 generation requests, 31 generation tokens, iteration elapsed time: 16.78 ms"
combined,/data/users/chjing/Sweep_LLM_Jobs_broker/jobs/20260731-171536-luqia-vllm-calibration-l40s-neptune-r3/calibration_results/shard_0/full_observability/phase2-full-grid-rerun-20260731-l40s-l40s-tp1-f2520-i128-o32-r50-rep1-seg1-attempt2/combined_server.log,1853,07-31 17:31:32,iteration,,"[0;36m(EngineCore_DP0 pid=2667193)[0;0m INFO 07-31 17:31:32 [core.py:348] Iteration(328): 0 context requests, 0 context tokens, 30 generation requests, 30 generation tokens, iteration elapsed time: 16.66 ms"
combined,/data/users/chjing/Sweep_LLM_Jobs_broker/jobs/20260731-171536-luqia-vllm-calibration-l40s-neptune-r3/calibration_results/shard_0/full_observability/phase2-full-grid-rerun-20260731-l40s-l40s-tp1-f2520-i128-o32-r50-rep1-seg1-attempt2/combined_server.log,1854,07-31 17:31:32,iteration,,"[0;36m(EngineCore_DP0 pid=2667193)[0;0m INFO 07-31 17:31:32 [core.py:348] Iteration(329): 0 context requests, 0 context tokens, 28 generation requests, 28 generation tokens, iteration elapsed time: 16.65 ms"
combined,/data/users/chjing/Sweep_LLM_Jobs_broker/jobs/20260731-171536-luqia-vllm-calibration-l40s-neptune-r3/calibration_results/shard_0/full_observability/phase2-full-grid-rerun-20260731-l40s-l40s-tp1-f2520-i128-o32-r50-rep1-seg1-attempt2/combined_server.log,1855,07-31 17:31:32,iteration,,"[0;36m(EngineCore_DP0 pid=2667193)[0;0m INFO 07-31 17:31:32 [core.py:348] Iteration(330): 0 context requests, 0 context tokens, 27 generation requests, 27 generation tokens, iteration elapsed time: 17.03 ms"
combined,/data/users/chjing/Sweep_LLM_Jobs_broker/jobs/20260731-171536-luqia-vllm-calibration-l40s-neptune-r3/calibration_results/shard_0/full_observability/phase2-full-grid-rerun-20260731-l40s-l40s-tp1-f2520-i128-o32-r50-rep1-seg1-attempt2/combined_server.log,1856,07-31 17:31:32,iteration,,"[0;36m(EngineCore_DP0 pid=2667193)[0;0m INFO 07-31 17:31:32 [core.py:348] Iteration(331): 0 context requests, 0 context tokens, 25 generation requests, 25 generation tokens, iteration elapsed time: 15.90 ms"
combined,/data/users/chjing/Sweep_LLM_Jobs_broker/jobs/20260731-171536-luqia-vllm-calibration-l40s-neptune-r3/calibration_results/shard_0/full_observability/phase2-full-grid-rerun-20260731-l40s-l40s-tp1-f2520-i128-o32-r50-rep1-seg1-attempt2/combined_server.log,1858,07-31 17:31:32,iteration,,"[0;36m(EngineCore_DP0 pid=2667193)[0;0m INFO 07-31 17:31:32 [core.py:348] Iteration(332): 0 context requests, 0 context tokens, 24 generation requests, 24 generation tokens, iteration elapsed time: 16.92 ms"
combined,/data/users/chjing/Sweep_LLM_Jobs_broker/jobs/20260731-171536-luqia-vllm-calibration-l40s-neptune-r3/calibration_results/shard_0/full_observability/phase2-full-grid-rerun-20260731-l40s-l40s-tp1-f2520-i128-o32-r50-rep1-seg1-attempt2/combined_server.log,1859,07-31 17:31:32,iteration,,"[0;36m(EngineCore_DP0 pid=2667193)[0;0m INFO 07-31 17:31:32 [core.py:348] Iteration(333): 0 context requests, 0 context tokens, 23 generation requests, 23 generation tokens, iteration elapsed time: 16.89 ms"
combined,/data/users/chjing/Sweep_LLM_Jobs_broker/jobs/20260731-171536-luqia-vllm-calibration-l40s-neptune-r3/calibration_results/shard_0/full_observability/phase2-full-grid-rerun-20260731-l40s-l40s-tp1-f2520-i128-o32-r50-rep1-seg1-attempt2/combined_server.log,1860,07-31 17:31:32,iteration,,"[0;36m(EngineCore_DP0 pid=2667193)[0;0m INFO 07-31 17:31:32 [core.py:348] Iteration(334): 0 context requests, 0 context tokens, 20 generation requests, 20 generation tokens, iteration elapsed time: 16.63 ms"
combined,/data/users/chjing/Sweep_LLM_Jobs_broker/jobs/20260731-171536-luqia-vllm-calibration-l40s-neptune-r3/calibration_results/shard_0/full_observability/phase2-full-grid-rerun-20260731-l40s-l40s-tp1-f2520-i128-o32-r50-rep1-seg1-attempt2/combined_server.log,1861,07-31 17:31:32,iteration,,"[0;36m(EngineCore_DP0 pid=2667193)[0;0m INFO 07-31 17:31:32 [core.py:348] Iteration(335): 0 context requests, 0 context tokens, 19 generation requests, 19 generation tokens, iteration elapsed time: 15.07 ms"
combined,/data/users/chjing/Sweep_LLM_Jobs_broker/jobs/20260731-171536-luqia-vllm-calibration-l40s-neptune-r3/calibration_results/shard_0/full_observability/phase2-full-grid-rerun-20260731-l40s-l40s-tp1-f2520-i128-o32-r50-rep1-seg1-attempt2/combined_server.log,1862,07-31 17:31:32,iteration,,"[0;36m(EngineCore_DP0 pid=2667193)[0;0m INFO 07-31 17:31:32 [core.py:348] Iteration(336): 0 context requests, 0 context tokens, 18 generation requests, 18 generation tokens, iteration elapsed time: 13.85 ms"
combined,/data/users/chjing/Sweep_LLM_Jobs_broker/jobs/20260731-171536-luqia-vllm-calibration-l40s-neptune-r3/calibration_results/shard_0/full_observability/phase2-full-grid-rerun-20260731-l40s-l40s-tp1-f2520-i128-o32-r50-rep1-seg1-attempt2/combined_server.log,1863,07-31 17:31:32,iteration,,"[0;36m(EngineCore_DP0 pid=2667193)[0;0m INFO 07-31 17:31:32 [core.py:348] Iteration(337): 0 context requests, 0 context tokens, 15 generation requests, 15 generation tokens, iteration elapsed time: 14.13 ms"
combined,/data/users/chjing/Sweep_LLM_Jobs_broker/jobs/20260731-171536-luqia-vllm-calibration-l40s-neptune-r3/calibration_results/shard_0/full_observability/phase2-full-grid-rerun-20260731-l40s-l40s-tp1-f2520-i128-o32-r50-rep1-seg1-attempt2/combined_server.log,1864,07-31 17:31:32,iteration,,"[0;36m(EngineCore_DP0 pid=2667193)[0;0m INFO 07-31 17:31:32 [core.py:348] Iteration(338): 0 context requests, 0 context tokens, 14 generation requests, 14 generation tokens, iteration elapsed time: 14.26 ms"
combined,/data/users/chjing/Sweep_LLM_Jobs_broker/jobs/20260731-171536-luqia-vllm-calibration-l40s-neptune-r3/calibration_results/shard_0/full_observability/phase2-full-grid-rerun-20260731-l40s-l40s-tp1-f2520-i128-o32-r50-rep1-seg1-attempt2/combined_server.log,1865,07-31 17:31:32,iteration,,"[0;36m(EngineCore_DP0 pid=2667193)[0;0m INFO 07-31 17:31:32 [core.py:348] Iteration(339): 0 context requests, 0 context tokens, 11 generation requests, 11 generation tokens, iteration elapsed time: 14.41 ms"
combined,/data/users/chjing/Sweep_LLM_Jobs_broker/jobs/20260731-171536-luqia-vllm-calibration-l40s-neptune-r3/calibration_results/shard_0/full_observability/phase2-full-grid-rerun-20260731-l40s-l40s-tp1-f2520-i128-o32-r50-rep1-seg1-attempt2/combined_server.log,1866,07-31 17:31:32,iteration,,"[0;36m(EngineCore_DP0 pid=2667193)[0;0m INFO 07-31 17:31:32 [core.py:348] Iteration(340): 0 context requests, 0 context tokens, 10 generation requests, 10 generation tokens, iteration elapsed time: 15.26 ms"
combined,/data/users/chjing/Sweep_LLM_Jobs_broker/jobs/20260731-171536-luqia-vllm-calibration-l40s-neptune-r3/calibration_results/shard_0/full_observability/phase2-full-grid-rerun-20260731-l40s-l40s-tp1-f2520-i128-o32-r50-rep1-seg1-attempt2/combined_server.log,1867,07-31 17:31:32,iteration,,"[0;36m(EngineCore_DP0 pid=2667193)[0;0m INFO 07-31 17:31:32 [core.py:348] Iteration(341): 0 context requests, 0 context tokens, 10 generation requests, 10 generation tokens, iteration elapsed time: 14.38 ms"
combined,/data/users/chjing/Sweep_LLM_Jobs_broker/jobs/20260731-171536-luqia-vllm-calibration-l40s-neptune-r3/calibration_results/shard_0/full_observability/phase2-full-grid-rerun-20260731-l40s-l40s-tp1-f2520-i128-o32-r50-rep1-seg1-attempt2/combined_server.log,1868,07-31 17:31:32,iteration,,"[0;36m(EngineCore_DP0 pid=2667193)[0;0m INFO 07-31 17:31:32 [core.py:348] Iteration(342): 0 context requests, 0 context tokens, 7 generation requests, 7 generation tokens, iteration elapsed time: 14.96 ms"
combined,/data/users/chjing/Sweep_LLM_Jobs_broker/jobs/20260731-171536-luqia-vllm-calibration-l40s-neptune-r3/calibration_results/shard_0/full_observability/phase2-full-grid-rerun-20260731-l40s-l40s-tp1-f2520-i128-o32-r50-rep1-seg1-attempt2/combined_server.log,1869,07-31 17:31:32,iteration,,"[0;36m(EngineCore_DP0 pid=2667193)[0;0m INFO 07-31 17:31:32 [core.py:348] Iteration(343): 0 context requests, 0 context tokens, 7 generation requests, 7 generation tokens, iteration elapsed time: 13.91 ms"
combined,/data/users/chjing/Sweep_LLM_Jobs_broker/jobs/20260731-171536-luqia-vllm-calibration-l40s-neptune-r3/calibration_results/shard_0/full_observability/phase2-full-grid-rerun-20260731-l40s-l40s-tp1-f2520-i128-o32-r50-rep1-seg1-attempt2/combined_server.log,1870,07-31 17:31:33,iteration,,"[0;36m(EngineCore_DP0 pid=2667193)[0;0m INFO 07-31 17:31:33 [core.py:348] Iteration(344): 0 context requests, 0 context tokens, 4 generation requests, 4 generation tokens, iteration elapsed time: 12.32 ms"
combined,/data/users/chjing/Sweep_LLM_Jobs_broker/jobs/20260731-171536-luqia-vllm-calibration-l40s-neptune-r3/calibration_results/shard_0/full_observability/phase2-full-grid-rerun-20260731-l40s-l40s-tp1-f2520-i128-o32-r50-rep1-seg1-attempt2/combined_server.log,1871,07-31 17:31:33,iteration,,"[0;36m(EngineCore_DP0 pid=2667193)[0;0m INFO 07-31 17:31:33 [core.py:348] Iteration(345): 0 context requests, 0 context tokens, 2 generation requests, 2 generation tokens, iteration elapsed time: 18.98 ms"
combined,/data/users/chjing/Sweep_LLM_Jobs_broker/jobs/20260731-171536-luqia-vllm-calibration-l40s-neptune-r3/calibration_results/shard_0/full_observability/phase2-full-grid-rerun-20260731-l40s-l40s-tp1-f2520-i128-o32-r50-rep1-seg1-attempt2/combined_server.log,1872,07-31 17:31:33,iteration,,"[0;36m(EngineCore_DP0 pid=2667193)[0;0m INFO 07-31 17:31:33 [core.py:348] Iteration(346): 0 context requests, 0 context tokens, 0 generation requests, 0 generation tokens, iteration elapsed time: 0.01 ms"
combined,/data/users/chjing/Sweep_LLM_Jobs_broker/jobs/20260731-171536-luqia-vllm-calibration-l40s-neptune-r3/calibration_results/shard_0/full_observability/phase2-full-grid-rerun-20260731-l40s-l40s-tp1-f2520-i128-o32-r50-rep1-seg1-attempt2/combined_server.log,1873,07-31 17:31:33,iteration,,"[0;36m(EngineCore_DP0 pid=2667193)[0;0m INFO 07-31 17:31:33 [core.py:348] Iteration(347): 0 context requests, 0 context tokens, 0 generation requests, 0 generation tokens, iteration elapsed time: 0.02 ms"
combined,/data/users/chjing/Sweep_LLM_Jobs_broker/jobs/20260731-171536-luqia-vllm-calibration-l40s-neptune-r3/calibration_results/shard_0/full_observability/phase2-full-grid-rerun-20260731-l40s-l40s-tp1-f2520-i128-o32-r50-rep1-seg1-attempt2/combined_server.log,1878,07-31 17:31:40,scheduler,,"[0;36m(APIServer pid=2666970)[0;0m INFO 07-31 17:31:40 [loggers.py:257] Engine 000: Avg prompt throughput: 1190.3 tokens/s, Avg generation throughput: 374.8 tokens/s, Running: 0 reqs, Waiting: 0 reqs, GPU KV cache usage: 0.0%, Prefix cache hit rate: 0.0%"
