{
  "slo": {
    "ttft_ms": 500.0,
    "tpot_ms": 200.0
  },
  "saturation_definition": "inconclusive for fixed-count finite-rate Poisson windows; throughput ratio includes arrival spacing and tail drain",
  "power_scope": "8 GPU board-power streams; excludes CPU, RAM, NIC, and fans",
  "power_source": "allocation_wide_multi_gpu_monitor",
  "gpu_stream_count": 8,
  "workloads": [
    {
      "workload": {
        "seq": 1,
        "workload_id": "baseline_short",
        "input_len": 32,
        "output_len": 32,
        "configured_request_rate_rps": 1.0,
        "decision_status": "OK",
        "decision_mode": "safe_min_power",
        "num_candidates": 100,
        "num_safe": 90
      },
      "decision": {
        "status": "OK",
        "decision_mode": "safe_min_power",
        "policy": "latency_plus_saturation",
        "placement": "l40s-prefill-l4-decode",
        "workload": {
          "il": 32,
          "ol": 32,
          "rate": 1.0
        },
        "instances": {
          "prefill": 1,
          "decode": 1
        },
        "slos": {
          "ttft_ms": 500,
          "tpot_ms": 200
        },
        "kv_transfer_model": {
          "enabled": true,
          "formula": "T_kv = input_tokens * (2 * layers * num_kv_heads * head_dim * bytes_per_element) * 8 / effective_bandwidth_gbps",
          "ttft_formula": "predicted_p99_ttft = predicted_p99_queue_plus_prefill + T_kv + T_dispatch",
          "input_tokens": 32,
          "num_layers": 32,
          "num_kv_heads": 8,
          "head_dim": 128,
          "bytes_per_element": 2,
          "kv_bytes_per_token": 131072,
          "kv_total_bytes": 4194304,
          "effective_bandwidth_gbps": 24.076,
          "kv_transfer_ms": 1.393688,
          "dispatch_ms": 0.0
        },
        "saturation_threshold": 0.3,
        "tp_per_role": 1,
        "recommended": {
          "prefill": {
            "phase": "prefill",
            "gpu_type": "l40s",
            "node_group": "neptune",
            "tp": 1,
            "freq_mhz": 480,
            "rec_freq_mhz": 480,
            "is_safe": true,
            "p_violate": 0.0047,
            "rho_phase": 0.0309,
            "rho_total": 0.0402,
            "latency_ms": 112.4,
            "power_per_gpu_w": 104.9,
            "total_power_w": 104.9,
            "p99_ttft_ms": 113.8,
            "p_saturated": 0.024298,
            "p_saturated_min": 0.016867,
            "p_saturated_max": 0.035167,
            "saturation_threshold": 0.3,
            "saturation_safe": true,
            "per_seed": [
              {
                "seed": 3,
                "probability": 0.035167
              },
              {
                "seed": 7,
                "probability": 0.020341
              },
              {
                "seed": 11,
                "probability": 0.016867
              },
              {
                "seed": 19,
                "probability": 0.030239
              },
              {
                "seed": 23,
                "probability": 0.018878
              }
            ],
            "instance_count": 1,
            "effective_request_rate_per_instance": 1.0,
            "p99_queue_plus_prefill_ms": 112.4,
            "kv_transfer_ms": 1.393688,
            "dispatch_ms": 0.0,
            "ttft_components_ms": {
              "queue_plus_prefill": 112.4,
              "kv_transfer": 1.393688,
              "dispatch": 0.0,
              "total": 113.8
            }
          },
          "decode": {
            "phase": "decode",
            "gpu_type": "l4",
            "node_group": "ganymede",
            "tp": 1,
            "freq_mhz": 360,
            "rec_freq_mhz": 360,
            "is_safe": true,
            "p_violate": 0.0711,
            "rho_phase": 0.0098,
            "rho_total": 0.0426,
            "latency_ms": 154.4,
            "power_per_gpu_w": 42.9,
            "total_power_w": 42.9,
            "p99_tpot_ms": 154.4,
            "p_saturated": 0.079869,
            "p_saturated_min": 0.072337,
            "p_saturated_max": 0.084664,
            "saturation_threshold": 0.3,
            "saturation_safe": true,
            "per_seed": [
              {
                "seed": 3,
                "probability": 0.081018
              },
              {
                "seed": 7,
                "probability": 0.076868
              },
              {
                "seed": 11,
                "probability": 0.084664
              },
              {
                "seed": 19,
                "probability": 0.084456
              },
              {
                "seed": 23,
                "probability": 0.072337
              }
            ],
            "instance_count": 1,
            "effective_request_rate_per_instance": 1.0
          },
          "latency_safe": true,
          "saturation_safe": true,
          "is_safe": true,
          "predicted_joint_latency_violation_probability": 0.075466,
          "predicted_joint_saturation_probability": 0.102226,
          "predicted_overload_violation_probability": 0.169978,
          "predicted_ttft_excess_ratio": 0.0,
          "predicted_tpot_excess_ratio": 0.0,
          "predicted_max_slo_excess_ratio": 0.0,
          "predicted_cluster_power_w": 147.8,
          "predicted_energy_per_request_j": 147.8
        },
        "alternatives": [
          {
            "prefill": {
              "phase": "prefill",
              "gpu_type": "l40s",
              "node_group": "neptune",
              "tp": 1,
              "freq_mhz": 480,
              "rec_freq_mhz": 480,
              "is_safe": true,
              "p_violate": 0.0047,
              "rho_phase": 0.0309,
              "rho_total": 0.0402,
              "latency_ms": 112.4,
              "power_per_gpu_w": 104.9,
              "total_power_w": 104.9,
              "p99_ttft_ms": 113.8,
              "p_saturated": 0.024298,
              "p_saturated_min": 0.016867,
              "p_saturated_max": 0.035167,
              "saturation_threshold": 0.3,
              "saturation_safe": true,
              "per_seed": [
                {
                  "seed": 3,
                  "probability": 0.035167
                },
                {
                  "seed": 7,
                  "probability": 0.020341
                },
                {
                  "seed": 11,
                  "probability": 0.016867
                },
                {
                  "seed": 19,
                  "probability": 0.030239
                },
                {
                  "seed": 23,
                  "probability": 0.018878
                }
              ],
              "instance_count": 1,
              "effective_request_rate_per_instance": 1.0,
              "p99_queue_plus_prefill_ms": 112.4,
              "kv_transfer_ms": 1.393688,
              "dispatch_ms": 0.0,
              "ttft_components_ms": {
                "queue_plus_prefill": 112.4,
                "kv_transfer": 1.393688,
                "dispatch": 0.0,
                "total": 113.8
              }
            },
            "decode": {
              "phase": "decode",
              "gpu_type": "l4",
              "node_group": "ganymede",
              "tp": 1,
              "freq_mhz": 570,
              "rec_freq_mhz": 570,
              "is_safe": true,
              "p_violate": 0.0037,
              "rho_phase": 0.0116,
              "rho_total": 0.0503,
              "latency_ms": 151.6,
              "power_per_gpu_w": 43.1,
              "total_power_w": 43.1,
              "p99_tpot_ms": 151.6,
              "p_saturated": 0.076707,
              "p_saturated_min": 0.072337,
              "p_saturated_max": 0.084456,
              "saturation_threshold": 0.3,
              "saturation_safe": true,
              "per_seed": [
                {
                  "seed": 3,
                  "probability": 0.076162
                },
                {
                  "seed": 7,
                  "probability": 0.076868
                },
                {
                  "seed": 11,
                  "probability": 0.073713
                },
                {
                  "seed": 19,
                  "probability": 0.084456
                },
                {
                  "seed": 23,
                  "probability": 0.072337
                }
              ],
              "instance_count": 1,
              "effective_request_rate_per_instance": 1.0
            },
            "latency_safe": true,
            "saturation_safe": true,
            "is_safe": true,
            "predicted_joint_latency_violation_probability": 0.008383,
            "predicted_joint_saturation_probability": 0.099141,
            "predicted_overload_violation_probability": 0.106693,
            "predicted_ttft_excess_ratio": 0.0,
            "predicted_tpot_excess_ratio": 0.0,
            "predicted_max_slo_excess_ratio": 0.0,
            "predicted_cluster_power_w": 148.0,
            "predicted_energy_per_request_j": 148.0
          },
          {
            "prefill": {
              "phase": "prefill",
              "gpu_type": "l40s",
              "node_group": "neptune",
              "tp": 1,
              "freq_mhz": 210,
              "rec_freq_mhz": 210,
              "is_safe": true,
              "p_violate": 0.0232,
              "rho_phase": 0.0518,
              "rho_total": 0.0673,
              "latency_ms": 135.9,
              "power_per_gpu_w": 105.7,
              "total_power_w": 105.7,
              "p99_ttft_ms": 137.3,
              "p_saturated": 0.108784,
              "p_saturated_min": 0.065579,
              "p_saturated_max": 0.231864,
              "saturation_threshold": 0.3,
              "saturation_safe": true,
              "per_seed": [
                {
                  "seed": 3,
                  "probability": 0.091974
                },
                {
                  "seed": 7,
                  "probability": 0.231864
                },
                {
                  "seed": 11,
                  "probability": 0.083063
                },
                {
                  "seed": 19,
                  "probability": 0.065579
                },
                {
                  "seed": 23,
                  "probability": 0.071438
                }
              ],
              "instance_count": 1,
              "effective_request_rate_per_instance": 1.0,
              "p99_queue_plus_prefill_ms": 135.9,
              "kv_transfer_ms": 1.393688,
              "dispatch_ms": 0.0,
              "ttft_components_ms": {
                "queue_plus_prefill": 135.9,
                "kv_transfer": 1.393688,
                "dispatch": 0.0,
                "total": 137.3
              }
            },
            "decode": {
              "phase": "decode",
              "gpu_type": "l4",
              "node_group": "ganymede",
              "tp": 1,
              "freq_mhz": 360,
              "rec_freq_mhz": 360,
              "is_safe": true,
              "p_violate": 0.0711,
              "rho_phase": 0.0098,
              "rho_total": 0.0426,
              "latency_ms": 154.4,
              "power_per_gpu_w": 42.9,
              "total_power_w": 42.9,
              "p99_tpot_ms": 154.4,
              "p_saturated": 0.079869,
              "p_saturated_min": 0.072337,
              "p_saturated_max": 0.084664,
              "saturation_threshold": 0.3,
              "saturation_safe": true,
              "per_seed": [
                {
                  "seed": 3,
                  "probability": 0.081018
                },
                {
                  "seed": 7,
                  "probability": 0.076868
                },
                {
                  "seed": 11,
                  "probability": 0.084664
                },
                {
                  "seed": 19,
                  "probability": 0.084456
                },
                {
                  "seed": 23,
                  "probability": 0.072337
                }
              ],
              "instance_count": 1,
              "effective_request_rate_per_instance": 1.0
            },
            "latency_safe": true,
            "saturation_safe": true,
            "is_safe": true,
            "predicted_joint_latency_violation_probability": 0.09265,
            "predicted_joint_saturation_probability": 0.179965,
            "predicted_overload_violation_probability": 0.255941,
            "predicted_ttft_excess_ratio": 0.0,
            "predicted_tpot_excess_ratio": 0.0,
            "predicted_max_slo_excess_ratio": 0.0,
            "predicted_cluster_power_w": 148.6,
            "predicted_energy_per_request_j": 148.6
          },
          {
            "prefill": {
              "phase": "prefill",
              "gpu_type": "l40s",
              "node_group": "neptune",
              "tp": 1,
              "freq_mhz": 210,
              "rec_freq_mhz": 210,
              "is_safe": true,
              "p_violate": 0.0232,
              "rho_phase": 0.0518,
              "rho_total": 0.0673,
              "latency_ms": 135.9,
              "power_per_gpu_w": 105.7,
              "total_power_w": 105.7,
              "p99_ttft_ms": 137.3,
              "p_saturated": 0.108784,
              "p_saturated_min": 0.065579,
              "p_saturated_max": 0.231864,
              "saturation_threshold": 0.3,
              "saturation_safe": true,
              "per_seed": [
                {
                  "seed": 3,
                  "probability": 0.091974
                },
                {
                  "seed": 7,
                  "probability": 0.231864
                },
                {
                  "seed": 11,
                  "probability": 0.083063
                },
                {
                  "seed": 19,
                  "probability": 0.065579
                },
                {
                  "seed": 23,
                  "probability": 0.071438
                }
              ],
              "instance_count": 1,
              "effective_request_rate_per_instance": 1.0,
              "p99_queue_plus_prefill_ms": 135.9,
              "kv_transfer_ms": 1.393688,
              "dispatch_ms": 0.0,
              "ttft_components_ms": {
                "queue_plus_prefill": 135.9,
                "kv_transfer": 1.393688,
                "dispatch": 0.0,
                "total": 137.3
              }
            },
            "decode": {
              "phase": "decode",
              "gpu_type": "l4",
              "node_group": "ganymede",
              "tp": 1,
              "freq_mhz": 570,
              "rec_freq_mhz": 570,
              "is_safe": true,
              "p_violate": 0.0037,
              "rho_phase": 0.0116,
              "rho_total": 0.0503,
              "latency_ms": 151.6,
              "power_per_gpu_w": 43.1,
              "total_power_w": 43.1,
              "p99_tpot_ms": 151.6,
              "p_saturated": 0.076707,
              "p_saturated_min": 0.072337,
              "p_saturated_max": 0.084456,
              "saturation_threshold": 0.3,
              "saturation_safe": true,
              "per_seed": [
                {
                  "seed": 3,
                  "probability": 0.076162
                },
                {
                  "seed": 7,
                  "probability": 0.076868
                },
                {
                  "seed": 11,
                  "probability": 0.073713
                },
                {
                  "seed": 19,
                  "probability": 0.084456
                },
                {
                  "seed": 23,
                  "probability": 0.072337
                }
              ],
              "instance_count": 1,
              "effective_request_rate_per_instance": 1.0
            },
            "latency_safe": true,
            "saturation_safe": true,
            "is_safe": true,
            "predicted_joint_latency_violation_probability": 0.026814,
            "predicted_joint_saturation_probability": 0.177147,
            "predicted_overload_violation_probability": 0.199211,
            "predicted_ttft_excess_ratio": 0.0,
            "predicted_tpot_excess_ratio": 0.0,
            "predicted_max_slo_excess_ratio": 0.0,
            "predicted_cluster_power_w": 148.8,
            "predicted_energy_per_request_j": 148.8
          }
        ],
        "num_candidates": 100,
        "num_latency_safe": 90,
        "num_saturation_safe": 100,
        "num_safe": 90
      },
      "performance": {
        "successful_requests": 10,
        "failed_requests": 0,
        "benchmark_duration_s": 12.23,
        "request_throughput_rps": 0.82,
        "output_token_throughput_tps": 26.16,
        "total_token_throughput_tps": 51.51,
        "p99_ttft_ms": 287.63,
        "p99_tpot_ms": 64.8,
        "p99_itl_ms": 73.73,
        "throughput_ratio": 0.82,
        "measured_saturated": null,
        "saturation_assessment": "INCONCLUSIVE_FINITE_POISSON",
        "ttft_slo_ok": true,
        "tpot_slo_ok": true
      },
      "telemetry": {
        "decode_ganymede_decode-2": {
          "samples": 0
        },
        "decode_ganymede_decode-3": {
          "samples": 0
        },
        "decode_ganymede_decode-4": {
          "samples": 0
        },
        "decode_ganymede": {
          "samples": 50,
          "target_freq_mhz": 360.0,
          "gpu_util_avg_pct": 40.0,
          "gpu_util_max_pct": 100.0,
          "gpu_power_avg_w": 33.315599999999996,
          "gpu_power_max_w": 55.73,
          "gpu_sm_clock_avg_mhz": 360.0,
          "gpu_sm_clock_max_mhz": 360.0,
          "gpu_sm_clock_min_mhz": 360.0,
          "gpu_memory_used_avg_mib": 18667.76,
          "gpu_memory_used_max_mib": 18677.0,
          "gpu_mem_util_avg_pct": 40.0,
          "gpu_mem_util_max_pct": 100.0,
          "gpu_power_limit_avg_w": 72.0,
          "gpu_power_limit_max_w": 72.0,
          "gpu_mem_clock_avg_mhz": 6251.0,
          "gpu_mem_clock_max_mhz": 6251.0,
          "gpu_temperature_avg_c": 40.44,
          "gpu_temperature_max_c": 44.0,
          "network_rx_bytes": 54369743.0,
          "network_tx_bytes": 5713793.0,
          "gpu_pstate_mode": "P0"
        },
        "prefill_neptune_prefill-2": {
          "samples": 0
        },
        "prefill_neptune_prefill-3": {
          "samples": 0
        },
        "prefill_neptune_prefill-4": {
          "samples": 0
        },
        "prefill_neptune": {
          "samples": 54,
          "target_freq_mhz": 480.0,
          "gpu_util_avg_pct": 1.5925925925925926,
          "gpu_util_max_pct": 39.0,
          "gpu_power_avg_w": 60.88296296296296,
          "gpu_power_max_w": 70.37,
          "gpu_sm_clock_avg_mhz": 480.0,
          "gpu_sm_clock_max_mhz": 480.0,
          "gpu_sm_clock_min_mhz": 480.0,
          "gpu_memory_used_avg_mib": 37815.74074074074,
          "gpu_memory_used_max_mib": 37817.0,
          "gpu_mem_util_avg_pct": 1.0925925925925926,
          "gpu_mem_util_max_pct": 28.0,
          "gpu_power_limit_avg_w": 350.0,
          "gpu_power_limit_max_w": 350.0,
          "gpu_mem_clock_avg_mhz": 9001.0,
          "gpu_mem_clock_max_mhz": 9001.0,
          "gpu_temperature_avg_c": 28.01851851851852,
          "gpu_temperature_max_c": 29.0,
          "network_rx_bytes": 273240.0,
          "network_tx_bytes": 48815257.0,
          "gpu_pstate_mode": "P0"
        }
      },
      "energy": {
        "gpu_stream_count": 8,
        "covered_gpu_stream_count": 8,
        "min_gpu_coverage_ratio": 1.0,
        "neptune_energy_j": 4915.9365921014505,
        "ganymede_energy_j": 2591.6872979764903,
        "combined_energy_j": 7507.623890077942,
        "combined_avg_power_w": 237.20584143262354,
        "energy_per_request_j": 750.7623890077941
      },
      "summary": {
        "seq": 1,
        "workload_id": "baseline_short",
        "input_len": 32,
        "output_len": 32,
        "configured_request_rate_rps": 1.0,
        "decision_status": "OK",
        "decision_mode": "safe_min_power",
        "num_candidates": 100,
        "num_safe": 90,
        "recommended_is_safe": true,
        "prefill_gpu": "l40s",
        "prefill_instances": 1,
        "prefill_request_rate_per_instance_rps": 1.0,
        "prefill_target_freq_mhz": 480,
        "prefill_predicted_p99_ttft_ms": 113.8,
        "prefill_predicted_p99_queue_plus_prefill_ms": 112.4,
        "predicted_kv_transfer_ms": 1.393688,
        "predicted_dispatch_ms": 0.0,
        "kv_bytes_per_token": 131072,
        "kv_total_bytes": 4194304,
        "kv_effective_bandwidth_gbps": 24.076,
        "prefill_predicted_p_saturated": 0.024298,
        "decode_gpu": "l4",
        "decode_instances": 1,
        "decode_request_rate_per_instance_rps": 1.0,
        "decode_target_freq_mhz": 360,
        "decode_predicted_p99_tpot_ms": 154.4,
        "decode_predicted_p_saturated": 0.079869,
        "predicted_cluster_power_w": 147.8,
        "actual_successful_requests": 10,
        "actual_failed_requests": 0,
        "actual_benchmark_duration_s": 12.23,
        "actual_request_throughput_rps": 0.82,
        "actual_output_token_throughput_tps": 26.16,
        "actual_total_token_throughput_tps": 51.51,
        "actual_p99_ttft_ms": 287.63,
        "actual_p99_tpot_ms": 64.8,
        "actual_p99_itl_ms": 73.73,
        "actual_throughput_ratio": 0.82,
        "actual_measured_saturated": null,
        "actual_saturation_assessment": "INCONCLUSIVE_FINITE_POISSON",
        "actual_ttft_slo_ok": true,
        "actual_tpot_slo_ok": true,
        "decode_ganymede_decode-2_samples": 0,
        "decode_ganymede_decode-3_samples": 0,
        "decode_ganymede_decode-4_samples": 0,
        "decode_ganymede_samples": 50,
        "decode_ganymede_target_freq_mhz": 360.0,
        "decode_ganymede_gpu_util_avg_pct": 40.0,
        "decode_ganymede_gpu_util_max_pct": 100.0,
        "decode_ganymede_gpu_power_avg_w": 33.3156,
        "decode_ganymede_gpu_power_max_w": 55.73,
        "decode_ganymede_gpu_sm_clock_avg_mhz": 360.0,
        "decode_ganymede_gpu_sm_clock_max_mhz": 360.0,
        "decode_ganymede_gpu_sm_clock_min_mhz": 360.0,
        "decode_ganymede_gpu_memory_used_avg_mib": 18667.76,
        "decode_ganymede_gpu_memory_used_max_mib": 18677.0,
        "decode_ganymede_gpu_mem_util_avg_pct": 40.0,
        "decode_ganymede_gpu_mem_util_max_pct": 100.0,
        "decode_ganymede_gpu_power_limit_avg_w": 72.0,
        "decode_ganymede_gpu_power_limit_max_w": 72.0,
        "decode_ganymede_gpu_mem_clock_avg_mhz": 6251.0,
        "decode_ganymede_gpu_mem_clock_max_mhz": 6251.0,
        "decode_ganymede_gpu_temperature_avg_c": 40.44,
        "decode_ganymede_gpu_temperature_max_c": 44.0,
        "decode_ganymede_network_rx_bytes": 54369743.0,
        "decode_ganymede_network_tx_bytes": 5713793.0,
        "decode_ganymede_gpu_pstate_mode": "P0",
        "prefill_neptune_prefill-2_samples": 0,
        "prefill_neptune_prefill-3_samples": 0,
        "prefill_neptune_prefill-4_samples": 0,
        "prefill_neptune_samples": 54,
        "prefill_neptune_target_freq_mhz": 480.0,
        "prefill_neptune_gpu_util_avg_pct": 1.592593,
        "prefill_neptune_gpu_util_max_pct": 39.0,
        "prefill_neptune_gpu_power_avg_w": 60.882963,
        "prefill_neptune_gpu_power_max_w": 70.37,
        "prefill_neptune_gpu_sm_clock_avg_mhz": 480.0,
        "prefill_neptune_gpu_sm_clock_max_mhz": 480.0,
        "prefill_neptune_gpu_sm_clock_min_mhz": 480.0,
        "prefill_neptune_gpu_memory_used_avg_mib": 37815.740741,
        "prefill_neptune_gpu_memory_used_max_mib": 37817.0,
        "prefill_neptune_gpu_mem_util_avg_pct": 1.092593,
        "prefill_neptune_gpu_mem_util_max_pct": 28.0,
        "prefill_neptune_gpu_power_limit_avg_w": 350.0,
        "prefill_neptune_gpu_power_limit_max_w": 350.0,
        "prefill_neptune_gpu_mem_clock_avg_mhz": 9001.0,
        "prefill_neptune_gpu_mem_clock_max_mhz": 9001.0,
        "prefill_neptune_gpu_temperature_avg_c": 28.018519,
        "prefill_neptune_gpu_temperature_max_c": 29.0,
        "prefill_neptune_network_rx_bytes": 273240.0,
        "prefill_neptune_network_tx_bytes": 48815257.0,
        "prefill_neptune_gpu_pstate_mode": "P0",
        "gpu_stream_count": 8,
        "covered_gpu_stream_count": 8,
        "min_gpu_coverage_ratio": 1.0,
        "neptune_energy_j": 4915.936592,
        "ganymede_energy_j": 2591.687298,
        "combined_energy_j": 7507.62389,
        "combined_avg_power_w": 237.205841,
        "energy_per_request_j": 750.762389
      }
    },
    {
      "workload": {
        "seq": 2,
        "workload_id": "decode_scale_to_2",
        "input_len": 32,
        "output_len": 32,
        "configured_request_rate_rps": 8.0,
        "decision_status": "OK",
        "decision_mode": "safe_min_power",
        "num_candidates": 100,
        "num_safe": 90
      },
      "decision": {
        "status": "OK",
        "decision_mode": "safe_min_power",
        "policy": "latency_plus_saturation",
        "placement": "l40s-prefill-l4-decode",
        "workload": {
          "il": 32,
          "ol": 32,
          "rate": 8.0
        },
        "instances": {
          "prefill": 1,
          "decode": 2
        },
        "slos": {
          "ttft_ms": 500,
          "tpot_ms": 200
        },
        "kv_transfer_model": {
          "enabled": true,
          "formula": "T_kv = input_tokens * (2 * layers * num_kv_heads * head_dim * bytes_per_element) * 8 / effective_bandwidth_gbps",
          "ttft_formula": "predicted_p99_ttft = predicted_p99_queue_plus_prefill + T_kv + T_dispatch",
          "input_tokens": 32,
          "num_layers": 32,
          "num_kv_heads": 8,
          "head_dim": 128,
          "bytes_per_element": 2,
          "kv_bytes_per_token": 131072,
          "kv_total_bytes": 4194304,
          "effective_bandwidth_gbps": 24.076,
          "kv_transfer_ms": 1.393688,
          "dispatch_ms": 0.0
        },
        "saturation_threshold": 0.3,
        "tp_per_role": 1,
        "recommended": {
          "prefill": {
            "phase": "prefill",
            "gpu_type": "l40s",
            "node_group": "neptune",
            "tp": 1,
            "freq_mhz": 210,
            "rec_freq_mhz": 210,
            "is_safe": true,
            "p_violate": 0.0473,
            "rho_phase": 0.4141,
            "rho_total": 0.5383,
            "latency_ms": 185.6,
            "power_per_gpu_w": 122.5,
            "total_power_w": 122.5,
            "p99_ttft_ms": 187.0,
            "p_saturated": 0.166341,
            "p_saturated_min": 0.091187,
            "p_saturated_max": 0.234463,
            "saturation_threshold": 0.3,
            "saturation_safe": true,
            "per_seed": [
              {
                "seed": 3,
                "probability": 0.234463
              },
              {
                "seed": 7,
                "probability": 0.190836
              },
              {
                "seed": 11,
                "probability": 0.19287
              },
              {
                "seed": 19,
                "probability": 0.091187
              },
              {
                "seed": 23,
                "probability": 0.122346
              }
            ],
            "instance_count": 1,
            "effective_request_rate_per_instance": 8.0,
            "p99_queue_plus_prefill_ms": 185.6,
            "kv_transfer_ms": 1.393688,
            "dispatch_ms": 0.0,
            "ttft_components_ms": {
              "queue_plus_prefill": 185.6,
              "kv_transfer": 1.393688,
              "dispatch": 0.0,
              "total": 187.0
            }
          },
          "decode": {
            "phase": "decode",
            "gpu_type": "l4",
            "node_group": "ganymede",
            "tp": 1,
            "freq_mhz": 360,
            "rec_freq_mhz": 360,
            "is_safe": true,
            "p_violate": 0.0573,
            "rho_phase": 0.0393,
            "rho_total": 0.1704,
            "latency_ms": 133.1,
            "power_per_gpu_w": 42.7,
            "total_power_w": 42.7,
            "p99_tpot_ms": 133.1,
            "p_saturated": 0.081364,
            "p_saturated_min": 0.072337,
            "p_saturated_max": 0.091933,
            "saturation_threshold": 0.3,
            "saturation_safe": true,
            "per_seed": [
              {
                "seed": 3,
                "probability": 0.081018
              },
              {
                "seed": 7,
                "probability": 0.076868
              },
              {
                "seed": 11,
                "probability": 0.084664
              },
              {
                "seed": 19,
                "probability": 0.091933
              },
              {
                "seed": 23,
                "probability": 0.072337
              }
            ],
            "instance_count": 2,
            "effective_request_rate_per_instance": 4.0
          },
          "latency_safe": true,
          "saturation_safe": true,
          "is_safe": true,
          "predicted_joint_latency_violation_probability": 0.10189,
          "predicted_joint_saturation_probability": 0.234171,
          "predicted_overload_violation_probability": 0.312201,
          "predicted_ttft_excess_ratio": 0.0,
          "predicted_tpot_excess_ratio": 0.0,
          "predicted_max_slo_excess_ratio": 0.0,
          "predicted_cluster_power_w": 207.9,
          "predicted_energy_per_request_j": 25.988
        },
        "alternatives": [
          {
            "prefill": {
              "phase": "prefill",
              "gpu_type": "l40s",
              "node_group": "neptune",
              "tp": 1,
              "freq_mhz": 210,
              "rec_freq_mhz": 210,
              "is_safe": true,
              "p_violate": 0.0473,
              "rho_phase": 0.4141,
              "rho_total": 0.5383,
              "latency_ms": 185.6,
              "power_per_gpu_w": 122.5,
              "total_power_w": 122.5,
              "p99_ttft_ms": 187.0,
              "p_saturated": 0.166341,
              "p_saturated_min": 0.091187,
              "p_saturated_max": 0.234463,
              "saturation_threshold": 0.3,
              "saturation_safe": true,
              "per_seed": [
                {
                  "seed": 3,
                  "probability": 0.234463
                },
                {
                  "seed": 7,
                  "probability": 0.190836
                },
                {
                  "seed": 11,
                  "probability": 0.19287
                },
                {
                  "seed": 19,
                  "probability": 0.091187
                },
                {
                  "seed": 23,
                  "probability": 0.122346
                }
              ],
              "instance_count": 1,
              "effective_request_rate_per_instance": 8.0,
              "p99_queue_plus_prefill_ms": 185.6,
              "kv_transfer_ms": 1.393688,
              "dispatch_ms": 0.0,
              "ttft_components_ms": {
                "queue_plus_prefill": 185.6,
                "kv_transfer": 1.393688,
                "dispatch": 0.0,
                "total": 187.0
              }
            },
            "decode": {
              "phase": "decode",
              "gpu_type": "l4",
              "node_group": "ganymede",
              "tp": 1,
              "freq_mhz": 570,
              "rec_freq_mhz": 570,
              "is_safe": true,
              "p_violate": 0.0046,
              "rho_phase": 0.0464,
              "rho_total": 0.2012,
              "latency_ms": 138.5,
              "power_per_gpu_w": 42.9,
              "total_power_w": 42.9,
              "p99_tpot_ms": 138.5,
              "p_saturated": 0.07748,
              "p_saturated_min": 0.072337,
              "p_saturated_max": 0.08832,
              "saturation_threshold": 0.3,
              "saturation_safe": true,
              "per_seed": [
                {
                  "seed": 3,
                  "probability": 0.076162
                },
                {
                  "seed": 7,
                  "probability": 0.076868
                },
                {
                  "seed": 11,
                  "probability": 0.073713
                },
                {
                  "seed": 19,
                  "probability": 0.08832
                },
                {
                  "seed": 23,
                  "probability": 0.072337
                }
              ],
              "instance_count": 2,
              "effective_request_rate_per_instance": 4.0
            },
            "latency_safe": true,
            "saturation_safe": true,
            "is_safe": true,
            "predicted_joint_latency_violation_probability": 0.051682,
            "predicted_joint_saturation_probability": 0.230933,
            "predicted_overload_violation_probability": 0.27068,
            "predicted_ttft_excess_ratio": 0.0,
            "predicted_tpot_excess_ratio": 0.0,
            "predicted_max_slo_excess_ratio": 0.0,
            "predicted_cluster_power_w": 208.3,
            "predicted_energy_per_request_j": 26.038
          },
          {
            "prefill": {
              "phase": "prefill",
              "gpu_type": "l40s",
              "node_group": "neptune",
              "tp": 1,
              "freq_mhz": 210,
              "rec_freq_mhz": 210,
              "is_safe": true,
              "p_violate": 0.0473,
              "rho_phase": 0.4141,
              "rho_total": 0.5383,
              "latency_ms": 185.6,
              "power_per_gpu_w": 122.5,
              "total_power_w": 122.5,
              "p99_ttft_ms": 187.0,
              "p_saturated": 0.166341,
              "p_saturated_min": 0.091187,
              "p_saturated_max": 0.234463,
              "saturation_threshold": 0.3,
              "saturation_safe": true,
              "per_seed": [
                {
                  "seed": 3,
                  "probability": 0.234463
                },
                {
                  "seed": 7,
                  "probability": 0.190836
                },
                {
                  "seed": 11,
                  "probability": 0.19287
                },
                {
                  "seed": 19,
                  "probability": 0.091187
                },
                {
                  "seed": 23,
                  "probability": 0.122346
                }
              ],
              "instance_count": 1,
              "effective_request_rate_per_instance": 8.0,
              "p99_queue_plus_prefill_ms": 185.6,
              "kv_transfer_ms": 1.393688,
              "dispatch_ms": 0.0,
              "ttft_components_ms": {
                "queue_plus_prefill": 185.6,
                "kv_transfer": 1.393688,
                "dispatch": 0.0,
                "total": 187.0
              }
            },
            "decode": {
              "phase": "decode",
              "gpu_type": "l4",
              "node_group": "ganymede",
              "tp": 1,
              "freq_mhz": 780,
              "rec_freq_mhz": 780,
              "is_safe": true,
              "p_violate": 0.0024,
              "rho_phase": 0.0319,
              "rho_total": 0.1383,
              "latency_ms": 111.6,
              "power_per_gpu_w": 45.8,
              "total_power_w": 45.8,
              "p99_tpot_ms": 111.6,
              "p_saturated": 0.07748,
              "p_saturated_min": 0.072337,
              "p_saturated_max": 0.08832,
              "saturation_threshold": 0.3,
              "saturation_safe": true,
              "per_seed": [
                {
                  "seed": 3,
                  "probability": 0.076162
                },
                {
                  "seed": 7,
                  "probability": 0.076868
                },
                {
                  "seed": 11,
                  "probability": 0.073713
                },
                {
                  "seed": 19,
                  "probability": 0.08832
                },
                {
                  "seed": 23,
                  "probability": 0.072337
                }
              ],
              "instance_count": 2,
              "effective_request_rate_per_instance": 4.0
            },
            "latency_safe": true,
            "saturation_safe": true,
            "is_safe": true,
            "predicted_joint_latency_violation_probability": 0.049586,
            "predicted_joint_saturation_probability": 0.230933,
            "predicted_overload_violation_probability": 0.269068,
            "predicted_ttft_excess_ratio": 0.0,
            "predicted_tpot_excess_ratio": 0.0,
            "predicted_max_slo_excess_ratio": 0.0,
            "predicted_cluster_power_w": 214.1,
            "predicted_energy_per_request_j": 26.762
          },
          {
            "prefill": {
              "phase": "prefill",
              "gpu_type": "l40s",
              "node_group": "neptune",
              "tp": 1,
              "freq_mhz": 210,
              "rec_freq_mhz": 210,
              "is_safe": true,
              "p_violate": 0.0473,
              "rho_phase": 0.4141,
              "rho_total": 0.5383,
              "latency_ms": 185.6,
              "power_per_gpu_w": 122.5,
              "total_power_w": 122.5,
              "p99_ttft_ms": 187.0,
              "p_saturated": 0.166341,
              "p_saturated_min": 0.091187,
              "p_saturated_max": 0.234463,
              "saturation_threshold": 0.3,
              "saturation_safe": true,
              "per_seed": [
                {
                  "seed": 3,
                  "probability": 0.234463
                },
                {
                  "seed": 7,
                  "probability": 0.190836
                },
                {
                  "seed": 11,
                  "probability": 0.19287
                },
                {
                  "seed": 19,
                  "probability": 0.091187
                },
                {
                  "seed": 23,
                  "probability": 0.122346
                }
              ],
              "instance_count": 1,
              "effective_request_rate_per_instance": 8.0,
              "p99_queue_plus_prefill_ms": 185.6,
              "kv_transfer_ms": 1.393688,
              "dispatch_ms": 0.0,
              "ttft_components_ms": {
                "queue_plus_prefill": 185.6,
                "kv_transfer": 1.393688,
                "dispatch": 0.0,
                "total": 187.0
              }
            },
            "decode": {
              "phase": "decode",
              "gpu_type": "l4",
              "node_group": "ganymede",
              "tp": 1,
              "freq_mhz": 990,
              "rec_freq_mhz": 990,
              "is_safe": true,
              "p_violate": 0.0024,
              "rho_phase": 0.0319,
              "rho_total": 0.1383,
              "latency_ms": 107.2,
              "power_per_gpu_w": 46.1,
              "total_power_w": 46.1,
              "p99_tpot_ms": 107.2,
              "p_saturated": 0.075619,
              "p_saturated_min": 0.063033,
              "p_saturated_max": 0.08832,
              "saturation_threshold": 0.3,
              "saturation_safe": true,
              "per_seed": [
                {
                  "seed": 3,
                  "probability": 0.076162
                },
                {
                  "seed": 7,
                  "probability": 0.076868
                },
                {
                  "seed": 11,
                  "probability": 0.073713
                },
                {
                  "seed": 19,
                  "probability": 0.08832
                },
                {
                  "seed": 23,
                  "probability": 0.063033
                }
              ],
              "instance_count": 2,
              "effective_request_rate_per_instance": 4.0
            },
            "latency_safe": true,
            "saturation_safe": true,
            "is_safe": true,
            "predicted_joint_latency_violation_probability": 0.049586,
            "predicted_joint_saturation_probability": 0.229381,
            "predicted_overload_violation_probability": 0.267594,
            "predicted_ttft_excess_ratio": 0.0,
            "predicted_tpot_excess_ratio": 0.0,
            "predicted_max_slo_excess_ratio": 0.0,
            "predicted_cluster_power_w": 214.7,
            "predicted_energy_per_request_j": 26.837
          }
        ],
        "num_candidates": 100,
        "num_latency_safe": 90,
        "num_saturation_safe": 100,
        "num_safe": 90
      },
      "performance": {
        "successful_requests": 80,
        "failed_requests": 0,
        "benchmark_duration_s": 12.48,
        "request_throughput_rps": 6.41,
        "output_token_throughput_tps": 205.11,
        "total_token_throughput_tps": 403.82,
        "p99_ttft_ms": 809.11,
        "p99_tpot_ms": 69.84,
        "p99_itl_ms": 85.07,
        "throughput_ratio": 0.80125,
        "measured_saturated": null,
        "saturation_assessment": "INCONCLUSIVE_FINITE_POISSON",
        "ttft_slo_ok": false,
        "tpot_slo_ok": true
      },
      "telemetry": {
        "decode_ganymede_decode-2": {
          "samples": 53,
          "target_freq_mhz": 360.0,
          "gpu_util_avg_pct": 33.58490566037736,
          "gpu_util_max_pct": 100.0,
          "gpu_power_avg_w": 30.704716981132073,
          "gpu_power_max_w": 52.29,
          "gpu_sm_clock_avg_mhz": 360.0,
          "gpu_sm_clock_max_mhz": 360.0,
          "gpu_sm_clock_min_mhz": 360.0,
          "gpu_memory_used_avg_mib": 18557.905660377357,
          "gpu_memory_used_max_mib": 18721.0,
          "gpu_mem_util_avg_pct": 33.41509433962264,
          "gpu_mem_util_max_pct": 100.0,
          "gpu_power_limit_avg_w": 72.0,
          "gpu_power_limit_max_w": 72.0,
          "gpu_mem_clock_avg_mhz": 6251.0,
          "gpu_mem_clock_max_mhz": 6251.0,
          "gpu_temperature_avg_c": 37.9811320754717,
          "gpu_temperature_max_c": 42.0,
          "network_rx_bytes": 361452716.0,
          "network_tx_bytes": 6001007.0,
          "gpu_pstate_mode": "P0"
        },
        "decode_ganymede_decode-3": {
          "samples": 0
        },
        "decode_ganymede_decode-4": {
          "samples": 0
        },
        "decode_ganymede": {
          "samples": 53,
          "target_freq_mhz": 360.0,
          "gpu_util_avg_pct": 38.264150943396224,
          "gpu_util_max_pct": 100.0,
          "gpu_power_avg_w": 32.62245283018868,
          "gpu_power_max_w": 55.71,
          "gpu_sm_clock_avg_mhz": 360.0,
          "gpu_sm_clock_max_mhz": 360.0,
          "gpu_sm_clock_min_mhz": 360.0,
          "gpu_memory_used_avg_mib": 18687.528301886792,
          "gpu_memory_used_max_mib": 18721.0,
          "gpu_mem_util_avg_pct": 37.679245283018865,
          "gpu_mem_util_max_pct": 100.0,
          "gpu_power_limit_avg_w": 72.0,
          "gpu_power_limit_max_w": 72.0,
          "gpu_mem_clock_avg_mhz": 6251.0,
          "gpu_mem_clock_max_mhz": 6251.0,
          "gpu_temperature_avg_c": 42.490566037735846,
          "gpu_temperature_max_c": 46.0,
          "network_rx_bytes": 361452716.0,
          "network_tx_bytes": 6001007.0,
          "gpu_pstate_mode": "P0"
        },
        "prefill_neptune_prefill-2": {
          "samples": 0
        },
        "prefill_neptune_prefill-3": {
          "samples": 0
        },
        "prefill_neptune_prefill-4": {
          "samples": 0
        },
        "prefill_neptune": {
          "samples": 58,
          "target_freq_mhz": 210.0,
          "gpu_util_avg_pct": 12.948275862068966,
          "gpu_util_max_pct": 93.0,
          "gpu_power_avg_w": 67.035,
          "gpu_power_max_w": 104.56,
          "gpu_sm_clock_avg_mhz": 210.0,
          "gpu_sm_clock_max_mhz": 210.0,
          "gpu_sm_clock_min_mhz": 210.0,
          "gpu_memory_used_avg_mib": 37856.75862068965,
          "gpu_memory_used_max_mib": 37925.0,
          "gpu_mem_util_avg_pct": 4.413793103448276,
          "gpu_mem_util_max_pct": 31.0,
          "gpu_power_limit_avg_w": 350.0,
          "gpu_power_limit_max_w": 350.0,
          "gpu_mem_clock_avg_mhz": 9001.0,
          "gpu_mem_clock_max_mhz": 9001.0,
          "gpu_temperature_avg_c": 28.413793103448278,
          "gpu_temperature_max_c": 30.0,
          "network_rx_bytes": 1361993.0,
          "network_tx_bytes": 357027715.0,
          "gpu_pstate_mode": "P0"
        }
      },
      "energy": {
        "gpu_stream_count": 8,
        "covered_gpu_stream_count": 8,
        "min_gpu_coverage_ratio": 1.0,
        "neptune_energy_j": 5451.6397427619995,
        "ganymede_energy_j": 3253.91884184101,
        "combined_energy_j": 8705.558584603008,
        "combined_avg_power_w": 258.4790189321785,
        "energy_per_request_j": 108.8194823075376
      },
      "summary": {
        "seq": 2,
        "workload_id": "decode_scale_to_2",
        "input_len": 32,
        "output_len": 32,
        "configured_request_rate_rps": 8.0,
        "decision_status": "OK",
        "decision_mode": "safe_min_power",
        "num_candidates": 100,
        "num_safe": 90,
        "recommended_is_safe": true,
        "prefill_gpu": "l40s",
        "prefill_instances": 1,
        "prefill_request_rate_per_instance_rps": 8.0,
        "prefill_target_freq_mhz": 210,
        "prefill_predicted_p99_ttft_ms": 187.0,
        "prefill_predicted_p99_queue_plus_prefill_ms": 185.6,
        "predicted_kv_transfer_ms": 1.393688,
        "predicted_dispatch_ms": 0.0,
        "kv_bytes_per_token": 131072,
        "kv_total_bytes": 4194304,
        "kv_effective_bandwidth_gbps": 24.076,
        "prefill_predicted_p_saturated": 0.166341,
        "decode_gpu": "l4",
        "decode_instances": 2,
        "decode_request_rate_per_instance_rps": 4.0,
        "decode_target_freq_mhz": 360,
        "decode_predicted_p99_tpot_ms": 133.1,
        "decode_predicted_p_saturated": 0.081364,
        "predicted_cluster_power_w": 207.9,
        "actual_successful_requests": 80,
        "actual_failed_requests": 0,
        "actual_benchmark_duration_s": 12.48,
        "actual_request_throughput_rps": 6.41,
        "actual_output_token_throughput_tps": 205.11,
        "actual_total_token_throughput_tps": 403.82,
        "actual_p99_ttft_ms": 809.11,
        "actual_p99_tpot_ms": 69.84,
        "actual_p99_itl_ms": 85.07,
        "actual_throughput_ratio": 0.80125,
        "actual_measured_saturated": null,
        "actual_saturation_assessment": "INCONCLUSIVE_FINITE_POISSON",
        "actual_ttft_slo_ok": false,
        "actual_tpot_slo_ok": true,
        "decode_ganymede_decode-2_samples": 53,
        "decode_ganymede_decode-2_target_freq_mhz": 360.0,
        "decode_ganymede_decode-2_gpu_util_avg_pct": 33.584906,
        "decode_ganymede_decode-2_gpu_util_max_pct": 100.0,
        "decode_ganymede_decode-2_gpu_power_avg_w": 30.704717,
        "decode_ganymede_decode-2_gpu_power_max_w": 52.29,
        "decode_ganymede_decode-2_gpu_sm_clock_avg_mhz": 360.0,
        "decode_ganymede_decode-2_gpu_sm_clock_max_mhz": 360.0,
        "decode_ganymede_decode-2_gpu_sm_clock_min_mhz": 360.0,
        "decode_ganymede_decode-2_gpu_memory_used_avg_mib": 18557.90566,
        "decode_ganymede_decode-2_gpu_memory_used_max_mib": 18721.0,
        "decode_ganymede_decode-2_gpu_mem_util_avg_pct": 33.415094,
        "decode_ganymede_decode-2_gpu_mem_util_max_pct": 100.0,
        "decode_ganymede_decode-2_gpu_power_limit_avg_w": 72.0,
        "decode_ganymede_decode-2_gpu_power_limit_max_w": 72.0,
        "decode_ganymede_decode-2_gpu_mem_clock_avg_mhz": 6251.0,
        "decode_ganymede_decode-2_gpu_mem_clock_max_mhz": 6251.0,
        "decode_ganymede_decode-2_gpu_temperature_avg_c": 37.981132,
        "decode_ganymede_decode-2_gpu_temperature_max_c": 42.0,
        "decode_ganymede_decode-2_network_rx_bytes": 361452716.0,
        "decode_ganymede_decode-2_network_tx_bytes": 6001007.0,
        "decode_ganymede_decode-2_gpu_pstate_mode": "P0",
        "decode_ganymede_decode-3_samples": 0,
        "decode_ganymede_decode-4_samples": 0,
        "decode_ganymede_samples": 53,
        "decode_ganymede_target_freq_mhz": 360.0,
        "decode_ganymede_gpu_util_avg_pct": 38.264151,
        "decode_ganymede_gpu_util_max_pct": 100.0,
        "decode_ganymede_gpu_power_avg_w": 32.622453,
        "decode_ganymede_gpu_power_max_w": 55.71,
        "decode_ganymede_gpu_sm_clock_avg_mhz": 360.0,
        "decode_ganymede_gpu_sm_clock_max_mhz": 360.0,
        "decode_ganymede_gpu_sm_clock_min_mhz": 360.0,
        "decode_ganymede_gpu_memory_used_avg_mib": 18687.528302,
        "decode_ganymede_gpu_memory_used_max_mib": 18721.0,
        "decode_ganymede_gpu_mem_util_avg_pct": 37.679245,
        "decode_ganymede_gpu_mem_util_max_pct": 100.0,
        "decode_ganymede_gpu_power_limit_avg_w": 72.0,
        "decode_ganymede_gpu_power_limit_max_w": 72.0,
        "decode_ganymede_gpu_mem_clock_avg_mhz": 6251.0,
        "decode_ganymede_gpu_mem_clock_max_mhz": 6251.0,
        "decode_ganymede_gpu_temperature_avg_c": 42.490566,
        "decode_ganymede_gpu_temperature_max_c": 46.0,
        "decode_ganymede_network_rx_bytes": 361452716.0,
        "decode_ganymede_network_tx_bytes": 6001007.0,
        "decode_ganymede_gpu_pstate_mode": "P0",
        "prefill_neptune_prefill-2_samples": 0,
        "prefill_neptune_prefill-3_samples": 0,
        "prefill_neptune_prefill-4_samples": 0,
        "prefill_neptune_samples": 58,
        "prefill_neptune_target_freq_mhz": 210.0,
        "prefill_neptune_gpu_util_avg_pct": 12.948276,
        "prefill_neptune_gpu_util_max_pct": 93.0,
        "prefill_neptune_gpu_power_avg_w": 67.035,
        "prefill_neptune_gpu_power_max_w": 104.56,
        "prefill_neptune_gpu_sm_clock_avg_mhz": 210.0,
        "prefill_neptune_gpu_sm_clock_max_mhz": 210.0,
        "prefill_neptune_gpu_sm_clock_min_mhz": 210.0,
        "prefill_neptune_gpu_memory_used_avg_mib": 37856.758621,
        "prefill_neptune_gpu_memory_used_max_mib": 37925.0,
        "prefill_neptune_gpu_mem_util_avg_pct": 4.413793,
        "prefill_neptune_gpu_mem_util_max_pct": 31.0,
        "prefill_neptune_gpu_power_limit_avg_w": 350.0,
        "prefill_neptune_gpu_power_limit_max_w": 350.0,
        "prefill_neptune_gpu_mem_clock_avg_mhz": 9001.0,
        "prefill_neptune_gpu_mem_clock_max_mhz": 9001.0,
        "prefill_neptune_gpu_temperature_avg_c": 28.413793,
        "prefill_neptune_gpu_temperature_max_c": 30.0,
        "prefill_neptune_network_rx_bytes": 1361993.0,
        "prefill_neptune_network_tx_bytes": 357027715.0,
        "prefill_neptune_gpu_pstate_mode": "P0",
        "gpu_stream_count": 8,
        "covered_gpu_stream_count": 8,
        "min_gpu_coverage_ratio": 1.0,
        "neptune_energy_j": 5451.639743,
        "ganymede_energy_j": 3253.918842,
        "combined_energy_j": 8705.558585,
        "combined_avg_power_w": 258.479019,
        "energy_per_request_j": 108.819482
      }
    },
    {
      "workload": {
        "seq": 3,
        "workload_id": "decode_scale_to_3",
        "input_len": 32,
        "output_len": 32,
        "configured_request_rate_rps": 16.0,
        "decision_status": "OK",
        "decision_mode": "safe_min_power",
        "num_candidates": 100,
        "num_safe": 72
      },
      "decision": {
        "status": "OK",
        "decision_mode": "safe_min_power",
        "policy": "latency_plus_saturation",
        "placement": "l40s-prefill-l4-decode",
        "workload": {
          "il": 32,
          "ol": 32,
          "rate": 16.0
        },
        "instances": {
          "prefill": 1,
          "decode": 3
        },
        "slos": {
          "ttft_ms": 500,
          "tpot_ms": 200
        },
        "kv_transfer_model": {
          "enabled": true,
          "formula": "T_kv = input_tokens * (2 * layers * num_kv_heads * head_dim * bytes_per_element) * 8 / effective_bandwidth_gbps",
          "ttft_formula": "predicted_p99_ttft = predicted_p99_queue_plus_prefill + T_kv + T_dispatch",
          "input_tokens": 32,
          "num_layers": 32,
          "num_kv_heads": 8,
          "head_dim": 128,
          "bytes_per_element": 2,
          "kv_bytes_per_token": 131072,
          "kv_total_bytes": 4194304,
          "effective_bandwidth_gbps": 24.076,
          "kv_transfer_ms": 1.393688,
          "dispatch_ms": 0.0
        },
        "saturation_threshold": 0.3,
        "tp_per_role": 1,
        "recommended": {
          "prefill": {
            "phase": "prefill",
            "gpu_type": "l40s",
            "node_group": "neptune",
            "tp": 1,
            "freq_mhz": 480,
            "rec_freq_mhz": 480,
            "is_safe": true,
            "p_violate": 0.0472,
            "rho_phase": 0.4947,
            "rho_total": 0.643,
            "latency_ms": 157.1,
            "power_per_gpu_w": 140.0,
            "total_power_w": 140.0,
            "p99_ttft_ms": 158.5,
            "p_saturated": 0.11971,
            "p_saturated_min": 0.043771,
            "p_saturated_max": 0.234463,
            "saturation_threshold": 0.3,
            "saturation_safe": true,
            "per_seed": [
              {
                "seed": 3,
                "probability": 0.234463
              },
              {
                "seed": 7,
                "probability": 0.043771
              },
              {
                "seed": 11,
                "probability": 0.116661
              },
              {
                "seed": 19,
                "probability": 0.091187
              },
              {
                "seed": 23,
                "probability": 0.112467
              }
            ],
            "instance_count": 1,
            "effective_request_rate_per_instance": 16.0,
            "p99_queue_plus_prefill_ms": 157.1,
            "kv_transfer_ms": 1.393688,
            "dispatch_ms": 0.0,
            "ttft_components_ms": {
              "queue_plus_prefill": 157.1,
              "kv_transfer": 1.393688,
              "dispatch": 0.0,
              "total": 158.5
            }
          },
          "decode": {
            "phase": "decode",
            "gpu_type": "l4",
            "node_group": "ganymede",
            "tp": 1,
            "freq_mhz": 570,
            "rec_freq_mhz": 570,
            "is_safe": true,
            "p_violate": 0.0046,
            "rho_phase": 0.0619,
            "rho_total": 0.2683,
            "latency_ms": 147.6,
            "power_per_gpu_w": 43.2,
            "total_power_w": 43.2,
            "p99_tpot_ms": 147.6,
            "p_saturated": 0.07748,
            "p_saturated_min": 0.072337,
            "p_saturated_max": 0.08832,
            "saturation_threshold": 0.3,
            "saturation_safe": true,
            "per_seed": [
              {
                "seed": 3,
                "probability": 0.076162
              },
              {
                "seed": 7,
                "probability": 0.076868
              },
              {
                "seed": 11,
                "probability": 0.073713
              },
              {
                "seed": 19,
                "probability": 0.08832
              },
              {
                "seed": 23,
                "probability": 0.072337
              }
            ],
            "instance_count": 3,
            "effective_request_rate_per_instance": 5.333333
          },
          "latency_safe": true,
          "saturation_safe": true,
          "is_safe": true,
          "predicted_joint_latency_violation_probability": 0.051583,
          "predicted_joint_saturation_probability": 0.187915,
          "predicted_overload_violation_probability": 0.229805,
          "predicted_ttft_excess_ratio": 0.0,
          "predicted_tpot_excess_ratio": 0.0,
          "predicted_max_slo_excess_ratio": 0.0,
          "predicted_cluster_power_w": 269.6,
          "predicted_energy_per_request_j": 16.85
        },
        "alternatives": [
          {
            "prefill": {
              "phase": "prefill",
              "gpu_type": "l40s",
              "node_group": "neptune",
              "tp": 1,
              "freq_mhz": 480,
              "rec_freq_mhz": 480,
              "is_safe": true,
              "p_violate": 0.0472,
              "rho_phase": 0.4947,
              "rho_total": 0.643,
              "latency_ms": 157.1,
              "power_per_gpu_w": 140.0,
              "total_power_w": 140.0,
              "p99_ttft_ms": 158.5,
              "p_saturated": 0.11971,
              "p_saturated_min": 0.043771,
              "p_saturated_max": 0.234463,
              "saturation_threshold": 0.3,
              "saturation_safe": true,
              "per_seed": [
                {
                  "seed": 3,
                  "probability": 0.234463
                },
                {
                  "seed": 7,
                  "probability": 0.043771
                },
                {
                  "seed": 11,
                  "probability": 0.116661
                },
                {
                  "seed": 19,
                  "probability": 0.091187
                },
                {
                  "seed": 23,
                  "probability": 0.112467
                }
              ],
              "instance_count": 1,
              "effective_request_rate_per_instance": 16.0,
              "p99_queue_plus_prefill_ms": 157.1,
              "kv_transfer_ms": 1.393688,
              "dispatch_ms": 0.0,
              "ttft_components_ms": {
                "queue_plus_prefill": 157.1,
                "kv_transfer": 1.393688,
                "dispatch": 0.0,
                "total": 158.5
              }
            },
            "decode": {
              "phase": "decode",
              "gpu_type": "l4",
              "node_group": "ganymede",
              "tp": 1,
              "freq_mhz": 780,
              "rec_freq_mhz": 780,
              "is_safe": true,
              "p_violate": 0.0024,
              "rho_phase": 0.0426,
              "rho_total": 0.1844,
              "latency_ms": 114.7,
              "power_per_gpu_w": 45.8,
              "total_power_w": 45.8,
              "p99_tpot_ms": 114.7,
              "p_saturated": 0.07748,
              "p_saturated_min": 0.072337,
              "p_saturated_max": 0.08832,
              "saturation_threshold": 0.3,
              "saturation_safe": true,
              "per_seed": [
                {
                  "seed": 3,
                  "probability": 0.076162
                },
                {
                  "seed": 7,
                  "probability": 0.076868
                },
                {
                  "seed": 11,
                  "probability": 0.073713
                },
                {
                  "seed": 19,
                  "probability": 0.08832
                },
                {
                  "seed": 23,
                  "probability": 0.072337
                }
              ],
              "instance_count": 3,
              "effective_request_rate_per_instance": 5.333333
            },
            "latency_safe": true,
            "saturation_safe": true,
            "is_safe": true,
            "predicted_joint_latency_violation_probability": 0.049487,
            "predicted_joint_saturation_probability": 0.187915,
            "predicted_overload_violation_probability": 0.228102,
            "predicted_ttft_excess_ratio": 0.0,
            "predicted_tpot_excess_ratio": 0.0,
            "predicted_max_slo_excess_ratio": 0.0,
            "predicted_cluster_power_w": 277.4,
            "predicted_energy_per_request_j": 17.337
          },
          {
            "prefill": {
              "phase": "prefill",
              "gpu_type": "l40s",
              "node_group": "neptune",
              "tp": 1,
              "freq_mhz": 480,
              "rec_freq_mhz": 480,
              "is_safe": true,
              "p_violate": 0.0472,
              "rho_phase": 0.4947,
              "rho_total": 0.643,
              "latency_ms": 157.1,
              "power_per_gpu_w": 140.0,
              "total_power_w": 140.0,
              "p99_ttft_ms": 158.5,
              "p_saturated": 0.11971,
              "p_saturated_min": 0.043771,
              "p_saturated_max": 0.234463,
              "saturation_threshold": 0.3,
              "saturation_safe": true,
              "per_seed": [
                {
                  "seed": 3,
                  "probability": 0.234463
                },
                {
                  "seed": 7,
                  "probability": 0.043771
                },
                {
                  "seed": 11,
                  "probability": 0.116661
                },
                {
                  "seed": 19,
                  "probability": 0.091187
                },
                {
                  "seed": 23,
                  "probability": 0.112467
                }
              ],
              "instance_count": 1,
              "effective_request_rate_per_instance": 16.0,
              "p99_queue_plus_prefill_ms": 157.1,
              "kv_transfer_ms": 1.393688,
              "dispatch_ms": 0.0,
              "ttft_components_ms": {
                "queue_plus_prefill": 157.1,
                "kv_transfer": 1.393688,
                "dispatch": 0.0,
                "total": 158.5
              }
            },
            "decode": {
              "phase": "decode",
              "gpu_type": "l4",
              "node_group": "ganymede",
              "tp": 1,
              "freq_mhz": 990,
              "rec_freq_mhz": 990,
              "is_safe": true,
              "p_violate": 0.0024,
              "rho_phase": 0.0426,
              "rho_total": 0.1844,
              "latency_ms": 110.0,
              "power_per_gpu_w": 46.1,
              "total_power_w": 46.1,
              "p99_tpot_ms": 110.0,
              "p_saturated": 0.075619,
              "p_saturated_min": 0.063033,
              "p_saturated_max": 0.08832,
              "saturation_threshold": 0.3,
              "saturation_safe": true,
              "per_seed": [
                {
                  "seed": 3,
                  "probability": 0.076162
                },
                {
                  "seed": 7,
                  "probability": 0.076868
                },
                {
                  "seed": 11,
                  "probability": 0.073713
                },
                {
                  "seed": 19,
                  "probability": 0.08832
                },
                {
                  "seed": 23,
                  "probability": 0.063033
                }
              ],
              "instance_count": 3,
              "effective_request_rate_per_instance": 5.333333
            },
            "latency_safe": true,
            "saturation_safe": true,
            "is_safe": true,
            "predicted_joint_latency_violation_probability": 0.049487,
            "predicted_joint_saturation_probability": 0.186277,
            "predicted_overload_violation_probability": 0.226545,
            "predicted_ttft_excess_ratio": 0.0,
            "predicted_tpot_excess_ratio": 0.0,
            "predicted_max_slo_excess_ratio": 0.0,
            "predicted_cluster_power_w": 278.3,
            "predicted_energy_per_request_j": 17.394
          },
          {
            "prefill": {
              "phase": "prefill",
              "gpu_type": "l40s",
              "node_group": "neptune",
              "tp": 1,
              "freq_mhz": 735,
              "rec_freq_mhz": 735,
              "is_safe": true,
              "p_violate": 0.0098,
              "rho_phase": 0.3258,
              "rho_total": 0.4235,
              "latency_ms": 116.0,
              "power_per_gpu_w": 150.7,
              "total_power_w": 150.7,
              "p99_ttft_ms": 117.4,
              "p_saturated": 0.097036,
              "p_saturated_min": 0.042357,
              "p_saturated_max": 0.163001,
              "saturation_threshold": 0.3,
              "saturation_safe": true,
              "per_seed": [
                {
                  "seed": 3,
                  "probability": 0.163001
                },
                {
                  "seed": 7,
                  "probability": 0.042357
                },
                {
                  "seed": 11,
                  "probability": 0.114737
                },
                {
                  "seed": 19,
                  "probability": 0.061274
                },
                {
                  "seed": 23,
                  "probability": 0.103811
                }
              ],
              "instance_count": 1,
              "effective_request_rate_per_instance": 16.0,
              "p99_queue_plus_prefill_ms": 116.0,
              "kv_transfer_ms": 1.393688,
              "dispatch_ms": 0.0,
              "ttft_components_ms": {
                "queue_plus_prefill": 116.0,
                "kv_transfer": 1.393688,
                "dispatch": 0.0,
                "total": 117.4
              }
            },
            "decode": {
              "phase": "decode",
              "gpu_type": "l4",
              "node_group": "ganymede",
              "tp": 1,
              "freq_mhz": 570,
              "rec_freq_mhz": 570,
              "is_safe": true,
              "p_violate": 0.0046,
              "rho_phase": 0.0619,
              "rho_total": 0.2683,
              "latency_ms": 147.6,
              "power_per_gpu_w": 43.2,
              "total_power_w": 43.2,
              "p99_tpot_ms": 147.6,
              "p_saturated": 0.07748,
              "p_saturated_min": 0.072337,
              "p_saturated_max": 0.08832,
              "saturation_threshold": 0.3,
              "saturation_safe": true,
              "per_seed": [
                {
                  "seed": 3,
                  "probability": 0.076162
                },
                {
                  "seed": 7,
                  "probability": 0.076868
                },
                {
                  "seed": 11,
                  "probability": 0.073713
                },
                {
                  "seed": 19,
                  "probability": 0.08832
                },
                {
                  "seed": 23,
                  "probability": 0.072337
                }
              ],
              "instance_count": 3,
              "effective_request_rate_per_instance": 5.333333
            },
            "latency_safe": true,
            "saturation_safe": true,
            "is_safe": true,
            "predicted_joint_latency_violation_probability": 0.014355,
            "predicted_joint_saturation_probability": 0.166998,
            "predicted_overload_violation_probability": 0.178955,
            "predicted_ttft_excess_ratio": 0.0,
            "predicted_tpot_excess_ratio": 0.0,
            "predicted_max_slo_excess_ratio": 0.0,
            "predicted_cluster_power_w": 280.3,
            "predicted_energy_per_request_j": 17.519
          }
        ],
        "num_candidates": 100,
        "num_latency_safe": 72,
        "num_saturation_safe": 100,
        "num_safe": 72
      },
      "performance": {
        "successful_requests": 160,
        "failed_requests": 0,
        "benchmark_duration_s": 12.28,
        "request_throughput_rps": 13.03,
        "output_token_throughput_tps": 417.08,
        "total_token_throughput_tps": 821.14,
        "p99_ttft_ms": 930.91,
        "p99_tpot_ms": 66.13,
        "p99_itl_ms": 78.35,
        "throughput_ratio": 0.814375,
        "measured_saturated": null,
        "saturation_assessment": "INCONCLUSIVE_FINITE_POISSON",
        "ttft_slo_ok": false,
        "tpot_slo_ok": true
      },
      "telemetry": {
        "decode_ganymede_decode-2": {
          "samples": 39,
          "target_freq_mhz": 570.0,
          "gpu_util_avg_pct": 45.97435897435897,
          "gpu_util_max_pct": 100.0,
          "gpu_power_avg_w": 35.80897435897436,
          "gpu_power_max_w": 55.31,
          "gpu_sm_clock_avg_mhz": 570.0,
          "gpu_sm_clock_max_mhz": 570.0,
          "gpu_sm_clock_min_mhz": 570.0,
          "gpu_memory_used_avg_mib": 18723.410256410258,
          "gpu_memory_used_max_mib": 18729.0,
          "gpu_mem_util_avg_pct": 46.15384615384615,
          "gpu_mem_util_max_pct": 100.0,
          "gpu_power_limit_avg_w": 72.0,
          "gpu_power_limit_max_w": 72.0,
          "gpu_mem_clock_avg_mhz": 6251.0,
          "gpu_mem_clock_max_mhz": 6251.0,
          "gpu_temperature_avg_c": 41.666666666666664,
          "gpu_temperature_max_c": 45.0,
          "network_rx_bytes": 712622971.0,
          "network_tx_bytes": 6529456.0,
          "gpu_pstate_mode": "P0"
        },
        "decode_ganymede_decode-3": {
          "samples": 38,
          "target_freq_mhz": 570.0,
          "gpu_util_avg_pct": 43.23684210526316,
          "gpu_util_max_pct": 100.0,
          "gpu_power_avg_w": 34.37578947368421,
          "gpu_power_max_w": 54.36,
          "gpu_sm_clock_avg_mhz": 570.0,
          "gpu_sm_clock_max_mhz": 570.0,
          "gpu_sm_clock_min_mhz": 570.0,
          "gpu_memory_used_avg_mib": 18587.78947368421,
          "gpu_memory_used_max_mib": 18729.0,
          "gpu_mem_util_avg_pct": 43.421052631578945,
          "gpu_mem_util_max_pct": 100.0,
          "gpu_power_limit_avg_w": 72.0,
          "gpu_power_limit_max_w": 72.0,
          "gpu_mem_clock_avg_mhz": 6251.0,
          "gpu_mem_clock_max_mhz": 6251.0,
          "gpu_temperature_avg_c": 31.605263157894736,
          "gpu_temperature_max_c": 35.0,
          "network_rx_bytes": 712622971.0,
          "network_tx_bytes": 6529456.0,
          "gpu_pstate_mode": "P0"
        },
        "decode_ganymede_decode-4": {
          "samples": 0
        },
        "decode_ganymede": {
          "samples": 38,
          "target_freq_mhz": 570.0,
          "gpu_util_avg_pct": 51.31578947368421,
          "gpu_util_max_pct": 100.0,
          "gpu_power_avg_w": 37.87947368421053,
          "gpu_power_max_w": 57.03,
          "gpu_sm_clock_avg_mhz": 570.0,
          "gpu_sm_clock_max_mhz": 570.0,
          "gpu_sm_clock_min_mhz": 570.0,
          "gpu_memory_used_avg_mib": 18723.315789473683,
          "gpu_memory_used_max_mib": 18729.0,
          "gpu_mem_util_avg_pct": 50.73684210526316,
          "gpu_mem_util_max_pct": 100.0,
          "gpu_power_limit_avg_w": 72.0,
          "gpu_power_limit_max_w": 72.0,
          "gpu_mem_clock_avg_mhz": 6251.0,
          "gpu_mem_clock_max_mhz": 6251.0,
          "gpu_temperature_avg_c": 44.18421052631579,
          "gpu_temperature_max_c": 47.0,
          "network_rx_bytes": 712622971.0,
          "network_tx_bytes": 6529456.0,
          "gpu_pstate_mode": "P0"
        },
        "prefill_neptune_prefill-2": {
          "samples": 0
        },
        "prefill_neptune_prefill-3": {
          "samples": 0
        },
        "prefill_neptune_prefill-4": {
          "samples": 0
        },
        "prefill_neptune": {
          "samples": 43,
          "target_freq_mhz": 480.0,
          "gpu_util_avg_pct": 17.186046511627907,
          "gpu_util_max_pct": 81.0,
          "gpu_power_avg_w": 75.06767441860465,
          "gpu_power_max_w": 111.63,
          "gpu_sm_clock_avg_mhz": 480.0,
          "gpu_sm_clock_max_mhz": 480.0,
          "gpu_sm_clock_min_mhz": 480.0,
          "gpu_memory_used_avg_mib": 37976.813953488374,
          "gpu_memory_used_max_mib": 38031.0,
          "gpu_mem_util_avg_pct": 11.86046511627907,
          "gpu_mem_util_max_pct": 58.0,
          "gpu_power_limit_avg_w": 350.0,
          "gpu_power_limit_max_w": 350.0,
          "gpu_mem_clock_avg_mhz": 9001.0,
          "gpu_mem_clock_max_mhz": 9001.0,
          "gpu_temperature_avg_c": 28.88372093023256,
          "gpu_temperature_max_c": 31.0,
          "network_rx_bytes": 2651964.0,
          "network_tx_bytes": 709076407.0,
          "gpu_pstate_mode": "P0"
        }
      },
      "energy": {
        "gpu_stream_count": 8,
        "covered_gpu_stream_count": 8,
        "min_gpu_coverage_ratio": 1.0,
        "neptune_energy_j": 4213.69308979392,
        "ganymede_energy_j": 3142.9560992730635,
        "combined_energy_j": 7356.649189066985,
        "combined_avg_power_w": 296.51586641989843,
        "energy_per_request_j": 45.97905743166866
      },
      "summary": {
        "seq": 3,
        "workload_id": "decode_scale_to_3",
        "input_len": 32,
        "output_len": 32,
        "configured_request_rate_rps": 16.0,
        "decision_status": "OK",
        "decision_mode": "safe_min_power",
        "num_candidates": 100,
        "num_safe": 72,
        "recommended_is_safe": true,
        "prefill_gpu": "l40s",
        "prefill_instances": 1,
        "prefill_request_rate_per_instance_rps": 16.0,
        "prefill_target_freq_mhz": 480,
        "prefill_predicted_p99_ttft_ms": 158.5,
        "prefill_predicted_p99_queue_plus_prefill_ms": 157.1,
        "predicted_kv_transfer_ms": 1.393688,
        "predicted_dispatch_ms": 0.0,
        "kv_bytes_per_token": 131072,
        "kv_total_bytes": 4194304,
        "kv_effective_bandwidth_gbps": 24.076,
        "prefill_predicted_p_saturated": 0.11971,
        "decode_gpu": "l4",
        "decode_instances": 3,
        "decode_request_rate_per_instance_rps": 5.333333,
        "decode_target_freq_mhz": 570,
        "decode_predicted_p99_tpot_ms": 147.6,
        "decode_predicted_p_saturated": 0.07748,
        "predicted_cluster_power_w": 269.6,
        "actual_successful_requests": 160,
        "actual_failed_requests": 0,
        "actual_benchmark_duration_s": 12.28,
        "actual_request_throughput_rps": 13.03,
        "actual_output_token_throughput_tps": 417.08,
        "actual_total_token_throughput_tps": 821.14,
        "actual_p99_ttft_ms": 930.91,
        "actual_p99_tpot_ms": 66.13,
        "actual_p99_itl_ms": 78.35,
        "actual_throughput_ratio": 0.814375,
        "actual_measured_saturated": null,
        "actual_saturation_assessment": "INCONCLUSIVE_FINITE_POISSON",
        "actual_ttft_slo_ok": false,
        "actual_tpot_slo_ok": true,
        "decode_ganymede_decode-2_samples": 39,
        "decode_ganymede_decode-2_target_freq_mhz": 570.0,
        "decode_ganymede_decode-2_gpu_util_avg_pct": 45.974359,
        "decode_ganymede_decode-2_gpu_util_max_pct": 100.0,
        "decode_ganymede_decode-2_gpu_power_avg_w": 35.808974,
        "decode_ganymede_decode-2_gpu_power_max_w": 55.31,
        "decode_ganymede_decode-2_gpu_sm_clock_avg_mhz": 570.0,
        "decode_ganymede_decode-2_gpu_sm_clock_max_mhz": 570.0,
        "decode_ganymede_decode-2_gpu_sm_clock_min_mhz": 570.0,
        "decode_ganymede_decode-2_gpu_memory_used_avg_mib": 18723.410256,
        "decode_ganymede_decode-2_gpu_memory_used_max_mib": 18729.0,
        "decode_ganymede_decode-2_gpu_mem_util_avg_pct": 46.153846,
        "decode_ganymede_decode-2_gpu_mem_util_max_pct": 100.0,
        "decode_ganymede_decode-2_gpu_power_limit_avg_w": 72.0,
        "decode_ganymede_decode-2_gpu_power_limit_max_w": 72.0,
        "decode_ganymede_decode-2_gpu_mem_clock_avg_mhz": 6251.0,
        "decode_ganymede_decode-2_gpu_mem_clock_max_mhz": 6251.0,
        "decode_ganymede_decode-2_gpu_temperature_avg_c": 41.666667,
        "decode_ganymede_decode-2_gpu_temperature_max_c": 45.0,
        "decode_ganymede_decode-2_network_rx_bytes": 712622971.0,
        "decode_ganymede_decode-2_network_tx_bytes": 6529456.0,
        "decode_ganymede_decode-2_gpu_pstate_mode": "P0",
        "decode_ganymede_decode-3_samples": 38,
        "decode_ganymede_decode-3_target_freq_mhz": 570.0,
        "decode_ganymede_decode-3_gpu_util_avg_pct": 43.236842,
        "decode_ganymede_decode-3_gpu_util_max_pct": 100.0,
        "decode_ganymede_decode-3_gpu_power_avg_w": 34.375789,
        "decode_ganymede_decode-3_gpu_power_max_w": 54.36,
        "decode_ganymede_decode-3_gpu_sm_clock_avg_mhz": 570.0,
        "decode_ganymede_decode-3_gpu_sm_clock_max_mhz": 570.0,
        "decode_ganymede_decode-3_gpu_sm_clock_min_mhz": 570.0,
        "decode_ganymede_decode-3_gpu_memory_used_avg_mib": 18587.789474,
        "decode_ganymede_decode-3_gpu_memory_used_max_mib": 18729.0,
        "decode_ganymede_decode-3_gpu_mem_util_avg_pct": 43.421053,
        "decode_ganymede_decode-3_gpu_mem_util_max_pct": 100.0,
        "decode_ganymede_decode-3_gpu_power_limit_avg_w": 72.0,
        "decode_ganymede_decode-3_gpu_power_limit_max_w": 72.0,
        "decode_ganymede_decode-3_gpu_mem_clock_avg_mhz": 6251.0,
        "decode_ganymede_decode-3_gpu_mem_clock_max_mhz": 6251.0,
        "decode_ganymede_decode-3_gpu_temperature_avg_c": 31.605263,
        "decode_ganymede_decode-3_gpu_temperature_max_c": 35.0,
        "decode_ganymede_decode-3_network_rx_bytes": 712622971.0,
        "decode_ganymede_decode-3_network_tx_bytes": 6529456.0,
        "decode_ganymede_decode-3_gpu_pstate_mode": "P0",
        "decode_ganymede_decode-4_samples": 0,
        "decode_ganymede_samples": 38,
        "decode_ganymede_target_freq_mhz": 570.0,
        "decode_ganymede_gpu_util_avg_pct": 51.315789,
        "decode_ganymede_gpu_util_max_pct": 100.0,
        "decode_ganymede_gpu_power_avg_w": 37.879474,
        "decode_ganymede_gpu_power_max_w": 57.03,
        "decode_ganymede_gpu_sm_clock_avg_mhz": 570.0,
        "decode_ganymede_gpu_sm_clock_max_mhz": 570.0,
        "decode_ganymede_gpu_sm_clock_min_mhz": 570.0,
        "decode_ganymede_gpu_memory_used_avg_mib": 18723.315789,
        "decode_ganymede_gpu_memory_used_max_mib": 18729.0,
        "decode_ganymede_gpu_mem_util_avg_pct": 50.736842,
        "decode_ganymede_gpu_mem_util_max_pct": 100.0,
        "decode_ganymede_gpu_power_limit_avg_w": 72.0,
        "decode_ganymede_gpu_power_limit_max_w": 72.0,
        "decode_ganymede_gpu_mem_clock_avg_mhz": 6251.0,
        "decode_ganymede_gpu_mem_clock_max_mhz": 6251.0,
        "decode_ganymede_gpu_temperature_avg_c": 44.184211,
        "decode_ganymede_gpu_temperature_max_c": 47.0,
        "decode_ganymede_network_rx_bytes": 712622971.0,
        "decode_ganymede_network_tx_bytes": 6529456.0,
        "decode_ganymede_gpu_pstate_mode": "P0",
        "prefill_neptune_prefill-2_samples": 0,
        "prefill_neptune_prefill-3_samples": 0,
        "prefill_neptune_prefill-4_samples": 0,
        "prefill_neptune_samples": 43,
        "prefill_neptune_target_freq_mhz": 480.0,
        "prefill_neptune_gpu_util_avg_pct": 17.186047,
        "prefill_neptune_gpu_util_max_pct": 81.0,
        "prefill_neptune_gpu_power_avg_w": 75.067674,
        "prefill_neptune_gpu_power_max_w": 111.63,
        "prefill_neptune_gpu_sm_clock_avg_mhz": 480.0,
        "prefill_neptune_gpu_sm_clock_max_mhz": 480.0,
        "prefill_neptune_gpu_sm_clock_min_mhz": 480.0,
        "prefill_neptune_gpu_memory_used_avg_mib": 37976.813953,
        "prefill_neptune_gpu_memory_used_max_mib": 38031.0,
        "prefill_neptune_gpu_mem_util_avg_pct": 11.860465,
        "prefill_neptune_gpu_mem_util_max_pct": 58.0,
        "prefill_neptune_gpu_power_limit_avg_w": 350.0,
        "prefill_neptune_gpu_power_limit_max_w": 350.0,
        "prefill_neptune_gpu_mem_clock_avg_mhz": 9001.0,
        "prefill_neptune_gpu_mem_clock_max_mhz": 9001.0,
        "prefill_neptune_gpu_temperature_avg_c": 28.883721,
        "prefill_neptune_gpu_temperature_max_c": 31.0,
        "prefill_neptune_network_rx_bytes": 2651964.0,
        "prefill_neptune_network_tx_bytes": 709076407.0,
        "prefill_neptune_gpu_pstate_mode": "P0",
        "gpu_stream_count": 8,
        "covered_gpu_stream_count": 8,
        "min_gpu_coverage_ratio": 1.0,
        "neptune_energy_j": 4213.69309,
        "ganymede_energy_j": 3142.956099,
        "combined_energy_j": 7356.649189,
        "combined_avg_power_w": 296.515866,
        "energy_per_request_j": 45.979057
      }
    },
    {
      "workload": {
        "seq": 4,
        "workload_id": "decode_scale_to_4",
        "input_len": 32,
        "output_len": 32,
        "configured_request_rate_rps": 20.0,
        "decision_status": "OK",
        "decision_mode": "safe_min_power",
        "num_candidates": 100,
        "num_safe": 72
      },
      "decision": {
        "status": "OK",
        "decision_mode": "safe_min_power",
        "policy": "latency_plus_saturation",
        "placement": "l40s-prefill-l4-decode",
        "workload": {
          "il": 32,
          "ol": 32,
          "rate": 20.0
        },
        "instances": {
          "prefill": 1,
          "decode": 4
        },
        "slos": {
          "ttft_ms": 500,
          "tpot_ms": 200
        },
        "kv_transfer_model": {
          "enabled": true,
          "formula": "T_kv = input_tokens * (2 * layers * num_kv_heads * head_dim * bytes_per_element) * 8 / effective_bandwidth_gbps",
          "ttft_formula": "predicted_p99_ttft = predicted_p99_queue_plus_prefill + T_kv + T_dispatch",
          "input_tokens": 32,
          "num_layers": 32,
          "num_kv_heads": 8,
          "head_dim": 128,
          "bytes_per_element": 2,
          "kv_bytes_per_token": 131072,
          "kv_total_bytes": 4194304,
          "effective_bandwidth_gbps": 24.076,
          "kv_transfer_ms": 1.393688,
          "dispatch_ms": 0.0
        },
        "saturation_threshold": 0.3,
        "tp_per_role": 1,
        "recommended": {
          "prefill": {
            "phase": "prefill",
            "gpu_type": "l40s",
            "node_group": "neptune",
            "tp": 1,
            "freq_mhz": 480,
            "rec_freq_mhz": 480,
            "is_safe": true,
            "p_violate": 0.0968,
            "rho_phase": 0.6183,
            "rho_total": 0.8038,
            "latency_ms": 171.3,
            "power_per_gpu_w": 138.2,
            "total_power_w": 138.2,
            "p99_ttft_ms": 172.7,
            "p_saturated": 0.15528,
            "p_saturated_min": 0.112467,
            "p_saturated_max": 0.24781,
            "saturation_threshold": 0.3,
            "saturation_safe": true,
            "per_seed": [
              {
                "seed": 3,
                "probability": 0.24781
              },
              {
                "seed": 7,
                "probability": 0.148733
              },
              {
                "seed": 11,
                "probability": 0.116661
              },
              {
                "seed": 19,
                "probability": 0.150728
              },
              {
                "seed": 23,
                "probability": 0.112467
              }
            ],
            "instance_count": 1,
            "effective_request_rate_per_instance": 20.0,
            "p99_queue_plus_prefill_ms": 171.3,
            "kv_transfer_ms": 1.393688,
            "dispatch_ms": 0.0,
            "ttft_components_ms": {
              "queue_plus_prefill": 171.3,
              "kv_transfer": 1.393688,
              "dispatch": 0.0,
              "total": 172.7
            }
          },
          "decode": {
            "phase": "decode",
            "gpu_type": "l4",
            "node_group": "ganymede",
            "tp": 1,
            "freq_mhz": 570,
            "rec_freq_mhz": 570,
            "is_safe": true,
            "p_violate": 0.0046,
            "rho_phase": 0.058,
            "rho_total": 0.2515,
            "latency_ms": 145.1,
            "power_per_gpu_w": 43.2,
            "total_power_w": 43.2,
            "p99_tpot_ms": 145.1,
            "p_saturated": 0.07748,
            "p_saturated_min": 0.072337,
            "p_saturated_max": 0.08832,
            "saturation_threshold": 0.3,
            "saturation_safe": true,
            "per_seed": [
              {
                "seed": 3,
                "probability": 0.076162
              },
              {
                "seed": 7,
                "probability": 0.076868
              },
              {
                "seed": 11,
                "probability": 0.073713
              },
              {
                "seed": 19,
                "probability": 0.08832
              },
              {
                "seed": 23,
                "probability": 0.072337
              }
            ],
            "instance_count": 4,
            "effective_request_rate_per_instance": 5.0
          },
          "latency_safe": true,
          "saturation_safe": true,
          "is_safe": true,
          "predicted_joint_latency_violation_probability": 0.100955,
          "predicted_joint_saturation_probability": 0.220729,
          "predicted_overload_violation_probability": 0.2994,
          "predicted_ttft_excess_ratio": 0.0,
          "predicted_tpot_excess_ratio": 0.0,
          "predicted_max_slo_excess_ratio": 0.0,
          "predicted_cluster_power_w": 311.0,
          "predicted_energy_per_request_j": 15.55
        },
        "alternatives": [
          {
            "prefill": {
              "phase": "prefill",
              "gpu_type": "l40s",
              "node_group": "neptune",
              "tp": 1,
              "freq_mhz": 480,
              "rec_freq_mhz": 480,
              "is_safe": true,
              "p_violate": 0.0968,
              "rho_phase": 0.6183,
              "rho_total": 0.8038,
              "latency_ms": 171.3,
              "power_per_gpu_w": 138.2,
              "total_power_w": 138.2,
              "p99_ttft_ms": 172.7,
              "p_saturated": 0.15528,
              "p_saturated_min": 0.112467,
              "p_saturated_max": 0.24781,
              "saturation_threshold": 0.3,
              "saturation_safe": true,
              "per_seed": [
                {
                  "seed": 3,
                  "probability": 0.24781
                },
                {
                  "seed": 7,
                  "probability": 0.148733
                },
                {
                  "seed": 11,
                  "probability": 0.116661
                },
                {
                  "seed": 19,
                  "probability": 0.150728
                },
                {
                  "seed": 23,
                  "probability": 0.112467
                }
              ],
              "instance_count": 1,
              "effective_request_rate_per_instance": 20.0,
              "p99_queue_plus_prefill_ms": 171.3,
              "kv_transfer_ms": 1.393688,
              "dispatch_ms": 0.0,
              "ttft_components_ms": {
                "queue_plus_prefill": 171.3,
                "kv_transfer": 1.393688,
                "dispatch": 0.0,
                "total": 172.7
              }
            },
            "decode": {
              "phase": "decode",
              "gpu_type": "l4",
              "node_group": "ganymede",
              "tp": 1,
              "freq_mhz": 780,
              "rec_freq_mhz": 780,
              "is_safe": true,
              "p_violate": 0.0024,
              "rho_phase": 0.0399,
              "rho_total": 0.1729,
              "latency_ms": 113.7,
              "power_per_gpu_w": 45.8,
              "total_power_w": 45.8,
              "p99_tpot_ms": 113.7,
              "p_saturated": 0.07748,
              "p_saturated_min": 0.072337,
              "p_saturated_max": 0.08832,
              "saturation_threshold": 0.3,
              "saturation_safe": true,
              "per_seed": [
                {
                  "seed": 3,
                  "probability": 0.076162
                },
                {
                  "seed": 7,
                  "probability": 0.076868
                },
                {
                  "seed": 11,
                  "probability": 0.073713
                },
                {
                  "seed": 19,
                  "probability": 0.08832
                },
                {
                  "seed": 23,
                  "probability": 0.072337
                }
              ],
              "instance_count": 4,
              "effective_request_rate_per_instance": 5.0
            },
            "latency_safe": true,
            "saturation_safe": true,
            "is_safe": true,
            "predicted_joint_latency_violation_probability": 0.098968,
            "predicted_joint_saturation_probability": 0.220729,
            "predicted_overload_violation_probability": 0.297852,
            "predicted_ttft_excess_ratio": 0.0,
            "predicted_tpot_excess_ratio": 0.0,
            "predicted_max_slo_excess_ratio": 0.0,
            "predicted_cluster_power_w": 321.4,
            "predicted_energy_per_request_j": 16.07
          },
          {
            "prefill": {
              "phase": "prefill",
              "gpu_type": "l40s",
              "node_group": "neptune",
              "tp": 1,
              "freq_mhz": 480,
              "rec_freq_mhz": 480,
              "is_safe": true,
              "p_violate": 0.0968,
              "rho_phase": 0.6183,
              "rho_total": 0.8038,
              "latency_ms": 171.3,
              "power_per_gpu_w": 138.2,
              "total_power_w": 138.2,
              "p99_ttft_ms": 172.7,
              "p_saturated": 0.15528,
              "p_saturated_min": 0.112467,
              "p_saturated_max": 0.24781,
              "saturation_threshold": 0.3,
              "saturation_safe": true,
              "per_seed": [
                {
                  "seed": 3,
                  "probability": 0.24781
                },
                {
                  "seed": 7,
                  "probability": 0.148733
                },
                {
                  "seed": 11,
                  "probability": 0.116661
                },
                {
                  "seed": 19,
                  "probability": 0.150728
                },
                {
                  "seed": 23,
                  "probability": 0.112467
                }
              ],
              "instance_count": 1,
              "effective_request_rate_per_instance": 20.0,
              "p99_queue_plus_prefill_ms": 171.3,
              "kv_transfer_ms": 1.393688,
              "dispatch_ms": 0.0,
              "ttft_components_ms": {
                "queue_plus_prefill": 171.3,
                "kv_transfer": 1.393688,
                "dispatch": 0.0,
                "total": 172.7
              }
            },
            "decode": {
              "phase": "decode",
              "gpu_type": "l4",
              "node_group": "ganymede",
              "tp": 1,
              "freq_mhz": 990,
              "rec_freq_mhz": 990,
              "is_safe": true,
              "p_violate": 0.0024,
              "rho_phase": 0.0399,
              "rho_total": 0.1729,
              "latency_ms": 109.1,
              "power_per_gpu_w": 46.1,
              "total_power_w": 46.1,
              "p99_tpot_ms": 109.1,
              "p_saturated": 0.075619,
              "p_saturated_min": 0.063033,
              "p_saturated_max": 0.08832,
              "saturation_threshold": 0.3,
              "saturation_safe": true,
              "per_seed": [
                {
                  "seed": 3,
                  "probability": 0.076162
                },
                {
                  "seed": 7,
                  "probability": 0.076868
                },
                {
                  "seed": 11,
                  "probability": 0.073713
                },
                {
                  "seed": 19,
                  "probability": 0.08832
                },
                {
                  "seed": 23,
                  "probability": 0.063033
                }
              ],
              "instance_count": 4,
              "effective_request_rate_per_instance": 5.0
            },
            "latency_safe": true,
            "saturation_safe": true,
            "is_safe": true,
            "predicted_joint_latency_violation_probability": 0.098968,
            "predicted_joint_saturation_probability": 0.219157,
            "predicted_overload_violation_probability": 0.296435,
            "predicted_ttft_excess_ratio": 0.0,
            "predicted_tpot_excess_ratio": 0.0,
            "predicted_max_slo_excess_ratio": 0.0,
            "predicted_cluster_power_w": 322.6,
            "predicted_energy_per_request_j": 16.13
          },
          {
            "prefill": {
              "phase": "prefill",
              "gpu_type": "l40s",
              "node_group": "neptune",
              "tp": 1,
              "freq_mhz": 735,
              "rec_freq_mhz": 735,
              "is_safe": true,
              "p_violate": 0.0098,
              "rho_phase": 0.4072,
              "rho_total": 0.5294,
              "latency_ms": 127.1,
              "power_per_gpu_w": 150.7,
              "total_power_w": 150.7,
              "p99_ttft_ms": 128.5,
              "p_saturated": 0.127939,
              "p_saturated_min": 0.103508,
              "p_saturated_max": 0.1732,
              "saturation_threshold": 0.3,
              "saturation_safe": true,
              "per_seed": [
                {
                  "seed": 3,
                  "probability": 0.1732
                },
                {
                  "seed": 7,
                  "probability": 0.144441
                },
                {
                  "seed": 11,
                  "probability": 0.114737
                },
                {
                  "seed": 19,
                  "probability": 0.103508
                },
                {
                  "seed": 23,
                  "probability": 0.103811
                }
              ],
              "instance_count": 1,
              "effective_request_rate_per_instance": 20.0,
              "p99_queue_plus_prefill_ms": 127.1,
              "kv_transfer_ms": 1.393688,
              "dispatch_ms": 0.0,
              "ttft_components_ms": {
                "queue_plus_prefill": 127.1,
                "kv_transfer": 1.393688,
                "dispatch": 0.0,
                "total": 128.5
              }
            },
            "decode": {
              "phase": "decode",
              "gpu_type": "l4",
              "node_group": "ganymede",
              "tp": 1,
              "freq_mhz": 570,
              "rec_freq_mhz": 570,
              "is_safe": true,
              "p_violate": 0.0046,
              "rho_phase": 0.058,
              "rho_total": 0.2515,
              "latency_ms": 145.1,
              "power_per_gpu_w": 43.2,
              "total_power_w": 43.2,
              "p99_tpot_ms": 145.1,
              "p_saturated": 0.07748,
              "p_saturated_min": 0.072337,
              "p_saturated_max": 0.08832,
              "saturation_threshold": 0.3,
              "saturation_safe": true,
              "per_seed": [
                {
                  "seed": 3,
                  "probability": 0.076162
                },
                {
                  "seed": 7,
                  "probability": 0.076868
                },
                {
                  "seed": 11,
                  "probability": 0.073713
                },
                {
                  "seed": 19,
                  "probability": 0.08832
                },
                {
                  "seed": 23,
                  "probability": 0.072337
                }
              ],
              "instance_count": 4,
              "effective_request_rate_per_instance": 5.0
            },
            "latency_safe": true,
            "saturation_safe": true,
            "is_safe": true,
            "predicted_joint_latency_violation_probability": 0.014355,
            "predicted_joint_saturation_probability": 0.195506,
            "predicted_overload_violation_probability": 0.207055,
            "predicted_ttft_excess_ratio": 0.0,
            "predicted_tpot_excess_ratio": 0.0,
            "predicted_max_slo_excess_ratio": 0.0,
            "predicted_cluster_power_w": 323.5,
            "predicted_energy_per_request_j": 16.175
          }
        ],
        "num_candidates": 100,
        "num_latency_safe": 72,
        "num_saturation_safe": 100,
        "num_safe": 72
      },
      "performance": {
        "successful_requests": 200,
        "failed_requests": 0,
        "benchmark_duration_s": 12.47,
        "request_throughput_rps": 16.03,
        "output_token_throughput_tps": 513.06,
        "total_token_throughput_tps": 1010.08,
        "p99_ttft_ms": 1211.74,
        "p99_tpot_ms": 65.89,
        "p99_itl_ms": 84.62,
        "throughput_ratio": 0.8015000000000001,
        "measured_saturated": null,
        "saturation_assessment": "INCONCLUSIVE_FINITE_POISSON",
        "ttft_slo_ok": false,
        "tpot_slo_ok": true
      },
      "telemetry": {
        "decode_ganymede_decode-2": {
          "samples": 38,
          "target_freq_mhz": 570.0,
          "gpu_util_avg_pct": 42.026315789473685,
          "gpu_util_max_pct": 100.0,
          "gpu_power_avg_w": 34.354473684210525,
          "gpu_power_max_w": 54.87,
          "gpu_sm_clock_avg_mhz": 570.0,
          "gpu_sm_clock_max_mhz": 570.0,
          "gpu_sm_clock_min_mhz": 570.0,
          "gpu_memory_used_avg_mib": 18729.0,
          "gpu_memory_used_max_mib": 18729.0,
          "gpu_mem_util_avg_pct": 42.10526315789474,
          "gpu_mem_util_max_pct": 100.0,
          "gpu_power_limit_avg_w": 72.0,
          "gpu_power_limit_max_w": 72.0,
          "gpu_mem_clock_avg_mhz": 6251.0,
          "gpu_mem_clock_max_mhz": 6251.0,
          "gpu_temperature_avg_c": 42.68421052631579,
          "gpu_temperature_max_c": 46.0,
          "network_rx_bytes": 888826726.0,
          "network_tx_bytes": 7401409.0,
          "gpu_pstate_mode": "P0"
        },
        "decode_ganymede_decode-3": {
          "samples": 38,
          "target_freq_mhz": 570.0,
          "gpu_util_avg_pct": 52.28947368421053,
          "gpu_util_max_pct": 100.0,
          "gpu_power_avg_w": 37.03368421052632,
          "gpu_power_max_w": 56.6,
          "gpu_sm_clock_avg_mhz": 570.0,
          "gpu_sm_clock_max_mhz": 570.0,
          "gpu_sm_clock_min_mhz": 570.0,
          "gpu_memory_used_avg_mib": 18729.0,
          "gpu_memory_used_max_mib": 18729.0,
          "gpu_mem_util_avg_pct": 52.63157894736842,
          "gpu_mem_util_max_pct": 100.0,
          "gpu_power_limit_avg_w": 72.0,
          "gpu_power_limit_max_w": 72.0,
          "gpu_mem_clock_avg_mhz": 6251.0,
          "gpu_mem_clock_max_mhz": 6251.0,
          "gpu_temperature_avg_c": 33.921052631578945,
          "gpu_temperature_max_c": 37.0,
          "network_rx_bytes": 888826726.0,
          "network_tx_bytes": 7401409.0,
          "gpu_pstate_mode": "P0"
        },
        "decode_ganymede_decode-4": {
          "samples": 38,
          "target_freq_mhz": 570.0,
          "gpu_util_avg_pct": 42.473684210526315,
          "gpu_util_max_pct": 100.0,
          "gpu_power_avg_w": 35.441315789473684,
          "gpu_power_max_w": 54.94,
          "gpu_sm_clock_avg_mhz": 570.0,
          "gpu_sm_clock_max_mhz": 570.0,
          "gpu_sm_clock_min_mhz": 570.0,
          "gpu_memory_used_avg_mib": 18587.315789473683,
          "gpu_memory_used_max_mib": 18727.0,
          "gpu_mem_util_avg_pct": 42.23684210526316,
          "gpu_mem_util_max_pct": 100.0,
          "gpu_power_limit_avg_w": 72.0,
          "gpu_power_limit_max_w": 72.0,
          "gpu_mem_clock_avg_mhz": 6251.0,
          "gpu_mem_clock_max_mhz": 6251.0,
          "gpu_temperature_avg_c": 30.342105263157894,
          "gpu_temperature_max_c": 34.0,
          "network_rx_bytes": 888826726.0,
          "network_tx_bytes": 7401409.0,
          "gpu_pstate_mode": "P0"
        },
        "decode_ganymede": {
          "samples": 38,
          "target_freq_mhz": 570.0,
          "gpu_util_avg_pct": 45.36842105263158,
          "gpu_util_max_pct": 100.0,
          "gpu_power_avg_w": 35.30105263157895,
          "gpu_power_max_w": 55.21,
          "gpu_sm_clock_avg_mhz": 570.0,
          "gpu_sm_clock_max_mhz": 570.0,
          "gpu_sm_clock_min_mhz": 570.0,
          "gpu_memory_used_avg_mib": 18729.0,
          "gpu_memory_used_max_mib": 18729.0,
          "gpu_mem_util_avg_pct": 44.73684210526316,
          "gpu_mem_util_max_pct": 100.0,
          "gpu_power_limit_avg_w": 72.0,
          "gpu_power_limit_max_w": 72.0,
          "gpu_mem_clock_avg_mhz": 6251.0,
          "gpu_mem_clock_max_mhz": 6251.0,
          "gpu_temperature_avg_c": 44.71052631578947,
          "gpu_temperature_max_c": 48.0,
          "network_rx_bytes": 888826726.0,
          "network_tx_bytes": 7401409.0,
          "gpu_pstate_mode": "P0"
        },
        "prefill_neptune_prefill-2": {
          "samples": 0
        },
        "prefill_neptune_prefill-3": {
          "samples": 0
        },
        "prefill_neptune_prefill-4": {
          "samples": 0
        },
        "prefill_neptune": {
          "samples": 43,
          "target_freq_mhz": 480.0,
          "gpu_util_avg_pct": 15.813953488372093,
          "gpu_util_max_pct": 51.0,
          "gpu_power_avg_w": 71.10418604651163,
          "gpu_power_max_w": 103.57,
          "gpu_sm_clock_avg_mhz": 480.0,
          "gpu_sm_clock_max_mhz": 480.0,
          "gpu_sm_clock_min_mhz": 480.0,
          "gpu_memory_used_avg_mib": 38087.186046511626,
          "gpu_memory_used_max_mib": 38143.0,
          "gpu_mem_util_avg_pct": 9.767441860465116,
          "gpu_mem_util_max_pct": 44.0,
          "gpu_power_limit_avg_w": 350.0,
          "gpu_power_limit_max_w": 350.0,
          "gpu_mem_clock_avg_mhz": 9001.0,
          "gpu_mem_clock_max_mhz": 9001.0,
          "gpu_temperature_avg_c": 28.72093023255814,
          "gpu_temperature_max_c": 30.0,
          "network_rx_bytes": 3277839.0,
          "network_tx_bytes": 885170799.0,
          "gpu_pstate_mode": "P0"
        }
      },
      "energy": {
        "gpu_stream_count": 8,
        "covered_gpu_stream_count": 8,
        "min_gpu_coverage_ratio": 1.0,
        "neptune_energy_j": 4143.597505780057,
        "ganymede_energy_j": 3665.0441690655284,
        "combined_energy_j": 7808.641674845586,
        "combined_avg_power_w": 312.14603006512914,
        "energy_per_request_j": 39.04320837422793
      },
      "summary": {
        "seq": 4,
        "workload_id": "decode_scale_to_4",
        "input_len": 32,
        "output_len": 32,
        "configured_request_rate_rps": 20.0,
        "decision_status": "OK",
        "decision_mode": "safe_min_power",
        "num_candidates": 100,
        "num_safe": 72,
        "recommended_is_safe": true,
        "prefill_gpu": "l40s",
        "prefill_instances": 1,
        "prefill_request_rate_per_instance_rps": 20.0,
        "prefill_target_freq_mhz": 480,
        "prefill_predicted_p99_ttft_ms": 172.7,
        "prefill_predicted_p99_queue_plus_prefill_ms": 171.3,
        "predicted_kv_transfer_ms": 1.393688,
        "predicted_dispatch_ms": 0.0,
        "kv_bytes_per_token": 131072,
        "kv_total_bytes": 4194304,
        "kv_effective_bandwidth_gbps": 24.076,
        "prefill_predicted_p_saturated": 0.15528,
        "decode_gpu": "l4",
        "decode_instances": 4,
        "decode_request_rate_per_instance_rps": 5.0,
        "decode_target_freq_mhz": 570,
        "decode_predicted_p99_tpot_ms": 145.1,
        "decode_predicted_p_saturated": 0.07748,
        "predicted_cluster_power_w": 311.0,
        "actual_successful_requests": 200,
        "actual_failed_requests": 0,
        "actual_benchmark_duration_s": 12.47,
        "actual_request_throughput_rps": 16.03,
        "actual_output_token_throughput_tps": 513.06,
        "actual_total_token_throughput_tps": 1010.08,
        "actual_p99_ttft_ms": 1211.74,
        "actual_p99_tpot_ms": 65.89,
        "actual_p99_itl_ms": 84.62,
        "actual_throughput_ratio": 0.8015,
        "actual_measured_saturated": null,
        "actual_saturation_assessment": "INCONCLUSIVE_FINITE_POISSON",
        "actual_ttft_slo_ok": false,
        "actual_tpot_slo_ok": true,
        "decode_ganymede_decode-2_samples": 38,
        "decode_ganymede_decode-2_target_freq_mhz": 570.0,
        "decode_ganymede_decode-2_gpu_util_avg_pct": 42.026316,
        "decode_ganymede_decode-2_gpu_util_max_pct": 100.0,
        "decode_ganymede_decode-2_gpu_power_avg_w": 34.354474,
        "decode_ganymede_decode-2_gpu_power_max_w": 54.87,
        "decode_ganymede_decode-2_gpu_sm_clock_avg_mhz": 570.0,
        "decode_ganymede_decode-2_gpu_sm_clock_max_mhz": 570.0,
        "decode_ganymede_decode-2_gpu_sm_clock_min_mhz": 570.0,
        "decode_ganymede_decode-2_gpu_memory_used_avg_mib": 18729.0,
        "decode_ganymede_decode-2_gpu_memory_used_max_mib": 18729.0,
        "decode_ganymede_decode-2_gpu_mem_util_avg_pct": 42.105263,
        "decode_ganymede_decode-2_gpu_mem_util_max_pct": 100.0,
        "decode_ganymede_decode-2_gpu_power_limit_avg_w": 72.0,
        "decode_ganymede_decode-2_gpu_power_limit_max_w": 72.0,
        "decode_ganymede_decode-2_gpu_mem_clock_avg_mhz": 6251.0,
        "decode_ganymede_decode-2_gpu_mem_clock_max_mhz": 6251.0,
        "decode_ganymede_decode-2_gpu_temperature_avg_c": 42.684211,
        "decode_ganymede_decode-2_gpu_temperature_max_c": 46.0,
        "decode_ganymede_decode-2_network_rx_bytes": 888826726.0,
        "decode_ganymede_decode-2_network_tx_bytes": 7401409.0,
        "decode_ganymede_decode-2_gpu_pstate_mode": "P0",
        "decode_ganymede_decode-3_samples": 38,
        "decode_ganymede_decode-3_target_freq_mhz": 570.0,
        "decode_ganymede_decode-3_gpu_util_avg_pct": 52.289474,
        "decode_ganymede_decode-3_gpu_util_max_pct": 100.0,
        "decode_ganymede_decode-3_gpu_power_avg_w": 37.033684,
        "decode_ganymede_decode-3_gpu_power_max_w": 56.6,
        "decode_ganymede_decode-3_gpu_sm_clock_avg_mhz": 570.0,
        "decode_ganymede_decode-3_gpu_sm_clock_max_mhz": 570.0,
        "decode_ganymede_decode-3_gpu_sm_clock_min_mhz": 570.0,
        "decode_ganymede_decode-3_gpu_memory_used_avg_mib": 18729.0,
        "decode_ganymede_decode-3_gpu_memory_used_max_mib": 18729.0,
        "decode_ganymede_decode-3_gpu_mem_util_avg_pct": 52.631579,
        "decode_ganymede_decode-3_gpu_mem_util_max_pct": 100.0,
        "decode_ganymede_decode-3_gpu_power_limit_avg_w": 72.0,
        "decode_ganymede_decode-3_gpu_power_limit_max_w": 72.0,
        "decode_ganymede_decode-3_gpu_mem_clock_avg_mhz": 6251.0,
        "decode_ganymede_decode-3_gpu_mem_clock_max_mhz": 6251.0,
        "decode_ganymede_decode-3_gpu_temperature_avg_c": 33.921053,
        "decode_ganymede_decode-3_gpu_temperature_max_c": 37.0,
        "decode_ganymede_decode-3_network_rx_bytes": 888826726.0,
        "decode_ganymede_decode-3_network_tx_bytes": 7401409.0,
        "decode_ganymede_decode-3_gpu_pstate_mode": "P0",
        "decode_ganymede_decode-4_samples": 38,
        "decode_ganymede_decode-4_target_freq_mhz": 570.0,
        "decode_ganymede_decode-4_gpu_util_avg_pct": 42.473684,
        "decode_ganymede_decode-4_gpu_util_max_pct": 100.0,
        "decode_ganymede_decode-4_gpu_power_avg_w": 35.441316,
        "decode_ganymede_decode-4_gpu_power_max_w": 54.94,
        "decode_ganymede_decode-4_gpu_sm_clock_avg_mhz": 570.0,
        "decode_ganymede_decode-4_gpu_sm_clock_max_mhz": 570.0,
        "decode_ganymede_decode-4_gpu_sm_clock_min_mhz": 570.0,
        "decode_ganymede_decode-4_gpu_memory_used_avg_mib": 18587.315789,
        "decode_ganymede_decode-4_gpu_memory_used_max_mib": 18727.0,
        "decode_ganymede_decode-4_gpu_mem_util_avg_pct": 42.236842,
        "decode_ganymede_decode-4_gpu_mem_util_max_pct": 100.0,
        "decode_ganymede_decode-4_gpu_power_limit_avg_w": 72.0,
        "decode_ganymede_decode-4_gpu_power_limit_max_w": 72.0,
        "decode_ganymede_decode-4_gpu_mem_clock_avg_mhz": 6251.0,
        "decode_ganymede_decode-4_gpu_mem_clock_max_mhz": 6251.0,
        "decode_ganymede_decode-4_gpu_temperature_avg_c": 30.342105,
        "decode_ganymede_decode-4_gpu_temperature_max_c": 34.0,
        "decode_ganymede_decode-4_network_rx_bytes": 888826726.0,
        "decode_ganymede_decode-4_network_tx_bytes": 7401409.0,
        "decode_ganymede_decode-4_gpu_pstate_mode": "P0",
        "decode_ganymede_samples": 38,
        "decode_ganymede_target_freq_mhz": 570.0,
        "decode_ganymede_gpu_util_avg_pct": 45.368421,
        "decode_ganymede_gpu_util_max_pct": 100.0,
        "decode_ganymede_gpu_power_avg_w": 35.301053,
        "decode_ganymede_gpu_power_max_w": 55.21,
        "decode_ganymede_gpu_sm_clock_avg_mhz": 570.0,
        "decode_ganymede_gpu_sm_clock_max_mhz": 570.0,
        "decode_ganymede_gpu_sm_clock_min_mhz": 570.0,
        "decode_ganymede_gpu_memory_used_avg_mib": 18729.0,
        "decode_ganymede_gpu_memory_used_max_mib": 18729.0,
        "decode_ganymede_gpu_mem_util_avg_pct": 44.736842,
        "decode_ganymede_gpu_mem_util_max_pct": 100.0,
        "decode_ganymede_gpu_power_limit_avg_w": 72.0,
        "decode_ganymede_gpu_power_limit_max_w": 72.0,
        "decode_ganymede_gpu_mem_clock_avg_mhz": 6251.0,
        "decode_ganymede_gpu_mem_clock_max_mhz": 6251.0,
        "decode_ganymede_gpu_temperature_avg_c": 44.710526,
        "decode_ganymede_gpu_temperature_max_c": 48.0,
        "decode_ganymede_network_rx_bytes": 888826726.0,
        "decode_ganymede_network_tx_bytes": 7401409.0,
        "decode_ganymede_gpu_pstate_mode": "P0",
        "prefill_neptune_prefill-2_samples": 0,
        "prefill_neptune_prefill-3_samples": 0,
        "prefill_neptune_prefill-4_samples": 0,
        "prefill_neptune_samples": 43,
        "prefill_neptune_target_freq_mhz": 480.0,
        "prefill_neptune_gpu_util_avg_pct": 15.813953,
        "prefill_neptune_gpu_util_max_pct": 51.0,
        "prefill_neptune_gpu_power_avg_w": 71.104186,
        "prefill_neptune_gpu_power_max_w": 103.57,
        "prefill_neptune_gpu_sm_clock_avg_mhz": 480.0,
        "prefill_neptune_gpu_sm_clock_max_mhz": 480.0,
        "prefill_neptune_gpu_sm_clock_min_mhz": 480.0,
        "prefill_neptune_gpu_memory_used_avg_mib": 38087.186047,
        "prefill_neptune_gpu_memory_used_max_mib": 38143.0,
        "prefill_neptune_gpu_mem_util_avg_pct": 9.767442,
        "prefill_neptune_gpu_mem_util_max_pct": 44.0,
        "prefill_neptune_gpu_power_limit_avg_w": 350.0,
        "prefill_neptune_gpu_power_limit_max_w": 350.0,
        "prefill_neptune_gpu_mem_clock_avg_mhz": 9001.0,
        "prefill_neptune_gpu_mem_clock_max_mhz": 9001.0,
        "prefill_neptune_gpu_temperature_avg_c": 28.72093,
        "prefill_neptune_gpu_temperature_max_c": 30.0,
        "prefill_neptune_network_rx_bytes": 3277839.0,
        "prefill_neptune_network_tx_bytes": 885170799.0,
        "prefill_neptune_gpu_pstate_mode": "P0",
        "gpu_stream_count": 8,
        "covered_gpu_stream_count": 8,
        "min_gpu_coverage_ratio": 1.0,
        "neptune_energy_j": 4143.597506,
        "ganymede_energy_j": 3665.044169,
        "combined_energy_j": 7808.641675,
        "combined_avg_power_w": 312.14603,
        "energy_per_request_j": 39.043208
      }
    },
    {
      "workload": {
        "seq": 5,
        "workload_id": "short_r32_capacity",
        "input_len": 32,
        "output_len": 32,
        "configured_request_rate_rps": 32.0,
        "decision_status": "OVERLOAD_FALLBACK",
        "decision_mode": "overload_min_slo_violation",
        "num_candidates": 100,
        "num_safe": 0
      },
      "decision": {
        "status": "OVERLOAD_FALLBACK",
        "decision_mode": "overload_min_slo_violation",
        "selection_criterion": "min predicted union of latency-SLO and saturation violation probabilities",
        "policy": "latency_plus_saturation",
        "placement": "l40s-prefill-l4-decode",
        "workload": {
          "il": 32,
          "ol": 32,
          "rate": 32.0
        },
        "instances": {
          "prefill": 2,
          "decode": 4
        },
        "slos": {
          "ttft_ms": 500,
          "tpot_ms": 200
        },
        "kv_transfer_model": {
          "enabled": true,
          "formula": "T_kv = input_tokens * (2 * layers * num_kv_heads * head_dim * bytes_per_element) * 8 / effective_bandwidth_gbps",
          "ttft_formula": "predicted_p99_ttft = predicted_p99_queue_plus_prefill + T_kv + T_dispatch",
          "input_tokens": 32,
          "num_layers": 32,
          "num_kv_heads": 8,
          "head_dim": 128,
          "bytes_per_element": 2,
          "kv_bytes_per_token": 131072,
          "kv_total_bytes": 4194304,
          "effective_bandwidth_gbps": 24.076,
          "kv_transfer_ms": 1.393688,
          "dispatch_ms": 0.0
        },
        "saturation_threshold": 0.3,
        "tp_per_role": 1,
        "recommended": {
          "prefill": {
            "phase": "prefill",
            "gpu_type": "l40s",
            "node_group": "neptune",
            "tp": 1,
            "freq_mhz": 1755,
            "rec_freq_mhz": 1755,
            "is_safe": true,
            "p_violate": 0.0014,
            "rho_phase": 0.0643,
            "rho_total": 0.0836,
            "latency_ms": 74.0,
            "power_per_gpu_w": 153.2,
            "total_power_w": 153.2,
            "p99_ttft_ms": 75.4,
            "p_saturated": 0.097036,
            "p_saturated_min": 0.042357,
            "p_saturated_max": 0.163001,
            "saturation_threshold": 0.3,
            "saturation_safe": true,
            "per_seed": [
              {
                "seed": 3,
                "probability": 0.163001
              },
              {
                "seed": 7,
                "probability": 0.042357
              },
              {
                "seed": 11,
                "probability": 0.114737
              },
              {
                "seed": 19,
                "probability": 0.061274
              },
              {
                "seed": 23,
                "probability": 0.103811
              }
            ],
            "instance_count": 2,
            "effective_request_rate_per_instance": 16.0,
            "p99_queue_plus_prefill_ms": 74.0,
            "kv_transfer_ms": 1.393688,
            "dispatch_ms": 0.0,
            "ttft_components_ms": {
              "queue_plus_prefill": 74.0,
              "kv_transfer": 1.393688,
              "dispatch": 0.0,
              "total": 75.4
            }
          },
          "decode": {
            "phase": "decode",
            "gpu_type": "l4",
            "node_group": "ganymede",
            "tp": 1,
            "freq_mhz": 2040,
            "rec_freq_mhz": 2040,
            "is_safe": true,
            "p_violate": 0.0066,
            "rho_phase": 0.0303,
            "rho_total": 0.1313,
            "latency_ms": 77.4,
            "power_per_gpu_w": 66.3,
            "total_power_w": 66.3,
            "p99_tpot_ms": 77.4,
            "p_saturated": 0.336346,
            "p_saturated_min": 0.159654,
            "p_saturated_max": 0.420483,
            "saturation_threshold": 0.3,
            "saturation_safe": false,
            "per_seed": [
              {
                "seed": 3,
                "probability": 0.368408
              },
              {
                "seed": 7,
                "probability": 0.159654
              },
              {
                "seed": 11,
                "probability": 0.419322
              },
              {
                "seed": 19,
                "probability": 0.313864
              },
              {
                "seed": 23,
                "probability": 0.420483
              }
            ],
            "instance_count": 4,
            "effective_request_rate_per_instance": 8.0
          },
          "latency_safe": true,
          "saturation_safe": false,
          "is_safe": false,
          "predicted_joint_latency_violation_probability": 0.007991,
          "predicted_joint_saturation_probability": 0.400744,
          "predicted_overload_violation_probability": 0.405533,
          "predicted_ttft_excess_ratio": 0.0,
          "predicted_tpot_excess_ratio": 0.0,
          "predicted_max_slo_excess_ratio": 0.0,
          "predicted_cluster_power_w": 571.6,
          "predicted_energy_per_request_j": 17.862
        },
        "alternatives": [
          {
            "prefill": {
              "phase": "prefill",
              "gpu_type": "l40s",
              "node_group": "neptune",
              "tp": 1,
              "freq_mhz": 2010,
              "rec_freq_mhz": 2010,
              "is_safe": true,
              "p_violate": 0.0014,
              "rho_phase": 0.0605,
              "rho_total": 0.0787,
              "latency_ms": 77.2,
              "power_per_gpu_w": 157.9,
              "total_power_w": 157.9,
              "p99_ttft_ms": 78.6,
              "p_saturated": 0.097036,
              "p_saturated_min": 0.042357,
              "p_saturated_max": 0.163001,
              "saturation_threshold": 0.3,
              "saturation_safe": true,
              "per_seed": [
                {
                  "seed": 3,
                  "probability": 0.163001
                },
                {
                  "seed": 7,
                  "probability": 0.042357
                },
                {
                  "seed": 11,
                  "probability": 0.114737
                },
                {
                  "seed": 19,
                  "probability": 0.061274
                },
                {
                  "seed": 23,
                  "probability": 0.103811
                }
              ],
              "instance_count": 2,
              "effective_request_rate_per_instance": 16.0,
              "p99_queue_plus_prefill_ms": 77.2,
              "kv_transfer_ms": 1.393688,
              "dispatch_ms": 0.0,
              "ttft_components_ms": {
                "queue_plus_prefill": 77.2,
                "kv_transfer": 1.393688,
                "dispatch": 0.0,
                "total": 78.6
              }
            },
            "decode": {
              "phase": "decode",
              "gpu_type": "l4",
              "node_group": "ganymede",
              "tp": 1,
              "freq_mhz": 2040,
              "rec_freq_mhz": 2040,
              "is_safe": true,
              "p_violate": 0.0066,
              "rho_phase": 0.0303,
              "rho_total": 0.1313,
              "latency_ms": 77.4,
              "power_per_gpu_w": 66.3,
              "total_power_w": 66.3,
              "p99_tpot_ms": 77.4,
              "p_saturated": 0.336346,
              "p_saturated_min": 0.159654,
              "p_saturated_max": 0.420483,
              "saturation_threshold": 0.3,
              "saturation_safe": false,
              "per_seed": [
                {
                  "seed": 3,
                  "probability": 0.368408
                },
                {
                  "seed": 7,
                  "probability": 0.159654
                },
                {
                  "seed": 11,
                  "probability": 0.419322
                },
                {
                  "seed": 19,
                  "probability": 0.313864
                },
                {
                  "seed": 23,
                  "probability": 0.420483
                }
              ],
              "instance_count": 4,
              "effective_request_rate_per_instance": 8.0
            },
            "latency_safe": true,
            "saturation_safe": false,
            "is_safe": false,
            "predicted_joint_latency_violation_probability": 0.007991,
            "predicted_joint_saturation_probability": 0.400744,
            "predicted_overload_violation_probability": 0.405533,
            "predicted_ttft_excess_ratio": 0.0,
            "predicted_tpot_excess_ratio": 0.0,
            "predicted_max_slo_excess_ratio": 0.0,
            "predicted_cluster_power_w": 581.0,
            "predicted_energy_per_request_j": 18.156
          },
          {
            "prefill": {
              "phase": "prefill",
              "gpu_type": "l40s",
              "node_group": "neptune",
              "tp": 1,
              "freq_mhz": 2265,
              "rec_freq_mhz": 2265,
              "is_safe": true,
              "p_violate": 0.0014,
              "rho_phase": 0.0589,
              "rho_total": 0.0765,
              "latency_ms": 80.9,
              "power_per_gpu_w": 179.9,
              "total_power_w": 179.9,
              "p99_ttft_ms": 82.3,
              "p_saturated": 0.097036,
              "p_saturated_min": 0.042357,
              "p_saturated_max": 0.163001,
              "saturation_threshold": 0.3,
              "saturation_safe": true,
              "per_seed": [
                {
                  "seed": 3,
                  "probability": 0.163001
                },
                {
                  "seed": 7,
                  "probability": 0.042357
                },
                {
                  "seed": 11,
                  "probability": 0.114737
                },
                {
                  "seed": 19,
                  "probability": 0.061274
                },
                {
                  "seed": 23,
                  "probability": 0.103811
                }
              ],
              "instance_count": 2,
              "effective_request_rate_per_instance": 16.0,
              "p99_queue_plus_prefill_ms": 80.9,
              "kv_transfer_ms": 1.393688,
              "dispatch_ms": 0.0,
              "ttft_components_ms": {
                "queue_plus_prefill": 80.9,
                "kv_transfer": 1.393688,
                "dispatch": 0.0,
                "total": 82.3
              }
            },
            "decode": {
              "phase": "decode",
              "gpu_type": "l4",
              "node_group": "ganymede",
              "tp": 1,
              "freq_mhz": 2040,
              "rec_freq_mhz": 2040,
              "is_safe": true,
              "p_violate": 0.0066,
              "rho_phase": 0.0303,
              "rho_total": 0.1313,
              "latency_ms": 77.4,
              "power_per_gpu_w": 66.3,
              "total_power_w": 66.3,
              "p99_tpot_ms": 77.4,
              "p_saturated": 0.336346,
              "p_saturated_min": 0.159654,
              "p_saturated_max": 0.420483,
              "saturation_threshold": 0.3,
              "saturation_safe": false,
              "per_seed": [
                {
                  "seed": 3,
                  "probability": 0.368408
                },
                {
                  "seed": 7,
                  "probability": 0.159654
                },
                {
                  "seed": 11,
                  "probability": 0.419322
                },
                {
                  "seed": 19,
                  "probability": 0.313864
                },
                {
                  "seed": 23,
                  "probability": 0.420483
                }
              ],
              "instance_count": 4,
              "effective_request_rate_per_instance": 8.0
            },
            "latency_safe": true,
            "saturation_safe": false,
            "is_safe": false,
            "predicted_joint_latency_violation_probability": 0.007991,
            "predicted_joint_saturation_probability": 0.400744,
            "predicted_overload_violation_probability": 0.405533,
            "predicted_ttft_excess_ratio": 0.0,
            "predicted_tpot_excess_ratio": 0.0,
            "predicted_max_slo_excess_ratio": 0.0,
            "predicted_cluster_power_w": 625.0,
            "predicted_energy_per_request_j": 19.531
          },
          {
            "prefill": {
              "phase": "prefill",
              "gpu_type": "l40s",
              "node_group": "neptune",
              "tp": 1,
              "freq_mhz": 2520,
              "rec_freq_mhz": 2520,
              "is_safe": true,
              "p_violate": 0.0014,
              "rho_phase": 0.0591,
              "rho_total": 0.0768,
              "latency_ms": 85.1,
              "power_per_gpu_w": 203.4,
              "total_power_w": 203.4,
              "p99_ttft_ms": 86.5,
              "p_saturated": 0.097813,
              "p_saturated_min": 0.042357,
              "p_saturated_max": 0.163001,
              "saturation_threshold": 0.3,
              "saturation_safe": true,
              "per_seed": [
                {
                  "seed": 3,
                  "probability": 0.163001
                },
                {
                  "seed": 7,
                  "probability": 0.042357
                },
                {
                  "seed": 11,
                  "probability": 0.118622
                },
                {
                  "seed": 19,
                  "probability": 0.061274
                },
                {
                  "seed": 23,
                  "probability": 0.103811
                }
              ],
              "instance_count": 2,
              "effective_request_rate_per_instance": 16.0,
              "p99_queue_plus_prefill_ms": 85.1,
              "kv_transfer_ms": 1.393688,
              "dispatch_ms": 0.0,
              "ttft_components_ms": {
                "queue_plus_prefill": 85.1,
                "kv_transfer": 1.393688,
                "dispatch": 0.0,
                "total": 86.5
              }
            },
            "decode": {
              "phase": "decode",
              "gpu_type": "l4",
              "node_group": "ganymede",
              "tp": 1,
              "freq_mhz": 2040,
              "rec_freq_mhz": 2040,
              "is_safe": true,
              "p_violate": 0.0066,
              "rho_phase": 0.0303,
              "rho_total": 0.1313,
              "latency_ms": 77.4,
              "power_per_gpu_w": 66.3,
              "total_power_w": 66.3,
              "p99_tpot_ms": 77.4,
              "p_saturated": 0.336346,
              "p_saturated_min": 0.159654,
              "p_saturated_max": 0.420483,
              "saturation_threshold": 0.3,
              "saturation_safe": false,
              "per_seed": [
                {
                  "seed": 3,
                  "probability": 0.368408
                },
                {
                  "seed": 7,
                  "probability": 0.159654
                },
                {
                  "seed": 11,
                  "probability": 0.419322
                },
                {
                  "seed": 19,
                  "probability": 0.313864
                },
                {
                  "seed": 23,
                  "probability": 0.420483
                }
              ],
              "instance_count": 4,
              "effective_request_rate_per_instance": 8.0
            },
            "latency_safe": true,
            "saturation_safe": false,
            "is_safe": false,
            "predicted_joint_latency_violation_probability": 0.007991,
            "predicted_joint_saturation_probability": 0.40126,
            "predicted_overload_violation_probability": 0.406044,
            "predicted_ttft_excess_ratio": 0.0,
            "predicted_tpot_excess_ratio": 0.0,
            "predicted_max_slo_excess_ratio": 0.0,
            "predicted_cluster_power_w": 672.0,
            "predicted_energy_per_request_j": 21.0
          }
        ],
        "num_candidates": 100,
        "num_latency_safe": 72,
        "num_saturation_safe": 0,
        "num_safe": 0
      },
      "performance": {
        "successful_requests": 320,
        "failed_requests": 0,
        "benchmark_duration_s": 12.75,
        "request_throughput_rps": 25.09,
        "output_token_throughput_tps": 802.84,
        "total_token_throughput_tps": 1580.59,
        "p99_ttft_ms": 1669.91,
        "p99_tpot_ms": 66.91,
        "p99_itl_ms": 86.18,
        "throughput_ratio": 0.7840625,
        "measured_saturated": null,
        "saturation_assessment": "INCONCLUSIVE_FINITE_POISSON",
        "ttft_slo_ok": false,
        "tpot_slo_ok": true
      },
      "telemetry": {
        "decode_ganymede_decode-2": {
          "samples": 59,
          "target_freq_mhz": 2040.0,
          "gpu_util_avg_pct": 26.88135593220339,
          "gpu_util_max_pct": 100.0,
          "gpu_power_avg_w": 39.132881355932206,
          "gpu_power_max_w": 72.7,
          "gpu_sm_clock_avg_mhz": 1954.5762711864406,
          "gpu_sm_clock_max_mhz": 2040.0,
          "gpu_sm_clock_min_mhz": 1620.0,
          "gpu_memory_used_avg_mib": 18763.542372881355,
          "gpu_memory_used_max_mib": 18859.0,
          "gpu_mem_util_avg_pct": 27.11864406779661,
          "gpu_mem_util_max_pct": 100.0,
          "gpu_power_limit_avg_w": 72.0,
          "gpu_power_limit_max_w": 72.0,
          "gpu_mem_clock_avg_mhz": 6251.0,
          "gpu_mem_clock_max_mhz": 6251.0,
          "gpu_temperature_avg_c": 46.559322033898304,
          "gpu_temperature_max_c": 53.0,
          "network_rx_bytes": 1420877653.0,
          "network_tx_bytes": 12765216.0,
          "gpu_pstate_mode": "P0"
        },
        "decode_ganymede_decode-3": {
          "samples": 59,
          "target_freq_mhz": 2040.0,
          "gpu_util_avg_pct": 25.220338983050848,
          "gpu_util_max_pct": 100.0,
          "gpu_power_avg_w": 38.3364406779661,
          "gpu_power_max_w": 72.43,
          "gpu_sm_clock_avg_mhz": 1969.322033898305,
          "gpu_sm_clock_max_mhz": 2040.0,
          "gpu_sm_clock_min_mhz": 1560.0,
          "gpu_memory_used_avg_mib": 18734.28813559322,
          "gpu_memory_used_max_mib": 18757.0,
          "gpu_mem_util_avg_pct": 25.423728813559322,
          "gpu_mem_util_max_pct": 100.0,
          "gpu_power_limit_avg_w": 72.0,
          "gpu_power_limit_max_w": 72.0,
          "gpu_mem_clock_avg_mhz": 6251.0,
          "gpu_mem_clock_max_mhz": 6251.0,
          "gpu_temperature_avg_c": 36.559322033898304,
          "gpu_temperature_max_c": 43.0,
          "network_rx_bytes": 1420877653.0,
          "network_tx_bytes": 12765216.0,
          "gpu_pstate_mode": "P0"
        },
        "decode_ganymede_decode-4": {
          "samples": 60,
          "target_freq_mhz": 2040.0,
          "gpu_util_avg_pct": 31.066666666666666,
          "gpu_util_max_pct": 100.0,
          "gpu_power_avg_w": 41.25366666666666,
          "gpu_power_max_w": 72.83,
          "gpu_sm_clock_avg_mhz": 1952.0,
          "gpu_sm_clock_max_mhz": 2040.0,
          "gpu_sm_clock_min_mhz": 1560.0,
          "gpu_memory_used_avg_mib": 18767.7,
          "gpu_memory_used_max_mib": 18855.0,
          "gpu_mem_util_avg_pct": 30.966666666666665,
          "gpu_mem_util_max_pct": 100.0,
          "gpu_power_limit_avg_w": 72.0,
          "gpu_power_limit_max_w": 72.0,
          "gpu_mem_clock_avg_mhz": 6251.0,
          "gpu_mem_clock_max_mhz": 6251.0,
          "gpu_temperature_avg_c": 35.03333333333333,
          "gpu_temperature_max_c": 42.0,
          "network_rx_bytes": 1420877653.0,
          "network_tx_bytes": 12765216.0,
          "gpu_pstate_mode": "P0"
        },
        "decode_ganymede": {
          "samples": 60,
          "target_freq_mhz": 2040.0,
          "gpu_util_avg_pct": 26.466666666666665,
          "gpu_util_max_pct": 100.0,
          "gpu_power_avg_w": 39.67483333333333,
          "gpu_power_max_w": 72.6,
          "gpu_sm_clock_avg_mhz": 1949.5,
          "gpu_sm_clock_max_mhz": 2040.0,
          "gpu_sm_clock_min_mhz": 1575.0,
          "gpu_memory_used_avg_mib": 18734.066666666666,
          "gpu_memory_used_max_mib": 18755.0,
          "gpu_mem_util_avg_pct": 26.666666666666668,
          "gpu_mem_util_max_pct": 100.0,
          "gpu_power_limit_avg_w": 72.0,
          "gpu_power_limit_max_w": 72.0,
          "gpu_mem_clock_avg_mhz": 6251.0,
          "gpu_mem_clock_max_mhz": 6251.0,
          "gpu_temperature_avg_c": 47.85,
          "gpu_temperature_max_c": 54.0,
          "network_rx_bytes": 1420877653.0,
          "network_tx_bytes": 12765216.0,
          "gpu_pstate_mode": "P0"
        },
        "prefill_neptune_prefill-2": {
          "samples": 68,
          "target_freq_mhz": 1755.0,
          "gpu_util_avg_pct": 4.029411764705882,
          "gpu_util_max_pct": 45.0,
          "gpu_power_avg_w": 70.04676470588235,
          "gpu_power_max_w": 107.51,
          "gpu_sm_clock_avg_mhz": 1755.0,
          "gpu_sm_clock_max_mhz": 1755.0,
          "gpu_sm_clock_min_mhz": 1755.0,
          "gpu_memory_used_avg_mib": 37702.41176470588,
          "gpu_memory_used_max_mib": 37945.0,
          "gpu_mem_util_avg_pct": 2.8970588235294117,
          "gpu_mem_util_max_pct": 44.0,
          "gpu_power_limit_avg_w": 350.0,
          "gpu_power_limit_max_w": 350.0,
          "gpu_mem_clock_avg_mhz": 9001.0,
          "gpu_mem_clock_max_mhz": 9001.0,
          "gpu_temperature_avg_c": 29.455882352941178,
          "gpu_temperature_max_c": 32.0,
          "network_rx_bytes": 6192187.0,
          "network_tx_bytes": 1414928496.0,
          "gpu_pstate_mode": "P0"
        },
        "prefill_neptune_prefill-3": {
          "samples": 0
        },
        "prefill_neptune_prefill-4": {
          "samples": 0
        },
        "prefill_neptune": {
          "samples": 68,
          "target_freq_mhz": 1755.0,
          "gpu_util_avg_pct": 7.220588235294118,
          "gpu_util_max_pct": 52.0,
          "gpu_power_avg_w": 71.45455882352941,
          "gpu_power_max_w": 111.41,
          "gpu_sm_clock_avg_mhz": 1755.0,
          "gpu_sm_clock_max_mhz": 1755.0,
          "gpu_sm_clock_min_mhz": 1755.0,
          "gpu_memory_used_avg_mib": 38143.0,
          "gpu_memory_used_max_mib": 38143.0,
          "gpu_mem_util_avg_pct": 6.529411764705882,
          "gpu_mem_util_max_pct": 54.0,
          "gpu_power_limit_avg_w": 350.0,
          "gpu_power_limit_max_w": 350.0,
          "gpu_mem_clock_avg_mhz": 9001.0,
          "gpu_mem_clock_max_mhz": 9001.0,
          "gpu_temperature_avg_c": 29.441176470588236,
          "gpu_temperature_max_c": 32.0,
          "network_rx_bytes": 6192187.0,
          "network_tx_bytes": 1414928496.0,
          "gpu_pstate_mode": "P0"
        }
      },
      "energy": {
        "gpu_stream_count": 8,
        "covered_gpu_stream_count": 8,
        "min_gpu_coverage_ratio": 1.0,
        "neptune_energy_j": 8135.63234064307,
        "ganymede_energy_j": 6595.551235714615,
        "combined_energy_j": 14731.183576357686,
        "combined_avg_power_w": 371.1653768875615,
        "energy_per_request_j": 46.034948676117764
      },
      "summary": {
        "seq": 5,
        "workload_id": "short_r32_capacity",
        "input_len": 32,
        "output_len": 32,
        "configured_request_rate_rps": 32.0,
        "decision_status": "OVERLOAD_FALLBACK",
        "decision_mode": "overload_min_slo_violation",
        "num_candidates": 100,
        "num_safe": 0,
        "recommended_is_safe": false,
        "prefill_gpu": "l40s",
        "prefill_instances": 2,
        "prefill_request_rate_per_instance_rps": 16.0,
        "prefill_target_freq_mhz": 1755,
        "prefill_predicted_p99_ttft_ms": 75.4,
        "prefill_predicted_p99_queue_plus_prefill_ms": 74.0,
        "predicted_kv_transfer_ms": 1.393688,
        "predicted_dispatch_ms": 0.0,
        "kv_bytes_per_token": 131072,
        "kv_total_bytes": 4194304,
        "kv_effective_bandwidth_gbps": 24.076,
        "prefill_predicted_p_saturated": 0.097036,
        "decode_gpu": "l4",
        "decode_instances": 4,
        "decode_request_rate_per_instance_rps": 8.0,
        "decode_target_freq_mhz": 2040,
        "decode_predicted_p99_tpot_ms": 77.4,
        "decode_predicted_p_saturated": 0.336346,
        "predicted_cluster_power_w": 571.6,
        "actual_successful_requests": 320,
        "actual_failed_requests": 0,
        "actual_benchmark_duration_s": 12.75,
        "actual_request_throughput_rps": 25.09,
        "actual_output_token_throughput_tps": 802.84,
        "actual_total_token_throughput_tps": 1580.59,
        "actual_p99_ttft_ms": 1669.91,
        "actual_p99_tpot_ms": 66.91,
        "actual_p99_itl_ms": 86.18,
        "actual_throughput_ratio": 0.784062,
        "actual_measured_saturated": null,
        "actual_saturation_assessment": "INCONCLUSIVE_FINITE_POISSON",
        "actual_ttft_slo_ok": false,
        "actual_tpot_slo_ok": true,
        "decode_ganymede_decode-2_samples": 59,
        "decode_ganymede_decode-2_target_freq_mhz": 2040.0,
        "decode_ganymede_decode-2_gpu_util_avg_pct": 26.881356,
        "decode_ganymede_decode-2_gpu_util_max_pct": 100.0,
        "decode_ganymede_decode-2_gpu_power_avg_w": 39.132881,
        "decode_ganymede_decode-2_gpu_power_max_w": 72.7,
        "decode_ganymede_decode-2_gpu_sm_clock_avg_mhz": 1954.576271,
        "decode_ganymede_decode-2_gpu_sm_clock_max_mhz": 2040.0,
        "decode_ganymede_decode-2_gpu_sm_clock_min_mhz": 1620.0,
        "decode_ganymede_decode-2_gpu_memory_used_avg_mib": 18763.542373,
        "decode_ganymede_decode-2_gpu_memory_used_max_mib": 18859.0,
        "decode_ganymede_decode-2_gpu_mem_util_avg_pct": 27.118644,
        "decode_ganymede_decode-2_gpu_mem_util_max_pct": 100.0,
        "decode_ganymede_decode-2_gpu_power_limit_avg_w": 72.0,
        "decode_ganymede_decode-2_gpu_power_limit_max_w": 72.0,
        "decode_ganymede_decode-2_gpu_mem_clock_avg_mhz": 6251.0,
        "decode_ganymede_decode-2_gpu_mem_clock_max_mhz": 6251.0,
        "decode_ganymede_decode-2_gpu_temperature_avg_c": 46.559322,
        "decode_ganymede_decode-2_gpu_temperature_max_c": 53.0,
        "decode_ganymede_decode-2_network_rx_bytes": 1420877653.0,
        "decode_ganymede_decode-2_network_tx_bytes": 12765216.0,
        "decode_ganymede_decode-2_gpu_pstate_mode": "P0",
        "decode_ganymede_decode-3_samples": 59,
        "decode_ganymede_decode-3_target_freq_mhz": 2040.0,
        "decode_ganymede_decode-3_gpu_util_avg_pct": 25.220339,
        "decode_ganymede_decode-3_gpu_util_max_pct": 100.0,
        "decode_ganymede_decode-3_gpu_power_avg_w": 38.336441,
        "decode_ganymede_decode-3_gpu_power_max_w": 72.43,
        "decode_ganymede_decode-3_gpu_sm_clock_avg_mhz": 1969.322034,
        "decode_ganymede_decode-3_gpu_sm_clock_max_mhz": 2040.0,
        "decode_ganymede_decode-3_gpu_sm_clock_min_mhz": 1560.0,
        "decode_ganymede_decode-3_gpu_memory_used_avg_mib": 18734.288136,
        "decode_ganymede_decode-3_gpu_memory_used_max_mib": 18757.0,
        "decode_ganymede_decode-3_gpu_mem_util_avg_pct": 25.423729,
        "decode_ganymede_decode-3_gpu_mem_util_max_pct": 100.0,
        "decode_ganymede_decode-3_gpu_power_limit_avg_w": 72.0,
        "decode_ganymede_decode-3_gpu_power_limit_max_w": 72.0,
        "decode_ganymede_decode-3_gpu_mem_clock_avg_mhz": 6251.0,
        "decode_ganymede_decode-3_gpu_mem_clock_max_mhz": 6251.0,
        "decode_ganymede_decode-3_gpu_temperature_avg_c": 36.559322,
        "decode_ganymede_decode-3_gpu_temperature_max_c": 43.0,
        "decode_ganymede_decode-3_network_rx_bytes": 1420877653.0,
        "decode_ganymede_decode-3_network_tx_bytes": 12765216.0,
        "decode_ganymede_decode-3_gpu_pstate_mode": "P0",
        "decode_ganymede_decode-4_samples": 60,
        "decode_ganymede_decode-4_target_freq_mhz": 2040.0,
        "decode_ganymede_decode-4_gpu_util_avg_pct": 31.066667,
        "decode_ganymede_decode-4_gpu_util_max_pct": 100.0,
        "decode_ganymede_decode-4_gpu_power_avg_w": 41.253667,
        "decode_ganymede_decode-4_gpu_power_max_w": 72.83,
        "decode_ganymede_decode-4_gpu_sm_clock_avg_mhz": 1952.0,
        "decode_ganymede_decode-4_gpu_sm_clock_max_mhz": 2040.0,
        "decode_ganymede_decode-4_gpu_sm_clock_min_mhz": 1560.0,
        "decode_ganymede_decode-4_gpu_memory_used_avg_mib": 18767.7,
        "decode_ganymede_decode-4_gpu_memory_used_max_mib": 18855.0,
        "decode_ganymede_decode-4_gpu_mem_util_avg_pct": 30.966667,
        "decode_ganymede_decode-4_gpu_mem_util_max_pct": 100.0,
        "decode_ganymede_decode-4_gpu_power_limit_avg_w": 72.0,
        "decode_ganymede_decode-4_gpu_power_limit_max_w": 72.0,
        "decode_ganymede_decode-4_gpu_mem_clock_avg_mhz": 6251.0,
        "decode_ganymede_decode-4_gpu_mem_clock_max_mhz": 6251.0,
        "decode_ganymede_decode-4_gpu_temperature_avg_c": 35.033333,
        "decode_ganymede_decode-4_gpu_temperature_max_c": 42.0,
        "decode_ganymede_decode-4_network_rx_bytes": 1420877653.0,
        "decode_ganymede_decode-4_network_tx_bytes": 12765216.0,
        "decode_ganymede_decode-4_gpu_pstate_mode": "P0",
        "decode_ganymede_samples": 60,
        "decode_ganymede_target_freq_mhz": 2040.0,
        "decode_ganymede_gpu_util_avg_pct": 26.466667,
        "decode_ganymede_gpu_util_max_pct": 100.0,
        "decode_ganymede_gpu_power_avg_w": 39.674833,
        "decode_ganymede_gpu_power_max_w": 72.6,
        "decode_ganymede_gpu_sm_clock_avg_mhz": 1949.5,
        "decode_ganymede_gpu_sm_clock_max_mhz": 2040.0,
        "decode_ganymede_gpu_sm_clock_min_mhz": 1575.0,
        "decode_ganymede_gpu_memory_used_avg_mib": 18734.066667,
        "decode_ganymede_gpu_memory_used_max_mib": 18755.0,
        "decode_ganymede_gpu_mem_util_avg_pct": 26.666667,
        "decode_ganymede_gpu_mem_util_max_pct": 100.0,
        "decode_ganymede_gpu_power_limit_avg_w": 72.0,
        "decode_ganymede_gpu_power_limit_max_w": 72.0,
        "decode_ganymede_gpu_mem_clock_avg_mhz": 6251.0,
        "decode_ganymede_gpu_mem_clock_max_mhz": 6251.0,
        "decode_ganymede_gpu_temperature_avg_c": 47.85,
        "decode_ganymede_gpu_temperature_max_c": 54.0,
        "decode_ganymede_network_rx_bytes": 1420877653.0,
        "decode_ganymede_network_tx_bytes": 12765216.0,
        "decode_ganymede_gpu_pstate_mode": "P0",
        "prefill_neptune_prefill-2_samples": 68,
        "prefill_neptune_prefill-2_target_freq_mhz": 1755.0,
        "prefill_neptune_prefill-2_gpu_util_avg_pct": 4.029412,
        "prefill_neptune_prefill-2_gpu_util_max_pct": 45.0,
        "prefill_neptune_prefill-2_gpu_power_avg_w": 70.046765,
        "prefill_neptune_prefill-2_gpu_power_max_w": 107.51,
        "prefill_neptune_prefill-2_gpu_sm_clock_avg_mhz": 1755.0,
        "prefill_neptune_prefill-2_gpu_sm_clock_max_mhz": 1755.0,
        "prefill_neptune_prefill-2_gpu_sm_clock_min_mhz": 1755.0,
        "prefill_neptune_prefill-2_gpu_memory_used_avg_mib": 37702.411765,
        "prefill_neptune_prefill-2_gpu_memory_used_max_mib": 37945.0,
        "prefill_neptune_prefill-2_gpu_mem_util_avg_pct": 2.897059,
        "prefill_neptune_prefill-2_gpu_mem_util_max_pct": 44.0,
        "prefill_neptune_prefill-2_gpu_power_limit_avg_w": 350.0,
        "prefill_neptune_prefill-2_gpu_power_limit_max_w": 350.0,
        "prefill_neptune_prefill-2_gpu_mem_clock_avg_mhz": 9001.0,
        "prefill_neptune_prefill-2_gpu_mem_clock_max_mhz": 9001.0,
        "prefill_neptune_prefill-2_gpu_temperature_avg_c": 29.455882,
        "prefill_neptune_prefill-2_gpu_temperature_max_c": 32.0,
        "prefill_neptune_prefill-2_network_rx_bytes": 6192187.0,
        "prefill_neptune_prefill-2_network_tx_bytes": 1414928496.0,
        "prefill_neptune_prefill-2_gpu_pstate_mode": "P0",
        "prefill_neptune_prefill-3_samples": 0,
        "prefill_neptune_prefill-4_samples": 0,
        "prefill_neptune_samples": 68,
        "prefill_neptune_target_freq_mhz": 1755.0,
        "prefill_neptune_gpu_util_avg_pct": 7.220588,
        "prefill_neptune_gpu_util_max_pct": 52.0,
        "prefill_neptune_gpu_power_avg_w": 71.454559,
        "prefill_neptune_gpu_power_max_w": 111.41,
        "prefill_neptune_gpu_sm_clock_avg_mhz": 1755.0,
        "prefill_neptune_gpu_sm_clock_max_mhz": 1755.0,
        "prefill_neptune_gpu_sm_clock_min_mhz": 1755.0,
        "prefill_neptune_gpu_memory_used_avg_mib": 38143.0,
        "prefill_neptune_gpu_memory_used_max_mib": 38143.0,
        "prefill_neptune_gpu_mem_util_avg_pct": 6.529412,
        "prefill_neptune_gpu_mem_util_max_pct": 54.0,
        "prefill_neptune_gpu_power_limit_avg_w": 350.0,
        "prefill_neptune_gpu_power_limit_max_w": 350.0,
        "prefill_neptune_gpu_mem_clock_avg_mhz": 9001.0,
        "prefill_neptune_gpu_mem_clock_max_mhz": 9001.0,
        "prefill_neptune_gpu_temperature_avg_c": 29.441176,
        "prefill_neptune_gpu_temperature_max_c": 32.0,
        "prefill_neptune_network_rx_bytes": 6192187.0,
        "prefill_neptune_network_tx_bytes": 1414928496.0,
        "prefill_neptune_gpu_pstate_mode": "P0",
        "gpu_stream_count": 8,
        "covered_gpu_stream_count": 8,
        "min_gpu_coverage_ratio": 1.0,
        "neptune_energy_j": 8135.632341,
        "ganymede_energy_j": 6595.551236,
        "combined_energy_j": 14731.183576,
        "combined_avg_power_w": 371.165377,
        "energy_per_request_j": 46.034949
      }
    },
    {
      "workload": {
        "seq": 6,
        "workload_id": "balanced_prefill_scale_to_3",
        "input_len": 128,
        "output_len": 128,
        "configured_request_rate_rps": 16.0,
        "decision_status": "OVERLOAD_FALLBACK",
        "decision_mode": "overload_min_slo_violation",
        "num_candidates": 100,
        "num_safe": 0
      },
      "decision": {
        "status": "OVERLOAD_FALLBACK",
        "decision_mode": "overload_min_slo_violation",
        "selection_criterion": "min predicted union of latency-SLO and saturation violation probabilities",
        "policy": "latency_plus_saturation",
        "placement": "l40s-prefill-l4-decode",
        "workload": {
          "il": 128,
          "ol": 128,
          "rate": 16.0
        },
        "instances": {
          "prefill": 3,
          "decode": 4
        },
        "slos": {
          "ttft_ms": 500,
          "tpot_ms": 200
        },
        "kv_transfer_model": {
          "enabled": true,
          "formula": "T_kv = input_tokens * (2 * layers * num_kv_heads * head_dim * bytes_per_element) * 8 / effective_bandwidth_gbps",
          "ttft_formula": "predicted_p99_ttft = predicted_p99_queue_plus_prefill + T_kv + T_dispatch",
          "input_tokens": 128,
          "num_layers": 32,
          "num_kv_heads": 8,
          "head_dim": 128,
          "bytes_per_element": 2,
          "kv_bytes_per_token": 131072,
          "kv_total_bytes": 16777216,
          "effective_bandwidth_gbps": 24.076,
          "kv_transfer_ms": 5.574752,
          "dispatch_ms": 0.0
        },
        "saturation_threshold": 0.3,
        "tp_per_role": 1,
        "recommended": {
          "prefill": {
            "phase": "prefill",
            "gpu_type": "l40s",
            "node_group": "neptune",
            "tp": 1,
            "freq_mhz": 1755,
            "rec_freq_mhz": 1755,
            "is_safe": true,
            "p_violate": 0.0014,
            "rho_phase": 0.1151,
            "rho_total": 0.1497,
            "latency_ms": 90.7,
            "power_per_gpu_w": 197.3,
            "total_power_w": 197.3,
            "p99_ttft_ms": 96.3,
            "p_saturated": 0.182803,
            "p_saturated_min": 0.113589,
            "p_saturated_max": 0.252308,
            "saturation_threshold": 0.3,
            "saturation_safe": true,
            "per_seed": [
              {
                "seed": 3,
                "probability": 0.252308
              },
              {
                "seed": 7,
                "probability": 0.217547
              },
              {
                "seed": 11,
                "probability": 0.15695
              },
              {
                "seed": 19,
                "probability": 0.173624
              },
              {
                "seed": 23,
                "probability": 0.113589
              }
            ],
            "instance_count": 3,
            "effective_request_rate_per_instance": 5.333333,
            "p99_queue_plus_prefill_ms": 90.7,
            "kv_transfer_ms": 5.574752,
            "dispatch_ms": 0.0,
            "ttft_components_ms": {
              "queue_plus_prefill": 90.7,
              "kv_transfer": 5.574752,
              "dispatch": 0.0,
              "total": 96.3
            }
          },
          "decode": {
            "phase": "decode",
            "gpu_type": "l4",
            "node_group": "ganymede",
            "tp": 1,
            "freq_mhz": 2040,
            "rec_freq_mhz": 2040,
            "is_safe": true,
            "p_violate": 0.0223,
            "rho_phase": 0.0842,
            "rho_total": 0.365,
            "latency_ms": 66.4,
            "power_per_gpu_w": 70.2,
            "total_power_w": 70.2,
            "p99_tpot_ms": 66.4,
            "p_saturated": 0.604698,
            "p_saturated_min": 0.500133,
            "p_saturated_max": 0.677922,
            "saturation_threshold": 0.3,
            "saturation_safe": false,
            "per_seed": [
              {
                "seed": 3,
                "probability": 0.677922
              },
              {
                "seed": 7,
                "probability": 0.538346
              },
              {
                "seed": 11,
                "probability": 0.637076
              },
              {
                "seed": 19,
                "probability": 0.500133
              },
              {
                "seed": 23,
                "probability": 0.670013
              }
            ],
            "instance_count": 4,
            "effective_request_rate_per_instance": 4.0
          },
          "latency_safe": true,
          "saturation_safe": false,
          "is_safe": false,
          "predicted_joint_latency_violation_probability": 0.023669,
          "predicted_joint_saturation_probability": 0.67696,
          "predicted_overload_violation_probability": 0.684606,
          "predicted_ttft_excess_ratio": 0.0,
          "predicted_tpot_excess_ratio": 0.0,
          "predicted_max_slo_excess_ratio": 0.0,
          "predicted_cluster_power_w": 872.7,
          "predicted_energy_per_request_j": 54.544
        },
        "alternatives": [
          {
            "prefill": {
              "phase": "prefill",
              "gpu_type": "l40s",
              "node_group": "neptune",
              "tp": 1,
              "freq_mhz": 2010,
              "rec_freq_mhz": 2010,
              "is_safe": true,
              "p_violate": 0.0014,
              "rho_phase": 0.1085,
              "rho_total": 0.141,
              "latency_ms": 92.1,
              "power_per_gpu_w": 202.0,
              "total_power_w": 202.0,
              "p99_ttft_ms": 97.7,
              "p_saturated": 0.182803,
              "p_saturated_min": 0.113589,
              "p_saturated_max": 0.252308,
              "saturation_threshold": 0.3,
              "saturation_safe": true,
              "per_seed": [
                {
                  "seed": 3,
                  "probability": 0.252308
                },
                {
                  "seed": 7,
                  "probability": 0.217547
                },
                {
                  "seed": 11,
                  "probability": 0.15695
                },
                {
                  "seed": 19,
                  "probability": 0.173624
                },
                {
                  "seed": 23,
                  "probability": 0.113589
                }
              ],
              "instance_count": 3,
              "effective_request_rate_per_instance": 5.333333,
              "p99_queue_plus_prefill_ms": 92.1,
              "kv_transfer_ms": 5.574752,
              "dispatch_ms": 0.0,
              "ttft_components_ms": {
                "queue_plus_prefill": 92.1,
                "kv_transfer": 5.574752,
                "dispatch": 0.0,
                "total": 97.7
              }
            },
            "decode": {
              "phase": "decode",
              "gpu_type": "l4",
              "node_group": "ganymede",
              "tp": 1,
              "freq_mhz": 2040,
              "rec_freq_mhz": 2040,
              "is_safe": true,
              "p_violate": 0.0223,
              "rho_phase": 0.0842,
              "rho_total": 0.365,
              "latency_ms": 66.4,
              "power_per_gpu_w": 70.2,
              "total_power_w": 70.2,
              "p99_tpot_ms": 66.4,
              "p_saturated": 0.604698,
              "p_saturated_min": 0.500133,
              "p_saturated_max": 0.677922,
              "saturation_threshold": 0.3,
              "saturation_safe": false,
              "per_seed": [
                {
                  "seed": 3,
                  "probability": 0.677922
                },
                {
                  "seed": 7,
                  "probability": 0.538346
                },
                {
                  "seed": 11,
                  "probability": 0.637076
                },
                {
                  "seed": 19,
                  "probability": 0.500133
                },
                {
                  "seed": 23,
                  "probability": 0.670013
                }
              ],
              "instance_count": 4,
              "effective_request_rate_per_instance": 4.0
            },
            "latency_safe": true,
            "saturation_safe": false,
            "is_safe": false,
            "predicted_joint_latency_violation_probability": 0.023669,
            "predicted_joint_saturation_probability": 0.67696,
            "predicted_overload_violation_probability": 0.684606,
            "predicted_ttft_excess_ratio": 0.0,
            "predicted_tpot_excess_ratio": 0.0,
            "predicted_max_slo_excess_ratio": 0.0,
            "predicted_cluster_power_w": 886.8,
            "predicted_energy_per_request_j": 55.425
          },
          {
            "prefill": {
              "phase": "prefill",
              "gpu_type": "l40s",
              "node_group": "neptune",
              "tp": 1,
              "freq_mhz": 2265,
              "rec_freq_mhz": 2265,
              "is_safe": true,
              "p_violate": 0.0014,
              "rho_phase": 0.1044,
              "rho_total": 0.1357,
              "latency_ms": 94.3,
              "power_per_gpu_w": 220.6,
              "total_power_w": 220.6,
              "p99_ttft_ms": 99.9,
              "p_saturated": 0.182803,
              "p_saturated_min": 0.113589,
              "p_saturated_max": 0.252308,
              "saturation_threshold": 0.3,
              "saturation_safe": true,
              "per_seed": [
                {
                  "seed": 3,
                  "probability": 0.252308
                },
                {
                  "seed": 7,
                  "probability": 0.217547
                },
                {
                  "seed": 11,
                  "probability": 0.15695
                },
                {
                  "seed": 19,
                  "probability": 0.173624
                },
                {
                  "seed": 23,
                  "probability": 0.113589
                }
              ],
              "instance_count": 3,
              "effective_request_rate_per_instance": 5.333333,
              "p99_queue_plus_prefill_ms": 94.3,
              "kv_transfer_ms": 5.574752,
              "dispatch_ms": 0.0,
              "ttft_components_ms": {
                "queue_plus_prefill": 94.3,
                "kv_transfer": 5.574752,
                "dispatch": 0.0,
                "total": 99.9
              }
            },
            "decode": {
              "phase": "decode",
              "gpu_type": "l4",
              "node_group": "ganymede",
              "tp": 1,
              "freq_mhz": 2040,
              "rec_freq_mhz": 2040,
              "is_safe": true,
              "p_violate": 0.0223,
              "rho_phase": 0.0842,
              "rho_total": 0.365,
              "latency_ms": 66.4,
              "power_per_gpu_w": 70.2,
              "total_power_w": 70.2,
              "p99_tpot_ms": 66.4,
              "p_saturated": 0.604698,
              "p_saturated_min": 0.500133,
              "p_saturated_max": 0.677922,
              "saturation_threshold": 0.3,
              "saturation_safe": false,
              "per_seed": [
                {
                  "seed": 3,
                  "probability": 0.677922
                },
                {
                  "seed": 7,
                  "probability": 0.538346
                },
                {
                  "seed": 11,
                  "probability": 0.637076
                },
                {
                  "seed": 19,
                  "probability": 0.500133
                },
                {
                  "seed": 23,
                  "probability": 0.670013
                }
              ],
              "instance_count": 4,
              "effective_request_rate_per_instance": 4.0
            },
            "latency_safe": true,
            "saturation_safe": false,
            "is_safe": false,
            "predicted_joint_latency_violation_probability": 0.023669,
            "predicted_joint_saturation_probability": 0.67696,
            "predicted_overload_violation_probability": 0.684606,
            "predicted_ttft_excess_ratio": 0.0,
            "predicted_tpot_excess_ratio": 0.0,
            "predicted_max_slo_excess_ratio": 0.0,
            "predicted_cluster_power_w": 942.6,
            "predicted_energy_per_request_j": 58.912
          },
          {
            "prefill": {
              "phase": "prefill",
              "gpu_type": "l40s",
              "node_group": "neptune",
              "tp": 1,
              "freq_mhz": 2520,
              "rec_freq_mhz": 2520,
              "is_safe": true,
              "p_violate": 0.0014,
              "rho_phase": 0.0838,
              "rho_total": 0.109,
              "latency_ms": 94.1,
              "power_per_gpu_w": 243.2,
              "total_power_w": 243.2,
              "p99_ttft_ms": 99.7,
              "p_saturated": 0.183814,
              "p_saturated_min": 0.113589,
              "p_saturated_max": 0.252308,
              "saturation_threshold": 0.3,
              "saturation_safe": true,
              "per_seed": [
                {
                  "seed": 3,
                  "probability": 0.252308
                },
                {
                  "seed": 7,
                  "probability": 0.217547
                },
                {
                  "seed": 11,
                  "probability": 0.162003
                },
                {
                  "seed": 19,
                  "probability": 0.173624
                },
                {
                  "seed": 23,
                  "probability": 0.113589
                }
              ],
              "instance_count": 3,
              "effective_request_rate_per_instance": 5.333333,
              "p99_queue_plus_prefill_ms": 94.1,
              "kv_transfer_ms": 5.574752,
              "dispatch_ms": 0.0,
              "ttft_components_ms": {
                "queue_plus_prefill": 94.1,
                "kv_transfer": 5.574752,
                "dispatch": 0.0,
                "total": 99.7
              }
            },
            "decode": {
              "phase": "decode",
              "gpu_type": "l4",
              "node_group": "ganymede",
              "tp": 1,
              "freq_mhz": 2040,
              "rec_freq_mhz": 2040,
              "is_safe": true,
              "p_violate": 0.0223,
              "rho_phase": 0.0842,
              "rho_total": 0.365,
              "latency_ms": 66.4,
              "power_per_gpu_w": 70.2,
              "total_power_w": 70.2,
              "p99_tpot_ms": 66.4,
              "p_saturated": 0.604698,
              "p_saturated_min": 0.500133,
              "p_saturated_max": 0.677922,
              "saturation_threshold": 0.3,
              "saturation_safe": false,
              "per_seed": [
                {
                  "seed": 3,
                  "probability": 0.677922
                },
                {
                  "seed": 7,
                  "probability": 0.538346
                },
                {
                  "seed": 11,
                  "probability": 0.637076
                },
                {
                  "seed": 19,
                  "probability": 0.500133
                },
                {
                  "seed": 23,
                  "probability": 0.670013
                }
              ],
              "instance_count": 4,
              "effective_request_rate_per_instance": 4.0
            },
            "latency_safe": true,
            "saturation_safe": false,
            "is_safe": false,
            "predicted_joint_latency_violation_probability": 0.023669,
            "predicted_joint_saturation_probability": 0.67736,
            "predicted_overload_violation_probability": 0.684997,
            "predicted_ttft_excess_ratio": 0.0,
            "predicted_tpot_excess_ratio": 0.0,
            "predicted_max_slo_excess_ratio": 0.0,
            "predicted_cluster_power_w": 1010.4,
            "predicted_energy_per_request_j": 63.15
          }
        ],
        "num_candidates": 100,
        "num_latency_safe": 45,
        "num_saturation_safe": 0,
        "num_safe": 0
      },
      "performance": {
        "successful_requests": 160,
        "failed_requests": 0,
        "benchmark_duration_s": 19.7,
        "request_throughput_rps": 8.12,
        "output_token_throughput_tps": 1039.6,
        "total_token_throughput_tps": 2071.09,
        "p99_ttft_ms": 705.51,
        "p99_tpot_ms": 70.47,
        "p99_itl_ms": 95.1,
        "throughput_ratio": 0.5075,
        "measured_saturated": null,
        "saturation_assessment": "INCONCLUSIVE_FINITE_POISSON",
        "ttft_slo_ok": false,
        "tpot_slo_ok": true
      },
      "telemetry": {
        "decode_ganymede_decode-2": {
          "samples": 79,
          "target_freq_mhz": 2040.0,
          "gpu_util_avg_pct": 34.48101265822785,
          "gpu_util_max_pct": 100.0,
          "gpu_power_avg_w": 42.46607594936709,
          "gpu_power_max_w": 72.5,
          "gpu_sm_clock_avg_mhz": 1898.5443037974683,
          "gpu_sm_clock_max_mhz": 2040.0,
          "gpu_sm_clock_min_mhz": 1455.0,
          "gpu_memory_used_avg_mib": 19008.037974683546,
          "gpu_memory_used_max_mib": 19389.0,
          "gpu_mem_util_avg_pct": 33.74683544303797,
          "gpu_mem_util_max_pct": 100.0,
          "gpu_power_limit_avg_w": 72.0,
          "gpu_power_limit_max_w": 72.0,
          "gpu_mem_clock_avg_mhz": 6251.0,
          "gpu_mem_clock_max_mhz": 6251.0,
          "gpu_temperature_avg_c": 50.392405063291136,
          "gpu_temperature_max_c": 57.0,
          "network_rx_bytes": 2836069210.0,
          "network_tx_bytes": 13785948.0,
          "gpu_pstate_mode": "P0"
        },
        "decode_ganymede_decode-3": {
          "samples": 78,
          "target_freq_mhz": 2040.0,
          "gpu_util_avg_pct": 34.5,
          "gpu_util_max_pct": 100.0,
          "gpu_power_avg_w": 42.239871794871796,
          "gpu_power_max_w": 72.97,
          "gpu_sm_clock_avg_mhz": 1907.1153846153845,
          "gpu_sm_clock_max_mhz": 2040.0,
          "gpu_sm_clock_min_mhz": 1515.0,
          "gpu_memory_used_avg_mib": 18942.20512820513,
          "gpu_memory_used_max_mib": 19387.0,
          "gpu_mem_util_avg_pct": 34.61538461538461,
          "gpu_mem_util_max_pct": 100.0,
          "gpu_power_limit_avg_w": 72.0,
          "gpu_power_limit_max_w": 72.0,
          "gpu_mem_clock_avg_mhz": 6251.0,
          "gpu_mem_clock_max_mhz": 6251.0,
          "gpu_temperature_avg_c": 39.282051282051285,
          "gpu_temperature_max_c": 46.0,
          "network_rx_bytes": 2836069210.0,
          "network_tx_bytes": 13785948.0,
          "gpu_pstate_mode": "P0"
        },
        "decode_ganymede_decode-4": {
          "samples": 79,
          "target_freq_mhz": 2040.0,
          "gpu_util_avg_pct": 33.835443037974684,
          "gpu_util_max_pct": 100.0,
          "gpu_power_avg_w": 42.5920253164557,
          "gpu_power_max_w": 72.21,
          "gpu_sm_clock_avg_mhz": 1914.113924050633,
          "gpu_sm_clock_max_mhz": 2040.0,
          "gpu_sm_clock_min_mhz": 1530.0,
          "gpu_memory_used_avg_mib": 19008.721518987342,
          "gpu_memory_used_max_mib": 19389.0,
          "gpu_mem_util_avg_pct": 32.91139240506329,
          "gpu_mem_util_max_pct": 100.0,
          "gpu_power_limit_avg_w": 72.0,
          "gpu_power_limit_max_w": 72.0,
          "gpu_mem_clock_avg_mhz": 6251.0,
          "gpu_mem_clock_max_mhz": 6251.0,
          "gpu_temperature_avg_c": 37.64556962025316,
          "gpu_temperature_max_c": 44.0,
          "network_rx_bytes": 2836069210.0,
          "network_tx_bytes": 13785948.0,
          "gpu_pstate_mode": "P0"
        },
        "decode_ganymede": {
          "samples": 79,
          "target_freq_mhz": 2040.0,
          "gpu_util_avg_pct": 48.53164556962025,
          "gpu_util_max_pct": 100.0,
          "gpu_power_avg_w": 49.373164556962024,
          "gpu_power_max_w": 72.49,
          "gpu_sm_clock_avg_mhz": 1826.392405063291,
          "gpu_sm_clock_max_mhz": 2040.0,
          "gpu_sm_clock_min_mhz": 1485.0,
          "gpu_memory_used_avg_mib": 18955.91139240506,
          "gpu_memory_used_max_mib": 19389.0,
          "gpu_mem_util_avg_pct": 48.77215189873418,
          "gpu_mem_util_max_pct": 100.0,
          "gpu_power_limit_avg_w": 72.0,
          "gpu_power_limit_max_w": 72.0,
          "gpu_mem_clock_avg_mhz": 6251.0,
          "gpu_mem_clock_max_mhz": 6251.0,
          "gpu_temperature_avg_c": 53.063291139240505,
          "gpu_temperature_max_c": 60.0,
          "network_rx_bytes": 2836069210.0,
          "network_tx_bytes": 13785948.0,
          "gpu_pstate_mode": "P0"
        },
        "prefill_neptune_prefill-2": {
          "samples": 89,
          "target_freq_mhz": 1755.0,
          "gpu_util_avg_pct": 2.752808988764045,
          "gpu_util_max_pct": 42.0,
          "gpu_power_avg_w": 70.08269662921347,
          "gpu_power_max_w": 107.29,
          "gpu_sm_clock_avg_mhz": 1755.0,
          "gpu_sm_clock_max_mhz": 1755.0,
          "gpu_sm_clock_min_mhz": 1755.0,
          "gpu_memory_used_avg_mib": 38020.2808988764,
          "gpu_memory_used_max_mib": 38145.0,
          "gpu_mem_util_avg_pct": 2.3146067415730336,
          "gpu_mem_util_max_pct": 39.0,
          "gpu_power_limit_avg_w": 350.0,
          "gpu_power_limit_max_w": 350.0,
          "gpu_mem_clock_avg_mhz": 9001.0,
          "gpu_mem_clock_max_mhz": 9001.0,
          "gpu_temperature_avg_c": 30.134831460674157,
          "gpu_temperature_max_c": 32.0,
          "network_rx_bytes": 6038439.0,
          "network_tx_bytes": 2829494651.0,
          "gpu_pstate_mode": "P0"
        },
        "prefill_neptune_prefill-3": {
          "samples": 89,
          "target_freq_mhz": 1755.0,
          "gpu_util_avg_pct": 3.0112359550561796,
          "gpu_util_max_pct": 34.0,
          "gpu_power_avg_w": 69.00955056179775,
          "gpu_power_max_w": 109.73,
          "gpu_sm_clock_avg_mhz": 1755.0,
          "gpu_sm_clock_max_mhz": 1755.0,
          "gpu_sm_clock_min_mhz": 1755.0,
          "gpu_memory_used_avg_mib": 37820.79775280899,
          "gpu_memory_used_max_mib": 38135.0,
          "gpu_mem_util_avg_pct": 2.5730337078651684,
          "gpu_mem_util_max_pct": 30.0,
          "gpu_power_limit_avg_w": 350.0,
          "gpu_power_limit_max_w": 350.0,
          "gpu_mem_clock_avg_mhz": 9001.0,
          "gpu_mem_clock_max_mhz": 9001.0,
          "gpu_temperature_avg_c": 29.46067415730337,
          "gpu_temperature_max_c": 32.0,
          "network_rx_bytes": 6038439.0,
          "network_tx_bytes": 2829494651.0,
          "gpu_pstate_mode": "P0"
        },
        "prefill_neptune_prefill-4": {
          "samples": 0
        },
        "prefill_neptune": {
          "samples": 89,
          "target_freq_mhz": 1755.0,
          "gpu_util_avg_pct": 2.898876404494382,
          "gpu_util_max_pct": 31.0,
          "gpu_power_avg_w": 68.87898876404493,
          "gpu_power_max_w": 121.2,
          "gpu_sm_clock_avg_mhz": 1755.0,
          "gpu_sm_clock_max_mhz": 1755.0,
          "gpu_sm_clock_min_mhz": 1755.0,
          "gpu_memory_used_avg_mib": 38143.0,
          "gpu_memory_used_max_mib": 38143.0,
          "gpu_mem_util_avg_pct": 2.5842696629213484,
          "gpu_mem_util_max_pct": 29.0,
          "gpu_power_limit_avg_w": 350.0,
          "gpu_power_limit_max_w": 350.0,
          "gpu_mem_clock_avg_mhz": 9001.0,
          "gpu_mem_clock_max_mhz": 9001.0,
          "gpu_temperature_avg_c": 29.40449438202247,
          "gpu_temperature_max_c": 31.0,
          "network_rx_bytes": 6038439.0,
          "network_tx_bytes": 2829494651.0,
          "gpu_pstate_mode": "P0"
        }
      },
      "energy": {
        "gpu_stream_count": 8,
        "covered_gpu_stream_count": 8,
        "min_gpu_coverage_ratio": 1.0,
        "neptune_energy_j": 12423.618802974757,
        "ganymede_energy_j": 9450.77726757827,
        "combined_energy_j": 21874.396070553023,
        "combined_avg_power_w": 421.20778554012446,
        "energy_per_request_j": 136.71497544095638
      },
      "summary": {
        "seq": 6,
        "workload_id": "balanced_prefill_scale_to_3",
        "input_len": 128,
        "output_len": 128,
        "configured_request_rate_rps": 16.0,
        "decision_status": "OVERLOAD_FALLBACK",
        "decision_mode": "overload_min_slo_violation",
        "num_candidates": 100,
        "num_safe": 0,
        "recommended_is_safe": false,
        "prefill_gpu": "l40s",
        "prefill_instances": 3,
        "prefill_request_rate_per_instance_rps": 5.333333,
        "prefill_target_freq_mhz": 1755,
        "prefill_predicted_p99_ttft_ms": 96.3,
        "prefill_predicted_p99_queue_plus_prefill_ms": 90.7,
        "predicted_kv_transfer_ms": 5.574752,
        "predicted_dispatch_ms": 0.0,
        "kv_bytes_per_token": 131072,
        "kv_total_bytes": 16777216,
        "kv_effective_bandwidth_gbps": 24.076,
        "prefill_predicted_p_saturated": 0.182803,
        "decode_gpu": "l4",
        "decode_instances": 4,
        "decode_request_rate_per_instance_rps": 4.0,
        "decode_target_freq_mhz": 2040,
        "decode_predicted_p99_tpot_ms": 66.4,
        "decode_predicted_p_saturated": 0.604698,
        "predicted_cluster_power_w": 872.7,
        "actual_successful_requests": 160,
        "actual_failed_requests": 0,
        "actual_benchmark_duration_s": 19.7,
        "actual_request_throughput_rps": 8.12,
        "actual_output_token_throughput_tps": 1039.6,
        "actual_total_token_throughput_tps": 2071.09,
        "actual_p99_ttft_ms": 705.51,
        "actual_p99_tpot_ms": 70.47,
        "actual_p99_itl_ms": 95.1,
        "actual_throughput_ratio": 0.5075,
        "actual_measured_saturated": null,
        "actual_saturation_assessment": "INCONCLUSIVE_FINITE_POISSON",
        "actual_ttft_slo_ok": false,
        "actual_tpot_slo_ok": true,
        "decode_ganymede_decode-2_samples": 79,
        "decode_ganymede_decode-2_target_freq_mhz": 2040.0,
        "decode_ganymede_decode-2_gpu_util_avg_pct": 34.481013,
        "decode_ganymede_decode-2_gpu_util_max_pct": 100.0,
        "decode_ganymede_decode-2_gpu_power_avg_w": 42.466076,
        "decode_ganymede_decode-2_gpu_power_max_w": 72.5,
        "decode_ganymede_decode-2_gpu_sm_clock_avg_mhz": 1898.544304,
        "decode_ganymede_decode-2_gpu_sm_clock_max_mhz": 2040.0,
        "decode_ganymede_decode-2_gpu_sm_clock_min_mhz": 1455.0,
        "decode_ganymede_decode-2_gpu_memory_used_avg_mib": 19008.037975,
        "decode_ganymede_decode-2_gpu_memory_used_max_mib": 19389.0,
        "decode_ganymede_decode-2_gpu_mem_util_avg_pct": 33.746835,
        "decode_ganymede_decode-2_gpu_mem_util_max_pct": 100.0,
        "decode_ganymede_decode-2_gpu_power_limit_avg_w": 72.0,
        "decode_ganymede_decode-2_gpu_power_limit_max_w": 72.0,
        "decode_ganymede_decode-2_gpu_mem_clock_avg_mhz": 6251.0,
        "decode_ganymede_decode-2_gpu_mem_clock_max_mhz": 6251.0,
        "decode_ganymede_decode-2_gpu_temperature_avg_c": 50.392405,
        "decode_ganymede_decode-2_gpu_temperature_max_c": 57.0,
        "decode_ganymede_decode-2_network_rx_bytes": 2836069210.0,
        "decode_ganymede_decode-2_network_tx_bytes": 13785948.0,
        "decode_ganymede_decode-2_gpu_pstate_mode": "P0",
        "decode_ganymede_decode-3_samples": 78,
        "decode_ganymede_decode-3_target_freq_mhz": 2040.0,
        "decode_ganymede_decode-3_gpu_util_avg_pct": 34.5,
        "decode_ganymede_decode-3_gpu_util_max_pct": 100.0,
        "decode_ganymede_decode-3_gpu_power_avg_w": 42.239872,
        "decode_ganymede_decode-3_gpu_power_max_w": 72.97,
        "decode_ganymede_decode-3_gpu_sm_clock_avg_mhz": 1907.115385,
        "decode_ganymede_decode-3_gpu_sm_clock_max_mhz": 2040.0,
        "decode_ganymede_decode-3_gpu_sm_clock_min_mhz": 1515.0,
        "decode_ganymede_decode-3_gpu_memory_used_avg_mib": 18942.205128,
        "decode_ganymede_decode-3_gpu_memory_used_max_mib": 19387.0,
        "decode_ganymede_decode-3_gpu_mem_util_avg_pct": 34.615385,
        "decode_ganymede_decode-3_gpu_mem_util_max_pct": 100.0,
        "decode_ganymede_decode-3_gpu_power_limit_avg_w": 72.0,
        "decode_ganymede_decode-3_gpu_power_limit_max_w": 72.0,
        "decode_ganymede_decode-3_gpu_mem_clock_avg_mhz": 6251.0,
        "decode_ganymede_decode-3_gpu_mem_clock_max_mhz": 6251.0,
        "decode_ganymede_decode-3_gpu_temperature_avg_c": 39.282051,
        "decode_ganymede_decode-3_gpu_temperature_max_c": 46.0,
        "decode_ganymede_decode-3_network_rx_bytes": 2836069210.0,
        "decode_ganymede_decode-3_network_tx_bytes": 13785948.0,
        "decode_ganymede_decode-3_gpu_pstate_mode": "P0",
        "decode_ganymede_decode-4_samples": 79,
        "decode_ganymede_decode-4_target_freq_mhz": 2040.0,
        "decode_ganymede_decode-4_gpu_util_avg_pct": 33.835443,
        "decode_ganymede_decode-4_gpu_util_max_pct": 100.0,
        "decode_ganymede_decode-4_gpu_power_avg_w": 42.592025,
        "decode_ganymede_decode-4_gpu_power_max_w": 72.21,
        "decode_ganymede_decode-4_gpu_sm_clock_avg_mhz": 1914.113924,
        "decode_ganymede_decode-4_gpu_sm_clock_max_mhz": 2040.0,
        "decode_ganymede_decode-4_gpu_sm_clock_min_mhz": 1530.0,
        "decode_ganymede_decode-4_gpu_memory_used_avg_mib": 19008.721519,
        "decode_ganymede_decode-4_gpu_memory_used_max_mib": 19389.0,
        "decode_ganymede_decode-4_gpu_mem_util_avg_pct": 32.911392,
        "decode_ganymede_decode-4_gpu_mem_util_max_pct": 100.0,
        "decode_ganymede_decode-4_gpu_power_limit_avg_w": 72.0,
        "decode_ganymede_decode-4_gpu_power_limit_max_w": 72.0,
        "decode_ganymede_decode-4_gpu_mem_clock_avg_mhz": 6251.0,
        "decode_ganymede_decode-4_gpu_mem_clock_max_mhz": 6251.0,
        "decode_ganymede_decode-4_gpu_temperature_avg_c": 37.64557,
        "decode_ganymede_decode-4_gpu_temperature_max_c": 44.0,
        "decode_ganymede_decode-4_network_rx_bytes": 2836069210.0,
        "decode_ganymede_decode-4_network_tx_bytes": 13785948.0,
        "decode_ganymede_decode-4_gpu_pstate_mode": "P0",
        "decode_ganymede_samples": 79,
        "decode_ganymede_target_freq_mhz": 2040.0,
        "decode_ganymede_gpu_util_avg_pct": 48.531646,
        "decode_ganymede_gpu_util_max_pct": 100.0,
        "decode_ganymede_gpu_power_avg_w": 49.373165,
        "decode_ganymede_gpu_power_max_w": 72.49,
        "decode_ganymede_gpu_sm_clock_avg_mhz": 1826.392405,
        "decode_ganymede_gpu_sm_clock_max_mhz": 2040.0,
        "decode_ganymede_gpu_sm_clock_min_mhz": 1485.0,
        "decode_ganymede_gpu_memory_used_avg_mib": 18955.911392,
        "decode_ganymede_gpu_memory_used_max_mib": 19389.0,
        "decode_ganymede_gpu_mem_util_avg_pct": 48.772152,
        "decode_ganymede_gpu_mem_util_max_pct": 100.0,
        "decode_ganymede_gpu_power_limit_avg_w": 72.0,
        "decode_ganymede_gpu_power_limit_max_w": 72.0,
        "decode_ganymede_gpu_mem_clock_avg_mhz": 6251.0,
        "decode_ganymede_gpu_mem_clock_max_mhz": 6251.0,
        "decode_ganymede_gpu_temperature_avg_c": 53.063291,
        "decode_ganymede_gpu_temperature_max_c": 60.0,
        "decode_ganymede_network_rx_bytes": 2836069210.0,
        "decode_ganymede_network_tx_bytes": 13785948.0,
        "decode_ganymede_gpu_pstate_mode": "P0",
        "prefill_neptune_prefill-2_samples": 89,
        "prefill_neptune_prefill-2_target_freq_mhz": 1755.0,
        "prefill_neptune_prefill-2_gpu_util_avg_pct": 2.752809,
        "prefill_neptune_prefill-2_gpu_util_max_pct": 42.0,
        "prefill_neptune_prefill-2_gpu_power_avg_w": 70.082697,
        "prefill_neptune_prefill-2_gpu_power_max_w": 107.29,
        "prefill_neptune_prefill-2_gpu_sm_clock_avg_mhz": 1755.0,
        "prefill_neptune_prefill-2_gpu_sm_clock_max_mhz": 1755.0,
        "prefill_neptune_prefill-2_gpu_sm_clock_min_mhz": 1755.0,
        "prefill_neptune_prefill-2_gpu_memory_used_avg_mib": 38020.280899,
        "prefill_neptune_prefill-2_gpu_memory_used_max_mib": 38145.0,
        "prefill_neptune_prefill-2_gpu_mem_util_avg_pct": 2.314607,
        "prefill_neptune_prefill-2_gpu_mem_util_max_pct": 39.0,
        "prefill_neptune_prefill-2_gpu_power_limit_avg_w": 350.0,
        "prefill_neptune_prefill-2_gpu_power_limit_max_w": 350.0,
        "prefill_neptune_prefill-2_gpu_mem_clock_avg_mhz": 9001.0,
        "prefill_neptune_prefill-2_gpu_mem_clock_max_mhz": 9001.0,
        "prefill_neptune_prefill-2_gpu_temperature_avg_c": 30.134831,
        "prefill_neptune_prefill-2_gpu_temperature_max_c": 32.0,
        "prefill_neptune_prefill-2_network_rx_bytes": 6038439.0,
        "prefill_neptune_prefill-2_network_tx_bytes": 2829494651.0,
        "prefill_neptune_prefill-2_gpu_pstate_mode": "P0",
        "prefill_neptune_prefill-3_samples": 89,
        "prefill_neptune_prefill-3_target_freq_mhz": 1755.0,
        "prefill_neptune_prefill-3_gpu_util_avg_pct": 3.011236,
        "prefill_neptune_prefill-3_gpu_util_max_pct": 34.0,
        "prefill_neptune_prefill-3_gpu_power_avg_w": 69.009551,
        "prefill_neptune_prefill-3_gpu_power_max_w": 109.73,
        "prefill_neptune_prefill-3_gpu_sm_clock_avg_mhz": 1755.0,
        "prefill_neptune_prefill-3_gpu_sm_clock_max_mhz": 1755.0,
        "prefill_neptune_prefill-3_gpu_sm_clock_min_mhz": 1755.0,
        "prefill_neptune_prefill-3_gpu_memory_used_avg_mib": 37820.797753,
        "prefill_neptune_prefill-3_gpu_memory_used_max_mib": 38135.0,
        "prefill_neptune_prefill-3_gpu_mem_util_avg_pct": 2.573034,
        "prefill_neptune_prefill-3_gpu_mem_util_max_pct": 30.0,
        "prefill_neptune_prefill-3_gpu_power_limit_avg_w": 350.0,
        "prefill_neptune_prefill-3_gpu_power_limit_max_w": 350.0,
        "prefill_neptune_prefill-3_gpu_mem_clock_avg_mhz": 9001.0,
        "prefill_neptune_prefill-3_gpu_mem_clock_max_mhz": 9001.0,
        "prefill_neptune_prefill-3_gpu_temperature_avg_c": 29.460674,
        "prefill_neptune_prefill-3_gpu_temperature_max_c": 32.0,
        "prefill_neptune_prefill-3_network_rx_bytes": 6038439.0,
        "prefill_neptune_prefill-3_network_tx_bytes": 2829494651.0,
        "prefill_neptune_prefill-3_gpu_pstate_mode": "P0",
        "prefill_neptune_prefill-4_samples": 0,
        "prefill_neptune_samples": 89,
        "prefill_neptune_target_freq_mhz": 1755.0,
        "prefill_neptune_gpu_util_avg_pct": 2.898876,
        "prefill_neptune_gpu_util_max_pct": 31.0,
        "prefill_neptune_gpu_power_avg_w": 68.878989,
        "prefill_neptune_gpu_power_max_w": 121.2,
        "prefill_neptune_gpu_sm_clock_avg_mhz": 1755.0,
        "prefill_neptune_gpu_sm_clock_max_mhz": 1755.0,
        "prefill_neptune_gpu_sm_clock_min_mhz": 1755.0,
        "prefill_neptune_gpu_memory_used_avg_mib": 38143.0,
        "prefill_neptune_gpu_memory_used_max_mib": 38143.0,
        "prefill_neptune_gpu_mem_util_avg_pct": 2.58427,
        "prefill_neptune_gpu_mem_util_max_pct": 29.0,
        "prefill_neptune_gpu_power_limit_avg_w": 350.0,
        "prefill_neptune_gpu_power_limit_max_w": 350.0,
        "prefill_neptune_gpu_mem_clock_avg_mhz": 9001.0,
        "prefill_neptune_gpu_mem_clock_max_mhz": 9001.0,
        "prefill_neptune_gpu_temperature_avg_c": 29.404494,
        "prefill_neptune_gpu_temperature_max_c": 31.0,
        "prefill_neptune_network_rx_bytes": 6038439.0,
        "prefill_neptune_network_tx_bytes": 2829494651.0,
        "prefill_neptune_gpu_pstate_mode": "P0",
        "gpu_stream_count": 8,
        "covered_gpu_stream_count": 8,
        "min_gpu_coverage_ratio": 1.0,
        "neptune_energy_j": 12423.618803,
        "ganymede_energy_j": 9450.777268,
        "combined_energy_j": 21874.396071,
        "combined_avg_power_w": 421.207786,
        "energy_per_request_j": 136.714975
      }
    },
    {
      "workload": {
        "seq": 7,
        "workload_id": "balanced_prefill_scale_to_4",
        "input_len": 128,
        "output_len": 128,
        "configured_request_rate_rps": 24.0,
        "decision_status": "OVERLOAD_FALLBACK",
        "decision_mode": "overload_min_slo_violation",
        "num_candidates": 100,
        "num_safe": 0
      },
      "decision": {
        "status": "OVERLOAD_FALLBACK",
        "decision_mode": "overload_min_slo_violation",
        "selection_criterion": "min predicted union of latency-SLO and saturation violation probabilities",
        "policy": "latency_plus_saturation",
        "placement": "l40s-prefill-l4-decode",
        "workload": {
          "il": 128,
          "ol": 128,
          "rate": 24.0
        },
        "instances": {
          "prefill": 4,
          "decode": 4
        },
        "slos": {
          "ttft_ms": 500,
          "tpot_ms": 200
        },
        "kv_transfer_model": {
          "enabled": true,
          "formula": "T_kv = input_tokens * (2 * layers * num_kv_heads * head_dim * bytes_per_element) * 8 / effective_bandwidth_gbps",
          "ttft_formula": "predicted_p99_ttft = predicted_p99_queue_plus_prefill + T_kv + T_dispatch",
          "input_tokens": 128,
          "num_layers": 32,
          "num_kv_heads": 8,
          "head_dim": 128,
          "bytes_per_element": 2,
          "kv_bytes_per_token": 131072,
          "kv_total_bytes": 16777216,
          "effective_bandwidth_gbps": 24.076,
          "kv_transfer_ms": 5.574752,
          "dispatch_ms": 0.0
        },
        "saturation_threshold": 0.3,
        "tp_per_role": 1,
        "recommended": {
          "prefill": {
            "phase": "prefill",
            "gpu_type": "l40s",
            "node_group": "neptune",
            "tp": 1,
            "freq_mhz": 1755,
            "rec_freq_mhz": 1755,
            "is_safe": true,
            "p_violate": 0.0014,
            "rho_phase": 0.1295,
            "rho_total": 0.1684,
            "latency_ms": 93.7,
            "power_per_gpu_w": 197.4,
            "total_power_w": 197.4,
            "p99_ttft_ms": 99.3,
            "p_saturated": 0.225334,
            "p_saturated_min": 0.173624,
            "p_saturated_max": 0.28795,
            "saturation_threshold": 0.3,
            "saturation_safe": true,
            "per_seed": [
              {
                "seed": 3,
                "probability": 0.28795
              },
              {
                "seed": 7,
                "probability": 0.217547
              },
              {
                "seed": 11,
                "probability": 0.186241
              },
              {
                "seed": 19,
                "probability": 0.173624
              },
              {
                "seed": 23,
                "probability": 0.261307
              }
            ],
            "instance_count": 4,
            "effective_request_rate_per_instance": 6.0,
            "p99_queue_plus_prefill_ms": 93.7,
            "kv_transfer_ms": 5.574752,
            "dispatch_ms": 0.0,
            "ttft_components_ms": {
              "queue_plus_prefill": 93.7,
              "kv_transfer": 5.574752,
              "dispatch": 0.0,
              "total": 99.3
            }
          },
          "decode": {
            "phase": "decode",
            "gpu_type": "l4",
            "node_group": "ganymede",
            "tp": 1,
            "freq_mhz": 2040,
            "rec_freq_mhz": 2040,
            "is_safe": true,
            "p_violate": 0.0461,
            "rho_phase": 0.1263,
            "rho_total": 0.5475,
            "latency_ms": 68.8,
            "power_per_gpu_w": 69.8,
            "total_power_w": 69.8,
            "p99_tpot_ms": 68.8,
            "p_saturated": 0.832167,
            "p_saturated_min": 0.768195,
            "p_saturated_max": 0.877733,
            "saturation_threshold": 0.3,
            "saturation_safe": false,
            "per_seed": [
              {
                "seed": 3,
                "probability": 0.768195
              },
              {
                "seed": 7,
                "probability": 0.843669
              },
              {
                "seed": 11,
                "probability": 0.804874
              },
              {
                "seed": 19,
                "probability": 0.877733
              },
              {
                "seed": 23,
                "probability": 0.866363
              }
            ],
            "instance_count": 4,
            "effective_request_rate_per_instance": 6.0
          },
          "latency_safe": true,
          "saturation_safe": false,
          "is_safe": false,
          "predicted_joint_latency_violation_probability": 0.047435,
          "predicted_joint_saturation_probability": 0.869985,
          "predicted_overload_violation_probability": 0.876153,
          "predicted_ttft_excess_ratio": 0.0,
          "predicted_tpot_excess_ratio": 0.0,
          "predicted_max_slo_excess_ratio": 0.0,
          "predicted_cluster_power_w": 1068.8,
          "predicted_energy_per_request_j": 44.533
        },
        "alternatives": [
          {
            "prefill": {
              "phase": "prefill",
              "gpu_type": "l40s",
              "node_group": "neptune",
              "tp": 1,
              "freq_mhz": 2010,
              "rec_freq_mhz": 2010,
              "is_safe": true,
              "p_violate": 0.0014,
              "rho_phase": 0.122,
              "rho_total": 0.1586,
              "latency_ms": 95.3,
              "power_per_gpu_w": 202.0,
              "total_power_w": 202.0,
              "p99_ttft_ms": 100.9,
              "p_saturated": 0.225334,
              "p_saturated_min": 0.173624,
              "p_saturated_max": 0.28795,
              "saturation_threshold": 0.3,
              "saturation_safe": true,
              "per_seed": [
                {
                  "seed": 3,
                  "probability": 0.28795
                },
                {
                  "seed": 7,
                  "probability": 0.217547
                },
                {
                  "seed": 11,
                  "probability": 0.186241
                },
                {
                  "seed": 19,
                  "probability": 0.173624
                },
                {
                  "seed": 23,
                  "probability": 0.261307
                }
              ],
              "instance_count": 4,
              "effective_request_rate_per_instance": 6.0,
              "p99_queue_plus_prefill_ms": 95.3,
              "kv_transfer_ms": 5.574752,
              "dispatch_ms": 0.0,
              "ttft_components_ms": {
                "queue_plus_prefill": 95.3,
                "kv_transfer": 5.574752,
                "dispatch": 0.0,
                "total": 100.9
              }
            },
            "decode": {
              "phase": "decode",
              "gpu_type": "l4",
              "node_group": "ganymede",
              "tp": 1,
              "freq_mhz": 2040,
              "rec_freq_mhz": 2040,
              "is_safe": true,
              "p_violate": 0.0461,
              "rho_phase": 0.1263,
              "rho_total": 0.5475,
              "latency_ms": 68.8,
              "power_per_gpu_w": 69.8,
              "total_power_w": 69.8,
              "p99_tpot_ms": 68.8,
              "p_saturated": 0.832167,
              "p_saturated_min": 0.768195,
              "p_saturated_max": 0.877733,
              "saturation_threshold": 0.3,
              "saturation_safe": false,
              "per_seed": [
                {
                  "seed": 3,
                  "probability": 0.768195
                },
                {
                  "seed": 7,
                  "probability": 0.843669
                },
                {
                  "seed": 11,
                  "probability": 0.804874
                },
                {
                  "seed": 19,
                  "probability": 0.877733
                },
                {
                  "seed": 23,
                  "probability": 0.866363
                }
              ],
              "instance_count": 4,
              "effective_request_rate_per_instance": 6.0
            },
            "latency_safe": true,
            "saturation_safe": false,
            "is_safe": false,
            "predicted_joint_latency_violation_probability": 0.047435,
            "predicted_joint_saturation_probability": 0.869985,
            "predicted_overload_violation_probability": 0.876153,
            "predicted_ttft_excess_ratio": 0.0,
            "predicted_tpot_excess_ratio": 0.0,
            "predicted_max_slo_excess_ratio": 0.0,
            "predicted_cluster_power_w": 1087.2,
            "predicted_energy_per_request_j": 45.3
          },
          {
            "prefill": {
              "phase": "prefill",
              "gpu_type": "l40s",
              "node_group": "neptune",
              "tp": 1,
              "freq_mhz": 2265,
              "rec_freq_mhz": 2265,
              "is_safe": true,
              "p_violate": 0.0014,
              "rho_phase": 0.1174,
              "rho_total": 0.1527,
              "latency_ms": 97.8,
              "power_per_gpu_w": 220.6,
              "total_power_w": 220.6,
              "p99_ttft_ms": 103.4,
              "p_saturated": 0.225334,
              "p_saturated_min": 0.173624,
              "p_saturated_max": 0.28795,
              "saturation_threshold": 0.3,
              "saturation_safe": true,
              "per_seed": [
                {
                  "seed": 3,
                  "probability": 0.28795
                },
                {
                  "seed": 7,
                  "probability": 0.217547
                },
                {
                  "seed": 11,
                  "probability": 0.186241
                },
                {
                  "seed": 19,
                  "probability": 0.173624
                },
                {
                  "seed": 23,
                  "probability": 0.261307
                }
              ],
              "instance_count": 4,
              "effective_request_rate_per_instance": 6.0,
              "p99_queue_plus_prefill_ms": 97.8,
              "kv_transfer_ms": 5.574752,
              "dispatch_ms": 0.0,
              "ttft_components_ms": {
                "queue_plus_prefill": 97.8,
                "kv_transfer": 5.574752,
                "dispatch": 0.0,
                "total": 103.4
              }
            },
            "decode": {
              "phase": "decode",
              "gpu_type": "l4",
              "node_group": "ganymede",
              "tp": 1,
              "freq_mhz": 2040,
              "rec_freq_mhz": 2040,
              "is_safe": true,
              "p_violate": 0.0461,
              "rho_phase": 0.1263,
              "rho_total": 0.5475,
              "latency_ms": 68.8,
              "power_per_gpu_w": 69.8,
              "total_power_w": 69.8,
              "p99_tpot_ms": 68.8,
              "p_saturated": 0.832167,
              "p_saturated_min": 0.768195,
              "p_saturated_max": 0.877733,
              "saturation_threshold": 0.3,
              "saturation_safe": false,
              "per_seed": [
                {
                  "seed": 3,
                  "probability": 0.768195
                },
                {
                  "seed": 7,
                  "probability": 0.843669
                },
                {
                  "seed": 11,
                  "probability": 0.804874
                },
                {
                  "seed": 19,
                  "probability": 0.877733
                },
                {
                  "seed": 23,
                  "probability": 0.866363
                }
              ],
              "instance_count": 4,
              "effective_request_rate_per_instance": 6.0
            },
            "latency_safe": true,
            "saturation_safe": false,
            "is_safe": false,
            "predicted_joint_latency_violation_probability": 0.047435,
            "predicted_joint_saturation_probability": 0.869985,
            "predicted_overload_violation_probability": 0.876153,
            "predicted_ttft_excess_ratio": 0.0,
            "predicted_tpot_excess_ratio": 0.0,
            "predicted_max_slo_excess_ratio": 0.0,
            "predicted_cluster_power_w": 1161.6,
            "predicted_energy_per_request_j": 48.4
          },
          {
            "prefill": {
              "phase": "prefill",
              "gpu_type": "l40s",
              "node_group": "neptune",
              "tp": 1,
              "freq_mhz": 2520,
              "rec_freq_mhz": 2520,
              "is_safe": true,
              "p_violate": 0.0014,
              "rho_phase": 0.0943,
              "rho_total": 0.1226,
              "latency_ms": 97.7,
              "power_per_gpu_w": 251.6,
              "total_power_w": 251.6,
              "p99_ttft_ms": 103.3,
              "p_saturated": 0.22649,
              "p_saturated_min": 0.173624,
              "p_saturated_max": 0.28795,
              "saturation_threshold": 0.3,
              "saturation_safe": true,
              "per_seed": [
                {
                  "seed": 3,
                  "probability": 0.28795
                },
                {
                  "seed": 7,
                  "probability": 0.217547
                },
                {
                  "seed": 11,
                  "probability": 0.192022
                },
                {
                  "seed": 19,
                  "probability": 0.173624
                },
                {
                  "seed": 23,
                  "probability": 0.261307
                }
              ],
              "instance_count": 4,
              "effective_request_rate_per_instance": 6.0,
              "p99_queue_plus_prefill_ms": 97.7,
              "kv_transfer_ms": 5.574752,
              "dispatch_ms": 0.0,
              "ttft_components_ms": {
                "queue_plus_prefill": 97.7,
                "kv_transfer": 5.574752,
                "dispatch": 0.0,
                "total": 103.3
              }
            },
            "decode": {
              "phase": "decode",
              "gpu_type": "l4",
              "node_group": "ganymede",
              "tp": 1,
              "freq_mhz": 2040,
              "rec_freq_mhz": 2040,
              "is_safe": true,
              "p_violate": 0.0461,
              "rho_phase": 0.1263,
              "rho_total": 0.5475,
              "latency_ms": 68.8,
              "power_per_gpu_w": 69.8,
              "total_power_w": 69.8,
              "p99_tpot_ms": 68.8,
              "p_saturated": 0.832167,
              "p_saturated_min": 0.768195,
              "p_saturated_max": 0.877733,
              "saturation_threshold": 0.3,
              "saturation_safe": false,
              "per_seed": [
                {
                  "seed": 3,
                  "probability": 0.768195
                },
                {
                  "seed": 7,
                  "probability": 0.843669
                },
                {
                  "seed": 11,
                  "probability": 0.804874
                },
                {
                  "seed": 19,
                  "probability": 0.877733
                },
                {
                  "seed": 23,
                  "probability": 0.866363
                }
              ],
              "instance_count": 4,
              "effective_request_rate_per_instance": 6.0
            },
            "latency_safe": true,
            "saturation_safe": false,
            "is_safe": false,
            "predicted_joint_latency_violation_probability": 0.047435,
            "predicted_joint_saturation_probability": 0.870179,
            "predicted_overload_violation_probability": 0.876338,
            "predicted_ttft_excess_ratio": 0.0,
            "predicted_tpot_excess_ratio": 0.0,
            "predicted_max_slo_excess_ratio": 0.0,
            "predicted_cluster_power_w": 1285.6,
            "predicted_energy_per_request_j": 53.567
          }
        ],
        "num_candidates": 100,
        "num_latency_safe": 9,
        "num_saturation_safe": 0,
        "num_safe": 0
      },
      "performance": {
        "successful_requests": 240,
        "failed_requests": 0,
        "benchmark_duration_s": 22.66,
        "request_throughput_rps": 10.59,
        "output_token_throughput_tps": 1355.59,
        "total_token_throughput_tps": 2700.59,
        "p99_ttft_ms": 582.7,
        "p99_tpot_ms": 71.49,
        "p99_itl_ms": 88.02,
        "throughput_ratio": 0.44125,
        "measured_saturated": null,
        "saturation_assessment": "INCONCLUSIVE_FINITE_POISSON",
        "ttft_slo_ok": false,
        "tpot_slo_ok": true
      },
      "telemetry": {
        "decode_ganymede_decode-2": {
          "samples": 83,
          "target_freq_mhz": 2040.0,
          "gpu_util_avg_pct": 50.493975903614455,
          "gpu_util_max_pct": 100.0,
          "gpu_power_avg_w": 50.33626506024096,
          "gpu_power_max_w": 72.51,
          "gpu_sm_clock_avg_mhz": 1796.3855421686746,
          "gpu_sm_clock_max_mhz": 2040.0,
          "gpu_sm_clock_min_mhz": 1470.0,
          "gpu_memory_used_avg_mib": 19389.0,
          "gpu_memory_used_max_mib": 19389.0,
          "gpu_mem_util_avg_pct": 50.602409638554214,
          "gpu_mem_util_max_pct": 100.0,
          "gpu_power_limit_avg_w": 72.0,
          "gpu_power_limit_max_w": 72.0,
          "gpu_mem_clock_avg_mhz": 6251.0,
          "gpu_mem_clock_max_mhz": 6251.0,
          "gpu_temperature_avg_c": 54.24096385542169,
          "gpu_temperature_max_c": 61.0,
          "network_rx_bytes": 4241988438.0,
          "network_tx_bytes": 17389390.0,
          "gpu_pstate_mode": "P0"
        },
        "decode_ganymede_decode-3": {
          "samples": 83,
          "target_freq_mhz": 2040.0,
          "gpu_util_avg_pct": 37.25301204819277,
          "gpu_util_max_pct": 100.0,
          "gpu_power_avg_w": 43.90698795180723,
          "gpu_power_max_w": 72.5,
          "gpu_sm_clock_avg_mhz": 1879.3373493975903,
          "gpu_sm_clock_max_mhz": 2040.0,
          "gpu_sm_clock_min_mhz": 1515.0,
          "gpu_memory_used_avg_mib": 19387.409638554218,
          "gpu_memory_used_max_mib": 19389.0,
          "gpu_mem_util_avg_pct": 37.34939759036145,
          "gpu_mem_util_max_pct": 100.0,
          "gpu_power_limit_avg_w": 72.0,
          "gpu_power_limit_max_w": 72.0,
          "gpu_mem_clock_avg_mhz": 6251.0,
          "gpu_mem_clock_max_mhz": 6251.0,
          "gpu_temperature_avg_c": 40.57831325301205,
          "gpu_temperature_max_c": 47.0,
          "network_rx_bytes": 4241988438.0,
          "network_tx_bytes": 17389390.0,
          "gpu_pstate_mode": "P0"
        },
        "decode_ganymede_decode-4": {
          "samples": 83,
          "target_freq_mhz": 2040.0,
          "gpu_util_avg_pct": 37.1566265060241,
          "gpu_util_max_pct": 100.0,
          "gpu_power_avg_w": 44.10024096385543,
          "gpu_power_max_w": 72.53,
          "gpu_sm_clock_avg_mhz": 1868.132530120482,
          "gpu_sm_clock_max_mhz": 2040.0,
          "gpu_sm_clock_min_mhz": 1515.0,
          "gpu_memory_used_avg_mib": 19431.409638554218,
          "gpu_memory_used_max_mib": 19505.0,
          "gpu_mem_util_avg_pct": 37.16867469879518,
          "gpu_mem_util_max_pct": 100.0,
          "gpu_power_limit_avg_w": 72.0,
          "gpu_power_limit_max_w": 72.0,
          "gpu_mem_clock_avg_mhz": 6251.0,
          "gpu_mem_clock_max_mhz": 6251.0,
          "gpu_temperature_avg_c": 38.54216867469879,
          "gpu_temperature_max_c": 45.0,
          "network_rx_bytes": 4241988438.0,
          "network_tx_bytes": 17389390.0,
          "gpu_pstate_mode": "P0"
        },
        "decode_ganymede": {
          "samples": 83,
          "target_freq_mhz": 2040.0,
          "gpu_util_avg_pct": 37.24096385542169,
          "gpu_util_max_pct": 100.0,
          "gpu_power_avg_w": 45.00228915662651,
          "gpu_power_max_w": 72.54,
          "gpu_sm_clock_avg_mhz": 1854.2168674698796,
          "gpu_sm_clock_max_mhz": 2040.0,
          "gpu_sm_clock_min_mhz": 1455.0,
          "gpu_memory_used_avg_mib": 19389.0,
          "gpu_memory_used_max_mib": 19389.0,
          "gpu_mem_util_avg_pct": 37.34939759036145,
          "gpu_mem_util_max_pct": 100.0,
          "gpu_power_limit_avg_w": 72.0,
          "gpu_power_limit_max_w": 72.0,
          "gpu_mem_clock_avg_mhz": 6251.0,
          "gpu_mem_clock_max_mhz": 6251.0,
          "gpu_temperature_avg_c": 54.57831325301205,
          "gpu_temperature_max_c": 61.0,
          "network_rx_bytes": 4241988438.0,
          "network_tx_bytes": 17389390.0,
          "gpu_pstate_mode": "P0"
        },
        "prefill_neptune_prefill-2": {
          "samples": 92,
          "target_freq_mhz": 1755.0,
          "gpu_util_avg_pct": 3.630434782608696,
          "gpu_util_max_pct": 44.0,
          "gpu_power_avg_w": 69.25315217391304,
          "gpu_power_max_w": 107.02,
          "gpu_sm_clock_avg_mhz": 1755.0,
          "gpu_sm_clock_max_mhz": 1755.0,
          "gpu_sm_clock_min_mhz": 1755.0,
          "gpu_memory_used_avg_mib": 38145.0,
          "gpu_memory_used_max_mib": 38145.0,
          "gpu_mem_util_avg_pct": 3.380434782608696,
          "gpu_mem_util_max_pct": 42.0,
          "gpu_power_limit_avg_w": 350.0,
          "gpu_power_limit_max_w": 350.0,
          "gpu_mem_clock_avg_mhz": 9001.0,
          "gpu_mem_clock_max_mhz": 9001.0,
          "gpu_temperature_avg_c": 30.17391304347826,
          "gpu_temperature_max_c": 32.0,
          "network_rx_bytes": 10317108.0,
          "network_tx_bytes": 4236427358.0,
          "gpu_pstate_mode": "P0"
        },
        "prefill_neptune_prefill-3": {
          "samples": 92,
          "target_freq_mhz": 1755.0,
          "gpu_util_avg_pct": 3.847826086956522,
          "gpu_util_max_pct": 39.0,
          "gpu_power_avg_w": 69.1166304347826,
          "gpu_power_max_w": 104.11,
          "gpu_sm_clock_avg_mhz": 1755.0,
          "gpu_sm_clock_max_mhz": 1755.0,
          "gpu_sm_clock_min_mhz": 1755.0,
          "gpu_memory_used_avg_mib": 38135.0,
          "gpu_memory_used_max_mib": 38135.0,
          "gpu_mem_util_avg_pct": 3.5217391304347827,
          "gpu_mem_util_max_pct": 36.0,
          "gpu_power_limit_avg_w": 350.0,
          "gpu_power_limit_max_w": 350.0,
          "gpu_mem_clock_avg_mhz": 9001.0,
          "gpu_mem_clock_max_mhz": 9001.0,
          "gpu_temperature_avg_c": 29.608695652173914,
          "gpu_temperature_max_c": 31.0,
          "network_rx_bytes": 10317108.0,
          "network_tx_bytes": 4236427358.0,
          "gpu_pstate_mode": "P0"
        },
        "prefill_neptune_prefill-4": {
          "samples": 92,
          "target_freq_mhz": 1755.0,
          "gpu_util_avg_pct": 2.130434782608696,
          "gpu_util_max_pct": 43.0,
          "gpu_power_avg_w": 70.24565217391304,
          "gpu_power_max_w": 115.1,
          "gpu_sm_clock_avg_mhz": 1755.0,
          "gpu_sm_clock_max_mhz": 1755.0,
          "gpu_sm_clock_min_mhz": 1755.0,
          "gpu_memory_used_avg_mib": 37679.15217391304,
          "gpu_memory_used_max_mib": 37837.0,
          "gpu_mem_util_avg_pct": 1.9021739130434783,
          "gpu_mem_util_max_pct": 40.0,
          "gpu_power_limit_avg_w": 350.0,
          "gpu_power_limit_max_w": 350.0,
          "gpu_mem_clock_avg_mhz": 9001.0,
          "gpu_mem_clock_max_mhz": 9001.0,
          "gpu_temperature_avg_c": 29.304347826086957,
          "gpu_temperature_max_c": 31.0,
          "network_rx_bytes": 10317108.0,
          "network_tx_bytes": 4236427358.0,
          "gpu_pstate_mode": "P0"
        },
        "prefill_neptune": {
          "samples": 93,
          "target_freq_mhz": 1755.0,
          "gpu_util_avg_pct": 3.161290322580645,
          "gpu_util_max_pct": 43.0,
          "gpu_power_avg_w": 68.68107526881721,
          "gpu_power_max_w": 106.0,
          "gpu_sm_clock_avg_mhz": 1755.0,
          "gpu_sm_clock_max_mhz": 1755.0,
          "gpu_sm_clock_min_mhz": 1755.0,
          "gpu_memory_used_avg_mib": 38143.0,
          "gpu_memory_used_max_mib": 38143.0,
          "gpu_mem_util_avg_pct": 2.924731182795699,
          "gpu_mem_util_max_pct": 41.0,
          "gpu_power_limit_avg_w": 350.0,
          "gpu_power_limit_max_w": 350.0,
          "gpu_mem_clock_avg_mhz": 9001.0,
          "gpu_mem_clock_max_mhz": 9001.0,
          "gpu_temperature_avg_c": 29.43010752688172,
          "gpu_temperature_max_c": 32.0,
          "network_rx_bytes": 10317108.0,
          "network_tx_bytes": 4236427358.0,
          "gpu_pstate_mode": "P0"
        }
      },
      "energy": {
        "gpu_stream_count": 8,
        "covered_gpu_stream_count": 8,
        "min_gpu_coverage_ratio": 1.0,
        "neptune_energy_j": 15251.550606683488,
        "ganymede_energy_j": 10362.485945063725,
        "combined_energy_j": 25614.036551747216,
        "combined_avg_power_w": 465.8188223283507,
        "energy_per_request_j": 106.72515229894674
      },
      "summary": {
        "seq": 7,
        "workload_id": "balanced_prefill_scale_to_4",
        "input_len": 128,
        "output_len": 128,
        "configured_request_rate_rps": 24.0,
        "decision_status": "OVERLOAD_FALLBACK",
        "decision_mode": "overload_min_slo_violation",
        "num_candidates": 100,
        "num_safe": 0,
        "recommended_is_safe": false,
        "prefill_gpu": "l40s",
        "prefill_instances": 4,
        "prefill_request_rate_per_instance_rps": 6.0,
        "prefill_target_freq_mhz": 1755,
        "prefill_predicted_p99_ttft_ms": 99.3,
        "prefill_predicted_p99_queue_plus_prefill_ms": 93.7,
        "predicted_kv_transfer_ms": 5.574752,
        "predicted_dispatch_ms": 0.0,
        "kv_bytes_per_token": 131072,
        "kv_total_bytes": 16777216,
        "kv_effective_bandwidth_gbps": 24.076,
        "prefill_predicted_p_saturated": 0.225334,
        "decode_gpu": "l4",
        "decode_instances": 4,
        "decode_request_rate_per_instance_rps": 6.0,
        "decode_target_freq_mhz": 2040,
        "decode_predicted_p99_tpot_ms": 68.8,
        "decode_predicted_p_saturated": 0.832167,
        "predicted_cluster_power_w": 1068.8,
        "actual_successful_requests": 240,
        "actual_failed_requests": 0,
        "actual_benchmark_duration_s": 22.66,
        "actual_request_throughput_rps": 10.59,
        "actual_output_token_throughput_tps": 1355.59,
        "actual_total_token_throughput_tps": 2700.59,
        "actual_p99_ttft_ms": 582.7,
        "actual_p99_tpot_ms": 71.49,
        "actual_p99_itl_ms": 88.02,
        "actual_throughput_ratio": 0.44125,
        "actual_measured_saturated": null,
        "actual_saturation_assessment": "INCONCLUSIVE_FINITE_POISSON",
        "actual_ttft_slo_ok": false,
        "actual_tpot_slo_ok": true,
        "decode_ganymede_decode-2_samples": 83,
        "decode_ganymede_decode-2_target_freq_mhz": 2040.0,
        "decode_ganymede_decode-2_gpu_util_avg_pct": 50.493976,
        "decode_ganymede_decode-2_gpu_util_max_pct": 100.0,
        "decode_ganymede_decode-2_gpu_power_avg_w": 50.336265,
        "decode_ganymede_decode-2_gpu_power_max_w": 72.51,
        "decode_ganymede_decode-2_gpu_sm_clock_avg_mhz": 1796.385542,
        "decode_ganymede_decode-2_gpu_sm_clock_max_mhz": 2040.0,
        "decode_ganymede_decode-2_gpu_sm_clock_min_mhz": 1470.0,
        "decode_ganymede_decode-2_gpu_memory_used_avg_mib": 19389.0,
        "decode_ganymede_decode-2_gpu_memory_used_max_mib": 19389.0,
        "decode_ganymede_decode-2_gpu_mem_util_avg_pct": 50.60241,
        "decode_ganymede_decode-2_gpu_mem_util_max_pct": 100.0,
        "decode_ganymede_decode-2_gpu_power_limit_avg_w": 72.0,
        "decode_ganymede_decode-2_gpu_power_limit_max_w": 72.0,
        "decode_ganymede_decode-2_gpu_mem_clock_avg_mhz": 6251.0,
        "decode_ganymede_decode-2_gpu_mem_clock_max_mhz": 6251.0,
        "decode_ganymede_decode-2_gpu_temperature_avg_c": 54.240964,
        "decode_ganymede_decode-2_gpu_temperature_max_c": 61.0,
        "decode_ganymede_decode-2_network_rx_bytes": 4241988438.0,
        "decode_ganymede_decode-2_network_tx_bytes": 17389390.0,
        "decode_ganymede_decode-2_gpu_pstate_mode": "P0",
        "decode_ganymede_decode-3_samples": 83,
        "decode_ganymede_decode-3_target_freq_mhz": 2040.0,
        "decode_ganymede_decode-3_gpu_util_avg_pct": 37.253012,
        "decode_ganymede_decode-3_gpu_util_max_pct": 100.0,
        "decode_ganymede_decode-3_gpu_power_avg_w": 43.906988,
        "decode_ganymede_decode-3_gpu_power_max_w": 72.5,
        "decode_ganymede_decode-3_gpu_sm_clock_avg_mhz": 1879.337349,
        "decode_ganymede_decode-3_gpu_sm_clock_max_mhz": 2040.0,
        "decode_ganymede_decode-3_gpu_sm_clock_min_mhz": 1515.0,
        "decode_ganymede_decode-3_gpu_memory_used_avg_mib": 19387.409639,
        "decode_ganymede_decode-3_gpu_memory_used_max_mib": 19389.0,
        "decode_ganymede_decode-3_gpu_mem_util_avg_pct": 37.349398,
        "decode_ganymede_decode-3_gpu_mem_util_max_pct": 100.0,
        "decode_ganymede_decode-3_gpu_power_limit_avg_w": 72.0,
        "decode_ganymede_decode-3_gpu_power_limit_max_w": 72.0,
        "decode_ganymede_decode-3_gpu_mem_clock_avg_mhz": 6251.0,
        "decode_ganymede_decode-3_gpu_mem_clock_max_mhz": 6251.0,
        "decode_ganymede_decode-3_gpu_temperature_avg_c": 40.578313,
        "decode_ganymede_decode-3_gpu_temperature_max_c": 47.0,
        "decode_ganymede_decode-3_network_rx_bytes": 4241988438.0,
        "decode_ganymede_decode-3_network_tx_bytes": 17389390.0,
        "decode_ganymede_decode-3_gpu_pstate_mode": "P0",
        "decode_ganymede_decode-4_samples": 83,
        "decode_ganymede_decode-4_target_freq_mhz": 2040.0,
        "decode_ganymede_decode-4_gpu_util_avg_pct": 37.156627,
        "decode_ganymede_decode-4_gpu_util_max_pct": 100.0,
        "decode_ganymede_decode-4_gpu_power_avg_w": 44.100241,
        "decode_ganymede_decode-4_gpu_power_max_w": 72.53,
        "decode_ganymede_decode-4_gpu_sm_clock_avg_mhz": 1868.13253,
        "decode_ganymede_decode-4_gpu_sm_clock_max_mhz": 2040.0,
        "decode_ganymede_decode-4_gpu_sm_clock_min_mhz": 1515.0,
        "decode_ganymede_decode-4_gpu_memory_used_avg_mib": 19431.409639,
        "decode_ganymede_decode-4_gpu_memory_used_max_mib": 19505.0,
        "decode_ganymede_decode-4_gpu_mem_util_avg_pct": 37.168675,
        "decode_ganymede_decode-4_gpu_mem_util_max_pct": 100.0,
        "decode_ganymede_decode-4_gpu_power_limit_avg_w": 72.0,
        "decode_ganymede_decode-4_gpu_power_limit_max_w": 72.0,
        "decode_ganymede_decode-4_gpu_mem_clock_avg_mhz": 6251.0,
        "decode_ganymede_decode-4_gpu_mem_clock_max_mhz": 6251.0,
        "decode_ganymede_decode-4_gpu_temperature_avg_c": 38.542169,
        "decode_ganymede_decode-4_gpu_temperature_max_c": 45.0,
        "decode_ganymede_decode-4_network_rx_bytes": 4241988438.0,
        "decode_ganymede_decode-4_network_tx_bytes": 17389390.0,
        "decode_ganymede_decode-4_gpu_pstate_mode": "P0",
        "decode_ganymede_samples": 83,
        "decode_ganymede_target_freq_mhz": 2040.0,
        "decode_ganymede_gpu_util_avg_pct": 37.240964,
        "decode_ganymede_gpu_util_max_pct": 100.0,
        "decode_ganymede_gpu_power_avg_w": 45.002289,
        "decode_ganymede_gpu_power_max_w": 72.54,
        "decode_ganymede_gpu_sm_clock_avg_mhz": 1854.216867,
        "decode_ganymede_gpu_sm_clock_max_mhz": 2040.0,
        "decode_ganymede_gpu_sm_clock_min_mhz": 1455.0,
        "decode_ganymede_gpu_memory_used_avg_mib": 19389.0,
        "decode_ganymede_gpu_memory_used_max_mib": 19389.0,
        "decode_ganymede_gpu_mem_util_avg_pct": 37.349398,
        "decode_ganymede_gpu_mem_util_max_pct": 100.0,
        "decode_ganymede_gpu_power_limit_avg_w": 72.0,
        "decode_ganymede_gpu_power_limit_max_w": 72.0,
        "decode_ganymede_gpu_mem_clock_avg_mhz": 6251.0,
        "decode_ganymede_gpu_mem_clock_max_mhz": 6251.0,
        "decode_ganymede_gpu_temperature_avg_c": 54.578313,
        "decode_ganymede_gpu_temperature_max_c": 61.0,
        "decode_ganymede_network_rx_bytes": 4241988438.0,
        "decode_ganymede_network_tx_bytes": 17389390.0,
        "decode_ganymede_gpu_pstate_mode": "P0",
        "prefill_neptune_prefill-2_samples": 92,
        "prefill_neptune_prefill-2_target_freq_mhz": 1755.0,
        "prefill_neptune_prefill-2_gpu_util_avg_pct": 3.630435,
        "prefill_neptune_prefill-2_gpu_util_max_pct": 44.0,
        "prefill_neptune_prefill-2_gpu_power_avg_w": 69.253152,
        "prefill_neptune_prefill-2_gpu_power_max_w": 107.02,
        "prefill_neptune_prefill-2_gpu_sm_clock_avg_mhz": 1755.0,
        "prefill_neptune_prefill-2_gpu_sm_clock_max_mhz": 1755.0,
        "prefill_neptune_prefill-2_gpu_sm_clock_min_mhz": 1755.0,
        "prefill_neptune_prefill-2_gpu_memory_used_avg_mib": 38145.0,
        "prefill_neptune_prefill-2_gpu_memory_used_max_mib": 38145.0,
        "prefill_neptune_prefill-2_gpu_mem_util_avg_pct": 3.380435,
        "prefill_neptune_prefill-2_gpu_mem_util_max_pct": 42.0,
        "prefill_neptune_prefill-2_gpu_power_limit_avg_w": 350.0,
        "prefill_neptune_prefill-2_gpu_power_limit_max_w": 350.0,
        "prefill_neptune_prefill-2_gpu_mem_clock_avg_mhz": 9001.0,
        "prefill_neptune_prefill-2_gpu_mem_clock_max_mhz": 9001.0,
        "prefill_neptune_prefill-2_gpu_temperature_avg_c": 30.173913,
        "prefill_neptune_prefill-2_gpu_temperature_max_c": 32.0,
        "prefill_neptune_prefill-2_network_rx_bytes": 10317108.0,
        "prefill_neptune_prefill-2_network_tx_bytes": 4236427358.0,
        "prefill_neptune_prefill-2_gpu_pstate_mode": "P0",
        "prefill_neptune_prefill-3_samples": 92,
        "prefill_neptune_prefill-3_target_freq_mhz": 1755.0,
        "prefill_neptune_prefill-3_gpu_util_avg_pct": 3.847826,
        "prefill_neptune_prefill-3_gpu_util_max_pct": 39.0,
        "prefill_neptune_prefill-3_gpu_power_avg_w": 69.11663,
        "prefill_neptune_prefill-3_gpu_power_max_w": 104.11,
        "prefill_neptune_prefill-3_gpu_sm_clock_avg_mhz": 1755.0,
        "prefill_neptune_prefill-3_gpu_sm_clock_max_mhz": 1755.0,
        "prefill_neptune_prefill-3_gpu_sm_clock_min_mhz": 1755.0,
        "prefill_neptune_prefill-3_gpu_memory_used_avg_mib": 38135.0,
        "prefill_neptune_prefill-3_gpu_memory_used_max_mib": 38135.0,
        "prefill_neptune_prefill-3_gpu_mem_util_avg_pct": 3.521739,
        "prefill_neptune_prefill-3_gpu_mem_util_max_pct": 36.0,
        "prefill_neptune_prefill-3_gpu_power_limit_avg_w": 350.0,
        "prefill_neptune_prefill-3_gpu_power_limit_max_w": 350.0,
        "prefill_neptune_prefill-3_gpu_mem_clock_avg_mhz": 9001.0,
        "prefill_neptune_prefill-3_gpu_mem_clock_max_mhz": 9001.0,
        "prefill_neptune_prefill-3_gpu_temperature_avg_c": 29.608696,
        "prefill_neptune_prefill-3_gpu_temperature_max_c": 31.0,
        "prefill_neptune_prefill-3_network_rx_bytes": 10317108.0,
        "prefill_neptune_prefill-3_network_tx_bytes": 4236427358.0,
        "prefill_neptune_prefill-3_gpu_pstate_mode": "P0",
        "prefill_neptune_prefill-4_samples": 92,
        "prefill_neptune_prefill-4_target_freq_mhz": 1755.0,
        "prefill_neptune_prefill-4_gpu_util_avg_pct": 2.130435,
        "prefill_neptune_prefill-4_gpu_util_max_pct": 43.0,
        "prefill_neptune_prefill-4_gpu_power_avg_w": 70.245652,
        "prefill_neptune_prefill-4_gpu_power_max_w": 115.1,
        "prefill_neptune_prefill-4_gpu_sm_clock_avg_mhz": 1755.0,
        "prefill_neptune_prefill-4_gpu_sm_clock_max_mhz": 1755.0,
        "prefill_neptune_prefill-4_gpu_sm_clock_min_mhz": 1755.0,
        "prefill_neptune_prefill-4_gpu_memory_used_avg_mib": 37679.152174,
        "prefill_neptune_prefill-4_gpu_memory_used_max_mib": 37837.0,
        "prefill_neptune_prefill-4_gpu_mem_util_avg_pct": 1.902174,
        "prefill_neptune_prefill-4_gpu_mem_util_max_pct": 40.0,
        "prefill_neptune_prefill-4_gpu_power_limit_avg_w": 350.0,
        "prefill_neptune_prefill-4_gpu_power_limit_max_w": 350.0,
        "prefill_neptune_prefill-4_gpu_mem_clock_avg_mhz": 9001.0,
        "prefill_neptune_prefill-4_gpu_mem_clock_max_mhz": 9001.0,
        "prefill_neptune_prefill-4_gpu_temperature_avg_c": 29.304348,
        "prefill_neptune_prefill-4_gpu_temperature_max_c": 31.0,
        "prefill_neptune_prefill-4_network_rx_bytes": 10317108.0,
        "prefill_neptune_prefill-4_network_tx_bytes": 4236427358.0,
        "prefill_neptune_prefill-4_gpu_pstate_mode": "P0",
        "prefill_neptune_samples": 93,
        "prefill_neptune_target_freq_mhz": 1755.0,
        "prefill_neptune_gpu_util_avg_pct": 3.16129,
        "prefill_neptune_gpu_util_max_pct": 43.0,
        "prefill_neptune_gpu_power_avg_w": 68.681075,
        "prefill_neptune_gpu_power_max_w": 106.0,
        "prefill_neptune_gpu_sm_clock_avg_mhz": 1755.0,
        "prefill_neptune_gpu_sm_clock_max_mhz": 1755.0,
        "prefill_neptune_gpu_sm_clock_min_mhz": 1755.0,
        "prefill_neptune_gpu_memory_used_avg_mib": 38143.0,
        "prefill_neptune_gpu_memory_used_max_mib": 38143.0,
        "prefill_neptune_gpu_mem_util_avg_pct": 2.924731,
        "prefill_neptune_gpu_mem_util_max_pct": 41.0,
        "prefill_neptune_gpu_power_limit_avg_w": 350.0,
        "prefill_neptune_gpu_power_limit_max_w": 350.0,
        "prefill_neptune_gpu_mem_clock_avg_mhz": 9001.0,
        "prefill_neptune_gpu_mem_clock_max_mhz": 9001.0,
        "prefill_neptune_gpu_temperature_avg_c": 29.430108,
        "prefill_neptune_gpu_temperature_max_c": 32.0,
        "prefill_neptune_network_rx_bytes": 10317108.0,
        "prefill_neptune_network_tx_bytes": 4236427358.0,
        "prefill_neptune_gpu_pstate_mode": "P0",
        "gpu_stream_count": 8,
        "covered_gpu_stream_count": 8,
        "min_gpu_coverage_ratio": 1.0,
        "neptune_energy_j": 15251.550607,
        "ganymede_energy_j": 10362.485945,
        "combined_energy_j": 25614.036552,
        "combined_avg_power_w": 465.818822,
        "energy_per_request_j": 106.725152
      }
    },
    {
      "workload": {
        "seq": 8,
        "workload_id": "decode_heavy_capacity",
        "input_len": 32,
        "output_len": 512,
        "configured_request_rate_rps": 4.0,
        "decision_status": "OVERLOAD_FALLBACK",
        "decision_mode": "overload_min_slo_violation",
        "num_candidates": 100,
        "num_safe": 0
      },
      "decision": {
        "status": "OVERLOAD_FALLBACK",
        "decision_mode": "overload_min_slo_violation",
        "selection_criterion": "min predicted union of latency-SLO and saturation violation probabilities",
        "policy": "latency_plus_saturation",
        "placement": "l40s-prefill-l4-decode",
        "workload": {
          "il": 32,
          "ol": 512,
          "rate": 4.0
        },
        "instances": {
          "prefill": 4,
          "decode": 4
        },
        "slos": {
          "ttft_ms": 500,
          "tpot_ms": 200
        },
        "kv_transfer_model": {
          "enabled": true,
          "formula": "T_kv = input_tokens * (2 * layers * num_kv_heads * head_dim * bytes_per_element) * 8 / effective_bandwidth_gbps",
          "ttft_formula": "predicted_p99_ttft = predicted_p99_queue_plus_prefill + T_kv + T_dispatch",
          "input_tokens": 32,
          "num_layers": 32,
          "num_kv_heads": 8,
          "head_dim": 128,
          "bytes_per_element": 2,
          "kv_bytes_per_token": 131072,
          "kv_total_bytes": 4194304,
          "effective_bandwidth_gbps": 24.076,
          "kv_transfer_ms": 1.393688,
          "dispatch_ms": 0.0
        },
        "saturation_threshold": 0.3,
        "tp_per_role": 1,
        "recommended": {
          "prefill": {
            "phase": "prefill",
            "gpu_type": "l40s",
            "node_group": "neptune",
            "tp": 1,
            "freq_mhz": 2265,
            "rec_freq_mhz": 2265,
            "is_safe": true,
            "p_violate": 0.002,
            "rho_phase": 0.0089,
            "rho_total": 0.0515,
            "latency_ms": 88.9,
            "power_per_gpu_w": 258.1,
            "total_power_w": 258.1,
            "p99_ttft_ms": 90.3,
            "p_saturated": 0.088827,
            "p_saturated_min": 0.063998,
            "p_saturated_max": 0.131624,
            "saturation_threshold": 0.3,
            "saturation_safe": true,
            "per_seed": [
              {
                "seed": 3,
                "probability": 0.080247
              },
              {
                "seed": 7,
                "probability": 0.063998
              },
              {
                "seed": 11,
                "probability": 0.084766
              },
              {
                "seed": 19,
                "probability": 0.083499
              },
              {
                "seed": 23,
                "probability": 0.131624
              }
            ],
            "instance_count": 4,
            "effective_request_rate_per_instance": 1.0,
            "p99_queue_plus_prefill_ms": 88.9,
            "kv_transfer_ms": 1.393688,
            "dispatch_ms": 0.0,
            "ttft_components_ms": {
              "queue_plus_prefill": 88.9,
              "kv_transfer": 1.393688,
              "dispatch": 0.0,
              "total": 90.3
            }
          },
          "decode": {
            "phase": "decode",
            "gpu_type": "l4",
            "node_group": "ganymede",
            "tp": 1,
            "freq_mhz": 2040,
            "rec_freq_mhz": 2040,
            "is_safe": true,
            "p_violate": 0.0007,
            "rho_phase": 0.1458,
            "rho_total": 0.1761,
            "latency_ms": 61.8,
            "power_per_gpu_w": 70.2,
            "total_power_w": 70.2,
            "p99_tpot_ms": 61.8,
            "p_saturated": 0.685124,
            "p_saturated_min": 0.600892,
            "p_saturated_max": 0.754247,
            "saturation_threshold": 0.3,
            "saturation_safe": false,
            "per_seed": [
              {
                "seed": 3,
                "probability": 0.74732
              },
              {
                "seed": 7,
                "probability": 0.64524
              },
              {
                "seed": 11,
                "probability": 0.600892
              },
              {
                "seed": 19,
                "probability": 0.754247
              },
              {
                "seed": 23,
                "probability": 0.677921
              }
            ],
            "instance_count": 4,
            "effective_request_rate_per_instance": 1.0
          },
          "latency_safe": true,
          "saturation_safe": false,
          "is_safe": false,
          "predicted_joint_latency_violation_probability": 0.002699,
          "predicted_joint_saturation_probability": 0.713093,
          "predicted_overload_violation_probability": 0.713868,
          "predicted_ttft_excess_ratio": 0.0,
          "predicted_tpot_excess_ratio": 0.0,
          "predicted_max_slo_excess_ratio": 0.0,
          "predicted_cluster_power_w": 1313.2,
          "predicted_energy_per_request_j": 328.3
        },
        "alternatives": [
          {
            "prefill": {
              "phase": "prefill",
              "gpu_type": "l40s",
              "node_group": "neptune",
              "tp": 1,
              "freq_mhz": 2520,
              "rec_freq_mhz": 2520,
              "is_safe": true,
              "p_violate": 0.002,
              "rho_phase": 0.007,
              "rho_total": 0.0405,
              "latency_ms": 86.0,
              "power_per_gpu_w": 279.7,
              "total_power_w": 279.7,
              "p99_ttft_ms": 87.4,
              "p_saturated": 0.089421,
              "p_saturated_min": 0.063998,
              "p_saturated_max": 0.131624,
              "saturation_threshold": 0.3,
              "saturation_safe": true,
              "per_seed": [
                {
                  "seed": 3,
                  "probability": 0.080247
                },
                {
                  "seed": 7,
                  "probability": 0.063998
                },
                {
                  "seed": 11,
                  "probability": 0.087737
                },
                {
                  "seed": 19,
                  "probability": 0.083499
                },
                {
                  "seed": 23,
                  "probability": 0.131624
                }
              ],
              "instance_count": 4,
              "effective_request_rate_per_instance": 1.0,
              "p99_queue_plus_prefill_ms": 86.0,
              "kv_transfer_ms": 1.393688,
              "dispatch_ms": 0.0,
              "ttft_components_ms": {
                "queue_plus_prefill": 86.0,
                "kv_transfer": 1.393688,
                "dispatch": 0.0,
                "total": 87.4
              }
            },
            "decode": {
              "phase": "decode",
              "gpu_type": "l4",
              "node_group": "ganymede",
              "tp": 1,
              "freq_mhz": 2040,
              "rec_freq_mhz": 2040,
              "is_safe": true,
              "p_violate": 0.0007,
              "rho_phase": 0.1458,
              "rho_total": 0.1761,
              "latency_ms": 61.8,
              "power_per_gpu_w": 70.2,
              "total_power_w": 70.2,
              "p99_tpot_ms": 61.8,
              "p_saturated": 0.685124,
              "p_saturated_min": 0.600892,
              "p_saturated_max": 0.754247,
              "saturation_threshold": 0.3,
              "saturation_safe": false,
              "per_seed": [
                {
                  "seed": 3,
                  "probability": 0.74732
                },
                {
                  "seed": 7,
                  "probability": 0.64524
                },
                {
                  "seed": 11,
                  "probability": 0.600892
                },
                {
                  "seed": 19,
                  "probability": 0.754247
                },
                {
                  "seed": 23,
                  "probability": 0.677921
                }
              ],
              "instance_count": 4,
              "effective_request_rate_per_instance": 1.0
            },
            "latency_safe": true,
            "saturation_safe": false,
            "is_safe": false,
            "predicted_joint_latency_violation_probability": 0.002699,
            "predicted_joint_saturation_probability": 0.713281,
            "predicted_overload_violation_probability": 0.714054,
            "predicted_ttft_excess_ratio": 0.0,
            "predicted_tpot_excess_ratio": 0.0,
            "predicted_max_slo_excess_ratio": 0.0,
            "predicted_cluster_power_w": 1399.6,
            "predicted_energy_per_request_j": 349.9
          },
          {
            "prefill": {
              "phase": "prefill",
              "gpu_type": "l40s",
              "node_group": "neptune",
              "tp": 1,
              "freq_mhz": 1755,
              "rec_freq_mhz": 1755,
              "is_safe": true,
              "p_violate": 0.002,
              "rho_phase": 0.0102,
              "rho_total": 0.0591,
              "latency_ms": 94.5,
              "power_per_gpu_w": 217.4,
              "total_power_w": 217.4,
              "p99_ttft_ms": 95.9,
              "p_saturated": 0.093938,
              "p_saturated_min": 0.063998,
              "p_saturated_max": 0.131624,
              "saturation_threshold": 0.3,
              "saturation_safe": true,
              "per_seed": [
                {
                  "seed": 3,
                  "probability": 0.080247
                },
                {
                  "seed": 7,
                  "probability": 0.063998
                },
                {
                  "seed": 11,
                  "probability": 0.110321
                },
                {
                  "seed": 19,
                  "probability": 0.083499
                },
                {
                  "seed": 23,
                  "probability": 0.131624
                }
              ],
              "instance_count": 4,
              "effective_request_rate_per_instance": 1.0,
              "p99_queue_plus_prefill_ms": 94.5,
              "kv_transfer_ms": 1.393688,
              "dispatch_ms": 0.0,
              "ttft_components_ms": {
                "queue_plus_prefill": 94.5,
                "kv_transfer": 1.393688,
                "dispatch": 0.0,
                "total": 95.9
              }
            },
            "decode": {
              "phase": "decode",
              "gpu_type": "l4",
              "node_group": "ganymede",
              "tp": 1,
              "freq_mhz": 2040,
              "rec_freq_mhz": 2040,
              "is_safe": true,
              "p_violate": 0.0007,
              "rho_phase": 0.1458,
              "rho_total": 0.1761,
              "latency_ms": 61.8,
              "power_per_gpu_w": 70.2,
              "total_power_w": 70.2,
              "p99_tpot_ms": 61.8,
              "p_saturated": 0.685124,
              "p_saturated_min": 0.600892,
              "p_saturated_max": 0.754247,
              "saturation_threshold": 0.3,
              "saturation_safe": false,
              "per_seed": [
                {
                  "seed": 3,
                  "probability": 0.74732
                },
                {
                  "seed": 7,
                  "probability": 0.64524
                },
                {
                  "seed": 11,
                  "probability": 0.600892
                },
                {
                  "seed": 19,
                  "probability": 0.754247
                },
                {
                  "seed": 23,
                  "probability": 0.677921
                }
              ],
              "instance_count": 4,
              "effective_request_rate_per_instance": 1.0
            },
            "latency_safe": true,
            "saturation_safe": false,
            "is_safe": false,
            "predicted_joint_latency_violation_probability": 0.002699,
            "predicted_joint_saturation_probability": 0.714703,
            "predicted_overload_violation_probability": 0.715473,
            "predicted_ttft_excess_ratio": 0.0,
            "predicted_tpot_excess_ratio": 0.0,
            "predicted_max_slo_excess_ratio": 0.0,
            "predicted_cluster_power_w": 1150.4,
            "predicted_energy_per_request_j": 287.6
          },
          {
            "prefill": {
              "phase": "prefill",
              "gpu_type": "l40s",
              "node_group": "neptune",
              "tp": 1,
              "freq_mhz": 2010,
              "rec_freq_mhz": 2010,
              "is_safe": true,
              "p_violate": 0.002,
              "rho_phase": 0.0094,
              "rho_total": 0.0547,
              "latency_ms": 91.5,
              "power_per_gpu_w": 222.1,
              "total_power_w": 222.1,
              "p99_ttft_ms": 92.9,
              "p_saturated": 0.093938,
              "p_saturated_min": 0.063998,
              "p_saturated_max": 0.131624,
              "saturation_threshold": 0.3,
              "saturation_safe": true,
              "per_seed": [
                {
                  "seed": 3,
                  "probability": 0.080247
                },
                {
                  "seed": 7,
                  "probability": 0.063998
                },
                {
                  "seed": 11,
                  "probability": 0.110321
                },
                {
                  "seed": 19,
                  "probability": 0.083499
                },
                {
                  "seed": 23,
                  "probability": 0.131624
                }
              ],
              "instance_count": 4,
              "effective_request_rate_per_instance": 1.0,
              "p99_queue_plus_prefill_ms": 91.5,
              "kv_transfer_ms": 1.393688,
              "dispatch_ms": 0.0,
              "ttft_components_ms": {
                "queue_plus_prefill": 91.5,
                "kv_transfer": 1.393688,
                "dispatch": 0.0,
                "total": 92.9
              }
            },
            "decode": {
              "phase": "decode",
              "gpu_type": "l4",
              "node_group": "ganymede",
              "tp": 1,
              "freq_mhz": 2040,
              "rec_freq_mhz": 2040,
              "is_safe": true,
              "p_violate": 0.0007,
              "rho_phase": 0.1458,
              "rho_total": 0.1761,
              "latency_ms": 61.8,
              "power_per_gpu_w": 70.2,
              "total_power_w": 70.2,
              "p99_tpot_ms": 61.8,
              "p_saturated": 0.685124,
              "p_saturated_min": 0.600892,
              "p_saturated_max": 0.754247,
              "saturation_threshold": 0.3,
              "saturation_safe": false,
              "per_seed": [
                {
                  "seed": 3,
                  "probability": 0.74732
                },
                {
                  "seed": 7,
                  "probability": 0.64524
                },
                {
                  "seed": 11,
                  "probability": 0.600892
                },
                {
                  "seed": 19,
                  "probability": 0.754247
                },
                {
                  "seed": 23,
                  "probability": 0.677921
                }
              ],
              "instance_count": 4,
              "effective_request_rate_per_instance": 1.0
            },
            "latency_safe": true,
            "saturation_safe": false,
            "is_safe": false,
            "predicted_joint_latency_violation_probability": 0.002699,
            "predicted_joint_saturation_probability": 0.714703,
            "predicted_overload_violation_probability": 0.715473,
            "predicted_ttft_excess_ratio": 0.0,
            "predicted_tpot_excess_ratio": 0.0,
            "predicted_max_slo_excess_ratio": 0.0,
            "predicted_cluster_power_w": 1169.2,
            "predicted_energy_per_request_j": 292.3
          }
        ],
        "num_candidates": 100,
        "num_latency_safe": 80,
        "num_saturation_safe": 0,
        "num_safe": 0
      },
      "performance": {
        "successful_requests": 40,
        "failed_requests": 0,
        "benchmark_duration_s": 41.11,
        "request_throughput_rps": 0.97,
        "output_token_throughput_tps": 498.17,
        "total_token_throughput_tps": 528.33,
        "p99_ttft_ms": 266.49,
        "p99_tpot_ms": 60.58,
        "p99_itl_ms": 64.1,
        "throughput_ratio": 0.2425,
        "measured_saturated": null,
        "saturation_assessment": "INCONCLUSIVE_FINITE_POISSON",
        "ttft_slo_ok": true,
        "tpot_slo_ok": true
      },
      "telemetry": {
        "decode_ganymede_decode-2": {
          "samples": 128,
          "target_freq_mhz": 2040.0,
          "gpu_util_avg_pct": 43.75,
          "gpu_util_max_pct": 100.0,
          "gpu_power_avg_w": 47.6153125,
          "gpu_power_max_w": 72.2,
          "gpu_sm_clock_avg_mhz": 1869.140625,
          "gpu_sm_clock_max_mhz": 2040.0,
          "gpu_sm_clock_min_mhz": 1515.0,
          "gpu_memory_used_avg_mib": 19389.0,
          "gpu_memory_used_max_mib": 19389.0,
          "gpu_mem_util_avg_pct": 43.75,
          "gpu_mem_util_max_pct": 100.0,
          "gpu_power_limit_avg_w": 72.0,
          "gpu_power_limit_max_w": 72.0,
          "gpu_mem_clock_avg_mhz": 6251.0,
          "gpu_mem_clock_max_mhz": 6251.0,
          "gpu_temperature_avg_c": 58.203125,
          "gpu_temperature_max_c": 65.0,
          "network_rx_bytes": 184034593.0,
          "network_tx_bytes": 5952282.0,
          "gpu_pstate_mode": "P0"
        },
        "decode_ganymede_decode-3": {
          "samples": 128,
          "target_freq_mhz": 2040.0,
          "gpu_util_avg_pct": 78.890625,
          "gpu_util_max_pct": 100.0,
          "gpu_power_avg_w": 62.715546875,
          "gpu_power_max_w": 72.66,
          "gpu_sm_clock_avg_mhz": 1737.65625,
          "gpu_sm_clock_max_mhz": 2040.0,
          "gpu_sm_clock_min_mhz": 1545.0,
          "gpu_memory_used_avg_mib": 19389.0,
          "gpu_memory_used_max_mib": 19389.0,
          "gpu_mem_util_avg_pct": 78.90625,
          "gpu_mem_util_max_pct": 100.0,
          "gpu_power_limit_avg_w": 72.0,
          "gpu_power_limit_max_w": 72.0,
          "gpu_mem_clock_avg_mhz": 6251.0,
          "gpu_mem_clock_max_mhz": 6251.0,
          "gpu_temperature_avg_c": 49.421875,
          "gpu_temperature_max_c": 55.0,
          "network_rx_bytes": 184043602.0,
          "network_tx_bytes": 5952282.0,
          "gpu_pstate_mode": "P0"
        },
        "decode_ganymede_decode-4": {
          "samples": 127,
          "target_freq_mhz": 2040.0,
          "gpu_util_avg_pct": 43.30708661417323,
          "gpu_util_max_pct": 100.0,
          "gpu_power_avg_w": 47.21031496062992,
          "gpu_power_max_w": 72.2,
          "gpu_sm_clock_avg_mhz": 1903.8188976377953,
          "gpu_sm_clock_max_mhz": 2040.0,
          "gpu_sm_clock_min_mhz": 1605.0,
          "gpu_memory_used_avg_mib": 19505.0,
          "gpu_memory_used_max_mib": 19505.0,
          "gpu_mem_util_avg_pct": 43.30708661417323,
          "gpu_mem_util_max_pct": 100.0,
          "gpu_power_limit_avg_w": 72.0,
          "gpu_power_limit_max_w": 72.0,
          "gpu_mem_clock_avg_mhz": 6251.0,
          "gpu_mem_clock_max_mhz": 6251.0,
          "gpu_temperature_avg_c": 42.039370078740156,
          "gpu_temperature_max_c": 49.0,
          "network_rx_bytes": 184034593.0,
          "network_tx_bytes": 5922286.0,
          "gpu_pstate_mode": "P0"
        },
        "decode_ganymede": {
          "samples": 128,
          "target_freq_mhz": 2040.0,
          "gpu_util_avg_pct": 43.7421875,
          "gpu_util_max_pct": 100.0,
          "gpu_power_avg_w": 48.141171875,
          "gpu_power_max_w": 72.76,
          "gpu_sm_clock_avg_mhz": 1859.6484375,
          "gpu_sm_clock_max_mhz": 2040.0,
          "gpu_sm_clock_min_mhz": 1515.0,
          "gpu_memory_used_avg_mib": 19389.0,
          "gpu_memory_used_max_mib": 19389.0,
          "gpu_mem_util_avg_pct": 43.75,
          "gpu_mem_util_max_pct": 100.0,
          "gpu_power_limit_avg_w": 72.0,
          "gpu_power_limit_max_w": 72.0,
          "gpu_mem_clock_avg_mhz": 6251.0,
          "gpu_mem_clock_max_mhz": 6251.0,
          "gpu_temperature_avg_c": 58.6796875,
          "gpu_temperature_max_c": 66.0,
          "network_rx_bytes": 184043602.0,
          "network_tx_bytes": 5952282.0,
          "gpu_pstate_mode": "P0"
        },
        "prefill_neptune_prefill-2": {
          "samples": 146,
          "target_freq_mhz": 2265.0,
          "gpu_util_avg_pct": 0.1506849315068493,
          "gpu_util_max_pct": 22.0,
          "gpu_power_avg_w": 71.84712328767124,
          "gpu_power_max_w": 87.34,
          "gpu_sm_clock_avg_mhz": 2265.0,
          "gpu_sm_clock_max_mhz": 2265.0,
          "gpu_sm_clock_min_mhz": 2265.0,
          "gpu_memory_used_avg_mib": 38145.0,
          "gpu_memory_used_max_mib": 38145.0,
          "gpu_mem_util_avg_pct": 0.15753424657534246,
          "gpu_mem_util_max_pct": 23.0,
          "gpu_power_limit_avg_w": 350.0,
          "gpu_power_limit_max_w": 350.0,
          "gpu_mem_clock_avg_mhz": 9001.0,
          "gpu_mem_clock_max_mhz": 9001.0,
          "gpu_temperature_avg_c": 30.726027397260275,
          "gpu_temperature_max_c": 31.0,
          "network_rx_bytes": 1374748.0,
          "network_tx_bytes": 183036176.0,
          "gpu_pstate_mode": "P0"
        },
        "prefill_neptune_prefill-3": {
          "samples": 146,
          "target_freq_mhz": 2265.0,
          "gpu_util_avg_pct": 0.4041095890410959,
          "gpu_util_max_pct": 43.0,
          "gpu_power_avg_w": 70.10589041095889,
          "gpu_power_max_w": 81.87,
          "gpu_sm_clock_avg_mhz": 2265.0,
          "gpu_sm_clock_max_mhz": 2265.0,
          "gpu_sm_clock_min_mhz": 2265.0,
          "gpu_memory_used_avg_mib": 38135.0,
          "gpu_memory_used_max_mib": 38135.0,
          "gpu_mem_util_avg_pct": 0.4178082191780822,
          "gpu_mem_util_max_pct": 45.0,
          "gpu_power_limit_avg_w": 350.0,
          "gpu_power_limit_max_w": 350.0,
          "gpu_mem_clock_avg_mhz": 9001.0,
          "gpu_mem_clock_max_mhz": 9001.0,
          "gpu_temperature_avg_c": 30.02054794520548,
          "gpu_temperature_max_c": 31.0,
          "network_rx_bytes": 1374748.0,
          "network_tx_bytes": 183036176.0,
          "gpu_pstate_mode": "P0"
        },
        "prefill_neptune_prefill-4": {
          "samples": 146,
          "target_freq_mhz": 2265.0,
          "gpu_util_avg_pct": 0.0,
          "gpu_util_max_pct": 0.0,
          "gpu_power_avg_w": 71.23815068493151,
          "gpu_power_max_w": 82.9,
          "gpu_sm_clock_avg_mhz": 2265.0,
          "gpu_sm_clock_max_mhz": 2265.0,
          "gpu_sm_clock_min_mhz": 2265.0,
          "gpu_memory_used_avg_mib": 37837.0,
          "gpu_memory_used_max_mib": 37837.0,
          "gpu_mem_util_avg_pct": 0.0,
          "gpu_mem_util_max_pct": 0.0,
          "gpu_power_limit_avg_w": 350.0,
          "gpu_power_limit_max_w": 350.0,
          "gpu_mem_clock_avg_mhz": 9001.0,
          "gpu_mem_clock_max_mhz": 9001.0,
          "gpu_temperature_avg_c": 30.0,
          "gpu_temperature_max_c": 30.0,
          "network_rx_bytes": 1377756.0,
          "network_tx_bytes": 183036730.0,
          "gpu_pstate_mode": "P0"
        },
        "prefill_neptune": {
          "samples": 146,
          "target_freq_mhz": 2265.0,
          "gpu_util_avg_pct": 0.15753424657534246,
          "gpu_util_max_pct": 23.0,
          "gpu_power_avg_w": 69.2013698630137,
          "gpu_power_max_w": 82.83,
          "gpu_sm_clock_avg_mhz": 2265.0,
          "gpu_sm_clock_max_mhz": 2265.0,
          "gpu_sm_clock_min_mhz": 2265.0,
          "gpu_memory_used_avg_mib": 38143.0,
          "gpu_memory_used_max_mib": 38143.0,
          "gpu_mem_util_avg_pct": 0.1643835616438356,
          "gpu_mem_util_max_pct": 24.0,
          "gpu_power_limit_avg_w": 350.0,
          "gpu_power_limit_max_w": 350.0,
          "gpu_mem_clock_avg_mhz": 9001.0,
          "gpu_mem_clock_max_mhz": 9001.0,
          "gpu_temperature_avg_c": 30.0,
          "gpu_temperature_max_c": 30.0,
          "network_rx_bytes": 1377756.0,
          "network_tx_bytes": 183036730.0,
          "gpu_pstate_mode": "P0"
        }
      },
      "energy": {
        "gpu_stream_count": 8,
        "covered_gpu_stream_count": 8,
        "min_gpu_coverage_ratio": 1.0,
        "neptune_energy_j": 24150.902062820198,
        "ganymede_energy_j": 17971.601051552665,
        "combined_energy_j": 42122.50311437286,
        "combined_avg_power_w": 492.730021705179,
        "energy_per_request_j": 1053.0625778593217
      },
      "summary": {
        "seq": 8,
        "workload_id": "decode_heavy_capacity",
        "input_len": 32,
        "output_len": 512,
        "configured_request_rate_rps": 4.0,
        "decision_status": "OVERLOAD_FALLBACK",
        "decision_mode": "overload_min_slo_violation",
        "num_candidates": 100,
        "num_safe": 0,
        "recommended_is_safe": false,
        "prefill_gpu": "l40s",
        "prefill_instances": 4,
        "prefill_request_rate_per_instance_rps": 1.0,
        "prefill_target_freq_mhz": 2265,
        "prefill_predicted_p99_ttft_ms": 90.3,
        "prefill_predicted_p99_queue_plus_prefill_ms": 88.9,
        "predicted_kv_transfer_ms": 1.393688,
        "predicted_dispatch_ms": 0.0,
        "kv_bytes_per_token": 131072,
        "kv_total_bytes": 4194304,
        "kv_effective_bandwidth_gbps": 24.076,
        "prefill_predicted_p_saturated": 0.088827,
        "decode_gpu": "l4",
        "decode_instances": 4,
        "decode_request_rate_per_instance_rps": 1.0,
        "decode_target_freq_mhz": 2040,
        "decode_predicted_p99_tpot_ms": 61.8,
        "decode_predicted_p_saturated": 0.685124,
        "predicted_cluster_power_w": 1313.2,
        "actual_successful_requests": 40,
        "actual_failed_requests": 0,
        "actual_benchmark_duration_s": 41.11,
        "actual_request_throughput_rps": 0.97,
        "actual_output_token_throughput_tps": 498.17,
        "actual_total_token_throughput_tps": 528.33,
        "actual_p99_ttft_ms": 266.49,
        "actual_p99_tpot_ms": 60.58,
        "actual_p99_itl_ms": 64.1,
        "actual_throughput_ratio": 0.2425,
        "actual_measured_saturated": null,
        "actual_saturation_assessment": "INCONCLUSIVE_FINITE_POISSON",
        "actual_ttft_slo_ok": true,
        "actual_tpot_slo_ok": true,
        "decode_ganymede_decode-2_samples": 128,
        "decode_ganymede_decode-2_target_freq_mhz": 2040.0,
        "decode_ganymede_decode-2_gpu_util_avg_pct": 43.75,
        "decode_ganymede_decode-2_gpu_util_max_pct": 100.0,
        "decode_ganymede_decode-2_gpu_power_avg_w": 47.615313,
        "decode_ganymede_decode-2_gpu_power_max_w": 72.2,
        "decode_ganymede_decode-2_gpu_sm_clock_avg_mhz": 1869.140625,
        "decode_ganymede_decode-2_gpu_sm_clock_max_mhz": 2040.0,
        "decode_ganymede_decode-2_gpu_sm_clock_min_mhz": 1515.0,
        "decode_ganymede_decode-2_gpu_memory_used_avg_mib": 19389.0,
        "decode_ganymede_decode-2_gpu_memory_used_max_mib": 19389.0,
        "decode_ganymede_decode-2_gpu_mem_util_avg_pct": 43.75,
        "decode_ganymede_decode-2_gpu_mem_util_max_pct": 100.0,
        "decode_ganymede_decode-2_gpu_power_limit_avg_w": 72.0,
        "decode_ganymede_decode-2_gpu_power_limit_max_w": 72.0,
        "decode_ganymede_decode-2_gpu_mem_clock_avg_mhz": 6251.0,
        "decode_ganymede_decode-2_gpu_mem_clock_max_mhz": 6251.0,
        "decode_ganymede_decode-2_gpu_temperature_avg_c": 58.203125,
        "decode_ganymede_decode-2_gpu_temperature_max_c": 65.0,
        "decode_ganymede_decode-2_network_rx_bytes": 184034593.0,
        "decode_ganymede_decode-2_network_tx_bytes": 5952282.0,
        "decode_ganymede_decode-2_gpu_pstate_mode": "P0",
        "decode_ganymede_decode-3_samples": 128,
        "decode_ganymede_decode-3_target_freq_mhz": 2040.0,
        "decode_ganymede_decode-3_gpu_util_avg_pct": 78.890625,
        "decode_ganymede_decode-3_gpu_util_max_pct": 100.0,
        "decode_ganymede_decode-3_gpu_power_avg_w": 62.715547,
        "decode_ganymede_decode-3_gpu_power_max_w": 72.66,
        "decode_ganymede_decode-3_gpu_sm_clock_avg_mhz": 1737.65625,
        "decode_ganymede_decode-3_gpu_sm_clock_max_mhz": 2040.0,
        "decode_ganymede_decode-3_gpu_sm_clock_min_mhz": 1545.0,
        "decode_ganymede_decode-3_gpu_memory_used_avg_mib": 19389.0,
        "decode_ganymede_decode-3_gpu_memory_used_max_mib": 19389.0,
        "decode_ganymede_decode-3_gpu_mem_util_avg_pct": 78.90625,
        "decode_ganymede_decode-3_gpu_mem_util_max_pct": 100.0,
        "decode_ganymede_decode-3_gpu_power_limit_avg_w": 72.0,
        "decode_ganymede_decode-3_gpu_power_limit_max_w": 72.0,
        "decode_ganymede_decode-3_gpu_mem_clock_avg_mhz": 6251.0,
        "decode_ganymede_decode-3_gpu_mem_clock_max_mhz": 6251.0,
        "decode_ganymede_decode-3_gpu_temperature_avg_c": 49.421875,
        "decode_ganymede_decode-3_gpu_temperature_max_c": 55.0,
        "decode_ganymede_decode-3_network_rx_bytes": 184043602.0,
        "decode_ganymede_decode-3_network_tx_bytes": 5952282.0,
        "decode_ganymede_decode-3_gpu_pstate_mode": "P0",
        "decode_ganymede_decode-4_samples": 127,
        "decode_ganymede_decode-4_target_freq_mhz": 2040.0,
        "decode_ganymede_decode-4_gpu_util_avg_pct": 43.307087,
        "decode_ganymede_decode-4_gpu_util_max_pct": 100.0,
        "decode_ganymede_decode-4_gpu_power_avg_w": 47.210315,
        "decode_ganymede_decode-4_gpu_power_max_w": 72.2,
        "decode_ganymede_decode-4_gpu_sm_clock_avg_mhz": 1903.818898,
        "decode_ganymede_decode-4_gpu_sm_clock_max_mhz": 2040.0,
        "decode_ganymede_decode-4_gpu_sm_clock_min_mhz": 1605.0,
        "decode_ganymede_decode-4_gpu_memory_used_avg_mib": 19505.0,
        "decode_ganymede_decode-4_gpu_memory_used_max_mib": 19505.0,
        "decode_ganymede_decode-4_gpu_mem_util_avg_pct": 43.307087,
        "decode_ganymede_decode-4_gpu_mem_util_max_pct": 100.0,
        "decode_ganymede_decode-4_gpu_power_limit_avg_w": 72.0,
        "decode_ganymede_decode-4_gpu_power_limit_max_w": 72.0,
        "decode_ganymede_decode-4_gpu_mem_clock_avg_mhz": 6251.0,
        "decode_ganymede_decode-4_gpu_mem_clock_max_mhz": 6251.0,
        "decode_ganymede_decode-4_gpu_temperature_avg_c": 42.03937,
        "decode_ganymede_decode-4_gpu_temperature_max_c": 49.0,
        "decode_ganymede_decode-4_network_rx_bytes": 184034593.0,
        "decode_ganymede_decode-4_network_tx_bytes": 5922286.0,
        "decode_ganymede_decode-4_gpu_pstate_mode": "P0",
        "decode_ganymede_samples": 128,
        "decode_ganymede_target_freq_mhz": 2040.0,
        "decode_ganymede_gpu_util_avg_pct": 43.742188,
        "decode_ganymede_gpu_util_max_pct": 100.0,
        "decode_ganymede_gpu_power_avg_w": 48.141172,
        "decode_ganymede_gpu_power_max_w": 72.76,
        "decode_ganymede_gpu_sm_clock_avg_mhz": 1859.648438,
        "decode_ganymede_gpu_sm_clock_max_mhz": 2040.0,
        "decode_ganymede_gpu_sm_clock_min_mhz": 1515.0,
        "decode_ganymede_gpu_memory_used_avg_mib": 19389.0,
        "decode_ganymede_gpu_memory_used_max_mib": 19389.0,
        "decode_ganymede_gpu_mem_util_avg_pct": 43.75,
        "decode_ganymede_gpu_mem_util_max_pct": 100.0,
        "decode_ganymede_gpu_power_limit_avg_w": 72.0,
        "decode_ganymede_gpu_power_limit_max_w": 72.0,
        "decode_ganymede_gpu_mem_clock_avg_mhz": 6251.0,
        "decode_ganymede_gpu_mem_clock_max_mhz": 6251.0,
        "decode_ganymede_gpu_temperature_avg_c": 58.679688,
        "decode_ganymede_gpu_temperature_max_c": 66.0,
        "decode_ganymede_network_rx_bytes": 184043602.0,
        "decode_ganymede_network_tx_bytes": 5952282.0,
        "decode_ganymede_gpu_pstate_mode": "P0",
        "prefill_neptune_prefill-2_samples": 146,
        "prefill_neptune_prefill-2_target_freq_mhz": 2265.0,
        "prefill_neptune_prefill-2_gpu_util_avg_pct": 0.150685,
        "prefill_neptune_prefill-2_gpu_util_max_pct": 22.0,
        "prefill_neptune_prefill-2_gpu_power_avg_w": 71.847123,
        "prefill_neptune_prefill-2_gpu_power_max_w": 87.34,
        "prefill_neptune_prefill-2_gpu_sm_clock_avg_mhz": 2265.0,
        "prefill_neptune_prefill-2_gpu_sm_clock_max_mhz": 2265.0,
        "prefill_neptune_prefill-2_gpu_sm_clock_min_mhz": 2265.0,
        "prefill_neptune_prefill-2_gpu_memory_used_avg_mib": 38145.0,
        "prefill_neptune_prefill-2_gpu_memory_used_max_mib": 38145.0,
        "prefill_neptune_prefill-2_gpu_mem_util_avg_pct": 0.157534,
        "prefill_neptune_prefill-2_gpu_mem_util_max_pct": 23.0,
        "prefill_neptune_prefill-2_gpu_power_limit_avg_w": 350.0,
        "prefill_neptune_prefill-2_gpu_power_limit_max_w": 350.0,
        "prefill_neptune_prefill-2_gpu_mem_clock_avg_mhz": 9001.0,
        "prefill_neptune_prefill-2_gpu_mem_clock_max_mhz": 9001.0,
        "prefill_neptune_prefill-2_gpu_temperature_avg_c": 30.726027,
        "prefill_neptune_prefill-2_gpu_temperature_max_c": 31.0,
        "prefill_neptune_prefill-2_network_rx_bytes": 1374748.0,
        "prefill_neptune_prefill-2_network_tx_bytes": 183036176.0,
        "prefill_neptune_prefill-2_gpu_pstate_mode": "P0",
        "prefill_neptune_prefill-3_samples": 146,
        "prefill_neptune_prefill-3_target_freq_mhz": 2265.0,
        "prefill_neptune_prefill-3_gpu_util_avg_pct": 0.40411,
        "prefill_neptune_prefill-3_gpu_util_max_pct": 43.0,
        "prefill_neptune_prefill-3_gpu_power_avg_w": 70.10589,
        "prefill_neptune_prefill-3_gpu_power_max_w": 81.87,
        "prefill_neptune_prefill-3_gpu_sm_clock_avg_mhz": 2265.0,
        "prefill_neptune_prefill-3_gpu_sm_clock_max_mhz": 2265.0,
        "prefill_neptune_prefill-3_gpu_sm_clock_min_mhz": 2265.0,
        "prefill_neptune_prefill-3_gpu_memory_used_avg_mib": 38135.0,
        "prefill_neptune_prefill-3_gpu_memory_used_max_mib": 38135.0,
        "prefill_neptune_prefill-3_gpu_mem_util_avg_pct": 0.417808,
        "prefill_neptune_prefill-3_gpu_mem_util_max_pct": 45.0,
        "prefill_neptune_prefill-3_gpu_power_limit_avg_w": 350.0,
        "prefill_neptune_prefill-3_gpu_power_limit_max_w": 350.0,
        "prefill_neptune_prefill-3_gpu_mem_clock_avg_mhz": 9001.0,
        "prefill_neptune_prefill-3_gpu_mem_clock_max_mhz": 9001.0,
        "prefill_neptune_prefill-3_gpu_temperature_avg_c": 30.020548,
        "prefill_neptune_prefill-3_gpu_temperature_max_c": 31.0,
        "prefill_neptune_prefill-3_network_rx_bytes": 1374748.0,
        "prefill_neptune_prefill-3_network_tx_bytes": 183036176.0,
        "prefill_neptune_prefill-3_gpu_pstate_mode": "P0",
        "prefill_neptune_prefill-4_samples": 146,
        "prefill_neptune_prefill-4_target_freq_mhz": 2265.0,
        "prefill_neptune_prefill-4_gpu_util_avg_pct": 0.0,
        "prefill_neptune_prefill-4_gpu_util_max_pct": 0.0,
        "prefill_neptune_prefill-4_gpu_power_avg_w": 71.238151,
        "prefill_neptune_prefill-4_gpu_power_max_w": 82.9,
        "prefill_neptune_prefill-4_gpu_sm_clock_avg_mhz": 2265.0,
        "prefill_neptune_prefill-4_gpu_sm_clock_max_mhz": 2265.0,
        "prefill_neptune_prefill-4_gpu_sm_clock_min_mhz": 2265.0,
        "prefill_neptune_prefill-4_gpu_memory_used_avg_mib": 37837.0,
        "prefill_neptune_prefill-4_gpu_memory_used_max_mib": 37837.0,
        "prefill_neptune_prefill-4_gpu_mem_util_avg_pct": 0.0,
        "prefill_neptune_prefill-4_gpu_mem_util_max_pct": 0.0,
        "prefill_neptune_prefill-4_gpu_power_limit_avg_w": 350.0,
        "prefill_neptune_prefill-4_gpu_power_limit_max_w": 350.0,
        "prefill_neptune_prefill-4_gpu_mem_clock_avg_mhz": 9001.0,
        "prefill_neptune_prefill-4_gpu_mem_clock_max_mhz": 9001.0,
        "prefill_neptune_prefill-4_gpu_temperature_avg_c": 30.0,
        "prefill_neptune_prefill-4_gpu_temperature_max_c": 30.0,
        "prefill_neptune_prefill-4_network_rx_bytes": 1377756.0,
        "prefill_neptune_prefill-4_network_tx_bytes": 183036730.0,
        "prefill_neptune_prefill-4_gpu_pstate_mode": "P0",
        "prefill_neptune_samples": 146,
        "prefill_neptune_target_freq_mhz": 2265.0,
        "prefill_neptune_gpu_util_avg_pct": 0.157534,
        "prefill_neptune_gpu_util_max_pct": 23.0,
        "prefill_neptune_gpu_power_avg_w": 69.20137,
        "prefill_neptune_gpu_power_max_w": 82.83,
        "prefill_neptune_gpu_sm_clock_avg_mhz": 2265.0,
        "prefill_neptune_gpu_sm_clock_max_mhz": 2265.0,
        "prefill_neptune_gpu_sm_clock_min_mhz": 2265.0,
        "prefill_neptune_gpu_memory_used_avg_mib": 38143.0,
        "prefill_neptune_gpu_memory_used_max_mib": 38143.0,
        "prefill_neptune_gpu_mem_util_avg_pct": 0.164384,
        "prefill_neptune_gpu_mem_util_max_pct": 24.0,
        "prefill_neptune_gpu_power_limit_avg_w": 350.0,
        "prefill_neptune_gpu_power_limit_max_w": 350.0,
        "prefill_neptune_gpu_mem_clock_avg_mhz": 9001.0,
        "prefill_neptune_gpu_mem_clock_max_mhz": 9001.0,
        "prefill_neptune_gpu_temperature_avg_c": 30.0,
        "prefill_neptune_gpu_temperature_max_c": 30.0,
        "prefill_neptune_network_rx_bytes": 1377756.0,
        "prefill_neptune_network_tx_bytes": 183036730.0,
        "prefill_neptune_gpu_pstate_mode": "P0",
        "gpu_stream_count": 8,
        "covered_gpu_stream_count": 8,
        "min_gpu_coverage_ratio": 1.0,
        "neptune_energy_j": 24150.902063,
        "ganymede_energy_j": 17971.601052,
        "combined_energy_j": 42122.503114,
        "combined_avg_power_w": 492.730022,
        "energy_per_request_j": 1053.062578
      }
    },
    {
      "workload": {
        "seq": 9,
        "workload_id": "long_prompt_capacity",
        "input_len": 1024,
        "output_len": 128,
        "configured_request_rate_rps": 8.0,
        "decision_status": "OVERLOAD_FALLBACK",
        "decision_mode": "overload_min_slo_violation",
        "num_candidates": 100,
        "num_safe": 0
      },
      "decision": {
        "status": "OVERLOAD_FALLBACK",
        "decision_mode": "overload_min_slo_violation",
        "selection_criterion": "min predicted union of latency-SLO and saturation violation probabilities",
        "policy": "latency_plus_saturation",
        "placement": "l40s-prefill-l4-decode",
        "workload": {
          "il": 1024,
          "ol": 128,
          "rate": 8.0
        },
        "instances": {
          "prefill": 4,
          "decode": 4
        },
        "slos": {
          "ttft_ms": 500,
          "tpot_ms": 200
        },
        "kv_transfer_model": {
          "enabled": true,
          "formula": "T_kv = input_tokens * (2 * layers * num_kv_heads * head_dim * bytes_per_element) * 8 / effective_bandwidth_gbps",
          "ttft_formula": "predicted_p99_ttft = predicted_p99_queue_plus_prefill + T_kv + T_dispatch",
          "input_tokens": 1024,
          "num_layers": 32,
          "num_kv_heads": 8,
          "head_dim": 128,
          "bytes_per_element": 2,
          "kv_bytes_per_token": 131072,
          "kv_total_bytes": 134217728,
          "effective_bandwidth_gbps": 24.076,
          "kv_transfer_ms": 44.598016,
          "dispatch_ms": 0.0
        },
        "saturation_threshold": 0.3,
        "tp_per_role": 1,
        "recommended": {
          "prefill": {
            "phase": "prefill",
            "gpu_type": "l40s",
            "node_group": "neptune",
            "tp": 1,
            "freq_mhz": 1755,
            "rec_freq_mhz": 1755,
            "is_safe": true,
            "p_violate": 0.0566,
            "rho_phase": 0.3628,
            "rho_total": 0.3764,
            "latency_ms": 326.0,
            "power_per_gpu_w": 204.5,
            "total_power_w": 204.5,
            "p99_ttft_ms": 370.6,
            "p_saturated": 0.103149,
            "p_saturated_min": 0.067895,
            "p_saturated_max": 0.144232,
            "saturation_threshold": 0.3,
            "saturation_safe": true,
            "per_seed": [
              {
                "seed": 3,
                "probability": 0.097785
              },
              {
                "seed": 7,
                "probability": 0.067895
              },
              {
                "seed": 11,
                "probability": 0.119531
              },
              {
                "seed": 19,
                "probability": 0.086301
              },
              {
                "seed": 23,
                "probability": 0.144232
              }
            ],
            "instance_count": 4,
            "effective_request_rate_per_instance": 2.0,
            "p99_queue_plus_prefill_ms": 326.0,
            "kv_transfer_ms": 44.598016,
            "dispatch_ms": 0.0,
            "ttft_components_ms": {
              "queue_plus_prefill": 326.0,
              "kv_transfer": 44.598016,
              "dispatch": 0.0,
              "total": 370.6
            }
          },
          "decode": {
            "phase": "decode",
            "gpu_type": "l4",
            "node_group": "ganymede",
            "tp": 1,
            "freq_mhz": 2040,
            "rec_freq_mhz": 2040,
            "is_safe": false,
            "p_violate": 0.4163,
            "rho_phase": 0.0412,
            "rho_total": 1.1389,
            "latency_ms": 170.7,
            "power_per_gpu_w": 71.8,
            "total_power_w": 71.8,
            "p99_tpot_ms": 170.7,
            "p_saturated": 0.742426,
            "p_saturated_min": 0.643222,
            "p_saturated_max": 0.835972,
            "saturation_threshold": 0.3,
            "saturation_safe": false,
            "per_seed": [
              {
                "seed": 3,
                "probability": 0.643222
              },
              {
                "seed": 7,
                "probability": 0.720664
              },
              {
                "seed": 11,
                "probability": 0.765685
              },
              {
                "seed": 19,
                "probability": 0.74659
              },
              {
                "seed": 23,
                "probability": 0.835972
              }
            ],
            "instance_count": 4,
            "effective_request_rate_per_instance": 2.0
          },
          "latency_safe": false,
          "saturation_safe": false,
          "is_safe": false,
          "predicted_joint_latency_violation_probability": 0.449337,
          "predicted_joint_saturation_probability": 0.768995,
          "predicted_overload_violation_probability": 0.872794,
          "predicted_ttft_excess_ratio": 0.0,
          "predicted_tpot_excess_ratio": 0.0,
          "predicted_max_slo_excess_ratio": 0.0,
          "predicted_cluster_power_w": 1105.2,
          "predicted_energy_per_request_j": 138.15
        },
        "alternatives": [
          {
            "prefill": {
              "phase": "prefill",
              "gpu_type": "l40s",
              "node_group": "neptune",
              "tp": 1,
              "freq_mhz": 2010,
              "rec_freq_mhz": 2010,
              "is_safe": true,
              "p_violate": 0.0566,
              "rho_phase": 0.3446,
              "rho_total": 0.3575,
              "latency_ms": 316.6,
              "power_per_gpu_w": 209.2,
              "total_power_w": 209.2,
              "p99_ttft_ms": 361.2,
              "p_saturated": 0.103149,
              "p_saturated_min": 0.067895,
              "p_saturated_max": 0.144232,
              "saturation_threshold": 0.3,
              "saturation_safe": true,
              "per_seed": [
                {
                  "seed": 3,
                  "probability": 0.097785
                },
                {
                  "seed": 7,
                  "probability": 0.067895
                },
                {
                  "seed": 11,
                  "probability": 0.119531
                },
                {
                  "seed": 19,
                  "probability": 0.086301
                },
                {
                  "seed": 23,
                  "probability": 0.144232
                }
              ],
              "instance_count": 4,
              "effective_request_rate_per_instance": 2.0,
              "p99_queue_plus_prefill_ms": 316.6,
              "kv_transfer_ms": 44.598016,
              "dispatch_ms": 0.0,
              "ttft_components_ms": {
                "queue_plus_prefill": 316.6,
                "kv_transfer": 44.598016,
                "dispatch": 0.0,
                "total": 361.2
              }
            },
            "decode": {
              "phase": "decode",
              "gpu_type": "l4",
              "node_group": "ganymede",
              "tp": 1,
              "freq_mhz": 2040,
              "rec_freq_mhz": 2040,
              "is_safe": false,
              "p_violate": 0.4163,
              "rho_phase": 0.0412,
              "rho_total": 1.1389,
              "latency_ms": 170.7,
              "power_per_gpu_w": 71.8,
              "total_power_w": 71.8,
              "p99_tpot_ms": 170.7,
              "p_saturated": 0.742426,
              "p_saturated_min": 0.643222,
              "p_saturated_max": 0.835972,
              "saturation_threshold": 0.3,
              "saturation_safe": false,
              "per_seed": [
                {
                  "seed": 3,
                  "probability": 0.643222
                },
                {
                  "seed": 7,
                  "probability": 0.720664
                },
                {
                  "seed": 11,
                  "probability": 0.765685
                },
                {
                  "seed": 19,
                  "probability": 0.74659
                },
                {
                  "seed": 23,
                  "probability": 0.835972
                }
              ],
              "instance_count": 4,
              "effective_request_rate_per_instance": 2.0
            },
            "latency_safe": false,
            "saturation_safe": false,
            "is_safe": false,
            "predicted_joint_latency_violation_probability": 0.449337,
            "predicted_joint_saturation_probability": 0.768995,
            "predicted_overload_violation_probability": 0.872794,
            "predicted_ttft_excess_ratio": 0.0,
            "predicted_tpot_excess_ratio": 0.0,
            "predicted_max_slo_excess_ratio": 0.0,
            "predicted_cluster_power_w": 1124.0,
            "predicted_energy_per_request_j": 140.5
          },
          {
            "prefill": {
              "phase": "prefill",
              "gpu_type": "l40s",
              "node_group": "neptune",
              "tp": 1,
              "freq_mhz": 2265,
              "rec_freq_mhz": 2265,
              "is_safe": true,
              "p_violate": 0.0566,
              "rho_phase": 0.3376,
              "rho_total": 0.3503,
              "latency_ms": 313.3,
              "power_per_gpu_w": 227.8,
              "total_power_w": 227.8,
              "p99_ttft_ms": 357.9,
              "p_saturated": 0.103149,
              "p_saturated_min": 0.067895,
              "p_saturated_max": 0.144232,
              "saturation_threshold": 0.3,
              "saturation_safe": true,
              "per_seed": [
                {
                  "seed": 3,
                  "probability": 0.097785
                },
                {
                  "seed": 7,
                  "probability": 0.067895
                },
                {
                  "seed": 11,
                  "probability": 0.119531
                },
                {
                  "seed": 19,
                  "probability": 0.086301
                },
                {
                  "seed": 23,
                  "probability": 0.144232
                }
              ],
              "instance_count": 4,
              "effective_request_rate_per_instance": 2.0,
              "p99_queue_plus_prefill_ms": 313.3,
              "kv_transfer_ms": 44.598016,
              "dispatch_ms": 0.0,
              "ttft_components_ms": {
                "queue_plus_prefill": 313.3,
                "kv_transfer": 44.598016,
                "dispatch": 0.0,
                "total": 357.9
              }
            },
            "decode": {
              "phase": "decode",
              "gpu_type": "l4",
              "node_group": "ganymede",
              "tp": 1,
              "freq_mhz": 2040,
              "rec_freq_mhz": 2040,
              "is_safe": false,
              "p_violate": 0.4163,
              "rho_phase": 0.0412,
              "rho_total": 1.1389,
              "latency_ms": 170.7,
              "power_per_gpu_w": 71.8,
              "total_power_w": 71.8,
              "p99_tpot_ms": 170.7,
              "p_saturated": 0.742426,
              "p_saturated_min": 0.643222,
              "p_saturated_max": 0.835972,
              "saturation_threshold": 0.3,
              "saturation_safe": false,
              "per_seed": [
                {
                  "seed": 3,
                  "probability": 0.643222
                },
                {
                  "seed": 7,
                  "probability": 0.720664
                },
                {
                  "seed": 11,
                  "probability": 0.765685
                },
                {
                  "seed": 19,
                  "probability": 0.74659
                },
                {
                  "seed": 23,
                  "probability": 0.835972
                }
              ],
              "instance_count": 4,
              "effective_request_rate_per_instance": 2.0
            },
            "latency_safe": false,
            "saturation_safe": false,
            "is_safe": false,
            "predicted_joint_latency_violation_probability": 0.449337,
            "predicted_joint_saturation_probability": 0.768995,
            "predicted_overload_violation_probability": 0.872794,
            "predicted_ttft_excess_ratio": 0.0,
            "predicted_tpot_excess_ratio": 0.0,
            "predicted_max_slo_excess_ratio": 0.0,
            "predicted_cluster_power_w": 1198.4,
            "predicted_energy_per_request_j": 149.8
          },
          {
            "prefill": {
              "phase": "prefill",
              "gpu_type": "l40s",
              "node_group": "neptune",
              "tp": 1,
              "freq_mhz": 2520,
              "rec_freq_mhz": 2520,
              "is_safe": true,
              "p_violate": 0.0566,
              "rho_phase": 0.2712,
              "rho_total": 0.2813,
              "latency_ms": 292.2,
              "power_per_gpu_w": 258.8,
              "total_power_w": 258.8,
              "p99_ttft_ms": 336.8,
              "p_saturated": 0.103954,
              "p_saturated_min": 0.067895,
              "p_saturated_max": 0.144232,
              "saturation_threshold": 0.3,
              "saturation_safe": true,
              "per_seed": [
                {
                  "seed": 3,
                  "probability": 0.097785
                },
                {
                  "seed": 7,
                  "probability": 0.067895
                },
                {
                  "seed": 11,
                  "probability": 0.123556
                },
                {
                  "seed": 19,
                  "probability": 0.086301
                },
                {
                  "seed": 23,
                  "probability": 0.144232
                }
              ],
              "instance_count": 4,
              "effective_request_rate_per_instance": 2.0,
              "p99_queue_plus_prefill_ms": 292.2,
              "kv_transfer_ms": 44.598016,
              "dispatch_ms": 0.0,
              "ttft_components_ms": {
                "queue_plus_prefill": 292.2,
                "kv_transfer": 44.598016,
                "dispatch": 0.0,
                "total": 336.8
              }
            },
            "decode": {
              "phase": "decode",
              "gpu_type": "l4",
              "node_group": "ganymede",
              "tp": 1,
              "freq_mhz": 2040,
              "rec_freq_mhz": 2040,
              "is_safe": false,
              "p_violate": 0.4163,
              "rho_phase": 0.0412,
              "rho_total": 1.1389,
              "latency_ms": 170.7,
              "power_per_gpu_w": 71.8,
              "total_power_w": 71.8,
              "p99_tpot_ms": 170.7,
              "p_saturated": 0.742426,
              "p_saturated_min": 0.643222,
              "p_saturated_max": 0.835972,
              "saturation_threshold": 0.3,
              "saturation_safe": false,
              "per_seed": [
                {
                  "seed": 3,
                  "probability": 0.643222
                },
                {
                  "seed": 7,
                  "probability": 0.720664
                },
                {
                  "seed": 11,
                  "probability": 0.765685
                },
                {
                  "seed": 19,
                  "probability": 0.74659
                },
                {
                  "seed": 23,
                  "probability": 0.835972
                }
              ],
              "instance_count": 4,
              "effective_request_rate_per_instance": 2.0
            },
            "latency_safe": false,
            "saturation_safe": false,
            "is_safe": false,
            "predicted_joint_latency_violation_probability": 0.449337,
            "predicted_joint_saturation_probability": 0.769202,
            "predicted_overload_violation_probability": 0.872908,
            "predicted_ttft_excess_ratio": 0.0,
            "predicted_tpot_excess_ratio": 0.0,
            "predicted_max_slo_excess_ratio": 0.0,
            "predicted_cluster_power_w": 1322.4,
            "predicted_energy_per_request_j": 165.3
          }
        ],
        "num_candidates": 100,
        "num_latency_safe": 0,
        "num_saturation_safe": 0,
        "num_safe": 0
      },
      "performance": {
        "successful_requests": 80,
        "failed_requests": 0,
        "benchmark_duration_s": 18.92,
        "request_throughput_rps": 4.23,
        "output_token_throughput_tps": 541.21,
        "total_token_throughput_tps": 4866.68,
        "p99_ttft_ms": 591.84,
        "p99_tpot_ms": 71.57,
        "p99_itl_ms": 85.04,
        "throughput_ratio": 0.52875,
        "measured_saturated": null,
        "saturation_assessment": "INCONCLUSIVE_FINITE_POISSON",
        "ttft_slo_ok": false,
        "tpot_slo_ok": true
      },
      "telemetry": {
        "decode_ganymede_decode-2": {
          "samples": 65,
          "target_freq_mhz": 2040.0,
          "gpu_util_avg_pct": 38.44615384615385,
          "gpu_util_max_pct": 100.0,
          "gpu_power_avg_w": 45.85584615384616,
          "gpu_power_max_w": 72.54,
          "gpu_sm_clock_avg_mhz": 1844.3076923076924,
          "gpu_sm_clock_max_mhz": 2040.0,
          "gpu_sm_clock_min_mhz": 1350.0,
          "gpu_memory_used_avg_mib": 20101.615384615383,
          "gpu_memory_used_max_mib": 21709.0,
          "gpu_mem_util_avg_pct": 38.46153846153846,
          "gpu_mem_util_max_pct": 100.0,
          "gpu_power_limit_avg_w": 72.0,
          "gpu_power_limit_max_w": 72.0,
          "gpu_mem_clock_avg_mhz": 6251.0,
          "gpu_mem_clock_max_mhz": 6251.0,
          "gpu_temperature_avg_c": 61.41538461538462,
          "gpu_temperature_max_c": 66.0,
          "network_rx_bytes": 11379542332.0,
          "network_tx_bytes": 22352200.0,
          "gpu_pstate_mode": "P0"
        },
        "decode_ganymede_decode-3": {
          "samples": 65,
          "target_freq_mhz": 2040.0,
          "gpu_util_avg_pct": 39.87692307692308,
          "gpu_util_max_pct": 100.0,
          "gpu_power_avg_w": 44.913538461538465,
          "gpu_power_max_w": 72.37,
          "gpu_sm_clock_avg_mhz": 1867.8461538461538,
          "gpu_sm_clock_max_mhz": 2040.0,
          "gpu_sm_clock_min_mhz": 1410.0,
          "gpu_memory_used_avg_mib": 20070.846153846152,
          "gpu_memory_used_max_mib": 21709.0,
          "gpu_mem_util_avg_pct": 38.46153846153846,
          "gpu_mem_util_max_pct": 100.0,
          "gpu_power_limit_avg_w": 72.0,
          "gpu_power_limit_max_w": 72.0,
          "gpu_mem_clock_avg_mhz": 6251.0,
          "gpu_mem_clock_max_mhz": 6251.0,
          "gpu_temperature_avg_c": 49.4,
          "gpu_temperature_max_c": 53.0,
          "network_rx_bytes": 11379529718.0,
          "network_tx_bytes": 22322148.0,
          "gpu_pstate_mode": "P0"
        },
        "decode_ganymede_decode-4": {
          "samples": 65,
          "target_freq_mhz": 2040.0,
          "gpu_util_avg_pct": 55.36923076923077,
          "gpu_util_max_pct": 100.0,
          "gpu_power_avg_w": 52.62892307692308,
          "gpu_power_max_w": 72.54,
          "gpu_sm_clock_avg_mhz": 1789.8461538461538,
          "gpu_sm_clock_max_mhz": 2040.0,
          "gpu_sm_clock_min_mhz": 1260.0,
          "gpu_memory_used_avg_mib": 20231.46153846154,
          "gpu_memory_used_max_mib": 21825.0,
          "gpu_mem_util_avg_pct": 55.38461538461539,
          "gpu_mem_util_max_pct": 100.0,
          "gpu_power_limit_avg_w": 72.0,
          "gpu_power_limit_max_w": 72.0,
          "gpu_mem_clock_avg_mhz": 6251.0,
          "gpu_mem_clock_max_mhz": 6251.0,
          "gpu_temperature_avg_c": 45.84615384615385,
          "gpu_temperature_max_c": 50.0,
          "network_rx_bytes": 11379542332.0,
          "network_tx_bytes": 22352200.0,
          "gpu_pstate_mode": "P0"
        },
        "decode_ganymede": {
          "samples": 65,
          "target_freq_mhz": 2040.0,
          "gpu_util_avg_pct": 39.41538461538462,
          "gpu_util_max_pct": 100.0,
          "gpu_power_avg_w": 46.660769230769226,
          "gpu_power_max_w": 72.31,
          "gpu_sm_clock_avg_mhz": 1833.923076923077,
          "gpu_sm_clock_max_mhz": 2040.0,
          "gpu_sm_clock_min_mhz": 1335.0,
          "gpu_memory_used_avg_mib": 20084.076923076922,
          "gpu_memory_used_max_mib": 21709.0,
          "gpu_mem_util_avg_pct": 39.66153846153846,
          "gpu_mem_util_max_pct": 100.0,
          "gpu_power_limit_avg_w": 72.0,
          "gpu_power_limit_max_w": 72.0,
          "gpu_mem_clock_avg_mhz": 6251.0,
          "gpu_mem_clock_max_mhz": 6251.0,
          "gpu_temperature_avg_c": 62.16923076923077,
          "gpu_temperature_max_c": 67.0,
          "network_rx_bytes": 11379542332.0,
          "network_tx_bytes": 22352200.0,
          "gpu_pstate_mode": "P0"
        },
        "prefill_neptune_prefill-2": {
          "samples": 73,
          "target_freq_mhz": 1755.0,
          "gpu_util_avg_pct": 5.232876712328767,
          "gpu_util_max_pct": 75.0,
          "gpu_power_avg_w": 74.96150684931506,
          "gpu_power_max_w": 136.98,
          "gpu_sm_clock_avg_mhz": 1755.0,
          "gpu_sm_clock_max_mhz": 1755.0,
          "gpu_sm_clock_min_mhz": 1755.0,
          "gpu_memory_used_avg_mib": 38237.05479452055,
          "gpu_memory_used_max_mib": 38355.0,
          "gpu_mem_util_avg_pct": 2.0136986301369864,
          "gpu_mem_util_max_pct": 35.0,
          "gpu_power_limit_avg_w": 350.0,
          "gpu_power_limit_max_w": 350.0,
          "gpu_mem_clock_avg_mhz": 9001.0,
          "gpu_mem_clock_max_mhz": 9001.0,
          "gpu_temperature_avg_c": 30.65753424657534,
          "gpu_temperature_max_c": 37.0,
          "network_rx_bytes": 16405165.0,
          "network_tx_bytes": 11374767475.0,
          "gpu_pstate_mode": "P0"
        },
        "prefill_neptune_prefill-3": {
          "samples": 73,
          "target_freq_mhz": 1755.0,
          "gpu_util_avg_pct": 6.739726027397261,
          "gpu_util_max_pct": 84.0,
          "gpu_power_avg_w": 74.94931506849315,
          "gpu_power_max_w": 151.65,
          "gpu_sm_clock_avg_mhz": 1755.0,
          "gpu_sm_clock_max_mhz": 1755.0,
          "gpu_sm_clock_min_mhz": 1755.0,
          "gpu_memory_used_avg_mib": 38214.890410958906,
          "gpu_memory_used_max_mib": 38319.0,
          "gpu_mem_util_avg_pct": 2.684931506849315,
          "gpu_mem_util_max_pct": 38.0,
          "gpu_power_limit_avg_w": 350.0,
          "gpu_power_limit_max_w": 350.0,
          "gpu_mem_clock_avg_mhz": 9001.0,
          "gpu_mem_clock_max_mhz": 9001.0,
          "gpu_temperature_avg_c": 30.63013698630137,
          "gpu_temperature_max_c": 38.0,
          "network_rx_bytes": 16405165.0,
          "network_tx_bytes": 11374767475.0,
          "gpu_pstate_mode": "P0"
        },
        "prefill_neptune_prefill-4": {
          "samples": 73,
          "target_freq_mhz": 1755.0,
          "gpu_util_avg_pct": 7.287671232876712,
          "gpu_util_max_pct": 91.0,
          "gpu_power_avg_w": 77.12561643835616,
          "gpu_power_max_w": 156.03,
          "gpu_sm_clock_avg_mhz": 1755.0,
          "gpu_sm_clock_max_mhz": 1755.0,
          "gpu_sm_clock_min_mhz": 1755.0,
          "gpu_memory_used_avg_mib": 37931.739726027394,
          "gpu_memory_used_max_mib": 38005.0,
          "gpu_mem_util_avg_pct": 3.1095890410958904,
          "gpu_mem_util_max_pct": 43.0,
          "gpu_power_limit_avg_w": 350.0,
          "gpu_power_limit_max_w": 350.0,
          "gpu_mem_clock_avg_mhz": 9001.0,
          "gpu_mem_clock_max_mhz": 9001.0,
          "gpu_temperature_avg_c": 30.726027397260275,
          "gpu_temperature_max_c": 37.0,
          "network_rx_bytes": 16405165.0,
          "network_tx_bytes": 11374767475.0,
          "gpu_pstate_mode": "P0"
        },
        "prefill_neptune": {
          "samples": 74,
          "target_freq_mhz": 1755.0,
          "gpu_util_avg_pct": 5.594594594594595,
          "gpu_util_max_pct": 77.0,
          "gpu_power_avg_w": 73.71162162162162,
          "gpu_power_max_w": 135.85,
          "gpu_sm_clock_avg_mhz": 1755.0,
          "gpu_sm_clock_max_mhz": 1755.0,
          "gpu_sm_clock_min_mhz": 1755.0,
          "gpu_memory_used_avg_mib": 38224.2972972973,
          "gpu_memory_used_max_mib": 38327.0,
          "gpu_mem_util_avg_pct": 2.135135135135135,
          "gpu_mem_util_max_pct": 36.0,
          "gpu_power_limit_avg_w": 350.0,
          "gpu_power_limit_max_w": 350.0,
          "gpu_mem_clock_avg_mhz": 9001.0,
          "gpu_mem_clock_max_mhz": 9001.0,
          "gpu_temperature_avg_c": 30.27027027027027,
          "gpu_temperature_max_c": 38.0,
          "network_rx_bytes": 16412333.0,
          "network_tx_bytes": 11374791488.0,
          "gpu_pstate_mode": "P0"
        }
      },
      "energy": {
        "gpu_stream_count": 8,
        "covered_gpu_stream_count": 8,
        "min_gpu_coverage_ratio": 1.0,
        "neptune_energy_j": 12952.170893024797,
        "ganymede_energy_j": 8496.593389372152,
        "combined_energy_j": 21448.76428239695,
        "combined_avg_power_w": 496.4571860957118,
        "energy_per_request_j": 268.1095535299619
      },
      "summary": {
        "seq": 9,
        "workload_id": "long_prompt_capacity",
        "input_len": 1024,
        "output_len": 128,
        "configured_request_rate_rps": 8.0,
        "decision_status": "OVERLOAD_FALLBACK",
        "decision_mode": "overload_min_slo_violation",
        "num_candidates": 100,
        "num_safe": 0,
        "recommended_is_safe": false,
        "prefill_gpu": "l40s",
        "prefill_instances": 4,
        "prefill_request_rate_per_instance_rps": 2.0,
        "prefill_target_freq_mhz": 1755,
        "prefill_predicted_p99_ttft_ms": 370.6,
        "prefill_predicted_p99_queue_plus_prefill_ms": 326.0,
        "predicted_kv_transfer_ms": 44.598016,
        "predicted_dispatch_ms": 0.0,
        "kv_bytes_per_token": 131072,
        "kv_total_bytes": 134217728,
        "kv_effective_bandwidth_gbps": 24.076,
        "prefill_predicted_p_saturated": 0.103149,
        "decode_gpu": "l4",
        "decode_instances": 4,
        "decode_request_rate_per_instance_rps": 2.0,
        "decode_target_freq_mhz": 2040,
        "decode_predicted_p99_tpot_ms": 170.7,
        "decode_predicted_p_saturated": 0.742426,
        "predicted_cluster_power_w": 1105.2,
        "actual_successful_requests": 80,
        "actual_failed_requests": 0,
        "actual_benchmark_duration_s": 18.92,
        "actual_request_throughput_rps": 4.23,
        "actual_output_token_throughput_tps": 541.21,
        "actual_total_token_throughput_tps": 4866.68,
        "actual_p99_ttft_ms": 591.84,
        "actual_p99_tpot_ms": 71.57,
        "actual_p99_itl_ms": 85.04,
        "actual_throughput_ratio": 0.52875,
        "actual_measured_saturated": null,
        "actual_saturation_assessment": "INCONCLUSIVE_FINITE_POISSON",
        "actual_ttft_slo_ok": false,
        "actual_tpot_slo_ok": true,
        "decode_ganymede_decode-2_samples": 65,
        "decode_ganymede_decode-2_target_freq_mhz": 2040.0,
        "decode_ganymede_decode-2_gpu_util_avg_pct": 38.446154,
        "decode_ganymede_decode-2_gpu_util_max_pct": 100.0,
        "decode_ganymede_decode-2_gpu_power_avg_w": 45.855846,
        "decode_ganymede_decode-2_gpu_power_max_w": 72.54,
        "decode_ganymede_decode-2_gpu_sm_clock_avg_mhz": 1844.307692,
        "decode_ganymede_decode-2_gpu_sm_clock_max_mhz": 2040.0,
        "decode_ganymede_decode-2_gpu_sm_clock_min_mhz": 1350.0,
        "decode_ganymede_decode-2_gpu_memory_used_avg_mib": 20101.615385,
        "decode_ganymede_decode-2_gpu_memory_used_max_mib": 21709.0,
        "decode_ganymede_decode-2_gpu_mem_util_avg_pct": 38.461538,
        "decode_ganymede_decode-2_gpu_mem_util_max_pct": 100.0,
        "decode_ganymede_decode-2_gpu_power_limit_avg_w": 72.0,
        "decode_ganymede_decode-2_gpu_power_limit_max_w": 72.0,
        "decode_ganymede_decode-2_gpu_mem_clock_avg_mhz": 6251.0,
        "decode_ganymede_decode-2_gpu_mem_clock_max_mhz": 6251.0,
        "decode_ganymede_decode-2_gpu_temperature_avg_c": 61.415385,
        "decode_ganymede_decode-2_gpu_temperature_max_c": 66.0,
        "decode_ganymede_decode-2_network_rx_bytes": 11379542332.0,
        "decode_ganymede_decode-2_network_tx_bytes": 22352200.0,
        "decode_ganymede_decode-2_gpu_pstate_mode": "P0",
        "decode_ganymede_decode-3_samples": 65,
        "decode_ganymede_decode-3_target_freq_mhz": 2040.0,
        "decode_ganymede_decode-3_gpu_util_avg_pct": 39.876923,
        "decode_ganymede_decode-3_gpu_util_max_pct": 100.0,
        "decode_ganymede_decode-3_gpu_power_avg_w": 44.913538,
        "decode_ganymede_decode-3_gpu_power_max_w": 72.37,
        "decode_ganymede_decode-3_gpu_sm_clock_avg_mhz": 1867.846154,
        "decode_ganymede_decode-3_gpu_sm_clock_max_mhz": 2040.0,
        "decode_ganymede_decode-3_gpu_sm_clock_min_mhz": 1410.0,
        "decode_ganymede_decode-3_gpu_memory_used_avg_mib": 20070.846154,
        "decode_ganymede_decode-3_gpu_memory_used_max_mib": 21709.0,
        "decode_ganymede_decode-3_gpu_mem_util_avg_pct": 38.461538,
        "decode_ganymede_decode-3_gpu_mem_util_max_pct": 100.0,
        "decode_ganymede_decode-3_gpu_power_limit_avg_w": 72.0,
        "decode_ganymede_decode-3_gpu_power_limit_max_w": 72.0,
        "decode_ganymede_decode-3_gpu_mem_clock_avg_mhz": 6251.0,
        "decode_ganymede_decode-3_gpu_mem_clock_max_mhz": 6251.0,
        "decode_ganymede_decode-3_gpu_temperature_avg_c": 49.4,
        "decode_ganymede_decode-3_gpu_temperature_max_c": 53.0,
        "decode_ganymede_decode-3_network_rx_bytes": 11379529718.0,
        "decode_ganymede_decode-3_network_tx_bytes": 22322148.0,
        "decode_ganymede_decode-3_gpu_pstate_mode": "P0",
        "decode_ganymede_decode-4_samples": 65,
        "decode_ganymede_decode-4_target_freq_mhz": 2040.0,
        "decode_ganymede_decode-4_gpu_util_avg_pct": 55.369231,
        "decode_ganymede_decode-4_gpu_util_max_pct": 100.0,
        "decode_ganymede_decode-4_gpu_power_avg_w": 52.628923,
        "decode_ganymede_decode-4_gpu_power_max_w": 72.54,
        "decode_ganymede_decode-4_gpu_sm_clock_avg_mhz": 1789.846154,
        "decode_ganymede_decode-4_gpu_sm_clock_max_mhz": 2040.0,
        "decode_ganymede_decode-4_gpu_sm_clock_min_mhz": 1260.0,
        "decode_ganymede_decode-4_gpu_memory_used_avg_mib": 20231.461538,
        "decode_ganymede_decode-4_gpu_memory_used_max_mib": 21825.0,
        "decode_ganymede_decode-4_gpu_mem_util_avg_pct": 55.384615,
        "decode_ganymede_decode-4_gpu_mem_util_max_pct": 100.0,
        "decode_ganymede_decode-4_gpu_power_limit_avg_w": 72.0,
        "decode_ganymede_decode-4_gpu_power_limit_max_w": 72.0,
        "decode_ganymede_decode-4_gpu_mem_clock_avg_mhz": 6251.0,
        "decode_ganymede_decode-4_gpu_mem_clock_max_mhz": 6251.0,
        "decode_ganymede_decode-4_gpu_temperature_avg_c": 45.846154,
        "decode_ganymede_decode-4_gpu_temperature_max_c": 50.0,
        "decode_ganymede_decode-4_network_rx_bytes": 11379542332.0,
        "decode_ganymede_decode-4_network_tx_bytes": 22352200.0,
        "decode_ganymede_decode-4_gpu_pstate_mode": "P0",
        "decode_ganymede_samples": 65,
        "decode_ganymede_target_freq_mhz": 2040.0,
        "decode_ganymede_gpu_util_avg_pct": 39.415385,
        "decode_ganymede_gpu_util_max_pct": 100.0,
        "decode_ganymede_gpu_power_avg_w": 46.660769,
        "decode_ganymede_gpu_power_max_w": 72.31,
        "decode_ganymede_gpu_sm_clock_avg_mhz": 1833.923077,
        "decode_ganymede_gpu_sm_clock_max_mhz": 2040.0,
        "decode_ganymede_gpu_sm_clock_min_mhz": 1335.0,
        "decode_ganymede_gpu_memory_used_avg_mib": 20084.076923,
        "decode_ganymede_gpu_memory_used_max_mib": 21709.0,
        "decode_ganymede_gpu_mem_util_avg_pct": 39.661538,
        "decode_ganymede_gpu_mem_util_max_pct": 100.0,
        "decode_ganymede_gpu_power_limit_avg_w": 72.0,
        "decode_ganymede_gpu_power_limit_max_w": 72.0,
        "decode_ganymede_gpu_mem_clock_avg_mhz": 6251.0,
        "decode_ganymede_gpu_mem_clock_max_mhz": 6251.0,
        "decode_ganymede_gpu_temperature_avg_c": 62.169231,
        "decode_ganymede_gpu_temperature_max_c": 67.0,
        "decode_ganymede_network_rx_bytes": 11379542332.0,
        "decode_ganymede_network_tx_bytes": 22352200.0,
        "decode_ganymede_gpu_pstate_mode": "P0",
        "prefill_neptune_prefill-2_samples": 73,
        "prefill_neptune_prefill-2_target_freq_mhz": 1755.0,
        "prefill_neptune_prefill-2_gpu_util_avg_pct": 5.232877,
        "prefill_neptune_prefill-2_gpu_util_max_pct": 75.0,
        "prefill_neptune_prefill-2_gpu_power_avg_w": 74.961507,
        "prefill_neptune_prefill-2_gpu_power_max_w": 136.98,
        "prefill_neptune_prefill-2_gpu_sm_clock_avg_mhz": 1755.0,
        "prefill_neptune_prefill-2_gpu_sm_clock_max_mhz": 1755.0,
        "prefill_neptune_prefill-2_gpu_sm_clock_min_mhz": 1755.0,
        "prefill_neptune_prefill-2_gpu_memory_used_avg_mib": 38237.054795,
        "prefill_neptune_prefill-2_gpu_memory_used_max_mib": 38355.0,
        "prefill_neptune_prefill-2_gpu_mem_util_avg_pct": 2.013699,
        "prefill_neptune_prefill-2_gpu_mem_util_max_pct": 35.0,
        "prefill_neptune_prefill-2_gpu_power_limit_avg_w": 350.0,
        "prefill_neptune_prefill-2_gpu_power_limit_max_w": 350.0,
        "prefill_neptune_prefill-2_gpu_mem_clock_avg_mhz": 9001.0,
        "prefill_neptune_prefill-2_gpu_mem_clock_max_mhz": 9001.0,
        "prefill_neptune_prefill-2_gpu_temperature_avg_c": 30.657534,
        "prefill_neptune_prefill-2_gpu_temperature_max_c": 37.0,
        "prefill_neptune_prefill-2_network_rx_bytes": 16405165.0,
        "prefill_neptune_prefill-2_network_tx_bytes": 11374767475.0,
        "prefill_neptune_prefill-2_gpu_pstate_mode": "P0",
        "prefill_neptune_prefill-3_samples": 73,
        "prefill_neptune_prefill-3_target_freq_mhz": 1755.0,
        "prefill_neptune_prefill-3_gpu_util_avg_pct": 6.739726,
        "prefill_neptune_prefill-3_gpu_util_max_pct": 84.0,
        "prefill_neptune_prefill-3_gpu_power_avg_w": 74.949315,
        "prefill_neptune_prefill-3_gpu_power_max_w": 151.65,
        "prefill_neptune_prefill-3_gpu_sm_clock_avg_mhz": 1755.0,
        "prefill_neptune_prefill-3_gpu_sm_clock_max_mhz": 1755.0,
        "prefill_neptune_prefill-3_gpu_sm_clock_min_mhz": 1755.0,
        "prefill_neptune_prefill-3_gpu_memory_used_avg_mib": 38214.890411,
        "prefill_neptune_prefill-3_gpu_memory_used_max_mib": 38319.0,
        "prefill_neptune_prefill-3_gpu_mem_util_avg_pct": 2.684932,
        "prefill_neptune_prefill-3_gpu_mem_util_max_pct": 38.0,
        "prefill_neptune_prefill-3_gpu_power_limit_avg_w": 350.0,
        "prefill_neptune_prefill-3_gpu_power_limit_max_w": 350.0,
        "prefill_neptune_prefill-3_gpu_mem_clock_avg_mhz": 9001.0,
        "prefill_neptune_prefill-3_gpu_mem_clock_max_mhz": 9001.0,
        "prefill_neptune_prefill-3_gpu_temperature_avg_c": 30.630137,
        "prefill_neptune_prefill-3_gpu_temperature_max_c": 38.0,
        "prefill_neptune_prefill-3_network_rx_bytes": 16405165.0,
        "prefill_neptune_prefill-3_network_tx_bytes": 11374767475.0,
        "prefill_neptune_prefill-3_gpu_pstate_mode": "P0",
        "prefill_neptune_prefill-4_samples": 73,
        "prefill_neptune_prefill-4_target_freq_mhz": 1755.0,
        "prefill_neptune_prefill-4_gpu_util_avg_pct": 7.287671,
        "prefill_neptune_prefill-4_gpu_util_max_pct": 91.0,
        "prefill_neptune_prefill-4_gpu_power_avg_w": 77.125616,
        "prefill_neptune_prefill-4_gpu_power_max_w": 156.03,
        "prefill_neptune_prefill-4_gpu_sm_clock_avg_mhz": 1755.0,
        "prefill_neptune_prefill-4_gpu_sm_clock_max_mhz": 1755.0,
        "prefill_neptune_prefill-4_gpu_sm_clock_min_mhz": 1755.0,
        "prefill_neptune_prefill-4_gpu_memory_used_avg_mib": 37931.739726,
        "prefill_neptune_prefill-4_gpu_memory_used_max_mib": 38005.0,
        "prefill_neptune_prefill-4_gpu_mem_util_avg_pct": 3.109589,
        "prefill_neptune_prefill-4_gpu_mem_util_max_pct": 43.0,
        "prefill_neptune_prefill-4_gpu_power_limit_avg_w": 350.0,
        "prefill_neptune_prefill-4_gpu_power_limit_max_w": 350.0,
        "prefill_neptune_prefill-4_gpu_mem_clock_avg_mhz": 9001.0,
        "prefill_neptune_prefill-4_gpu_mem_clock_max_mhz": 9001.0,
        "prefill_neptune_prefill-4_gpu_temperature_avg_c": 30.726027,
        "prefill_neptune_prefill-4_gpu_temperature_max_c": 37.0,
        "prefill_neptune_prefill-4_network_rx_bytes": 16405165.0,
        "prefill_neptune_prefill-4_network_tx_bytes": 11374767475.0,
        "prefill_neptune_prefill-4_gpu_pstate_mode": "P0",
        "prefill_neptune_samples": 74,
        "prefill_neptune_target_freq_mhz": 1755.0,
        "prefill_neptune_gpu_util_avg_pct": 5.594595,
        "prefill_neptune_gpu_util_max_pct": 77.0,
        "prefill_neptune_gpu_power_avg_w": 73.711622,
        "prefill_neptune_gpu_power_max_w": 135.85,
        "prefill_neptune_gpu_sm_clock_avg_mhz": 1755.0,
        "prefill_neptune_gpu_sm_clock_max_mhz": 1755.0,
        "prefill_neptune_gpu_sm_clock_min_mhz": 1755.0,
        "prefill_neptune_gpu_memory_used_avg_mib": 38224.297297,
        "prefill_neptune_gpu_memory_used_max_mib": 38327.0,
        "prefill_neptune_gpu_mem_util_avg_pct": 2.135135,
        "prefill_neptune_gpu_mem_util_max_pct": 36.0,
        "prefill_neptune_gpu_power_limit_avg_w": 350.0,
        "prefill_neptune_gpu_power_limit_max_w": 350.0,
        "prefill_neptune_gpu_mem_clock_avg_mhz": 9001.0,
        "prefill_neptune_gpu_mem_clock_max_mhz": 9001.0,
        "prefill_neptune_gpu_temperature_avg_c": 30.27027,
        "prefill_neptune_gpu_temperature_max_c": 38.0,
        "prefill_neptune_network_rx_bytes": 16412333.0,
        "prefill_neptune_network_tx_bytes": 11374791488.0,
        "prefill_neptune_gpu_pstate_mode": "P0",
        "gpu_stream_count": 8,
        "covered_gpu_stream_count": 8,
        "min_gpu_coverage_ratio": 1.0,
        "neptune_energy_j": 12952.170893,
        "ganymede_energy_j": 8496.593389,
        "combined_energy_j": 21448.764282,
        "combined_avg_power_w": 496.457186,
        "energy_per_request_j": 268.109554
      }
    },
    {
      "workload": {
        "seq": 10,
        "workload_id": "balanced_extreme_capacity",
        "input_len": 128,
        "output_len": 128,
        "configured_request_rate_rps": 32.0,
        "decision_status": "OVERLOAD_FALLBACK",
        "decision_mode": "overload_min_slo_violation",
        "num_candidates": 100,
        "num_safe": 0
      },
      "decision": {
        "status": "OVERLOAD_FALLBACK",
        "decision_mode": "overload_min_slo_violation",
        "selection_criterion": "min predicted union of latency-SLO and saturation violation probabilities",
        "policy": "latency_plus_saturation",
        "placement": "l40s-prefill-l4-decode",
        "workload": {
          "il": 128,
          "ol": 128,
          "rate": 32.0
        },
        "instances": {
          "prefill": 4,
          "decode": 4
        },
        "slos": {
          "ttft_ms": 500,
          "tpot_ms": 200
        },
        "kv_transfer_model": {
          "enabled": true,
          "formula": "T_kv = input_tokens * (2 * layers * num_kv_heads * head_dim * bytes_per_element) * 8 / effective_bandwidth_gbps",
          "ttft_formula": "predicted_p99_ttft = predicted_p99_queue_plus_prefill + T_kv + T_dispatch",
          "input_tokens": 128,
          "num_layers": 32,
          "num_kv_heads": 8,
          "head_dim": 128,
          "bytes_per_element": 2,
          "kv_bytes_per_token": 131072,
          "kv_total_bytes": 16777216,
          "effective_bandwidth_gbps": 24.076,
          "kv_transfer_ms": 5.574752,
          "dispatch_ms": 0.0
        },
        "saturation_threshold": 0.3,
        "tp_per_role": 1,
        "recommended": {
          "prefill": {
            "phase": "prefill",
            "gpu_type": "l40s",
            "node_group": "neptune",
            "tp": 1,
            "freq_mhz": 2265,
            "rec_freq_mhz": 2265,
            "is_safe": true,
            "p_violate": 0.0014,
            "rho_phase": 0.1566,
            "rho_total": 0.2036,
            "latency_ms": 107.9,
            "power_per_gpu_w": 222.1,
            "total_power_w": 222.1,
            "p99_ttft_ms": 113.5,
            "p_saturated": 0.795763,
            "p_saturated_min": 0.766059,
            "p_saturated_max": 0.836816,
            "saturation_threshold": 0.3,
            "saturation_safe": false,
            "per_seed": [
              {
                "seed": 3,
                "probability": 0.808307
              },
              {
                "seed": 7,
                "probability": 0.836816
              },
              {
                "seed": 11,
                "probability": 0.766059
              },
              {
                "seed": 19,
                "probability": 0.768969
              },
              {
                "seed": 23,
                "probability": 0.798666
              }
            ],
            "instance_count": 4,
            "effective_request_rate_per_instance": 8.0,
            "p99_queue_plus_prefill_ms": 107.9,
            "kv_transfer_ms": 5.574752,
            "dispatch_ms": 0.0,
            "ttft_components_ms": {
              "queue_plus_prefill": 107.9,
              "kv_transfer": 5.574752,
              "dispatch": 0.0,
              "total": 113.5
            }
          },
          "decode": {
            "phase": "decode",
            "gpu_type": "l4",
            "node_group": "ganymede",
            "tp": 1,
            "freq_mhz": 2040,
            "rec_freq_mhz": 2040,
            "is_safe": true,
            "p_violate": 0.1459,
            "rho_phase": 0.1685,
            "rho_total": 0.73,
            "latency_ms": 69.1,
            "power_per_gpu_w": 69.0,
            "total_power_w": 69.0,
            "p99_tpot_ms": 69.1,
            "p_saturated": 0.974071,
            "p_saturated_min": 0.963664,
            "p_saturated_max": 0.979832,
            "saturation_threshold": 0.3,
            "saturation_safe": false,
            "per_seed": [
              {
                "seed": 3,
                "probability": 0.963664
              },
              {
                "seed": 7,
                "probability": 0.977497
              },
              {
                "seed": 11,
                "probability": 0.971937
              },
              {
                "seed": 19,
                "probability": 0.979832
              },
              {
                "seed": 23,
                "probability": 0.977424
              }
            ],
            "instance_count": 4,
            "effective_request_rate_per_instance": 8.0
          },
          "latency_safe": true,
          "saturation_safe": false,
          "is_safe": false,
          "predicted_joint_latency_violation_probability": 0.147096,
          "predicted_joint_saturation_probability": 0.994704,
          "predicted_overload_violation_probability": 0.995483,
          "predicted_ttft_excess_ratio": 0.0,
          "predicted_tpot_excess_ratio": 0.0,
          "predicted_max_slo_excess_ratio": 0.0,
          "predicted_cluster_power_w": 1164.4,
          "predicted_energy_per_request_j": 36.388
        },
        "alternatives": [
          {
            "prefill": {
              "phase": "prefill",
              "gpu_type": "l40s",
              "node_group": "neptune",
              "tp": 1,
              "freq_mhz": 1755,
              "rec_freq_mhz": 1755,
              "is_safe": true,
              "p_violate": 0.0017,
              "rho_phase": 0.1727,
              "rho_total": 0.2245,
              "latency_ms": 102.7,
              "power_per_gpu_w": 198.7,
              "total_power_w": 198.7,
              "p99_ttft_ms": 108.3,
              "p_saturated": 0.795763,
              "p_saturated_min": 0.766059,
              "p_saturated_max": 0.836816,
              "saturation_threshold": 0.3,
              "saturation_safe": false,
              "per_seed": [
                {
                  "seed": 3,
                  "probability": 0.808307
                },
                {
                  "seed": 7,
                  "probability": 0.836816
                },
                {
                  "seed": 11,
                  "probability": 0.766059
                },
                {
                  "seed": 19,
                  "probability": 0.768969
                },
                {
                  "seed": 23,
                  "probability": 0.798666
                }
              ],
              "instance_count": 4,
              "effective_request_rate_per_instance": 8.0,
              "p99_queue_plus_prefill_ms": 102.7,
              "kv_transfer_ms": 5.574752,
              "dispatch_ms": 0.0,
              "ttft_components_ms": {
                "queue_plus_prefill": 102.7,
                "kv_transfer": 5.574752,
                "dispatch": 0.0,
                "total": 108.3
              }
            },
            "decode": {
              "phase": "decode",
              "gpu_type": "l4",
              "node_group": "ganymede",
              "tp": 1,
              "freq_mhz": 2040,
              "rec_freq_mhz": 2040,
              "is_safe": true,
              "p_violate": 0.1459,
              "rho_phase": 0.1685,
              "rho_total": 0.73,
              "latency_ms": 69.1,
              "power_per_gpu_w": 69.0,
              "total_power_w": 69.0,
              "p99_tpot_ms": 69.1,
              "p_saturated": 0.974071,
              "p_saturated_min": 0.963664,
              "p_saturated_max": 0.979832,
              "saturation_threshold": 0.3,
              "saturation_safe": false,
              "per_seed": [
                {
                  "seed": 3,
                  "probability": 0.963664
                },
                {
                  "seed": 7,
                  "probability": 0.977497
                },
                {
                  "seed": 11,
                  "probability": 0.971937
                },
                {
                  "seed": 19,
                  "probability": 0.979832
                },
                {
                  "seed": 23,
                  "probability": 0.977424
                }
              ],
              "instance_count": 4,
              "effective_request_rate_per_instance": 8.0
            },
            "latency_safe": true,
            "saturation_safe": false,
            "is_safe": false,
            "predicted_joint_latency_violation_probability": 0.147352,
            "predicted_joint_saturation_probability": 0.994704,
            "predicted_overload_violation_probability": 0.995485,
            "predicted_ttft_excess_ratio": 0.0,
            "predicted_tpot_excess_ratio": 0.0,
            "predicted_max_slo_excess_ratio": 0.0,
            "predicted_cluster_power_w": 1070.8,
            "predicted_energy_per_request_j": 33.462
          },
          {
            "prefill": {
              "phase": "prefill",
              "gpu_type": "l40s",
              "node_group": "neptune",
              "tp": 1,
              "freq_mhz": 2010,
              "rec_freq_mhz": 2010,
              "is_safe": true,
              "p_violate": 0.0017,
              "rho_phase": 0.1627,
              "rho_total": 0.2115,
              "latency_ms": 104.8,
              "power_per_gpu_w": 203.4,
              "total_power_w": 203.4,
              "p99_ttft_ms": 110.4,
              "p_saturated": 0.795763,
              "p_saturated_min": 0.766059,
              "p_saturated_max": 0.836816,
              "saturation_threshold": 0.3,
              "saturation_safe": false,
              "per_seed": [
                {
                  "seed": 3,
                  "probability": 0.808307
                },
                {
                  "seed": 7,
                  "probability": 0.836816
                },
                {
                  "seed": 11,
                  "probability": 0.766059
                },
                {
                  "seed": 19,
                  "probability": 0.768969
                },
                {
                  "seed": 23,
                  "probability": 0.798666
                }
              ],
              "instance_count": 4,
              "effective_request_rate_per_instance": 8.0,
              "p99_queue_plus_prefill_ms": 104.8,
              "kv_transfer_ms": 5.574752,
              "dispatch_ms": 0.0,
              "ttft_components_ms": {
                "queue_plus_prefill": 104.8,
                "kv_transfer": 5.574752,
                "dispatch": 0.0,
                "total": 110.4
              }
            },
            "decode": {
              "phase": "decode",
              "gpu_type": "l4",
              "node_group": "ganymede",
              "tp": 1,
              "freq_mhz": 2040,
              "rec_freq_mhz": 2040,
              "is_safe": true,
              "p_violate": 0.1459,
              "rho_phase": 0.1685,
              "rho_total": 0.73,
              "latency_ms": 69.1,
              "power_per_gpu_w": 69.0,
              "total_power_w": 69.0,
              "p99_tpot_ms": 69.1,
              "p_saturated": 0.974071,
              "p_saturated_min": 0.963664,
              "p_saturated_max": 0.979832,
              "saturation_threshold": 0.3,
              "saturation_safe": false,
              "per_seed": [
                {
                  "seed": 3,
                  "probability": 0.963664
                },
                {
                  "seed": 7,
                  "probability": 0.977497
                },
                {
                  "seed": 11,
                  "probability": 0.971937
                },
                {
                  "seed": 19,
                  "probability": 0.979832
                },
                {
                  "seed": 23,
                  "probability": 0.977424
                }
              ],
              "instance_count": 4,
              "effective_request_rate_per_instance": 8.0
            },
            "latency_safe": true,
            "saturation_safe": false,
            "is_safe": false,
            "predicted_joint_latency_violation_probability": 0.147352,
            "predicted_joint_saturation_probability": 0.994704,
            "predicted_overload_violation_probability": 0.995485,
            "predicted_ttft_excess_ratio": 0.0,
            "predicted_tpot_excess_ratio": 0.0,
            "predicted_max_slo_excess_ratio": 0.0,
            "predicted_cluster_power_w": 1089.6,
            "predicted_energy_per_request_j": 34.05
          },
          {
            "prefill": {
              "phase": "prefill",
              "gpu_type": "l40s",
              "node_group": "neptune",
              "tp": 1,
              "freq_mhz": 1245,
              "rec_freq_mhz": 1245,
              "is_safe": true,
              "p_violate": 0.004,
              "rho_phase": 0.2117,
              "rho_total": 0.2753,
              "latency_ms": 104.2,
              "power_per_gpu_w": 186.8,
              "total_power_w": 186.8,
              "p99_ttft_ms": 109.8,
              "p_saturated": 0.795763,
              "p_saturated_min": 0.766059,
              "p_saturated_max": 0.836816,
              "saturation_threshold": 0.3,
              "saturation_safe": false,
              "per_seed": [
                {
                  "seed": 3,
                  "probability": 0.808307
                },
                {
                  "seed": 7,
                  "probability": 0.836816
                },
                {
                  "seed": 11,
                  "probability": 0.766059
                },
                {
                  "seed": 19,
                  "probability": 0.768969
                },
                {
                  "seed": 23,
                  "probability": 0.798666
                }
              ],
              "instance_count": 4,
              "effective_request_rate_per_instance": 8.0,
              "p99_queue_plus_prefill_ms": 104.2,
              "kv_transfer_ms": 5.574752,
              "dispatch_ms": 0.0,
              "ttft_components_ms": {
                "queue_plus_prefill": 104.2,
                "kv_transfer": 5.574752,
                "dispatch": 0.0,
                "total": 109.8
              }
            },
            "decode": {
              "phase": "decode",
              "gpu_type": "l4",
              "node_group": "ganymede",
              "tp": 1,
              "freq_mhz": 2040,
              "rec_freq_mhz": 2040,
              "is_safe": true,
              "p_violate": 0.1459,
              "rho_phase": 0.1685,
              "rho_total": 0.73,
              "latency_ms": 69.1,
              "power_per_gpu_w": 69.0,
              "total_power_w": 69.0,
              "p99_tpot_ms": 69.1,
              "p_saturated": 0.974071,
              "p_saturated_min": 0.963664,
              "p_saturated_max": 0.979832,
              "saturation_threshold": 0.3,
              "saturation_safe": false,
              "per_seed": [
                {
                  "seed": 3,
                  "probability": 0.963664
                },
                {
                  "seed": 7,
                  "probability": 0.977497
                },
                {
                  "seed": 11,
                  "probability": 0.971937
                },
                {
                  "seed": 19,
                  "probability": 0.979832
                },
                {
                  "seed": 23,
                  "probability": 0.977424
                }
              ],
              "instance_count": 4,
              "effective_request_rate_per_instance": 8.0
            },
            "latency_safe": true,
            "saturation_safe": false,
            "is_safe": false,
            "predicted_joint_latency_violation_probability": 0.149316,
            "predicted_joint_saturation_probability": 0.994704,
            "predicted_overload_violation_probability": 0.995495,
            "predicted_ttft_excess_ratio": 0.0,
            "predicted_tpot_excess_ratio": 0.0,
            "predicted_max_slo_excess_ratio": 0.0,
            "predicted_cluster_power_w": 1023.2,
            "predicted_energy_per_request_j": 31.975
          }
        ],
        "num_candidates": 100,
        "num_latency_safe": 8,
        "num_saturation_safe": 0,
        "num_safe": 0
      },
      "performance": {
        "successful_requests": 320,
        "failed_requests": 0,
        "benchmark_duration_s": 29.09,
        "request_throughput_rps": 11.0,
        "output_token_throughput_tps": 1408.25,
        "total_token_throughput_tps": 2805.5,
        "p99_ttft_ms": 469.93,
        "p99_tpot_ms": 71.92,
        "p99_itl_ms": 86.84,
        "throughput_ratio": 0.34375,
        "measured_saturated": null,
        "saturation_assessment": "INCONCLUSIVE_FINITE_POISSON",
        "ttft_slo_ok": true,
        "tpot_slo_ok": true
      },
      "telemetry": {
        "decode_ganymede_decode-2": {
          "samples": 76,
          "target_freq_mhz": 2040.0,
          "gpu_util_avg_pct": 52.25,
          "gpu_util_max_pct": 100.0,
          "gpu_power_avg_w": 51.941710526315795,
          "gpu_power_max_w": 72.49,
          "gpu_sm_clock_avg_mhz": 1756.1842105263158,
          "gpu_sm_clock_max_mhz": 2040.0,
          "gpu_sm_clock_min_mhz": 1440.0,
          "gpu_memory_used_avg_mib": 21711.63157894737,
          "gpu_memory_used_max_mib": 21717.0,
          "gpu_mem_util_avg_pct": 52.60526315789474,
          "gpu_mem_util_max_pct": 100.0,
          "gpu_power_limit_avg_w": 72.0,
          "gpu_power_limit_max_w": 72.0,
          "gpu_mem_clock_avg_mhz": 6251.0,
          "gpu_mem_clock_max_mhz": 6251.0,
          "gpu_temperature_avg_c": 63.1578947368421,
          "gpu_temperature_max_c": 67.0,
          "network_rx_bytes": 5641704299.0,
          "network_tx_bytes": 15723129.0,
          "gpu_pstate_mode": "P0"
        },
        "decode_ganymede_decode-3": {
          "samples": 76,
          "target_freq_mhz": 2040.0,
          "gpu_util_avg_pct": 52.46052631578947,
          "gpu_util_max_pct": 100.0,
          "gpu_power_avg_w": 50.93921052631579,
          "gpu_power_max_w": 72.62,
          "gpu_sm_clock_avg_mhz": 1792.1052631578948,
          "gpu_sm_clock_max_mhz": 2040.0,
          "gpu_sm_clock_min_mhz": 1470.0,
          "gpu_memory_used_avg_mib": 21711.63157894737,
          "gpu_memory_used_max_mib": 21717.0,
          "gpu_mem_util_avg_pct": 52.63157894736842,
          "gpu_mem_util_max_pct": 100.0,
          "gpu_power_limit_avg_w": 72.0,
          "gpu_power_limit_max_w": 72.0,
          "gpu_mem_clock_avg_mhz": 6251.0,
          "gpu_mem_clock_max_mhz": 6251.0,
          "gpu_temperature_avg_c": 49.328947368421055,
          "gpu_temperature_max_c": 53.0,
          "network_rx_bytes": 5641730066.0,
          "network_tx_bytes": 15758247.0,
          "gpu_pstate_mode": "P0"
        },
        "decode_ganymede_decode-4": {
          "samples": 76,
          "target_freq_mhz": 2040.0,
          "gpu_util_avg_pct": 52.55263157894737,
          "gpu_util_max_pct": 100.0,
          "gpu_power_avg_w": 51.62736842105263,
          "gpu_power_max_w": 72.61,
          "gpu_sm_clock_avg_mhz": 1789.7368421052631,
          "gpu_sm_clock_max_mhz": 2040.0,
          "gpu_sm_clock_min_mhz": 1485.0,
          "gpu_memory_used_avg_mib": 21825.0,
          "gpu_memory_used_max_mib": 21825.0,
          "gpu_mem_util_avg_pct": 52.81578947368421,
          "gpu_mem_util_max_pct": 100.0,
          "gpu_power_limit_avg_w": 72.0,
          "gpu_power_limit_max_w": 72.0,
          "gpu_mem_clock_avg_mhz": 6251.0,
          "gpu_mem_clock_max_mhz": 6251.0,
          "gpu_temperature_avg_c": 46.28947368421053,
          "gpu_temperature_max_c": 50.0,
          "network_rx_bytes": 5641704299.0,
          "network_tx_bytes": 15723129.0,
          "gpu_pstate_mode": "P0"
        },
        "decode_ganymede": {
          "samples": 76,
          "target_freq_mhz": 2040.0,
          "gpu_util_avg_pct": 67.69736842105263,
          "gpu_util_max_pct": 100.0,
          "gpu_power_avg_w": 58.10802631578947,
          "gpu_power_max_w": 72.54,
          "gpu_sm_clock_avg_mhz": 1664.2105263157894,
          "gpu_sm_clock_max_mhz": 2040.0,
          "gpu_sm_clock_min_mhz": 1395.0,
          "gpu_memory_used_avg_mib": 21710.21052631579,
          "gpu_memory_used_max_mib": 21713.0,
          "gpu_mem_util_avg_pct": 67.10526315789474,
          "gpu_mem_util_max_pct": 100.0,
          "gpu_power_limit_avg_w": 72.0,
          "gpu_power_limit_max_w": 72.0,
          "gpu_mem_clock_avg_mhz": 6251.0,
          "gpu_mem_clock_max_mhz": 6251.0,
          "gpu_temperature_avg_c": 65.78947368421052,
          "gpu_temperature_max_c": 70.0,
          "network_rx_bytes": 5641730066.0,
          "network_tx_bytes": 15758247.0,
          "gpu_pstate_mode": "P0"
        },
        "prefill_neptune_prefill-2": {
          "samples": 88,
          "target_freq_mhz": 2265.0,
          "gpu_util_avg_pct": 5.3522727272727275,
          "gpu_util_max_pct": 46.0,
          "gpu_power_avg_w": 78.84409090909091,
          "gpu_power_max_w": 122.97,
          "gpu_sm_clock_avg_mhz": 2265.0,
          "gpu_sm_clock_max_mhz": 2265.0,
          "gpu_sm_clock_min_mhz": 2265.0,
          "gpu_memory_used_avg_mib": 38355.0,
          "gpu_memory_used_max_mib": 38355.0,
          "gpu_mem_util_avg_pct": 5.0227272727272725,
          "gpu_mem_util_max_pct": 44.0,
          "gpu_power_limit_avg_w": 350.0,
          "gpu_power_limit_max_w": 350.0,
          "gpu_mem_clock_avg_mhz": 9001.0,
          "gpu_mem_clock_max_mhz": 9001.0,
          "gpu_temperature_avg_c": 31.397727272727273,
          "gpu_temperature_max_c": 34.0,
          "network_rx_bytes": 12299069.0,
          "network_tx_bytes": 5640537260.0,
          "gpu_pstate_mode": "P0"
        },
        "prefill_neptune_prefill-3": {
          "samples": 88,
          "target_freq_mhz": 2265.0,
          "gpu_util_avg_pct": 4.636363636363637,
          "gpu_util_max_pct": 40.0,
          "gpu_power_avg_w": 76.00863636363637,
          "gpu_power_max_w": 116.08,
          "gpu_sm_clock_avg_mhz": 2265.0,
          "gpu_sm_clock_max_mhz": 2265.0,
          "gpu_sm_clock_min_mhz": 2265.0,
          "gpu_memory_used_avg_mib": 38320.068181818184,
          "gpu_memory_used_max_mib": 38321.0,
          "gpu_mem_util_avg_pct": 4.159090909090909,
          "gpu_mem_util_max_pct": 38.0,
          "gpu_power_limit_avg_w": 350.0,
          "gpu_power_limit_max_w": 350.0,
          "gpu_mem_clock_avg_mhz": 9001.0,
          "gpu_mem_clock_max_mhz": 9001.0,
          "gpu_temperature_avg_c": 31.261363636363637,
          "gpu_temperature_max_c": 34.0,
          "network_rx_bytes": 12299069.0,
          "network_tx_bytes": 5640537260.0,
          "gpu_pstate_mode": "P0"
        },
        "prefill_neptune_prefill-4": {
          "samples": 88,
          "target_freq_mhz": 2265.0,
          "gpu_util_avg_pct": 5.943181818181818,
          "gpu_util_max_pct": 46.0,
          "gpu_power_avg_w": 77.59954545454546,
          "gpu_power_max_w": 136.45,
          "gpu_sm_clock_avg_mhz": 2265.0,
          "gpu_sm_clock_max_mhz": 2265.0,
          "gpu_sm_clock_min_mhz": 2265.0,
          "gpu_memory_used_avg_mib": 38005.0,
          "gpu_memory_used_max_mib": 38005.0,
          "gpu_mem_util_avg_pct": 5.511363636363637,
          "gpu_mem_util_max_pct": 42.0,
          "gpu_power_limit_avg_w": 350.0,
          "gpu_power_limit_max_w": 350.0,
          "gpu_mem_clock_avg_mhz": 9001.0,
          "gpu_mem_clock_max_mhz": 9001.0,
          "gpu_temperature_avg_c": 30.920454545454547,
          "gpu_temperature_max_c": 34.0,
          "network_rx_bytes": 12299069.0,
          "network_tx_bytes": 5640537260.0,
          "gpu_pstate_mode": "P0"
        },
        "prefill_neptune": {
          "samples": 89,
          "target_freq_mhz": 2265.0,
          "gpu_util_avg_pct": 3.9213483146067416,
          "gpu_util_max_pct": 43.0,
          "gpu_power_avg_w": 76.79112359550561,
          "gpu_power_max_w": 124.68,
          "gpu_sm_clock_avg_mhz": 2265.0,
          "gpu_sm_clock_max_mhz": 2265.0,
          "gpu_sm_clock_min_mhz": 2265.0,
          "gpu_memory_used_avg_mib": 38327.0,
          "gpu_memory_used_max_mib": 38327.0,
          "gpu_mem_util_avg_pct": 3.707865168539326,
          "gpu_mem_util_max_pct": 42.0,
          "gpu_power_limit_avg_w": 350.0,
          "gpu_power_limit_max_w": 350.0,
          "gpu_mem_clock_avg_mhz": 9001.0,
          "gpu_mem_clock_max_mhz": 9001.0,
          "gpu_temperature_avg_c": 30.629213483146067,
          "gpu_temperature_max_c": 33.0,
          "network_rx_bytes": 12299069.0,
          "network_tx_bytes": 5640537260.0,
          "gpu_pstate_mode": "P0"
        }
      },
      "energy": {
        "gpu_stream_count": 8,
        "covered_gpu_stream_count": 8,
        "min_gpu_coverage_ratio": 1.0,
        "neptune_energy_j": 16095.99138956398,
        "ganymede_energy_j": 11306.540059269886,
        "combined_energy_j": 27402.531448833863,
        "combined_avg_power_w": 527.442511595955,
        "energy_per_request_j": 85.63291077760582
      },
      "summary": {
        "seq": 10,
        "workload_id": "balanced_extreme_capacity",
        "input_len": 128,
        "output_len": 128,
        "configured_request_rate_rps": 32.0,
        "decision_status": "OVERLOAD_FALLBACK",
        "decision_mode": "overload_min_slo_violation",
        "num_candidates": 100,
        "num_safe": 0,
        "recommended_is_safe": false,
        "prefill_gpu": "l40s",
        "prefill_instances": 4,
        "prefill_request_rate_per_instance_rps": 8.0,
        "prefill_target_freq_mhz": 2265,
        "prefill_predicted_p99_ttft_ms": 113.5,
        "prefill_predicted_p99_queue_plus_prefill_ms": 107.9,
        "predicted_kv_transfer_ms": 5.574752,
        "predicted_dispatch_ms": 0.0,
        "kv_bytes_per_token": 131072,
        "kv_total_bytes": 16777216,
        "kv_effective_bandwidth_gbps": 24.076,
        "prefill_predicted_p_saturated": 0.795763,
        "decode_gpu": "l4",
        "decode_instances": 4,
        "decode_request_rate_per_instance_rps": 8.0,
        "decode_target_freq_mhz": 2040,
        "decode_predicted_p99_tpot_ms": 69.1,
        "decode_predicted_p_saturated": 0.974071,
        "predicted_cluster_power_w": 1164.4,
        "actual_successful_requests": 320,
        "actual_failed_requests": 0,
        "actual_benchmark_duration_s": 29.09,
        "actual_request_throughput_rps": 11.0,
        "actual_output_token_throughput_tps": 1408.25,
        "actual_total_token_throughput_tps": 2805.5,
        "actual_p99_ttft_ms": 469.93,
        "actual_p99_tpot_ms": 71.92,
        "actual_p99_itl_ms": 86.84,
        "actual_throughput_ratio": 0.34375,
        "actual_measured_saturated": null,
        "actual_saturation_assessment": "INCONCLUSIVE_FINITE_POISSON",
        "actual_ttft_slo_ok": true,
        "actual_tpot_slo_ok": true,
        "decode_ganymede_decode-2_samples": 76,
        "decode_ganymede_decode-2_target_freq_mhz": 2040.0,
        "decode_ganymede_decode-2_gpu_util_avg_pct": 52.25,
        "decode_ganymede_decode-2_gpu_util_max_pct": 100.0,
        "decode_ganymede_decode-2_gpu_power_avg_w": 51.941711,
        "decode_ganymede_decode-2_gpu_power_max_w": 72.49,
        "decode_ganymede_decode-2_gpu_sm_clock_avg_mhz": 1756.184211,
        "decode_ganymede_decode-2_gpu_sm_clock_max_mhz": 2040.0,
        "decode_ganymede_decode-2_gpu_sm_clock_min_mhz": 1440.0,
        "decode_ganymede_decode-2_gpu_memory_used_avg_mib": 21711.631579,
        "decode_ganymede_decode-2_gpu_memory_used_max_mib": 21717.0,
        "decode_ganymede_decode-2_gpu_mem_util_avg_pct": 52.605263,
        "decode_ganymede_decode-2_gpu_mem_util_max_pct": 100.0,
        "decode_ganymede_decode-2_gpu_power_limit_avg_w": 72.0,
        "decode_ganymede_decode-2_gpu_power_limit_max_w": 72.0,
        "decode_ganymede_decode-2_gpu_mem_clock_avg_mhz": 6251.0,
        "decode_ganymede_decode-2_gpu_mem_clock_max_mhz": 6251.0,
        "decode_ganymede_decode-2_gpu_temperature_avg_c": 63.157895,
        "decode_ganymede_decode-2_gpu_temperature_max_c": 67.0,
        "decode_ganymede_decode-2_network_rx_bytes": 5641704299.0,
        "decode_ganymede_decode-2_network_tx_bytes": 15723129.0,
        "decode_ganymede_decode-2_gpu_pstate_mode": "P0",
        "decode_ganymede_decode-3_samples": 76,
        "decode_ganymede_decode-3_target_freq_mhz": 2040.0,
        "decode_ganymede_decode-3_gpu_util_avg_pct": 52.460526,
        "decode_ganymede_decode-3_gpu_util_max_pct": 100.0,
        "decode_ganymede_decode-3_gpu_power_avg_w": 50.939211,
        "decode_ganymede_decode-3_gpu_power_max_w": 72.62,
        "decode_ganymede_decode-3_gpu_sm_clock_avg_mhz": 1792.105263,
        "decode_ganymede_decode-3_gpu_sm_clock_max_mhz": 2040.0,
        "decode_ganymede_decode-3_gpu_sm_clock_min_mhz": 1470.0,
        "decode_ganymede_decode-3_gpu_memory_used_avg_mib": 21711.631579,
        "decode_ganymede_decode-3_gpu_memory_used_max_mib": 21717.0,
        "decode_ganymede_decode-3_gpu_mem_util_avg_pct": 52.631579,
        "decode_ganymede_decode-3_gpu_mem_util_max_pct": 100.0,
        "decode_ganymede_decode-3_gpu_power_limit_avg_w": 72.0,
        "decode_ganymede_decode-3_gpu_power_limit_max_w": 72.0,
        "decode_ganymede_decode-3_gpu_mem_clock_avg_mhz": 6251.0,
        "decode_ganymede_decode-3_gpu_mem_clock_max_mhz": 6251.0,
        "decode_ganymede_decode-3_gpu_temperature_avg_c": 49.328947,
        "decode_ganymede_decode-3_gpu_temperature_max_c": 53.0,
        "decode_ganymede_decode-3_network_rx_bytes": 5641730066.0,
        "decode_ganymede_decode-3_network_tx_bytes": 15758247.0,
        "decode_ganymede_decode-3_gpu_pstate_mode": "P0",
        "decode_ganymede_decode-4_samples": 76,
        "decode_ganymede_decode-4_target_freq_mhz": 2040.0,
        "decode_ganymede_decode-4_gpu_util_avg_pct": 52.552632,
        "decode_ganymede_decode-4_gpu_util_max_pct": 100.0,
        "decode_ganymede_decode-4_gpu_power_avg_w": 51.627368,
        "decode_ganymede_decode-4_gpu_power_max_w": 72.61,
        "decode_ganymede_decode-4_gpu_sm_clock_avg_mhz": 1789.736842,
        "decode_ganymede_decode-4_gpu_sm_clock_max_mhz": 2040.0,
        "decode_ganymede_decode-4_gpu_sm_clock_min_mhz": 1485.0,
        "decode_ganymede_decode-4_gpu_memory_used_avg_mib": 21825.0,
        "decode_ganymede_decode-4_gpu_memory_used_max_mib": 21825.0,
        "decode_ganymede_decode-4_gpu_mem_util_avg_pct": 52.815789,
        "decode_ganymede_decode-4_gpu_mem_util_max_pct": 100.0,
        "decode_ganymede_decode-4_gpu_power_limit_avg_w": 72.0,
        "decode_ganymede_decode-4_gpu_power_limit_max_w": 72.0,
        "decode_ganymede_decode-4_gpu_mem_clock_avg_mhz": 6251.0,
        "decode_ganymede_decode-4_gpu_mem_clock_max_mhz": 6251.0,
        "decode_ganymede_decode-4_gpu_temperature_avg_c": 46.289474,
        "decode_ganymede_decode-4_gpu_temperature_max_c": 50.0,
        "decode_ganymede_decode-4_network_rx_bytes": 5641704299.0,
        "decode_ganymede_decode-4_network_tx_bytes": 15723129.0,
        "decode_ganymede_decode-4_gpu_pstate_mode": "P0",
        "decode_ganymede_samples": 76,
        "decode_ganymede_target_freq_mhz": 2040.0,
        "decode_ganymede_gpu_util_avg_pct": 67.697368,
        "decode_ganymede_gpu_util_max_pct": 100.0,
        "decode_ganymede_gpu_power_avg_w": 58.108026,
        "decode_ganymede_gpu_power_max_w": 72.54,
        "decode_ganymede_gpu_sm_clock_avg_mhz": 1664.210526,
        "decode_ganymede_gpu_sm_clock_max_mhz": 2040.0,
        "decode_ganymede_gpu_sm_clock_min_mhz": 1395.0,
        "decode_ganymede_gpu_memory_used_avg_mib": 21710.210526,
        "decode_ganymede_gpu_memory_used_max_mib": 21713.0,
        "decode_ganymede_gpu_mem_util_avg_pct": 67.105263,
        "decode_ganymede_gpu_mem_util_max_pct": 100.0,
        "decode_ganymede_gpu_power_limit_avg_w": 72.0,
        "decode_ganymede_gpu_power_limit_max_w": 72.0,
        "decode_ganymede_gpu_mem_clock_avg_mhz": 6251.0,
        "decode_ganymede_gpu_mem_clock_max_mhz": 6251.0,
        "decode_ganymede_gpu_temperature_avg_c": 65.789474,
        "decode_ganymede_gpu_temperature_max_c": 70.0,
        "decode_ganymede_network_rx_bytes": 5641730066.0,
        "decode_ganymede_network_tx_bytes": 15758247.0,
        "decode_ganymede_gpu_pstate_mode": "P0",
        "prefill_neptune_prefill-2_samples": 88,
        "prefill_neptune_prefill-2_target_freq_mhz": 2265.0,
        "prefill_neptune_prefill-2_gpu_util_avg_pct": 5.352273,
        "prefill_neptune_prefill-2_gpu_util_max_pct": 46.0,
        "prefill_neptune_prefill-2_gpu_power_avg_w": 78.844091,
        "prefill_neptune_prefill-2_gpu_power_max_w": 122.97,
        "prefill_neptune_prefill-2_gpu_sm_clock_avg_mhz": 2265.0,
        "prefill_neptune_prefill-2_gpu_sm_clock_max_mhz": 2265.0,
        "prefill_neptune_prefill-2_gpu_sm_clock_min_mhz": 2265.0,
        "prefill_neptune_prefill-2_gpu_memory_used_avg_mib": 38355.0,
        "prefill_neptune_prefill-2_gpu_memory_used_max_mib": 38355.0,
        "prefill_neptune_prefill-2_gpu_mem_util_avg_pct": 5.022727,
        "prefill_neptune_prefill-2_gpu_mem_util_max_pct": 44.0,
        "prefill_neptune_prefill-2_gpu_power_limit_avg_w": 350.0,
        "prefill_neptune_prefill-2_gpu_power_limit_max_w": 350.0,
        "prefill_neptune_prefill-2_gpu_mem_clock_avg_mhz": 9001.0,
        "prefill_neptune_prefill-2_gpu_mem_clock_max_mhz": 9001.0,
        "prefill_neptune_prefill-2_gpu_temperature_avg_c": 31.397727,
        "prefill_neptune_prefill-2_gpu_temperature_max_c": 34.0,
        "prefill_neptune_prefill-2_network_rx_bytes": 12299069.0,
        "prefill_neptune_prefill-2_network_tx_bytes": 5640537260.0,
        "prefill_neptune_prefill-2_gpu_pstate_mode": "P0",
        "prefill_neptune_prefill-3_samples": 88,
        "prefill_neptune_prefill-3_target_freq_mhz": 2265.0,
        "prefill_neptune_prefill-3_gpu_util_avg_pct": 4.636364,
        "prefill_neptune_prefill-3_gpu_util_max_pct": 40.0,
        "prefill_neptune_prefill-3_gpu_power_avg_w": 76.008636,
        "prefill_neptune_prefill-3_gpu_power_max_w": 116.08,
        "prefill_neptune_prefill-3_gpu_sm_clock_avg_mhz": 2265.0,
        "prefill_neptune_prefill-3_gpu_sm_clock_max_mhz": 2265.0,
        "prefill_neptune_prefill-3_gpu_sm_clock_min_mhz": 2265.0,
        "prefill_neptune_prefill-3_gpu_memory_used_avg_mib": 38320.068182,
        "prefill_neptune_prefill-3_gpu_memory_used_max_mib": 38321.0,
        "prefill_neptune_prefill-3_gpu_mem_util_avg_pct": 4.159091,
        "prefill_neptune_prefill-3_gpu_mem_util_max_pct": 38.0,
        "prefill_neptune_prefill-3_gpu_power_limit_avg_w": 350.0,
        "prefill_neptune_prefill-3_gpu_power_limit_max_w": 350.0,
        "prefill_neptune_prefill-3_gpu_mem_clock_avg_mhz": 9001.0,
        "prefill_neptune_prefill-3_gpu_mem_clock_max_mhz": 9001.0,
        "prefill_neptune_prefill-3_gpu_temperature_avg_c": 31.261364,
        "prefill_neptune_prefill-3_gpu_temperature_max_c": 34.0,
        "prefill_neptune_prefill-3_network_rx_bytes": 12299069.0,
        "prefill_neptune_prefill-3_network_tx_bytes": 5640537260.0,
        "prefill_neptune_prefill-3_gpu_pstate_mode": "P0",
        "prefill_neptune_prefill-4_samples": 88,
        "prefill_neptune_prefill-4_target_freq_mhz": 2265.0,
        "prefill_neptune_prefill-4_gpu_util_avg_pct": 5.943182,
        "prefill_neptune_prefill-4_gpu_util_max_pct": 46.0,
        "prefill_neptune_prefill-4_gpu_power_avg_w": 77.599545,
        "prefill_neptune_prefill-4_gpu_power_max_w": 136.45,
        "prefill_neptune_prefill-4_gpu_sm_clock_avg_mhz": 2265.0,
        "prefill_neptune_prefill-4_gpu_sm_clock_max_mhz": 2265.0,
        "prefill_neptune_prefill-4_gpu_sm_clock_min_mhz": 2265.0,
        "prefill_neptune_prefill-4_gpu_memory_used_avg_mib": 38005.0,
        "prefill_neptune_prefill-4_gpu_memory_used_max_mib": 38005.0,
        "prefill_neptune_prefill-4_gpu_mem_util_avg_pct": 5.511364,
        "prefill_neptune_prefill-4_gpu_mem_util_max_pct": 42.0,
        "prefill_neptune_prefill-4_gpu_power_limit_avg_w": 350.0,
        "prefill_neptune_prefill-4_gpu_power_limit_max_w": 350.0,
        "prefill_neptune_prefill-4_gpu_mem_clock_avg_mhz": 9001.0,
        "prefill_neptune_prefill-4_gpu_mem_clock_max_mhz": 9001.0,
        "prefill_neptune_prefill-4_gpu_temperature_avg_c": 30.920455,
        "prefill_neptune_prefill-4_gpu_temperature_max_c": 34.0,
        "prefill_neptune_prefill-4_network_rx_bytes": 12299069.0,
        "prefill_neptune_prefill-4_network_tx_bytes": 5640537260.0,
        "prefill_neptune_prefill-4_gpu_pstate_mode": "P0",
        "prefill_neptune_samples": 89,
        "prefill_neptune_target_freq_mhz": 2265.0,
        "prefill_neptune_gpu_util_avg_pct": 3.921348,
        "prefill_neptune_gpu_util_max_pct": 43.0,
        "prefill_neptune_gpu_power_avg_w": 76.791124,
        "prefill_neptune_gpu_power_max_w": 124.68,
        "prefill_neptune_gpu_sm_clock_avg_mhz": 2265.0,
        "prefill_neptune_gpu_sm_clock_max_mhz": 2265.0,
        "prefill_neptune_gpu_sm_clock_min_mhz": 2265.0,
        "prefill_neptune_gpu_memory_used_avg_mib": 38327.0,
        "prefill_neptune_gpu_memory_used_max_mib": 38327.0,
        "prefill_neptune_gpu_mem_util_avg_pct": 3.707865,
        "prefill_neptune_gpu_mem_util_max_pct": 42.0,
        "prefill_neptune_gpu_power_limit_avg_w": 350.0,
        "prefill_neptune_gpu_power_limit_max_w": 350.0,
        "prefill_neptune_gpu_mem_clock_avg_mhz": 9001.0,
        "prefill_neptune_gpu_mem_clock_max_mhz": 9001.0,
        "prefill_neptune_gpu_temperature_avg_c": 30.629213,
        "prefill_neptune_gpu_temperature_max_c": 33.0,
        "prefill_neptune_network_rx_bytes": 12299069.0,
        "prefill_neptune_network_tx_bytes": 5640537260.0,
        "prefill_neptune_gpu_pstate_mode": "P0",
        "gpu_stream_count": 8,
        "covered_gpu_stream_count": 8,
        "min_gpu_coverage_ratio": 1.0,
        "neptune_energy_j": 16095.99139,
        "ganymede_energy_j": 11306.540059,
        "combined_energy_j": 27402.531449,
        "combined_avg_power_w": 527.442512,
        "energy_per_request_j": 85.632911
      }
    },
    {
      "workload": {
        "seq": 11,
        "workload_id": "extreme_short_rps_capacity",
        "input_len": 2,
        "output_len": 64,
        "configured_request_rate_rps": 50.0,
        "decision_status": "OVERLOAD_FALLBACK",
        "decision_mode": "overload_min_slo_violation",
        "num_candidates": 100,
        "num_safe": 0
      },
      "decision": {
        "status": "OVERLOAD_FALLBACK",
        "decision_mode": "overload_min_slo_violation",
        "selection_criterion": "min predicted union of latency-SLO and saturation violation probabilities",
        "policy": "latency_plus_saturation",
        "placement": "l40s-prefill-l4-decode",
        "workload": {
          "il": 2,
          "ol": 64,
          "rate": 50.0
        },
        "instances": {
          "prefill": 4,
          "decode": 4
        },
        "slos": {
          "ttft_ms": 500,
          "tpot_ms": 200
        },
        "kv_transfer_model": {
          "enabled": true,
          "formula": "T_kv = input_tokens * (2 * layers * num_kv_heads * head_dim * bytes_per_element) * 8 / effective_bandwidth_gbps",
          "ttft_formula": "predicted_p99_ttft = predicted_p99_queue_plus_prefill + T_kv + T_dispatch",
          "input_tokens": 2,
          "num_layers": 32,
          "num_kv_heads": 8,
          "head_dim": 128,
          "bytes_per_element": 2,
          "kv_bytes_per_token": 131072,
          "kv_total_bytes": 262144,
          "effective_bandwidth_gbps": 24.076,
          "kv_transfer_ms": 0.087105,
          "dispatch_ms": 0.0
        },
        "saturation_threshold": 0.3,
        "tp_per_role": 1,
        "recommended": {
          "prefill": {
            "phase": "prefill",
            "gpu_type": "l40s",
            "node_group": "neptune",
            "tp": 1,
            "freq_mhz": 2265,
            "rec_freq_mhz": 2265,
            "is_safe": true,
            "p_violate": 0.0014,
            "rho_phase": 0.0034,
            "rho_total": 0.0364,
            "latency_ms": 271.3,
            "power_per_gpu_w": 166.7,
            "total_power_w": 166.7,
            "p99_ttft_ms": 271.4,
            "p_saturated": 0.20202,
            "p_saturated_min": 0.117411,
            "p_saturated_max": 0.315385,
            "saturation_threshold": 0.3,
            "saturation_safe": true,
            "per_seed": [
              {
                "seed": 3,
                "probability": 0.21837
              },
              {
                "seed": 7,
                "probability": 0.206966
              },
              {
                "seed": 11,
                "probability": 0.117411
              },
              {
                "seed": 19,
                "probability": 0.15197
              },
              {
                "seed": 23,
                "probability": 0.315385
              }
            ],
            "instance_count": 4,
            "effective_request_rate_per_instance": 12.5,
            "p99_queue_plus_prefill_ms": 271.3,
            "kv_transfer_ms": 0.087105,
            "dispatch_ms": 0.0,
            "ttft_components_ms": {
              "queue_plus_prefill": 271.3,
              "kv_transfer": 0.087105,
              "dispatch": 0.0,
              "total": 271.4
            }
          },
          "decode": {
            "phase": "decode",
            "gpu_type": "l4",
            "node_group": "ganymede",
            "tp": 1,
            "freq_mhz": 2040,
            "rec_freq_mhz": 2040,
            "is_safe": true,
            "p_violate": 0.0015,
            "rho_phase": 0.1109,
            "rho_total": 0.1224,
            "latency_ms": 156.9,
            "power_per_gpu_w": 65.9,
            "total_power_w": 65.9,
            "p99_tpot_ms": 156.9,
            "p_saturated": 0.728004,
            "p_saturated_min": 0.596798,
            "p_saturated_max": 0.884614,
            "saturation_threshold": 0.3,
            "saturation_safe": false,
            "per_seed": [
              {
                "seed": 3,
                "probability": 0.743876
              },
              {
                "seed": 7,
                "probability": 0.642748
              },
              {
                "seed": 11,
                "probability": 0.771986
              },
              {
                "seed": 19,
                "probability": 0.884614
              },
              {
                "seed": 23,
                "probability": 0.596798
              }
            ],
            "instance_count": 4,
            "effective_request_rate_per_instance": 12.5
          },
          "latency_safe": true,
          "saturation_safe": false,
          "is_safe": false,
          "predicted_joint_latency_violation_probability": 0.002898,
          "predicted_joint_saturation_probability": 0.782953,
          "predicted_overload_violation_probability": 0.783582,
          "predicted_ttft_excess_ratio": 0.0,
          "predicted_tpot_excess_ratio": 0.0,
          "predicted_max_slo_excess_ratio": 0.0,
          "predicted_cluster_power_w": 930.4,
          "predicted_energy_per_request_j": 18.608
        },
        "alternatives": [
          {
            "prefill": {
              "phase": "prefill",
              "gpu_type": "l40s",
              "node_group": "neptune",
              "tp": 1,
              "freq_mhz": 2520,
              "rec_freq_mhz": 2520,
              "is_safe": true,
              "p_violate": 0.0014,
              "rho_phase": 0.0034,
              "rho_total": 0.0362,
              "latency_ms": 272.8,
              "power_per_gpu_w": 189.6,
              "total_power_w": 189.6,
              "p99_ttft_ms": 272.9,
              "p_saturated": 0.202813,
              "p_saturated_min": 0.121374,
              "p_saturated_max": 0.315385,
              "saturation_threshold": 0.3,
              "saturation_safe": true,
              "per_seed": [
                {
                  "seed": 3,
                  "probability": 0.21837
                },
                {
                  "seed": 7,
                  "probability": 0.206966
                },
                {
                  "seed": 11,
                  "probability": 0.121374
                },
                {
                  "seed": 19,
                  "probability": 0.15197
                },
                {
                  "seed": 23,
                  "probability": 0.315385
                }
              ],
              "instance_count": 4,
              "effective_request_rate_per_instance": 12.5,
              "p99_queue_plus_prefill_ms": 272.8,
              "kv_transfer_ms": 0.087105,
              "dispatch_ms": 0.0,
              "ttft_components_ms": {
                "queue_plus_prefill": 272.8,
                "kv_transfer": 0.087105,
                "dispatch": 0.0,
                "total": 272.9
              }
            },
            "decode": {
              "phase": "decode",
              "gpu_type": "l4",
              "node_group": "ganymede",
              "tp": 1,
              "freq_mhz": 2040,
              "rec_freq_mhz": 2040,
              "is_safe": true,
              "p_violate": 0.0015,
              "rho_phase": 0.1109,
              "rho_total": 0.1224,
              "latency_ms": 156.9,
              "power_per_gpu_w": 65.9,
              "total_power_w": 65.9,
              "p99_tpot_ms": 156.9,
              "p_saturated": 0.728004,
              "p_saturated_min": 0.596798,
              "p_saturated_max": 0.884614,
              "saturation_threshold": 0.3,
              "saturation_safe": false,
              "per_seed": [
                {
                  "seed": 3,
                  "probability": 0.743876
                },
                {
                  "seed": 7,
                  "probability": 0.642748
                },
                {
                  "seed": 11,
                  "probability": 0.771986
                },
                {
                  "seed": 19,
                  "probability": 0.884614
                },
                {
                  "seed": 23,
                  "probability": 0.596798
                }
              ],
              "instance_count": 4,
              "effective_request_rate_per_instance": 12.5
            },
            "latency_safe": true,
            "saturation_safe": false,
            "is_safe": false,
            "predicted_joint_latency_violation_probability": 0.002898,
            "predicted_joint_saturation_probability": 0.783168,
            "predicted_overload_violation_probability": 0.783797,
            "predicted_ttft_excess_ratio": 0.0,
            "predicted_tpot_excess_ratio": 0.0,
            "predicted_max_slo_excess_ratio": 0.0,
            "predicted_cluster_power_w": 1022.0,
            "predicted_energy_per_request_j": 20.44
          },
          {
            "prefill": {
              "phase": "prefill",
              "gpu_type": "l40s",
              "node_group": "neptune",
              "tp": 1,
              "freq_mhz": 1755,
              "rec_freq_mhz": 1755,
              "is_safe": true,
              "p_violate": 0.0014,
              "rho_phase": 0.0039,
              "rho_total": 0.0412,
              "latency_ms": 269.1,
              "power_per_gpu_w": 140.0,
              "total_power_w": 140.0,
              "p99_ttft_ms": 269.2,
              "p_saturated": 0.208775,
              "p_saturated_min": 0.151183,
              "p_saturated_max": 0.315385,
              "saturation_threshold": 0.3,
              "saturation_safe": true,
              "per_seed": [
                {
                  "seed": 3,
                  "probability": 0.21837
                },
                {
                  "seed": 7,
                  "probability": 0.206966
                },
                {
                  "seed": 11,
                  "probability": 0.151183
                },
                {
                  "seed": 19,
                  "probability": 0.15197
                },
                {
                  "seed": 23,
                  "probability": 0.315385
                }
              ],
              "instance_count": 4,
              "effective_request_rate_per_instance": 12.5,
              "p99_queue_plus_prefill_ms": 269.1,
              "kv_transfer_ms": 0.087105,
              "dispatch_ms": 0.0,
              "ttft_components_ms": {
                "queue_plus_prefill": 269.1,
                "kv_transfer": 0.087105,
                "dispatch": 0.0,
                "total": 269.2
              }
            },
            "decode": {
              "phase": "decode",
              "gpu_type": "l4",
              "node_group": "ganymede",
              "tp": 1,
              "freq_mhz": 2040,
              "rec_freq_mhz": 2040,
              "is_safe": true,
              "p_violate": 0.0015,
              "rho_phase": 0.1109,
              "rho_total": 0.1224,
              "latency_ms": 156.9,
              "power_per_gpu_w": 65.9,
              "total_power_w": 65.9,
              "p99_tpot_ms": 156.9,
              "p_saturated": 0.728004,
              "p_saturated_min": 0.596798,
              "p_saturated_max": 0.884614,
              "saturation_threshold": 0.3,
              "saturation_safe": false,
              "per_seed": [
                {
                  "seed": 3,
                  "probability": 0.743876
                },
                {
                  "seed": 7,
                  "probability": 0.642748
                },
                {
                  "seed": 11,
                  "probability": 0.771986
                },
                {
                  "seed": 19,
                  "probability": 0.884614
                },
                {
                  "seed": 23,
                  "probability": 0.596798
                }
              ],
              "instance_count": 4,
              "effective_request_rate_per_instance": 12.5
            },
            "latency_safe": true,
            "saturation_safe": false,
            "is_safe": false,
            "predicted_joint_latency_violation_probability": 0.002898,
            "predicted_joint_saturation_probability": 0.78479,
            "predicted_overload_violation_probability": 0.785414,
            "predicted_ttft_excess_ratio": 0.0,
            "predicted_tpot_excess_ratio": 0.0,
            "predicted_max_slo_excess_ratio": 0.0,
            "predicted_cluster_power_w": 823.6,
            "predicted_energy_per_request_j": 16.472
          },
          {
            "prefill": {
              "phase": "prefill",
              "gpu_type": "l40s",
              "node_group": "neptune",
              "tp": 1,
              "freq_mhz": 2010,
              "rec_freq_mhz": 2010,
              "is_safe": true,
              "p_violate": 0.0014,
              "rho_phase": 0.0036,
              "rho_total": 0.0382,
              "latency_ms": 270.0,
              "power_per_gpu_w": 144.7,
              "total_power_w": 144.7,
              "p99_ttft_ms": 270.1,
              "p_saturated": 0.208775,
              "p_saturated_min": 0.151183,
              "p_saturated_max": 0.315385,
              "saturation_threshold": 0.3,
              "saturation_safe": true,
              "per_seed": [
                {
                  "seed": 3,
                  "probability": 0.21837
                },
                {
                  "seed": 7,
                  "probability": 0.206966
                },
                {
                  "seed": 11,
                  "probability": 0.151183
                },
                {
                  "seed": 19,
                  "probability": 0.15197
                },
                {
                  "seed": 23,
                  "probability": 0.315385
                }
              ],
              "instance_count": 4,
              "effective_request_rate_per_instance": 12.5,
              "p99_queue_plus_prefill_ms": 270.0,
              "kv_transfer_ms": 0.087105,
              "dispatch_ms": 0.0,
              "ttft_components_ms": {
                "queue_plus_prefill": 270.0,
                "kv_transfer": 0.087105,
                "dispatch": 0.0,
                "total": 270.1
              }
            },
            "decode": {
              "phase": "decode",
              "gpu_type": "l4",
              "node_group": "ganymede",
              "tp": 1,
              "freq_mhz": 2040,
              "rec_freq_mhz": 2040,
              "is_safe": true,
              "p_violate": 0.0015,
              "rho_phase": 0.1109,
              "rho_total": 0.1224,
              "latency_ms": 156.9,
              "power_per_gpu_w": 65.9,
              "total_power_w": 65.9,
              "p99_tpot_ms": 156.9,
              "p_saturated": 0.728004,
              "p_saturated_min": 0.596798,
              "p_saturated_max": 0.884614,
              "saturation_threshold": 0.3,
              "saturation_safe": false,
              "per_seed": [
                {
                  "seed": 3,
                  "probability": 0.743876
                },
                {
                  "seed": 7,
                  "probability": 0.642748
                },
                {
                  "seed": 11,
                  "probability": 0.771986
                },
                {
                  "seed": 19,
                  "probability": 0.884614
                },
                {
                  "seed": 23,
                  "probability": 0.596798
                }
              ],
              "instance_count": 4,
              "effective_request_rate_per_instance": 12.5
            },
            "latency_safe": true,
            "saturation_safe": false,
            "is_safe": false,
            "predicted_joint_latency_violation_probability": 0.002898,
            "predicted_joint_saturation_probability": 0.78479,
            "predicted_overload_violation_probability": 0.785414,
            "predicted_ttft_excess_ratio": 0.0,
            "predicted_tpot_excess_ratio": 0.0,
            "predicted_max_slo_excess_ratio": 0.0,
            "predicted_cluster_power_w": 842.4,
            "predicted_energy_per_request_j": 16.848
          }
        ],
        "num_candidates": 100,
        "num_latency_safe": 40,
        "num_saturation_safe": 0,
        "num_safe": 0
      },
      "performance": {
        "successful_requests": 500,
        "failed_requests": 0,
        "benchmark_duration_s": 20.48,
        "request_throughput_rps": 24.42,
        "output_token_throughput_tps": 1562.74,
        "total_token_throughput_tps": 1587.15,
        "p99_ttft_ms": 472.36,
        "p99_tpot_ms": 69.01,
        "p99_itl_ms": 85.66,
        "throughput_ratio": 0.48840000000000006,
        "measured_saturated": null,
        "saturation_assessment": "INCONCLUSIVE_FINITE_POISSON",
        "ttft_slo_ok": true,
        "tpot_slo_ok": true
      },
      "telemetry": {
        "decode_ganymede_decode-2": {
          "samples": 65,
          "target_freq_mhz": 2040.0,
          "gpu_util_avg_pct": 51.676923076923075,
          "gpu_util_max_pct": 100.0,
          "gpu_power_avg_w": 51.86784615384615,
          "gpu_power_max_w": 73.42,
          "gpu_sm_clock_avg_mhz": 1779.0,
          "gpu_sm_clock_max_mhz": 2040.0,
          "gpu_sm_clock_min_mhz": 1455.0,
          "gpu_memory_used_avg_mib": 21717.0,
          "gpu_memory_used_max_mib": 21717.0,
          "gpu_mem_util_avg_pct": 51.61538461538461,
          "gpu_mem_util_max_pct": 100.0,
          "gpu_power_limit_avg_w": 72.0,
          "gpu_power_limit_max_w": 72.0,
          "gpu_mem_clock_avg_mhz": 6251.0,
          "gpu_mem_clock_max_mhz": 6251.0,
          "gpu_temperature_avg_c": 64.4,
          "gpu_temperature_max_c": 68.0,
          "network_rx_bytes": 1109840120.0,
          "network_tx_bytes": 10032880.0,
          "gpu_pstate_mode": "P0"
        },
        "decode_ganymede_decode-3": {
          "samples": 65,
          "target_freq_mhz": 2040.0,
          "gpu_util_avg_pct": 42.84615384615385,
          "gpu_util_max_pct": 100.0,
          "gpu_power_avg_w": 47.261538461538464,
          "gpu_power_max_w": 72.73,
          "gpu_sm_clock_avg_mhz": 1853.7692307692307,
          "gpu_sm_clock_max_mhz": 2040.0,
          "gpu_sm_clock_min_mhz": 1515.0,
          "gpu_memory_used_avg_mib": 21717.0,
          "gpu_memory_used_max_mib": 21717.0,
          "gpu_mem_util_avg_pct": 43.07692307692308,
          "gpu_mem_util_max_pct": 100.0,
          "gpu_power_limit_avg_w": 72.0,
          "gpu_power_limit_max_w": 72.0,
          "gpu_mem_clock_avg_mhz": 6251.0,
          "gpu_mem_clock_max_mhz": 6251.0,
          "gpu_temperature_avg_c": 48.353846153846156,
          "gpu_temperature_max_c": 52.0,
          "network_rx_bytes": 1109845070.0,
          "network_tx_bytes": 10042999.0,
          "gpu_pstate_mode": "P0"
        },
        "decode_ganymede_decode-4": {
          "samples": 65,
          "target_freq_mhz": 2040.0,
          "gpu_util_avg_pct": 44.04615384615385,
          "gpu_util_max_pct": 100.0,
          "gpu_power_avg_w": 47.52369230769231,
          "gpu_power_max_w": 72.37,
          "gpu_sm_clock_avg_mhz": 1845.6923076923076,
          "gpu_sm_clock_max_mhz": 2040.0,
          "gpu_sm_clock_min_mhz": 1515.0,
          "gpu_memory_used_avg_mib": 21825.0,
          "gpu_memory_used_max_mib": 21825.0,
          "gpu_mem_util_avg_pct": 44.2,
          "gpu_mem_util_max_pct": 100.0,
          "gpu_power_limit_avg_w": 72.0,
          "gpu_power_limit_max_w": 72.0,
          "gpu_mem_clock_avg_mhz": 6251.0,
          "gpu_mem_clock_max_mhz": 6251.0,
          "gpu_temperature_avg_c": 45.36923076923077,
          "gpu_temperature_max_c": 49.0,
          "network_rx_bytes": 1109840120.0,
          "network_tx_bytes": 10032880.0,
          "gpu_pstate_mode": "P0"
        },
        "decode_ganymede": {
          "samples": 65,
          "target_freq_mhz": 2040.0,
          "gpu_util_avg_pct": 42.8,
          "gpu_util_max_pct": 100.0,
          "gpu_power_avg_w": 49.05492307692308,
          "gpu_power_max_w": 72.68,
          "gpu_sm_clock_avg_mhz": 1808.5384615384614,
          "gpu_sm_clock_max_mhz": 2040.0,
          "gpu_sm_clock_min_mhz": 1440.0,
          "gpu_memory_used_avg_mib": 21713.0,
          "gpu_memory_used_max_mib": 21713.0,
          "gpu_mem_util_avg_pct": 43.07692307692308,
          "gpu_mem_util_max_pct": 100.0,
          "gpu_power_limit_avg_w": 72.0,
          "gpu_power_limit_max_w": 72.0,
          "gpu_mem_clock_avg_mhz": 6251.0,
          "gpu_mem_clock_max_mhz": 6251.0,
          "gpu_temperature_avg_c": 65.64615384615385,
          "gpu_temperature_max_c": 69.0,
          "network_rx_bytes": 1109845070.0,
          "network_tx_bytes": 10042999.0,
          "gpu_pstate_mode": "P0"
        },
        "prefill_neptune_prefill-2": {
          "samples": 73,
          "target_freq_mhz": 2265.0,
          "gpu_util_avg_pct": 8.808219178082192,
          "gpu_util_max_pct": 48.0,
          "gpu_power_avg_w": 80.8454794520548,
          "gpu_power_max_w": 115.82,
          "gpu_sm_clock_avg_mhz": 2265.0,
          "gpu_sm_clock_max_mhz": 2265.0,
          "gpu_sm_clock_min_mhz": 2265.0,
          "gpu_memory_used_avg_mib": 38355.0,
          "gpu_memory_used_max_mib": 38355.0,
          "gpu_mem_util_avg_pct": 8.835616438356164,
          "gpu_mem_util_max_pct": 50.0,
          "gpu_power_limit_avg_w": 350.0,
          "gpu_power_limit_max_w": 350.0,
          "gpu_mem_clock_avg_mhz": 9001.0,
          "gpu_mem_clock_max_mhz": 9001.0,
          "gpu_temperature_avg_c": 31.493150684931507,
          "gpu_temperature_max_c": 33.0,
          "network_rx_bytes": 5088861.0,
          "network_tx_bytes": 1106435490.0,
          "gpu_pstate_mode": "P0"
        },
        "prefill_neptune_prefill-3": {
          "samples": 74,
          "target_freq_mhz": 2265.0,
          "gpu_util_avg_pct": 6.081081081081081,
          "gpu_util_max_pct": 44.0,
          "gpu_power_avg_w": 78.57324324324324,
          "gpu_power_max_w": 126.75,
          "gpu_sm_clock_avg_mhz": 2265.0,
          "gpu_sm_clock_max_mhz": 2265.0,
          "gpu_sm_clock_min_mhz": 2265.0,
          "gpu_memory_used_avg_mib": 38321.0,
          "gpu_memory_used_max_mib": 38321.0,
          "gpu_mem_util_avg_pct": 5.797297297297297,
          "gpu_mem_util_max_pct": 46.0,
          "gpu_power_limit_avg_w": 350.0,
          "gpu_power_limit_max_w": 350.0,
          "gpu_mem_clock_avg_mhz": 9001.0,
          "gpu_mem_clock_max_mhz": 9001.0,
          "gpu_temperature_avg_c": 31.243243243243242,
          "gpu_temperature_max_c": 33.0,
          "network_rx_bytes": 5088861.0,
          "network_tx_bytes": 1106435490.0,
          "gpu_pstate_mode": "P0"
        },
        "prefill_neptune_prefill-4": {
          "samples": 74,
          "target_freq_mhz": 2265.0,
          "gpu_util_avg_pct": 6.972972972972973,
          "gpu_util_max_pct": 47.0,
          "gpu_power_avg_w": 77.53932432432433,
          "gpu_power_max_w": 110.81,
          "gpu_sm_clock_avg_mhz": 2265.0,
          "gpu_sm_clock_max_mhz": 2265.0,
          "gpu_sm_clock_min_mhz": 2265.0,
          "gpu_memory_used_avg_mib": 38005.0,
          "gpu_memory_used_max_mib": 38005.0,
          "gpu_mem_util_avg_pct": 6.945945945945946,
          "gpu_mem_util_max_pct": 48.0,
          "gpu_power_limit_avg_w": 350.0,
          "gpu_power_limit_max_w": 350.0,
          "gpu_mem_clock_avg_mhz": 9001.0,
          "gpu_mem_clock_max_mhz": 9001.0,
          "gpu_temperature_avg_c": 31.216216216216218,
          "gpu_temperature_max_c": 33.0,
          "network_rx_bytes": 5088861.0,
          "network_tx_bytes": 1106435490.0,
          "gpu_pstate_mode": "P0"
        },
        "prefill_neptune": {
          "samples": 74,
          "target_freq_mhz": 2265.0,
          "gpu_util_avg_pct": 7.378378378378378,
          "gpu_util_max_pct": 48.0,
          "gpu_power_avg_w": 78.74797297297297,
          "gpu_power_max_w": 123.88,
          "gpu_sm_clock_avg_mhz": 2265.0,
          "gpu_sm_clock_max_mhz": 2265.0,
          "gpu_sm_clock_min_mhz": 2265.0,
          "gpu_memory_used_avg_mib": 38327.0,
          "gpu_memory_used_max_mib": 38327.0,
          "gpu_mem_util_avg_pct": 7.581081081081081,
          "gpu_mem_util_max_pct": 52.0,
          "gpu_power_limit_avg_w": 350.0,
          "gpu_power_limit_max_w": 350.0,
          "gpu_mem_clock_avg_mhz": 9001.0,
          "gpu_mem_clock_max_mhz": 9001.0,
          "gpu_temperature_avg_c": 30.554054054054053,
          "gpu_temperature_max_c": 32.0,
          "network_rx_bytes": 5088861.0,
          "network_tx_bytes": 1106435490.0,
          "gpu_pstate_mode": "P0"
        }
      },
      "energy": {
        "gpu_stream_count": 8,
        "covered_gpu_stream_count": 8,
        "min_gpu_coverage_ratio": 1.0,
        "neptune_energy_j": 13792.119961323822,
        "ganymede_energy_j": 8728.949061874118,
        "combined_energy_j": 22521.069023197942,
        "combined_avg_power_w": 515.1989285122836,
        "energy_per_request_j": 45.042138046395884
      },
      "summary": {
        "seq": 11,
        "workload_id": "extreme_short_rps_capacity",
        "input_len": 2,
        "output_len": 64,
        "configured_request_rate_rps": 50.0,
        "decision_status": "OVERLOAD_FALLBACK",
        "decision_mode": "overload_min_slo_violation",
        "num_candidates": 100,
        "num_safe": 0,
        "recommended_is_safe": false,
        "prefill_gpu": "l40s",
        "prefill_instances": 4,
        "prefill_request_rate_per_instance_rps": 12.5,
        "prefill_target_freq_mhz": 2265,
        "prefill_predicted_p99_ttft_ms": 271.4,
        "prefill_predicted_p99_queue_plus_prefill_ms": 271.3,
        "predicted_kv_transfer_ms": 0.087105,
        "predicted_dispatch_ms": 0.0,
        "kv_bytes_per_token": 131072,
        "kv_total_bytes": 262144,
        "kv_effective_bandwidth_gbps": 24.076,
        "prefill_predicted_p_saturated": 0.20202,
        "decode_gpu": "l4",
        "decode_instances": 4,
        "decode_request_rate_per_instance_rps": 12.5,
        "decode_target_freq_mhz": 2040,
        "decode_predicted_p99_tpot_ms": 156.9,
        "decode_predicted_p_saturated": 0.728004,
        "predicted_cluster_power_w": 930.4,
        "actual_successful_requests": 500,
        "actual_failed_requests": 0,
        "actual_benchmark_duration_s": 20.48,
        "actual_request_throughput_rps": 24.42,
        "actual_output_token_throughput_tps": 1562.74,
        "actual_total_token_throughput_tps": 1587.15,
        "actual_p99_ttft_ms": 472.36,
        "actual_p99_tpot_ms": 69.01,
        "actual_p99_itl_ms": 85.66,
        "actual_throughput_ratio": 0.4884,
        "actual_measured_saturated": null,
        "actual_saturation_assessment": "INCONCLUSIVE_FINITE_POISSON",
        "actual_ttft_slo_ok": true,
        "actual_tpot_slo_ok": true,
        "decode_ganymede_decode-2_samples": 65,
        "decode_ganymede_decode-2_target_freq_mhz": 2040.0,
        "decode_ganymede_decode-2_gpu_util_avg_pct": 51.676923,
        "decode_ganymede_decode-2_gpu_util_max_pct": 100.0,
        "decode_ganymede_decode-2_gpu_power_avg_w": 51.867846,
        "decode_ganymede_decode-2_gpu_power_max_w": 73.42,
        "decode_ganymede_decode-2_gpu_sm_clock_avg_mhz": 1779.0,
        "decode_ganymede_decode-2_gpu_sm_clock_max_mhz": 2040.0,
        "decode_ganymede_decode-2_gpu_sm_clock_min_mhz": 1455.0,
        "decode_ganymede_decode-2_gpu_memory_used_avg_mib": 21717.0,
        "decode_ganymede_decode-2_gpu_memory_used_max_mib": 21717.0,
        "decode_ganymede_decode-2_gpu_mem_util_avg_pct": 51.615385,
        "decode_ganymede_decode-2_gpu_mem_util_max_pct": 100.0,
        "decode_ganymede_decode-2_gpu_power_limit_avg_w": 72.0,
        "decode_ganymede_decode-2_gpu_power_limit_max_w": 72.0,
        "decode_ganymede_decode-2_gpu_mem_clock_avg_mhz": 6251.0,
        "decode_ganymede_decode-2_gpu_mem_clock_max_mhz": 6251.0,
        "decode_ganymede_decode-2_gpu_temperature_avg_c": 64.4,
        "decode_ganymede_decode-2_gpu_temperature_max_c": 68.0,
        "decode_ganymede_decode-2_network_rx_bytes": 1109840120.0,
        "decode_ganymede_decode-2_network_tx_bytes": 10032880.0,
        "decode_ganymede_decode-2_gpu_pstate_mode": "P0",
        "decode_ganymede_decode-3_samples": 65,
        "decode_ganymede_decode-3_target_freq_mhz": 2040.0,
        "decode_ganymede_decode-3_gpu_util_avg_pct": 42.846154,
        "decode_ganymede_decode-3_gpu_util_max_pct": 100.0,
        "decode_ganymede_decode-3_gpu_power_avg_w": 47.261538,
        "decode_ganymede_decode-3_gpu_power_max_w": 72.73,
        "decode_ganymede_decode-3_gpu_sm_clock_avg_mhz": 1853.769231,
        "decode_ganymede_decode-3_gpu_sm_clock_max_mhz": 2040.0,
        "decode_ganymede_decode-3_gpu_sm_clock_min_mhz": 1515.0,
        "decode_ganymede_decode-3_gpu_memory_used_avg_mib": 21717.0,
        "decode_ganymede_decode-3_gpu_memory_used_max_mib": 21717.0,
        "decode_ganymede_decode-3_gpu_mem_util_avg_pct": 43.076923,
        "decode_ganymede_decode-3_gpu_mem_util_max_pct": 100.0,
        "decode_ganymede_decode-3_gpu_power_limit_avg_w": 72.0,
        "decode_ganymede_decode-3_gpu_power_limit_max_w": 72.0,
        "decode_ganymede_decode-3_gpu_mem_clock_avg_mhz": 6251.0,
        "decode_ganymede_decode-3_gpu_mem_clock_max_mhz": 6251.0,
        "decode_ganymede_decode-3_gpu_temperature_avg_c": 48.353846,
        "decode_ganymede_decode-3_gpu_temperature_max_c": 52.0,
        "decode_ganymede_decode-3_network_rx_bytes": 1109845070.0,
        "decode_ganymede_decode-3_network_tx_bytes": 10042999.0,
        "decode_ganymede_decode-3_gpu_pstate_mode": "P0",
        "decode_ganymede_decode-4_samples": 65,
        "decode_ganymede_decode-4_target_freq_mhz": 2040.0,
        "decode_ganymede_decode-4_gpu_util_avg_pct": 44.046154,
        "decode_ganymede_decode-4_gpu_util_max_pct": 100.0,
        "decode_ganymede_decode-4_gpu_power_avg_w": 47.523692,
        "decode_ganymede_decode-4_gpu_power_max_w": 72.37,
        "decode_ganymede_decode-4_gpu_sm_clock_avg_mhz": 1845.692308,
        "decode_ganymede_decode-4_gpu_sm_clock_max_mhz": 2040.0,
        "decode_ganymede_decode-4_gpu_sm_clock_min_mhz": 1515.0,
        "decode_ganymede_decode-4_gpu_memory_used_avg_mib": 21825.0,
        "decode_ganymede_decode-4_gpu_memory_used_max_mib": 21825.0,
        "decode_ganymede_decode-4_gpu_mem_util_avg_pct": 44.2,
        "decode_ganymede_decode-4_gpu_mem_util_max_pct": 100.0,
        "decode_ganymede_decode-4_gpu_power_limit_avg_w": 72.0,
        "decode_ganymede_decode-4_gpu_power_limit_max_w": 72.0,
        "decode_ganymede_decode-4_gpu_mem_clock_avg_mhz": 6251.0,
        "decode_ganymede_decode-4_gpu_mem_clock_max_mhz": 6251.0,
        "decode_ganymede_decode-4_gpu_temperature_avg_c": 45.369231,
        "decode_ganymede_decode-4_gpu_temperature_max_c": 49.0,
        "decode_ganymede_decode-4_network_rx_bytes": 1109840120.0,
        "decode_ganymede_decode-4_network_tx_bytes": 10032880.0,
        "decode_ganymede_decode-4_gpu_pstate_mode": "P0",
        "decode_ganymede_samples": 65,
        "decode_ganymede_target_freq_mhz": 2040.0,
        "decode_ganymede_gpu_util_avg_pct": 42.8,
        "decode_ganymede_gpu_util_max_pct": 100.0,
        "decode_ganymede_gpu_power_avg_w": 49.054923,
        "decode_ganymede_gpu_power_max_w": 72.68,
        "decode_ganymede_gpu_sm_clock_avg_mhz": 1808.538462,
        "decode_ganymede_gpu_sm_clock_max_mhz": 2040.0,
        "decode_ganymede_gpu_sm_clock_min_mhz": 1440.0,
        "decode_ganymede_gpu_memory_used_avg_mib": 21713.0,
        "decode_ganymede_gpu_memory_used_max_mib": 21713.0,
        "decode_ganymede_gpu_mem_util_avg_pct": 43.076923,
        "decode_ganymede_gpu_mem_util_max_pct": 100.0,
        "decode_ganymede_gpu_power_limit_avg_w": 72.0,
        "decode_ganymede_gpu_power_limit_max_w": 72.0,
        "decode_ganymede_gpu_mem_clock_avg_mhz": 6251.0,
        "decode_ganymede_gpu_mem_clock_max_mhz": 6251.0,
        "decode_ganymede_gpu_temperature_avg_c": 65.646154,
        "decode_ganymede_gpu_temperature_max_c": 69.0,
        "decode_ganymede_network_rx_bytes": 1109845070.0,
        "decode_ganymede_network_tx_bytes": 10042999.0,
        "decode_ganymede_gpu_pstate_mode": "P0",
        "prefill_neptune_prefill-2_samples": 73,
        "prefill_neptune_prefill-2_target_freq_mhz": 2265.0,
        "prefill_neptune_prefill-2_gpu_util_avg_pct": 8.808219,
        "prefill_neptune_prefill-2_gpu_util_max_pct": 48.0,
        "prefill_neptune_prefill-2_gpu_power_avg_w": 80.845479,
        "prefill_neptune_prefill-2_gpu_power_max_w": 115.82,
        "prefill_neptune_prefill-2_gpu_sm_clock_avg_mhz": 2265.0,
        "prefill_neptune_prefill-2_gpu_sm_clock_max_mhz": 2265.0,
        "prefill_neptune_prefill-2_gpu_sm_clock_min_mhz": 2265.0,
        "prefill_neptune_prefill-2_gpu_memory_used_avg_mib": 38355.0,
        "prefill_neptune_prefill-2_gpu_memory_used_max_mib": 38355.0,
        "prefill_neptune_prefill-2_gpu_mem_util_avg_pct": 8.835616,
        "prefill_neptune_prefill-2_gpu_mem_util_max_pct": 50.0,
        "prefill_neptune_prefill-2_gpu_power_limit_avg_w": 350.0,
        "prefill_neptune_prefill-2_gpu_power_limit_max_w": 350.0,
        "prefill_neptune_prefill-2_gpu_mem_clock_avg_mhz": 9001.0,
        "prefill_neptune_prefill-2_gpu_mem_clock_max_mhz": 9001.0,
        "prefill_neptune_prefill-2_gpu_temperature_avg_c": 31.493151,
        "prefill_neptune_prefill-2_gpu_temperature_max_c": 33.0,
        "prefill_neptune_prefill-2_network_rx_bytes": 5088861.0,
        "prefill_neptune_prefill-2_network_tx_bytes": 1106435490.0,
        "prefill_neptune_prefill-2_gpu_pstate_mode": "P0",
        "prefill_neptune_prefill-3_samples": 74,
        "prefill_neptune_prefill-3_target_freq_mhz": 2265.0,
        "prefill_neptune_prefill-3_gpu_util_avg_pct": 6.081081,
        "prefill_neptune_prefill-3_gpu_util_max_pct": 44.0,
        "prefill_neptune_prefill-3_gpu_power_avg_w": 78.573243,
        "prefill_neptune_prefill-3_gpu_power_max_w": 126.75,
        "prefill_neptune_prefill-3_gpu_sm_clock_avg_mhz": 2265.0,
        "prefill_neptune_prefill-3_gpu_sm_clock_max_mhz": 2265.0,
        "prefill_neptune_prefill-3_gpu_sm_clock_min_mhz": 2265.0,
        "prefill_neptune_prefill-3_gpu_memory_used_avg_mib": 38321.0,
        "prefill_neptune_prefill-3_gpu_memory_used_max_mib": 38321.0,
        "prefill_neptune_prefill-3_gpu_mem_util_avg_pct": 5.797297,
        "prefill_neptune_prefill-3_gpu_mem_util_max_pct": 46.0,
        "prefill_neptune_prefill-3_gpu_power_limit_avg_w": 350.0,
        "prefill_neptune_prefill-3_gpu_power_limit_max_w": 350.0,
        "prefill_neptune_prefill-3_gpu_mem_clock_avg_mhz": 9001.0,
        "prefill_neptune_prefill-3_gpu_mem_clock_max_mhz": 9001.0,
        "prefill_neptune_prefill-3_gpu_temperature_avg_c": 31.243243,
        "prefill_neptune_prefill-3_gpu_temperature_max_c": 33.0,
        "prefill_neptune_prefill-3_network_rx_bytes": 5088861.0,
        "prefill_neptune_prefill-3_network_tx_bytes": 1106435490.0,
        "prefill_neptune_prefill-3_gpu_pstate_mode": "P0",
        "prefill_neptune_prefill-4_samples": 74,
        "prefill_neptune_prefill-4_target_freq_mhz": 2265.0,
        "prefill_neptune_prefill-4_gpu_util_avg_pct": 6.972973,
        "prefill_neptune_prefill-4_gpu_util_max_pct": 47.0,
        "prefill_neptune_prefill-4_gpu_power_avg_w": 77.539324,
        "prefill_neptune_prefill-4_gpu_power_max_w": 110.81,
        "prefill_neptune_prefill-4_gpu_sm_clock_avg_mhz": 2265.0,
        "prefill_neptune_prefill-4_gpu_sm_clock_max_mhz": 2265.0,
        "prefill_neptune_prefill-4_gpu_sm_clock_min_mhz": 2265.0,
        "prefill_neptune_prefill-4_gpu_memory_used_avg_mib": 38005.0,
        "prefill_neptune_prefill-4_gpu_memory_used_max_mib": 38005.0,
        "prefill_neptune_prefill-4_gpu_mem_util_avg_pct": 6.945946,
        "prefill_neptune_prefill-4_gpu_mem_util_max_pct": 48.0,
        "prefill_neptune_prefill-4_gpu_power_limit_avg_w": 350.0,
        "prefill_neptune_prefill-4_gpu_power_limit_max_w": 350.0,
        "prefill_neptune_prefill-4_gpu_mem_clock_avg_mhz": 9001.0,
        "prefill_neptune_prefill-4_gpu_mem_clock_max_mhz": 9001.0,
        "prefill_neptune_prefill-4_gpu_temperature_avg_c": 31.216216,
        "prefill_neptune_prefill-4_gpu_temperature_max_c": 33.0,
        "prefill_neptune_prefill-4_network_rx_bytes": 5088861.0,
        "prefill_neptune_prefill-4_network_tx_bytes": 1106435490.0,
        "prefill_neptune_prefill-4_gpu_pstate_mode": "P0",
        "prefill_neptune_samples": 74,
        "prefill_neptune_target_freq_mhz": 2265.0,
        "prefill_neptune_gpu_util_avg_pct": 7.378378,
        "prefill_neptune_gpu_util_max_pct": 48.0,
        "prefill_neptune_gpu_power_avg_w": 78.747973,
        "prefill_neptune_gpu_power_max_w": 123.88,
        "prefill_neptune_gpu_sm_clock_avg_mhz": 2265.0,
        "prefill_neptune_gpu_sm_clock_max_mhz": 2265.0,
        "prefill_neptune_gpu_sm_clock_min_mhz": 2265.0,
        "prefill_neptune_gpu_memory_used_avg_mib": 38327.0,
        "prefill_neptune_gpu_memory_used_max_mib": 38327.0,
        "prefill_neptune_gpu_mem_util_avg_pct": 7.581081,
        "prefill_neptune_gpu_mem_util_max_pct": 52.0,
        "prefill_neptune_gpu_power_limit_avg_w": 350.0,
        "prefill_neptune_gpu_power_limit_max_w": 350.0,
        "prefill_neptune_gpu_mem_clock_avg_mhz": 9001.0,
        "prefill_neptune_gpu_mem_clock_max_mhz": 9001.0,
        "prefill_neptune_gpu_temperature_avg_c": 30.554054,
        "prefill_neptune_gpu_temperature_max_c": 32.0,
        "prefill_neptune_network_rx_bytes": 5088861.0,
        "prefill_neptune_network_tx_bytes": 1106435490.0,
        "prefill_neptune_gpu_pstate_mode": "P0",
        "gpu_stream_count": 8,
        "covered_gpu_stream_count": 8,
        "min_gpu_coverage_ratio": 1.0,
        "neptune_energy_j": 13792.119961,
        "ganymede_energy_j": 8728.949062,
        "combined_energy_j": 22521.069023,
        "combined_avg_power_w": 515.198929,
        "energy_per_request_j": 45.042138
      }
    },
    {
      "workload": {
        "seq": 12,
        "workload_id": "long_decode_capacity",
        "input_len": 512,
        "output_len": 1024,
        "configured_request_rate_rps": 1.0,
        "decision_status": "OVERLOAD_FALLBACK",
        "decision_mode": "overload_min_slo_violation",
        "num_candidates": 100,
        "num_safe": 0
      },
      "decision": {
        "status": "OVERLOAD_FALLBACK",
        "decision_mode": "overload_min_slo_violation",
        "selection_criterion": "min predicted union of latency-SLO and saturation violation probabilities",
        "policy": "latency_plus_saturation",
        "placement": "l40s-prefill-l4-decode",
        "workload": {
          "il": 512,
          "ol": 1024,
          "rate": 1.0
        },
        "instances": {
          "prefill": 4,
          "decode": 4
        },
        "slos": {
          "ttft_ms": 500,
          "tpot_ms": 200
        },
        "kv_transfer_model": {
          "enabled": true,
          "formula": "T_kv = input_tokens * (2 * layers * num_kv_heads * head_dim * bytes_per_element) * 8 / effective_bandwidth_gbps",
          "ttft_formula": "predicted_p99_ttft = predicted_p99_queue_plus_prefill + T_kv + T_dispatch",
          "input_tokens": 512,
          "num_layers": 32,
          "num_kv_heads": 8,
          "head_dim": 128,
          "bytes_per_element": 2,
          "kv_bytes_per_token": 131072,
          "kv_total_bytes": 67108864,
          "effective_bandwidth_gbps": 24.076,
          "kv_transfer_ms": 22.299008,
          "dispatch_ms": 0.0
        },
        "saturation_threshold": 0.3,
        "tp_per_role": 1,
        "recommended": {
          "prefill": {
            "phase": "prefill",
            "gpu_type": "l40s",
            "node_group": "neptune",
            "tp": 1,
            "freq_mhz": 2520,
            "rec_freq_mhz": 2520,
            "is_safe": true,
            "p_violate": 0.002,
            "rho_phase": 0.0479,
            "rho_total": 0.0766,
            "latency_ms": 97.4,
            "power_per_gpu_w": 296.9,
            "total_power_w": 296.9,
            "p99_ttft_ms": 119.7,
            "p_saturated": 0.244967,
            "p_saturated_min": 0.14992,
            "p_saturated_max": 0.32066,
            "saturation_threshold": 0.3,
            "saturation_safe": true,
            "per_seed": [
              {
                "seed": 3,
                "probability": 0.32066
              },
              {
                "seed": 7,
                "probability": 0.14992
              },
              {
                "seed": 11,
                "probability": 0.222249
              },
              {
                "seed": 19,
                "probability": 0.275766
              },
              {
                "seed": 23,
                "probability": 0.25624
              }
            ],
            "instance_count": 4,
            "effective_request_rate_per_instance": 0.25,
            "p99_queue_plus_prefill_ms": 97.4,
            "kv_transfer_ms": 22.299008,
            "dispatch_ms": 0.0,
            "ttft_components_ms": {
              "queue_plus_prefill": 97.4,
              "kv_transfer": 22.299008,
              "dispatch": 0.0,
              "total": 119.7
            }
          },
          "decode": {
            "phase": "decode",
            "gpu_type": "l4",
            "node_group": "ganymede",
            "tp": 1,
            "freq_mhz": 2040,
            "rec_freq_mhz": 2040,
            "is_safe": true,
            "p_violate": 0.0053,
            "rho_phase": 0.1395,
            "rho_total": 0.3719,
            "latency_ms": 54.3,
            "power_per_gpu_w": 72.0,
            "total_power_w": 72.0,
            "p99_tpot_ms": 54.3,
            "p_saturated": 0.68735,
            "p_saturated_min": 0.566174,
            "p_saturated_max": 0.826016,
            "saturation_threshold": 0.3,
            "saturation_safe": false,
            "per_seed": [
              {
                "seed": 3,
                "probability": 0.659241
              },
              {
                "seed": 7,
                "probability": 0.566174
              },
              {
                "seed": 11,
                "probability": 0.785404
              },
              {
                "seed": 19,
                "probability": 0.599913
              },
              {
                "seed": 23,
                "probability": 0.826016
              }
            ],
            "instance_count": 4,
            "effective_request_rate_per_instance": 0.25
          },
          "latency_safe": true,
          "saturation_safe": false,
          "is_safe": false,
          "predicted_joint_latency_violation_probability": 0.007289,
          "predicted_joint_saturation_probability": 0.763939,
          "predicted_overload_violation_probability": 0.76566,
          "predicted_ttft_excess_ratio": 0.0,
          "predicted_tpot_excess_ratio": 0.0,
          "predicted_max_slo_excess_ratio": 0.0,
          "predicted_cluster_power_w": 1475.6,
          "predicted_energy_per_request_j": 1475.6
        },
        "alternatives": [
          {
            "prefill": {
              "phase": "prefill",
              "gpu_type": "l40s",
              "node_group": "neptune",
              "tp": 1,
              "freq_mhz": 2520,
              "rec_freq_mhz": 2520,
              "is_safe": true,
              "p_violate": 0.002,
              "rho_phase": 0.0479,
              "rho_total": 0.0766,
              "latency_ms": 97.4,
              "power_per_gpu_w": 296.9,
              "total_power_w": 296.9,
              "p99_ttft_ms": 119.7,
              "p_saturated": 0.244967,
              "p_saturated_min": 0.14992,
              "p_saturated_max": 0.32066,
              "saturation_threshold": 0.3,
              "saturation_safe": true,
              "per_seed": [
                {
                  "seed": 3,
                  "probability": 0.32066
                },
                {
                  "seed": 7,
                  "probability": 0.14992
                },
                {
                  "seed": 11,
                  "probability": 0.222249
                },
                {
                  "seed": 19,
                  "probability": 0.275766
                },
                {
                  "seed": 23,
                  "probability": 0.25624
                }
              ],
              "instance_count": 4,
              "effective_request_rate_per_instance": 0.25,
              "p99_queue_plus_prefill_ms": 97.4,
              "kv_transfer_ms": 22.299008,
              "dispatch_ms": 0.0,
              "ttft_components_ms": {
                "queue_plus_prefill": 97.4,
                "kv_transfer": 22.299008,
                "dispatch": 0.0,
                "total": 119.7
              }
            },
            "decode": {
              "phase": "decode",
              "gpu_type": "l4",
              "node_group": "ganymede",
              "tp": 1,
              "freq_mhz": 1830,
              "rec_freq_mhz": 1830,
              "is_safe": true,
              "p_violate": 0.0166,
              "rho_phase": 0.1743,
              "rho_total": 0.4649,
              "latency_ms": 57.1,
              "power_per_gpu_w": 68.2,
              "total_power_w": 68.2,
              "p99_tpot_ms": 57.1,
              "p_saturated": 0.68735,
              "p_saturated_min": 0.566174,
              "p_saturated_max": 0.826016,
              "saturation_threshold": 0.3,
              "saturation_safe": false,
              "per_seed": [
                {
                  "seed": 3,
                  "probability": 0.659241
                },
                {
                  "seed": 7,
                  "probability": 0.566174
                },
                {
                  "seed": 11,
                  "probability": 0.785404
                },
                {
                  "seed": 19,
                  "probability": 0.599913
                },
                {
                  "seed": 23,
                  "probability": 0.826016
                }
              ],
              "instance_count": 4,
              "effective_request_rate_per_instance": 0.25
            },
            "latency_safe": true,
            "saturation_safe": false,
            "is_safe": false,
            "predicted_joint_latency_violation_probability": 0.018567,
            "predicted_joint_saturation_probability": 0.763939,
            "predicted_overload_violation_probability": 0.768322,
            "predicted_ttft_excess_ratio": 0.0,
            "predicted_tpot_excess_ratio": 0.0,
            "predicted_max_slo_excess_ratio": 0.0,
            "predicted_cluster_power_w": 1460.4,
            "predicted_energy_per_request_j": 1460.4
          },
          {
            "prefill": {
              "phase": "prefill",
              "gpu_type": "l40s",
              "node_group": "neptune",
              "tp": 1,
              "freq_mhz": 2265,
              "rec_freq_mhz": 2265,
              "is_safe": true,
              "p_violate": 0.002,
              "rho_phase": 0.0608,
              "rho_total": 0.0972,
              "latency_ms": 103.6,
              "power_per_gpu_w": 265.1,
              "total_power_w": 265.1,
              "p99_ttft_ms": 125.9,
              "p_saturated": 0.258383,
              "p_saturated_min": 0.14992,
              "p_saturated_max": 0.32066,
              "saturation_threshold": 0.3,
              "saturation_safe": true,
              "per_seed": [
                {
                  "seed": 3,
                  "probability": 0.32066
                },
                {
                  "seed": 7,
                  "probability": 0.14992
                },
                {
                  "seed": 11,
                  "probability": 0.289327
                },
                {
                  "seed": 19,
                  "probability": 0.275766
                },
                {
                  "seed": 23,
                  "probability": 0.25624
                }
              ],
              "instance_count": 4,
              "effective_request_rate_per_instance": 0.25,
              "p99_queue_plus_prefill_ms": 103.6,
              "kv_transfer_ms": 22.299008,
              "dispatch_ms": 0.0,
              "ttft_components_ms": {
                "queue_plus_prefill": 103.6,
                "kv_transfer": 22.299008,
                "dispatch": 0.0,
                "total": 125.9
              }
            },
            "decode": {
              "phase": "decode",
              "gpu_type": "l4",
              "node_group": "ganymede",
              "tp": 1,
              "freq_mhz": 2040,
              "rec_freq_mhz": 2040,
              "is_safe": true,
              "p_violate": 0.0053,
              "rho_phase": 0.1395,
              "rho_total": 0.3719,
              "latency_ms": 54.3,
              "power_per_gpu_w": 72.0,
              "total_power_w": 72.0,
              "p99_tpot_ms": 54.3,
              "p_saturated": 0.68735,
              "p_saturated_min": 0.566174,
              "p_saturated_max": 0.826016,
              "saturation_threshold": 0.3,
              "saturation_safe": false,
              "per_seed": [
                {
                  "seed": 3,
                  "probability": 0.659241
                },
                {
                  "seed": 7,
                  "probability": 0.566174
                },
                {
                  "seed": 11,
                  "probability": 0.785404
                },
                {
                  "seed": 19,
                  "probability": 0.599913
                },
                {
                  "seed": 23,
                  "probability": 0.826016
                }
              ],
              "instance_count": 4,
              "effective_request_rate_per_instance": 0.25
            },
            "latency_safe": true,
            "saturation_safe": false,
            "is_safe": false,
            "predicted_joint_latency_violation_probability": 0.007289,
            "predicted_joint_saturation_probability": 0.768133,
            "predicted_overload_violation_probability": 0.769824,
            "predicted_ttft_excess_ratio": 0.0,
            "predicted_tpot_excess_ratio": 0.0,
            "predicted_max_slo_excess_ratio": 0.0,
            "predicted_cluster_power_w": 1348.4,
            "predicted_energy_per_request_j": 1348.4
          },
          {
            "prefill": {
              "phase": "prefill",
              "gpu_type": "l40s",
              "node_group": "neptune",
              "tp": 1,
              "freq_mhz": 2265,
              "rec_freq_mhz": 2265,
              "is_safe": true,
              "p_violate": 0.002,
              "rho_phase": 0.0608,
              "rho_total": 0.0972,
              "latency_ms": 103.6,
              "power_per_gpu_w": 265.1,
              "total_power_w": 265.1,
              "p99_ttft_ms": 125.9,
              "p_saturated": 0.258383,
              "p_saturated_min": 0.14992,
              "p_saturated_max": 0.32066,
              "saturation_threshold": 0.3,
              "saturation_safe": true,
              "per_seed": [
                {
                  "seed": 3,
                  "probability": 0.32066
                },
                {
                  "seed": 7,
                  "probability": 0.14992
                },
                {
                  "seed": 11,
                  "probability": 0.289327
                },
                {
                  "seed": 19,
                  "probability": 0.275766
                },
                {
                  "seed": 23,
                  "probability": 0.25624
                }
              ],
              "instance_count": 4,
              "effective_request_rate_per_instance": 0.25,
              "p99_queue_plus_prefill_ms": 103.6,
              "kv_transfer_ms": 22.299008,
              "dispatch_ms": 0.0,
              "ttft_components_ms": {
                "queue_plus_prefill": 103.6,
                "kv_transfer": 22.299008,
                "dispatch": 0.0,
                "total": 125.9
              }
            },
            "decode": {
              "phase": "decode",
              "gpu_type": "l4",
              "node_group": "ganymede",
              "tp": 1,
              "freq_mhz": 1830,
              "rec_freq_mhz": 1830,
              "is_safe": true,
              "p_violate": 0.0166,
              "rho_phase": 0.1743,
              "rho_total": 0.4649,
              "latency_ms": 57.1,
              "power_per_gpu_w": 68.2,
              "total_power_w": 68.2,
              "p99_tpot_ms": 57.1,
              "p_saturated": 0.68735,
              "p_saturated_min": 0.566174,
              "p_saturated_max": 0.826016,
              "saturation_threshold": 0.3,
              "saturation_safe": false,
              "per_seed": [
                {
                  "seed": 3,
                  "probability": 0.659241
                },
                {
                  "seed": 7,
                  "probability": 0.566174
                },
                {
                  "seed": 11,
                  "probability": 0.785404
                },
                {
                  "seed": 19,
                  "probability": 0.599913
                },
                {
                  "seed": 23,
                  "probability": 0.826016
                }
              ],
              "instance_count": 4,
              "effective_request_rate_per_instance": 0.25
            },
            "latency_safe": true,
            "saturation_safe": false,
            "is_safe": false,
            "predicted_joint_latency_violation_probability": 0.018567,
            "predicted_joint_saturation_probability": 0.768133,
            "predicted_overload_violation_probability": 0.772438,
            "predicted_ttft_excess_ratio": 0.0,
            "predicted_tpot_excess_ratio": 0.0,
            "predicted_max_slo_excess_ratio": 0.0,
            "predicted_cluster_power_w": 1333.2,
            "predicted_energy_per_request_j": 1333.2
          }
        ],
        "num_candidates": 100,
        "num_latency_safe": 72,
        "num_saturation_safe": 0,
        "num_safe": 0
      },
      "performance": {
        "successful_requests": 12,
        "failed_requests": 0,
        "benchmark_duration_s": 73.53,
        "request_throughput_rps": 0.16,
        "output_token_throughput_tps": 167.12,
        "total_token_throughput_tps": 250.51,
        "p99_ttft_ms": 294.59,
        "p99_tpot_ms": 60.13,
        "p99_itl_ms": 61.57,
        "throughput_ratio": 0.16,
        "measured_saturated": null,
        "saturation_assessment": "INCONCLUSIVE_FINITE_POISSON",
        "ttft_slo_ok": true,
        "tpot_slo_ok": true
      },
      "telemetry": {
        "decode_ganymede_decode-2": {
          "samples": 221,
          "target_freq_mhz": 2040.0,
          "gpu_util_avg_pct": 44.8552036199095,
          "gpu_util_max_pct": 100.0,
          "gpu_power_avg_w": 48.766742081447966,
          "gpu_power_max_w": 73.29,
          "gpu_sm_clock_avg_mhz": 1865.0226244343892,
          "gpu_sm_clock_max_mhz": 2040.0,
          "gpu_sm_clock_min_mhz": 1485.0,
          "gpu_memory_used_avg_mib": 21717.0,
          "gpu_memory_used_max_mib": 21717.0,
          "gpu_mem_util_avg_pct": 44.86425339366516,
          "gpu_mem_util_max_pct": 100.0,
          "gpu_power_limit_avg_w": 72.0,
          "gpu_power_limit_max_w": 72.0,
          "gpu_mem_clock_avg_mhz": 6251.0,
          "gpu_mem_clock_max_mhz": 6251.0,
          "gpu_temperature_avg_c": 63.15384615384615,
          "gpu_temperature_max_c": 70.0,
          "network_rx_bytes": 917395052.0,
          "network_tx_bytes": 9199068.0,
          "gpu_pstate_mode": "P0"
        },
        "decode_ganymede_decode-3": {
          "samples": 221,
          "target_freq_mhz": 2040.0,
          "gpu_util_avg_pct": 86.42533936651584,
          "gpu_util_max_pct": 100.0,
          "gpu_power_avg_w": 65.96352941176471,
          "gpu_power_max_w": 72.31,
          "gpu_sm_clock_avg_mhz": 1707.1493212669684,
          "gpu_sm_clock_max_mhz": 2040.0,
          "gpu_sm_clock_min_mhz": 1500.0,
          "gpu_memory_used_avg_mib": 21717.0,
          "gpu_memory_used_max_mib": 21717.0,
          "gpu_mem_util_avg_pct": 86.42533936651584,
          "gpu_mem_util_max_pct": 100.0,
          "gpu_power_limit_avg_w": 72.0,
          "gpu_power_limit_max_w": 72.0,
          "gpu_mem_clock_avg_mhz": 6251.0,
          "gpu_mem_clock_max_mhz": 6251.0,
          "gpu_temperature_avg_c": 54.56561085972851,
          "gpu_temperature_max_c": 57.0,
          "network_rx_bytes": 917395052.0,
          "network_tx_bytes": 9199068.0,
          "gpu_pstate_mode": "P0"
        },
        "decode_ganymede_decode-4": {
          "samples": 221,
          "target_freq_mhz": 2040.0,
          "gpu_util_avg_pct": 45.19004524886878,
          "gpu_util_max_pct": 100.0,
          "gpu_power_avg_w": 48.086832579185526,
          "gpu_power_max_w": 72.37,
          "gpu_sm_clock_avg_mhz": 1916.8099547511313,
          "gpu_sm_clock_max_mhz": 2040.0,
          "gpu_sm_clock_min_mhz": 1545.0,
          "gpu_memory_used_avg_mib": 21825.0,
          "gpu_memory_used_max_mib": 21825.0,
          "gpu_mem_util_avg_pct": 45.248868778280546,
          "gpu_mem_util_max_pct": 100.0,
          "gpu_power_limit_avg_w": 72.0,
          "gpu_power_limit_max_w": 72.0,
          "gpu_mem_clock_avg_mhz": 6251.0,
          "gpu_mem_clock_max_mhz": 6251.0,
          "gpu_temperature_avg_c": 44.10407239819005,
          "gpu_temperature_max_c": 51.0,
          "network_rx_bytes": 917395052.0,
          "network_tx_bytes": 9199068.0,
          "gpu_pstate_mode": "P0"
        },
        "decode_ganymede": {
          "samples": 222,
          "target_freq_mhz": 2040.0,
          "gpu_util_avg_pct": 44.531531531531535,
          "gpu_util_max_pct": 100.0,
          "gpu_power_avg_w": 49.244189189189186,
          "gpu_power_max_w": 72.26,
          "gpu_sm_clock_avg_mhz": 1852.2972972972973,
          "gpu_sm_clock_max_mhz": 2040.0,
          "gpu_sm_clock_min_mhz": 1470.0,
          "gpu_memory_used_avg_mib": 21713.0,
          "gpu_memory_used_max_mib": 21713.0,
          "gpu_mem_util_avg_pct": 44.450450450450454,
          "gpu_mem_util_max_pct": 100.0,
          "gpu_power_limit_avg_w": 72.0,
          "gpu_power_limit_max_w": 72.0,
          "gpu_mem_clock_avg_mhz": 6251.0,
          "gpu_mem_clock_max_mhz": 6251.0,
          "gpu_temperature_avg_c": 64.34234234234235,
          "gpu_temperature_max_c": 71.0,
          "network_rx_bytes": 917395052.0,
          "network_tx_bytes": 9199068.0,
          "gpu_pstate_mode": "P0"
        },
        "prefill_neptune_prefill-2": {
          "samples": 251,
          "target_freq_mhz": 2520.0,
          "gpu_util_avg_pct": 0.7211155378486056,
          "gpu_util_max_pct": 82.0,
          "gpu_power_avg_w": 81.94063745019919,
          "gpu_power_max_w": 112.47,
          "gpu_sm_clock_avg_mhz": 2518.9840637450197,
          "gpu_sm_clock_max_mhz": 2520.0,
          "gpu_sm_clock_min_mhz": 2295.0,
          "gpu_memory_used_avg_mib": 38355.0,
          "gpu_memory_used_max_mib": 38355.0,
          "gpu_mem_util_avg_pct": 0.5856573705179283,
          "gpu_mem_util_max_pct": 65.0,
          "gpu_power_limit_avg_w": 350.0,
          "gpu_power_limit_max_w": 350.0,
          "gpu_mem_clock_avg_mhz": 9001.0,
          "gpu_mem_clock_max_mhz": 9001.0,
          "gpu_temperature_avg_c": 32.02390438247012,
          "gpu_temperature_max_c": 35.0,
          "network_rx_bytes": 2755850.0,
          "network_tx_bytes": 917083517.0,
          "gpu_pstate_mode": "P0"
        },
        "prefill_neptune_prefill-3": {
          "samples": 251,
          "target_freq_mhz": 2520.0,
          "gpu_util_avg_pct": 0.0,
          "gpu_util_max_pct": 0.0,
          "gpu_power_avg_w": 79.54286852589641,
          "gpu_power_max_w": 116.47,
          "gpu_sm_clock_avg_mhz": 2519.402390438247,
          "gpu_sm_clock_max_mhz": 2520.0,
          "gpu_sm_clock_min_mhz": 2385.0,
          "gpu_memory_used_avg_mib": 38321.0,
          "gpu_memory_used_max_mib": 38321.0,
          "gpu_mem_util_avg_pct": 0.0,
          "gpu_mem_util_max_pct": 0.0,
          "gpu_power_limit_avg_w": 350.0,
          "gpu_power_limit_max_w": 350.0,
          "gpu_mem_clock_avg_mhz": 9001.0,
          "gpu_mem_clock_max_mhz": 9001.0,
          "gpu_temperature_avg_c": 32.01593625498008,
          "gpu_temperature_max_c": 36.0,
          "network_rx_bytes": 2755850.0,
          "network_tx_bytes": 917083517.0,
          "gpu_pstate_mode": "P0"
        },
        "prefill_neptune_prefill-4": {
          "samples": 251,
          "target_freq_mhz": 2520.0,
          "gpu_util_avg_pct": 0.0,
          "gpu_util_max_pct": 0.0,
          "gpu_power_avg_w": 79.50390438247011,
          "gpu_power_max_w": 128.88,
          "gpu_sm_clock_avg_mhz": 2520.0,
          "gpu_sm_clock_max_mhz": 2520.0,
          "gpu_sm_clock_min_mhz": 2520.0,
          "gpu_memory_used_avg_mib": 38005.0,
          "gpu_memory_used_max_mib": 38005.0,
          "gpu_mem_util_avg_pct": 0.0,
          "gpu_mem_util_max_pct": 0.0,
          "gpu_power_limit_avg_w": 350.0,
          "gpu_power_limit_max_w": 350.0,
          "gpu_mem_clock_avg_mhz": 9001.0,
          "gpu_mem_clock_max_mhz": 9001.0,
          "gpu_temperature_avg_c": 31.948207171314742,
          "gpu_temperature_max_c": 32.0,
          "network_rx_bytes": 2755850.0,
          "network_tx_bytes": 917083517.0,
          "gpu_pstate_mode": "P0"
        },
        "prefill_neptune": {
          "samples": 251,
          "target_freq_mhz": 2520.0,
          "gpu_util_avg_pct": 0.5179282868525896,
          "gpu_util_max_pct": 72.0,
          "gpu_power_avg_w": 77.02988047808765,
          "gpu_power_max_w": 107.5,
          "gpu_sm_clock_avg_mhz": 2519.7011952191233,
          "gpu_sm_clock_max_mhz": 2520.0,
          "gpu_sm_clock_min_mhz": 2475.0,
          "gpu_memory_used_avg_mib": 38327.0,
          "gpu_memory_used_max_mib": 38327.0,
          "gpu_mem_util_avg_pct": 0.4342629482071713,
          "gpu_mem_util_max_pct": 64.0,
          "gpu_power_limit_avg_w": 350.0,
          "gpu_power_limit_max_w": 350.0,
          "gpu_mem_clock_avg_mhz": 9001.0,
          "gpu_mem_clock_max_mhz": 9001.0,
          "gpu_temperature_avg_c": 31.01593625498008,
          "gpu_temperature_max_c": 33.0,
          "network_rx_bytes": 2755850.0,
          "network_tx_bytes": 917083517.0,
          "gpu_pstate_mode": "P0"
        }
      },
      "energy": {
        "gpu_stream_count": 8,
        "covered_gpu_stream_count": 8,
        "min_gpu_coverage_ratio": 1.0,
        "neptune_energy_j": 47058.65731424601,
        "ganymede_energy_j": 31878.979091275927,
        "combined_energy_j": 78937.63640552193,
        "combined_avg_power_w": 533.7468726717553,
        "energy_per_request_j": 6578.136367126827
      },
      "summary": {
        "seq": 12,
        "workload_id": "long_decode_capacity",
        "input_len": 512,
        "output_len": 1024,
        "configured_request_rate_rps": 1.0,
        "decision_status": "OVERLOAD_FALLBACK",
        "decision_mode": "overload_min_slo_violation",
        "num_candidates": 100,
        "num_safe": 0,
        "recommended_is_safe": false,
        "prefill_gpu": "l40s",
        "prefill_instances": 4,
        "prefill_request_rate_per_instance_rps": 0.25,
        "prefill_target_freq_mhz": 2520,
        "prefill_predicted_p99_ttft_ms": 119.7,
        "prefill_predicted_p99_queue_plus_prefill_ms": 97.4,
        "predicted_kv_transfer_ms": 22.299008,
        "predicted_dispatch_ms": 0.0,
        "kv_bytes_per_token": 131072,
        "kv_total_bytes": 67108864,
        "kv_effective_bandwidth_gbps": 24.076,
        "prefill_predicted_p_saturated": 0.244967,
        "decode_gpu": "l4",
        "decode_instances": 4,
        "decode_request_rate_per_instance_rps": 0.25,
        "decode_target_freq_mhz": 2040,
        "decode_predicted_p99_tpot_ms": 54.3,
        "decode_predicted_p_saturated": 0.68735,
        "predicted_cluster_power_w": 1475.6,
        "actual_successful_requests": 12,
        "actual_failed_requests": 0,
        "actual_benchmark_duration_s": 73.53,
        "actual_request_throughput_rps": 0.16,
        "actual_output_token_throughput_tps": 167.12,
        "actual_total_token_throughput_tps": 250.51,
        "actual_p99_ttft_ms": 294.59,
        "actual_p99_tpot_ms": 60.13,
        "actual_p99_itl_ms": 61.57,
        "actual_throughput_ratio": 0.16,
        "actual_measured_saturated": null,
        "actual_saturation_assessment": "INCONCLUSIVE_FINITE_POISSON",
        "actual_ttft_slo_ok": true,
        "actual_tpot_slo_ok": true,
        "decode_ganymede_decode-2_samples": 221,
        "decode_ganymede_decode-2_target_freq_mhz": 2040.0,
        "decode_ganymede_decode-2_gpu_util_avg_pct": 44.855204,
        "decode_ganymede_decode-2_gpu_util_max_pct": 100.0,
        "decode_ganymede_decode-2_gpu_power_avg_w": 48.766742,
        "decode_ganymede_decode-2_gpu_power_max_w": 73.29,
        "decode_ganymede_decode-2_gpu_sm_clock_avg_mhz": 1865.022624,
        "decode_ganymede_decode-2_gpu_sm_clock_max_mhz": 2040.0,
        "decode_ganymede_decode-2_gpu_sm_clock_min_mhz": 1485.0,
        "decode_ganymede_decode-2_gpu_memory_used_avg_mib": 21717.0,
        "decode_ganymede_decode-2_gpu_memory_used_max_mib": 21717.0,
        "decode_ganymede_decode-2_gpu_mem_util_avg_pct": 44.864253,
        "decode_ganymede_decode-2_gpu_mem_util_max_pct": 100.0,
        "decode_ganymede_decode-2_gpu_power_limit_avg_w": 72.0,
        "decode_ganymede_decode-2_gpu_power_limit_max_w": 72.0,
        "decode_ganymede_decode-2_gpu_mem_clock_avg_mhz": 6251.0,
        "decode_ganymede_decode-2_gpu_mem_clock_max_mhz": 6251.0,
        "decode_ganymede_decode-2_gpu_temperature_avg_c": 63.153846,
        "decode_ganymede_decode-2_gpu_temperature_max_c": 70.0,
        "decode_ganymede_decode-2_network_rx_bytes": 917395052.0,
        "decode_ganymede_decode-2_network_tx_bytes": 9199068.0,
        "decode_ganymede_decode-2_gpu_pstate_mode": "P0",
        "decode_ganymede_decode-3_samples": 221,
        "decode_ganymede_decode-3_target_freq_mhz": 2040.0,
        "decode_ganymede_decode-3_gpu_util_avg_pct": 86.425339,
        "decode_ganymede_decode-3_gpu_util_max_pct": 100.0,
        "decode_ganymede_decode-3_gpu_power_avg_w": 65.963529,
        "decode_ganymede_decode-3_gpu_power_max_w": 72.31,
        "decode_ganymede_decode-3_gpu_sm_clock_avg_mhz": 1707.149321,
        "decode_ganymede_decode-3_gpu_sm_clock_max_mhz": 2040.0,
        "decode_ganymede_decode-3_gpu_sm_clock_min_mhz": 1500.0,
        "decode_ganymede_decode-3_gpu_memory_used_avg_mib": 21717.0,
        "decode_ganymede_decode-3_gpu_memory_used_max_mib": 21717.0,
        "decode_ganymede_decode-3_gpu_mem_util_avg_pct": 86.425339,
        "decode_ganymede_decode-3_gpu_mem_util_max_pct": 100.0,
        "decode_ganymede_decode-3_gpu_power_limit_avg_w": 72.0,
        "decode_ganymede_decode-3_gpu_power_limit_max_w": 72.0,
        "decode_ganymede_decode-3_gpu_mem_clock_avg_mhz": 6251.0,
        "decode_ganymede_decode-3_gpu_mem_clock_max_mhz": 6251.0,
        "decode_ganymede_decode-3_gpu_temperature_avg_c": 54.565611,
        "decode_ganymede_decode-3_gpu_temperature_max_c": 57.0,
        "decode_ganymede_decode-3_network_rx_bytes": 917395052.0,
        "decode_ganymede_decode-3_network_tx_bytes": 9199068.0,
        "decode_ganymede_decode-3_gpu_pstate_mode": "P0",
        "decode_ganymede_decode-4_samples": 221,
        "decode_ganymede_decode-4_target_freq_mhz": 2040.0,
        "decode_ganymede_decode-4_gpu_util_avg_pct": 45.190045,
        "decode_ganymede_decode-4_gpu_util_max_pct": 100.0,
        "decode_ganymede_decode-4_gpu_power_avg_w": 48.086833,
        "decode_ganymede_decode-4_gpu_power_max_w": 72.37,
        "decode_ganymede_decode-4_gpu_sm_clock_avg_mhz": 1916.809955,
        "decode_ganymede_decode-4_gpu_sm_clock_max_mhz": 2040.0,
        "decode_ganymede_decode-4_gpu_sm_clock_min_mhz": 1545.0,
        "decode_ganymede_decode-4_gpu_memory_used_avg_mib": 21825.0,
        "decode_ganymede_decode-4_gpu_memory_used_max_mib": 21825.0,
        "decode_ganymede_decode-4_gpu_mem_util_avg_pct": 45.248869,
        "decode_ganymede_decode-4_gpu_mem_util_max_pct": 100.0,
        "decode_ganymede_decode-4_gpu_power_limit_avg_w": 72.0,
        "decode_ganymede_decode-4_gpu_power_limit_max_w": 72.0,
        "decode_ganymede_decode-4_gpu_mem_clock_avg_mhz": 6251.0,
        "decode_ganymede_decode-4_gpu_mem_clock_max_mhz": 6251.0,
        "decode_ganymede_decode-4_gpu_temperature_avg_c": 44.104072,
        "decode_ganymede_decode-4_gpu_temperature_max_c": 51.0,
        "decode_ganymede_decode-4_network_rx_bytes": 917395052.0,
        "decode_ganymede_decode-4_network_tx_bytes": 9199068.0,
        "decode_ganymede_decode-4_gpu_pstate_mode": "P0",
        "decode_ganymede_samples": 222,
        "decode_ganymede_target_freq_mhz": 2040.0,
        "decode_ganymede_gpu_util_avg_pct": 44.531532,
        "decode_ganymede_gpu_util_max_pct": 100.0,
        "decode_ganymede_gpu_power_avg_w": 49.244189,
        "decode_ganymede_gpu_power_max_w": 72.26,
        "decode_ganymede_gpu_sm_clock_avg_mhz": 1852.297297,
        "decode_ganymede_gpu_sm_clock_max_mhz": 2040.0,
        "decode_ganymede_gpu_sm_clock_min_mhz": 1470.0,
        "decode_ganymede_gpu_memory_used_avg_mib": 21713.0,
        "decode_ganymede_gpu_memory_used_max_mib": 21713.0,
        "decode_ganymede_gpu_mem_util_avg_pct": 44.45045,
        "decode_ganymede_gpu_mem_util_max_pct": 100.0,
        "decode_ganymede_gpu_power_limit_avg_w": 72.0,
        "decode_ganymede_gpu_power_limit_max_w": 72.0,
        "decode_ganymede_gpu_mem_clock_avg_mhz": 6251.0,
        "decode_ganymede_gpu_mem_clock_max_mhz": 6251.0,
        "decode_ganymede_gpu_temperature_avg_c": 64.342342,
        "decode_ganymede_gpu_temperature_max_c": 71.0,
        "decode_ganymede_network_rx_bytes": 917395052.0,
        "decode_ganymede_network_tx_bytes": 9199068.0,
        "decode_ganymede_gpu_pstate_mode": "P0",
        "prefill_neptune_prefill-2_samples": 251,
        "prefill_neptune_prefill-2_target_freq_mhz": 2520.0,
        "prefill_neptune_prefill-2_gpu_util_avg_pct": 0.721116,
        "prefill_neptune_prefill-2_gpu_util_max_pct": 82.0,
        "prefill_neptune_prefill-2_gpu_power_avg_w": 81.940637,
        "prefill_neptune_prefill-2_gpu_power_max_w": 112.47,
        "prefill_neptune_prefill-2_gpu_sm_clock_avg_mhz": 2518.984064,
        "prefill_neptune_prefill-2_gpu_sm_clock_max_mhz": 2520.0,
        "prefill_neptune_prefill-2_gpu_sm_clock_min_mhz": 2295.0,
        "prefill_neptune_prefill-2_gpu_memory_used_avg_mib": 38355.0,
        "prefill_neptune_prefill-2_gpu_memory_used_max_mib": 38355.0,
        "prefill_neptune_prefill-2_gpu_mem_util_avg_pct": 0.585657,
        "prefill_neptune_prefill-2_gpu_mem_util_max_pct": 65.0,
        "prefill_neptune_prefill-2_gpu_power_limit_avg_w": 350.0,
        "prefill_neptune_prefill-2_gpu_power_limit_max_w": 350.0,
        "prefill_neptune_prefill-2_gpu_mem_clock_avg_mhz": 9001.0,
        "prefill_neptune_prefill-2_gpu_mem_clock_max_mhz": 9001.0,
        "prefill_neptune_prefill-2_gpu_temperature_avg_c": 32.023904,
        "prefill_neptune_prefill-2_gpu_temperature_max_c": 35.0,
        "prefill_neptune_prefill-2_network_rx_bytes": 2755850.0,
        "prefill_neptune_prefill-2_network_tx_bytes": 917083517.0,
        "prefill_neptune_prefill-2_gpu_pstate_mode": "P0",
        "prefill_neptune_prefill-3_samples": 251,
        "prefill_neptune_prefill-3_target_freq_mhz": 2520.0,
        "prefill_neptune_prefill-3_gpu_util_avg_pct": 0.0,
        "prefill_neptune_prefill-3_gpu_util_max_pct": 0.0,
        "prefill_neptune_prefill-3_gpu_power_avg_w": 79.542869,
        "prefill_neptune_prefill-3_gpu_power_max_w": 116.47,
        "prefill_neptune_prefill-3_gpu_sm_clock_avg_mhz": 2519.40239,
        "prefill_neptune_prefill-3_gpu_sm_clock_max_mhz": 2520.0,
        "prefill_neptune_prefill-3_gpu_sm_clock_min_mhz": 2385.0,
        "prefill_neptune_prefill-3_gpu_memory_used_avg_mib": 38321.0,
        "prefill_neptune_prefill-3_gpu_memory_used_max_mib": 38321.0,
        "prefill_neptune_prefill-3_gpu_mem_util_avg_pct": 0.0,
        "prefill_neptune_prefill-3_gpu_mem_util_max_pct": 0.0,
        "prefill_neptune_prefill-3_gpu_power_limit_avg_w": 350.0,
        "prefill_neptune_prefill-3_gpu_power_limit_max_w": 350.0,
        "prefill_neptune_prefill-3_gpu_mem_clock_avg_mhz": 9001.0,
        "prefill_neptune_prefill-3_gpu_mem_clock_max_mhz": 9001.0,
        "prefill_neptune_prefill-3_gpu_temperature_avg_c": 32.015936,
        "prefill_neptune_prefill-3_gpu_temperature_max_c": 36.0,
        "prefill_neptune_prefill-3_network_rx_bytes": 2755850.0,
        "prefill_neptune_prefill-3_network_tx_bytes": 917083517.0,
        "prefill_neptune_prefill-3_gpu_pstate_mode": "P0",
        "prefill_neptune_prefill-4_samples": 251,
        "prefill_neptune_prefill-4_target_freq_mhz": 2520.0,
        "prefill_neptune_prefill-4_gpu_util_avg_pct": 0.0,
        "prefill_neptune_prefill-4_gpu_util_max_pct": 0.0,
        "prefill_neptune_prefill-4_gpu_power_avg_w": 79.503904,
        "prefill_neptune_prefill-4_gpu_power_max_w": 128.88,
        "prefill_neptune_prefill-4_gpu_sm_clock_avg_mhz": 2520.0,
        "prefill_neptune_prefill-4_gpu_sm_clock_max_mhz": 2520.0,
        "prefill_neptune_prefill-4_gpu_sm_clock_min_mhz": 2520.0,
        "prefill_neptune_prefill-4_gpu_memory_used_avg_mib": 38005.0,
        "prefill_neptune_prefill-4_gpu_memory_used_max_mib": 38005.0,
        "prefill_neptune_prefill-4_gpu_mem_util_avg_pct": 0.0,
        "prefill_neptune_prefill-4_gpu_mem_util_max_pct": 0.0,
        "prefill_neptune_prefill-4_gpu_power_limit_avg_w": 350.0,
        "prefill_neptune_prefill-4_gpu_power_limit_max_w": 350.0,
        "prefill_neptune_prefill-4_gpu_mem_clock_avg_mhz": 9001.0,
        "prefill_neptune_prefill-4_gpu_mem_clock_max_mhz": 9001.0,
        "prefill_neptune_prefill-4_gpu_temperature_avg_c": 31.948207,
        "prefill_neptune_prefill-4_gpu_temperature_max_c": 32.0,
        "prefill_neptune_prefill-4_network_rx_bytes": 2755850.0,
        "prefill_neptune_prefill-4_network_tx_bytes": 917083517.0,
        "prefill_neptune_prefill-4_gpu_pstate_mode": "P0",
        "prefill_neptune_samples": 251,
        "prefill_neptune_target_freq_mhz": 2520.0,
        "prefill_neptune_gpu_util_avg_pct": 0.517928,
        "prefill_neptune_gpu_util_max_pct": 72.0,
        "prefill_neptune_gpu_power_avg_w": 77.02988,
        "prefill_neptune_gpu_power_max_w": 107.5,
        "prefill_neptune_gpu_sm_clock_avg_mhz": 2519.701195,
        "prefill_neptune_gpu_sm_clock_max_mhz": 2520.0,
        "prefill_neptune_gpu_sm_clock_min_mhz": 2475.0,
        "prefill_neptune_gpu_memory_used_avg_mib": 38327.0,
        "prefill_neptune_gpu_memory_used_max_mib": 38327.0,
        "prefill_neptune_gpu_mem_util_avg_pct": 0.434263,
        "prefill_neptune_gpu_mem_util_max_pct": 64.0,
        "prefill_neptune_gpu_power_limit_avg_w": 350.0,
        "prefill_neptune_gpu_power_limit_max_w": 350.0,
        "prefill_neptune_gpu_mem_clock_avg_mhz": 9001.0,
        "prefill_neptune_gpu_mem_clock_max_mhz": 9001.0,
        "prefill_neptune_gpu_temperature_avg_c": 31.015936,
        "prefill_neptune_gpu_temperature_max_c": 33.0,
        "prefill_neptune_network_rx_bytes": 2755850.0,
        "prefill_neptune_network_tx_bytes": 917083517.0,
        "prefill_neptune_gpu_pstate_mode": "P0",
        "gpu_stream_count": 8,
        "covered_gpu_stream_count": 8,
        "min_gpu_coverage_ratio": 1.0,
        "neptune_energy_j": 47058.657314,
        "ganymede_energy_j": 31878.979091,
        "combined_energy_j": 78937.636406,
        "combined_avg_power_w": 533.746873,
        "energy_per_request_j": 6578.136367
      }
    },
    {
      "workload": {
        "seq": 13,
        "workload_id": "very_long_prompt_capacity",
        "input_len": 2048,
        "output_len": 128,
        "configured_request_rate_rps": 2.0,
        "decision_status": "OVERLOAD_FALLBACK",
        "decision_mode": "overload_min_slo_violation",
        "num_candidates": 100,
        "num_safe": 0
      },
      "decision": {
        "status": "OVERLOAD_FALLBACK",
        "decision_mode": "overload_min_slo_violation",
        "selection_criterion": "min predicted union of latency-SLO and saturation violation probabilities",
        "policy": "latency_plus_saturation",
        "placement": "l40s-prefill-l4-decode",
        "workload": {
          "il": 2048,
          "ol": 128,
          "rate": 2.0
        },
        "instances": {
          "prefill": 4,
          "decode": 4
        },
        "slos": {
          "ttft_ms": 500,
          "tpot_ms": 200
        },
        "kv_transfer_model": {
          "enabled": true,
          "formula": "T_kv = input_tokens * (2 * layers * num_kv_heads * head_dim * bytes_per_element) * 8 / effective_bandwidth_gbps",
          "ttft_formula": "predicted_p99_ttft = predicted_p99_queue_plus_prefill + T_kv + T_dispatch",
          "input_tokens": 2048,
          "num_layers": 32,
          "num_kv_heads": 8,
          "head_dim": 128,
          "bytes_per_element": 2,
          "kv_bytes_per_token": 131072,
          "kv_total_bytes": 268435456,
          "effective_bandwidth_gbps": 24.076,
          "kv_transfer_ms": 89.196031,
          "dispatch_ms": 0.0
        },
        "saturation_threshold": 0.3,
        "tp_per_role": 1,
        "recommended": {
          "prefill": {
            "phase": "prefill",
            "gpu_type": "l40s",
            "node_group": "neptune",
            "tp": 1,
            "freq_mhz": 1755,
            "rec_freq_mhz": 1755,
            "is_safe": true,
            "p_violate": 0.1185,
            "rho_phase": 0.177,
            "rho_total": 0.1803,
            "latency_ms": 372.2,
            "power_per_gpu_w": 196.9,
            "total_power_w": 196.9,
            "p99_ttft_ms": 461.4,
            "p_saturated": 0.030326,
            "p_saturated_min": 0.02517,
            "p_saturated_max": 0.036605,
            "saturation_threshold": 0.3,
            "saturation_safe": true,
            "per_seed": [
              {
                "seed": 3,
                "probability": 0.02517
              },
              {
                "seed": 7,
                "probability": 0.031983
              },
              {
                "seed": 11,
                "probability": 0.0282
              },
              {
                "seed": 19,
                "probability": 0.029673
              },
              {
                "seed": 23,
                "probability": 0.036605
              }
            ],
            "instance_count": 4,
            "effective_request_rate_per_instance": 0.5,
            "p99_queue_plus_prefill_ms": 372.2,
            "kv_transfer_ms": 89.196031,
            "dispatch_ms": 0.0,
            "ttft_components_ms": {
              "queue_plus_prefill": 372.2,
              "kv_transfer": 89.196031,
              "dispatch": 0.0,
              "total": 461.4
            }
          },
          "decode": {
            "phase": "decode",
            "gpu_type": "l4",
            "node_group": "ganymede",
            "tp": 1,
            "freq_mhz": 2040,
            "rec_freq_mhz": 2040,
            "is_safe": true,
            "p_violate": 0.1408,
            "rho_phase": 0.0103,
            "rho_total": 0.5602,
            "latency_ms": 158.2,
            "power_per_gpu_w": 70.6,
            "total_power_w": 70.6,
            "p99_tpot_ms": 158.2,
            "p_saturated": 0.585307,
            "p_saturated_min": 0.490991,
            "p_saturated_max": 0.805658,
            "saturation_threshold": 0.3,
            "saturation_safe": false,
            "per_seed": [
              {
                "seed": 3,
                "probability": 0.59493
              },
              {
                "seed": 7,
                "probability": 0.509557
              },
              {
                "seed": 11,
                "probability": 0.5254
              },
              {
                "seed": 19,
                "probability": 0.490991
              },
              {
                "seed": 23,
                "probability": 0.805658
              }
            ],
            "instance_count": 4,
            "effective_request_rate_per_instance": 0.5
          },
          "latency_safe": true,
          "saturation_safe": false,
          "is_safe": false,
          "predicted_joint_latency_violation_probability": 0.242615,
          "predicted_joint_saturation_probability": 0.597883,
          "predicted_overload_violation_probability": 0.695443,
          "predicted_ttft_excess_ratio": 0.0,
          "predicted_tpot_excess_ratio": 0.0,
          "predicted_max_slo_excess_ratio": 0.0,
          "predicted_cluster_power_w": 1070.0,
          "predicted_energy_per_request_j": 535.0
        },
        "alternatives": [
          {
            "prefill": {
              "phase": "prefill",
              "gpu_type": "l40s",
              "node_group": "neptune",
              "tp": 1,
              "freq_mhz": 2010,
              "rec_freq_mhz": 2010,
              "is_safe": true,
              "p_violate": 0.1185,
              "rho_phase": 0.1732,
              "rho_total": 0.1765,
              "latency_ms": 368.9,
              "power_per_gpu_w": 201.6,
              "total_power_w": 201.6,
              "p99_ttft_ms": 458.1,
              "p_saturated": 0.030326,
              "p_saturated_min": 0.02517,
              "p_saturated_max": 0.036605,
              "saturation_threshold": 0.3,
              "saturation_safe": true,
              "per_seed": [
                {
                  "seed": 3,
                  "probability": 0.02517
                },
                {
                  "seed": 7,
                  "probability": 0.031983
                },
                {
                  "seed": 11,
                  "probability": 0.0282
                },
                {
                  "seed": 19,
                  "probability": 0.029673
                },
                {
                  "seed": 23,
                  "probability": 0.036605
                }
              ],
              "instance_count": 4,
              "effective_request_rate_per_instance": 0.5,
              "p99_queue_plus_prefill_ms": 368.9,
              "kv_transfer_ms": 89.196031,
              "dispatch_ms": 0.0,
              "ttft_components_ms": {
                "queue_plus_prefill": 368.9,
                "kv_transfer": 89.196031,
                "dispatch": 0.0,
                "total": 458.1
              }
            },
            "decode": {
              "phase": "decode",
              "gpu_type": "l4",
              "node_group": "ganymede",
              "tp": 1,
              "freq_mhz": 2040,
              "rec_freq_mhz": 2040,
              "is_safe": true,
              "p_violate": 0.1408,
              "rho_phase": 0.0103,
              "rho_total": 0.5602,
              "latency_ms": 158.2,
              "power_per_gpu_w": 70.6,
              "total_power_w": 70.6,
              "p99_tpot_ms": 158.2,
              "p_saturated": 0.585307,
              "p_saturated_min": 0.490991,
              "p_saturated_max": 0.805658,
              "saturation_threshold": 0.3,
              "saturation_safe": false,
              "per_seed": [
                {
                  "seed": 3,
                  "probability": 0.59493
                },
                {
                  "seed": 7,
                  "probability": 0.509557
                },
                {
                  "seed": 11,
                  "probability": 0.5254
                },
                {
                  "seed": 19,
                  "probability": 0.490991
                },
                {
                  "seed": 23,
                  "probability": 0.805658
                }
              ],
              "instance_count": 4,
              "effective_request_rate_per_instance": 0.5
            },
            "latency_safe": true,
            "saturation_safe": false,
            "is_safe": false,
            "predicted_joint_latency_violation_probability": 0.242615,
            "predicted_joint_saturation_probability": 0.597883,
            "predicted_overload_violation_probability": 0.695443,
            "predicted_ttft_excess_ratio": 0.0,
            "predicted_tpot_excess_ratio": 0.0,
            "predicted_max_slo_excess_ratio": 0.0,
            "predicted_cluster_power_w": 1088.8,
            "predicted_energy_per_request_j": 544.4
          },
          {
            "prefill": {
              "phase": "prefill",
              "gpu_type": "l40s",
              "node_group": "neptune",
              "tp": 1,
              "freq_mhz": 2265,
              "rec_freq_mhz": 2265,
              "is_safe": true,
              "p_violate": 0.1185,
              "rho_phase": 0.1756,
              "rho_total": 0.1789,
              "latency_ms": 370.7,
              "power_per_gpu_w": 220.3,
              "total_power_w": 220.3,
              "p99_ttft_ms": 459.9,
              "p_saturated": 0.030326,
              "p_saturated_min": 0.02517,
              "p_saturated_max": 0.036605,
              "saturation_threshold": 0.3,
              "saturation_safe": true,
              "per_seed": [
                {
                  "seed": 3,
                  "probability": 0.02517
                },
                {
                  "seed": 7,
                  "probability": 0.031983
                },
                {
                  "seed": 11,
                  "probability": 0.0282
                },
                {
                  "seed": 19,
                  "probability": 0.029673
                },
                {
                  "seed": 23,
                  "probability": 0.036605
                }
              ],
              "instance_count": 4,
              "effective_request_rate_per_instance": 0.5,
              "p99_queue_plus_prefill_ms": 370.7,
              "kv_transfer_ms": 89.196031,
              "dispatch_ms": 0.0,
              "ttft_components_ms": {
                "queue_plus_prefill": 370.7,
                "kv_transfer": 89.196031,
                "dispatch": 0.0,
                "total": 459.9
              }
            },
            "decode": {
              "phase": "decode",
              "gpu_type": "l4",
              "node_group": "ganymede",
              "tp": 1,
              "freq_mhz": 2040,
              "rec_freq_mhz": 2040,
              "is_safe": true,
              "p_violate": 0.1408,
              "rho_phase": 0.0103,
              "rho_total": 0.5602,
              "latency_ms": 158.2,
              "power_per_gpu_w": 70.6,
              "total_power_w": 70.6,
              "p99_tpot_ms": 158.2,
              "p_saturated": 0.585307,
              "p_saturated_min": 0.490991,
              "p_saturated_max": 0.805658,
              "saturation_threshold": 0.3,
              "saturation_safe": false,
              "per_seed": [
                {
                  "seed": 3,
                  "probability": 0.59493
                },
                {
                  "seed": 7,
                  "probability": 0.509557
                },
                {
                  "seed": 11,
                  "probability": 0.5254
                },
                {
                  "seed": 19,
                  "probability": 0.490991
                },
                {
                  "seed": 23,
                  "probability": 0.805658
                }
              ],
              "instance_count": 4,
              "effective_request_rate_per_instance": 0.5
            },
            "latency_safe": true,
            "saturation_safe": false,
            "is_safe": false,
            "predicted_joint_latency_violation_probability": 0.242615,
            "predicted_joint_saturation_probability": 0.597883,
            "predicted_overload_violation_probability": 0.695443,
            "predicted_ttft_excess_ratio": 0.0,
            "predicted_tpot_excess_ratio": 0.0,
            "predicted_max_slo_excess_ratio": 0.0,
            "predicted_cluster_power_w": 1163.6,
            "predicted_energy_per_request_j": 581.8
          },
          {
            "prefill": {
              "phase": "prefill",
              "gpu_type": "l40s",
              "node_group": "neptune",
              "tp": 1,
              "freq_mhz": 2520,
              "rec_freq_mhz": 2520,
              "is_safe": true,
              "p_violate": 0.1185,
              "rho_phase": 0.1411,
              "rho_total": 0.1437,
              "latency_ms": 347.7,
              "power_per_gpu_w": 247.6,
              "total_power_w": 247.6,
              "p99_ttft_ms": 436.9,
              "p_saturated": 0.030537,
              "p_saturated_min": 0.02517,
              "p_saturated_max": 0.036605,
              "saturation_threshold": 0.3,
              "saturation_safe": true,
              "per_seed": [
                {
                  "seed": 3,
                  "probability": 0.02517
                },
                {
                  "seed": 7,
                  "probability": 0.031983
                },
                {
                  "seed": 11,
                  "probability": 0.029252
                },
                {
                  "seed": 19,
                  "probability": 0.029673
                },
                {
                  "seed": 23,
                  "probability": 0.036605
                }
              ],
              "instance_count": 4,
              "effective_request_rate_per_instance": 0.5,
              "p99_queue_plus_prefill_ms": 347.7,
              "kv_transfer_ms": 89.196031,
              "dispatch_ms": 0.0,
              "ttft_components_ms": {
                "queue_plus_prefill": 347.7,
                "kv_transfer": 89.196031,
                "dispatch": 0.0,
                "total": 436.9
              }
            },
            "decode": {
              "phase": "decode",
              "gpu_type": "l4",
              "node_group": "ganymede",
              "tp": 1,
              "freq_mhz": 2040,
              "rec_freq_mhz": 2040,
              "is_safe": true,
              "p_violate": 0.1408,
              "rho_phase": 0.0103,
              "rho_total": 0.5602,
              "latency_ms": 158.2,
              "power_per_gpu_w": 70.6,
              "total_power_w": 70.6,
              "p99_tpot_ms": 158.2,
              "p_saturated": 0.585307,
              "p_saturated_min": 0.490991,
              "p_saturated_max": 0.805658,
              "saturation_threshold": 0.3,
              "saturation_safe": false,
              "per_seed": [
                {
                  "seed": 3,
                  "probability": 0.59493
                },
                {
                  "seed": 7,
                  "probability": 0.509557
                },
                {
                  "seed": 11,
                  "probability": 0.5254
                },
                {
                  "seed": 19,
                  "probability": 0.490991
                },
                {
                  "seed": 23,
                  "probability": 0.805658
                }
              ],
              "instance_count": 4,
              "effective_request_rate_per_instance": 0.5
            },
            "latency_safe": true,
            "saturation_safe": false,
            "is_safe": false,
            "predicted_joint_latency_violation_probability": 0.242615,
            "predicted_joint_saturation_probability": 0.59797,
            "predicted_overload_violation_probability": 0.695509,
            "predicted_ttft_excess_ratio": 0.0,
            "predicted_tpot_excess_ratio": 0.0,
            "predicted_max_slo_excess_ratio": 0.0,
            "predicted_cluster_power_w": 1272.8,
            "predicted_energy_per_request_j": 636.4
          }
        ],
        "num_candidates": 100,
        "num_latency_safe": 4,
        "num_saturation_safe": 0,
        "num_safe": 0
      },
      "performance": {
        "successful_requests": 24,
        "failed_requests": 0,
        "benchmark_duration_s": 20.16,
        "request_throughput_rps": 1.19,
        "output_token_throughput_tps": 152.38,
        "total_token_throughput_tps": 2589.2,
        "p99_ttft_ms": 442.58,
        "p99_tpot_ms": 64.46,
        "p99_itl_ms": 72.43,
        "throughput_ratio": 0.595,
        "measured_saturated": null,
        "saturation_assessment": "INCONCLUSIVE_FINITE_POISSON",
        "ttft_slo_ok": true,
        "tpot_slo_ok": true
      },
      "telemetry": {
        "decode_ganymede_decode-2": {
          "samples": 69,
          "target_freq_mhz": 2040.0,
          "gpu_util_avg_pct": 37.333333333333336,
          "gpu_util_max_pct": 100.0,
          "gpu_power_avg_w": 45.74217391304348,
          "gpu_power_max_w": 72.33,
          "gpu_sm_clock_avg_mhz": 1876.9565217391305,
          "gpu_sm_clock_max_mhz": 2040.0,
          "gpu_sm_clock_min_mhz": 1485.0,
          "gpu_memory_used_avg_mib": 21717.0,
          "gpu_memory_used_max_mib": 21717.0,
          "gpu_mem_util_avg_pct": 37.55072463768116,
          "gpu_mem_util_max_pct": 100.0,
          "gpu_power_limit_avg_w": 72.0,
          "gpu_power_limit_max_w": 72.0,
          "gpu_mem_clock_avg_mhz": 6251.0,
          "gpu_mem_clock_max_mhz": 6251.0,
          "gpu_temperature_avg_c": 64.66666666666667,
          "gpu_temperature_max_c": 69.0,
          "network_rx_bytes": 7028266174.0,
          "network_tx_bytes": 17615174.0,
          "gpu_pstate_mode": "P0"
        },
        "decode_ganymede_decode-3": {
          "samples": 69,
          "target_freq_mhz": 2040.0,
          "gpu_util_avg_pct": 37.666666666666664,
          "gpu_util_max_pct": 100.0,
          "gpu_power_avg_w": 44.711304347826086,
          "gpu_power_max_w": 72.25,
          "gpu_sm_clock_avg_mhz": 1906.0869565217392,
          "gpu_sm_clock_max_mhz": 2040.0,
          "gpu_sm_clock_min_mhz": 1515.0,
          "gpu_memory_used_avg_mib": 21717.0,
          "gpu_memory_used_max_mib": 21717.0,
          "gpu_mem_util_avg_pct": 37.68115942028985,
          "gpu_mem_util_max_pct": 100.0,
          "gpu_power_limit_avg_w": 72.0,
          "gpu_power_limit_max_w": 72.0,
          "gpu_mem_clock_avg_mhz": 6251.0,
          "gpu_mem_clock_max_mhz": 6251.0,
          "gpu_temperature_avg_c": 50.492753623188406,
          "gpu_temperature_max_c": 54.0,
          "network_rx_bytes": 7028302584.0,
          "network_tx_bytes": 17666331.0,
          "gpu_pstate_mode": "P0"
        },
        "decode_ganymede_decode-4": {
          "samples": 68,
          "target_freq_mhz": 2040.0,
          "gpu_util_avg_pct": 57.279411764705884,
          "gpu_util_max_pct": 100.0,
          "gpu_power_avg_w": 52.14985294117647,
          "gpu_power_max_w": 72.66,
          "gpu_sm_clock_avg_mhz": 1839.0441176470588,
          "gpu_sm_clock_max_mhz": 2040.0,
          "gpu_sm_clock_min_mhz": 1560.0,
          "gpu_memory_used_avg_mib": 21825.0,
          "gpu_memory_used_max_mib": 21825.0,
          "gpu_mem_util_avg_pct": 54.4264705882353,
          "gpu_mem_util_max_pct": 100.0,
          "gpu_power_limit_avg_w": 72.0,
          "gpu_power_limit_max_w": 72.0,
          "gpu_mem_clock_avg_mhz": 6251.0,
          "gpu_mem_clock_max_mhz": 6251.0,
          "gpu_temperature_avg_c": 46.161764705882355,
          "gpu_temperature_max_c": 50.0,
          "network_rx_bytes": 7028266174.0,
          "network_tx_bytes": 17615174.0,
          "gpu_pstate_mode": "P0"
        },
        "decode_ganymede": {
          "samples": 69,
          "target_freq_mhz": 2040.0,
          "gpu_util_avg_pct": 37.231884057971016,
          "gpu_util_max_pct": 100.0,
          "gpu_power_avg_w": 46.679855072463766,
          "gpu_power_max_w": 72.31,
          "gpu_sm_clock_avg_mhz": 1863.0434782608695,
          "gpu_sm_clock_max_mhz": 2040.0,
          "gpu_sm_clock_min_mhz": 1470.0,
          "gpu_memory_used_avg_mib": 21713.0,
          "gpu_memory_used_max_mib": 21713.0,
          "gpu_mem_util_avg_pct": 37.26086956521739,
          "gpu_mem_util_max_pct": 100.0,
          "gpu_power_limit_avg_w": 72.0,
          "gpu_power_limit_max_w": 72.0,
          "gpu_mem_clock_avg_mhz": 6251.0,
          "gpu_mem_clock_max_mhz": 6251.0,
          "gpu_temperature_avg_c": 65.73913043478261,
          "gpu_temperature_max_c": 70.0,
          "network_rx_bytes": 7028266174.0,
          "network_tx_bytes": 17615174.0,
          "gpu_pstate_mode": "P0"
        },
        "prefill_neptune_prefill-2": {
          "samples": 76,
          "target_freq_mhz": 1755.0,
          "gpu_util_avg_pct": 2.6447368421052633,
          "gpu_util_max_pct": 93.0,
          "gpu_power_avg_w": 69.27276315789473,
          "gpu_power_max_w": 132.49,
          "gpu_sm_clock_avg_mhz": 1765.0657894736842,
          "gpu_sm_clock_max_mhz": 2520.0,
          "gpu_sm_clock_min_mhz": 1755.0,
          "gpu_memory_used_avg_mib": 38379.31578947369,
          "gpu_memory_used_max_mib": 38411.0,
          "gpu_mem_util_avg_pct": 1.0921052631578947,
          "gpu_mem_util_max_pct": 43.0,
          "gpu_power_limit_avg_w": 350.0,
          "gpu_power_limit_max_w": 350.0,
          "gpu_mem_clock_avg_mhz": 9001.0,
          "gpu_mem_clock_max_mhz": 9001.0,
          "gpu_temperature_avg_c": 31.210526315789473,
          "gpu_temperature_max_c": 38.0,
          "network_rx_bytes": 9626833.0,
          "network_tx_bytes": 7021280600.0,
          "gpu_pstate_mode": "P0"
        },
        "prefill_neptune_prefill-3": {
          "samples": 77,
          "target_freq_mhz": 1755.0,
          "gpu_util_avg_pct": 0.9090909090909091,
          "gpu_util_max_pct": 70.0,
          "gpu_power_avg_w": 68.73792207792208,
          "gpu_power_max_w": 128.85,
          "gpu_sm_clock_avg_mhz": 1764.935064935065,
          "gpu_sm_clock_max_mhz": 2520.0,
          "gpu_sm_clock_min_mhz": 1755.0,
          "gpu_memory_used_avg_mib": 38376.94805194805,
          "gpu_memory_used_max_mib": 38469.0,
          "gpu_mem_util_avg_pct": 0.14285714285714285,
          "gpu_mem_util_max_pct": 11.0,
          "gpu_power_limit_avg_w": 350.0,
          "gpu_power_limit_max_w": 350.0,
          "gpu_mem_clock_avg_mhz": 9001.0,
          "gpu_mem_clock_max_mhz": 9001.0,
          "gpu_temperature_avg_c": 30.98701298701299,
          "gpu_temperature_max_c": 32.0,
          "network_rx_bytes": 9626833.0,
          "network_tx_bytes": 7021280600.0,
          "gpu_pstate_mode": "P0"
        },
        "prefill_neptune_prefill-4": {
          "samples": 77,
          "target_freq_mhz": 1755.0,
          "gpu_util_avg_pct": 2.220779220779221,
          "gpu_util_max_pct": 96.0,
          "gpu_power_avg_w": 70.26493506493507,
          "gpu_power_max_w": 133.92,
          "gpu_sm_clock_avg_mhz": 1755.0,
          "gpu_sm_clock_max_mhz": 1755.0,
          "gpu_sm_clock_min_mhz": 1755.0,
          "gpu_memory_used_avg_mib": 38067.90909090909,
          "gpu_memory_used_max_mib": 38117.0,
          "gpu_mem_util_avg_pct": 0.7922077922077922,
          "gpu_mem_util_max_pct": 44.0,
          "gpu_power_limit_avg_w": 350.0,
          "gpu_power_limit_max_w": 350.0,
          "gpu_mem_clock_avg_mhz": 9001.0,
          "gpu_mem_clock_max_mhz": 9001.0,
          "gpu_temperature_avg_c": 30.961038961038962,
          "gpu_temperature_max_c": 33.0,
          "network_rx_bytes": 9626833.0,
          "network_tx_bytes": 7021280600.0,
          "gpu_pstate_mode": "P0"
        },
        "prefill_neptune": {
          "samples": 77,
          "target_freq_mhz": 1755.0,
          "gpu_util_avg_pct": 4.857142857142857,
          "gpu_util_max_pct": 94.0,
          "gpu_power_avg_w": 68.3925974025974,
          "gpu_power_max_w": 128.94,
          "gpu_sm_clock_avg_mhz": 1764.935064935065,
          "gpu_sm_clock_max_mhz": 2520.0,
          "gpu_sm_clock_min_mhz": 1755.0,
          "gpu_memory_used_avg_mib": 38372.454545454544,
          "gpu_memory_used_max_mib": 38439.0,
          "gpu_mem_util_avg_pct": 1.7402597402597402,
          "gpu_mem_util_max_pct": 44.0,
          "gpu_power_limit_avg_w": 350.0,
          "gpu_power_limit_max_w": 350.0,
          "gpu_mem_clock_avg_mhz": 9001.0,
          "gpu_mem_clock_max_mhz": 9001.0,
          "gpu_temperature_avg_c": 30.337662337662337,
          "gpu_temperature_max_c": 37.0,
          "network_rx_bytes": 9626833.0,
          "network_tx_bytes": 7021280600.0,
          "gpu_pstate_mode": "P0"
        }
      },
      "energy": {
        "gpu_stream_count": 8,
        "covered_gpu_stream_count": 8,
        "min_gpu_coverage_ratio": 1.0,
        "neptune_energy_j": 12534.125043981629,
        "ganymede_energy_j": 8776.43061592502,
        "combined_energy_j": 21310.555659906648,
        "combined_avg_power_w": 471.98400722212614,
        "energy_per_request_j": 887.939819162777
      },
      "summary": {
        "seq": 13,
        "workload_id": "very_long_prompt_capacity",
        "input_len": 2048,
        "output_len": 128,
        "configured_request_rate_rps": 2.0,
        "decision_status": "OVERLOAD_FALLBACK",
        "decision_mode": "overload_min_slo_violation",
        "num_candidates": 100,
        "num_safe": 0,
        "recommended_is_safe": false,
        "prefill_gpu": "l40s",
        "prefill_instances": 4,
        "prefill_request_rate_per_instance_rps": 0.5,
        "prefill_target_freq_mhz": 1755,
        "prefill_predicted_p99_ttft_ms": 461.4,
        "prefill_predicted_p99_queue_plus_prefill_ms": 372.2,
        "predicted_kv_transfer_ms": 89.196031,
        "predicted_dispatch_ms": 0.0,
        "kv_bytes_per_token": 131072,
        "kv_total_bytes": 268435456,
        "kv_effective_bandwidth_gbps": 24.076,
        "prefill_predicted_p_saturated": 0.030326,
        "decode_gpu": "l4",
        "decode_instances": 4,
        "decode_request_rate_per_instance_rps": 0.5,
        "decode_target_freq_mhz": 2040,
        "decode_predicted_p99_tpot_ms": 158.2,
        "decode_predicted_p_saturated": 0.585307,
        "predicted_cluster_power_w": 1070.0,
        "actual_successful_requests": 24,
        "actual_failed_requests": 0,
        "actual_benchmark_duration_s": 20.16,
        "actual_request_throughput_rps": 1.19,
        "actual_output_token_throughput_tps": 152.38,
        "actual_total_token_throughput_tps": 2589.2,
        "actual_p99_ttft_ms": 442.58,
        "actual_p99_tpot_ms": 64.46,
        "actual_p99_itl_ms": 72.43,
        "actual_throughput_ratio": 0.595,
        "actual_measured_saturated": null,
        "actual_saturation_assessment": "INCONCLUSIVE_FINITE_POISSON",
        "actual_ttft_slo_ok": true,
        "actual_tpot_slo_ok": true,
        "decode_ganymede_decode-2_samples": 69,
        "decode_ganymede_decode-2_target_freq_mhz": 2040.0,
        "decode_ganymede_decode-2_gpu_util_avg_pct": 37.333333,
        "decode_ganymede_decode-2_gpu_util_max_pct": 100.0,
        "decode_ganymede_decode-2_gpu_power_avg_w": 45.742174,
        "decode_ganymede_decode-2_gpu_power_max_w": 72.33,
        "decode_ganymede_decode-2_gpu_sm_clock_avg_mhz": 1876.956522,
        "decode_ganymede_decode-2_gpu_sm_clock_max_mhz": 2040.0,
        "decode_ganymede_decode-2_gpu_sm_clock_min_mhz": 1485.0,
        "decode_ganymede_decode-2_gpu_memory_used_avg_mib": 21717.0,
        "decode_ganymede_decode-2_gpu_memory_used_max_mib": 21717.0,
        "decode_ganymede_decode-2_gpu_mem_util_avg_pct": 37.550725,
        "decode_ganymede_decode-2_gpu_mem_util_max_pct": 100.0,
        "decode_ganymede_decode-2_gpu_power_limit_avg_w": 72.0,
        "decode_ganymede_decode-2_gpu_power_limit_max_w": 72.0,
        "decode_ganymede_decode-2_gpu_mem_clock_avg_mhz": 6251.0,
        "decode_ganymede_decode-2_gpu_mem_clock_max_mhz": 6251.0,
        "decode_ganymede_decode-2_gpu_temperature_avg_c": 64.666667,
        "decode_ganymede_decode-2_gpu_temperature_max_c": 69.0,
        "decode_ganymede_decode-2_network_rx_bytes": 7028266174.0,
        "decode_ganymede_decode-2_network_tx_bytes": 17615174.0,
        "decode_ganymede_decode-2_gpu_pstate_mode": "P0",
        "decode_ganymede_decode-3_samples": 69,
        "decode_ganymede_decode-3_target_freq_mhz": 2040.0,
        "decode_ganymede_decode-3_gpu_util_avg_pct": 37.666667,
        "decode_ganymede_decode-3_gpu_util_max_pct": 100.0,
        "decode_ganymede_decode-3_gpu_power_avg_w": 44.711304,
        "decode_ganymede_decode-3_gpu_power_max_w": 72.25,
        "decode_ganymede_decode-3_gpu_sm_clock_avg_mhz": 1906.086957,
        "decode_ganymede_decode-3_gpu_sm_clock_max_mhz": 2040.0,
        "decode_ganymede_decode-3_gpu_sm_clock_min_mhz": 1515.0,
        "decode_ganymede_decode-3_gpu_memory_used_avg_mib": 21717.0,
        "decode_ganymede_decode-3_gpu_memory_used_max_mib": 21717.0,
        "decode_ganymede_decode-3_gpu_mem_util_avg_pct": 37.681159,
        "decode_ganymede_decode-3_gpu_mem_util_max_pct": 100.0,
        "decode_ganymede_decode-3_gpu_power_limit_avg_w": 72.0,
        "decode_ganymede_decode-3_gpu_power_limit_max_w": 72.0,
        "decode_ganymede_decode-3_gpu_mem_clock_avg_mhz": 6251.0,
        "decode_ganymede_decode-3_gpu_mem_clock_max_mhz": 6251.0,
        "decode_ganymede_decode-3_gpu_temperature_avg_c": 50.492754,
        "decode_ganymede_decode-3_gpu_temperature_max_c": 54.0,
        "decode_ganymede_decode-3_network_rx_bytes": 7028302584.0,
        "decode_ganymede_decode-3_network_tx_bytes": 17666331.0,
        "decode_ganymede_decode-3_gpu_pstate_mode": "P0",
        "decode_ganymede_decode-4_samples": 68,
        "decode_ganymede_decode-4_target_freq_mhz": 2040.0,
        "decode_ganymede_decode-4_gpu_util_avg_pct": 57.279412,
        "decode_ganymede_decode-4_gpu_util_max_pct": 100.0,
        "decode_ganymede_decode-4_gpu_power_avg_w": 52.149853,
        "decode_ganymede_decode-4_gpu_power_max_w": 72.66,
        "decode_ganymede_decode-4_gpu_sm_clock_avg_mhz": 1839.044118,
        "decode_ganymede_decode-4_gpu_sm_clock_max_mhz": 2040.0,
        "decode_ganymede_decode-4_gpu_sm_clock_min_mhz": 1560.0,
        "decode_ganymede_decode-4_gpu_memory_used_avg_mib": 21825.0,
        "decode_ganymede_decode-4_gpu_memory_used_max_mib": 21825.0,
        "decode_ganymede_decode-4_gpu_mem_util_avg_pct": 54.426471,
        "decode_ganymede_decode-4_gpu_mem_util_max_pct": 100.0,
        "decode_ganymede_decode-4_gpu_power_limit_avg_w": 72.0,
        "decode_ganymede_decode-4_gpu_power_limit_max_w": 72.0,
        "decode_ganymede_decode-4_gpu_mem_clock_avg_mhz": 6251.0,
        "decode_ganymede_decode-4_gpu_mem_clock_max_mhz": 6251.0,
        "decode_ganymede_decode-4_gpu_temperature_avg_c": 46.161765,
        "decode_ganymede_decode-4_gpu_temperature_max_c": 50.0,
        "decode_ganymede_decode-4_network_rx_bytes": 7028266174.0,
        "decode_ganymede_decode-4_network_tx_bytes": 17615174.0,
        "decode_ganymede_decode-4_gpu_pstate_mode": "P0",
        "decode_ganymede_samples": 69,
        "decode_ganymede_target_freq_mhz": 2040.0,
        "decode_ganymede_gpu_util_avg_pct": 37.231884,
        "decode_ganymede_gpu_util_max_pct": 100.0,
        "decode_ganymede_gpu_power_avg_w": 46.679855,
        "decode_ganymede_gpu_power_max_w": 72.31,
        "decode_ganymede_gpu_sm_clock_avg_mhz": 1863.043478,
        "decode_ganymede_gpu_sm_clock_max_mhz": 2040.0,
        "decode_ganymede_gpu_sm_clock_min_mhz": 1470.0,
        "decode_ganymede_gpu_memory_used_avg_mib": 21713.0,
        "decode_ganymede_gpu_memory_used_max_mib": 21713.0,
        "decode_ganymede_gpu_mem_util_avg_pct": 37.26087,
        "decode_ganymede_gpu_mem_util_max_pct": 100.0,
        "decode_ganymede_gpu_power_limit_avg_w": 72.0,
        "decode_ganymede_gpu_power_limit_max_w": 72.0,
        "decode_ganymede_gpu_mem_clock_avg_mhz": 6251.0,
        "decode_ganymede_gpu_mem_clock_max_mhz": 6251.0,
        "decode_ganymede_gpu_temperature_avg_c": 65.73913,
        "decode_ganymede_gpu_temperature_max_c": 70.0,
        "decode_ganymede_network_rx_bytes": 7028266174.0,
        "decode_ganymede_network_tx_bytes": 17615174.0,
        "decode_ganymede_gpu_pstate_mode": "P0",
        "prefill_neptune_prefill-2_samples": 76,
        "prefill_neptune_prefill-2_target_freq_mhz": 1755.0,
        "prefill_neptune_prefill-2_gpu_util_avg_pct": 2.644737,
        "prefill_neptune_prefill-2_gpu_util_max_pct": 93.0,
        "prefill_neptune_prefill-2_gpu_power_avg_w": 69.272763,
        "prefill_neptune_prefill-2_gpu_power_max_w": 132.49,
        "prefill_neptune_prefill-2_gpu_sm_clock_avg_mhz": 1765.065789,
        "prefill_neptune_prefill-2_gpu_sm_clock_max_mhz": 2520.0,
        "prefill_neptune_prefill-2_gpu_sm_clock_min_mhz": 1755.0,
        "prefill_neptune_prefill-2_gpu_memory_used_avg_mib": 38379.315789,
        "prefill_neptune_prefill-2_gpu_memory_used_max_mib": 38411.0,
        "prefill_neptune_prefill-2_gpu_mem_util_avg_pct": 1.092105,
        "prefill_neptune_prefill-2_gpu_mem_util_max_pct": 43.0,
        "prefill_neptune_prefill-2_gpu_power_limit_avg_w": 350.0,
        "prefill_neptune_prefill-2_gpu_power_limit_max_w": 350.0,
        "prefill_neptune_prefill-2_gpu_mem_clock_avg_mhz": 9001.0,
        "prefill_neptune_prefill-2_gpu_mem_clock_max_mhz": 9001.0,
        "prefill_neptune_prefill-2_gpu_temperature_avg_c": 31.210526,
        "prefill_neptune_prefill-2_gpu_temperature_max_c": 38.0,
        "prefill_neptune_prefill-2_network_rx_bytes": 9626833.0,
        "prefill_neptune_prefill-2_network_tx_bytes": 7021280600.0,
        "prefill_neptune_prefill-2_gpu_pstate_mode": "P0",
        "prefill_neptune_prefill-3_samples": 77,
        "prefill_neptune_prefill-3_target_freq_mhz": 1755.0,
        "prefill_neptune_prefill-3_gpu_util_avg_pct": 0.909091,
        "prefill_neptune_prefill-3_gpu_util_max_pct": 70.0,
        "prefill_neptune_prefill-3_gpu_power_avg_w": 68.737922,
        "prefill_neptune_prefill-3_gpu_power_max_w": 128.85,
        "prefill_neptune_prefill-3_gpu_sm_clock_avg_mhz": 1764.935065,
        "prefill_neptune_prefill-3_gpu_sm_clock_max_mhz": 2520.0,
        "prefill_neptune_prefill-3_gpu_sm_clock_min_mhz": 1755.0,
        "prefill_neptune_prefill-3_gpu_memory_used_avg_mib": 38376.948052,
        "prefill_neptune_prefill-3_gpu_memory_used_max_mib": 38469.0,
        "prefill_neptune_prefill-3_gpu_mem_util_avg_pct": 0.142857,
        "prefill_neptune_prefill-3_gpu_mem_util_max_pct": 11.0,
        "prefill_neptune_prefill-3_gpu_power_limit_avg_w": 350.0,
        "prefill_neptune_prefill-3_gpu_power_limit_max_w": 350.0,
        "prefill_neptune_prefill-3_gpu_mem_clock_avg_mhz": 9001.0,
        "prefill_neptune_prefill-3_gpu_mem_clock_max_mhz": 9001.0,
        "prefill_neptune_prefill-3_gpu_temperature_avg_c": 30.987013,
        "prefill_neptune_prefill-3_gpu_temperature_max_c": 32.0,
        "prefill_neptune_prefill-3_network_rx_bytes": 9626833.0,
        "prefill_neptune_prefill-3_network_tx_bytes": 7021280600.0,
        "prefill_neptune_prefill-3_gpu_pstate_mode": "P0",
        "prefill_neptune_prefill-4_samples": 77,
        "prefill_neptune_prefill-4_target_freq_mhz": 1755.0,
        "prefill_neptune_prefill-4_gpu_util_avg_pct": 2.220779,
        "prefill_neptune_prefill-4_gpu_util_max_pct": 96.0,
        "prefill_neptune_prefill-4_gpu_power_avg_w": 70.264935,
        "prefill_neptune_prefill-4_gpu_power_max_w": 133.92,
        "prefill_neptune_prefill-4_gpu_sm_clock_avg_mhz": 1755.0,
        "prefill_neptune_prefill-4_gpu_sm_clock_max_mhz": 1755.0,
        "prefill_neptune_prefill-4_gpu_sm_clock_min_mhz": 1755.0,
        "prefill_neptune_prefill-4_gpu_memory_used_avg_mib": 38067.909091,
        "prefill_neptune_prefill-4_gpu_memory_used_max_mib": 38117.0,
        "prefill_neptune_prefill-4_gpu_mem_util_avg_pct": 0.792208,
        "prefill_neptune_prefill-4_gpu_mem_util_max_pct": 44.0,
        "prefill_neptune_prefill-4_gpu_power_limit_avg_w": 350.0,
        "prefill_neptune_prefill-4_gpu_power_limit_max_w": 350.0,
        "prefill_neptune_prefill-4_gpu_mem_clock_avg_mhz": 9001.0,
        "prefill_neptune_prefill-4_gpu_mem_clock_max_mhz": 9001.0,
        "prefill_neptune_prefill-4_gpu_temperature_avg_c": 30.961039,
        "prefill_neptune_prefill-4_gpu_temperature_max_c": 33.0,
        "prefill_neptune_prefill-4_network_rx_bytes": 9626833.0,
        "prefill_neptune_prefill-4_network_tx_bytes": 7021280600.0,
        "prefill_neptune_prefill-4_gpu_pstate_mode": "P0",
        "prefill_neptune_samples": 77,
        "prefill_neptune_target_freq_mhz": 1755.0,
        "prefill_neptune_gpu_util_avg_pct": 4.857143,
        "prefill_neptune_gpu_util_max_pct": 94.0,
        "prefill_neptune_gpu_power_avg_w": 68.392597,
        "prefill_neptune_gpu_power_max_w": 128.94,
        "prefill_neptune_gpu_sm_clock_avg_mhz": 1764.935065,
        "prefill_neptune_gpu_sm_clock_max_mhz": 2520.0,
        "prefill_neptune_gpu_sm_clock_min_mhz": 1755.0,
        "prefill_neptune_gpu_memory_used_avg_mib": 38372.454545,
        "prefill_neptune_gpu_memory_used_max_mib": 38439.0,
        "prefill_neptune_gpu_mem_util_avg_pct": 1.74026,
        "prefill_neptune_gpu_mem_util_max_pct": 44.0,
        "prefill_neptune_gpu_power_limit_avg_w": 350.0,
        "prefill_neptune_gpu_power_limit_max_w": 350.0,
        "prefill_neptune_gpu_mem_clock_avg_mhz": 9001.0,
        "prefill_neptune_gpu_mem_clock_max_mhz": 9001.0,
        "prefill_neptune_gpu_temperature_avg_c": 30.337662,
        "prefill_neptune_gpu_temperature_max_c": 37.0,
        "prefill_neptune_network_rx_bytes": 9626833.0,
        "prefill_neptune_network_tx_bytes": 7021280600.0,
        "prefill_neptune_gpu_pstate_mode": "P0",
        "gpu_stream_count": 8,
        "covered_gpu_stream_count": 8,
        "min_gpu_coverage_ratio": 1.0,
        "neptune_energy_j": 12534.125044,
        "ganymede_energy_j": 8776.430616,
        "combined_energy_j": 21310.55566,
        "combined_avg_power_w": 471.984007,
        "energy_per_request_j": 887.939819
      }
    },
    {
      "workload": {
        "seq": 14,
        "workload_id": "recovery_short",
        "input_len": 32,
        "output_len": 32,
        "configured_request_rate_rps": 1.0,
        "decision_status": "OK",
        "decision_mode": "safe_min_power",
        "num_candidates": 100,
        "num_safe": 90
      },
      "decision": {
        "status": "OK",
        "decision_mode": "safe_min_power",
        "policy": "latency_plus_saturation",
        "placement": "l40s-prefill-l4-decode",
        "workload": {
          "il": 32,
          "ol": 32,
          "rate": 1.0
        },
        "instances": {
          "prefill": 1,
          "decode": 1
        },
        "slos": {
          "ttft_ms": 500,
          "tpot_ms": 200
        },
        "kv_transfer_model": {
          "enabled": true,
          "formula": "T_kv = input_tokens * (2 * layers * num_kv_heads * head_dim * bytes_per_element) * 8 / effective_bandwidth_gbps",
          "ttft_formula": "predicted_p99_ttft = predicted_p99_queue_plus_prefill + T_kv + T_dispatch",
          "input_tokens": 32,
          "num_layers": 32,
          "num_kv_heads": 8,
          "head_dim": 128,
          "bytes_per_element": 2,
          "kv_bytes_per_token": 131072,
          "kv_total_bytes": 4194304,
          "effective_bandwidth_gbps": 24.076,
          "kv_transfer_ms": 1.393688,
          "dispatch_ms": 0.0
        },
        "saturation_threshold": 0.3,
        "tp_per_role": 1,
        "recommended": {
          "prefill": {
            "phase": "prefill",
            "gpu_type": "l40s",
            "node_group": "neptune",
            "tp": 1,
            "freq_mhz": 480,
            "rec_freq_mhz": 480,
            "is_safe": true,
            "p_violate": 0.0047,
            "rho_phase": 0.0309,
            "rho_total": 0.0402,
            "latency_ms": 112.4,
            "power_per_gpu_w": 104.9,
            "total_power_w": 104.9,
            "p99_ttft_ms": 113.8,
            "p_saturated": 0.024298,
            "p_saturated_min": 0.016867,
            "p_saturated_max": 0.035167,
            "saturation_threshold": 0.3,
            "saturation_safe": true,
            "per_seed": [
              {
                "seed": 3,
                "probability": 0.035167
              },
              {
                "seed": 7,
                "probability": 0.020341
              },
              {
                "seed": 11,
                "probability": 0.016867
              },
              {
                "seed": 19,
                "probability": 0.030239
              },
              {
                "seed": 23,
                "probability": 0.018878
              }
            ],
            "instance_count": 1,
            "effective_request_rate_per_instance": 1.0,
            "p99_queue_plus_prefill_ms": 112.4,
            "kv_transfer_ms": 1.393688,
            "dispatch_ms": 0.0,
            "ttft_components_ms": {
              "queue_plus_prefill": 112.4,
              "kv_transfer": 1.393688,
              "dispatch": 0.0,
              "total": 113.8
            }
          },
          "decode": {
            "phase": "decode",
            "gpu_type": "l4",
            "node_group": "ganymede",
            "tp": 1,
            "freq_mhz": 360,
            "rec_freq_mhz": 360,
            "is_safe": true,
            "p_violate": 0.0711,
            "rho_phase": 0.0098,
            "rho_total": 0.0426,
            "latency_ms": 154.4,
            "power_per_gpu_w": 42.9,
            "total_power_w": 42.9,
            "p99_tpot_ms": 154.4,
            "p_saturated": 0.079869,
            "p_saturated_min": 0.072337,
            "p_saturated_max": 0.084664,
            "saturation_threshold": 0.3,
            "saturation_safe": true,
            "per_seed": [
              {
                "seed": 3,
                "probability": 0.081018
              },
              {
                "seed": 7,
                "probability": 0.076868
              },
              {
                "seed": 11,
                "probability": 0.084664
              },
              {
                "seed": 19,
                "probability": 0.084456
              },
              {
                "seed": 23,
                "probability": 0.072337
              }
            ],
            "instance_count": 1,
            "effective_request_rate_per_instance": 1.0
          },
          "latency_safe": true,
          "saturation_safe": true,
          "is_safe": true,
          "predicted_joint_latency_violation_probability": 0.075466,
          "predicted_joint_saturation_probability": 0.102226,
          "predicted_overload_violation_probability": 0.169978,
          "predicted_ttft_excess_ratio": 0.0,
          "predicted_tpot_excess_ratio": 0.0,
          "predicted_max_slo_excess_ratio": 0.0,
          "predicted_cluster_power_w": 147.8,
          "predicted_energy_per_request_j": 147.8
        },
        "alternatives": [
          {
            "prefill": {
              "phase": "prefill",
              "gpu_type": "l40s",
              "node_group": "neptune",
              "tp": 1,
              "freq_mhz": 480,
              "rec_freq_mhz": 480,
              "is_safe": true,
              "p_violate": 0.0047,
              "rho_phase": 0.0309,
              "rho_total": 0.0402,
              "latency_ms": 112.4,
              "power_per_gpu_w": 104.9,
              "total_power_w": 104.9,
              "p99_ttft_ms": 113.8,
              "p_saturated": 0.024298,
              "p_saturated_min": 0.016867,
              "p_saturated_max": 0.035167,
              "saturation_threshold": 0.3,
              "saturation_safe": true,
              "per_seed": [
                {
                  "seed": 3,
                  "probability": 0.035167
                },
                {
                  "seed": 7,
                  "probability": 0.020341
                },
                {
                  "seed": 11,
                  "probability": 0.016867
                },
                {
                  "seed": 19,
                  "probability": 0.030239
                },
                {
                  "seed": 23,
                  "probability": 0.018878
                }
              ],
              "instance_count": 1,
              "effective_request_rate_per_instance": 1.0,
              "p99_queue_plus_prefill_ms": 112.4,
              "kv_transfer_ms": 1.393688,
              "dispatch_ms": 0.0,
              "ttft_components_ms": {
                "queue_plus_prefill": 112.4,
                "kv_transfer": 1.393688,
                "dispatch": 0.0,
                "total": 113.8
              }
            },
            "decode": {
              "phase": "decode",
              "gpu_type": "l4",
              "node_group": "ganymede",
              "tp": 1,
              "freq_mhz": 570,
              "rec_freq_mhz": 570,
              "is_safe": true,
              "p_violate": 0.0037,
              "rho_phase": 0.0116,
              "rho_total": 0.0503,
              "latency_ms": 151.6,
              "power_per_gpu_w": 43.1,
              "total_power_w": 43.1,
              "p99_tpot_ms": 151.6,
              "p_saturated": 0.076707,
              "p_saturated_min": 0.072337,
              "p_saturated_max": 0.084456,
              "saturation_threshold": 0.3,
              "saturation_safe": true,
              "per_seed": [
                {
                  "seed": 3,
                  "probability": 0.076162
                },
                {
                  "seed": 7,
                  "probability": 0.076868
                },
                {
                  "seed": 11,
                  "probability": 0.073713
                },
                {
                  "seed": 19,
                  "probability": 0.084456
                },
                {
                  "seed": 23,
                  "probability": 0.072337
                }
              ],
              "instance_count": 1,
              "effective_request_rate_per_instance": 1.0
            },
            "latency_safe": true,
            "saturation_safe": true,
            "is_safe": true,
            "predicted_joint_latency_violation_probability": 0.008383,
            "predicted_joint_saturation_probability": 0.099141,
            "predicted_overload_violation_probability": 0.106693,
            "predicted_ttft_excess_ratio": 0.0,
            "predicted_tpot_excess_ratio": 0.0,
            "predicted_max_slo_excess_ratio": 0.0,
            "predicted_cluster_power_w": 148.0,
            "predicted_energy_per_request_j": 148.0
          },
          {
            "prefill": {
              "phase": "prefill",
              "gpu_type": "l40s",
              "node_group": "neptune",
              "tp": 1,
              "freq_mhz": 210,
              "rec_freq_mhz": 210,
              "is_safe": true,
              "p_violate": 0.0232,
              "rho_phase": 0.0518,
              "rho_total": 0.0673,
              "latency_ms": 135.9,
              "power_per_gpu_w": 105.7,
              "total_power_w": 105.7,
              "p99_ttft_ms": 137.3,
              "p_saturated": 0.108784,
              "p_saturated_min": 0.065579,
              "p_saturated_max": 0.231864,
              "saturation_threshold": 0.3,
              "saturation_safe": true,
              "per_seed": [
                {
                  "seed": 3,
                  "probability": 0.091974
                },
                {
                  "seed": 7,
                  "probability": 0.231864
                },
                {
                  "seed": 11,
                  "probability": 0.083063
                },
                {
                  "seed": 19,
                  "probability": 0.065579
                },
                {
                  "seed": 23,
                  "probability": 0.071438
                }
              ],
              "instance_count": 1,
              "effective_request_rate_per_instance": 1.0,
              "p99_queue_plus_prefill_ms": 135.9,
              "kv_transfer_ms": 1.393688,
              "dispatch_ms": 0.0,
              "ttft_components_ms": {
                "queue_plus_prefill": 135.9,
                "kv_transfer": 1.393688,
                "dispatch": 0.0,
                "total": 137.3
              }
            },
            "decode": {
              "phase": "decode",
              "gpu_type": "l4",
              "node_group": "ganymede",
              "tp": 1,
              "freq_mhz": 360,
              "rec_freq_mhz": 360,
              "is_safe": true,
              "p_violate": 0.0711,
              "rho_phase": 0.0098,
              "rho_total": 0.0426,
              "latency_ms": 154.4,
              "power_per_gpu_w": 42.9,
              "total_power_w": 42.9,
              "p99_tpot_ms": 154.4,
              "p_saturated": 0.079869,
              "p_saturated_min": 0.072337,
              "p_saturated_max": 0.084664,
              "saturation_threshold": 0.3,
              "saturation_safe": true,
              "per_seed": [
                {
                  "seed": 3,
                  "probability": 0.081018
                },
                {
                  "seed": 7,
                  "probability": 0.076868
                },
                {
                  "seed": 11,
                  "probability": 0.084664
                },
                {
                  "seed": 19,
                  "probability": 0.084456
                },
                {
                  "seed": 23,
                  "probability": 0.072337
                }
              ],
              "instance_count": 1,
              "effective_request_rate_per_instance": 1.0
            },
            "latency_safe": true,
            "saturation_safe": true,
            "is_safe": true,
            "predicted_joint_latency_violation_probability": 0.09265,
            "predicted_joint_saturation_probability": 0.179965,
            "predicted_overload_violation_probability": 0.255941,
            "predicted_ttft_excess_ratio": 0.0,
            "predicted_tpot_excess_ratio": 0.0,
            "predicted_max_slo_excess_ratio": 0.0,
            "predicted_cluster_power_w": 148.6,
            "predicted_energy_per_request_j": 148.6
          },
          {
            "prefill": {
              "phase": "prefill",
              "gpu_type": "l40s",
              "node_group": "neptune",
              "tp": 1,
              "freq_mhz": 210,
              "rec_freq_mhz": 210,
              "is_safe": true,
              "p_violate": 0.0232,
              "rho_phase": 0.0518,
              "rho_total": 0.0673,
              "latency_ms": 135.9,
              "power_per_gpu_w": 105.7,
              "total_power_w": 105.7,
              "p99_ttft_ms": 137.3,
              "p_saturated": 0.108784,
              "p_saturated_min": 0.065579,
              "p_saturated_max": 0.231864,
              "saturation_threshold": 0.3,
              "saturation_safe": true,
              "per_seed": [
                {
                  "seed": 3,
                  "probability": 0.091974
                },
                {
                  "seed": 7,
                  "probability": 0.231864
                },
                {
                  "seed": 11,
                  "probability": 0.083063
                },
                {
                  "seed": 19,
                  "probability": 0.065579
                },
                {
                  "seed": 23,
                  "probability": 0.071438
                }
              ],
              "instance_count": 1,
              "effective_request_rate_per_instance": 1.0,
              "p99_queue_plus_prefill_ms": 135.9,
              "kv_transfer_ms": 1.393688,
              "dispatch_ms": 0.0,
              "ttft_components_ms": {
                "queue_plus_prefill": 135.9,
                "kv_transfer": 1.393688,
                "dispatch": 0.0,
                "total": 137.3
              }
            },
            "decode": {
              "phase": "decode",
              "gpu_type": "l4",
              "node_group": "ganymede",
              "tp": 1,
              "freq_mhz": 570,
              "rec_freq_mhz": 570,
              "is_safe": true,
              "p_violate": 0.0037,
              "rho_phase": 0.0116,
              "rho_total": 0.0503,
              "latency_ms": 151.6,
              "power_per_gpu_w": 43.1,
              "total_power_w": 43.1,
              "p99_tpot_ms": 151.6,
              "p_saturated": 0.076707,
              "p_saturated_min": 0.072337,
              "p_saturated_max": 0.084456,
              "saturation_threshold": 0.3,
              "saturation_safe": true,
              "per_seed": [
                {
                  "seed": 3,
                  "probability": 0.076162
                },
                {
                  "seed": 7,
                  "probability": 0.076868
                },
                {
                  "seed": 11,
                  "probability": 0.073713
                },
                {
                  "seed": 19,
                  "probability": 0.084456
                },
                {
                  "seed": 23,
                  "probability": 0.072337
                }
              ],
              "instance_count": 1,
              "effective_request_rate_per_instance": 1.0
            },
            "latency_safe": true,
            "saturation_safe": true,
            "is_safe": true,
            "predicted_joint_latency_violation_probability": 0.026814,
            "predicted_joint_saturation_probability": 0.177147,
            "predicted_overload_violation_probability": 0.199211,
            "predicted_ttft_excess_ratio": 0.0,
            "predicted_tpot_excess_ratio": 0.0,
            "predicted_max_slo_excess_ratio": 0.0,
            "predicted_cluster_power_w": 148.8,
            "predicted_energy_per_request_j": 148.8
          }
        ],
        "num_candidates": 100,
        "num_latency_safe": 90,
        "num_saturation_safe": 100,
        "num_safe": 90
      },
      "performance": {
        "successful_requests": 15,
        "failed_requests": 0,
        "benchmark_duration_s": 17.19,
        "request_throughput_rps": 0.87,
        "output_token_throughput_tps": 27.92,
        "total_token_throughput_tps": 54.96,
        "p99_ttft_ms": 267.55,
        "p99_tpot_ms": 64.71,
        "p99_itl_ms": 73.16,
        "throughput_ratio": 0.87,
        "measured_saturated": null,
        "saturation_assessment": "INCONCLUSIVE_FINITE_POISSON",
        "ttft_slo_ok": true,
        "tpot_slo_ok": true
      },
      "telemetry": {
        "decode_ganymede_decode-2": {
          "samples": 0
        },
        "decode_ganymede_decode-3": {
          "samples": 0
        },
        "decode_ganymede_decode-4": {
          "samples": 0
        },
        "decode_ganymede": {
          "samples": 47,
          "target_freq_mhz": 360.0,
          "gpu_util_avg_pct": 61.276595744680854,
          "gpu_util_max_pct": 100.0,
          "gpu_power_avg_w": 42.07255319148936,
          "gpu_power_max_w": 58.68,
          "gpu_sm_clock_avg_mhz": 360.0,
          "gpu_sm_clock_max_mhz": 360.0,
          "gpu_sm_clock_min_mhz": 360.0,
          "gpu_memory_used_avg_mib": 21713.0,
          "gpu_memory_used_max_mib": 21713.0,
          "gpu_mem_util_avg_pct": 61.38297872340426,
          "gpu_mem_util_max_pct": 100.0,
          "gpu_power_limit_avg_w": 72.0,
          "gpu_power_limit_max_w": 72.0,
          "gpu_mem_clock_avg_mhz": 6251.0,
          "gpu_mem_clock_max_mhz": 6251.0,
          "gpu_temperature_avg_c": 62.723404255319146,
          "gpu_temperature_max_c": 64.0,
          "network_rx_bytes": 73740146.0,
          "network_tx_bytes": 3474460.0,
          "gpu_pstate_mode": "P0"
        },
        "prefill_neptune_prefill-2": {
          "samples": 0
        },
        "prefill_neptune_prefill-3": {
          "samples": 0
        },
        "prefill_neptune_prefill-4": {
          "samples": 0
        },
        "prefill_neptune": {
          "samples": 51,
          "target_freq_mhz": 480.0,
          "gpu_util_avg_pct": 2.5294117647058822,
          "gpu_util_max_pct": 67.0,
          "gpu_power_avg_w": 61.877450980392155,
          "gpu_power_max_w": 68.61,
          "gpu_sm_clock_avg_mhz": 480.0,
          "gpu_sm_clock_max_mhz": 480.0,
          "gpu_sm_clock_min_mhz": 480.0,
          "gpu_memory_used_avg_mib": 38439.0,
          "gpu_memory_used_max_mib": 38439.0,
          "gpu_mem_util_avg_pct": 2.176470588235294,
          "gpu_mem_util_max_pct": 58.0,
          "gpu_power_limit_avg_w": 350.0,
          "gpu_power_limit_max_w": 350.0,
          "gpu_mem_clock_avg_mhz": 9001.0,
          "gpu_mem_clock_max_mhz": 9001.0,
          "gpu_temperature_avg_c": 29.137254901960784,
          "gpu_temperature_max_c": 30.0,
          "network_rx_bytes": 384202.0,
          "network_tx_bytes": 70823339.0,
          "gpu_pstate_mode": "P0"
        }
      },
      "energy": {
        "gpu_stream_count": 8,
        "covered_gpu_stream_count": 8,
        "min_gpu_coverage_ratio": 1.0,
        "neptune_energy_j": 7485.454057449768,
        "ganymede_energy_j": 3785.175224374625,
        "combined_energy_j": 11270.629281824393,
        "combined_avg_power_w": 381.8882856684327,
        "energy_per_request_j": 751.3752854549596
      },
      "summary": {
        "seq": 14,
        "workload_id": "recovery_short",
        "input_len": 32,
        "output_len": 32,
        "configured_request_rate_rps": 1.0,
        "decision_status": "OK",
        "decision_mode": "safe_min_power",
        "num_candidates": 100,
        "num_safe": 90,
        "recommended_is_safe": true,
        "prefill_gpu": "l40s",
        "prefill_instances": 1,
        "prefill_request_rate_per_instance_rps": 1.0,
        "prefill_target_freq_mhz": 480,
        "prefill_predicted_p99_ttft_ms": 113.8,
        "prefill_predicted_p99_queue_plus_prefill_ms": 112.4,
        "predicted_kv_transfer_ms": 1.393688,
        "predicted_dispatch_ms": 0.0,
        "kv_bytes_per_token": 131072,
        "kv_total_bytes": 4194304,
        "kv_effective_bandwidth_gbps": 24.076,
        "prefill_predicted_p_saturated": 0.024298,
        "decode_gpu": "l4",
        "decode_instances": 1,
        "decode_request_rate_per_instance_rps": 1.0,
        "decode_target_freq_mhz": 360,
        "decode_predicted_p99_tpot_ms": 154.4,
        "decode_predicted_p_saturated": 0.079869,
        "predicted_cluster_power_w": 147.8,
        "actual_successful_requests": 15,
        "actual_failed_requests": 0,
        "actual_benchmark_duration_s": 17.19,
        "actual_request_throughput_rps": 0.87,
        "actual_output_token_throughput_tps": 27.92,
        "actual_total_token_throughput_tps": 54.96,
        "actual_p99_ttft_ms": 267.55,
        "actual_p99_tpot_ms": 64.71,
        "actual_p99_itl_ms": 73.16,
        "actual_throughput_ratio": 0.87,
        "actual_measured_saturated": null,
        "actual_saturation_assessment": "INCONCLUSIVE_FINITE_POISSON",
        "actual_ttft_slo_ok": true,
        "actual_tpot_slo_ok": true,
        "decode_ganymede_decode-2_samples": 0,
        "decode_ganymede_decode-3_samples": 0,
        "decode_ganymede_decode-4_samples": 0,
        "decode_ganymede_samples": 47,
        "decode_ganymede_target_freq_mhz": 360.0,
        "decode_ganymede_gpu_util_avg_pct": 61.276596,
        "decode_ganymede_gpu_util_max_pct": 100.0,
        "decode_ganymede_gpu_power_avg_w": 42.072553,
        "decode_ganymede_gpu_power_max_w": 58.68,
        "decode_ganymede_gpu_sm_clock_avg_mhz": 360.0,
        "decode_ganymede_gpu_sm_clock_max_mhz": 360.0,
        "decode_ganymede_gpu_sm_clock_min_mhz": 360.0,
        "decode_ganymede_gpu_memory_used_avg_mib": 21713.0,
        "decode_ganymede_gpu_memory_used_max_mib": 21713.0,
        "decode_ganymede_gpu_mem_util_avg_pct": 61.382979,
        "decode_ganymede_gpu_mem_util_max_pct": 100.0,
        "decode_ganymede_gpu_power_limit_avg_w": 72.0,
        "decode_ganymede_gpu_power_limit_max_w": 72.0,
        "decode_ganymede_gpu_mem_clock_avg_mhz": 6251.0,
        "decode_ganymede_gpu_mem_clock_max_mhz": 6251.0,
        "decode_ganymede_gpu_temperature_avg_c": 62.723404,
        "decode_ganymede_gpu_temperature_max_c": 64.0,
        "decode_ganymede_network_rx_bytes": 73740146.0,
        "decode_ganymede_network_tx_bytes": 3474460.0,
        "decode_ganymede_gpu_pstate_mode": "P0",
        "prefill_neptune_prefill-2_samples": 0,
        "prefill_neptune_prefill-3_samples": 0,
        "prefill_neptune_prefill-4_samples": 0,
        "prefill_neptune_samples": 51,
        "prefill_neptune_target_freq_mhz": 480.0,
        "prefill_neptune_gpu_util_avg_pct": 2.529412,
        "prefill_neptune_gpu_util_max_pct": 67.0,
        "prefill_neptune_gpu_power_avg_w": 61.877451,
        "prefill_neptune_gpu_power_max_w": 68.61,
        "prefill_neptune_gpu_sm_clock_avg_mhz": 480.0,
        "prefill_neptune_gpu_sm_clock_max_mhz": 480.0,
        "prefill_neptune_gpu_sm_clock_min_mhz": 480.0,
        "prefill_neptune_gpu_memory_used_avg_mib": 38439.0,
        "prefill_neptune_gpu_memory_used_max_mib": 38439.0,
        "prefill_neptune_gpu_mem_util_avg_pct": 2.176471,
        "prefill_neptune_gpu_mem_util_max_pct": 58.0,
        "prefill_neptune_gpu_power_limit_avg_w": 350.0,
        "prefill_neptune_gpu_power_limit_max_w": 350.0,
        "prefill_neptune_gpu_mem_clock_avg_mhz": 9001.0,
        "prefill_neptune_gpu_mem_clock_max_mhz": 9001.0,
        "prefill_neptune_gpu_temperature_avg_c": 29.137255,
        "prefill_neptune_gpu_temperature_max_c": 30.0,
        "prefill_neptune_network_rx_bytes": 384202.0,
        "prefill_neptune_network_tx_bytes": 70823339.0,
        "prefill_neptune_gpu_pstate_mode": "P0",
        "gpu_stream_count": 8,
        "covered_gpu_stream_count": 8,
        "min_gpu_coverage_ratio": 1.0,
        "neptune_energy_j": 7485.454057,
        "ganymede_energy_j": 3785.175224,
        "combined_energy_j": 11270.629282,
        "combined_avg_power_w": 381.888286,
        "energy_per_request_j": 751.375285
      }
    }
  ]
}
