mono_s,power_w,sm_mhz,energy_mj
2510544.746,24.85,1500,56465676206
2510544.856,24.85,1500,56465678709
2510544.962,24.85,1500,56465682868
2510545.076,24.85,1500,56465683322
2510545.181,24.85,1500,56465687794
2510545.287,24.85,1500,56465690003
2510545.394,24.85,1500,56465692231
2510545.499,24.85,1500,56465694443
2510545.604,24.85,1500,56465696673
2510545.711,22.33,1500,56465698903
2510545.817,22.33,1050,56465701136
2510545.932,35.26,1050,56465706734
2510546.043,46.82,1050,56465712745
2510546.148,42.13,1050,56465717142
2510546.257,38.87,1050,56465719393
2510546.362,36.53,1050,56465721634
2510546.467,34.79,1050,56465723877
2510546.575,33.44,1050,56465726110
2510546.681,32.37,1050,56465730586
2510546.787,31.48,1050,56465732812
2510546.895,30.73,1050,56465735042
2510547.001,29.03,1050,56465737271
2510547.106,25.99,1050,56465739500
2510547.211,25.99,1050,56465741723
2510547.317,25.99,1050,56465743951
2510547.422,25.99,1050,56465746183
2510547.527,25.99,1050,56465748414
2510547.633,25.99,1050,56465750644
2510547.738,25.99,1050,56465752882
2510547.844,25.99,1050,56465755216
2510547.948,25.99,1050,56465757705
2510548.053,24.71,1500,56465760223
2510548.157,24.71,1500,56465762696
2510548.262,24.71,1500,56465765192
2510548.366,24.71,1500,56465767680
2510548.470,24.71,1500,56465770164
2510548.575,24.71,1500,56465772665
2510548.679,24.71,1500,56465775160
2510548.785,24.71,1500,56465779643
2510548.891,24.71,1500,56465781868
2510548.997,24.71,1500,56465784092
2510549.102,23.64,1050,56465786336
2510549.208,23.64,1050,56465788558
2510549.313,23.64,1050,56465790781
2510549.418,23.64,1050,56465793006
2510549.523,23.64,1050,56465795233
2510549.629,23.64,1050,56465797464
2510549.734,23.64,1050,56465799932
2510549.838,23.64,1050,56465802421
2510549.943,23.64,1050,56465804897
2510550.047,23.49,1500,56465807370
2510550.151,23.49,1500,56465809830
2510550.256,23.49,1500,56465812305
2510550.360,23.49,1500,56465814773
2510550.464,23.49,1500,56465817244
2510550.568,23.49,1500,56465819725
2510550.673,23.49,1500,56465822208
2510550.778,23.49,1500,56465824450
2510550.884,23.49,1500,56465828895
2510550.989,23.49,1500,56465831110
2510551.094,23.44,1050,56465833316
2510551.200,23.44,1050,56465835530
2510551.305,23.44,1050,56465837744
2510551.410,23.44,1050,56465839961
2510551.515,23.44,1050,56465842179
2510551.620,23.44,1050,56465844392
2510551.725,23.44,1050,56465846828
2510551.829,23.44,1050,56465849290
2510551.933,23.44,1050,56465851748
2510552.037,23.44,1500,56465854218
2510552.141,23.44,1500,56465856666
2510552.245,23.44,1500,56465859126
2510552.349,23.44,1500,56465861595
2510552.453,23.44,1500,56465864062
2510552.558,23.44,1500,56465866530
2510552.662,23.44,1500,56465869001
2510552.767,23.44,1500,56465871252
2510552.873,23.44,1500,56465873483
2510552.978,23.44,1500,56465877943
2510553.084,22.54,1050,56465880148
2510553.191,22.54,1050,56465882363
2510553.296,22.54,1050,56465884573
2510553.401,22.54,1050,56465886790
2510553.507,22.54,1050,56465888997
2510553.612,22.54,1050,56465891209
2510553.722,22.54,1050,56465893627
2510553.826,22.54,1050,56465896073
2510553.930,22.54,1050,56465898526
2510554.034,22.54,1050,56465900986
2510554.139,23.55,1500,56465903434
2510554.243,23.55,1500,56465905905
2510554.347,23.55,1500,56465908370
2510554.452,23.55,1500,56465910828
2510554.556,23.55,1500,56465913297
2510554.660,23.55,1500,56465915768
2510554.765,23.55,1500,56465918008
2510554.871,23.55,1500,56465920240
2510554.976,23.55,1500,56465922469
2510555.081,23.54,1050,56465926907
2510555.186,23.54,1050,56465929111
2510555.292,23.54,1050,56465931312
2510555.397,23.54,1050,56465933518
2510555.502,23.54,1050,56465935727
2510555.608,23.54,1050,56465937935
2510555.713,23.54,1050,56465940321
2510555.817,23.54,1050,56465942761
2510555.921,23.54,1050,56465945213
2510556.025,23.54,1050,56465947675
2510556.132,23.59,1500,56465950125
2510556.236,23.59,1500,56465952590
2510556.340,23.59,1500,56465955059
2510556.444,23.59,1500,56465957531
2510556.549,23.59,1500,56465959992
2510556.653,23.59,1500,56465962466
2510556.758,23.59,1500,56465964719
2510556.864,23.59,1500,56465966947
2510556.969,23.59,1500,56465969169
2510557.074,23.55,1050,56465971399
2510557.179,23.55,1050,56465975821
2510557.284,23.55,1050,56465978020
2510557.390,23.55,1050,56465980224
2510557.495,23.55,1050,56465982428
2510557.600,23.55,1050,56465984636
2510557.705,23.55,1050,56465987030
2510557.810,23.55,1050,56465989477
2510557.914,23.55,1050,56465991928
2510558.018,23.55,1050,56465994381
2510558.122,23.50,1500,56465996851
2510558.226,23.50,1500,56465999328
2510558.331,23.50,1500,56466001807
2510558.435,23.50,1500,56466004287
2510558.539,23.50,1500,56466006772
2510558.644,23.50,1500,56466009264
2510558.749,23.50,1500,56466011529
2510558.855,23.50,1500,56466013765
2510558.960,23.50,1500,56466016012
2510559.065,23.49,1050,56466018252
2510559.171,23.49,1050,56466020469
2510559.276,23.49,1050,56466024904
2510559.382,23.49,1050,56466027108
2510559.488,23.49,1050,56466029311
2510559.593,23.49,1050,56466031518
2510559.701,22.61,1035,56466037997
2510559.812,25.23,915,56466045101
2510559.919,27.66,1050,56466052132
2510560.026,29.90,1050,56466059169
2510560.133,31.93,1050,56466066178
2510560.240,44.00,1050,56466073231
2510560.348,46.20,1050,56466080289
2510560.454,49.72,1050,56466087357
2510560.562,51.10,1050,56466094390
2510560.672,52.29,1050,56466101427
2510560.780,70.54,1050,56466115587
2510560.886,70.31,1050,56466122638
2510560.993,70.31,1050,56466129649
2510561.100,70.37,1050,56466136692
2510561.207,70.39,1050,56466143767
2510561.314,70.48,1050,56466150798
2510561.420,70.52,1050,56466157843
2510561.532,70.51,1050,56466164940
2510561.638,70.54,1050,56466171982
2510561.745,70.62,1050,56466179048
2510561.854,70.74,1005,56466186431
2510561.965,70.47,1050,56466193546
2510562.081,69.73,1050,56466205644
2510562.196,68.79,1050,56466211686
2510562.311,67.87,1050,56466217729
2510562.427,66.95,1050,56466223783
2510562.542,66.02,1050,56466229821
2510562.657,65.04,1050,56466235857
2510562.776,63.14,1050,56466247952
2510562.897,62.14,1050,56466254009
2510563.017,60.80,1050,56466260057
2510563.136,60.58,1050,56466266117
2510563.256,60.56,1050,56466272161
2510563.371,60.57,1050,56466284277
2510563.486,60.56,1050,56466290325
2510563.601,60.57,1050,56466296376
2510563.716,60.60,1050,56466302422
2510563.836,60.59,1050,56466308486
2510563.956,60.61,1050,56466314537
2510564.077,60.64,1050,56466326638
2510564.196,60.63,1050,56466332708
2510564.315,60.63,1050,56466338774
2510564.431,60.60,1050,56466344834
2510564.546,60.58,1050,56466350920
2510564.661,60.61,1050,56466356978
2510564.777,60.63,1050,56466369108
2510564.895,60.73,1050,56466375186
2510565.017,60.72,1050,56466381255
2510565.136,60.74,1050,56466387340
2510565.256,60.74,1050,56466393409
2510565.374,60.74,1050,56466405550
2510565.489,60.80,1050,56466411620
2510565.603,60.86,1050,56466417707
2510565.718,60.85,1050,56466423783
2510565.835,60.83,1050,56466429864
2510565.950,60.81,1050,56466435940
2510566.066,60.83,1050,56466442024
2510566.181,60.78,1050,56466454161
2510566.296,60.77,1050,56466460256
2510566.416,60.78,1050,56466466345
2510566.535,60.83,1050,56466472435
2510566.654,60.82,1050,56466478526
2510566.770,60.86,1050,56466490673
2510566.885,60.85,1050,56466496761
2510567.001,60.87,1050,56466502858
2510567.115,60.90,1050,56466508951
2510567.234,60.95,1050,56466515047
2510567.349,60.96,1050,56466521137
2510567.465,61.03,1050,56466527235
2510567.580,61.05,1050,56466539420
2510567.695,61.07,1050,56466545510
2510567.809,61.04,1050,56466551616
2510567.924,61.02,1050,56466557710
2510568.039,61.03,1050,56466563814
2510568.155,61.02,1050,56466569916
2510568.273,61.05,1050,56466582125
2510568.389,61.12,1050,56466588215
2510568.504,61.12,1050,56466594325
2510568.619,61.12,1050,56466600430
2510568.733,61.06,1050,56466606531
2510568.848,61.10,1050,56466612641
2510568.963,61.12,1050,56466618738
2510569.079,61.18,1050,56466630956
2510569.195,61.17,1050,56466637068
2510569.315,61.22,1050,56466643181
2510569.434,61.19,1050,56466649301
2510569.554,61.19,1050,56466655415
2510569.674,61.24,1050,56466667649
2510569.794,61.25,1050,56466673770
2510569.914,61.27,1050,56466679887
2510570.033,61.28,1050,56466686011
2510570.149,61.27,1050,56466692131
2510570.263,61.29,1050,56466698265
2510570.378,61.32,1050,56466710472
2510570.494,61.27,1050,56466716592
2510570.612,61.25,1050,56466722724
2510570.728,61.25,1050,56466728835
2510570.842,61.20,1050,56466734918
2510570.956,61.21,1485,56466741553
2510571.074,63.19,1500,56466756007
2510571.192,64.13,1500,56466763233
2510571.308,65.13,1500,56466770441
2510571.424,66.20,1500,56466777677
2510571.539,67.18,1500,56466784886
2510571.654,68.25,1050,56466791149
2510571.772,68.24,1050,56466803276
2510571.886,68.21,1050,56466809347
2510572.001,68.16,1050,56466815413
2510572.116,67.19,1050,56466821490
2510572.233,66.13,1410,56466827681
2510572.349,65.67,1500,56466834884
2510572.464,65.73,1500,56466842102
2510572.579,65.72,1500,56466856583
2510572.694,66.79,1500,56466863836
2510572.813,67.79,1500,56466871072
2510572.934,68.01,1050,56466878156
2510573.053,68.03,1050,56466884269
2510573.173,68.08,1050,56466896439
2510573.292,68.08,1050,56466902526
2510573.405,66.45,1050,56466908623
2510573.520,65.38,1050,56466914688
2510573.635,65.32,1500,56466921354
2510573.753,65.37,1500,56466928627
2510573.873,65.34,1500,56466943173
2510573.994,65.46,1500,56466950465
2510574.113,67.35,1500,56466957737
2510574.231,69.18,1050,56466965113
2510574.347,68.44,1050,56466971261
2510574.462,68.48,1050,56466977368
2510574.577,68.51,1050,56466989562
2510574.692,68.56,1050,56466995663
2510574.807,67.52,1050,56467001763
2510574.921,66.13,1485,56467008099
2510575.036,66.06,1500,56467015313
2510575.152,66.06,1500,56467022562
2510575.272,66.16,1500,56467037127
2510575.395,66.15,1500,56467044424
2510575.513,67.22,1500,56467051673
2510575.657,68.26,1050,56467058649
2510575.772,68.40,1050,56467071049
2510575.892,68.52,1050,56467077179
2510576.006,68.56,1050,56467083300
2510576.121,67.80,1050,56467089411
2510576.236,66.77,1050,56467095526
2510576.352,65.67,1485,56467102320
2510576.472,65.78,1500,56467116961
2510576.594,65.90,1500,56467124260
2510576.712,65.91,1500,56467131579
2510576.833,66.96,1500,56467138839
2510576.952,67.89,1500,56467146198
2510577.075,68.96,1050,56467158595
2510577.193,68.97,1050,56467164731
2510577.312,68.96,1050,56467170855
2510577.431,68.99,1050,56467176979
2510577.552,67.88,1050,56467183108
2510577.671,65.61,1050,56467196228
2510577.785,65.69,1500,56467203519
2510577.901,65.72,1500,56467210806
2510578.016,65.71,1500,56467218100
2510578.132,65.69,1500,56467225394
2510578.252,66.76,1500,56467232726
2510578.372,67.81,1500,56467246585
2510578.491,68.97,1050,56467252767
2510578.605,68.98,1050,56467258944
2510578.720,69.01,1050,56467265129
2510578.834,69.03,1050,56467271313
2510578.950,68.00,1050,56467277466
2510579.065,65.93,1050,56467283648
2510579.179,64.06,1050,56467296005
2510579.294,62.79,1050,56467302174
2510579.411,61.69,1050,56467308285
2510579.522,59.05,1050,56467313879
2510579.628,55.54,1050,56467316276
2510579.734,52.03,1050,56467318573
2510579.839,48.47,1050,56467320862
2510579.946,44.95,1050,56467323146
2510580.051,41.41,1050,56467325429
2510580.156,37.90,1050,56467327716
2510580.264,34.33,1050,56467329995
2510580.370,30.82,1050,56467334557
2510580.475,24.07,1050,56467336831
2510580.581,24.07,1050,56467339100
2510580.686,23.00,1050,56467341407
2510580.793,27.70,1005,56467348417
2510580.901,32.27,1035,56467355687
2510581.008,36.60,1050,56467362956
2510581.115,40.99,1050,56467369996
2510581.226,45.39,1050,56467377105
2510581.333,49.80,1050,56467384297
2510581.441,54.22,1050,56467391448
2510581.547,58.56,1050,56467398550
2510581.655,59.61,1035,56467405676
2510581.766,71.44,1050,56467412809
2510581.873,71.82,1050,56467427174
2510581.981,71.50,1050,56467434262
2510582.088,71.34,1050,56467441360
2510582.195,71.28,1050,56467448477
2510582.305,71.29,1050,56467455586
2510582.413,71.40,1050,56467462756
2510582.519,71.35,1050,56467469871
2510582.626,71.46,1050,56467477036
2510582.733,71.60,1050,56467484184
2510582.840,71.54,1050,56467491348
2510582.947,71.53,1050,56467498486
2510583.054,71.45,1050,56467505604
2510583.165,71.66,1050,56467512729
2510583.272,71.57,1050,56467526963
2510583.380,71.67,1050,56467534095
2510583.486,71.78,1050,56467541222
2510583.593,71.60,1050,56467548388
2510583.700,71.58,1050,56467555554
2510583.806,71.49,1050,56467562733
2510583.913,71.39,1050,56467569866
2510584.025,71.37,1050,56467576941
2510584.132,71.53,1050,56467584028
2510584.239,71.37,1050,56467591123
2510584.346,71.36,1050,56467598260
2510584.453,71.39,1050,56467605406
2510584.560,71.24,1050,56467612571
2510584.667,71.31,1050,56467619705
2510584.774,71.24,1050,56467634000
2510584.884,71.34,1050,56467641155
2510584.992,71.41,1050,56467648316
2510585.099,71.62,1050,56467655545
2510585.207,71.08,1050,56467662673
2510585.320,70.41,1050,56467668975
2510585.434,69.67,1050,56467675233
2510585.549,68.86,1050,56467681491
2510585.662,68.12,1050,56467687756
2510585.776,67.31,1050,56467700286
2510585.890,66.54,1050,56467706537
2510586.007,65.68,1050,56467712817
2510586.120,63.98,1050,56467719089
2510586.235,63.14,1050,56467725363
2510586.349,62.82,1050,56467731640
2510586.463,62.81,1050,56467737901
2510586.577,62.80,1050,56467750440
2510586.690,62.82,1050,56467756729
2510586.808,62.82,1050,56467763002
2510586.921,62.85,1050,56467769278
2510587.034,62.88,1050,56467775563
2510587.148,62.87,1050,56467781841
2510587.261,62.90,1050,56467788142
2510587.374,62.94,1050,56467800686
2510587.487,62.93,1050,56467806978
2510587.600,62.93,1050,56467813251
2510587.713,62.93,1050,56467819547
2510587.827,62.92,1050,56467825830
2510587.942,62.91,1050,56467832114
2510588.055,62.89,1050,56467838401
2510588.168,62.90,1050,56467850987
2510588.281,62.94,1050,56467857267
2510588.395,62.96,1050,56467863571
2510588.508,62.96,1050,56467869852
2510588.621,62.98,1050,56467876136
2510588.734,62.97,1050,56467882423
2510588.847,63.00,1050,56467888720
2510588.961,63.04,1050,56467895014
2510589.074,63.06,1050,56467907601
2510589.187,63.07,1050,56467913908
2510589.300,63.05,1050,56467920222
2510589.414,63.06,1050,56467926520
2510589.527,63.05,1050,56467932825
2510589.640,63.11,1050,56467939140
2510589.754,63.13,1050,56467945444
2510589.867,63.18,1050,56467958054
2510589.980,63.17,1050,56467964357
2510590.094,63.17,1050,56467970670
2510590.207,63.18,1050,56467976971
2510590.320,63.16,1050,56467983289
2510590.434,63.16,1050,56467989609
2510590.547,63.17,1050,56467995922
2510590.660,63.18,1050,56468002237
2510590.774,63.18,1050,56468014836
2510590.887,63.15,1050,56468021152
2510591.001,63.11,1050,56468027460
2510591.114,63.12,1050,56468033784
2510591.227,63.12,1050,56468040107
2510591.341,63.16,1050,56468046416
2510591.454,63.21,1050,56468052734
2510591.568,63.23,1050,56468065378
2510591.686,63.22,1050,56468071702
2510591.800,63.20,1050,56468078026
2510591.914,63.25,1050,56468084336
2510592.027,63.24,1050,56468090658
2510592.146,63.25,1050,56468096981
2510592.259,63.28,1050,56468103305
2510592.373,63.30,1050,56468115945
2510592.486,63.32,1050,56468122273
2510592.600,63.28,1050,56468128599
2510592.714,63.25,1050,56468134922
2510592.828,63.27,1050,56468141245
2510592.946,63.28,1050,56468147581
2510593.059,63.37,1050,56468153896
2510593.174,63.38,1050,56468166553
2510593.288,63.36,1050,56468172877
2510593.406,63.34,1050,56468179211
2510593.519,63.35,1050,56468185540
2510593.633,63.38,1050,56468191872
2510593.747,63.42,1050,56468198207
2510593.865,63.44,1050,56468210874
2510593.980,63.43,1050,56468217200
2510594.093,63.44,1050,56468223551
2510594.206,63.47,1050,56468229881
2510594.320,63.46,1050,56468236210
2510594.434,63.45,1050,56468242557
2510594.548,63.44,1050,56468248886
2510594.665,63.45,1050,56468261569
2510594.779,63.51,1050,56468267903
2510594.893,63.49,1050,56468274236
2510595.006,63.46,1050,56468280575
2510595.120,63.44,1050,56468286922
2510595.233,63.45,1050,56468293257
2510595.348,63.44,1050,56468299600
2510595.464,63.51,1050,56468312280
2510595.576,63.51,1050,56468318628
2510595.690,63.46,1050,56468324975
2510595.806,63.48,1050,56468331328
2510595.920,63.46,1050,56468337644
2510596.034,63.49,1050,56468343937
2510596.147,63.45,1050,56468350235
2510596.264,63.37,1050,56468362815
2510596.378,63.24,1050,56468369110
2510596.491,63.19,1050,56468375402
2510596.604,63.20,1050,56468381694
2510596.718,63.18,1050,56468387988
2510596.831,63.18,1050,56468394287
2510596.944,63.06,1050,56468400589
2510597.057,62.99,1050,56468406896
2510597.170,63.02,1050,56468419497
2510597.283,63.09,1050,56468425806
2510597.396,63.10,1050,56468432106
2510597.509,63.11,1050,56468438421
2510597.624,63.07,1050,56468444734
2510597.737,63.03,1050,56468451021
2510597.851,63.03,1050,56468457334
2510597.964,63.13,1050,56468469971
2510598.076,63.19,1050,56468476289
2510598.189,63.20,1050,56468482602
2510598.304,63.23,1050,56468488919
2510598.417,63.20,1050,56468495232
2510598.530,63.16,1050,56468501543
2510598.643,63.13,1050,56468507854
2510598.756,63.18,1050,56468514167
2510598.869,63.26,1050,56468526792
2510598.984,63.26,1050,56468533115
2510599.095,63.25,1050,56468539440
2510599.208,63.23,1050,56468545755
2510599.324,63.16,1050,56468552077
2510599.437,63.17,1050,56468558387
2510599.550,63.22,1050,56468564702
2510599.663,63.27,1050,56468577367
2510599.776,63.32,1050,56468583685
2510599.889,63.32,1050,56468590017
2510600.003,63.31,1050,56468596344
2510600.116,63.25,1050,56468602679
2510600.229,63.20,1050,56468609009
2510600.343,63.27,1050,56468615348
2510600.457,63.36,1050,56468621677
2510600.570,63.41,1050,56468634373
2510600.684,63.44,1050,56468640719
2510600.798,63.48,1050,56468647071
2510600.911,63.40,1050,56468653409
2510601.024,63.38,1050,56468659740
2510601.138,63.41,1050,56468666078
2510601.251,63.49,1050,56468672415
2510601.365,63.56,1050,56468685091
2510601.481,63.53,1050,56468691431
2510601.594,63.53,1050,56468697767
2510601.707,63.47,1050,56468704107
2510601.821,63.39,1050,56468710460
2510601.934,63.44,1050,56468716812
2510602.047,63.50,1050,56468723154
2510602.162,63.56,1050,56468735834
2510602.275,63.59,1050,56468742182
2510602.388,63.59,1050,56468748521
2510602.501,63.55,1050,56468754861
2510602.614,63.52,1050,56468761208
2510602.727,63.55,1050,56468767556
2510602.842,63.61,1050,56468773914
2510602.956,63.66,1050,56468780268
2510603.070,63.71,1050,56468792967
2510603.184,63.71,1050,56468799309
2510603.297,63.63,1050,56468805644
2510603.410,63.57,1050,56468811996
2510603.524,63.56,1050,56468818363
2510603.642,63.68,1050,56468824714
2510603.756,63.69,1050,56468831078
2510603.870,63.71,1050,56468843765
2510603.983,63.69,1050,56468850127
2510604.101,63.65,1050,56468856498
2510604.214,63.58,1050,56468862854
2510604.327,63.56,1050,56468869211
2510604.442,63.66,1050,56468875579
2510604.556,63.69,1050,56468881950
2510604.669,63.72,1050,56468894666
2510604.782,63.71,1050,56468901042
2510604.896,63.73,1050,56468907406
2510605.009,63.67,1050,56468913760
2510605.123,63.65,1050,56468920115
2510605.236,63.63,1050,56468926496
2510605.350,63.71,1050,56468932850
2510605.463,63.76,1050,56468945570
2510605.576,63.78,1050,56468951939
2510605.690,63.79,1050,56468958312
2510605.803,63.74,1050,56468964680
2510605.923,63.66,1050,56468971042
2510606.036,63.63,1050,56468977415
2510606.149,63.67,1050,56468983791
2510606.263,63.79,1050,56468996526
2510606.382,63.81,1050,56469002894
2510606.496,63.80,1050,56469009274
2510606.610,63.79,1050,56469015648
2510606.723,63.75,1050,56469022010
2510606.842,63.67,1050,56469028384
2510606.955,63.70,1050,56469034759
2510607.068,63.83,1050,56469047503
2510607.182,63.88,1050,56469054449
2510607.290,64.70,1050,56469061746
2510607.397,65.54,1050,56469069054
2510607.505,66.35,1050,56469076263
2510607.611,67.04,1050,56469083447
2510607.718,67.73,1050,56469090640
2510607.825,68.61,1050,56469097833
2510607.932,69.42,1050,56469105028
2510608.039,70.15,1050,56469112234
2510608.146,70.95,1005,56469119216
2510608.257,71.59,1050,56469126384
2510608.364,72.32,1050,56469140826
2510608.471,72.24,1050,56469148066
2510608.578,72.17,1050,56469155268
2510608.685,72.19,1050,56469162476
2510608.791,72.17,1035,56469169705
2510608.898,72.11,1050,56469176928
2510609.005,72.06,1020,56469184076
2510609.112,71.88,1005,56469191133
2510609.219,71.68,1035,56469198326
2510609.326,71.80,1020,56469205554
2510609.437,71.69,1050,56469212735
2510609.544,71.65,1050,56469219909
2510609.651,71.55,1050,56469227119
2510609.759,71.61,1050,56469234313
2510609.865,71.72,1035,56469248736
2510609.976,71.83,1005,56469255849
2510610.084,71.85,1035,56469262960
2510610.191,72.00,1050,56469270211
2510610.297,72.16,1035,56469277377
2510610.405,72.20,1020,56469284581
2510610.517,72.23,1050,56469291732
2510610.625,72.15,1050,56469298920
2510610.737,72.20,1050,56469306138
2510610.844,72.23,1050,56469313335
2510610.951,72.23,1050,56469320552
2510611.058,72.16,1020,56469327683
2510611.165,72.11,1035,56469342104
2510611.277,71.99,1020,56469349288
2510611.384,71.91,1020,56469356444
2510611.497,71.84,1035,56469363595
2510611.604,71.88,1035,56469370761
2510611.715,71.90,1020,56469378000
2510611.828,70.95,1050,56469384478
2510611.942,70.19,1050,56469390823
2510612.060,69.46,1050,56469403511
2510612.178,68.84,1050,56469409844
2510612.292,67.18,1050,56469416175
2510612.405,66.42,1050,56469422517
2510612.519,65.64,1050,56469428867
2510612.634,64.97,1050,56469435208
2510612.747,64.25,1050,56469441552
2510612.861,63.48,1050,56469454240
2510612.978,63.47,1050,56469460580
2510613.092,63.43,1050,56469466925
2510613.205,63.41,1050,56469473284
2510613.320,63.43,1050,56469479632
2510613.434,63.48,1050,56469485984
2510613.547,63.47,1050,56469492324
2510613.661,63.50,1050,56469505005
2510613.778,63.52,1050,56469511355
2510613.892,63.53,1050,56469517714
2510614.004,63.56,1050,56469524056
2510614.119,63.57,1050,56469530399
2510614.232,63.56,1050,56469536755
2510614.345,63.61,1050,56469543124
2510614.459,63.64,1050,56469555838
2510614.573,63.66,1050,56469562179
2510614.686,63.65,1050,56469568529
2510614.800,63.62,1050,56469574877
2510614.913,63.62,1050,56469581226
2510615.026,63.62,1050,56469587585
2510615.140,63.65,1050,56469593922
2510615.258,63.68,1050,56469606631
2510615.371,63.72,1050,56469612992
2510615.485,63.69,1050,56469619352
2510615.599,63.69,1050,56469625713
2510615.713,63.73,1050,56469632074
2510615.825,63.74,1050,56469638436
2510615.939,63.74,1050,56469644801
2510616.053,63.76,1050,56469651166
2510616.167,63.78,1050,56469663904
2510616.280,63.83,1050,56469670260
2510616.399,63.78,1050,56469676621
2510616.513,63.75,1050,56469683001
2510616.626,63.78,1050,56469689370
2510616.739,63.74,1050,56469695754
2510616.857,63.82,1050,56469708501
2510616.970,63.81,1050,56469714876
2510617.085,63.82,1050,56469721238
2510617.198,63.81,1050,56469727623
2510617.312,63.80,1050,56469734013
2510617.425,63.81,1050,56469740389
2510617.539,63.82,1050,56469746758
2510617.652,63.84,1050,56469753142
2510617.765,63.86,1050,56469765911
2510617.879,63.89,1050,56469772301
2510617.998,63.93,1050,56469778675
2510618.112,63.92,1050,56469785060
2510618.225,63.90,1050,56469791438
2510618.338,63.90,1050,56469797822
2510618.452,63.91,1050,56469804201
2510618.565,63.94,1050,56469816966
2510618.679,63.91,1050,56469823351
2510618.793,63.88,1050,56469829728
2510618.906,63.84,1050,56469836111
2510619.020,63.83,1050,56469842503
2510619.138,63.82,1050,56469848884
2510619.252,63.86,1050,56469855268
2510619.365,63.86,1050,56469868033
2510619.479,63.88,1050,56469874425
2510619.598,63.90,1050,56469880812
2510619.711,63.91,1050,56469887197
2510619.825,63.95,1050,56469893591
2510619.939,63.95,1050,56469899983
2510620.058,63.95,1050,56469912758
2510620.171,63.99,1050,56469919135
2510620.285,64.00,1050,56469925535
2510620.399,64.01,1050,56469931919
2510620.518,63.95,1050,56469938320
2510620.631,63.96,1050,56469944712
2510620.745,63.95,1050,56469951104
2510620.860,63.96,1050,56469963882
2510620.976,64.02,1050,56469970276
2510621.090,64.02,1050,56469976662
2510621.205,63.98,1050,56469983056
2510621.319,64.00,1050,56469989452
2510621.437,64.06,1050,56469995858
2510621.551,64.09,1050,56470002252
2510621.664,64.04,1050,56470015019
2510621.777,64.06,1050,56470021424
2510621.891,64.04,1050,56470027829
2510622.005,64.08,1050,56470034222
2510622.119,64.05,1050,56470040627
2510622.237,64.04,1050,56470047031
2510622.351,64.03,1050,56470053443
2510622.464,64.01,1050,56470066187
2510622.578,63.95,1050,56470072544
2510622.696,63.94,1050,56470078886
2510622.809,63.85,1050,56470085250
2510622.922,63.74,1050,56470091602
2510623.036,63.69,1050,56470097962
2510623.149,63.64,1050,56470104302
2510623.262,63.70,1050,56470117011
2510623.376,63.68,1050,56470123378
2510623.489,63.67,1050,56470129735
2510623.601,63.59,1050,56470136094
2510623.716,63.57,1050,56470142452
2510623.829,63.55,1050,56470148806
2510623.942,63.59,1050,56470155156
2510624.056,63.68,1050,56470167867
2510624.169,63.68,1050,56470174226
2510624.282,63.72,1050,56470180591
2510624.397,63.69,1050,56470186978
2510624.515,63.66,1050,56470193346
2510624.629,63.64,1050,56470199710
2510624.741,63.68,1050,56470206071
2510624.855,63.77,1050,56470218812
2510624.968,63.80,1050,56470225177
2510625.081,63.83,1050,56470231553
2510625.196,63.81,1050,56470237915
2510625.309,63.77,1050,56470244291
2510625.422,63.74,1050,56470250664
2510625.536,63.78,1050,56470257031
2510625.649,63.82,1050,56470263404
2510625.762,63.88,1050,56470276150
2510625.875,63.92,1050,56470282524
2510625.989,63.87,1050,56470288908
2510626.103,63.81,1050,56470295277
2510626.217,63.79,1050,56470301773
2510626.324,65.28,1050,56470308922
2510626.432,66.01,1050,56470316133
2510626.539,66.74,1050,56470323329
2510626.651,67.46,1050,56470330510
2510626.759,68.38,1050,56470345017
2510626.865,69.55,1050,56470352225
2510626.973,69.77,1035,56470359492
2510627.079,70.55,1005,56470366577
2510627.191,71.25,1005,56470373588
2510627.299,71.96,1050,56470380735
2510627.406,71.96,1035,56470387901
2510627.514,71.83,1050,56470395114
2510627.620,71.86,1050,56470402308
2510627.732,71.98,1050,56470409521
2510627.839,71.72,1050,56470416746
2510627.946,71.73,1020,56470424015
2510628.053,71.80,1005,56470438331
2510628.161,71.92,1035,56470445427
2510628.271,71.86,1020,56470452578
2510628.379,71.88,1020,56470459744
2510628.491,72.05,1050,56470466979
2510628.603,72.14,1050,56470473560
2510628.714,71.39,1050,56470479904
2510628.827,70.63,1050,56470486251
2510628.938,69.06,1050,56470492611
2510629.052,68.38,1050,56470505286
2510629.165,67.57,1050,56470511622
2510629.276,66.73,1050,56470517961
2510629.393,66.06,1050,56470524309
2510629.506,65.31,1050,56470530666
2510629.619,64.52,1050,56470537007
2510629.732,63.70,1050,56470543354
2510629.843,63.75,1050,56470549696
2510629.956,63.73,1050,56470562375
2510630.071,63.76,1050,56470568723
2510630.183,63.69,1050,56470575069
2510630.296,63.67,1050,56470581429
2510630.407,63.69,1050,56470587780
2510630.519,63.67,1050,56470594118
2510630.632,63.70,1050,56470600468
2510630.745,63.69,1050,56470606821
2510630.856,63.75,1050,56470619505
2510630.971,63.73,1050,56470625855
2510631.083,63.72,1050,56470632194
2510631.196,63.69,1050,56470638555
2510631.312,63.70,1050,56470644918
2510631.425,63.71,1050,56470651272
2510631.537,63.70,1050,56470657620
2510631.653,63.72,1050,56470670350
2510631.764,63.76,1050,56470676704
2510631.876,63.71,1050,56470683059
2510631.991,63.69,1050,56470689425
2510632.104,63.66,1050,56470695786
2510632.216,63.68,1050,56470702132
2510632.332,63.70,1050,56470708493
2510632.445,63.70,1050,56470714843
2510632.557,63.71,1050,56470727553
2510632.670,63.64,1050,56470733915
2510632.782,63.63,1050,56470740280
2510632.894,63.61,1050,56470746618
2510633.007,63.59,1050,56470752980
2510633.119,63.59,1050,56470759328
2510633.231,63.57,1050,56470765677
2510633.342,63.50,1050,56470772042
2510633.455,63.51,1050,56470784752
2510633.566,63.46,1050,56470791109
2510633.678,63.42,1050,56470797480
2510633.792,63.41,1050,56470803848
2510633.905,63.35,1050,56470810212
2510634.017,63.35,1050,56470816575
2510634.131,63.35,1050,56470822946
2510634.243,63.37,1050,56470829308
2510634.356,63.43,1050,56470842005
2510634.472,63.48,1050,56470848368
2510634.584,63.52,1050,56470854738
2510634.696,63.56,1050,56470861092
2510634.812,63.60,1050,56470867454
2510634.924,63.63,1050,56470873797
2510635.036,63.71,1050,56470880154
2510635.152,63.78,1050,56470892853
2510635.264,63.82,1050,56470899198
2510635.377,63.83,1050,56470905550
2510635.492,63.76,1050,56470911904
2510635.605,63.74,1050,56470918253
2510635.719,63.76,1050,56470924613
2510635.832,63.70,1050,56470930969
2510635.950,63.72,1050,56470943675
2510636.063,63.70,1050,56470950011
2510636.176,63.70,1050,56470956378
2510636.290,63.65,1050,56470962726
2510636.403,63.65,1050,56470969088
2510636.517,63.66,1050,56470975438
2510636.633,63.77,1050,56470981826
2510636.741,64.59,1050,56470988645
2510636.849,65.39,1050,56470995910
2510636.957,66.20,1050,56471010530
2510637.068,67.07,1050,56471017804
2510637.175,67.90,1050,56471025096
2510637.283,68.78,1050,56471032411
2510637.390,69.73,1005,56471039755
2510637.498,70.89,975,56471046799
2510637.608,71.39,975,56471053710
2510637.715,71.88,1035,56471060679
2510637.828,71.74,1020,56471067844
2510637.935,71.78,1050,56471075063
2510638.042,71.85,1050,56471082333
2510638.149,71.72,1050,56471089567
2510638.256,71.59,1050,56471104161
2510638.368,71.73,1035,56471111414
2510638.475,71.50,1005,56471118477
2510638.588,71.22,1020,56471125499
2510638.695,71.36,1020,56471132613
2510638.802,71.63,1035,56471139701
2510638.909,71.85,1050,56471146948
2510639.017,71.75,1020,56471154165
2510639.127,71.67,1050,56471161411
2510639.235,71.72,1050,56471168677
2510639.347,71.71,1035,56471175924
2510639.455,71.60,1005,56471190254
2510639.561,71.53,1020,56471197344
2510639.668,71.72,1020,56471204430
2510639.775,71.75,1020,56471211584
2510639.888,72.00,1035,56471218787
2510639.994,71.95,1005,56471226005
2510640.101,71.75,1050,56471233208
2510640.208,71.99,1035,56471240481
2510640.315,71.89,1005,56471247715
2510640.427,71.74,1020,56471254846
2510640.534,71.59,1050,56471261998
2510640.642,71.68,1035,56471269106
2510640.748,71.71,1020,56471276207
2510640.855,71.85,1050,56471290597
2510640.966,71.78,1005,56471297804
2510641.074,71.82,1050,56471305034
2510641.180,72.00,1050,56471312290
2510641.289,72.10,1020,56471319505
2510641.395,71.98,1005,56471326633
2510641.507,71.87,1035,56471333817
2510641.614,71.72,1005,56471340941
2510641.721,71.64,1020,56471348088
2510641.829,71.68,1020,56471355256
2510641.941,70.89,1050,56471361968
2510642.054,70.28,1050,56471374711
2510642.168,69.62,1050,56471381084
2510642.280,68.82,1050,56471387465
2510642.392,67.90,1050,56471393843
2510642.510,67.16,1050,56471400226
2510642.629,66.14,1050,56471406618
2510642.741,65.52,1050,56471413003
2510642.854,64.88,1050,56471425771
2510642.968,64.12,1050,56471432152
2510643.081,64.01,1050,56471438531
2510643.193,63.89,1050,56471444899
2510643.308,63.85,1050,56471451285
2510643.421,63.79,1050,56471457656
2510643.532,63.71,1050,56471464038
2510643.648,63.67,1050,56471476803
2510643.760,63.63,1050,56471483181
2510643.873,63.60,1050,56471489571
2510643.988,63.62,1050,56471495965
2510644.100,63.67,1050,56471502338
2510644.212,63.72,1050,56471508735
2510644.329,63.83,1050,56471515124
2510644.442,63.91,1050,56471521513
2510644.555,63.94,1050,56471534287
2510644.668,63.95,1050,56471540672
2510644.780,63.97,1050,56471547056
2510644.893,63.99,1050,56471553443
2510645.008,64.05,1050,56471559830
2510645.120,64.03,1050,56471566221
2510645.232,64.04,1050,56471572599
2510645.347,64.09,1050,56471585373
2510645.460,64.11,1050,56471591757
2510645.573,64.11,1050,56471598146
2510645.687,64.11,1050,56471604513
2510645.801,64.13,1050,56471610896
2510645.913,64.11,1050,56471617261
2510646.028,64.09,1050,56471623634
2510646.140,64.11,1050,56471630011
2510646.251,64.15,1050,56471642742
2510646.368,64.14,1050,56471649115
2510646.481,64.08,1050,56471655478
2510646.593,64.04,1050,56471661845
2510646.707,64.03,1050,56471668209
2510646.819,64.05,1050,56471674595
2510646.930,64.04,1050,56471680980
2510647.041,64.00,1050,56471687357
2510647.153,64.02,1050,56471700102
2510647.267,64.00,1050,56471706474
2510647.381,63.96,1050,56471712834
2510647.494,63.95,1050,56471719203
2510647.606,63.98,1050,56471725588
2510647.718,63.98,1050,56471731975
2510647.830,63.97,1050,56471738350
2510647.947,63.92,1050,56471751113
2510648.058,64.01,1050,56471757482
2510648.171,63.99,1050,56471763860
2510648.287,63.96,1050,56471770240
2510648.399,63.96,1050,56471776617
2510648.511,63.94,1050,56471782996
2510648.626,63.91,1050,56471789377
2510648.740,63.92,1050,56471795765
2510648.852,63.96,1050,56471808517
2510648.965,63.92,1050,56471814886
2510649.078,63.89,1050,56471821258
2510649.190,63.87,1050,56471827645
2510649.305,63.83,1050,56471834030
2510649.417,63.83,1050,56471840410
2510649.530,63.83,1050,56471846800
2510649.647,63.82,1050,56471859589
2510649.760,63.79,1050,56471865974
2510649.874,63.69,1050,56471872354
2510649.986,63.68,1050,56471878729
2510650.099,63.68,1050,56471885115
2510650.211,63.67,1050,56471891503
2510650.326,63.67,1050,56471897884
2510650.438,63.70,1050,56471904279
2510650.551,63.74,1050,56471917055
2510650.666,63.74,1050,56471923444
2510650.781,63.76,1050,56471929837
2510650.893,63.80,1050,56471936219
2510651.006,63.84,1050,56471942602
2510651.118,63.88,1050,56471948998
2510651.230,63.89,1050,56471955386
2510651.346,63.93,1050,56471968183
2510651.459,63.97,1050,56471974573
2510651.572,63.96,1050,56471980965
2510651.686,63.97,1050,56471987357
2510651.798,63.99,1050,56471993754
2510651.911,64.03,1050,56472000137
2510652.027,64.04,1050,56472006540
2510652.139,64.06,1050,56472012946
2510652.252,64.07,1050,56472025735
2510652.366,64.09,1050,56472032140
2510652.479,64.09,1050,56472038522
2510652.590,64.14,1050,56472044893
2510652.706,64.16,1050,56472051291
2510652.819,64.17,1050,56472057690
2510652.932,64.19,1050,56472064075
2510653.045,64.22,1050,56472076845
2510653.158,64.24,1050,56472083244
2510653.271,64.21,1050,56472089645
2510653.386,64.21,1050,56472096030
2510653.498,64.22,1050,56472102417
2510653.611,64.19,1050,56472108813
2510653.726,64.18,1050,56472115205
2510653.839,64.21,1050,56472121596
2510653.951,64.21,1050,56472134377
2510654.065,64.20,1050,56472140775
2510654.178,64.17,1050,56472147159
2510654.291,64.13,1050,56472153527
2510654.405,64.11,1050,56472159901
2510654.518,64.07,1050,56472166245
2510654.631,64.06,1050,56472172615
2510654.745,64.09,1050,56472185335
2510654.857,64.07,1050,56472191704
2510654.969,64.05,1050,56472198079
2510655.083,64.01,1050,56472204455
2510655.196,63.95,1050,56472210831
2510655.309,63.88,1050,56472217201
2510655.425,63.84,1050,56472223562
2510655.537,63.82,1050,56472229937
2510655.650,63.87,1050,56472242681
2510655.765,63.88,1050,56472249054
2510655.878,63.84,1050,56472255416
2510655.991,63.79,1050,56472261786
2510656.104,63.77,1050,56472268149
2510656.215,63.74,1050,56472274513
2510656.328,63.70,1050,56472280890
2510656.444,63.70,1050,56472293635
2510656.557,63.72,1050,56472300011
2510656.670,63.70,1050,56472306396
2510656.784,63.64,1050,56472312769
2510656.896,63.61,1050,56472319144
2510657.009,63.62,1050,56472325517
2510657.124,63.70,1050,56472331890
2510657.237,63.75,1050,56472338247
2510657.349,63.81,1050,56472350958
2510657.464,63.84,1050,56472357330
2510657.577,63.85,1050,56472363678
2510657.690,63.86,1050,56472370044
2510657.804,63.86,1050,56472376397
2510657.916,63.85,1050,56472382770
2510658.031,63.88,1050,56472389127
2510658.145,63.84,1050,56472401828
2510658.257,63.76,1050,56472408175
2510658.370,63.70,1050,56472414546
2510658.484,63.67,1050,56472420925
2510658.597,63.78,1050,56472427768
2510658.704,64.66,1035,56472435142
2510658.812,65.64,1035,56472442446
2510658.921,66.58,1035,56472449757
2510659.029,68.14,1050,56472457049
2510659.141,69.05,1050,56472464279
2510659.248,69.83,1050,56472478818
2510659.356,70.64,930,56472485830
2510659.463,71.12,945,56472492767
2510659.570,71.64,975,56472499816
2510659.681,72.29,1035,56472507052
2510659.788,72.27,1050,56472514353
2510659.895,72.10,1050,56472521648
2510660.003,71.97,1050,56472528909
2510660.111,71.98,1050,56472536087
2510660.219,71.92,1050,56472543296
2510660.327,71.94,1005,56472550544
2510660.434,71.74,1020,56472557565
2510660.543,71.95,1050,56472571745
2510660.650,72.46,1035,56472579003
2510660.760,72.39,1050,56472586198
2510660.868,72.17,1050,56472593528
2510660.981,72.17,975,56472600693
2510661.088,72.16,960,56472607919
2510661.204,72.11,1050,56472614398
2510661.316,71.41,1050,56472620796
2510661.428,70.47,1050,56472627212
2510661.543,69.16,1050,56472639991
2510661.654,68.55,1050,56472646368
2510661.767,67.55,1050,56472652751
2510661.881,66.86,1050,56472659165
2510661.993,66.21,1050,56472665563
2510662.106,65.43,1050,56472671964
2510662.223,64.65,1050,56472678363
2510662.334,63.93,1050,56472684767
2510662.446,64.03,1050,56472697562
2510662.561,64.04,975,56472704739
2510662.669,64.75,990,56472712025
2510662.780,65.68,1050,56472718899
2510662.893,65.77,1050,56472725302
2510663.004,65.76,1050,56472731706
2510663.116,65.81,1050,56472738097
2510663.229,65.79,1050,56472744495
2510663.343,65.83,1050,56472757313
2510663.457,65.89,1050,56472763716
2510663.568,65.85,1050,56472770121
2510663.682,65.89,1050,56472776530
2510663.793,65.20,1050,56472782930
2510663.906,64.31,1050,56472789343
2510664.022,64.26,1050,56472795739
2510664.135,64.30,1050,56472802140
2510664.243,64.32,990,56472816181
2510664.351,66.00,1050,56472823357
2510664.464,66.15,1050,56472829796
2510664.576,66.11,1050,56472836215
2510664.689,66.11,1050,56472842631
2510664.801,66.09,1050,56472849044
2510664.913,66.06,1050,56472855456
2510665.026,66.02,1050,56472861870
2510665.143,66.00,1050,56472874701
2510665.255,65.92,1050,56472881102
2510665.367,65.14,1050,56472887523
2510665.481,64.16,1050,56472893935
2510665.594,63.94,1050,56472900338
2510665.706,63.90,1050,56472906741
2510665.821,63.89,1050,56472913158
2510665.933,63.85,1050,56472919574
2510666.046,63.89,1050,56472932405
2510666.161,63.90,1050,56472938820
2510666.274,63.92,1050,56472945237
2510666.385,63.97,1050,56472951658
2510666.502,64.06,1050,56472958078
2510666.613,64.11,1050,56472964484
2510666.726,64.20,1050,56472970900
2510666.841,64.26,1050,56472983723
2510666.954,64.33,1050,56472990141
2510667.066,64.39,1050,56472996548
2510667.182,64.39,1050,56473002955
2510667.294,64.39,1050,56473009365
2510667.406,64.41,1050,56473015769
2510667.520,64.42,1050,56473022165
2510667.633,64.40,1050,56473028567
2510667.745,64.43,1050,56473041370
2510667.861,64.39,1050,56473047785
2510667.973,64.32,1050,56473054159
2510668.085,64.28,1050,56473060566
2510668.201,64.27,1050,56473066986
2510668.313,64.25,1050,56473073382
2510668.426,64.26,1050,56473079779
2510668.541,64.26,1050,56473092577
2510668.653,64.26,1050,56473098993
2510668.766,64.25,1050,56473105395
2510668.880,64.23,1050,56473111801
2510668.993,64.25,1050,56473118204
2510669.106,64.25,1050,56473124604
2510669.221,64.30,1050,56473131017
2510669.335,64.30,1050,56473137444
2510669.448,64.42,1050,56473150560
2510669.557,65.01,1050,56473157815
2510669.665,65.86,1050,56473165091
2510669.772,66.75,1050,56473172375
2510669.880,68.33,1050,56473179655
2510669.987,69.20,1050,56473186962
2510670.098,69.97,1050,56473194281
2510670.205,70.93,1005,56473201624
2510670.317,71.42,930,56473208719
2510670.424,71.84,960,56473215577
2510670.532,72.37,1035,56473222561
2510670.639,72.65,1005,56473229742
2510670.746,72.36,1035,56473244253
2510670.857,72.33,1050,56473251538
2510670.964,72.47,1035,56473258833
2510671.071,72.55,1020,56473266125
2510671.179,72.39,1050,56473273363
2510671.286,71.80,960,56473280424
2510671.397,71.77,975,56473287420
2510671.504,71.96,1035,56473294443
2510671.611,72.11,1020,56473301632
2510671.719,71.98,1035,56473308865
2510671.826,72.02,1035,56473316121
2510671.937,72.22,1050,56473323382
2510672.045,72.24,1020,56473337950
2510672.156,71.97,1035,56473345101
2510672.264,71.91,1005,56473352175
2510672.371,71.81,975,56473359231
2510672.479,71.83,990,56473366283
2510672.586,72.02,1035,56473373451
2510672.696,72.20,1035,56473380675
2510672.803,72.20,1020,56473387920
2510672.910,72.18,1035,56473395210
2510673.018,72.10,1035,56473402463
2510673.125,72.06,990,56473409711
2510673.236,72.06,1005,56473416861
2510673.344,71.96,990,56473431031
2510673.456,72.00,975,56473438148
2510673.563,72.08,1020,56473445337
2510673.670,72.07,1035,56473452497
2510673.777,72.11,1050,56473459776
2510673.884,72.17,1020,56473467040
2510673.997,72.21,1020,56473474301
2510674.104,72.09,1020,56473481549
2510674.217,71.89,1020,56473488681
2510674.325,71.82,1005,56473495790
2510674.436,71.93,1005,56473502889
2510674.543,72.23,1005,56473517183
2510674.656,72.38,1050,56473524406
2510674.764,72.34,990,56473531627
2510674.876,72.31,1050,56473538866
2510674.984,72.25,1050,56473546104
2510675.096,72.18,1005,56473553251
2510675.204,72.24,1020,56473560383
2510675.317,72.28,1005,56473567532
2510675.425,72.28,960,56473574716
2510675.536,72.26,1020,56473581832
2510675.643,72.25,1005,56473596268
2510675.756,72.29,990,56473603492
2510675.864,72.32,990,56473610708
2510675.975,72.24,1005,56473617992
2510676.088,72.20,1050,56473624541
2510676.199,71.39,1050,56473630891
2510676.310,70.53,1050,56473637210
2510676.423,69.15,1050,56473643567
2510676.538,68.50,1050,56473656271
2510676.649,67.77,1050,56473662627
2510676.762,66.85,1050,56473668955
2510676.878,66.04,1050,56473675297
2510676.990,65.38,1050,56473681652
2510677.102,64.70,1050,56473687974
2510677.218,63.83,1050,56473694307
2510677.330,63.83,1035,56473700726
2510677.438,64.75,990,56473715366
2510677.545,65.83,1050,56473722007
2510677.658,65.66,1050,56473728395
2510677.771,65.69,1050,56473734754
2510677.884,65.77,1050,56473741077
2510677.998,65.76,1050,56473747409
2510678.109,65.69,1050,56473753774
2510678.225,65.70,1050,56473760144
2510678.338,65.76,1050,56473772846
2510678.450,65.71,1050,56473779237
2510678.563,64.81,1050,56473785679
2510678.677,63.98,1050,56473792127
2510678.789,64.05,1050,56473798596
2510678.897,64.39,1050,56473805796
2510679.004,65.18,1050,56473813080
2510679.115,66.02,1050,56473820371
2510679.227,66.92,1050,56473827301
2510679.340,67.05,1050,56473840154
2510679.451,67.15,1050,56473846623
2510679.564,67.29,1050,56473853082
2510679.677,67.29,1050,56473859519
2510679.790,67.22,1050,56473865964
2510679.903,67.22,1050,56473872406
2510680.016,66.95,1050,56473878844
2510680.129,66.19,1050,56473885276
2510680.243,64.58,1050,56473898135
2510680.357,64.52,1050,56473904578
2510680.469,64.52,1050,56473911030
2510680.581,64.44,1050,56473917477
2510680.695,64.38,1050,56473923919
2510680.807,64.33,1050,56473930354
2510680.919,64.33,1050,56473936794
2510681.031,64.29,1050,56473943231
2510681.142,64.27,1050,56473956113
2510681.255,64.31,1050,56473962572
2510681.368,64.33,1050,56473969021
2510681.481,64.42,1050,56473975461
2510681.596,64.47,1050,56473981912
2510681.709,64.55,1050,56473988376
2510681.819,64.62,1050,56473994831
2510681.935,64.70,1050,56474007732
2510682.047,64.85,1050,56474014172
2510682.160,64.89,1050,56474020637
2510682.276,64.91,1050,56474027094
2510682.388,64.92,1050,56474033542
2510682.501,64.86,1050,56474039987
2510682.614,64.81,1050,56474046434
2510682.726,64.76,1050,56474052865
2510682.838,64.75,1050,56474065755
2510682.950,64.73,1050,56474072193
2510683.062,64.67,1050,56474078643
2510683.174,64.64,1050,56474085084
2510683.286,64.64,1050,56474091528
2510683.398,64.64,1050,56474097995
2510683.510,64.62,1050,56474104440
2510683.622,64.63,1050,56474110889
2510683.735,64.66,1050,56474123785
2510683.847,64.70,1050,56474130227
2510683.959,64.57,1050,56474136675
2510684.074,64.53,1050,56474143125
2510684.187,64.46,1050,56474149574
2510684.299,64.40,1050,56474156019
2510684.416,64.33,1050,56474162463
2510684.528,64.32,1050,56474168912
2510684.640,64.33,1050,56474181807
2510684.753,64.27,1050,56474188265
2510684.867,64.23,1050,56474194712
2510684.979,64.28,1050,56474201161
2510685.095,64.35,1050,56474207616
2510685.207,64.39,1050,56474214069
2510685.319,64.46,1050,56474220512
2510685.434,64.54,1050,56474233407
2510685.546,64.60,1050,56474239848
2510685.658,64.62,1050,56474246310
2510685.780,64.69,1050,56474252755
2510685.895,64.70,1050,56474259196
2510686.008,64.71,1050,56474265638
2510686.119,64.70,1050,56474272078
2510686.234,64.73,1050,56474284969
2510686.346,64.74,1050,56474291408
2510686.459,64.75,1050,56474297875
2510686.573,64.73,1050,56474304343
2510686.685,64.74,1050,56474310803
2510686.799,64.75,1050,56474317253
2510686.915,64.73,1050,56474323694
2510687.027,64.77,1050,56474330148
2510687.139,64.77,1050,56474343031
2510687.253,64.81,1050,56474349488
2510687.366,64.75,1050,56474355939
2510687.478,64.78,1050,56474362400
2510687.593,64.79,1050,56474368850
2510687.708,64.76,1050,56474375305
2510687.821,64.76,1050,56474381757
2510687.935,64.76,1050,56474394649
2510688.048,64.79,1050,56474401101
2510688.160,64.75,1050,56474407559
2510688.274,64.72,1050,56474414004
2510688.387,64.69,1050,56474420459
2510688.500,64.68,1050,56474426909
2510688.615,64.65,1050,56474433360
2510688.727,64.66,1050,56474439813
2510688.839,64.67,1050,56474452733
2510688.952,64.64,1050,56474459181
2510689.065,64.59,1050,56474465645
2510689.177,64.58,1050,56474472095
2510689.294,64.45,1050,56474478500
2510689.406,64.40,1050,56474484893
2510689.518,64.34,1050,56474491297
2510689.635,64.27,1050,56474504066
2510689.748,64.25,1050,56474510461
2510689.861,64.13,1050,56474516855
2510689.974,64.03,1050,56474523240
2510690.087,63.93,1050,56474529614
2510690.199,63.83,1050,56474536003
2510690.313,63.88,1050,56474542399
2510690.426,63.91,1050,56474548789
2510690.539,63.95,1050,56474561547
2510690.653,63.97,1050,56474567939
2510690.765,63.99,1050,56474574337
2510690.878,63.97,1050,56474580713
2510690.995,64.13,1050,56474587103
2510691.108,64.20,1050,56474593476
2510691.221,64.26,1050,56474599882
2510691.334,64.26,1050,56474612663
2510691.447,64.27,1050,56474619061
2510691.560,64.25,1050,56474625445
2510691.673,64.20,1050,56474631834
2510691.785,64.18,1050,56474638222
2510691.897,64.16,1050,56474644594
2510692.013,64.12,1050,56474650974
2510692.127,64.05,1050,56474657348
2510692.239,64.06,1050,56474670090
2510692.353,64.01,1050,56474676467
2510692.464,63.98,1050,56474682854
2510692.577,63.92,1050,56474689204
2510692.693,63.90,1050,56474695576
2510692.805,63.85,1050,56474701948
2510692.917,63.80,1050,56474708321
2510693.032,63.74,1050,56474721082
2510693.144,63.70,1050,56474727448
2510693.256,63.68,1050,56474733812
2510693.372,63.62,1050,56474740200
2510693.485,63.62,1050,56474746651
2510693.592,63.66,1050,56474753838
2510693.699,64.58,1050,56474761181
2510693.810,65.56,1020,56474768494
2510693.917,67.57,1050,56474775833
2510694.024,68.58,1050,56474783172
2510694.132,69.53,1050,56474797872
2510694.240,71.19,960,56474805047
2510694.349,71.10,960,56474811935
2510694.457,71.69,915,56474818867
2510694.570,72.14,990,56474825878
2510694.677,72.58,1050,56474833009
2510694.784,72.34,1050,56474840252
2510694.891,72.03,1050,56474847551
2510694.998,71.78,1050,56474854862
2510695.110,71.59,1050,56474862158
2510695.217,71.57,975,56474869463
2510695.323,71.45,1020,56474876684
2510695.431,71.56,975,56474883723
2510695.537,71.58,1050,56474897810
2510695.643,71.71,1035,56474904957
2510695.751,72.00,990,56474912240
2510695.859,72.13,990,56474919503
2510695.969,72.22,1020,56474926723
2510696.077,72.22,1005,56474934001
2510696.184,72.30,1005,56474941272
2510696.291,72.17,990,56474948400
2510696.399,71.97,945,56474955562
2510696.509,71.79,930,56474962564
2510696.619,71.75,945,56474969546
2510696.732,70.73,1050,56474982421
2510696.844,70.00,1050,56474988849
2510696.957,69.24,1050,56474995292
2510697.072,68.45,1050,56475001719
2510697.185,67.71,1050,56475008142
2510697.297,66.84,1050,56475014563
2510697.412,66.06,1050,56475021003
2510697.525,65.31,1050,56475027431
2510697.637,64.16,1050,56475040300
2510697.751,64.08,1050,56475046726
2510697.864,64.10,1050,56475053174
2510697.976,64.15,1050,56475059600
2510698.091,64.17,1050,56475066022
2510698.204,64.25,1050,56475072442
2510698.317,64.34,1050,56475078853
2510698.430,64.43,1050,56475091711
2510698.542,64.56,1050,56475098125
2510698.654,64.56,1050,56475104532
2510698.771,64.54,1050,56475110940
2510698.884,64.58,1050,56475117352
2510698.997,64.55,1050,56475123766
2510699.111,64.48,1050,56475130176
2510699.223,64.45,1050,56475136587
2510699.335,64.38,1050,56475149371
2510699.450,65.38,1050,56475156173
2510699.557,66.18,975,56475163552
2510699.668,66.36,1050,56475170671
2510699.780,66.31,1050,56475177089
2510699.892,66.27,1050,56475183502
2510700.004,66.25,1050,56475189921
2510700.115,66.25,1050,56475196330
2510700.231,66.23,1050,56475209127
2510700.343,66.18,1050,56475215513
2510700.454,66.05,1050,56475221910
2510700.570,64.84,1050,56475228310
2510700.682,63.99,1050,56475234726
2510700.794,63.78,1050,56475241118
2510700.911,63.75,1050,56475247518
2510701.023,63.73,1050,56475253904
2510701.135,63.74,1050,56475266699
2510701.251,63.70,1050,56475273095
2510701.365,63.69,1050,56475279502
2510701.478,63.76,1050,56475285920
2510701.591,63.82,1050,56475292313
2510701.703,63.90,1050,56475298711
2510701.814,63.94,1050,56475305095
2510701.929,64.02,1050,56475317896
2510702.041,64.09,1050,56475324280
2510702.152,64.09,1050,56475330673
2510702.264,64.18,1050,56475337069
2510702.376,64.24,1050,56475343459
2510702.491,64.26,1050,56475349870
2510702.598,65.02,1050,56475356694
2510702.707,65.73,1050,56475363970
2510702.815,66.57,1035,56475371263
2510702.927,67.44,1050,56475385206
2510703.040,67.74,1050,56475391600
2510703.153,67.42,1050,56475398004
2510703.269,67.47,1050,56475404404
2510703.381,67.45,1050,56475410799
2510703.493,67.43,1050,56475417193
2510703.610,67.41,1050,56475423593
2510703.722,66.66,1050,56475429989
2510703.835,65.93,1050,56475442766
2510703.947,65.12,1050,56475449176
2510704.060,64.25,1050,56475455572
2510704.173,64.25,1050,56475461980
2510704.288,64.18,1050,56475468378
2510704.400,64.20,1050,56475474761
2510704.513,64.18,1050,56475481152
2510704.628,64.22,1050,56475493928
2510704.740,64.21,1050,56475500306
2510704.852,64.17,1050,56475506697
2510704.968,64.16,1050,56475513104
2510705.080,64.13,1050,56475519559
2510705.193,64.85,1050,56475526287
2510705.300,65.72,1050,56475533590
2510705.407,66.71,1050,56475540884
2510705.515,67.43,1050,56475548206
2510705.626,68.36,1050,56475555537
2510705.736,69.21,1050,56475570112
2510705.845,69.97,1050,56475577405
2510705.953,70.76,1005,56475584481
2510706.060,71.17,960,56475591399
2510706.167,71.60,975,56475598377
2510706.275,72.10,1020,56475605522
2510706.385,72.12,1050,56475612740
2510706.493,71.93,1035,56475620020
2510706.600,72.01,1050,56475627297
2510706.707,71.86,1050,56475634589
2510706.815,71.85,1035,56475641850
2510706.926,71.79,990,56475649053
2510707.033,71.56,960,56475663168
2510707.140,71.65,975,56475670232
2510707.247,71.77,1035,56475677409
2510707.354,71.86,1035,56475684612
2510707.465,71.95,1035,56475691886
2510707.573,71.91,1050,56475699122
2510707.685,71.89,1035,56475706402
2510707.792,71.82,1035,56475713638
2510707.899,71.69,990,56475720827
2510708.007,71.70,1005,56475727945
2510708.113,71.80,1005,56475735039
2510708.225,71.92,990,56475742150
2510708.332,72.03,1020,56475756527
2510708.439,72.15,1035,56475763765
2510708.546,72.14,1035,56475771038
2510708.653,72.14,1035,56475778288
2510708.765,72.05,1035,56475785542
2510708.872,72.05,1035,56475792667
2510708.980,71.82,1035,56475799780
2510709.086,71.66,1020,56475806877
2510709.195,71.87,990,56475813984
2510709.305,72.05,1035,56475821150
2510709.411,72.05,1020,56475828369
2510709.518,71.95,1050,56475835626
2510709.626,72.08,1035,56475850089
2510709.734,72.18,1035,56475857281
2510709.844,72.29,1035,56475864455
2510709.951,72.24,990,56475871561
2510710.058,72.25,975,56475878673
2510710.165,72.28,1020,56475885856
2510710.273,72.19,1020,56475892995
2510710.384,72.08,1050,56475900235
2510710.491,72.04,1050,56475907447
2510710.599,72.18,1020,56475914716
2510710.706,72.02,1050,56475921873
2510710.814,71.99,1035,56475929107
2510710.924,71.69,990,56475936199
2510711.032,71.76,1035,56475950416
2510711.138,71.68,1005,56475957549
2510711.246,71.73,1035,56475964735
2510711.353,71.72,1035,56475971969
2510711.464,71.88,1035,56475979179
2510711.572,71.77,1005,56475986381
2510711.687,71.71,1050,56475993075
2510711.798,71.07,1050,56475999467
2510711.910,69.53,1050,56476005816
2510712.027,68.99,1050,56476018512
2510712.138,68.30,1050,56476024860
2510712.249,67.73,1050,56476031209
2510712.367,67.05,1050,56476037636
2510712.478,66.42,1050,56476044067
2510712.590,65.51,1050,56476050517
2510712.705,64.86,1050,56476056959
2510712.816,64.07,1050,56476063392
2510712.927,64.04,1050,56476076241
2510713.038,64.08,1005,56476083563
2510713.145,65.00,1035,56476090910
2510713.253,65.77,1050,56476097592
2510713.366,65.84,1050,56476103993
2510713.478,65.87,1050,56476110412
2510713.590,65.95,1050,56476116841
2510713.706,66.01,1050,56476123284
2510713.818,66.08,1050,56476129726
2510713.931,66.17,1050,56476142600
2510714.044,66.21,1050,56476149036
2510714.157,66.25,1050,56476155479
2510714.269,65.32,1050,56476161921
2510714.385,64.58,1050,56476168612
2510714.492,65.26,1050,56476175875
2510714.603,66.03,1050,56476183139
2510714.710,66.81,1035,56476190401
2510714.825,67.52,1050,56476203528
2510714.938,67.50,1050,56476209986
2510715.050,67.48,1050,56476216440
2510715.166,67.48,1050,56476222881
2510715.279,67.49,1050,56476229337
2510715.390,67.51,1050,56476235792
2510715.505,67.53,1050,56476242247
2510715.617,66.90,1050,56476248718
2510715.729,65.42,1050,56476261633
2510715.844,64.74,1050,56476268084
2510715.956,64.77,1050,56476274539
2510716.069,64.80,1050,56476281009
2510716.184,64.83,1050,56476287768
2510716.291,65.70,1020,56476295137
2510716.403,66.56,990,56476302350
2510716.515,66.73,1050,56476308832
2510716.628,66.73,1050,56476321727
2510716.745,66.69,1050,56476328178
2510716.857,66.65,1050,56476334638
2510716.968,66.57,1050,56476341090
2510717.085,66.46,1050,56476347541
2510717.198,66.39,1050,56476353993
2510717.310,66.33,1050,56476360450
2510717.423,65.45,1050,56476373356
2510717.534,64.39,1050,56476379803
2510717.646,64.40,1050,56476386258
2510717.759,64.44,1050,56476392720
2510717.867,65.35,1020,56476399902
2510717.974,66.12,1005,56476407299
2510718.087,66.19,1050,56476414124
2510718.205,66.28,1050,56476420594
2510718.317,66.36,1050,56476427057
2510718.429,66.43,1050,56476439970
2510718.544,66.47,1050,56476446423
2510718.656,66.47,1050,56476452876
2510718.768,66.47,1050,56476459343
2510718.885,66.44,1050,56476465798
2510718.998,65.55,1050,56476472254
2510719.110,64.84,1050,56476478701
2510719.224,64.84,1050,56476491600
2510719.337,64.83,1050,56476498346
2510719.444,65.50,1035,56476505718
2510719.552,66.32,1005,56476512994
2510719.664,66.64,1050,56476519496
2510719.777,66.63,1050,56476525957
2510719.890,66.55,1050,56476532397
2510720.003,66.53,1050,56476538851
2510720.115,66.50,1050,56476545292
2510720.227,66.48,1050,56476558186
2510720.342,66.47,1050,56476565441
2510720.450,67.33,1005,56476572766
2510720.562,67.57,1035,56476579574
2510720.674,66.31,1050,56476586021
2510720.786,66.36,1050,56476592477
2510720.898,66.40,1050,56476598909
2510721.010,66.48,1050,56476605367
2510721.123,66.53,1050,56476618253
2510721.235,66.59,1050,56476624701
2510721.347,66.55,1050,56476631148
2510721.462,66.59,1050,56476637615
2510721.575,65.73,1050,56476644064
2510721.685,65.71,990,56476650913
2510721.793,66.51,1050,56476658273
2510721.905,66.62,1050,56476665462
2510722.017,66.57,1050,56476671921
2510722.129,66.59,1050,56476684810
2510722.242,66.54,1050,56476691261
2510722.355,66.47,1050,56476697718
2510722.468,66.52,1050,56476704167
2510722.583,66.46,1050,56476710610
2510722.696,66.41,1050,56476717076
2510722.808,65.49,1050,56476723546
2510722.924,64.64,1050,56476736447
2510723.036,64.53,1050,56476742876
2510723.148,64.50,1050,56476749335
2510723.264,64.43,1050,56476755774
2510723.371,64.55,1050,56476763148
2510723.481,65.30,990,56476770412
2510723.592,66.10,1050,56476777042
2510723.706,66.19,1050,56476783491
2510723.821,66.25,1050,56476796403
2510723.934,66.21,1050,56476802844
2510724.047,66.24,1050,56476809288
2510724.163,66.28,1050,56476815737
2510724.271,66.32,1050,56476822843
2510724.380,67.21,990,56476830210
2510724.492,67.91,990,56476837115
2510724.604,66.44,1050,56476843561
2510724.716,66.42,1050,56476850012
2510724.828,66.42,1050,56476862913
2510724.941,66.40,1050,56476869364
2510725.054,66.38,1050,56476875821
2510725.166,66.38,1050,56476882272
2510725.283,66.38,1050,56476888715
2510725.392,66.41,1050,56476895374
2510725.500,66.34,1050,56476902636
2510725.607,67.05,1035,56476909928
2510725.720,67.86,1050,56476923822
2510725.831,68.15,1050,56476930260
2510725.944,67.83,1050,56476936704
2510726.056,67.85,1050,56476943124
2510726.169,67.86,1050,56476949524
2510726.282,67.83,1050,56476955923
2510726.394,67.78,1050,56476962330
2510726.507,67.68,1050,56476968740
2510726.621,66.15,1050,56476981535
2510726.734,65.36,1050,56476987911
2510726.845,64.47,1050,56476994300
2510726.961,64.44,1050,56477000701
2510727.072,64.39,1050,56477007084
2510727.185,64.27,1050,56477013480
2510727.301,64.19,1050,56477019871
2510727.414,64.15,1050,56477026277
2510727.525,64.21,1050,56477039099
2510727.642,64.21,1050,56477045511
2510727.753,64.13,1050,56477051971
2510727.861,64.53,1050,56477059261
2510727.969,65.39,1035,56477066557
2510728.080,66.20,1035,56477073866
2510728.192,66.96,1050,56477080721
2510728.305,67.04,1050,56477087109
2510728.421,67.09,1050,56477099881
2510728.533,67.12,1050,56477106253
2510728.646,67.12,1050,56477112623
2510728.760,67.08,1050,56477119015
2510728.872,67.07,1050,56477125407
2510728.985,66.58,1050,56477131796
2510729.102,65.69,1050,56477138189
2510729.215,64.86,1050,56477144570
2510729.327,64.09,1050,56477157329
2510729.439,63.96,1050,56477163717
2510729.551,63.91,1050,56477170091
2510729.664,63.89,1050,56477176473
2510729.781,63.84,1050,56477182857
2510729.892,63.82,1050,56477189240
2510730.004,63.81,1050,56477195623
2510730.120,63.80,1050,56477208384
2510730.233,63.78,1050,56477214770
2510730.346,63.70,1050,56477221155
2510730.458,64.62,990,56477228425
2510730.566,65.55,975,56477235778
2510730.679,66.35,1050,56477242975
2510730.786,67.24,1050,56477250267
2510730.898,68.12,1050,56477257595
2510731.006,68.87,1050,56477264933
2510731.118,69.83,990,56477272312
2510731.225,70.36,900,56477286012
2510731.340,70.37,1050,56477292412
2510731.453,70.40,1050,56477298796
2510731.561,70.34,1005,56477305886
2510731.669,70.35,1005,56477313231
2510731.782,69.60,1050,56477320109
2510731.894,68.79,1050,56477326502
2510732.010,67.99,1050,56477332916
2510732.123,67.33,1050,56477345670
2510732.240,66.42,1050,56477352069
2510732.352,65.94,1050,56477358462
2510732.465,65.94,1050,56477364835
2510732.579,65.93,1050,56477371222
2510732.691,65.08,1050,56477377601
2510732.804,64.13,1050,56477383974
2510732.920,64.13,1050,56477396756
2510733.032,64.06,1050,56477403129
2510733.144,64.04,1050,56477409505
2510733.260,63.95,1050,56477415893
2510733.372,63.90,1050,56477422257
2510733.485,63.88,1050,56477428643
2510733.600,63.82,1050,56477435021
2510733.712,63.82,1050,56477441390
2510733.820,64.66,990,56477456077
2510733.927,65.91,975,56477462656
2510734.040,65.78,1050,56477469040
2510734.152,65.79,1050,56477475409
2510734.265,65.80,1050,56477481779
2510734.378,65.79,1050,56477488167
2510734.491,65.82,1050,56477494552
2510734.603,65.85,1050,56477500912
2510734.719,65.94,1050,56477513653
2510734.831,66.00,1050,56477520024
2510734.943,65.15,1050,56477526419
2510735.059,64.09,1050,56477532794
2510735.170,64.00,1050,56477539169
2510735.284,64.01,1050,56477545538
2510735.399,64.03,1050,56477551908
2510735.511,64.05,1050,56477558276
2510735.623,64.06,1050,56477570998
2510735.738,64.07,1050,56477577366
2510735.850,64.03,1050,56477583728
2510735.962,63.96,1050,56477590097
2510736.077,63.95,1050,56477596472
2510736.190,63.95,1050,56477602838
2510736.302,63.95,1050,56477609205
2510736.419,63.92,1050,56477621947
2510736.530,63.91,1050,56477628332
2510736.643,63.88,1050,56477634695
2510736.759,63.79,1050,56477641052
2510736.871,63.73,1050,56477647441
2510736.984,63.70,1050,56477653825
2510737.097,64.01,1005,56477660330
2510737.205,64.92,945,56477667737
2510737.316,65.77,1050,56477681624
2510737.429,66.05,1050,56477688028
2510737.541,65.90,1050,56477694421
2510737.659,65.91,1050,56477700804
2510737.772,65.94,1050,56477707207
2510737.884,66.09,1050,56477713589
2510737.998,66.18,1050,56477719976
2510738.110,66.22,1050,56477726369
2510738.222,65.99,1050,56477739147
2510738.338,65.10,1050,56477745533
2510738.451,64.32,1050,56477751925
2510738.564,64.29,1050,56477758323
2510738.678,64.22,1050,56477764759
2510738.791,64.39,1050,56477771253
2510738.904,64.47,1050,56477777755
2510739.017,64.58,1050,56477790739
2510739.130,64.65,1050,56477797233
2510739.242,64.75,1050,56477803729
2510739.357,64.79,1050,56477810248
2510739.465,64.91,1050,56477817407
2510739.575,65.89,990,56477824748
2510739.687,66.75,960,56477831730
2510739.799,66.95,1050,56477838232
2510739.912,66.96,1050,56477844741
2510740.024,66.98,1050,56477858064
2510740.135,67.61,1050,56477865346
2510740.242,68.45,1050,56477872626
2510740.350,69.03,1050,56477879930
2510740.456,69.72,1050,56477887220
2510740.563,70.39,1050,56477894555
2510740.673,70.35,1050,56477901849
2510740.781,70.24,1050,56477909213
2510740.888,70.86,945,56477916254
2510740.994,71.41,990,56477923151
2510741.108,71.91,1035,56477930081
2510741.216,71.96,1035,56477937224
2510741.323,71.99,1050,56477951767
2510741.434,72.02,1035,56477959045
2510741.541,71.98,1035,56477966357
2510741.648,72.03,1050,56477973685
2510741.756,71.98,1020,56477980904
2510741.863,71.78,975,56477987922
2510741.974,71.61,960,56477994906
2510742.083,71.71,990,56478001987
2510742.195,71.95,1020,56478009188
2510742.302,71.98,1050,56478016393
2510742.414,71.85,1050,56478023653
2510742.521,71.90,1050,56478038245
2510742.628,71.97,1020,56478045516
2510742.735,71.89,1020,56478052681
2510742.842,71.73,990,56478059773
2510742.954,71.75,990,56478066838
2510743.061,71.70,1005,56478073896
2510743.168,71.91,1020,56478081100
2510743.275,71.94,1020,56478088296
2510743.383,71.95,1035,56478095549
2510743.494,72.06,1050,56478102817
2510743.601,71.98,1050,56478110095
2510743.713,71.90,1020,56478117283
2510743.821,71.94,990,56478131532
2510743.927,71.88,975,56478138640
2510744.035,71.98,1020,56478145747
2510744.143,72.08,1035,56478152918
2510744.253,72.06,1035,56478160115
2510744.360,72.16,1050,56478167368
2510744.467,72.36,1005,56478174654
2510744.574,72.22,1035,56478181889
2510744.682,72.17,1005,56478189124
2510744.793,72.09,990,56478196251
2510744.900,71.94,1005,56478203363
2510745.006,71.84,1005,56478210494
2510745.115,71.99,1050,56478217623
2510745.221,72.17,1035,56478232020
2510745.333,72.11,1020,56478239204
2510745.440,72.09,1050,56478246471
2510745.547,72.19,1005,56478253701
2510745.655,72.31,1035,56478260913
2510745.761,72.25,1020,56478268068
2510745.872,72.23,1005,56478275228
2510745.979,72.19,1005,56478282309
2510746.087,72.22,990,56478289430
2510746.195,71.97,1050,56478296649
2510746.302,72.16,990,56478303841
2510746.413,72.12,1035,56478311045
2510746.519,72.06,1035,56478325513
2510746.627,71.88,1020,56478332699
2510746.734,71.84,1005,56478339872
2510746.841,72.06,990,56478347038
2510746.953,72.13,1020,56478354185
2510747.059,72.13,1035,56478361318
2510747.167,71.95,1050,56478368550
2510747.274,72.06,1035,56478375706
2510747.381,71.90,1020,56478382907
2510747.492,71.96,1050,56478390123
2510747.599,72.19,1005,56478397372
2510747.706,72.17,1035,56478404531
2510747.814,72.02,1035,56478411710
2510747.920,71.68,1020,56478426001
2510748.032,71.71,1005,56478433154
2510748.140,71.88,975,56478440352
2510748.251,72.05,945,56478447538
2510748.359,71.98,1050,56478454277
2510748.474,71.21,1050,56478460620
2510748.587,70.50,1050,56478466978
2510748.698,69.54,1050,56478473365
2510748.815,68.85,1050,56478486127
2510748.927,67.44,1050,56478492499
2510749.039,66.76,1050,56478498851
2510749.155,66.02,1050,56478505221
2510749.267,65.22,1050,56478511583
2510749.379,64.47,1050,56478517969
2510749.494,63.85,1050,56478524340
2510749.607,63.85,1050,56478530722
2510749.719,63.79,1050,56478543500
2510749.834,63.82,1050,56478549845
2510749.946,63.84,1050,56478556192
2510750.059,63.84,1050,56478562556
2510750.173,63.94,1050,56478568998
2510750.285,63.92,1050,56478575397
2510750.398,63.84,1050,56478581736
2510750.514,63.85,1050,56478594503
2510750.626,63.90,1050,56478600861
2510750.738,63.85,1050,56478607219
2510750.854,63.87,1050,56478613642
2510750.967,63.85,1050,56478620044
2510751.080,63.90,1050,56478626409
2510751.194,63.85,1050,56478632790
2510751.307,63.78,1050,56478639160
2510751.418,63.84,1050,56478651975
2510751.533,64.03,1050,56478658402
2510751.645,64.04,1050,56478664810
2510751.756,64.14,1050,56478671230
2510751.873,64.26,1050,56478677669
2510751.986,64.33,1050,56478684110
2510752.098,64.42,1050,56478690534
2510752.214,64.43,1050,56478703399
2510752.325,64.55,1050,56478710069
2510752.433,65.34,1050,56478717408
2510752.540,66.95,1050,56478724714
2510752.649,67.78,1050,56478732054
2510752.761,67.80,1050,56478738767
2510752.873,67.75,1050,56478745137
2510752.985,67.69,1050,56478751542
2510753.098,67.66,1050,56478757986
2510753.212,67.68,1050,56478770878
2510753.324,67.67,1050,56478777299
2510753.436,67.61,1050,56478783722
2510753.552,66.08,1050,56478790154
2510753.665,65.20,1050,56478796573
2510753.778,64.40,1050,56478802991
2510753.893,64.45,1050,56478809399
2510754.007,64.49,1050,56478815813
2510754.118,64.58,1050,56478828636
2510754.233,64.59,1050,56478835065
2510754.346,64.54,1050,56478841485
2510754.459,64.50,1050,56478847892
2510754.573,64.50,1050,56478854301
2510754.685,64.45,1050,56478860712
2510754.798,64.38,1050,56478867135
2510754.913,64.35,1050,56478879982
2510755.027,64.27,1050,56478886398
2510755.139,64.20,1050,56478892825
2510755.252,64.11,1050,56478899255
2510755.365,64.10,1050,56478905678
2510755.477,64.14,1050,56478912119
2510755.591,64.18,1050,56478918553
2510755.703,64.18,1050,56478924987
2510755.815,64.23,1050,56478937813
2510755.932,64.30,1050,56478944244
2510756.044,64.35,1050,56478950670
2510756.157,64.41,1050,56478957089
2510756.272,64.50,1050,56478963513
2510756.385,64.57,1050,56478969940
2510756.498,64.54,1050,56478976373
2510756.613,64.56,1050,56478989211
2510756.725,64.54,1050,56478995639
2510756.837,64.56,1050,56479002071
2510756.951,64.57,1050,56479008510
2510757.063,64.54,1050,56479014945
2510757.175,64.51,1050,56479021376
2510757.292,64.50,1050,56479027804
2510757.405,64.48,1050,56479034240
2510757.517,64.47,1050,56479047095
2510757.632,64.47,1050,56479053523
2510757.744,64.41,1050,56479059952
2510757.856,64.39,1050,56479066403
2510757.971,64.39,1050,56479072841
2510758.084,64.40,1050,56479079277
2510758.196,64.42,1050,56479085719
2510758.312,64.38,1050,56479098587
2510758.424,64.33,1050,56479105015
2510758.536,64.30,1050,56479111445
2510758.652,64.25,1050,56479117875
2510758.765,64.19,1050,56479124295
2510758.876,64.18,1050,56479130732
2510758.991,64.11,1050,56479137173
2510759.102,64.07,1050,56479143605
2510759.215,64.09,1050,56479156476
2510759.331,64.03,1050,56479162916
2510759.439,64.03,1050,56479170117
2510759.549,64.92,1035,56479177452
2510759.656,65.77,1005,56479184431
2510759.771,65.83,1050,56479190882
2510759.884,65.91,1050,56479197325
2510759.995,65.99,1050,56479203742
2510760.111,66.04,1050,56479216605
2510760.224,66.06,1050,56479223046
2510760.336,66.07,1050,56479229493
2510760.451,66.13,1050,56479235929
2510760.564,66.15,1050,56479242385
2510760.677,65.33,1050,56479248812
2510760.791,64.52,1050,56479255244
2510760.904,64.45,1050,56479261675
2510761.015,64.43,1050,56479274517
2510761.129,64.42,1050,56479280955
2510761.241,64.41,1050,56479287384
2510761.354,64.37,1050,56479293800
2510761.471,64.32,1050,56479300231
2510761.584,64.27,1050,56479306655
2510761.696,64.17,1050,56479313061
2510761.811,64.03,1050,56479325821
2510761.923,63.97,1050,56479332206
2510762.035,63.87,1050,56479338598
2510762.152,63.84,1050,56479344979
2510762.265,63.85,1050,56479351382
2510762.377,63.84,1050,56479357778
2510762.489,63.90,1050,56479364174
2510762.601,63.89,1050,56479370562
2510762.713,63.97,1050,56479383370
2510762.830,63.99,1050,56479389750
2510762.942,64.08,1050,56479396133
2510763.054,64.09,1050,56479402554
2510763.170,64.19,1050,56479408949
2510763.282,64.23,1050,56479415343
2510763.393,64.19,1050,56479421725
2510763.508,64.18,1050,56479434451
2510763.621,64.16,1050,56479440820
2510763.734,64.13,1050,56479447194
2510763.850,64.07,1050,56479453564
2510763.963,63.99,1050,56479459917
2510764.076,63.91,1050,56479466283
2510764.189,63.90,1050,56479472666
2510764.302,63.81,1050,56479479032
2510764.415,63.71,1050,56479491802
2510764.529,63.63,1050,56479498178
2510764.642,63.61,1050,56479504565
2510764.754,63.58,1050,56479510944
2510764.869,63.61,1050,56479517337
2510764.981,63.65,1050,56479523693
2510765.089,64.68,975,56479530855
2510765.196,65.48,1005,56479538156
2510765.309,65.68,1050,56479551701
2510765.422,65.70,1050,56479558081
2510765.534,65.75,1050,56479564457
2510765.650,65.71,1050,56479570830
2510765.762,65.69,1050,56479577202
2510765.875,65.69,1050,56479583565
2510765.989,65.67,1050,56479589946
2510766.101,65.62,1050,56479596318
2510766.213,64.60,1050,56479609040
2510766.329,63.64,1050,56479615430
2510766.441,63.67,1050,56479621824
2510766.553,63.70,1050,56479628212
2510766.669,63.72,1050,56479634585
2510766.781,63.72,1050,56479640914
2510766.889,64.65,990,56479648030
2510766.996,65.58,990,56479655302
2510767.109,65.74,1035,56479668916
2510767.222,65.72,1050,56479675281
2510767.334,65.75,1050,56479681643
2510767.447,65.65,1050,56479688001
2510767.560,65.56,1050,56479694357
2510767.672,65.45,1050,56479700713
2510767.788,65.37,1050,56479707060
2510767.901,65.38,1050,56479713420
2510768.013,64.48,1050,56479726146
2510768.127,63.59,1050,56479732505
2510768.240,63.42,1050,56479738860
2510768.352,63.45,1050,56479745208
2510768.468,63.48,1050,56479751553
2510768.581,63.55,1050,56479757902
2510768.694,63.63,1050,56479764246
2510768.809,63.73,1050,56479776937
2510768.922,63.73,1050,56479783275
2510769.035,63.73,1050,56479789610
2510769.147,63.69,1050,56479795968
2510769.260,63.60,1050,56479802288
2510769.373,63.57,1050,56479808616
2510769.488,63.57,1050,56479814966
2510769.601,63.58,1050,56479821314
2510769.714,63.58,1050,56479833988
2510769.828,63.52,1050,56479840325
2510769.940,63.45,1050,56479846674
2510770.053,63.42,1050,56479853024
2510770.168,63.32,1050,56479859366
2510770.281,63.34,1050,56479865697
2510770.394,63.40,1050,56479872033
2510770.508,63.45,1050,56479884722
2510770.621,63.44,1050,56479891068
2510770.733,63.43,1050,56479897406
2510770.847,63.41,1050,56479903762
2510770.960,63.45,1035,56479910272
2510771.068,65.07,960,56479917712
2510771.175,66.07,975,56479925061
2510771.290,66.15,1050,56479931956
2510771.408,66.21,1050,56479944656
2510771.521,66.17,1050,56479950998
2510771.633,66.11,1050,56479957350
2510771.746,66.13,1050,56479963693
2510771.858,66.17,1050,56479970046
2510771.970,66.19,1050,56479976402
2510772.081,65.69,1050,56479982773
2510772.194,64.83,1050,56479989240
2510772.308,64.03,1050,56480002187
2510772.420,64.11,1050,56480008653
2510772.532,64.19,1050,56480015128
2510772.646,64.32,1050,56480021614
2510772.758,64.46,1050,56480028080
2510772.871,64.53,1050,56480034545
2510772.985,64.70,1050,56480041016
2510773.098,64.84,1050,56480047500
2510773.211,64.90,1050,56480060466
2510773.326,64.88,1050,56480066944
2510773.438,64.88,1050,56480073412
2510773.550,64.90,1050,56480079880
2510773.666,64.91,1050,56480086379
2510773.778,64.92,1050,56480092886
2510773.891,65.06,1050,56480099405
2510774.005,65.14,1050,56480112431
2510774.117,65.19,1050,56480118943
2510774.230,65.24,1050,56480125462
2510774.346,65.25,1050,56480132327
2510774.454,65.91,1050,56480139618
2510774.562,66.71,1050,56480146953
2510774.670,67.52,1050,56480154285
2510774.778,68.22,1050,56480161594
2510774.890,68.82,1050,56480168189
2510775.006,68.73,1050,56480181213
2510775.113,69.28,1050,56480188332
2510775.222,69.44,1050,56480195597
2510775.328,70.00,1050,56480202828
2510775.436,70.64,1050,56480210055
2510775.543,70.78,1050,56480217222
2510775.650,70.57,1050,56480224478
2510775.758,70.53,1050,56480231731
2510775.866,70.47,1050,56480238988
2510775.974,70.60,1020,56480246079
2510776.083,70.97,990,56480253134
2510776.191,71.48,1020,56480260237
2510776.303,72.05,1020,56480267400
2510776.409,72.14,1020,56480281829
2510776.516,72.13,1020,56480289057
2510776.623,72.00,1035,56480296303
2510776.731,72.02,1050,56480303577
2510776.843,71.91,1035,56480310782
2510776.950,71.74,1005,56480317835
2510777.057,71.58,975,56480324976
2510777.164,71.82,990,56480332121
2510777.272,72.00,1005,56480339289
2510777.383,71.98,1035,56480346483
2510777.490,72.06,1035,56480353727
2510777.597,72.04,1035,56480360949
2510777.704,72.02,1035,56480368161
2510777.812,72.16,975,56480382562
2510777.922,72.09,990,56480389685
2510778.030,72.12,1005,56480396790
2510778.137,72.13,1005,56480403952
2510778.244,72.05,1020,56480411095
2510778.352,72.08,1050,56480418268
2510778.462,72.15,975,56480425482
2510778.570,72.04,1050,56480432696
2510778.676,72.00,1050,56480439979
2510778.784,72.09,1020,56480447146
2510778.891,71.99,1020,56480454296
2510779.002,71.94,1035,56480461433
2510779.109,72.05,1020,56480475753
2510779.216,72.03,1035,56480482918
2510779.325,72.22,1020,56480490108
2510779.432,72.11,1005,56480497316
2510779.542,72.09,1050,56480504544
2510779.649,72.18,1050,56480511809
2510779.756,72.14,1035,56480518947
2510779.863,72.10,1005,56480526137
2510779.970,72.16,1005,56480533278
2510780.080,72.16,1020,56480540443
2510780.188,72.18,1035,56480547591
2510780.295,72.13,1035,56480554771
2510780.403,72.27,1035,56480569122
2510780.511,72.29,1020,56480576331
2510780.621,72.18,1050,56480583514
2510780.729,72.07,1035,56480590756
2510780.836,72.18,1005,56480597926
2510780.944,72.16,1020,56480605100
2510781.051,72.26,990,56480612255
2510781.162,72.12,1035,56480619417
2510781.269,72.06,1035,56480626614
2510781.382,72.15,1035,56480633794
2510781.489,72.15,1020,56480641001
2510781.595,72.21,1035,56480648202
2510781.703,72.18,1005,56480655396
2510781.809,72.11,1050,56480669794
2510781.921,72.09,1005,56480676935
2510782.028,72.16,1020,56480684137
2510782.135,72.10,1020,56480691295
2510782.243,72.30,1005,56480698511
2510782.350,72.30,1035,56480705658
2510782.461,72.24,1050,56480712894
2510782.568,72.11,1035,56480720047
2510782.675,72.02,1020,56480727218
2510782.783,71.86,1050,56480734444
2510782.889,72.14,1005,56480741622
2510783.000,72.25,1005,56480748852
2510783.107,72.11,1005,56480763174
2510783.214,71.86,1020,56480770363
2510783.321,71.76,1005,56480777583
2510783.429,71.89,990,56480784751
2510783.541,71.99,975,56480791902
2510783.648,71.98,990,56480799094
2510783.761,72.14,975,56480806268
2510783.869,71.09,1050,56480813155
2510783.984,70.26,1050,56480819491
2510784.095,69.62,1050,56480825793
2510784.207,68.83,1050,56480838532
2510784.315,68.60,1050,56480845745
2510784.423,68.63,1050,56480853020
2510784.530,68.66,1050,56480860311
2510784.640,68.01,1050,56480867159
2510784.752,67.13,1050,56480873508
2510784.864,66.51,1050,56480879849
2510784.975,66.49,1050,56480886194
2510785.087,66.41,1050,56480892537
2510785.202,66.46,1050,56480905152
2510785.313,66.41,1050,56480911479
2510785.432,65.00,1050,56480917787
2510785.545,64.18,1050,56480924132
2510785.657,63.40,1050,56480930496
2510785.769,63.46,1050,56480936860
2510785.882,63.53,1050,56480943203
2510785.995,63.54,1050,56480949536
2510786.107,63.62,1050,56480962257
2510786.222,63.65,1050,56480968616
2510786.335,63.66,1050,56480974961
2510786.447,63.79,1050,56480981333
2510786.562,63.86,1050,56480987702
2510786.675,63.76,1050,56480994060
2510786.788,63.68,1050,56481000408
2510786.901,63.60,1050,56481013188
2510787.014,63.54,1050,56481019573
2510787.126,63.56,1050,56481026003
2510787.241,63.70,1050,56481032420
2510787.354,63.82,1050,56481038864
2510787.462,64.88,1050,56481045947
2510787.569,65.76,1005,56481053321
2510787.684,65.87,1050,56481060229
2510787.795,66.05,1050,56481066642
2510787.908,66.11,1050,56481079506
2510788.020,66.19,1050,56481085933
2510788.133,66.30,1050,56481092342
2510788.245,66.20,1050,56481098797
2510788.362,66.15,1050,56481105217
2510788.473,66.08,1050,56481111629
2510788.585,65.12,1050,56481118073
2510788.703,64.26,1050,56481130944
2510788.815,64.17,1050,56481137382
2510788.927,64.11,1050,56481143814
2510789.042,64.14,1050,56481150237
2510789.155,64.03,1050,56481156680
2510789.268,64.09,1050,56481163110
2510789.381,64.06,1050,56481169546
2510789.493,64.07,1050,56481175972
2510789.605,64.12,1050,56481188831
2510789.722,64.09,1050,56481195271
2510789.834,64.13,1050,56481201703
2510789.947,64.20,1050,56481208128
2510790.060,64.23,1050,56481214554
2510790.172,64.33,1050,56481220972
2510790.285,64.37,1050,56481227390
2510790.392,65.31,1005,56481234474
2510790.500,66.30,990,56481248784
2510790.612,66.40,1050,56481255235
2510790.725,66.40,1050,56481261650
2510790.840,66.44,1050,56481268085
2510790.952,66.40,1050,56481274510
2510791.064,66.38,1050,56481280926
2510791.181,66.36,1050,56481287350
2510791.294,66.33,1050,56481293771
2510791.406,66.35,1050,56481306613
2510791.521,65.38,1050,56481313035
2510791.633,64.39,1050,56481319461
2510791.746,64.28,1050,56481325880
2510791.861,64.25,1050,56481332297
2510791.973,64.20,1050,56481338708
2510792.086,64.19,1050,56481345144
2510792.201,64.17,1050,56481357994
2510792.314,64.17,1050,56481364419
2510792.427,64.14,1050,56481370858
2510792.541,64.07,1050,56481377280
2510792.653,64.08,1050,56481383699
2510792.764,64.12,1050,56481390130
2510792.881,64.20,1050,56481396570
2510792.993,64.28,1050,56481402995
2510793.104,64.37,1050,56481415842
2510793.219,64.38,1050,56481422269
2510793.331,64.44,1050,56481428714
2510793.443,64.44,1050,56481435125
2510793.560,64.48,1050,56481441569
2510793.672,64.51,1050,56481447988
2510793.784,64.57,1050,56481454415
2510793.899,64.63,1050,56481467270
2510794.011,64.62,1050,56481473688
2510794.122,64.61,1050,56481480114
2510794.235,64.58,1050,56481486536
2510794.347,64.59,1050,56481492964
2510794.460,64.58,1050,56481499396
2510794.573,64.61,1050,56481505817
2510794.684,64.57,1050,56481512253
2510794.799,64.59,1050,56481525112
2510794.911,64.59,1050,56481531545
2510795.022,64.54,1050,56481537987
2510795.139,64.57,1050,56481544760
2510795.246,65.31,1020,56481552115
2510795.358,66.09,1020,56481559469
2510795.469,66.84,1050,56481566022
2510795.580,66.77,1050,56481572448
2510795.692,66.75,1050,56481578878
2510795.803,66.78,1050,56481591762
2510795.918,66.76,1050,56481598208
2510796.032,66.76,1050,56481604648
2510796.143,66.77,1050,56481611084
2510796.258,66.75,1050,56481617522
2510796.371,65.98,1050,56481623956
2510796.483,65.24,1050,56481630409
2510796.599,64.58,1050,56481643268
2510796.710,64.60,1050,56481649697
2510796.823,64.62,1050,56481656788
2510796.931,65.52,1020,56481664119
2510797.038,66.37,1050,56481671265
2510797.151,66.50,1050,56481677729
2510797.263,66.50,1050,56481684162
2510797.379,66.49,1050,56481690612
2510797.490,66.49,1050,56481697122
2510797.598,67.89,1050,56481711834
2510797.706,69.09,1050,56481718588
2510797.819,68.67,1050,56481725011
2510797.932,68.63,1050,56481731407
2510798.043,67.70,1050,56481737812
2510798.159,66.77,1050,56481744215
2510798.271,66.56,1050,56481750615
2510798.383,66.53,1050,56481757024
2510798.499,66.47,1050,56481769808
2510798.610,65.88,1050,56481776207
2510798.721,64.98,1050,56481782600
2510798.837,64.09,1050,56481788999
2510798.948,64.09,1050,56481795401
2510799.061,64.06,1050,56481801795
2510799.179,64.00,1050,56481808195
2510799.290,64.03,1050,56481814588
2510799.402,63.95,1050,56481827339
2510799.518,63.82,1050,56481833708
2510799.631,63.76,1050,56481840071
2510799.743,63.73,1050,56481846450
2510799.858,63.72,1050,56481852825
2510799.970,63.70,1050,56481859215
2510800.082,63.68,1050,56481865596
2510800.198,63.74,1050,56481878354
2510800.311,63.76,1050,56481884726
2510800.424,63.81,1050,56481891104
2510800.537,64.82,1035,56481898072
2510800.645,65.75,1005,56481905408
2510800.755,66.04,1005,56481912671
2510800.867,66.05,1050,56481919063
2510800.979,66.02,1050,56481925437
2510801.092,66.00,1050,56481931804
2510801.206,65.98,1050,56481944572
2510801.319,65.86,1050,56481950927
2510801.432,65.80,1050,56481957297
2510801.544,65.79,1050,56481963662
2510801.657,64.83,1050,56481970041
2510801.770,63.94,1050,56481976409
2510801.882,63.65,1050,56481982790
2510801.998,63.64,1050,56481995540
2510802.111,63.65,1050,56482001909
2510802.223,63.63,1050,56482008276
2510802.337,63.73,1050,56482014646
2510802.450,63.74,1050,56482021011
2510802.558,64.75,1020,56482027925
2510802.665,65.61,990,56482035254
2510802.774,66.04,1050,56482042557
2510802.887,66.03,1050,56482048974
2510803.001,66.03,1050,56482061705
2510803.117,65.93,1050,56482068032
2510803.225,65.86,1050,56482075328
2510803.334,67.59,990,56482082688
2510803.442,67.60,1050,56482089572
2510803.557,67.60,1050,56482095936
2510803.669,66.58,1050,56482102306
2510803.782,65.75,1050,56482108651
2510803.897,65.35,1050,56482121360
2510804.009,65.32,1050,56482127705
2510804.122,65.25,1050,56482134062
2510804.235,65.29,1050,56482140420
2510804.347,64.45,1050,56482146780
2510804.460,63.58,1050,56482153140
2510804.576,63.51,1050,56482159506
2510804.688,63.91,1050,56482165883
2510804.796,64.84,960,56482180585
2510804.904,65.94,945,56482187164
2510805.017,65.78,1050,56482193525
2510805.131,65.82,1050,56482199877
2510805.244,65.90,1050,56482206212
2510805.359,65.94,1050,56482212556
2510805.477,65.90,1050,56482218899
2510805.588,65.91,1050,56482225244
2510805.700,65.95,1050,56482237924
2510805.816,65.55,1050,56482244243
2510805.929,64.61,1050,56482250568
2510806.041,63.61,1050,56482256903
2510806.157,63.55,1050,56482263243
2510806.276,63.52,1050,56482269567
2510806.388,63.50,1050,56482275892
2510806.500,63.52,1050,56482288540
2510806.616,63.52,1050,56482294884
2510806.729,63.51,1050,56482301226
2510806.841,63.44,1050,56482307597
2510806.955,63.52,1050,56482314289
2510807.063,64.47,990,56482321699
2510807.174,66.24,1050,56482329092
2510807.286,66.28,1050,56482335733
2510807.398,66.34,1050,56482348425
2510807.516,66.35,1050,56482354757
2510807.628,66.38,1050,56482361118
2510807.740,66.37,1050,56482367461
2510807.856,66.38,1050,56482373797
2510807.968,66.43,1050,56482380193
2510808.076,66.34,1050,56482387024
2510808.184,66.34,1050,56482394349
2510808.293,66.50,1050,56482401664
2510808.401,67.26,1050,56482415733
2510808.516,67.25,1050,56482422093
2510808.628,67.28,1050,56482428458
2510808.744,67.25,1050,56482434813
2510808.858,67.24,1050,56482441152
2510808.969,67.25,1050,56482447495
2510809.081,67.17,1050,56482453838
2510809.195,66.38,1050,56482466511
2510809.308,65.47,1050,56482472849
2510809.420,64.50,1050,56482479214
2510809.535,63.72,1050,56482485579
2510809.647,63.68,1050,56482491921
2510809.759,63.63,1050,56482498305
2510809.872,63.74,945,56482505083
2510809.980,65.86,975,56482512426
2510810.095,66.34,1050,56482526140
2510810.207,66.37,1050,56482532605
2510810.318,66.46,1050,56482539078
2510810.435,66.53,1050,56482545556
2510810.547,66.63,1050,56482552132
2510810.655,67.31,960,56482559554
2510810.763,68.20,975,56482566847
2510810.875,69.02,1050,56482573454
2510810.988,67.97,1050,56482579937
2510811.100,67.20,1050,56482592903
2510811.215,66.81,1050,56482599397
2510811.327,66.89,1050,56482605879
2510811.440,66.91,1050,56482612357
2510811.555,66.94,1050,56482618835
2510811.667,66.94,1050,56482625300
2510811.781,66.31,1050,56482631765
2510811.891,65.68,1050,56482638989
2510811.999,66.43,1050,56482653585
2510812.111,67.10,1050,56482660899
2510812.218,67.78,1050,56482668223
2510812.326,68.57,1050,56482675516
2510812.433,69.34,1050,56482682863
2510812.541,70.12,960,56482690023
2510812.650,70.55,945,56482696968
2510812.758,70.91,960,56482703874
2510812.871,71.43,1005,56482710942
2510812.979,71.97,1050,56482718126
2510813.091,71.76,1050,56482725374
2510813.198,71.91,1050,56482739948
2510813.305,71.87,1050,56482747267
2510813.412,71.82,1035,56482754567
2510813.519,71.75,1005,56482761669
2510813.626,71.64,990,56482768672
2510813.733,71.80,960,56482775717
2510813.840,71.99,1020,56482782807
2510813.951,72.08,1050,56482789978
2510814.058,72.21,1050,56482797210
2510814.171,72.29,1050,56482804497
2510814.278,72.32,1035,56482811778
2510814.385,72.14,1050,56482819086
2510814.492,72.19,1020,56482833447
2510814.600,72.18,990,56482840486
2510814.710,72.11,975,56482847574
2510814.818,72.09,1005,56482854643
2510814.925,72.15,1050,56482861829
2510815.031,72.24,1035,56482869055
2510815.139,72.32,1050,56482876370
2510815.249,72.42,1020,56482883623
2510815.356,72.30,1050,56482890930
2510815.463,72.34,1005,56482898106
2510815.570,72.23,1020,56482905247
2510815.677,72.26,990,56482912315
2510815.784,72.13,975,56482919427
2510815.892,71.99,1035,56482926517
2510815.999,72.18,1020,56482940971
2510816.110,72.26,1050,56482948238
2510816.216,72.06,1050,56482955504
2510816.324,72.00,990,56482962777
2510816.432,72.05,1035,56482969932
2510816.539,72.11,1020,56482977056
2510816.650,72.00,990,56482984152
2510816.757,71.93,1005,56482991282
2510816.870,72.04,1050,56482998380
2510816.978,71.96,990,56483005589
2510817.090,72.00,1050,56483012748
2510817.196,72.18,1050,56483027271
2510817.304,72.00,1020,56483034472
2510817.411,71.86,990,56483041671
2510817.519,71.82,1020,56483048775
2510817.630,71.69,1020,56483055881
2510817.737,71.82,1020,56483063042
2510817.844,72.02,1035,56483070210
2510817.951,72.05,1050,56483077391
2510818.059,72.02,1020,56483084603
2510818.170,72.05,1050,56483091812
2510818.278,71.98,1050,56483099038
2510818.389,72.13,1020,56483106246
2510818.496,72.12,1020,56483120600
2510818.603,72.05,1005,56483127729
2510818.711,71.97,1020,56483134884
2510818.818,71.91,1050,56483142009
2510818.930,71.97,1050,56483149219
2510819.037,72.08,1035,56483156447
2510819.144,72.18,1050,56483163665
2510819.251,72.05,1005,56483170928
2510819.358,71.97,1050,56483178091
2510819.469,71.80,1020,56483185297
2510819.577,72.04,1035,56483192420
2510819.683,72.19,1005,56483199571
2510819.791,72.10,1005,56483213902
2510819.899,72.20,1035,56483221077
2510820.009,72.18,1035,56483228300
2510820.116,71.95,1005,56483235501
2510820.229,71.22,1050,56483242314
2510820.341,70.52,1050,56483248669
2510820.455,69.69,1050,56483255027
2510820.570,69.02,1050,56483261356
2510820.683,68.10,1050,56483267687
2510820.795,67.24,1050,56483280402
2510820.911,66.58,1050,56483286772
2510821.022,65.77,1050,56483293149
2510821.135,64.28,1050,56483299498
2510821.250,63.51,1050,56483305850
2510821.363,63.48,1050,56483312183
2510821.474,63.49,1050,56483318527
2510821.591,63.47,1050,56483331221
2510821.704,63.47,1050,56483337560
2510821.818,63.44,1050,56483343863
2510821.931,63.47,1050,56483350177
2510822.044,63.59,1050,56483356501
2510822.155,63.62,1050,56483362807
2510822.271,63.58,1050,56483369115
2510822.383,63.51,1050,56483375447
2510822.495,63.48,1050,56483388105
2510822.610,63.42,1050,56483394464
2510822.723,63.48,1050,56483400813
2510822.835,63.41,1050,56483407156
2510822.951,63.44,1050,56483413484
2510823.064,63.45,1050,56483419833
2510823.175,63.37,1050,56483426155
2510823.291,63.42,1050,56483438899
2510823.403,63.48,1050,56483445306
2510823.515,63.60,1050,56483451667
2510823.630,63.67,1050,56483458058
2510823.742,63.80,1050,56483464459
2510823.855,63.79,1050,56483470839
2510823.970,63.79,1050,56483477238
2510824.083,63.83,1050,56483483634
2510824.195,63.88,1050,56483496424
2510824.310,63.95,1050,56483502822
2510824.421,63.90,1050,56483509233
2510824.534,63.87,1050,56483515626
2510824.650,63.83,1050,56483522043
2510824.762,63.84,1050,56483528431
2510824.874,63.90,1050,56483534848
2510824.990,63.99,1050,56483547650
2510825.103,64.02,1050,56483554677
2510825.211,65.07,1005,56483562046
2510825.319,65.88,1005,56483569040
2510825.430,65.96,1050,56483575462
2510825.543,66.06,1050,56483581874
2510825.655,66.13,1050,56483588284
2510825.769,66.18,1050,56483594690
2510825.882,66.13,1050,56483601095
2510825.995,66.22,1050,56483613910
2510826.110,66.19,1050,56483620320
2510826.223,66.24,1050,56483626722
2510826.336,65.28,1050,56483633125
2510826.449,64.48,1050,56483639526
2510826.562,64.41,1050,56483645915
2510826.674,64.31,1050,56483652324
2510826.789,64.27,1050,56483665157
2510826.903,64.25,1050,56483671563
2510827.017,64.19,1050,56483677971
2510827.129,64.12,1050,56483684382
2510827.241,64.08,1050,56483690805
2510827.353,64.09,1050,56483697207
2510827.469,64.10,1050,56483703626
2510827.581,64.15,1050,56483710036
2510827.693,64.23,1050,56483722860
2510827.809,64.27,1050,56483729276
2510827.922,64.30,1050,56483735687
2510828.035,64.34,1050,56483742101
2510828.149,64.38,1050,56483748512
2510828.261,64.39,1050,56483754920
2510828.373,64.39,1050,56483761318
2510828.488,64.38,1050,56483774145
2510828.600,64.37,1050,56483780557
2510828.712,64.33,1050,56483786949
2510828.829,64.31,1050,56483793380
2510828.941,64.31,1050,56483799795
2510829.053,64.33,1050,56483806203
2510829.169,64.31,1050,56483812613
2510829.281,64.30,1050,56483819025
2510829.392,64.33,1050,56483831839
2510829.509,64.35,1050,56483838261
2510829.622,64.30,1050,56483844666
2510829.734,64.24,1050,56483851085
2510829.848,64.24,1050,56483857484
2510829.961,64.17,1050,56483863889
2510830.072,64.16,1050,56483870318
2510830.188,64.12,1050,56483883135
2510830.301,64.07,1050,56483889529
2510830.413,64.06,1050,56483895945
2510830.529,63.98,1050,56483902366
2510830.641,63.97,1050,56483908787
2510830.753,63.90,1050,56483915200
2510830.868,63.89,1050,56483921636
2510830.981,63.88,1050,56483928053
2510831.093,63.94,1050,56483940902
2510831.208,63.91,1050,56483947305
2510831.320,63.94,1050,56483953739
2510831.432,63.94,1050,56483960152
2510831.548,63.98,1050,56483966575
2510831.661,64.00,1050,56483972998
2510831.773,64.08,1050,56483979412
2510831.887,64.16,1050,56483992265
2510831.999,64.19,1050,56483998675
2510832.112,64.19,1050,56484005104
2510832.228,64.25,1050,56484011520
2510832.340,64.27,1050,56484017946
2510832.453,64.33,1050,56484024362
2510832.568,64.35,1050,56484030784
2510832.680,64.40,1050,56484037196
2510832.793,64.44,1050,56484050018
2510832.907,64.44,1050,56484056437
2510833.020,64.48,1050,56484062846
2510833.132,64.46,1050,56484069257
2510833.248,64.47,1050,56484075629
2510833.360,64.44,1050,56484081997
2510833.472,64.36,1050,56484088352
2510833.586,64.29,1050,56484101111
2510833.696,64.19,1050,56484107480
2510833.809,64.12,1050,56484114108
2510833.916,65.37,1050,56484121352
2510834.024,66.20,1050,56484128604
2510834.132,66.86,1050,56484135813
2510834.239,67.21,1050,56484142989
2510834.350,67.14,1050,56484149395
2510834.467,67.07,1050,56484155762
2510834.580,67.08,1050,56484162133
2510834.691,67.07,1050,56484174906
2510834.807,67.12,1050,56484181286
2510834.920,67.14,1050,56484187669
2510835.031,65.79,1050,56484194025
2510835.147,64.93,1050,56484200394
2510835.259,64.20,1050,56484206765
2510835.372,63.83,1050,56484213140
2510835.485,63.90,1050,56484225868
2510835.598,63.98,1050,56484232233
2510835.711,64.02,1050,56484238586
2510835.826,64.03,1050,56484244948
2510835.937,64.03,1050,56484251304
2510836.050,64.05,1050,56484257655
2510836.167,64.00,1050,56484264013
2510836.279,63.91,1050,56484270373
2510836.392,63.90,1050,56484283062
2510836.506,63.84,1050,56484289407
2510836.619,63.80,1050,56484295756
2510836.731,63.74,1050,56484302108
2510836.846,63.61,1050,56484308457
2510836.958,63.55,1050,56484314813
2510837.070,63.45,1050,56484321163
2510837.186,63.75,1035,56484334884
2510837.293,64.78,1020,56484342244
2510837.403,65.59,990,56484349101
2510837.516,65.60,1050,56484355447
2510837.628,65.61,1050,56484361802
2510837.744,65.61,1050,56484368157
2510837.857,65.67,1050,56484374504
2510837.970,65.66,1050,56484380860
2510838.084,65.67,1050,56484393559
2510838.196,65.73,1050,56484399902
2510838.309,65.41,1050,56484406244
2510838.426,64.51,1050,56484412588
2510838.538,63.57,1050,56484418940
2510838.650,63.52,1050,56484425299
2510838.765,63.41,1050,56484431652
2510838.878,63.31,1050,56484437976
2510838.992,63.27,1050,56484450640
2510839.105,63.28,1050,56484456972
2510839.217,63.26,1050,56484463314
2510839.330,63.23,1050,56484469635
2510839.446,63.17,1050,56484475976
2510839.558,63.17,1050,56484482320
2510839.670,63.27,1050,56484488656
2510839.784,63.34,1050,56484501335
2510839.896,63.38,1050,56484507674
2510840.009,63.44,1050,56484514023
2510840.125,63.49,1050,56484520362
2510840.239,63.55,1050,56484526698
2510840.351,63.60,1050,56484533010
2510840.464,63.63,1050,56484539334
2510840.576,63.63,1050,56484545662
2510840.689,63.60,1050,56484558283
2510840.805,63.51,1050,56484564595
2510840.917,63.45,1050,56484570898
2510841.030,63.44,1050,56484577219
2510841.145,63.42,1050,56484583522
2510841.259,63.33,1050,56484589830
2510841.366,63.30,1050,56484596454
2510841.473,65.23,975,56484603834
2510841.582,66.15,1050,56484617821
2510841.695,66.43,1050,56484624136
2510841.806,66.15,1050,56484630452
2510841.919,66.20,1050,56484636758
2510842.032,66.19,1050,56484643080
2510842.146,66.21,1050,56484649392
2510842.258,66.26,1050,56484655714
2510842.370,66.35,1050,56484662044
2510842.484,65.30,1050,56484674721
2510842.597,64.36,1050,56484681036
2510842.709,63.45,1050,56484687368
2510842.824,63.41,1050,56484693745
2510842.936,63.54,1050,56484700618
2510843.044,64.58,990,56484707950
2510843.151,65.56,975,56484715356
2510843.265,66.46,1050,56484721867
2510843.377,66.49,1050,56484728200
2510843.489,66.56,1050,56484740838
2510843.604,66.55,1050,56484747175
2510843.717,66.51,1050,56484753505
2510843.830,66.54,1050,56484759834
2510843.944,66.60,1050,56484766172
2510844.056,66.50,1050,56484772561
2510844.168,65.58,1050,56484779020
2510844.284,64.75,1050,56484791915
2510844.396,64.07,1050,56484798375
2510844.509,64.18,1050,56484804842
2510844.624,64.26,1050,56484811305
2510844.737,64.41,1050,56484817761
2510844.850,64.57,1050,56484824197
2510844.964,64.65,1050,56484830653
2510845.076,64.75,1050,56484837097
2510845.188,64.88,1050,56484850004
2510845.302,64.86,1050,56484856464
2510845.415,64.87,1050,56484862920
2510845.528,64.84,1050,56484869376
2510845.642,64.85,1050,56484875831
2510845.755,64.88,1050,56484882307
2510845.862,65.56,1050,56484889318
2510845.969,66.34,1050,56484896585
2510846.081,67.14,1050,56484903860
2510846.188,67.91,1050,56484918245
2510846.303,68.00,1050,56484924738
2510846.415,68.07,1050,56484931223
2510846.528,68.51,1050,56484937851
2510846.635,69.17,1050,56484945051
2510846.743,69.90,1050,56484952263
2510846.851,70.62,1050,56484959544
2510846.961,70.66,1050,56484966774
2510847.073,69.91,1050,56484973388
2510847.185,69.11,1050,56484986316
2510847.303,68.32,1050,56484992777
2510847.411,68.75,1050,56484999876
2510847.520,69.39,1050,56485007119
2510847.628,69.57,1050,56485014330
2510847.739,69.68,1050,56485021661
2510847.847,69.67,1050,56485028895
2510847.954,69.53,1050,56485036116
2510848.062,69.38,1050,56485043272
2510848.170,69.95,1050,56485050397
2510848.280,70.40,1035,56485057485
2510848.387,71.04,1035,56485071716
2510848.494,71.84,1020,56485078875
2510848.602,71.91,1050,56485086107
2510848.710,72.00,1050,56485093375
2510848.820,72.04,1050,56485100567
2510848.926,71.71,1050,56485107737
2510849.033,71.66,1050,56485114921
2510849.140,71.66,1005,56485122168
2510849.248,71.67,1020,56485129280
2510849.360,71.81,990,56485136414
2510849.467,71.90,1005,56485143529
2510849.574,71.82,1035,56485150706
2510849.682,71.81,1035,56485165204
2510849.789,71.65,1020,56485172373
2510849.899,71.69,1020,56485179609
2510850.006,71.84,1020,56485186841
2510850.114,71.74,1035,56485193999
2510850.220,71.78,1020,56485201147
2510850.328,71.67,1020,56485208243
2510850.439,71.90,990,56485215413
2510850.546,71.82,1050,56485222557
2510850.659,71.82,1035,56485229788
2510850.766,71.81,1035,56485237020
2510850.873,71.76,1005,56485244219
2510850.980,71.87,1050,56485251396
2510851.088,71.86,1035,56485265784
2510851.199,71.80,1005,56485272914
2510851.306,71.89,1035,56485280077
2510851.419,72.01,990,56485287233
2510851.526,72.20,1005,56485294416
2510851.633,72.08,1035,56485301652
2510851.741,72.06,1035,56485308843
2510851.848,72.22,1035,56485316057
2510851.958,72.20,1005,56485323274
2510852.066,72.10,990,56485330462
2510852.179,72.15,975,56485337662
2510852.286,72.24,990,56485351982
2510852.398,72.18,975,56485359162
2510852.505,72.20,990,56485366371
2510852.613,72.24,975,56485373542
2510852.725,72.21,990,56485380239
2510852.841,71.53,1050,56485386677
2510852.955,69.95,1050,56485393105
2510853.069,69.30,1050,56485399528
2510853.182,68.61,1050,56485412389
2510853.295,67.93,1050,56485418805
2510853.408,67.23,1050,56485425237
2510853.524,66.58,1050,56485431676
2510853.641,65.84,1050,56485438106
2510853.754,64.36,1050,56485444536
2510853.867,64.33,1050,56485450955
2510853.981,64.39,1050,56485463820
2510854.095,64.41,1050,56485470250
2510854.209,64.43,1050,56485476683
2510854.322,64.44,1050,56485483112
2510854.434,64.46,1050,56485489541
2510854.548,64.42,1050,56485495954
2510854.660,64.34,1050,56485502384
2510854.774,64.39,1050,56485508811
2510854.887,64.46,1050,56485521678
2510855.000,64.47,1050,56485528108
2510855.113,64.48,1050,56485534545
2510855.226,64.50,1050,56485540977
2510855.339,64.45,1050,56485547391
2510855.452,64.37,1050,56485553829
2510855.565,64.40,1050,56485560259
2510855.681,64.48,1050,56485573150
2510855.793,64.53,1050,56485579577
2510855.907,64.54,1050,56485586034
2510856.021,64.51,1050,56485592450
2510856.135,64.49,1050,56485598880
2510856.248,64.39,1050,56485605311
2510856.362,64.34,1050,56485611746
2510856.480,64.50,1050,56485624626
2510856.593,64.53,1050,56485631065
2510856.707,64.53,1050,56485637496
2510856.821,64.53,1050,56485643934
2510856.935,64.47,1050,56485650364
2510857.048,64.41,1050,56485656802
2510857.161,64.36,1050,56485663236
2510857.274,64.48,1050,56485669684
2510857.388,64.53,1050,56485682562
2510857.501,64.56,1050,56485689006
2510857.615,64.53,1050,56485695439
2510857.728,64.49,1050,56485701865
2510857.842,64.44,1050,56485708302
2510857.960,64.39,1050,56485714746
2510858.073,64.43,1050,56485721197
2510858.186,64.59,1050,56485734091
2510858.300,64.60,1050,56485740545
2510858.413,64.61,1050,56485746989
2510858.526,64.56,1050,56485753417
2510858.640,64.47,1050,56485759859
2510858.753,64.41,1050,56485766307
2510858.866,64.44,1050,56485772742
2510858.980,64.50,1050,56485785620
2510859.093,64.59,1050,56485792058
2510859.206,64.55,1050,56485798503
2510859.320,64.47,1050,56485804946
2510859.433,64.44,1050,56485811379
2510859.546,64.41,1050,56485817826
2510859.660,64.44,1050,56485824273
2510859.773,64.49,1050,56485830722
2510859.886,64.60,1050,56485843626
2510859.999,64.53,1050,56485850066
2510860.112,64.44,1050,56485856504
2510860.226,64.43,1050,56485862952
2510860.339,64.47,1050,56485869404
2510860.453,64.51,1050,56485875854
2510860.566,64.54,1050,56485882306
2510860.680,64.57,1050,56485895201
2510860.793,64.56,1050,56485901647
2510860.906,64.41,1050,56485908083
2510861.020,64.38,1050,56485914538
2510861.133,64.41,1050,56485920982
2510861.247,64.48,1050,56485927427
2510861.360,64.52,1050,56485933862
2510861.473,64.55,1050,56485940313
2510861.586,64.55,1050,56485953191
2510861.700,64.44,1050,56485959624
2510861.812,64.41,1050,56485966077
2510861.925,64.46,1050,56485972533
2510862.039,64.48,1050,56485978976
2510862.153,64.49,1050,56485985412
2510862.266,64.54,1050,56485991861
2510862.380,64.55,1050,56486004755
2510862.498,64.46,1050,56486011191
2510862.612,64.41,1050,56486017635
2510862.725,64.48,1050,56486024077
2510862.838,64.50,1050,56486030529
2510862.952,64.55,1050,56486036979
2510863.065,64.59,1050,56486043437
2510863.178,64.59,1050,56486056344
2510863.292,64.56,1050,56486062809
2510863.405,64.53,1050,56486069266
2510863.518,64.54,1050,56486075732
2510863.632,64.68,1050,56486082196
2510863.746,64.69,1050,56486088649
2510863.859,64.71,1050,56486095096
2510863.972,64.67,1050,56486101542
2510864.085,64.61,1050,56486114372
2510864.198,64.51,1050,56486120778
2510864.311,64.48,1050,56486127189
2510864.424,64.50,1050,56486133607
2510864.538,64.46,1050,56486140015
2510864.651,64.44,1050,56486146439
2510864.764,64.41,1050,56486152858
2510864.878,64.36,1050,56486165703
2510864.990,64.31,1050,56486172135
2510865.104,64.31,1050,56486178549
2510865.217,64.33,1050,56486184965
2510865.330,64.38,1050,56486191378
2510865.442,64.40,1050,56486197771
2510865.556,64.36,1050,56486204182
2510865.669,64.31,1050,56486210593
2510865.783,64.23,1050,56486223359
2510865.897,64.18,1050,56486229751
2510866.010,64.17,1050,56486236157
2510866.124,64.15,1050,56486242557
2510866.238,64.13,1050,56486248947
2510866.350,64.12,1050,56486255352
2510866.464,64.09,1050,56486261747
2510866.578,64.08,1050,56486274554
2510866.691,64.08,1050,56486280968
2510866.805,64.12,1050,56486287377
2510866.918,64.16,1050,56486293780
2510867.031,64.19,1050,56486300190
2510867.144,64.22,1050,56486306583
2510867.256,64.19,1050,56486312980
2510867.370,64.14,1050,56486319366
2510867.483,64.13,1050,56486332142
2510867.597,64.12,1050,56486338546
2510867.710,64.15,1050,56486344957
2510867.824,64.16,1050,56486351373
2510867.937,64.19,1050,56486357772
2510868.051,64.14,1050,56486364161
2510868.164,64.08,1050,56486370549
2510868.277,64.12,1050,56486383367
2510868.390,64.18,1050,56486389799
2510868.503,64.22,1050,56486396235
2510868.617,64.25,1050,56486402660
2510868.731,64.22,1050,56486409095
2510868.844,64.21,1050,56486415530
2510868.958,64.22,1050,56486421971
2510869.075,64.33,1050,56486434840
2510869.189,64.42,1050,56486441283
2510869.302,64.40,1050,56486447702
2510869.416,64.40,1050,56486454127
2510869.530,64.42,1050,56486460562
2510869.644,64.42,1050,56486466993
2510869.758,64.42,1050,56486473466
2510869.870,64.61,1050,56486479961
2510869.983,64.64,1050,56486492938
2510870.096,64.69,1050,56486499431
2510870.209,64.72,1050,56486505934
2510870.322,64.75,1050,56486512416
2510870.436,64.82,1050,56486518900
2510870.549,64.80,1050,56486525395
2510870.662,64.85,1050,56486531883
2510870.775,65.01,1050,56486544867
2510870.889,64.99,1050,56486551356
2510871.002,65.00,1050,56486557843
2510871.115,64.99,1050,56486564340
2510871.228,65.01,1050,56486570854
2510871.341,65.00,1050,56486577351
2510871.456,65.02,1050,56486583849
2510871.569,65.06,1050,56486590350
2510871.682,65.09,1050,56486603348
2510871.796,65.04,1050,56486609846
2510871.909,65.02,1050,56486616336
2510872.022,65.04,1050,56486622839
2510872.135,65.07,1050,56486629329
2510872.247,65.05,1050,56486635818
2510872.360,65.03,1050,56486642297
2510872.475,65.01,1050,56486655257
2510872.588,64.98,1050,56486661724
2510872.701,64.92,1050,56486668191
2510872.815,64.89,1050,56486674670
2510872.929,64.89,1050,56486681153
2510873.043,64.89,1050,56486687634
2510873.156,64.88,1050,56486694112
2510873.275,64.83,1050,56486707075
2510873.388,64.91,1050,56486713577
2510873.501,64.92,1050,56486720075
2510873.616,64.94,1050,56486726577
2510873.729,64.91,1050,56486733084
2510873.843,65.01,1050,56486739567
2510873.956,64.98,1050,56486746006
2510874.075,64.96,1050,56486758920
2510874.188,64.86,1050,56486765385
2510874.301,64.83,1050,56486771841
2510874.414,64.82,1050,56486778290
2510874.528,64.77,1050,56486784744
2510874.641,64.62,1050,56486791186
2510874.755,64.63,1050,56486797632
2510874.875,64.45,1050,56486809519
2510874.982,61.53,1050,56486811972
2510875.090,54.09,1050,56486814352
2510875.196,50.40,1050,56486816725
2510875.301,46.66,1050,56486819092
2510875.409,42.92,1050,56486821453
2510875.515,39.19,1050,56486823822
2510875.621,35.47,1050,56486826185
2510875.729,31.84,1050,56486828550
2510875.834,28.09,1050,56486830912
2510875.940,28.09,1050,56486833268
2510876.045,28.09,1050,56486835633
2510876.150,28.09,1050,56486838005
2510876.255,28.09,1050,56486840368
2510876.361,28.09,1050,56486842741
2510876.466,28.09,1050,56486845106
2510876.571,28.09,1050,56486847483
2510876.678,28.09,1050,56486852212
2510876.783,28.09,1050,56486854555
2510876.888,23.59,1050,56486856905
2510876.993,23.59,1050,56486859469
2510877.098,23.59,1050,56486862084
2510877.202,23.59,1050,56486864691
2510877.307,23.59,1050,56486867303
2510877.411,23.59,1050,56486869914
2510877.515,23.59,1050,56486872526
2510877.619,23.59,1050,56486875142
2510877.723,23.59,1050,56486877773
2510877.827,24.94,1050,56486880395
2510877.931,24.94,1500,56486883023
2510878.035,24.94,1500,56486885644
2510878.139,24.94,1500,56486888265
2510878.243,24.94,1500,56486890889
2510878.347,24.94,1500,56486893515
2510878.451,24.94,1500,56486896143
2510878.556,24.94,1500,56486898785
2510878.660,24.94,1500,56486901419
2510878.764,24.94,1500,56486904056
2510878.868,26.44,1500,56486906685
2510878.972,26.44,1500,56486912791
2510879.080,28.12,1140,56486920549
2510879.190,31.55,900,56486927607
2510879.297,34.43,1080,56486934927
2510879.403,39.40,1080,56486942296
2510879.510,41.41,1065,56486949666
2510879.616,43.20,1050,56486956957
2510879.723,44.76,1080,56486964288
2510879.831,46.19,1035,56486971642
2510879.937,66.06,975,56486978645
2510880.044,72.75,960,56486985559
2510880.151,72.25,1005,56486992485
2510880.257,72.26,1050,56486999606
2510880.363,72.32,1050,56487006877
2510880.471,72.25,1050,56487014143
2510880.578,72.01,1065,56487028818
2510880.689,72.12,1050,56487036100
2510880.795,72.02,1035,56487043394
2510880.902,71.88,990,56487050361
2510881.009,71.72,975,56487057318
2510881.116,71.78,1035,56487064306
2510881.223,71.90,1065,56487071459
2510881.330,71.97,1035,56487078702
2510881.437,71.90,1095,56487085914
2510881.543,71.99,1080,56487093270
2510881.651,72.04,1050,56487100637
2510881.757,71.97,1050,56487107917
2510881.869,71.82,990,56487115102
2510881.975,71.60,990,56487129157
2510882.082,71.64,975,56487136172
2510882.190,71.89,975,56487143338
2510882.297,72.18,1050,56487150540
2510882.408,72.21,1065,56487157817
2510882.515,72.30,1080,56487165166
2510882.621,72.17,1050,56487172491
2510882.752,71.91,1005,56487179799
2510882.858,71.91,1005,56487186962
2510882.968,71.86,1020,56487194039
2510883.075,71.88,1005,56487208225
2510883.182,72.06,945,56487215333
2510883.290,72.14,1005,56487222527
2510883.397,72.08,1005,56487229808
2510883.508,72.19,1020,56487237115
2510883.618,71.72,1350,56487244009
2510883.732,71.84,1455,56487251221
2510883.851,71.97,1455,56487258576
2510883.965,71.95,1410,56487265835
2510884.078,72.15,1395,56487280152
2510884.191,72.22,1395,56487287259
2510884.305,72.11,1410,56487294490
2510884.418,72.25,1425,56487301781
2510884.531,72.06,1350,56487308918
2510884.645,71.87,1395,56487316019
2510884.758,72.21,1410,56487323246
2510884.872,72.20,1410,56487337704
2510884.985,72.15,1410,56487344850
2510885.098,72.02,1365,56487352014
2510885.213,71.97,1380,56487359212
2510885.331,71.96,1395,56487366449
2510885.444,71.82,1365,56487373629
2510885.558,71.62,1380,56487380751
2510885.673,71.79,1410,56487395146
2510885.791,72.03,1410,56487402363
2510885.904,71.97,1395,56487409587
2510886.017,71.89,1380,56487416740
2510886.131,71.81,1380,56487423912
2510886.244,71.85,1395,56487431099
2510886.357,71.96,1365,56487438331
2510886.471,71.91,1380,56487452584
2510886.585,72.03,1380,56487459737
2510886.698,72.09,1395,56487466965
2510886.811,72.06,1410,56487474218
2510886.924,71.89,1395,56487481406
2510887.037,71.91,1380,56487488572
2510887.152,71.88,1395,56487495814
2510887.269,71.87,1365,56487510150
2510887.382,72.00,1380,56487517279
2510887.496,71.93,1380,56487524433
2510887.611,71.80,1380,56487531577
2510887.724,71.85,1395,56487538825
2510887.837,72.07,1410,56487546068
2510887.951,72.08,1380,56487553213
2510888.064,72.11,1410,56487560392
2510888.177,72.23,1380,56487574833
2510888.293,72.14,1365,56487581963
2510888.408,72.14,1365,56487589111
2510888.522,72.04,1350,56487596248
2510888.636,71.98,1380,56487603418
2510888.751,72.04,1425,56487610626
2510888.864,71.81,1365,56487617901
2510888.977,71.74,1410,56487632251
2510889.091,71.83,1410,56487639505
2510889.205,71.86,1365,56487646667
2510889.318,71.77,1365,56487653796
2510889.432,71.80,1365,56487660939
2510889.550,71.69,1380,56487668145
2510889.663,71.82,1365,56487675333
2510889.776,71.94,1380,56487689672
2510889.889,71.97,1395,56487696857
2510890.003,72.13,1395,56487704143
2510890.116,71.91,1365,56487711346
2510890.230,71.95,1395,56487718511
2510890.343,71.90,1365,56487725678
2510890.456,71.95,1365,56487732855
2510890.571,72.05,1380,56487747141
2510890.684,71.93,1380,56487754289
2510890.796,72.05,1395,56487761539
2510890.909,72.22,1395,56487768780
2510891.023,72.05,1365,56487775995
2510891.137,72.06,1395,56487783188
2510891.251,72.12,1350,56487790353
2510891.370,72.10,1365,56487804681
2510891.484,72.07,1365,56487811836
2510891.597,72.03,1380,56487818945
2510891.711,72.14,1380,56487826134
2510891.829,72.13,1380,56487833352
2510891.943,72.08,1395,56487840593
2510892.057,72.00,1395,56487847820
2510892.170,72.16,1380,56487862176
2510892.289,72.09,1365,56487869345
2510892.401,72.03,1380,56487876508
2510892.515,72.14,1380,56487883666
2510892.630,72.08,1365,56487890838
2510892.743,72.13,1395,56487898036
2510892.857,72.02,1410,56487905249
2510892.971,72.09,1395,56487919740
2510893.087,72.02,1365,56487926893
2510893.201,72.01,1365,56487934042
2510893.315,71.73,1380,56487941187
2510893.431,71.84,1365,56487948369
2510893.549,71.75,1365,56487955541
2510893.662,71.91,1395,56487962744
2510893.775,72.00,1395,56487977143
2510893.889,71.94,1410,56487984422
2510894.002,72.11,1395,56487991587
2510894.114,71.97,1380,56487998736
2510894.228,71.81,1380,56488005874
2510894.341,71.90,1395,56488013016
2510894.454,72.01,1395,56488020223
2510894.567,72.02,1380,56488034549
2510894.680,72.10,1380,56488041795
2510894.792,72.02,1425,56488049027
2510894.907,71.99,1395,56488056202
2510895.019,71.87,1380,56488063373
2510895.131,71.86,1365,56488070555
2510895.248,71.85,1380,56488077708
2510895.361,71.86,1380,56488084858
2510895.473,71.89,1380,56488099205
2510895.586,71.89,1395,56488106474
2510895.699,72.01,1395,56488113690
2510895.812,72.02,1395,56488120867
2510895.926,71.96,1395,56488128095
2510896.039,71.92,1365,56488135269
2510896.152,71.98,1365,56488142441
2510896.266,71.97,1365,56488156747
2510896.379,72.04,1380,56488163900
2510896.492,72.06,1365,56488171069
2510896.607,72.11,1395,56488178291
2510896.721,72.03,1395,56488185539
2510896.834,71.90,1380,56488192741
2510896.947,71.94,1380,56488199903
2510897.061,71.84,1365,56488207081
2510897.174,71.93,1365,56488221393
2510897.289,71.87,1365,56488228566
2510897.407,71.90,1380,56488235725
2510897.520,71.79,1395,56488242965
2510897.633,71.90,1365,56488250185
2510897.747,71.87,1380,56488257379
2510897.860,71.83,1380,56488264544
2510897.973,71.90,1380,56488278890
2510898.087,71.93,1365,56488286056
2510898.200,71.90,1365,56488293226
2510898.314,71.84,1365,56488300392
2510898.427,71.81,1380,56488307585
2510898.540,71.83,1395,56488314784
2510898.652,71.91,1365,56488322026
2510898.767,71.97,1380,56488336443
2510898.880,72.06,1365,56488343640
2510898.993,71.95,1350,56488350769
2510899.107,71.87,1380,56488357964
2510899.220,71.91,1350,56488365137
2510899.334,71.91,1365,56488372331
2510899.448,72.03,1365,56488379531
2510899.560,72.06,1365,56488386741
2510899.674,72.05,1365,56488401101
2510899.787,71.95,1380,56488408276
2510899.900,71.95,1380,56488415492
2510900.013,71.93,1350,56488422666
2510900.128,71.99,1365,56488429853
2510900.245,72.06,1365,56488437077
2510900.359,72.05,1365,56488444282
2510900.471,72.11,1365,56488458667
2510900.586,72.11,1365,56488465862
2510900.699,72.11,1350,56488473038
2510900.812,72.05,1350,56488480234
2510900.926,72.10,1350,56488487426
2510901.039,72.01,1350,56488494583
2510901.152,71.90,1380,56488501747
2510901.266,71.94,1380,56488516135
2510901.378,71.92,1380,56488523310
2510901.492,71.91,1380,56488530473
2510901.605,71.77,1365,56488537687
2510901.718,71.85,1365,56488544872
2510901.831,71.79,1365,56488552080
2510901.946,71.84,1350,56488559274
2510902.058,71.72,1350,56488566446
2510902.171,71.90,1380,56488580879
2510902.285,71.85,1350,56488588090
2510902.399,71.84,1350,56488595227
2510902.512,71.77,1350,56488602395
2510902.625,71.79,1365,56488609558
2510902.738,71.89,1380,56488616784
2510902.850,71.86,1350,56488623990
2510902.965,71.95,1350,56488638322
2510903.079,72.02,1365,56488645571
2510903.192,71.93,1365,56488652768
2510903.306,71.96,1380,56488659954
2510903.419,71.97,1350,56488667138
2510903.533,71.99,1335,56488674306
2510903.646,71.99,1350,56488681472
2510903.758,72.02,1380,56488688713
2510903.871,71.91,1350,56488702992
2510903.985,71.90,1350,56488710175
2510904.098,71.99,1365,56488717382
2510904.211,71.91,1380,56488724574
2510904.324,71.93,1380,56488731749
2510904.438,71.80,1365,56488738940
2510904.544,71.72,825,56488746737
2510904.651,71.59,930,56488753591
2510904.761,71.46,1035,56488760554
2510904.869,71.34,1020,56488774877
2510904.975,71.44,1050,56488782112
2510905.081,71.42,1035,56488789316
2510905.188,71.27,1020,56488796510
2510905.294,71.42,990,56488803721
2510905.402,71.55,1050,56488810951
2510905.508,71.54,1020,56488818206
2510905.615,71.54,1005,56488825341
2510905.721,71.61,1020,56488832426
2510905.828,71.94,1005,56488839586
2510905.935,71.93,1035,56488846741
2510906.042,71.80,1005,56488853962
2510906.149,71.89,1035,56488861140
2510906.259,72.14,1005,56488868340
2510906.367,72.13,1050,56488882794
2510906.473,72.04,1035,56488890014
2510906.580,71.93,1020,56488897152
2510906.686,71.88,990,56488904261
2510906.793,72.09,1035,56488911418
2510906.901,72.03,1020,56488918639
2510907.007,72.16,1035,56488925811
2510907.115,72.29,990,56488933021
2510907.222,72.36,1050,56488940180
2510907.329,72.20,1035,56488947430
2510907.435,72.15,1020,56488954677
2510907.541,72.06,990,56488961861
2510907.648,72.07,1005,56488968976
2510907.754,72.20,1035,56488976123
2510907.862,72.10,1035,56488983306
2510907.968,72.14,1035,56488997693
2510908.074,72.17,1005,56489004878
2510908.182,72.19,1035,56489012081
2510908.289,72.11,1035,56489019332
2510908.399,72.00,990,56489026539
2510908.505,72.10,1035,56489033712
2510908.611,72.07,1020,56489040866
2510908.720,72.14,960,56489048089
2510908.827,72.17,990,56489055239
2510908.934,72.22,945,56489062448
2510909.042,72.30,975,56489069596
2510909.149,72.26,990,56489076746
2510909.264,71.93,1380,56489090711
2510909.377,72.16,1425,56489098062
2510909.490,72.45,1425,56489105419
2510909.605,72.63,1410,56489112718
2510909.723,72.68,1395,56489119935
2510909.836,72.62,1395,56489127131
2510909.949,72.58,1380,56489134300
2510910.063,72.52,1320,56489148430
2510910.176,72.30,1335,56489155457
2510910.289,72.23,1365,56489162661
2510910.403,72.59,1425,56489169979
2510910.516,72.43,1425,56489177257
2510910.629,71.97,1395,56489184540
2510910.742,72.01,1395,56489191710
2510910.856,72.09,1395,56489198953
2510910.969,72.03,1350,56489213235
2510911.082,71.89,1320,56489220268
2510911.196,71.82,1350,56489227402
2510911.309,72.05,1410,56489234624
2510911.423,72.19,1410,56489241897
2510911.536,72.23,1410,56489249138
2510911.649,72.26,1395,56489256387
2510911.762,72.26,1395,56489270745
2510911.874,72.18,1395,56489277959
2510911.987,72.10,1350,56489285041
2510912.102,72.07,1365,56489292132
2510912.215,72.14,1380,56489299307
2510912.328,72.23,1395,56489306547
2510912.442,72.15,1395,56489313796
2510912.556,72.00,1395,56489321027
2510912.669,72.00,1395,56489335418
2510912.782,71.88,1365,56489342594
2510912.895,71.89,1380,56489349744
2510913.008,71.90,1350,56489356850
2510913.123,71.80,1380,56489364026
2510913.237,71.82,1380,56489371225
2510913.350,71.80,1410,56489378403
2510913.465,71.87,1395,56489392946
2510913.582,71.88,1365,56489400117
2510913.696,71.81,1380,56489407275
2510913.809,71.76,1380,56489414432
2510913.922,71.79,1365,56489421597
2510914.036,71.67,1365,56489428763
2510914.149,71.82,1380,56489435985
2510914.264,71.94,1380,56489450301
2510914.382,71.89,1395,56489457582
2510914.496,72.08,1365,56489464795
2510914.609,72.01,1380,56489471961
2510914.722,71.92,1380,56489479105
2510914.835,71.88,1365,56489486252
2510914.948,71.85,1380,56489493431
2510915.061,72.03,1365,56489507823
2510915.176,72.01,1380,56489514981
2510915.288,71.96,1380,56489522174
2510915.404,71.87,1395,56489529478
2510915.520,72.03,1365,56489536668
2510915.633,71.85,1365,56489543815
2510915.747,71.78,1365,56489550996
2510915.862,71.87,1365,56489565383
2510915.975,72.12,1365,56489572562
2510916.088,72.12,1365,56489579715
2510916.203,71.92,1350,56489586869
2510916.321,71.92,1395,56489594113
2510916.435,72.03,1365,56489601319
2510916.549,72.06,1365,56489608467
2510916.662,71.86,1380,56489622787
2510916.774,72.07,1395,56489629994
2510916.888,72.13,1365,56489637200
2510917.001,71.95,1365,56489644391
2510917.115,71.92,1380,56489651559
2510917.228,72.01,1380,56489658727
2510917.342,72.34,1380,56489665951
2510917.455,72.34,1380,56489673134
2510917.567,72.18,1365,56489687454
2510917.681,72.24,1380,56489694636
2510917.795,72.13,1380,56489701820
2510917.909,71.96,1380,56489708990
2510918.023,72.02,1380,56489716184
2510918.141,72.02,1365,56489723384
2510918.254,71.95,1365,56489730556
2510918.367,71.85,1380,56489744920
2510918.482,71.73,1365,56489752105
2510918.595,71.82,1365,56489759278
2510918.707,71.87,1380,56489766441
2510918.821,71.84,1380,56489773632
2510918.935,71.91,1380,56489780810
2510919.048,71.93,1350,56489788008
2510919.163,72.02,1380,56489802398
2510919.280,71.91,1365,56489809555
2510919.394,71.87,1380,56489816714
2510919.507,71.92,1395,56489823914
2510919.621,71.86,1380,56489831098
2510919.734,71.81,1380,56489838253
2510919.847,71.81,1395,56489845422
2510919.961,71.97,1395,56489859879
2510920.074,71.94,1365,56489867046
2510920.187,71.96,1380,56489874219
2510920.300,71.83,1380,56489881373
2510920.413,71.96,1380,56489888556
2510920.527,71.98,1380,56489895736
2510920.640,71.98,1380,56489902904
2510920.753,71.96,1380,56489910084
2510920.866,72.02,1380,56489924446
2510920.980,72.10,1395,56489931675
2510921.092,71.93,1380,56489938857
2510921.206,71.92,1380,56489946022
2510921.319,71.85,1380,56489953193
2510921.432,71.85,1380,56489960342
2510921.545,71.85,1380,56489967498
2510921.659,71.85,1380,56489981866
2510921.780,71.88,1380,56489989052
2510921.892,71.89,1380,56489996254
2510922.005,71.87,1380,56490003452
2510922.118,71.80,1395,56490010655
2510922.231,71.82,1380,56490017868
2510922.346,71.88,1380,56490025071
2510922.461,71.91,1365,56490039371
2510922.577,71.95,1365,56490046575
2510922.690,72.04,1365,56490053773
2510922.803,72.02,1365,56490060940
2510922.919,72.02,1380,56490068093
2510923.032,71.97,1380,56490075280
2510923.145,71.96,1380,56490082462
2510923.260,72.02,1380,56490096831
2510923.373,72.02,1380,56490103982
2510923.486,71.95,1365,56490111162
2510923.600,71.95,1380,56490118369
2510923.717,71.94,1365,56490125550
2510923.831,71.83,1380,56490132723
2510923.944,71.88,1365,56490139931
2510924.060,71.88,1380,56490154343
2510924.172,71.95,1350,56490161487
2510924.285,71.90,1365,56490168650
2510924.398,71.87,1365,56490175860
2510924.504,71.93,990,56490183408
2510924.613,71.56,1005,56490190341
2510924.720,71.42,1005,56490197416
2510924.827,71.33,1020,56490204570
2510924.935,71.47,1035,56490211756
2510925.041,71.40,1005,56490218956
2510925.148,71.37,1020,56490226173
2510925.255,71.37,990,56490233317
2510925.362,71.36,1080,56490247762
2510925.474,71.61,1050,56490254982
2510925.582,71.50,1005,56490262122
2510925.688,71.79,1035,56490269268
2510925.796,71.92,990,56490276364
2510925.902,71.92,1050,56490283596
2510926.008,72.02,1050,56490290799
2510926.116,71.96,1020,56490297934
2510926.223,71.85,1020,56490305135
2510926.335,71.85,1035,56490312323
2510926.442,71.98,1035,56490319558
2510926.554,71.77,1035,56490326727
2510926.662,71.86,1020,56490341085
2510926.768,71.97,1005,56490348210
2510926.880,71.59,1275,56490355054
2510926.997,71.71,1395,56490362426
2510927.110,71.69,1395,56490369743
2510927.222,71.78,1365,56490376982
2510927.337,71.89,1380,56490384227
2510927.448,71.98,1365,56490391445
2510927.561,72.04,1350,56490405822
2510927.677,72.00,1365,56490412965
2510927.788,71.86,1305,56490419922
2510927.900,71.78,1380,56490427091
2510928.016,72.29,1365,56490434345
2510928.128,72.34,1365,56490441587
2510928.240,72.22,1380,56490448826
2510928.354,72.29,1380,56490463313
2510928.467,72.32,1365,56490470501
2510928.579,72.28,1350,56490477664
2510928.690,72.09,1320,56490484758
2510928.802,71.94,1335,56490491857
2510928.916,71.90,1350,56490499019
2510929.028,71.97,1365,56490506240
2510929.139,71.89,1365,56490513473
2510929.256,71.86,1380,56490527934
2510929.367,71.86,1365,56490535139
2510929.479,71.82,1350,56490542327
2510929.595,71.74,1365,56490549483
2510929.707,71.72,1350,56490556640
2510929.819,71.78,1350,56490563771
2510929.930,71.90,1350,56490570929
2510930.041,72.02,1380,56490578115
2510930.156,72.22,1380,56490592582
2510930.267,72.26,1365,56490599796
2510930.379,72.24,1365,56490607000
2510930.494,72.19,1350,56490614175
2510930.606,72.17,1365,56490621364
2510930.718,72.16,1350,56490628514
2510930.829,72.14,1350,56490635662
2510930.941,72.06,1365,56490642847
2510931.055,72.06,1350,56490657299
2510931.167,72.04,1350,56490664543
2510931.279,71.91,1350,56490671734
2510931.396,71.83,1350,56490678914
2510931.507,71.75,1350,56490686068
2510931.620,71.72,1350,56490693233
2510931.736,71.70,1350,56490700391
2510931.848,71.71,1365,56490707545
2510931.960,71.94,1380,56490721955
2510932.075,72.05,1365,56490729188
2510932.187,72.07,1365,56490736396
2510932.299,72.08,1365,56490743610
2510932.416,72.14,1350,56490750775
2510932.527,72.13,1350,56490757950
2510932.640,72.16,1350,56490765105
2510932.755,72.15,825,56490779720
2510932.864,71.80,945,56490786741
2510932.972,71.76,1005,56490793782
2510933.080,71.55,1035,56490800958
2510933.187,71.55,1005,56490808191
2510933.294,71.57,1005,56490815387
2510933.402,71.30,1065,56490822548
2510933.512,71.34,1065,56490829713
2510933.619,71.51,1080,56490836864
2510933.725,71.47,1020,56490844162
2510933.834,71.49,1035,56490851304
2510933.940,71.34,1035,56490858404
2510934.052,71.85,1065,56490865572
2510934.159,71.94,1035,56490879967
2510934.266,71.97,1050,56490887099
2510934.373,72.04,1020,56490894297
2510934.480,72.20,1035,56490901433
2510934.591,72.12,1035,56490908679
2510934.699,72.00,1050,56490915862
2510934.805,72.16,1005,56490923021
2510934.912,72.20,1050,56490930152
2510935.019,72.27,1005,56490937368
2510935.125,72.19,1050,56490944526
2510935.232,72.19,1035,56490951714
2510935.339,72.34,1035,56490958872
2510935.452,72.20,1035,56490966091
2510935.558,72.28,1020,56490980497
2510935.665,72.30,1020,56490987684
2510935.773,72.07,1020,56490994840
2510935.880,72.00,1005,56491002019
2510935.991,72.03,1020,56491009183
2510936.099,71.98,1035,56491016296
2510936.206,72.00,1020,56491023519
2510936.313,71.81,1035,56491030700
2510936.421,71.72,1050,56491037911
2510936.532,71.83,1065,56491045133
2510936.639,71.93,1050,56491052347
2510936.745,71.99,1020,56491059516
2510936.853,71.83,1035,56491066701
2510936.959,71.95,1005,56491081071
2510937.065,71.93,1005,56491088235
2510937.172,72.09,1035,56491095418
2510937.279,72.03,990,56491102637
2510937.391,72.16,1005,56491109818
2510937.498,72.24,1005,56491117057
2510937.606,72.10,975,56491124221
2510937.713,71.92,1005,56491131374
2510937.819,71.15,1110,56491138299
2510937.933,71.39,1395,56491145274
2510938.045,71.64,1425,56491152661
2510938.158,71.82,1395,56491167288
2510938.272,71.94,1365,56491174492
2510938.384,71.83,1365,56491181654
2510938.496,71.84,1380,56491188912
2510938.614,71.72,1365,56491196097
2510938.725,71.61,1305,56491203194
2510938.838,71.47,1305,56491210153
2510938.953,72.23,1380,56491224543
2510939.064,72.14,1380,56491231800
2510939.176,72.05,1395,56491239059
2510939.292,71.92,1365,56491246250
2510939.406,71.90,1380,56491253477
2510939.522,71.92,1380,56491260701
2510939.634,71.81,1350,56491267893
2510939.746,71.78,1320,56491274985
2510939.858,71.92,1365,56491289204
2510939.973,72.14,1365,56491296434
2510940.084,72.18,1380,56491303691
2510940.195,72.03,1350,56491310913
2510940.313,72.01,1365,56491318116
2510940.425,72.11,1365,56491325330
2510940.536,72.06,1365,56491332523
2510940.652,72.02,1350,56491346832
2510940.764,71.99,1350,56491353961
2510940.876,72.08,1350,56491361096
2510940.993,72.05,1365,56491368318
2510941.105,72.02,1380,56491375541
2510941.217,72.06,1365,56491382769
2510941.332,72.12,1365,56491389979
2510941.444,72.10,1380,56491397180
2510941.556,72.06,1380,56491411562
2510941.672,72.04,1350,56491418697
2510941.784,71.98,1350,56491425816
2510941.896,71.98,1365,56491432990
2510942.011,72.03,1380,56491440203
2510942.123,71.97,1350,56491447459
2510942.236,71.94,1350,56491454646
2510942.352,71.94,1365,56491469089
2510942.464,72.01,1320,56491476274
2510942.576,72.00,1320,56491483408
2510942.692,71.95,1350,56491490539
2510942.804,71.88,1365,56491497695
2510942.915,72.04,1365,56491504889
2510943.030,72.05,1380,56491512097
2510943.143,71.97,1365,56491519302
2510943.255,72.00,1380,56491533730
2510943.371,72.05,1365,56491540923
2510943.483,72.03,1365,56491548099
2510943.595,71.87,1365,56491555268
2510943.713,71.83,1365,56491562428
2510943.824,71.93,1380,56491569595
2510943.935,71.96,1380,56491576780
2510944.051,72.06,1380,56491591197
2510944.162,72.16,1380,56491598407
2510944.274,72.29,1365,56491605620
2510944.385,72.21,1365,56491612813
2510944.496,72.10,1350,56491619990
2510944.611,71.96,1350,56491627166
2510944.724,71.89,1365,56491634303
2510944.836,71.84,1365,56491641466
2510944.951,71.87,1365,56491655867
2510945.062,71.92,1350,56491663050
2510945.173,71.88,1380,56491670261
2510945.284,71.88,1365,56491677472
2510945.395,71.85,1380,56491684680
2510945.511,71.92,1365,56491691872
2510945.622,71.95,1350,56491699045
2510945.734,72.08,1350,56491706196
2510945.851,72.22,1350,56491720560
2510945.963,72.26,1350,56491727773
2510946.076,72.19,1350,56491734987
2510946.191,72.08,1350,56491742182
2510946.303,72.05,1350,56491749422
2510946.414,71.97,1350,56491756609
2510946.531,71.93,1350,56491763776
2510946.643,71.83,1365,56491770922
2510946.754,71.89,1365,56491785237
2510946.870,71.94,1365,56491792428
2510946.982,71.98,1380,56491799676
2510947.096,72.05,1350,56491806917
2510947.210,72.04,1365,56491814105
2510947.322,72.09,1350,56491821275
2510947.433,72.07,1365,56491828457
2510947.551,72.09,1365,56491842790
2510947.664,72.08,1350,56491849930
2510947.776,72.05,1365,56491857138
2510947.890,71.94,1365,56491864385
2510948.002,71.89,1380,56491871612
2510948.114,71.87,1365,56491878818
2510948.229,71.75,1365,56491885987
2510948.342,71.77,1365,56491893163
2510948.453,71.75,1350,56491907468
2510948.570,71.77,1350,56491914615
2510948.682,71.75,1365,56491921790
2510948.793,71.85,1380,56491929014
2510948.910,71.98,1365,56491936244
2510949.023,72.07,1365,56491943460
2510949.135,72.12,1365,56491950657
2510949.250,72.12,1365,56491965034
2510949.363,72.26,1365,56491972178
2510949.475,72.16,1350,56491979328
2510949.590,72.12,1350,56491986478
2510949.700,72.11,1365,56491993664
2510949.812,72.03,1365,56492000879
2510949.923,71.95,1380,56492008098
2510950.034,71.87,1365,56492015322
2510950.150,71.89,1365,56492029698
2510950.268,71.82,1350,56492036881
2510950.380,71.76,1350,56492044025
2510950.492,71.76,1350,56492051168
2510950.604,71.84,1365,56492058319
2510950.716,71.95,1365,56492065546
2510950.829,72.06,1365,56492072789
2510950.941,72.08,1350,56492079982
2510951.053,72.16,1365,56492094370
2510951.168,72.25,1380,56492101570
2510951.279,72.14,1350,56492108718
2510951.391,72.06,1350,56492115861
2510951.504,72.05,1350,56492122999
2510951.616,72.09,1365,56492130169
2510951.729,72.15,1380,56492137396
2510951.840,72.11,1365,56492144609
2510951.952,72.11,1365,56492159023
2510952.069,72.19,1380,56492166232
2510952.181,72.11,1365,56492173416
2510952.293,72.09,1365,56492180579
2510952.407,72.12,1350,56492187721
2510952.519,72.12,1365,56492194857
2510952.631,72.21,1380,56492202079
2510952.742,72.16,1380,56492209276
2510952.854,72.10,1380,56492223689
2510952.969,72.05,1380,56492230878
2510953.080,71.94,1380,56492238067
2510953.192,71.79,1380,56492245232
2510953.308,71.73,1365,56492252412
2510953.420,71.70,1365,56492259570
2510953.532,71.72,1380,56492266730
2510953.648,71.82,1365,56492281109
2510953.760,71.81,1380,56492288307
2510953.872,71.87,1380,56492295514
2510953.988,71.87,1380,56492302726
2510954.098,72.00,1365,56492309923
2510954.210,72.07,1365,56492317098
2510954.321,72.10,1365,56492324269
2510954.432,72.22,1350,56492331498
2510954.549,72.31,1350,56492345806
2510954.661,72.30,1350,56492352964
2510954.772,72.25,1365,56492360167
2510954.889,72.25,1365,56492367393
2510955.000,72.28,1380,56492374592
2510955.112,72.22,1380,56492381786
2510955.228,72.20,1035,56492389006
2510955.335,72.00,1005,56492396420
2510955.444,71.89,990,56492403460
2510955.550,71.74,975,56492417663
2510955.658,71.66,1020,56492424859
2510955.767,71.66,1005,56492432016
2510955.874,71.68,1065,56492439238
2510955.985,71.49,1020,56492446467
2510956.091,71.38,1080,56492453697
2510956.199,71.64,1020,56492461006
2510956.306,71.68,1020,56492468187
2510956.413,71.78,975,56492475363
2510956.524,71.75,1035,56492482484
2510956.631,71.81,1035,56492489639
2510956.738,71.79,1020,56492496769
2510956.845,72.01,1035,56492511149
2510956.955,72.18,1035,56492518331
2510957.065,72.12,1050,56492525631
2510957.172,72.20,1050,56492532839
2510957.278,72.10,1035,56492540054
2510957.385,72.06,1005,56492547222
2510957.492,72.05,1035,56492554356
2510957.599,71.98,1035,56492561511
2510957.706,71.95,1035,56492568680
2510957.812,72.05,1110,56492575797
2510957.927,71.66,1395,56492582551
2510958.038,71.75,1410,56492589878
2510958.151,71.94,1410,56492604613
2510958.266,71.99,1395,56492611857
2510958.379,72.00,1350,56492619049
2510958.492,71.86,1350,56492626222
2510958.606,71.91,1350,56492633382
2510958.718,72.02,1290,56492640532
2510958.830,71.84,1305,56492647497
2510958.940,71.81,1365,56492654561
2510959.052,72.10,1380,56492669518
2510959.164,72.25,900,56492676624
2510959.271,72.14,960,56492683590
2510959.387,71.46,1260,56492690500
2510959.499,71.53,1410,56492697862
2510959.611,71.81,1350,56492705208
2510959.726,71.79,1320,56492712396
2510959.837,71.72,1335,56492719475
2510959.947,72.02,1365,56492733803
2510960.059,72.08,1380,56492741129
2510960.170,72.17,1395,56492748374
2510960.287,71.83,1290,56492755360
2510960.399,71.69,1350,56492762508
2510960.509,72.39,1380,56492769763
2510960.627,72.23,1170,56492777010
2510960.734,71.88,915,56492784470
2510960.844,71.87,930,56492798162
2510960.956,71.33,1320,56492805293
2510961.068,71.62,1410,56492812706
2510961.180,71.76,1395,56492820012
2510961.291,71.59,1350,56492827197
2510961.405,71.65,1365,56492834406
2510961.516,71.80,1395,56492841643
2510961.628,71.85,1365,56492848974
2510961.739,71.79,1320,56492856195
2510961.851,71.83,1290,56492870181
2510961.966,71.73,1335,56492877354
2510962.077,72.19,1365,56492884635
2510962.191,72.02,1380,56492891887
2510962.304,71.77,1365,56492899111
2510962.416,71.75,1350,56492906328
2510962.529,71.80,1365,56492913576
2510962.646,71.82,1350,56492927969
2510962.757,71.62,1320,56492935060
2510962.868,71.55,1320,56492942138
2510962.984,71.76,1350,56492949299
2510963.096,71.88,1350,56492956491
2510963.208,71.98,1380,56492963716
2510963.320,71.98,1380,56492970945
2510963.432,72.11,1380,56492978184
2510963.547,72.19,1365,56492992641
2510963.658,72.13,1365,56492999794
2510963.771,72.01,1350,56493006932
2510963.885,72.01,1350,56493014066
2510963.997,72.05,1335,56493021217
2510964.110,71.98,1350,56493028396
2510964.217,72.00,870,56493035674
2510964.324,71.75,1050,56493042805
2510964.432,71.57,1020,56493049872
2510964.542,71.62,1035,56493057090
2510964.650,71.48,1035,56493071426
2510964.756,71.38,1020,56493078596
2510964.864,71.34,1020,56493085740
2510964.970,71.38,1005,56493092922
2510965.082,71.48,1065,56493100212
2510965.188,71.51,1035,56493107411
2510965.296,71.48,1020,56493114550
2510965.403,71.67,1005,56493121697
2510965.511,71.74,1050,56493128905
2510965.622,71.73,1035,56493136066
2510965.730,71.58,1035,56493143182
2510965.840,71.62,1035,56493150363
2510965.946,71.81,1020,56493164755
2510966.053,71.87,1035,56493171973
2510966.162,71.81,1035,56493179198
2510966.269,71.93,990,56493186355
2510966.375,71.84,1035,56493193523
2510966.481,71.99,1020,56493200720
2510966.587,71.95,1020,56493207890
2510966.695,71.76,1035,56493214982
2510966.803,71.77,1035,56493222181
2510966.910,71.94,1005,56493229362
2510967.021,71.95,1050,56493236566
2510967.130,71.86,1050,56493243799
2510967.241,71.81,1005,56493250927
2510967.348,72.02,1005,56493265321
2510967.455,72.06,1035,56493272502
2510967.562,71.89,1035,56493279668
2510967.669,71.92,1035,56493286798
2510967.776,72.08,1050,56493294004
2510967.882,72.24,1020,56493301210
2510967.989,72.26,1050,56493308397
2510968.101,72.24,1035,56493315654
2510968.208,72.08,1035,56493322769
2510968.315,72.16,1020,56493330004
2510968.423,72.23,1005,56493337182
2510968.529,72.06,1020,56493344359
2510968.636,71.99,1035,56493351516
2510968.748,71.95,1215,56493365430
2510968.863,71.73,1410,56493372816
2510968.974,71.80,1395,56493380196
2510969.086,71.78,1365,56493387416
2510969.197,71.91,1380,56493394641
2510969.308,71.72,1365,56493401815
2510969.423,71.62,1365,56493409017
2510969.535,71.57,1365,56493416165
2510969.647,71.63,1335,56493430251
2510969.763,71.59,1335,56493437416
2510969.874,71.94,810,56493445210
2510969.982,71.82,975,56493452117
2510970.090,71.66,1020,56493459280
2510970.201,71.63,1065,56493466502
2510970.309,71.57,1020,56493473726
2510970.420,71.69,1050,56493480862
2510970.528,71.77,1035,56493488023
2510970.634,71.82,1005,56493495065
2510970.742,71.95,1005,56493502147
2510970.849,72.14,1065,56493516682
2510970.960,72.07,1020,56493523876
2510971.067,72.12,1005,56493531114
2510971.180,72.26,975,56493538342
2510971.287,72.20,1005,56493545508
2510971.395,72.22,990,56493552694
2510971.502,72.19,975,56493559778
2510971.609,71.54,1080,56493566816
2510971.723,71.46,1380,56493573582
2510971.835,71.55,1425,56493580884
2510971.946,71.69,1425,56493595631
2510972.063,71.92,1425,56493602909
2510972.174,71.84,1395,56493610122
2510972.285,71.69,1380,56493617310
2510972.396,71.75,1365,56493624458
2510972.508,71.62,1320,56493631556
2510972.621,71.50,1305,56493638567
2510972.730,72.90,975,56493645815
2510972.840,72.65,960,56493652926
2510972.947,72.60,1020,56493666897
2510973.061,72.31,1380,56493674211
2510973.173,72.26,1425,56493681640
2510973.286,72.46,1365,56493688999
2510973.402,72.44,1320,56493696228
2510973.514,72.36,1320,56493703368
2510973.625,72.45,1365,56493710491
2510973.737,72.54,1350,56493717660
2510973.849,71.68,1290,56493731775
2510973.962,71.75,1305,56493738867
2510974.074,71.66,1380,56493746134
2510974.186,71.81,1380,56493753420
2510974.301,72.69,930,56493761088
2510974.408,72.30,990,56493768178
2510974.519,72.25,1110,56493775235
2510974.630,72.25,1380,56493781933
2510974.743,72.41,1380,56493796433
2510974.856,72.47,1350,56493803614
2510974.967,72.48,1350,56493810840
2510975.082,72.70,1350,56493818088
2510975.193,72.75,1410,56493825421
2510975.305,72.73,1350,56493832772
2510975.420,71.61,1290,56493839959
2510975.533,71.74,1290,56493846913
2510975.644,71.78,1350,56493861077
2510975.755,71.92,1350,56493868263
2510975.867,71.85,1350,56493875463
2510975.981,71.87,1365,56493882709
2510976.092,72.02,1365,56493889971
2510976.204,72.13,1380,56493897268
2510976.321,72.07,1350,56493904558
2510976.432,72.00,1290,56493911740
2510976.544,71.94,1320,56493925827
2510976.656,72.15,1350,56493932977
2510976.768,72.19,1350,56493940160
2510976.882,72.18,1350,56493947357
2510976.993,72.19,1350,56493954586
2510977.104,72.20,1365,56493961881
2510977.215,72.26,1380,56493969174
2510977.326,72.12,1350,56493976385
2510977.440,72.08,1320,56493990660
2510977.552,72.08,1320,56493997762
2510977.664,72.07,1335,56494004903
2510977.781,72.04,1350,56494012072
2510977.893,72.00,1350,56494019259
2510978.006,71.92,1350,56494026481
2510978.120,71.89,1380,56494033762
2510978.235,71.74,1350,56494041010
2510978.346,71.75,1335,56494055415
2510978.460,71.71,1320,56494062536
2510978.572,71.66,1320,56494069662
2510978.683,71.68,1335,56494076800
2510978.800,71.74,1335,56494083974
2510978.912,71.81,1350,56494091148
2510979.023,71.90,1365,56494098364
2510979.140,72.16,1380,56494112866
2510979.251,72.21,1365,56494120082
2510979.362,72.23,1350,56494127258
2510979.474,72.17,1350,56494134421
2510979.586,72.19,1350,56494141572
2510979.700,72.24,1335,56494148731
2510979.811,72.25,1350,56494155889
2510979.924,72.25,1350,56494163078
2510980.038,72.29,1365,56494177489
2510980.149,72.16,1380,56494184772
2510980.262,72.22,1350,56494191993
2510980.374,72.06,1350,56494199159
2510980.486,71.91,1350,56494206323
2510980.599,71.83,1350,56494213479
2510980.711,71.76,1350,56494220644
2510980.822,71.75,1350,56494227816
2510980.940,71.77,1350,56494242155
2510981.051,71.84,1350,56494249346
2510981.164,71.82,1365,56494256602
2510981.280,71.84,1365,56494263810
2510981.392,71.83,1365,56494270998
2510981.505,71.95,1350,56494278188
2510981.620,72.05,1350,56494285370
2510981.731,72.09,1350,56494292531
2510981.843,72.15,1365,56494306880
2510981.958,72.28,1350,56494314062
2510982.070,72.28,1350,56494321267
2510982.181,72.30,1365,56494328450
2510982.293,72.31,1350,56494335731
2510982.405,72.32,1320,56494342945
2510982.519,72.15,1320,56494350135
2510982.630,72.14,1335,56494357302
2510982.742,72.17,1335,56494371614
2510982.858,72.15,1350,56494378798
2510982.969,71.89,1365,56494385943
2510983.083,71.85,1365,56494393137
2510983.198,71.85,1380,56494400421
2510983.310,71.78,1365,56494407636
2510983.421,71.69,1365,56494414799
2510983.539,71.77,1350,56494429142
2510983.651,71.85,1380,56494436280
2510983.763,71.82,1350,56494443427
2510983.878,71.84,1365,56494450587
2510983.990,71.98,1380,56494457762
2510984.102,72.10,1380,56494464992
2510984.219,72.14,1380,56494472210
2510984.331,72.16,1380,56494479411
2510984.442,72.26,1365,56494493808
2510984.558,72.30,1365,56494500979
2510984.669,72.22,1365,56494508183
2510984.781,72.25,1350,56494515351
2510984.893,72.24,1350,56494522483
2510985.005,72.28,1380,56494529685
2510985.118,72.25,1365,56494536894
2510985.230,72.24,1365,56494544094
2510985.343,72.28,1365,56494558482
2510985.459,72.24,1365,56494565675
2510985.571,72.12,1365,56494572832
2510985.682,72.03,1380,56494580007
2510985.798,71.82,1380,56494587175
2510985.909,71.80,1380,56494594343
2510986.020,71.79,1380,56494601535
2510986.132,71.71,1380,56494608723
2510986.244,71.74,1380,56494623100
2510986.358,71.67,1380,56494630301
2510986.470,71.60,1380,56494637473
2510986.581,71.57,1380,56494644665
2510986.698,71.67,1380,56494651846
2510986.811,71.69,1365,56494659031
2510986.923,71.86,1365,56494666197
2510987.038,72.01,1365,56494680545
2510987.149,72.10,1380,56494687754
2510987.260,72.14,1365,56494694960
2510987.372,72.16,1365,56494702167
2510987.485,72.18,1365,56494709322
2510987.598,72.27,1395,56494716542
2510987.710,72.24,1350,56494723772
2510987.823,72.28,1365,56494730940
2510987.937,72.33,1350,56494745339
2510988.049,72.31,1350,56494752476
2510988.162,72.16,1365,56494759640
2510988.278,72.04,1365,56494766910
2510988.385,72.38,930,56494774156
2510988.494,72.02,1065,56494781233
2510988.601,72.09,1065,56494788403
2510988.708,72.02,1080,56494795568
2510988.816,72.09,1050,56494802795
2510988.923,72.08,1065,56494810004
2510989.034,72.00,1065,56494817203
2510989.141,72.08,1065,56494831663
2510989.248,72.23,1065,56494838945
2510989.355,72.20,1035,56494846102
2510989.463,71.84,1065,56494853303
2510989.573,72.16,1065,56494860506
2510989.680,72.28,1080,56494867705
2510989.786,72.20,1080,56494874906
2510989.894,72.24,1065,56494882062
2510990.001,72.22,1095,56494889234
2510990.108,72.51,1080,56494896431
2510990.216,72.56,1065,56494903642
2510990.323,72.66,1050,56494910822
2510990.434,72.92,1035,56494917974
2510990.541,73.26,1035,56494932340
2510990.648,73.23,1080,56494939493
2510990.755,72.98,1005,56494946675
2510990.862,72.97,1035,56494953796
2510990.974,72.80,1020,56494960960
2510991.080,72.91,1005,56494968200
2510991.188,72.73,1080,56494975409
2510991.295,72.43,1065,56494982590
2510991.408,72.36,1125,56494989412
2510991.520,71.97,1410,56494996648
2510991.635,71.77,1380,56495011279
2510991.746,72.02,1365,56495018471
2510991.858,72.07,1365,56495025676
2510991.970,72.04,1350,56495032853
2510992.081,72.10,1350,56495040046
2510992.196,71.90,1365,56495047264
2510992.308,71.95,1305,56495054378
2510992.420,71.69,1365,56495061449
2510992.536,72.03,1365,56495075905
2510992.648,71.84,1380,56495083115
2510992.759,71.66,1365,56495090327
2510992.875,71.60,1365,56495097537
2510992.987,71.55,1350,56495104724
2510993.099,71.58,1365,56495111909
2510993.214,71.62,1350,56495119119
2510993.326,71.61,1350,56495126238
2510993.439,71.84,1380,56495140534
2510993.555,71.99,1380,56495147752
2510993.667,71.97,1380,56495154974
2510993.778,72.00,1320,56495162554
2510993.885,71.88,1005,56495169462
2510993.994,71.76,1080,56495176590
2510994.101,71.61,1065,56495183739
2510994.216,71.42,1275,56495190529
2510994.327,71.54,1380,56495197896
2510994.440,71.67,1365,56495212400
2510994.555,71.65,1380,56495219604
2510994.666,71.65,1380,56495226839
2510994.779,71.70,1395,56495234139
2510994.894,71.68,1365,56495241345
2510995.006,71.85,1350,56495248480
2510995.118,71.87,1305,56495255414
2510995.229,72.11,1380,56495262540
2510995.342,72.29,1380,56495276999
2510995.454,72.17,1380,56495284233
2510995.565,72.14,1380,56495291461
2510995.676,72.21,1380,56495298708
2510995.789,72.25,1365,56495305945
2510995.896,72.20,915,56495313587
2510996.003,71.72,945,56495320440
2510996.112,71.55,975,56495327453
2510996.219,71.65,1020,56495334512
2510996.335,71.33,1410,56495348636
2510996.448,71.41,1425,56495356016
2510996.559,71.55,1395,56495363317
2510996.674,71.55,1395,56495370572
2510996.785,71.55,1410,56495377860
2510996.897,71.67,1380,56495385158
2510997.009,71.67,1335,56495392258
2510997.121,72.02,1335,56495399313
2510997.232,71.75,1365,56495413316
2510997.344,72.30,1380,56495420607
2510997.456,72.38,1395,56495427894
2510997.568,72.28,1395,56495435197
2510997.680,72.22,1395,56495442502
2510997.795,72.24,1380,56495449776
2510997.907,72.28,1350,56495457010
2510998.014,72.02,825,56495464521
2510998.121,71.61,885,56495471426
2510998.231,71.33,1020,56495478158
2510998.337,71.62,1065,56495492506
2510998.443,71.52,1065,56495499778
2510998.550,71.56,1065,56495507091
2510998.656,71.68,1035,56495514365
2510998.763,71.49,1050,56495521635
2510998.871,71.50,1065,56495528926
2510998.977,71.57,1020,56495536094
2510999.083,71.71,960,56495543056
2510999.191,71.94,990,56495550049
2510999.297,72.28,1020,56495557145
2510999.404,72.29,1065,56495564365
2510999.512,72.30,1050,56495571591
2510999.618,72.28,1035,56495578889
2510999.725,72.25,1080,56495586154
2510999.832,72.11,1065,56495593428
2510999.938,72.47,990,56495607807
2511000.045,72.21,960,56495614857
2511000.152,71.85,1005,56495621858
2511000.259,71.81,1020,56495628997
2511000.365,71.70,1035,56495636173
2511000.472,71.91,1050,56495643458
2511000.578,72.07,1035,56495650694
2511000.685,72.07,1065,56495658014
2511000.791,71.99,1050,56495665264
2511000.901,72.03,1005,56495672417
2511001.010,71.85,990,56495679553
2511001.116,71.54,1020,56495686604
2511001.223,71.57,1050,56495693698
2511001.331,71.77,1035,56495700797
2511001.437,72.38,1065,56495715255
2511001.543,72.14,1035,56495722492
2511001.652,72.28,1080,56495729748
2511001.759,72.40,1050,56495737003
2511001.870,72.09,990,56495744193
2511001.978,71.94,1035,56495751267
2511002.084,71.98,990,56495758420
2511002.192,72.06,1050,56495765512
2511002.298,72.09,1050,56495772636
2511002.411,72.18,1050,56495779869
2511002.517,71.87,1050,56495787103
2511002.624,71.93,1050,56495794356
2511002.731,72.03,1080,56495801569
2511002.839,71.96,1020,56495815948
2511002.949,72.06,1035,56495823092
2511003.056,72.07,1020,56495830152
2511003.165,72.27,1050,56495837323
2511003.272,72.10,1035,56495844457
2511003.379,72.38,1065,56495851650
2511003.489,72.33,1050,56495858898
2511003.596,72.37,1065,56495866114
2511003.703,72.51,1050,56495873359
2511003.810,72.34,990,56495880513
2511003.917,72.31,1065,56495887613
2511004.029,72.32,990,56495901553
2511004.142,72.55,1365,56495908858
2511004.254,72.73,1425,56495916233
2511004.365,72.89,1395,56495923526
2511004.477,72.74,1395,56495930783
2511004.591,72.62,1365,56495938059
2511004.702,72.62,1365,56495945250
2511004.814,72.37,1365,56495952403
2511004.926,72.34,1320,56495959595
2511005.037,71.96,1305,56495973672
2511005.152,71.83,1365,56495980851
2511005.263,71.79,1380,56495988116
2511005.375,71.67,1380,56495995379
2511005.492,71.69,1380,56496002648
2511005.604,71.56,1365,56496009896
2511005.716,71.48,1365,56496017084
2511005.832,71.52,1350,56496031386
2511005.943,71.48,1335,56496038501
2511006.055,71.45,1335,56496045605
2511006.171,71.70,1365,56496052782
2511006.283,72.90,990,56496060299
2511006.390,72.80,1035,56496067448
2511006.498,72.84,1020,56496074541
2511006.608,72.65,1035,56496081689
2511006.721,72.38,1335,56496088500
2511006.833,72.67,1395,56496103050
2511006.945,72.89,1365,56496110287
2511007.057,72.99,1350,56496117475
2511007.171,73.26,1380,56496124700
2511007.284,73.35,1365,56496131984
2511007.395,72.16,1350,56496139210
2511007.510,72.20,1350,56496146384
2511007.622,71.87,1275,56496153453
2511007.734,71.97,1335,56496167639
2511007.851,72.35,1380,56496174894
2511007.962,72.16,1365,56496182122
2511008.075,71.95,1365,56496189376
2511008.191,72.52,1170,56496196722
2511008.298,72.06,930,56496204045
2511008.408,71.86,915,56496211130
2511008.521,71.41,1290,56496217759
2511008.633,71.57,1365,56496232162
2511008.745,71.91,1365,56496239420
2511008.857,72.06,1365,56496246671
2511008.971,72.09,1380,56496253931
2511009.091,72.24,1380,56496261212
2511009.203,72.30,1380,56496268503
2511009.314,71.68,1305,56496275768
2511009.429,71.82,1290,56496289795
2511009.543,71.65,1320,56496296889
2511009.654,71.99,1350,56496304069
2511009.769,71.83,1350,56496311449
2511009.877,72.95,1020,56496318672
2511009.988,72.66,1080,56496325853
2511010.100,72.39,1365,56496332572
2511010.212,72.40,1380,56496339801
2511010.324,72.41,1380,56496347085
2511010.435,72.50,1365,56496361551
2511010.550,72.65,1350,56496368733
2511010.661,72.83,1350,56496375934
2511010.772,72.93,1380,56496383204
2511010.884,72.99,1380,56496390456
2511010.997,71.79,1290,56496397484
2511011.110,71.66,1335,56496404551
2511011.222,71.89,1350,56496411723
2511011.333,71.92,1365,56496426619
2511011.441,72.61,870,56496433627
2511011.549,72.43,960,56496440662
2511011.660,72.22,1185,56496447459
2511011.772,72.19,1395,56496454758
2511011.883,72.24,1395,56496462058
2511011.995,72.24,1350,56496469314
2511012.108,73.45,870,56496476736
2511012.215,73.16,1005,56496483863
2511012.327,73.18,1200,56496497784
2511012.440,72.20,1380,56496505012
2511012.551,72.20,1350,56496512173
2511012.662,72.22,1350,56496519355
2511012.773,72.47,1350,56496526562
2511012.889,72.58,1365,56496533835
2511013.000,72.55,1380,56496541108
2511013.112,72.74,1350,56496548467
2511013.229,71.78,1290,56496562641
2511013.340,71.85,1320,56496569706
2511013.451,71.79,1335,56496577363
2511013.558,72.45,885,56496584271
2511013.667,72.16,945,56496591282
2511013.779,71.84,1245,56496598006
2511013.891,71.79,1395,56496605349
2511014.003,71.92,1395,56496612674
2511014.115,71.92,1395,56496619953
2511014.228,71.92,1350,56496634429
2511014.340,71.92,1365,56496641642
2511014.452,72.23,1365,56496648903
2511014.568,72.31,1350,56496656056
2511014.680,71.71,1275,56496662999
2511014.794,71.74,1320,56496670061
2511014.909,72.17,1365,56496677324
2511015.020,72.31,1215,56496684591
2511015.128,72.15,975,56496692192
2511015.235,71.90,1005,56496706088
2511015.349,71.20,1365,56496713081
2511015.460,71.37,1410,56496720449
2511015.572,71.50,1365,56496727724
2511015.689,71.43,1335,56496734862
2511015.801,71.42,1350,56496742018
2511015.912,71.67,1365,56496749242
2511016.029,71.73,1380,56496763805
2511016.140,71.76,1320,56496770951
2511016.253,71.69,1275,56496777881
2511016.369,71.56,1350,56496785028
2511016.480,72.32,1380,56496792299
2511016.593,72.20,1350,56496799521
2511016.700,71.95,870,56496806978
2511016.807,71.58,930,56496813960
2511016.919,71.47,1185,56496820695
2511017.032,71.17,1380,56496835115
2511017.148,71.14,1380,56496842387
2511017.261,71.14,1380,56496849628
2511017.368,71.39,855,56496857161
2511017.475,71.10,960,56496864242
2511017.588,71.03,1155,56496871127
2511017.700,70.56,1395,56496878329
2511017.812,70.82,1335,56496885580
2511017.928,71.13,1335,56496899823
2511018.039,71.69,1365,56496907049
2511018.150,71.60,1380,56496914285
2511018.267,71.54,1380,56496921545
2511018.379,71.55,1395,56496928848
2511018.491,71.58,1290,56496936024
2511018.607,71.81,1350,56496943020
2511018.715,71.75,960,56496950458
2511018.825,71.93,1035,56496957438
2511018.932,71.76,1035,56496971479
2511019.046,71.22,1395,56496978423
2511019.158,71.40,1425,56496985835
2511019.270,71.54,1425,56496993227
2511019.388,71.48,1365,56497000589
2511019.499,71.32,1365,56497007728
2511019.610,71.71,1395,56497015016
2511019.721,71.75,1350,56497022209
2511019.833,71.96,1320,56497036346
2511019.947,71.69,1320,56497043293
2511020.058,72.33,1380,56497050418
2511020.170,72.36,1410,56497057697
2511020.287,72.31,1425,56497065054
2511020.395,71.88,960,56497072706
2511020.504,71.81,1065,56497079714
2511020.612,71.77,1020,56497086885
2511020.727,71.08,1050,56497100748
2511020.841,71.09,1365,56497107942
2511020.953,71.20,1380,56497115117
2511021.065,71.36,1380,56497122311
2511021.176,71.42,1395,56497129528
2511021.287,71.45,1425,56497136876
2511021.399,71.44,1425,56497144252
2511021.513,71.75,1395,56497151547
2511021.627,71.74,1335,56497165697
2511021.739,71.67,1320,56497172734
2511021.851,72.15,1365,56497179868
2511021.964,72.25,1380,56497187066
2511022.076,72.27,1380,56497194269
2511022.188,72.39,1410,56497201489
2511022.299,72.46,1425,56497208825
2511022.410,72.39,1395,56497216175
2511022.525,72.22,1350,56497230480
2511022.637,72.07,1320,56497237527
2511022.749,72.04,1350,56497244614
2511022.866,72.10,1350,56497251754
2511022.977,72.11,1380,56497258931
2511023.088,71.99,1395,56497266096
2511023.200,72.12,1320,56497273447
2511023.307,71.69,885,56497281018
2511023.415,71.37,930,56497288059
2511023.529,70.77,1305,56497301853
2511023.639,70.98,1425,56497309219
2511023.750,71.15,1395,56497316396
2511023.866,71.18,1380,56497323547
2511023.973,70.95,960,56497331048
2511024.083,70.87,1065,56497338024
2511024.190,71.12,1050,56497345315
2511024.297,71.08,990,56497352578
2511024.405,71.19,1005,56497359614
2511024.511,71.27,1020,56497366645
2511024.623,71.84,1035,56497373800
2511024.730,71.68,1005,56497388189
2511024.837,71.48,1050,56497395454
2511024.949,71.58,1140,56497402188
2511025.066,71.45,1395,56497409471
2511025.178,71.89,1425,56497416831
2511025.290,71.94,1395,56497424171
2511025.405,71.73,1350,56497431343
2511025.517,71.87,1380,56497438460
2511025.628,72.04,1395,56497452877
2511025.745,72.05,1395,56497460088
2511025.857,71.96,1320,56497467103
2511025.969,71.89,1335,56497474196
2511026.085,71.86,1380,56497481451
2511026.196,72.08,1410,56497488700
2511026.308,72.07,1365,56497496018
2511026.425,72.04,1365,56497510344
2511026.537,72.19,1365,56497517503
2511026.649,72.26,1380,56497524705
2511026.764,72.22,1365,56497531848
2511026.875,72.08,1365,56497539008
2511026.987,72.11,1380,56497546228
2511027.099,72.43,1380,56497553448
2511027.211,72.38,1380,56497560681
2511027.325,72.35,1380,56497575055
2511027.436,72.25,1365,56497582221
2511027.547,72.19,1365,56497589400
2511027.654,72.08,990,56497596800
2511027.762,71.83,990,56497603805
2511027.869,71.59,1035,56497610927
2511027.976,71.66,1005,56497617810
2511028.088,71.05,1365,56497624865
2511028.205,71.30,1425,56497632260
2511028.317,71.40,1395,56497639627
2511028.429,71.42,1380,56497654057
2511028.543,71.45,1410,56497661382
2511028.655,71.66,1395,56497668603
2511028.766,71.65,1350,56497675698
2511028.877,71.80,1320,56497682753
2511028.988,71.87,1320,56497689776
2511029.105,71.74,1365,56497696920
2511029.217,72.23,1380,56497704141
2511029.329,72.04,1395,56497718683
2511029.436,72.43,870,56497726062
2511029.543,72.12,945,56497733162
2511029.650,72.01,1200,56497739846
2511029.764,71.49,1410,56497747060
2511029.876,71.77,1395,56497754362
2511029.988,71.85,1350,56497761489
2511030.104,71.94,1380,56497768731
2511030.225,72.04,1395,56497783204
2511030.337,72.18,1410,56497790582
2511030.449,72.28,1365,56497797848
2511030.564,71.81,1290,56497804836
2511030.676,71.74,1320,56497811811
2511030.788,71.77,1365,56497819013
2511030.903,72.15,1365,56497826180
2511031.014,71.94,1380,56497833364
2511031.125,72.13,1380,56497847790
2511031.238,72.17,1395,56497855121
2511031.350,72.36,900,56497862807
2511031.461,72.01,930,56497869710
2511031.568,71.83,945,56497876609
2511031.675,71.45,1065,56497883708
2511031.783,71.69,1050,56497890916
2511031.889,71.79,1020,56497898071
2511032.000,71.68,1035,56497905280
2511032.107,71.79,1065,56497912509
2511032.214,71.78,1065,56497919784
2511032.323,71.79,1005,56497934384
2511032.430,72.01,1005,56497941444
2511032.541,71.78,1035,56497948518
2511032.649,71.70,1035,56497955660
2511032.755,72.04,1035,56497962815
2511032.862,72.15,990,56497969986
2511032.969,72.08,1035,56497977147
2511033.080,72.13,1050,56497984417
2511033.187,72.08,1035,56497991661
2511033.294,72.15,1020,56497998965
2511033.400,72.14,1020,56498006126
2511033.508,71.68,1035,56498013251
2511033.614,71.71,1035,56498020371
2511033.721,71.94,1020,56498027479
2511033.828,72.08,1020,56498041807
2511033.933,72.08,1020,56498049015
2511034.042,72.12,1065,56498056204
2511034.147,72.22,1050,56498063484
2511034.254,72.01,1035,56498070689
2511034.360,71.92,1020,56498077915
2511034.468,71.98,1020,56498085033
2511034.579,72.16,1035,56498092166
2511034.686,72.05,1005,56498099265
2511034.793,72.04,1050,56498106399
2511034.901,72.06,1020,56498113615
2511035.007,72.05,1050,56498120793
2511035.113,72.16,1050,56498128019
2511035.221,72.16,1035,56498135277
2511035.327,72.11,1035,56498149699
2511035.439,72.19,1020,56498156863
2511035.545,72.14,1035,56498163975
2511035.652,71.89,1020,56498171114
2511035.760,72.02,1050,56498178286
2511035.867,72.14,1050,56498185498
2511035.974,72.03,1020,56498192696
2511036.081,71.95,1035,56498199908
2511036.188,72.00,1065,56498207141
2511036.299,72.14,1050,56498214394
2511036.405,71.93,1005,56498221573
2511036.512,71.89,1035,56498228671
2511036.621,71.72,990,56498235822
2511036.727,71.97,1065,56498250129
2511036.838,72.19,1065,56498257317
2511036.946,72.16,1065,56498264487
2511037.052,72.31,1065,56498271773
2511037.159,72.49,1020,56498279033
2511037.266,72.36,1050,56498286249
2511037.373,72.14,1050,56498293382
2511037.480,72.20,1005,56498300568
2511037.586,72.33,1050,56498307681
2511037.693,72.46,1035,56498314849
2511037.800,72.43,1050,56498322059
2511037.907,72.33,1065,56498329248
2511038.019,72.30,1050,56498336461
2511038.125,72.42,1050,56498350909
2511038.233,72.38,1005,56498358086
2511038.340,72.32,1050,56498365226
2511038.447,72.17,1050,56498372374
2511038.558,72.10,1050,56498379482
2511038.665,71.91,1020,56498386724
2511038.772,72.03,1020,56498393833
2511038.880,72.18,1080,56498401034
2511038.988,72.13,1050,56498408282
2511039.098,72.24,1035,56498415504
2511039.205,72.29,1065,56498422702
2511039.320,71.51,1215,56498436641
2511039.431,71.57,1410,56498444006
2511039.542,71.91,1425,56498451326
2511039.653,72.02,1380,56498458536
2511039.765,72.31,1380,56498465706
2511039.880,72.20,1380,56498472911
2511039.992,72.01,1380,56498480121
2511040.104,72.08,1380,56498487325
2511040.221,71.94,1305,56498501501
2511040.332,71.63,1335,56498508628
2511040.443,72.31,1380,56498515845
2511040.559,72.21,1380,56498523074
2511040.670,71.97,1380,56498530295
2511040.781,71.98,1380,56498537513
2511040.893,72.04,1380,56498544735
2511041.003,72.06,1380,56498551970
2511041.114,72.07,1350,56498559158
2511041.225,72.01,1350,56498573362
2511041.340,72.04,1350,56498580520
2511041.451,72.21,1365,56498587691
2511041.562,72.21,1380,56498594919
2511041.673,72.28,1365,56498602147
2511041.784,72.28,1365,56498609363
2511041.899,72.29,1365,56498616578
2511042.010,72.26,1365,56498623781
2511042.122,72.25,1350,56498638107
2511042.234,72.24,1335,56498645261
2511042.345,72.29,1350,56498652408
2511042.459,72.33,1350,56498659567
2511042.572,72.29,1350,56498666754
2511042.687,72.35,1365,56498673961
2511042.797,72.31,975,56498681569
2511042.904,72.09,1020,56498688546
2511043.012,71.89,1020,56498695658
2511043.119,71.70,1185,56498709511
2511043.231,71.66,1410,56498716866
2511043.343,71.77,1410,56498724183
2511043.459,71.77,1365,56498731416
2511043.572,71.70,1380,56498738670
2511043.682,71.69,1380,56498746011
2511043.799,71.56,1350,56498753265
2511043.911,71.44,1350,56498760401
2511044.022,71.56,1275,56498774481
2511044.138,71.41,1320,56498781537
2511044.250,71.59,1380,56498788795
2511044.362,71.62,1365,56498796013
2511044.473,71.53,1365,56498803249
2511044.585,71.58,1380,56498810515
2511044.700,71.76,1365,56498817783
2511044.812,71.75,1350,56498825040
2511044.923,71.82,1350,56498839338
2511045.039,71.80,1305,56498846364
2511045.151,71.78,1350,56498853508
2511045.263,72.12,1350,56498860673
2511045.379,72.12,1365,56498867894
2511045.491,72.14,1380,56498875154
2511045.602,72.19,1380,56498882420
2511045.719,72.22,1365,56498896877
2511045.830,72.25,1350,56498904044
2511045.941,72.14,1350,56498911177
2511046.060,72.10,1335,56498918317
2511046.171,72.14,1350,56498925442
2511046.282,72.19,1350,56498932603
2511046.399,72.14,1350,56498939784
2511046.511,72.08,1380,56498947038
2511046.623,72.00,1365,56498961516
2511046.737,72.00,1350,56498968728
2511046.848,71.84,1350,56498975872
2511046.961,71.72,1350,56498983036
2511047.072,71.73,1350,56498990174
2511047.183,71.73,1350,56498997315
2511047.299,71.75,1350,56499004473
2511047.411,71.81,1365,56499011652
2511047.522,71.96,1380,56499026091
2511047.638,72.01,1380,56499033326
2511047.749,72.03,1365,56499040532
2511047.860,72.04,1350,56499047718
2511047.971,72.06,1350,56499054892
2511048.085,72.08,1350,56499062033
2511048.198,72.05,1350,56499069178
2511048.309,72.05,1350,56499076358
2511048.420,72.19,1365,56499090751
2511048.531,72.25,1380,56499097982
2511048.643,72.21,1365,56499105210
2511048.757,72.18,1365,56499112420
2511048.869,72.09,1350,56499119607
2511048.980,72.03,1350,56499126768
2511049.091,71.98,1350,56499133922
2511049.202,71.92,1350,56499141079
2511049.315,71.89,930,56499148302
2511049.422,72.75,975,56499162557
2511049.529,72.55,1125,56499169329
2511049.641,71.96,1380,56499176408
2511049.757,71.96,1410,56499183718
2511049.869,72.11,1410,56499191108
2511049.981,72.26,1365,56499198359
2511050.098,72.34,1365,56499205595
2511050.209,72.45,1380,56499212794
2511050.321,72.64,1380,56499227298
2511050.436,71.83,1275,56499234325
2511050.548,71.70,1290,56499241218
2511050.659,71.55,1365,56499248339
2511050.771,72.02,1380,56499255578
2511050.883,71.85,1395,56499262902
2511050.997,71.85,1380,56499270182
2511051.108,71.75,1380,56499277405
2511051.220,71.75,1380,56499291902
2511051.332,71.75,1380,56499299062
2511051.443,71.39,1290,56499306086
2511051.557,71.60,1320,56499313129
2511051.668,71.87,1350,56499320249
2511051.780,72.00,1380,56499327457
2511051.897,72.08,1380,56499334710
2511052.007,72.06,1380,56499341950
2511052.119,72.12,1395,56499356462
2511052.231,72.25,1410,56499363711
2511052.343,72.18,1365,56499370840
2511052.457,72.05,1335,56499377939
2511052.568,72.18,1335,56499385013
2511052.679,72.25,1350,56499392130
2511052.790,72.33,1380,56499399363
2511052.902,72.28,1350,56499406610
2511053.016,72.29,1365,56499421023
2511053.128,72.31,1380,56499428257
2511053.240,72.27,1380,56499435481
2511053.357,72.09,1365,56499442662
2511053.469,71.99,1350,56499449779
2511053.581,71.97,1350,56499456888
2511053.696,72.00,1380,56499464052
2511053.808,71.92,1380,56499471246
2511053.920,71.85,1380,56499485642
2511054.035,71.80,1380,56499492855
2511054.147,71.70,1395,56499500066
2511054.258,71.63,1395,56499507264
2511054.369,71.55,1365,56499514444
2511054.481,71.52,1350,56499521587
2511054.597,71.58,1350,56499528717
2511054.709,71.73,1365,56499535872
2511054.821,71.82,1380,56499550253
2511054.936,71.91,1380,56499557440
2511055.047,71.92,1380,56499564645
2511055.158,72.05,1410,56499571907
2511055.270,72.12,1395,56499579147
2511055.382,72.03,1350,56499586338
2511055.496,72.08,1350,56499593505
2511055.608,72.13,1350,56499600659
2511055.720,72.26,1365,56499615000
2511055.834,72.20,1365,56499622180
2511055.945,72.19,1380,56499629366
2511056.053,72.19,1365,56499636895
2511056.160,71.72,945,56499643884
2511056.267,71.02,1185,56499650900
2511056.378,70.88,1425,56499657626
2511056.495,71.17,1425,56499665008
2511056.608,71.24,1425,56499672353
2511056.720,71.27,1395,56499686777
2511056.834,71.15,1395,56499693943
2511056.946,71.14,1410,56499701294
2511057.057,71.36,1395,56499708588
2511057.169,71.42,1320,56499715718
2511057.281,71.57,1335,56499722685
2511057.392,72.36,870,56499730242
2511057.499,72.27,990,56499737215
2511057.606,72.01,1080,56499744358
2511057.718,71.70,1410,56499758236
2511057.836,71.85,1440,56499765631
2511057.943,72.06,1050,56499773315
2511058.052,71.93,975,56499780403
2511058.159,71.74,960,56499787202
2511058.274,70.90,1305,56499794146
2511058.387,71.50,1440,56499801513
2511058.498,71.38,1320,56499808880
2511058.613,71.38,1335,56499822945
2511058.726,71.40,1365,56499830627
2511058.834,71.70,1005,56499837860
2511058.941,71.61,960,56499844982
2511059.055,71.01,1200,56499851656
2511059.168,70.99,1380,56499858794
2511059.278,70.89,1410,56499866055
2511059.394,71.75,1395,56499873426
2511059.506,71.53,1350,56499880642
2511059.617,71.44,1395,56499895028
2511059.728,71.81,1425,56499902399
2511059.840,72.00,1395,56499909650
2511059.955,71.91,1305,56499916632
2511060.067,71.62,1320,56499923632
2511060.180,71.90,1365,56499930734
2511060.294,72.26,1425,56499937981
2511060.406,72.22,1380,56499945290
2511060.518,72.14,1365,56499959654
2511060.634,72.20,1380,56499966888
2511060.747,72.23,1380,56499974204
2511060.859,72.23,1365,56499981406
2511060.972,71.99,1350,56499988457
2511061.084,71.82,1350,56499995528
2511061.196,72.03,1380,56500002650
2511061.308,71.99,1380,56500009845
2511061.421,71.83,1380,56500024242
2511061.533,71.75,1395,56500031451
2511061.644,71.78,1395,56500038739
2511061.757,71.93,1350,56500046469
2511061.864,72.71,870,56500053445
2511061.971,72.22,915,56500060396
2511062.083,72.21,960,56500067114
2511062.196,71.87,1365,56500074229
2511062.308,72.33,1350,56500081625
2511062.419,72.47,1365,56500096116
2511062.533,72.53,1365,56500103401
2511062.644,72.64,1380,56500110712
2511062.758,72.58,1365,56500118044
2511062.873,72.47,1290,56500125196
2511062.985,71.52,1260,56500132161
2511063.098,71.53,1350,56500139081
2511063.213,72.05,1365,56500153461
2511063.325,72.05,1350,56500160707
2511063.436,71.95,1380,56500168003
2511063.553,72.00,1365,56500175332
2511063.665,72.06,1380,56500182644
2511063.777,72.11,1320,56500189915
2511063.893,72.13,1290,56500197012
2511064.006,71.91,1275,56500204012
2511064.117,71.92,1335,56500218109
2511064.233,72.12,1350,56500225547
2511064.340,73.32,1035,56500232746
2511064.449,73.12,1095,56500239905
2511064.556,73.14,1080,56500247177
2511064.663,73.06,1095,56500254509
2511064.775,73.10,1275,56500261351
2511064.887,72.83,1365,56500268591
2511064.993,72.77,960,56500275903
2511065.101,72.67,1005,56500282868
2511065.210,72.72,1035,56500290026
2511065.317,73.05,1035,56500304497
2511065.424,71.87,1035,56500311729
2511065.532,71.87,1065,56500318993
2511065.638,71.81,990,56500326110
2511065.749,71.64,1035,56500333216
2511065.857,71.51,1020,56500340513
2511065.964,71.51,975,56500347643
2511066.071,71.33,1020,56500354744
2511066.178,71.55,1035,56500361978
2511066.289,71.73,1020,56500369162
2511066.396,71.59,1035,56500376393
2511066.503,71.70,1020,56500383630
2511066.611,71.47,1035,56500390810
2511066.718,71.46,1020,56500405098
2511066.829,71.48,1035,56500412324
2511066.935,71.59,1005,56500419477
2511067.043,71.61,1050,56500426634
2511067.149,71.78,1035,56500433854
2511067.256,71.89,1050,56500441059
2511067.362,72.00,1035,56500448242
2511067.471,71.93,1035,56500455432
2511067.577,71.80,1035,56500462612
2511067.689,71.91,1035,56500469775
2511067.795,72.01,1035,56500476918
2511067.903,72.17,1035,56500484098
2511068.010,72.07,1065,56500498473
2511068.119,72.20,1050,56500505656
2511068.228,72.23,1050,56500512845
2511068.335,72.14,1035,56500520073
2511068.442,72.25,1035,56500527261
2511068.549,72.30,1035,56500534438
2511068.656,72.27,1035,56500541598
2511068.763,72.18,1035,56500548771
2511068.870,71.96,1080,56500555918
2511068.978,72.25,1050,56500563142
2511069.088,72.28,1050,56500570326
2511069.195,72.23,1050,56500577534
2511069.301,72.23,1035,56500584758
2511069.408,72.25,1035,56500591927
2511069.515,72.21,1020,56500606264
2511069.622,72.30,1020,56500613405
2511069.732,72.23,1020,56500620574
2511069.839,72.16,1065,56500627719
2511069.948,72.25,1035,56500634962
2511070.055,72.09,1050,56500642101
2511070.162,72.19,1050,56500649302
2511070.270,72.14,1050,56500656509
2511070.376,72.04,1020,56500663717
2511070.483,72.03,1035,56500670855
2511070.590,72.15,1035,56500678050
2511070.696,71.92,1035,56500685196
2511070.803,71.81,990,56500692367
2511070.910,71.88,1050,56500706727
2511071.018,72.12,1065,56500713911
2511071.128,72.25,1050,56500721125
2511071.236,72.10,1020,56500728353
2511071.342,72.05,1065,56500735483
2511071.450,72.12,1035,56500742690
2511071.556,71.94,1005,56500749870
2511071.668,71.74,1035,56500756996
2511071.775,71.84,1020,56500764178
2511071.881,71.90,1080,56500771323
2511071.990,71.97,1065,56500778537
2511072.096,71.80,1065,56500785740
2511072.207,71.61,1020,56500792971
2511072.314,71.73,1065,56500807320
2511072.421,71.77,1050,56500814519
2511072.529,71.97,1050,56500821656
2511072.636,71.82,1035,56500828807
2511072.747,71.86,1020,56500835984
2511072.854,71.95,1035,56500843168
2511072.961,72.01,1020,56500850356
2511073.069,71.85,1005,56500857564
2511073.177,71.87,990,56500864755
2511073.288,71.87,1020,56500871937
2511073.400,71.19,1200,56500878738
2511073.511,71.42,1425,56500893188
2511073.623,71.45,1425,56500900526
2511073.734,71.77,1410,56500907804
2511073.849,72.00,1395,56500915022
2511073.961,72.03,1395,56500922259
2511074.072,72.05,1380,56500929463
2511074.195,72.14,1380,56500936660
2511074.307,72.04,1320,56500950749
2511074.420,72.56,1335,56500957855
2511074.532,72.50,1380,56500965063
2511074.644,72.36,1410,56500972386
2511074.754,72.23,1395,56500979689
2511074.868,72.17,1395,56500986875
2511074.980,72.21,1395,56500994076
2511075.091,72.15,1380,56501001300
2511075.202,72.14,1350,56501008494
2511075.313,72.03,1320,56501022614
2511075.428,72.09,1350,56501029752
2511075.539,72.24,1380,56501036925
2511075.650,72.29,1410,56501044197
2511075.768,72.25,1380,56501051513
2511075.875,71.89,945,56501059057
2511075.985,71.80,1005,56501066102
2511076.097,70.94,1305,56501072930
2511076.209,71.07,1425,56501087217
2511076.319,71.21,1365,56501094415
2511076.430,71.30,1365,56501101602
2511076.542,71.38,1365,56501108824
2511076.653,71.45,1380,56501116063
2511076.768,71.45,1395,56501123438
2511076.879,71.52,1350,56501130766
2511076.992,71.68,1290,56501137854
2511077.109,71.59,1335,56501151880
2511077.220,72.45,1365,56501159105
2511077.331,72.36,1365,56501166321
2511077.443,72.23,1350,56501173486
2511077.554,72.25,1365,56501180716
2511077.668,72.29,1380,56501187946
2511077.780,72.36,1395,56501195234
2511077.891,72.15,1350,56501202489
2511078.009,72.11,1320,56501216696
2511078.120,72.20,1350,56501223822
2511078.233,72.35,1365,56501230989
2511078.347,72.31,1365,56501238184
2511078.459,72.26,1365,56501245440
2511078.571,72.32,1380,56501252672
2511078.682,72.20,1380,56501259884
2511078.793,72.13,1365,56501267139
2511078.908,71.95,1350,56501281464
2511079.020,71.84,1350,56501288583
2511079.132,71.78,1350,56501295729
2511079.247,71.81,1350,56501302874
2511079.358,71.79,1350,56501310056
2511079.469,71.76,1365,56501317281
2511079.580,71.77,1365,56501324504
2511079.693,71.84,1365,56501331752
2511079.806,71.87,1350,56501346145
2511079.917,71.99,1350,56501353302
2511080.031,71.98,1350,56501360460
2511080.142,71.99,1350,56501367610
2511080.253,72.07,1350,56501374773
2511080.368,72.10,1350,56501381946
2511080.480,72.12,1365,56501389135
2511080.591,72.29,1365,56501396414
2511080.706,72.34,1350,56501410826
2511080.819,72.28,1350,56501417989
2511080.930,72.23,1365,56501425157
2511081.042,72.19,1365,56501432342
2511081.153,72.16,1350,56501439499
2511081.267,72.13,1350,56501446650
2511081.379,72.04,1350,56501453813
2511081.486,72.00,1035,56501461162
2511081.593,71.56,1005,56501468208
2511081.704,71.37,1065,56501482542
2511081.817,70.80,1275,56501489377
2511081.929,70.93,1410,56501496765
2511082.041,71.10,1395,56501504051
2511082.152,71.11,1350,56501511243
2511082.266,71.15,1365,56501518430
2511082.377,71.25,1395,56501525719
2511082.489,71.42,1350,56501532898
2511082.599,71.80,1350,56501540074
2511082.711,71.89,1305,56501554196
2511082.827,71.79,1380,56501561354
2511082.938,72.24,1380,56501568616
2511083.051,72.29,1380,56501575867
2511083.167,72.15,1365,56501583089
2511083.279,72.18,1380,56501590323
2511083.391,72.26,1380,56501597571
2511083.507,72.22,1365,56501611997
2511083.618,72.28,1320,56501619120
2511083.729,72.13,1320,56501626194
2511083.841,72.01,1350,56501633339
2511083.953,72.07,1380,56501640594
2511084.066,72.03,1350,56501647814
2511084.177,71.90,1350,56501654978
2511084.289,71.83,1380,56501662200
2511084.406,71.77,1365,56501676633
2511084.518,71.77,1350,56501683808
2511084.630,71.72,1350,56501690930
2511084.745,71.66,1350,56501698056
2511084.857,71.77,1365,56501705230
2511084.969,71.94,1380,56501712460
2511085.086,72.04,1365,56501719665
2511085.206,72.01,1365,56501734081
2511085.319,72.23,1380,56501741281
2511085.431,72.30,870,56501748858
2511085.543,72.00,930,56501755794
2511085.651,71.75,960,56501762802
2511085.766,71.30,1365,56501769584
2511085.877,71.35,1410,56501776982
2511085.989,71.52,1395,56501784301
2511086.105,71.52,1395,56501799121
2511086.213,72.81,975,56501806143
2511086.323,72.52,990,56501813405
2511086.430,72.12,1290,56501820141
2511086.545,72.41,1380,56501827274
2511086.657,72.56,1350,56501834412
2511086.769,73.08,1380,56501841589
2511086.885,73.24,1395,56501848933
2511086.997,73.10,1365,56501856228
2511087.109,73.22,1410,56501870792
2511087.224,73.21,1380,56501878032
2511087.338,71.83,1290,56501885064
2511087.449,71.67,1335,56501892081
2511087.564,71.87,1350,56501899182
2511087.675,71.69,1350,56501906311
2511087.786,71.84,1395,56501913574
2511087.898,71.79,1395,56501920857
2511088.010,71.63,1395,56501935274
2511088.124,71.67,1410,56501942596
2511088.235,71.54,1350,56501949814
2511088.347,71.44,1350,56501956886
2511088.459,71.63,1350,56501963963
2511088.570,72.50,990,56501971524
2511088.682,72.49,975,56501978493
2511088.789,72.67,975,56501985624
2511088.905,72.22,1290,56501999470
2511089.017,72.42,1425,56502006873
2511089.128,72.63,1440,56502014291
2511089.245,72.61,1380,56502021603
2511089.357,72.63,1365,56502028761
2511089.469,72.83,1425,56502035975
2511089.585,72.82,1365,56502043257
2511089.695,71.95,1365,56502050351
2511089.808,71.88,1320,56502064347
2511089.924,71.65,1350,56502071458
2511090.036,71.96,1410,56502078794
2511090.147,71.87,1425,56502086147
2511090.258,71.67,1395,56502093396
2511090.370,71.73,1410,56502100626
2511090.484,71.80,1380,56502107891
2511090.595,71.64,1365,56502115046
2511090.703,72.88,885,56502122722
2511090.810,73.10,885,56502136551
2511090.921,72.79,945,56502143192
2511091.032,72.54,1335,56502150346
2511091.145,72.72,1425,56502157710
2511091.256,72.78,1455,56502165077
2511091.367,72.97,1440,56502172459
2511091.478,72.93,1395,56502179792
2511091.589,73.07,1425,56502187044
2511091.703,73.13,1365,56502201403
2511091.816,71.81,1320,56502208357
2511091.927,71.83,1320,56502215310
2511092.042,71.81,1365,56502222408
2511092.154,72.13,1410,56502229747
2511092.262,72.74,975,56502237188
2511092.369,72.12,975,56502244376
2511092.484,71.34,1335,56502251180
2511092.596,71.44,1425,56502258202
2511092.707,71.52,1440,56502272902
2511092.821,71.55,1365,56502280032
2511092.935,71.63,1350,56502287530
2511093.042,71.59,915,56502294484
2511093.149,71.86,1050,56502301730
2511093.264,71.45,1230,56502308510
2511093.374,71.09,1380,56502315846
2511093.485,71.00,1380,56502323036
2511093.597,71.59,1395,56502330194
2511093.708,71.70,1395,56502344708
2511093.822,71.47,1410,56502352031
2511093.934,71.68,1365,56502359235
2511094.045,71.75,1380,56502366400
2511094.156,71.92,1320,56502373391
2511094.269,71.74,1380,56502380488
2511094.383,72.25,1380,56502387666
2511094.494,72.17,1395,56502394833
2511094.605,72.37,1410,56502409352
2511094.717,72.45,1395,56502416596
2511094.829,72.30,960,56502424069
2511094.941,71.97,930,56502431069
2511095.047,71.60,915,56502438021
2511095.163,70.98,1290,56502444708
2511095.275,70.99,1425,56502452061
2511095.388,71.37,1395,56502459383
2511095.501,71.42,1395,56502473824
2511095.614,71.55,1410,56502481151
2511095.725,71.53,1425,56502488520
2511095.843,71.61,1395,56502495797
2511095.953,71.50,1260,56502503263
2511096.061,71.72,975,56502510097
2511096.168,71.44,990,56502516951
2511096.280,71.89,1020,56502524073
2511096.391,71.42,1410,56502530885
2511096.505,71.57,1425,56502545480
2511096.617,71.70,1425,56502552865
2511096.728,71.76,1425,56502560267
2511096.842,71.84,1425,56502567623
2511096.954,71.85,1380,56502574878
2511097.066,71.74,1320,56502581888
2511097.182,71.63,1335,56502588924
2511097.293,71.81,1320,56502595934
2511097.405,71.69,1380,56502610068
2511097.516,72.07,1395,56502617318
2511097.628,71.97,1425,56502624695
2511097.741,71.98,1440,56502632109
2511097.853,72.04,1395,56502639476
2511097.966,71.95,1320,56502646931
2511098.073,71.85,930,56502653840
2511098.181,71.70,945,56502660741
2511098.292,71.67,1200,56502667344
2511098.404,71.86,1365,56502681806
2511098.513,72.02,885,56502689370
2511098.621,71.93,930,56502696518
2511098.728,71.71,1185,56502703295
2511098.842,71.19,1380,56502710474
2511098.954,71.05,1380,56502717801
2511099.066,71.01,1395,56502725184
2511099.182,71.13,1260,56502732275
2511099.294,71.07,1290,56502739229
2511099.406,71.62,1410,56502753746
2511099.521,71.72,1020,56502761521
2511099.628,72.40,945,56502768483
2511099.738,72.33,945,56502775446
2511099.844,72.22,1005,56502782490
2511099.951,72.53,1035,56502789802
2511100.059,72.62,975,56502797065
2511100.167,72.55,975,56502804147
2511100.279,72.39,1050,56502811184
2511100.385,72.87,1050,56502818454
2511100.492,72.88,1050,56502825753
2511100.600,72.67,1050,56502833016
2511100.706,72.06,1005,56502847359
2511100.818,72.24,1035,56502854491
2511100.925,72.33,1065,56502861718
2511101.031,72.10,1020,56502868886
2511101.140,72.00,1005,56502875959
2511101.247,71.82,1035,56502883092
2511101.358,71.82,1005,56502890373
2511101.464,71.89,1080,56502897594
2511101.572,72.01,1065,56502904811
2511101.678,72.02,1050,56502912029
2511101.784,71.82,1005,56502919169
2511101.892,71.93,1050,56502926321
2511101.999,72.14,1050,56502933510
2511102.105,71.89,1005,56502947809
2511102.211,71.86,1065,56502954969
2511102.320,72.36,1065,56502962236
2511102.428,72.42,1065,56502969463
2511102.538,72.31,1005,56502976711
2511102.644,72.01,1050,56502983837
2511102.751,72.03,1035,56502991018
2511102.859,71.96,1035,56502998193
2511102.965,71.92,1005,56503005400
2511103.071,71.74,1035,56503012507
2511103.179,72.03,1050,56503019686
2511103.286,72.00,1035,56503026897
2511103.398,71.91,1035,56503034123
2511103.505,71.76,1065,56503048534
2511103.612,71.81,1050,56503055723
2511103.719,71.79,1020,56503062884
2511103.826,71.67,1035,56503070076
2511103.937,71.90,1035,56503077272
2511104.044,71.89,1035,56503084407
2511104.150,71.72,1020,56503091574
2511104.258,71.72,1080,56503098766
2511104.364,71.93,1065,56503106004
2511104.471,71.87,1050,56503113237
2511104.578,71.83,1020,56503120421
2511104.685,71.62,1050,56503127597
2511104.791,71.86,1050,56503134807
2511104.898,71.92,1050,56503142005
2511105.005,71.91,1005,56503156308
2511105.116,71.90,1080,56503163443
2511105.223,72.26,1065,56503170664
2511105.329,72.08,1050,56503177873
2511105.437,71.95,1050,56503185077
2511105.543,72.06,1065,56503192250
2511105.650,72.15,1035,56503199426
2511105.757,72.21,1050,56503206648
2511105.864,71.96,990,56503213853
2511105.970,71.94,1050,56503220931
2511106.077,72.20,1035,56503228142
2511106.183,72.08,1065,56503235309
2511106.290,72.00,1035,56503242489
2511106.398,72.15,1095,56503249684
2511106.505,72.35,1050,56503264035
2511106.616,72.48,1065,56503271222
2511106.723,72.44,1020,56503278461
2511106.829,72.40,1050,56503285573
2511106.937,72.64,1035,56503292768
2511107.044,72.56,1080,56503299979
2511107.150,72.42,1020,56503307181
2511107.258,72.60,1110,56503314335
2511107.365,72.52,1065,56503321577
2511107.476,72.32,1020,56503328793
2511107.584,72.32,1050,56503335915
2511107.690,72.25,1080,56503343145
2511107.798,72.01,1035,56503350296
2511107.905,72.16,1035,56503364233
2511108.019,72.03,1380,56503371531
2511108.130,72.06,1425,56503378887
2511108.241,72.22,1380,56503386189
2511108.353,72.10,1380,56503393424
2511108.465,72.18,1380,56503400622
2511108.578,72.14,1380,56503407800
2511108.690,71.98,1365,56503414977
2511108.801,71.86,1350,56503429173
2511108.913,71.90,1335,56503436249
2511109.025,71.71,1380,56503443479
2511109.138,71.86,1395,56503450789
2511109.249,71.68,1395,56503458039
2511109.360,71.69,1380,56503465258
2511109.472,71.59,1380,56503472456
2511109.584,71.55,1380,56503479654
2511109.698,71.51,1350,56503493959
2511109.809,71.47,1350,56503501073
2511109.920,71.38,1350,56503508218
2511110.031,71.50,1380,56503515467
2511110.142,71.59,1380,56503522670
2511110.258,71.40,1380,56503529878
2511110.369,71.35,1380,56503537067
2511110.480,71.36,1380,56503544277
2511110.591,71.43,1365,56503551483
2511110.702,71.52,1365,56503565809
2511110.818,71.57,1350,56503572975
2511110.929,71.67,1350,56503580165
2511111.041,71.83,1380,56503587395
2511111.152,71.86,1350,56503594590
2511111.264,71.90,1350,56503601792
2511111.378,71.90,1350,56503608953
2511111.490,71.97,1365,56503616124
2511111.601,72.11,1350,56503630545
2511111.716,72.09,1350,56503637687
2511111.827,72.06,1350,56503644845
2511111.939,72.16,1365,56503652053
2511112.051,72.16,1365,56503659240
2511112.163,72.12,1365,56503666481
2511112.275,72.27,915,56503674213
2511112.382,72.17,930,56503681105
2511112.496,71.60,1305,56503694811
2511112.609,71.60,1410,56503702172
2511112.720,71.65,1395,56503709522
2511112.836,71.85,1365,56503716770
2511112.948,71.91,1365,56503723961
2511113.059,71.87,1365,56503731211
2511113.172,71.94,1410,56503738557
2511113.283,71.96,1350,56503745809
2511113.397,71.86,1290,56503759773
2511113.509,71.70,1320,56503766843
2511113.620,72.33,1380,56503774136
2511113.737,72.42,1380,56503781391
2511113.849,72.25,1380,56503788634
2511113.960,72.10,1380,56503795843
2511114.071,72.13,1380,56503803077
2511114.182,72.17,1395,56503810358
2511114.295,72.09,1320,56503824667
2511114.407,71.99,1320,56503831711
2511114.520,72.02,1350,56503838830
2511114.637,72.22,1380,56503846090
2511114.749,72.25,1365,56503853319
2511114.861,72.12,1365,56503860515
2511114.975,72.05,1365,56503867730
2511115.086,71.94,1380,56503874964
2511115.197,71.84,1350,56503889369
2511115.309,71.64,1350,56503896476
2511115.420,71.57,1350,56503903592
2511115.535,71.64,1350,56503910740
2511115.646,71.72,1380,56503917966
2511115.759,71.81,1365,56503925185
2511115.871,71.75,1365,56503932375
2511115.982,71.77,1380,56503939621
2511116.096,71.93,1380,56503954047
2511116.208,72.10,1350,56503961188
2511116.320,72.03,1350,56503968338
2511116.436,72.04,1350,56503975493
2511116.550,72.10,1350,56503982642
2511116.662,72.15,1365,56503989827
2511116.774,72.19,1365,56503997051
2511116.886,72.19,1365,56504004273
2511116.998,72.22,1380,56504018706
2511117.110,72.22,1365,56504025890
2511117.223,72.08,1350,56504033044
2511117.336,72.01,1350,56504040193
2511117.447,71.95,1350,56504047334
2511117.559,71.90,1365,56504054476
2511117.676,71.82,1380,56504061740
2511117.788,71.89,1380,56504068988
2511117.900,71.89,1380,56504083388
2511118.015,71.74,1365,56504090591
2511118.126,71.72,1365,56504097745
2511118.238,71.76,1365,56504104912
2511118.356,71.80,1350,56504112065
2511118.468,71.84,1350,56504119201
2511118.580,71.97,1365,56504126380
2511118.696,72.11,1365,56504140817
2511118.807,72.07,1380,56504148025
2511118.919,72.08,1365,56504155270
2511119.034,72.01,1350,56504162445
2511119.146,72.00,1350,56504169610
2511119.258,71.98,1350,56504176789
2511119.374,71.90,1350,56504183932
2511119.485,71.85,1350,56504191084
2511119.598,71.88,1380,56504205494
2511119.715,71.84,1380,56504212701
2511119.827,71.76,1380,56504219912
2511119.938,73.07,1230,56504227430
2511120.045,72.89,960,56504234459
2511120.154,72.71,990,56504241496
2511120.265,72.31,1275,56504248246
2511120.377,72.53,1410,56504255425
2511120.489,72.80,1410,56504262785
2511120.600,73.00,1365,56504277312
2511120.714,73.07,1380,56504284523
2511120.827,73.12,1380,56504291746
2511120.939,73.31,1395,56504299060
2511121.054,71.85,1350,56504306237
2511121.166,71.72,1290,56504313241
2511121.278,71.80,1350,56504320212
2511121.394,72.25,1380,56504334599
2511121.507,72.11,1380,56504341826
2511121.619,71.90,1395,56504349124
2511121.735,71.86,1380,56504356406
2511121.847,71.78,1410,56504363651
2511121.959,71.67,1395,56504370916
2511122.074,71.45,1320,56504378085
2511122.186,71.37,1335,56504385111
2511122.298,71.58,1350,56504399264
2511122.414,71.70,1380,56504406438
2511122.525,71.67,1380,56504413663
2511122.636,71.72,1425,56504421006
2511122.747,71.84,1395,56504428299
2511122.858,71.92,1395,56504435518
2511122.973,71.87,1380,56504442705
2511123.081,71.92,885,56504450338
2511123.191,71.77,915,56504457202
2511123.298,71.79,945,56504470789
2511123.413,71.46,1380,56504477949
2511123.525,71.62,1425,56504485316
2511123.636,71.83,1440,56504492696
2511123.747,71.95,1440,56504500096
2511123.859,71.88,1410,56504507398
2511123.974,71.99,1425,56504514674
2511124.085,71.86,1350,56504521931
2511124.198,71.72,1335,56504535973
2511124.314,71.75,1320,56504542930
2511124.424,71.71,1350,56504549987
2511124.535,72.04,1410,56504557260
2511124.647,71.98,1425,56504564600
2511124.758,71.88,1425,56504571965
2511124.873,71.83,1425,56504579274
2511124.984,71.94,1365,56504586573
2511125.096,71.79,1365,56504600754
2511125.214,71.78,1350,56504607781
2511125.326,71.80,1350,56504614799
2511125.438,71.91,1365,56504621903
2511125.554,72.12,1410,56504629181
2511125.665,72.35,1440,56504636509
2511125.776,72.33,1425,56504643841
2511125.887,72.35,1425,56504651157
2511125.998,72.33,1365,56504665508
2511126.111,72.16,1365,56504672585
2511126.223,72.12,1350,56504679637
2511126.334,72.12,1350,56504686684
2511126.441,72.13,945,56504694193
2511126.550,71.95,945,56504701249
2511126.657,71.84,1305,56504708319
2511126.773,70.96,1425,56504715088
2511126.886,71.02,1425,56504722442
2511126.998,71.13,1425,56504737203
2511127.112,71.21,1365,56504744431
2511127.225,71.28,1350,56504751527
2511127.336,71.30,1410,56504758825
2511127.453,71.55,1365,56504765983
2511127.564,71.57,1380,56504773125
2511127.676,71.63,1350,56504780097
2511127.793,72.27,1290,56504794834
2511127.900,71.95,960,56504801904
2511128.009,72.01,960,56504809077
2511128.121,71.77,1275,56504815836
2511128.234,71.46,1425,56504823132
2511128.346,71.58,1440,56504830530
2511128.458,71.78,1425,56504837819
2511128.572,71.70,870,56504845254
2511128.679,72.76,975,56504852298
2511128.789,73.00,975,56504866071
2511128.902,72.44,1395,56504873217
2511129.013,72.78,1395,56504880446
2511129.126,72.66,1380,56504887613
2511129.238,72.68,1380,56504894878
2511129.350,73.00,1440,56504902261
2511129.462,73.08,1425,56504909595
2511129.574,73.06,1410,56504916931
2511129.684,71.76,1320,56504924075
2511129.796,71.86,1320,56504938097
2511129.911,71.64,1350,56504945174
2511130.024,72.04,1365,56504952309
2511130.136,71.78,1380,56504959488
2511130.252,71.80,1410,56504966775
2511130.365,71.90,1425,56504974127
2511130.476,71.94,1410,56504981492
2511130.591,71.81,1350,56504995861
2511130.703,71.71,1305,56505002930
2511130.815,71.70,1290,56505009973
2511130.931,71.83,915,56505017375
2511131.039,71.72,900,56505024279
2511131.149,71.66,930,56505031356
2511131.261,71.64,1275,56505038061
2511131.373,71.50,1380,56505045293
2511131.485,71.44,1380,56505052565
2511131.597,71.24,1395,56505067132
2511131.711,71.31,1395,56505074469
2511131.823,71.54,1395,56505081860
2511131.936,71.76,1350,56505089071
2511132.049,71.80,930,56505096536
2511132.156,71.96,900,56505103378
2511132.263,71.86,915,56505110292
2511132.375,71.75,1230,56505116868
2511132.491,71.61,1380,56505131364
2511132.602,71.69,1380,56505138632
2511132.714,71.61,1395,56505145926
2511132.831,71.63,1395,56505153280
2511132.943,71.57,1410,56505160632
2511133.056,71.66,1350,56505167986
2511133.171,71.75,1290,56505175124
2511133.278,71.78,960,56505182457
2511133.389,71.99,1005,56505189264
2511133.496,72.29,1050,56505203368
2511133.602,72.13,1065,56505210577
2511133.709,72.12,1065,56505217814
2511133.816,72.08,1065,56505225144
2511133.928,72.09,1050,56505232508
2511134.035,71.88,1050,56505239734
2511134.147,71.99,1065,56505246978
2511134.254,71.93,990,56505254071
2511134.362,71.76,990,56505261067
2511134.469,71.82,1035,56505268110
2511134.576,71.78,990,56505275274
2511134.687,71.84,1065,56505282421
2511134.794,72.05,1065,56505297004
2511134.901,72.13,1020,56505304303
2511135.009,71.97,1065,56505311506
2511135.116,72.04,1020,56505318704
2511135.229,71.70,1005,56505325810
2511135.335,71.81,1035,56505332847
2511135.442,71.98,1005,56505339984
2511135.549,72.01,1050,56505347116
2511135.656,72.24,1065,56505354332
2511135.767,72.34,1065,56505361604
2511135.874,72.22,1065,56505368912
2511135.980,72.25,1065,56505376198
2511136.089,72.27,1035,56505383464
2511136.196,72.13,1005,56505397680
2511136.307,72.03,1035,56505404788
2511136.414,72.24,1035,56505411896
2511136.521,72.29,1050,56505419035
2511136.629,72.42,1065,56505426253
2511136.736,72.53,1065,56505433576
2511136.846,72.42,1065,56505440827
2511136.953,72.43,1065,56505448100
2511137.061,72.35,1035,56505455340
2511137.168,72.23,1005,56505462433
2511137.274,72.21,1035,56505469546
2511137.381,72.21,1020,56505476695
2511137.488,72.13,1035,56505483780
2511137.594,72.33,1050,56505498161
2511137.700,72.38,1065,56505505432
2511137.808,72.42,1065,56505512722
2511137.915,72.32,1050,56505519960
2511138.026,72.15,1020,56505527144
2511138.133,72.00,1065,56505534226
2511138.241,72.08,1020,56505541390
2511138.347,71.97,1020,56505548485
2511138.454,72.06,1050,56505555631
2511138.561,72.13,1035,56505562839
2511138.668,72.12,1080,56505570053
2511138.774,72.08,1050,56505577285
2511138.886,71.96,1020,56505584556
2511138.993,71.84,1065,56505598965
2511139.100,72.05,1035,56505606141
2511139.208,71.96,1035,56505613248
2511139.315,71.97,1020,56505620410
2511139.425,71.98,1035,56505627507
2511139.533,72.21,1065,56505634766
2511139.639,72.20,1065,56505641996
2511139.747,72.14,1050,56505649233
2511139.854,72.15,1020,56505656388
2511139.960,72.30,1080,56505663578
2511140.067,72.19,1050,56505670808
2511140.174,71.91,1035,56505677921
2511140.284,72.08,1050,56505685048
2511140.391,72.16,1005,56505699319
2511140.498,72.31,1080,56505706565
2511140.605,72.33,1065,56505713780
2511140.712,72.04,1050,56505720984
2511140.818,72.08,1020,56505728163
2511140.925,72.22,1080,56505735398
2511141.031,72.00,1035,56505742583
2511141.139,72.06,1050,56505749771
2511141.247,72.04,1005,56505756953
2511141.354,71.89,1020,56505764073
2511141.466,71.91,1020,56505771242
2511141.573,71.80,1020,56505778454
2511141.688,71.14,1260,56505792306
2511141.799,71.31,1410,56505799677
2511141.910,71.50,1440,56505807095
2511142.021,71.61,1395,56505814406
2511142.133,71.74,1380,56505821618
2511142.246,71.69,1365,56505828801
2511142.358,71.86,1380,56505835944
2511142.470,71.93,1380,56505843127
2511142.582,71.75,1305,56505850242
2511142.692,71.74,1335,56505864328
2511142.807,72.43,1380,56505871584
2511142.917,72.48,1425,56505878944
2511143.030,72.42,1410,56505886272
2511143.141,72.16,1380,56505893469
2511143.254,72.11,1365,56505900641
2511143.367,72.11,1380,56505907797
2511143.479,72.08,1350,56505914973
2511143.590,72.02,1350,56505929109
2511143.701,72.13,1365,56505936283
2511143.813,72.28,1380,56505943528
2511143.927,72.41,1410,56505950845
2511144.039,72.36,1410,56505958103
2511144.149,72.17,1395,56505965335
2511144.260,72.14,1350,56505972540
2511144.367,71.91,900,56505980114
2511144.475,71.63,915,56505986987
2511144.587,70.85,1305,56506000603
2511144.699,71.06,1425,56506007987
2511144.809,71.33,1425,56506015371
2511144.921,71.51,1410,56506022730
2511145.033,71.51,1395,56506029985
2511145.146,71.42,1395,56506037202
2511145.257,71.59,1395,56506044549
2511145.368,71.58,1335,56506051754
2511145.479,71.67,1320,56506058786
2511145.590,71.83,1305,56506072794
2511145.707,72.58,1350,56506079941
2511145.818,72.45,1380,56506087209
2511145.931,72.40,1425,56506094587
2511146.045,72.33,1395,56506101855
2511146.157,72.27,1410,56506109090
2511146.268,72.33,1380,56506116368
2511146.381,72.09,1350,56506123555
2511146.493,72.07,1335,56506137683
2511146.606,72.15,1335,56506144757
2511146.717,72.20,1350,56506151897
2511146.828,72.28,1380,56506159119
2511146.939,72.30,1395,56506166434
2511147.050,72.30,1410,56506173736
2511147.166,72.21,1380,56506180969
2511147.278,72.11,1365,56506188199
2511147.390,71.96,1350,56506202447
2511147.506,71.85,1350,56506209544
2511147.618,71.76,1350,56506216650
2511147.729,71.72,1350,56506223782
2511147.840,71.69,1380,56506231037
2511147.954,71.80,1395,56506238339
2511148.067,71.77,1380,56506245571
2511148.179,71.58,1365,56506252782
2511148.291,71.66,1350,56506267130
2511148.406,71.62,1350,56506274254
2511148.518,71.63,1350,56506281393
2511148.630,71.75,1365,56506288527
2511148.744,71.90,1380,56506295714
2511148.857,72.07,1380,56506302946
2511148.968,72.24,1380,56506310173
2511149.085,72.23,1380,56506324613
2511149.196,72.28,1380,56506331807
2511149.307,72.28,1365,56506338962
2511149.418,72.20,1365,56506346135
2511149.530,72.20,1350,56506353266
2511149.645,72.22,1350,56506360415
2511149.757,72.22,1365,56506367597
2511149.868,72.24,1380,56506374822
2511149.979,72.22,1380,56506382053
2511150.089,72.15,1365,56506396490
2511150.204,72.04,1365,56506403670
2511150.317,71.88,1350,56506410838
2511150.430,71.77,1350,56506418141
2511150.542,72.75,975,56506425284
2511150.649,72.46,1035,56506432321
2511150.756,72.43,1050,56506439476
2511150.864,72.48,1065,56506446528
2511150.976,71.90,1365,56506453500
2511151.088,72.02,1410,56506468235
2511151.199,72.34,1380,56506475501
2511151.311,72.43,1395,56506482702
2511151.425,72.63,1365,56506490004
2511151.536,72.71,1350,56506497127
2511151.648,71.69,1350,56506504236
2511151.765,71.95,1290,56506511350
2511151.876,71.81,1335,56506518307
2511151.988,71.71,1380,56506532717
2511152.105,72.27,1410,56506540014
2511152.217,72.25,1395,56506547314
2511152.329,72.14,1395,56506554562
2511152.443,72.14,1365,56506561795
2511152.555,71.88,1350,56506568952
2511152.667,71.76,1335,56506576116
2511152.778,71.71,1335,56506583192
2511152.890,71.84,1365,56506597416
2511153.004,71.82,1380,56506604617
2511153.116,71.79,1380,56506611846
2511153.228,71.65,1380,56506619069
2511153.344,71.62,1395,56506626323
2511153.457,71.66,1380,56506633576
2511153.568,71.74,1365,56506640787
2511153.684,71.81,1350,56506655053
2511153.795,71.93,1350,56506662173
2511153.906,72.12,1365,56506669329
2511154.017,72.16,1365,56506676536
2511154.129,72.17,1380,56506683731
2511154.245,72.17,1380,56506690955
2511154.358,72.17,1380,56506698163
2511154.470,72.25,1380,56506705454
2511154.582,72.20,1365,56506719788
2511154.693,72.17,1350,56506726905
2511154.805,72.12,1350,56506734023
2511154.916,72.11,1380,56506741211
2511155.023,71.69,915,56506748838
2511155.130,71.53,960,56506755765
2511155.241,70.77,1200,56506762662
2511155.353,70.84,1410,56506769578
2511155.466,71.02,1425,56506776958
2511155.577,71.11,1395,56506784364
2511155.688,71.18,1365,56506798761
2511155.803,71.18,1365,56506805916
2511155.914,71.25,915,56506813717
2511156.021,71.43,945,56506820651
2511156.128,71.48,915,56506827651
2511156.243,71.29,1350,56506834146
2511156.354,72.16,1440,56506841377
2511156.465,72.21,1440,56506848771
2511156.575,72.15,1425,56506856167
2511156.686,71.94,1395,56506870648
2511156.802,71.78,1380,56506877891
2511156.913,71.89,1440,56506885228
2511157.025,71.93,1395,56506892414
2511157.136,71.49,1320,56506899392
2511157.249,71.65,1350,56506906358
2511157.363,71.92,1380,56506913426
2511157.471,73.05,915,56506920919
2511157.580,72.92,975,56506928123
2511157.688,72.63,1020,56506941932
2511157.802,72.30,1380,56506949108
2511157.914,72.57,1440,56506956492
2511158.025,72.66,1455,56506963870
2511158.136,72.71,1350,56506971070
2511158.248,72.82,1380,56506978137
2511158.363,73.17,1440,56506985372
2511158.474,73.26,1395,56506992730
2511158.586,71.98,1350,56507006963
2511158.702,71.70,1320,56507013937
2511158.814,71.63,1365,56507021070
2511158.926,71.93,1425,56507028491
2511159.033,72.96,930,56507035755
2511159.141,72.46,990,56507042792
2511159.252,71.62,1365,56507049514
2511159.365,71.88,1425,56507056611
2511159.480,71.93,1440,56507071340
2511159.591,72.10,1425,56507078567
2511159.705,72.07,1380,56507085712
2511159.817,72.31,1380,56507092885
2511159.929,72.59,1455,56507100233
2511160.040,72.77,1245,56507107931
2511160.147,71.11,930,56507114782
2511160.254,70.68,1290,56507121593
2511160.366,71.26,1440,56507128286
2511160.482,71.40,1455,56507143074
2511160.593,71.41,1425,56507150380
2511160.704,71.31,1395,56507157571
2511160.817,71.28,1410,56507164851
2511160.928,71.48,1440,56507172224
2511161.043,71.58,1395,56507179497
2511161.150,71.41,915,56507186894
2511161.259,71.87,960,56507193812
2511161.366,72.34,1200,56507200734
2511161.481,72.14,1425,56507214581
2511161.594,72.05,1440,56507221974
2511161.705,71.96,1440,56507229339
2511161.822,71.98,1425,56507236708
2511161.933,72.15,1425,56507244034
2511162.045,72.09,1425,56507251373
2511162.162,72.04,1350,56507258572
2511162.274,71.80,1335,56507265629
2511162.386,71.89,1320,56507279621
2511162.501,71.95,1365,56507286664
2511162.613,72.11,1410,56507293874
2511162.724,72.08,1440,56507301234
2511162.840,72.12,1440,56507308610
2511162.951,72.21,1425,56507315951
2511163.063,72.25,1425,56507323270
2511163.174,72.06,1350,56507330431
2511163.286,72.09,1350,56507344534
2511163.403,72.11,1335,56507351546
2511163.516,72.06,1350,56507358628
2511163.628,72.17,1395,56507365849
2511163.741,72.35,1425,56507373199
2511163.853,72.32,1395,56507380579
2511163.961,72.37,1005,56507387976
2511164.068,71.96,1065,56507395074
2511164.178,71.78,1095,56507402145
2511164.285,71.87,1275,56507415835
2511164.401,71.71,1425,56507423096
2511164.513,72.02,1410,56507430429
2511164.625,72.18,1410,56507437720
2511164.740,72.36,1425,56507445080
2511164.852,72.31,1365,56507452581
2511164.960,73.12,945,56507459814
2511165.067,72.71,960,56507466835
2511165.181,72.71,1365,56507480443
2511165.293,71.97,1380,56507487581
2511165.405,71.91,1410,56507494814
2511165.520,72.28,1425,56507502173
2511165.632,72.26,1425,56507509514
2511165.744,72.39,1425,56507516887
2511165.860,72.44,1425,56507524253
2511165.972,72.49,1350,56507531527
2511166.083,71.50,1305,56507545539
2511166.191,71.96,870,56507552689
2511166.299,72.30,870,56507559593
2511166.406,71.99,1170,56507566306
2511166.520,71.47,1380,56507573319
2511166.633,71.63,1395,56507580656
2511166.740,71.64,945,56507588555
2511166.847,71.49,960,56507595849
2511166.961,71.55,1245,56507602647
2511167.072,71.34,1395,56507609876
2511167.184,71.71,1395,56507624399
2511167.301,71.41,1275,56507631372
2511167.420,71.44,1275,56507638299
2511167.532,71.80,1365,56507645400
2511167.644,71.78,1395,56507652736
2511167.759,71.72,1395,56507660021
2511167.865,72.33,975,56507667657
2511167.977,72.07,990,56507674604
2511168.084,72.49,1005,56507689031
2511168.191,72.40,990,56507696150
2511168.298,71.84,945,56507703098
2511168.405,72.12,975,56507710130
2511168.516,72.57,1080,56507717243
2511168.623,72.49,1065,56507724505
2511168.731,72.49,1065,56507731837
2511168.838,72.49,1065,56507739146
2511168.945,71.89,1035,56507746376
2511169.056,71.97,1065,56507753595
2511169.164,71.90,1035,56507760821
2511169.270,71.63,1005,56507767890
2511169.377,71.88,1020,56507774856
2511169.483,72.10,1020,56507789114
2511169.590,72.00,1050,56507796367
2511169.698,71.96,1065,56507803701
2511169.804,72.24,1065,56507810979
2511169.916,72.14,1035,56507818242
2511170.023,72.17,1050,56507825418
2511170.130,72.12,1005,56507832579
2511170.237,72.09,1020,56507839676
2511170.343,72.05,1005,56507846741
2511170.450,72.08,1035,56507853861
2511170.558,71.88,1035,56507861035
2511170.664,72.11,1080,56507868275
2511170.776,72.08,1065,56507875563
2511170.882,71.93,1065,56507890040
2511170.989,71.84,1035,56507897218
2511171.097,71.84,1050,56507904357
2511171.203,71.68,990,56507911417
2511171.310,71.14,1185,56507918432
2511171.423,71.53,1425,56507925364
2511171.539,71.73,1425,56507932754
2511171.653,72.05,1395,56507940142
2511171.766,71.87,1380,56507947368
2511171.879,71.94,1365,56507961788
2511171.992,71.81,1410,56507969016
2511172.104,71.86,1380,56507976207
2511172.219,71.75,1305,56507983259
2511172.331,71.55,1350,56507990211
2511172.444,72.25,1395,56507997336
2511172.558,72.17,1410,56508004658
2511172.672,72.00,1395,56508011961
2511172.784,71.96,1395,56508026417
2511172.897,72.07,1395,56508033668
2511173.010,71.97,1410,56508040859
2511173.122,71.86,1350,56508047991
2511173.239,71.77,1320,56508055057
2511173.352,71.87,1350,56508062101
2511173.464,72.12,1380,56508069275
2511173.579,72.26,1395,56508083750
2511173.693,72.06,1380,56508090997
2511173.805,72.22,1425,56508098317
2511173.919,72.16,1410,56508105575
2511174.032,72.03,1350,56508112709
2511174.145,71.97,1350,56508119802
2511174.261,72.03,1365,56508126909
2511174.379,72.08,1350,56508141177
2511174.492,72.27,1380,56508148436
2511174.606,72.40,1380,56508155645
2511174.720,72.13,1410,56508162930
2511174.838,72.20,1395,56508170234
2511174.951,72.09,1350,56508177415
2511175.064,71.87,1350,56508184554
2511175.178,72.06,1335,56508198753
2511175.292,72.11,1365,56508205859
2511175.406,71.97,1395,56508213030
2511175.518,72.12,1395,56508220323
2511175.632,72.20,1395,56508227580
2511175.744,72.14,1410,56508234814
2511175.856,71.99,1365,56508242075
2511175.969,71.94,1380,56508249221
2511176.083,71.91,1335,56508263525
2511176.197,71.96,1305,56508270622
2511176.311,71.81,1350,56508277777
2511176.424,71.74,1365,56508284985
2511176.538,72.01,1380,56508292215
2511176.651,71.79,1410,56508299426
2511176.763,71.83,1350,56508306726
2511176.878,71.91,1365,56508321097
2511176.991,71.91,1380,56508328301
2511177.104,71.86,1350,56508335429
2511177.219,71.91,1350,56508342553
2511177.336,71.98,1350,56508349714
2511177.449,72.05,1380,56508356932
2511177.562,72.02,1380,56508364157
2511177.677,72.16,1395,56508378497
2511177.791,72.09,1380,56508385698
2511177.904,72.05,1380,56508392877
2511178.019,72.06,1365,56508400104
2511178.137,72.09,1350,56508407313
2511178.251,72.11,1350,56508414417
2511178.364,72.07,1380,56508421571
2511178.478,72.14,1365,56508435936
2511178.596,72.29,1365,56508443146
2511178.710,72.45,1365,56508450323
2511178.824,72.22,1365,56508457568
2511178.939,72.25,1365,56508464809
2511179.057,72.21,1350,56508472012
2511179.171,71.91,1380,56508479130
2511179.284,71.98,1380,56508493432
2511179.398,72.14,1350,56508500605
2511179.516,72.08,1365,56508507771
2511179.630,72.04,1380,56508514979
2511179.743,72.05,1380,56508522212
2511179.857,71.90,1380,56508529440
2511179.970,72.21,1365,56508536677
2511180.083,72.17,1350,56508550995
2511180.197,72.08,1365,56508558149
2511180.310,72.27,1380,56508565381
2511180.424,72.26,1335,56508572532
2511180.538,71.95,1350,56508579697
2511180.657,72.02,1380,56508586893
2511180.770,72.04,1365,56508594104
2511180.883,71.99,1380,56508608507
2511180.998,71.84,1365,56508615674
2511181.116,71.80,1350,56508622831
2511181.229,71.67,1380,56508630085
2511181.342,71.97,1350,56508637267
2511181.457,71.88,1365,56508644334
2511181.569,71.78,1410,56508651565
2511181.683,71.95,1350,56508665881
2511181.796,71.81,1365,56508673124
2511181.909,71.66,1380,56508680252
2511182.022,71.71,1380,56508687416
2511182.136,71.56,1380,56508694601
2511182.249,71.72,1395,56508701828
2511182.362,71.57,1380,56508709042
2511182.476,71.85,1395,56508723471
2511182.590,71.98,1365,56508730637
2511182.703,71.94,1395,56508737748
2511182.818,71.94,1380,56508744930
2511182.936,72.05,1380,56508752088
2511183.048,72.08,1395,56508759260
2511183.161,72.26,1395,56508766508
2511183.274,72.39,1395,56508780907
2511183.388,72.26,1380,56508788078
2511183.500,72.22,1380,56508795291
2511183.615,71.79,1380,56508802513
2511183.728,71.76,1335,56508809657
2511183.841,71.78,1365,56508816774
2511183.956,71.63,1365,56508823973
2511184.070,71.54,1410,56508831141
2511184.184,71.63,1395,56508845586
2511184.297,71.73,1365,56508852774
2511184.416,71.64,1410,56508859980
2511184.528,71.77,1395,56508867147
2511184.642,71.87,1395,56508874344
2511184.756,71.84,1365,56508881521
2511184.873,71.92,1365,56508895838
2511184.986,71.98,1380,56508903032
2511185.100,72.04,1395,56508910183
2511185.215,72.02,1395,56508917418
2511185.328,71.92,1395,56508924640
2511185.440,71.67,1395,56508931736
2511185.555,71.95,1395,56508938953
2511185.668,71.92,1395,56508946165
2511185.782,71.85,1380,56508960528
2511185.897,71.99,1365,56508967678
2511186.015,72.00,1395,56508974890
2511186.128,71.95,1380,56508982117
2511186.241,72.14,1395,56508989317
2511186.355,72.10,1410,56508996517
2511186.469,71.98,1395,56509003719
2511186.582,72.23,1365,56509018066
2511186.695,72.06,1380,56509025211
2511186.808,72.00,1395,56509032439
2511186.921,72.07,1365,56509039644
2511187.037,72.01,1395,56509046803
2511187.153,72.04,1395,56509054006
2511187.266,71.98,1410,56509061189
2511187.380,72.06,1365,56509075570
2511187.495,71.99,1395,56509082788
2511187.608,72.13,1380,56509089956
2511187.721,72.05,1380,56509097080
2511187.834,71.93,1380,56509104249
2511187.948,71.93,1380,56509111418
2511188.061,71.94,1395,56509118604
2511188.175,72.06,1395,56509133030
2511188.287,72.01,1395,56509140199
2511188.401,71.97,1380,56509147388
2511188.516,71.90,1380,56509154627
2511188.634,71.96,1395,56509161809
2511188.747,71.81,1380,56509168968
2511188.860,71.82,1380,56509176111
2511188.974,71.98,1395,56509190504
2511189.088,71.95,1380,56509197702
2511189.201,71.98,1380,56509204856
2511189.315,71.80,1365,56509211992
2511189.434,71.75,1410,56509219289
2511189.548,71.91,1380,56509226505
2511189.661,71.82,1380,56509233681
2511189.776,72.00,1380,56509248026
2511189.893,72.04,1380,56509255177
2511190.007,72.02,1395,56509262407
2511190.120,72.08,1380,56509269571
2511190.236,72.05,1365,56509276701
2511190.353,71.93,1380,56509283869
2511190.467,72.03,1410,56509291128
2511190.581,72.24,1395,56509305559
2511190.694,72.37,1380,56509312712
2511190.807,72.33,1365,56509319863
2511190.923,72.01,1500,56509326890
2511191.028,71.82,1500,56509330042
2511191.133,67.03,1500,56509332604
2511191.238,63.45,1500,56509335209
2511191.342,59.32,1500,56509337811
2511191.447,55.25,1500,56509340405
2511191.551,51.06,1500,56509343001
2511191.656,46.76,1500,56509345599
2511191.761,42.50,1500,56509348193
2511191.866,38.28,1500,56509350775
2511191.971,30.22,1500,56509353363
2511192.076,30.22,1500,56509358532
2511192.180,30.22,1500,56509361106
2511192.284,30.22,1500,56509363672
2511192.389,30.22,1500,56509366246
2511192.493,30.22,1500,56509368821
2511192.597,30.22,1500,56509371399
2511192.702,30.22,1500,56509373979
2511192.806,30.22,1500,56509376552
2511192.910,30.22,1500,56509379135
2511193.015,25.87,1500,56509381713
2511193.122,25.87,1500,56509384003
2511193.228,25.87,1500,56509386282
2511193.334,25.87,1500,56509388562
2511193.440,25.87,1500,56509390842
2511193.546,25.87,1500,56509393125
2511193.652,25.87,1500,56509395411
2511193.758,25.87,1500,56509397695
2511193.864,25.87,1500,56509399983
2511193.970,25.87,1500,56509402281
2511194.076,24.50,750,56509406840
2511194.182,24.50,750,56509409111
2511194.288,24.50,750,56509411384
2511194.394,24.50,750,56509413657
2511194.500,24.50,750,56509415931
2511194.606,24.50,750,56509418206
2511194.712,24.50,750,56509420479
2511194.819,24.50,750,56509422753
2511194.925,22.98,750,56509425030
2511195.031,22.98,750,56509427305
2511195.137,22.98,750,56509429576
2511195.243,22.98,750,56509431856
2511195.349,22.98,750,56509434132
2511195.455,22.98,750,56509436416
2511195.561,22.98,750,56509438695
2511195.667,22.98,750,56509440984
2511195.773,22.98,750,56509445524
2511195.879,22.73,750,56509447783
2511195.986,22.73,750,56509450043
2511196.092,22.73,750,56509452314
2511196.198,22.73,750,56509454570
2511196.304,22.73,750,56509456827
2511196.410,22.73,750,56509459089
2511196.516,22.73,750,56509461354
2511196.622,22.73,750,56509463619
2511196.728,22.73,750,56509465888
2511196.835,22.73,750,56509468154
2511196.941,22.66,750,56509470426
2511197.047,22.66,750,56509472690
2511197.153,22.66,750,56509474965
2511197.259,22.66,750,56509477254
2511197.365,22.66,750,56509479513
2511197.471,22.66,750,56509484033
2511197.578,22.66,750,56509486278
2511197.684,22.66,750,56509488517
2511197.790,22.66,750,56509490769
2511197.896,22.56,750,56509493023
2511198.002,22.56,750,56509495280
2511198.108,22.56,750,56509497538
2511198.215,22.56,750,56509499793
2511198.321,22.56,750,56509502050
2511198.427,22.56,750,56509504310
2511198.533,22.56,750,56509506561
2511198.639,22.56,750,56509508820
2511198.745,22.56,750,56509511081
2511198.851,22.56,750,56509513340
2511198.957,22.56,750,56509515605
2511199.064,22.56,750,56509517863
2511199.170,22.56,750,56509522397
2511199.276,22.56,750,56509524634
2511199.382,22.56,750,56509526880
2511199.488,22.56,750,56509529123
2511199.594,22.56,750,56509531368
2511199.700,22.56,750,56509533612
2511199.806,22.56,750,56509535859
2511199.912,22.52,750,56509538106
2511200.019,22.52,750,56509540353
2511200.125,22.52,750,56509542602
2511200.231,22.52,750,56509544854
2511200.337,22.52,750,56509547106
2511200.443,22.52,750,56509549359
2511200.549,22.52,750,56509551624
2511200.655,22.52,750,56509553882
2511200.761,22.52,750,56509556138
2511200.868,22.52,750,56509558394
2511200.974,22.54,750,56509562884
2511201.080,22.54,750,56509565113
2511201.186,22.54,750,56509567348
2511201.292,22.54,750,56509569583
2511201.398,22.54,750,56509571819
2511201.504,22.54,750,56509574055
2511201.610,22.54,750,56509576295
2511201.716,22.54,750,56509578538
2511201.822,22.54,750,56509580782
2511201.928,22.52,750,56509583030
2511202.034,22.52,750,56509585273
2511202.140,22.52,750,56509587513
2511202.247,22.52,750,56509589763
2511202.353,22.52,750,56509592011
2511202.459,22.52,750,56509594261
2511202.565,22.52,750,56509596512
2511202.671,22.52,750,56509600995
2511202.777,22.52,750,56509603230
2511202.883,22.52,750,56509605459
2511202.989,22.36,750,56509607692
2511203.095,22.36,750,56509609924
2511203.201,22.36,750,56509612153
2511203.308,22.36,750,56509614388
2511203.414,22.36,750,56509616619
2511203.520,22.36,750,56509618849
2511203.626,22.36,750,56509621087
2511203.732,22.36,750,56509623323
2511203.838,22.36,750,56509625571
2511203.944,22.37,750,56509627808
2511204.051,22.37,750,56509630053
2511204.157,22.37,750,56509632293
2511204.263,22.37,750,56509634543
2511204.369,22.37,750,56509639024
2511204.475,22.37,750,56509641241
2511204.581,22.37,750,56509643465
2511204.687,22.37,750,56509645689
2511204.793,22.37,750,56509647916
2511204.899,22.37,750,56509650144
2511205.005,22.37,750,56509652372
2511205.112,22.37,750,56509654604
2511205.218,22.37,750,56509656834
2511205.324,22.37,750,56509659065
2511205.430,22.37,750,56509661298
2511205.536,22.37,750,56509663531
2511205.642,22.37,750,56509665767
2511205.748,22.37,750,56509668001
2511205.854,22.37,750,56509670236
2511205.960,22.38,750,56509672475
2511206.067,22.38,750,56509674724
2511206.174,22.38,750,56509679193
2511206.280,22.38,750,56509681412
2511206.386,22.38,750,56509683635
2511206.492,22.38,750,56509685862
2511206.598,22.38,750,56509688085
2511206.704,22.38,750,56509690306
2511206.810,22.38,750,56509692536
2511206.917,22.32,750,56509694760
2511207.023,22.32,750,56509696985
2511207.129,22.32,750,56509699207
2511207.236,22.32,750,56509701437
2511207.342,22.32,750,56509703662
2511207.448,22.32,750,56509705893
2511207.554,22.32,750,56509708125
2511207.660,22.32,750,56509710364
2511207.766,22.32,750,56509712595
2511207.872,22.32,750,56509717049
2511207.982,22.23,750,56509719262
2511208.088,22.23,750,56509721484
2511208.194,22.23,750,56509723703
2511208.300,22.23,750,56509725914
2511208.406,22.23,750,56509728133
2511208.513,22.23,750,56509730353
2511208.619,22.23,750,56509732575
2511208.725,22.23,750,56509734796
2511208.831,22.23,750,56509737022
2511208.937,22.21,750,56509739247
2511209.043,22.21,750,56509741470
2511209.149,22.21,750,56509743696
2511209.255,22.21,750,56509745925
2511209.361,22.21,750,56509748148
2511209.467,22.21,750,56509752593
2511209.573,22.21,750,56509754799
2511209.679,22.21,750,56509757001
2511209.785,22.21,750,56509759210
2511209.891,22.21,750,56509761414
2511209.997,22.16,750,56509763628
2511210.103,22.16,750,56509765847
2511210.209,22.16,750,56509768062
2511210.315,22.16,750,56509770283
2511210.422,22.16,750,56509772506
2511210.528,22.16,750,56509774715
2511210.634,22.16,750,56509776934
2511210.740,22.16,750,56509779156
2511210.846,22.16,750,56509781380
2511210.952,22.18,750,56509783599
2511211.059,22.18,750,56509785828
2511211.165,22.18,750,56509788052
2511211.271,22.18,750,56509792486
2511211.377,22.18,750,56509794700
2511211.483,22.18,750,56509796904
2511211.589,22.18,750,56509799110
2511211.695,22.18,750,56509801317
2511211.801,22.18,750,56509803525
2511211.907,22.18,750,56509805739
2511212.014,22.14,750,56509807945
2511212.120,22.04,750,56509810156
2511212.226,22.14,750,56509812371
2511212.332,22.14,750,56509814583
2511212.439,22.14,750,56509816805
2511212.545,22.14,750,56509819023
2511212.651,22.14,750,56509821243
2511212.757,22.14,750,56509823464
2511212.863,22.14,750,56509825686
2511212.969,22.23,750,56509830116
2511213.075,22.23,750,56509832307
2511213.182,22.23,750,56509834503
2511213.288,22.23,750,56509836708
2511213.394,22.23,750,56509838907
2511213.500,22.23,750,56509841123
2511213.606,22.23,750,56509843332
2511213.712,22.23,750,56509845538
2511213.818,22.23,750,56509847747
2511213.924,22.27,750,56509849958
2511214.031,22.27,750,56509852170
2511214.137,22.27,750,56509854387
2511214.243,22.27,750,56509856605
2511214.349,22.27,750,56509858796
2511214.454,22.27,750,56509860987
2511214.560,22.27,750,56509863180
2511214.667,22.27,750,56509867556
2511214.773,22.27,750,56509869731
2511214.879,22.27,750,56509871907
2511214.985,21.97,450,56509874081
2511215.091,21.97,450,56509876258
2511215.197,21.97,450,56509878436
2511215.303,21.97,450,56509880616
2511215.409,21.97,450,56509882798
2511215.517,21.97,450,56509884990
2511215.623,21.97,450,56509887173
2511215.729,21.97,450,56509889359
2511215.835,21.97,450,56509891544
2511215.941,21.84,450,56509893730
2511216.047,21.84,450,56509895917
2511216.152,21.84,450,56509898100
2511216.258,21.84,450,56509900284
2511216.364,21.84,450,56509904665
2511216.471,21.84,450,56509906835
2511216.576,21.84,450,56509909009
2511216.682,21.84,450,56509911185
2511216.788,21.84,450,56509913360
2511216.894,21.84,450,56509915537
2511217.000,21.84,450,56509917714
2511217.106,21.84,450,56509919891
2511217.213,21.84,450,56509922072
2511217.319,21.84,450,56509924250
2511217.426,21.84,450,56509926438
2511217.532,21.84,450,56509928612
2511217.638,21.84,450,56509930793
2511217.744,21.84,450,56509932983
2511217.850,21.84,450,56509935166
2511217.957,21.89,450,56509937357
2511218.063,21.89,450,56509939539
2511218.169,21.89,450,56509943898
2511218.275,21.89,450,56509946060
2511218.381,21.89,450,56509948229
2511218.487,21.89,450,56509950393
2511218.593,21.89,450,56509952563
2511218.699,21.89,450,56509954731
2511218.806,21.89,450,56509956901
2511218.912,21.89,450,56509959074
2511219.018,21.84,450,56509961250
2511219.124,21.84,450,56509963429
2511219.230,21.84,450,56509965609
2511219.337,21.84,450,56509967790
2511219.443,21.84,450,56509969970
2511219.549,21.84,450,56509972150
2511219.655,21.84,450,56509974334
2511219.761,21.84,450,56509976518
2511219.867,21.84,450,56509980866
2511219.974,21.75,450,56509983045
2511220.080,21.75,450,56509985211
2511220.186,21.75,450,56509987381
2511220.292,21.75,450,56509989549
2511220.398,21.75,450,56509991719
2511220.505,21.75,450,56509993888
2511220.611,21.75,450,56509996060
2511220.717,21.75,450,56509998234
2511220.823,21.75,450,56510000408
2511220.929,21.75,450,56510002584
2511221.035,21.75,450,56510004762
2511221.141,21.75,450,56510006940
2511221.248,21.75,450,56510009121
2511221.353,21.75,450,56510011301
2511221.460,21.75,450,56510013484
2511221.566,21.75,450,56510017834
2511221.672,21.75,450,56510019995
2511221.778,21.75,450,56510022161
2511221.884,21.75,450,56510024330
2511221.990,21.75,450,56510026494
2511222.096,21.75,450,56510028667
2511222.202,21.75,450,56510030838
2511222.308,21.75,450,56510033006
2511222.415,21.75,450,56510035178
2511222.521,21.75,450,56510037352
2511222.627,21.75,450,56510039522
2511222.732,21.75,450,56510041698
2511222.839,21.75,450,56510043875
2511222.945,21.75,450,56510046046
2511223.051,21.75,450,56510048225
2511223.156,21.75,450,56510050400
2511223.263,21.75,450,56510054738
2511223.369,21.75,450,56510056906
2511223.475,21.75,450,56510059068
2511223.581,21.75,450,56510061238
2511223.687,21.75,450,56510063399
2511223.793,21.75,450,56510065568
2511223.899,21.75,450,56510067738
2511224.006,21.70,450,56510069898
2511224.112,21.70,450,56510072061
2511224.218,21.70,450,56510074234
2511224.324,21.70,450,56510076403
2511224.431,21.70,450,56510078585
2511224.536,21.70,450,56510080763
2511224.643,21.70,450,56510082934
2511224.749,21.70,450,56510085107
2511224.855,21.70,450,56510087289
2511224.961,21.80,450,56510091641
2511225.068,21.80,450,56510093800
2511225.174,21.80,450,56510095967
2511225.280,21.80,450,56510098121
2511225.386,21.80,450,56510100282
2511225.492,21.80,450,56510102440
2511225.598,21.80,450,56510104604
2511225.704,21.80,450,56510106766
2511225.811,21.80,450,56510108928
2511225.917,21.80,450,56510111092
2511226.023,21.80,450,56510113259
2511226.129,21.80,450,56510115429
2511226.235,21.80,450,56510117600
2511226.340,21.80,450,56510119770
2511226.446,21.80,450,56510121942
2511226.552,21.80,450,56510124114
2511226.658,21.80,450,56510126288
2511226.764,21.80,450,56510130630
2511226.870,21.80,450,56510132781
2511226.976,21.65,450,56510134938
2511227.082,21.65,450,56510137095
2511227.188,21.65,450,56510139254
2511227.294,21.65,450,56510141413
2511227.400,21.65,450,56510143574
2511227.506,21.65,450,56510145734
2511227.612,21.65,450,56510147897
2511227.718,21.65,450,56510150065
2511227.824,21.65,450,56510152234
2511227.929,21.65,450,56510154404
2511228.036,21.66,450,56510156574
2511228.142,21.66,450,56510158754
2511228.248,21.66,450,56510160927
2511228.354,21.66,450,56510163099
2511228.460,21.66,450,56510167446
2511228.566,21.66,450,56510169602
2511228.672,21.66,450,56510171755
2511228.778,21.66,450,56510173910
2511228.884,21.66,450,56510176069
2511228.990,21.66,450,56510178226
2511229.096,21.66,450,56510180386
2511229.202,21.66,450,56510182548
2511229.308,21.66,450,56510184710
2511229.414,21.66,450,56510186873
2511229.520,21.66,450,56510189037
2511229.626,21.66,450,56510191201
2511229.732,21.66,450,56510193367
2511229.838,21.66,450,56510195538
2511229.944,21.66,450,56510197710
2511230.050,21.65,450,56510199881
2511230.156,21.65,450,56510202054
2511230.262,21.65,450,56510206381
2511230.368,21.65,450,56510208536
2511230.473,21.65,450,56510210694
2511230.579,21.65,450,56510212847
2511230.685,21.65,450,56510215006
2511230.791,21.65,450,56510217164
2511230.897,21.65,450,56510219325
2511231.003,21.65,450,56510221488
2511231.108,21.65,450,56510223654
2511231.214,21.65,450,56510225813
2511231.320,21.65,450,56510227977
2511231.426,21.65,450,56510230144
2511231.532,21.65,450,56510232310
2511231.638,21.65,450,56510234478
2511231.745,21.65,450,56510236641
2511231.850,21.65,450,56510238811
2511231.956,21.65,450,56510240980
2511232.062,21.73,450,56510245304
2511232.168,21.73,450,56510247466
2511232.274,21.73,450,56510249620
2511232.380,21.73,450,56510251775
2511232.486,21.73,450,56510253932
2511232.592,21.73,450,56510256088
2511232.697,21.73,450,56510258241
2511232.803,21.73,450,56510260402
2511232.909,21.73,450,56510262562
2511233.015,21.67,450,56510264723
2511233.121,21.67,450,56510266884
2511233.227,21.67,450,56510269043
2511233.332,21.67,450,56510271210
2511233.438,21.67,450,56510273379
2511233.544,21.67,450,56510275550
2511233.650,21.67,450,56510277719
2511233.756,21.67,450,56510279891
2511233.862,21.67,450,56510284211
2511233.968,21.57,450,56510286365
2511234.074,21.57,450,56510288516
2511234.180,21.57,450,56510290674
2511234.286,21.57,450,56510292828
2511234.392,21.57,450,56510294989
2511234.498,21.57,450,56510297145
2511234.604,21.57,450,56510299296
2511234.710,21.57,450,56510301456
2511234.816,21.57,450,56510303619
2511234.922,21.59,450,56510305778
2511235.028,21.59,450,56510307933
2511235.134,21.59,450,56510310118
2511235.239,21.59,450,56510312346
2511235.344,21.59,450,56510314570
2511235.449,21.59,450,56510316797
2511235.554,21.59,450,56510319020
2511235.660,21.59,450,56510323461
2511235.765,21.59,450,56510325658
2511235.870,21.59,1050,56510327862
2511235.975,21.83,1050,56510330061
2511236.081,21.83,1050,56510332267
2511236.186,21.83,1050,56510334474
2511236.291,21.83,1050,56510336681
2511236.397,21.83,1050,56510338891
2511236.502,21.83,1050,56510341103
2511236.608,21.83,1050,56510343316
2511236.713,21.83,1050,56510345528
2511236.819,21.83,1050,56510347742
2511236.924,22.13,1050,56510349958
2511237.030,22.13,1050,56510352176
2511237.135,22.13,1050,56510357487
