unix_ts,seq,phase,workload_id,rx_bytes,tx_bytes,gpu_util_pct,gpu_power_w,gpu_sm_mhz,gpu_memory_used_mib
1784715749.189130645,0,server_start,none,28294395577,7593262716,0, 16.11, 210, 0
1784715749.810815972,0,server_start,none,28294412039,7593284955,0, 16.11, 210, 0
1784715750.450686465,0,server_start,none,28294412039,7593284955,0, 16.11, 210, 0
1784715751.074280216,0,server_start,none,28294492351,7593382315,0, 16.16, 210, 0
1784715751.695165651,0,server_start,none,28294646953,7593575369,0, 16.16, 210, 0
