unix_ts,seq,phase,workload_id,rx_bytes,tx_bytes,gpu_util_pct,gpu_power_w,gpu_sm_mhz,gpu_memory_used_mib
1784715749.144110560,0,server_start,none,23690389241,11214881751,0, 31.06, 210, 0
1784715749.728313290,0,server_start,none,23690402414,11214884321,0, 31.06, 210, 0
1784715750.307771375,0,server_start,none,23690402414,11214884321,0, 31.06, 210, 0
1784715750.888973030,0,server_start,none,23690609848,11215141899,0, 31.06, 210, 0
1784715751.469703588,0,server_start,none,23690609848,11215141899,0, 31.06, 210, 0
