unix_ts,workload_seq,target_freq_mhz,rx_bytes,tx_bytes,gpu_util_pct,gpu_power_w,gpu_sm_mhz,gpu_memory_used_mib,gpu_mem_util_pct,gpu_power_limit_w,gpu_mem_clock_mhz,gpu_temperature_c,gpu_memory_total_mib,gpu_pstate
1784881476.796790666,0,360,66831921453,9063202560,0, 16.25, 210, 0, 0, 72.00, 405, 36, 23034, P8
1784881477.420430141,0,360,66831921453,9063202560,0, 16.30, 360, 0, 0, 72.00, 405, 36, 23034, P8
1784881478.062357700,0,360,66831998303,9063286400,0, 16.35, 360, 0, 0, 72.00, 405, 36, 23034, P8
1784881478.685831517,0,360,66831998303,9063286400,0, 16.35, 360, 0, 0, 72.00, 405, 36, 23034, P8
1784881479.305969716,0,360,66832137879,9063429832,0, 16.35, 360, 0, 0, 72.00, 405, 36, 23034, P8
1784881479.929484034,0,360,66832389193,9063682884,0, 16.35, 360, 0, 0, 72.00, 405, 36, 23034, P8
