unix_ts,workload_seq,target_freq_mhz,rx_bytes,tx_bytes,gpu_util_pct,gpu_power_w,gpu_sm_mhz,gpu_memory_used_mib,gpu_mem_util_pct,gpu_power_limit_w,gpu_mem_clock_mhz,gpu_temperature_c,gpu_memory_total_mib,gpu_pstate
1784881476.684008920,0,480,47619830746,49698847787,0, 31.38, 210, 0, 0, 350.00, 405, 25, 46068, P0
1784881477.265493099,0,480,47619871496,49698879081,0, 45.09, 480, 0, 0, 350.00, 9001, 25, 46068, P0
1784881477.848595320,0,480,47619871496,49698879081,0, 58.79, 480, 0, 0, 350.00, 9001, 25, 46068, P0
1784881478.430419125,0,480,47619932396,49698945835,0, 58.79, 480, 0, 0, 350.00, 9001, 25, 46068, P0
1784881479.010980298,0,480,47620155940,49699171233,0, 58.85, 480, 0, 0, 350.00, 9001, 25, 46068, P0
1784881479.593867848,0,480,47620155940,49699171233,0, 58.85, 480, 0, 0, 350.00, 9001, 25, 46068, P0
