unix_ns,monotonic_ns,window_id,request_id,attempt,event,http_status,detail
1785511843936527389,1137213980056528,phase2-full-grid-rerun-20260731-l4-l4-tp1-f2040-i32-o32-r10-rep3-seg1-attempt2,phase2-full-grid-rerun-20260731-l4-l4-tp1-f2040-i32-o32-r10-rep3-seg1-attempt2-00000-1a6a64fb81af,0,client_ready,,
1785511843940920906,1137213984449949,phase2-full-grid-rerun-20260731-l4-l4-tp1-f2040-i32-o32-r10-rep3-seg1-attempt2,phase2-full-grid-rerun-20260731-l4-l4-tp1-f2040-i32-o32-r10-rep3-seg1-attempt2-00000-1a6a64fb81af,0,semaphore_acquired,,
1785511843942813848,1137213986343155,phase2-full-grid-rerun-20260731-l4-l4-tp1-f2040-i32-o32-r10-rep3-seg1-attempt2,phase2-full-grid-rerun-20260731-l4-l4-tp1-f2040-i32-o32-r10-rep3-seg1-attempt2-00000-1a6a64fb81af,1,attempt_send,,
1785511844025958165,1137214069487884,phase2-full-grid-rerun-20260731-l4-l4-tp1-f2040-i32-o32-r10-rep3-seg1-attempt2,phase2-full-grid-rerun-20260731-l4-l4-tp1-f2040-i32-o32-r10-rep3-seg1-attempt2-00001-77094d76695d,0,client_ready,,
1785511844029326006,1137214072856010,phase2-full-grid-rerun-20260731-l4-l4-tp1-f2040-i32-o32-r10-rep3-seg1-attempt2,phase2-full-grid-rerun-20260731-l4-l4-tp1-f2040-i32-o32-r10-rep3-seg1-attempt2-00001-77094d76695d,0,semaphore_acquired,,
1785511844032004132,1137214075534250,phase2-full-grid-rerun-20260731-l4-l4-tp1-f2040-i32-o32-r10-rep3-seg1-attempt2,phase2-full-grid-rerun-20260731-l4-l4-tp1-f2040-i32-o32-r10-rep3-seg1-attempt2-00001-77094d76695d,1,attempt_send,,
1785511844076802802,1137214120333107,phase2-full-grid-rerun-20260731-l4-l4-tp1-f2040-i32-o32-r10-rep3-seg1-attempt2,phase2-full-grid-rerun-20260731-l4-l4-tp1-f2040-i32-o32-r10-rep3-seg1-attempt2-00000-1a6a64fb81af,1,response_headers,200,response_request_id=phase2-full-grid-rerun-20260731-l4-l4-tp1-f2040-i32-o32-r10-rep3-seg1-attempt2-00000-1a6a64fb81af
1785511844081374159,1137214124903951,phase2-full-grid-rerun-20260731-l4-l4-tp1-f2040-i32-o32-r10-rep3-seg1-attempt2,phase2-full-grid-rerun-20260731-l4-l4-tp1-f2040-i32-o32-r10-rep3-seg1-attempt2-00001-77094d76695d,1,response_headers,200,response_request_id=phase2-full-grid-rerun-20260731-l4-l4-tp1-f2040-i32-o32-r10-rep3-seg1-attempt2-00001-77094d76695d
1785511844126594238,1137214170123961,phase2-full-grid-rerun-20260731-l4-l4-tp1-f2040-i32-o32-r10-rep3-seg1-attempt2,phase2-full-grid-rerun-20260731-l4-l4-tp1-f2040-i32-o32-r10-rep3-seg1-attempt2-00002-6df387e16d9c,0,client_ready,,
1785511844130759955,1137214174290103,phase2-full-grid-rerun-20260731-l4-l4-tp1-f2040-i32-o32-r10-rep3-seg1-attempt2,phase2-full-grid-rerun-20260731-l4-l4-tp1-f2040-i32-o32-r10-rep3-seg1-attempt2-00002-6df387e16d9c,0,semaphore_acquired,,
1785511844133794712,1137214177324254,phase2-full-grid-rerun-20260731-l4-l4-tp1-f2040-i32-o32-r10-rep3-seg1-attempt2,phase2-full-grid-rerun-20260731-l4-l4-tp1-f2040-i32-o32-r10-rep3-seg1-attempt2-00002-6df387e16d9c,1,attempt_send,,
1785511844142927760,1137214186457530,phase2-full-grid-rerun-20260731-l4-l4-tp1-f2040-i32-o32-r10-rep3-seg1-attempt2,phase2-full-grid-rerun-20260731-l4-l4-tp1-f2040-i32-o32-r10-rep3-seg1-attempt2-00002-6df387e16d9c,1,response_headers,200,response_request_id=phase2-full-grid-rerun-20260731-l4-l4-tp1-f2040-i32-o32-r10-rep3-seg1-attempt2-00002-6df387e16d9c
1785511844151339673,1137214194869326,phase2-full-grid-rerun-20260731-l4-l4-tp1-f2040-i32-o32-r10-rep3-seg1-attempt2,phase2-full-grid-rerun-20260731-l4-l4-tp1-f2040-i32-o32-r10-rep3-seg1-attempt2-00000-1a6a64fb81af,1,first_token,,
1785511844214272044,1137214257801742,phase2-full-grid-rerun-20260731-l4-l4-tp1-f2040-i32-o32-r10-rep3-seg1-attempt2,phase2-full-grid-rerun-20260731-l4-l4-tp1-f2040-i32-o32-r10-rep3-seg1-attempt2-00001-77094d76695d,1,first_token,,
1785511844226013172,1137214269542890,phase2-full-grid-rerun-20260731-l4-l4-tp1-f2040-i32-o32-r10-rep3-seg1-attempt2,phase2-full-grid-rerun-20260731-l4-l4-tp1-f2040-i32-o32-r10-rep3-seg1-attempt2-00003-bd57527795f1,0,client_ready,,
1785511844230170155,1137214273700294,phase2-full-grid-rerun-20260731-l4-l4-tp1-f2040-i32-o32-r10-rep3-seg1-attempt2,phase2-full-grid-rerun-20260731-l4-l4-tp1-f2040-i32-o32-r10-rep3-seg1-attempt2-00003-bd57527795f1,0,semaphore_acquired,,
1785511844233280236,1137214276810507,phase2-full-grid-rerun-20260731-l4-l4-tp1-f2040-i32-o32-r10-rep3-seg1-attempt2,phase2-full-grid-rerun-20260731-l4-l4-tp1-f2040-i32-o32-r10-rep3-seg1-attempt2-00003-bd57527795f1,1,attempt_send,,
1785511844242696169,1137214286225947,phase2-full-grid-rerun-20260731-l4-l4-tp1-f2040-i32-o32-r10-rep3-seg1-attempt2,phase2-full-grid-rerun-20260731-l4-l4-tp1-f2040-i32-o32-r10-rep3-seg1-attempt2-00003-bd57527795f1,1,response_headers,200,response_request_id=phase2-full-grid-rerun-20260731-l4-l4-tp1-f2040-i32-o32-r10-rep3-seg1-attempt2-00003-bd57527795f1
1785511844279144705,1137214322674379,phase2-full-grid-rerun-20260731-l4-l4-tp1-f2040-i32-o32-r10-rep3-seg1-attempt2,phase2-full-grid-rerun-20260731-l4-l4-tp1-f2040-i32-o32-r10-rep3-seg1-attempt2-00002-6df387e16d9c,1,first_token,,
1785511844326470716,1137214370024506,phase2-full-grid-rerun-20260731-l4-l4-tp1-f2040-i32-o32-r10-rep3-seg1-attempt2,phase2-full-grid-rerun-20260731-l4-l4-tp1-f2040-i32-o32-r10-rep3-seg1-attempt2-00004-fe1826d49edb,0,client_ready,,
1785511844330614723,1137214374144848,phase2-full-grid-rerun-20260731-l4-l4-tp1-f2040-i32-o32-r10-rep3-seg1-attempt2,phase2-full-grid-rerun-20260731-l4-l4-tp1-f2040-i32-o32-r10-rep3-seg1-attempt2-00004-fe1826d49edb,0,semaphore_acquired,,
1785511844333944248,1137214377475063,phase2-full-grid-rerun-20260731-l4-l4-tp1-f2040-i32-o32-r10-rep3-seg1-attempt2,phase2-full-grid-rerun-20260731-l4-l4-tp1-f2040-i32-o32-r10-rep3-seg1-attempt2-00004-fe1826d49edb,1,attempt_send,,
1785511844344569582,1137214388099373,phase2-full-grid-rerun-20260731-l4-l4-tp1-f2040-i32-o32-r10-rep3-seg1-attempt2,phase2-full-grid-rerun-20260731-l4-l4-tp1-f2040-i32-o32-r10-rep3-seg1-attempt2-00004-fe1826d49edb,1,response_headers,200,response_request_id=phase2-full-grid-rerun-20260731-l4-l4-tp1-f2040-i32-o32-r10-rep3-seg1-attempt2-00004-fe1826d49edb
1785511844400927275,1137214444457143,phase2-full-grid-rerun-20260731-l4-l4-tp1-f2040-i32-o32-r10-rep3-seg1-attempt2,phase2-full-grid-rerun-20260731-l4-l4-tp1-f2040-i32-o32-r10-rep3-seg1-attempt2-00003-bd57527795f1,1,first_token,,
1785511844425637430,1137214469167211,phase2-full-grid-rerun-20260731-l4-l4-tp1-f2040-i32-o32-r10-rep3-seg1-attempt2,phase2-full-grid-rerun-20260731-l4-l4-tp1-f2040-i32-o32-r10-rep3-seg1-attempt2-00005-fc57aa6b65ec,0,client_ready,,
1785511844429499980,1137214473030246,phase2-full-grid-rerun-20260731-l4-l4-tp1-f2040-i32-o32-r10-rep3-seg1-attempt2,phase2-full-grid-rerun-20260731-l4-l4-tp1-f2040-i32-o32-r10-rep3-seg1-attempt2-00005-fc57aa6b65ec,0,semaphore_acquired,,
1785511844432584170,1137214476114467,phase2-full-grid-rerun-20260731-l4-l4-tp1-f2040-i32-o32-r10-rep3-seg1-attempt2,phase2-full-grid-rerun-20260731-l4-l4-tp1-f2040-i32-o32-r10-rep3-seg1-attempt2-00005-fc57aa6b65ec,1,attempt_send,,
1785511844441787537,1137214485317402,phase2-full-grid-rerun-20260731-l4-l4-tp1-f2040-i32-o32-r10-rep3-seg1-attempt2,phase2-full-grid-rerun-20260731-l4-l4-tp1-f2040-i32-o32-r10-rep3-seg1-attempt2-00005-fc57aa6b65ec,1,response_headers,200,response_request_id=phase2-full-grid-rerun-20260731-l4-l4-tp1-f2040-i32-o32-r10-rep3-seg1-attempt2-00005-fc57aa6b65ec
1785511844522132071,1137214565661779,phase2-full-grid-rerun-20260731-l4-l4-tp1-f2040-i32-o32-r10-rep3-seg1-attempt2,phase2-full-grid-rerun-20260731-l4-l4-tp1-f2040-i32-o32-r10-rep3-seg1-attempt2-00004-fe1826d49edb,1,first_token,,
1785511844527408113,1137214570937938,phase2-full-grid-rerun-20260731-l4-l4-tp1-f2040-i32-o32-r10-rep3-seg1-attempt2,phase2-full-grid-rerun-20260731-l4-l4-tp1-f2040-i32-o32-r10-rep3-seg1-attempt2-00006-62b2ff2d446d,0,client_ready,,
1785511844530894823,1137214574424971,phase2-full-grid-rerun-20260731-l4-l4-tp1-f2040-i32-o32-r10-rep3-seg1-attempt2,phase2-full-grid-rerun-20260731-l4-l4-tp1-f2040-i32-o32-r10-rep3-seg1-attempt2-00006-62b2ff2d446d,0,semaphore_acquired,,
1785511844534270497,1137214577799982,phase2-full-grid-rerun-20260731-l4-l4-tp1-f2040-i32-o32-r10-rep3-seg1-attempt2,phase2-full-grid-rerun-20260731-l4-l4-tp1-f2040-i32-o32-r10-rep3-seg1-attempt2-00006-62b2ff2d446d,1,attempt_send,,
1785511844543120230,1137214586650015,phase2-full-grid-rerun-20260731-l4-l4-tp1-f2040-i32-o32-r10-rep3-seg1-attempt2,phase2-full-grid-rerun-20260731-l4-l4-tp1-f2040-i32-o32-r10-rep3-seg1-attempt2-00006-62b2ff2d446d,1,response_headers,200,response_request_id=phase2-full-grid-rerun-20260731-l4-l4-tp1-f2040-i32-o32-r10-rep3-seg1-attempt2-00006-62b2ff2d446d
1785511844587258695,1137214630788400,phase2-full-grid-rerun-20260731-l4-l4-tp1-f2040-i32-o32-r10-rep3-seg1-attempt2,phase2-full-grid-rerun-20260731-l4-l4-tp1-f2040-i32-o32-r10-rep3-seg1-attempt2-00005-fc57aa6b65ec,1,first_token,,
1785511844626043531,1137214669573399,phase2-full-grid-rerun-20260731-l4-l4-tp1-f2040-i32-o32-r10-rep3-seg1-attempt2,phase2-full-grid-rerun-20260731-l4-l4-tp1-f2040-i32-o32-r10-rep3-seg1-attempt2-00007-731f2b9d607b,0,client_ready,,
1785511844629451051,1137214672981206,phase2-full-grid-rerun-20260731-l4-l4-tp1-f2040-i32-o32-r10-rep3-seg1-attempt2,phase2-full-grid-rerun-20260731-l4-l4-tp1-f2040-i32-o32-r10-rep3-seg1-attempt2-00007-731f2b9d607b,0,semaphore_acquired,,
1785511844633117067,1137214676647213,phase2-full-grid-rerun-20260731-l4-l4-tp1-f2040-i32-o32-r10-rep3-seg1-attempt2,phase2-full-grid-rerun-20260731-l4-l4-tp1-f2040-i32-o32-r10-rep3-seg1-attempt2-00007-731f2b9d607b,1,attempt_send,,
1785511844647751882,1137214691281690,phase2-full-grid-rerun-20260731-l4-l4-tp1-f2040-i32-o32-r10-rep3-seg1-attempt2,phase2-full-grid-rerun-20260731-l4-l4-tp1-f2040-i32-o32-r10-rep3-seg1-attempt2-00007-731f2b9d607b,1,response_headers,200,response_request_id=phase2-full-grid-rerun-20260731-l4-l4-tp1-f2040-i32-o32-r10-rep3-seg1-attempt2-00007-731f2b9d607b
1785511844709689616,1137214753219407,phase2-full-grid-rerun-20260731-l4-l4-tp1-f2040-i32-o32-r10-rep3-seg1-attempt2,phase2-full-grid-rerun-20260731-l4-l4-tp1-f2040-i32-o32-r10-rep3-seg1-attempt2-00006-62b2ff2d446d,1,first_token,,
1785511844727533639,1137214771063580,phase2-full-grid-rerun-20260731-l4-l4-tp1-f2040-i32-o32-r10-rep3-seg1-attempt2,phase2-full-grid-rerun-20260731-l4-l4-tp1-f2040-i32-o32-r10-rep3-seg1-attempt2-00008-fe725e00d472,0,client_ready,,
1785511844730606697,1137214774136812,phase2-full-grid-rerun-20260731-l4-l4-tp1-f2040-i32-o32-r10-rep3-seg1-attempt2,phase2-full-grid-rerun-20260731-l4-l4-tp1-f2040-i32-o32-r10-rep3-seg1-attempt2-00008-fe725e00d472,0,semaphore_acquired,,
1785511844733238813,1137214776769087,phase2-full-grid-rerun-20260731-l4-l4-tp1-f2040-i32-o32-r10-rep3-seg1-attempt2,phase2-full-grid-rerun-20260731-l4-l4-tp1-f2040-i32-o32-r10-rep3-seg1-attempt2-00008-fe725e00d472,1,attempt_send,,
1785511844742626320,1137214786156228,phase2-full-grid-rerun-20260731-l4-l4-tp1-f2040-i32-o32-r10-rep3-seg1-attempt2,phase2-full-grid-rerun-20260731-l4-l4-tp1-f2040-i32-o32-r10-rep3-seg1-attempt2-00008-fe725e00d472,1,response_headers,200,response_request_id=phase2-full-grid-rerun-20260731-l4-l4-tp1-f2040-i32-o32-r10-rep3-seg1-attempt2-00008-fe725e00d472
1785511844825996331,1137214869526073,phase2-full-grid-rerun-20260731-l4-l4-tp1-f2040-i32-o32-r10-rep3-seg1-attempt2,phase2-full-grid-rerun-20260731-l4-l4-tp1-f2040-i32-o32-r10-rep3-seg1-attempt2-00009-6af8402ade8f,0,client_ready,,
1785511844829494754,1137214873024966,phase2-full-grid-rerun-20260731-l4-l4-tp1-f2040-i32-o32-r10-rep3-seg1-attempt2,phase2-full-grid-rerun-20260731-l4-l4-tp1-f2040-i32-o32-r10-rep3-seg1-attempt2-00009-6af8402ade8f,0,semaphore_acquired,,
1785511844832038554,1137214875568766,phase2-full-grid-rerun-20260731-l4-l4-tp1-f2040-i32-o32-r10-rep3-seg1-attempt2,phase2-full-grid-rerun-20260731-l4-l4-tp1-f2040-i32-o32-r10-rep3-seg1-attempt2-00009-6af8402ade8f,1,attempt_send,,
1785511844835569871,1137214879099341,phase2-full-grid-rerun-20260731-l4-l4-tp1-f2040-i32-o32-r10-rep3-seg1-attempt2,phase2-full-grid-rerun-20260731-l4-l4-tp1-f2040-i32-o32-r10-rep3-seg1-attempt2-00007-731f2b9d607b,1,first_token,,
1785511844843994003,1137214887523777,phase2-full-grid-rerun-20260731-l4-l4-tp1-f2040-i32-o32-r10-rep3-seg1-attempt2,phase2-full-grid-rerun-20260731-l4-l4-tp1-f2040-i32-o32-r10-rep3-seg1-attempt2-00009-6af8402ade8f,1,response_headers,200,response_request_id=phase2-full-grid-rerun-20260731-l4-l4-tp1-f2040-i32-o32-r10-rep3-seg1-attempt2-00009-6af8402ade8f
1785511844896648991,1137214940178648,phase2-full-grid-rerun-20260731-l4-l4-tp1-f2040-i32-o32-r10-rep3-seg1-attempt2,phase2-full-grid-rerun-20260731-l4-l4-tp1-f2040-i32-o32-r10-rep3-seg1-attempt2-00008-fe725e00d472,1,first_token,,
1785511844926258682,1137214969788577,phase2-full-grid-rerun-20260731-l4-l4-tp1-f2040-i32-o32-r10-rep3-seg1-attempt2,phase2-full-grid-rerun-20260731-l4-l4-tp1-f2040-i32-o32-r10-rep3-seg1-attempt2-00010-5fe40dd37034,0,client_ready,,
1785511844930560154,1137214974090359,phase2-full-grid-rerun-20260731-l4-l4-tp1-f2040-i32-o32-r10-rep3-seg1-attempt2,phase2-full-grid-rerun-20260731-l4-l4-tp1-f2040-i32-o32-r10-rep3-seg1-attempt2-00010-5fe40dd37034,0,semaphore_acquired,,
1785511844934018537,1137214977548755,phase2-full-grid-rerun-20260731-l4-l4-tp1-f2040-i32-o32-r10-rep3-seg1-attempt2,phase2-full-grid-rerun-20260731-l4-l4-tp1-f2040-i32-o32-r10-rep3-seg1-attempt2-00010-5fe40dd37034,1,attempt_send,,
1785511844942316657,1137214985846437,phase2-full-grid-rerun-20260731-l4-l4-tp1-f2040-i32-o32-r10-rep3-seg1-attempt2,phase2-full-grid-rerun-20260731-l4-l4-tp1-f2040-i32-o32-r10-rep3-seg1-attempt2-00010-5fe40dd37034,1,response_headers,200,response_request_id=phase2-full-grid-rerun-20260731-l4-l4-tp1-f2040-i32-o32-r10-rep3-seg1-attempt2-00010-5fe40dd37034
1785511845020006205,1137215063535930,phase2-full-grid-rerun-20260731-l4-l4-tp1-f2040-i32-o32-r10-rep3-seg1-attempt2,phase2-full-grid-rerun-20260731-l4-l4-tp1-f2040-i32-o32-r10-rep3-seg1-attempt2-00009-6af8402ade8f,1,first_token,,
1785511845025537568,1137215069067247,phase2-full-grid-rerun-20260731-l4-l4-tp1-f2040-i32-o32-r10-rep3-seg1-attempt2,phase2-full-grid-rerun-20260731-l4-l4-tp1-f2040-i32-o32-r10-rep3-seg1-attempt2-00011-aa1da63c3e04,0,client_ready,,
1785511845028456616,1137215071986708,phase2-full-grid-rerun-20260731-l4-l4-tp1-f2040-i32-o32-r10-rep3-seg1-attempt2,phase2-full-grid-rerun-20260731-l4-l4-tp1-f2040-i32-o32-r10-rep3-seg1-attempt2-00011-aa1da63c3e04,0,semaphore_acquired,,
1785511845030777768,1137215074307329,phase2-full-grid-rerun-20260731-l4-l4-tp1-f2040-i32-o32-r10-rep3-seg1-attempt2,phase2-full-grid-rerun-20260731-l4-l4-tp1-f2040-i32-o32-r10-rep3-seg1-attempt2-00011-aa1da63c3e04,1,attempt_send,,
1785511845038594526,1137215082124024,phase2-full-grid-rerun-20260731-l4-l4-tp1-f2040-i32-o32-r10-rep3-seg1-attempt2,phase2-full-grid-rerun-20260731-l4-l4-tp1-f2040-i32-o32-r10-rep3-seg1-attempt2-00011-aa1da63c3e04,1,response_headers,200,response_request_id=phase2-full-grid-rerun-20260731-l4-l4-tp1-f2040-i32-o32-r10-rep3-seg1-attempt2-00011-aa1da63c3e04
1785511845086693936,1137215130223744,phase2-full-grid-rerun-20260731-l4-l4-tp1-f2040-i32-o32-r10-rep3-seg1-attempt2,phase2-full-grid-rerun-20260731-l4-l4-tp1-f2040-i32-o32-r10-rep3-seg1-attempt2-00010-5fe40dd37034,1,first_token,,
1785511845126517122,1137215170047047,phase2-full-grid-rerun-20260731-l4-l4-tp1-f2040-i32-o32-r10-rep3-seg1-attempt2,phase2-full-grid-rerun-20260731-l4-l4-tp1-f2040-i32-o32-r10-rep3-seg1-attempt2-00012-a7fbe7c41ad4,0,client_ready,,
1785511845130433475,1137215173963601,phase2-full-grid-rerun-20260731-l4-l4-tp1-f2040-i32-o32-r10-rep3-seg1-attempt2,phase2-full-grid-rerun-20260731-l4-l4-tp1-f2040-i32-o32-r10-rep3-seg1-attempt2-00012-a7fbe7c41ad4,0,semaphore_acquired,,
1785511845133220089,1137215176750319,phase2-full-grid-rerun-20260731-l4-l4-tp1-f2040-i32-o32-r10-rep3-seg1-attempt2,phase2-full-grid-rerun-20260731-l4-l4-tp1-f2040-i32-o32-r10-rep3-seg1-attempt2-00012-a7fbe7c41ad4,1,attempt_send,,
1785511845142187252,1137215185716872,phase2-full-grid-rerun-20260731-l4-l4-tp1-f2040-i32-o32-r10-rep3-seg1-attempt2,phase2-full-grid-rerun-20260731-l4-l4-tp1-f2040-i32-o32-r10-rep3-seg1-attempt2-00012-a7fbe7c41ad4,1,response_headers,200,response_request_id=phase2-full-grid-rerun-20260731-l4-l4-tp1-f2040-i32-o32-r10-rep3-seg1-attempt2-00012-a7fbe7c41ad4
1785511845211262013,1137215254791801,phase2-full-grid-rerun-20260731-l4-l4-tp1-f2040-i32-o32-r10-rep3-seg1-attempt2,phase2-full-grid-rerun-20260731-l4-l4-tp1-f2040-i32-o32-r10-rep3-seg1-attempt2-00011-aa1da63c3e04,1,first_token,,
1785511845226431812,1137215269961504,phase2-full-grid-rerun-20260731-l4-l4-tp1-f2040-i32-o32-r10-rep3-seg1-attempt2,phase2-full-grid-rerun-20260731-l4-l4-tp1-f2040-i32-o32-r10-rep3-seg1-attempt2-00013-3db24557bf6d,0,client_ready,,
1785511845230017494,1137215273547623,phase2-full-grid-rerun-20260731-l4-l4-tp1-f2040-i32-o32-r10-rep3-seg1-attempt2,phase2-full-grid-rerun-20260731-l4-l4-tp1-f2040-i32-o32-r10-rep3-seg1-attempt2-00013-3db24557bf6d,0,semaphore_acquired,,
1785511845232607181,1137215276136993,phase2-full-grid-rerun-20260731-l4-l4-tp1-f2040-i32-o32-r10-rep3-seg1-attempt2,phase2-full-grid-rerun-20260731-l4-l4-tp1-f2040-i32-o32-r10-rep3-seg1-attempt2-00013-3db24557bf6d,1,attempt_send,,
1785511845241390573,1137215284920308,phase2-full-grid-rerun-20260731-l4-l4-tp1-f2040-i32-o32-r10-rep3-seg1-attempt2,phase2-full-grid-rerun-20260731-l4-l4-tp1-f2040-i32-o32-r10-rep3-seg1-attempt2-00013-3db24557bf6d,1,response_headers,200,response_request_id=phase2-full-grid-rerun-20260731-l4-l4-tp1-f2040-i32-o32-r10-rep3-seg1-attempt2-00013-3db24557bf6d
1785511845326573855,1137215370103644,phase2-full-grid-rerun-20260731-l4-l4-tp1-f2040-i32-o32-r10-rep3-seg1-attempt2,phase2-full-grid-rerun-20260731-l4-l4-tp1-f2040-i32-o32-r10-rep3-seg1-attempt2-00014-4f17f33bf123,0,client_ready,,
1785511845330518497,1137215374048702,phase2-full-grid-rerun-20260731-l4-l4-tp1-f2040-i32-o32-r10-rep3-seg1-attempt2,phase2-full-grid-rerun-20260731-l4-l4-tp1-f2040-i32-o32-r10-rep3-seg1-attempt2-00014-4f17f33bf123,0,semaphore_acquired,,
1785511845333141394,1137215376671550,phase2-full-grid-rerun-20260731-l4-l4-tp1-f2040-i32-o32-r10-rep3-seg1-attempt2,phase2-full-grid-rerun-20260731-l4-l4-tp1-f2040-i32-o32-r10-rep3-seg1-attempt2-00014-4f17f33bf123,1,attempt_send,,
1785511845337588044,1137215381117492,phase2-full-grid-rerun-20260731-l4-l4-tp1-f2040-i32-o32-r10-rep3-seg1-attempt2,phase2-full-grid-rerun-20260731-l4-l4-tp1-f2040-i32-o32-r10-rep3-seg1-attempt2-00012-a7fbe7c41ad4,1,first_token,,
1785511845345860292,1137215389390044,phase2-full-grid-rerun-20260731-l4-l4-tp1-f2040-i32-o32-r10-rep3-seg1-attempt2,phase2-full-grid-rerun-20260731-l4-l4-tp1-f2040-i32-o32-r10-rep3-seg1-attempt2-00014-4f17f33bf123,1,response_headers,200,response_request_id=phase2-full-grid-rerun-20260731-l4-l4-tp1-f2040-i32-o32-r10-rep3-seg1-attempt2-00014-4f17f33bf123
1785511845401315367,1137215444845148,phase2-full-grid-rerun-20260731-l4-l4-tp1-f2040-i32-o32-r10-rep3-seg1-attempt2,phase2-full-grid-rerun-20260731-l4-l4-tp1-f2040-i32-o32-r10-rep3-seg1-attempt2-00013-3db24557bf6d,1,first_token,,
1785511845426344274,1137215469873959,phase2-full-grid-rerun-20260731-l4-l4-tp1-f2040-i32-o32-r10-rep3-seg1-attempt2,phase2-full-grid-rerun-20260731-l4-l4-tp1-f2040-i32-o32-r10-rep3-seg1-attempt2-00015-4a97728e80f2,0,client_ready,,
1785511845429787775,1137215473317930,phase2-full-grid-rerun-20260731-l4-l4-tp1-f2040-i32-o32-r10-rep3-seg1-attempt2,phase2-full-grid-rerun-20260731-l4-l4-tp1-f2040-i32-o32-r10-rep3-seg1-attempt2-00015-4a97728e80f2,0,semaphore_acquired,,
1785511845432373827,1137215475904079,phase2-full-grid-rerun-20260731-l4-l4-tp1-f2040-i32-o32-r10-rep3-seg1-attempt2,phase2-full-grid-rerun-20260731-l4-l4-tp1-f2040-i32-o32-r10-rep3-seg1-attempt2-00015-4a97728e80f2,1,attempt_send,,
1785511845440785303,1137215484315032,phase2-full-grid-rerun-20260731-l4-l4-tp1-f2040-i32-o32-r10-rep3-seg1-attempt2,phase2-full-grid-rerun-20260731-l4-l4-tp1-f2040-i32-o32-r10-rep3-seg1-attempt2-00015-4a97728e80f2,1,response_headers,200,response_request_id=phase2-full-grid-rerun-20260731-l4-l4-tp1-f2040-i32-o32-r10-rep3-seg1-attempt2-00015-4a97728e80f2
1785511845525926496,1137215569456221,phase2-full-grid-rerun-20260731-l4-l4-tp1-f2040-i32-o32-r10-rep3-seg1-attempt2,phase2-full-grid-rerun-20260731-l4-l4-tp1-f2040-i32-o32-r10-rep3-seg1-attempt2-00014-4f17f33bf123,1,first_token,,
1785511845529945739,1137215573475394,phase2-full-grid-rerun-20260731-l4-l4-tp1-f2040-i32-o32-r10-rep3-seg1-attempt2,phase2-full-grid-rerun-20260731-l4-l4-tp1-f2040-i32-o32-r10-rep3-seg1-attempt2-00016-13087001d5aa,0,client_ready,,
1785511845532553564,1137215576083739,phase2-full-grid-rerun-20260731-l4-l4-tp1-f2040-i32-o32-r10-rep3-seg1-attempt2,phase2-full-grid-rerun-20260731-l4-l4-tp1-f2040-i32-o32-r10-rep3-seg1-attempt2-00016-13087001d5aa,0,semaphore_acquired,,
1785511845534742824,1137215578272519,phase2-full-grid-rerun-20260731-l4-l4-tp1-f2040-i32-o32-r10-rep3-seg1-attempt2,phase2-full-grid-rerun-20260731-l4-l4-tp1-f2040-i32-o32-r10-rep3-seg1-attempt2-00016-13087001d5aa,1,attempt_send,,
1785511845542895584,1137215586425319,phase2-full-grid-rerun-20260731-l4-l4-tp1-f2040-i32-o32-r10-rep3-seg1-attempt2,phase2-full-grid-rerun-20260731-l4-l4-tp1-f2040-i32-o32-r10-rep3-seg1-attempt2-00016-13087001d5aa,1,response_headers,200,response_request_id=phase2-full-grid-rerun-20260731-l4-l4-tp1-f2040-i32-o32-r10-rep3-seg1-attempt2-00016-13087001d5aa
1785511845590825232,1137215634355027,phase2-full-grid-rerun-20260731-l4-l4-tp1-f2040-i32-o32-r10-rep3-seg1-attempt2,phase2-full-grid-rerun-20260731-l4-l4-tp1-f2040-i32-o32-r10-rep3-seg1-attempt2-00015-4a97728e80f2,1,first_token,,
1785511845626423816,1137215669953774,phase2-full-grid-rerun-20260731-l4-l4-tp1-f2040-i32-o32-r10-rep3-seg1-attempt2,phase2-full-grid-rerun-20260731-l4-l4-tp1-f2040-i32-o32-r10-rep3-seg1-attempt2-00017-93b938c7cd5d,0,client_ready,,
1785511845630258025,1137215673788152,phase2-full-grid-rerun-20260731-l4-l4-tp1-f2040-i32-o32-r10-rep3-seg1-attempt2,phase2-full-grid-rerun-20260731-l4-l4-tp1-f2040-i32-o32-r10-rep3-seg1-attempt2-00017-93b938c7cd5d,0,semaphore_acquired,,
1785511845632651810,1137215676181846,phase2-full-grid-rerun-20260731-l4-l4-tp1-f2040-i32-o32-r10-rep3-seg1-attempt2,phase2-full-grid-rerun-20260731-l4-l4-tp1-f2040-i32-o32-r10-rep3-seg1-attempt2-00017-93b938c7cd5d,1,attempt_send,,
1785511845641624736,1137215685154591,phase2-full-grid-rerun-20260731-l4-l4-tp1-f2040-i32-o32-r10-rep3-seg1-attempt2,phase2-full-grid-rerun-20260731-l4-l4-tp1-f2040-i32-o32-r10-rep3-seg1-attempt2-00017-93b938c7cd5d,1,response_headers,200,response_request_id=phase2-full-grid-rerun-20260731-l4-l4-tp1-f2040-i32-o32-r10-rep3-seg1-attempt2-00017-93b938c7cd5d
1785511845716398285,1137215759927990,phase2-full-grid-rerun-20260731-l4-l4-tp1-f2040-i32-o32-r10-rep3-seg1-attempt2,phase2-full-grid-rerun-20260731-l4-l4-tp1-f2040-i32-o32-r10-rep3-seg1-attempt2-00016-13087001d5aa,1,first_token,,
1785511845726345697,1137215769875402,phase2-full-grid-rerun-20260731-l4-l4-tp1-f2040-i32-o32-r10-rep3-seg1-attempt2,phase2-full-grid-rerun-20260731-l4-l4-tp1-f2040-i32-o32-r10-rep3-seg1-attempt2-00018-589d2802bc76,0,client_ready,,
1785511845729764643,1137215773294818,phase2-full-grid-rerun-20260731-l4-l4-tp1-f2040-i32-o32-r10-rep3-seg1-attempt2,phase2-full-grid-rerun-20260731-l4-l4-tp1-f2040-i32-o32-r10-rep3-seg1-attempt2-00018-589d2802bc76,0,semaphore_acquired,,
1785511845732599727,1137215776129496,phase2-full-grid-rerun-20260731-l4-l4-tp1-f2040-i32-o32-r10-rep3-seg1-attempt2,phase2-full-grid-rerun-20260731-l4-l4-tp1-f2040-i32-o32-r10-rep3-seg1-attempt2-00018-589d2802bc76,1,attempt_send,,
1785511845740750988,1137215784280811,phase2-full-grid-rerun-20260731-l4-l4-tp1-f2040-i32-o32-r10-rep3-seg1-attempt2,phase2-full-grid-rerun-20260731-l4-l4-tp1-f2040-i32-o32-r10-rep3-seg1-attempt2-00018-589d2802bc76,1,response_headers,200,response_request_id=phase2-full-grid-rerun-20260731-l4-l4-tp1-f2040-i32-o32-r10-rep3-seg1-attempt2-00018-589d2802bc76
1785511845782281479,1137215825811199,phase2-full-grid-rerun-20260731-l4-l4-tp1-f2040-i32-o32-r10-rep3-seg1-attempt2,phase2-full-grid-rerun-20260731-l4-l4-tp1-f2040-i32-o32-r10-rep3-seg1-attempt2-00017-93b938c7cd5d,1,first_token,,
1785511845826345325,1137215869875003,phase2-full-grid-rerun-20260731-l4-l4-tp1-f2040-i32-o32-r10-rep3-seg1-attempt2,phase2-full-grid-rerun-20260731-l4-l4-tp1-f2040-i32-o32-r10-rep3-seg1-attempt2-00019-8c5e93a1b69a,0,client_ready,,
1785511845830519917,1137215874050112,phase2-full-grid-rerun-20260731-l4-l4-tp1-f2040-i32-o32-r10-rep3-seg1-attempt2,phase2-full-grid-rerun-20260731-l4-l4-tp1-f2040-i32-o32-r10-rep3-seg1-attempt2-00019-8c5e93a1b69a,0,semaphore_acquired,,
1785511845833345016,1137215876875263,phase2-full-grid-rerun-20260731-l4-l4-tp1-f2040-i32-o32-r10-rep3-seg1-attempt2,phase2-full-grid-rerun-20260731-l4-l4-tp1-f2040-i32-o32-r10-rep3-seg1-attempt2-00019-8c5e93a1b69a,1,attempt_send,,
1785511845844435713,1137215887965532,phase2-full-grid-rerun-20260731-l4-l4-tp1-f2040-i32-o32-r10-rep3-seg1-attempt2,phase2-full-grid-rerun-20260731-l4-l4-tp1-f2040-i32-o32-r10-rep3-seg1-attempt2-00019-8c5e93a1b69a,1,response_headers,200,response_request_id=phase2-full-grid-rerun-20260731-l4-l4-tp1-f2040-i32-o32-r10-rep3-seg1-attempt2-00019-8c5e93a1b69a
1785511845914627080,1137215958156875,phase2-full-grid-rerun-20260731-l4-l4-tp1-f2040-i32-o32-r10-rep3-seg1-attempt2,phase2-full-grid-rerun-20260731-l4-l4-tp1-f2040-i32-o32-r10-rep3-seg1-attempt2-00018-589d2802bc76,1,first_token,,
1785511845926373740,1137215969903552,phase2-full-grid-rerun-20260731-l4-l4-tp1-f2040-i32-o32-r10-rep3-seg1-attempt2,phase2-full-grid-rerun-20260731-l4-l4-tp1-f2040-i32-o32-r10-rep3-seg1-attempt2-00020-d19159396982,0,client_ready,,
1785511845929881726,1137215973411814,phase2-full-grid-rerun-20260731-l4-l4-tp1-f2040-i32-o32-r10-rep3-seg1-attempt2,phase2-full-grid-rerun-20260731-l4-l4-tp1-f2040-i32-o32-r10-rep3-seg1-attempt2-00020-d19159396982,0,semaphore_acquired,,
1785511845932505591,1137215976035668,phase2-full-grid-rerun-20260731-l4-l4-tp1-f2040-i32-o32-r10-rep3-seg1-attempt2,phase2-full-grid-rerun-20260731-l4-l4-tp1-f2040-i32-o32-r10-rep3-seg1-attempt2-00020-d19159396982,1,attempt_send,,
1785511845941003105,1137215984532800,phase2-full-grid-rerun-20260731-l4-l4-tp1-f2040-i32-o32-r10-rep3-seg1-attempt2,phase2-full-grid-rerun-20260731-l4-l4-tp1-f2040-i32-o32-r10-rep3-seg1-attempt2-00020-d19159396982,1,response_headers,200,response_request_id=phase2-full-grid-rerun-20260731-l4-l4-tp1-f2040-i32-o32-r10-rep3-seg1-attempt2-00020-d19159396982
1785511846025797963,1137216069327720,phase2-full-grid-rerun-20260731-l4-l4-tp1-f2040-i32-o32-r10-rep3-seg1-attempt2,phase2-full-grid-rerun-20260731-l4-l4-tp1-f2040-i32-o32-r10-rep3-seg1-attempt2-00021-72c253386af4,0,client_ready,,
1785511846029678001,1137216073208123,phase2-full-grid-rerun-20260731-l4-l4-tp1-f2040-i32-o32-r10-rep3-seg1-attempt2,phase2-full-grid-rerun-20260731-l4-l4-tp1-f2040-i32-o32-r10-rep3-seg1-attempt2-00021-72c253386af4,0,semaphore_acquired,,
1785511846032239883,1137216075770104,phase2-full-grid-rerun-20260731-l4-l4-tp1-f2040-i32-o32-r10-rep3-seg1-attempt2,phase2-full-grid-rerun-20260731-l4-l4-tp1-f2040-i32-o32-r10-rep3-seg1-attempt2-00021-72c253386af4,1,attempt_send,,
1785511846040680348,1137216084210090,phase2-full-grid-rerun-20260731-l4-l4-tp1-f2040-i32-o32-r10-rep3-seg1-attempt2,phase2-full-grid-rerun-20260731-l4-l4-tp1-f2040-i32-o32-r10-rep3-seg1-attempt2-00021-72c253386af4,1,response_headers,200,response_request_id=phase2-full-grid-rerun-20260731-l4-l4-tp1-f2040-i32-o32-r10-rep3-seg1-attempt2-00021-72c253386af4
1785511846044910301,1137216088439939,phase2-full-grid-rerun-20260731-l4-l4-tp1-f2040-i32-o32-r10-rep3-seg1-attempt2,phase2-full-grid-rerun-20260731-l4-l4-tp1-f2040-i32-o32-r10-rep3-seg1-attempt2-00019-8c5e93a1b69a,1,first_token,,
1785511846116225879,1137216159755714,phase2-full-grid-rerun-20260731-l4-l4-tp1-f2040-i32-o32-r10-rep3-seg1-attempt2,phase2-full-grid-rerun-20260731-l4-l4-tp1-f2040-i32-o32-r10-rep3-seg1-attempt2-00020-d19159396982,1,first_token,,
1785511846133746766,1137216177277168,phase2-full-grid-rerun-20260731-l4-l4-tp1-f2040-i32-o32-r10-rep3-seg1-attempt2,phase2-full-grid-rerun-20260731-l4-l4-tp1-f2040-i32-o32-r10-rep3-seg1-attempt2-00000-1a6a64fb81af,1,request_complete,200,
1785511846136351960,1137216179881560,phase2-full-grid-rerun-20260731-l4-l4-tp1-f2040-i32-o32-r10-rep3-seg1-attempt2,phase2-full-grid-rerun-20260731-l4-l4-tp1-f2040-i32-o32-r10-rep3-seg1-attempt2-00022-677472dec07d,0,client_ready,,
1785511846138267892,1137216181797063,phase2-full-grid-rerun-20260731-l4-l4-tp1-f2040-i32-o32-r10-rep3-seg1-attempt2,phase2-full-grid-rerun-20260731-l4-l4-tp1-f2040-i32-o32-r10-rep3-seg1-attempt2-00022-677472dec07d,0,semaphore_acquired,,
1785511846140268183,1137216183797465,phase2-full-grid-rerun-20260731-l4-l4-tp1-f2040-i32-o32-r10-rep3-seg1-attempt2,phase2-full-grid-rerun-20260731-l4-l4-tp1-f2040-i32-o32-r10-rep3-seg1-attempt2-00022-677472dec07d,1,attempt_send,,
1785511846147575670,1137216191105028,phase2-full-grid-rerun-20260731-l4-l4-tp1-f2040-i32-o32-r10-rep3-seg1-attempt2,phase2-full-grid-rerun-20260731-l4-l4-tp1-f2040-i32-o32-r10-rep3-seg1-attempt2-00022-677472dec07d,1,response_headers,200,response_request_id=phase2-full-grid-rerun-20260731-l4-l4-tp1-f2040-i32-o32-r10-rep3-seg1-attempt2-00022-677472dec07d
1785511846190358599,1137216233889110,phase2-full-grid-rerun-20260731-l4-l4-tp1-f2040-i32-o32-r10-rep3-seg1-attempt2,phase2-full-grid-rerun-20260731-l4-l4-tp1-f2040-i32-o32-r10-rep3-seg1-attempt2-00001-77094d76695d,1,request_complete,200,
1785511846225843957,1137216269373681,phase2-full-grid-rerun-20260731-l4-l4-tp1-f2040-i32-o32-r10-rep3-seg1-attempt2,phase2-full-grid-rerun-20260731-l4-l4-tp1-f2040-i32-o32-r10-rep3-seg1-attempt2-00023-5a5682900246,0,client_ready,,
1785511846229419157,1137216272949299,phase2-full-grid-rerun-20260731-l4-l4-tp1-f2040-i32-o32-r10-rep3-seg1-attempt2,phase2-full-grid-rerun-20260731-l4-l4-tp1-f2040-i32-o32-r10-rep3-seg1-attempt2-00023-5a5682900246,0,semaphore_acquired,,
1785511846232119966,1137216275650161,phase2-full-grid-rerun-20260731-l4-l4-tp1-f2040-i32-o32-r10-rep3-seg1-attempt2,phase2-full-grid-rerun-20260731-l4-l4-tp1-f2040-i32-o32-r10-rep3-seg1-attempt2-00023-5a5682900246,1,attempt_send,,
1785511846239426090,1137216282955625,phase2-full-grid-rerun-20260731-l4-l4-tp1-f2040-i32-o32-r10-rep3-seg1-attempt2,phase2-full-grid-rerun-20260731-l4-l4-tp1-f2040-i32-o32-r10-rep3-seg1-attempt2-00023-5a5682900246,1,response_headers,200,response_request_id=phase2-full-grid-rerun-20260731-l4-l4-tp1-f2040-i32-o32-r10-rep3-seg1-attempt2-00023-5a5682900246
1785511846247714392,1137216291244082,phase2-full-grid-rerun-20260731-l4-l4-tp1-f2040-i32-o32-r10-rep3-seg1-attempt2,phase2-full-grid-rerun-20260731-l4-l4-tp1-f2040-i32-o32-r10-rep3-seg1-attempt2-00021-72c253386af4,1,first_token,,
1785511846260467305,1137216303997174,phase2-full-grid-rerun-20260731-l4-l4-tp1-f2040-i32-o32-r10-rep3-seg1-attempt2,phase2-full-grid-rerun-20260731-l4-l4-tp1-f2040-i32-o32-r10-rep3-seg1-attempt2-00002-6df387e16d9c,1,request_complete,200,
1785511846312788530,1137216356318198,phase2-full-grid-rerun-20260731-l4-l4-tp1-f2040-i32-o32-r10-rep3-seg1-attempt2,phase2-full-grid-rerun-20260731-l4-l4-tp1-f2040-i32-o32-r10-rep3-seg1-attempt2-00022-677472dec07d,1,first_token,,
1785511846325585640,1137216369115598,phase2-full-grid-rerun-20260731-l4-l4-tp1-f2040-i32-o32-r10-rep3-seg1-attempt2,phase2-full-grid-rerun-20260731-l4-l4-tp1-f2040-i32-o32-r10-rep3-seg1-attempt2-00024-bcad5acf4c43,0,client_ready,,
1785511846328877624,1137216372407760,phase2-full-grid-rerun-20260731-l4-l4-tp1-f2040-i32-o32-r10-rep3-seg1-attempt2,phase2-full-grid-rerun-20260731-l4-l4-tp1-f2040-i32-o32-r10-rep3-seg1-attempt2-00024-bcad5acf4c43,0,semaphore_acquired,,
1785511846331554827,1137216375084556,phase2-full-grid-rerun-20260731-l4-l4-tp1-f2040-i32-o32-r10-rep3-seg1-attempt2,phase2-full-grid-rerun-20260731-l4-l4-tp1-f2040-i32-o32-r10-rep3-seg1-attempt2-00024-bcad5acf4c43,1,attempt_send,,
1785511846338908393,1137216382438181,phase2-full-grid-rerun-20260731-l4-l4-tp1-f2040-i32-o32-r10-rep3-seg1-attempt2,phase2-full-grid-rerun-20260731-l4-l4-tp1-f2040-i32-o32-r10-rep3-seg1-attempt2-00024-bcad5acf4c43,1,response_headers,200,response_request_id=phase2-full-grid-rerun-20260731-l4-l4-tp1-f2040-i32-o32-r10-rep3-seg1-attempt2-00024-bcad5acf4c43
1785511846395134401,1137216438664936,phase2-full-grid-rerun-20260731-l4-l4-tp1-f2040-i32-o32-r10-rep3-seg1-attempt2,phase2-full-grid-rerun-20260731-l4-l4-tp1-f2040-i32-o32-r10-rep3-seg1-attempt2-00003-bd57527795f1,1,request_complete,200,
1785511846425796716,1137216469326479,phase2-full-grid-rerun-20260731-l4-l4-tp1-f2040-i32-o32-r10-rep3-seg1-attempt2,phase2-full-grid-rerun-20260731-l4-l4-tp1-f2040-i32-o32-r10-rep3-seg1-attempt2-00025-467cb0fa8ee9,0,client_ready,,
1785511846429188550,1137216472718973,phase2-full-grid-rerun-20260731-l4-l4-tp1-f2040-i32-o32-r10-rep3-seg1-attempt2,phase2-full-grid-rerun-20260731-l4-l4-tp1-f2040-i32-o32-r10-rep3-seg1-attempt2-00025-467cb0fa8ee9,0,semaphore_acquired,,
1785511846431781703,1137216475311638,phase2-full-grid-rerun-20260731-l4-l4-tp1-f2040-i32-o32-r10-rep3-seg1-attempt2,phase2-full-grid-rerun-20260731-l4-l4-tp1-f2040-i32-o32-r10-rep3-seg1-attempt2-00025-467cb0fa8ee9,1,attempt_send,,
1785511846439318694,1137216482848436,phase2-full-grid-rerun-20260731-l4-l4-tp1-f2040-i32-o32-r10-rep3-seg1-attempt2,phase2-full-grid-rerun-20260731-l4-l4-tp1-f2040-i32-o32-r10-rep3-seg1-attempt2-00025-467cb0fa8ee9,1,response_headers,200,response_request_id=phase2-full-grid-rerun-20260731-l4-l4-tp1-f2040-i32-o32-r10-rep3-seg1-attempt2-00025-467cb0fa8ee9
1785511846443888229,1137216487417771,phase2-full-grid-rerun-20260731-l4-l4-tp1-f2040-i32-o32-r10-rep3-seg1-attempt2,phase2-full-grid-rerun-20260731-l4-l4-tp1-f2040-i32-o32-r10-rep3-seg1-attempt2-00023-5a5682900246,1,first_token,,
1785511846512363551,1137216555893413,phase2-full-grid-rerun-20260731-l4-l4-tp1-f2040-i32-o32-r10-rep3-seg1-attempt2,phase2-full-grid-rerun-20260731-l4-l4-tp1-f2040-i32-o32-r10-rep3-seg1-attempt2-00024-bcad5acf4c43,1,first_token,,
1785511846527249119,1137216570779634,phase2-full-grid-rerun-20260731-l4-l4-tp1-f2040-i32-o32-r10-rep3-seg1-attempt2,phase2-full-grid-rerun-20260731-l4-l4-tp1-f2040-i32-o32-r10-rep3-seg1-attempt2-00004-fe1826d49edb,1,request_complete,200,
1785511846529117673,1137216572647046,phase2-full-grid-rerun-20260731-l4-l4-tp1-f2040-i32-o32-r10-rep3-seg1-attempt2,phase2-full-grid-rerun-20260731-l4-l4-tp1-f2040-i32-o32-r10-rep3-seg1-attempt2-00026-48bb792f745d,0,client_ready,,
1785511846530651995,1137216574181190,phase2-full-grid-rerun-20260731-l4-l4-tp1-f2040-i32-o32-r10-rep3-seg1-attempt2,phase2-full-grid-rerun-20260731-l4-l4-tp1-f2040-i32-o32-r10-rep3-seg1-attempt2-00026-48bb792f745d,0,semaphore_acquired,,
1785511846532043693,1137216575572945,phase2-full-grid-rerun-20260731-l4-l4-tp1-f2040-i32-o32-r10-rep3-seg1-attempt2,phase2-full-grid-rerun-20260731-l4-l4-tp1-f2040-i32-o32-r10-rep3-seg1-attempt2-00026-48bb792f745d,1,attempt_send,,
1785511846538466434,1137216581995899,phase2-full-grid-rerun-20260731-l4-l4-tp1-f2040-i32-o32-r10-rep3-seg1-attempt2,phase2-full-grid-rerun-20260731-l4-l4-tp1-f2040-i32-o32-r10-rep3-seg1-attempt2-00026-48bb792f745d,1,response_headers,200,response_request_id=phase2-full-grid-rerun-20260731-l4-l4-tp1-f2040-i32-o32-r10-rep3-seg1-attempt2-00026-48bb792f745d
1785511846587836143,1137216631366695,phase2-full-grid-rerun-20260731-l4-l4-tp1-f2040-i32-o32-r10-rep3-seg1-attempt2,phase2-full-grid-rerun-20260731-l4-l4-tp1-f2040-i32-o32-r10-rep3-seg1-attempt2-00005-fc57aa6b65ec,1,request_complete,200,
1785511846627104113,1137216670633891,phase2-full-grid-rerun-20260731-l4-l4-tp1-f2040-i32-o32-r10-rep3-seg1-attempt2,phase2-full-grid-rerun-20260731-l4-l4-tp1-f2040-i32-o32-r10-rep3-seg1-attempt2-00027-7905cfd9630e,0,client_ready,,
1785511846630634122,1137216674164290,phase2-full-grid-rerun-20260731-l4-l4-tp1-f2040-i32-o32-r10-rep3-seg1-attempt2,phase2-full-grid-rerun-20260731-l4-l4-tp1-f2040-i32-o32-r10-rep3-seg1-attempt2-00027-7905cfd9630e,0,semaphore_acquired,,
1785511846633194752,1137216676724947,phase2-full-grid-rerun-20260731-l4-l4-tp1-f2040-i32-o32-r10-rep3-seg1-attempt2,phase2-full-grid-rerun-20260731-l4-l4-tp1-f2040-i32-o32-r10-rep3-seg1-attempt2-00027-7905cfd9630e,1,attempt_send,,
1785511846643170315,1137216686700087,phase2-full-grid-rerun-20260731-l4-l4-tp1-f2040-i32-o32-r10-rep3-seg1-attempt2,phase2-full-grid-rerun-20260731-l4-l4-tp1-f2040-i32-o32-r10-rep3-seg1-attempt2-00025-467cb0fa8ee9,1,first_token,,
1785511846648237848,1137216691767366,phase2-full-grid-rerun-20260731-l4-l4-tp1-f2040-i32-o32-r10-rep3-seg1-attempt2,phase2-full-grid-rerun-20260731-l4-l4-tp1-f2040-i32-o32-r10-rep3-seg1-attempt2-00027-7905cfd9630e,1,response_headers,200,response_request_id=phase2-full-grid-rerun-20260731-l4-l4-tp1-f2040-i32-o32-r10-rep3-seg1-attempt2-00027-7905cfd9630e
1785511846721159235,1137216764689557,phase2-full-grid-rerun-20260731-l4-l4-tp1-f2040-i32-o32-r10-rep3-seg1-attempt2,phase2-full-grid-rerun-20260731-l4-l4-tp1-f2040-i32-o32-r10-rep3-seg1-attempt2-00006-62b2ff2d446d,1,request_complete,200,
1785511846723849631,1137216767379230,phase2-full-grid-rerun-20260731-l4-l4-tp1-f2040-i32-o32-r10-rep3-seg1-attempt2,phase2-full-grid-rerun-20260731-l4-l4-tp1-f2040-i32-o32-r10-rep3-seg1-attempt2-00026-48bb792f745d,1,first_token,,
1785511846726825690,1137216770355141,phase2-full-grid-rerun-20260731-l4-l4-tp1-f2040-i32-o32-r10-rep3-seg1-attempt2,phase2-full-grid-rerun-20260731-l4-l4-tp1-f2040-i32-o32-r10-rep3-seg1-attempt2-00028-37a418b23238,0,client_ready,,
1785511846729040837,1137216772570124,phase2-full-grid-rerun-20260731-l4-l4-tp1-f2040-i32-o32-r10-rep3-seg1-attempt2,phase2-full-grid-rerun-20260731-l4-l4-tp1-f2040-i32-o32-r10-rep3-seg1-attempt2-00028-37a418b23238,0,semaphore_acquired,,
1785511846731040433,1137216774570128,phase2-full-grid-rerun-20260731-l4-l4-tp1-f2040-i32-o32-r10-rep3-seg1-attempt2,phase2-full-grid-rerun-20260731-l4-l4-tp1-f2040-i32-o32-r10-rep3-seg1-attempt2-00028-37a418b23238,1,attempt_send,,
1785511846738055287,1137216781584872,phase2-full-grid-rerun-20260731-l4-l4-tp1-f2040-i32-o32-r10-rep3-seg1-attempt2,phase2-full-grid-rerun-20260731-l4-l4-tp1-f2040-i32-o32-r10-rep3-seg1-attempt2-00028-37a418b23238,1,response_headers,200,response_request_id=phase2-full-grid-rerun-20260731-l4-l4-tp1-f2040-i32-o32-r10-rep3-seg1-attempt2-00028-37a418b23238
1785511846826029656,1137216869559561,phase2-full-grid-rerun-20260731-l4-l4-tp1-f2040-i32-o32-r10-rep3-seg1-attempt2,phase2-full-grid-rerun-20260731-l4-l4-tp1-f2040-i32-o32-r10-rep3-seg1-attempt2-00029-c49dd3968fbc,0,client_ready,,
1785511846830030538,1137216873560713,phase2-full-grid-rerun-20260731-l4-l4-tp1-f2040-i32-o32-r10-rep3-seg1-attempt2,phase2-full-grid-rerun-20260731-l4-l4-tp1-f2040-i32-o32-r10-rep3-seg1-attempt2-00029-c49dd3968fbc,0,semaphore_acquired,,
1785511846832933131,1137216876463321,phase2-full-grid-rerun-20260731-l4-l4-tp1-f2040-i32-o32-r10-rep3-seg1-attempt2,phase2-full-grid-rerun-20260731-l4-l4-tp1-f2040-i32-o32-r10-rep3-seg1-attempt2-00029-c49dd3968fbc,1,attempt_send,,
1785511846843352446,1137216886882194,phase2-full-grid-rerun-20260731-l4-l4-tp1-f2040-i32-o32-r10-rep3-seg1-attempt2,phase2-full-grid-rerun-20260731-l4-l4-tp1-f2040-i32-o32-r10-rep3-seg1-attempt2-00027-7905cfd9630e,1,first_token,,
1785511846854758358,1137216898288178,phase2-full-grid-rerun-20260731-l4-l4-tp1-f2040-i32-o32-r10-rep3-seg1-attempt2,phase2-full-grid-rerun-20260731-l4-l4-tp1-f2040-i32-o32-r10-rep3-seg1-attempt2-00007-731f2b9d607b,1,request_complete,200,
1785511846856722146,1137216900251691,phase2-full-grid-rerun-20260731-l4-l4-tp1-f2040-i32-o32-r10-rep3-seg1-attempt2,phase2-full-grid-rerun-20260731-l4-l4-tp1-f2040-i32-o32-r10-rep3-seg1-attempt2-00029-c49dd3968fbc,1,response_headers,200,response_request_id=phase2-full-grid-rerun-20260731-l4-l4-tp1-f2040-i32-o32-r10-rep3-seg1-attempt2-00029-c49dd3968fbc
1785511846908335714,1137216951865486,phase2-full-grid-rerun-20260731-l4-l4-tp1-f2040-i32-o32-r10-rep3-seg1-attempt2,phase2-full-grid-rerun-20260731-l4-l4-tp1-f2040-i32-o32-r10-rep3-seg1-attempt2-00028-37a418b23238,1,first_token,,
1785511846922118446,1137216965649013,phase2-full-grid-rerun-20260731-l4-l4-tp1-f2040-i32-o32-r10-rep3-seg1-attempt2,phase2-full-grid-rerun-20260731-l4-l4-tp1-f2040-i32-o32-r10-rep3-seg1-attempt2-00008-fe725e00d472,1,request_complete,200,
1785511846925865875,1137216969395503,phase2-full-grid-rerun-20260731-l4-l4-tp1-f2040-i32-o32-r10-rep3-seg1-attempt2,phase2-full-grid-rerun-20260731-l4-l4-tp1-f2040-i32-o32-r10-rep3-seg1-attempt2-00030-fb9410b748bc,0,client_ready,,
1785511846927853597,1137216971383058,phase2-full-grid-rerun-20260731-l4-l4-tp1-f2040-i32-o32-r10-rep3-seg1-attempt2,phase2-full-grid-rerun-20260731-l4-l4-tp1-f2040-i32-o32-r10-rep3-seg1-attempt2-00030-fb9410b748bc,0,semaphore_acquired,,
1785511846929546044,1137216973075503,phase2-full-grid-rerun-20260731-l4-l4-tp1-f2040-i32-o32-r10-rep3-seg1-attempt2,phase2-full-grid-rerun-20260731-l4-l4-tp1-f2040-i32-o32-r10-rep3-seg1-attempt2-00030-fb9410b748bc,1,attempt_send,,
1785511846936222736,1137216979752128,phase2-full-grid-rerun-20260731-l4-l4-tp1-f2040-i32-o32-r10-rep3-seg1-attempt2,phase2-full-grid-rerun-20260731-l4-l4-tp1-f2040-i32-o32-r10-rep3-seg1-attempt2-00030-fb9410b748bc,1,response_headers,200,response_request_id=phase2-full-grid-rerun-20260731-l4-l4-tp1-f2040-i32-o32-r10-rep3-seg1-attempt2-00030-fb9410b748bc
1785511847027459158,1137217070989092,phase2-full-grid-rerun-20260731-l4-l4-tp1-f2040-i32-o32-r10-rep3-seg1-attempt2,phase2-full-grid-rerun-20260731-l4-l4-tp1-f2040-i32-o32-r10-rep3-seg1-attempt2-00031-61e40e08772f,0,client_ready,,
1785511847030720707,1137217074250827,phase2-full-grid-rerun-20260731-l4-l4-tp1-f2040-i32-o32-r10-rep3-seg1-attempt2,phase2-full-grid-rerun-20260731-l4-l4-tp1-f2040-i32-o32-r10-rep3-seg1-attempt2-00031-61e40e08772f,0,semaphore_acquired,,
1785511847033041073,1137217076571191,phase2-full-grid-rerun-20260731-l4-l4-tp1-f2040-i32-o32-r10-rep3-seg1-attempt2,phase2-full-grid-rerun-20260731-l4-l4-tp1-f2040-i32-o32-r10-rep3-seg1-attempt2-00031-61e40e08772f,1,attempt_send,,
1785511847041583488,1137217085113096,phase2-full-grid-rerun-20260731-l4-l4-tp1-f2040-i32-o32-r10-rep3-seg1-attempt2,phase2-full-grid-rerun-20260731-l4-l4-tp1-f2040-i32-o32-r10-rep3-seg1-attempt2-00029-c49dd3968fbc,1,first_token,,
1785511847051216596,1137217094747086,phase2-full-grid-rerun-20260731-l4-l4-tp1-f2040-i32-o32-r10-rep3-seg1-attempt2,phase2-full-grid-rerun-20260731-l4-l4-tp1-f2040-i32-o32-r10-rep3-seg1-attempt2-00009-6af8402ade8f,1,request_complete,200,
1785511847054697277,1137217098226839,phase2-full-grid-rerun-20260731-l4-l4-tp1-f2040-i32-o32-r10-rep3-seg1-attempt2,phase2-full-grid-rerun-20260731-l4-l4-tp1-f2040-i32-o32-r10-rep3-seg1-attempt2-00031-61e40e08772f,1,response_headers,200,response_request_id=phase2-full-grid-rerun-20260731-l4-l4-tp1-f2040-i32-o32-r10-rep3-seg1-attempt2-00031-61e40e08772f
1785511847107570518,1137217151100202,phase2-full-grid-rerun-20260731-l4-l4-tp1-f2040-i32-o32-r10-rep3-seg1-attempt2,phase2-full-grid-rerun-20260731-l4-l4-tp1-f2040-i32-o32-r10-rep3-seg1-attempt2-00030-fb9410b748bc,1,first_token,,
1785511847120106988,1137217163637219,phase2-full-grid-rerun-20260731-l4-l4-tp1-f2040-i32-o32-r10-rep3-seg1-attempt2,phase2-full-grid-rerun-20260731-l4-l4-tp1-f2040-i32-o32-r10-rep3-seg1-attempt2-00010-5fe40dd37034,1,request_complete,200,
1785511847125979906,1137217169509384,phase2-full-grid-rerun-20260731-l4-l4-tp1-f2040-i32-o32-r10-rep3-seg1-attempt2,phase2-full-grid-rerun-20260731-l4-l4-tp1-f2040-i32-o32-r10-rep3-seg1-attempt2-00032-e44a9da705d9,0,client_ready,,
1785511847127704432,1137217171233607,phase2-full-grid-rerun-20260731-l4-l4-tp1-f2040-i32-o32-r10-rep3-seg1-attempt2,phase2-full-grid-rerun-20260731-l4-l4-tp1-f2040-i32-o32-r10-rep3-seg1-attempt2-00032-e44a9da705d9,0,semaphore_acquired,,
1785511847129252772,1137217172782117,phase2-full-grid-rerun-20260731-l4-l4-tp1-f2040-i32-o32-r10-rep3-seg1-attempt2,phase2-full-grid-rerun-20260731-l4-l4-tp1-f2040-i32-o32-r10-rep3-seg1-attempt2-00032-e44a9da705d9,1,attempt_send,,
1785511847136392481,1137217179921902,phase2-full-grid-rerun-20260731-l4-l4-tp1-f2040-i32-o32-r10-rep3-seg1-attempt2,phase2-full-grid-rerun-20260731-l4-l4-tp1-f2040-i32-o32-r10-rep3-seg1-attempt2-00032-e44a9da705d9,1,response_headers,200,response_request_id=phase2-full-grid-rerun-20260731-l4-l4-tp1-f2040-i32-o32-r10-rep3-seg1-attempt2-00032-e44a9da705d9
1785511847226763680,1137217270293803,phase2-full-grid-rerun-20260731-l4-l4-tp1-f2040-i32-o32-r10-rep3-seg1-attempt2,phase2-full-grid-rerun-20260731-l4-l4-tp1-f2040-i32-o32-r10-rep3-seg1-attempt2-00033-21015e7dbf43,0,client_ready,,
1785511847230548172,1137217274078320,phase2-full-grid-rerun-20260731-l4-l4-tp1-f2040-i32-o32-r10-rep3-seg1-attempt2,phase2-full-grid-rerun-20260731-l4-l4-tp1-f2040-i32-o32-r10-rep3-seg1-attempt2-00033-21015e7dbf43,0,semaphore_acquired,,
1785511847233080028,1137217276609920,phase2-full-grid-rerun-20260731-l4-l4-tp1-f2040-i32-o32-r10-rep3-seg1-attempt2,phase2-full-grid-rerun-20260731-l4-l4-tp1-f2040-i32-o32-r10-rep3-seg1-attempt2-00033-21015e7dbf43,1,attempt_send,,
1785511847242304658,1137217285834233,phase2-full-grid-rerun-20260731-l4-l4-tp1-f2040-i32-o32-r10-rep3-seg1-attempt2,phase2-full-grid-rerun-20260731-l4-l4-tp1-f2040-i32-o32-r10-rep3-seg1-attempt2-00031-61e40e08772f,1,first_token,,
1785511847254245396,1137217297774901,phase2-full-grid-rerun-20260731-l4-l4-tp1-f2040-i32-o32-r10-rep3-seg1-attempt2,phase2-full-grid-rerun-20260731-l4-l4-tp1-f2040-i32-o32-r10-rep3-seg1-attempt2-00011-aa1da63c3e04,1,request_complete,200,
1785511847256432438,1137217299961856,phase2-full-grid-rerun-20260731-l4-l4-tp1-f2040-i32-o32-r10-rep3-seg1-attempt2,phase2-full-grid-rerun-20260731-l4-l4-tp1-f2040-i32-o32-r10-rep3-seg1-attempt2-00033-21015e7dbf43,1,response_headers,200,response_request_id=phase2-full-grid-rerun-20260731-l4-l4-tp1-f2040-i32-o32-r10-rep3-seg1-attempt2-00033-21015e7dbf43
1785511847305332922,1137217348862580,phase2-full-grid-rerun-20260731-l4-l4-tp1-f2040-i32-o32-r10-rep3-seg1-attempt2,phase2-full-grid-rerun-20260731-l4-l4-tp1-f2040-i32-o32-r10-rep3-seg1-attempt2-00032-e44a9da705d9,1,first_token,,
1785511847325674970,1137217369204988,phase2-full-grid-rerun-20260731-l4-l4-tp1-f2040-i32-o32-r10-rep3-seg1-attempt2,phase2-full-grid-rerun-20260731-l4-l4-tp1-f2040-i32-o32-r10-rep3-seg1-attempt2-00034-118d6376bb7d,0,client_ready,,
1785511847329406398,1137217372936557,phase2-full-grid-rerun-20260731-l4-l4-tp1-f2040-i32-o32-r10-rep3-seg1-attempt2,phase2-full-grid-rerun-20260731-l4-l4-tp1-f2040-i32-o32-r10-rep3-seg1-attempt2-00034-118d6376bb7d,0,semaphore_acquired,,
1785511847332132061,1137217375662331,phase2-full-grid-rerun-20260731-l4-l4-tp1-f2040-i32-o32-r10-rep3-seg1-attempt2,phase2-full-grid-rerun-20260731-l4-l4-tp1-f2040-i32-o32-r10-rep3-seg1-attempt2-00034-118d6376bb7d,1,attempt_send,,
1785511847339946374,1137217383476243,phase2-full-grid-rerun-20260731-l4-l4-tp1-f2040-i32-o32-r10-rep3-seg1-attempt2,phase2-full-grid-rerun-20260731-l4-l4-tp1-f2040-i32-o32-r10-rep3-seg1-attempt2-00034-118d6376bb7d,1,response_headers,200,response_request_id=phase2-full-grid-rerun-20260731-l4-l4-tp1-f2040-i32-o32-r10-rep3-seg1-attempt2-00034-118d6376bb7d
1785511847382857577,1137217426388110,phase2-full-grid-rerun-20260731-l4-l4-tp1-f2040-i32-o32-r10-rep3-seg1-attempt2,phase2-full-grid-rerun-20260731-l4-l4-tp1-f2040-i32-o32-r10-rep3-seg1-attempt2-00012-a7fbe7c41ad4,1,request_complete,200,
1785511847425694352,1137217469224430,phase2-full-grid-rerun-20260731-l4-l4-tp1-f2040-i32-o32-r10-rep3-seg1-attempt2,phase2-full-grid-rerun-20260731-l4-l4-tp1-f2040-i32-o32-r10-rep3-seg1-attempt2-00035-5b187db2b8c6,0,client_ready,,
1785511847428550503,1137217472080660,phase2-full-grid-rerun-20260731-l4-l4-tp1-f2040-i32-o32-r10-rep3-seg1-attempt2,phase2-full-grid-rerun-20260731-l4-l4-tp1-f2040-i32-o32-r10-rep3-seg1-attempt2-00035-5b187db2b8c6,0,semaphore_acquired,,
1785511847430661361,1137217474191601,phase2-full-grid-rerun-20260731-l4-l4-tp1-f2040-i32-o32-r10-rep3-seg1-attempt2,phase2-full-grid-rerun-20260731-l4-l4-tp1-f2040-i32-o32-r10-rep3-seg1-attempt2-00035-5b187db2b8c6,1,attempt_send,,
1785511847447517137,1137217491046946,phase2-full-grid-rerun-20260731-l4-l4-tp1-f2040-i32-o32-r10-rep3-seg1-attempt2,phase2-full-grid-rerun-20260731-l4-l4-tp1-f2040-i32-o32-r10-rep3-seg1-attempt2-00013-3db24557bf6d,1,request_complete,200,
1785511847450299953,1137217493829458,phase2-full-grid-rerun-20260731-l4-l4-tp1-f2040-i32-o32-r10-rep3-seg1-attempt2,phase2-full-grid-rerun-20260731-l4-l4-tp1-f2040-i32-o32-r10-rep3-seg1-attempt2-00033-21015e7dbf43,1,first_token,,
1785511847452223298,1137217495752673,phase2-full-grid-rerun-20260731-l4-l4-tp1-f2040-i32-o32-r10-rep3-seg1-attempt2,phase2-full-grid-rerun-20260731-l4-l4-tp1-f2040-i32-o32-r10-rep3-seg1-attempt2-00035-5b187db2b8c6,1,response_headers,200,response_request_id=phase2-full-grid-rerun-20260731-l4-l4-tp1-f2040-i32-o32-r10-rep3-seg1-attempt2-00035-5b187db2b8c6
1785511847505506975,1137217549036780,phase2-full-grid-rerun-20260731-l4-l4-tp1-f2040-i32-o32-r10-rep3-seg1-attempt2,phase2-full-grid-rerun-20260731-l4-l4-tp1-f2040-i32-o32-r10-rep3-seg1-attempt2-00034-118d6376bb7d,1,first_token,,
1785511847525949952,1137217569479790,phase2-full-grid-rerun-20260731-l4-l4-tp1-f2040-i32-o32-r10-rep3-seg1-attempt2,phase2-full-grid-rerun-20260731-l4-l4-tp1-f2040-i32-o32-r10-rep3-seg1-attempt2-00036-a4ed015ff100,0,client_ready,,
1785511847529297575,1137217572827712,phase2-full-grid-rerun-20260731-l4-l4-tp1-f2040-i32-o32-r10-rep3-seg1-attempt2,phase2-full-grid-rerun-20260731-l4-l4-tp1-f2040-i32-o32-r10-rep3-seg1-attempt2-00036-a4ed015ff100,0,semaphore_acquired,,
1785511847531849854,1137217575380069,phase2-full-grid-rerun-20260731-l4-l4-tp1-f2040-i32-o32-r10-rep3-seg1-attempt2,phase2-full-grid-rerun-20260731-l4-l4-tp1-f2040-i32-o32-r10-rep3-seg1-attempt2-00036-a4ed015ff100,1,attempt_send,,
1785511847539153427,1137217582682872,phase2-full-grid-rerun-20260731-l4-l4-tp1-f2040-i32-o32-r10-rep3-seg1-attempt2,phase2-full-grid-rerun-20260731-l4-l4-tp1-f2040-i32-o32-r10-rep3-seg1-attempt2-00036-a4ed015ff100,1,response_headers,200,response_request_id=phase2-full-grid-rerun-20260731-l4-l4-tp1-f2040-i32-o32-r10-rep3-seg1-attempt2-00036-a4ed015ff100
1785511847582497149,1137217626027712,phase2-full-grid-rerun-20260731-l4-l4-tp1-f2040-i32-o32-r10-rep3-seg1-attempt2,phase2-full-grid-rerun-20260731-l4-l4-tp1-f2040-i32-o32-r10-rep3-seg1-attempt2-00014-4f17f33bf123,1,request_complete,200,
1785511847625957855,1137217669487753,phase2-full-grid-rerun-20260731-l4-l4-tp1-f2040-i32-o32-r10-rep3-seg1-attempt2,phase2-full-grid-rerun-20260731-l4-l4-tp1-f2040-i32-o32-r10-rep3-seg1-attempt2-00037-07c111e8db65,0,client_ready,,
1785511847629791125,1137217673321217,phase2-full-grid-rerun-20260731-l4-l4-tp1-f2040-i32-o32-r10-rep3-seg1-attempt2,phase2-full-grid-rerun-20260731-l4-l4-tp1-f2040-i32-o32-r10-rep3-seg1-attempt2-00037-07c111e8db65,0,semaphore_acquired,,
1785511847632348367,1137217675878588,phase2-full-grid-rerun-20260731-l4-l4-tp1-f2040-i32-o32-r10-rep3-seg1-attempt2,phase2-full-grid-rerun-20260731-l4-l4-tp1-f2040-i32-o32-r10-rep3-seg1-attempt2-00037-07c111e8db65,1,attempt_send,,
1785511847636632435,1137217680162027,phase2-full-grid-rerun-20260731-l4-l4-tp1-f2040-i32-o32-r10-rep3-seg1-attempt2,phase2-full-grid-rerun-20260731-l4-l4-tp1-f2040-i32-o32-r10-rep3-seg1-attempt2-00035-5b187db2b8c6,1,first_token,,
1785511847648542136,1137217692071938,phase2-full-grid-rerun-20260731-l4-l4-tp1-f2040-i32-o32-r10-rep3-seg1-attempt2,phase2-full-grid-rerun-20260731-l4-l4-tp1-f2040-i32-o32-r10-rep3-seg1-attempt2-00015-4a97728e80f2,1,request_complete,200,
1785511847650494701,1137217694024071,phase2-full-grid-rerun-20260731-l4-l4-tp1-f2040-i32-o32-r10-rep3-seg1-attempt2,phase2-full-grid-rerun-20260731-l4-l4-tp1-f2040-i32-o32-r10-rep3-seg1-attempt2-00037-07c111e8db65,1,response_headers,200,response_request_id=phase2-full-grid-rerun-20260731-l4-l4-tp1-f2040-i32-o32-r10-rep3-seg1-attempt2-00037-07c111e8db65
1785511847702641397,1137217746171099,phase2-full-grid-rerun-20260731-l4-l4-tp1-f2040-i32-o32-r10-rep3-seg1-attempt2,phase2-full-grid-rerun-20260731-l4-l4-tp1-f2040-i32-o32-r10-rep3-seg1-attempt2-00036-a4ed015ff100,1,first_token,,
1785511847727548042,1137217771077895,phase2-full-grid-rerun-20260731-l4-l4-tp1-f2040-i32-o32-r10-rep3-seg1-attempt2,phase2-full-grid-rerun-20260731-l4-l4-tp1-f2040-i32-o32-r10-rep3-seg1-attempt2-00038-18b3d03dce39,0,client_ready,,
1785511847730973384,1137217774503526,phase2-full-grid-rerun-20260731-l4-l4-tp1-f2040-i32-o32-r10-rep3-seg1-attempt2,phase2-full-grid-rerun-20260731-l4-l4-tp1-f2040-i32-o32-r10-rep3-seg1-attempt2-00038-18b3d03dce39,0,semaphore_acquired,,
1785511847733510391,1137217777040211,phase2-full-grid-rerun-20260731-l4-l4-tp1-f2040-i32-o32-r10-rep3-seg1-attempt2,phase2-full-grid-rerun-20260731-l4-l4-tp1-f2040-i32-o32-r10-rep3-seg1-attempt2-00038-18b3d03dce39,1,attempt_send,,
1785511847740934774,1137217784464536,phase2-full-grid-rerun-20260731-l4-l4-tp1-f2040-i32-o32-r10-rep3-seg1-attempt2,phase2-full-grid-rerun-20260731-l4-l4-tp1-f2040-i32-o32-r10-rep3-seg1-attempt2-00038-18b3d03dce39,1,response_headers,200,response_request_id=phase2-full-grid-rerun-20260731-l4-l4-tp1-f2040-i32-o32-r10-rep3-seg1-attempt2-00038-18b3d03dce39
1785511847781207848,1137217824738423,phase2-full-grid-rerun-20260731-l4-l4-tp1-f2040-i32-o32-r10-rep3-seg1-attempt2,phase2-full-grid-rerun-20260731-l4-l4-tp1-f2040-i32-o32-r10-rep3-seg1-attempt2-00016-13087001d5aa,1,request_complete,200,
1785511847825619785,1137217869149637,phase2-full-grid-rerun-20260731-l4-l4-tp1-f2040-i32-o32-r10-rep3-seg1-attempt2,phase2-full-grid-rerun-20260731-l4-l4-tp1-f2040-i32-o32-r10-rep3-seg1-attempt2-00039-647d070efcab,0,client_ready,,
1785511847829356588,1137217872886898,phase2-full-grid-rerun-20260731-l4-l4-tp1-f2040-i32-o32-r10-rep3-seg1-attempt2,phase2-full-grid-rerun-20260731-l4-l4-tp1-f2040-i32-o32-r10-rep3-seg1-attempt2-00039-647d070efcab,0,semaphore_acquired,,
1785511847831959000,1137217875489274,phase2-full-grid-rerun-20260731-l4-l4-tp1-f2040-i32-o32-r10-rep3-seg1-attempt2,phase2-full-grid-rerun-20260731-l4-l4-tp1-f2040-i32-o32-r10-rep3-seg1-attempt2-00039-647d070efcab,1,attempt_send,,
1785511847837646942,1137217881176513,phase2-full-grid-rerun-20260731-l4-l4-tp1-f2040-i32-o32-r10-rep3-seg1-attempt2,phase2-full-grid-rerun-20260731-l4-l4-tp1-f2040-i32-o32-r10-rep3-seg1-attempt2-00037-07c111e8db65,1,first_token,,
1785511847847786706,1137217891316432,phase2-full-grid-rerun-20260731-l4-l4-tp1-f2040-i32-o32-r10-rep3-seg1-attempt2,phase2-full-grid-rerun-20260731-l4-l4-tp1-f2040-i32-o32-r10-rep3-seg1-attempt2-00017-93b938c7cd5d,1,request_complete,200,
1785511847849835860,1137217893365378,phase2-full-grid-rerun-20260731-l4-l4-tp1-f2040-i32-o32-r10-rep3-seg1-attempt2,phase2-full-grid-rerun-20260731-l4-l4-tp1-f2040-i32-o32-r10-rep3-seg1-attempt2-00039-647d070efcab,1,response_headers,200,response_request_id=phase2-full-grid-rerun-20260731-l4-l4-tp1-f2040-i32-o32-r10-rep3-seg1-attempt2-00039-647d070efcab
1785511847902604458,1137217946134187,phase2-full-grid-rerun-20260731-l4-l4-tp1-f2040-i32-o32-r10-rep3-seg1-attempt2,phase2-full-grid-rerun-20260731-l4-l4-tp1-f2040-i32-o32-r10-rep3-seg1-attempt2-00038-18b3d03dce39,1,first_token,,
1785511847926576369,1137217970106152,phase2-full-grid-rerun-20260731-l4-l4-tp1-f2040-i32-o32-r10-rep3-seg1-attempt2,phase2-full-grid-rerun-20260731-l4-l4-tp1-f2040-i32-o32-r10-rep3-seg1-attempt2-00040-73f46f3ec550,0,client_ready,,
1785511847930424243,1137217973954373,phase2-full-grid-rerun-20260731-l4-l4-tp1-f2040-i32-o32-r10-rep3-seg1-attempt2,phase2-full-grid-rerun-20260731-l4-l4-tp1-f2040-i32-o32-r10-rep3-seg1-attempt2-00040-73f46f3ec550,0,semaphore_acquired,,
1785511847933024820,1137217976555109,phase2-full-grid-rerun-20260731-l4-l4-tp1-f2040-i32-o32-r10-rep3-seg1-attempt2,phase2-full-grid-rerun-20260731-l4-l4-tp1-f2040-i32-o32-r10-rep3-seg1-attempt2-00040-73f46f3ec550,1,attempt_send,,
1785511847940508159,1137217984037810,phase2-full-grid-rerun-20260731-l4-l4-tp1-f2040-i32-o32-r10-rep3-seg1-attempt2,phase2-full-grid-rerun-20260731-l4-l4-tp1-f2040-i32-o32-r10-rep3-seg1-attempt2-00040-73f46f3ec550,1,response_headers,200,response_request_id=phase2-full-grid-rerun-20260731-l4-l4-tp1-f2040-i32-o32-r10-rep3-seg1-attempt2-00040-73f46f3ec550
1785511847979893633,1137218023424015,phase2-full-grid-rerun-20260731-l4-l4-tp1-f2040-i32-o32-r10-rep3-seg1-attempt2,phase2-full-grid-rerun-20260731-l4-l4-tp1-f2040-i32-o32-r10-rep3-seg1-attempt2-00018-589d2802bc76,1,request_complete,200,
1785511848026241540,1137218069771575,phase2-full-grid-rerun-20260731-l4-l4-tp1-f2040-i32-o32-r10-rep3-seg1-attempt2,phase2-full-grid-rerun-20260731-l4-l4-tp1-f2040-i32-o32-r10-rep3-seg1-attempt2-00041-2d34497c0679,0,client_ready,,
1785511848030171317,1137218073701472,phase2-full-grid-rerun-20260731-l4-l4-tp1-f2040-i32-o32-r10-rep3-seg1-attempt2,phase2-full-grid-rerun-20260731-l4-l4-tp1-f2040-i32-o32-r10-rep3-seg1-attempt2-00041-2d34497c0679,0,semaphore_acquired,,
1785511848032820892,1137218076350604,phase2-full-grid-rerun-20260731-l4-l4-tp1-f2040-i32-o32-r10-rep3-seg1-attempt2,phase2-full-grid-rerun-20260731-l4-l4-tp1-f2040-i32-o32-r10-rep3-seg1-attempt2-00041-2d34497c0679,1,attempt_send,,
1785511848037647292,1137218081176727,phase2-full-grid-rerun-20260731-l4-l4-tp1-f2040-i32-o32-r10-rep3-seg1-attempt2,phase2-full-grid-rerun-20260731-l4-l4-tp1-f2040-i32-o32-r10-rep3-seg1-attempt2-00039-647d070efcab,1,first_token,,
1785511848040955920,1137218084485370,phase2-full-grid-rerun-20260731-l4-l4-tp1-f2040-i32-o32-r10-rep3-seg1-attempt2,phase2-full-grid-rerun-20260731-l4-l4-tp1-f2040-i32-o32-r10-rep3-seg1-attempt2-00041-2d34497c0679,1,response_headers,200,response_request_id=phase2-full-grid-rerun-20260731-l4-l4-tp1-f2040-i32-o32-r10-rep3-seg1-attempt2-00041-2d34497c0679
1785511848112343180,1137218155873815,phase2-full-grid-rerun-20260731-l4-l4-tp1-f2040-i32-o32-r10-rep3-seg1-attempt2,phase2-full-grid-rerun-20260731-l4-l4-tp1-f2040-i32-o32-r10-rep3-seg1-attempt2-00019-8c5e93a1b69a,1,request_complete,200,
1785511848115229239,1137218158758799,phase2-full-grid-rerun-20260731-l4-l4-tp1-f2040-i32-o32-r10-rep3-seg1-attempt2,phase2-full-grid-rerun-20260731-l4-l4-tp1-f2040-i32-o32-r10-rep3-seg1-attempt2-00040-73f46f3ec550,1,first_token,,
1785511848126284079,1137218169813998,phase2-full-grid-rerun-20260731-l4-l4-tp1-f2040-i32-o32-r10-rep3-seg1-attempt2,phase2-full-grid-rerun-20260731-l4-l4-tp1-f2040-i32-o32-r10-rep3-seg1-attempt2-00042-bb18cb5b7024,0,client_ready,,
1785511848129980309,1137218173510414,phase2-full-grid-rerun-20260731-l4-l4-tp1-f2040-i32-o32-r10-rep3-seg1-attempt2,phase2-full-grid-rerun-20260731-l4-l4-tp1-f2040-i32-o32-r10-rep3-seg1-attempt2-00042-bb18cb5b7024,0,semaphore_acquired,,
1785511848132586998,1137218176116930,phase2-full-grid-rerun-20260731-l4-l4-tp1-f2040-i32-o32-r10-rep3-seg1-attempt2,phase2-full-grid-rerun-20260731-l4-l4-tp1-f2040-i32-o32-r10-rep3-seg1-attempt2-00042-bb18cb5b7024,1,attempt_send,,
1785511848140779978,1137218184309792,phase2-full-grid-rerun-20260731-l4-l4-tp1-f2040-i32-o32-r10-rep3-seg1-attempt2,phase2-full-grid-rerun-20260731-l4-l4-tp1-f2040-i32-o32-r10-rep3-seg1-attempt2-00042-bb18cb5b7024,1,response_headers,200,response_request_id=phase2-full-grid-rerun-20260731-l4-l4-tp1-f2040-i32-o32-r10-rep3-seg1-attempt2-00042-bb18cb5b7024
1785511848179220749,1137218222751382,phase2-full-grid-rerun-20260731-l4-l4-tp1-f2040-i32-o32-r10-rep3-seg1-attempt2,phase2-full-grid-rerun-20260731-l4-l4-tp1-f2040-i32-o32-r10-rep3-seg1-attempt2-00020-d19159396982,1,request_complete,200,
1785511848225631567,1137218269161542,phase2-full-grid-rerun-20260731-l4-l4-tp1-f2040-i32-o32-r10-rep3-seg1-attempt2,phase2-full-grid-rerun-20260731-l4-l4-tp1-f2040-i32-o32-r10-rep3-seg1-attempt2-00043-f6b331c7c5c9,0,client_ready,,
1785511848229522466,1137218273052821,phase2-full-grid-rerun-20260731-l4-l4-tp1-f2040-i32-o32-r10-rep3-seg1-attempt2,phase2-full-grid-rerun-20260731-l4-l4-tp1-f2040-i32-o32-r10-rep3-seg1-attempt2-00043-f6b331c7c5c9,0,semaphore_acquired,,
1785511848232679290,1137218276209533,phase2-full-grid-rerun-20260731-l4-l4-tp1-f2040-i32-o32-r10-rep3-seg1-attempt2,phase2-full-grid-rerun-20260731-l4-l4-tp1-f2040-i32-o32-r10-rep3-seg1-attempt2-00043-f6b331c7c5c9,1,attempt_send,,
1785511848237873264,1137218281402896,phase2-full-grid-rerun-20260731-l4-l4-tp1-f2040-i32-o32-r10-rep3-seg1-attempt2,phase2-full-grid-rerun-20260731-l4-l4-tp1-f2040-i32-o32-r10-rep3-seg1-attempt2-00041-2d34497c0679,1,first_token,,
1785511848240928361,1137218284457727,phase2-full-grid-rerun-20260731-l4-l4-tp1-f2040-i32-o32-r10-rep3-seg1-attempt2,phase2-full-grid-rerun-20260731-l4-l4-tp1-f2040-i32-o32-r10-rep3-seg1-attempt2-00043-f6b331c7c5c9,1,response_headers,200,response_request_id=phase2-full-grid-rerun-20260731-l4-l4-tp1-f2040-i32-o32-r10-rep3-seg1-attempt2-00043-f6b331c7c5c9
1785511848302058542,1137218345588452,phase2-full-grid-rerun-20260731-l4-l4-tp1-f2040-i32-o32-r10-rep3-seg1-attempt2,phase2-full-grid-rerun-20260731-l4-l4-tp1-f2040-i32-o32-r10-rep3-seg1-attempt2-00042-bb18cb5b7024,1,first_token,,
1785511848317120065,1137218360650425,phase2-full-grid-rerun-20260731-l4-l4-tp1-f2040-i32-o32-r10-rep3-seg1-attempt2,phase2-full-grid-rerun-20260731-l4-l4-tp1-f2040-i32-o32-r10-rep3-seg1-attempt2-00021-72c253386af4,1,request_complete,200,
1785511848326352507,1137218369882145,phase2-full-grid-rerun-20260731-l4-l4-tp1-f2040-i32-o32-r10-rep3-seg1-attempt2,phase2-full-grid-rerun-20260731-l4-l4-tp1-f2040-i32-o32-r10-rep3-seg1-attempt2-00044-dc7ebf96297d,0,client_ready,,
1785511848328893608,1137218372423777,phase2-full-grid-rerun-20260731-l4-l4-tp1-f2040-i32-o32-r10-rep3-seg1-attempt2,phase2-full-grid-rerun-20260731-l4-l4-tp1-f2040-i32-o32-r10-rep3-seg1-attempt2-00044-dc7ebf96297d,0,semaphore_acquired,,
1785511848331336877,1137218374866622,phase2-full-grid-rerun-20260731-l4-l4-tp1-f2040-i32-o32-r10-rep3-seg1-attempt2,phase2-full-grid-rerun-20260731-l4-l4-tp1-f2040-i32-o32-r10-rep3-seg1-attempt2-00044-dc7ebf96297d,1,attempt_send,,
1785511848338863265,1137218382393086,phase2-full-grid-rerun-20260731-l4-l4-tp1-f2040-i32-o32-r10-rep3-seg1-attempt2,phase2-full-grid-rerun-20260731-l4-l4-tp1-f2040-i32-o32-r10-rep3-seg1-attempt2-00044-dc7ebf96297d,1,response_headers,200,response_request_id=phase2-full-grid-rerun-20260731-l4-l4-tp1-f2040-i32-o32-r10-rep3-seg1-attempt2-00044-dc7ebf96297d
1785511848377840124,1137218421370986,phase2-full-grid-rerun-20260731-l4-l4-tp1-f2040-i32-o32-r10-rep3-seg1-attempt2,phase2-full-grid-rerun-20260731-l4-l4-tp1-f2040-i32-o32-r10-rep3-seg1-attempt2-00022-677472dec07d,1,request_complete,200,
1785511848425718822,1137218469248722,phase2-full-grid-rerun-20260731-l4-l4-tp1-f2040-i32-o32-r10-rep3-seg1-attempt2,phase2-full-grid-rerun-20260731-l4-l4-tp1-f2040-i32-o32-r10-rep3-seg1-attempt2-00045-beb7eeaa1b61,0,client_ready,,
1785511848429114288,1137218472644263,phase2-full-grid-rerun-20260731-l4-l4-tp1-f2040-i32-o32-r10-rep3-seg1-attempt2,phase2-full-grid-rerun-20260731-l4-l4-tp1-f2040-i32-o32-r10-rep3-seg1-attempt2-00045-beb7eeaa1b61,0,semaphore_acquired,,
1785511848431227948,1137218474757809,phase2-full-grid-rerun-20260731-l4-l4-tp1-f2040-i32-o32-r10-rep3-seg1-attempt2,phase2-full-grid-rerun-20260731-l4-l4-tp1-f2040-i32-o32-r10-rep3-seg1-attempt2-00045-beb7eeaa1b61,1,attempt_send,,
1785511848435764816,1137218479294444,phase2-full-grid-rerun-20260731-l4-l4-tp1-f2040-i32-o32-r10-rep3-seg1-attempt2,phase2-full-grid-rerun-20260731-l4-l4-tp1-f2040-i32-o32-r10-rep3-seg1-attempt2-00043-f6b331c7c5c9,1,first_token,,
1785511848439681857,1137218483211332,phase2-full-grid-rerun-20260731-l4-l4-tp1-f2040-i32-o32-r10-rep3-seg1-attempt2,phase2-full-grid-rerun-20260731-l4-l4-tp1-f2040-i32-o32-r10-rep3-seg1-attempt2-00045-beb7eeaa1b61,1,response_headers,200,response_request_id=phase2-full-grid-rerun-20260731-l4-l4-tp1-f2040-i32-o32-r10-rep3-seg1-attempt2-00045-beb7eeaa1b61
1785511848502706621,1137218546236499,phase2-full-grid-rerun-20260731-l4-l4-tp1-f2040-i32-o32-r10-rep3-seg1-attempt2,phase2-full-grid-rerun-20260731-l4-l4-tp1-f2040-i32-o32-r10-rep3-seg1-attempt2-00044-dc7ebf96297d,1,first_token,,
1785511848514232854,1137218557763125,phase2-full-grid-rerun-20260731-l4-l4-tp1-f2040-i32-o32-r10-rep3-seg1-attempt2,phase2-full-grid-rerun-20260731-l4-l4-tp1-f2040-i32-o32-r10-rep3-seg1-attempt2-00023-5a5682900246,1,request_complete,200,
1785511848526036999,1137218569566762,phase2-full-grid-rerun-20260731-l4-l4-tp1-f2040-i32-o32-r10-rep3-seg1-attempt2,phase2-full-grid-rerun-20260731-l4-l4-tp1-f2040-i32-o32-r10-rep3-seg1-attempt2-00046-d2ab2b1ea908,0,client_ready,,
1785511848529044475,1137218572574540,phase2-full-grid-rerun-20260731-l4-l4-tp1-f2040-i32-o32-r10-rep3-seg1-attempt2,phase2-full-grid-rerun-20260731-l4-l4-tp1-f2040-i32-o32-r10-rep3-seg1-attempt2-00046-d2ab2b1ea908,0,semaphore_acquired,,
1785511848531052047,1137218574581648,phase2-full-grid-rerun-20260731-l4-l4-tp1-f2040-i32-o32-r10-rep3-seg1-attempt2,phase2-full-grid-rerun-20260731-l4-l4-tp1-f2040-i32-o32-r10-rep3-seg1-attempt2-00046-d2ab2b1ea908,1,attempt_send,,
1785511848538670663,1137218582200661,phase2-full-grid-rerun-20260731-l4-l4-tp1-f2040-i32-o32-r10-rep3-seg1-attempt2,phase2-full-grid-rerun-20260731-l4-l4-tp1-f2040-i32-o32-r10-rep3-seg1-attempt2-00046-d2ab2b1ea908,1,response_headers,200,response_request_id=phase2-full-grid-rerun-20260731-l4-l4-tp1-f2040-i32-o32-r10-rep3-seg1-attempt2-00046-d2ab2b1ea908
1785511848574663061,1137218618192819,phase2-full-grid-rerun-20260731-l4-l4-tp1-f2040-i32-o32-r10-rep3-seg1-attempt2,phase2-full-grid-rerun-20260731-l4-l4-tp1-f2040-i32-o32-r10-rep3-seg1-attempt2-00024-bcad5acf4c43,1,request_complete,200,
1785511848626278217,1137218669807795,phase2-full-grid-rerun-20260731-l4-l4-tp1-f2040-i32-o32-r10-rep3-seg1-attempt2,phase2-full-grid-rerun-20260731-l4-l4-tp1-f2040-i32-o32-r10-rep3-seg1-attempt2-00047-d23bca9633cc,0,client_ready,,
1785511848628873217,1137218672402566,phase2-full-grid-rerun-20260731-l4-l4-tp1-f2040-i32-o32-r10-rep3-seg1-attempt2,phase2-full-grid-rerun-20260731-l4-l4-tp1-f2040-i32-o32-r10-rep3-seg1-attempt2-00047-d23bca9633cc,0,semaphore_acquired,,
1785511848630655257,1137218674184626,phase2-full-grid-rerun-20260731-l4-l4-tp1-f2040-i32-o32-r10-rep3-seg1-attempt2,phase2-full-grid-rerun-20260731-l4-l4-tp1-f2040-i32-o32-r10-rep3-seg1-attempt2-00047-d23bca9633cc,1,attempt_send,,
1785511848634266028,1137218677795463,phase2-full-grid-rerun-20260731-l4-l4-tp1-f2040-i32-o32-r10-rep3-seg1-attempt2,phase2-full-grid-rerun-20260731-l4-l4-tp1-f2040-i32-o32-r10-rep3-seg1-attempt2-00045-beb7eeaa1b61,1,first_token,,
1785511848637289009,1137218680818389,phase2-full-grid-rerun-20260731-l4-l4-tp1-f2040-i32-o32-r10-rep3-seg1-attempt2,phase2-full-grid-rerun-20260731-l4-l4-tp1-f2040-i32-o32-r10-rep3-seg1-attempt2-00047-d23bca9633cc,1,response_headers,200,response_request_id=phase2-full-grid-rerun-20260731-l4-l4-tp1-f2040-i32-o32-r10-rep3-seg1-attempt2-00047-d23bca9633cc
1785511848697158921,1137218740688565,phase2-full-grid-rerun-20260731-l4-l4-tp1-f2040-i32-o32-r10-rep3-seg1-attempt2,phase2-full-grid-rerun-20260731-l4-l4-tp1-f2040-i32-o32-r10-rep3-seg1-attempt2-00046-d2ab2b1ea908,1,first_token,,
1785511848705713345,1137218749242956,phase2-full-grid-rerun-20260731-l4-l4-tp1-f2040-i32-o32-r10-rep3-seg1-attempt2,phase2-full-grid-rerun-20260731-l4-l4-tp1-f2040-i32-o32-r10-rep3-seg1-attempt2-00025-467cb0fa8ee9,1,request_complete,200,
1785511848727386456,1137218770915980,phase2-full-grid-rerun-20260731-l4-l4-tp1-f2040-i32-o32-r10-rep3-seg1-attempt2,phase2-full-grid-rerun-20260731-l4-l4-tp1-f2040-i32-o32-r10-rep3-seg1-attempt2-00048-d18084ecd67b,0,client_ready,,
1785511848729826225,1137218773355490,phase2-full-grid-rerun-20260731-l4-l4-tp1-f2040-i32-o32-r10-rep3-seg1-attempt2,phase2-full-grid-rerun-20260731-l4-l4-tp1-f2040-i32-o32-r10-rep3-seg1-attempt2-00048-d18084ecd67b,0,semaphore_acquired,,
1785511848731339596,1137218774869144,phase2-full-grid-rerun-20260731-l4-l4-tp1-f2040-i32-o32-r10-rep3-seg1-attempt2,phase2-full-grid-rerun-20260731-l4-l4-tp1-f2040-i32-o32-r10-rep3-seg1-attempt2-00048-d18084ecd67b,1,attempt_send,,
1785511848737240283,1137218780769774,phase2-full-grid-rerun-20260731-l4-l4-tp1-f2040-i32-o32-r10-rep3-seg1-attempt2,phase2-full-grid-rerun-20260731-l4-l4-tp1-f2040-i32-o32-r10-rep3-seg1-attempt2-00048-d18084ecd67b,1,response_headers,200,response_request_id=phase2-full-grid-rerun-20260731-l4-l4-tp1-f2040-i32-o32-r10-rep3-seg1-attempt2-00048-d18084ecd67b
1785511848770184324,1137218813714232,phase2-full-grid-rerun-20260731-l4-l4-tp1-f2040-i32-o32-r10-rep3-seg1-attempt2,phase2-full-grid-rerun-20260731-l4-l4-tp1-f2040-i32-o32-r10-rep3-seg1-attempt2-00026-48bb792f745d,1,request_complete,200,
1785511848827451590,1137218870981219,phase2-full-grid-rerun-20260731-l4-l4-tp1-f2040-i32-o32-r10-rep3-seg1-attempt2,phase2-full-grid-rerun-20260731-l4-l4-tp1-f2040-i32-o32-r10-rep3-seg1-attempt2-00047-d23bca9633cc,1,first_token,,
1785511848829791192,1137218873320652,phase2-full-grid-rerun-20260731-l4-l4-tp1-f2040-i32-o32-r10-rep3-seg1-attempt2,phase2-full-grid-rerun-20260731-l4-l4-tp1-f2040-i32-o32-r10-rep3-seg1-attempt2-00049-8be01c4d7679,0,client_ready,,
1785511848831086268,1137218874615603,phase2-full-grid-rerun-20260731-l4-l4-tp1-f2040-i32-o32-r10-rep3-seg1-attempt2,phase2-full-grid-rerun-20260731-l4-l4-tp1-f2040-i32-o32-r10-rep3-seg1-attempt2-00049-8be01c4d7679,0,semaphore_acquired,,
1785511848832634355,1137218876163680,phase2-full-grid-rerun-20260731-l4-l4-tp1-f2040-i32-o32-r10-rep3-seg1-attempt2,phase2-full-grid-rerun-20260731-l4-l4-tp1-f2040-i32-o32-r10-rep3-seg1-attempt2-00049-8be01c4d7679,1,attempt_send,,
1785511848839134685,1137218882664050,phase2-full-grid-rerun-20260731-l4-l4-tp1-f2040-i32-o32-r10-rep3-seg1-attempt2,phase2-full-grid-rerun-20260731-l4-l4-tp1-f2040-i32-o32-r10-rep3-seg1-attempt2-00049-8be01c4d7679,1,response_headers,200,response_request_id=phase2-full-grid-rerun-20260731-l4-l4-tp1-f2040-i32-o32-r10-rep3-seg1-attempt2-00049-8be01c4d7679
1785511848899912228,1137218943441849,phase2-full-grid-rerun-20260731-l4-l4-tp1-f2040-i32-o32-r10-rep3-seg1-attempt2,phase2-full-grid-rerun-20260731-l4-l4-tp1-f2040-i32-o32-r10-rep3-seg1-attempt2-00048-d18084ecd67b,1,first_token,,
1785511848908605008,1137218952134756,phase2-full-grid-rerun-20260731-l4-l4-tp1-f2040-i32-o32-r10-rep3-seg1-attempt2,phase2-full-grid-rerun-20260731-l4-l4-tp1-f2040-i32-o32-r10-rep3-seg1-attempt2-00027-7905cfd9630e,1,request_complete,200,
1785511848925775965,1137218969305457,phase2-full-grid-rerun-20260731-l4-l4-tp1-f2040-i32-o32-r10-rep3-seg1-attempt2,phase2-full-grid-rerun-20260731-l4-l4-tp1-f2040-i32-o32-r10-rep3-seg1-attempt2-00050-5fa78ae1d153,0,client_ready,,
1785511848927866081,1137218971395653,phase2-full-grid-rerun-20260731-l4-l4-tp1-f2040-i32-o32-r10-rep3-seg1-attempt2,phase2-full-grid-rerun-20260731-l4-l4-tp1-f2040-i32-o32-r10-rep3-seg1-attempt2-00050-5fa78ae1d153,0,semaphore_acquired,,
1785511848928966534,1137218972495943,phase2-full-grid-rerun-20260731-l4-l4-tp1-f2040-i32-o32-r10-rep3-seg1-attempt2,phase2-full-grid-rerun-20260731-l4-l4-tp1-f2040-i32-o32-r10-rep3-seg1-attempt2-00050-5fa78ae1d153,1,attempt_send,,
1785511848934599159,1137218978128730,phase2-full-grid-rerun-20260731-l4-l4-tp1-f2040-i32-o32-r10-rep3-seg1-attempt2,phase2-full-grid-rerun-20260731-l4-l4-tp1-f2040-i32-o32-r10-rep3-seg1-attempt2-00050-5fa78ae1d153,1,response_headers,200,response_request_id=phase2-full-grid-rerun-20260731-l4-l4-tp1-f2040-i32-o32-r10-rep3-seg1-attempt2-00050-5fa78ae1d153
1785511848967703775,1137219011233413,phase2-full-grid-rerun-20260731-l4-l4-tp1-f2040-i32-o32-r10-rep3-seg1-attempt2,phase2-full-grid-rerun-20260731-l4-l4-tp1-f2040-i32-o32-r10-rep3-seg1-attempt2-00028-37a418b23238,1,request_complete,200,
1785511849026746019,1137219070275586,phase2-full-grid-rerun-20260731-l4-l4-tp1-f2040-i32-o32-r10-rep3-seg1-attempt2,phase2-full-grid-rerun-20260731-l4-l4-tp1-f2040-i32-o32-r10-rep3-seg1-attempt2-00051-11637a7d9ba4,0,client_ready,,
1785511849029115823,1137219072645433,phase2-full-grid-rerun-20260731-l4-l4-tp1-f2040-i32-o32-r10-rep3-seg1-attempt2,phase2-full-grid-rerun-20260731-l4-l4-tp1-f2040-i32-o32-r10-rep3-seg1-attempt2-00051-11637a7d9ba4,0,semaphore_acquired,,
1785511849031018074,1137219074547552,phase2-full-grid-rerun-20260731-l4-l4-tp1-f2040-i32-o32-r10-rep3-seg1-attempt2,phase2-full-grid-rerun-20260731-l4-l4-tp1-f2040-i32-o32-r10-rep3-seg1-attempt2-00051-11637a7d9ba4,1,attempt_send,,
1785511849033284750,1137219076814255,phase2-full-grid-rerun-20260731-l4-l4-tp1-f2040-i32-o32-r10-rep3-seg1-attempt2,phase2-full-grid-rerun-20260731-l4-l4-tp1-f2040-i32-o32-r10-rep3-seg1-attempt2-00049-8be01c4d7679,1,first_token,,
1785511849039388762,1137219082918185,phase2-full-grid-rerun-20260731-l4-l4-tp1-f2040-i32-o32-r10-rep3-seg1-attempt2,phase2-full-grid-rerun-20260731-l4-l4-tp1-f2040-i32-o32-r10-rep3-seg1-attempt2-00051-11637a7d9ba4,1,response_headers,200,response_request_id=phase2-full-grid-rerun-20260731-l4-l4-tp1-f2040-i32-o32-r10-rep3-seg1-attempt2-00051-11637a7d9ba4
1785511849101523269,1137219145053001,phase2-full-grid-rerun-20260731-l4-l4-tp1-f2040-i32-o32-r10-rep3-seg1-attempt2,phase2-full-grid-rerun-20260731-l4-l4-tp1-f2040-i32-o32-r10-rep3-seg1-attempt2-00029-c49dd3968fbc,1,request_complete,200,
1785511849103877093,1137219147406635,phase2-full-grid-rerun-20260731-l4-l4-tp1-f2040-i32-o32-r10-rep3-seg1-attempt2,phase2-full-grid-rerun-20260731-l4-l4-tp1-f2040-i32-o32-r10-rep3-seg1-attempt2-00050-5fa78ae1d153,1,first_token,,
1785511849126342144,1137219169871528,phase2-full-grid-rerun-20260731-l4-l4-tp1-f2040-i32-o32-r10-rep3-seg1-attempt2,phase2-full-grid-rerun-20260731-l4-l4-tp1-f2040-i32-o32-r10-rep3-seg1-attempt2-00052-f16912d3346d,0,client_ready,,
1785511849129331992,1137219172861399,phase2-full-grid-rerun-20260731-l4-l4-tp1-f2040-i32-o32-r10-rep3-seg1-attempt2,phase2-full-grid-rerun-20260731-l4-l4-tp1-f2040-i32-o32-r10-rep3-seg1-attempt2-00052-f16912d3346d,0,semaphore_acquired,,
1785511849130337879,1137219173867508,phase2-full-grid-rerun-20260731-l4-l4-tp1-f2040-i32-o32-r10-rep3-seg1-attempt2,phase2-full-grid-rerun-20260731-l4-l4-tp1-f2040-i32-o32-r10-rep3-seg1-attempt2-00052-f16912d3346d,1,attempt_send,,
1785511849135674778,1137219179204240,phase2-full-grid-rerun-20260731-l4-l4-tp1-f2040-i32-o32-r10-rep3-seg1-attempt2,phase2-full-grid-rerun-20260731-l4-l4-tp1-f2040-i32-o32-r10-rep3-seg1-attempt2-00052-f16912d3346d,1,response_headers,200,response_request_id=phase2-full-grid-rerun-20260731-l4-l4-tp1-f2040-i32-o32-r10-rep3-seg1-attempt2-00052-f16912d3346d
1785511849168395558,1137219211925176,phase2-full-grid-rerun-20260731-l4-l4-tp1-f2040-i32-o32-r10-rep3-seg1-attempt2,phase2-full-grid-rerun-20260731-l4-l4-tp1-f2040-i32-o32-r10-rep3-seg1-attempt2-00030-fb9410b748bc,1,request_complete,200,
1785511849226096859,1137219269626497,phase2-full-grid-rerun-20260731-l4-l4-tp1-f2040-i32-o32-r10-rep3-seg1-attempt2,phase2-full-grid-rerun-20260731-l4-l4-tp1-f2040-i32-o32-r10-rep3-seg1-attempt2-00051-11637a7d9ba4,1,first_token,,
1785511849230613961,1137219274143431,phase2-full-grid-rerun-20260731-l4-l4-tp1-f2040-i32-o32-r10-rep3-seg1-attempt2,phase2-full-grid-rerun-20260731-l4-l4-tp1-f2040-i32-o32-r10-rep3-seg1-attempt2-00053-33c754f19c52,0,client_ready,,
1785511849232278484,1137219275807752,phase2-full-grid-rerun-20260731-l4-l4-tp1-f2040-i32-o32-r10-rep3-seg1-attempt2,phase2-full-grid-rerun-20260731-l4-l4-tp1-f2040-i32-o32-r10-rep3-seg1-attempt2-00053-33c754f19c52,0,semaphore_acquired,,
1785511849233315461,1137219276844952,phase2-full-grid-rerun-20260731-l4-l4-tp1-f2040-i32-o32-r10-rep3-seg1-attempt2,phase2-full-grid-rerun-20260731-l4-l4-tp1-f2040-i32-o32-r10-rep3-seg1-attempt2-00053-33c754f19c52,1,attempt_send,,
1785511849239117126,1137219282646532,phase2-full-grid-rerun-20260731-l4-l4-tp1-f2040-i32-o32-r10-rep3-seg1-attempt2,phase2-full-grid-rerun-20260731-l4-l4-tp1-f2040-i32-o32-r10-rep3-seg1-attempt2-00053-33c754f19c52,1,response_headers,200,response_request_id=phase2-full-grid-rerun-20260731-l4-l4-tp1-f2040-i32-o32-r10-rep3-seg1-attempt2-00053-33c754f19c52
1785511849294273915,1137219337803655,phase2-full-grid-rerun-20260731-l4-l4-tp1-f2040-i32-o32-r10-rep3-seg1-attempt2,phase2-full-grid-rerun-20260731-l4-l4-tp1-f2040-i32-o32-r10-rep3-seg1-attempt2-00052-f16912d3346d,1,first_token,,
1785511849305041418,1137219348570981,phase2-full-grid-rerun-20260731-l4-l4-tp1-f2040-i32-o32-r10-rep3-seg1-attempt2,phase2-full-grid-rerun-20260731-l4-l4-tp1-f2040-i32-o32-r10-rep3-seg1-attempt2-00031-61e40e08772f,1,request_complete,200,
1785511849325502037,1137219369031400,phase2-full-grid-rerun-20260731-l4-l4-tp1-f2040-i32-o32-r10-rep3-seg1-attempt2,phase2-full-grid-rerun-20260731-l4-l4-tp1-f2040-i32-o32-r10-rep3-seg1-attempt2-00054-2d0317a5927d,0,client_ready,,
1785511849327865025,1137219371394405,phase2-full-grid-rerun-20260731-l4-l4-tp1-f2040-i32-o32-r10-rep3-seg1-attempt2,phase2-full-grid-rerun-20260731-l4-l4-tp1-f2040-i32-o32-r10-rep3-seg1-attempt2-00054-2d0317a5927d,0,semaphore_acquired,,
1785511849329320944,1137219372850180,phase2-full-grid-rerun-20260731-l4-l4-tp1-f2040-i32-o32-r10-rep3-seg1-attempt2,phase2-full-grid-rerun-20260731-l4-l4-tp1-f2040-i32-o32-r10-rep3-seg1-attempt2-00054-2d0317a5927d,1,attempt_send,,
1785511849335202713,1137219378732027,phase2-full-grid-rerun-20260731-l4-l4-tp1-f2040-i32-o32-r10-rep3-seg1-attempt2,phase2-full-grid-rerun-20260731-l4-l4-tp1-f2040-i32-o32-r10-rep3-seg1-attempt2-00054-2d0317a5927d,1,response_headers,200,response_request_id=phase2-full-grid-rerun-20260731-l4-l4-tp1-f2040-i32-o32-r10-rep3-seg1-attempt2-00054-2d0317a5927d
1785511849366593713,1137219410123298,phase2-full-grid-rerun-20260731-l4-l4-tp1-f2040-i32-o32-r10-rep3-seg1-attempt2,phase2-full-grid-rerun-20260731-l4-l4-tp1-f2040-i32-o32-r10-rep3-seg1-attempt2-00032-e44a9da705d9,1,request_complete,200,
1785511849425376903,1137219468906595,phase2-full-grid-rerun-20260731-l4-l4-tp1-f2040-i32-o32-r10-rep3-seg1-attempt2,phase2-full-grid-rerun-20260731-l4-l4-tp1-f2040-i32-o32-r10-rep3-seg1-attempt2-00053-33c754f19c52,1,first_token,,
1785511849429682003,1137219473211505,phase2-full-grid-rerun-20260731-l4-l4-tp1-f2040-i32-o32-r10-rep3-seg1-attempt2,phase2-full-grid-rerun-20260731-l4-l4-tp1-f2040-i32-o32-r10-rep3-seg1-attempt2-00055-2226c0469b12,0,client_ready,,
1785511849431097092,1137219474626420,phase2-full-grid-rerun-20260731-l4-l4-tp1-f2040-i32-o32-r10-rep3-seg1-attempt2,phase2-full-grid-rerun-20260731-l4-l4-tp1-f2040-i32-o32-r10-rep3-seg1-attempt2-00055-2226c0469b12,0,semaphore_acquired,,
1785511849432298229,1137219475827681,phase2-full-grid-rerun-20260731-l4-l4-tp1-f2040-i32-o32-r10-rep3-seg1-attempt2,phase2-full-grid-rerun-20260731-l4-l4-tp1-f2040-i32-o32-r10-rep3-seg1-attempt2-00055-2226c0469b12,1,attempt_send,,
1785511849437796939,1137219481326354,phase2-full-grid-rerun-20260731-l4-l4-tp1-f2040-i32-o32-r10-rep3-seg1-attempt2,phase2-full-grid-rerun-20260731-l4-l4-tp1-f2040-i32-o32-r10-rep3-seg1-attempt2-00055-2226c0469b12,1,response_headers,200,response_request_id=phase2-full-grid-rerun-20260731-l4-l4-tp1-f2040-i32-o32-r10-rep3-seg1-attempt2-00055-2226c0469b12
1785511849494192871,1137219537722449,phase2-full-grid-rerun-20260731-l4-l4-tp1-f2040-i32-o32-r10-rep3-seg1-attempt2,phase2-full-grid-rerun-20260731-l4-l4-tp1-f2040-i32-o32-r10-rep3-seg1-attempt2-00054-2d0317a5927d,1,first_token,,
1785511849503259875,1137219546789496,phase2-full-grid-rerun-20260731-l4-l4-tp1-f2040-i32-o32-r10-rep3-seg1-attempt2,phase2-full-grid-rerun-20260731-l4-l4-tp1-f2040-i32-o32-r10-rep3-seg1-attempt2-00033-21015e7dbf43,1,request_complete,200,
1785511849525669063,1137219569198399,phase2-full-grid-rerun-20260731-l4-l4-tp1-f2040-i32-o32-r10-rep3-seg1-attempt2,phase2-full-grid-rerun-20260731-l4-l4-tp1-f2040-i32-o32-r10-rep3-seg1-attempt2-00056-9cdfcc0026d8,0,client_ready,,
1785511849528200415,1137219571729678,phase2-full-grid-rerun-20260731-l4-l4-tp1-f2040-i32-o32-r10-rep3-seg1-attempt2,phase2-full-grid-rerun-20260731-l4-l4-tp1-f2040-i32-o32-r10-rep3-seg1-attempt2-00056-9cdfcc0026d8,0,semaphore_acquired,,
1785511849529628556,1137219573157941,phase2-full-grid-rerun-20260731-l4-l4-tp1-f2040-i32-o32-r10-rep3-seg1-attempt2,phase2-full-grid-rerun-20260731-l4-l4-tp1-f2040-i32-o32-r10-rep3-seg1-attempt2-00056-9cdfcc0026d8,1,attempt_send,,
1785511849535502964,1137219579032342,phase2-full-grid-rerun-20260731-l4-l4-tp1-f2040-i32-o32-r10-rep3-seg1-attempt2,phase2-full-grid-rerun-20260731-l4-l4-tp1-f2040-i32-o32-r10-rep3-seg1-attempt2-00056-9cdfcc0026d8,1,response_headers,200,response_request_id=phase2-full-grid-rerun-20260731-l4-l4-tp1-f2040-i32-o32-r10-rep3-seg1-attempt2-00056-9cdfcc0026d8
1785511849565647623,1137219609177465,phase2-full-grid-rerun-20260731-l4-l4-tp1-f2040-i32-o32-r10-rep3-seg1-attempt2,phase2-full-grid-rerun-20260731-l4-l4-tp1-f2040-i32-o32-r10-rep3-seg1-attempt2-00034-118d6376bb7d,1,request_complete,200,
1785511849623436801,1137219666966549,phase2-full-grid-rerun-20260731-l4-l4-tp1-f2040-i32-o32-r10-rep3-seg1-attempt2,phase2-full-grid-rerun-20260731-l4-l4-tp1-f2040-i32-o32-r10-rep3-seg1-attempt2-00055-2226c0469b12,1,first_token,,
1785511849628126347,1137219671655937,phase2-full-grid-rerun-20260731-l4-l4-tp1-f2040-i32-o32-r10-rep3-seg1-attempt2,phase2-full-grid-rerun-20260731-l4-l4-tp1-f2040-i32-o32-r10-rep3-seg1-attempt2-00057-1a6252356760,0,client_ready,,
1785511849629545357,1137219673074754,phase2-full-grid-rerun-20260731-l4-l4-tp1-f2040-i32-o32-r10-rep3-seg1-attempt2,phase2-full-grid-rerun-20260731-l4-l4-tp1-f2040-i32-o32-r10-rep3-seg1-attempt2-00057-1a6252356760,0,semaphore_acquired,,
1785511849630925455,1137219674454974,phase2-full-grid-rerun-20260731-l4-l4-tp1-f2040-i32-o32-r10-rep3-seg1-attempt2,phase2-full-grid-rerun-20260731-l4-l4-tp1-f2040-i32-o32-r10-rep3-seg1-attempt2-00057-1a6252356760,1,attempt_send,,
1785511849636770176,1137219680299455,phase2-full-grid-rerun-20260731-l4-l4-tp1-f2040-i32-o32-r10-rep3-seg1-attempt2,phase2-full-grid-rerun-20260731-l4-l4-tp1-f2040-i32-o32-r10-rep3-seg1-attempt2-00057-1a6252356760,1,response_headers,200,response_request_id=phase2-full-grid-rerun-20260731-l4-l4-tp1-f2040-i32-o32-r10-rep3-seg1-attempt2-00057-1a6252356760
1785511849699515641,1137219743045393,phase2-full-grid-rerun-20260731-l4-l4-tp1-f2040-i32-o32-r10-rep3-seg1-attempt2,phase2-full-grid-rerun-20260731-l4-l4-tp1-f2040-i32-o32-r10-rep3-seg1-attempt2-00035-5b187db2b8c6,1,request_complete,200,
1785511849701996456,1137219745525858,phase2-full-grid-rerun-20260731-l4-l4-tp1-f2040-i32-o32-r10-rep3-seg1-attempt2,phase2-full-grid-rerun-20260731-l4-l4-tp1-f2040-i32-o32-r10-rep3-seg1-attempt2-00056-9cdfcc0026d8,1,first_token,,
1785511849725802563,1137219769332082,phase2-full-grid-rerun-20260731-l4-l4-tp1-f2040-i32-o32-r10-rep3-seg1-attempt2,phase2-full-grid-rerun-20260731-l4-l4-tp1-f2040-i32-o32-r10-rep3-seg1-attempt2-00058-95d5822da2f8,0,client_ready,,
1785511849728172127,1137219771701658,phase2-full-grid-rerun-20260731-l4-l4-tp1-f2040-i32-o32-r10-rep3-seg1-attempt2,phase2-full-grid-rerun-20260731-l4-l4-tp1-f2040-i32-o32-r10-rep3-seg1-attempt2-00058-95d5822da2f8,0,semaphore_acquired,,
1785511849729612335,1137219773141772,phase2-full-grid-rerun-20260731-l4-l4-tp1-f2040-i32-o32-r10-rep3-seg1-attempt2,phase2-full-grid-rerun-20260731-l4-l4-tp1-f2040-i32-o32-r10-rep3-seg1-attempt2-00058-95d5822da2f8,1,attempt_send,,
1785511849735433330,1137219778962765,phase2-full-grid-rerun-20260731-l4-l4-tp1-f2040-i32-o32-r10-rep3-seg1-attempt2,phase2-full-grid-rerun-20260731-l4-l4-tp1-f2040-i32-o32-r10-rep3-seg1-attempt2-00058-95d5822da2f8,1,response_headers,200,response_request_id=phase2-full-grid-rerun-20260731-l4-l4-tp1-f2040-i32-o32-r10-rep3-seg1-attempt2-00058-95d5822da2f8
1785511849764598772,1137219808128421,phase2-full-grid-rerun-20260731-l4-l4-tp1-f2040-i32-o32-r10-rep3-seg1-attempt2,phase2-full-grid-rerun-20260731-l4-l4-tp1-f2040-i32-o32-r10-rep3-seg1-attempt2-00036-a4ed015ff100,1,request_complete,200,
1785511849823575995,1137219867105675,phase2-full-grid-rerun-20260731-l4-l4-tp1-f2040-i32-o32-r10-rep3-seg1-attempt2,phase2-full-grid-rerun-20260731-l4-l4-tp1-f2040-i32-o32-r10-rep3-seg1-attempt2-00057-1a6252356760,1,first_token,,
1785511849826424524,1137219869953979,phase2-full-grid-rerun-20260731-l4-l4-tp1-f2040-i32-o32-r10-rep3-seg1-attempt2,phase2-full-grid-rerun-20260731-l4-l4-tp1-f2040-i32-o32-r10-rep3-seg1-attempt2-00059-cc1be6dc64a2,0,client_ready,,
1785511849827963484,1137219871492874,phase2-full-grid-rerun-20260731-l4-l4-tp1-f2040-i32-o32-r10-rep3-seg1-attempt2,phase2-full-grid-rerun-20260731-l4-l4-tp1-f2040-i32-o32-r10-rep3-seg1-attempt2-00059-cc1be6dc64a2,0,semaphore_acquired,,
1785511849829263119,1137219872792530,phase2-full-grid-rerun-20260731-l4-l4-tp1-f2040-i32-o32-r10-rep3-seg1-attempt2,phase2-full-grid-rerun-20260731-l4-l4-tp1-f2040-i32-o32-r10-rep3-seg1-attempt2-00059-cc1be6dc64a2,1,attempt_send,,
1785511849835325258,1137219878854723,phase2-full-grid-rerun-20260731-l4-l4-tp1-f2040-i32-o32-r10-rep3-seg1-attempt2,phase2-full-grid-rerun-20260731-l4-l4-tp1-f2040-i32-o32-r10-rep3-seg1-attempt2-00059-cc1be6dc64a2,1,response_headers,200,response_request_id=phase2-full-grid-rerun-20260731-l4-l4-tp1-f2040-i32-o32-r10-rep3-seg1-attempt2-00059-cc1be6dc64a2
1785511849890875127,1137219934404788,phase2-full-grid-rerun-20260731-l4-l4-tp1-f2040-i32-o32-r10-rep3-seg1-attempt2,phase2-full-grid-rerun-20260731-l4-l4-tp1-f2040-i32-o32-r10-rep3-seg1-attempt2-00058-95d5822da2f8,1,first_token,,
1785511849900803357,1137219944332943,phase2-full-grid-rerun-20260731-l4-l4-tp1-f2040-i32-o32-r10-rep3-seg1-attempt2,phase2-full-grid-rerun-20260731-l4-l4-tp1-f2040-i32-o32-r10-rep3-seg1-attempt2-00037-07c111e8db65,1,request_complete,200,
1785511849926234514,1137219969764339,phase2-full-grid-rerun-20260731-l4-l4-tp1-f2040-i32-o32-r10-rep3-seg1-attempt2,phase2-full-grid-rerun-20260731-l4-l4-tp1-f2040-i32-o32-r10-rep3-seg1-attempt2-00060-bc55eb3a5255,0,client_ready,,
1785511849928830054,1137219972359499,phase2-full-grid-rerun-20260731-l4-l4-tp1-f2040-i32-o32-r10-rep3-seg1-attempt2,phase2-full-grid-rerun-20260731-l4-l4-tp1-f2040-i32-o32-r10-rep3-seg1-attempt2-00060-bc55eb3a5255,0,semaphore_acquired,,
1785511849930497333,1137219974026678,phase2-full-grid-rerun-20260731-l4-l4-tp1-f2040-i32-o32-r10-rep3-seg1-attempt2,phase2-full-grid-rerun-20260731-l4-l4-tp1-f2040-i32-o32-r10-rep3-seg1-attempt2-00060-bc55eb3a5255,1,attempt_send,,
1785511849936516392,1137219980045758,phase2-full-grid-rerun-20260731-l4-l4-tp1-f2040-i32-o32-r10-rep3-seg1-attempt2,phase2-full-grid-rerun-20260731-l4-l4-tp1-f2040-i32-o32-r10-rep3-seg1-attempt2-00060-bc55eb3a5255,1,response_headers,200,response_request_id=phase2-full-grid-rerun-20260731-l4-l4-tp1-f2040-i32-o32-r10-rep3-seg1-attempt2-00060-bc55eb3a5255
1785511849964191829,1137220007721748,phase2-full-grid-rerun-20260731-l4-l4-tp1-f2040-i32-o32-r10-rep3-seg1-attempt2,phase2-full-grid-rerun-20260731-l4-l4-tp1-f2040-i32-o32-r10-rep3-seg1-attempt2-00038-18b3d03dce39,1,request_complete,200,
1785511850021542773,1137220065072433,phase2-full-grid-rerun-20260731-l4-l4-tp1-f2040-i32-o32-r10-rep3-seg1-attempt2,phase2-full-grid-rerun-20260731-l4-l4-tp1-f2040-i32-o32-r10-rep3-seg1-attempt2-00059-cc1be6dc64a2,1,first_token,,
1785511850025724192,1137220069253774,phase2-full-grid-rerun-20260731-l4-l4-tp1-f2040-i32-o32-r10-rep3-seg1-attempt2,phase2-full-grid-rerun-20260731-l4-l4-tp1-f2040-i32-o32-r10-rep3-seg1-attempt2-00061-d2da7d0e2749,0,client_ready,,
1785511850027080765,1137220070610330,phase2-full-grid-rerun-20260731-l4-l4-tp1-f2040-i32-o32-r10-rep3-seg1-attempt2,phase2-full-grid-rerun-20260731-l4-l4-tp1-f2040-i32-o32-r10-rep3-seg1-attempt2-00061-d2da7d0e2749,0,semaphore_acquired,,
1785511850028664812,1137220072194324,phase2-full-grid-rerun-20260731-l4-l4-tp1-f2040-i32-o32-r10-rep3-seg1-attempt2,phase2-full-grid-rerun-20260731-l4-l4-tp1-f2040-i32-o32-r10-rep3-seg1-attempt2-00061-d2da7d0e2749,1,attempt_send,,
1785511850034883738,1137220078413191,phase2-full-grid-rerun-20260731-l4-l4-tp1-f2040-i32-o32-r10-rep3-seg1-attempt2,phase2-full-grid-rerun-20260731-l4-l4-tp1-f2040-i32-o32-r10-rep3-seg1-attempt2-00061-d2da7d0e2749,1,response_headers,200,response_request_id=phase2-full-grid-rerun-20260731-l4-l4-tp1-f2040-i32-o32-r10-rep3-seg1-attempt2-00061-d2da7d0e2749
1785511850091423748,1137220134953300,phase2-full-grid-rerun-20260731-l4-l4-tp1-f2040-i32-o32-r10-rep3-seg1-attempt2,phase2-full-grid-rerun-20260731-l4-l4-tp1-f2040-i32-o32-r10-rep3-seg1-attempt2-00060-bc55eb3a5255,1,first_token,,
1785511850100270810,1137220143800322,phase2-full-grid-rerun-20260731-l4-l4-tp1-f2040-i32-o32-r10-rep3-seg1-attempt2,phase2-full-grid-rerun-20260731-l4-l4-tp1-f2040-i32-o32-r10-rep3-seg1-attempt2-00039-647d070efcab,1,request_complete,200,
1785511850125947435,1137220169476778,phase2-full-grid-rerun-20260731-l4-l4-tp1-f2040-i32-o32-r10-rep3-seg1-attempt2,phase2-full-grid-rerun-20260731-l4-l4-tp1-f2040-i32-o32-r10-rep3-seg1-attempt2-00062-8d39f4d88acd,0,client_ready,,
1785511850128431004,1137220171960272,phase2-full-grid-rerun-20260731-l4-l4-tp1-f2040-i32-o32-r10-rep3-seg1-attempt2,phase2-full-grid-rerun-20260731-l4-l4-tp1-f2040-i32-o32-r10-rep3-seg1-attempt2-00062-8d39f4d88acd,0,semaphore_acquired,,
1785511850130143656,1137220173673281,phase2-full-grid-rerun-20260731-l4-l4-tp1-f2040-i32-o32-r10-rep3-seg1-attempt2,phase2-full-grid-rerun-20260731-l4-l4-tp1-f2040-i32-o32-r10-rep3-seg1-attempt2-00062-8d39f4d88acd,1,attempt_send,,
1785511850136120129,1137220179649495,phase2-full-grid-rerun-20260731-l4-l4-tp1-f2040-i32-o32-r10-rep3-seg1-attempt2,phase2-full-grid-rerun-20260731-l4-l4-tp1-f2040-i32-o32-r10-rep3-seg1-attempt2-00062-8d39f4d88acd,1,response_headers,200,response_request_id=phase2-full-grid-rerun-20260731-l4-l4-tp1-f2040-i32-o32-r10-rep3-seg1-attempt2-00062-8d39f4d88acd
1785511850163376009,1137220206905556,phase2-full-grid-rerun-20260731-l4-l4-tp1-f2040-i32-o32-r10-rep3-seg1-attempt2,phase2-full-grid-rerun-20260731-l4-l4-tp1-f2040-i32-o32-r10-rep3-seg1-attempt2-00040-73f46f3ec550,1,request_complete,200,
1785511850222420201,1137220265949774,phase2-full-grid-rerun-20260731-l4-l4-tp1-f2040-i32-o32-r10-rep3-seg1-attempt2,phase2-full-grid-rerun-20260731-l4-l4-tp1-f2040-i32-o32-r10-rep3-seg1-attempt2-00061-d2da7d0e2749,1,first_token,,
1785511850225773784,1137220269303243,phase2-full-grid-rerun-20260731-l4-l4-tp1-f2040-i32-o32-r10-rep3-seg1-attempt2,phase2-full-grid-rerun-20260731-l4-l4-tp1-f2040-i32-o32-r10-rep3-seg1-attempt2-00063-823aa4f218a9,0,client_ready,,
1785511850227285527,1137220270814899,phase2-full-grid-rerun-20260731-l4-l4-tp1-f2040-i32-o32-r10-rep3-seg1-attempt2,phase2-full-grid-rerun-20260731-l4-l4-tp1-f2040-i32-o32-r10-rep3-seg1-attempt2-00063-823aa4f218a9,0,semaphore_acquired,,
1785511850228676487,1137220272205946,phase2-full-grid-rerun-20260731-l4-l4-tp1-f2040-i32-o32-r10-rep3-seg1-attempt2,phase2-full-grid-rerun-20260731-l4-l4-tp1-f2040-i32-o32-r10-rep3-seg1-attempt2-00063-823aa4f218a9,1,attempt_send,,
1785511850234612685,1137220278142083,phase2-full-grid-rerun-20260731-l4-l4-tp1-f2040-i32-o32-r10-rep3-seg1-attempt2,phase2-full-grid-rerun-20260731-l4-l4-tp1-f2040-i32-o32-r10-rep3-seg1-attempt2-00063-823aa4f218a9,1,response_headers,200,response_request_id=phase2-full-grid-rerun-20260731-l4-l4-tp1-f2040-i32-o32-r10-rep3-seg1-attempt2-00063-823aa4f218a9
1785511850290085487,1137220333615083,phase2-full-grid-rerun-20260731-l4-l4-tp1-f2040-i32-o32-r10-rep3-seg1-attempt2,phase2-full-grid-rerun-20260731-l4-l4-tp1-f2040-i32-o32-r10-rep3-seg1-attempt2-00062-8d39f4d88acd,1,first_token,,
1785511850299949681,1137220343479278,phase2-full-grid-rerun-20260731-l4-l4-tp1-f2040-i32-o32-r10-rep3-seg1-attempt2,phase2-full-grid-rerun-20260731-l4-l4-tp1-f2040-i32-o32-r10-rep3-seg1-attempt2-00041-2d34497c0679,1,request_complete,200,
1785511850325578056,1137220369107720,phase2-full-grid-rerun-20260731-l4-l4-tp1-f2040-i32-o32-r10-rep3-seg1-attempt2,phase2-full-grid-rerun-20260731-l4-l4-tp1-f2040-i32-o32-r10-rep3-seg1-attempt2-00064-fb4d9002c6d9,0,client_ready,,
1785511850328293200,1137220371822632,phase2-full-grid-rerun-20260731-l4-l4-tp1-f2040-i32-o32-r10-rep3-seg1-attempt2,phase2-full-grid-rerun-20260731-l4-l4-tp1-f2040-i32-o32-r10-rep3-seg1-attempt2-00064-fb4d9002c6d9,0,semaphore_acquired,,
1785511850330055218,1137220373584800,phase2-full-grid-rerun-20260731-l4-l4-tp1-f2040-i32-o32-r10-rep3-seg1-attempt2,phase2-full-grid-rerun-20260731-l4-l4-tp1-f2040-i32-o32-r10-rep3-seg1-attempt2-00064-fb4d9002c6d9,1,attempt_send,,
1785511850336097152,1137220379626483,phase2-full-grid-rerun-20260731-l4-l4-tp1-f2040-i32-o32-r10-rep3-seg1-attempt2,phase2-full-grid-rerun-20260731-l4-l4-tp1-f2040-i32-o32-r10-rep3-seg1-attempt2-00064-fb4d9002c6d9,1,response_headers,200,response_request_id=phase2-full-grid-rerun-20260731-l4-l4-tp1-f2040-i32-o32-r10-rep3-seg1-attempt2-00064-fb4d9002c6d9
1785511850360868385,1137220404397840,phase2-full-grid-rerun-20260731-l4-l4-tp1-f2040-i32-o32-r10-rep3-seg1-attempt2,phase2-full-grid-rerun-20260731-l4-l4-tp1-f2040-i32-o32-r10-rep3-seg1-attempt2-00042-bb18cb5b7024,1,request_complete,200,
1785511850420851158,1137220464380756,phase2-full-grid-rerun-20260731-l4-l4-tp1-f2040-i32-o32-r10-rep3-seg1-attempt2,phase2-full-grid-rerun-20260731-l4-l4-tp1-f2040-i32-o32-r10-rep3-seg1-attempt2-00063-823aa4f218a9,1,first_token,,
1785511850425412147,1137220468941542,phase2-full-grid-rerun-20260731-l4-l4-tp1-f2040-i32-o32-r10-rep3-seg1-attempt2,phase2-full-grid-rerun-20260731-l4-l4-tp1-f2040-i32-o32-r10-rep3-seg1-attempt2-00065-8483efe60ee6,0,client_ready,,
1785511850427209610,1137220470739112,phase2-full-grid-rerun-20260731-l4-l4-tp1-f2040-i32-o32-r10-rep3-seg1-attempt2,phase2-full-grid-rerun-20260731-l4-l4-tp1-f2040-i32-o32-r10-rep3-seg1-attempt2-00065-8483efe60ee6,0,semaphore_acquired,,
1785511850428864186,1137220472393551,phase2-full-grid-rerun-20260731-l4-l4-tp1-f2040-i32-o32-r10-rep3-seg1-attempt2,phase2-full-grid-rerun-20260731-l4-l4-tp1-f2040-i32-o32-r10-rep3-seg1-attempt2-00065-8483efe60ee6,1,attempt_send,,
1785511850434891044,1137220478420514,phase2-full-grid-rerun-20260731-l4-l4-tp1-f2040-i32-o32-r10-rep3-seg1-attempt2,phase2-full-grid-rerun-20260731-l4-l4-tp1-f2040-i32-o32-r10-rep3-seg1-attempt2-00065-8483efe60ee6,1,response_headers,200,response_request_id=phase2-full-grid-rerun-20260731-l4-l4-tp1-f2040-i32-o32-r10-rep3-seg1-attempt2-00065-8483efe60ee6
1785511850489437942,1137220532967574,phase2-full-grid-rerun-20260731-l4-l4-tp1-f2040-i32-o32-r10-rep3-seg1-attempt2,phase2-full-grid-rerun-20260731-l4-l4-tp1-f2040-i32-o32-r10-rep3-seg1-attempt2-00064-fb4d9002c6d9,1,first_token,,
1785511850499206007,1137220542735552,phase2-full-grid-rerun-20260731-l4-l4-tp1-f2040-i32-o32-r10-rep3-seg1-attempt2,phase2-full-grid-rerun-20260731-l4-l4-tp1-f2040-i32-o32-r10-rep3-seg1-attempt2-00043-f6b331c7c5c9,1,request_complete,200,
1785511850525850030,1137220569379703,phase2-full-grid-rerun-20260731-l4-l4-tp1-f2040-i32-o32-r10-rep3-seg1-attempt2,phase2-full-grid-rerun-20260731-l4-l4-tp1-f2040-i32-o32-r10-rep3-seg1-attempt2-00066-a2bb0b147ae3,0,client_ready,,
1785511850529293127,1137220572822566,phase2-full-grid-rerun-20260731-l4-l4-tp1-f2040-i32-o32-r10-rep3-seg1-attempt2,phase2-full-grid-rerun-20260731-l4-l4-tp1-f2040-i32-o32-r10-rep3-seg1-attempt2-00066-a2bb0b147ae3,0,semaphore_acquired,,
1785511850531202909,1137220574732442,phase2-full-grid-rerun-20260731-l4-l4-tp1-f2040-i32-o32-r10-rep3-seg1-attempt2,phase2-full-grid-rerun-20260731-l4-l4-tp1-f2040-i32-o32-r10-rep3-seg1-attempt2-00066-a2bb0b147ae3,1,attempt_send,,
1785511850537392666,1137220580922111,phase2-full-grid-rerun-20260731-l4-l4-tp1-f2040-i32-o32-r10-rep3-seg1-attempt2,phase2-full-grid-rerun-20260731-l4-l4-tp1-f2040-i32-o32-r10-rep3-seg1-attempt2-00066-a2bb0b147ae3,1,response_headers,200,response_request_id=phase2-full-grid-rerun-20260731-l4-l4-tp1-f2040-i32-o32-r10-rep3-seg1-attempt2-00066-a2bb0b147ae3
1785511850561843539,1137220605373190,phase2-full-grid-rerun-20260731-l4-l4-tp1-f2040-i32-o32-r10-rep3-seg1-attempt2,phase2-full-grid-rerun-20260731-l4-l4-tp1-f2040-i32-o32-r10-rep3-seg1-attempt2-00044-dc7ebf96297d,1,request_complete,200,
1785511850618052039,1137220661581641,phase2-full-grid-rerun-20260731-l4-l4-tp1-f2040-i32-o32-r10-rep3-seg1-attempt2,phase2-full-grid-rerun-20260731-l4-l4-tp1-f2040-i32-o32-r10-rep3-seg1-attempt2-00065-8483efe60ee6,1,first_token,,
1785511850626308358,1137220669837893,phase2-full-grid-rerun-20260731-l4-l4-tp1-f2040-i32-o32-r10-rep3-seg1-attempt2,phase2-full-grid-rerun-20260731-l4-l4-tp1-f2040-i32-o32-r10-rep3-seg1-attempt2-00067-35bf95577624,0,client_ready,,
1785511850628289012,1137220671818507,phase2-full-grid-rerun-20260731-l4-l4-tp1-f2040-i32-o32-r10-rep3-seg1-attempt2,phase2-full-grid-rerun-20260731-l4-l4-tp1-f2040-i32-o32-r10-rep3-seg1-attempt2-00067-35bf95577624,0,semaphore_acquired,,
1785511850630251763,1137220673781022,phase2-full-grid-rerun-20260731-l4-l4-tp1-f2040-i32-o32-r10-rep3-seg1-attempt2,phase2-full-grid-rerun-20260731-l4-l4-tp1-f2040-i32-o32-r10-rep3-seg1-attempt2-00067-35bf95577624,1,attempt_send,,
1785511850636273214,1137220679802606,phase2-full-grid-rerun-20260731-l4-l4-tp1-f2040-i32-o32-r10-rep3-seg1-attempt2,phase2-full-grid-rerun-20260731-l4-l4-tp1-f2040-i32-o32-r10-rep3-seg1-attempt2-00067-35bf95577624,1,response_headers,200,response_request_id=phase2-full-grid-rerun-20260731-l4-l4-tp1-f2040-i32-o32-r10-rep3-seg1-attempt2-00067-35bf95577624
1785511850687816300,1137220731346009,phase2-full-grid-rerun-20260731-l4-l4-tp1-f2040-i32-o32-r10-rep3-seg1-attempt2,phase2-full-grid-rerun-20260731-l4-l4-tp1-f2040-i32-o32-r10-rep3-seg1-attempt2-00066-a2bb0b147ae3,1,first_token,,
1785511850697032344,1137220740561909,phase2-full-grid-rerun-20260731-l4-l4-tp1-f2040-i32-o32-r10-rep3-seg1-attempt2,phase2-full-grid-rerun-20260731-l4-l4-tp1-f2040-i32-o32-r10-rep3-seg1-attempt2-00045-beb7eeaa1b61,1,request_complete,200,
1785511850725604370,1137220769133935,phase2-full-grid-rerun-20260731-l4-l4-tp1-f2040-i32-o32-r10-rep3-seg1-attempt2,phase2-full-grid-rerun-20260731-l4-l4-tp1-f2040-i32-o32-r10-rep3-seg1-attempt2-00068-a05041786acb,0,client_ready,,
1785511850728233219,1137220771762651,phase2-full-grid-rerun-20260731-l4-l4-tp1-f2040-i32-o32-r10-rep3-seg1-attempt2,phase2-full-grid-rerun-20260731-l4-l4-tp1-f2040-i32-o32-r10-rep3-seg1-attempt2-00068-a05041786acb,0,semaphore_acquired,,
1785511850729862254,1137220773391653,phase2-full-grid-rerun-20260731-l4-l4-tp1-f2040-i32-o32-r10-rep3-seg1-attempt2,phase2-full-grid-rerun-20260731-l4-l4-tp1-f2040-i32-o32-r10-rep3-seg1-attempt2-00068-a05041786acb,1,attempt_send,,
1785511850735641628,1137220779170953,phase2-full-grid-rerun-20260731-l4-l4-tp1-f2040-i32-o32-r10-rep3-seg1-attempt2,phase2-full-grid-rerun-20260731-l4-l4-tp1-f2040-i32-o32-r10-rep3-seg1-attempt2-00068-a05041786acb,1,response_headers,200,response_request_id=phase2-full-grid-rerun-20260731-l4-l4-tp1-f2040-i32-o32-r10-rep3-seg1-attempt2-00068-a05041786acb
1785511850760253657,1137220803783213,phase2-full-grid-rerun-20260731-l4-l4-tp1-f2040-i32-o32-r10-rep3-seg1-attempt2,phase2-full-grid-rerun-20260731-l4-l4-tp1-f2040-i32-o32-r10-rep3-seg1-attempt2-00046-d2ab2b1ea908,1,request_complete,200,
1785511850818515925,1137220862045661,phase2-full-grid-rerun-20260731-l4-l4-tp1-f2040-i32-o32-r10-rep3-seg1-attempt2,phase2-full-grid-rerun-20260731-l4-l4-tp1-f2040-i32-o32-r10-rep3-seg1-attempt2-00067-35bf95577624,1,first_token,,
1785511850825502546,1137220869032098,phase2-full-grid-rerun-20260731-l4-l4-tp1-f2040-i32-o32-r10-rep3-seg1-attempt2,phase2-full-grid-rerun-20260731-l4-l4-tp1-f2040-i32-o32-r10-rep3-seg1-attempt2-00069-30188fc503ad,0,client_ready,,
1785511850827176031,1137220870705446,phase2-full-grid-rerun-20260731-l4-l4-tp1-f2040-i32-o32-r10-rep3-seg1-attempt2,phase2-full-grid-rerun-20260731-l4-l4-tp1-f2040-i32-o32-r10-rep3-seg1-attempt2-00069-30188fc503ad,0,semaphore_acquired,,
1785511850829241202,1137220872771460,phase2-full-grid-rerun-20260731-l4-l4-tp1-f2040-i32-o32-r10-rep3-seg1-attempt2,phase2-full-grid-rerun-20260731-l4-l4-tp1-f2040-i32-o32-r10-rep3-seg1-attempt2-00069-30188fc503ad,1,attempt_send,,
1785511850836089815,1137220879619367,phase2-full-grid-rerun-20260731-l4-l4-tp1-f2040-i32-o32-r10-rep3-seg1-attempt2,phase2-full-grid-rerun-20260731-l4-l4-tp1-f2040-i32-o32-r10-rep3-seg1-attempt2-00069-30188fc503ad,1,response_headers,200,response_request_id=phase2-full-grid-rerun-20260731-l4-l4-tp1-f2040-i32-o32-r10-rep3-seg1-attempt2-00069-30188fc503ad
1785511850892425467,1137220935955435,phase2-full-grid-rerun-20260731-l4-l4-tp1-f2040-i32-o32-r10-rep3-seg1-attempt2,phase2-full-grid-rerun-20260731-l4-l4-tp1-f2040-i32-o32-r10-rep3-seg1-attempt2-00047-d23bca9633cc,1,request_complete,200,
1785511850893692388,1137220937221812,phase2-full-grid-rerun-20260731-l4-l4-tp1-f2040-i32-o32-r10-rep3-seg1-attempt2,phase2-full-grid-rerun-20260731-l4-l4-tp1-f2040-i32-o32-r10-rep3-seg1-attempt2-00068-a05041786acb,1,first_token,,
1785511850926074296,1137220969603981,phase2-full-grid-rerun-20260731-l4-l4-tp1-f2040-i32-o32-r10-rep3-seg1-attempt2,phase2-full-grid-rerun-20260731-l4-l4-tp1-f2040-i32-o32-r10-rep3-seg1-attempt2-00070-d2579263aacd,0,client_ready,,
1785511850928009720,1137220971539153,phase2-full-grid-rerun-20260731-l4-l4-tp1-f2040-i32-o32-r10-rep3-seg1-attempt2,phase2-full-grid-rerun-20260731-l4-l4-tp1-f2040-i32-o32-r10-rep3-seg1-attempt2-00070-d2579263aacd,0,semaphore_acquired,,
1785511850929159136,1137220972688527,phase2-full-grid-rerun-20260731-l4-l4-tp1-f2040-i32-o32-r10-rep3-seg1-attempt2,phase2-full-grid-rerun-20260731-l4-l4-tp1-f2040-i32-o32-r10-rep3-seg1-attempt2-00070-d2579263aacd,1,attempt_send,,
1785511850934657345,1137220978186811,phase2-full-grid-rerun-20260731-l4-l4-tp1-f2040-i32-o32-r10-rep3-seg1-attempt2,phase2-full-grid-rerun-20260731-l4-l4-tp1-f2040-i32-o32-r10-rep3-seg1-attempt2-00070-d2579263aacd,1,response_headers,200,response_request_id=phase2-full-grid-rerun-20260731-l4-l4-tp1-f2040-i32-o32-r10-rep3-seg1-attempt2-00070-d2579263aacd
1785511850956253934,1137220999783402,phase2-full-grid-rerun-20260731-l4-l4-tp1-f2040-i32-o32-r10-rep3-seg1-attempt2,phase2-full-grid-rerun-20260731-l4-l4-tp1-f2040-i32-o32-r10-rep3-seg1-attempt2-00048-d18084ecd67b,1,request_complete,200,
1785511851016600081,1137221060129850,phase2-full-grid-rerun-20260731-l4-l4-tp1-f2040-i32-o32-r10-rep3-seg1-attempt2,phase2-full-grid-rerun-20260731-l4-l4-tp1-f2040-i32-o32-r10-rep3-seg1-attempt2-00069-30188fc503ad,1,first_token,,
1785511851025446700,1137221068976183,phase2-full-grid-rerun-20260731-l4-l4-tp1-f2040-i32-o32-r10-rep3-seg1-attempt2,phase2-full-grid-rerun-20260731-l4-l4-tp1-f2040-i32-o32-r10-rep3-seg1-attempt2-00071-99a3b4ce3bd2,0,client_ready,,
1785511851027334281,1137221070863586,phase2-full-grid-rerun-20260731-l4-l4-tp1-f2040-i32-o32-r10-rep3-seg1-attempt2,phase2-full-grid-rerun-20260731-l4-l4-tp1-f2040-i32-o32-r10-rep3-seg1-attempt2-00071-99a3b4ce3bd2,0,semaphore_acquired,,
1785511851028831612,1137221072361034,phase2-full-grid-rerun-20260731-l4-l4-tp1-f2040-i32-o32-r10-rep3-seg1-attempt2,phase2-full-grid-rerun-20260731-l4-l4-tp1-f2040-i32-o32-r10-rep3-seg1-attempt2-00071-99a3b4ce3bd2,1,attempt_send,,
1785511851034963467,1137221078492799,phase2-full-grid-rerun-20260731-l4-l4-tp1-f2040-i32-o32-r10-rep3-seg1-attempt2,phase2-full-grid-rerun-20260731-l4-l4-tp1-f2040-i32-o32-r10-rep3-seg1-attempt2-00071-99a3b4ce3bd2,1,response_headers,200,response_request_id=phase2-full-grid-rerun-20260731-l4-l4-tp1-f2040-i32-o32-r10-rep3-seg1-attempt2-00071-99a3b4ce3bd2
1785511851084665745,1137221128195300,phase2-full-grid-rerun-20260731-l4-l4-tp1-f2040-i32-o32-r10-rep3-seg1-attempt2,phase2-full-grid-rerun-20260731-l4-l4-tp1-f2040-i32-o32-r10-rep3-seg1-attempt2-00070-d2579263aacd,1,first_token,,
1785511851093780122,1137221137309633,phase2-full-grid-rerun-20260731-l4-l4-tp1-f2040-i32-o32-r10-rep3-seg1-attempt2,phase2-full-grid-rerun-20260731-l4-l4-tp1-f2040-i32-o32-r10-rep3-seg1-attempt2-00049-8be01c4d7679,1,request_complete,200,
1785511851126399936,1137221169929684,phase2-full-grid-rerun-20260731-l4-l4-tp1-f2040-i32-o32-r10-rep3-seg1-attempt2,phase2-full-grid-rerun-20260731-l4-l4-tp1-f2040-i32-o32-r10-rep3-seg1-attempt2-00072-a6d0b9817994,0,client_ready,,
1785511851128782713,1137221172312051,phase2-full-grid-rerun-20260731-l4-l4-tp1-f2040-i32-o32-r10-rep3-seg1-attempt2,phase2-full-grid-rerun-20260731-l4-l4-tp1-f2040-i32-o32-r10-rep3-seg1-attempt2-00072-a6d0b9817994,0,semaphore_acquired,,
1785511851130469894,1137221173999412,phase2-full-grid-rerun-20260731-l4-l4-tp1-f2040-i32-o32-r10-rep3-seg1-attempt2,phase2-full-grid-rerun-20260731-l4-l4-tp1-f2040-i32-o32-r10-rep3-seg1-attempt2-00072-a6d0b9817994,1,attempt_send,,
1785511851136568644,1137221180098075,phase2-full-grid-rerun-20260731-l4-l4-tp1-f2040-i32-o32-r10-rep3-seg1-attempt2,phase2-full-grid-rerun-20260731-l4-l4-tp1-f2040-i32-o32-r10-rep3-seg1-attempt2-00072-a6d0b9817994,1,response_headers,200,response_request_id=phase2-full-grid-rerun-20260731-l4-l4-tp1-f2040-i32-o32-r10-rep3-seg1-attempt2-00072-a6d0b9817994
1785511851158222868,1137221201752441,phase2-full-grid-rerun-20260731-l4-l4-tp1-f2040-i32-o32-r10-rep3-seg1-attempt2,phase2-full-grid-rerun-20260731-l4-l4-tp1-f2040-i32-o32-r10-rep3-seg1-attempt2-00050-5fa78ae1d153,1,request_complete,200,
1785511851215506691,1137221259036336,phase2-full-grid-rerun-20260731-l4-l4-tp1-f2040-i32-o32-r10-rep3-seg1-attempt2,phase2-full-grid-rerun-20260731-l4-l4-tp1-f2040-i32-o32-r10-rep3-seg1-attempt2-00071-99a3b4ce3bd2,1,first_token,,
1785511851225526926,1137221269056494,phase2-full-grid-rerun-20260731-l4-l4-tp1-f2040-i32-o32-r10-rep3-seg1-attempt2,phase2-full-grid-rerun-20260731-l4-l4-tp1-f2040-i32-o32-r10-rep3-seg1-attempt2-00073-cb187a5ecc20,0,client_ready,,
1785511851227434652,1137221270964017,phase2-full-grid-rerun-20260731-l4-l4-tp1-f2040-i32-o32-r10-rep3-seg1-attempt2,phase2-full-grid-rerun-20260731-l4-l4-tp1-f2040-i32-o32-r10-rep3-seg1-attempt2-00073-cb187a5ecc20,0,semaphore_acquired,,
1785511851228823824,1137221272353283,phase2-full-grid-rerun-20260731-l4-l4-tp1-f2040-i32-o32-r10-rep3-seg1-attempt2,phase2-full-grid-rerun-20260731-l4-l4-tp1-f2040-i32-o32-r10-rep3-seg1-attempt2-00073-cb187a5ecc20,1,attempt_send,,
1785511851234559144,1137221278088486,phase2-full-grid-rerun-20260731-l4-l4-tp1-f2040-i32-o32-r10-rep3-seg1-attempt2,phase2-full-grid-rerun-20260731-l4-l4-tp1-f2040-i32-o32-r10-rep3-seg1-attempt2-00073-cb187a5ecc20,1,response_headers,200,response_request_id=phase2-full-grid-rerun-20260731-l4-l4-tp1-f2040-i32-o32-r10-rep3-seg1-attempt2-00073-cb187a5ecc20
1785511851291174280,1137221334704077,phase2-full-grid-rerun-20260731-l4-l4-tp1-f2040-i32-o32-r10-rep3-seg1-attempt2,phase2-full-grid-rerun-20260731-l4-l4-tp1-f2040-i32-o32-r10-rep3-seg1-attempt2-00051-11637a7d9ba4,1,request_complete,200,
1785511851292953241,1137221336482642,phase2-full-grid-rerun-20260731-l4-l4-tp1-f2040-i32-o32-r10-rep3-seg1-attempt2,phase2-full-grid-rerun-20260731-l4-l4-tp1-f2040-i32-o32-r10-rep3-seg1-attempt2-00072-a6d0b9817994,1,first_token,,
1785511851326312765,1137221369842457,phase2-full-grid-rerun-20260731-l4-l4-tp1-f2040-i32-o32-r10-rep3-seg1-attempt2,phase2-full-grid-rerun-20260731-l4-l4-tp1-f2040-i32-o32-r10-rep3-seg1-attempt2-00074-50b6fae1cc05,0,client_ready,,
1785511851328505104,1137221372034479,phase2-full-grid-rerun-20260731-l4-l4-tp1-f2040-i32-o32-r10-rep3-seg1-attempt2,phase2-full-grid-rerun-20260731-l4-l4-tp1-f2040-i32-o32-r10-rep3-seg1-attempt2-00074-50b6fae1cc05,0,semaphore_acquired,,
1785511851330043237,1137221373572606,phase2-full-grid-rerun-20260731-l4-l4-tp1-f2040-i32-o32-r10-rep3-seg1-attempt2,phase2-full-grid-rerun-20260731-l4-l4-tp1-f2040-i32-o32-r10-rep3-seg1-attempt2-00074-50b6fae1cc05,1,attempt_send,,
1785511851335894083,1137221379423548,phase2-full-grid-rerun-20260731-l4-l4-tp1-f2040-i32-o32-r10-rep3-seg1-attempt2,phase2-full-grid-rerun-20260731-l4-l4-tp1-f2040-i32-o32-r10-rep3-seg1-attempt2-00074-50b6fae1cc05,1,response_headers,200,response_request_id=phase2-full-grid-rerun-20260731-l4-l4-tp1-f2040-i32-o32-r10-rep3-seg1-attempt2-00074-50b6fae1cc05
1785511851355621888,1137221399151678,phase2-full-grid-rerun-20260731-l4-l4-tp1-f2040-i32-o32-r10-rep3-seg1-attempt2,phase2-full-grid-rerun-20260731-l4-l4-tp1-f2040-i32-o32-r10-rep3-seg1-attempt2-00052-f16912d3346d,1,request_complete,200,
1785511851416522162,1137221460051837,phase2-full-grid-rerun-20260731-l4-l4-tp1-f2040-i32-o32-r10-rep3-seg1-attempt2,phase2-full-grid-rerun-20260731-l4-l4-tp1-f2040-i32-o32-r10-rep3-seg1-attempt2-00073-cb187a5ecc20,1,first_token,,
1785511851425480742,1137221469010167,phase2-full-grid-rerun-20260731-l4-l4-tp1-f2040-i32-o32-r10-rep3-seg1-attempt2,phase2-full-grid-rerun-20260731-l4-l4-tp1-f2040-i32-o32-r10-rep3-seg1-attempt2-00075-f2dea100cfbd,0,client_ready,,
1785511851427309872,1137221470839034,phase2-full-grid-rerun-20260731-l4-l4-tp1-f2040-i32-o32-r10-rep3-seg1-attempt2,phase2-full-grid-rerun-20260731-l4-l4-tp1-f2040-i32-o32-r10-rep3-seg1-attempt2-00075-f2dea100cfbd,0,semaphore_acquired,,
1785511851428737150,1137221472266725,phase2-full-grid-rerun-20260731-l4-l4-tp1-f2040-i32-o32-r10-rep3-seg1-attempt2,phase2-full-grid-rerun-20260731-l4-l4-tp1-f2040-i32-o32-r10-rep3-seg1-attempt2-00075-f2dea100cfbd,1,attempt_send,,
1785511851434361638,1137221477891200,phase2-full-grid-rerun-20260731-l4-l4-tp1-f2040-i32-o32-r10-rep3-seg1-attempt2,phase2-full-grid-rerun-20260731-l4-l4-tp1-f2040-i32-o32-r10-rep3-seg1-attempt2-00075-f2dea100cfbd,1,response_headers,200,response_request_id=phase2-full-grid-rerun-20260731-l4-l4-tp1-f2040-i32-o32-r10-rep3-seg1-attempt2-00075-f2dea100cfbd
1785511851483085457,1137221526615019,phase2-full-grid-rerun-20260731-l4-l4-tp1-f2040-i32-o32-r10-rep3-seg1-attempt2,phase2-full-grid-rerun-20260731-l4-l4-tp1-f2040-i32-o32-r10-rep3-seg1-attempt2-00074-50b6fae1cc05,1,first_token,,
1785511851492874000,1137221536403675,phase2-full-grid-rerun-20260731-l4-l4-tp1-f2040-i32-o32-r10-rep3-seg1-attempt2,phase2-full-grid-rerun-20260731-l4-l4-tp1-f2040-i32-o32-r10-rep3-seg1-attempt2-00053-33c754f19c52,1,request_complete,200,
1785511851525625796,1137221569155481,phase2-full-grid-rerun-20260731-l4-l4-tp1-f2040-i32-o32-r10-rep3-seg1-attempt2,phase2-full-grid-rerun-20260731-l4-l4-tp1-f2040-i32-o32-r10-rep3-seg1-attempt2-00076-056072fa4337,0,client_ready,,
1785511851528237762,1137221571767208,phase2-full-grid-rerun-20260731-l4-l4-tp1-f2040-i32-o32-r10-rep3-seg1-attempt2,phase2-full-grid-rerun-20260731-l4-l4-tp1-f2040-i32-o32-r10-rep3-seg1-attempt2-00076-056072fa4337,0,semaphore_acquired,,
1785511851529710314,1137221573239762,phase2-full-grid-rerun-20260731-l4-l4-tp1-f2040-i32-o32-r10-rep3-seg1-attempt2,phase2-full-grid-rerun-20260731-l4-l4-tp1-f2040-i32-o32-r10-rep3-seg1-attempt2-00076-056072fa4337,1,attempt_send,,
1785511851535599787,1137221579129140,phase2-full-grid-rerun-20260731-l4-l4-tp1-f2040-i32-o32-r10-rep3-seg1-attempt2,phase2-full-grid-rerun-20260731-l4-l4-tp1-f2040-i32-o32-r10-rep3-seg1-attempt2-00076-056072fa4337,1,response_headers,200,response_request_id=phase2-full-grid-rerun-20260731-l4-l4-tp1-f2040-i32-o32-r10-rep3-seg1-attempt2-00076-056072fa4337
1785511851556181667,1137221599711398,phase2-full-grid-rerun-20260731-l4-l4-tp1-f2040-i32-o32-r10-rep3-seg1-attempt2,phase2-full-grid-rerun-20260731-l4-l4-tp1-f2040-i32-o32-r10-rep3-seg1-attempt2-00054-2d0317a5927d,1,request_complete,200,
1785511851613585429,1137221657114941,phase2-full-grid-rerun-20260731-l4-l4-tp1-f2040-i32-o32-r10-rep3-seg1-attempt2,phase2-full-grid-rerun-20260731-l4-l4-tp1-f2040-i32-o32-r10-rep3-seg1-attempt2-00075-f2dea100cfbd,1,first_token,,
1785511851625624822,1137221669154397,phase2-full-grid-rerun-20260731-l4-l4-tp1-f2040-i32-o32-r10-rep3-seg1-attempt2,phase2-full-grid-rerun-20260731-l4-l4-tp1-f2040-i32-o32-r10-rep3-seg1-attempt2-00077-0e4f1b5ca090,0,client_ready,,
1785511851627819050,1137221671348592,phase2-full-grid-rerun-20260731-l4-l4-tp1-f2040-i32-o32-r10-rep3-seg1-attempt2,phase2-full-grid-rerun-20260731-l4-l4-tp1-f2040-i32-o32-r10-rep3-seg1-attempt2-00077-0e4f1b5ca090,0,semaphore_acquired,,
1785511851629180610,1137221672709965,phase2-full-grid-rerun-20260731-l4-l4-tp1-f2040-i32-o32-r10-rep3-seg1-attempt2,phase2-full-grid-rerun-20260731-l4-l4-tp1-f2040-i32-o32-r10-rep3-seg1-attempt2-00077-0e4f1b5ca090,1,attempt_send,,
1785511851634929284,1137221678458647,phase2-full-grid-rerun-20260731-l4-l4-tp1-f2040-i32-o32-r10-rep3-seg1-attempt2,phase2-full-grid-rerun-20260731-l4-l4-tp1-f2040-i32-o32-r10-rep3-seg1-attempt2-00077-0e4f1b5ca090,1,response_headers,200,response_request_id=phase2-full-grid-rerun-20260731-l4-l4-tp1-f2040-i32-o32-r10-rep3-seg1-attempt2-00077-0e4f1b5ca090
1785511851682198607,1137221725728282,phase2-full-grid-rerun-20260731-l4-l4-tp1-f2040-i32-o32-r10-rep3-seg1-attempt2,phase2-full-grid-rerun-20260731-l4-l4-tp1-f2040-i32-o32-r10-rep3-seg1-attempt2-00076-056072fa4337,1,first_token,,
1785511851690635474,1137221734165165,phase2-full-grid-rerun-20260731-l4-l4-tp1-f2040-i32-o32-r10-rep3-seg1-attempt2,phase2-full-grid-rerun-20260731-l4-l4-tp1-f2040-i32-o32-r10-rep3-seg1-attempt2-00055-2226c0469b12,1,request_complete,200,
1785511851726239626,1137221769769348,phase2-full-grid-rerun-20260731-l4-l4-tp1-f2040-i32-o32-r10-rep3-seg1-attempt2,phase2-full-grid-rerun-20260731-l4-l4-tp1-f2040-i32-o32-r10-rep3-seg1-attempt2-00078-58e9d6f47458,0,client_ready,,
1785511851728375852,1137221771905247,phase2-full-grid-rerun-20260731-l4-l4-tp1-f2040-i32-o32-r10-rep3-seg1-attempt2,phase2-full-grid-rerun-20260731-l4-l4-tp1-f2040-i32-o32-r10-rep3-seg1-attempt2-00078-58e9d6f47458,0,semaphore_acquired,,
1785511851729633727,1137221773163058,phase2-full-grid-rerun-20260731-l4-l4-tp1-f2040-i32-o32-r10-rep3-seg1-attempt2,phase2-full-grid-rerun-20260731-l4-l4-tp1-f2040-i32-o32-r10-rep3-seg1-attempt2-00078-58e9d6f47458,1,attempt_send,,
1785511851735191466,1137221778720824,phase2-full-grid-rerun-20260731-l4-l4-tp1-f2040-i32-o32-r10-rep3-seg1-attempt2,phase2-full-grid-rerun-20260731-l4-l4-tp1-f2040-i32-o32-r10-rep3-seg1-attempt2-00078-58e9d6f47458,1,response_headers,200,response_request_id=phase2-full-grid-rerun-20260731-l4-l4-tp1-f2040-i32-o32-r10-rep3-seg1-attempt2-00078-58e9d6f47458
1785511851754031025,1137221797560834,phase2-full-grid-rerun-20260731-l4-l4-tp1-f2040-i32-o32-r10-rep3-seg1-attempt2,phase2-full-grid-rerun-20260731-l4-l4-tp1-f2040-i32-o32-r10-rep3-seg1-attempt2-00056-9cdfcc0026d8,1,request_complete,200,
1785511851813306747,1137221856836269,phase2-full-grid-rerun-20260731-l4-l4-tp1-f2040-i32-o32-r10-rep3-seg1-attempt2,phase2-full-grid-rerun-20260731-l4-l4-tp1-f2040-i32-o32-r10-rep3-seg1-attempt2-00077-0e4f1b5ca090,1,first_token,,
1785511851826383033,1137221869912419,phase2-full-grid-rerun-20260731-l4-l4-tp1-f2040-i32-o32-r10-rep3-seg1-attempt2,phase2-full-grid-rerun-20260731-l4-l4-tp1-f2040-i32-o32-r10-rep3-seg1-attempt2-00079-38cdff0355a2,0,client_ready,,
1785511851828445881,1137221871975359,phase2-full-grid-rerun-20260731-l4-l4-tp1-f2040-i32-o32-r10-rep3-seg1-attempt2,phase2-full-grid-rerun-20260731-l4-l4-tp1-f2040-i32-o32-r10-rep3-seg1-attempt2-00079-38cdff0355a2,0,semaphore_acquired,,
1785511851830031344,1137221873560876,phase2-full-grid-rerun-20260731-l4-l4-tp1-f2040-i32-o32-r10-rep3-seg1-attempt2,phase2-full-grid-rerun-20260731-l4-l4-tp1-f2040-i32-o32-r10-rep3-seg1-attempt2-00079-38cdff0355a2,1,attempt_send,,
1785511851835649915,1137221879179274,phase2-full-grid-rerun-20260731-l4-l4-tp1-f2040-i32-o32-r10-rep3-seg1-attempt2,phase2-full-grid-rerun-20260731-l4-l4-tp1-f2040-i32-o32-r10-rep3-seg1-attempt2-00079-38cdff0355a2,1,response_headers,200,response_request_id=phase2-full-grid-rerun-20260731-l4-l4-tp1-f2040-i32-o32-r10-rep3-seg1-attempt2-00079-38cdff0355a2
1785511851879627089,1137221923156774,phase2-full-grid-rerun-20260731-l4-l4-tp1-f2040-i32-o32-r10-rep3-seg1-attempt2,phase2-full-grid-rerun-20260731-l4-l4-tp1-f2040-i32-o32-r10-rep3-seg1-attempt2-00078-58e9d6f47458,1,first_token,,
1785511851890075546,1137221933605286,phase2-full-grid-rerun-20260731-l4-l4-tp1-f2040-i32-o32-r10-rep3-seg1-attempt2,phase2-full-grid-rerun-20260731-l4-l4-tp1-f2040-i32-o32-r10-rep3-seg1-attempt2-00057-1a6252356760,1,request_complete,200,
1785511851925668439,1137221969198290,phase2-full-grid-rerun-20260731-l4-l4-tp1-f2040-i32-o32-r10-rep3-seg1-attempt2,phase2-full-grid-rerun-20260731-l4-l4-tp1-f2040-i32-o32-r10-rep3-seg1-attempt2-00080-d5126fc5a530,0,client_ready,,
1785511851927767883,1137221971297388,phase2-full-grid-rerun-20260731-l4-l4-tp1-f2040-i32-o32-r10-rep3-seg1-attempt2,phase2-full-grid-rerun-20260731-l4-l4-tp1-f2040-i32-o32-r10-rep3-seg1-attempt2-00080-d5126fc5a530,0,semaphore_acquired,,
1785511851929074646,1137221972604151,phase2-full-grid-rerun-20260731-l4-l4-tp1-f2040-i32-o32-r10-rep3-seg1-attempt2,phase2-full-grid-rerun-20260731-l4-l4-tp1-f2040-i32-o32-r10-rep3-seg1-attempt2-00080-d5126fc5a530,1,attempt_send,,
1785511851934865995,1137221978395416,phase2-full-grid-rerun-20260731-l4-l4-tp1-f2040-i32-o32-r10-rep3-seg1-attempt2,phase2-full-grid-rerun-20260731-l4-l4-tp1-f2040-i32-o32-r10-rep3-seg1-attempt2-00080-d5126fc5a530,1,response_headers,200,response_request_id=phase2-full-grid-rerun-20260731-l4-l4-tp1-f2040-i32-o32-r10-rep3-seg1-attempt2-00080-d5126fc5a530
1785511851951130776,1137221994660445,phase2-full-grid-rerun-20260731-l4-l4-tp1-f2040-i32-o32-r10-rep3-seg1-attempt2,phase2-full-grid-rerun-20260731-l4-l4-tp1-f2040-i32-o32-r10-rep3-seg1-attempt2-00058-95d5822da2f8,1,request_complete,200,
1785511852012584512,1137222056114190,phase2-full-grid-rerun-20260731-l4-l4-tp1-f2040-i32-o32-r10-rep3-seg1-attempt2,phase2-full-grid-rerun-20260731-l4-l4-tp1-f2040-i32-o32-r10-rep3-seg1-attempt2-00079-38cdff0355a2,1,first_token,,
1785511852025879472,1137222069408967,phase2-full-grid-rerun-20260731-l4-l4-tp1-f2040-i32-o32-r10-rep3-seg1-attempt2,phase2-full-grid-rerun-20260731-l4-l4-tp1-f2040-i32-o32-r10-rep3-seg1-attempt2-00081-f05964b04648,0,client_ready,,
1785511852027838186,1137222071367498,phase2-full-grid-rerun-20260731-l4-l4-tp1-f2040-i32-o32-r10-rep3-seg1-attempt2,phase2-full-grid-rerun-20260731-l4-l4-tp1-f2040-i32-o32-r10-rep3-seg1-attempt2-00081-f05964b04648,0,semaphore_acquired,,
1785511852029358344,1137222072887963,phase2-full-grid-rerun-20260731-l4-l4-tp1-f2040-i32-o32-r10-rep3-seg1-attempt2,phase2-full-grid-rerun-20260731-l4-l4-tp1-f2040-i32-o32-r10-rep3-seg1-attempt2-00081-f05964b04648,1,attempt_send,,
1785511852035278738,1137222078808396,phase2-full-grid-rerun-20260731-l4-l4-tp1-f2040-i32-o32-r10-rep3-seg1-attempt2,phase2-full-grid-rerun-20260731-l4-l4-tp1-f2040-i32-o32-r10-rep3-seg1-attempt2-00081-f05964b04648,1,response_headers,200,response_request_id=phase2-full-grid-rerun-20260731-l4-l4-tp1-f2040-i32-o32-r10-rep3-seg1-attempt2-00081-f05964b04648
1785511852080546154,1137222124075794,phase2-full-grid-rerun-20260731-l4-l4-tp1-f2040-i32-o32-r10-rep3-seg1-attempt2,phase2-full-grid-rerun-20260731-l4-l4-tp1-f2040-i32-o32-r10-rep3-seg1-attempt2-00080-d5126fc5a530,1,first_token,,
1785511852087694365,1137222131223940,phase2-full-grid-rerun-20260731-l4-l4-tp1-f2040-i32-o32-r10-rep3-seg1-attempt2,phase2-full-grid-rerun-20260731-l4-l4-tp1-f2040-i32-o32-r10-rep3-seg1-attempt2-00059-cc1be6dc64a2,1,request_complete,200,
1785511852126424854,1137222169954582,phase2-full-grid-rerun-20260731-l4-l4-tp1-f2040-i32-o32-r10-rep3-seg1-attempt2,phase2-full-grid-rerun-20260731-l4-l4-tp1-f2040-i32-o32-r10-rep3-seg1-attempt2-00082-6c298a8c8616,0,client_ready,,
1785511852128824436,1137222172353851,phase2-full-grid-rerun-20260731-l4-l4-tp1-f2040-i32-o32-r10-rep3-seg1-attempt2,phase2-full-grid-rerun-20260731-l4-l4-tp1-f2040-i32-o32-r10-rep3-seg1-attempt2-00082-6c298a8c8616,0,semaphore_acquired,,
1785511852130341387,1137222173870719,phase2-full-grid-rerun-20260731-l4-l4-tp1-f2040-i32-o32-r10-rep3-seg1-attempt2,phase2-full-grid-rerun-20260731-l4-l4-tp1-f2040-i32-o32-r10-rep3-seg1-attempt2-00082-6c298a8c8616,1,attempt_send,,
1785511852136747980,1137222180277275,phase2-full-grid-rerun-20260731-l4-l4-tp1-f2040-i32-o32-r10-rep3-seg1-attempt2,phase2-full-grid-rerun-20260731-l4-l4-tp1-f2040-i32-o32-r10-rep3-seg1-attempt2-00082-6c298a8c8616,1,response_headers,200,response_request_id=phase2-full-grid-rerun-20260731-l4-l4-tp1-f2040-i32-o32-r10-rep3-seg1-attempt2-00082-6c298a8c8616
1785511852151667367,1137222195197020,phase2-full-grid-rerun-20260731-l4-l4-tp1-f2040-i32-o32-r10-rep3-seg1-attempt2,phase2-full-grid-rerun-20260731-l4-l4-tp1-f2040-i32-o32-r10-rep3-seg1-attempt2-00060-bc55eb3a5255,1,request_complete,200,
1785511852210313575,1137222253843067,phase2-full-grid-rerun-20260731-l4-l4-tp1-f2040-i32-o32-r10-rep3-seg1-attempt2,phase2-full-grid-rerun-20260731-l4-l4-tp1-f2040-i32-o32-r10-rep3-seg1-attempt2-00081-f05964b04648,1,first_token,,
1785511852225880304,1137222269409754,phase2-full-grid-rerun-20260731-l4-l4-tp1-f2040-i32-o32-r10-rep3-seg1-attempt2,phase2-full-grid-rerun-20260731-l4-l4-tp1-f2040-i32-o32-r10-rep3-seg1-attempt2-00083-37414f5844c2,0,client_ready,,
1785511852228393440,1137222271922827,phase2-full-grid-rerun-20260731-l4-l4-tp1-f2040-i32-o32-r10-rep3-seg1-attempt2,phase2-full-grid-rerun-20260731-l4-l4-tp1-f2040-i32-o32-r10-rep3-seg1-attempt2-00083-37414f5844c2,0,semaphore_acquired,,
1785511852230141438,1137222273670914,phase2-full-grid-rerun-20260731-l4-l4-tp1-f2040-i32-o32-r10-rep3-seg1-attempt2,phase2-full-grid-rerun-20260731-l4-l4-tp1-f2040-i32-o32-r10-rep3-seg1-attempt2-00083-37414f5844c2,1,attempt_send,,
1785511852236117809,1137222279647097,phase2-full-grid-rerun-20260731-l4-l4-tp1-f2040-i32-o32-r10-rep3-seg1-attempt2,phase2-full-grid-rerun-20260731-l4-l4-tp1-f2040-i32-o32-r10-rep3-seg1-attempt2-00083-37414f5844c2,1,response_headers,200,response_request_id=phase2-full-grid-rerun-20260731-l4-l4-tp1-f2040-i32-o32-r10-rep3-seg1-attempt2-00083-37414f5844c2
1785511852278915528,1137222322445133,phase2-full-grid-rerun-20260731-l4-l4-tp1-f2040-i32-o32-r10-rep3-seg1-attempt2,phase2-full-grid-rerun-20260731-l4-l4-tp1-f2040-i32-o32-r10-rep3-seg1-attempt2-00082-6c298a8c8616,1,first_token,,
1785511852288505298,1137222332035048,phase2-full-grid-rerun-20260731-l4-l4-tp1-f2040-i32-o32-r10-rep3-seg1-attempt2,phase2-full-grid-rerun-20260731-l4-l4-tp1-f2040-i32-o32-r10-rep3-seg1-attempt2-00061-d2da7d0e2749,1,request_complete,200,
1785511852327279572,1137222370809322,phase2-full-grid-rerun-20260731-l4-l4-tp1-f2040-i32-o32-r10-rep3-seg1-attempt2,phase2-full-grid-rerun-20260731-l4-l4-tp1-f2040-i32-o32-r10-rep3-seg1-attempt2-00084-6cc5556307f2,0,client_ready,,
1785511852329861577,1137222373391024,phase2-full-grid-rerun-20260731-l4-l4-tp1-f2040-i32-o32-r10-rep3-seg1-attempt2,phase2-full-grid-rerun-20260731-l4-l4-tp1-f2040-i32-o32-r10-rep3-seg1-attempt2-00084-6cc5556307f2,0,semaphore_acquired,,
1785511852331344100,1137222374873643,phase2-full-grid-rerun-20260731-l4-l4-tp1-f2040-i32-o32-r10-rep3-seg1-attempt2,phase2-full-grid-rerun-20260731-l4-l4-tp1-f2040-i32-o32-r10-rep3-seg1-attempt2-00084-6cc5556307f2,1,attempt_send,,
1785511852337391756,1137222380921303,phase2-full-grid-rerun-20260731-l4-l4-tp1-f2040-i32-o32-r10-rep3-seg1-attempt2,phase2-full-grid-rerun-20260731-l4-l4-tp1-f2040-i32-o32-r10-rep3-seg1-attempt2-00084-6cc5556307f2,1,response_headers,200,response_request_id=phase2-full-grid-rerun-20260731-l4-l4-tp1-f2040-i32-o32-r10-rep3-seg1-attempt2-00084-6cc5556307f2
1785511852351367893,1137222394897522,phase2-full-grid-rerun-20260731-l4-l4-tp1-f2040-i32-o32-r10-rep3-seg1-attempt2,phase2-full-grid-rerun-20260731-l4-l4-tp1-f2040-i32-o32-r10-rep3-seg1-attempt2-00062-8d39f4d88acd,1,request_complete,200,
1785511852413719573,1137222457249294,phase2-full-grid-rerun-20260731-l4-l4-tp1-f2040-i32-o32-r10-rep3-seg1-attempt2,phase2-full-grid-rerun-20260731-l4-l4-tp1-f2040-i32-o32-r10-rep3-seg1-attempt2-00083-37414f5844c2,1,first_token,,
1785511852427175149,1137222470704519,phase2-full-grid-rerun-20260731-l4-l4-tp1-f2040-i32-o32-r10-rep3-seg1-attempt2,phase2-full-grid-rerun-20260731-l4-l4-tp1-f2040-i32-o32-r10-rep3-seg1-attempt2-00085-0e70c4f4b5f5,0,client_ready,,
1785511852428780734,1137222472310213,phase2-full-grid-rerun-20260731-l4-l4-tp1-f2040-i32-o32-r10-rep3-seg1-attempt2,phase2-full-grid-rerun-20260731-l4-l4-tp1-f2040-i32-o32-r10-rep3-seg1-attempt2-00085-0e70c4f4b5f5,0,semaphore_acquired,,
1785511852430345498,1137222473875112,phase2-full-grid-rerun-20260731-l4-l4-tp1-f2040-i32-o32-r10-rep3-seg1-attempt2,phase2-full-grid-rerun-20260731-l4-l4-tp1-f2040-i32-o32-r10-rep3-seg1-attempt2-00085-0e70c4f4b5f5,1,attempt_send,,
1785511852436098405,1137222479627868,phase2-full-grid-rerun-20260731-l4-l4-tp1-f2040-i32-o32-r10-rep3-seg1-attempt2,phase2-full-grid-rerun-20260731-l4-l4-tp1-f2040-i32-o32-r10-rep3-seg1-attempt2-00085-0e70c4f4b5f5,1,response_headers,200,response_request_id=phase2-full-grid-rerun-20260731-l4-l4-tp1-f2040-i32-o32-r10-rep3-seg1-attempt2-00085-0e70c4f4b5f5
1785511852483759186,1137222527288991,phase2-full-grid-rerun-20260731-l4-l4-tp1-f2040-i32-o32-r10-rep3-seg1-attempt2,phase2-full-grid-rerun-20260731-l4-l4-tp1-f2040-i32-o32-r10-rep3-seg1-attempt2-00063-823aa4f218a9,1,request_complete,200,
1785511852526310111,1137222569839850,phase2-full-grid-rerun-20260731-l4-l4-tp1-f2040-i32-o32-r10-rep3-seg1-attempt2,phase2-full-grid-rerun-20260731-l4-l4-tp1-f2040-i32-o32-r10-rep3-seg1-attempt2-00086-079b4a0a0fbf,0,client_ready,,
1785511852528237951,1137222571767231,phase2-full-grid-rerun-20260731-l4-l4-tp1-f2040-i32-o32-r10-rep3-seg1-attempt2,phase2-full-grid-rerun-20260731-l4-l4-tp1-f2040-i32-o32-r10-rep3-seg1-attempt2-00086-079b4a0a0fbf,0,semaphore_acquired,,
1785511852529602533,1137222573132098,phase2-full-grid-rerun-20260731-l4-l4-tp1-f2040-i32-o32-r10-rep3-seg1-attempt2,phase2-full-grid-rerun-20260731-l4-l4-tp1-f2040-i32-o32-r10-rep3-seg1-attempt2-00086-079b4a0a0fbf,1,attempt_send,,
1785511852535405729,1137222578935043,phase2-full-grid-rerun-20260731-l4-l4-tp1-f2040-i32-o32-r10-rep3-seg1-attempt2,phase2-full-grid-rerun-20260731-l4-l4-tp1-f2040-i32-o32-r10-rep3-seg1-attempt2-00086-079b4a0a0fbf,1,response_headers,200,response_request_id=phase2-full-grid-rerun-20260731-l4-l4-tp1-f2040-i32-o32-r10-rep3-seg1-attempt2-00086-079b4a0a0fbf
1785511852543398078,1137222586927498,phase2-full-grid-rerun-20260731-l4-l4-tp1-f2040-i32-o32-r10-rep3-seg1-attempt2,phase2-full-grid-rerun-20260731-l4-l4-tp1-f2040-i32-o32-r10-rep3-seg1-attempt2-00084-6cc5556307f2,1,first_token,,
1785511852549169271,1137222592698868,phase2-full-grid-rerun-20260731-l4-l4-tp1-f2040-i32-o32-r10-rep3-seg1-attempt2,phase2-full-grid-rerun-20260731-l4-l4-tp1-f2040-i32-o32-r10-rep3-seg1-attempt2-00064-fb4d9002c6d9,1,request_complete,200,
1785511852609073006,1137222652602606,phase2-full-grid-rerun-20260731-l4-l4-tp1-f2040-i32-o32-r10-rep3-seg1-attempt2,phase2-full-grid-rerun-20260731-l4-l4-tp1-f2040-i32-o32-r10-rep3-seg1-attempt2-00085-0e70c4f4b5f5,1,first_token,,
1785511852625515337,1137222669044815,phase2-full-grid-rerun-20260731-l4-l4-tp1-f2040-i32-o32-r10-rep3-seg1-attempt2,phase2-full-grid-rerun-20260731-l4-l4-tp1-f2040-i32-o32-r10-rep3-seg1-attempt2-00087-79391e8538e1,0,client_ready,,
1785511852627122176,1137222670651601,phase2-full-grid-rerun-20260731-l4-l4-tp1-f2040-i32-o32-r10-rep3-seg1-attempt2,phase2-full-grid-rerun-20260731-l4-l4-tp1-f2040-i32-o32-r10-rep3-seg1-attempt2-00087-79391e8538e1,0,semaphore_acquired,,
1785511852628062872,1137222671592382,phase2-full-grid-rerun-20260731-l4-l4-tp1-f2040-i32-o32-r10-rep3-seg1-attempt2,phase2-full-grid-rerun-20260731-l4-l4-tp1-f2040-i32-o32-r10-rep3-seg1-attempt2-00087-79391e8538e1,1,attempt_send,,
1785511852633667343,1137222677196758,phase2-full-grid-rerun-20260731-l4-l4-tp1-f2040-i32-o32-r10-rep3-seg1-attempt2,phase2-full-grid-rerun-20260731-l4-l4-tp1-f2040-i32-o32-r10-rep3-seg1-attempt2-00087-79391e8538e1,1,response_headers,200,response_request_id=phase2-full-grid-rerun-20260731-l4-l4-tp1-f2040-i32-o32-r10-rep3-seg1-attempt2-00087-79391e8538e1
1785511852681373315,1137222724903193,phase2-full-grid-rerun-20260731-l4-l4-tp1-f2040-i32-o32-r10-rep3-seg1-attempt2,phase2-full-grid-rerun-20260731-l4-l4-tp1-f2040-i32-o32-r10-rep3-seg1-attempt2-00065-8483efe60ee6,1,request_complete,200,
1785511852726436448,1137222769966120,phase2-full-grid-rerun-20260731-l4-l4-tp1-f2040-i32-o32-r10-rep3-seg1-attempt2,phase2-full-grid-rerun-20260731-l4-l4-tp1-f2040-i32-o32-r10-rep3-seg1-attempt2-00088-550f727eb58d,0,client_ready,,
1785511852728893230,1137222772422597,phase2-full-grid-rerun-20260731-l4-l4-tp1-f2040-i32-o32-r10-rep3-seg1-attempt2,phase2-full-grid-rerun-20260731-l4-l4-tp1-f2040-i32-o32-r10-rep3-seg1-attempt2-00088-550f727eb58d,0,semaphore_acquired,,
1785511852730253859,1137222773783311,phase2-full-grid-rerun-20260731-l4-l4-tp1-f2040-i32-o32-r10-rep3-seg1-attempt2,phase2-full-grid-rerun-20260731-l4-l4-tp1-f2040-i32-o32-r10-rep3-seg1-attempt2-00088-550f727eb58d,1,attempt_send,,
1785511852736189057,1137222779718606,phase2-full-grid-rerun-20260731-l4-l4-tp1-f2040-i32-o32-r10-rep3-seg1-attempt2,phase2-full-grid-rerun-20260731-l4-l4-tp1-f2040-i32-o32-r10-rep3-seg1-attempt2-00088-550f727eb58d,1,response_headers,200,response_request_id=phase2-full-grid-rerun-20260731-l4-l4-tp1-f2040-i32-o32-r10-rep3-seg1-attempt2-00088-550f727eb58d
1785511852741932196,1137222785461648,phase2-full-grid-rerun-20260731-l4-l4-tp1-f2040-i32-o32-r10-rep3-seg1-attempt2,phase2-full-grid-rerun-20260731-l4-l4-tp1-f2040-i32-o32-r10-rep3-seg1-attempt2-00086-079b4a0a0fbf,1,first_token,,
1785511852749097702,1137222792627401,phase2-full-grid-rerun-20260731-l4-l4-tp1-f2040-i32-o32-r10-rep3-seg1-attempt2,phase2-full-grid-rerun-20260731-l4-l4-tp1-f2040-i32-o32-r10-rep3-seg1-attempt2-00066-a2bb0b147ae3,1,request_complete,200,
1785511852807836668,1137222851366217,phase2-full-grid-rerun-20260731-l4-l4-tp1-f2040-i32-o32-r10-rep3-seg1-attempt2,phase2-full-grid-rerun-20260731-l4-l4-tp1-f2040-i32-o32-r10-rep3-seg1-attempt2-00087-79391e8538e1,1,first_token,,
1785511852825777879,1137222869307267,phase2-full-grid-rerun-20260731-l4-l4-tp1-f2040-i32-o32-r10-rep3-seg1-attempt2,phase2-full-grid-rerun-20260731-l4-l4-tp1-f2040-i32-o32-r10-rep3-seg1-attempt2-00089-36c903c579ea,0,client_ready,,
1785511852828382419,1137222871911814,phase2-full-grid-rerun-20260731-l4-l4-tp1-f2040-i32-o32-r10-rep3-seg1-attempt2,phase2-full-grid-rerun-20260731-l4-l4-tp1-f2040-i32-o32-r10-rep3-seg1-attempt2-00089-36c903c579ea,0,semaphore_acquired,,
1785511852829954302,1137222873483830,phase2-full-grid-rerun-20260731-l4-l4-tp1-f2040-i32-o32-r10-rep3-seg1-attempt2,phase2-full-grid-rerun-20260731-l4-l4-tp1-f2040-i32-o32-r10-rep3-seg1-attempt2-00089-36c903c579ea,1,attempt_send,,
1785511852835661153,1137222879190684,phase2-full-grid-rerun-20260731-l4-l4-tp1-f2040-i32-o32-r10-rep3-seg1-attempt2,phase2-full-grid-rerun-20260731-l4-l4-tp1-f2040-i32-o32-r10-rep3-seg1-attempt2-00089-36c903c579ea,1,response_headers,200,response_request_id=phase2-full-grid-rerun-20260731-l4-l4-tp1-f2040-i32-o32-r10-rep3-seg1-attempt2-00089-36c903c579ea
1785511852881052538,1137222924582130,phase2-full-grid-rerun-20260731-l4-l4-tp1-f2040-i32-o32-r10-rep3-seg1-attempt2,phase2-full-grid-rerun-20260731-l4-l4-tp1-f2040-i32-o32-r10-rep3-seg1-attempt2-00067-35bf95577624,1,request_complete,200,
1785511852925554423,1137222969084086,phase2-full-grid-rerun-20260731-l4-l4-tp1-f2040-i32-o32-r10-rep3-seg1-attempt2,phase2-full-grid-rerun-20260731-l4-l4-tp1-f2040-i32-o32-r10-rep3-seg1-attempt2-00090-0c5c61a0a5b8,0,client_ready,,
1785511852927517828,1137222971047283,phase2-full-grid-rerun-20260731-l4-l4-tp1-f2040-i32-o32-r10-rep3-seg1-attempt2,phase2-full-grid-rerun-20260731-l4-l4-tp1-f2040-i32-o32-r10-rep3-seg1-attempt2-00090-0c5c61a0a5b8,0,semaphore_acquired,,
1785511852928923798,1137222972453276,phase2-full-grid-rerun-20260731-l4-l4-tp1-f2040-i32-o32-r10-rep3-seg1-attempt2,phase2-full-grid-rerun-20260731-l4-l4-tp1-f2040-i32-o32-r10-rep3-seg1-attempt2-00090-0c5c61a0a5b8,1,attempt_send,,
1785511852934719821,1137222978249122,phase2-full-grid-rerun-20260731-l4-l4-tp1-f2040-i32-o32-r10-rep3-seg1-attempt2,phase2-full-grid-rerun-20260731-l4-l4-tp1-f2040-i32-o32-r10-rep3-seg1-attempt2-00090-0c5c61a0a5b8,1,response_headers,200,response_request_id=phase2-full-grid-rerun-20260731-l4-l4-tp1-f2040-i32-o32-r10-rep3-seg1-attempt2-00090-0c5c61a0a5b8
1785511852938943613,1137222982472932,phase2-full-grid-rerun-20260731-l4-l4-tp1-f2040-i32-o32-r10-rep3-seg1-attempt2,phase2-full-grid-rerun-20260731-l4-l4-tp1-f2040-i32-o32-r10-rep3-seg1-attempt2-00088-550f727eb58d,1,first_token,,
1785511852947886622,1137222991416308,phase2-full-grid-rerun-20260731-l4-l4-tp1-f2040-i32-o32-r10-rep3-seg1-attempt2,phase2-full-grid-rerun-20260731-l4-l4-tp1-f2040-i32-o32-r10-rep3-seg1-attempt2-00068-a05041786acb,1,request_complete,200,
1785511853006405137,1137223049934748,phase2-full-grid-rerun-20260731-l4-l4-tp1-f2040-i32-o32-r10-rep3-seg1-attempt2,phase2-full-grid-rerun-20260731-l4-l4-tp1-f2040-i32-o32-r10-rep3-seg1-attempt2-00089-36c903c579ea,1,first_token,,
1785511853025817573,1137223069346898,phase2-full-grid-rerun-20260731-l4-l4-tp1-f2040-i32-o32-r10-rep3-seg1-attempt2,phase2-full-grid-rerun-20260731-l4-l4-tp1-f2040-i32-o32-r10-rep3-seg1-attempt2-00091-af09dfebe942,0,client_ready,,
1785511853028067641,1137223071597072,phase2-full-grid-rerun-20260731-l4-l4-tp1-f2040-i32-o32-r10-rep3-seg1-attempt2,phase2-full-grid-rerun-20260731-l4-l4-tp1-f2040-i32-o32-r10-rep3-seg1-attempt2-00091-af09dfebe942,0,semaphore_acquired,,
1785511853029380387,1137223072909842,phase2-full-grid-rerun-20260731-l4-l4-tp1-f2040-i32-o32-r10-rep3-seg1-attempt2,phase2-full-grid-rerun-20260731-l4-l4-tp1-f2040-i32-o32-r10-rep3-seg1-attempt2-00091-af09dfebe942,1,attempt_send,,
1785511853035091558,1137223078620953,phase2-full-grid-rerun-20260731-l4-l4-tp1-f2040-i32-o32-r10-rep3-seg1-attempt2,phase2-full-grid-rerun-20260731-l4-l4-tp1-f2040-i32-o32-r10-rep3-seg1-attempt2-00091-af09dfebe942,1,response_headers,200,response_request_id=phase2-full-grid-rerun-20260731-l4-l4-tp1-f2040-i32-o32-r10-rep3-seg1-attempt2-00091-af09dfebe942
1785511853079595335,1137223123125005,phase2-full-grid-rerun-20260731-l4-l4-tp1-f2040-i32-o32-r10-rep3-seg1-attempt2,phase2-full-grid-rerun-20260731-l4-l4-tp1-f2040-i32-o32-r10-rep3-seg1-attempt2-00069-30188fc503ad,1,request_complete,200,
1785511853125926563,1137223169456129,phase2-full-grid-rerun-20260731-l4-l4-tp1-f2040-i32-o32-r10-rep3-seg1-attempt2,phase2-full-grid-rerun-20260731-l4-l4-tp1-f2040-i32-o32-r10-rep3-seg1-attempt2-00092-094774551fd2,0,client_ready,,
1785511853128402153,1137223171931568,phase2-full-grid-rerun-20260731-l4-l4-tp1-f2040-i32-o32-r10-rep3-seg1-attempt2,phase2-full-grid-rerun-20260731-l4-l4-tp1-f2040-i32-o32-r10-rep3-seg1-attempt2-00092-094774551fd2,0,semaphore_acquired,,
1785511853129738114,1137223173267461,phase2-full-grid-rerun-20260731-l4-l4-tp1-f2040-i32-o32-r10-rep3-seg1-attempt2,phase2-full-grid-rerun-20260731-l4-l4-tp1-f2040-i32-o32-r10-rep3-seg1-attempt2-00092-094774551fd2,1,attempt_send,,
1785511853139942749,1137223183472221,phase2-full-grid-rerun-20260731-l4-l4-tp1-f2040-i32-o32-r10-rep3-seg1-attempt2,phase2-full-grid-rerun-20260731-l4-l4-tp1-f2040-i32-o32-r10-rep3-seg1-attempt2-00090-0c5c61a0a5b8,1,first_token,,
1785511853147240258,1137223190769798,phase2-full-grid-rerun-20260731-l4-l4-tp1-f2040-i32-o32-r10-rep3-seg1-attempt2,phase2-full-grid-rerun-20260731-l4-l4-tp1-f2040-i32-o32-r10-rep3-seg1-attempt2-00070-d2579263aacd,1,request_complete,200,
1785511853148515046,1137223192044350,phase2-full-grid-rerun-20260731-l4-l4-tp1-f2040-i32-o32-r10-rep3-seg1-attempt2,phase2-full-grid-rerun-20260731-l4-l4-tp1-f2040-i32-o32-r10-rep3-seg1-attempt2-00092-094774551fd2,1,response_headers,200,response_request_id=phase2-full-grid-rerun-20260731-l4-l4-tp1-f2040-i32-o32-r10-rep3-seg1-attempt2-00092-094774551fd2
1785511853205269092,1137223248798791,phase2-full-grid-rerun-20260731-l4-l4-tp1-f2040-i32-o32-r10-rep3-seg1-attempt2,phase2-full-grid-rerun-20260731-l4-l4-tp1-f2040-i32-o32-r10-rep3-seg1-attempt2-00091-af09dfebe942,1,first_token,,
1785511853226077604,1137223269607371,phase2-full-grid-rerun-20260731-l4-l4-tp1-f2040-i32-o32-r10-rep3-seg1-attempt2,phase2-full-grid-rerun-20260731-l4-l4-tp1-f2040-i32-o32-r10-rep3-seg1-attempt2-00093-ba09aef96169,0,client_ready,,
1785511853228115955,1137223271645373,phase2-full-grid-rerun-20260731-l4-l4-tp1-f2040-i32-o32-r10-rep3-seg1-attempt2,phase2-full-grid-rerun-20260731-l4-l4-tp1-f2040-i32-o32-r10-rep3-seg1-attempt2-00093-ba09aef96169,0,semaphore_acquired,,
1785511853229521753,1137223273051435,phase2-full-grid-rerun-20260731-l4-l4-tp1-f2040-i32-o32-r10-rep3-seg1-attempt2,phase2-full-grid-rerun-20260731-l4-l4-tp1-f2040-i32-o32-r10-rep3-seg1-attempt2-00093-ba09aef96169,1,attempt_send,,
1785511853235312620,1137223278842134,phase2-full-grid-rerun-20260731-l4-l4-tp1-f2040-i32-o32-r10-rep3-seg1-attempt2,phase2-full-grid-rerun-20260731-l4-l4-tp1-f2040-i32-o32-r10-rep3-seg1-attempt2-00093-ba09aef96169,1,response_headers,200,response_request_id=phase2-full-grid-rerun-20260731-l4-l4-tp1-f2040-i32-o32-r10-rep3-seg1-attempt2-00093-ba09aef96169
1785511853277694516,1137223321224275,phase2-full-grid-rerun-20260731-l4-l4-tp1-f2040-i32-o32-r10-rep3-seg1-attempt2,phase2-full-grid-rerun-20260731-l4-l4-tp1-f2040-i32-o32-r10-rep3-seg1-attempt2-00071-99a3b4ce3bd2,1,request_complete,200,
1785511853326132801,1137223369662548,phase2-full-grid-rerun-20260731-l4-l4-tp1-f2040-i32-o32-r10-rep3-seg1-attempt2,phase2-full-grid-rerun-20260731-l4-l4-tp1-f2040-i32-o32-r10-rep3-seg1-attempt2-00094-da48f795bcd4,0,client_ready,,
1785511853327895243,1137223371424711,phase2-full-grid-rerun-20260731-l4-l4-tp1-f2040-i32-o32-r10-rep3-seg1-attempt2,phase2-full-grid-rerun-20260731-l4-l4-tp1-f2040-i32-o32-r10-rep3-seg1-attempt2-00094-da48f795bcd4,0,semaphore_acquired,,
1785511853328934390,1137223372463902,phase2-full-grid-rerun-20260731-l4-l4-tp1-f2040-i32-o32-r10-rep3-seg1-attempt2,phase2-full-grid-rerun-20260731-l4-l4-tp1-f2040-i32-o32-r10-rep3-seg1-attempt2-00094-da48f795bcd4,1,attempt_send,,
1785511853338179579,1137223381709014,phase2-full-grid-rerun-20260731-l4-l4-tp1-f2040-i32-o32-r10-rep3-seg1-attempt2,phase2-full-grid-rerun-20260731-l4-l4-tp1-f2040-i32-o32-r10-rep3-seg1-attempt2-00092-094774551fd2,1,first_token,,
1785511853345944349,1137223389474018,phase2-full-grid-rerun-20260731-l4-l4-tp1-f2040-i32-o32-r10-rep3-seg1-attempt2,phase2-full-grid-rerun-20260731-l4-l4-tp1-f2040-i32-o32-r10-rep3-seg1-attempt2-00072-a6d0b9817994,1,request_complete,200,
1785511853347235454,1137223390764817,phase2-full-grid-rerun-20260731-l4-l4-tp1-f2040-i32-o32-r10-rep3-seg1-attempt2,phase2-full-grid-rerun-20260731-l4-l4-tp1-f2040-i32-o32-r10-rep3-seg1-attempt2-00094-da48f795bcd4,1,response_headers,200,response_request_id=phase2-full-grid-rerun-20260731-l4-l4-tp1-f2040-i32-o32-r10-rep3-seg1-attempt2-00094-da48f795bcd4
1785511853404552463,1137223448082108,phase2-full-grid-rerun-20260731-l4-l4-tp1-f2040-i32-o32-r10-rep3-seg1-attempt2,phase2-full-grid-rerun-20260731-l4-l4-tp1-f2040-i32-o32-r10-rep3-seg1-attempt2-00093-ba09aef96169,1,first_token,,
1785511853426974393,1137223470504211,phase2-full-grid-rerun-20260731-l4-l4-tp1-f2040-i32-o32-r10-rep3-seg1-attempt2,phase2-full-grid-rerun-20260731-l4-l4-tp1-f2040-i32-o32-r10-rep3-seg1-attempt2-00095-3b93fae87baa,0,client_ready,,
1785511853428785217,1137223472314598,phase2-full-grid-rerun-20260731-l4-l4-tp1-f2040-i32-o32-r10-rep3-seg1-attempt2,phase2-full-grid-rerun-20260731-l4-l4-tp1-f2040-i32-o32-r10-rep3-seg1-attempt2-00095-3b93fae87baa,0,semaphore_acquired,,
1785511853430312088,1137223473841630,phase2-full-grid-rerun-20260731-l4-l4-tp1-f2040-i32-o32-r10-rep3-seg1-attempt2,phase2-full-grid-rerun-20260731-l4-l4-tp1-f2040-i32-o32-r10-rep3-seg1-attempt2-00095-3b93fae87baa,1,attempt_send,,
1785511853436057695,1137223479587103,phase2-full-grid-rerun-20260731-l4-l4-tp1-f2040-i32-o32-r10-rep3-seg1-attempt2,phase2-full-grid-rerun-20260731-l4-l4-tp1-f2040-i32-o32-r10-rep3-seg1-attempt2-00095-3b93fae87baa,1,response_headers,200,response_request_id=phase2-full-grid-rerun-20260731-l4-l4-tp1-f2040-i32-o32-r10-rep3-seg1-attempt2-00095-3b93fae87baa
1785511853478621555,1137223522151360,phase2-full-grid-rerun-20260731-l4-l4-tp1-f2040-i32-o32-r10-rep3-seg1-attempt2,phase2-full-grid-rerun-20260731-l4-l4-tp1-f2040-i32-o32-r10-rep3-seg1-attempt2-00073-cb187a5ecc20,1,request_complete,200,
1785511853526394659,1137223569924328,phase2-full-grid-rerun-20260731-l4-l4-tp1-f2040-i32-o32-r10-rep3-seg1-attempt2,phase2-full-grid-rerun-20260731-l4-l4-tp1-f2040-i32-o32-r10-rep3-seg1-attempt2-00096-2acc68153b1d,0,client_ready,,
1785511853529103626,1137223572633061,phase2-full-grid-rerun-20260731-l4-l4-tp1-f2040-i32-o32-r10-rep3-seg1-attempt2,phase2-full-grid-rerun-20260731-l4-l4-tp1-f2040-i32-o32-r10-rep3-seg1-attempt2-00096-2acc68153b1d,0,semaphore_acquired,,
1785511853530659129,1137223574188647,phase2-full-grid-rerun-20260731-l4-l4-tp1-f2040-i32-o32-r10-rep3-seg1-attempt2,phase2-full-grid-rerun-20260731-l4-l4-tp1-f2040-i32-o32-r10-rep3-seg1-attempt2-00096-2acc68153b1d,1,attempt_send,,
1785511853537299817,1137223580829254,phase2-full-grid-rerun-20260731-l4-l4-tp1-f2040-i32-o32-r10-rep3-seg1-attempt2,phase2-full-grid-rerun-20260731-l4-l4-tp1-f2040-i32-o32-r10-rep3-seg1-attempt2-00094-da48f795bcd4,1,first_token,,
1785511853546735924,1137223590265669,phase2-full-grid-rerun-20260731-l4-l4-tp1-f2040-i32-o32-r10-rep3-seg1-attempt2,phase2-full-grid-rerun-20260731-l4-l4-tp1-f2040-i32-o32-r10-rep3-seg1-attempt2-00074-50b6fae1cc05,1,request_complete,200,
1785511853547961684,1137223591491114,phase2-full-grid-rerun-20260731-l4-l4-tp1-f2040-i32-o32-r10-rep3-seg1-attempt2,phase2-full-grid-rerun-20260731-l4-l4-tp1-f2040-i32-o32-r10-rep3-seg1-attempt2-00096-2acc68153b1d,1,response_headers,200,response_request_id=phase2-full-grid-rerun-20260731-l4-l4-tp1-f2040-i32-o32-r10-rep3-seg1-attempt2-00096-2acc68153b1d
1785511853603133333,1137223646663015,phase2-full-grid-rerun-20260731-l4-l4-tp1-f2040-i32-o32-r10-rep3-seg1-attempt2,phase2-full-grid-rerun-20260731-l4-l4-tp1-f2040-i32-o32-r10-rep3-seg1-attempt2-00095-3b93fae87baa,1,first_token,,
1785511853625837726,1137223669367470,phase2-full-grid-rerun-20260731-l4-l4-tp1-f2040-i32-o32-r10-rep3-seg1-attempt2,phase2-full-grid-rerun-20260731-l4-l4-tp1-f2040-i32-o32-r10-rep3-seg1-attempt2-00097-221bd6351371,0,client_ready,,
1785511853628506249,1137223672035604,phase2-full-grid-rerun-20260731-l4-l4-tp1-f2040-i32-o32-r10-rep3-seg1-attempt2,phase2-full-grid-rerun-20260731-l4-l4-tp1-f2040-i32-o32-r10-rep3-seg1-attempt2-00097-221bd6351371,0,semaphore_acquired,,
1785511853630122697,1137223673652187,phase2-full-grid-rerun-20260731-l4-l4-tp1-f2040-i32-o32-r10-rep3-seg1-attempt2,phase2-full-grid-rerun-20260731-l4-l4-tp1-f2040-i32-o32-r10-rep3-seg1-attempt2-00097-221bd6351371,1,attempt_send,,
1785511853636096661,1137223679626095,phase2-full-grid-rerun-20260731-l4-l4-tp1-f2040-i32-o32-r10-rep3-seg1-attempt2,phase2-full-grid-rerun-20260731-l4-l4-tp1-f2040-i32-o32-r10-rep3-seg1-attempt2-00097-221bd6351371,1,response_headers,200,response_request_id=phase2-full-grid-rerun-20260731-l4-l4-tp1-f2040-i32-o32-r10-rep3-seg1-attempt2-00097-221bd6351371
1785511853676065403,1137223719595178,phase2-full-grid-rerun-20260731-l4-l4-tp1-f2040-i32-o32-r10-rep3-seg1-attempt2,phase2-full-grid-rerun-20260731-l4-l4-tp1-f2040-i32-o32-r10-rep3-seg1-attempt2-00075-f2dea100cfbd,1,request_complete,200,
1785511853725751166,1137223769280975,phase2-full-grid-rerun-20260731-l4-l4-tp1-f2040-i32-o32-r10-rep3-seg1-attempt2,phase2-full-grid-rerun-20260731-l4-l4-tp1-f2040-i32-o32-r10-rep3-seg1-attempt2-00098-01f6bcf602ba,0,client_ready,,
1785511853728385769,1137223771915181,phase2-full-grid-rerun-20260731-l4-l4-tp1-f2040-i32-o32-r10-rep3-seg1-attempt2,phase2-full-grid-rerun-20260731-l4-l4-tp1-f2040-i32-o32-r10-rep3-seg1-attempt2-00098-01f6bcf602ba,0,semaphore_acquired,,
1785511853730039451,1137223773568803,phase2-full-grid-rerun-20260731-l4-l4-tp1-f2040-i32-o32-r10-rep3-seg1-attempt2,phase2-full-grid-rerun-20260731-l4-l4-tp1-f2040-i32-o32-r10-rep3-seg1-attempt2-00098-01f6bcf602ba,1,attempt_send,,
1785511853741121103,1137223784650515,phase2-full-grid-rerun-20260731-l4-l4-tp1-f2040-i32-o32-r10-rep3-seg1-attempt2,phase2-full-grid-rerun-20260731-l4-l4-tp1-f2040-i32-o32-r10-rep3-seg1-attempt2-00076-056072fa4337,1,request_complete,200,
1785511853743239387,1137223786768855,phase2-full-grid-rerun-20260731-l4-l4-tp1-f2040-i32-o32-r10-rep3-seg1-attempt2,phase2-full-grid-rerun-20260731-l4-l4-tp1-f2040-i32-o32-r10-rep3-seg1-attempt2-00096-2acc68153b1d,1,first_token,,
1785511853744407308,1137223787936656,phase2-full-grid-rerun-20260731-l4-l4-tp1-f2040-i32-o32-r10-rep3-seg1-attempt2,phase2-full-grid-rerun-20260731-l4-l4-tp1-f2040-i32-o32-r10-rep3-seg1-attempt2-00098-01f6bcf602ba,1,response_headers,200,response_request_id=phase2-full-grid-rerun-20260731-l4-l4-tp1-f2040-i32-o32-r10-rep3-seg1-attempt2-00098-01f6bcf602ba
1785511853800845529,1137223844375154,phase2-full-grid-rerun-20260731-l4-l4-tp1-f2040-i32-o32-r10-rep3-seg1-attempt2,phase2-full-grid-rerun-20260731-l4-l4-tp1-f2040-i32-o32-r10-rep3-seg1-attempt2-00097-221bd6351371,1,first_token,,
1785511853825702686,1137223869232447,phase2-full-grid-rerun-20260731-l4-l4-tp1-f2040-i32-o32-r10-rep3-seg1-attempt2,phase2-full-grid-rerun-20260731-l4-l4-tp1-f2040-i32-o32-r10-rep3-seg1-attempt2-00099-e6b0b5b30d0d,0,client_ready,,
1785511853827982353,1137223871511705,phase2-full-grid-rerun-20260731-l4-l4-tp1-f2040-i32-o32-r10-rep3-seg1-attempt2,phase2-full-grid-rerun-20260731-l4-l4-tp1-f2040-i32-o32-r10-rep3-seg1-attempt2-00099-e6b0b5b30d0d,0,semaphore_acquired,,
1785511853829429241,1137223872958812,phase2-full-grid-rerun-20260731-l4-l4-tp1-f2040-i32-o32-r10-rep3-seg1-attempt2,phase2-full-grid-rerun-20260731-l4-l4-tp1-f2040-i32-o32-r10-rep3-seg1-attempt2-00099-e6b0b5b30d0d,1,attempt_send,,
1785511853835097806,1137223878627254,phase2-full-grid-rerun-20260731-l4-l4-tp1-f2040-i32-o32-r10-rep3-seg1-attempt2,phase2-full-grid-rerun-20260731-l4-l4-tp1-f2040-i32-o32-r10-rep3-seg1-attempt2-00099-e6b0b5b30d0d,1,response_headers,200,response_request_id=phase2-full-grid-rerun-20260731-l4-l4-tp1-f2040-i32-o32-r10-rep3-seg1-attempt2-00099-e6b0b5b30d0d
1785511853876717516,1137223920247431,phase2-full-grid-rerun-20260731-l4-l4-tp1-f2040-i32-o32-r10-rep3-seg1-attempt2,phase2-full-grid-rerun-20260731-l4-l4-tp1-f2040-i32-o32-r10-rep3-seg1-attempt2-00077-0e4f1b5ca090,1,request_complete,200,
1785511853926180479,1137223969710009,phase2-full-grid-rerun-20260731-l4-l4-tp1-f2040-i32-o32-r10-rep3-seg1-attempt2,phase2-full-grid-rerun-20260731-l4-l4-tp1-f2040-i32-o32-r10-rep3-seg1-attempt2-00100-2785492a5be0,0,client_ready,,
1785511853927943193,1137223971472628,phase2-full-grid-rerun-20260731-l4-l4-tp1-f2040-i32-o32-r10-rep3-seg1-attempt2,phase2-full-grid-rerun-20260731-l4-l4-tp1-f2040-i32-o32-r10-rep3-seg1-attempt2-00100-2785492a5be0,0,semaphore_acquired,,
1785511853929459804,1137223972989389,phase2-full-grid-rerun-20260731-l4-l4-tp1-f2040-i32-o32-r10-rep3-seg1-attempt2,phase2-full-grid-rerun-20260731-l4-l4-tp1-f2040-i32-o32-r10-rep3-seg1-attempt2-00100-2785492a5be0,1,attempt_send,,
1785511853933976206,1137223977505833,phase2-full-grid-rerun-20260731-l4-l4-tp1-f2040-i32-o32-r10-rep3-seg1-attempt2,phase2-full-grid-rerun-20260731-l4-l4-tp1-f2040-i32-o32-r10-rep3-seg1-attempt2-00098-01f6bcf602ba,1,first_token,,
1785511853941502600,1137223985032141,phase2-full-grid-rerun-20260731-l4-l4-tp1-f2040-i32-o32-r10-rep3-seg1-attempt2,phase2-full-grid-rerun-20260731-l4-l4-tp1-f2040-i32-o32-r10-rep3-seg1-attempt2-00078-58e9d6f47458,1,request_complete,200,
1785511853944171482,1137223987700914,phase2-full-grid-rerun-20260731-l4-l4-tp1-f2040-i32-o32-r10-rep3-seg1-attempt2,phase2-full-grid-rerun-20260731-l4-l4-tp1-f2040-i32-o32-r10-rep3-seg1-attempt2-00100-2785492a5be0,1,response_headers,200,response_request_id=phase2-full-grid-rerun-20260731-l4-l4-tp1-f2040-i32-o32-r10-rep3-seg1-attempt2-00100-2785492a5be0
1785511854000202875,1137224043732567,phase2-full-grid-rerun-20260731-l4-l4-tp1-f2040-i32-o32-r10-rep3-seg1-attempt2,phase2-full-grid-rerun-20260731-l4-l4-tp1-f2040-i32-o32-r10-rep3-seg1-attempt2-00099-e6b0b5b30d0d,1,first_token,,
1785511854026420874,1137224069950543,phase2-full-grid-rerun-20260731-l4-l4-tp1-f2040-i32-o32-r10-rep3-seg1-attempt2,phase2-full-grid-rerun-20260731-l4-l4-tp1-f2040-i32-o32-r10-rep3-seg1-attempt2-00101-ebc88d0b253d,0,client_ready,,
1785511854028966071,1137224072495493,phase2-full-grid-rerun-20260731-l4-l4-tp1-f2040-i32-o32-r10-rep3-seg1-attempt2,phase2-full-grid-rerun-20260731-l4-l4-tp1-f2040-i32-o32-r10-rep3-seg1-attempt2-00101-ebc88d0b253d,0,semaphore_acquired,,
1785511854030667684,1137224074197282,phase2-full-grid-rerun-20260731-l4-l4-tp1-f2040-i32-o32-r10-rep3-seg1-attempt2,phase2-full-grid-rerun-20260731-l4-l4-tp1-f2040-i32-o32-r10-rep3-seg1-attempt2-00101-ebc88d0b253d,1,attempt_send,,
1785511854036519909,1137224080049397,phase2-full-grid-rerun-20260731-l4-l4-tp1-f2040-i32-o32-r10-rep3-seg1-attempt2,phase2-full-grid-rerun-20260731-l4-l4-tp1-f2040-i32-o32-r10-rep3-seg1-attempt2-00101-ebc88d0b253d,1,response_headers,200,response_request_id=phase2-full-grid-rerun-20260731-l4-l4-tp1-f2040-i32-o32-r10-rep3-seg1-attempt2-00101-ebc88d0b253d
1785511854075429459,1137224118959371,phase2-full-grid-rerun-20260731-l4-l4-tp1-f2040-i32-o32-r10-rep3-seg1-attempt2,phase2-full-grid-rerun-20260731-l4-l4-tp1-f2040-i32-o32-r10-rep3-seg1-attempt2-00079-38cdff0355a2,1,request_complete,200,
1785511854126026437,1137224169556174,phase2-full-grid-rerun-20260731-l4-l4-tp1-f2040-i32-o32-r10-rep3-seg1-attempt2,phase2-full-grid-rerun-20260731-l4-l4-tp1-f2040-i32-o32-r10-rep3-seg1-attempt2-00102-b27579b5cff9,0,client_ready,,
1785511854128764867,1137224172294244,phase2-full-grid-rerun-20260731-l4-l4-tp1-f2040-i32-o32-r10-rep3-seg1-attempt2,phase2-full-grid-rerun-20260731-l4-l4-tp1-f2040-i32-o32-r10-rep3-seg1-attempt2-00102-b27579b5cff9,0,semaphore_acquired,,
1785511854130510701,1137224174040352,phase2-full-grid-rerun-20260731-l4-l4-tp1-f2040-i32-o32-r10-rep3-seg1-attempt2,phase2-full-grid-rerun-20260731-l4-l4-tp1-f2040-i32-o32-r10-rep3-seg1-attempt2-00102-b27579b5cff9,1,attempt_send,,
1785511854134577452,1137224178107037,phase2-full-grid-rerun-20260731-l4-l4-tp1-f2040-i32-o32-r10-rep3-seg1-attempt2,phase2-full-grid-rerun-20260731-l4-l4-tp1-f2040-i32-o32-r10-rep3-seg1-attempt2-00100-2785492a5be0,1,first_token,,
1785511854142906912,1137224186436334,phase2-full-grid-rerun-20260731-l4-l4-tp1-f2040-i32-o32-r10-rep3-seg1-attempt2,phase2-full-grid-rerun-20260731-l4-l4-tp1-f2040-i32-o32-r10-rep3-seg1-attempt2-00080-d5126fc5a530,1,request_complete,200,
1785511854144513302,1137224188042758,phase2-full-grid-rerun-20260731-l4-l4-tp1-f2040-i32-o32-r10-rep3-seg1-attempt2,phase2-full-grid-rerun-20260731-l4-l4-tp1-f2040-i32-o32-r10-rep3-seg1-attempt2-00102-b27579b5cff9,1,response_headers,200,response_request_id=phase2-full-grid-rerun-20260731-l4-l4-tp1-f2040-i32-o32-r10-rep3-seg1-attempt2-00102-b27579b5cff9
1785511854198594544,1137224242124079,phase2-full-grid-rerun-20260731-l4-l4-tp1-f2040-i32-o32-r10-rep3-seg1-attempt2,phase2-full-grid-rerun-20260731-l4-l4-tp1-f2040-i32-o32-r10-rep3-seg1-attempt2-00101-ebc88d0b253d,1,first_token,,
1785511854226287009,1137224269816801,phase2-full-grid-rerun-20260731-l4-l4-tp1-f2040-i32-o32-r10-rep3-seg1-attempt2,phase2-full-grid-rerun-20260731-l4-l4-tp1-f2040-i32-o32-r10-rep3-seg1-attempt2-00103-984fc72cad47,0,client_ready,,
1785511854228710423,1137224272239711,phase2-full-grid-rerun-20260731-l4-l4-tp1-f2040-i32-o32-r10-rep3-seg1-attempt2,phase2-full-grid-rerun-20260731-l4-l4-tp1-f2040-i32-o32-r10-rep3-seg1-attempt2-00103-984fc72cad47,0,semaphore_acquired,,
1785511854230336422,1137224273865923,phase2-full-grid-rerun-20260731-l4-l4-tp1-f2040-i32-o32-r10-rep3-seg1-attempt2,phase2-full-grid-rerun-20260731-l4-l4-tp1-f2040-i32-o32-r10-rep3-seg1-attempt2-00103-984fc72cad47,1,attempt_send,,
1785511854236767310,1137224280296675,phase2-full-grid-rerun-20260731-l4-l4-tp1-f2040-i32-o32-r10-rep3-seg1-attempt2,phase2-full-grid-rerun-20260731-l4-l4-tp1-f2040-i32-o32-r10-rep3-seg1-attempt2-00103-984fc72cad47,1,response_headers,200,response_request_id=phase2-full-grid-rerun-20260731-l4-l4-tp1-f2040-i32-o32-r10-rep3-seg1-attempt2-00103-984fc72cad47
1785511854273412759,1137224316942435,phase2-full-grid-rerun-20260731-l4-l4-tp1-f2040-i32-o32-r10-rep3-seg1-attempt2,phase2-full-grid-rerun-20260731-l4-l4-tp1-f2040-i32-o32-r10-rep3-seg1-attempt2-00081-f05964b04648,1,request_complete,200,
1785511854325570168,1137224369099980,phase2-full-grid-rerun-20260731-l4-l4-tp1-f2040-i32-o32-r10-rep3-seg1-attempt2,phase2-full-grid-rerun-20260731-l4-l4-tp1-f2040-i32-o32-r10-rep3-seg1-attempt2-00104-f106b4524387,0,client_ready,,
1785511854328154132,1137224371683716,phase2-full-grid-rerun-20260731-l4-l4-tp1-f2040-i32-o32-r10-rep3-seg1-attempt2,phase2-full-grid-rerun-20260731-l4-l4-tp1-f2040-i32-o32-r10-rep3-seg1-attempt2-00104-f106b4524387,0,semaphore_acquired,,
1785511854329852001,1137224373381541,phase2-full-grid-rerun-20260731-l4-l4-tp1-f2040-i32-o32-r10-rep3-seg1-attempt2,phase2-full-grid-rerun-20260731-l4-l4-tp1-f2040-i32-o32-r10-rep3-seg1-attempt2-00104-f106b4524387,1,attempt_send,,
1785511854334650038,1137224378179544,phase2-full-grid-rerun-20260731-l4-l4-tp1-f2040-i32-o32-r10-rep3-seg1-attempt2,phase2-full-grid-rerun-20260731-l4-l4-tp1-f2040-i32-o32-r10-rep3-seg1-attempt2-00102-b27579b5cff9,1,first_token,,
1785511854342612161,1137224386141532,phase2-full-grid-rerun-20260731-l4-l4-tp1-f2040-i32-o32-r10-rep3-seg1-attempt2,phase2-full-grid-rerun-20260731-l4-l4-tp1-f2040-i32-o32-r10-rep3-seg1-attempt2-00082-6c298a8c8616,1,request_complete,200,
1785511854343911052,1137224387440446,phase2-full-grid-rerun-20260731-l4-l4-tp1-f2040-i32-o32-r10-rep3-seg1-attempt2,phase2-full-grid-rerun-20260731-l4-l4-tp1-f2040-i32-o32-r10-rep3-seg1-attempt2-00104-f106b4524387,1,response_headers,200,response_request_id=phase2-full-grid-rerun-20260731-l4-l4-tp1-f2040-i32-o32-r10-rep3-seg1-attempt2-00104-f106b4524387
1785511854399257855,1137224442787561,phase2-full-grid-rerun-20260731-l4-l4-tp1-f2040-i32-o32-r10-rep3-seg1-attempt2,phase2-full-grid-rerun-20260731-l4-l4-tp1-f2040-i32-o32-r10-rep3-seg1-attempt2-00103-984fc72cad47,1,first_token,,
1785511854425792631,1137224469322367,phase2-full-grid-rerun-20260731-l4-l4-tp1-f2040-i32-o32-r10-rep3-seg1-attempt2,phase2-full-grid-rerun-20260731-l4-l4-tp1-f2040-i32-o32-r10-rep3-seg1-attempt2-00105-6f3dd7a3ee75,0,client_ready,,
1785511854428268602,1137224471797987,phase2-full-grid-rerun-20260731-l4-l4-tp1-f2040-i32-o32-r10-rep3-seg1-attempt2,phase2-full-grid-rerun-20260731-l4-l4-tp1-f2040-i32-o32-r10-rep3-seg1-attempt2-00105-6f3dd7a3ee75,0,semaphore_acquired,,
1785511854430272306,1137224473801686,phase2-full-grid-rerun-20260731-l4-l4-tp1-f2040-i32-o32-r10-rep3-seg1-attempt2,phase2-full-grid-rerun-20260731-l4-l4-tp1-f2040-i32-o32-r10-rep3-seg1-attempt2-00105-6f3dd7a3ee75,1,attempt_send,,
1785511854437701689,1137224481231044,phase2-full-grid-rerun-20260731-l4-l4-tp1-f2040-i32-o32-r10-rep3-seg1-attempt2,phase2-full-grid-rerun-20260731-l4-l4-tp1-f2040-i32-o32-r10-rep3-seg1-attempt2-00105-6f3dd7a3ee75,1,response_headers,200,response_request_id=phase2-full-grid-rerun-20260731-l4-l4-tp1-f2040-i32-o32-r10-rep3-seg1-attempt2-00105-6f3dd7a3ee75
1785511854473507820,1137224517037580,phase2-full-grid-rerun-20260731-l4-l4-tp1-f2040-i32-o32-r10-rep3-seg1-attempt2,phase2-full-grid-rerun-20260731-l4-l4-tp1-f2040-i32-o32-r10-rep3-seg1-attempt2-00083-37414f5844c2,1,request_complete,200,
1785511854526191638,1137224569721409,phase2-full-grid-rerun-20260731-l4-l4-tp1-f2040-i32-o32-r10-rep3-seg1-attempt2,phase2-full-grid-rerun-20260731-l4-l4-tp1-f2040-i32-o32-r10-rep3-seg1-attempt2-00106-ded3942ffefc,0,client_ready,,
1785511854528727146,1137224572256644,phase2-full-grid-rerun-20260731-l4-l4-tp1-f2040-i32-o32-r10-rep3-seg1-attempt2,phase2-full-grid-rerun-20260731-l4-l4-tp1-f2040-i32-o32-r10-rep3-seg1-attempt2-00106-ded3942ffefc,0,semaphore_acquired,,
1785511854530726860,1137224574256241,phase2-full-grid-rerun-20260731-l4-l4-tp1-f2040-i32-o32-r10-rep3-seg1-attempt2,phase2-full-grid-rerun-20260731-l4-l4-tp1-f2040-i32-o32-r10-rep3-seg1-attempt2-00106-ded3942ffefc,1,attempt_send,,
1785511854533952738,1137224577482173,phase2-full-grid-rerun-20260731-l4-l4-tp1-f2040-i32-o32-r10-rep3-seg1-attempt2,phase2-full-grid-rerun-20260731-l4-l4-tp1-f2040-i32-o32-r10-rep3-seg1-attempt2-00104-f106b4524387,1,first_token,,
1785511854537705250,1137224581234602,phase2-full-grid-rerun-20260731-l4-l4-tp1-f2040-i32-o32-r10-rep3-seg1-attempt2,phase2-full-grid-rerun-20260731-l4-l4-tp1-f2040-i32-o32-r10-rep3-seg1-attempt2-00106-ded3942ffefc,1,response_headers,200,response_request_id=phase2-full-grid-rerun-20260731-l4-l4-tp1-f2040-i32-o32-r10-rep3-seg1-attempt2-00106-ded3942ffefc
1785511854597935510,1137224641465029,phase2-full-grid-rerun-20260731-l4-l4-tp1-f2040-i32-o32-r10-rep3-seg1-attempt2,phase2-full-grid-rerun-20260731-l4-l4-tp1-f2040-i32-o32-r10-rep3-seg1-attempt2-00105-6f3dd7a3ee75,1,first_token,,
1785511854609377881,1137224652907436,phase2-full-grid-rerun-20260731-l4-l4-tp1-f2040-i32-o32-r10-rep3-seg1-attempt2,phase2-full-grid-rerun-20260731-l4-l4-tp1-f2040-i32-o32-r10-rep3-seg1-attempt2-00084-6cc5556307f2,1,request_complete,200,
1785511854626216276,1137224669745708,phase2-full-grid-rerun-20260731-l4-l4-tp1-f2040-i32-o32-r10-rep3-seg1-attempt2,phase2-full-grid-rerun-20260731-l4-l4-tp1-f2040-i32-o32-r10-rep3-seg1-attempt2-00107-58c62dca3eb7,0,client_ready,,
1785511854628286716,1137224671816085,phase2-full-grid-rerun-20260731-l4-l4-tp1-f2040-i32-o32-r10-rep3-seg1-attempt2,phase2-full-grid-rerun-20260731-l4-l4-tp1-f2040-i32-o32-r10-rep3-seg1-attempt2-00107-58c62dca3eb7,0,semaphore_acquired,,
1785511854630330761,1137224673860192,phase2-full-grid-rerun-20260731-l4-l4-tp1-f2040-i32-o32-r10-rep3-seg1-attempt2,phase2-full-grid-rerun-20260731-l4-l4-tp1-f2040-i32-o32-r10-rep3-seg1-attempt2-00107-58c62dca3eb7,1,attempt_send,,
1785511854636783007,1137224680312584,phase2-full-grid-rerun-20260731-l4-l4-tp1-f2040-i32-o32-r10-rep3-seg1-attempt2,phase2-full-grid-rerun-20260731-l4-l4-tp1-f2040-i32-o32-r10-rep3-seg1-attempt2-00107-58c62dca3eb7,1,response_headers,200,response_request_id=phase2-full-grid-rerun-20260731-l4-l4-tp1-f2040-i32-o32-r10-rep3-seg1-attempt2-00107-58c62dca3eb7
1785511854671990540,1137224715520301,phase2-full-grid-rerun-20260731-l4-l4-tp1-f2040-i32-o32-r10-rep3-seg1-attempt2,phase2-full-grid-rerun-20260731-l4-l4-tp1-f2040-i32-o32-r10-rep3-seg1-attempt2-00085-0e70c4f4b5f5,1,request_complete,200,
1785511854726822394,1137224770352156,phase2-full-grid-rerun-20260731-l4-l4-tp1-f2040-i32-o32-r10-rep3-seg1-attempt2,phase2-full-grid-rerun-20260731-l4-l4-tp1-f2040-i32-o32-r10-rep3-seg1-attempt2-00108-a2b978d73fdd,0,client_ready,,
1785511854729046318,1137224772575578,phase2-full-grid-rerun-20260731-l4-l4-tp1-f2040-i32-o32-r10-rep3-seg1-attempt2,phase2-full-grid-rerun-20260731-l4-l4-tp1-f2040-i32-o32-r10-rep3-seg1-attempt2-00108-a2b978d73fdd,0,semaphore_acquired,,
1785511854730758058,1137224774287596,phase2-full-grid-rerun-20260731-l4-l4-tp1-f2040-i32-o32-r10-rep3-seg1-attempt2,phase2-full-grid-rerun-20260731-l4-l4-tp1-f2040-i32-o32-r10-rep3-seg1-attempt2-00108-a2b978d73fdd,1,attempt_send,,
1785511854734994127,1137224778523580,phase2-full-grid-rerun-20260731-l4-l4-tp1-f2040-i32-o32-r10-rep3-seg1-attempt2,phase2-full-grid-rerun-20260731-l4-l4-tp1-f2040-i32-o32-r10-rep3-seg1-attempt2-00106-ded3942ffefc,1,first_token,,
1785511854737055409,1137224780584706,phase2-full-grid-rerun-20260731-l4-l4-tp1-f2040-i32-o32-r10-rep3-seg1-attempt2,phase2-full-grid-rerun-20260731-l4-l4-tp1-f2040-i32-o32-r10-rep3-seg1-attempt2-00108-a2b978d73fdd,1,response_headers,200,response_request_id=phase2-full-grid-rerun-20260731-l4-l4-tp1-f2040-i32-o32-r10-rep3-seg1-attempt2-00108-a2b978d73fdd
1785511854798317290,1137224841846835,phase2-full-grid-rerun-20260731-l4-l4-tp1-f2040-i32-o32-r10-rep3-seg1-attempt2,phase2-full-grid-rerun-20260731-l4-l4-tp1-f2040-i32-o32-r10-rep3-seg1-attempt2-00107-58c62dca3eb7,1,first_token,,
1785511854806641879,1137224850171602,phase2-full-grid-rerun-20260731-l4-l4-tp1-f2040-i32-o32-r10-rep3-seg1-attempt2,phase2-full-grid-rerun-20260731-l4-l4-tp1-f2040-i32-o32-r10-rep3-seg1-attempt2-00086-079b4a0a0fbf,1,request_complete,200,
1785511854827168501,1137224870697957,phase2-full-grid-rerun-20260731-l4-l4-tp1-f2040-i32-o32-r10-rep3-seg1-attempt2,phase2-full-grid-rerun-20260731-l4-l4-tp1-f2040-i32-o32-r10-rep3-seg1-attempt2-00109-ab29ea782396,0,client_ready,,
1785511854829052491,1137224872581796,phase2-full-grid-rerun-20260731-l4-l4-tp1-f2040-i32-o32-r10-rep3-seg1-attempt2,phase2-full-grid-rerun-20260731-l4-l4-tp1-f2040-i32-o32-r10-rep3-seg1-attempt2-00109-ab29ea782396,0,semaphore_acquired,,
1785511854830452549,1137224873981865,phase2-full-grid-rerun-20260731-l4-l4-tp1-f2040-i32-o32-r10-rep3-seg1-attempt2,phase2-full-grid-rerun-20260731-l4-l4-tp1-f2040-i32-o32-r10-rep3-seg1-attempt2-00109-ab29ea782396,1,attempt_send,,
1785511854836153320,1137224879682755,phase2-full-grid-rerun-20260731-l4-l4-tp1-f2040-i32-o32-r10-rep3-seg1-attempt2,phase2-full-grid-rerun-20260731-l4-l4-tp1-f2040-i32-o32-r10-rep3-seg1-attempt2-00109-ab29ea782396,1,response_headers,200,response_request_id=phase2-full-grid-rerun-20260731-l4-l4-tp1-f2040-i32-o32-r10-rep3-seg1-attempt2-00109-ab29ea782396
1785511854871157301,1137224914686989,phase2-full-grid-rerun-20260731-l4-l4-tp1-f2040-i32-o32-r10-rep3-seg1-attempt2,phase2-full-grid-rerun-20260731-l4-l4-tp1-f2040-i32-o32-r10-rep3-seg1-attempt2-00087-79391e8538e1,1,request_complete,200,
1785511854925797075,1137224969326780,phase2-full-grid-rerun-20260731-l4-l4-tp1-f2040-i32-o32-r10-rep3-seg1-attempt2,phase2-full-grid-rerun-20260731-l4-l4-tp1-f2040-i32-o32-r10-rep3-seg1-attempt2-00110-e19586552c2e,0,client_ready,,
1785511854928529543,1137224972058924,phase2-full-grid-rerun-20260731-l4-l4-tp1-f2040-i32-o32-r10-rep3-seg1-attempt2,phase2-full-grid-rerun-20260731-l4-l4-tp1-f2040-i32-o32-r10-rep3-seg1-attempt2-00110-e19586552c2e,0,semaphore_acquired,,
1785511854930399145,1137224973928651,phase2-full-grid-rerun-20260731-l4-l4-tp1-f2040-i32-o32-r10-rep3-seg1-attempt2,phase2-full-grid-rerun-20260731-l4-l4-tp1-f2040-i32-o32-r10-rep3-seg1-attempt2-00110-e19586552c2e,1,attempt_send,,
1785511854933968211,1137224977497642,phase2-full-grid-rerun-20260731-l4-l4-tp1-f2040-i32-o32-r10-rep3-seg1-attempt2,phase2-full-grid-rerun-20260731-l4-l4-tp1-f2040-i32-o32-r10-rep3-seg1-attempt2-00108-a2b978d73fdd,1,first_token,,
1785511854936618637,1137224980147952,phase2-full-grid-rerun-20260731-l4-l4-tp1-f2040-i32-o32-r10-rep3-seg1-attempt2,phase2-full-grid-rerun-20260731-l4-l4-tp1-f2040-i32-o32-r10-rep3-seg1-attempt2-00110-e19586552c2e,1,response_headers,200,response_request_id=phase2-full-grid-rerun-20260731-l4-l4-tp1-f2040-i32-o32-r10-rep3-seg1-attempt2-00110-e19586552c2e
1785511855002646918,1137225046176799,phase2-full-grid-rerun-20260731-l4-l4-tp1-f2040-i32-o32-r10-rep3-seg1-attempt2,phase2-full-grid-rerun-20260731-l4-l4-tp1-f2040-i32-o32-r10-rep3-seg1-attempt2-00088-550f727eb58d,1,request_complete,200,
1785511855004126870,1137225047656397,phase2-full-grid-rerun-20260731-l4-l4-tp1-f2040-i32-o32-r10-rep3-seg1-attempt2,phase2-full-grid-rerun-20260731-l4-l4-tp1-f2040-i32-o32-r10-rep3-seg1-attempt2-00109-ab29ea782396,1,first_token,,
1785511855026361993,1137225069891854,phase2-full-grid-rerun-20260731-l4-l4-tp1-f2040-i32-o32-r10-rep3-seg1-attempt2,phase2-full-grid-rerun-20260731-l4-l4-tp1-f2040-i32-o32-r10-rep3-seg1-attempt2-00111-07549c18322b,0,client_ready,,
1785511855028611557,1137225072141050,phase2-full-grid-rerun-20260731-l4-l4-tp1-f2040-i32-o32-r10-rep3-seg1-attempt2,phase2-full-grid-rerun-20260731-l4-l4-tp1-f2040-i32-o32-r10-rep3-seg1-attempt2-00111-07549c18322b,0,semaphore_acquired,,
1785511855029812578,1137225073342000,phase2-full-grid-rerun-20260731-l4-l4-tp1-f2040-i32-o32-r10-rep3-seg1-attempt2,phase2-full-grid-rerun-20260731-l4-l4-tp1-f2040-i32-o32-r10-rep3-seg1-attempt2-00111-07549c18322b,1,attempt_send,,
1785511855035437038,1137225078966538,phase2-full-grid-rerun-20260731-l4-l4-tp1-f2040-i32-o32-r10-rep3-seg1-attempt2,phase2-full-grid-rerun-20260731-l4-l4-tp1-f2040-i32-o32-r10-rep3-seg1-attempt2-00111-07549c18322b,1,response_headers,200,response_request_id=phase2-full-grid-rerun-20260731-l4-l4-tp1-f2040-i32-o32-r10-rep3-seg1-attempt2-00111-07549c18322b
1785511855069886604,1137225113416593,phase2-full-grid-rerun-20260731-l4-l4-tp1-f2040-i32-o32-r10-rep3-seg1-attempt2,phase2-full-grid-rerun-20260731-l4-l4-tp1-f2040-i32-o32-r10-rep3-seg1-attempt2-00089-36c903c579ea,1,request_complete,200,
1785511855126283422,1137225169813130,phase2-full-grid-rerun-20260731-l4-l4-tp1-f2040-i32-o32-r10-rep3-seg1-attempt2,phase2-full-grid-rerun-20260731-l4-l4-tp1-f2040-i32-o32-r10-rep3-seg1-attempt2-00112-566d1c620540,0,client_ready,,
1785511855128256247,1137225171785688,phase2-full-grid-rerun-20260731-l4-l4-tp1-f2040-i32-o32-r10-rep3-seg1-attempt2,phase2-full-grid-rerun-20260731-l4-l4-tp1-f2040-i32-o32-r10-rep3-seg1-attempt2-00112-566d1c620540,0,semaphore_acquired,,
1785511855129915442,1137225173445017,phase2-full-grid-rerun-20260731-l4-l4-tp1-f2040-i32-o32-r10-rep3-seg1-attempt2,phase2-full-grid-rerun-20260731-l4-l4-tp1-f2040-i32-o32-r10-rep3-seg1-attempt2-00112-566d1c620540,1,attempt_send,,
1785511855133800857,1137225177330274,phase2-full-grid-rerun-20260731-l4-l4-tp1-f2040-i32-o32-r10-rep3-seg1-attempt2,phase2-full-grid-rerun-20260731-l4-l4-tp1-f2040-i32-o32-r10-rep3-seg1-attempt2-00110-e19586552c2e,1,first_token,,
1785511855136688356,1137225180217722,phase2-full-grid-rerun-20260731-l4-l4-tp1-f2040-i32-o32-r10-rep3-seg1-attempt2,phase2-full-grid-rerun-20260731-l4-l4-tp1-f2040-i32-o32-r10-rep3-seg1-attempt2-00112-566d1c620540,1,response_headers,200,response_request_id=phase2-full-grid-rerun-20260731-l4-l4-tp1-f2040-i32-o32-r10-rep3-seg1-attempt2-00112-566d1c620540
1785511855195063936,1137225238593494,phase2-full-grid-rerun-20260731-l4-l4-tp1-f2040-i32-o32-r10-rep3-seg1-attempt2,phase2-full-grid-rerun-20260731-l4-l4-tp1-f2040-i32-o32-r10-rep3-seg1-attempt2-00111-07549c18322b,1,first_token,,
1785511855206751407,1137225250280977,phase2-full-grid-rerun-20260731-l4-l4-tp1-f2040-i32-o32-r10-rep3-seg1-attempt2,phase2-full-grid-rerun-20260731-l4-l4-tp1-f2040-i32-o32-r10-rep3-seg1-attempt2-00090-0c5c61a0a5b8,1,request_complete,200,
1785511855227200563,1137225270729818,phase2-full-grid-rerun-20260731-l4-l4-tp1-f2040-i32-o32-r10-rep3-seg1-attempt2,phase2-full-grid-rerun-20260731-l4-l4-tp1-f2040-i32-o32-r10-rep3-seg1-attempt2-00113-2fb67f5f37dd,0,client_ready,,
1785511855229882692,1137225273411984,phase2-full-grid-rerun-20260731-l4-l4-tp1-f2040-i32-o32-r10-rep3-seg1-attempt2,phase2-full-grid-rerun-20260731-l4-l4-tp1-f2040-i32-o32-r10-rep3-seg1-attempt2-00113-2fb67f5f37dd,0,semaphore_acquired,,
1785511855231491204,1137225275020514,phase2-full-grid-rerun-20260731-l4-l4-tp1-f2040-i32-o32-r10-rep3-seg1-attempt2,phase2-full-grid-rerun-20260731-l4-l4-tp1-f2040-i32-o32-r10-rep3-seg1-attempt2-00113-2fb67f5f37dd,1,attempt_send,,
1785511855237312617,1137225280842012,phase2-full-grid-rerun-20260731-l4-l4-tp1-f2040-i32-o32-r10-rep3-seg1-attempt2,phase2-full-grid-rerun-20260731-l4-l4-tp1-f2040-i32-o32-r10-rep3-seg1-attempt2-00113-2fb67f5f37dd,1,response_headers,200,response_request_id=phase2-full-grid-rerun-20260731-l4-l4-tp1-f2040-i32-o32-r10-rep3-seg1-attempt2-00113-2fb67f5f37dd
1785511855269194771,1137225312724359,phase2-full-grid-rerun-20260731-l4-l4-tp1-f2040-i32-o32-r10-rep3-seg1-attempt2,phase2-full-grid-rerun-20260731-l4-l4-tp1-f2040-i32-o32-r10-rep3-seg1-attempt2-00091-af09dfebe942,1,request_complete,200,
1785511855327109573,1137225370639108,phase2-full-grid-rerun-20260731-l4-l4-tp1-f2040-i32-o32-r10-rep3-seg1-attempt2,phase2-full-grid-rerun-20260731-l4-l4-tp1-f2040-i32-o32-r10-rep3-seg1-attempt2-00114-d139ea30befd,0,client_ready,,
1785511855329964332,1137225373493701,phase2-full-grid-rerun-20260731-l4-l4-tp1-f2040-i32-o32-r10-rep3-seg1-attempt2,phase2-full-grid-rerun-20260731-l4-l4-tp1-f2040-i32-o32-r10-rep3-seg1-attempt2-00114-d139ea30befd,0,semaphore_acquired,,
1785511855331940131,1137225375469662,phase2-full-grid-rerun-20260731-l4-l4-tp1-f2040-i32-o32-r10-rep3-seg1-attempt2,phase2-full-grid-rerun-20260731-l4-l4-tp1-f2040-i32-o32-r10-rep3-seg1-attempt2-00114-d139ea30befd,1,attempt_send,,
1785511855334204199,1137225377733707,phase2-full-grid-rerun-20260731-l4-l4-tp1-f2040-i32-o32-r10-rep3-seg1-attempt2,phase2-full-grid-rerun-20260731-l4-l4-tp1-f2040-i32-o32-r10-rep3-seg1-attempt2-00112-566d1c620540,1,first_token,,
1785511855340349859,1137225383879256,phase2-full-grid-rerun-20260731-l4-l4-tp1-f2040-i32-o32-r10-rep3-seg1-attempt2,phase2-full-grid-rerun-20260731-l4-l4-tp1-f2040-i32-o32-r10-rep3-seg1-attempt2-00114-d139ea30befd,1,response_headers,200,response_request_id=phase2-full-grid-rerun-20260731-l4-l4-tp1-f2040-i32-o32-r10-rep3-seg1-attempt2-00114-d139ea30befd
1785511855402800905,1137225446330670,phase2-full-grid-rerun-20260731-l4-l4-tp1-f2040-i32-o32-r10-rep3-seg1-attempt2,phase2-full-grid-rerun-20260731-l4-l4-tp1-f2040-i32-o32-r10-rep3-seg1-attempt2-00092-094774551fd2,1,request_complete,200,
1785511855405303636,1137225448833111,phase2-full-grid-rerun-20260731-l4-l4-tp1-f2040-i32-o32-r10-rep3-seg1-attempt2,phase2-full-grid-rerun-20260731-l4-l4-tp1-f2040-i32-o32-r10-rep3-seg1-attempt2-00113-2fb67f5f37dd,1,first_token,,
1785511855426428309,1137225469957916,phase2-full-grid-rerun-20260731-l4-l4-tp1-f2040-i32-o32-r10-rep3-seg1-attempt2,phase2-full-grid-rerun-20260731-l4-l4-tp1-f2040-i32-o32-r10-rep3-seg1-attempt2-00115-98648bc5dda5,0,client_ready,,
1785511855428944354,1137225472473832,phase2-full-grid-rerun-20260731-l4-l4-tp1-f2040-i32-o32-r10-rep3-seg1-attempt2,phase2-full-grid-rerun-20260731-l4-l4-tp1-f2040-i32-o32-r10-rep3-seg1-attempt2-00115-98648bc5dda5,0,semaphore_acquired,,
1785511855430799904,1137225474329376,phase2-full-grid-rerun-20260731-l4-l4-tp1-f2040-i32-o32-r10-rep3-seg1-attempt2,phase2-full-grid-rerun-20260731-l4-l4-tp1-f2040-i32-o32-r10-rep3-seg1-attempt2-00115-98648bc5dda5,1,attempt_send,,
1785511855436411975,1137225479941530,phase2-full-grid-rerun-20260731-l4-l4-tp1-f2040-i32-o32-r10-rep3-seg1-attempt2,phase2-full-grid-rerun-20260731-l4-l4-tp1-f2040-i32-o32-r10-rep3-seg1-attempt2-00115-98648bc5dda5,1,response_headers,200,response_request_id=phase2-full-grid-rerun-20260731-l4-l4-tp1-f2040-i32-o32-r10-rep3-seg1-attempt2-00115-98648bc5dda5
1785511855467457303,1137225510986858,phase2-full-grid-rerun-20260731-l4-l4-tp1-f2040-i32-o32-r10-rep3-seg1-attempt2,phase2-full-grid-rerun-20260731-l4-l4-tp1-f2040-i32-o32-r10-rep3-seg1-attempt2-00093-ba09aef96169,1,request_complete,200,
1785511855525753790,1137225569283471,phase2-full-grid-rerun-20260731-l4-l4-tp1-f2040-i32-o32-r10-rep3-seg1-attempt2,phase2-full-grid-rerun-20260731-l4-l4-tp1-f2040-i32-o32-r10-rep3-seg1-attempt2-00114-d139ea30befd,1,first_token,,
1785511855529853131,1137225573382630,phase2-full-grid-rerun-20260731-l4-l4-tp1-f2040-i32-o32-r10-rep3-seg1-attempt2,phase2-full-grid-rerun-20260731-l4-l4-tp1-f2040-i32-o32-r10-rep3-seg1-attempt2-00116-98ef5b797cb7,0,client_ready,,
1785511855531829553,1137225575358881,phase2-full-grid-rerun-20260731-l4-l4-tp1-f2040-i32-o32-r10-rep3-seg1-attempt2,phase2-full-grid-rerun-20260731-l4-l4-tp1-f2040-i32-o32-r10-rep3-seg1-attempt2-00116-98ef5b797cb7,0,semaphore_acquired,,
1785511855533337001,1137225576866524,phase2-full-grid-rerun-20260731-l4-l4-tp1-f2040-i32-o32-r10-rep3-seg1-attempt2,phase2-full-grid-rerun-20260731-l4-l4-tp1-f2040-i32-o32-r10-rep3-seg1-attempt2-00116-98ef5b797cb7,1,attempt_send,,
1785511855539201452,1137225582730924,phase2-full-grid-rerun-20260731-l4-l4-tp1-f2040-i32-o32-r10-rep3-seg1-attempt2,phase2-full-grid-rerun-20260731-l4-l4-tp1-f2040-i32-o32-r10-rep3-seg1-attempt2-00116-98ef5b797cb7,1,response_headers,200,response_request_id=phase2-full-grid-rerun-20260731-l4-l4-tp1-f2040-i32-o32-r10-rep3-seg1-attempt2-00116-98ef5b797cb7
1785511855601851460,1137225645381173,phase2-full-grid-rerun-20260731-l4-l4-tp1-f2040-i32-o32-r10-rep3-seg1-attempt2,phase2-full-grid-rerun-20260731-l4-l4-tp1-f2040-i32-o32-r10-rep3-seg1-attempt2-00094-da48f795bcd4,1,request_complete,200,
1785511855603261775,1137225646791203,phase2-full-grid-rerun-20260731-l4-l4-tp1-f2040-i32-o32-r10-rep3-seg1-attempt2,phase2-full-grid-rerun-20260731-l4-l4-tp1-f2040-i32-o32-r10-rep3-seg1-attempt2-00115-98648bc5dda5,1,first_token,,
1785511855625932793,1137225669462166,phase2-full-grid-rerun-20260731-l4-l4-tp1-f2040-i32-o32-r10-rep3-seg1-attempt2,phase2-full-grid-rerun-20260731-l4-l4-tp1-f2040-i32-o32-r10-rep3-seg1-attempt2-00117-f986459d9b85,0,client_ready,,
1785511855628507841,1137225672037109,phase2-full-grid-rerun-20260731-l4-l4-tp1-f2040-i32-o32-r10-rep3-seg1-attempt2,phase2-full-grid-rerun-20260731-l4-l4-tp1-f2040-i32-o32-r10-rep3-seg1-attempt2-00117-f986459d9b85,0,semaphore_acquired,,
1785511855630203395,1137225673732917,phase2-full-grid-rerun-20260731-l4-l4-tp1-f2040-i32-o32-r10-rep3-seg1-attempt2,phase2-full-grid-rerun-20260731-l4-l4-tp1-f2040-i32-o32-r10-rep3-seg1-attempt2-00117-f986459d9b85,1,attempt_send,,
1785511855636143193,1137225679672494,phase2-full-grid-rerun-20260731-l4-l4-tp1-f2040-i32-o32-r10-rep3-seg1-attempt2,phase2-full-grid-rerun-20260731-l4-l4-tp1-f2040-i32-o32-r10-rep3-seg1-attempt2-00117-f986459d9b85,1,response_headers,200,response_request_id=phase2-full-grid-rerun-20260731-l4-l4-tp1-f2040-i32-o32-r10-rep3-seg1-attempt2-00117-f986459d9b85
1785511855667835317,1137225711364904,phase2-full-grid-rerun-20260731-l4-l4-tp1-f2040-i32-o32-r10-rep3-seg1-attempt2,phase2-full-grid-rerun-20260731-l4-l4-tp1-f2040-i32-o32-r10-rep3-seg1-attempt2-00095-3b93fae87baa,1,request_complete,200,
1785511855724754551,1137225768284199,phase2-full-grid-rerun-20260731-l4-l4-tp1-f2040-i32-o32-r10-rep3-seg1-attempt2,phase2-full-grid-rerun-20260731-l4-l4-tp1-f2040-i32-o32-r10-rep3-seg1-attempt2-00116-98ef5b797cb7,1,first_token,,
1785511855728794228,1137225772323657,phase2-full-grid-rerun-20260731-l4-l4-tp1-f2040-i32-o32-r10-rep3-seg1-attempt2,phase2-full-grid-rerun-20260731-l4-l4-tp1-f2040-i32-o32-r10-rep3-seg1-attempt2-00118-3f695cab31c9,0,client_ready,,
1785511855730812152,1137225774341484,phase2-full-grid-rerun-20260731-l4-l4-tp1-f2040-i32-o32-r10-rep3-seg1-attempt2,phase2-full-grid-rerun-20260731-l4-l4-tp1-f2040-i32-o32-r10-rep3-seg1-attempt2-00118-3f695cab31c9,0,semaphore_acquired,,
1785511855732624841,1137225776154246,phase2-full-grid-rerun-20260731-l4-l4-tp1-f2040-i32-o32-r10-rep3-seg1-attempt2,phase2-full-grid-rerun-20260731-l4-l4-tp1-f2040-i32-o32-r10-rep3-seg1-attempt2-00118-3f695cab31c9,1,attempt_send,,
1785511855738662564,1137225782192009,phase2-full-grid-rerun-20260731-l4-l4-tp1-f2040-i32-o32-r10-rep3-seg1-attempt2,phase2-full-grid-rerun-20260731-l4-l4-tp1-f2040-i32-o32-r10-rep3-seg1-attempt2-00118-3f695cab31c9,1,response_headers,200,response_request_id=phase2-full-grid-rerun-20260731-l4-l4-tp1-f2040-i32-o32-r10-rep3-seg1-attempt2-00118-3f695cab31c9
1785511855792442128,1137225835971683,phase2-full-grid-rerun-20260731-l4-l4-tp1-f2040-i32-o32-r10-rep3-seg1-attempt2,phase2-full-grid-rerun-20260731-l4-l4-tp1-f2040-i32-o32-r10-rep3-seg1-attempt2-00117-f986459d9b85,1,first_token,,
1785511855803626596,1137225847156183,phase2-full-grid-rerun-20260731-l4-l4-tp1-f2040-i32-o32-r10-rep3-seg1-attempt2,phase2-full-grid-rerun-20260731-l4-l4-tp1-f2040-i32-o32-r10-rep3-seg1-attempt2-00096-2acc68153b1d,1,request_complete,200,
1785511855826142889,1137225869672294,phase2-full-grid-rerun-20260731-l4-l4-tp1-f2040-i32-o32-r10-rep3-seg1-attempt2,phase2-full-grid-rerun-20260731-l4-l4-tp1-f2040-i32-o32-r10-rep3-seg1-attempt2-00119-76393d187df2,0,client_ready,,
1785511855828846650,1137225872375899,phase2-full-grid-rerun-20260731-l4-l4-tp1-f2040-i32-o32-r10-rep3-seg1-attempt2,phase2-full-grid-rerun-20260731-l4-l4-tp1-f2040-i32-o32-r10-rep3-seg1-attempt2-00119-76393d187df2,0,semaphore_acquired,,
1785511855830387257,1137225873916472,phase2-full-grid-rerun-20260731-l4-l4-tp1-f2040-i32-o32-r10-rep3-seg1-attempt2,phase2-full-grid-rerun-20260731-l4-l4-tp1-f2040-i32-o32-r10-rep3-seg1-attempt2-00119-76393d187df2,1,attempt_send,,
1785511855836334709,1137225879863957,phase2-full-grid-rerun-20260731-l4-l4-tp1-f2040-i32-o32-r10-rep3-seg1-attempt2,phase2-full-grid-rerun-20260731-l4-l4-tp1-f2040-i32-o32-r10-rep3-seg1-attempt2-00119-76393d187df2,1,response_headers,200,response_request_id=phase2-full-grid-rerun-20260731-l4-l4-tp1-f2040-i32-o32-r10-rep3-seg1-attempt2-00119-76393d187df2
1785511855865744040,1137225909273619,phase2-full-grid-rerun-20260731-l4-l4-tp1-f2040-i32-o32-r10-rep3-seg1-attempt2,phase2-full-grid-rerun-20260731-l4-l4-tp1-f2040-i32-o32-r10-rep3-seg1-attempt2-00097-221bd6351371,1,request_complete,200,
1785511855925424015,1137225968953365,phase2-full-grid-rerun-20260731-l4-l4-tp1-f2040-i32-o32-r10-rep3-seg1-attempt2,phase2-full-grid-rerun-20260731-l4-l4-tp1-f2040-i32-o32-r10-rep3-seg1-attempt2-00120-37c7f7d5350b,0,client_ready,,
1785511855928284917,1137225971814932,phase2-full-grid-rerun-20260731-l4-l4-tp1-f2040-i32-o32-r10-rep3-seg1-attempt2,phase2-full-grid-rerun-20260731-l4-l4-tp1-f2040-i32-o32-r10-rep3-seg1-attempt2-00120-37c7f7d5350b,0,semaphore_acquired,,
1785511855930429309,1137225973959127,phase2-full-grid-rerun-20260731-l4-l4-tp1-f2040-i32-o32-r10-rep3-seg1-attempt2,phase2-full-grid-rerun-20260731-l4-l4-tp1-f2040-i32-o32-r10-rep3-seg1-attempt2-00120-37c7f7d5350b,1,attempt_send,,
1785511855934745934,1137225978275469,phase2-full-grid-rerun-20260731-l4-l4-tp1-f2040-i32-o32-r10-rep3-seg1-attempt2,phase2-full-grid-rerun-20260731-l4-l4-tp1-f2040-i32-o32-r10-rep3-seg1-attempt2-00118-3f695cab31c9,1,first_token,,
1785511855937877654,1137225981407095,phase2-full-grid-rerun-20260731-l4-l4-tp1-f2040-i32-o32-r10-rep3-seg1-attempt2,phase2-full-grid-rerun-20260731-l4-l4-tp1-f2040-i32-o32-r10-rep3-seg1-attempt2-00120-37c7f7d5350b,1,response_headers,200,response_request_id=phase2-full-grid-rerun-20260731-l4-l4-tp1-f2040-i32-o32-r10-rep3-seg1-attempt2-00120-37c7f7d5350b
1785511856001316406,1137226044846471,phase2-full-grid-rerun-20260731-l4-l4-tp1-f2040-i32-o32-r10-rep3-seg1-attempt2,phase2-full-grid-rerun-20260731-l4-l4-tp1-f2040-i32-o32-r10-rep3-seg1-attempt2-00098-01f6bcf602ba,1,request_complete,200,
1785511856004157785,1137226047687283,phase2-full-grid-rerun-20260731-l4-l4-tp1-f2040-i32-o32-r10-rep3-seg1-attempt2,phase2-full-grid-rerun-20260731-l4-l4-tp1-f2040-i32-o32-r10-rep3-seg1-attempt2-00119-76393d187df2,1,first_token,,
1785511856025958087,1137226069487837,phase2-full-grid-rerun-20260731-l4-l4-tp1-f2040-i32-o32-r10-rep3-seg1-attempt2,phase2-full-grid-rerun-20260731-l4-l4-tp1-f2040-i32-o32-r10-rep3-seg1-attempt2-00121-63033a2333cd,0,client_ready,,
1785511856029052488,1137226072582257,phase2-full-grid-rerun-20260731-l4-l4-tp1-f2040-i32-o32-r10-rep3-seg1-attempt2,phase2-full-grid-rerun-20260731-l4-l4-tp1-f2040-i32-o32-r10-rep3-seg1-attempt2-00121-63033a2333cd,0,semaphore_acquired,,
1785511856031121546,1137226074651344,phase2-full-grid-rerun-20260731-l4-l4-tp1-f2040-i32-o32-r10-rep3-seg1-attempt2,phase2-full-grid-rerun-20260731-l4-l4-tp1-f2040-i32-o32-r10-rep3-seg1-attempt2-00121-63033a2333cd,1,attempt_send,,
1785511856037892782,1137226081422603,phase2-full-grid-rerun-20260731-l4-l4-tp1-f2040-i32-o32-r10-rep3-seg1-attempt2,phase2-full-grid-rerun-20260731-l4-l4-tp1-f2040-i32-o32-r10-rep3-seg1-attempt2-00121-63033a2333cd,1,response_headers,200,response_request_id=phase2-full-grid-rerun-20260731-l4-l4-tp1-f2040-i32-o32-r10-rep3-seg1-attempt2-00121-63033a2333cd
1785511856064380825,1137226107910405,phase2-full-grid-rerun-20260731-l4-l4-tp1-f2040-i32-o32-r10-rep3-seg1-attempt2,phase2-full-grid-rerun-20260731-l4-l4-tp1-f2040-i32-o32-r10-rep3-seg1-attempt2-00099-e6b0b5b30d0d,1,request_complete,200,
1785511856122775880,1137226166305552,phase2-full-grid-rerun-20260731-l4-l4-tp1-f2040-i32-o32-r10-rep3-seg1-attempt2,phase2-full-grid-rerun-20260731-l4-l4-tp1-f2040-i32-o32-r10-rep3-seg1-attempt2-00120-37c7f7d5350b,1,first_token,,
1785511856127041979,1137226170571521,phase2-full-grid-rerun-20260731-l4-l4-tp1-f2040-i32-o32-r10-rep3-seg1-attempt2,phase2-full-grid-rerun-20260731-l4-l4-tp1-f2040-i32-o32-r10-rep3-seg1-attempt2-00122-08f623a3d408,0,client_ready,,
1785511856128354419,1137226171883797,phase2-full-grid-rerun-20260731-l4-l4-tp1-f2040-i32-o32-r10-rep3-seg1-attempt2,phase2-full-grid-rerun-20260731-l4-l4-tp1-f2040-i32-o32-r10-rep3-seg1-attempt2-00122-08f623a3d408,0,semaphore_acquired,,
1785511856129589130,1137226173118481,phase2-full-grid-rerun-20260731-l4-l4-tp1-f2040-i32-o32-r10-rep3-seg1-attempt2,phase2-full-grid-rerun-20260731-l4-l4-tp1-f2040-i32-o32-r10-rep3-seg1-attempt2-00122-08f623a3d408,1,attempt_send,,
1785511856135434216,1137226178963730,phase2-full-grid-rerun-20260731-l4-l4-tp1-f2040-i32-o32-r10-rep3-seg1-attempt2,phase2-full-grid-rerun-20260731-l4-l4-tp1-f2040-i32-o32-r10-rep3-seg1-attempt2-00122-08f623a3d408,1,response_headers,200,response_request_id=phase2-full-grid-rerun-20260731-l4-l4-tp1-f2040-i32-o32-r10-rep3-seg1-attempt2-00122-08f623a3d408
1785511856190983691,1137226234513236,phase2-full-grid-rerun-20260731-l4-l4-tp1-f2040-i32-o32-r10-rep3-seg1-attempt2,phase2-full-grid-rerun-20260731-l4-l4-tp1-f2040-i32-o32-r10-rep3-seg1-attempt2-00121-63033a2333cd,1,first_token,,
1785511856200722362,1137226244252047,phase2-full-grid-rerun-20260731-l4-l4-tp1-f2040-i32-o32-r10-rep3-seg1-attempt2,phase2-full-grid-rerun-20260731-l4-l4-tp1-f2040-i32-o32-r10-rep3-seg1-attempt2-00100-2785492a5be0,1,request_complete,200,
1785511856226069823,1137226269599118,phase2-full-grid-rerun-20260731-l4-l4-tp1-f2040-i32-o32-r10-rep3-seg1-attempt2,phase2-full-grid-rerun-20260731-l4-l4-tp1-f2040-i32-o32-r10-rep3-seg1-attempt2-00123-49fad771b491,0,client_ready,,
1785511856228530465,1137226272060263,phase2-full-grid-rerun-20260731-l4-l4-tp1-f2040-i32-o32-r10-rep3-seg1-attempt2,phase2-full-grid-rerun-20260731-l4-l4-tp1-f2040-i32-o32-r10-rep3-seg1-attempt2-00123-49fad771b491,0,semaphore_acquired,,
1785511856230079978,1137226273609354,phase2-full-grid-rerun-20260731-l4-l4-tp1-f2040-i32-o32-r10-rep3-seg1-attempt2,phase2-full-grid-rerun-20260731-l4-l4-tp1-f2040-i32-o32-r10-rep3-seg1-attempt2-00123-49fad771b491,1,attempt_send,,
1785511856235758943,1137226279288285,phase2-full-grid-rerun-20260731-l4-l4-tp1-f2040-i32-o32-r10-rep3-seg1-attempt2,phase2-full-grid-rerun-20260731-l4-l4-tp1-f2040-i32-o32-r10-rep3-seg1-attempt2-00123-49fad771b491,1,response_headers,200,response_request_id=phase2-full-grid-rerun-20260731-l4-l4-tp1-f2040-i32-o32-r10-rep3-seg1-attempt2-00123-49fad771b491
1785511856263110684,1137226306640403,phase2-full-grid-rerun-20260731-l4-l4-tp1-f2040-i32-o32-r10-rep3-seg1-attempt2,phase2-full-grid-rerun-20260731-l4-l4-tp1-f2040-i32-o32-r10-rep3-seg1-attempt2-00101-ebc88d0b253d,1,request_complete,200,
1785511856322202388,1137226365731966,phase2-full-grid-rerun-20260731-l4-l4-tp1-f2040-i32-o32-r10-rep3-seg1-attempt2,phase2-full-grid-rerun-20260731-l4-l4-tp1-f2040-i32-o32-r10-rep3-seg1-attempt2-00122-08f623a3d408,1,first_token,,
1785511856325899166,1137226369428649,phase2-full-grid-rerun-20260731-l4-l4-tp1-f2040-i32-o32-r10-rep3-seg1-attempt2,phase2-full-grid-rerun-20260731-l4-l4-tp1-f2040-i32-o32-r10-rep3-seg1-attempt2-00124-afd7796436ec,0,client_ready,,
1785511856327364489,1137226370893897,phase2-full-grid-rerun-20260731-l4-l4-tp1-f2040-i32-o32-r10-rep3-seg1-attempt2,phase2-full-grid-rerun-20260731-l4-l4-tp1-f2040-i32-o32-r10-rep3-seg1-attempt2-00124-afd7796436ec,0,semaphore_acquired,,
1785511856328611553,1137226372141104,phase2-full-grid-rerun-20260731-l4-l4-tp1-f2040-i32-o32-r10-rep3-seg1-attempt2,phase2-full-grid-rerun-20260731-l4-l4-tp1-f2040-i32-o32-r10-rep3-seg1-attempt2-00124-afd7796436ec,1,attempt_send,,
1785511856334665126,1137226378194640,phase2-full-grid-rerun-20260731-l4-l4-tp1-f2040-i32-o32-r10-rep3-seg1-attempt2,phase2-full-grid-rerun-20260731-l4-l4-tp1-f2040-i32-o32-r10-rep3-seg1-attempt2-00124-afd7796436ec,1,response_headers,200,response_request_id=phase2-full-grid-rerun-20260731-l4-l4-tp1-f2040-i32-o32-r10-rep3-seg1-attempt2-00124-afd7796436ec
1785511856391019248,1137226434548806,phase2-full-grid-rerun-20260731-l4-l4-tp1-f2040-i32-o32-r10-rep3-seg1-attempt2,phase2-full-grid-rerun-20260731-l4-l4-tp1-f2040-i32-o32-r10-rep3-seg1-attempt2-00123-49fad771b491,1,first_token,,
1785511856399908544,1137226443438239,phase2-full-grid-rerun-20260731-l4-l4-tp1-f2040-i32-o32-r10-rep3-seg1-attempt2,phase2-full-grid-rerun-20260731-l4-l4-tp1-f2040-i32-o32-r10-rep3-seg1-attempt2-00102-b27579b5cff9,1,request_complete,200,
1785511856426283744,1137226469813423,phase2-full-grid-rerun-20260731-l4-l4-tp1-f2040-i32-o32-r10-rep3-seg1-attempt2,phase2-full-grid-rerun-20260731-l4-l4-tp1-f2040-i32-o32-r10-rep3-seg1-attempt2-00125-4b0a3e0fabb4,0,client_ready,,
1785511856428871395,1137226472400749,phase2-full-grid-rerun-20260731-l4-l4-tp1-f2040-i32-o32-r10-rep3-seg1-attempt2,phase2-full-grid-rerun-20260731-l4-l4-tp1-f2040-i32-o32-r10-rep3-seg1-attempt2-00125-4b0a3e0fabb4,0,semaphore_acquired,,
1785511856430231971,1137226473761241,phase2-full-grid-rerun-20260731-l4-l4-tp1-f2040-i32-o32-r10-rep3-seg1-attempt2,phase2-full-grid-rerun-20260731-l4-l4-tp1-f2040-i32-o32-r10-rep3-seg1-attempt2-00125-4b0a3e0fabb4,1,attempt_send,,
1785511856435771770,1137226479301071,phase2-full-grid-rerun-20260731-l4-l4-tp1-f2040-i32-o32-r10-rep3-seg1-attempt2,phase2-full-grid-rerun-20260731-l4-l4-tp1-f2040-i32-o32-r10-rep3-seg1-attempt2-00125-4b0a3e0fabb4,1,response_headers,200,response_request_id=phase2-full-grid-rerun-20260731-l4-l4-tp1-f2040-i32-o32-r10-rep3-seg1-attempt2-00125-4b0a3e0fabb4
1785511856465564094,1137226509093713,phase2-full-grid-rerun-20260731-l4-l4-tp1-f2040-i32-o32-r10-rep3-seg1-attempt2,phase2-full-grid-rerun-20260731-l4-l4-tp1-f2040-i32-o32-r10-rep3-seg1-attempt2-00103-984fc72cad47,1,request_complete,200,
1785511856519885678,1137226563415310,phase2-full-grid-rerun-20260731-l4-l4-tp1-f2040-i32-o32-r10-rep3-seg1-attempt2,phase2-full-grid-rerun-20260731-l4-l4-tp1-f2040-i32-o32-r10-rep3-seg1-attempt2-00124-afd7796436ec,1,first_token,,
1785511856525445230,1137226568974775,phase2-full-grid-rerun-20260731-l4-l4-tp1-f2040-i32-o32-r10-rep3-seg1-attempt2,phase2-full-grid-rerun-20260731-l4-l4-tp1-f2040-i32-o32-r10-rep3-seg1-attempt2-00126-e394ea168a2d,0,client_ready,,
1785511856527891123,1137226571420394,phase2-full-grid-rerun-20260731-l4-l4-tp1-f2040-i32-o32-r10-rep3-seg1-attempt2,phase2-full-grid-rerun-20260731-l4-l4-tp1-f2040-i32-o32-r10-rep3-seg1-attempt2-00126-e394ea168a2d,0,semaphore_acquired,,
1785511856529595157,1137226573124819,phase2-full-grid-rerun-20260731-l4-l4-tp1-f2040-i32-o32-r10-rep3-seg1-attempt2,phase2-full-grid-rerun-20260731-l4-l4-tp1-f2040-i32-o32-r10-rep3-seg1-attempt2-00126-e394ea168a2d,1,attempt_send,,
1785511856535416233,1137226578945679,phase2-full-grid-rerun-20260731-l4-l4-tp1-f2040-i32-o32-r10-rep3-seg1-attempt2,phase2-full-grid-rerun-20260731-l4-l4-tp1-f2040-i32-o32-r10-rep3-seg1-attempt2-00126-e394ea168a2d,1,response_headers,200,response_request_id=phase2-full-grid-rerun-20260731-l4-l4-tp1-f2040-i32-o32-r10-rep3-seg1-attempt2-00126-e394ea168a2d
1785511856597941703,1137226641471303,phase2-full-grid-rerun-20260731-l4-l4-tp1-f2040-i32-o32-r10-rep3-seg1-attempt2,phase2-full-grid-rerun-20260731-l4-l4-tp1-f2040-i32-o32-r10-rep3-seg1-attempt2-00104-f106b4524387,1,request_complete,200,
1785511856599346588,1137226642875780,phase2-full-grid-rerun-20260731-l4-l4-tp1-f2040-i32-o32-r10-rep3-seg1-attempt2,phase2-full-grid-rerun-20260731-l4-l4-tp1-f2040-i32-o32-r10-rep3-seg1-attempt2-00125-4b0a3e0fabb4,1,first_token,,
1785511856625914569,1137226669443944,phase2-full-grid-rerun-20260731-l4-l4-tp1-f2040-i32-o32-r10-rep3-seg1-attempt2,phase2-full-grid-rerun-20260731-l4-l4-tp1-f2040-i32-o32-r10-rep3-seg1-attempt2-00127-0405e2982ed6,0,client_ready,,
1785511856628937555,1137226672467343,phase2-full-grid-rerun-20260731-l4-l4-tp1-f2040-i32-o32-r10-rep3-seg1-attempt2,phase2-full-grid-rerun-20260731-l4-l4-tp1-f2040-i32-o32-r10-rep3-seg1-attempt2-00127-0405e2982ed6,0,semaphore_acquired,,
1785511856630617646,1137226674147201,phase2-full-grid-rerun-20260731-l4-l4-tp1-f2040-i32-o32-r10-rep3-seg1-attempt2,phase2-full-grid-rerun-20260731-l4-l4-tp1-f2040-i32-o32-r10-rep3-seg1-attempt2-00127-0405e2982ed6,1,attempt_send,,
1785511856636522418,1137226680051829,phase2-full-grid-rerun-20260731-l4-l4-tp1-f2040-i32-o32-r10-rep3-seg1-attempt2,phase2-full-grid-rerun-20260731-l4-l4-tp1-f2040-i32-o32-r10-rep3-seg1-attempt2-00127-0405e2982ed6,1,response_headers,200,response_request_id=phase2-full-grid-rerun-20260731-l4-l4-tp1-f2040-i32-o32-r10-rep3-seg1-attempt2-00127-0405e2982ed6
1785511856662811289,1137226706340682,phase2-full-grid-rerun-20260731-l4-l4-tp1-f2040-i32-o32-r10-rep3-seg1-attempt2,phase2-full-grid-rerun-20260731-l4-l4-tp1-f2040-i32-o32-r10-rep3-seg1-attempt2-00105-6f3dd7a3ee75,1,request_complete,200,
1785511856720014185,1137226763543511,phase2-full-grid-rerun-20260731-l4-l4-tp1-f2040-i32-o32-r10-rep3-seg1-attempt2,phase2-full-grid-rerun-20260731-l4-l4-tp1-f2040-i32-o32-r10-rep3-seg1-attempt2-00126-e394ea168a2d,1,first_token,,
1785511856726306106,1137226769835487,phase2-full-grid-rerun-20260731-l4-l4-tp1-f2040-i32-o32-r10-rep3-seg1-attempt2,phase2-full-grid-rerun-20260731-l4-l4-tp1-f2040-i32-o32-r10-rep3-seg1-attempt2-00128-3acfc7da300d,0,client_ready,,
1785511856728309356,1137226771838829,phase2-full-grid-rerun-20260731-l4-l4-tp1-f2040-i32-o32-r10-rep3-seg1-attempt2,phase2-full-grid-rerun-20260731-l4-l4-tp1-f2040-i32-o32-r10-rep3-seg1-attempt2-00128-3acfc7da300d,0,semaphore_acquired,,
1785511856729856424,1137226773385823,phase2-full-grid-rerun-20260731-l4-l4-tp1-f2040-i32-o32-r10-rep3-seg1-attempt2,phase2-full-grid-rerun-20260731-l4-l4-tp1-f2040-i32-o32-r10-rep3-seg1-attempt2-00128-3acfc7da300d,1,attempt_send,,
1785511856736017963,1137226779547370,phase2-full-grid-rerun-20260731-l4-l4-tp1-f2040-i32-o32-r10-rep3-seg1-attempt2,phase2-full-grid-rerun-20260731-l4-l4-tp1-f2040-i32-o32-r10-rep3-seg1-attempt2-00128-3acfc7da300d,1,response_headers,200,response_request_id=phase2-full-grid-rerun-20260731-l4-l4-tp1-f2040-i32-o32-r10-rep3-seg1-attempt2-00128-3acfc7da300d
1785511856787725993,1137226831255618,phase2-full-grid-rerun-20260731-l4-l4-tp1-f2040-i32-o32-r10-rep3-seg1-attempt2,phase2-full-grid-rerun-20260731-l4-l4-tp1-f2040-i32-o32-r10-rep3-seg1-attempt2-00127-0405e2982ed6,1,first_token,,
1785511856797514843,1137226841044335,phase2-full-grid-rerun-20260731-l4-l4-tp1-f2040-i32-o32-r10-rep3-seg1-attempt2,phase2-full-grid-rerun-20260731-l4-l4-tp1-f2040-i32-o32-r10-rep3-seg1-attempt2-00106-ded3942ffefc,1,request_complete,200,
1785511856826076277,1137226869606182,phase2-full-grid-rerun-20260731-l4-l4-tp1-f2040-i32-o32-r10-rep3-seg1-attempt2,phase2-full-grid-rerun-20260731-l4-l4-tp1-f2040-i32-o32-r10-rep3-seg1-attempt2-00129-1406182175f5,0,client_ready,,
1785511856828869166,1137226872398614,phase2-full-grid-rerun-20260731-l4-l4-tp1-f2040-i32-o32-r10-rep3-seg1-attempt2,phase2-full-grid-rerun-20260731-l4-l4-tp1-f2040-i32-o32-r10-rep3-seg1-attempt2-00129-1406182175f5,0,semaphore_acquired,,
1785511856830540128,1137226874069630,phase2-full-grid-rerun-20260731-l4-l4-tp1-f2040-i32-o32-r10-rep3-seg1-attempt2,phase2-full-grid-rerun-20260731-l4-l4-tp1-f2040-i32-o32-r10-rep3-seg1-attempt2-00129-1406182175f5,1,attempt_send,,
1785511856836297691,1137226879827075,phase2-full-grid-rerun-20260731-l4-l4-tp1-f2040-i32-o32-r10-rep3-seg1-attempt2,phase2-full-grid-rerun-20260731-l4-l4-tp1-f2040-i32-o32-r10-rep3-seg1-attempt2-00129-1406182175f5,1,response_headers,200,response_request_id=phase2-full-grid-rerun-20260731-l4-l4-tp1-f2040-i32-o32-r10-rep3-seg1-attempt2-00129-1406182175f5
1785511856863761965,1137226907291781,phase2-full-grid-rerun-20260731-l4-l4-tp1-f2040-i32-o32-r10-rep3-seg1-attempt2,phase2-full-grid-rerun-20260731-l4-l4-tp1-f2040-i32-o32-r10-rep3-seg1-attempt2-00107-58c62dca3eb7,1,request_complete,200,
1785511856919760644,1137226963290053,phase2-full-grid-rerun-20260731-l4-l4-tp1-f2040-i32-o32-r10-rep3-seg1-attempt2,phase2-full-grid-rerun-20260731-l4-l4-tp1-f2040-i32-o32-r10-rep3-seg1-attempt2-00128-3acfc7da300d,1,first_token,,
1785511856925792599,1137226969322168,phase2-full-grid-rerun-20260731-l4-l4-tp1-f2040-i32-o32-r10-rep3-seg1-attempt2,phase2-full-grid-rerun-20260731-l4-l4-tp1-f2040-i32-o32-r10-rep3-seg1-attempt2-00130-f90332547cb9,0,client_ready,,
1785511856927702975,1137226971232517,phase2-full-grid-rerun-20260731-l4-l4-tp1-f2040-i32-o32-r10-rep3-seg1-attempt2,phase2-full-grid-rerun-20260731-l4-l4-tp1-f2040-i32-o32-r10-rep3-seg1-attempt2-00130-f90332547cb9,0,semaphore_acquired,,
1785511856929210337,1137226972739722,phase2-full-grid-rerun-20260731-l4-l4-tp1-f2040-i32-o32-r10-rep3-seg1-attempt2,phase2-full-grid-rerun-20260731-l4-l4-tp1-f2040-i32-o32-r10-rep3-seg1-attempt2-00130-f90332547cb9,1,attempt_send,,
1785511856938050430,1137226981579879,phase2-full-grid-rerun-20260731-l4-l4-tp1-f2040-i32-o32-r10-rep3-seg1-attempt2,phase2-full-grid-rerun-20260731-l4-l4-tp1-f2040-i32-o32-r10-rep3-seg1-attempt2-00130-f90332547cb9,1,response_headers,200,response_request_id=phase2-full-grid-rerun-20260731-l4-l4-tp1-f2040-i32-o32-r10-rep3-seg1-attempt2-00130-f90332547cb9
1785511856989376907,1137227032906465,phase2-full-grid-rerun-20260731-l4-l4-tp1-f2040-i32-o32-r10-rep3-seg1-attempt2,phase2-full-grid-rerun-20260731-l4-l4-tp1-f2040-i32-o32-r10-rep3-seg1-attempt2-00129-1406182175f5,1,first_token,,
1785511856997259461,1137227040788957,phase2-full-grid-rerun-20260731-l4-l4-tp1-f2040-i32-o32-r10-rep3-seg1-attempt2,phase2-full-grid-rerun-20260731-l4-l4-tp1-f2040-i32-o32-r10-rep3-seg1-attempt2-00108-a2b978d73fdd,1,request_complete,200,
1785511857025697715,1137227069227472,phase2-full-grid-rerun-20260731-l4-l4-tp1-f2040-i32-o32-r10-rep3-seg1-attempt2,phase2-full-grid-rerun-20260731-l4-l4-tp1-f2040-i32-o32-r10-rep3-seg1-attempt2-00131-12cb3d83254f,0,client_ready,,
1785511857028292779,1137227071822237,phase2-full-grid-rerun-20260731-l4-l4-tp1-f2040-i32-o32-r10-rep3-seg1-attempt2,phase2-full-grid-rerun-20260731-l4-l4-tp1-f2040-i32-o32-r10-rep3-seg1-attempt2-00131-12cb3d83254f,0,semaphore_acquired,,
1785511857029976105,1137227073505607,phase2-full-grid-rerun-20260731-l4-l4-tp1-f2040-i32-o32-r10-rep3-seg1-attempt2,phase2-full-grid-rerun-20260731-l4-l4-tp1-f2040-i32-o32-r10-rep3-seg1-attempt2-00131-12cb3d83254f,1,attempt_send,,
1785511857036109017,1137227079638365,phase2-full-grid-rerun-20260731-l4-l4-tp1-f2040-i32-o32-r10-rep3-seg1-attempt2,phase2-full-grid-rerun-20260731-l4-l4-tp1-f2040-i32-o32-r10-rep3-seg1-attempt2-00131-12cb3d83254f,1,response_headers,200,response_request_id=phase2-full-grid-rerun-20260731-l4-l4-tp1-f2040-i32-o32-r10-rep3-seg1-attempt2-00131-12cb3d83254f
1785511857061435669,1137227104965142,phase2-full-grid-rerun-20260731-l4-l4-tp1-f2040-i32-o32-r10-rep3-seg1-attempt2,phase2-full-grid-rerun-20260731-l4-l4-tp1-f2040-i32-o32-r10-rep3-seg1-attempt2-00109-ab29ea782396,1,request_complete,200,
1785511857119034373,1137227162563912,phase2-full-grid-rerun-20260731-l4-l4-tp1-f2040-i32-o32-r10-rep3-seg1-attempt2,phase2-full-grid-rerun-20260731-l4-l4-tp1-f2040-i32-o32-r10-rep3-seg1-attempt2-00130-f90332547cb9,1,first_token,,
1785511857126202851,1137227169732349,phase2-full-grid-rerun-20260731-l4-l4-tp1-f2040-i32-o32-r10-rep3-seg1-attempt2,phase2-full-grid-rerun-20260731-l4-l4-tp1-f2040-i32-o32-r10-rep3-seg1-attempt2-00132-1027ec931bc2,0,client_ready,,
1785511857128213008,1137227171742420,phase2-full-grid-rerun-20260731-l4-l4-tp1-f2040-i32-o32-r10-rep3-seg1-attempt2,phase2-full-grid-rerun-20260731-l4-l4-tp1-f2040-i32-o32-r10-rep3-seg1-attempt2-00132-1027ec931bc2,0,semaphore_acquired,,
1785511857129844488,1137227173374013,phase2-full-grid-rerun-20260731-l4-l4-tp1-f2040-i32-o32-r10-rep3-seg1-attempt2,phase2-full-grid-rerun-20260731-l4-l4-tp1-f2040-i32-o32-r10-rep3-seg1-attempt2-00132-1027ec931bc2,1,attempt_send,,
1785511857135987701,1137227179517129,phase2-full-grid-rerun-20260731-l4-l4-tp1-f2040-i32-o32-r10-rep3-seg1-attempt2,phase2-full-grid-rerun-20260731-l4-l4-tp1-f2040-i32-o32-r10-rep3-seg1-attempt2-00132-1027ec931bc2,1,response_headers,200,response_request_id=phase2-full-grid-rerun-20260731-l4-l4-tp1-f2040-i32-o32-r10-rep3-seg1-attempt2-00132-1027ec931bc2
1785511857187260803,1137227230790378,phase2-full-grid-rerun-20260731-l4-l4-tp1-f2040-i32-o32-r10-rep3-seg1-attempt2,phase2-full-grid-rerun-20260731-l4-l4-tp1-f2040-i32-o32-r10-rep3-seg1-attempt2-00131-12cb3d83254f,1,first_token,,
1785511857195632838,1137227239162159,phase2-full-grid-rerun-20260731-l4-l4-tp1-f2040-i32-o32-r10-rep3-seg1-attempt2,phase2-full-grid-rerun-20260731-l4-l4-tp1-f2040-i32-o32-r10-rep3-seg1-attempt2-00110-e19586552c2e,1,request_complete,200,
1785511857226085978,1137227269615523,phase2-full-grid-rerun-20260731-l4-l4-tp1-f2040-i32-o32-r10-rep3-seg1-attempt2,phase2-full-grid-rerun-20260731-l4-l4-tp1-f2040-i32-o32-r10-rep3-seg1-attempt2-00133-d830d44779fd,0,client_ready,,
1785511857229046297,1137227272575802,phase2-full-grid-rerun-20260731-l4-l4-tp1-f2040-i32-o32-r10-rep3-seg1-attempt2,phase2-full-grid-rerun-20260731-l4-l4-tp1-f2040-i32-o32-r10-rep3-seg1-attempt2-00133-d830d44779fd,0,semaphore_acquired,,
1785511857230679193,1137227274208591,phase2-full-grid-rerun-20260731-l4-l4-tp1-f2040-i32-o32-r10-rep3-seg1-attempt2,phase2-full-grid-rerun-20260731-l4-l4-tp1-f2040-i32-o32-r10-rep3-seg1-attempt2-00133-d830d44779fd,1,attempt_send,,
1785511857236758729,1137227280288184,phase2-full-grid-rerun-20260731-l4-l4-tp1-f2040-i32-o32-r10-rep3-seg1-attempt2,phase2-full-grid-rerun-20260731-l4-l4-tp1-f2040-i32-o32-r10-rep3-seg1-attempt2-00133-d830d44779fd,1,response_headers,200,response_request_id=phase2-full-grid-rerun-20260731-l4-l4-tp1-f2040-i32-o32-r10-rep3-seg1-attempt2-00133-d830d44779fd
1785511857259673189,1137227303202433,phase2-full-grid-rerun-20260731-l4-l4-tp1-f2040-i32-o32-r10-rep3-seg1-attempt2,phase2-full-grid-rerun-20260731-l4-l4-tp1-f2040-i32-o32-r10-rep3-seg1-attempt2-00111-07549c18322b,1,request_complete,200,
1785511857317566386,1137227361095895,phase2-full-grid-rerun-20260731-l4-l4-tp1-f2040-i32-o32-r10-rep3-seg1-attempt2,phase2-full-grid-rerun-20260731-l4-l4-tp1-f2040-i32-o32-r10-rep3-seg1-attempt2-00132-1027ec931bc2,1,first_token,,
1785511857326205871,1137227369735296,phase2-full-grid-rerun-20260731-l4-l4-tp1-f2040-i32-o32-r10-rep3-seg1-attempt2,phase2-full-grid-rerun-20260731-l4-l4-tp1-f2040-i32-o32-r10-rep3-seg1-attempt2-00134-6a39dd0c51a6,0,client_ready,,
1785511857328794945,1137227372324343,phase2-full-grid-rerun-20260731-l4-l4-tp1-f2040-i32-o32-r10-rep3-seg1-attempt2,phase2-full-grid-rerun-20260731-l4-l4-tp1-f2040-i32-o32-r10-rep3-seg1-attempt2-00134-6a39dd0c51a6,0,semaphore_acquired,,
1785511857330680814,1137227374210349,phase2-full-grid-rerun-20260731-l4-l4-tp1-f2040-i32-o32-r10-rep3-seg1-attempt2,phase2-full-grid-rerun-20260731-l4-l4-tp1-f2040-i32-o32-r10-rep3-seg1-attempt2-00134-6a39dd0c51a6,1,attempt_send,,
1785511857336527713,1137227380057099,phase2-full-grid-rerun-20260731-l4-l4-tp1-f2040-i32-o32-r10-rep3-seg1-attempt2,phase2-full-grid-rerun-20260731-l4-l4-tp1-f2040-i32-o32-r10-rep3-seg1-attempt2-00134-6a39dd0c51a6,1,response_headers,200,response_request_id=phase2-full-grid-rerun-20260731-l4-l4-tp1-f2040-i32-o32-r10-rep3-seg1-attempt2-00134-6a39dd0c51a6
1785511857386986848,1137227430516423,phase2-full-grid-rerun-20260731-l4-l4-tp1-f2040-i32-o32-r10-rep3-seg1-attempt2,phase2-full-grid-rerun-20260731-l4-l4-tp1-f2040-i32-o32-r10-rep3-seg1-attempt2-00133-d830d44779fd,1,first_token,,
1785511857395585911,1137227439115676,phase2-full-grid-rerun-20260731-l4-l4-tp1-f2040-i32-o32-r10-rep3-seg1-attempt2,phase2-full-grid-rerun-20260731-l4-l4-tp1-f2040-i32-o32-r10-rep3-seg1-attempt2-00112-566d1c620540,1,request_complete,200,
1785511857426306085,1137227469835720,phase2-full-grid-rerun-20260731-l4-l4-tp1-f2040-i32-o32-r10-rep3-seg1-attempt2,phase2-full-grid-rerun-20260731-l4-l4-tp1-f2040-i32-o32-r10-rep3-seg1-attempt2-00135-b5041877e314,0,client_ready,,
1785511857429314231,1137227472843702,phase2-full-grid-rerun-20260731-l4-l4-tp1-f2040-i32-o32-r10-rep3-seg1-attempt2,phase2-full-grid-rerun-20260731-l4-l4-tp1-f2040-i32-o32-r10-rep3-seg1-attempt2-00135-b5041877e314,0,semaphore_acquired,,
1785511857431025729,1137227474555020,phase2-full-grid-rerun-20260731-l4-l4-tp1-f2040-i32-o32-r10-rep3-seg1-attempt2,phase2-full-grid-rerun-20260731-l4-l4-tp1-f2040-i32-o32-r10-rep3-seg1-attempt2-00135-b5041877e314,1,attempt_send,,
1785511857436778799,1137227480308161,phase2-full-grid-rerun-20260731-l4-l4-tp1-f2040-i32-o32-r10-rep3-seg1-attempt2,phase2-full-grid-rerun-20260731-l4-l4-tp1-f2040-i32-o32-r10-rep3-seg1-attempt2-00135-b5041877e314,1,response_headers,200,response_request_id=phase2-full-grid-rerun-20260731-l4-l4-tp1-f2040-i32-o32-r10-rep3-seg1-attempt2-00135-b5041877e314
1785511857460053576,1137227503583226,phase2-full-grid-rerun-20260731-l4-l4-tp1-f2040-i32-o32-r10-rep3-seg1-attempt2,phase2-full-grid-rerun-20260731-l4-l4-tp1-f2040-i32-o32-r10-rep3-seg1-attempt2-00113-2fb67f5f37dd,1,request_complete,200,
1785511857514593807,1137227558123512,phase2-full-grid-rerun-20260731-l4-l4-tp1-f2040-i32-o32-r10-rep3-seg1-attempt2,phase2-full-grid-rerun-20260731-l4-l4-tp1-f2040-i32-o32-r10-rep3-seg1-attempt2-00134-6a39dd0c51a6,1,first_token,,
1785511857525603563,1137227569133037,phase2-full-grid-rerun-20260731-l4-l4-tp1-f2040-i32-o32-r10-rep3-seg1-attempt2,phase2-full-grid-rerun-20260731-l4-l4-tp1-f2040-i32-o32-r10-rep3-seg1-attempt2-00136-c1a0a8655ce0,0,client_ready,,
1785511857528120630,1137227571650066,phase2-full-grid-rerun-20260731-l4-l4-tp1-f2040-i32-o32-r10-rep3-seg1-attempt2,phase2-full-grid-rerun-20260731-l4-l4-tp1-f2040-i32-o32-r10-rep3-seg1-attempt2-00136-c1a0a8655ce0,0,semaphore_acquired,,
1785511857529640772,1137227573170073,phase2-full-grid-rerun-20260731-l4-l4-tp1-f2040-i32-o32-r10-rep3-seg1-attempt2,phase2-full-grid-rerun-20260731-l4-l4-tp1-f2040-i32-o32-r10-rep3-seg1-attempt2-00136-c1a0a8655ce0,1,attempt_send,,
1785511857535551585,1137227579080814,phase2-full-grid-rerun-20260731-l4-l4-tp1-f2040-i32-o32-r10-rep3-seg1-attempt2,phase2-full-grid-rerun-20260731-l4-l4-tp1-f2040-i32-o32-r10-rep3-seg1-attempt2-00136-c1a0a8655ce0,1,response_headers,200,response_request_id=phase2-full-grid-rerun-20260731-l4-l4-tp1-f2040-i32-o32-r10-rep3-seg1-attempt2-00136-c1a0a8655ce0
1785511857585407262,1137227628936957,phase2-full-grid-rerun-20260731-l4-l4-tp1-f2040-i32-o32-r10-rep3-seg1-attempt2,phase2-full-grid-rerun-20260731-l4-l4-tp1-f2040-i32-o32-r10-rep3-seg1-attempt2-00135-b5041877e314,1,first_token,,
1785511857594393931,1137227637923745,phase2-full-grid-rerun-20260731-l4-l4-tp1-f2040-i32-o32-r10-rep3-seg1-attempt2,phase2-full-grid-rerun-20260731-l4-l4-tp1-f2040-i32-o32-r10-rep3-seg1-attempt2-00114-d139ea30befd,1,request_complete,200,
1785511857625990642,1137227669520431,phase2-full-grid-rerun-20260731-l4-l4-tp1-f2040-i32-o32-r10-rep3-seg1-attempt2,phase2-full-grid-rerun-20260731-l4-l4-tp1-f2040-i32-o32-r10-rep3-seg1-attempt2-00137-8320a0a1f5a6,0,client_ready,,
1785511857628989484,1137227672518996,phase2-full-grid-rerun-20260731-l4-l4-tp1-f2040-i32-o32-r10-rep3-seg1-attempt2,phase2-full-grid-rerun-20260731-l4-l4-tp1-f2040-i32-o32-r10-rep3-seg1-attempt2-00137-8320a0a1f5a6,0,semaphore_acquired,,
1785511857630688386,1137227674218017,phase2-full-grid-rerun-20260731-l4-l4-tp1-f2040-i32-o32-r10-rep3-seg1-attempt2,phase2-full-grid-rerun-20260731-l4-l4-tp1-f2040-i32-o32-r10-rep3-seg1-attempt2-00137-8320a0a1f5a6,1,attempt_send,,
1785511857636713397,1137227680242918,phase2-full-grid-rerun-20260731-l4-l4-tp1-f2040-i32-o32-r10-rep3-seg1-attempt2,phase2-full-grid-rerun-20260731-l4-l4-tp1-f2040-i32-o32-r10-rep3-seg1-attempt2-00137-8320a0a1f5a6,1,response_headers,200,response_request_id=phase2-full-grid-rerun-20260731-l4-l4-tp1-f2040-i32-o32-r10-rep3-seg1-attempt2-00137-8320a0a1f5a6
1785511857658612917,1137227702142404,phase2-full-grid-rerun-20260731-l4-l4-tp1-f2040-i32-o32-r10-rep3-seg1-attempt2,phase2-full-grid-rerun-20260731-l4-l4-tp1-f2040-i32-o32-r10-rep3-seg1-attempt2-00115-98648bc5dda5,1,request_complete,200,
1785511857715248413,1137227758777858,phase2-full-grid-rerun-20260731-l4-l4-tp1-f2040-i32-o32-r10-rep3-seg1-attempt2,phase2-full-grid-rerun-20260731-l4-l4-tp1-f2040-i32-o32-r10-rep3-seg1-attempt2-00136-c1a0a8655ce0,1,first_token,,
1785511857725566900,1137227769096252,phase2-full-grid-rerun-20260731-l4-l4-tp1-f2040-i32-o32-r10-rep3-seg1-attempt2,phase2-full-grid-rerun-20260731-l4-l4-tp1-f2040-i32-o32-r10-rep3-seg1-attempt2-00138-cd11a1836da9,0,client_ready,,
1785511857727737345,1137227771266861,phase2-full-grid-rerun-20260731-l4-l4-tp1-f2040-i32-o32-r10-rep3-seg1-attempt2,phase2-full-grid-rerun-20260731-l4-l4-tp1-f2040-i32-o32-r10-rep3-seg1-attempt2-00138-cd11a1836da9,0,semaphore_acquired,,
1785511857729328369,1137227772857837,phase2-full-grid-rerun-20260731-l4-l4-tp1-f2040-i32-o32-r10-rep3-seg1-attempt2,phase2-full-grid-rerun-20260731-l4-l4-tp1-f2040-i32-o32-r10-rep3-seg1-attempt2-00138-cd11a1836da9,1,attempt_send,,
1785511857735353928,1137227778883317,phase2-full-grid-rerun-20260731-l4-l4-tp1-f2040-i32-o32-r10-rep3-seg1-attempt2,phase2-full-grid-rerun-20260731-l4-l4-tp1-f2040-i32-o32-r10-rep3-seg1-attempt2-00138-cd11a1836da9,1,response_headers,200,response_request_id=phase2-full-grid-rerun-20260731-l4-l4-tp1-f2040-i32-o32-r10-rep3-seg1-attempt2-00138-cd11a1836da9
1785511857784111888,1137227827641683,phase2-full-grid-rerun-20260731-l4-l4-tp1-f2040-i32-o32-r10-rep3-seg1-attempt2,phase2-full-grid-rerun-20260731-l4-l4-tp1-f2040-i32-o32-r10-rep3-seg1-attempt2-00137-8320a0a1f5a6,1,first_token,,
1785511857794127076,1137227837656940,phase2-full-grid-rerun-20260731-l4-l4-tp1-f2040-i32-o32-r10-rep3-seg1-attempt2,phase2-full-grid-rerun-20260731-l4-l4-tp1-f2040-i32-o32-r10-rep3-seg1-attempt2-00116-98ef5b797cb7,1,request_complete,200,
1785511857826167174,1137227869696792,phase2-full-grid-rerun-20260731-l4-l4-tp1-f2040-i32-o32-r10-rep3-seg1-attempt2,phase2-full-grid-rerun-20260731-l4-l4-tp1-f2040-i32-o32-r10-rep3-seg1-attempt2-00139-bea18d9fd278,0,client_ready,,
1785511857829365106,1137227872894555,phase2-full-grid-rerun-20260731-l4-l4-tp1-f2040-i32-o32-r10-rep3-seg1-attempt2,phase2-full-grid-rerun-20260731-l4-l4-tp1-f2040-i32-o32-r10-rep3-seg1-attempt2-00139-bea18d9fd278,0,semaphore_acquired,,
1785511857831329275,1137227874858800,phase2-full-grid-rerun-20260731-l4-l4-tp1-f2040-i32-o32-r10-rep3-seg1-attempt2,phase2-full-grid-rerun-20260731-l4-l4-tp1-f2040-i32-o32-r10-rep3-seg1-attempt2-00139-bea18d9fd278,1,attempt_send,,
1785511857837872862,1137227881402257,phase2-full-grid-rerun-20260731-l4-l4-tp1-f2040-i32-o32-r10-rep3-seg1-attempt2,phase2-full-grid-rerun-20260731-l4-l4-tp1-f2040-i32-o32-r10-rep3-seg1-attempt2-00139-bea18d9fd278,1,response_headers,200,response_request_id=phase2-full-grid-rerun-20260731-l4-l4-tp1-f2040-i32-o32-r10-rep3-seg1-attempt2-00139-bea18d9fd278
1785511857859056946,1137227902586759,phase2-full-grid-rerun-20260731-l4-l4-tp1-f2040-i32-o32-r10-rep3-seg1-attempt2,phase2-full-grid-rerun-20260731-l4-l4-tp1-f2040-i32-o32-r10-rep3-seg1-attempt2-00117-f986459d9b85,1,request_complete,200,
1785511857914131447,1137227957660975,phase2-full-grid-rerun-20260731-l4-l4-tp1-f2040-i32-o32-r10-rep3-seg1-attempt2,phase2-full-grid-rerun-20260731-l4-l4-tp1-f2040-i32-o32-r10-rep3-seg1-attempt2-00138-cd11a1836da9,1,first_token,,
1785511857926332093,1137227969861479,phase2-full-grid-rerun-20260731-l4-l4-tp1-f2040-i32-o32-r10-rep3-seg1-attempt2,phase2-full-grid-rerun-20260731-l4-l4-tp1-f2040-i32-o32-r10-rep3-seg1-attempt2-00140-7ac3217d449d,0,client_ready,,
1785511857929193978,1137227972723413,phase2-full-grid-rerun-20260731-l4-l4-tp1-f2040-i32-o32-r10-rep3-seg1-attempt2,phase2-full-grid-rerun-20260731-l4-l4-tp1-f2040-i32-o32-r10-rep3-seg1-attempt2-00140-7ac3217d449d,0,semaphore_acquired,,
1785511857931321299,1137227974850764,phase2-full-grid-rerun-20260731-l4-l4-tp1-f2040-i32-o32-r10-rep3-seg1-attempt2,phase2-full-grid-rerun-20260731-l4-l4-tp1-f2040-i32-o32-r10-rep3-seg1-attempt2-00140-7ac3217d449d,1,attempt_send,,
1785511857937514386,1137227981043835,phase2-full-grid-rerun-20260731-l4-l4-tp1-f2040-i32-o32-r10-rep3-seg1-attempt2,phase2-full-grid-rerun-20260731-l4-l4-tp1-f2040-i32-o32-r10-rep3-seg1-attempt2-00140-7ac3217d449d,1,response_headers,200,response_request_id=phase2-full-grid-rerun-20260731-l4-l4-tp1-f2040-i32-o32-r10-rep3-seg1-attempt2-00140-7ac3217d449d
1785511857983290189,1137228026819952,phase2-full-grid-rerun-20260731-l4-l4-tp1-f2040-i32-o32-r10-rep3-seg1-attempt2,phase2-full-grid-rerun-20260731-l4-l4-tp1-f2040-i32-o32-r10-rep3-seg1-attempt2-00139-bea18d9fd278,1,first_token,,
1785511857994131126,1137228037660898,phase2-full-grid-rerun-20260731-l4-l4-tp1-f2040-i32-o32-r10-rep3-seg1-attempt2,phase2-full-grid-rerun-20260731-l4-l4-tp1-f2040-i32-o32-r10-rep3-seg1-attempt2-00118-3f695cab31c9,1,request_complete,200,
1785511858026427041,1137228069956716,phase2-full-grid-rerun-20260731-l4-l4-tp1-f2040-i32-o32-r10-rep3-seg1-attempt2,phase2-full-grid-rerun-20260731-l4-l4-tp1-f2040-i32-o32-r10-rep3-seg1-attempt2-00141-d6359aea8341,0,client_ready,,
1785511858029806714,1137228073336179,phase2-full-grid-rerun-20260731-l4-l4-tp1-f2040-i32-o32-r10-rep3-seg1-attempt2,phase2-full-grid-rerun-20260731-l4-l4-tp1-f2040-i32-o32-r10-rep3-seg1-attempt2-00141-d6359aea8341,0,semaphore_acquired,,
1785511858032319959,1137228075849324,phase2-full-grid-rerun-20260731-l4-l4-tp1-f2040-i32-o32-r10-rep3-seg1-attempt2,phase2-full-grid-rerun-20260731-l4-l4-tp1-f2040-i32-o32-r10-rep3-seg1-attempt2-00141-d6359aea8341,1,attempt_send,,
1785511858038833976,1137228082363384,phase2-full-grid-rerun-20260731-l4-l4-tp1-f2040-i32-o32-r10-rep3-seg1-attempt2,phase2-full-grid-rerun-20260731-l4-l4-tp1-f2040-i32-o32-r10-rep3-seg1-attempt2-00141-d6359aea8341,1,response_headers,200,response_request_id=phase2-full-grid-rerun-20260731-l4-l4-tp1-f2040-i32-o32-r10-rep3-seg1-attempt2-00141-d6359aea8341
1785511858057854125,1137228101383762,phase2-full-grid-rerun-20260731-l4-l4-tp1-f2040-i32-o32-r10-rep3-seg1-attempt2,phase2-full-grid-rerun-20260731-l4-l4-tp1-f2040-i32-o32-r10-rep3-seg1-attempt2-00119-76393d187df2,1,request_complete,200,
1785511858113136570,1137228156666149,phase2-full-grid-rerun-20260731-l4-l4-tp1-f2040-i32-o32-r10-rep3-seg1-attempt2,phase2-full-grid-rerun-20260731-l4-l4-tp1-f2040-i32-o32-r10-rep3-seg1-attempt2-00140-7ac3217d449d,1,first_token,,
1785511858125563014,1137228169092552,phase2-full-grid-rerun-20260731-l4-l4-tp1-f2040-i32-o32-r10-rep3-seg1-attempt2,phase2-full-grid-rerun-20260731-l4-l4-tp1-f2040-i32-o32-r10-rep3-seg1-attempt2-00142-0a59d9eff073,0,client_ready,,
1785511858128300592,1137228171829923,phase2-full-grid-rerun-20260731-l4-l4-tp1-f2040-i32-o32-r10-rep3-seg1-attempt2,phase2-full-grid-rerun-20260731-l4-l4-tp1-f2040-i32-o32-r10-rep3-seg1-attempt2-00142-0a59d9eff073,0,semaphore_acquired,,
1785511858130229905,1137228173759350,phase2-full-grid-rerun-20260731-l4-l4-tp1-f2040-i32-o32-r10-rep3-seg1-attempt2,phase2-full-grid-rerun-20260731-l4-l4-tp1-f2040-i32-o32-r10-rep3-seg1-attempt2-00142-0a59d9eff073,1,attempt_send,,
1785511858137238771,1137228180768233,phase2-full-grid-rerun-20260731-l4-l4-tp1-f2040-i32-o32-r10-rep3-seg1-attempt2,phase2-full-grid-rerun-20260731-l4-l4-tp1-f2040-i32-o32-r10-rep3-seg1-attempt2-00142-0a59d9eff073,1,response_headers,200,response_request_id=phase2-full-grid-rerun-20260731-l4-l4-tp1-f2040-i32-o32-r10-rep3-seg1-attempt2-00142-0a59d9eff073
1785511858183436454,1137228226966186,phase2-full-grid-rerun-20260731-l4-l4-tp1-f2040-i32-o32-r10-rep3-seg1-attempt2,phase2-full-grid-rerun-20260731-l4-l4-tp1-f2040-i32-o32-r10-rep3-seg1-attempt2-00141-d6359aea8341,1,first_token,,
1785511858193946259,1137228237476044,phase2-full-grid-rerun-20260731-l4-l4-tp1-f2040-i32-o32-r10-rep3-seg1-attempt2,phase2-full-grid-rerun-20260731-l4-l4-tp1-f2040-i32-o32-r10-rep3-seg1-attempt2-00120-37c7f7d5350b,1,request_complete,200,
1785511858226044406,1137228269574111,phase2-full-grid-rerun-20260731-l4-l4-tp1-f2040-i32-o32-r10-rep3-seg1-attempt2,phase2-full-grid-rerun-20260731-l4-l4-tp1-f2040-i32-o32-r10-rep3-seg1-attempt2-00143-5ea37c719c31,0,client_ready,,
1785511858229226122,1137228272755410,phase2-full-grid-rerun-20260731-l4-l4-tp1-f2040-i32-o32-r10-rep3-seg1-attempt2,phase2-full-grid-rerun-20260731-l4-l4-tp1-f2040-i32-o32-r10-rep3-seg1-attempt2-00143-5ea37c719c31,0,semaphore_acquired,,
1785511858231279852,1137228274809167,phase2-full-grid-rerun-20260731-l4-l4-tp1-f2040-i32-o32-r10-rep3-seg1-attempt2,phase2-full-grid-rerun-20260731-l4-l4-tp1-f2040-i32-o32-r10-rep3-seg1-attempt2-00143-5ea37c719c31,1,attempt_send,,
1785511858237840045,1137228281369368,phase2-full-grid-rerun-20260731-l4-l4-tp1-f2040-i32-o32-r10-rep3-seg1-attempt2,phase2-full-grid-rerun-20260731-l4-l4-tp1-f2040-i32-o32-r10-rep3-seg1-attempt2-00143-5ea37c719c31,1,response_headers,200,response_request_id=phase2-full-grid-rerun-20260731-l4-l4-tp1-f2040-i32-o32-r10-rep3-seg1-attempt2-00143-5ea37c719c31
1785511858256711355,1137228300241139,phase2-full-grid-rerun-20260731-l4-l4-tp1-f2040-i32-o32-r10-rep3-seg1-attempt2,phase2-full-grid-rerun-20260731-l4-l4-tp1-f2040-i32-o32-r10-rep3-seg1-attempt2-00121-63033a2333cd,1,request_complete,200,
1785511858313603467,1137228357132894,phase2-full-grid-rerun-20260731-l4-l4-tp1-f2040-i32-o32-r10-rep3-seg1-attempt2,phase2-full-grid-rerun-20260731-l4-l4-tp1-f2040-i32-o32-r10-rep3-seg1-attempt2-00142-0a59d9eff073,1,first_token,,
1785511858326812204,1137228370341762,phase2-full-grid-rerun-20260731-l4-l4-tp1-f2040-i32-o32-r10-rep3-seg1-attempt2,phase2-full-grid-rerun-20260731-l4-l4-tp1-f2040-i32-o32-r10-rep3-seg1-attempt2-00144-d2e3b2bba412,0,client_ready,,
1785511858329834179,1137228373363624,phase2-full-grid-rerun-20260731-l4-l4-tp1-f2040-i32-o32-r10-rep3-seg1-attempt2,phase2-full-grid-rerun-20260731-l4-l4-tp1-f2040-i32-o32-r10-rep3-seg1-attempt2-00144-d2e3b2bba412,0,semaphore_acquired,,
1785511858332417615,1137228375946892,phase2-full-grid-rerun-20260731-l4-l4-tp1-f2040-i32-o32-r10-rep3-seg1-attempt2,phase2-full-grid-rerun-20260731-l4-l4-tp1-f2040-i32-o32-r10-rep3-seg1-attempt2-00144-d2e3b2bba412,1,attempt_send,,
1785511858338884490,1137228382413882,phase2-full-grid-rerun-20260731-l4-l4-tp1-f2040-i32-o32-r10-rep3-seg1-attempt2,phase2-full-grid-rerun-20260731-l4-l4-tp1-f2040-i32-o32-r10-rep3-seg1-attempt2-00144-d2e3b2bba412,1,response_headers,200,response_request_id=phase2-full-grid-rerun-20260731-l4-l4-tp1-f2040-i32-o32-r10-rep3-seg1-attempt2-00144-d2e3b2bba412
1785511858381093386,1137228424623147,phase2-full-grid-rerun-20260731-l4-l4-tp1-f2040-i32-o32-r10-rep3-seg1-attempt2,phase2-full-grid-rerun-20260731-l4-l4-tp1-f2040-i32-o32-r10-rep3-seg1-attempt2-00143-5ea37c719c31,1,first_token,,
1785511858392355214,1137228435885182,phase2-full-grid-rerun-20260731-l4-l4-tp1-f2040-i32-o32-r10-rep3-seg1-attempt2,phase2-full-grid-rerun-20260731-l4-l4-tp1-f2040-i32-o32-r10-rep3-seg1-attempt2-00122-08f623a3d408,1,request_complete,200,
1785511858425864231,1137228469393900,phase2-full-grid-rerun-20260731-l4-l4-tp1-f2040-i32-o32-r10-rep3-seg1-attempt2,phase2-full-grid-rerun-20260731-l4-l4-tp1-f2040-i32-o32-r10-rep3-seg1-attempt2-00145-7d2e68fecc2c,0,client_ready,,
1785511858429072890,1137228472602309,phase2-full-grid-rerun-20260731-l4-l4-tp1-f2040-i32-o32-r10-rep3-seg1-attempt2,phase2-full-grid-rerun-20260731-l4-l4-tp1-f2040-i32-o32-r10-rep3-seg1-attempt2-00145-7d2e68fecc2c,0,semaphore_acquired,,
1785511858431120131,1137228474649596,phase2-full-grid-rerun-20260731-l4-l4-tp1-f2040-i32-o32-r10-rep3-seg1-attempt2,phase2-full-grid-rerun-20260731-l4-l4-tp1-f2040-i32-o32-r10-rep3-seg1-attempt2-00145-7d2e68fecc2c,1,attempt_send,,
1785511858439729678,1137228483259433,phase2-full-grid-rerun-20260731-l4-l4-tp1-f2040-i32-o32-r10-rep3-seg1-attempt2,phase2-full-grid-rerun-20260731-l4-l4-tp1-f2040-i32-o32-r10-rep3-seg1-attempt2-00145-7d2e68fecc2c,1,response_headers,200,response_request_id=phase2-full-grid-rerun-20260731-l4-l4-tp1-f2040-i32-o32-r10-rep3-seg1-attempt2-00145-7d2e68fecc2c
1785511858452953770,1137228496483815,phase2-full-grid-rerun-20260731-l4-l4-tp1-f2040-i32-o32-r10-rep3-seg1-attempt2,phase2-full-grid-rerun-20260731-l4-l4-tp1-f2040-i32-o32-r10-rep3-seg1-attempt2-00123-49fad771b491,1,request_complete,200,
1785511858511894910,1137228555424744,phase2-full-grid-rerun-20260731-l4-l4-tp1-f2040-i32-o32-r10-rep3-seg1-attempt2,phase2-full-grid-rerun-20260731-l4-l4-tp1-f2040-i32-o32-r10-rep3-seg1-attempt2-00144-d2e3b2bba412,1,first_token,,
1785511858526780804,1137228570310573,phase2-full-grid-rerun-20260731-l4-l4-tp1-f2040-i32-o32-r10-rep3-seg1-attempt2,phase2-full-grid-rerun-20260731-l4-l4-tp1-f2040-i32-o32-r10-rep3-seg1-attempt2-00146-3e916d1499ac,0,client_ready,,
1785511858529810725,1137228573340170,phase2-full-grid-rerun-20260731-l4-l4-tp1-f2040-i32-o32-r10-rep3-seg1-attempt2,phase2-full-grid-rerun-20260731-l4-l4-tp1-f2040-i32-o32-r10-rep3-seg1-attempt2-00146-3e916d1499ac,0,semaphore_acquired,,
1785511858532046310,1137228575575949,phase2-full-grid-rerun-20260731-l4-l4-tp1-f2040-i32-o32-r10-rep3-seg1-attempt2,phase2-full-grid-rerun-20260731-l4-l4-tp1-f2040-i32-o32-r10-rep3-seg1-attempt2-00146-3e916d1499ac,1,attempt_send,,
1785511858538613926,1137228582143428,phase2-full-grid-rerun-20260731-l4-l4-tp1-f2040-i32-o32-r10-rep3-seg1-attempt2,phase2-full-grid-rerun-20260731-l4-l4-tp1-f2040-i32-o32-r10-rep3-seg1-attempt2-00146-3e916d1499ac,1,response_headers,200,response_request_id=phase2-full-grid-rerun-20260731-l4-l4-tp1-f2040-i32-o32-r10-rep3-seg1-attempt2-00146-3e916d1499ac
1785511858588120040,1137228631649810,phase2-full-grid-rerun-20260731-l4-l4-tp1-f2040-i32-o32-r10-rep3-seg1-attempt2,phase2-full-grid-rerun-20260731-l4-l4-tp1-f2040-i32-o32-r10-rep3-seg1-attempt2-00124-afd7796436ec,1,request_complete,200,
1785511858627491124,1137228671020899,phase2-full-grid-rerun-20260731-l4-l4-tp1-f2040-i32-o32-r10-rep3-seg1-attempt2,phase2-full-grid-rerun-20260731-l4-l4-tp1-f2040-i32-o32-r10-rep3-seg1-attempt2-00147-fc95b7973778,0,client_ready,,
1785511858630573721,1137228674103096,phase2-full-grid-rerun-20260731-l4-l4-tp1-f2040-i32-o32-r10-rep3-seg1-attempt2,phase2-full-grid-rerun-20260731-l4-l4-tp1-f2040-i32-o32-r10-rep3-seg1-attempt2-00147-fc95b7973778,0,semaphore_acquired,,
1785511858632551528,1137228676081173,phase2-full-grid-rerun-20260731-l4-l4-tp1-f2040-i32-o32-r10-rep3-seg1-attempt2,phase2-full-grid-rerun-20260731-l4-l4-tp1-f2040-i32-o32-r10-rep3-seg1-attempt2-00147-fc95b7973778,1,attempt_send,,
1785511858639264454,1137228682794318,phase2-full-grid-rerun-20260731-l4-l4-tp1-f2040-i32-o32-r10-rep3-seg1-attempt2,phase2-full-grid-rerun-20260731-l4-l4-tp1-f2040-i32-o32-r10-rep3-seg1-attempt2-00147-fc95b7973778,1,response_headers,200,response_request_id=phase2-full-grid-rerun-20260731-l4-l4-tp1-f2040-i32-o32-r10-rep3-seg1-attempt2-00147-fc95b7973778
1785511858644144266,1137228687673639,phase2-full-grid-rerun-20260731-l4-l4-tp1-f2040-i32-o32-r10-rep3-seg1-attempt2,phase2-full-grid-rerun-20260731-l4-l4-tp1-f2040-i32-o32-r10-rep3-seg1-attempt2-00145-7d2e68fecc2c,1,first_token,,
1785511858655303845,1137228698833553,phase2-full-grid-rerun-20260731-l4-l4-tp1-f2040-i32-o32-r10-rep3-seg1-attempt2,phase2-full-grid-rerun-20260731-l4-l4-tp1-f2040-i32-o32-r10-rep3-seg1-attempt2-00125-4b0a3e0fabb4,1,request_complete,200,
1785511858711790264,1137228755319847,phase2-full-grid-rerun-20260731-l4-l4-tp1-f2040-i32-o32-r10-rep3-seg1-attempt2,phase2-full-grid-rerun-20260731-l4-l4-tp1-f2040-i32-o32-r10-rep3-seg1-attempt2-00146-3e916d1499ac,1,first_token,,
1785511858726036668,1137228769566437,phase2-full-grid-rerun-20260731-l4-l4-tp1-f2040-i32-o32-r10-rep3-seg1-attempt2,phase2-full-grid-rerun-20260731-l4-l4-tp1-f2040-i32-o32-r10-rep3-seg1-attempt2-00148-8136db05ae7d,0,client_ready,,
1785511858728871704,1137228772401105,phase2-full-grid-rerun-20260731-l4-l4-tp1-f2040-i32-o32-r10-rep3-seg1-attempt2,phase2-full-grid-rerun-20260731-l4-l4-tp1-f2040-i32-o32-r10-rep3-seg1-attempt2-00148-8136db05ae7d,0,semaphore_acquired,,
1785511858731003437,1137228774533108,phase2-full-grid-rerun-20260731-l4-l4-tp1-f2040-i32-o32-r10-rep3-seg1-attempt2,phase2-full-grid-rerun-20260731-l4-l4-tp1-f2040-i32-o32-r10-rep3-seg1-attempt2-00148-8136db05ae7d,1,attempt_send,,
1785511858737503134,1137228781032692,phase2-full-grid-rerun-20260731-l4-l4-tp1-f2040-i32-o32-r10-rep3-seg1-attempt2,phase2-full-grid-rerun-20260731-l4-l4-tp1-f2040-i32-o32-r10-rep3-seg1-attempt2-00148-8136db05ae7d,1,response_headers,200,response_request_id=phase2-full-grid-rerun-20260731-l4-l4-tp1-f2040-i32-o32-r10-rep3-seg1-attempt2-00148-8136db05ae7d
1785511858787362542,1137228830892277,phase2-full-grid-rerun-20260731-l4-l4-tp1-f2040-i32-o32-r10-rep3-seg1-attempt2,phase2-full-grid-rerun-20260731-l4-l4-tp1-f2040-i32-o32-r10-rep3-seg1-attempt2-00126-e394ea168a2d,1,request_complete,200,
1785511858826529795,1137228870059504,phase2-full-grid-rerun-20260731-l4-l4-tp1-f2040-i32-o32-r10-rep3-seg1-attempt2,phase2-full-grid-rerun-20260731-l4-l4-tp1-f2040-i32-o32-r10-rep3-seg1-attempt2-00149-51296279bf2b,0,client_ready,,
1785511858829484492,1137228873013932,phase2-full-grid-rerun-20260731-l4-l4-tp1-f2040-i32-o32-r10-rep3-seg1-attempt2,phase2-full-grid-rerun-20260731-l4-l4-tp1-f2040-i32-o32-r10-rep3-seg1-attempt2-00149-51296279bf2b,0,semaphore_acquired,,
1785511858831525786,1137228875055276,phase2-full-grid-rerun-20260731-l4-l4-tp1-f2040-i32-o32-r10-rep3-seg1-attempt2,phase2-full-grid-rerun-20260731-l4-l4-tp1-f2040-i32-o32-r10-rep3-seg1-attempt2-00149-51296279bf2b,1,attempt_send,,
1785511858838156947,1137228881686782,phase2-full-grid-rerun-20260731-l4-l4-tp1-f2040-i32-o32-r10-rep3-seg1-attempt2,phase2-full-grid-rerun-20260731-l4-l4-tp1-f2040-i32-o32-r10-rep3-seg1-attempt2-00149-51296279bf2b,1,response_headers,200,response_request_id=phase2-full-grid-rerun-20260731-l4-l4-tp1-f2040-i32-o32-r10-rep3-seg1-attempt2-00149-51296279bf2b
1785511858842724160,1137228886253639,phase2-full-grid-rerun-20260731-l4-l4-tp1-f2040-i32-o32-r10-rep3-seg1-attempt2,phase2-full-grid-rerun-20260731-l4-l4-tp1-f2040-i32-o32-r10-rep3-seg1-attempt2-00147-fc95b7973778,1,first_token,,
1785511858853328448,1137228896857972,phase2-full-grid-rerun-20260731-l4-l4-tp1-f2040-i32-o32-r10-rep3-seg1-attempt2,phase2-full-grid-rerun-20260731-l4-l4-tp1-f2040-i32-o32-r10-rep3-seg1-attempt2-00127-0405e2982ed6,1,request_complete,200,
1785511858911143724,1137228954673282,phase2-full-grid-rerun-20260731-l4-l4-tp1-f2040-i32-o32-r10-rep3-seg1-attempt2,phase2-full-grid-rerun-20260731-l4-l4-tp1-f2040-i32-o32-r10-rep3-seg1-attempt2-00148-8136db05ae7d,1,first_token,,
1785511858925880640,1137228969410263,phase2-full-grid-rerun-20260731-l4-l4-tp1-f2040-i32-o32-r10-rep3-seg1-attempt2,phase2-full-grid-rerun-20260731-l4-l4-tp1-f2040-i32-o32-r10-rep3-seg1-attempt2-00150-45123bdcc136,0,client_ready,,
1785511858928788831,1137228972318100,phase2-full-grid-rerun-20260731-l4-l4-tp1-f2040-i32-o32-r10-rep3-seg1-attempt2,phase2-full-grid-rerun-20260731-l4-l4-tp1-f2040-i32-o32-r10-rep3-seg1-attempt2-00150-45123bdcc136,0,semaphore_acquired,,
1785511858930857342,1137228974386951,phase2-full-grid-rerun-20260731-l4-l4-tp1-f2040-i32-o32-r10-rep3-seg1-attempt2,phase2-full-grid-rerun-20260731-l4-l4-tp1-f2040-i32-o32-r10-rep3-seg1-attempt2-00150-45123bdcc136,1,attempt_send,,
1785511858941875288,1137228985404629,phase2-full-grid-rerun-20260731-l4-l4-tp1-f2040-i32-o32-r10-rep3-seg1-attempt2,phase2-full-grid-rerun-20260731-l4-l4-tp1-f2040-i32-o32-r10-rep3-seg1-attempt2-00150-45123bdcc136,1,response_headers,200,response_request_id=phase2-full-grid-rerun-20260731-l4-l4-tp1-f2040-i32-o32-r10-rep3-seg1-attempt2-00150-45123bdcc136
1785511858986640758,1137229030170508,phase2-full-grid-rerun-20260731-l4-l4-tp1-f2040-i32-o32-r10-rep3-seg1-attempt2,phase2-full-grid-rerun-20260731-l4-l4-tp1-f2040-i32-o32-r10-rep3-seg1-attempt2-00128-3acfc7da300d,1,request_complete,200,
1785511859025886917,1137229069416468,phase2-full-grid-rerun-20260731-l4-l4-tp1-f2040-i32-o32-r10-rep3-seg1-attempt2,phase2-full-grid-rerun-20260731-l4-l4-tp1-f2040-i32-o32-r10-rep3-seg1-attempt2-00151-6a7d5073c242,0,client_ready,,
1785511859029064812,1137229072594046,phase2-full-grid-rerun-20260731-l4-l4-tp1-f2040-i32-o32-r10-rep3-seg1-attempt2,phase2-full-grid-rerun-20260731-l4-l4-tp1-f2040-i32-o32-r10-rep3-seg1-attempt2-00151-6a7d5073c242,0,semaphore_acquired,,
1785511859031115431,1137229074644818,phase2-full-grid-rerun-20260731-l4-l4-tp1-f2040-i32-o32-r10-rep3-seg1-attempt2,phase2-full-grid-rerun-20260731-l4-l4-tp1-f2040-i32-o32-r10-rep3-seg1-attempt2-00151-6a7d5073c242,1,attempt_send,,
1785511859038500596,1137229082030437,phase2-full-grid-rerun-20260731-l4-l4-tp1-f2040-i32-o32-r10-rep3-seg1-attempt2,phase2-full-grid-rerun-20260731-l4-l4-tp1-f2040-i32-o32-r10-rep3-seg1-attempt2-00151-6a7d5073c242,1,response_headers,200,response_request_id=phase2-full-grid-rerun-20260731-l4-l4-tp1-f2040-i32-o32-r10-rep3-seg1-attempt2-00151-6a7d5073c242
1785511859043650706,1137229087180113,phase2-full-grid-rerun-20260731-l4-l4-tp1-f2040-i32-o32-r10-rep3-seg1-attempt2,phase2-full-grid-rerun-20260731-l4-l4-tp1-f2040-i32-o32-r10-rep3-seg1-attempt2-00149-51296279bf2b,1,first_token,,
1785511859052992239,1137229096521814,phase2-full-grid-rerun-20260731-l4-l4-tp1-f2040-i32-o32-r10-rep3-seg1-attempt2,phase2-full-grid-rerun-20260731-l4-l4-tp1-f2040-i32-o32-r10-rep3-seg1-attempt2-00129-1406182175f5,1,request_complete,200,
1785511859108068396,1137229151598220,phase2-full-grid-rerun-20260731-l4-l4-tp1-f2040-i32-o32-r10-rep3-seg1-attempt2,phase2-full-grid-rerun-20260731-l4-l4-tp1-f2040-i32-o32-r10-rep3-seg1-attempt2-00150-45123bdcc136,1,first_token,,
1785511859125699067,1137229169228895,phase2-full-grid-rerun-20260731-l4-l4-tp1-f2040-i32-o32-r10-rep3-seg1-attempt2,phase2-full-grid-rerun-20260731-l4-l4-tp1-f2040-i32-o32-r10-rep3-seg1-attempt2-00152-884b7610f0d4,0,client_ready,,
1785511859128566848,1137229172096129,phase2-full-grid-rerun-20260731-l4-l4-tp1-f2040-i32-o32-r10-rep3-seg1-attempt2,phase2-full-grid-rerun-20260731-l4-l4-tp1-f2040-i32-o32-r10-rep3-seg1-attempt2-00152-884b7610f0d4,0,semaphore_acquired,,
1785511859130624097,1137229174153492,phase2-full-grid-rerun-20260731-l4-l4-tp1-f2040-i32-o32-r10-rep3-seg1-attempt2,phase2-full-grid-rerun-20260731-l4-l4-tp1-f2040-i32-o32-r10-rep3-seg1-attempt2-00152-884b7610f0d4,1,attempt_send,,
1785511859136778613,1137229180307918,phase2-full-grid-rerun-20260731-l4-l4-tp1-f2040-i32-o32-r10-rep3-seg1-attempt2,phase2-full-grid-rerun-20260731-l4-l4-tp1-f2040-i32-o32-r10-rep3-seg1-attempt2-00152-884b7610f0d4,1,response_headers,200,response_request_id=phase2-full-grid-rerun-20260731-l4-l4-tp1-f2040-i32-o32-r10-rep3-seg1-attempt2-00152-884b7610f0d4
1785511859186102001,1137229229631681,phase2-full-grid-rerun-20260731-l4-l4-tp1-f2040-i32-o32-r10-rep3-seg1-attempt2,phase2-full-grid-rerun-20260731-l4-l4-tp1-f2040-i32-o32-r10-rep3-seg1-attempt2-00130-f90332547cb9,1,request_complete,200,
1785511859225884987,1137229269414689,phase2-full-grid-rerun-20260731-l4-l4-tp1-f2040-i32-o32-r10-rep3-seg1-attempt2,phase2-full-grid-rerun-20260731-l4-l4-tp1-f2040-i32-o32-r10-rep3-seg1-attempt2-00153-ceed72ae637a,0,client_ready,,
1785511859228743293,1137229272272961,phase2-full-grid-rerun-20260731-l4-l4-tp1-f2040-i32-o32-r10-rep3-seg1-attempt2,phase2-full-grid-rerun-20260731-l4-l4-tp1-f2040-i32-o32-r10-rep3-seg1-attempt2-00153-ceed72ae637a,0,semaphore_acquired,,
1785511859230427392,1137229273956731,phase2-full-grid-rerun-20260731-l4-l4-tp1-f2040-i32-o32-r10-rep3-seg1-attempt2,phase2-full-grid-rerun-20260731-l4-l4-tp1-f2040-i32-o32-r10-rep3-seg1-attempt2-00153-ceed72ae637a,1,attempt_send,,
1785511859236841407,1137229280371169,phase2-full-grid-rerun-20260731-l4-l4-tp1-f2040-i32-o32-r10-rep3-seg1-attempt2,phase2-full-grid-rerun-20260731-l4-l4-tp1-f2040-i32-o32-r10-rep3-seg1-attempt2-00153-ceed72ae637a,1,response_headers,200,response_request_id=phase2-full-grid-rerun-20260731-l4-l4-tp1-f2040-i32-o32-r10-rep3-seg1-attempt2-00153-ceed72ae637a
1785511859241684937,1137229285214503,phase2-full-grid-rerun-20260731-l4-l4-tp1-f2040-i32-o32-r10-rep3-seg1-attempt2,phase2-full-grid-rerun-20260731-l4-l4-tp1-f2040-i32-o32-r10-rep3-seg1-attempt2-00151-6a7d5073c242,1,first_token,,
1785511859251067363,1137229294597087,phase2-full-grid-rerun-20260731-l4-l4-tp1-f2040-i32-o32-r10-rep3-seg1-attempt2,phase2-full-grid-rerun-20260731-l4-l4-tp1-f2040-i32-o32-r10-rep3-seg1-attempt2-00131-12cb3d83254f,1,request_complete,200,
1785511859309372540,1137229352902201,phase2-full-grid-rerun-20260731-l4-l4-tp1-f2040-i32-o32-r10-rep3-seg1-attempt2,phase2-full-grid-rerun-20260731-l4-l4-tp1-f2040-i32-o32-r10-rep3-seg1-attempt2-00152-884b7610f0d4,1,first_token,,
1785511859327265714,1137229370795446,phase2-full-grid-rerun-20260731-l4-l4-tp1-f2040-i32-o32-r10-rep3-seg1-attempt2,phase2-full-grid-rerun-20260731-l4-l4-tp1-f2040-i32-o32-r10-rep3-seg1-attempt2-00154-b0ac670439e8,0,client_ready,,
1785511859330146377,1137229373675602,phase2-full-grid-rerun-20260731-l4-l4-tp1-f2040-i32-o32-r10-rep3-seg1-attempt2,phase2-full-grid-rerun-20260731-l4-l4-tp1-f2040-i32-o32-r10-rep3-seg1-attempt2-00154-b0ac670439e8,0,semaphore_acquired,,
1785511859332213868,1137229375743669,phase2-full-grid-rerun-20260731-l4-l4-tp1-f2040-i32-o32-r10-rep3-seg1-attempt2,phase2-full-grid-rerun-20260731-l4-l4-tp1-f2040-i32-o32-r10-rep3-seg1-attempt2-00154-b0ac670439e8,1,attempt_send,,
1785511859338590697,1137229382120168,phase2-full-grid-rerun-20260731-l4-l4-tp1-f2040-i32-o32-r10-rep3-seg1-attempt2,phase2-full-grid-rerun-20260731-l4-l4-tp1-f2040-i32-o32-r10-rep3-seg1-attempt2-00154-b0ac670439e8,1,response_headers,200,response_request_id=phase2-full-grid-rerun-20260731-l4-l4-tp1-f2040-i32-o32-r10-rep3-seg1-attempt2-00154-b0ac670439e8
1785511859383490200,1137229427019708,phase2-full-grid-rerun-20260731-l4-l4-tp1-f2040-i32-o32-r10-rep3-seg1-attempt2,phase2-full-grid-rerun-20260731-l4-l4-tp1-f2040-i32-o32-r10-rep3-seg1-attempt2-00132-1027ec931bc2,1,request_complete,200,
1785511859426274076,1137229469803782,phase2-full-grid-rerun-20260731-l4-l4-tp1-f2040-i32-o32-r10-rep3-seg1-attempt2,phase2-full-grid-rerun-20260731-l4-l4-tp1-f2040-i32-o32-r10-rep3-seg1-attempt2-00155-b8d16deb6792,0,client_ready,,
1785511859429240821,1137229472770396,phase2-full-grid-rerun-20260731-l4-l4-tp1-f2040-i32-o32-r10-rep3-seg1-attempt2,phase2-full-grid-rerun-20260731-l4-l4-tp1-f2040-i32-o32-r10-rep3-seg1-attempt2-00155-b8d16deb6792,0,semaphore_acquired,,
1785511859430965105,1137229474494562,phase2-full-grid-rerun-20260731-l4-l4-tp1-f2040-i32-o32-r10-rep3-seg1-attempt2,phase2-full-grid-rerun-20260731-l4-l4-tp1-f2040-i32-o32-r10-rep3-seg1-attempt2-00155-b8d16deb6792,1,attempt_send,,
1785511859447497901,1137229491027513,phase2-full-grid-rerun-20260731-l4-l4-tp1-f2040-i32-o32-r10-rep3-seg1-attempt2,phase2-full-grid-rerun-20260731-l4-l4-tp1-f2040-i32-o32-r10-rep3-seg1-attempt2-00153-ceed72ae637a,1,first_token,,
1785511859456492169,1137229500021891,phase2-full-grid-rerun-20260731-l4-l4-tp1-f2040-i32-o32-r10-rep3-seg1-attempt2,phase2-full-grid-rerun-20260731-l4-l4-tp1-f2040-i32-o32-r10-rep3-seg1-attempt2-00133-d830d44779fd,1,request_complete,200,
1785511859458383512,1137229501912857,phase2-full-grid-rerun-20260731-l4-l4-tp1-f2040-i32-o32-r10-rep3-seg1-attempt2,phase2-full-grid-rerun-20260731-l4-l4-tp1-f2040-i32-o32-r10-rep3-seg1-attempt2-00155-b8d16deb6792,1,response_headers,200,response_request_id=phase2-full-grid-rerun-20260731-l4-l4-tp1-f2040-i32-o32-r10-rep3-seg1-attempt2-00155-b8d16deb6792
1785511859507257590,1137229550787195,phase2-full-grid-rerun-20260731-l4-l4-tp1-f2040-i32-o32-r10-rep3-seg1-attempt2,phase2-full-grid-rerun-20260731-l4-l4-tp1-f2040-i32-o32-r10-rep3-seg1-attempt2-00154-b0ac670439e8,1,first_token,,
1785511859525609541,1137229569139287,phase2-full-grid-rerun-20260731-l4-l4-tp1-f2040-i32-o32-r10-rep3-seg1-attempt2,phase2-full-grid-rerun-20260731-l4-l4-tp1-f2040-i32-o32-r10-rep3-seg1-attempt2-00156-9a1e9d028216,0,client_ready,,
1785511859528539058,1137229572068460,phase2-full-grid-rerun-20260731-l4-l4-tp1-f2040-i32-o32-r10-rep3-seg1-attempt2,phase2-full-grid-rerun-20260731-l4-l4-tp1-f2040-i32-o32-r10-rep3-seg1-attempt2-00156-9a1e9d028216,0,semaphore_acquired,,
1785511859530698420,1137229574227928,phase2-full-grid-rerun-20260731-l4-l4-tp1-f2040-i32-o32-r10-rep3-seg1-attempt2,phase2-full-grid-rerun-20260731-l4-l4-tp1-f2040-i32-o32-r10-rep3-seg1-attempt2-00156-9a1e9d028216,1,attempt_send,,
1785511859536960707,1137229580490108,phase2-full-grid-rerun-20260731-l4-l4-tp1-f2040-i32-o32-r10-rep3-seg1-attempt2,phase2-full-grid-rerun-20260731-l4-l4-tp1-f2040-i32-o32-r10-rep3-seg1-attempt2-00156-9a1e9d028216,1,response_headers,200,response_request_id=phase2-full-grid-rerun-20260731-l4-l4-tp1-f2040-i32-o32-r10-rep3-seg1-attempt2-00156-9a1e9d028216
1785511859580999321,1137229624528866,phase2-full-grid-rerun-20260731-l4-l4-tp1-f2040-i32-o32-r10-rep3-seg1-attempt2,phase2-full-grid-rerun-20260731-l4-l4-tp1-f2040-i32-o32-r10-rep3-seg1-attempt2-00134-6a39dd0c51a6,1,request_complete,200,
1785511859625713708,1137229669243383,phase2-full-grid-rerun-20260731-l4-l4-tp1-f2040-i32-o32-r10-rep3-seg1-attempt2,phase2-full-grid-rerun-20260731-l4-l4-tp1-f2040-i32-o32-r10-rep3-seg1-attempt2-00157-39e590912c8b,0,client_ready,,
1785511859628447676,1137229671977171,phase2-full-grid-rerun-20260731-l4-l4-tp1-f2040-i32-o32-r10-rep3-seg1-attempt2,phase2-full-grid-rerun-20260731-l4-l4-tp1-f2040-i32-o32-r10-rep3-seg1-attempt2-00157-39e590912c8b,0,semaphore_acquired,,
1785511859630185671,1137229673715402,phase2-full-grid-rerun-20260731-l4-l4-tp1-f2040-i32-o32-r10-rep3-seg1-attempt2,phase2-full-grid-rerun-20260731-l4-l4-tp1-f2040-i32-o32-r10-rep3-seg1-attempt2-00157-39e590912c8b,1,attempt_send,,
1785511859640542356,1137229684071950,phase2-full-grid-rerun-20260731-l4-l4-tp1-f2040-i32-o32-r10-rep3-seg1-attempt2,phase2-full-grid-rerun-20260731-l4-l4-tp1-f2040-i32-o32-r10-rep3-seg1-attempt2-00155-b8d16deb6792,1,first_token,,
1785511859649619226,1137229693148844,phase2-full-grid-rerun-20260731-l4-l4-tp1-f2040-i32-o32-r10-rep3-seg1-attempt2,phase2-full-grid-rerun-20260731-l4-l4-tp1-f2040-i32-o32-r10-rep3-seg1-attempt2-00135-b5041877e314,1,request_complete,200,
1785511859652090679,1137229695620037,phase2-full-grid-rerun-20260731-l4-l4-tp1-f2040-i32-o32-r10-rep3-seg1-attempt2,phase2-full-grid-rerun-20260731-l4-l4-tp1-f2040-i32-o32-r10-rep3-seg1-attempt2-00157-39e590912c8b,1,response_headers,200,response_request_id=phase2-full-grid-rerun-20260731-l4-l4-tp1-f2040-i32-o32-r10-rep3-seg1-attempt2-00157-39e590912c8b
1785511859706903728,1137229750433419,phase2-full-grid-rerun-20260731-l4-l4-tp1-f2040-i32-o32-r10-rep3-seg1-attempt2,phase2-full-grid-rerun-20260731-l4-l4-tp1-f2040-i32-o32-r10-rep3-seg1-attempt2-00156-9a1e9d028216,1,first_token,,
