window_id,request_index,request_id,trace_id,client_span_id,planned_send_unix_ns,client_ready_unix_ns,actual_send_unix_ns,response_headers_unix_ns,first_token_unix_ns,completed_unix_ns,planned_to_ready_ms,client_queue_delay_ms,send_lag_ms,ttft_ms,tpot_ms,e2e_ms,planned_input_tokens,actual_input_tokens,max_tokens,actual_output_tokens,token_event_count,stream_chunk_count,token_id_event_count,token_timestamp_complete,http_status,response_request_id,outcome,timeout,cancelled,retry_count,attempt_count,response_bytes,error
phase2-full-grid-rerun-20260731-l4-l4-tp1-f2040-i32-o32-r10-rep3-seg1-attempt2,0,phase2-full-grid-rerun-20260731-l4-l4-tp1-f2040-i32-o32-r10-rep3-seg1-attempt2-00000-1a6a64fb81af,f11634aa98514e4fa72014dbeeea81c3,370b004a5f8148ac,1785511843925185059,1785511843936483419,1785511843940919426,1785511844076786158,1785511844151333729,1785511846115797199,11.29836,4.436007,15.734367,210.414303,63.36978935483871,2174.877773,32,32,32,32,32,32,32,True,200,phase2-full-grid-rerun-20260731-l4-l4-tp1-f2040-i32-o32-r10-rep3-seg1-attempt2-00000-1a6a64fb81af,success,False,False,0,1,11672,
phase2-full-grid-rerun-20260731-l4-l4-tp1-f2040-i32-o32-r10-rep3-seg1-attempt2,1,phase2-full-grid-rerun-20260731-l4-l4-tp1-f2040-i32-o32-r10-rep3-seg1-attempt2-00001-77094d76695d,088f7d1e8f6a431abfb3b5ff11dc8097,d4844ff897c54a06,1785511844025185059,1785511844025866980,1785511844029320727,1785511844081363842,1785511844214268424,1785511846180245874,0.681921,3.453747,4.135668,184.947697,63.41862741935484,2150.925147,32,32,32,32,32,32,32,True,200,phase2-full-grid-rerun-20260731-l4-l4-tp1-f2040-i32-o32-r10-rep3-seg1-attempt2-00001-77094d76695d,success,False,False,0,1,11722,
phase2-full-grid-rerun-20260731-l4-l4-tp1-f2040-i32-o32-r10-rep3-seg1-attempt2,2,phase2-full-grid-rerun-20260731-l4-l4-tp1-f2040-i32-o32-r10-rep3-seg1-attempt2-00002-6df387e16d9c,75afdd2643054d7880c9a68418b83ab3,ae9661a091414385,1785511844125185059,1785511844126462209,1785511844130754191,1785511844142916560,1785511844279140914,1785511846247079667,1.27715,4.291982,5.569132,148.386723,63.48189525806451,2116.325476,32,32,32,32,32,32,32,True,200,phase2-full-grid-rerun-20260731-l4-l4-tp1-f2040-i32-o32-r10-rep3-seg1-attempt2-00002-6df387e16d9c,success,False,False,0,1,11744,
phase2-full-grid-rerun-20260731-l4-l4-tp1-f2040-i32-o32-r10-rep3-seg1-attempt2,3,phase2-full-grid-rerun-20260731-l4-l4-tp1-f2040-i32-o32-r10-rep3-seg1-attempt2-00003-bd57527795f1,d8846dd137a04162a21e609b241968f7,33c2dda405e7436c,1785511844225185059,1785511844225921406,1785511844230164348,1785511844242684260,1785511844400922668,1785511846384091182,0.736347,4.242942,4.979289,170.75832,63.97317787096774,2153.926834,32,32,32,32,32,32,32,True,200,phase2-full-grid-rerun-20260731-l4-l4-tp1-f2040-i32-o32-r10-rep3-seg1-attempt2-00003-bd57527795f1,success,False,False,0,1,11740,
phase2-full-grid-rerun-20260731-l4-l4-tp1-f2040-i32-o32-r10-rep3-seg1-attempt2,4,phase2-full-grid-rerun-20260731-l4-l4-tp1-f2040-i32-o32-r10-rep3-seg1-attempt2-00004-fe1826d49edb,74367ba5e6a341a0aeee5c92741c59e7,9ff9e5327ec44c40,1785511844325185059,1785511844326382212,1785511844330608903,1785511844344556343,1785511844522126027,1785511846517288085,1.197153,4.226691,5.423844,191.517124,64.36006638709677,2186.679182,32,32,32,32,32,32,32,True,200,phase2-full-grid-rerun-20260731-l4-l4-tp1-f2040-i32-o32-r10-rep3-seg1-attempt2-00004-fe1826d49edb,success,False,False,0,1,11757,
phase2-full-grid-rerun-20260731-l4-l4-tp1-f2040-i32-o32-r10-rep3-seg1-attempt2,5,phase2-full-grid-rerun-20260731-l4-l4-tp1-f2040-i32-o32-r10-rep3-seg1-attempt2-00005-fc57aa6b65ec,14ec46b7e8bb423ea87d3dbbf12c1cd3,1d34c806617f420d,1785511844425185059,1785511844425548041,1785511844429468340,1785511844441776090,1785511844587255248,1785511846578803529,0.362982,3.920299,4.283281,157.786908,64.24349293548387,2149.335189,32,32,32,32,32,32,32,True,200,phase2-full-grid-rerun-20260731-l4-l4-tp1-f2040-i32-o32-r10-rep3-seg1-attempt2-00005-fc57aa6b65ec,success,False,False,0,1,11703,
phase2-full-grid-rerun-20260731-l4-l4-tp1-f2040-i32-o32-r10-rep3-seg1-attempt2,6,phase2-full-grid-rerun-20260731-l4-l4-tp1-f2040-i32-o32-r10-rep3-seg1-attempt2-00006-62b2ff2d446d,2cd2b248092b43feaad8433fbcda1fcc,83dd6b4ff66a4758,1785511844525185059,1785511844527329164,1785511844530889273,1785511844543108333,1785511844709685126,1785511846710329433,2.144105,3.560109,5.704214,178.795853,64.53691312903226,2179.44016,32,32,32,32,32,32,32,True,200,phase2-full-grid-rerun-20260731-l4-l4-tp1-f2040-i32-o32-r10-rep3-seg1-attempt2-00006-62b2ff2d446d,success,False,False,0,1,11690,
phase2-full-grid-rerun-20260731-l4-l4-tp1-f2040-i32-o32-r10-rep3-seg1-attempt2,7,phase2-full-grid-rerun-20260731-l4-l4-tp1-f2040-i32-o32-r10-rep3-seg1-attempt2-00007-731f2b9d607b,9b69e241f703460a9328e7782a0e9290,4bda59a3e96340e5,1785511844625185059,1785511844625954085,1785511844629445248,1785511844647741045,1785511844835566441,1785511846842045960,0.769026,3.491163,4.260189,206.121193,64.72514577419355,2212.600712,32,32,32,32,32,32,32,True,200,phase2-full-grid-rerun-20260731-l4-l4-tp1-f2040-i32-o32-r10-rep3-seg1-attempt2-00007-731f2b9d607b,success,False,False,0,1,11736,
phase2-full-grid-rerun-20260731-l4-l4-tp1-f2040-i32-o32-r10-rep3-seg1-attempt2,8,phase2-full-grid-rerun-20260731-l4-l4-tp1-f2040-i32-o32-r10-rep3-seg1-attempt2-00008-fe725e00d472,77ab5ad798514f729a2f65f3fdd48e7a,59b31e920a1d4e1a,1785511844725185059,1785511844727420108,1785511844730600980,1785511844742615134,1785511844896645171,1785511846913701347,2.235049,3.180872,5.415921,166.044191,65.06632825806452,2183.100367,32,32,32,32,32,32,32,True,200,phase2-full-grid-rerun-20260731-l4-l4-tp1-f2040-i32-o32-r10-rep3-seg1-attempt2-00008-fe725e00d472,success,False,False,0,1,11690,
phase2-full-grid-rerun-20260731-l4-l4-tp1-f2040-i32-o32-r10-rep3-seg1-attempt2,9,phase2-full-grid-rerun-20260731-l4-l4-tp1-f2040-i32-o32-r10-rep3-seg1-attempt2-00009-6af8402ade8f,6ebd41d7a59c4f91a4b0274c77be659a,32c3a7822d104139,1785511844825185059,1785511844825908123,1785511844829465837,1785511844843982529,1785511845020002345,1785511847041168034,0.723064,3.557714,4.280778,190.536508,65.19889319354839,2211.702197,32,32,32,32,32,32,32,True,200,phase2-full-grid-rerun-20260731-l4-l4-tp1-f2040-i32-o32-r10-rep3-seg1-attempt2-00009-6af8402ade8f,success,False,False,0,1,11753,
phase2-full-grid-rerun-20260731-l4-l4-tp1-f2040-i32-o32-r10-rep3-seg1-attempt2,10,phase2-full-grid-rerun-20260731-l4-l4-tp1-f2040-i32-o32-r10-rep3-seg1-attempt2-00010-5fe40dd37034,b54e04a21939427e94100bf8bb6b0b02,c955ea41ea024ff8,1785511844925185059,1785511844926170563,1785511844930554497,1785511844942307998,1785511845086690699,1785511847112608440,0.985504,4.383934,5.369438,156.136202,65.35218519354838,2182.053943,32,32,32,32,32,32,32,True,200,phase2-full-grid-rerun-20260731-l4-l4-tp1-f2040-i32-o32-r10-rep3-seg1-attempt2-00010-5fe40dd37034,success,False,False,0,1,11684,
phase2-full-grid-rerun-20260731-l4-l4-tp1-f2040-i32-o32-r10-rep3-seg1-attempt2,11,phase2-full-grid-rerun-20260731-l4-l4-tp1-f2040-i32-o32-r10-rep3-seg1-attempt2-00011-aa1da63c3e04,ca1535d02cb546f2ae02305e0503f40b,94eb5085795b42b9,1785511845025185059,1785511845025446643,1785511845028451025,1785511845038585769,1785511845211258160,1785511847246135006,0.261584,3.004382,3.265966,182.807135,65.64118858064516,2217.683981,32,32,32,32,32,32,32,True,200,phase2-full-grid-rerun-20260731-l4-l4-tp1-f2040-i32-o32-r10-rep3-seg1-attempt2-00011-aa1da63c3e04,success,False,False,0,1,11760,
phase2-full-grid-rerun-20260731-l4-l4-tp1-f2040-i32-o32-r10-rep3-seg1-attempt2,12,phase2-full-grid-rerun-20260731-l4-l4-tp1-f2040-i32-o32-r10-rep3-seg1-attempt2-00012-a7fbe7c41ad4,4814d283f26e400c805224a260bc1515,8b328f720e9543a2,1785511845125185059,1785511845126389638,1785511845130427832,1785511845142179067,1785511845337584029,1785511847372184863,1.204579,4.038194,5.242773,207.156197,65.63228496774194,2241.757031,32,32,32,32,32,32,32,True,200,phase2-full-grid-rerun-20260731-l4-l4-tp1-f2040-i32-o32-r10-rep3-seg1-attempt2-00012-a7fbe7c41ad4,success,False,False,0,1,11690,
phase2-full-grid-rerun-20260731-l4-l4-tp1-f2040-i32-o32-r10-rep3-seg1-attempt2,13,phase2-full-grid-rerun-20260731-l4-l4-tp1-f2040-i32-o32-r10-rep3-seg1-attempt2-00013-3db24557bf6d,e01906f1cc544074a7ac1bde9a3634ec,9d05258ad1764702,1785511845225185059,1785511845226342823,1785511845230012008,1785511845241377158,1785511845401311086,1785511847440246741,1.157764,3.669185,4.826949,171.299078,65.7721179032258,2210.234733,32,32,32,32,32,32,32,True,200,phase2-full-grid-rerun-20260731-l4-l4-tp1-f2040-i32-o32-r10-rep3-seg1-attempt2-00013-3db24557bf6d,success,False,False,0,1,11720,
phase2-full-grid-rerun-20260731-l4-l4-tp1-f2040-i32-o32-r10-rep3-seg1-attempt2,14,phase2-full-grid-rerun-20260731-l4-l4-tp1-f2040-i32-o32-r10-rep3-seg1-attempt2-00014-4f17f33bf123,0a1cf6cfe1214314a34cbcf5ffef3a37,c865b829012d43bf,1785511845325185059,1785511845326447471,1785511845330512649,1785511845345849112,1785511845525922420,1785511847572614095,1.262412,4.065178,5.32759,195.409771,66.0223120967742,2242.101446,32,32,32,32,32,32,32,True,200,phase2-full-grid-rerun-20260731-l4-l4-tp1-f2040-i32-o32-r10-rep3-seg1-attempt2-00014-4f17f33bf123,success,False,False,0,1,11692,
phase2-full-grid-rerun-20260731-l4-l4-tp1-f2040-i32-o32-r10-rep3-seg1-attempt2,15,phase2-full-grid-rerun-20260731-l4-l4-tp1-f2040-i32-o32-r10-rep3-seg1-attempt2-00015-4a97728e80f2,0614dd712e1e46e9a069d191326b87cd,9017178d1ed849a1,1785511845425185059,1785511845426254659,1785511845429782160,1785511845440774462,1785511845590820334,1785511847640992487,1.0696,3.527501,4.597101,161.038174,66.13458558064517,2211.210327,32,32,32,32,32,32,32,True,200,phase2-full-grid-rerun-20260731-l4-l4-tp1-f2040-i32-o32-r10-rep3-seg1-attempt2-00015-4a97728e80f2,success,False,False,0,1,11736,
phase2-full-grid-rerun-20260731-l4-l4-tp1-f2040-i32-o32-r10-rep3-seg1-attempt2,16,phase2-full-grid-rerun-20260731-l4-l4-tp1-f2040-i32-o32-r10-rep3-seg1-attempt2-00016-13087001d5aa,445efc542c84445890fa1031bcae9080,9514da591dc7441c,1785511845525185059,1785511845529871336,1785511845532548412,1785511845542884314,1785511845716394415,1785511847770237791,4.686277,2.677076,7.363353,183.846003,66.25301212903226,2237.689379,32,32,32,32,32,32,32,True,200,phase2-full-grid-rerun-20260731-l4-l4-tp1-f2040-i32-o32-r10-rep3-seg1-attempt2-00016-13087001d5aa,success,False,False,0,1,11704,
phase2-full-grid-rerun-20260731-l4-l4-tp1-f2040-i32-o32-r10-rep3-seg1-attempt2,17,phase2-full-grid-rerun-20260731-l4-l4-tp1-f2040-i32-o32-r10-rep3-seg1-attempt2-00017-93b938c7cd5d,319c914c240a4d59bf9ec8967c2132d6,a59cb00eff814dec,1785511845625185059,1785511845626334820,1785511845630252440,1785511845641613250,1785511845782277536,1785511847836917264,1.149761,3.91762,5.067381,152.025096,66.27870090322581,2206.664824,32,32,32,32,32,32,32,True,200,phase2-full-grid-rerun-20260731-l4-l4-tp1-f2040-i32-o32-r10-rep3-seg1-attempt2-00017-93b938c7cd5d,success,False,False,0,1,11731,
phase2-full-grid-rerun-20260731-l4-l4-tp1-f2040-i32-o32-r10-rep3-seg1-attempt2,18,phase2-full-grid-rerun-20260731-l4-l4-tp1-f2040-i32-o32-r10-rep3-seg1-attempt2-00018-589d2802bc76,63ff32ab6f8d4a44a34943f9fd5b9f6c,9a4597937d78455a,1785511845725185059,1785511845726257048,1785511845729758725,1785511845740739938,1785511845914622463,1785511847969319085,1.071989,3.501677,4.573666,184.863738,66.28053619354839,2239.56036,32,32,32,32,32,32,32,True,200,phase2-full-grid-rerun-20260731-l4-l4-tp1-f2040-i32-o32-r10-rep3-seg1-attempt2-00018-589d2802bc76,success,False,False,0,1,11737,
phase2-full-grid-rerun-20260731-l4-l4-tp1-f2040-i32-o32-r10-rep3-seg1-attempt2,19,phase2-full-grid-rerun-20260731-l4-l4-tp1-f2040-i32-o32-r10-rep3-seg1-attempt2-00019-8c5e93a1b69a,c295b9e631e74a23855bd4c021637227,c90e2ae15e23426b,1785511845825185059,1785511845826255736,1785511845830514185,1785511845844423987,1785511846044905661,1785511848101350146,1.070677,4.258449,5.329126,214.391476,66.33691887096774,2270.835961,32,32,32,32,32,32,32,True,200,phase2-full-grid-rerun-20260731-l4-l4-tp1-f2040-i32-o32-r10-rep3-seg1-attempt2-00019-8c5e93a1b69a,success,False,False,0,1,11704,
phase2-full-grid-rerun-20260731-l4-l4-tp1-f2040-i32-o32-r10-rep3-seg1-attempt2,20,phase2-full-grid-rerun-20260731-l4-l4-tp1-f2040-i32-o32-r10-rep3-seg1-attempt2-00020-d19159396982,90dc60bbcc60407190a41b43fcdac5d7,6a3c1bb6f707491f,1785511845925185059,1785511845926285452,1785511845929876056,1785511845940993238,1785511846116221789,1785511848168571124,1.100393,3.590604,4.690997,186.345733,66.20481725806451,2238.695068,32,32,32,32,32,32,32,True,200,phase2-full-grid-rerun-20260731-l4-l4-tp1-f2040-i32-o32-r10-rep3-seg1-attempt2-00020-d19159396982,success,False,False,0,1,11760,
phase2-full-grid-rerun-20260731-l4-l4-tp1-f2040-i32-o32-r10-rep3-seg1-attempt2,21,phase2-full-grid-rerun-20260731-l4-l4-tp1-f2040-i32-o32-r10-rep3-seg1-attempt2-00021-72c253386af4,9c7cf7a5ee2e4b14970e63d30b5e6e30,3d38c9fb38454977,1785511846025185059,1785511846025709079,1785511846029672201,1785511846040671144,1785511846247710009,1785511848307595566,0.52402,3.963122,4.487142,218.037808,66.4479211935484,2277.923365,32,32,32,32,32,32,32,True,200,phase2-full-grid-rerun-20260731-l4-l4-tp1-f2040-i32-o32-r10-rep3-seg1-attempt2-00021-72c253386af4,success,False,False,0,1,11744,
phase2-full-grid-rerun-20260731-l4-l4-tp1-f2040-i32-o32-r10-rep3-seg1-attempt2,22,phase2-full-grid-rerun-20260731-l4-l4-tp1-f2040-i32-o32-r10-rep3-seg1-attempt2-00022-677472dec07d,bd8c14e5c635429b887a1434983c3d78,ad2b07b678754cc0,1785511846125185059,1785511846136274891,1785511846138265873,1785511846147567560,1785511846312784706,1785511848367509643,11.089832,1.990982,13.080814,174.518833,66.28144958064516,2229.24377,32,32,32,32,32,32,32,True,200,phase2-full-grid-rerun-20260731-l4-l4-tp1-f2040-i32-o32-r10-rep3-seg1-attempt2-00022-677472dec07d,success,False,False,0,1,11723,
phase2-full-grid-rerun-20260731-l4-l4-tp1-f2040-i32-o32-r10-rep3-seg1-attempt2,23,phase2-full-grid-rerun-20260731-l4-l4-tp1-f2040-i32-o32-r10-rep3-seg1-attempt2-00023-5a5682900246,76fe01a6f3ae4457b42748fd88f976b4,98425af9a4b54c0a,1785511846225185059,1785511846225754454,1785511846229413420,1785511846239417594,1785511846443884713,1785511848501948608,0.569395,3.658966,4.228361,214.471293,66.3891579032258,2272.535188,32,32,32,32,32,32,32,True,200,phase2-full-grid-rerun-20260731-l4-l4-tp1-f2040-i32-o32-r10-rep3-seg1-attempt2-00023-5a5682900246,success,False,False,0,1,11727,
phase2-full-grid-rerun-20260731-l4-l4-tp1-f2040-i32-o32-r10-rep3-seg1-attempt2,24,phase2-full-grid-rerun-20260731-l4-l4-tp1-f2040-i32-o32-r10-rep3-seg1-attempt2-00024-bcad5acf4c43,e5f89fa46d96470fa0cdf4977121d4ba,9ec58eabe041456b,1785511846325185059,1785511846325496224,1785511846328871701,1785511846338897016,1785511846512358241,1785511848565886967,0.311165,3.375477,3.686642,183.48654,66.24286212903226,2237.015266,32,32,32,32,32,32,32,True,200,phase2-full-grid-rerun-20260731-l4-l4-tp1-f2040-i32-o32-r10-rep3-seg1-attempt2-00024-bcad5acf4c43,success,False,False,0,1,11693,
phase2-full-grid-rerun-20260731-l4-l4-tp1-f2040-i32-o32-r10-rep3-seg1-attempt2,25,phase2-full-grid-rerun-20260731-l4-l4-tp1-f2040-i32-o32-r10-rep3-seg1-attempt2-00025-467cb0fa8ee9,7cf78eecf53d49ad8857846bef439298,d67ce505725047c6,1785511846425185059,1785511846425706572,1785511846429182758,1785511846439309959,1785511846643165575,1785511848696681063,0.521513,3.476186,3.997699,213.982817,66.24243509677419,2267.498305,32,32,32,32,32,32,32,True,200,phase2-full-grid-rerun-20260731-l4-l4-tp1-f2040-i32-o32-r10-rep3-seg1-attempt2-00025-467cb0fa8ee9,success,False,False,0,1,11690,
phase2-full-grid-rerun-20260731-l4-l4-tp1-f2040-i32-o32-r10-rep3-seg1-attempt2,26,phase2-full-grid-rerun-20260731-l4-l4-tp1-f2040-i32-o32-r10-rep3-seg1-attempt2-00026-48bb792f745d,f2630144597441bb94a79199ea163ffb,1d666d67cd55409a,1785511846525185059,1785511846529043202,1785511846530650011,1785511846538458685,1785511846723846668,1785511848762968443,3.858143,1.606809,5.464952,193.196657,65.77812177419355,2232.318432,32,32,32,32,32,32,32,True,200,phase2-full-grid-rerun-20260731-l4-l4-tp1-f2040-i32-o32-r10-rep3-seg1-attempt2-00026-48bb792f745d,success,False,False,0,1,11701,
phase2-full-grid-rerun-20260731-l4-l4-tp1-f2040-i32-o32-r10-rep3-seg1-attempt2,27,phase2-full-grid-rerun-20260731-l4-l4-tp1-f2040-i32-o32-r10-rep3-seg1-attempt2-00027-7905cfd9630e,df076095b9d34a51817b62016e1d7f04,7ea31bedca9f4335,1785511846625185059,1785511846627015044,1785511846630628482,1785511846648229391,1785511846843347769,1785511848904207464,1.829985,3.613438,5.443423,212.719287,66.47934500000001,2273.578982,32,32,32,32,32,32,32,True,200,phase2-full-grid-rerun-20260731-l4-l4-tp1-f2040-i32-o32-r10-rep3-seg1-attempt2-00027-7905cfd9630e,success,False,False,0,1,11738,
phase2-full-grid-rerun-20260731-l4-l4-tp1-f2040-i32-o32-r10-rep3-seg1-attempt2,28,phase2-full-grid-rerun-20260731-l4-l4-tp1-f2040-i32-o32-r10-rep3-seg1-attempt2-00028-37a418b23238,fc90e07288d04e63b4360c8976efc040,a43afd294fa64aa1,1785511846725185059,1785511846726754526,1785511846729039047,1785511846738047914,1785511846908331385,1785511848961151424,1.569467,2.284521,3.853988,179.292338,66.22000125806453,2232.112377,32,32,32,32,32,32,32,True,200,phase2-full-grid-rerun-20260731-l4-l4-tp1-f2040-i32-o32-r10-rep3-seg1-attempt2-00028-37a418b23238,success,False,False,0,1,11680,
phase2-full-grid-rerun-20260731-l4-l4-tp1-f2040-i32-o32-r10-rep3-seg1-attempt2,29,phase2-full-grid-rerun-20260731-l4-l4-tp1-f2040-i32-o32-r10-rep3-seg1-attempt2-00029-c49dd3968fbc,a190f552e16049b9b096a4024ea21df1,20a62010277c43bc,1785511846825185059,1785511846825942338,1785511846830024716,1785511846856714756,1785511847041579194,1785511849094833095,0.757279,4.082378,4.839657,211.554478,66.23399680645161,2264.808379,32,32,32,32,32,32,32,True,200,phase2-full-grid-rerun-20260731-l4-l4-tp1-f2040-i32-o32-r10-rep3-seg1-attempt2-00029-c49dd3968fbc,success,False,False,0,1,11680,
phase2-full-grid-rerun-20260731-l4-l4-tp1-f2040-i32-o32-r10-rep3-seg1-attempt2,30,phase2-full-grid-rerun-20260731-l4-l4-tp1-f2040-i32-o32-r10-rep3-seg1-attempt2-00030-fb9410b748bc,7fef820ba40941dfbaa31fe1f44de4db,07d3c2aec27442e3,1785511846925185059,1785511846925791052,1785511846927851640,1785511846936214636,1785511847107565534,1785511849160480872,0.605993,2.060588,2.666581,179.713894,66.22307541935483,2232.629232,32,32,32,32,32,32,32,True,200,phase2-full-grid-rerun-20260731-l4-l4-tp1-f2040-i32-o32-r10-rep3-seg1-attempt2-00030-fb9410b748bc,success,False,False,0,1,11626,
phase2-full-grid-rerun-20260731-l4-l4-tp1-f2040-i32-o32-r10-rep3-seg1-attempt2,31,phase2-full-grid-rerun-20260731-l4-l4-tp1-f2040-i32-o32-r10-rep3-seg1-attempt2-00031-61e40e08772f,a53b74f55fc844ceb66e3bf26880d61b,0b786d84498e4d4a,1785511847025185059,1785511847027368398,1785511847030715290,1785511847054689251,1785511847242300785,1785511849298666192,2.183339,3.346892,5.530231,211.585495,66.33436796774193,2267.950902,32,32,32,32,32,32,32,True,200,phase2-full-grid-rerun-20260731-l4-l4-tp1-f2040-i32-o32-r10-rep3-seg1-attempt2-00031-61e40e08772f,success,False,False,0,1,11775,
phase2-full-grid-rerun-20260731-l4-l4-tp1-f2040-i32-o32-r10-rep3-seg1-attempt2,32,phase2-full-grid-rerun-20260731-l4-l4-tp1-f2040-i32-o32-r10-rep3-seg1-attempt2-00032-e44a9da705d9,4169fecc54b3410f9eaf94b2c28db2b9,bcb6ad5cd006437b,1785511847125185059,1785511847125906267,1785511847127702330,1785511847136384891,1785511847305328912,1785511849359090878,0.721208,1.796063,2.517271,177.626582,66.250386,2231.388548,32,32,32,32,32,32,32,True,200,phase2-full-grid-rerun-20260731-l4-l4-tp1-f2040-i32-o32-r10-rep3-seg1-attempt2-00032-e44a9da705d9,success,False,False,0,1,11741,
phase2-full-grid-rerun-20260731-l4-l4-tp1-f2040-i32-o32-r10-rep3-seg1-attempt2,33,phase2-full-grid-rerun-20260731-l4-l4-tp1-f2040-i32-o32-r10-rep3-seg1-attempt2-00033-21015e7dbf43,462d38bbf00d480eb4d86abe0d1f29a1,ad5e00e144fc4622,1785511847225185059,1785511847226676614,1785511847230542502,1785511847256424865,1785511847450297051,1785511849497525135,1.491555,3.865888,5.357443,219.754549,66.03961561290323,2266.982633,32,32,32,32,32,32,32,True,200,phase2-full-grid-rerun-20260731-l4-l4-tp1-f2040-i32-o32-r10-rep3-seg1-attempt2-00033-21015e7dbf43,success,False,False,0,1,11737,
phase2-full-grid-rerun-20260731-l4-l4-tp1-f2040-i32-o32-r10-rep3-seg1-attempt2,34,phase2-full-grid-rerun-20260731-l4-l4-tp1-f2040-i32-o32-r10-rep3-seg1-attempt2-00034-118d6376bb7d,8af0561e432b4762ad58f759bd051b4b,72db89cb843d40b8,1785511847325185059,1785511847325585737,1785511847329400748,1785511847339935268,1785511847505502825,1785511849559143691,0.400678,3.815011,4.215689,176.102077,66.2464795483871,2229.742943,32,32,32,32,32,32,32,True,200,phase2-full-grid-rerun-20260731-l4-l4-tp1-f2040-i32-o32-r10-rep3-seg1-attempt2-00034-118d6376bb7d,success,False,False,0,1,11692,
phase2-full-grid-rerun-20260731-l4-l4-tp1-f2040-i32-o32-r10-rep3-seg1-attempt2,35,phase2-full-grid-rerun-20260731-l4-l4-tp1-f2040-i32-o32-r10-rep3-seg1-attempt2-00035-5b187db2b8c6,590fa6c164894726a4fde79ccacb871d,d1e2a574e9764351,1785511847425185059,1785511847425604317,1785511847428544583,1785511847452215728,1785511847636628300,1785511849691354222,0.419258,2.940266,3.359524,208.083717,66.28148135483872,2262.809639,32,32,32,32,32,32,32,True,200,phase2-full-grid-rerun-20260731-l4-l4-tp1-f2040-i32-o32-r10-rep3-seg1-attempt2-00035-5b187db2b8c6,success,False,False,0,1,11738,
phase2-full-grid-rerun-20260731-l4-l4-tp1-f2040-i32-o32-r10-rep3-seg1-attempt2,36,phase2-full-grid-rerun-20260731-l4-l4-tp1-f2040-i32-o32-r10-rep3-seg1-attempt2-00036-a4ed015ff100,843b2ede925d44bfb73123ad118b31f2,a589fb5ed79e4589,1785511847525185059,1785511847525860636,1785511847529291807,1785511847539144467,1785511847702637102,1785511849756834241,0.675577,3.431171,4.106748,173.345295,66.26442383870967,2227.542434,32,32,32,32,32,32,32,True,200,phase2-full-grid-rerun-20260731-l4-l4-tp1-f2040-i32-o32-r10-rep3-seg1-attempt2-00036-a4ed015ff100,success,False,False,0,1,11735,
phase2-full-grid-rerun-20260731-l4-l4-tp1-f2040-i32-o32-r10-rep3-seg1-attempt2,37,phase2-full-grid-rerun-20260731-l4-l4-tp1-f2040-i32-o32-r10-rep3-seg1-attempt2-00037-07c111e8db65,a937ae756c7a4966934563f66db2cfe6,771b04e365864094,1785511847625185059,1785511847625863722,1785511847629785357,1785511847650486973,1785511847837642942,1785511849894894919,0.678663,3.921635,4.600298,207.857585,66.362967,2265.109562,32,32,32,32,32,32,32,True,200,phase2-full-grid-rerun-20260731-l4-l4-tp1-f2040-i32-o32-r10-rep3-seg1-attempt2-00037-07c111e8db65,success,False,False,0,1,11752,
phase2-full-grid-rerun-20260731-l4-l4-tp1-f2040-i32-o32-r10-rep3-seg1-attempt2,38,phase2-full-grid-rerun-20260731-l4-l4-tp1-f2040-i32-o32-r10-rep3-seg1-attempt2-00038-18b3d03dce39,72cc8ba8c61d4e9e91d41c437dcad6a0,410716104e744261,1785511847725185059,1785511847727433802,1785511847730967717,1785511847740924001,1785511847902600658,1785511849957026735,2.248743,3.533915,5.782658,171.632941,66.27180893548388,2226.059018,32,32,32,32,32,32,32,True,200,phase2-full-grid-rerun-20260731-l4-l4-tp1-f2040-i32-o32-r10-rep3-seg1-attempt2-00038-18b3d03dce39,success,False,False,0,1,11690,
phase2-full-grid-rerun-20260731-l4-l4-tp1-f2040-i32-o32-r10-rep3-seg1-attempt2,39,phase2-full-grid-rerun-20260731-l4-l4-tp1-f2040-i32-o32-r10-rep3-seg1-attempt2-00039-647d070efcab,2eff06fb92d94acf84edfdc81dc77aaa,7cf5c4cbbace4c79,1785511847825185059,1785511847825528224,1785511847829350771,1785511847849827340,1785511848037642992,1785511850090658535,0.343165,3.822547,4.165712,208.292221,66.22630783870967,2261.307764,32,32,32,32,32,32,32,True,200,phase2-full-grid-rerun-20260731-l4-l4-tp1-f2040-i32-o32-r10-rep3-seg1-attempt2-00039-647d070efcab,success,False,False,0,1,11695,
phase2-full-grid-rerun-20260731-l4-l4-tp1-f2040-i32-o32-r10-rep3-seg1-attempt2,40,phase2-full-grid-rerun-20260731-l4-l4-tp1-f2040-i32-o32-r10-rep3-seg1-attempt2-00040-73f46f3ec550,2f8ebfcef98a4819a69f33883d8cf534,c5a9b78b99eb478d,1785511847925185059,1785511847926444124,1785511847930418673,1785511847940499708,1785511848115226022,1785511850156034792,1.259065,3.974549,5.233614,184.807349,65.83254096774193,2225.616119,32,32,32,32,32,32,32,True,200,phase2-full-grid-rerun-20260731-l4-l4-tp1-f2040-i32-o32-r10-rep3-seg1-attempt2-00040-73f46f3ec550,success,False,False,0,1,11693,
phase2-full-grid-rerun-20260731-l4-l4-tp1-f2040-i32-o32-r10-rep3-seg1-attempt2,41,phase2-full-grid-rerun-20260731-l4-l4-tp1-f2040-i32-o32-r10-rep3-seg1-attempt2-00041-2d34497c0679,7b6a626a5fda4e648678cf17756d08c0,8ebf275d680e4800,1785511848025185058,1785511848026151108,1785511848030165637,1785511848040947750,1785511848237868534,1785511850293271308,0.96605,4.014529,4.980579,207.702897,66.30331529032259,2263.105671,32,32,32,32,32,32,32,True,200,phase2-full-grid-rerun-20260731-l4-l4-tp1-f2040-i32-o32-r10-rep3-seg1-attempt2-00041-2d34497c0679,success,False,False,0,1,11690,
phase2-full-grid-rerun-20260731-l4-l4-tp1-f2040-i32-o32-r10-rep3-seg1-attempt2,42,phase2-full-grid-rerun-20260731-l4-l4-tp1-f2040-i32-o32-r10-rep3-seg1-attempt2-00042-bb18cb5b7024,bb27d24807ee44798b8adc455c20c4d4,2343c2237106408c,1785511848125185059,1785511848126195547,1785511848129974514,1785511848140767597,1785511848302051577,1785511850353735258,1.010488,3.778967,4.789455,172.077063,66.1833445483871,2223.760744,32,32,32,32,32,32,32,True,200,phase2-full-grid-rerun-20260731-l4-l4-tp1-f2040-i32-o32-r10-rep3-seg1-attempt2-00042-bb18cb5b7024,success,False,False,0,1,11690,
phase2-full-grid-rerun-20260731-l4-l4-tp1-f2040-i32-o32-r10-rep3-seg1-attempt2,43,phase2-full-grid-rerun-20260731-l4-l4-tp1-f2040-i32-o32-r10-rep3-seg1-attempt2-00043-f6b331c7c5c9,934c5641165f4c14801ad7c80b238054,224980d291a94d56,1785511848225185059,1785511848225537859,1785511848229466721,1785511848240920193,1785511848435759971,1785511850489064513,0.3528,3.928862,4.281662,206.29325,66.23563038709678,2259.597792,32,32,32,32,32,32,32,True,200,phase2-full-grid-rerun-20260731-l4-l4-tp1-f2040-i32-o32-r10-rep3-seg1-attempt2-00043-f6b331c7c5c9,success,False,False,0,1,11695,
phase2-full-grid-rerun-20260731-l4-l4-tp1-f2040-i32-o32-r10-rep3-seg1-attempt2,44,phase2-full-grid-rerun-20260731-l4-l4-tp1-f2040-i32-o32-r10-rep3-seg1-attempt2-00044-dc7ebf96297d,ec6447aad25a48a988024609509afdb2,a3803fddf8f34ef4,1785511848325185059,1785511848326270585,1785511848328887738,1785511848338853125,1785511848502701958,1785511850554378247,1.085526,2.617153,3.702679,173.81422,66.1831060967742,2225.490509,32,32,32,32,32,32,32,True,200,phase2-full-grid-rerun-20260731-l4-l4-tp1-f2040-i32-o32-r10-rep3-seg1-attempt2-00044-dc7ebf96297d,success,False,False,0,1,11692,
phase2-full-grid-rerun-20260731-l4-l4-tp1-f2040-i32-o32-r10-rep3-seg1-attempt2,45,phase2-full-grid-rerun-20260731-l4-l4-tp1-f2040-i32-o32-r10-rep3-seg1-attempt2-00045-beb7eeaa1b61,1026135043674adcbe7675c89d4578d2,c59bd1a6632e41ef,1785511848425185059,1785511848425613543,1785511848429108924,1785511848439673551,1785511848634262072,1785511850687395835,0.428484,3.495381,3.923865,205.153148,66.23012138709677,2258.286911,32,32,32,32,32,32,32,True,200,phase2-full-grid-rerun-20260731-l4-l4-tp1-f2040-i32-o32-r10-rep3-seg1-attempt2-00045-beb7eeaa1b61,success,False,False,0,1,11794,
phase2-full-grid-rerun-20260731-l4-l4-tp1-f2040-i32-o32-r10-rep3-seg1-attempt2,46,phase2-full-grid-rerun-20260731-l4-l4-tp1-f2040-i32-o32-r10-rep3-seg1-attempt2-00046-d2ab2b1ea908,9329998af6ba42659180852c2e42bfad,820b8b6254f54e2b,1785511848525185059,1785511848525951612,1785511848529039218,1785511848538657510,1785511848697155167,1785511850752387511,0.766553,3.087606,3.854159,168.115949,66.2978175483871,2223.348293,32,32,32,32,32,32,32,True,200,phase2-full-grid-rerun-20260731-l4-l4-tp1-f2040-i32-o32-r10-rep3-seg1-attempt2-00046-d2ab2b1ea908,success,False,False,0,1,11735,
phase2-full-grid-rerun-20260731-l4-l4-tp1-f2040-i32-o32-r10-rep3-seg1-attempt2,47,phase2-full-grid-rerun-20260731-l4-l4-tp1-f2040-i32-o32-r10-rep3-seg1-attempt2-00047-d23bca9633cc,99ca6eecb6694af5b5f08337ea4aa33a,bb72f1e84521416c,1785511848625185059,1785511848626197231,1785511848628870634,1785511848637282027,1785511848827447351,1785511850885911810,1.012172,2.673403,3.685575,198.576717,66.40207932258063,2257.041176,32,32,32,32,32,32,32,True,200,phase2-full-grid-rerun-20260731-l4-l4-tp1-f2040-i32-o32-r10-rep3-seg1-attempt2-00047-d23bca9633cc,success,False,False,0,1,11754,
phase2-full-grid-rerun-20260731-l4-l4-tp1-f2040-i32-o32-r10-rep3-seg1-attempt2,48,phase2-full-grid-rerun-20260731-l4-l4-tp1-f2040-i32-o32-r10-rep3-seg1-attempt2-00048-d18084ecd67b,b12169513248439b981970f3e531cfcd,9f97c54f8c1e4e8f,1785511848725185059,1785511848727318067,1785511848729824318,1785511848737232349,1785511848899907974,1785511850950248746,2.133008,2.506251,4.639259,170.083656,66.14002490322581,2220.424428,32,32,32,32,32,32,32,True,200,phase2-full-grid-rerun-20260731-l4-l4-tp1-f2040-i32-o32-r10-rep3-seg1-attempt2-00048-d18084ecd67b,success,False,False,0,1,11729,
phase2-full-grid-rerun-20260731-l4-l4-tp1-f2040-i32-o32-r10-rep3-seg1-attempt2,49,phase2-full-grid-rerun-20260731-l4-l4-tp1-f2040-i32-o32-r10-rep3-seg1-attempt2-00049-8be01c4d7679,81eb22332ef14568a4a51795c90bc4da,42dcc318f5e34283,1785511848825185059,1785511848829724952,1785511848831083815,1785511848839127068,1785511849033281122,1785511851087907739,4.539893,1.358863,5.898756,202.197307,66.27827796774193,2256.823924,32,32,32,32,32,32,32,True,200,phase2-full-grid-rerun-20260731-l4-l4-tp1-f2040-i32-o32-r10-rep3-seg1-attempt2-00049-8be01c4d7679,success,False,False,0,1,11687,
phase2-full-grid-rerun-20260731-l4-l4-tp1-f2040-i32-o32-r10-rep3-seg1-attempt2,50,phase2-full-grid-rerun-20260731-l4-l4-tp1-f2040-i32-o32-r10-rep3-seg1-attempt2-00050-5fa78ae1d153,7905e335381546549b14ff57699783c3,a54e2bf194214a2d,1785511848925185059,1785511848925708980,1785511848927864088,1785511848934591117,1785511849103873453,1785511851151596541,0.523921,2.155108,2.679029,176.009365,66.05558348387096,2223.732453,32,32,32,32,32,32,32,True,200,phase2-full-grid-rerun-20260731-l4-l4-tp1-f2040-i32-o32-r10-rep3-seg1-attempt2-00050-5fa78ae1d153,success,False,False,0,1,11680,
phase2-full-grid-rerun-20260731-l4-l4-tp1-f2040-i32-o32-r10-rep3-seg1-attempt2,51,phase2-full-grid-rerun-20260731-l4-l4-tp1-f2040-i32-o32-r10-rep3-seg1-attempt2-00051-11637a7d9ba4,bf80fd19c78a40bda303771bd7fa6cdb,74221de5dfb949e4,1785511849025185059,1785511849026676744,1785511849029113508,1785511849039380630,1785511849226092853,1785511851284087884,1.491685,2.436764,3.928449,196.979345,66.38693648387097,2254.974376,32,32,32,32,32,32,32,True,200,phase2-full-grid-rerun-20260731-l4-l4-tp1-f2040-i32-o32-r10-rep3-seg1-attempt2-00051-11637a7d9ba4,success,False,False,0,1,11695,
phase2-full-grid-rerun-20260731-l4-l4-tp1-f2040-i32-o32-r10-rep3-seg1-attempt2,52,phase2-full-grid-rerun-20260731-l4-l4-tp1-f2040-i32-o32-r10-rep3-seg1-attempt2-00052-f16912d3346d,a4871c1fa99f4e7ab1b4fe60f2a536f5,2b687d12eb644d20,1785511849125185059,1785511849126274961,1785511849129329924,1785511849135666644,1785511849294270258,1785511851349273959,1.089902,3.054963,4.144865,164.940334,66.29044196774194,2219.944035,32,32,32,32,32,32,32,True,200,phase2-full-grid-rerun-20260731-l4-l4-tp1-f2040-i32-o32-r10-rep3-seg1-attempt2-00052-f16912d3346d,success,False,False,0,1,11735,
phase2-full-grid-rerun-20260731-l4-l4-tp1-f2040-i32-o32-r10-rep3-seg1-attempt2,53,phase2-full-grid-rerun-20260731-l4-l4-tp1-f2040-i32-o32-r10-rep3-seg1-attempt2-00053-33c754f19c52,5807835b337847b881d76d4d39cca1b2,44061fba50e44169,1785511849225185059,1785511849230547652,1785511849232276210,1785511849239109780,1785511849425372673,1785511851486240491,5.362593,1.728558,7.091151,193.096463,66.47960703225807,2253.964281,32,32,32,32,32,32,32,True,200,phase2-full-grid-rerun-20260731-l4-l4-tp1-f2040-i32-o32-r10-rep3-seg1-attempt2-00053-33c754f19c52,success,False,False,0,1,11683,
phase2-full-grid-rerun-20260731-l4-l4-tp1-f2040-i32-o32-r10-rep3-seg1-attempt2,54,phase2-full-grid-rerun-20260731-l4-l4-tp1-f2040-i32-o32-r10-rep3-seg1-attempt2-00054-2d0317a5927d,7a7cd79847104e85bbbd4ed9e91ef572,aed2f4d63721487e,1785511849325185059,1785511849325424398,1785511849327863013,1785511849335194932,1785511849494188278,1785511851549089503,0.239339,2.438615,2.677954,166.325265,66.28713629032258,2221.22649,32,32,32,32,32,32,32,True,200,phase2-full-grid-rerun-20260731-l4-l4-tp1-f2040-i32-o32-r10-rep3-seg1-attempt2-00054-2d0317a5927d,success,False,False,0,1,11686,
phase2-full-grid-rerun-20260731-l4-l4-tp1-f2040-i32-o32-r10-rep3-seg1-attempt2,55,phase2-full-grid-rerun-20260731-l4-l4-tp1-f2040-i32-o32-r10-rep3-seg1-attempt2-00055-2226c0469b12,e9e9ba26df364d87a6aaaccb03afcd5b,6ae5a5dbdb8846aa,1785511849425185059,1785511849429615059,1785511849431094820,1785511849437789615,1785511849623432557,1785511851681620779,4.43,1.479761,5.909761,192.337737,66.39316845161291,2250.525959,32,32,32,32,32,32,32,True,200,phase2-full-grid-rerun-20260731-l4-l4-tp1-f2040-i32-o32-r10-rep3-seg1-attempt2-00055-2226c0469b12,success,False,False,0,1,11758,
phase2-full-grid-rerun-20260731-l4-l4-tp1-f2040-i32-o32-r10-rep3-seg1-attempt2,56,phase2-full-grid-rerun-20260731-l4-l4-tp1-f2040-i32-o32-r10-rep3-seg1-attempt2-00056-9cdfcc0026d8,8ec377fd45a945ccb6fb5b965030d027,661b201bcdb5420f,1785511849525185059,1785511849525601916,1785511849528198475,1785511849535495425,1785511849701993454,1785511851748254983,0.416857,2.596559,3.013416,173.794979,66.00843641935484,2220.056508,32,32,32,32,32,32,32,True,200,phase2-full-grid-rerun-20260731-l4-l4-tp1-f2040-i32-o32-r10-rep3-seg1-attempt2-00056-9cdfcc0026d8,success,False,False,0,1,11751,
phase2-full-grid-rerun-20260731-l4-l4-tp1-f2040-i32-o32-r10-rep3-seg1-attempt2,57,phase2-full-grid-rerun-20260731-l4-l4-tp1-f2040-i32-o32-r10-rep3-seg1-attempt2-00057-1a6252356760,6460b690c504407c91fe28cb68d6081f,9be2c83221f34a45,1785511849625185059,1785511849628059363,1785511849629543247,1785511849636762920,1785511849823572258,1785511851883537712,2.874304,1.483884,4.358188,194.029011,66.45049851612903,2253.994465,32,32,32,32,32,32,32,True,200,phase2-full-grid-rerun-20260731-l4-l4-tp1-f2040-i32-o32-r10-rep3-seg1-attempt2-00057-1a6252356760,success,False,False,0,1,11737,
phase2-full-grid-rerun-20260731-l4-l4-tp1-f2040-i32-o32-r10-rep3-seg1-attempt2,58,phase2-full-grid-rerun-20260731-l4-l4-tp1-f2040-i32-o32-r10-rep3-seg1-attempt2-00058-95d5822da2f8,b8b87ca55fd74839a20c92221ee220d2,3078b770fd1a4b4b,1785511849725185059,1785511849725723230,1785511849728169597,1785511849735425450,1785511849890870615,1785511851944924617,0.538171,2.446367,2.984538,162.701018,66.25980651612903,2216.75502,32,32,32,32,32,32,32,True,200,phase2-full-grid-rerun-20260731-l4-l4-tp1-f2040-i32-o32-r10-rep3-seg1-attempt2-00058-95d5822da2f8,success,False,False,0,1,11735,
phase2-full-grid-rerun-20260731-l4-l4-tp1-f2040-i32-o32-r10-rep3-seg1-attempt2,59,phase2-full-grid-rerun-20260731-l4-l4-tp1-f2040-i32-o32-r10-rep3-seg1-attempt2-00059-cc1be6dc64a2,b4aa07f2ce5246c1a879a7fc5791d78c,607ebef58ac04f71,1785511849825185059,1785511849826356119,1785511849827961476,1785511849835317488,1785511850021538126,1785511852079634770,1.17106,1.605357,2.776417,193.57665,66.39021432258065,2251.673294,32,32,32,32,32,32,32,True,200,phase2-full-grid-rerun-20260731-l4-l4-tp1-f2040-i32-o32-r10-rep3-seg1-attempt2-00059-cc1be6dc64a2,success,False,False,0,1,11754,
phase2-full-grid-rerun-20260731-l4-l4-tp1-f2040-i32-o32-r10-rep3-seg1-attempt2,60,phase2-full-grid-rerun-20260731-l4-l4-tp1-f2040-i32-o32-r10-rep3-seg1-attempt2-00060-bc55eb3a5255,ef3c08cf45134f93bf6a32e60a286789,fabd296746b048f0,1785511849925185059,1785511849926155254,1785511849928827584,1785511849936509199,1785511850091420105,1785511852146536753,0.970195,2.67233,3.642525,162.592521,66.29408541935484,2217.709169,32,32,32,32,32,32,32,True,200,phase2-full-grid-rerun-20260731-l4-l4-tp1-f2040-i32-o32-r10-rep3-seg1-attempt2-00060-bc55eb3a5255,success,False,False,0,1,11711,
phase2-full-grid-rerun-20260731-l4-l4-tp1-f2040-i32-o32-r10-rep3-seg1-attempt2,61,phase2-full-grid-rerun-20260731-l4-l4-tp1-f2040-i32-o32-r10-rep3-seg1-attempt2-00061-d2da7d0e2749,0da87f250b584c3cb9d026888c02b971,e770eefa90844aac,1785511850025185059,1785511850025656477,1785511850027078728,1785511850034876360,1785511850222416236,1785511852283019918,0.471418,1.422251,1.893669,195.337508,66.47108651612903,2255.94119,32,32,32,32,32,32,32,True,200,phase2-full-grid-rerun-20260731-l4-l4-tp1-f2040-i32-o32-r10-rep3-seg1-attempt2-00061-d2da7d0e2749,success,False,False,0,1,11706,
phase2-full-grid-rerun-20260731-l4-l4-tp1-f2040-i32-o32-r10-rep3-seg1-attempt2,62,phase2-full-grid-rerun-20260731-l4-l4-tp1-f2040-i32-o32-r10-rep3-seg1-attempt2-00062-8d39f4d88acd,d757ab8bf1ea4e8a86986e55d7832e35,18ef454ee27c4143,1785511850125185059,1785511850125879493,1785511850128429028,1785511850136113053,1785511850290081141,1785511852344452791,0.694434,2.549535,3.243969,161.652113,66.27005322580645,2216.023763,32,32,32,32,32,32,32,True,200,phase2-full-grid-rerun-20260731-l4-l4-tp1-f2040-i32-o32-r10-rep3-seg1-attempt2-00062-8d39f4d88acd,success,False,False,0,1,11690,
phase2-full-grid-rerun-20260731-l4-l4-tp1-f2040-i32-o32-r10-rep3-seg1-attempt2,63,phase2-full-grid-rerun-20260731-l4-l4-tp1-f2040-i32-o32-r10-rep3-seg1-attempt2-00063-823aa4f218a9,886532da33934ae2b12061f2a441a6bd,a5349dcd04c0403f,1785511850225185059,1785511850225707604,1785511850227283402,1785511850234605531,1785511850420847558,1785511852476951633,0.522545,1.575798,2.098343,193.564156,66.3259379032258,2249.668231,32,32,32,32,32,32,32,True,200,phase2-full-grid-rerun-20260731-l4-l4-tp1-f2040-i32-o32-r10-rep3-seg1-attempt2-00063-823aa4f218a9,success,False,False,0,1,11694,
phase2-full-grid-rerun-20260731-l4-l4-tp1-f2040-i32-o32-r10-rep3-seg1-attempt2,64,phase2-full-grid-rerun-20260731-l4-l4-tp1-f2040-i32-o32-r10-rep3-seg1-attempt2-00064-fb4d9002c6d9,c31170ea68164cda811bf3f74c5ed673,cf2755bdbb6a4933,1785511850325185059,1785511850325499423,1785511850328290872,1785511850336090018,1785511850489434107,1785511852543277199,0.314364,2.791449,3.105813,161.143235,66.25300296774193,2214.986327,32,32,32,32,32,32,32,True,200,phase2-full-grid-rerun-20260731-l4-l4-tp1-f2040-i32-o32-r10-rep3-seg1-attempt2-00064-fb4d9002c6d9,success,False,False,0,1,11755,
phase2-full-grid-rerun-20260731-l4-l4-tp1-f2040-i32-o32-r10-rep3-seg1-attempt2,65,phase2-full-grid-rerun-20260731-l4-l4-tp1-f2040-i32-o32-r10-rep3-seg1-attempt2-00065-8483efe60ee6,be0dd1d5dcf94ef8a4afe9a63e89457b,9e7f33c952da47a7,1785511850425185059,1785511850425342381,1785511850427207147,1785511850434883684,1785511850618046446,1785511852673928094,0.157322,1.864766,2.022088,190.839299,66.31876283870967,2246.720947,32,32,32,32,32,32,32,True,200,phase2-full-grid-rerun-20260731-l4-l4-tp1-f2040-i32-o32-r10-rep3-seg1-attempt2-00065-8483efe60ee6,success,False,False,0,1,11628,
phase2-full-grid-rerun-20260731-l4-l4-tp1-f2040-i32-o32-r10-rep3-seg1-attempt2,66,phase2-full-grid-rerun-20260731-l4-l4-tp1-f2040-i32-o32-r10-rep3-seg1-attempt2-00066-a2bb0b147ae3,363dd40d719649b1ac916662edc4ad4a,07d7b7c445d64e5a,1785511850525185059,1785511850525768641,1785511850529290777,1785511850537385368,1785511850687812451,1785511852743253731,0.583582,3.522136,4.105718,158.521674,66.30455741935484,2213.962954,32,32,32,32,32,32,32,True,200,phase2-full-grid-rerun-20260731-l4-l4-tp1-f2040-i32-o32-r10-rep3-seg1-attempt2-00066-a2bb0b147ae3,success,False,False,0,1,11729,
phase2-full-grid-rerun-20260731-l4-l4-tp1-f2040-i32-o32-r10-rep3-seg1-attempt2,67,phase2-full-grid-rerun-20260731-l4-l4-tp1-f2040-i32-o32-r10-rep3-seg1-attempt2-00067-35bf95577624,6745ba2b166742f991aab72f04b8f13b,ffd01875015940ae,1785511850625185059,1785511850626240429,1785511850628286803,1785511850636264851,1785511850818512445,1785511852874644612,1.05537,2.046374,3.101744,190.225642,66.3268440967742,2246.357809,32,32,32,32,32,32,32,True,200,phase2-full-grid-rerun-20260731-l4-l4-tp1-f2040-i32-o32-r10-rep3-seg1-attempt2-00067-35bf95577624,success,False,False,0,1,11689,
phase2-full-grid-rerun-20260731-l4-l4-tp1-f2040-i32-o32-r10-rep3-seg1-attempt2,68,phase2-full-grid-rerun-20260731-l4-l4-tp1-f2040-i32-o32-r10-rep3-seg1-attempt2-00068-a05041786acb,4f469a5124924e78b61dc1f4c31fc70c,ecbf7e18ca3445df,1785511850725185059,1785511850725523681,1785511850728230745,1785511850735633685,1785511850893689254,1785511852941930002,0.338622,2.707064,3.045686,165.458509,66.07228219354839,2213.699257,32,32,32,32,32,32,32,True,200,phase2-full-grid-rerun-20260731-l4-l4-tp1-f2040-i32-o32-r10-rep3-seg1-attempt2-00068-a05041786acb,success,False,False,0,1,11736,
phase2-full-grid-rerun-20260731-l4-l4-tp1-f2040-i32-o32-r10-rep3-seg1-attempt2,69,phase2-full-grid-rerun-20260731-l4-l4-tp1-f2040-i32-o32-r10-rep3-seg1-attempt2-00069-30188fc503ad,4ee021f2a5e94114924f7ccce1ed6f48,edeb260aabf549bd,1785511850825185059,1785511850825411664,1785511850827174159,1785511850836081701,1785511851016596422,1785511853073203766,0.226605,1.762495,1.9891,189.422263,66.34217238709678,2246.029607,32,32,32,32,32,32,32,True,200,phase2-full-grid-rerun-20260731-l4-l4-tp1-f2040-i32-o32-r10-rep3-seg1-attempt2-00069-30188fc503ad,success,False,False,0,1,11685,
phase2-full-grid-rerun-20260731-l4-l4-tp1-f2040-i32-o32-r10-rep3-seg1-attempt2,70,phase2-full-grid-rerun-20260731-l4-l4-tp1-f2040-i32-o32-r10-rep3-seg1-attempt2-00070-d2579263aacd,a703297eced34d00a742e5c2f1376456,19c978ec56a84e2a,1785511850925185059,1785511850925994075,1785511850928007581,1785511850934649725,1785511851084662174,1785511853139327756,0.809016,2.013506,2.822522,156.654593,66.27953490322581,2211.320175,32,32,32,32,32,32,32,True,200,phase2-full-grid-rerun-20260731-l4-l4-tp1-f2040-i32-o32-r10-rep3-seg1-attempt2-00070-d2579263aacd,success,False,False,0,1,11737,
phase2-full-grid-rerun-20260731-l4-l4-tp1-f2040-i32-o32-r10-rep3-seg1-attempt2,71,phase2-full-grid-rerun-20260731-l4-l4-tp1-f2040-i32-o32-r10-rep3-seg1-attempt2-00071-99a3b4ce3bd2,80dc935abe7c476f85b36319f905dab0,a2cec43419b249ff,1785511851025185059,1785511851025380913,1785511851027332054,1785511851034956344,1785511851215501981,1785511853271583311,0.195854,1.951141,2.146995,188.169927,66.32520419354839,2244.251257,32,32,32,32,32,32,32,True,200,phase2-full-grid-rerun-20260731-l4-l4-tp1-f2040-i32-o32-r10-rep3-seg1-attempt2-00071-99a3b4ce3bd2,success,False,False,0,1,11743,
phase2-full-grid-rerun-20260731-l4-l4-tp1-f2040-i32-o32-r10-rep3-seg1-attempt2,72,phase2-full-grid-rerun-20260731-l4-l4-tp1-f2040-i32-o32-r10-rep3-seg1-attempt2-00072-a6d0b9817994,b3c70170771b47ffabd799d0d9a7497f,780c1940d9454430,1785511851125185059,1785511851126318417,1785511851128779949,1785511851136560854,1785511851292950057,1785511853340168063,1.133358,2.461532,3.59489,164.170108,66.03929051612903,2211.388114,32,32,32,32,32,32,32,True,200,phase2-full-grid-rerun-20260731-l4-l4-tp1-f2040-i32-o32-r10-rep3-seg1-attempt2-00072-a6d0b9817994,success,False,False,0,1,11737,
phase2-full-grid-rerun-20260731-l4-l4-tp1-f2040-i32-o32-r10-rep3-seg1-attempt2,73,phase2-full-grid-rerun-20260731-l4-l4-tp1-f2040-i32-o32-r10-rep3-seg1-attempt2-00073-cb187a5ecc20,74d7032a8f1e42ee8154b6b5f27e251a,7f9750ceba2d4870,1785511851225185059,1785511851225448807,1785511851227432799,1785511851234551481,1785511851416517855,1785511853471911184,0.263748,1.983992,2.24774,189.085056,66.30301061290322,2244.478385,32,32,32,32,32,32,32,True,200,phase2-full-grid-rerun-20260731-l4-l4-tp1-f2040-i32-o32-r10-rep3-seg1-attempt2-00073-cb187a5ecc20,success,False,False,0,1,11736,
phase2-full-grid-rerun-20260731-l4-l4-tp1-f2040-i32-o32-r10-rep3-seg1-attempt2,74,phase2-full-grid-rerun-20260731-l4-l4-tp1-f2040-i32-o32-r10-rep3-seg1-attempt2-00074-50b6fae1cc05,aed24baf24974e61b2096f87c9592dc4,417665862c6c4d56,1785511851325185059,1785511851326233783,1785511851328502598,1785511851335886390,1785511851483081579,1785511853539725709,1.048724,2.268815,3.317539,154.578981,66.34335903225806,2211.223111,32,32,32,32,32,32,32,True,200,phase2-full-grid-rerun-20260731-l4-l4-tp1-f2040-i32-o32-r10-rep3-seg1-attempt2-00074-50b6fae1cc05,success,False,False,0,1,11690,
phase2-full-grid-rerun-20260731-l4-l4-tp1-f2040-i32-o32-r10-rep3-seg1-attempt2,75,phase2-full-grid-rerun-20260731-l4-l4-tp1-f2040-i32-o32-r10-rep3-seg1-attempt2-00075-f2dea100cfbd,36238560e38a4344af616821c4cd3e2a,7b266801d5e44a75,1785511851425185059,1785511851425402756,1785511851427307749,1785511851434353378,1785511851613580966,1785511853668971096,0.217697,1.904993,2.12269,186.273217,66.30290741935485,2241.663347,32,32,32,32,32,32,32,True,200,phase2-full-grid-rerun-20260731-l4-l4-tp1-f2040-i32-o32-r10-rep3-seg1-attempt2-00075-f2dea100cfbd,success,False,False,0,1,11698,
phase2-full-grid-rerun-20260731-l4-l4-tp1-f2040-i32-o32-r10-rep3-seg1-attempt2,76,phase2-full-grid-rerun-20260731-l4-l4-tp1-f2040-i32-o32-r10-rep3-seg1-attempt2-00076-056072fa4337,1a1684cb254c4f58911cfbb77ffeacc1,afaf01ce1057455d,1785511851525185059,1785511851525544825,1785511851528235696,1785511851535592370,1785511851682194104,1785511853735021145,0.359766,2.690871,3.050637,153.958408,66.22022712903225,2206.785449,32,32,32,32,32,32,32,True,200,phase2-full-grid-rerun-20260731-l4-l4-tp1-f2040-i32-o32-r10-rep3-seg1-attempt2-00076-056072fa4337,success,False,False,0,1,11692,
phase2-full-grid-rerun-20260731-l4-l4-tp1-f2040-i32-o32-r10-rep3-seg1-attempt2,77,phase2-full-grid-rerun-20260731-l4-l4-tp1-f2040-i32-o32-r10-rep3-seg1-attempt2-00077-0e4f1b5ca090,4070e64a77bb4773863fff3ccc9f111b,c70c1dad666e492d,1785511851625185059,1785511851625554119,1785511851627816753,1785511851634922200,1785511851813302897,1785511853868740393,0.36906,2.262634,2.631694,185.486144,66.30443535483872,2240.92364,32,32,32,32,32,32,32,True,200,phase2-full-grid-rerun-20260731-l4-l4-tp1-f2040-i32-o32-r10-rep3-seg1-attempt2-00077-0e4f1b5ca090,success,False,False,0,1,11690,
phase2-full-grid-rerun-20260731-l4-l4-tp1-f2040-i32-o32-r10-rep3-seg1-attempt2,78,phase2-full-grid-rerun-20260731-l4-l4-tp1-f2040-i32-o32-r10-rep3-seg1-attempt2-00078-58e9d6f47458,05ad7b4c829642c5bf7dafbcf2cdd036,1cba4c13bcc9412b,1785511851725185059,1785511851726158480,1785511851728373293,1785511851735184236,1785511851879623064,1785511853933568507,0.973421,2.214813,3.188234,151.249771,66.25630461290322,2205.195214,32,32,32,32,32,32,32,True,200,phase2-full-grid-rerun-20260731-l4-l4-tp1-f2040-i32-o32-r10-rep3-seg1-attempt2-00078-58e9d6f47458,success,False,False,0,1,11727,
phase2-full-grid-rerun-20260731-l4-l4-tp1-f2040-i32-o32-r10-rep3-seg1-attempt2,79,phase2-full-grid-rerun-20260731-l4-l4-tp1-f2040-i32-o32-r10-rep3-seg1-attempt2-00079-38cdff0355a2,055e32e342eb4f19913624c8f5b3f27e,8003aec64678432e,1785511851825185059,1785511851826314561,1785511851828443868,1785511851835642376,1785511852012580055,1785511854068271160,1.129502,2.129307,3.258809,184.136187,66.31261629032258,2239.827292,32,32,32,32,32,32,32,True,200,phase2-full-grid-rerun-20260731-l4-l4-tp1-f2040-i32-o32-r10-rep3-seg1-attempt2-00079-38cdff0355a2,success,False,False,0,1,11736,
phase2-full-grid-rerun-20260731-l4-l4-tp1-f2040-i32-o32-r10-rep3-seg1-attempt2,80,phase2-full-grid-rerun-20260731-l4-l4-tp1-f2040-i32-o32-r10-rep3-seg1-attempt2-00080-d5126fc5a530,757d2bcd4261417e95199e94bb324dd8,addffd4ac1064b3b,1785511851925185059,1785511851925586996,1785511851927765595,1785511851934858552,1785511852080542424,1785511854136272804,0.401937,2.178599,2.580536,152.776829,66.31388322580645,2208.507209,32,32,32,32,32,32,32,True,200,phase2-full-grid-rerun-20260731-l4-l4-tp1-f2040-i32-o32-r10-rep3-seg1-attempt2-00080-d5126fc5a530,success,False,False,0,1,11690,
phase2-full-grid-rerun-20260731-l4-l4-tp1-f2040-i32-o32-r10-rep3-seg1-attempt2,81,phase2-full-grid-rerun-20260731-l4-l4-tp1-f2040-i32-o32-r10-rep3-seg1-attempt2-00081-f05964b04648,0131eea3c5ee461abefae5c1675fa4d4,ced76b4d164048e1,1785511852025185059,1785511852025810436,1785511852027836343,1785511852035270961,1785511852210309551,1785511854265674562,0.625377,2.025907,2.651284,182.473208,66.30209712903225,2237.838219,32,32,32,32,32,32,32,True,200,phase2-full-grid-rerun-20260731-l4-l4-tp1-f2040-i32-o32-r10-rep3-seg1-attempt2-00081-f05964b04648,success,False,False,0,1,11711,
phase2-full-grid-rerun-20260731-l4-l4-tp1-f2040-i32-o32-r10-rep3-seg1-attempt2,82,phase2-full-grid-rerun-20260731-l4-l4-tp1-f2040-i32-o32-r10-rep3-seg1-attempt2-00082-6c298a8c8616,97117e6f63cb4f7482f55639a54d0756,0568572c96f043b1,1785511852125185058,1785511852126345782,1785511852128821883,1785511852136740645,1785511852278911101,1785511854333417241,1.160724,2.476101,3.636825,150.089218,66.27439161290323,2204.595358,32,32,32,32,32,32,32,True,200,phase2-full-grid-rerun-20260731-l4-l4-tp1-f2040-i32-o32-r10-rep3-seg1-attempt2-00082-6c298a8c8616,success,False,False,0,1,11759,
phase2-full-grid-rerun-20260731-l4-l4-tp1-f2040-i32-o32-r10-rep3-seg1-attempt2,83,phase2-full-grid-rerun-20260731-l4-l4-tp1-f2040-i32-o32-r10-rep3-seg1-attempt2-00083-37414f5844c2,63170519a99a41feb7a289814aa173e9,12eec46594734926,1785511852225185059,1785511852225813057,1785511852228391365,1785511852236110693,1785511852413715273,1785511854466915777,0.627998,2.578308,3.206306,185.323908,66.23227432258064,2238.524412,32,32,32,32,32,32,32,True,200,phase2-full-grid-rerun-20260731-l4-l4-tp1-f2040-i32-o32-r10-rep3-seg1-attempt2-00083-37414f5844c2,success,False,False,0,1,11747,
phase2-full-grid-rerun-20260731-l4-l4-tp1-f2040-i32-o32-r10-rep3-seg1-attempt2,84,phase2-full-grid-rerun-20260731-l4-l4-tp1-f2040-i32-o32-r10-rep3-seg1-attempt2-00084-6cc5556307f2,e1d9a0ece7a8418b811d50005e6e85ac,5f444be81ab743f8,1785511852325185059,1785511852327199478,1785511852329859114,1785511852337383449,1785511852543394846,1785511854602606074,2.014419,2.659636,4.674055,213.535732,66.4261686451613,2272.74696,32,32,32,32,32,32,32,True,200,phase2-full-grid-rerun-20260731-l4-l4-tp1-f2040-i32-o32-r10-rep3-seg1-attempt2-00084-6cc5556307f2,success,False,False,0,1,11736,
phase2-full-grid-rerun-20260731-l4-l4-tp1-f2040-i32-o32-r10-rep3-seg1-attempt2,85,phase2-full-grid-rerun-20260731-l4-l4-tp1-f2040-i32-o32-r10-rep3-seg1-attempt2-00085-0e70c4f4b5f5,9e8a1c9bdba34b378e06e45c165182ae,07f1391828b24a8f,1785511852425185059,1785511852427103442,1785511852428778765,1785511852436090951,1785511852609069179,1785511854664430239,1.918383,1.675323,3.593706,180.290414,66.30196967741936,2235.651474,32,32,32,32,32,32,32,True,200,phase2-full-grid-rerun-20260731-l4-l4-tp1-f2040-i32-o32-r10-rep3-seg1-attempt2-00085-0e70c4f4b5f5,success,False,False,0,1,11741,
phase2-full-grid-rerun-20260731-l4-l4-tp1-f2040-i32-o32-r10-rep3-seg1-attempt2,86,phase2-full-grid-rerun-20260731-l4-l4-tp1-f2040-i32-o32-r10-rep3-seg1-attempt2-00086-079b4a0a0fbf,f78238bdeb2245e5bd619feb4a20aa2f,c079f5a701f548ec,1785511852525185059,1785511852526229816,1785511852528235391,1785511852535397872,1785511852741928896,1785511854797718553,1.044757,2.005575,3.050332,213.693505,66.31579538709677,2269.483162,32,32,32,32,32,32,32,True,200,phase2-full-grid-rerun-20260731-l4-l4-tp1-f2040-i32-o32-r10-rep3-seg1-attempt2-00086-079b4a0a0fbf,success,False,False,0,1,11748,
phase2-full-grid-rerun-20260731-l4-l4-tp1-f2040-i32-o32-r10-rep3-seg1-attempt2,87,phase2-full-grid-rerun-20260731-l4-l4-tp1-f2040-i32-o32-r10-rep3-seg1-attempt2-00087-79391e8538e1,280351409c92495bb0d095f4d31ddff6,c013d211427d46e6,1785511852625185059,1785511852625435498,1785511852627120001,1785511852633659576,1785511852807832748,1785511854863842825,0.250439,1.684503,1.934942,180.712747,66.32290570967741,2236.722824,32,32,32,32,32,32,32,True,200,phase2-full-grid-rerun-20260731-l4-l4-tp1-f2040-i32-o32-r10-rep3-seg1-attempt2-00087-79391e8538e1,success,False,False,0,1,11730,
phase2-full-grid-rerun-20260731-l4-l4-tp1-f2040-i32-o32-r10-rep3-seg1-attempt2,88,phase2-full-grid-rerun-20260731-l4-l4-tp1-f2040-i32-o32-r10-rep3-seg1-attempt2-00088-550f727eb58d,c376471f47c943e5b4516b65bafbd93b,9f929dfc629b4cbb,1785511852725185059,1785511852726356389,1785511852728890057,1785511852736181504,1785511852938940700,1785511854995809151,1.17133,2.533668,3.704998,210.050643,66.35059519354839,2266.919094,32,32,32,32,32,32,32,True,200,phase2-full-grid-rerun-20260731-l4-l4-tp1-f2040-i32-o32-r10-rep3-seg1-attempt2-00088-550f727eb58d,success,False,False,0,1,11690,
phase2-full-grid-rerun-20260731-l4-l4-tp1-f2040-i32-o32-r10-rep3-seg1-attempt2,89,phase2-full-grid-rerun-20260731-l4-l4-tp1-f2040-i32-o32-r10-rep3-seg1-attempt2-00089-36c903c579ea,2e506585a23240018555b5f2152b1433,9eccdc4c323f4bc5,1785511852825185059,1785511852825708330,1785511852828380352,1785511852835653226,1785511853006401313,1785511855062967787,0.523271,2.672022,3.195293,178.020961,66.34085400000001,2234.587435,32,32,32,32,32,32,32,True,200,phase2-full-grid-rerun-20260731-l4-l4-tp1-f2040-i32-o32-r10-rep3-seg1-attempt2-00089-36c903c579ea,success,False,False,0,1,11730,
phase2-full-grid-rerun-20260731-l4-l4-tp1-f2040-i32-o32-r10-rep3-seg1-attempt2,90,phase2-full-grid-rerun-20260731-l4-l4-tp1-f2040-i32-o32-r10-rep3-seg1-attempt2-00090-0c5c61a0a5b8,ac52b5e5519c42e7961afc230f9f030c,c75d3b4781464111,1785511852925185059,1785511852925452479,1785511852927515401,1785511852934711481,1785511853139939534,1785511855199940274,0.26742,2.062922,2.330342,212.424133,66.45163677419355,2272.424873,32,32,32,32,32,32,32,True,200,phase2-full-grid-rerun-20260731-l4-l4-tp1-f2040-i32-o32-r10-rep3-seg1-attempt2-00090-0c5c61a0a5b8,success,False,False,0,1,11701,
phase2-full-grid-rerun-20260731-l4-l4-tp1-f2040-i32-o32-r10-rep3-seg1-attempt2,91,phase2-full-grid-rerun-20260731-l4-l4-tp1-f2040-i32-o32-r10-rep3-seg1-attempt2-00091-af09dfebe942,e0416a6e7b754faa98e76279c44da7d2,e99308e96d134e44,1785511853025185059,1785511853025749024,1785511853028065484,1785511853035083785,1785511853205265173,1785511855261722816,0.563965,2.31646,2.880425,177.199689,66.33734332258065,2233.657332,32,32,32,32,32,32,32,True,200,phase2-full-grid-rerun-20260731-l4-l4-tp1-f2040-i32-o32-r10-rep3-seg1-attempt2-00091-af09dfebe942,success,False,False,0,1,11738,
phase2-full-grid-rerun-20260731-l4-l4-tp1-f2040-i32-o32-r10-rep3-seg1-attempt2,92,phase2-full-grid-rerun-20260731-l4-l4-tp1-f2040-i32-o32-r10-rep3-seg1-attempt2-00092-094774551fd2,331a9a6544bd402a9bcaccc61415a82e,f6f523235b984391,1785511853125185059,1785511853125846261,1785511853128399563,1785511853148507377,1785511853338175565,1785511855395056874,0.661202,2.553302,3.214504,209.776002,66.35100996774193,2266.657311,32,32,32,32,32,32,32,True,200,phase2-full-grid-rerun-20260731-l4-l4-tp1-f2040-i32-o32-r10-rep3-seg1-attempt2-00092-094774551fd2,success,False,False,0,1,11742,
phase2-full-grid-rerun-20260731-l4-l4-tp1-f2040-i32-o32-r10-rep3-seg1-attempt2,93,phase2-full-grid-rerun-20260731-l4-l4-tp1-f2040-i32-o32-r10-rep3-seg1-attempt2-00093-ba09aef96169,4c8fdf8a6d7142ca9e58a7d637fa29ef,26ba91424c274e13,1785511853225185059,1785511853225997268,1785511853228113568,1785511853235304570,1785511853404548744,1785511855460285255,0.812209,2.1163,2.928509,176.435176,66.314081,2232.171687,32,32,32,32,32,32,32,True,200,phase2-full-grid-rerun-20260731-l4-l4-tp1-f2040-i32-o32-r10-rep3-seg1-attempt2-00093-ba09aef96169,success,False,False,0,1,11730,
phase2-full-grid-rerun-20260731-l4-l4-tp1-f2040-i32-o32-r10-rep3-seg1-attempt2,94,phase2-full-grid-rerun-20260731-l4-l4-tp1-f2040-i32-o32-r10-rep3-seg1-attempt2-00094-da48f795bcd4,5213784101654dcaa70f7cf70143d6b9,1a878f9857104f8c,1785511853325185059,1785511853326053840,1785511853327892383,1785511853347227503,1785511853537295107,1785511855593582696,0.868781,1.838543,2.707324,209.402724,66.33185770967742,2265.690313,32,32,32,32,32,32,32,True,200,phase2-full-grid-rerun-20260731-l4-l4-tp1-f2040-i32-o32-r10-rep3-seg1-attempt2-00094-da48f795bcd4,success,False,False,0,1,11702,
phase2-full-grid-rerun-20260731-l4-l4-tp1-f2040-i32-o32-r10-rep3-seg1-attempt2,95,phase2-full-grid-rerun-20260731-l4-l4-tp1-f2040-i32-o32-r10-rep3-seg1-attempt2-00095-3b93fae87baa,a2e703a744a44aafa8d679095565dae4,d5614fa85c2f4bab,1785511853425185059,1785511853426894091,1785511853428782847,1785511853436049945,1785511853603129311,1785511855659778822,1.709032,1.888756,3.597788,174.346464,66.34353261290323,2230.995975,32,32,32,32,32,32,32,True,200,phase2-full-grid-rerun-20260731-l4-l4-tp1-f2040-i32-o32-r10-rep3-seg1-attempt2-00095-3b93fae87baa,success,False,False,0,1,11686,
phase2-full-grid-rerun-20260731-l4-l4-tp1-f2040-i32-o32-r10-rep3-seg1-attempt2,96,phase2-full-grid-rerun-20260731-l4-l4-tp1-f2040-i32-o32-r10-rep3-seg1-attempt2-00096-2acc68153b1d,49e137857a354ee0a49c708fd47a113e,203c3d3dd53543e7,1785511853525185059,1785511853526314774,1785511853529101126,1785511853547953926,1785511853743235966,1785511855797125451,1.129715,2.786352,3.916067,214.13484,66.25449951612903,2268.024325,32,32,32,32,32,32,32,True,200,phase2-full-grid-rerun-20260731-l4-l4-tp1-f2040-i32-o32-r10-rep3-seg1-attempt2-00096-2acc68153b1d,success,False,False,0,1,11725,
phase2-full-grid-rerun-20260731-l4-l4-tp1-f2040-i32-o32-r10-rep3-seg1-attempt2,97,phase2-full-grid-rerun-20260731-l4-l4-tp1-f2040-i32-o32-r10-rep3-seg1-attempt2-00097-221bd6351371,b4408c6a888b427fb5b7e36985e1b531,9a548847f5394186,1785511853625185059,1785511853625757157,1785511853628503624,1785511853636088746,1785511853800841319,1785511855857881140,0.572098,2.746467,3.318565,172.337695,66.35612325806451,2229.377516,32,32,32,32,32,32,32,True,200,phase2-full-grid-rerun-20260731-l4-l4-tp1-f2040-i32-o32-r10-rep3-seg1-attempt2-00097-221bd6351371,success,False,False,0,1,11690,
phase2-full-grid-rerun-20260731-l4-l4-tp1-f2040-i32-o32-r10-rep3-seg1-attempt2,98,phase2-full-grid-rerun-20260731-l4-l4-tp1-f2040-i32-o32-r10-rep3-seg1-attempt2-00098-01f6bcf602ba,c7bc2cee2b9f419e887fc9083f0b01f4,b30a4f1e272e4228,1785511853725185059,1785511853725669494,1785511853728382936,1785511853744399992,1785511853933972175,1785511855992119386,0.484435,2.713442,3.197877,205.589239,66.39184551612904,2263.73645,32,32,32,32,32,32,32,True,200,phase2-full-grid-rerun-20260731-l4-l4-tp1-f2040-i32-o32-r10-rep3-seg1-attempt2-00098-01f6bcf602ba,success,False,False,0,1,11689,
phase2-full-grid-rerun-20260731-l4-l4-tp1-f2040-i32-o32-r10-rep3-seg1-attempt2,99,phase2-full-grid-rerun-20260731-l4-l4-tp1-f2040-i32-o32-r10-rep3-seg1-attempt2-00099-e6b0b5b30d0d,ba0d8327eea0490393c29082b4365cb5,c39b7cc3dacd4c2b,1785511853825185059,1785511853825622946,1785511853827979851,1785511853835089492,1785511854000198768,1785511856057284148,0.437887,2.356905,2.794792,172.218917,66.35759290322581,2229.304297,32,32,32,32,32,32,32,True,200,phase2-full-grid-rerun-20260731-l4-l4-tp1-f2040-i32-o32-r10-rep3-seg1-attempt2-00099-e6b0b5b30d0d,success,False,False,0,1,11751,
phase2-full-grid-rerun-20260731-l4-l4-tp1-f2040-i32-o32-r10-rep3-seg1-attempt2,100,phase2-full-grid-rerun-20260731-l4-l4-tp1-f2040-i32-o32-r10-rep3-seg1-attempt2-00100-2785492a5be0,226b1d8ad8584ffe936a8a7a982b338d,51bc1a8887b648ed,1785511853925185059,1785511853926100830,1785511853927940579,1785511853944163519,1785511854134573083,1785511856194703920,0.915771,1.839749,2.75552,206.632504,66.4558334516129,2266.763341,32,32,32,32,32,32,32,True,200,phase2-full-grid-rerun-20260731-l4-l4-tp1-f2040-i32-o32-r10-rep3-seg1-attempt2-00100-2785492a5be0,success,False,False,0,1,11736,
phase2-full-grid-rerun-20260731-l4-l4-tp1-f2040-i32-o32-r10-rep3-seg1-attempt2,101,phase2-full-grid-rerun-20260731-l4-l4-tp1-f2040-i32-o32-r10-rep3-seg1-attempt2-00101-ebc88d0b253d,6b301b7d74bc47c3b52f310f87376150,37d64a61190b4586,1785511854025185059,1785511854026339592,1785511854028963396,1785511854036511822,1785511854198590392,1785511856255988272,1.154533,2.623804,3.778337,169.626996,66.3676735483871,2227.024876,32,32,32,32,32,32,32,True,200,phase2-full-grid-rerun-20260731-l4-l4-tp1-f2040-i32-o32-r10-rep3-seg1-attempt2-00101-ebc88d0b253d,success,False,False,0,1,11692,
phase2-full-grid-rerun-20260731-l4-l4-tp1-f2040-i32-o32-r10-rep3-seg1-attempt2,102,phase2-full-grid-rerun-20260731-l4-l4-tp1-f2040-i32-o32-r10-rep3-seg1-attempt2-00102-b27579b5cff9,21d281b781ad4a16879a6cc459f57c2d,bbc5de04313947d9,1785511854125185059,1785511854125948185,1785511854128762254,1785511854144505666,1785511854334645828,1785511856393983950,0.763126,2.814069,3.577195,205.883574,66.430262,2265.221696,32,32,32,32,32,32,32,True,200,phase2-full-grid-rerun-20260731-l4-l4-tp1-f2040-i32-o32-r10-rep3-seg1-attempt2-00102-b27579b5cff9,success,False,False,0,1,11770,
phase2-full-grid-rerun-20260731-l4-l4-tp1-f2040-i32-o32-r10-rep3-seg1-attempt2,103,phase2-full-grid-rerun-20260731-l4-l4-tp1-f2040-i32-o32-r10-rep3-seg1-attempt2-00103-984fc72cad47,a4d0d28a929d4ed58e38b8003992885f,8f9bae679a484c85,1785511854225185059,1785511854226208205,1785511854228707870,1785511854236759120,1785511854399253169,1785511856457171625,1.023146,2.499665,3.522811,170.545299,66.38446632258064,2228.463755,32,32,32,32,32,32,32,True,200,phase2-full-grid-rerun-20260731-l4-l4-tp1-f2040-i32-o32-r10-rep3-seg1-attempt2-00103-984fc72cad47,success,False,False,0,1,11753,
phase2-full-grid-rerun-20260731-l4-l4-tp1-f2040-i32-o32-r10-rep3-seg1-attempt2,104,phase2-full-grid-rerun-20260731-l4-l4-tp1-f2040-i32-o32-r10-rep3-seg1-attempt2-00104-f106b4524387,b0bb90a59f5d4f059a7b21390874c0f1,e907c2e7405a4985,1785511854325185059,1785511854325489206,1785511854328151591,1785511854343903340,1785511854533948989,1785511856589025520,0.304147,2.662385,2.966532,205.797398,66.29279132258065,2260.873929,32,32,32,32,32,32,32,True,200,phase2-full-grid-rerun-20260731-l4-l4-tp1-f2040-i32-o32-r10-rep3-seg1-attempt2-00104-f106b4524387,success,False,False,0,1,11695,
phase2-full-grid-rerun-20260731-l4-l4-tp1-f2040-i32-o32-r10-rep3-seg1-attempt2,105,phase2-full-grid-rerun-20260731-l4-l4-tp1-f2040-i32-o32-r10-rep3-seg1-attempt2-00105-6f3dd7a3ee75,191b557e66f74b5185b2a4b22df917c8,269474514f0049b7,1785511854425185059,1785511854425712159,1785511854428266032,1785511854437693859,1785511854597930677,1785511856654703679,0.5271,2.553873,3.080973,169.664645,66.34751619354839,2226.437647,32,32,32,32,32,32,32,True,200,phase2-full-grid-rerun-20260731-l4-l4-tp1-f2040-i32-o32-r10-rep3-seg1-attempt2-00105-6f3dd7a3ee75,success,False,False,0,1,11777,
phase2-full-grid-rerun-20260731-l4-l4-tp1-f2040-i32-o32-r10-rep3-seg1-attempt2,106,phase2-full-grid-rerun-20260731-l4-l4-tp1-f2040-i32-o32-r10-rep3-seg1-attempt2-00106-ded3942ffefc,7dfd57b710e84fe1b8db52f620978b71,bd8fea4bce6344cc,1785511854525185059,1785511854526111619,1785511854528724502,1785511854537697572,1785511854734990607,1785511856792217331,0.92656,2.612883,3.539443,206.266105,66.36215238709677,2263.492829,32,32,32,32,32,32,32,True,200,phase2-full-grid-rerun-20260731-l4-l4-tp1-f2040-i32-o32-r10-rep3-seg1-attempt2-00106-ded3942ffefc,success,False,False,0,1,11694,
phase2-full-grid-rerun-20260731-l4-l4-tp1-f2040-i32-o32-r10-rep3-seg1-attempt2,107,phase2-full-grid-rerun-20260731-l4-l4-tp1-f2040-i32-o32-r10-rep3-seg1-attempt2-00107-58c62dca3eb7,5c2bd2561df047ba84fe953feefc3644,6ebee8749ecf4673,1785511854625185059,1785511854626146937,1785511854628284947,1785511854636774814,1785511854798313606,1785511856857797633,0.961878,2.13801,3.099888,170.028659,66.43496861290322,2229.512686,32,32,32,32,32,32,32,True,200,phase2-full-grid-rerun-20260731-l4-l4-tp1-f2040-i32-o32-r10-rep3-seg1-attempt2-00107-58c62dca3eb7,success,False,False,0,1,11695,
phase2-full-grid-rerun-20260731-l4-l4-tp1-f2040-i32-o32-r10-rep3-seg1-attempt2,108,phase2-full-grid-rerun-20260731-l4-l4-tp1-f2040-i32-o32-r10-rep3-seg1-attempt2-00108-a2b978d73fdd,090211c2cd2c4a3fa24c79c1b275a3ed,f8d37c1823874cdf,1785511854725185059,1785511854726739462,1785511854729043798,1785511854737047849,1785511854933964454,1785511856988436309,1.554403,2.304336,3.858739,204.920656,66.27328564516128,2259.392511,32,32,32,32,32,32,32,True,200,phase2-full-grid-rerun-20260731-l4-l4-tp1-f2040-i32-o32-r10-rep3-seg1-attempt2-00108-a2b978d73fdd,success,False,False,0,1,11761,
phase2-full-grid-rerun-20260731-l4-l4-tp1-f2040-i32-o32-r10-rep3-seg1-attempt2,109,phase2-full-grid-rerun-20260731-l4-l4-tp1-f2040-i32-o32-r10-rep3-seg1-attempt2-00109-ab29ea782396,09c54e50d09e4cd19846fc86f7e602f6,cc7a60cb5fe04237,1785511854825185059,1785511854827100906,1785511854829050531,1785511854836145568,1785511855004123787,1785511857053775406,1.915847,1.949625,3.865472,175.073256,66.11779416129033,2224.724875,32,32,32,32,32,32,32,True,200,phase2-full-grid-rerun-20260731-l4-l4-tp1-f2040-i32-o32-r10-rep3-seg1-attempt2-00109-ab29ea782396,success,False,False,0,1,11708,
phase2-full-grid-rerun-20260731-l4-l4-tp1-f2040-i32-o32-r10-rep3-seg1-attempt2,110,phase2-full-grid-rerun-20260731-l4-l4-tp1-f2040-i32-o32-r10-rep3-seg1-attempt2-00110-e19586552c2e,ce13a3a674e14b88b8b02a049d67c077,3cf7f2d6937b48ef,1785511854925185059,1785511854925716806,1785511854928527299,1785511854936610766,1785511855133797100,1785511857190600062,0.531747,2.810493,3.34224,205.269801,66.3484826451613,2262.072763,32,32,32,32,32,32,32,True,200,phase2-full-grid-rerun-20260731-l4-l4-tp1-f2040-i32-o32-r10-rep3-seg1-attempt2-00110-e19586552c2e,success,False,False,0,1,11752,
phase2-full-grid-rerun-20260731-l4-l4-tp1-f2040-i32-o32-r10-rep3-seg1-attempt2,111,phase2-full-grid-rerun-20260731-l4-l4-tp1-f2040-i32-o32-r10-rep3-seg1-attempt2-00111-07549c18322b,0701fc6fa59443158f7c9d5a1ce96187,80d00675115d449d,1785511855025185059,1785511855026278500,1785511855028608910,1785511855035428813,1785511855195058193,1785511857250893494,1.093441,2.33041,3.423851,166.449283,66.31726777419355,2222.284584,32,32,32,32,32,32,32,True,200,phase2-full-grid-rerun-20260731-l4-l4-tp1-f2040-i32-o32-r10-rep3-seg1-attempt2-00111-07549c18322b,success,False,False,0,1,11745,
phase2-full-grid-rerun-20260731-l4-l4-tp1-f2040-i32-o32-r10-rep3-seg1-attempt2,112,phase2-full-grid-rerun-20260731-l4-l4-tp1-f2040-i32-o32-r10-rep3-seg1-attempt2-00112-566d1c620540,addf2be398d24094a7fb1ba0e4bd3ac1,63e56b5ac9314d78,1785511855125185059,1785511855126205851,1785511855128253763,1785511855136680886,1785511855334200202,1785511857386577288,1.020792,2.047912,3.068704,205.946439,66.2057124516129,2258.323525,32,32,32,32,32,32,32,True,200,phase2-full-grid-rerun-20260731-l4-l4-tp1-f2040-i32-o32-r10-rep3-seg1-attempt2-00112-566d1c620540,success,False,False,0,1,11690,
phase2-full-grid-rerun-20260731-l4-l4-tp1-f2040-i32-o32-r10-rep3-seg1-attempt2,113,phase2-full-grid-rerun-20260731-l4-l4-tp1-f2040-i32-o32-r10-rep3-seg1-attempt2-00113-2fb67f5f37dd,57cc9b06824d4faba1916998eb0e7b17,9efea6e3befb442f,1785511855225185059,1785511855227133694,1785511855229880795,1785511855237305283,1785511855405300186,1785511857452372222,1.948635,2.747101,4.695736,175.419391,66.03458180645161,2222.491427,32,32,32,32,32,32,32,True,200,phase2-full-grid-rerun-20260731-l4-l4-tp1-f2040-i32-o32-r10-rep3-seg1-attempt2-00113-2fb67f5f37dd,success,False,False,0,1,11695,
phase2-full-grid-rerun-20260731-l4-l4-tp1-f2040-i32-o32-r10-rep3-seg1-attempt2,114,phase2-full-grid-rerun-20260731-l4-l4-tp1-f2040-i32-o32-r10-rep3-seg1-attempt2-00114-d139ea30befd,f716e538a64b4b16a21309c06b8ae224,6a2322212b3b4bb6,1785511855325185059,1785511855327039721,1785511855329961989,1785511855340342367,1785511855525749748,1785511857584912042,1.854662,2.922268,4.77693,195.787759,66.42459012903227,2254.950053,32,32,32,32,32,32,32,True,200,phase2-full-grid-rerun-20260731-l4-l4-tp1-f2040-i32-o32-r10-rep3-seg1-attempt2-00114-d139ea30befd,success,False,False,0,1,11750,
phase2-full-grid-rerun-20260731-l4-l4-tp1-f2040-i32-o32-r10-rep3-seg1-attempt2,115,phase2-full-grid-rerun-20260731-l4-l4-tp1-f2040-i32-o32-r10-rep3-seg1-attempt2-00115-98648bc5dda5,a6ebbccc515b45e49c3c9455b3e471b4,2e47d8cf6119406c,1785511855425185059,1785511855426355302,1785511855428941795,1785511855436404305,1785511855603258520,1785511857650108133,1.170243,2.586493,3.756736,174.316725,66.02740687096774,2221.166338,32,32,32,32,32,32,32,True,200,phase2-full-grid-rerun-20260731-l4-l4-tp1-f2040-i32-o32-r10-rep3-seg1-attempt2-00115-98648bc5dda5,success,False,False,0,1,11733,
phase2-full-grid-rerun-20260731-l4-l4-tp1-f2040-i32-o32-r10-rep3-seg1-attempt2,116,phase2-full-grid-rerun-20260731-l4-l4-tp1-f2040-i32-o32-r10-rep3-seg1-attempt2-00116-98ef5b797cb7,212b4bb1f78f4d75821cd2342b670d77,23122f455f424202,1785511855525185059,1785511855529786866,1785511855531827196,1785511855539194276,1785511855724750707,1785511857783957307,4.601807,2.04033,6.642137,192.923511,66.42601935483872,2252.130111,32,32,32,32,32,32,32,True,200,phase2-full-grid-rerun-20260731-l4-l4-tp1-f2040-i32-o32-r10-rep3-seg1-attempt2-00116-98ef5b797cb7,success,False,False,0,1,11738,
phase2-full-grid-rerun-20260731-l4-l4-tp1-f2040-i32-o32-r10-rep3-seg1-attempt2,117,phase2-full-grid-rerun-20260731-l4-l4-tp1-f2040-i32-o32-r10-rep3-seg1-attempt2-00117-f986459d9b85,edfdc44cb0bd4ae6abb4500f2eb5439e,31de3f090c4f4aed,1785511855625185059,1785511855625864087,1785511855628505941,1785511855636135249,1785511855792438171,1785511857848803986,0.679028,2.641854,3.320882,163.93223,66.33438112903227,2220.298045,32,32,32,32,32,32,32,True,200,phase2-full-grid-rerun-20260731-l4-l4-tp1-f2040-i32-o32-r10-rep3-seg1-attempt2-00117-f986459d9b85,success,False,False,0,1,11735,
phase2-full-grid-rerun-20260731-l4-l4-tp1-f2040-i32-o32-r10-rep3-seg1-attempt2,118,phase2-full-grid-rerun-20260731-l4-l4-tp1-f2040-i32-o32-r10-rep3-seg1-attempt2-00118-3f695cab31c9,2aebf7d161f14436a07796dcb492498c,5e727067a18f49df,1785511855725185059,1785511855728727006,1785511855730809924,1785511855738655114,1785511855934741747,1785511857986845109,3.541947,2.082918,5.624865,203.931823,66.19688264516128,2256.035185,32,32,32,32,32,32,32,True,200,phase2-full-grid-rerun-20260731-l4-l4-tp1-f2040-i32-o32-r10-rep3-seg1-attempt2-00118-3f695cab31c9,success,False,False,0,1,11689,
phase2-full-grid-rerun-20260731-l4-l4-tp1-f2040-i32-o32-r10-rep3-seg1-attempt2,119,phase2-full-grid-rerun-20260731-l4-l4-tp1-f2040-i32-o32-r10-rep3-seg1-attempt2-00119-76393d187df2,6a0235ecb1d343d29c86d04feb56b9e3,248b453cd4a647cd,1785511855825185059,1785511855826076422,1785511855828844653,1785511855836327119,1785511856004154358,1785511858049937702,0.891363,2.768231,3.659594,175.309705,65.9930110967742,2221.093049,32,32,32,32,32,32,32,True,200,phase2-full-grid-rerun-20260731-l4-l4-tp1-f2040-i32-o32-r10-rep3-seg1-attempt2-00119-76393d187df2,success,False,False,0,1,11690,
phase2-full-grid-rerun-20260731-l4-l4-tp1-f2040-i32-o32-r10-rep3-seg1-attempt2,120,phase2-full-grid-rerun-20260731-l4-l4-tp1-f2040-i32-o32-r10-rep3-seg1-attempt2-00120-37c7f7d5350b,c4361f3e408f44e09f03f368dc43d96e,02b503c2f2fa4401,1785511855925185059,1785511855925376914,1785511855928279830,1785511855937870504,1785511856122771437,1785511858182605248,0.191855,2.902916,3.094771,194.491607,66.44625196774193,2254.325418,32,32,32,32,32,32,32,True,200,phase2-full-grid-rerun-20260731-l4-l4-tp1-f2040-i32-o32-r10-rep3-seg1-attempt2-00120-37c7f7d5350b,success,False,False,0,1,11752,
phase2-full-grid-rerun-20260731-l4-l4-tp1-f2040-i32-o32-r10-rep3-seg1-attempt2,121,phase2-full-grid-rerun-20260731-l4-l4-tp1-f2040-i32-o32-r10-rep3-seg1-attempt2-00121-63033a2333cd,8b07a12afac1494e908e3a9c02532011,53433c0d78c04337,1785511856025185059,1785511856025878521,1785511856029047755,1785511856037882080,1785511856190979651,1785511858247535955,0.693462,3.169234,3.862696,161.931896,66.34052593548388,2218.4882,32,32,32,32,32,32,32,True,200,phase2-full-grid-rerun-20260731-l4-l4-tp1-f2040-i32-o32-r10-rep3-seg1-attempt2-00121-63033a2333cd,success,False,False,0,1,11683,
phase2-full-grid-rerun-20260731-l4-l4-tp1-f2040-i32-o32-r10-rep3-seg1-attempt2,122,phase2-full-grid-rerun-20260731-l4-l4-tp1-f2040-i32-o32-r10-rep3-seg1-attempt2-00122-08f623a3d408,68e1046812294c54a97e515fbc1addab,bd557f9b96b549fc,1785511856125185059,1785511856126971382,1785511856128352116,1785511856135426476,1785511856322198174,1785511858384395064,1.786323,1.380734,3.167057,193.846058,66.52248032258065,2256.042948,32,32,32,32,32,32,32,True,200,phase2-full-grid-rerun-20260731-l4-l4-tp1-f2040-i32-o32-r10-rep3-seg1-attempt2-00122-08f623a3d408,success,False,False,0,1,11690,
phase2-full-grid-rerun-20260731-l4-l4-tp1-f2040-i32-o32-r10-rep3-seg1-attempt2,123,phase2-full-grid-rerun-20260731-l4-l4-tp1-f2040-i32-o32-r10-rep3-seg1-attempt2-00123-49fad771b491,8ff660246009407eb08fb349bc294a94,f6076bf72be94775,1785511856225185059,1785511856226001251,1785511856228526135,1785511856235750697,1785511856391015452,1785511858445626971,0.816192,2.524884,3.341076,162.489317,66.27779093548388,2217.100836,32,32,32,32,32,32,32,True,200,phase2-full-grid-rerun-20260731-l4-l4-tp1-f2040-i32-o32-r10-rep3-seg1-attempt2-00123-49fad771b491,success,False,False,0,1,11708,
phase2-full-grid-rerun-20260731-l4-l4-tp1-f2040-i32-o32-r10-rep3-seg1-attempt2,124,phase2-full-grid-rerun-20260731-l4-l4-tp1-f2040-i32-o32-r10-rep3-seg1-attempt2-00124-afd7796436ec,b7bb61263ee44a03b6cb729b260eebc8,c4d5c88cfc434a05,1785511856325185059,1785511856325830483,1785511856327362118,1785511856334657525,1785511856519881288,1785511858578187476,0.645424,1.531635,2.177059,192.51917,66.39697380645161,2250.825358,32,32,32,32,32,32,32,True,200,phase2-full-grid-rerun-20260731-l4-l4-tp1-f2040-i32-o32-r10-rep3-seg1-attempt2-00124-afd7796436ec,success,False,False,0,1,11736,
phase2-full-grid-rerun-20260731-l4-l4-tp1-f2040-i32-o32-r10-rep3-seg1-attempt2,125,phase2-full-grid-rerun-20260731-l4-l4-tp1-f2040-i32-o32-r10-rep3-seg1-attempt2-00125-4b0a3e0fabb4,39b164f5cbab4443a2917a13374d074f,06566bbbeb3f4a09,1785511856425185059,1785511856426202359,1785511856428869184,1785511856435763846,1785511856599344273,1785511858647556800,1.0173,2.666825,3.684125,170.475089,66.07137183870968,2218.687616,32,32,32,32,32,32,32,True,200,phase2-full-grid-rerun-20260731-l4-l4-tp1-f2040-i32-o32-r10-rep3-seg1-attempt2-00125-4b0a3e0fabb4,success,False,False,0,1,11729,
phase2-full-grid-rerun-20260731-l4-l4-tp1-f2040-i32-o32-r10-rep3-seg1-attempt2,126,phase2-full-grid-rerun-20260731-l4-l4-tp1-f2040-i32-o32-r10-rep3-seg1-attempt2-00126-e394ea168a2d,2f145d08e45a46efb672e4e882c37ea8,3d956858a0214cb2,1785511856525185059,1785511856525373922,1785511856527888986,1785511856535408180,1785511856720010759,1785511858778517679,0.188863,2.515064,2.703927,192.121773,66.40344903225805,2250.628693,32,32,32,32,32,32,32,True,200,phase2-full-grid-rerun-20260731-l4-l4-tp1-f2040-i32-o32-r10-rep3-seg1-attempt2-00126-e394ea168a2d,success,False,False,0,1,11737,
phase2-full-grid-rerun-20260731-l4-l4-tp1-f2040-i32-o32-r10-rep3-seg1-attempt2,127,phase2-full-grid-rerun-20260731-l4-l4-tp1-f2040-i32-o32-r10-rep3-seg1-attempt2-00127-0405e2982ed6,b6121a333aca4507a0027d7aa843038c,57442922a3cf4738,1785511856625185059,1785511856625844297,1785511856628933241,1785511856636514164,1785511856787721177,1785511858845323595,0.659238,3.088944,3.748182,158.787936,66.3742715483871,2216.390354,32,32,32,32,32,32,32,True,200,phase2-full-grid-rerun-20260731-l4-l4-tp1-f2040-i32-o32-r10-rep3-seg1-attempt2-00127-0405e2982ed6,success,False,False,0,1,11689,
phase2-full-grid-rerun-20260731-l4-l4-tp1-f2040-i32-o32-r10-rep3-seg1-attempt2,128,phase2-full-grid-rerun-20260731-l4-l4-tp1-f2040-i32-o32-r10-rep3-seg1-attempt2-00128-3acfc7da300d,7bd4cd824aef47a994b7f265eb620c50,48daffb2ea5d47f9,1785511856725185059,1785511856726236987,1785511856728307158,1785511856736010510,1785511856919757248,1785511858976753867,1.051928,2.070171,3.122099,191.45009,66.35472964516129,2248.446709,32,32,32,32,32,32,32,True,200,phase2-full-grid-rerun-20260731-l4-l4-tp1-f2040-i32-o32-r10-rep3-seg1-attempt2-00128-3acfc7da300d,success,False,False,0,1,11738,
phase2-full-grid-rerun-20260731-l4-l4-tp1-f2040-i32-o32-r10-rep3-seg1-attempt2,129,phase2-full-grid-rerun-20260731-l4-l4-tp1-f2040-i32-o32-r10-rep3-seg1-attempt2-00129-1406182175f5,ee7b17d57e7047deb2199b994621cb3d,eb6cc01559894043,1785511856825185059,1785511856825995225,1785511856828866805,1785511856836289514,1785511856989373102,1785511859045923143,0.810166,2.87158,3.681746,160.506297,66.34032390322581,2217.056338,32,32,32,32,32,32,32,True,200,phase2-full-grid-rerun-20260731-l4-l4-tp1-f2040-i32-o32-r10-rep3-seg1-attempt2-00129-1406182175f5,success,False,False,0,1,11749,
phase2-full-grid-rerun-20260731-l4-l4-tp1-f2040-i32-o32-r10-rep3-seg1-attempt2,130,phase2-full-grid-rerun-20260731-l4-l4-tp1-f2040-i32-o32-r10-rep3-seg1-attempt2-00130-f90332547cb9,756382ff6b0040b6ac6db1e6d7b8484c,1dc5b91eb2d34302,1785511856925185059,1785511856925724741,1785511856927700816,1785511856938042700,1785511857119030657,1785511859177321477,0.539682,1.976075,2.515757,191.329841,66.39647806451613,2249.620661,32,32,32,32,32,32,32,True,200,phase2-full-grid-rerun-20260731-l4-l4-tp1-f2040-i32-o32-r10-rep3-seg1-attempt2-00130-f90332547cb9,success,False,False,0,1,11690,
phase2-full-grid-rerun-20260731-l4-l4-tp1-f2040-i32-o32-r10-rep3-seg1-attempt2,131,phase2-full-grid-rerun-20260731-l4-l4-tp1-f2040-i32-o32-r10-rep3-seg1-attempt2-00131-12cb3d83254f,e7a8207e960542f994208f80ff40031f,2d24bbfa3449448b,1785511857025185059,1785511857025617484,1785511857028290514,1785511857036101007,1785511857187257151,1785511859244084796,0.432425,2.67303,3.105455,158.966637,66.34927887096774,2215.794282,32,32,32,32,32,32,32,True,200,phase2-full-grid-rerun-20260731-l4-l4-tp1-f2040-i32-o32-r10-rep3-seg1-attempt2-00131-12cb3d83254f,success,False,False,0,1,11729,
phase2-full-grid-rerun-20260731-l4-l4-tp1-f2040-i32-o32-r10-rep3-seg1-attempt2,132,phase2-full-grid-rerun-20260731-l4-l4-tp1-f2040-i32-o32-r10-rep3-seg1-attempt2-00132-1027ec931bc2,338e6a857dfd4739ab1d86632c75e371,c8382ddf14474d95,1785511857125185059,1785511857126134639,1785511857128210576,1785511857135980264,1785511857317562621,1785511859375346195,0.94958,2.075937,3.025517,189.352045,66.38011529032258,2247.135619,32,32,32,32,32,32,32,True,200,phase2-full-grid-rerun-20260731-l4-l4-tp1-f2040-i32-o32-r10-rep3-seg1-attempt2-00132-1027ec931bc2,success,False,False,0,1,11690,
phase2-full-grid-rerun-20260731-l4-l4-tp1-f2040-i32-o32-r10-rep3-seg1-attempt2,133,phase2-full-grid-rerun-20260731-l4-l4-tp1-f2040-i32-o32-r10-rep3-seg1-attempt2-00133-d830d44779fd,d54a3dd0903f4887831a936dacad65f1,92045a9bdd7d491b,1785511857225185059,1785511857226005806,1785511857229043900,1785511857236750649,1785511857386983512,1785511859447355203,0.820747,3.038094,3.858841,157.939612,66.46360293548386,2218.311303,32,32,32,32,32,32,32,True,200,phase2-full-grid-rerun-20260731-l4-l4-tp1-f2040-i32-o32-r10-rep3-seg1-attempt2-00133-d830d44779fd,success,False,False,0,1,11737,
phase2-full-grid-rerun-20260731-l4-l4-tp1-f2040-i32-o32-r10-rep3-seg1-attempt2,134,phase2-full-grid-rerun-20260731-l4-l4-tp1-f2040-i32-o32-r10-rep3-seg1-attempt2-00134-6a39dd0c51a6,7b992bf34a6b45adbe30cc4d4798e21e,f8976071316b4987,1785511857325185059,1785511857326139556,1785511857328792803,1785511857336519923,1785511857514588344,1785511859572070752,0.954497,2.653247,3.607744,185.795541,66.3704002580645,2243.277949,32,32,32,32,32,32,32,True,200,phase2-full-grid-rerun-20260731-l4-l4-tp1-f2040-i32-o32-r10-rep3-seg1-attempt2-00134-6a39dd0c51a6,success,False,False,0,1,11737,
phase2-full-grid-rerun-20260731-l4-l4-tp1-f2040-i32-o32-r10-rep3-seg1-attempt2,135,phase2-full-grid-rerun-20260731-l4-l4-tp1-f2040-i32-o32-r10-rep3-seg1-attempt2-00135-b5041877e314,ff97cb7d0ee74d0ea83d2a1ae36c68a5,4f3861eb48724680,1785511857425185059,1785511857426225786,1785511857429311397,1785511857436771182,1785511857585403206,1785511859643056543,1.040727,3.085611,4.126338,156.091809,66.3759140967742,2213.745146,32,32,32,32,32,32,32,True,200,phase2-full-grid-rerun-20260731-l4-l4-tp1-f2040-i32-o32-r10-rep3-seg1-attempt2-00135-b5041877e314,success,False,False,0,1,11686,
phase2-full-grid-rerun-20260731-l4-l4-tp1-f2040-i32-o32-r10-rep3-seg1-attempt2,136,phase2-full-grid-rerun-20260731-l4-l4-tp1-f2040-i32-o32-r10-rep3-seg1-attempt2-00136-c1a0a8655ce0,85f8cbd4187e4555b3b05fe4192db192,753f38710b1b495c,1785511857525185059,1785511857525535367,1785511857528118514,1785511857535543427,1785511857715244880,1785511859773121322,0.350308,2.583147,2.933455,187.126366,66.38311103225807,2245.002808,32,32,32,32,32,32,32,True,200,phase2-full-grid-rerun-20260731-l4-l4-tp1-f2040-i32-o32-r10-rep3-seg1-attempt2-00136-c1a0a8655ce0,success,False,False,0,1,11717,
phase2-full-grid-rerun-20260731-l4-l4-tp1-f2040-i32-o32-r10-rep3-seg1-attempt2,137,phase2-full-grid-rerun-20260731-l4-l4-tp1-f2040-i32-o32-r10-rep3-seg1-attempt2-00137-8320a0a1f5a6,b172abec8a2548cf9ba425b4d2581ea5,66559d184cca4126,1785511857625185059,1785511857625910250,1785511857628986905,1785511857636705450,1785511857784107634,1785511859841754449,0.725191,3.076655,3.801846,155.120729,66.37570370967742,2212.767544,32,32,32,32,32,32,32,True,200,phase2-full-grid-rerun-20260731-l4-l4-tp1-f2040-i32-o32-r10-rep3-seg1-attempt2-00137-8320a0a1f5a6,success,False,False,0,1,11734,
phase2-full-grid-rerun-20260731-l4-l4-tp1-f2040-i32-o32-r10-rep3-seg1-attempt2,138,phase2-full-grid-rerun-20260731-l4-l4-tp1-f2040-i32-o32-r10-rep3-seg1-attempt2-00138-cd11a1836da9,37864568b3844ed8b19713047f8a8e1a,9091536c7d3a46bf,1785511857725185059,1785511857725495728,1785511857727735389,1785511857735345855,1785511857914127954,1785511859971909865,0.310669,2.239661,2.55033,186.392565,66.38006164516129,2244.174476,32,32,32,32,32,32,32,True,200,phase2-full-grid-rerun-20260731-l4-l4-tp1-f2040-i32-o32-r10-rep3-seg1-attempt2-00138-cd11a1836da9,success,False,False,0,1,11737,
phase2-full-grid-rerun-20260731-l4-l4-tp1-f2040-i32-o32-r10-rep3-seg1-attempt2,139,phase2-full-grid-rerun-20260731-l4-l4-tp1-f2040-i32-o32-r10-rep3-seg1-attempt2-00139-bea18d9fd278,ecb4bcb1b47640498179ff61d67ae4ae,24aefc32a68c4d3e,1785511857825185059,1785511857826086542,1785511857829362599,1785511857837864701,1785511857983286288,1785511860038941069,0.901483,3.276057,4.17754,153.923689,66.3114445483871,2209.57847,32,32,32,32,32,32,32,True,200,phase2-full-grid-rerun-20260731-l4-l4-tp1-f2040-i32-o32-r10-rep3-seg1-attempt2-00139-bea18d9fd278,success,False,False,0,1,11631,
phase2-full-grid-rerun-20260731-l4-l4-tp1-f2040-i32-o32-r10-rep3-seg1-attempt2,140,phase2-full-grid-rerun-20260731-l4-l4-tp1-f2040-i32-o32-r10-rep3-seg1-attempt2-00140-7ac3217d449d,76f5347fd4bc4c3985184f8b9076072e,5e37df6b6033435f,1785511857925185059,1785511857926264211,1785511857929191926,1785511857937506545,1785511858113132638,1785511860170327211,1.079152,2.927715,4.006867,183.940712,66.36111525806453,2241.135285,32,32,32,32,32,32,32,True,200,phase2-full-grid-rerun-20260731-l4-l4-tp1-f2040-i32-o32-r10-rep3-seg1-attempt2-00140-7ac3217d449d,success,False,False,0,1,11712,
phase2-full-grid-rerun-20260731-l4-l4-tp1-f2040-i32-o32-r10-rep3-seg1-attempt2,141,phase2-full-grid-rerun-20260731-l4-l4-tp1-f2040-i32-o32-r10-rep3-seg1-attempt2-00141-d6359aea8341,f2160df9e7ac4503963303c90a41c7f3,1b7e0c34840c4932,1785511858025185059,1785511858026346559,1785511858029804084,1785511858038825990,1785511858183432318,1785511860238385735,1.1615,3.457525,4.619025,153.628234,66.28881990322581,2208.581651,32,32,32,32,32,32,32,True,200,phase2-full-grid-rerun-20260731-l4-l4-tp1-f2040-i32-o32-r10-rep3-seg1-attempt2-00141-d6359aea8341,success,False,False,0,1,11712,
phase2-full-grid-rerun-20260731-l4-l4-tp1-f2040-i32-o32-r10-rep3-seg1-attempt2,142,phase2-full-grid-rerun-20260731-l4-l4-tp1-f2040-i32-o32-r10-rep3-seg1-attempt2-00142-0a59d9eff073,52d6317add88408e893706640095fb4f,dd8b269c8cd144a2,1785511858125185059,1785511858125493051,1785511858128298489,1785511858137231101,1785511858313600375,1785511860370691242,0.307992,2.805438,3.11343,185.301886,66.3577699032258,2242.392753,32,32,32,32,32,32,32,True,200,phase2-full-grid-rerun-20260731-l4-l4-tp1-f2040-i32-o32-r10-rep3-seg1-attempt2-00142-0a59d9eff073,success,False,False,0,1,11690,
phase2-full-grid-rerun-20260731-l4-l4-tp1-f2040-i32-o32-r10-rep3-seg1-attempt2,143,phase2-full-grid-rerun-20260731-l4-l4-tp1-f2040-i32-o32-r10-rep3-seg1-attempt2-00143-5ea37c719c31,1e01b4d8fb2b490fba60a9b715de9319,d8f1a6fd273040db,1785511858225185059,1785511858225964472,1785511858229223912,1785511858237832543,1785511858381089181,1785511860448576850,0.779413,3.25944,4.038853,151.865269,66.69315061290322,2219.352938,32,32,32,32,32,32,32,True,200,phase2-full-grid-rerun-20260731-l4-l4-tp1-f2040-i32-o32-r10-rep3-seg1-attempt2-00143-5ea37c719c31,success,False,False,0,1,11690,
phase2-full-grid-rerun-20260731-l4-l4-tp1-f2040-i32-o32-r10-rep3-seg1-attempt2,144,phase2-full-grid-rerun-20260731-l4-l4-tp1-f2040-i32-o32-r10-rep3-seg1-attempt2-00144-d2e3b2bba412,adf02244d63a440eac84fcaaa822385d,accc7d4737984adc,1785511858325185059,1785511858326744129,1785511858329832080,1785511858338876637,1785511858511890389,1785511860568032196,1.55907,3.087951,4.647021,182.058309,66.32715506451613,2238.200116,32,32,32,32,32,32,32,True,200,phase2-full-grid-rerun-20260731-l4-l4-tp1-f2040-i32-o32-r10-rep3-seg1-attempt2-00144-d2e3b2bba412,success,False,False,0,1,11744,
phase2-full-grid-rerun-20260731-l4-l4-tp1-f2040-i32-o32-r10-rep3-seg1-attempt2,145,phase2-full-grid-rerun-20260731-l4-l4-tp1-f2040-i32-o32-r10-rep3-seg1-attempt2-00145-7d2e68fecc2c,167d9a20fb8c424dbb504c42cfc43772,8233e5ae828b49ca,1785511858425185059,1785511858425782219,1785511858429070450,1785511858439719021,1785511858644141334,1785511860705127539,0.59716,3.288231,3.885391,215.070884,66.48342596774194,2276.057089,32,32,32,32,32,32,32,True,200,phase2-full-grid-rerun-20260731-l4-l4-tp1-f2040-i32-o32-r10-rep3-seg1-attempt2-00145-7d2e68fecc2c,success,False,False,0,1,11716,
phase2-full-grid-rerun-20260731-l4-l4-tp1-f2040-i32-o32-r10-rep3-seg1-attempt2,146,phase2-full-grid-rerun-20260731-l4-l4-tp1-f2040-i32-o32-r10-rep3-seg1-attempt2-00146-3e916d1499ac,153afbdcf8a44da29b96224ce4e5636e,b7ac3669e7e84803,1785511858525185059,1785511858526699355,1785511858529808365,1785511858538605610,1785511858711786126,1785511860768247555,1.514296,3.10901,4.623306,181.977761,66.3374654516129,2238.43919,32,32,32,32,32,32,32,True,200,phase2-full-grid-rerun-20260731-l4-l4-tp1-f2040-i32-o32-r10-rep3-seg1-attempt2-00146-3e916d1499ac,success,False,False,0,1,11740,
phase2-full-grid-rerun-20260731-l4-l4-tp1-f2040-i32-o32-r10-rep3-seg1-attempt2,147,phase2-full-grid-rerun-20260731-l4-l4-tp1-f2040-i32-o32-r10-rep3-seg1-attempt2-00147-fc95b7973778,0e4d19d012334c0aa01c3299d4815130,574aa60d29334ed4,1785511858625185059,1785511858627392118,1785511858630571108,1785511858639252423,1785511858842720390,1785511860900554018,2.207059,3.17899,5.386049,212.149282,66.38172993548386,2269.98291,32,32,32,32,32,32,32,True,200,phase2-full-grid-rerun-20260731-l4-l4-tp1-f2040-i32-o32-r10-rep3-seg1-attempt2-00147-fc95b7973778,success,False,False,0,1,11690,
phase2-full-grid-rerun-20260731-l4-l4-tp1-f2040-i32-o32-r10-rep3-seg1-attempt2,148,phase2-full-grid-rerun-20260731-l4-l4-tp1-f2040-i32-o32-r10-rep3-seg1-attempt2-00148-8136db05ae7d,6db1b0eaf85c409b893b3aac9a4fd321,f9b5b3aa25014957,1785511858725185059,1785511858725965900,1785511858728869194,1785511858737495130,1785511858911138815,1785511860968397560,0.780841,2.903294,3.684135,182.269621,66.36318532258065,2239.528366,32,32,32,32,32,32,32,True,200,phase2-full-grid-rerun-20260731-l4-l4-tp1-f2040-i32-o32-r10-rep3-seg1-attempt2-00148-8136db05ae7d,success,False,False,0,1,11737,
phase2-full-grid-rerun-20260731-l4-l4-tp1-f2040-i32-o32-r10-rep3-seg1-attempt2,149,phase2-full-grid-rerun-20260731-l4-l4-tp1-f2040-i32-o32-r10-rep3-seg1-attempt2-00149-51296279bf2b,e435f8a47ecd4685bcb916c11b2f85d3,342c3c5b2b0b4c60,1785511858825185059,1785511858826420634,1785511858829469732,1785511858838145707,1785511859043647730,1785511861104278462,1.235575,3.049098,4.284673,214.177998,66.4719590967742,2274.80873,32,32,32,32,32,32,32,True,200,phase2-full-grid-rerun-20260731-l4-l4-tp1-f2040-i32-o32-r10-rep3-seg1-attempt2-00149-51296279bf2b,success,False,False,0,1,11757,
phase2-full-grid-rerun-20260731-l4-l4-tp1-f2040-i32-o32-r10-rep3-seg1-attempt2,150,phase2-full-grid-rerun-20260731-l4-l4-tp1-f2040-i32-o32-r10-rep3-seg1-attempt2-00150-45123bdcc136,cb64e2a3ba3c486ebe86faef1a3fc2b0,5f544916e1154ca3,1785511858925185059,1785511858925800993,1785511858928786022,1785511858941867011,1785511859108063097,1785511861165315112,0.615934,2.985029,3.600963,179.277075,66.36296822580645,2236.52909,32,32,32,32,32,32,32,True,200,phase2-full-grid-rerun-20260731-l4-l4-tp1-f2040-i32-o32-r10-rep3-seg1-attempt2-00150-45123bdcc136,success,False,False,0,1,11690,
phase2-full-grid-rerun-20260731-l4-l4-tp1-f2040-i32-o32-r10-rep3-seg1-attempt2,151,phase2-full-grid-rerun-20260731-l4-l4-tp1-f2040-i32-o32-r10-rep3-seg1-attempt2-00151-6a7d5073c242,317f1ae4fe854b26b5587c2f5a68db97,70999f52f21d47f6,1785511859025185059,1785511859025806391,1785511859029062484,1785511859038465324,1785511859241681463,1785511861299552277,0.621332,3.256093,3.877425,212.618979,66.38292948387097,2270.489793,32,32,32,32,32,32,32,True,200,phase2-full-grid-rerun-20260731-l4-l4-tp1-f2040-i32-o32-r10-rep3-seg1-attempt2-00151-6a7d5073c242,success,False,False,0,1,11698,
phase2-full-grid-rerun-20260731-l4-l4-tp1-f2040-i32-o32-r10-rep3-seg1-attempt2,152,phase2-full-grid-rerun-20260731-l4-l4-tp1-f2040-i32-o32-r10-rep3-seg1-attempt2-00152-884b7610f0d4,80230c8b9b814b94b56d9533d423952d,7440706f81144308,1785511859125185059,1785511859125621448,1785511859128564361,1785511859136770496,1785511859309368626,1785511861366153471,0.436389,2.942913,3.379302,180.804265,66.34789822580646,2237.58911,32,32,32,32,32,32,32,True,200,phase2-full-grid-rerun-20260731-l4-l4-tp1-f2040-i32-o32-r10-rep3-seg1-attempt2-00152-884b7610f0d4,success,False,False,0,1,11690,
phase2-full-grid-rerun-20260731-l4-l4-tp1-f2040-i32-o32-r10-rep3-seg1-attempt2,153,phase2-full-grid-rerun-20260731-l4-l4-tp1-f2040-i32-o32-r10-rep3-seg1-attempt2-00153-ceed72ae637a,80176776dace4f4b9f619b5bbf2ff3b8,acecf2847db846bd,1785511859225185059,1785511859225804995,1785511859228740783,1785511859236829987,1785511859447493548,1785511861502908837,0.619936,2.935788,3.555724,218.752765,66.303719,2274.168054,32,32,32,32,32,32,32,True,200,phase2-full-grid-rerun-20260731-l4-l4-tp1-f2040-i32-o32-r10-rep3-seg1-attempt2-00153-ceed72ae637a,success,False,False,0,1,11690,
phase2-full-grid-rerun-20260731-l4-l4-tp1-f2040-i32-o32-r10-rep3-seg1-attempt2,154,phase2-full-grid-rerun-20260731-l4-l4-tp1-f2040-i32-o32-r10-rep3-seg1-attempt2-00154-b0ac670439e8,fd69a932c4af41de9c0c7c4e2fe2cbf3,79e7a128341749ca,1785511859325185059,1785511859327186902,1785511859330143515,1785511859338582337,1785511859507253850,1785511861564423631,2.001843,2.956613,4.958456,177.110335,66.36031551612903,2234.280116,32,32,32,32,32,32,32,True,200,phase2-full-grid-rerun-20260731-l4-l4-tp1-f2040-i32-o32-r10-rep3-seg1-attempt2-00154-b0ac670439e8,success,False,False,0,1,11740,
phase2-full-grid-rerun-20260731-l4-l4-tp1-f2040-i32-o32-r10-rep3-seg1-attempt2,155,phase2-full-grid-rerun-20260731-l4-l4-tp1-f2040-i32-o32-r10-rep3-seg1-attempt2-00155-b8d16deb6792,7fe30c19c32448c88a4056872e86daef,63d9242afdf94aad,1785511859425185059,1785511859426193268,1785511859429238501,1785511859458375832,1785511859640538095,1785511861698170393,1.008209,3.045233,4.053442,211.299594,66.37523541935484,2268.931892,32,32,32,32,32,32,32,True,200,phase2-full-grid-rerun-20260731-l4-l4-tp1-f2040-i32-o32-r10-rep3-seg1-attempt2-00155-b8d16deb6792,success,False,False,0,1,11728,
phase2-full-grid-rerun-20260731-l4-l4-tp1-f2040-i32-o32-r10-rep3-seg1-attempt2,156,phase2-full-grid-rerun-20260731-l4-l4-tp1-f2040-i32-o32-r10-rep3-seg1-attempt2-00156-9a1e9d028216,969204a6d5b1458db2580a5f85b1097d,a30f9464c3854334,1785511859525185059,1785511859525528213,1785511859528536355,1785511859536953356,1785511859706899772,1785511861764227101,0.343154,3.008142,3.351296,178.363417,66.36539770967742,2235.690746,32,32,32,32,32,32,32,True,200,phase2-full-grid-rerun-20260731-l4-l4-tp1-f2040-i32-o32-r10-rep3-seg1-attempt2-00156-9a1e9d028216,success,False,False,0,1,11751,
phase2-full-grid-rerun-20260731-l4-l4-tp1-f2040-i32-o32-r10-rep3-seg1-attempt2,157,phase2-full-grid-rerun-20260731-l4-l4-tp1-f2040-i32-o32-r10-rep3-seg1-attempt2-00157-39e590912c8b,9a2f94a3b6984c0c8f3bcc626fd50064,7bc258018c8f492c,1785511859625185059,1785511859625633769,1785511859628445046,1785511859652083185,1785511859838557791,1785511861897285116,0.44871,2.811277,3.259987,210.112745,66.41055887096773,2268.84007,32,32,32,32,32,32,32,True,200,phase2-full-grid-rerun-20260731-l4-l4-tp1-f2040-i32-o32-r10-rep3-seg1-attempt2-00157-39e590912c8b,success,False,False,0,1,11719,
phase2-full-grid-rerun-20260731-l4-l4-tp1-f2040-i32-o32-r10-rep3-seg1-attempt2,158,phase2-full-grid-rerun-20260731-l4-l4-tp1-f2040-i32-o32-r10-rep3-seg1-attempt2-00158-ef78ec055608,4dea041a5b0d4e04b41fb3c6d68d265f,12ca4a09849b4b29,1785511859725185059,1785511859725738793,1785511859728423472,1785511859736377243,1785511859905799920,1785511861963175204,0.553734,2.684679,3.238413,177.376448,66.3669446451613,2234.751732,32,32,32,32,32,32,32,True,200,phase2-full-grid-rerun-20260731-l4-l4-tp1-f2040-i32-o32-r10-rep3-seg1-attempt2-00158-ef78ec055608,success,False,False,0,1,11734,
phase2-full-grid-rerun-20260731-l4-l4-tp1-f2040-i32-o32-r10-rep3-seg1-attempt2,159,phase2-full-grid-rerun-20260731-l4-l4-tp1-f2040-i32-o32-r10-rep3-seg1-attempt2-00159-e4c5f75106f5,7acba776a7c8416994862a03d9684702,2bfe915810984d4b,1785511859825185059,1785511859825904911,1785511859830238543,1785511859851628048,1785511860049401993,1785511862100289756,0.719852,4.333632,5.053484,219.16345,66.15766977419355,2270.051213,32,32,32,32,32,32,32,True,200,phase2-full-grid-rerun-20260731-l4-l4-tp1-f2040-i32-o32-r10-rep3-seg1-attempt2-00159-e4c5f75106f5,success,False,False,0,1,11750,
phase2-full-grid-rerun-20260731-l4-l4-tp1-f2040-i32-o32-r10-rep3-seg1-attempt2,160,phase2-full-grid-rerun-20260731-l4-l4-tp1-f2040-i32-o32-r10-rep3-seg1-attempt2-00160-677a12970f2a,274aebee5eec45858c3393b94b12e592,296bf6afbbb94efb,1785511859925185059,1785511859926119783,1785511859929179624,1785511859945276381,1785511860104364710,1785511862163448417,0.934724,3.059841,3.994565,175.185086,66.42205506451612,2234.268793,32,32,32,32,32,32,32,True,200,phase2-full-grid-rerun-20260731-l4-l4-tp1-f2040-i32-o32-r10-rep3-seg1-attempt2-00160-677a12970f2a,success,False,False,0,1,11741,
phase2-full-grid-rerun-20260731-l4-l4-tp1-f2040-i32-o32-r10-rep3-seg1-attempt2,161,phase2-full-grid-rerun-20260731-l4-l4-tp1-f2040-i32-o32-r10-rep3-seg1-attempt2-00161-cf01dfae9eea,e256ef2e03804162bc153644cfd5dacb,377426d6390b4a36,1785511860025185059,1785511860025451064,1785511860028604166,1785511860051876031,1785511860236143483,1785511862295452803,0.266005,3.153102,3.419107,207.539317,66.4293329032258,2266.848637,32,32,32,32,32,32,32,True,200,phase2-full-grid-rerun-20260731-l4-l4-tp1-f2040-i32-o32-r10-rep3-seg1-attempt2-00161-cf01dfae9eea,success,False,False,0,1,11710,
phase2-full-grid-rerun-20260731-l4-l4-tp1-f2040-i32-o32-r10-rep3-seg1-attempt2,162,phase2-full-grid-rerun-20260731-l4-l4-tp1-f2040-i32-o32-r10-rep3-seg1-attempt2-00162-09971b2e65b5,ca70a279141e4c7084ff1db16ce8ae65,5dff947aefa64de0,1785511860125185059,1785511860125681476,1785511860128559562,1785511860137090094,1785511860303094368,1785511862360947618,0.496417,2.878086,3.374503,174.534806,66.38236290322581,2232.388056,32,32,32,32,32,32,32,True,200,phase2-full-grid-rerun-20260731-l4-l4-tp1-f2040-i32-o32-r10-rep3-seg1-attempt2-00162-09971b2e65b5,success,False,False,0,1,11770,
phase2-full-grid-rerun-20260731-l4-l4-tp1-f2040-i32-o32-r10-rep3-seg1-attempt2,163,phase2-full-grid-rerun-20260731-l4-l4-tp1-f2040-i32-o32-r10-rep3-seg1-attempt2-00163-c4184af339c6,f7ad7a1325114900ad17031e67e2dc3f,83827211ddb34c86,1785511860225185059,1785511860226296420,1785511860229685219,1785511860248697811,1785511860445869292,1785511862495241321,1.111361,3.388799,4.50016,216.184073,66.10877512903227,2265.556102,32,32,32,32,32,32,32,True,200,phase2-full-grid-rerun-20260731-l4-l4-tp1-f2040-i32-o32-r10-rep3-seg1-attempt2-00163-c4184af339c6,success,False,False,0,1,11693,
phase2-full-grid-rerun-20260731-l4-l4-tp1-f2040-i32-o32-r10-rep3-seg1-attempt2,164,phase2-full-grid-rerun-20260731-l4-l4-tp1-f2040-i32-o32-r10-rep3-seg1-attempt2-00164-b128c9504ea4,98621a0c0b3e4dc083efbc3e202d2e1c,0305622d22544819,1785511860325185058,1785511860326633586,1785511860329873051,1785511860338469019,1785511860502175089,1785511862560326191,1.448528,3.239465,4.687993,172.302038,66.39197103225806,2230.45314,32,32,32,32,32,32,32,True,200,phase2-full-grid-rerun-20260731-l4-l4-tp1-f2040-i32-o32-r10-rep3-seg1-attempt2-00164-b128c9504ea4,success,False,False,0,1,11735,
phase2-full-grid-rerun-20260731-l4-l4-tp1-f2040-i32-o32-r10-rep3-seg1-attempt2,165,phase2-full-grid-rerun-20260731-l4-l4-tp1-f2040-i32-o32-r10-rep3-seg1-attempt2-00165-97d8cb00fcc3,f1103bfba2fb4f9c84787b56a147a014,2b33188ade894038,1785511860425185059,1785511860425880880,1785511860429221902,1785511860459371370,1785511860636807657,1785511862697959842,0.695821,3.341022,4.036843,207.585755,66.48878016129032,2268.73794,32,32,32,32,32,32,32,True,200,phase2-full-grid-rerun-20260731-l4-l4-tp1-f2040-i32-o32-r10-rep3-seg1-attempt2-00165-97d8cb00fcc3,success,False,False,0,1,11752,
phase2-full-grid-rerun-20260731-l4-l4-tp1-f2040-i32-o32-r10-rep3-seg1-attempt2,166,phase2-full-grid-rerun-20260731-l4-l4-tp1-f2040-i32-o32-r10-rep3-seg1-attempt2-00166-4171bc8a91b8,56480068dd314d9b94ba7f78b5ec7e9d,5835f6b165314ab0,1785511860525185059,1785511860525496577,1785511860528582260,1785511860537032920,1785511860701682918,1785511862759208406,0.311518,3.085683,3.397201,173.100658,66.37178993548387,2230.626146,32,32,32,32,32,32,32,True,200,phase2-full-grid-rerun-20260731-l4-l4-tp1-f2040-i32-o32-r10-rep3-seg1-attempt2-00166-4171bc8a91b8,success,False,False,0,1,11737,
phase2-full-grid-rerun-20260731-l4-l4-tp1-f2040-i32-o32-r10-rep3-seg1-attempt2,167,phase2-full-grid-rerun-20260731-l4-l4-tp1-f2040-i32-o32-r10-rep3-seg1-attempt2-00167-89093af25e62,c1d332f152424747b4eac4d4d661f824,29cb6d86fdb640e1,1785511860625185059,1785511860626026787,1785511860629569735,1785511860639043405,1785511860833625926,1785511862892967176,0.841728,3.542948,4.384676,204.056191,66.4303629032258,2263.397441,32,32,32,32,32,32,32,True,200,phase2-full-grid-rerun-20260731-l4-l4-tp1-f2040-i32-o32-r10-rep3-seg1-attempt2-00167-89093af25e62,success,False,False,0,1,11719,
phase2-full-grid-rerun-20260731-l4-l4-tp1-f2040-i32-o32-r10-rep3-seg1-attempt2,168,phase2-full-grid-rerun-20260731-l4-l4-tp1-f2040-i32-o32-r10-rep3-seg1-attempt2-00168-5e75be379811,5dfc03dae5e34766aa64f39a98e139c9,fd5ef5b8cf4b4964,1785511860725185059,1785511860725727550,1785511860728547977,1785511860737049079,1785511860901305925,1785511862959148707,0.542491,2.820427,3.362918,172.757948,66.38202522580646,2230.60073,32,32,32,32,32,32,32,True,200,phase2-full-grid-rerun-20260731-l4-l4-tp1-f2040-i32-o32-r10-rep3-seg1-attempt2-00168-5e75be379811,success,False,False,0,1,11694,
phase2-full-grid-rerun-20260731-l4-l4-tp1-f2040-i32-o32-r10-rep3-seg1-attempt2,169,phase2-full-grid-rerun-20260731-l4-l4-tp1-f2040-i32-o32-r10-rep3-seg1-attempt2-00169-624a284c34bd,3147b904e7c54e81a12fb70fc5a83059,089d8c6fa83943ce,1785511860825185058,1785511860826376490,1785511860828707764,1785511860836347027,1785511861035313526,1785511863096049311,1.191432,2.331274,3.522706,206.605762,66.4753479032258,2267.341547,32,32,32,32,32,32,32,True,200,phase2-full-grid-rerun-20260731-l4-l4-tp1-f2040-i32-o32-r10-rep3-seg1-attempt2-00169-624a284c34bd,success,False,False,0,1,11759,
phase2-full-grid-rerun-20260731-l4-l4-tp1-f2040-i32-o32-r10-rep3-seg1-attempt2,170,phase2-full-grid-rerun-20260731-l4-l4-tp1-f2040-i32-o32-r10-rep3-seg1-attempt2-00170-d9e2607efb30,50ca0c431ca945ccb2d92c81b9870a6a,f2f945f4d7d9410e,1785511860925185059,1785511860926319942,1785511860929168086,1785511860948329619,1785511861099258684,1785511863156533149,1.134883,2.848144,3.983027,170.090598,66.36369241935483,2227.365063,32,32,32,32,32,32,32,True,200,phase2-full-grid-rerun-20260731-l4-l4-tp1-f2040-i32-o32-r10-rep3-seg1-attempt2-00170-d9e2607efb30,success,False,False,0,1,11745,
phase2-full-grid-rerun-20260731-l4-l4-tp1-f2040-i32-o32-r10-rep3-seg1-attempt2,171,phase2-full-grid-rerun-20260731-l4-l4-tp1-f2040-i32-o32-r10-rep3-seg1-attempt2-00171-70a74b8753af,4ccc36b88de14ba18e9117ff9e762e36,5a6ca0f95dfc4b35,1785511861025185059,1785511861026102485,1785511861028962876,1785511861037956785,1785511861236056955,1785511863295505947,0.917426,2.860391,3.777817,207.094079,66.4338384516129,2266.543071,32,32,32,32,32,32,32,True,200,phase2-full-grid-rerun-20260731-l4-l4-tp1-f2040-i32-o32-r10-rep3-seg1-attempt2-00171-70a74b8753af,success,False,False,0,1,11754,
phase2-full-grid-rerun-20260731-l4-l4-tp1-f2040-i32-o32-r10-rep3-seg1-attempt2,172,phase2-full-grid-rerun-20260731-l4-l4-tp1-f2040-i32-o32-r10-rep3-seg1-attempt2-00172-727d32a64eaf,80ba969ebace46538052e966650c7e32,a3af644ef9294300,1785511861125185059,1785511861125553428,1785511861128069532,1785511861136391420,1785511861300595922,1785511863357591385,0.368369,2.516104,2.884473,172.52639,66.35469235483872,2229.521853,32,32,32,32,32,32,32,True,200,phase2-full-grid-rerun-20260731-l4-l4-tp1-f2040-i32-o32-r10-rep3-seg1-attempt2-00172-727d32a64eaf,success,False,False,0,1,11754,
phase2-full-grid-rerun-20260731-l4-l4-tp1-f2040-i32-o32-r10-rep3-seg1-attempt2,173,phase2-full-grid-rerun-20260731-l4-l4-tp1-f2040-i32-o32-r10-rep3-seg1-attempt2-00173-5ffdf51aab6a,4b036decddc6490794260113defa8caf,1f7cefa19fe44d71,1785511861225185059,1785511861225912341,1785511861229020877,1785511861238257249,1785511861435261984,1785511863489760624,0.727282,3.108536,3.835818,206.241107,66.27414967741935,2260.739747,32,32,32,32,32,32,32,True,200,phase2-full-grid-rerun-20260731-l4-l4-tp1-f2040-i32-o32-r10-rep3-seg1-attempt2-00173-5ffdf51aab6a,success,False,False,0,1,11690,
phase2-full-grid-rerun-20260731-l4-l4-tp1-f2040-i32-o32-r10-rep3-seg1-attempt2,174,phase2-full-grid-rerun-20260731-l4-l4-tp1-f2040-i32-o32-r10-rep3-seg1-attempt2-00174-394fa1779070,6e25336ca9b64d0a81d52c61b34172d4,2900a9e081354857,1785511861325185059,1785511861325844356,1785511861328095921,1785511861335895094,1785511861498379345,1785511863555466910,0.659297,2.251565,2.910862,170.283424,66.35766338709676,2227.370989,32,32,32,32,32,32,32,True,200,phase2-full-grid-rerun-20260731-l4-l4-tp1-f2040-i32-o32-r10-rep3-seg1-attempt2-00174-394fa1779070,success,False,False,0,1,11740,
phase2-full-grid-rerun-20260731-l4-l4-tp1-f2040-i32-o32-r10-rep3-seg1-attempt2,175,phase2-full-grid-rerun-20260731-l4-l4-tp1-f2040-i32-o32-r10-rep3-seg1-attempt2-00175-5aa21106ade3,e0879b84e8cb492881925ca05fa9f9d1,14771d972d8d44ce,1785511861425185059,1785511861426196114,1785511861429591828,1785511861447433061,1785511861635948547,1785511863693185068,1.011055,3.395714,4.406769,206.356719,66.36246841935483,2263.59324,32,32,32,32,32,32,32,True,200,phase2-full-grid-rerun-20260731-l4-l4-tp1-f2040-i32-o32-r10-rep3-seg1-attempt2-00175-5aa21106ade3,success,False,False,0,1,11718,
phase2-full-grid-rerun-20260731-l4-l4-tp1-f2040-i32-o32-r10-rep3-seg1-attempt2,176,phase2-full-grid-rerun-20260731-l4-l4-tp1-f2040-i32-o32-r10-rep3-seg1-attempt2-00176-d1331f318f29,d9ef2f441df04758b168a8186524b20a,2399380c0c7243a7,1785511861525185059,1785511861525847756,1785511861528447895,1785511861536543362,1785511861698855025,1785511863756459586,0.662697,2.600139,3.262836,170.40713,66.37434067741935,2228.011691,32,32,32,32,32,32,32,True,200,phase2-full-grid-rerun-20260731-l4-l4-tp1-f2040-i32-o32-r10-rep3-seg1-attempt2-00176-d1331f318f29,success,False,False,0,1,11732,
phase2-full-grid-rerun-20260731-l4-l4-tp1-f2040-i32-o32-r10-rep3-seg1-attempt2,177,phase2-full-grid-rerun-20260731-l4-l4-tp1-f2040-i32-o32-r10-rep3-seg1-attempt2-00177-1959ef19a666,87ef81ea9f9444c3976ce63becb085f8,897079a89612408a,1785511861625185059,1785511861625897705,1785511861629167732,1785511861638259218,1785511861835397180,1785511863888950431,0.712646,3.270027,3.982673,206.229448,66.24365325806451,2259.782699,32,32,32,32,32,32,32,True,200,phase2-full-grid-rerun-20260731-l4-l4-tp1-f2040-i32-o32-r10-rep3-seg1-attempt2-00177-1959ef19a666,success,False,False,0,1,11749,
phase2-full-grid-rerun-20260731-l4-l4-tp1-f2040-i32-o32-r10-rep3-seg1-attempt2,178,phase2-full-grid-rerun-20260731-l4-l4-tp1-f2040-i32-o32-r10-rep3-seg1-attempt2-00178-89a738c89409,cef7f366c44040a088db1d9a8209193b,8d27888538354021,1785511861725185059,1785511861726304982,1785511861728970261,1785511861737183056,1785511861909422713,1785511863958747883,1.119923,2.665279,3.785202,180.452452,66.1072635483871,2229.777622,32,32,32,32,32,32,32,True,200,phase2-full-grid-rerun-20260731-l4-l4-tp1-f2040-i32-o32-r10-rep3-seg1-attempt2-00178-89a738c89409,success,False,False,0,1,11750,
phase2-full-grid-rerun-20260731-l4-l4-tp1-f2040-i32-o32-r10-rep3-seg1-attempt2,179,phase2-full-grid-rerun-20260731-l4-l4-tp1-f2040-i32-o32-r10-rep3-seg1-attempt2-00179-c7d4e3fd38e1,1f5b35e41cac44c1a223aef10a5859c7,1c48ccd3df62459b,1785511861825185059,1785511861826963189,1785511861829851211,1785511861842189867,1785511862035436519,1785511864091806994,1.77813,2.888022,4.666152,205.585308,66.3345314516129,2261.955783,32,32,32,32,32,32,32,True,200,phase2-full-grid-rerun-20260731-l4-l4-tp1-f2040-i32-o32-r10-rep3-seg1-attempt2-00179-c7d4e3fd38e1,success,False,False,0,1,11744,
phase2-full-grid-rerun-20260731-l4-l4-tp1-f2040-i32-o32-r10-rep3-seg1-attempt2,180,phase2-full-grid-rerun-20260731-l4-l4-tp1-f2040-i32-o32-r10-rep3-seg1-attempt2-00180-d767d3a4a2a2,b31a1e7cf0aa4831bb4f427dfad8417a,4321889ee1ac4d45,1785511861925185059,1785511861926042964,1785511861928897362,1785511861937044994,1785511862094835856,1785511864151920381,0.857905,2.854398,3.712303,165.938494,66.35756532258065,2223.023019,32,32,32,32,32,32,32,True,200,phase2-full-grid-rerun-20260731-l4-l4-tp1-f2040-i32-o32-r10-rep3-seg1-attempt2-00180-d767d3a4a2a2,success,False,False,0,1,11735,
phase2-full-grid-rerun-20260731-l4-l4-tp1-f2040-i32-o32-r10-rep3-seg1-attempt2,181,phase2-full-grid-rerun-20260731-l4-l4-tp1-f2040-i32-o32-r10-rep3-seg1-attempt2-00181-ff14866459f9,e508651c2bce4e33ab2936f9698c6152,2482470d6398488b,1785511862025185059,1785511862025905883,1785511862028952710,1785511862038088109,1785511862234265630,1785511864287204001,0.720824,3.046827,3.767651,205.31292,66.22381841935484,2258.251291,32,32,32,32,32,32,32,True,200,phase2-full-grid-rerun-20260731-l4-l4-tp1-f2040-i32-o32-r10-rep3-seg1-attempt2-00181-ff14866459f9,success,False,False,0,1,11729,
phase2-full-grid-rerun-20260731-l4-l4-tp1-f2040-i32-o32-r10-rep3-seg1-attempt2,182,phase2-full-grid-rerun-20260731-l4-l4-tp1-f2040-i32-o32-r10-rep3-seg1-attempt2-00182-4d8668e5303c,7912ae72862d48d2a799cbc6fd09593b,6fa8af38494c44c9,1785511862125185059,1785511862126157209,1785511862128876487,1785511862139347786,1785511862296319108,1785511864352892436,0.97215,2.719278,3.691428,167.442621,66.34107509677419,2224.015949,32,32,32,32,32,32,32,True,200,phase2-full-grid-rerun-20260731-l4-l4-tp1-f2040-i32-o32-r10-rep3-seg1-attempt2-00182-4d8668e5303c,success,False,False,0,1,11715,
phase2-full-grid-rerun-20260731-l4-l4-tp1-f2040-i32-o32-r10-rep3-seg1-attempt2,183,phase2-full-grid-rerun-20260731-l4-l4-tp1-f2040-i32-o32-r10-rep3-seg1-attempt2-00183-59e6092162ca,188def92dab84c2a9caff6c56365a057,b6902a733eb1486b,1785511862225185059,1785511862225872777,1785511862228970613,1785511862240910337,1785511862425646272,1785511864485954715,0.687718,3.097836,3.785554,196.675659,66.46156267741935,2256.984102,32,32,32,32,32,32,32,True,200,phase2-full-grid-rerun-20260731-l4-l4-tp1-f2040-i32-o32-r10-rep3-seg1-attempt2-00183-59e6092162ca,success,False,False,0,1,11699,
phase2-full-grid-rerun-20260731-l4-l4-tp1-f2040-i32-o32-r10-rep3-seg1-attempt2,184,phase2-full-grid-rerun-20260731-l4-l4-tp1-f2040-i32-o32-r10-rep3-seg1-attempt2-00184-5eb02bf555f6,19071d83b1264882a08926b6aee4fb52,77e25029c5e047a6,1785511862325185059,1785511862325950188,1785511862328766664,1785511862337190110,1785511862496110184,1785511864551394852,0.765129,2.816476,3.581605,167.34352,66.29950541935483,2222.628188,32,32,32,32,32,32,32,True,200,phase2-full-grid-rerun-20260731-l4-l4-tp1-f2040-i32-o32-r10-rep3-seg1-attempt2-00184-5eb02bf555f6,success,False,False,0,1,11761,
phase2-full-grid-rerun-20260731-l4-l4-tp1-f2040-i32-o32-r10-rep3-seg1-attempt2,185,phase2-full-grid-rerun-20260731-l4-l4-tp1-f2040-i32-o32-r10-rep3-seg1-attempt2-00185-5147d17b4820,df86655414f64009af887c4990c5a026,a617cd7be75c48c8,1785511862425185059,1785511862431386478,1785511862438224458,1785511862452722796,1785511862624697459,1785511864685213486,6.201419,6.83798,13.039399,186.473001,66.46825893548387,2246.989028,32,32,32,32,32,32,32,True,200,phase2-full-grid-rerun-20260731-l4-l4-tp1-f2040-i32-o32-r10-rep3-seg1-attempt2-00185-5147d17b4820,success,False,False,0,1,11689,
phase2-full-grid-rerun-20260731-l4-l4-tp1-f2040-i32-o32-r10-rep3-seg1-attempt2,186,phase2-full-grid-rerun-20260731-l4-l4-tp1-f2040-i32-o32-r10-rep3-seg1-attempt2-00186-6b8b31c10fe9,e68893fec5a64dc4914f32eded0e01cc,d393ed4787134a50,1785511862525185059,1785511862525981312,1785511862528289672,1785511862535589304,1785511862693114398,1785511864749922535,0.796253,2.30836,3.104613,164.824726,66.34864958064516,2221.632863,32,32,32,32,32,32,32,True,200,phase2-full-grid-rerun-20260731-l4-l4-tp1-f2040-i32-o32-r10-rep3-seg1-attempt2-00186-6b8b31c10fe9,success,False,False,0,1,11689,
phase2-full-grid-rerun-20260731-l4-l4-tp1-f2040-i32-o32-r10-rep3-seg1-attempt2,187,phase2-full-grid-rerun-20260731-l4-l4-tp1-f2040-i32-o32-r10-rep3-seg1-attempt2-00187-7d02c764acda,357e9dee3f8d434cac514bb0fa4b149f,f571a4d3f8ff4411,1785511862625185059,1785511862628871185,1785511862630985547,1785511862639055699,1785511862824350072,1785511864887848236,3.686126,2.114362,5.800488,193.364525,66.5644569032258,2256.862689,32,32,32,32,32,32,32,True,200,phase2-full-grid-rerun-20260731-l4-l4-tp1-f2040-i32-o32-r10-rep3-seg1-attempt2-00187-7d02c764acda,success,False,False,0,1,11736,
phase2-full-grid-rerun-20260731-l4-l4-tp1-f2040-i32-o32-r10-rep3-seg1-attempt2,188,phase2-full-grid-rerun-20260731-l4-l4-tp1-f2040-i32-o32-r10-rep3-seg1-attempt2-00188-4e011dd4ba07,a0687ae9078e4d64bbf6a7d581807d5e,36e92ab566d84b37,1785511862725185059,1785511862726287457,1785511862729036946,1785511862737119363,1785511862894704594,1785511864951390861,1.102398,2.749489,3.851887,165.667648,66.34471829032258,2222.353915,32,32,32,32,32,32,32,True,200,phase2-full-grid-rerun-20260731-l4-l4-tp1-f2040-i32-o32-r10-rep3-seg1-attempt2-00188-4e011dd4ba07,success,False,False,0,1,11708,
phase2-full-grid-rerun-20260731-l4-l4-tp1-f2040-i32-o32-r10-rep3-seg1-attempt2,189,phase2-full-grid-rerun-20260731-l4-l4-tp1-f2040-i32-o32-r10-rep3-seg1-attempt2-00189-31669c5bf367,a9016ea12e8c4410a4e5b014f36e9302,94ac79eda7e946a8,1785511862825185059,1785511862827199480,1785511862828794399,1785511862835928592,1785511863023253543,1785511865083616129,2.014421,1.594919,3.60934,194.459144,66.46330922580646,2254.82173,32,32,32,32,32,32,32,True,200,phase2-full-grid-rerun-20260731-l4-l4-tp1-f2040-i32-o32-r10-rep3-seg1-attempt2-00189-31669c5bf367,success,False,False,0,1,11749,
phase2-full-grid-rerun-20260731-l4-l4-tp1-f2040-i32-o32-r10-rep3-seg1-attempt2,190,phase2-full-grid-rerun-20260731-l4-l4-tp1-f2040-i32-o32-r10-rep3-seg1-attempt2-00190-32a53fe8d750,4092d4c73867491d98bb6795b68c80d9,e963fcbd5d71436b,1785511862925185059,1785511862925651807,1785511862928569681,1785511862938793076,1785511863091924131,1785511865148994224,0.466748,2.917874,3.384622,163.35445,66.35709977419354,2220.424543,32,32,32,32,32,32,32,True,200,phase2-full-grid-rerun-20260731-l4-l4-tp1-f2040-i32-o32-r10-rep3-seg1-attempt2-00190-32a53fe8d750,success,False,False,0,1,11724,
phase2-full-grid-rerun-20260731-l4-l4-tp1-f2040-i32-o32-r10-rep3-seg1-attempt2,191,phase2-full-grid-rerun-20260731-l4-l4-tp1-f2040-i32-o32-r10-rep3-seg1-attempt2-00191-fe41c49633f0,3dae002c18a343fb8115316e65b87cef,04131f8c676d4924,1785511863025185059,1785511863027346986,1785511863029444314,1785511863037545331,1785511863222698130,1785511865285847395,2.161927,2.097328,4.259255,193.253816,66.5532020967742,2256.403081,32,32,32,32,32,32,32,True,200,phase2-full-grid-rerun-20260731-l4-l4-tp1-f2040-i32-o32-r10-rep3-seg1-attempt2-00191-fe41c49633f0,success,False,False,0,1,11706,
phase2-full-grid-rerun-20260731-l4-l4-tp1-f2040-i32-o32-r10-rep3-seg1-attempt2,192,phase2-full-grid-rerun-20260731-l4-l4-tp1-f2040-i32-o32-r10-rep3-seg1-attempt2-00192-af562c8003fe,ef93f9dc57f944e0820f94a33d60e9ee,8d489c3a44f94ef1,1785511863125185059,1785511863125395960,1785511863128069106,1785511863135527601,1785511863291878150,1785511865348240561,0.210901,2.673146,2.884047,163.809044,66.33427132258065,2220.171455,32,32,32,32,32,32,32,True,200,phase2-full-grid-rerun-20260731-l4-l4-tp1-f2040-i32-o32-r10-rep3-seg1-attempt2-00192-af562c8003fe,success,False,False,0,1,11748,
phase2-full-grid-rerun-20260731-l4-l4-tp1-f2040-i32-o32-r10-rep3-seg1-attempt2,193,phase2-full-grid-rerun-20260731-l4-l4-tp1-f2040-i32-o32-r10-rep3-seg1-attempt2-00193-18a16cc682de,dc4c26bab6bc434cb10531c5be8f1608,d8bae65887e047a4,1785511863225185059,1785511863226555145,1785511863228240044,1785511863236057558,1785511863420570933,1785511865480396925,1.370086,1.684899,3.054985,192.330889,66.44599974193548,2252.156881,32,32,32,32,32,32,32,True,200,phase2-full-grid-rerun-20260731-l4-l4-tp1-f2040-i32-o32-r10-rep3-seg1-attempt2-00193-18a16cc682de,success,False,False,0,1,11696,
phase2-full-grid-rerun-20260731-l4-l4-tp1-f2040-i32-o32-r10-rep3-seg1-attempt2,194,phase2-full-grid-rerun-20260731-l4-l4-tp1-f2040-i32-o32-r10-rep3-seg1-attempt2-00194-bb009f185caa,c684e0c2bcad455290e70ad15b0da25d,6925c24844d74b4a,1785511863325185059,1785511863325742153,1785511863328433803,1785511863336298568,1785511863491485657,1785511865548079907,0.557094,2.69165,3.248744,163.051854,66.34175,2219.646104,32,32,32,32,32,32,32,True,200,phase2-full-grid-rerun-20260731-l4-l4-tp1-f2040-i32-o32-r10-rep3-seg1-attempt2-00194-bb009f185caa,success,False,False,0,1,11694,
phase2-full-grid-rerun-20260731-l4-l4-tp1-f2040-i32-o32-r10-rep3-seg1-attempt2,195,phase2-full-grid-rerun-20260731-l4-l4-tp1-f2040-i32-o32-r10-rep3-seg1-attempt2-00195-ebd915f7fb66,9c435a15029f405b976a1491b7080a03,78faf64403174a37,1785511863425185059,1785511863425770864,1785511863427880720,1785511863436071690,1785511863621221546,1785511865684411536,0.585805,2.109856,2.695661,193.340826,66.5545158064516,2256.530816,32,32,32,32,32,32,32,True,200,phase2-full-grid-rerun-20260731-l4-l4-tp1-f2040-i32-o32-r10-rep3-seg1-attempt2-00195-ebd915f7fb66,success,False,False,0,1,11736,
phase2-full-grid-rerun-20260731-l4-l4-tp1-f2040-i32-o32-r10-rep3-seg1-attempt2,196,phase2-full-grid-rerun-20260731-l4-l4-tp1-f2040-i32-o32-r10-rep3-seg1-attempt2-00196-50c53255167e,4c9b58cd895a41289c29ab5dca86494a,b55f3bc5a46c4c89,1785511863525185059,1785511863525855467,1785511863528407752,1785511863535967318,1785511863688923555,1785511865745634029,0.670408,2.552285,3.222693,160.515803,66.34549916129032,2217.226277,32,32,32,32,32,32,32,True,200,phase2-full-grid-rerun-20260731-l4-l4-tp1-f2040-i32-o32-r10-rep3-seg1-attempt2-00196-50c53255167e,success,False,False,0,1,11735,
phase2-full-grid-rerun-20260731-l4-l4-tp1-f2040-i32-o32-r10-rep3-seg1-attempt2,197,phase2-full-grid-rerun-20260731-l4-l4-tp1-f2040-i32-o32-r10-rep3-seg1-attempt2-00197-74092b728454,94c95e95679e4d2683501c765698692a,876c464944414726,1785511863625185059,1785511863625781875,1785511863627453235,1785511863634556285,1785511863819763905,1785511865880196210,0.596816,1.67136,2.268176,192.31067,66.46555822580645,2252.742975,32,32,32,32,32,32,32,True,200,phase2-full-grid-rerun-20260731-l4-l4-tp1-f2040-i32-o32-r10-rep3-seg1-attempt2-00197-74092b728454,success,False,False,0,1,11742,
phase2-full-grid-rerun-20260731-l4-l4-tp1-f2040-i32-o32-r10-rep3-seg1-attempt2,198,phase2-full-grid-rerun-20260731-l4-l4-tp1-f2040-i32-o32-r10-rep3-seg1-attempt2-00198-6a41e0b85671,cfe25a49a4a3492aa50b6f8711a62f2d,2ba22478a9d34b3c,1785511863725185059,1785511863725466078,1785511863728198896,1785511863736082255,1785511863889784302,1785511865945501247,0.281019,2.732818,3.013837,161.585406,66.31344983870969,2217.302351,32,32,32,32,32,32,32,True,200,phase2-full-grid-rerun-20260731-l4-l4-tp1-f2040-i32-o32-r10-rep3-seg1-attempt2-00198-6a41e0b85671,success,False,False,0,1,11690,
phase2-full-grid-rerun-20260731-l4-l4-tp1-f2040-i32-o32-r10-rep3-seg1-attempt2,199,phase2-full-grid-rerun-20260731-l4-l4-tp1-f2040-i32-o32-r10-rep3-seg1-attempt2-00199-0b3a40b89550,62e87b79045942cdbbe3347f0cd3980e,78726a738a3444e4,1785511863825185059,1785511863826320258,1785511863828900155,1785511863836677462,1785511864019966822,1785511866079584451,1.135199,2.579897,3.715096,191.066667,66.4392783548387,2250.684296,32,32,32,32,32,32,32,True,200,phase2-full-grid-rerun-20260731-l4-l4-tp1-f2040-i32-o32-r10-rep3-seg1-attempt2-00199-0b3a40b89550,success,False,False,0,1,11705,
phase2-full-grid-rerun-20260731-l4-l4-tp1-f2040-i32-o32-r10-rep3-seg1-attempt2,200,phase2-full-grid-rerun-20260731-l4-l4-tp1-f2040-i32-o32-r10-rep3-seg1-attempt2-00200-083fc5f9d759,f3b96595d39e4eaaa2a52b4204642fdf,10b519a7d47c4b31,1785511863925185059,1785511863926332533,1785511863929744598,1785511863938503027,1785511864088235428,1785511866146409893,1.147474,3.412065,4.559539,158.49083,66.39272467741935,2216.665295,32,32,32,32,32,32,32,True,200,phase2-full-grid-rerun-20260731-l4-l4-tp1-f2040-i32-o32-r10-rep3-seg1-attempt2-00200-083fc5f9d759,success,False,False,0,1,11727,
phase2-full-grid-rerun-20260731-l4-l4-tp1-f2040-i32-o32-r10-rep3-seg1-attempt2,201,phase2-full-grid-rerun-20260731-l4-l4-tp1-f2040-i32-o32-r10-rep3-seg1-attempt2-00201-571ea68c0515,bc337295d3ab4610a01b7da47cc04014,16efac55bf914b57,1785511864025185059,1785511864025499007,1785511864027586839,1785511864035724536,1785511864218512465,1785511866277549090,0.313948,2.087832,2.40178,190.925626,66.42053629032259,2249.962251,32,32,32,32,32,32,32,True,200,phase2-full-grid-rerun-20260731-l4-l4-tp1-f2040-i32-o32-r10-rep3-seg1-attempt2-00201-571ea68c0515,success,False,False,0,1,11722,
phase2-full-grid-rerun-20260731-l4-l4-tp1-f2040-i32-o32-r10-rep3-seg1-attempt2,202,phase2-full-grid-rerun-20260731-l4-l4-tp1-f2040-i32-o32-r10-rep3-seg1-attempt2-00202-faf468f479d6,5f8b840cd68f4ce88c1f168d6e6cf9af,cf8312ac826943c3,1785511864125185059,1785511864126064520,1785511864129316713,1785511864137846720,1785511864287702120,1785511866342524762,0.879461,3.252193,4.131654,158.385407,66.28460135483871,2213.208049,32,32,32,32,32,32,32,True,200,phase2-full-grid-rerun-20260731-l4-l4-tp1-f2040-i32-o32-r10-rep3-seg1-attempt2-00202-faf468f479d6,success,False,False,0,1,11748,
phase2-full-grid-rerun-20260731-l4-l4-tp1-f2040-i32-o32-r10-rep3-seg1-attempt2,203,phase2-full-grid-rerun-20260731-l4-l4-tp1-f2040-i32-o32-r10-rep3-seg1-attempt2-00203-886300533149,18c2d1a1e0134e63a4476194af46fc45,ee6d406d75fc42a8,1785511864225185059,1785511864226239885,1785511864228898355,1785511864237033419,1785511864415879460,1785511866476342683,1.054826,2.65847,3.713296,186.981105,66.46655558064516,2247.444328,32,32,32,32,32,32,32,True,200,phase2-full-grid-rerun-20260731-l4-l4-tp1-f2040-i32-o32-r10-rep3-seg1-attempt2-00203-886300533149,success,False,False,0,1,11727,
phase2-full-grid-rerun-20260731-l4-l4-tp1-f2040-i32-o32-r10-rep3-seg1-attempt2,204,phase2-full-grid-rerun-20260731-l4-l4-tp1-f2040-i32-o32-r10-rep3-seg1-attempt2-00204-e3b9d076e7ab,d83f30d8f79246f28259ddd0857a0e8f,77a537d5f7a349b0,1785511864325185059,1785511864327271787,1785511864330394668,1785511864338467188,1785511864486394534,1785511866546517002,2.086728,3.122881,5.209609,155.999866,66.45556348387098,2216.122334,32,32,32,32,32,32,32,True,200,phase2-full-grid-rerun-20260731-l4-l4-tp1-f2040-i32-o32-r10-rep3-seg1-attempt2-00204-e3b9d076e7ab,success,False,False,0,1,11694,
phase2-full-grid-rerun-20260731-l4-l4-tp1-f2040-i32-o32-r10-rep3-seg1-attempt2,205,phase2-full-grid-rerun-20260731-l4-l4-tp1-f2040-i32-o32-r10-rep3-seg1-attempt2-00205-70731f097b43,7d51c8ecbb4f4b28996676178acad0d0,a3d28654c1bd4722,1785511864425185059,1785511864426268334,1785511864429006628,1785511864437523301,1785511864616713431,1785511866675924740,1.083275,2.738294,3.821569,187.706803,66.42617125806451,2246.918112,32,32,32,32,32,32,32,True,200,phase2-full-grid-rerun-20260731-l4-l4-tp1-f2040-i32-o32-r10-rep3-seg1-attempt2-00205-70731f097b43,success,False,False,0,1,11695,
phase2-full-grid-rerun-20260731-l4-l4-tp1-f2040-i32-o32-r10-rep3-seg1-attempt2,206,phase2-full-grid-rerun-20260731-l4-l4-tp1-f2040-i32-o32-r10-rep3-seg1-attempt2-00206-095c324f1e0d,f91ba1742c7445f49f5621130aa2c4df,cb6b7356a5df4aaa,1785511864525185059,1785511864526365033,1785511864529524437,1785511864537852091,1785511864685365066,1785511866743980570,1.179974,3.159404,4.339378,155.840629,66.40695174193549,2214.456133,32,32,32,32,32,32,32,True,200,phase2-full-grid-rerun-20260731-l4-l4-tp1-f2040-i32-o32-r10-rep3-seg1-attempt2-00206-095c324f1e0d,success,False,False,0,1,11698,
phase2-full-grid-rerun-20260731-l4-l4-tp1-f2040-i32-o32-r10-rep3-seg1-attempt2,207,phase2-full-grid-rerun-20260731-l4-l4-tp1-f2040-i32-o32-r10-rep3-seg1-attempt2-00207-0e499f8850f3,bd5a0dc8702449dc8d4d4f25c1ba2900,c51ccee7d9634840,1785511864625185059,1785511864625500583,1785511864627992277,1785511864636493712,1785511864815537245,1785511866874207890,0.315524,2.491694,2.807218,187.544968,66.40873048387097,2246.215613,32,32,32,32,32,32,32,True,200,phase2-full-grid-rerun-20260731-l4-l4-tp1-f2040-i32-o32-r10-rep3-seg1-attempt2-00207-0e499f8850f3,success,False,False,0,1,11737,
phase2-full-grid-rerun-20260731-l4-l4-tp1-f2040-i32-o32-r10-rep3-seg1-attempt2,208,phase2-full-grid-rerun-20260731-l4-l4-tp1-f2040-i32-o32-r10-rep3-seg1-attempt2-00208-90276c232384,6848207615d24815a81885cbd4353a49,adb15e66dcc449d2,1785511864725185059,1785511864726029536,1785511864729228425,1785511864737587661,1785511864884502825,1785511866940396325,0.844477,3.198889,4.043366,155.2744,66.31914516129032,2211.1679,32,32,32,32,32,32,32,True,200,phase2-full-grid-rerun-20260731-l4-l4-tp1-f2040-i32-o32-r10-rep3-seg1-attempt2-00208-90276c232384,success,False,False,0,1,11714,
phase2-full-grid-rerun-20260731-l4-l4-tp1-f2040-i32-o32-r10-rep3-seg1-attempt2,209,phase2-full-grid-rerun-20260731-l4-l4-tp1-f2040-i32-o32-r10-rep3-seg1-attempt2-00209-bdba50b11bb6,95209e7f7aff437d8afb80be0b858e15,cf4219af6e734f22,1785511864825185059,1785511864826246647,1785511864828499206,1785511864836249604,1785511865014509554,1785511867072937761,1.061588,2.252559,3.314147,186.010348,66.40090990322581,2244.438555,32,32,32,32,32,32,32,True,200,phase2-full-grid-rerun-20260731-l4-l4-tp1-f2040-i32-o32-r10-rep3-seg1-attempt2-00209-bdba50b11bb6,success,False,False,0,1,11736,
phase2-full-grid-rerun-20260731-l4-l4-tp1-f2040-i32-o32-r10-rep3-seg1-attempt2,210,phase2-full-grid-rerun-20260731-l4-l4-tp1-f2040-i32-o32-r10-rep3-seg1-attempt2-00210-0a614419b625,e50a17e3a30046058dbb999f02036c04,2b23295e49294323,1785511864925185059,1785511864926198595,1785511864929100679,1785511864936750285,1785511865084343125,1785511867143054646,1.013536,2.902084,3.91562,155.242446,66.41004906451613,2213.953967,32,32,32,32,32,32,32,True,200,phase2-full-grid-rerun-20260731-l4-l4-tp1-f2040-i32-o32-r10-rep3-seg1-attempt2-00210-0a614419b625,success,False,False,0,1,11706,
phase2-full-grid-rerun-20260731-l4-l4-tp1-f2040-i32-o32-r10-rep3-seg1-attempt2,211,phase2-full-grid-rerun-20260731-l4-l4-tp1-f2040-i32-o32-r10-rep3-seg1-attempt2-00211-b430b9571796,a61e3a32c5b54d0ab6f9095cfd8bf688,bee65d1ed57548eb,1785511865025185059,1785511865025416993,1785511865027576941,1785511865035099960,1785511865214838436,1785511867273348204,0.231934,2.159948,2.391882,187.261495,66.4035409032258,2245.771263,32,32,32,32,32,32,32,True,200,phase2-full-grid-rerun-20260731-l4-l4-tp1-f2040-i32-o32-r10-rep3-seg1-attempt2-00211-b430b9571796,success,False,False,0,1,11713,
phase2-full-grid-rerun-20260731-l4-l4-tp1-f2040-i32-o32-r10-rep3-seg1-attempt2,212,phase2-full-grid-rerun-20260731-l4-l4-tp1-f2040-i32-o32-r10-rep3-seg1-attempt2-00212-4560b275b072,6ebafafbbb7941798d1c148c9512fce0,cfcf519cec7441ff,1785511865125185059,1785511865126123481,1785511865129260685,1785511865137670928,1785511865282483021,1785511867340869268,0.938422,3.137204,4.075626,153.222336,66.39955635483871,2211.608583,32,32,32,32,32,32,32,True,200,phase2-full-grid-rerun-20260731-l4-l4-tp1-f2040-i32-o32-r10-rep3-seg1-attempt2-00212-4560b275b072,success,False,False,0,1,11712,
phase2-full-grid-rerun-20260731-l4-l4-tp1-f2040-i32-o32-r10-rep3-seg1-attempt2,213,phase2-full-grid-rerun-20260731-l4-l4-tp1-f2040-i32-o32-r10-rep3-seg1-attempt2-00213-ccef9db3e628,596a923bf73b4d0cb7bfdce8ab8ade31,aa89d7c70fff4d81,1785511865225185059,1785511865226208758,1785511865228580384,1785511865237134655,1785511865412248960,1785511867474831100,1.023699,2.371626,3.395325,183.668576,66.53490774193548,2246.250716,32,32,32,32,32,32,32,True,200,phase2-full-grid-rerun-20260731-l4-l4-tp1-f2040-i32-o32-r10-rep3-seg1-attempt2-00213-ccef9db3e628,success,False,False,0,1,11690,
phase2-full-grid-rerun-20260731-l4-l4-tp1-f2040-i32-o32-r10-rep3-seg1-attempt2,214,phase2-full-grid-rerun-20260731-l4-l4-tp1-f2040-i32-o32-r10-rep3-seg1-attempt2-00214-508504d5c2c7,ca935081dcc2480d8fec7cc7f788446e,719105fcd5af467c,1785511865325185059,1785511865326114127,1785511865329269259,1785511865337906376,1785511865491394782,1785511867536544841,0.929068,3.155132,4.0842,162.125523,65.9725825483871,2207.275582,32,32,32,32,32,32,32,True,200,phase2-full-grid-rerun-20260731-l4-l4-tp1-f2040-i32-o32-r10-rep3-seg1-attempt2-00214-508504d5c2c7,success,False,False,0,1,11705,
phase2-full-grid-rerun-20260731-l4-l4-tp1-f2040-i32-o32-r10-rep3-seg1-attempt2,215,phase2-full-grid-rerun-20260731-l4-l4-tp1-f2040-i32-o32-r10-rep3-seg1-attempt2-00215-733589e9606b,d8779a4037de400e8314bdbb7fe27b55,65480dfb00b544f2,1785511865425185059,1785511865426180850,1785511865429056670,1785511865437832928,1785511865612633816,1785511867670636003,0.995791,2.87582,3.871611,183.577146,66.38716732258065,2241.579333,32,32,32,32,32,32,32,True,200,phase2-full-grid-rerun-20260731-l4-l4-tp1-f2040-i32-o32-r10-rep3-seg1-attempt2-00215-733589e9606b,success,False,False,0,1,11740,
phase2-full-grid-rerun-20260731-l4-l4-tp1-f2040-i32-o32-r10-rep3-seg1-attempt2,216,phase2-full-grid-rerun-20260731-l4-l4-tp1-f2040-i32-o32-r10-rep3-seg1-attempt2-00216-09258830113f,828f0206df5a4cc3a503dfa67870835d,bf21f1e5f9004c43,1785511865525185059,1785511865525542328,1785511865528821260,1785511865537582098,1785511865679722980,1785511867735418094,0.357269,3.278932,3.636201,150.90172,66.31274561290323,2206.596834,32,32,32,32,32,32,32,True,200,phase2-full-grid-rerun-20260731-l4-l4-tp1-f2040-i32-o32-r10-rep3-seg1-attempt2-00216-09258830113f,success,False,False,0,1,11711,
phase2-full-grid-rerun-20260731-l4-l4-tp1-f2040-i32-o32-r10-rep3-seg1-attempt2,217,phase2-full-grid-rerun-20260731-l4-l4-tp1-f2040-i32-o32-r10-rep3-seg1-attempt2-00217-241f23629939,61aeb38e9c5a4a2792c6b57f5f8acfbb,2cf939b4b96f46a4,1785511865625185059,1785511865625883477,1785511865628285904,1785511865636178333,1785511865812038764,1785511867870258397,0.698418,2.402427,3.100845,183.75286,66.39418170967743,2241.972493,32,32,32,32,32,32,32,True,200,phase2-full-grid-rerun-20260731-l4-l4-tp1-f2040-i32-o32-r10-rep3-seg1-attempt2-00217-241f23629939,success,False,False,0,1,11761,
phase2-full-grid-rerun-20260731-l4-l4-tp1-f2040-i32-o32-r10-rep3-seg1-attempt2,218,phase2-full-grid-rerun-20260731-l4-l4-tp1-f2040-i32-o32-r10-rep3-seg1-attempt2-00218-89bc526e7622,7992e8f986e643a69a0b6b65150e474f,23f9935e5faa4c8f,1785511865725185059,1785511865725936622,1785511865728549562,1785511865736226731,1785511865881335539,1785511867937345403,0.751563,2.61294,3.364503,152.785977,66.32289883870968,2208.795841,32,32,32,32,32,32,32,True,200,phase2-full-grid-rerun-20260731-l4-l4-tp1-f2040-i32-o32-r10-rep3-seg1-attempt2-00218-89bc526e7622,success,False,False,0,1,11721,
phase2-full-grid-rerun-20260731-l4-l4-tp1-f2040-i32-o32-r10-rep3-seg1-attempt2,219,phase2-full-grid-rerun-20260731-l4-l4-tp1-f2040-i32-o32-r10-rep3-seg1-attempt2-00219-2caf48845d20,6ca70dc262904d91b2c140d0a40f4edf,bef819c9ab044e74,1785511865825185059,1785511865825844812,1785511865828768743,1785511865836967754,1785511866010280374,1785511868067834614,0.659753,2.923931,3.583684,181.511631,66.37271741935484,2239.065871,32,32,32,32,32,32,32,True,200,phase2-full-grid-rerun-20260731-l4-l4-tp1-f2040-i32-o32-r10-rep3-seg1-attempt2-00219-2caf48845d20,success,False,False,0,1,11722,
phase2-full-grid-rerun-20260731-l4-l4-tp1-f2040-i32-o32-r10-rep3-seg1-attempt2,220,phase2-full-grid-rerun-20260731-l4-l4-tp1-f2040-i32-o32-r10-rep3-seg1-attempt2-00220-72e3fa1b7d00,4edabc0e0b6b4c60b8f5fb462b6d9d9c,e2c9e8d055f64a2f,1785511865925185059,1785511865926402304,1785511865929607224,1785511865938249229,1785511866143609773,1785511868201902234,1.217245,3.20492,4.422165,214.002549,66.396531,2272.29501,32,32,32,32,32,32,32,True,200,phase2-full-grid-rerun-20260731-l4-l4-tp1-f2040-i32-o32-r10-rep3-seg1-attempt2-00220-72e3fa1b7d00,success,False,False,0,1,11755,
phase2-full-grid-rerun-20260731-l4-l4-tp1-f2040-i32-o32-r10-rep3-seg1-attempt2,221,phase2-full-grid-rerun-20260731-l4-l4-tp1-f2040-i32-o32-r10-rep3-seg1-attempt2-00221-32d46821e3d4,4e7ed696e3854a5fb77eef2c5509f572,d2e9c53ec18448eb,1785511866025185059,1785511866026416714,1785511866028824526,1785511866036548562,1785511866211665928,1785511868268991354,1.231655,2.407812,3.639467,182.841402,66.36533632258065,2240.166828,32,32,32,32,32,32,32,True,200,phase2-full-grid-rerun-20260731-l4-l4-tp1-f2040-i32-o32-r10-rep3-seg1-attempt2-00221-32d46821e3d4,success,False,False,0,1,11722,
phase2-full-grid-rerun-20260731-l4-l4-tp1-f2040-i32-o32-r10-rep3-seg1-attempt2,222,phase2-full-grid-rerun-20260731-l4-l4-tp1-f2040-i32-o32-r10-rep3-seg1-attempt2-00222-1506607c1036,2c7c2a9a5e754d309d4be5a5e9eb32f9,ea18b7824a5940f5,1785511866125185059,1785511866126141482,1785511866128793472,1785511866137177045,1785511866342627778,1785511868405376560,0.956423,2.65199,3.608413,213.834306,66.54028329032259,2276.583088,32,32,32,32,32,32,32,True,200,phase2-full-grid-rerun-20260731-l4-l4-tp1-f2040-i32-o32-r10-rep3-seg1-attempt2-00222-1506607c1036,success,False,False,0,1,11668,
phase2-full-grid-rerun-20260731-l4-l4-tp1-f2040-i32-o32-r10-rep3-seg1-attempt2,223,phase2-full-grid-rerun-20260731-l4-l4-tp1-f2040-i32-o32-r10-rep3-seg1-attempt2-00223-5136ab5f0b6f,f307f873e3b94cc798f0cd564f9c1199,16275e5e4bff4ebe,1785511866225185059,1785511866225560207,1785511866228022146,1785511866236776550,1785511866409546934,1785511868471416574,0.375148,2.461939,2.837087,181.524788,66.51192387096773,2243.394428,32,32,32,32,32,32,32,True,200,phase2-full-grid-rerun-20260731-l4-l4-tp1-f2040-i32-o32-r10-rep3-seg1-attempt2-00223-5136ab5f0b6f,success,False,False,0,1,11743,
phase2-full-grid-rerun-20260731-l4-l4-tp1-f2040-i32-o32-r10-rep3-seg1-attempt2,224,phase2-full-grid-rerun-20260731-l4-l4-tp1-f2040-i32-o32-r10-rep3-seg1-attempt2-00224-fca2de5ec3b8,fc12a2729ff2417a8210986e422cbe25,ce5535475a074105,1785511866325185059,1785511866325644230,1785511866328290559,1785511866336734631,1785511866544211577,1785511868600955065,0.459171,2.646329,3.1055,215.921018,66.34656412903226,2272.664506,32,32,32,32,32,32,32,True,200,phase2-full-grid-rerun-20260731-l4-l4-tp1-f2040-i32-o32-r10-rep3-seg1-attempt2-00224-fca2de5ec3b8,success,False,False,0,1,11692,
phase2-full-grid-rerun-20260731-l4-l4-tp1-f2040-i32-o32-r10-rep3-seg1-attempt2,225,phase2-full-grid-rerun-20260731-l4-l4-tp1-f2040-i32-o32-r10-rep3-seg1-attempt2-00225-9a8a24a57965,2c22c9eeb0c642d887174a4ac563f1b0,d71fe9d5891745e2,1785511866425185059,1785511866427082226,1785511866429836910,1785511866438307092,1785511866608999594,1785511868666768820,1.897167,2.754684,4.651851,179.162684,66.3796524516129,2236.93191,32,32,32,32,32,32,32,True,200,phase2-full-grid-rerun-20260731-l4-l4-tp1-f2040-i32-o32-r10-rep3-seg1-attempt2-00225-9a8a24a57965,success,False,False,0,1,11691,
phase2-full-grid-rerun-20260731-l4-l4-tp1-f2040-i32-o32-r10-rep3-seg1-attempt2,226,phase2-full-grid-rerun-20260731-l4-l4-tp1-f2040-i32-o32-r10-rep3-seg1-attempt2-00226-15dfbed19b93,47dece03b3384357b5a7c4ae23332509,fbbc9114f66f4855,1785511866525185059,1785511866525690147,1785511866528139086,1785511866554182392,1785511866740419707,1785511868798370049,0.505088,2.448939,2.954027,212.280621,66.3854949032258,2270.230963,32,32,32,32,32,32,32,True,200,phase2-full-grid-rerun-20260731-l4-l4-tp1-f2040-i32-o32-r10-rep3-seg1-attempt2-00226-15dfbed19b93,success,False,False,0,1,11742,
phase2-full-grid-rerun-20260731-l4-l4-tp1-f2040-i32-o32-r10-rep3-seg1-attempt2,227,phase2-full-grid-rerun-20260731-l4-l4-tp1-f2040-i32-o32-r10-rep3-seg1-attempt2-00227-f5e08b0aed05,959cd4d072c646ce85ba3e5596d95a89,e8b579c421bf422c,1785511866625185059,1785511866626445190,1785511866628978749,1785511866637162291,1785511866807960932,1785511868866064013,1.260131,2.533559,3.79369,178.982183,66.39042196774194,2237.085264,32,32,32,32,32,32,32,True,200,phase2-full-grid-rerun-20260731-l4-l4-tp1-f2040-i32-o32-r10-rep3-seg1-attempt2-00227-f5e08b0aed05,success,False,False,0,1,11626,
phase2-full-grid-rerun-20260731-l4-l4-tp1-f2040-i32-o32-r10-rep3-seg1-attempt2,228,phase2-full-grid-rerun-20260731-l4-l4-tp1-f2040-i32-o32-r10-rep3-seg1-attempt2-00228-8d82af1775da,b7db3c28ff89467fbf1f93da30840e79,5f5ff8e20f37403f,1785511866725185059,1785511866726228104,1785511866728749466,1785511866753479761,1785511866950883057,1785511869002864579,1.043045,2.521362,3.564407,222.133591,66.19295232258065,2274.115113,32,32,32,32,32,32,32,True,200,phase2-full-grid-rerun-20260731-l4-l4-tp1-f2040-i32-o32-r10-rep3-seg1-attempt2-00228-8d82af1775da,success,False,False,0,1,11689,
phase2-full-grid-rerun-20260731-l4-l4-tp1-f2040-i32-o32-r10-rep3-seg1-attempt2,229,phase2-full-grid-rerun-20260731-l4-l4-tp1-f2040-i32-o32-r10-rep3-seg1-attempt2-00229-5fdbf525227d,d6d0b4e172ec40abbf90419157ccdcb9,0dde2ccd7fc3458f,1785511866825185059,1785511866825496627,1785511866828079264,1785511866836628592,1785511867006843808,1785511869064766373,0.311568,2.582637,2.894205,178.764544,66.38459887096774,2236.687109,32,32,32,32,32,32,32,True,200,phase2-full-grid-rerun-20260731-l4-l4-tp1-f2040-i32-o32-r10-rep3-seg1-attempt2-00229-5fdbf525227d,success,False,False,0,1,11686,
phase2-full-grid-rerun-20260731-l4-l4-tp1-f2040-i32-o32-r10-rep3-seg1-attempt2,230,phase2-full-grid-rerun-20260731-l4-l4-tp1-f2040-i32-o32-r10-rep3-seg1-attempt2-00230-11619ac16d37,c5432d476a2b4e6d86e7f7652b618461,61e8359e514f41d4,1785511866925185059,1785511866925894808,1785511866928504376,1785511866953438528,1785511867140217358,1785511869199919240,0.709749,2.609568,3.319317,211.712982,66.44199619354838,2271.414864,32,32,32,32,32,32,32,True,200,phase2-full-grid-rerun-20260731-l4-l4-tp1-f2040-i32-o32-r10-rep3-seg1-attempt2-00230-11619ac16d37,success,False,False,0,1,11747,
phase2-full-grid-rerun-20260731-l4-l4-tp1-f2040-i32-o32-r10-rep3-seg1-attempt2,231,phase2-full-grid-rerun-20260731-l4-l4-tp1-f2040-i32-o32-r10-rep3-seg1-attempt2-00231-6a54dee8f217,54bd049b815a410aad7c9ec65ec670cf,e32451aef3c343df,1785511867025185059,1785511867025727899,1785511867028396701,1785511867036749324,1785511867205660512,1785511869263791748,0.54284,2.668802,3.211642,177.263811,66.3913301935484,2235.395047,32,32,32,32,32,32,32,True,200,phase2-full-grid-rerun-20260731-l4-l4-tp1-f2040-i32-o32-r10-rep3-seg1-attempt2-00231-6a54dee8f217,success,False,False,0,1,11763,
phase2-full-grid-rerun-20260731-l4-l4-tp1-f2040-i32-o32-r10-rep3-seg1-attempt2,232,phase2-full-grid-rerun-20260731-l4-l4-tp1-f2040-i32-o32-r10-rep3-seg1-attempt2-00232-36126f6bc95f,7207ba1b5a43482a8a36d19775f3331f,c38eee3c296241ff,1785511867125185059,1785511867126156581,1785511867128679153,1785511867151619539,1785511867338723472,1785511869396900817,0.971522,2.522572,3.494094,210.044319,66.39281758064516,2268.221664,32,32,32,32,32,32,32,True,200,phase2-full-grid-rerun-20260731-l4-l4-tp1-f2040-i32-o32-r10-rep3-seg1-attempt2-00232-36126f6bc95f,success,False,False,0,1,11679,
phase2-full-grid-rerun-20260731-l4-l4-tp1-f2040-i32-o32-r10-rep3-seg1-attempt2,233,phase2-full-grid-rerun-20260731-l4-l4-tp1-f2040-i32-o32-r10-rep3-seg1-attempt2-00233-3bd21f33413a,53a112bba90943eeb097a0c895f2072f,f5b30fdb41444c13,1785511867225185059,1785511867225597366,1785511867228226858,1785511867236116437,1785511867405009119,1785511869463208481,0.412307,2.629492,3.041799,176.782261,66.3935278064516,2234.981623,32,32,32,32,32,32,32,True,200,phase2-full-grid-rerun-20260731-l4-l4-tp1-f2040-i32-o32-r10-rep3-seg1-attempt2-00233-3bd21f33413a,success,False,False,0,1,11737,
phase2-full-grid-rerun-20260731-l4-l4-tp1-f2040-i32-o32-r10-rep3-seg1-attempt2,234,phase2-full-grid-rerun-20260731-l4-l4-tp1-f2040-i32-o32-r10-rep3-seg1-attempt2-00234-cbcccd385d83,f0092614a93f4e84a4962f3094980764,cbf6dd40524c42ca,1785511867325185059,1785511867326265021,1785511867329224419,1785511867350585206,1785511867545671961,1785511869599968602,1.079962,2.959398,4.03936,216.447542,66.26763358064515,2270.744183,32,32,32,32,32,32,32,True,200,phase2-full-grid-rerun-20260731-l4-l4-tp1-f2040-i32-o32-r10-rep3-seg1-attempt2-00234-cbcccd385d83,success,False,False,0,1,11736,
phase2-full-grid-rerun-20260731-l4-l4-tp1-f2040-i32-o32-r10-rep3-seg1-attempt2,235,phase2-full-grid-rerun-20260731-l4-l4-tp1-f2040-i32-o32-r10-rep3-seg1-attempt2-00235-9ef688e8ed1d,2f53fe92097f4ea993c18791fc2099ac,78da443295844581,1785511867425185059,1785511867426087370,1785511867429104837,1785511867436959739,1785511867603335290,1785511869661863880,0.902311,3.017467,3.919778,174.230453,66.40414806451612,2232.759043,32,32,32,32,32,32,32,True,200,phase2-full-grid-rerun-20260731-l4-l4-tp1-f2040-i32-o32-r10-rep3-seg1-attempt2-00235-9ef688e8ed1d,success,False,False,0,1,11714,
phase2-full-grid-rerun-20260731-l4-l4-tp1-f2040-i32-o32-r10-rep3-seg1-attempt2,236,phase2-full-grid-rerun-20260731-l4-l4-tp1-f2040-i32-o32-r10-rep3-seg1-attempt2-00236-7ccfc2c5b960,e82d869a23a7419ca269d2ee4f6bf2d0,6286284cbe9b4cac,1785511867525185059,1785511867525543751,1785511867528782360,1785511867547507091,1785511867735831494,1785511869795697066,0.358692,3.238609,3.597301,207.049134,66.44727651612904,2266.914706,32,32,32,32,32,32,32,True,200,phase2-full-grid-rerun-20260731-l4-l4-tp1-f2040-i32-o32-r10-rep3-seg1-attempt2-00236-7ccfc2c5b960,success,False,False,0,1,11764,
phase2-full-grid-rerun-20260731-l4-l4-tp1-f2040-i32-o32-r10-rep3-seg1-attempt2,237,phase2-full-grid-rerun-20260731-l4-l4-tp1-f2040-i32-o32-r10-rep3-seg1-attempt2-00237-23de5df7edd4,b5b754db5c0544f3b0d9899fde45e71f,728c1a015a1f4fbb,1785511867625185059,1785511867627001872,1785511867629962315,1785511867638091202,1785511867802505936,1785511869861114381,1.816813,2.960443,4.777256,172.543621,66.40672403225805,2231.152066,32,32,32,32,32,32,32,True,200,phase2-full-grid-rerun-20260731-l4-l4-tp1-f2040-i32-o32-r10-rep3-seg1-attempt2-00237-23de5df7edd4,success,False,False,0,1,11740,
phase2-full-grid-rerun-20260731-l4-l4-tp1-f2040-i32-o32-r10-rep3-seg1-attempt2,238,phase2-full-grid-rerun-20260731-l4-l4-tp1-f2040-i32-o32-r10-rep3-seg1-attempt2-00238-5d490a0083dc,02c29abff5c04aa0b8450a0350e24426,ab30a453b0164f91,1785511867725185059,1785511867725521746,1785511867728417425,1785511867747614534,1785511867935565556,1785511869998175035,0.336687,2.895679,3.232366,207.148131,66.5357896451613,2269.75761,32,32,32,32,32,32,32,True,200,phase2-full-grid-rerun-20260731-l4-l4-tp1-f2040-i32-o32-r10-rep3-seg1-attempt2-00238-5d490a0083dc,success,False,False,0,1,11740,
phase2-full-grid-rerun-20260731-l4-l4-tp1-f2040-i32-o32-r10-rep3-seg1-attempt2,239,phase2-full-grid-rerun-20260731-l4-l4-tp1-f2040-i32-o32-r10-rep3-seg1-attempt2-00239-ae20c4db2eb2,f08ea9d544294e468c2a0c7d1dc90731,c334e2c1a5c84a78,1785511867825185059,1785511867825823366,1785511867828583101,1785511867836545052,1785511868000592734,1785511870059241110,0.638307,2.759735,3.398042,172.009633,66.40801212903226,2230.658009,32,32,32,32,32,32,32,True,200,phase2-full-grid-rerun-20260731-l4-l4-tp1-f2040-i32-o32-r10-rep3-seg1-attempt2-00239-ae20c4db2eb2,success,False,False,0,1,11741,
phase2-full-grid-rerun-20260731-l4-l4-tp1-f2040-i32-o32-r10-rep3-seg1-attempt2,240,phase2-full-grid-rerun-20260731-l4-l4-tp1-f2040-i32-o32-r10-rep3-seg1-attempt2-00240-21b8526957c6,6b3ae228d14d4226b3119038529ce65f,fe0a0974df7f4e7a,1785511867925185059,1785511867925887417,1785511867928506318,1785511867945667069,1785511868136575562,1785511870200005810,0.702358,2.618901,3.321259,208.069244,66.56226606451614,2271.499492,32,32,32,32,32,32,32,True,200,phase2-full-grid-rerun-20260731-l4-l4-tp1-f2040-i32-o32-r10-rep3-seg1-attempt2-00240-21b8526957c6,success,False,False,0,1,11747,
phase2-full-grid-rerun-20260731-l4-l4-tp1-f2040-i32-o32-r10-rep3-seg1-attempt2,241,phase2-full-grid-rerun-20260731-l4-l4-tp1-f2040-i32-o32-r10-rep3-seg1-attempt2-00241-b888bd0d6b6f,240caddc1e4c4873b97a6ad373eb3710,881a0573707d49b8,1785511868025185059,1785511868025547880,1785511868028779829,1785511868037437998,1785511868203060509,1785511870260409494,0.362821,3.231949,3.59477,174.28068,66.36609629032259,2231.629665,32,32,32,32,32,32,32,True,200,phase2-full-grid-rerun-20260731-l4-l4-tp1-f2040-i32-o32-r10-rep3-seg1-attempt2-00241-b888bd0d6b6f,success,False,False,0,1,11689,
phase2-full-grid-rerun-20260731-l4-l4-tp1-f2040-i32-o32-r10-rep3-seg1-attempt2,242,phase2-full-grid-rerun-20260731-l4-l4-tp1-f2040-i32-o32-r10-rep3-seg1-attempt2-00242-751ad3b8a18b,b9fbe3a288d8480996145d13b10c3947,e14ba1ef94ed4057,1785511868125185059,1785511868126384093,1785511868129835776,1785511868139065998,1785511868335754291,1785511870392517136,1.199034,3.451683,4.650717,205.918515,66.34718854838711,2262.68136,32,32,32,32,32,32,32,True,200,phase2-full-grid-rerun-20260731-l4-l4-tp1-f2040-i32-o32-r10-rep3-seg1-attempt2-00242-751ad3b8a18b,success,False,False,0,1,11677,
phase2-full-grid-rerun-20260731-l4-l4-tp1-f2040-i32-o32-r10-rep3-seg1-attempt2,243,phase2-full-grid-rerun-20260731-l4-l4-tp1-f2040-i32-o32-r10-rep3-seg1-attempt2-00243-fac1c610fd48,055d7ff90a4047578fc6e85bb0c695a3,417f0df84e864d2c,1785511868225185059,1785511868226149045,1785511868228803409,1785511868237159619,1785511868400956141,1785511870458463500,0.963986,2.654364,3.61835,172.152732,66.37120512903226,2229.660091,32,32,32,32,32,32,32,True,200,phase2-full-grid-rerun-20260731-l4-l4-tp1-f2040-i32-o32-r10-rep3-seg1-attempt2-00243-fac1c610fd48,success,False,False,0,1,11685,
phase2-full-grid-rerun-20260731-l4-l4-tp1-f2040-i32-o32-r10-rep3-seg1-attempt2,244,phase2-full-grid-rerun-20260731-l4-l4-tp1-f2040-i32-o32-r10-rep3-seg1-attempt2-00244-1f5dff3c0312,6aa6c0adc5df481fbdbc39b7b877f04d,4c91050a12844695,1785511868325185059,1785511868326249268,1785511868329819199,1785511868339406427,1785511868536767985,1785511870596375939,1.064209,3.569931,4.63414,206.948786,66.43896625806453,2266.55674,32,32,32,32,32,32,32,True,200,phase2-full-grid-rerun-20260731-l4-l4-tp1-f2040-i32-o32-r10-rep3-seg1-attempt2-00244-1f5dff3c0312,success,False,False,0,1,11693,
phase2-full-grid-rerun-20260731-l4-l4-tp1-f2040-i32-o32-r10-rep3-seg1-attempt2,245,phase2-full-grid-rerun-20260731-l4-l4-tp1-f2040-i32-o32-r10-rep3-seg1-attempt2-00245-a794070e5d9c,e1a303f96ba3418d8279428ceb2324ad,8284a2f339a349a1,1785511868425185059,1785511868426060248,1785511868428894788,1785511868437538227,1785511868601704860,1785511870659365847,0.875189,2.83454,3.709729,172.810072,66.37616087096775,2230.471059,32,32,32,32,32,32,32,True,200,phase2-full-grid-rerun-20260731-l4-l4-tp1-f2040-i32-o32-r10-rep3-seg1-attempt2-00245-a794070e5d9c,success,False,False,0,1,11699,
phase2-full-grid-rerun-20260731-l4-l4-tp1-f2040-i32-o32-r10-rep3-seg1-attempt2,246,phase2-full-grid-rerun-20260731-l4-l4-tp1-f2040-i32-o32-r10-rep3-seg1-attempt2-00246-5858ba9e1e84,5f56e6b5794947a487b1722256283da8,3abdf0dcb1bb4fbf,1785511868525185059,1785511868526300636,1785511868529559017,1785511868539613612,1785511868736019869,1785511870792239043,1.115577,3.258381,4.373958,206.460852,66.32965077419354,2262.680026,32,32,32,32,32,32,32,True,200,phase2-full-grid-rerun-20260731-l4-l4-tp1-f2040-i32-o32-r10-rep3-seg1-attempt2-00246-5858ba9e1e84,success,False,False,0,1,11709,
phase2-full-grid-rerun-20260731-l4-l4-tp1-f2040-i32-o32-r10-rep3-seg1-attempt2,247,phase2-full-grid-rerun-20260731-l4-l4-tp1-f2040-i32-o32-r10-rep3-seg1-attempt2-00247-903e77cc08bc,8c3414874cf24a19a6937673a3f74274,8861118cb76249ef,1785511868625185059,1785511868625604448,1785511868628365203,1785511868636916243,1785511868810373160,1785511870858172124,0.419389,2.760755,3.180144,182.007957,66.0580310967742,2229.806921,32,32,32,32,32,32,32,True,200,phase2-full-grid-rerun-20260731-l4-l4-tp1-f2040-i32-o32-r10-rep3-seg1-attempt2-00247-903e77cc08bc,success,False,False,0,1,11693,
phase2-full-grid-rerun-20260731-l4-l4-tp1-f2040-i32-o32-r10-rep3-seg1-attempt2,248,phase2-full-grid-rerun-20260731-l4-l4-tp1-f2040-i32-o32-r10-rep3-seg1-attempt2-00248-8f7e82c932a3,160b44bbeba74633966afe3ab9f754df,704de7e0f912405d,1785511868725185059,1785511868726010300,1785511868729528512,1785511868739165675,1785511868936068482,1785511870993918392,0.825241,3.518212,4.343453,206.53997,66.38225516129032,2264.38988,32,32,32,32,32,32,32,True,200,phase2-full-grid-rerun-20260731-l4-l4-tp1-f2040-i32-o32-r10-rep3-seg1-attempt2-00248-8f7e82c932a3,success,False,False,0,1,11736,
phase2-full-grid-rerun-20260731-l4-l4-tp1-f2040-i32-o32-r10-rep3-seg1-attempt2,249,phase2-full-grid-rerun-20260731-l4-l4-tp1-f2040-i32-o32-r10-rep3-seg1-attempt2-00249-2c4bd26b75f7,5e7dab10b86c44f08ed6ff08623a349d,015922a4df3241ca,1785511868825185059,1785511868827020044,1785511868830065719,1785511868838670779,1785511868997398168,1785511871055279337,1.834985,3.045675,4.88066,167.332449,66.38326351612903,2225.213618,32,32,32,32,32,32,32,True,200,phase2-full-grid-rerun-20260731-l4-l4-tp1-f2040-i32-o32-r10-rep3-seg1-attempt2-00249-2c4bd26b75f7,success,False,False,0,1,11735,
phase2-full-grid-rerun-20260731-l4-l4-tp1-f2040-i32-o32-r10-rep3-seg1-attempt2,250,phase2-full-grid-rerun-20260731-l4-l4-tp1-f2040-i32-o32-r10-rep3-seg1-attempt2-00250-acaa9c96a7ab,45e1ecea2bca4b9496ace8d87336bab7,56dc65dc691c493e,1785511868925185059,1785511868925739798,1785511868929140457,1785511868938829289,1785511869134772993,1785511871190856791,0.554739,3.400659,3.955398,205.632536,66.32528380645162,2261.716334,32,32,32,32,32,32,32,True,200,phase2-full-grid-rerun-20260731-l4-l4-tp1-f2040-i32-o32-r10-rep3-seg1-attempt2-00250-acaa9c96a7ab,success,False,False,0,1,11690,
phase2-full-grid-rerun-20260731-l4-l4-tp1-f2040-i32-o32-r10-rep3-seg1-attempt2,251,phase2-full-grid-rerun-20260731-l4-l4-tp1-f2040-i32-o32-r10-rep3-seg1-attempt2-00251-ebebd4c158a6,4fb5048f100547f39bfe7c92ddee594b,cd9f4a6ff4a04fd7,1785511869025185059,1785511869025461904,1785511869028186760,1785511869036123179,1785511869200689006,1785511871256705059,0.276845,2.724856,3.001701,172.502246,66.32309848387096,2228.518299,32,32,32,32,32,32,32,True,200,phase2-full-grid-rerun-20260731-l4-l4-tp1-f2040-i32-o32-r10-rep3-seg1-attempt2-00251-ebebd4c158a6,success,False,False,0,1,11694,
phase2-full-grid-rerun-20260731-l4-l4-tp1-f2040-i32-o32-r10-rep3-seg1-attempt2,252,phase2-full-grid-rerun-20260731-l4-l4-tp1-f2040-i32-o32-r10-rep3-seg1-attempt2-00252-670edc113f51,d8098922abd5499f92dd56e6ac1bf63f,ccad10dcd83347ab,1785511869125185059,1785511869125781005,1785511869128597286,1785511869137346983,1785511869334319468,1785511871390024959,0.595946,2.816281,3.412227,205.722182,66.31308035483872,2261.427673,32,32,32,32,32,32,32,True,200,phase2-full-grid-rerun-20260731-l4-l4-tp1-f2040-i32-o32-r10-rep3-seg1-attempt2-00252-670edc113f51,success,False,False,0,1,11686,
phase2-full-grid-rerun-20260731-l4-l4-tp1-f2040-i32-o32-r10-rep3-seg1-attempt2,253,phase2-full-grid-rerun-20260731-l4-l4-tp1-f2040-i32-o32-r10-rep3-seg1-attempt2-00253-7f11be90ac91,297d8593603b44a392755eec5a587c7c,6fb1e766e6604074,1785511869225185059,1785511869225646706,1785511869228572871,1785511869236868507,1785511869397456234,1785511871455883478,0.461647,2.926165,3.387812,168.883363,66.40087883870967,2227.310607,32,32,32,32,32,32,32,True,200,phase2-full-grid-rerun-20260731-l4-l4-tp1-f2040-i32-o32-r10-rep3-seg1-attempt2-00253-7f11be90ac91,success,False,False,0,1,11745,
phase2-full-grid-rerun-20260731-l4-l4-tp1-f2040-i32-o32-r10-rep3-seg1-attempt2,254,phase2-full-grid-rerun-20260731-l4-l4-tp1-f2040-i32-o32-r10-rep3-seg1-attempt2-00254-236747eb5e7a,3862861b112d4518a308e5f607e26131,2d17266f7da24717,1785511869325185059,1785511869325570553,1785511869328812513,1785511869337448161,1785511869533359181,1785511871589037273,0.385494,3.24196,3.627454,204.546668,66.31219651612903,2260.22476,32,32,32,32,32,32,32,True,200,phase2-full-grid-rerun-20260731-l4-l4-tp1-f2040-i32-o32-r10-rep3-seg1-attempt2-00254-236747eb5e7a,success,False,False,0,1,11736,
phase2-full-grid-rerun-20260731-l4-l4-tp1-f2040-i32-o32-r10-rep3-seg1-attempt2,255,phase2-full-grid-rerun-20260731-l4-l4-tp1-f2040-i32-o32-r10-rep3-seg1-attempt2-00255-365a002bdca7,f70a09991ed545f3bea200c7114a24b5,5e6b47c2e8fa4409,1785511869425185059,1785511869426378856,1785511869428787720,1785511869436601563,1785511869595993128,1785511871653854646,1.193797,2.408864,3.602661,167.205408,66.38262961290323,2225.066926,32,32,32,32,32,32,32,True,200,phase2-full-grid-rerun-20260731-l4-l4-tp1-f2040-i32-o32-r10-rep3-seg1-attempt2-00255-365a002bdca7,success,False,False,0,1,11692,
phase2-full-grid-rerun-20260731-l4-l4-tp1-f2040-i32-o32-r10-rep3-seg1-attempt2,256,phase2-full-grid-rerun-20260731-l4-l4-tp1-f2040-i32-o32-r10-rep3-seg1-attempt2-00256-8375b6521bb1,3c1ed172bec743ba84b196cbd1d0e3fa,2e9d177f4c464c2b,1785511869525185059,1785511869526622507,1785511869528888376,1785511869539949679,1785511869732991540,1785511871791865072,1.437448,2.265869,3.703317,204.103164,66.41527522580645,2262.976696,32,32,32,32,32,32,32,True,200,phase2-full-grid-rerun-20260731-l4-l4-tp1-f2040-i32-o32-r10-rep3-seg1-attempt2-00256-8375b6521bb1,success,False,False,0,1,11707,
phase2-full-grid-rerun-20260731-l4-l4-tp1-f2040-i32-o32-r10-rep3-seg1-attempt2,257,phase2-full-grid-rerun-20260731-l4-l4-tp1-f2040-i32-o32-r10-rep3-seg1-attempt2-00257-9c00682fa76b,601c56b1d48a4a2186501c0e95c73f7e,62eec3619f214441,1785511869625185059,1785511869627029757,1785511869629817631,1785511869638449856,1785511869797413425,1785511871854845933,1.844698,2.787874,4.632572,167.595794,66.36879058064515,2225.028302,32,32,32,32,32,32,32,True,200,phase2-full-grid-rerun-20260731-l4-l4-tp1-f2040-i32-o32-r10-rep3-seg1-attempt2-00257-9c00682fa76b,success,False,False,0,1,11750,
phase2-full-grid-rerun-20260731-l4-l4-tp1-f2040-i32-o32-r10-rep3-seg1-attempt2,258,phase2-full-grid-rerun-20260731-l4-l4-tp1-f2040-i32-o32-r10-rep3-seg1-attempt2-00258-a64f07baed60,6765c1c4cf6141789f2df811696218ae,8172119087074e8f,1785511869725185059,1785511869725970111,1785511869728157666,1785511869739085206,1785511869926233720,1785511871991508118,0.785052,2.187555,2.972607,198.076054,66.62175477419355,2263.350452,32,32,32,32,32,32,32,True,200,phase2-full-grid-rerun-20260731-l4-l4-tp1-f2040-i32-o32-r10-rep3-seg1-attempt2-00258-a64f07baed60,success,False,False,0,1,11691,
phase2-full-grid-rerun-20260731-l4-l4-tp1-f2040-i32-o32-r10-rep3-seg1-attempt2,259,phase2-full-grid-rerun-20260731-l4-l4-tp1-f2040-i32-o32-r10-rep3-seg1-attempt2-00259-1981f3be2e54,24d0d93b016f4f1a84e600e4cd8982a8,d15551d54c1246ab,1785511869825185059,1785511869826453520,1785511869828435056,1785511869835942139,1785511869994888795,1785511872052888208,1.268461,1.981536,3.249997,166.453739,66.38707783870967,2224.453152,32,32,32,32,32,32,32,True,200,phase2-full-grid-rerun-20260731-l4-l4-tp1-f2040-i32-o32-r10-rep3-seg1-attempt2-00259-1981f3be2e54,success,False,False,0,1,11726,
phase2-full-grid-rerun-20260731-l4-l4-tp1-f2040-i32-o32-r10-rep3-seg1-attempt2,260,phase2-full-grid-rerun-20260731-l4-l4-tp1-f2040-i32-o32-r10-rep3-seg1-attempt2-00260-a1a1e93fa5be,75f333f90a1e4c0694a64235cdc9642b,9f93796323e44b4f,1785511869925185059,1785511869930733606,1785511869932665295,1785511869940120343,1785511870125238880,1785511872189842323,5.548547,1.931689,7.480236,192.573585,66.60011106451613,2257.177028,32,32,32,32,32,32,32,True,200,phase2-full-grid-rerun-20260731-l4-l4-tp1-f2040-i32-o32-r10-rep3-seg1-attempt2-00260-a1a1e93fa5be,success,False,False,0,1,11690,
phase2-full-grid-rerun-20260731-l4-l4-tp1-f2040-i32-o32-r10-rep3-seg1-attempt2,261,phase2-full-grid-rerun-20260731-l4-l4-tp1-f2040-i32-o32-r10-rep3-seg1-attempt2-00261-0af08e1f4411,3db5d32ed40e4a02b2d0897062d66c96,1afb7f6335004ca9,1785511870025185059,1785511870026087143,1785511870028934072,1785511870037085495,1785511870194557489,1785511872252914042,0.902084,2.846929,3.749013,165.623417,66.39859848387097,2223.97997,32,32,32,32,32,32,32,True,200,phase2-full-grid-rerun-20260731-l4-l4-tp1-f2040-i32-o32-r10-rep3-seg1-attempt2-00261-0af08e1f4411,success,False,False,0,1,11693,
phase2-full-grid-rerun-20260731-l4-l4-tp1-f2040-i32-o32-r10-rep3-seg1-attempt2,262,phase2-full-grid-rerun-20260731-l4-l4-tp1-f2040-i32-o32-r10-rep3-seg1-attempt2-00262-1b6e13daeb6e,d228a1866e154407824df81422ca3225,8973f5530ce2422c,1785511870125185059,1785511870129407492,1785511870131224926,1785511870139009800,1785511870323537874,1785511872384947029,4.222433,1.817434,6.039867,192.312948,66.49706951612903,2253.722103,32,32,32,32,32,32,32,True,200,phase2-full-grid-rerun-20260731-l4-l4-tp1-f2040-i32-o32-r10-rep3-seg1-attempt2-00262-1b6e13daeb6e,success,False,False,0,1,11680,
phase2-full-grid-rerun-20260731-l4-l4-tp1-f2040-i32-o32-r10-rep3-seg1-attempt2,263,phase2-full-grid-rerun-20260731-l4-l4-tp1-f2040-i32-o32-r10-rep3-seg1-attempt2-00263-c22e98d4d05c,f83c155e03354f60af62349191748e1c,6eef5c62172942c0,1785511870225185059,1785511870226532960,1785511870229036558,1785511870237177104,1785511870394298745,1785511872452356268,1.347901,2.503598,3.851499,165.262187,66.38895235483871,2223.31971,32,32,32,32,32,32,32,True,200,phase2-full-grid-rerun-20260731-l4-l4-tp1-f2040-i32-o32-r10-rep3-seg1-attempt2-00263-c22e98d4d05c,success,False,False,0,1,11692,
phase2-full-grid-rerun-20260731-l4-l4-tp1-f2040-i32-o32-r10-rep3-seg1-attempt2,264,phase2-full-grid-rerun-20260731-l4-l4-tp1-f2040-i32-o32-r10-rep3-seg1-attempt2-00264-0e2949bf40be,fae39ebf10d642da959fa441885f12cc,15838c41bba543dc,1785511870325185059,1785511870328125357,1785511870333027450,1785511870340884044,1785511870524341557,1785511872588098247,2.940298,4.902093,7.842391,191.314107,66.5727964516129,2255.070797,32,32,32,32,32,32,32,True,200,phase2-full-grid-rerun-20260731-l4-l4-tp1-f2040-i32-o32-r10-rep3-seg1-attempt2-00264-0e2949bf40be,success,False,False,0,1,11690,
phase2-full-grid-rerun-20260731-l4-l4-tp1-f2040-i32-o32-r10-rep3-seg1-attempt2,265,phase2-full-grid-rerun-20260731-l4-l4-tp1-f2040-i32-o32-r10-rep3-seg1-attempt2-00265-6d98ea8fa119,9fad2099b2de48659dd2dcc4db437ec3,c2bb186f73254cd4,1785511870425185059,1785511870425442075,1785511870427975905,1785511870435974226,1785511870591898723,1785511872649740455,0.257016,2.53383,2.790846,163.922818,66.3819913548387,2221.76455,32,32,32,32,32,32,32,True,200,phase2-full-grid-rerun-20260731-l4-l4-tp1-f2040-i32-o32-r10-rep3-seg1-attempt2-00265-6d98ea8fa119,success,False,False,0,1,11760,
phase2-full-grid-rerun-20260731-l4-l4-tp1-f2040-i32-o32-r10-rep3-seg1-attempt2,266,phase2-full-grid-rerun-20260731-l4-l4-tp1-f2040-i32-o32-r10-rep3-seg1-attempt2-00266-5a222534d962,d2c8ec32acbb4799b27c7c415d7de1e5,f38b7c6e297f4f04,1785511870525185059,1785511870527115858,1785511870529061835,1785511870540329584,1785511870722785351,1785511872784182291,1.930799,1.945977,3.876776,193.723516,66.49667548387097,2255.120456,32,32,32,32,32,32,32,True,200,phase2-full-grid-rerun-20260731-l4-l4-tp1-f2040-i32-o32-r10-rep3-seg1-attempt2-00266-5a222534d962,success,False,False,0,1,11735,
phase2-full-grid-rerun-20260731-l4-l4-tp1-f2040-i32-o32-r10-rep3-seg1-attempt2,267,phase2-full-grid-rerun-20260731-l4-l4-tp1-f2040-i32-o32-r10-rep3-seg1-attempt2-00267-57b2b70036c4,27d3eb11d32d4baa825818252eebedf2,d8c31a60b7e54fad,1785511870625185059,1785511870625732218,1785511870628343233,1785511870636256114,1785511870793158358,1785511872850842027,0.547159,2.611015,3.158174,164.815125,66.37689254838709,2222.498794,32,32,32,32,32,32,32,True,200,phase2-full-grid-rerun-20260731-l4-l4-tp1-f2040-i32-o32-r10-rep3-seg1-attempt2-00267-57b2b70036c4,success,False,False,0,1,11729,
phase2-full-grid-rerun-20260731-l4-l4-tp1-f2040-i32-o32-r10-rep3-seg1-attempt2,268,phase2-full-grid-rerun-20260731-l4-l4-tp1-f2040-i32-o32-r10-rep3-seg1-attempt2-00268-9c387e9588fa,52d5a1d09c3441a4b1a6614cdcaf9cc2,f73b4da464404b92,1785511870725185059,1785511870726411963,1785511870728079507,1785511870735804106,1785511870923234690,1785511872988582167,1.226904,1.667544,2.894448,195.155183,66.62411216129031,2260.50266,32,32,32,32,32,32,32,True,200,phase2-full-grid-rerun-20260731-l4-l4-tp1-f2040-i32-o32-r10-rep3-seg1-attempt2-00268-9c387e9588fa,success,False,False,0,1,11690,
phase2-full-grid-rerun-20260731-l4-l4-tp1-f2040-i32-o32-r10-rep3-seg1-attempt2,269,phase2-full-grid-rerun-20260731-l4-l4-tp1-f2040-i32-o32-r10-rep3-seg1-attempt2-00269-6b5f1242fea9,7dc335cc304f40fe9bfe9376b73b77fc,ec3457e590f849cf,1785511870825185059,1785511870825860466,1785511870828196312,1785511870835837709,1785511870991311043,1785511873049653212,0.675407,2.335846,3.011253,163.114731,66.39813448387096,2221.4569,32,32,32,32,32,32,32,True,200,phase2-full-grid-rerun-20260731-l4-l4-tp1-f2040-i32-o32-r10-rep3-seg1-attempt2-00269-6b5f1242fea9,success,False,False,0,1,11752,
phase2-full-grid-rerun-20260731-l4-l4-tp1-f2040-i32-o32-r10-rep3-seg1-attempt2,270,phase2-full-grid-rerun-20260731-l4-l4-tp1-f2040-i32-o32-r10-rep3-seg1-attempt2-00270-a2af37db9eaf,a1edecdf094c4b6186843f50c7beed51,963b18eee53c45f5,1785511870925185059,1785511870926114038,1785511870928059252,1785511870936279022,1785511871121839613,1785511873183230630,0.928979,1.945214,2.874193,193.780361,66.49648441935484,2255.171378,32,32,32,32,32,32,32,True,200,phase2-full-grid-rerun-20260731-l4-l4-tp1-f2040-i32-o32-r10-rep3-seg1-attempt2-00270-a2af37db9eaf,success,False,False,0,1,11690,
phase2-full-grid-rerun-20260731-l4-l4-tp1-f2040-i32-o32-r10-rep3-seg1-attempt2,271,phase2-full-grid-rerun-20260731-l4-l4-tp1-f2040-i32-o32-r10-rep3-seg1-attempt2-00271-186b2f7807c6,3d0fa0e825044a8a9df912e6b5aa6ec6,51d478bb5e8b41ad,1785511871025185059,1785511871025525155,1785511871028543325,1785511871036469628,1785511871191258749,1785511873249146574,0.340096,3.01817,3.358266,162.715424,66.38347822580644,2220.603249,32,32,32,32,32,32,32,True,200,phase2-full-grid-rerun-20260731-l4-l4-tp1-f2040-i32-o32-r10-rep3-seg1-attempt2-00271-186b2f7807c6,success,False,False,0,1,11743,
phase2-full-grid-rerun-20260731-l4-l4-tp1-f2040-i32-o32-r10-rep3-seg1-attempt2,272,phase2-full-grid-rerun-20260731-l4-l4-tp1-f2040-i32-o32-r10-rep3-seg1-attempt2-00272-170ccb8d00b2,8ec40787fb1c47e1abdec381265b9242,62b70553b8ad4cf7,1785511871125185059,1785511871126020090,1785511871127991015,1785511871135925881,1785511871319630113,1785511873380531445,0.835031,1.970925,2.805956,191.639098,66.48068812903226,2252.54043,32,32,32,32,32,32,32,True,200,phase2-full-grid-rerun-20260731-l4-l4-tp1-f2040-i32-o32-r10-rep3-seg1-attempt2-00272-170ccb8d00b2,success,False,False,0,1,11747,
phase2-full-grid-rerun-20260731-l4-l4-tp1-f2040-i32-o32-r10-rep3-seg1-attempt2,273,phase2-full-grid-rerun-20260731-l4-l4-tp1-f2040-i32-o32-r10-rep3-seg1-attempt2-00273-b9cc8c959df8,d15f94329793410185e02c0e84c966dc,dcb74065c7b7490d,1785511871225185059,1785511871226002905,1785511871231796991,1785511871239224546,1785511871390520347,1785511873447785544,0.817846,5.794086,6.611932,158.723356,66.36339345161291,2215.988553,32,32,32,32,32,32,32,True,200,phase2-full-grid-rerun-20260731-l4-l4-tp1-f2040-i32-o32-r10-rep3-seg1-attempt2-00273-b9cc8c959df8,success,False,False,0,1,11717,
phase2-full-grid-rerun-20260731-l4-l4-tp1-f2040-i32-o32-r10-rep3-seg1-attempt2,274,phase2-full-grid-rerun-20260731-l4-l4-tp1-f2040-i32-o32-r10-rep3-seg1-attempt2-00274-f03ad1beed16,906ffbc05dea4be5b651528bb0d12c51,7d43dcf7b5ba47c7,1785511871325185059,1785511871326010137,1785511871328314485,1785511871336765427,1785511871520798114,1785511873584975466,0.825078,2.304348,3.129426,192.483629,66.58636619354839,2256.660981,32,32,32,32,32,32,32,True,200,phase2-full-grid-rerun-20260731-l4-l4-tp1-f2040-i32-o32-r10-rep3-seg1-attempt2-00274-f03ad1beed16,success,False,False,0,1,11691,
phase2-full-grid-rerun-20260731-l4-l4-tp1-f2040-i32-o32-r10-rep3-seg1-attempt2,275,phase2-full-grid-rerun-20260731-l4-l4-tp1-f2040-i32-o32-r10-rep3-seg1-attempt2-00275-efc31f7637f9,fb02ee498c454d1bb9c9d9ec90517326,b02e40e202434be0,1785511871425185059,1785511871426037347,1785511871429175820,1785511871437280866,1785511871589165796,1785511873646888156,0.852288,3.138473,3.990761,159.989976,66.3781406451613,2217.712336,32,32,32,32,32,32,32,True,200,phase2-full-grid-rerun-20260731-l4-l4-tp1-f2040-i32-o32-r10-rep3-seg1-attempt2-00275-efc31f7637f9,success,False,False,0,1,11743,
phase2-full-grid-rerun-20260731-l4-l4-tp1-f2040-i32-o32-r10-rep3-seg1-attempt2,276,phase2-full-grid-rerun-20260731-l4-l4-tp1-f2040-i32-o32-r10-rep3-seg1-attempt2-00276-92ae1a938dc6,e9f98fb9092346938064781042006644,abd5eb7bb88d478b,1785511871525185059,1785511871525582000,1785511871527694973,1785511871535665912,1785511871719317031,1785511873779280731,0.396941,2.112973,2.509914,191.622058,66.45044193548387,2251.585758,32,32,32,32,32,32,32,True,200,phase2-full-grid-rerun-20260731-l4-l4-tp1-f2040-i32-o32-r10-rep3-seg1-attempt2-00276-92ae1a938dc6,success,False,False,0,1,11690,
phase2-full-grid-rerun-20260731-l4-l4-tp1-f2040-i32-o32-r10-rep3-seg1-attempt2,277,phase2-full-grid-rerun-20260731-l4-l4-tp1-f2040-i32-o32-r10-rep3-seg1-attempt2-00277-3a20432e1dba,73c668ee82a64788948968ccb66a45df,adc417f880c14df2,1785511871625185059,1785511871625507200,1785511871628860750,1785511871637189976,1785511871788146146,1785511873845277862,0.322141,3.35355,3.675691,159.285396,66.35908761290322,2216.417112,32,32,32,32,32,32,32,True,200,phase2-full-grid-rerun-20260731-l4-l4-tp1-f2040-i32-o32-r10-rep3-seg1-attempt2-00277-3a20432e1dba,success,False,False,0,1,11746,
phase2-full-grid-rerun-20260731-l4-l4-tp1-f2040-i32-o32-r10-rep3-seg1-attempt2,278,phase2-full-grid-rerun-20260731-l4-l4-tp1-f2040-i32-o32-r10-rep3-seg1-attempt2-00278-b0f4215aba90,b5a7d1ed36d645caa46eb07abac9c87e,e3041f359e99452c,1785511871725185059,1785511871725486211,1785511871728283903,1785511871736670348,1785511871918306729,1785511873977869366,0.301152,2.797692,3.098844,190.022826,66.43750441935484,2249.585463,32,32,32,32,32,32,32,True,200,phase2-full-grid-rerun-20260731-l4-l4-tp1-f2040-i32-o32-r10-rep3-seg1-attempt2-00278-b0f4215aba90,success,False,False,0,1,11692,
phase2-full-grid-rerun-20260731-l4-l4-tp1-f2040-i32-o32-r10-rep3-seg1-attempt2,279,phase2-full-grid-rerun-20260731-l4-l4-tp1-f2040-i32-o32-r10-rep3-seg1-attempt2-00279-88d3a4515487,c663fb92b8854363b5f140de1b34fc93,2906e16c1fae4d26,1785511871825185059,1785511871825870225,1785511871829093466,1785511871837638609,1785511871991885193,1785511874052233033,0.685166,3.223241,3.908407,162.791727,66.4628335483871,2223.139567,32,32,32,32,32,32,32,True,200,phase2-full-grid-rerun-20260731-l4-l4-tp1-f2040-i32-o32-r10-rep3-seg1-attempt2-00279-88d3a4515487,success,False,False,0,1,11708,
phase2-full-grid-rerun-20260731-l4-l4-tp1-f2040-i32-o32-r10-rep3-seg1-attempt2,280,phase2-full-grid-rerun-20260731-l4-l4-tp1-f2040-i32-o32-r10-rep3-seg1-attempt2-00280-423c06478117,f44643ba8bbf4a7dbedca8ee16af596c,77c1a092b6ab4871,1785511871925185059,1785511871926097327,1785511871928847322,1785511871937181856,1785511872118768747,1785511874178547157,0.912268,2.749995,3.662263,189.921425,66.44446483870968,2249.699835,32,32,32,32,32,32,32,True,200,phase2-full-grid-rerun-20260731-l4-l4-tp1-f2040-i32-o32-r10-rep3-seg1-attempt2-00280-423c06478117,success,False,False,0,1,11756,
phase2-full-grid-rerun-20260731-l4-l4-tp1-f2040-i32-o32-r10-rep3-seg1-attempt2,281,phase2-full-grid-rerun-20260731-l4-l4-tp1-f2040-i32-o32-r10-rep3-seg1-attempt2-00281-8cf9dda1c133,5363587705924451b99722bc7c776b92,4750d09f46534a9a,1785511872025185059,1785511872025569737,1785511872028535332,1785511872036695761,1785511872186394736,1785511874243487756,0.384678,2.965595,3.350273,157.859404,66.3578393548387,2214.952424,32,32,32,32,32,32,32,True,200,phase2-full-grid-rerun-20260731-l4-l4-tp1-f2040-i32-o32-r10-rep3-seg1-attempt2-00281-8cf9dda1c133,success,False,False,0,1,11708,
phase2-full-grid-rerun-20260731-l4-l4-tp1-f2040-i32-o32-r10-rep3-seg1-attempt2,282,phase2-full-grid-rerun-20260731-l4-l4-tp1-f2040-i32-o32-r10-rep3-seg1-attempt2-00282-3cd32c564f48,5c81cb08d2244675b317ca64af05c624,5a04b403dfad4d40,1785511872125185059,1785511872125643545,1785511872127534685,1785511872135506736,1785511872316811639,1785511874375805756,0.458486,1.89114,2.349626,189.276954,66.41916506451614,2248.271071,32,32,32,32,32,32,32,True,200,phase2-full-grid-rerun-20260731-l4-l4-tp1-f2040-i32-o32-r10-rep3-seg1-attempt2-00282-3cd32c564f48,success,False,False,0,1,11730,
phase2-full-grid-rerun-20260731-l4-l4-tp1-f2040-i32-o32-r10-rep3-seg1-attempt2,283,phase2-full-grid-rerun-20260731-l4-l4-tp1-f2040-i32-o32-r10-rep3-seg1-attempt2-00283-6cc55959ae10,201c33a00bdd459db7bb72a3ea3d2bc6,20855e9dba1445f7,1785511872225185059,1785511872225634873,1785511872228959002,1785511872237673198,1785511872385718950,1785511874441721446,0.449814,3.324129,3.773943,156.759948,66.32266116129033,2212.762444,32,32,32,32,32,32,32,True,200,phase2-full-grid-rerun-20260731-l4-l4-tp1-f2040-i32-o32-r10-rep3-seg1-attempt2-00283-6cc55959ae10,success,False,False,0,1,11737,
phase2-full-grid-rerun-20260731-l4-l4-tp1-f2040-i32-o32-r10-rep3-seg1-attempt2,284,phase2-full-grid-rerun-20260731-l4-l4-tp1-f2040-i32-o32-r10-rep3-seg1-attempt2-00284-66bc7ecbdcc4,e62338255f334e218932a62e81631711,7288eb97ac524a7d,1785511872325185059,1785511872325761437,1785511872327699258,1785511872335494823,1785511872516818912,1785511874575427288,0.576378,1.937821,2.514199,189.119654,66.40672180645161,2247.72803,32,32,32,32,32,32,32,True,200,phase2-full-grid-rerun-20260731-l4-l4-tp1-f2040-i32-o32-r10-rep3-seg1-attempt2-00284-66bc7ecbdcc4,success,False,False,0,1,11722,
phase2-full-grid-rerun-20260731-l4-l4-tp1-f2040-i32-o32-r10-rep3-seg1-attempt2,285,phase2-full-grid-rerun-20260731-l4-l4-tp1-f2040-i32-o32-r10-rep3-seg1-attempt2-00285-cf6419082f55,cb7c90e1c93c40d78124d304f7ed6b18,f674196e5ca34672,1785511872425185059,1785511872426388410,1785511872429551359,1785511872437392738,1785511872583569133,1785511874641001261,1.203351,3.162949,4.3663,154.017774,66.36877832258064,2211.449902,32,32,32,32,32,32,32,True,200,phase2-full-grid-rerun-20260731-l4-l4-tp1-f2040-i32-o32-r10-rep3-seg1-attempt2-00285-cf6419082f55,success,False,False,0,1,11729,
phase2-full-grid-rerun-20260731-l4-l4-tp1-f2040-i32-o32-r10-rep3-seg1-attempt2,286,phase2-full-grid-rerun-20260731-l4-l4-tp1-f2040-i32-o32-r10-rep3-seg1-attempt2-00286-6f66e6781cc9,457ece7a06264ef18c89f1e5111cc8e2,23b838f79d8b47b4,1785511872525185059,1785511872526143474,1785511872527926783,1785511872535680693,1785511872716318789,1785511874775298176,0.958415,1.783309,2.741724,188.392006,66.4186899032258,2247.371393,32,32,32,32,32,32,32,True,200,phase2-full-grid-rerun-20260731-l4-l4-tp1-f2040-i32-o32-r10-rep3-seg1-attempt2-00286-6f66e6781cc9,success,False,False,0,1,11694,
phase2-full-grid-rerun-20260731-l4-l4-tp1-f2040-i32-o32-r10-rep3-seg1-attempt2,287,phase2-full-grid-rerun-20260731-l4-l4-tp1-f2040-i32-o32-r10-rep3-seg1-attempt2-00287-0d6fa43979f8,a9ad3b62d0cc4549b8b6266a872092fb,7829153d3c9143a3,1785511872625185059,1785511872626013511,1785511872630403530,1785511872638659149,1785511872785336107,1785511874845697215,0.828452,4.390019,5.218471,154.932577,66.4632615483871,2215.293685,32,32,32,32,32,32,32,True,200,phase2-full-grid-rerun-20260731-l4-l4-tp1-f2040-i32-o32-r10-rep3-seg1-attempt2-00287-0d6fa43979f8,success,False,False,0,1,11736,
phase2-full-grid-rerun-20260731-l4-l4-tp1-f2040-i32-o32-r10-rep3-seg1-attempt2,288,phase2-full-grid-rerun-20260731-l4-l4-tp1-f2040-i32-o32-r10-rep3-seg1-attempt2-00288-a5396cd2e60c,4210b00b095e4d228c646995da1df6fb,3fe68d1a0f164c85,1785511872725185059,1785511872725982257,1785511872728773524,1785511872737022496,1785511872914404079,1785511874972466608,0.797198,2.791267,3.588465,185.630555,66.38911383870968,2243.693084,32,32,32,32,32,32,32,True,200,phase2-full-grid-rerun-20260731-l4-l4-tp1-f2040-i32-o32-r10-rep3-seg1-attempt2-00288-a5396cd2e60c,success,False,False,0,1,11681,
phase2-full-grid-rerun-20260731-l4-l4-tp1-f2040-i32-o32-r10-rep3-seg1-attempt2,289,phase2-full-grid-rerun-20260731-l4-l4-tp1-f2040-i32-o32-r10-rep3-seg1-attempt2-00289-7d1cdfbeadf9,10c5e2da2fd44849bdf195f4970c6ecf,acb3a77c860641ad,1785511872825185059,1785511872826327039,1785511872829585440,1785511872837737336,1785511872984151036,1785511875040015777,1.14198,3.258401,4.400381,154.565596,66.3182174516129,2210.430337,32,32,32,32,32,32,32,True,200,phase2-full-grid-rerun-20260731-l4-l4-tp1-f2040-i32-o32-r10-rep3-seg1-attempt2-00289-7d1cdfbeadf9,success,False,False,0,1,11723,
phase2-full-grid-rerun-20260731-l4-l4-tp1-f2040-i32-o32-r10-rep3-seg1-attempt2,290,phase2-full-grid-rerun-20260731-l4-l4-tp1-f2040-i32-o32-r10-rep3-seg1-attempt2-00290-0cc42d0e8ac6,21381ed21d7e42b2b965794109a29701,d54d3bc616f4400a,1785511872925185059,1785511872926151319,1785511872928909029,1785511872937226410,1785511873114947404,1785511875173203934,0.96626,2.75771,3.72397,186.038375,66.39537193548388,2244.294905,32,32,32,32,32,32,32,True,200,phase2-full-grid-rerun-20260731-l4-l4-tp1-f2040-i32-o32-r10-rep3-seg1-attempt2-00290-0cc42d0e8ac6,success,False,False,0,1,11707,
phase2-full-grid-rerun-20260731-l4-l4-tp1-f2040-i32-o32-r10-rep3-seg1-attempt2,291,phase2-full-grid-rerun-20260731-l4-l4-tp1-f2040-i32-o32-r10-rep3-seg1-attempt2-00291-d5ea0cc2ebe4,f5505cf07d0b412fbded18f12482a2e9,6f5cc9f7ff5b4a16,1785511873025185059,1785511873025918863,1785511873028110177,1785511873035781539,1785511873183947894,1785511875243100531,0.733804,2.191314,2.925118,155.837717,66.42427861290324,2214.990354,32,32,32,32,32,32,32,True,200,phase2-full-grid-rerun-20260731-l4-l4-tp1-f2040-i32-o32-r10-rep3-seg1-attempt2-00291-d5ea0cc2ebe4,success,False,False,0,1,11710,
phase2-full-grid-rerun-20260731-l4-l4-tp1-f2040-i32-o32-r10-rep3-seg1-attempt2,292,phase2-full-grid-rerun-20260731-l4-l4-tp1-f2040-i32-o32-r10-rep3-seg1-attempt2-00292-fc50d64439f4,83d0e509af674df4b24ba388e965293b,ca96c35b320b4ee7,1785511873125185059,1785511873125558338,1785511873127889561,1785511873135795710,1785511873313441032,1785511875371675485,0.373279,2.331223,2.704502,185.551471,66.39465977419356,2243.785924,32,32,32,32,32,32,32,True,200,phase2-full-grid-rerun-20260731-l4-l4-tp1-f2040-i32-o32-r10-rep3-seg1-attempt2-00292-fc50d64439f4,success,False,False,0,1,11726,
phase2-full-grid-rerun-20260731-l4-l4-tp1-f2040-i32-o32-r10-rep3-seg1-attempt2,293,phase2-full-grid-rerun-20260731-l4-l4-tp1-f2040-i32-o32-r10-rep3-seg1-attempt2-00293-83ea12f8e74a,a47b98e037014bb5bd635566e8e4dc91,7dce8250c76142c1,1785511873225185059,1785511873226392625,1785511873229744232,1785511873238300353,1785511873392244171,1785511875439039892,1.207566,3.351607,4.559173,162.499939,66.02566841935484,2209.29566,32,32,32,32,32,32,32,True,200,phase2-full-grid-rerun-20260731-l4-l4-tp1-f2040-i32-o32-r10-rep3-seg1-attempt2-00293-83ea12f8e74a,success,False,False,0,1,11768,
phase2-full-grid-rerun-20260731-l4-l4-tp1-f2040-i32-o32-r10-rep3-seg1-attempt2,294,phase2-full-grid-rerun-20260731-l4-l4-tp1-f2040-i32-o32-r10-rep3-seg1-attempt2-00294-b59b528e0b0a,7321b6cd6be14e94bcaaf9d5f98676db,543e733d8fab487b,1785511873325185059,1785511873325489932,1785511873328379351,1785511873337042248,1785511873513224003,1785511875571115382,0.304873,2.889419,3.194292,184.844652,66.38359287096775,2242.736031,32,32,32,32,32,32,32,True,200,phase2-full-grid-rerun-20260731-l4-l4-tp1-f2040-i32-o32-r10-rep3-seg1-attempt2-00294-b59b528e0b0a,success,False,False,0,1,11747,
phase2-full-grid-rerun-20260731-l4-l4-tp1-f2040-i32-o32-r10-rep3-seg1-attempt2,295,phase2-full-grid-rerun-20260731-l4-l4-tp1-f2040-i32-o32-r10-rep3-seg1-attempt2-00295-aec131a00079,860139f7716648a597e14e230aa84df8,f36480c4f36a47b9,1785511873425185059,1785511873425868641,1785511873429119452,1785511873437329894,1785511873579557615,1785511875635192604,0.683582,3.250811,3.934393,150.438163,66.3108060967742,2206.073152,32,32,32,32,32,32,32,True,200,phase2-full-grid-rerun-20260731-l4-l4-tp1-f2040-i32-o32-r10-rep3-seg1-attempt2-00295-aec131a00079,success,False,False,0,1,11711,
phase2-full-grid-rerun-20260731-l4-l4-tp1-f2040-i32-o32-r10-rep3-seg1-attempt2,296,phase2-full-grid-rerun-20260731-l4-l4-tp1-f2040-i32-o32-r10-rep3-seg1-attempt2-00296-3f8902f852ba,6ca3ca7d0b224ed9a972390ebf903f1b,7297458e77cc4e74,1785511873525185059,1785511873526586466,1785511873529515094,1785511873538005672,1785511873712957827,1785511875769666529,1.401407,2.928628,4.330035,183.442733,66.34544199999999,2240.151435,32,32,32,32,32,32,32,True,200,phase2-full-grid-rerun-20260731-l4-l4-tp1-f2040-i32-o32-r10-rep3-seg1-attempt2-00296-3f8902f852ba,success,False,False,0,1,11689,
phase2-full-grid-rerun-20260731-l4-l4-tp1-f2040-i32-o32-r10-rep3-seg1-attempt2,297,phase2-full-grid-rerun-20260731-l4-l4-tp1-f2040-i32-o32-r10-rep3-seg1-attempt2-00297-c1acfadbdad7,c286154274874424838d6410e08a14f5,73ab70acf2574f01,1785511873625185059,1785511873626101581,1785511873629366655,1785511873637940756,1785511873845823640,1785511875907272345,0.916522,3.265074,4.181596,216.456985,66.49834532258063,2277.90569,32,32,32,32,32,32,32,True,200,phase2-full-grid-rerun-20260731-l4-l4-tp1-f2040-i32-o32-r10-rep3-seg1-attempt2-00297-c1acfadbdad7,success,False,False,0,1,11734,
phase2-full-grid-rerun-20260731-l4-l4-tp1-f2040-i32-o32-r10-rep3-seg1-attempt2,298,phase2-full-grid-rerun-20260731-l4-l4-tp1-f2040-i32-o32-r10-rep3-seg1-attempt2-00298-f0a66a65d3f0,42aa3426a8564e9cadfe314722358338,fea88827d1d14590,1785511873725185059,1785511873727072812,1785511873729968877,1785511873738163550,1785511873911714585,1785511875968872892,1.887753,2.896065,4.783818,181.745708,66.35994538709677,2238.904015,32,32,32,32,32,32,32,True,200,phase2-full-grid-rerun-20260731-l4-l4-tp1-f2040-i32-o32-r10-rep3-seg1-attempt2-00298-f0a66a65d3f0,success,False,False,0,1,11736,
phase2-full-grid-rerun-20260731-l4-l4-tp1-f2040-i32-o32-r10-rep3-seg1-attempt2,299,phase2-full-grid-rerun-20260731-l4-l4-tp1-f2040-i32-o32-r10-rep3-seg1-attempt2-00299-667cf47f9e25,5a28dc6f552248ff8f172336cd29026f,45aa064ba546467b,1785511873825185059,1785511873825602469,1785511873828747966,1785511873837298534,1785511874048855933,1785511876102194668,0.41741,3.145497,3.562907,220.107967,66.23673338709676,2273.446702,32,32,32,32,32,32,32,True,200,phase2-full-grid-rerun-20260731-l4-l4-tp1-f2040-i32-o32-r10-rep3-seg1-attempt2-00299-667cf47f9e25,success,False,False,0,1,11695,
phase2-full-grid-rerun-20260731-l4-l4-tp1-f2040-i32-o32-r10-rep3-seg1-attempt2,300,phase2-full-grid-rerun-20260731-l4-l4-tp1-f2040-i32-o32-r10-rep3-seg1-attempt2-00300-87eaa2542450,69e77ee42f714d23864266bd9bb40bd1,791b0c092fcc4216,1785511873925185059,1785511873926097393,1785511873928984541,1785511873937857070,1785511874110781098,1785511876167693376,0.912334,2.887148,3.799482,181.796557,66.35200896774192,2238.708835,32,32,32,32,32,32,32,True,200,phase2-full-grid-rerun-20260731-l4-l4-tp1-f2040-i32-o32-r10-rep3-seg1-attempt2-00300-87eaa2542450,success,False,False,0,1,11690,
phase2-full-grid-rerun-20260731-l4-l4-tp1-f2040-i32-o32-r10-rep3-seg1-attempt2,301,phase2-full-grid-rerun-20260731-l4-l4-tp1-f2040-i32-o32-r10-rep3-seg1-attempt2-00301-2e1091d096e4,2edcabebd274456a99877f57afdf67ee,fe4894213ecc4b99,1785511874025185059,1785511874027694009,1785511874035046312,1785511874062743474,1785511874241784622,1785511876301120331,2.50895,7.352303,9.861253,206.73831,66.43018416129033,2266.074019,32,32,32,32,32,32,32,True,200,phase2-full-grid-rerun-20260731-l4-l4-tp1-f2040-i32-o32-r10-rep3-seg1-attempt2-00301-2e1091d096e4,success,False,False,0,1,11680,
phase2-full-grid-rerun-20260731-l4-l4-tp1-f2040-i32-o32-r10-rep3-seg1-attempt2,302,phase2-full-grid-rerun-20260731-l4-l4-tp1-f2040-i32-o32-r10-rep3-seg1-attempt2-00302-a6c700f79c32,c6fd00be00d34110a61911aaafd4d680,e47a350131014604,1785511874125185059,1785511874126209508,1785511874129312355,1785511874138215090,1785511874309112995,1785511876368968932,1.024449,3.102847,4.127296,179.80064,66.44696570967741,2239.656577,32,32,32,32,32,32,32,True,200,phase2-full-grid-rerun-20260731-l4-l4-tp1-f2040-i32-o32-r10-rep3-seg1-attempt2-00302-a6c700f79c32,success,False,False,0,1,11690,
phase2-full-grid-rerun-20260731-l4-l4-tp1-f2040-i32-o32-r10-rep3-seg1-attempt2,303,phase2-full-grid-rerun-20260731-l4-l4-tp1-f2040-i32-o32-r10-rep3-seg1-attempt2-00303-b4385f2e7284,34ed3c30fb0c49149aae470ac2fa52b8,893411ffd66c4390,1785511874225185059,1785511874225942660,1785511874228765235,1785511874236754849,1785511874451323853,1785511876511060649,0.757601,2.822575,3.580176,222.558618,66.44312245161291,2282.295414,32,32,32,32,32,32,32,True,200,phase2-full-grid-rerun-20260731-l4-l4-tp1-f2040-i32-o32-r10-rep3-seg1-attempt2-00303-b4385f2e7284,success,False,False,0,1,11736,
phase2-full-grid-rerun-20260731-l4-l4-tp1-f2040-i32-o32-r10-rep3-seg1-attempt2,304,phase2-full-grid-rerun-20260731-l4-l4-tp1-f2040-i32-o32-r10-rep3-seg1-attempt2-00304-96e800afe35d,a6636945440c49e8aef878bb6e363b84,6e50dbb6a24648c0,1785511874325185059,1785511874327132288,1785511874329969563,1785511874337767566,1785511874507581425,1785511876566064940,1.947229,2.837275,4.784504,177.611862,66.40269403225805,2236.095377,32,32,32,32,32,32,32,True,200,phase2-full-grid-rerun-20260731-l4-l4-tp1-f2040-i32-o32-r10-rep3-seg1-attempt2-00304-96e800afe35d,success,False,False,0,1,11727,
phase2-full-grid-rerun-20260731-l4-l4-tp1-f2040-i32-o32-r10-rep3-seg1-attempt2,305,phase2-full-grid-rerun-20260731-l4-l4-tp1-f2040-i32-o32-r10-rep3-seg1-attempt2-00305-130f6dd4a5a4,eb419b35e2f343ad8af50a8412d2e801,55f7b765695d4aed,1785511874425185059,1785511874425528335,1785511874428630551,1785511874436576844,1785511874641437475,1785511876699748840,0.343276,3.102216,3.445492,212.806924,66.39714080645162,2271.118289,32,32,32,32,32,32,32,True,200,phase2-full-grid-rerun-20260731-l4-l4-tp1-f2040-i32-o32-r10-rep3-seg1-attempt2-00305-130f6dd4a5a4,success,False,False,0,1,11746,
phase2-full-grid-rerun-20260731-l4-l4-tp1-f2040-i32-o32-r10-rep3-seg1-attempt2,306,phase2-full-grid-rerun-20260731-l4-l4-tp1-f2040-i32-o32-r10-rep3-seg1-attempt2-00306-4d6be8c3cd0b,01130fe11aa240bab364857a467bc4e5,094d5b4ac9db477d,1785511874525185059,1785511874525937100,1785511874528336562,1785511874535756325,1785511874706955561,1785511876765065181,0.752041,2.399462,3.151503,178.618999,66.39063290322581,2236.728619,32,32,32,32,32,32,32,True,200,phase2-full-grid-rerun-20260731-l4-l4-tp1-f2040-i32-o32-r10-rep3-seg1-attempt2-00306-4d6be8c3cd0b,success,False,False,0,1,11723,
phase2-full-grid-rerun-20260731-l4-l4-tp1-f2040-i32-o32-r10-rep3-seg1-attempt2,307,phase2-full-grid-rerun-20260731-l4-l4-tp1-f2040-i32-o32-r10-rep3-seg1-attempt2-00307-18fdf442fa81,6dd9c2ae5cf74c9f97e3ddffc9dc0f25,776842934c5540ad,1785511874625185059,1785511874625898639,1785511874628819639,1785511874636531171,1785511874841696384,1785511876903029230,0.71358,2.921,3.63458,212.876745,66.49460793548387,2274.209591,32,32,32,32,32,32,32,True,200,phase2-full-grid-rerun-20260731-l4-l4-tp1-f2040-i32-o32-r10-rep3-seg1-attempt2-00307-18fdf442fa81,success,False,False,0,1,11692,
phase2-full-grid-rerun-20260731-l4-l4-tp1-f2040-i32-o32-r10-rep3-seg1-attempt2,308,phase2-full-grid-rerun-20260731-l4-l4-tp1-f2040-i32-o32-r10-rep3-seg1-attempt2-00308-fbf0d13df0f6,1d54d4bfb7c146a0a8f2285cf3e2d26e,2c81c8df271d42a2,1785511874725185059,1785511874726270005,1785511874729440017,1785511874737673415,1785511874905887991,1785511876964255664,1.084946,3.170012,4.254958,176.447974,66.3989571935484,2234.815647,32,32,32,32,32,32,32,True,200,phase2-full-grid-rerun-20260731-l4-l4-tp1-f2040-i32-o32-r10-rep3-seg1-attempt2-00308-fbf0d13df0f6,success,False,False,0,1,11695,
phase2-full-grid-rerun-20260731-l4-l4-tp1-f2040-i32-o32-r10-rep3-seg1-attempt2,309,phase2-full-grid-rerun-20260731-l4-l4-tp1-f2040-i32-o32-r10-rep3-seg1-attempt2-00309-cb6c1880fea7,17bf6f2aec31403f875341fc1e78f594,55dcac00804b4823,1785511874825185059,1785511874826135062,1785511874829399488,1785511874856143456,1785511875050895466,1785511877102661253,0.950003,3.264426,4.214429,221.495978,66.18599312903225,2273.261765,32,32,32,32,32,32,32,True,200,phase2-full-grid-rerun-20260731-l4-l4-tp1-f2040-i32-o32-r10-rep3-seg1-attempt2-00309-cb6c1880fea7,success,False,False,0,1,11715,
phase2-full-grid-rerun-20260731-l4-l4-tp1-f2040-i32-o32-r10-rep3-seg1-attempt2,310,phase2-full-grid-rerun-20260731-l4-l4-tp1-f2040-i32-o32-r10-rep3-seg1-attempt2-00310-a2bb3840691e,3ae39abb99fa4472ba446de260ca790e,bea45a34d9694670,1785511874925185059,1785511874926313847,1785511874929449100,1785511874937710285,1785511875106143191,1785511877165031159,1.128788,3.135253,4.264041,176.694091,66.41574090322581,2235.582059,32,32,32,32,32,32,32,True,200,phase2-full-grid-rerun-20260731-l4-l4-tp1-f2040-i32-o32-r10-rep3-seg1-attempt2-00310-a2bb3840691e,success,False,False,0,1,11742,
phase2-full-grid-rerun-20260731-l4-l4-tp1-f2040-i32-o32-r10-rep3-seg1-attempt2,311,phase2-full-grid-rerun-20260731-l4-l4-tp1-f2040-i32-o32-r10-rep3-seg1-attempt2-00311-35a9fe7a4dda,81ed0a5229c74f0dafda53ec1163ecbb,532da4692afe468e,1785511875025185059,1785511875026190690,1785511875029316022,1785511875053021585,1785511875238610452,1785511877297351499,1.005631,3.125332,4.130963,209.29443,66.41100151612903,2268.035477,32,32,32,32,32,32,32,True,200,phase2-full-grid-rerun-20260731-l4-l4-tp1-f2040-i32-o32-r10-rep3-seg1-attempt2-00311-35a9fe7a4dda,success,False,False,0,1,11732,
phase2-full-grid-rerun-20260731-l4-l4-tp1-f2040-i32-o32-r10-rep3-seg1-attempt2,312,phase2-full-grid-rerun-20260731-l4-l4-tp1-f2040-i32-o32-r10-rep3-seg1-attempt2-00312-cbba60b5f729,1a4128cc283e4a38ada8097fea4ea9a9,c3da7f9de69f4f01,1785511875125185059,1785511875125983863,1785511875129195315,1785511875137717700,1785511875304096072,1785511877362913726,0.798804,3.211452,4.010256,174.900757,66.41347270967742,2233.718411,32,32,32,32,32,32,32,True,200,phase2-full-grid-rerun-20260731-l4-l4-tp1-f2040-i32-o32-r10-rep3-seg1-attempt2-00312-cbba60b5f729,success,False,False,0,1,11694,
phase2-full-grid-rerun-20260731-l4-l4-tp1-f2040-i32-o32-r10-rep3-seg1-attempt2,313,phase2-full-grid-rerun-20260731-l4-l4-tp1-f2040-i32-o32-r10-rep3-seg1-attempt2-00313-b8986cb49f1d,8abe71a368df4f2bb4b13be872824f33,1beb1813a0c94b71,1785511875225185059,1785511875225433856,1785511875228685968,1785511875251952938,1785511875439751220,1785511877503581139,0.248797,3.252112,3.500909,211.065252,66.57515867741935,2274.895171,32,32,32,32,32,32,32,True,200,phase2-full-grid-rerun-20260731-l4-l4-tp1-f2040-i32-o32-r10-rep3-seg1-attempt2-00313-b8986cb49f1d,success,False,False,0,1,11736,
phase2-full-grid-rerun-20260731-l4-l4-tp1-f2040-i32-o32-r10-rep3-seg1-attempt2,314,phase2-full-grid-rerun-20260731-l4-l4-tp1-f2040-i32-o32-r10-rep3-seg1-attempt2-00314-a8a545a81951,6ecefcf966224150918bb32957540a2c,29e6fde8e2664442,1785511875325185059,1785511875326249822,1785511875329422917,1785511875337753043,1785511875504470183,1785511877563770810,1.064763,3.173095,4.237858,175.047266,66.42905248387098,2234.347893,32,32,32,32,32,32,32,True,200,phase2-full-grid-rerun-20260731-l4-l4-tp1-f2040-i32-o32-r10-rep3-seg1-attempt2-00314-a8a545a81951,success,False,False,0,1,11628,
phase2-full-grid-rerun-20260731-l4-l4-tp1-f2040-i32-o32-r10-rep3-seg1-attempt2,315,phase2-full-grid-rerun-20260731-l4-l4-tp1-f2040-i32-o32-r10-rep3-seg1-attempt2-00315-45b29b381e1a,a4c53dd2fc3f434392733b4e661ffc42,a4f4d9c83650494e,1785511875425185059,1785511875425462745,1785511875428604495,1785511875451045786,1785511875645396309,1785511877697251514,0.277686,3.14175,3.419436,216.791814,66.18887758064515,2268.647019,32,32,32,32,32,32,32,True,200,phase2-full-grid-rerun-20260731-l4-l4-tp1-f2040-i32-o32-r10-rep3-seg1-attempt2-00315-45b29b381e1a,success,False,False,0,1,11690,
phase2-full-grid-rerun-20260731-l4-l4-tp1-f2040-i32-o32-r10-rep3-seg1-attempt2,316,phase2-full-grid-rerun-20260731-l4-l4-tp1-f2040-i32-o32-r10-rep3-seg1-attempt2-00316-ab7b5eba508f,5dd3dea6ce4c46538bd201bcdc576370,73252002b661487f,1785511875525185059,1785511875526776024,1785511875529775403,1785511875537854517,1785511875702996266,1785511877762731659,1.590965,2.999379,4.590344,173.220863,66.44307719354839,2232.956256,32,32,32,32,32,32,32,True,200,phase2-full-grid-rerun-20260731-l4-l4-tp1-f2040-i32-o32-r10-rep3-seg1-attempt2-00316-ab7b5eba508f,success,False,False,0,1,11715,
phase2-full-grid-rerun-20260731-l4-l4-tp1-f2040-i32-o32-r10-rep3-seg1-attempt2,317,phase2-full-grid-rerun-20260731-l4-l4-tp1-f2040-i32-o32-r10-rep3-seg1-attempt2-00317-ebc967337b4a,34b7e5d67e494585b5559e4f7f06e2f2,a7885a10cb3a48cc,1785511875625185059,1785511875625790787,1785511875628969356,1785511875648434330,1785511875835962163,1785511877899776187,0.605728,3.178569,3.784297,206.992807,66.57464593548386,2270.806831,32,32,32,32,32,32,32,True,200,phase2-full-grid-rerun-20260731-l4-l4-tp1-f2040-i32-o32-r10-rep3-seg1-attempt2-00317-ebc967337b4a,success,False,False,0,1,11747,
phase2-full-grid-rerun-20260731-l4-l4-tp1-f2040-i32-o32-r10-rep3-seg1-attempt2,318,phase2-full-grid-rerun-20260731-l4-l4-tp1-f2040-i32-o32-r10-rep3-seg1-attempt2-00318-aa6a6e763060,c9f5970318d94a939f9f577f18987ac4,5a58ed18c0e74fd4,1785511875725185059,1785511875725920885,1785511875728867927,1785511875737189821,1785511875902028396,1785511877960188795,0.735826,2.947042,3.682868,173.160469,66.39227093548386,2231.320868,32,32,32,32,32,32,32,True,200,phase2-full-grid-rerun-20260731-l4-l4-tp1-f2040-i32-o32-r10-rep3-seg1-attempt2-00318-aa6a6e763060,success,False,False,0,1,11690,
phase2-full-grid-rerun-20260731-l4-l4-tp1-f2040-i32-o32-r10-rep3-seg1-attempt2,319,phase2-full-grid-rerun-20260731-l4-l4-tp1-f2040-i32-o32-r10-rep3-seg1-attempt2-00319-3a1b24ff0330,84bc51d3a1d04ecabaec6a9146872157,07bbb27672db4057,1785511875825185059,1785511875826364962,1785511875829545890,1785511875838567229,1785511876035610730,1785511878095822795,1.179903,3.180928,4.360831,206.06484,66.45845370967743,2266.276905,32,32,32,32,32,32,32,True,200,phase2-full-grid-rerun-20260731-l4-l4-tp1-f2040-i32-o32-r10-rep3-seg1-attempt2-00319-3a1b24ff0330,success,False,False,0,1,11752,
phase2-full-grid-rerun-20260731-l4-l4-tp1-f2040-i32-o32-r10-rep3-seg1-attempt2,320,phase2-full-grid-rerun-20260731-l4-l4-tp1-f2040-i32-o32-r10-rep3-seg1-attempt2-00320-58a981f10ef5,5ae590ec97e74fd4a1819835c10e54e8,51d90373f31a4a3e,1785511875925185059,1785511875927084956,1785511875929974112,1785511875938263383,1785511876112220664,1785511878161219754,1.899897,2.889156,4.789053,182.246552,66.09674483870967,2231.245642,32,32,32,32,32,32,32,True,200,phase2-full-grid-rerun-20260731-l4-l4-tp1-f2040-i32-o32-r10-rep3-seg1-attempt2-00320-58a981f10ef5,success,False,False,0,1,11693,
phase2-full-grid-rerun-20260731-l4-l4-tp1-f2040-i32-o32-r10-rep3-seg1-attempt2,321,phase2-full-grid-rerun-20260731-l4-l4-tp1-f2040-i32-o32-r10-rep3-seg1-attempt2-00321-4cbb234bc1d1,1d091123f76949cc80889786db162588,7e7a0840d2184188,1785511876025185059,1785511876026315461,1785511876029487051,1785511876038089498,1785511876233659166,1785511878294818534,1.130402,3.17159,4.301992,204.172115,66.48901187096774,2265.331483,32,32,32,32,32,32,32,True,200,phase2-full-grid-rerun-20260731-l4-l4-tp1-f2040-i32-o32-r10-rep3-seg1-attempt2-00321-4cbb234bc1d1,success,False,False,0,1,11762,
phase2-full-grid-rerun-20260731-l4-l4-tp1-f2040-i32-o32-r10-rep3-seg1-attempt2,322,phase2-full-grid-rerun-20260731-l4-l4-tp1-f2040-i32-o32-r10-rep3-seg1-attempt2-00322-3232e920808d,d2a6679671f341d9ac7e73f527014e49,e30fd1f12af34214,1785511876125185059,1785511876126274262,1785511876128781533,1785511876136575070,1785511876301613521,1785511878359681206,1.089203,2.507271,3.596474,172.831988,66.38928016129032,2230.899673,32,32,32,32,32,32,32,True,200,phase2-full-grid-rerun-20260731-l4-l4-tp1-f2040-i32-o32-r10-rep3-seg1-attempt2-00322-3232e920808d,success,False,False,0,1,11719,
phase2-full-grid-rerun-20260731-l4-l4-tp1-f2040-i32-o32-r10-rep3-seg1-attempt2,323,phase2-full-grid-rerun-20260731-l4-l4-tp1-f2040-i32-o32-r10-rep3-seg1-attempt2-00323-a33ad5eb81df,c39e9c8a1ed54aa9af9413f57bce8095,330fbbea385d4ccd,1785511876225185058,1785511876225555144,1785511876228255282,1785511876236417258,1785511876434822784,1785511878495685174,0.370086,2.700138,3.070224,206.567502,66.47943193548386,2267.429892,32,32,32,32,32,32,32,True,200,phase2-full-grid-rerun-20260731-l4-l4-tp1-f2040-i32-o32-r10-rep3-seg1-attempt2-00323-a33ad5eb81df,success,False,False,0,1,11692,
phase2-full-grid-rerun-20260731-l4-l4-tp1-f2040-i32-o32-r10-rep3-seg1-attempt2,324,phase2-full-grid-rerun-20260731-l4-l4-tp1-f2040-i32-o32-r10-rep3-seg1-attempt2-00324-8cacdc14c69f,336b8d3553f942818a61c4cf12be9830,9e09cd7e75794a0a,1785511876325185059,1785511876326164277,1785511876328800393,1785511876337295429,1785511876505341310,1785511878558461893,0.979218,2.636116,3.615334,176.540917,66.22969622580645,2229.6615,32,32,32,32,32,32,32,True,200,phase2-full-grid-rerun-20260731-l4-l4-tp1-f2040-i32-o32-r10-rep3-seg1-attempt2-00324-8cacdc14c69f,success,False,False,0,1,11776,
phase2-full-grid-rerun-20260731-l4-l4-tp1-f2040-i32-o32-r10-rep3-seg1-attempt2,325,phase2-full-grid-rerun-20260731-l4-l4-tp1-f2040-i32-o32-r10-rep3-seg1-attempt2-00325-11da0d6538ff,7ba91b8dc13b47ecb9b7cdef9ee01f72,3f9da7512a50497b,1785511876425185059,1785511876425531125,1785511876428772828,1785511876438128709,1785511876635416487,1785511878695969812,0.346066,3.241703,3.587769,206.643659,66.4694620967742,2267.196984,32,32,32,32,32,32,32,True,200,phase2-full-grid-rerun-20260731-l4-l4-tp1-f2040-i32-o32-r10-rep3-seg1-attempt2-00325-11da0d6538ff,success,False,False,0,1,11710,
phase2-full-grid-rerun-20260731-l4-l4-tp1-f2040-i32-o32-r10-rep3-seg1-attempt2,326,phase2-full-grid-rerun-20260731-l4-l4-tp1-f2040-i32-o32-r10-rep3-seg1-attempt2-00326-c865aa929489,bf21c80711164c57894c4ae3ae391f15,3c59ccaa47164c34,1785511876525185059,1785511876526128350,1785511876528204694,1785511876536285038,1785511876711509820,1785511878759527400,0.943291,2.076344,3.019635,183.305126,66.06508322580646,2231.322706,32,32,32,32,32,32,32,True,200,phase2-full-grid-rerun-20260731-l4-l4-tp1-f2040-i32-o32-r10-rep3-seg1-attempt2-00326-c865aa929489,success,False,False,0,1,11682,
phase2-full-grid-rerun-20260731-l4-l4-tp1-f2040-i32-o32-r10-rep3-seg1-attempt2,327,phase2-full-grid-rerun-20260731-l4-l4-tp1-f2040-i32-o32-r10-rep3-seg1-attempt2-00327-7421575683fa,0870ce82d901421ea965352d2c0479d5,3dddddb077e04ccc,1785511876625185059,1785511876625689699,1785511876628767962,1785511876637983062,1785511876835214645,1785511878891829400,0.50464,3.078263,3.582903,206.446683,66.3424114516129,2263.061438,32,32,32,32,32,32,32,True,200,phase2-full-grid-rerun-20260731-l4-l4-tp1-f2040-i32-o32-r10-rep3-seg1-attempt2-00327-7421575683fa,success,False,False,0,1,11716,
phase2-full-grid-rerun-20260731-l4-l4-tp1-f2040-i32-o32-r10-rep3-seg1-attempt2,328,phase2-full-grid-rerun-20260731-l4-l4-tp1-f2040-i32-o32-r10-rep3-seg1-attempt2-00328-390fcc697f88,fd8a0b44de794c48b3820939bef5f7db,cce23050508c419e,1785511876725185058,1785511876727272268,1785511876730081049,1785511876738250791,1785511876898950891,1785511878957153779,2.08721,2.808781,4.895991,168.869842,66.3936415483871,2227.07273,32,32,32,32,32,32,32,True,200,phase2-full-grid-rerun-20260731-l4-l4-tp1-f2040-i32-o32-r10-rep3-seg1-attempt2-00328-390fcc697f88,success,False,False,0,1,11707,
phase2-full-grid-rerun-20260731-l4-l4-tp1-f2040-i32-o32-r10-rep3-seg1-attempt2,329,phase2-full-grid-rerun-20260731-l4-l4-tp1-f2040-i32-o32-r10-rep3-seg1-attempt2-00329-2bc4fa19a5e8,632b375170ad4307bb4672a4b079ece1,17392afdca4e4ab1,1785511876825185059,1785511876826249780,1785511876829587588,1785511876838349579,1785511877034172105,1785511879093257764,1.064721,3.337808,4.402529,204.584517,66.42211803225806,2263.670176,32,32,32,32,32,32,32,True,200,phase2-full-grid-rerun-20260731-l4-l4-tp1-f2040-i32-o32-r10-rep3-seg1-attempt2-00329-2bc4fa19a5e8,success,False,False,0,1,11739,
phase2-full-grid-rerun-20260731-l4-l4-tp1-f2040-i32-o32-r10-rep3-seg1-attempt2,330,phase2-full-grid-rerun-20260731-l4-l4-tp1-f2040-i32-o32-r10-rep3-seg1-attempt2-00330-fd570ba35a32,18eb5997dafa4f87a599b43c11ec6271,38ccb45fc1074da9,1785511876925185059,1785511876926181800,1785511876928865720,1785511876936650877,1785511877099391368,1785511879157214224,0.996741,2.68392,3.680661,170.525648,66.3813824516129,2228.348504,32,32,32,32,32,32,32,True,200,phase2-full-grid-rerun-20260731-l4-l4-tp1-f2040-i32-o32-r10-rep3-seg1-attempt2-00330-fd570ba35a32,success,False,False,0,1,11690,
phase2-full-grid-rerun-20260731-l4-l4-tp1-f2040-i32-o32-r10-rep3-seg1-attempt2,331,phase2-full-grid-rerun-20260731-l4-l4-tp1-f2040-i32-o32-r10-rep3-seg1-attempt2-00331-ce3ed0698acf,d6372cb84668407c9890067da7ba77b5,a1045297c4494a72,1785511877025185059,1785511877026324828,1785511877029122143,1785511877037201537,1785511877235153097,1785511879289966981,1.139769,2.797315,3.937084,206.030954,66.28431883870968,2260.844838,32,32,32,32,32,32,32,True,200,phase2-full-grid-rerun-20260731-l4-l4-tp1-f2040-i32-o32-r10-rep3-seg1-attempt2-00331-ce3ed0698acf,success,False,False,0,1,11690,
phase2-full-grid-rerun-20260731-l4-l4-tp1-f2040-i32-o32-r10-rep3-seg1-attempt2,332,phase2-full-grid-rerun-20260731-l4-l4-tp1-f2040-i32-o32-r10-rep3-seg1-attempt2-00332-70da0a3e8c55,43cb27e2ab2740c38a1dee82a500cf23,f79d05c5a1db43e7,1785511877125185059,1785511877125705969,1785511877128286596,1785511877135903534,1785511877306914691,1785511879356858443,0.52091,2.580627,3.101537,178.628095,66.12721780645161,2228.571847,32,32,32,32,32,32,32,True,200,phase2-full-grid-rerun-20260731-l4-l4-tp1-f2040-i32-o32-r10-rep3-seg1-attempt2-00332-70da0a3e8c55,success,False,False,0,1,11672,
phase2-full-grid-rerun-20260731-l4-l4-tp1-f2040-i32-o32-r10-rep3-seg1-attempt2,333,phase2-full-grid-rerun-20260731-l4-l4-tp1-f2040-i32-o32-r10-rep3-seg1-attempt2-00333-e9e74f9b562a,fb6f8c91b42e4afdb6a51a5cdbcd23a9,e2ef23f838104fd4,1785511877225185058,1785511877227344193,1785511877230436207,1785511877238906430,1785511877434767261,1785511879493230384,2.159135,3.092014,5.251149,204.331054,66.40203622580646,2262.794177,32,32,32,32,32,32,32,True,200,phase2-full-grid-rerun-20260731-l4-l4-tp1-f2040-i32-o32-r10-rep3-seg1-attempt2-00333-e9e74f9b562a,success,False,False,0,1,11705,
phase2-full-grid-rerun-20260731-l4-l4-tp1-f2040-i32-o32-r10-rep3-seg1-attempt2,334,phase2-full-grid-rerun-20260731-l4-l4-tp1-f2040-i32-o32-r10-rep3-seg1-attempt2-00334-bd3987c33af7,438f776603244b6796a6a1aa54e2f29d,11ee078b7de04ff9,1785511877325185059,1785511877325631432,1785511877328072977,1785511877335526576,1785511877497300352,1785511879554594247,0.446373,2.441545,2.887918,169.227375,66.36431919354838,2226.52127,32,32,32,32,32,32,32,True,200,phase2-full-grid-rerun-20260731-l4-l4-tp1-f2040-i32-o32-r10-rep3-seg1-attempt2-00334-bd3987c33af7,success,False,False,0,1,11701,
phase2-full-grid-rerun-20260731-l4-l4-tp1-f2040-i32-o32-r10-rep3-seg1-attempt2,335,phase2-full-grid-rerun-20260731-l4-l4-tp1-f2040-i32-o32-r10-rep3-seg1-attempt2-00335-2e6970ad7150,fbdf8df977424a1180f89e4a1b443cf5,47e70094dcaf4192,1785511877425185059,1785511877426357294,1785511877429168678,1785511877437181023,1785511877632871493,1785511879688708749,1.172235,2.811384,3.983619,203.702815,66.31733083870967,2259.540071,32,32,32,32,32,32,32,True,200,phase2-full-grid-rerun-20260731-l4-l4-tp1-f2040-i32-o32-r10-rep3-seg1-attempt2-00335-2e6970ad7150,success,False,False,0,1,11784,
phase2-full-grid-rerun-20260731-l4-l4-tp1-f2040-i32-o32-r10-rep3-seg1-attempt2,336,phase2-full-grid-rerun-20260731-l4-l4-tp1-f2040-i32-o32-r10-rep3-seg1-attempt2-00336-629ebba571a9,b8b342ac6a0747c184f25c635d2158d0,a165b53823984905,1785511877525185059,1785511877526982880,1785511877528934355,1785511877536764995,1785511877698045315,1785511879755538252,1.797821,1.951475,3.749296,169.11096,66.37073990322581,2226.603897,32,32,32,32,32,32,32,True,200,phase2-full-grid-rerun-20260731-l4-l4-tp1-f2040-i32-o32-r10-rep3-seg1-attempt2-00336-629ebba571a9,success,False,False,0,1,11741,
phase2-full-grid-rerun-20260731-l4-l4-tp1-f2040-i32-o32-r10-rep3-seg1-attempt2,337,phase2-full-grid-rerun-20260731-l4-l4-tp1-f2040-i32-o32-r10-rep3-seg1-attempt2-00337-62f4507f34cf,479f57a90b5347eeb633f42cc63e6457,9da8afe35cc94a31,1785511877625185059,1785511877625807711,1785511877628248515,1785511877636219035,1785511877835595698,1785511879892290775,0.622652,2.440804,3.063456,207.347183,66.34500248387096,2264.04226,32,32,32,32,32,32,32,True,200,phase2-full-grid-rerun-20260731-l4-l4-tp1-f2040-i32-o32-r10-rep3-seg1-attempt2-00337-62f4507f34cf,success,False,False,0,1,11675,
phase2-full-grid-rerun-20260731-l4-l4-tp1-f2040-i32-o32-r10-rep3-seg1-attempt2,338,phase2-full-grid-rerun-20260731-l4-l4-tp1-f2040-i32-o32-r10-rep3-seg1-attempt2-00338-d3dc23bb1d02,425177c4f24945238d73d0f6f125310d,64c4cdf7631c4fbb,1785511877725185058,1785511877725364866,1785511877727976413,1785511877735572536,1785511877896366212,1785511879954210001,0.179808,2.611547,2.791355,168.389799,66.38205770967743,2226.233588,32,32,32,32,32,32,32,True,200,phase2-full-grid-rerun-20260731-l4-l4-tp1-f2040-i32-o32-r10-rep3-seg1-attempt2-00338-d3dc23bb1d02,success,False,False,0,1,11729,
phase2-full-grid-rerun-20260731-l4-l4-tp1-f2040-i32-o32-r10-rep3-seg1-attempt2,339,phase2-full-grid-rerun-20260731-l4-l4-tp1-f2040-i32-o32-r10-rep3-seg1-attempt2-00339-2d7d466caaa1,0a15fb50ef924e68a4b8e80f519d0600,cb7e5b09db6d46a4,1785511877825185059,1785511877827541867,1785511877830508373,1785511877841062261,1785511878026763932,1785511880087950545,2.356808,2.966506,5.323314,196.255559,66.48989074193548,2257.442172,32,32,32,32,32,32,32,True,200,phase2-full-grid-rerun-20260731-l4-l4-tp1-f2040-i32-o32-r10-rep3-seg1-attempt2-00339-2d7d466caaa1,success,False,False,0,1,11706,
phase2-full-grid-rerun-20260731-l4-l4-tp1-f2040-i32-o32-r10-rep3-seg1-attempt2,340,phase2-full-grid-rerun-20260731-l4-l4-tp1-f2040-i32-o32-r10-rep3-seg1-attempt2-00340-f15e6f9deeea,d64a720d46614d62bc7a86a5d05d5bcc,6a3d942d45534dbe,1785511877925185059,1785511877926898232,1785511877929339136,1785511877937107224,1785511878096204205,1785511880153723162,1.713173,2.440904,4.154077,166.865069,66.37157925806451,2224.384026,32,32,32,32,32,32,32,True,200,phase2-full-grid-rerun-20260731-l4-l4-tp1-f2040-i32-o32-r10-rep3-seg1-attempt2-00340-f15e6f9deeea,success,False,False,0,1,11696,
phase2-full-grid-rerun-20260731-l4-l4-tp1-f2040-i32-o32-r10-rep3-seg1-attempt2,341,phase2-full-grid-rerun-20260731-l4-l4-tp1-f2040-i32-o32-r10-rep3-seg1-attempt2-00341-f0d5af78fb87,3c2fe9afb5f6404682ded1df011ba9be,b5a220b909674b16,1785511878025185059,1785511878030258800,1785511878031904359,1785511878039551601,1785511878224977767,1785511880285918786,5.073741,1.645559,6.7193,193.073408,66.4819683548387,2254.014427,32,32,32,32,32,32,32,True,200,phase2-full-grid-rerun-20260731-l4-l4-tp1-f2040-i32-o32-r10-rep3-seg1-attempt2-00341-f0d5af78fb87,success,False,False,0,1,11735,
phase2-full-grid-rerun-20260731-l4-l4-tp1-f2040-i32-o32-r10-rep3-seg1-attempt2,342,phase2-full-grid-rerun-20260731-l4-l4-tp1-f2040-i32-o32-r10-rep3-seg1-attempt2-00342-e523d2fbc28d,6ac5f0d1cc6e4b2484039f5cbcd04272,e1e6add23b454643,1785511878125185059,1785511878126075237,1785511878128196100,1785511878135637275,1785511878295212855,1785511880352744005,0.890178,2.120863,3.011041,167.016755,66.37197258064515,2224.547905,32,32,32,32,32,32,32,True,200,phase2-full-grid-rerun-20260731-l4-l4-tp1-f2040-i32-o32-r10-rep3-seg1-attempt2-00342-e523d2fbc28d,success,False,False,0,1,11693,
phase2-full-grid-rerun-20260731-l4-l4-tp1-f2040-i32-o32-r10-rep3-seg1-attempt2,343,phase2-full-grid-rerun-20260731-l4-l4-tp1-f2040-i32-o32-r10-rep3-seg1-attempt2-00343-f5876a6582c1,67609a83dfc747158163d5b646836426,38b5de836dde423c,1785511878225185058,1785511878230162246,1785511878231928555,1785511878239197258,1785511878425978809,1785511880489660030,4.977188,1.766309,6.743497,194.050254,66.57036196774193,2257.731475,32,32,32,32,32,32,32,True,200,phase2-full-grid-rerun-20260731-l4-l4-tp1-f2040-i32-o32-r10-rep3-seg1-attempt2-00343-f5876a6582c1,success,False,False,0,1,11767,
phase2-full-grid-rerun-20260731-l4-l4-tp1-f2040-i32-o32-r10-rep3-seg1-attempt2,344,phase2-full-grid-rerun-20260731-l4-l4-tp1-f2040-i32-o32-r10-rep3-seg1-attempt2-00344-1b80b97e47fa,52e392affef84f4fa78420016dc9ba2b,131a8df4a9074a95,1785511878325185059,1785511878325835715,1785511878327922017,1785511878335243308,1785511878495874763,1785511880551542879,0.650656,2.086302,2.736958,167.952746,66.31187470967741,2223.620862,32,32,32,32,32,32,32,True,200,phase2-full-grid-rerun-20260731-l4-l4-tp1-f2040-i32-o32-r10-rep3-seg1-attempt2-00344-1b80b97e47fa,success,False,False,0,1,11692,
phase2-full-grid-rerun-20260731-l4-l4-tp1-f2040-i32-o32-r10-rep3-seg1-attempt2,345,phase2-full-grid-rerun-20260731-l4-l4-tp1-f2040-i32-o32-r10-rep3-seg1-attempt2-00345-43a22c82e16e,6679247456c7409f9c91e14230007325,091f5828d3a640fb,1785511878425185059,1785511878429116316,1785511878430800787,1785511878438218128,1785511878624225453,1785511880685576995,3.931257,1.684471,5.615728,193.424666,66.49521103225806,2254.776208,32,32,32,32,32,32,32,True,200,phase2-full-grid-rerun-20260731-l4-l4-tp1-f2040-i32-o32-r10-rep3-seg1-attempt2-00345-43a22c82e16e,success,False,False,0,1,11737,
phase2-full-grid-rerun-20260731-l4-l4-tp1-f2040-i32-o32-r10-rep3-seg1-attempt2,346,phase2-full-grid-rerun-20260731-l4-l4-tp1-f2040-i32-o32-r10-rep3-seg1-attempt2-00346-f4b183ac6526,c1bd17277d524d73821a88b586323508,a09550cc62104545,1785511878525185059,1785511878525462555,1785511878527825270,1785511878535881998,1785511878692585310,1785511880750729894,0.277496,2.362715,2.640211,164.76004,66.39176077419356,2222.904624,32,32,32,32,32,32,32,True,200,phase2-full-grid-rerun-20260731-l4-l4-tp1-f2040-i32-o32-r10-rep3-seg1-attempt2-00346-f4b183ac6526,success,False,False,0,1,11695,
phase2-full-grid-rerun-20260731-l4-l4-tp1-f2040-i32-o32-r10-rep3-seg1-attempt2,347,phase2-full-grid-rerun-20260731-l4-l4-tp1-f2040-i32-o32-r10-rep3-seg1-attempt2-00347-aa561ce7797e,e9f44c24ba2a45118d69960e4d17af41,9a505e21b7af4e1f,1785511878625185059,1785511878628120402,1785511878629458575,1785511878636694164,1785511878823156798,1785511880884350339,2.935343,1.338173,4.273516,193.698223,66.49011422580645,2254.891764,32,32,32,32,32,32,32,True,200,phase2-full-grid-rerun-20260731-l4-l4-tp1-f2040-i32-o32-r10-rep3-seg1-attempt2-00347-aa561ce7797e,success,False,False,0,1,11714,
phase2-full-grid-rerun-20260731-l4-l4-tp1-f2040-i32-o32-r10-rep3-seg1-attempt2,348,phase2-full-grid-rerun-20260731-l4-l4-tp1-f2040-i32-o32-r10-rep3-seg1-attempt2-00348-ec849187d064,c5a6b4f7b7c1477e9abeb4d90987478c,12915a659aa544b6,1785511878725185059,1785511878725805416,1785511878728141749,1785511878735657862,1785511878901583123,1785511880950781239,0.620357,2.336333,2.95669,173.441374,66.10316503225806,2222.63949,32,32,32,32,32,32,32,True,200,phase2-full-grid-rerun-20260731-l4-l4-tp1-f2040-i32-o32-r10-rep3-seg1-attempt2-00348-ec849187d064,success,False,False,0,1,11696,
phase2-full-grid-rerun-20260731-l4-l4-tp1-f2040-i32-o32-r10-rep3-seg1-attempt2,349,phase2-full-grid-rerun-20260731-l4-l4-tp1-f2040-i32-o32-r10-rep3-seg1-attempt2-00349-b7c84b379399,31361d8fc1f94dcb9f72314b1d822db5,5cfdd905d77346f8,1785511878825185059,1785511878827820455,1785511878829832462,1785511878837376273,1785511879023981246,1785511881087879886,2.635396,2.012007,4.647403,194.148784,66.57737548387097,2258.047424,32,32,32,32,32,32,32,True,200,phase2-full-grid-rerun-20260731-l4-l4-tp1-f2040-i32-o32-r10-rep3-seg1-attempt2-00349-b7c84b379399,success,False,False,0,1,11688,
phase2-full-grid-rerun-20260731-l4-l4-tp1-f2040-i32-o32-r10-rep3-seg1-attempt2,350,phase2-full-grid-rerun-20260731-l4-l4-tp1-f2040-i32-o32-r10-rep3-seg1-attempt2-00350-6a8b284369ae,0b4b84a5705f4e56ac9a9ef295f4a689,50a032a09deb40a8,1785511878925185059,1785511878925855673,1785511878928867554,1785511878936203413,1785511879090701089,1785511881148897802,0.670614,3.011881,3.682495,161.833535,66.3934423548387,2220.030248,32,32,32,32,32,32,32,True,200,phase2-full-grid-rerun-20260731-l4-l4-tp1-f2040-i32-o32-r10-rep3-seg1-attempt2-00350-6a8b284369ae,success,False,False,0,1,11709,
phase2-full-grid-rerun-20260731-l4-l4-tp1-f2040-i32-o32-r10-rep3-seg1-attempt2,351,phase2-full-grid-rerun-20260731-l4-l4-tp1-f2040-i32-o32-r10-rep3-seg1-attempt2-00351-33f1d832286b,e1dcc6d961134b1a85bd2ae16afa3fde,1361cec19fa64c57,1785511879025185059,1785511879025850888,1785511879027444562,1785511879034274095,1785511879221806854,1785511881283367718,0.665829,1.593674,2.259503,194.362292,66.50196335483871,2255.923156,32,32,32,32,32,32,32,True,200,phase2-full-grid-rerun-20260731-l4-l4-tp1-f2040-i32-o32-r10-rep3-seg1-attempt2-00351-33f1d832286b,success,False,False,0,1,11690,
phase2-full-grid-rerun-20260731-l4-l4-tp1-f2040-i32-o32-r10-rep3-seg1-attempt2,352,phase2-full-grid-rerun-20260731-l4-l4-tp1-f2040-i32-o32-r10-rep3-seg1-attempt2-00352-4ee9b04102ae,455ba0dd545340a18b9b6005fdfb1696,3a6782c47c2e42b5,1785511879125185059,1785511879125947933,1785511879128529563,1785511879136280924,1785511879290559239,1785511881348149925,0.762874,2.58163,3.344504,162.029676,66.3738930967742,2219.620362,32,32,32,32,32,32,32,True,200,phase2-full-grid-rerun-20260731-l4-l4-tp1-f2040-i32-o32-r10-rep3-seg1-attempt2-00352-4ee9b04102ae,success,False,False,0,1,11738,
phase2-full-grid-rerun-20260731-l4-l4-tp1-f2040-i32-o32-r10-rep3-seg1-attempt2,353,phase2-full-grid-rerun-20260731-l4-l4-tp1-f2040-i32-o32-r10-rep3-seg1-attempt2-00353-bc7b1bca0edd,e6c012561911440daea62af119f647d0,92c81f68a0374d3f,1785511879225185059,1785511879226146249,1785511879227888820,1785511879235634031,1785511879422390189,1785511881486503497,0.96119,1.742571,2.703761,194.501369,66.58430025806452,2258.614677,32,32,32,32,32,32,32,True,200,phase2-full-grid-rerun-20260731-l4-l4-tp1-f2040-i32-o32-r10-rep3-seg1-attempt2-00353-bc7b1bca0edd,success,False,False,0,1,11765,
phase2-full-grid-rerun-20260731-l4-l4-tp1-f2040-i32-o32-r10-rep3-seg1-attempt2,354,phase2-full-grid-rerun-20260731-l4-l4-tp1-f2040-i32-o32-r10-rep3-seg1-attempt2-00354-f6f8fd4673ee,7c95a43f59414a04a0396e78510fbd82,41924c1fa236411d,1785511879325185059,1785511879326243183,1785511879328959790,1785511879336309676,1785511879488915245,1785511881547037214,1.058124,2.716607,3.774731,159.955455,66.39103125806452,2218.077424,32,32,32,32,32,32,32,True,200,phase2-full-grid-rerun-20260731-l4-l4-tp1-f2040-i32-o32-r10-rep3-seg1-attempt2-00354-f6f8fd4673ee,success,False,False,0,1,11686,
phase2-full-grid-rerun-20260731-l4-l4-tp1-f2040-i32-o32-r10-rep3-seg1-attempt2,355,phase2-full-grid-rerun-20260731-l4-l4-tp1-f2040-i32-o32-r10-rep3-seg1-attempt2-00355-4bb2421fe928,0424fb64e56f437cbd13c8205c594fb1,c5cd2441fea64615,1785511879425185059,1785511879425654047,1785511879427453181,1785511879434897352,1785511879621764132,1785511881685951172,0.468988,1.799134,2.268122,194.310951,66.58667870967741,2258.497991,32,32,32,32,32,32,32,True,200,phase2-full-grid-rerun-20260731-l4-l4-tp1-f2040-i32-o32-r10-rep3-seg1-attempt2-00355-4bb2421fe928,success,False,False,0,1,11692,
phase2-full-grid-rerun-20260731-l4-l4-tp1-f2040-i32-o32-r10-rep3-seg1-attempt2,356,phase2-full-grid-rerun-20260731-l4-l4-tp1-f2040-i32-o32-r10-rep3-seg1-attempt2-00356-0726496382f9,52300deab341428692cd5107deb03ffb,830b7916aa9c4d01,1785511879525185059,1785511879525662927,1785511879527164293,1785511879534819830,1785511879698680765,1785511881747968686,0.477868,1.501366,1.979234,171.516472,66.10606196774194,2220.804393,32,32,32,32,32,32,32,True,200,phase2-full-grid-rerun-20260731-l4-l4-tp1-f2040-i32-o32-r10-rep3-seg1-attempt2-00356-0726496382f9,success,False,False,0,1,11752,
phase2-full-grid-rerun-20260731-l4-l4-tp1-f2040-i32-o32-r10-rep3-seg1-attempt2,357,phase2-full-grid-rerun-20260731-l4-l4-tp1-f2040-i32-o32-r10-rep3-seg1-attempt2-00357-9f078a5207d4,5e39304091a348d2a76b630b78908337,1e48e2ce0dfa4631,1785511879625185059,1785511879625793420,1785511879627522934,1785511879635336105,1785511879819402849,1785511881881010656,0.608361,1.729514,2.337875,191.879915,66.50347764516128,2253.487722,32,32,32,32,32,32,32,True,200,phase2-full-grid-rerun-20260731-l4-l4-tp1-f2040-i32-o32-r10-rep3-seg1-attempt2-00357-9f078a5207d4,success,False,False,0,1,11728,
phase2-full-grid-rerun-20260731-l4-l4-tp1-f2040-i32-o32-r10-rep3-seg1-attempt2,358,phase2-full-grid-rerun-20260731-l4-l4-tp1-f2040-i32-o32-r10-rep3-seg1-attempt2-00358-6163ea07a07b,9700cff8af574d5faf6e83aa3b3f4228,64ca2972eb4744ac,1785511879725185059,1785511879725590821,1785511879728154995,1785511879735134176,1785511879887796485,1785511881945866982,0.405762,2.564174,2.969936,159.64149,66.38937087096775,2217.711987,32,32,32,32,32,32,32,True,200,phase2-full-grid-rerun-20260731-l4-l4-tp1-f2040-i32-o32-r10-rep3-seg1-attempt2-00358-6163ea07a07b,success,False,False,0,1,11748,
phase2-full-grid-rerun-20260731-l4-l4-tp1-f2040-i32-o32-r10-rep3-seg1-attempt2,359,phase2-full-grid-rerun-20260731-l4-l4-tp1-f2040-i32-o32-r10-rep3-seg1-attempt2-00359-6d0fc4caa31e,6caadc01f01949c4a3283e493c8a7f91,a32707d2570c4dc6,1785511879825185059,1785511879826049142,1785511879828003822,1785511879835924611,1785511880022173989,1785511882084057238,0.864083,1.95468,2.818763,194.170167,66.51236287096773,2256.053416,32,32,32,32,32,32,32,True,200,phase2-full-grid-rerun-20260731-l4-l4-tp1-f2040-i32-o32-r10-rep3-seg1-attempt2-00359-6d0fc4caa31e,success,False,False,0,1,11693,
phase2-full-grid-rerun-20260731-l4-l4-tp1-f2040-i32-o32-r10-rep3-seg1-attempt2,360,phase2-full-grid-rerun-20260731-l4-l4-tp1-f2040-i32-o32-r10-rep3-seg1-attempt2-00360-d1f1a0852458,35da38b9fb6549a2b7500e5d8026e38c,c59bedd1273a4729,1785511879925185059,1785511879925775723,1785511879928384214,1785511879935895714,1785511880088602924,1785511882147099403,0.590664,2.608491,3.199155,160.21871,66.40311222580645,2218.715189,32,32,32,32,32,32,32,True,200,phase2-full-grid-rerun-20260731-l4-l4-tp1-f2040-i32-o32-r10-rep3-seg1-attempt2-00360-d1f1a0852458,success,False,False,0,1,11743,
phase2-full-grid-rerun-20260731-l4-l4-tp1-f2040-i32-o32-r10-rep3-seg1-attempt2,361,phase2-full-grid-rerun-20260731-l4-l4-tp1-f2040-i32-o32-r10-rep3-seg1-attempt2-00361-bd7d8c967d3e,46d58f8d0ffc4d888a6cfec8b80ed7d2,c969b15325f546cb,1785511880025185059,1785511880025652841,1785511880027678243,1785511880034680473,1785511880218788721,1785511882278762093,0.467782,2.025402,2.493184,191.110478,66.45075393548387,2251.08385,32,32,32,32,32,32,32,True,200,phase2-full-grid-rerun-20260731-l4-l4-tp1-f2040-i32-o32-r10-rep3-seg1-attempt2-00361-bd7d8c967d3e,success,False,False,0,1,11721,
phase2-full-grid-rerun-20260731-l4-l4-tp1-f2040-i32-o32-r10-rep3-seg1-attempt2,362,phase2-full-grid-rerun-20260731-l4-l4-tp1-f2040-i32-o32-r10-rep3-seg1-attempt2-00362-38e641ae2f03,c1ec55ac8e1d450593494da9aac0ad2d,6e046ad0ff514f04,1785511880125185059,1785511880126300002,1785511880129256183,1785511880136853838,1785511880295516849,1785511882345586913,1.114943,2.956181,4.071124,166.260666,66.13129238709678,2216.33073,32,32,32,32,32,32,32,True,200,phase2-full-grid-rerun-20260731-l4-l4-tp1-f2040-i32-o32-r10-rep3-seg1-attempt2-00362-38e641ae2f03,success,False,False,0,1,11692,
phase2-full-grid-rerun-20260731-l4-l4-tp1-f2040-i32-o32-r10-rep3-seg1-attempt2,363,phase2-full-grid-rerun-20260731-l4-l4-tp1-f2040-i32-o32-r10-rep3-seg1-attempt2-00363-5c65fd14ef7b,d2e4ebb67e214c01882a24bbbdb0c9a8,49b5efe84bc94d12,1785511880225185059,1785511880226199379,1785511880227415966,1785511880234632088,1785511880418691372,1785511882478350216,1.01432,1.216587,2.230907,191.275406,66.44060787096774,2250.93425,32,32,32,32,32,32,32,True,200,phase2-full-grid-rerun-20260731-l4-l4-tp1-f2040-i32-o32-r10-rep3-seg1-attempt2-00363-5c65fd14ef7b,success,False,False,0,1,11741,
phase2-full-grid-rerun-20260731-l4-l4-tp1-f2040-i32-o32-r10-rep3-seg1-attempt2,364,phase2-full-grid-rerun-20260731-l4-l4-tp1-f2040-i32-o32-r10-rep3-seg1-attempt2-00364-41e24489041d,0b3fd534c5e8468e8dadc0ba2ea91d91,f573f5e4e5884555,1785511880325185059,1785511880325747177,1785511880329135656,1785511880338099935,1785511880485027729,1785511882542980243,0.562118,3.388479,3.950597,155.892073,66.38556496774194,2213.844587,32,32,32,32,32,32,32,True,200,phase2-full-grid-rerun-20260731-l4-l4-tp1-f2040-i32-o32-r10-rep3-seg1-attempt2-00364-41e24489041d,success,False,False,0,1,11736,
phase2-full-grid-rerun-20260731-l4-l4-tp1-f2040-i32-o32-r10-rep3-seg1-attempt2,365,phase2-full-grid-rerun-20260731-l4-l4-tp1-f2040-i32-o32-r10-rep3-seg1-attempt2-00365-14fa38101fe1,defd7ef9067a40e49681231a81b3ad4d,4ad3120cd74f40ba,1785511880425185059,1785511880425424760,1785511880427318202,1785511880434134449,1785511880617679642,1785511882677331259,0.239701,1.893442,2.133143,190.36144,66.44037474193549,2250.013057,32,32,32,32,32,32,32,True,200,phase2-full-grid-rerun-20260731-l4-l4-tp1-f2040-i32-o32-r10-rep3-seg1-attempt2-00365-14fa38101fe1,success,False,False,0,1,11709,
phase2-full-grid-rerun-20260731-l4-l4-tp1-f2040-i32-o32-r10-rep3-seg1-attempt2,366,phase2-full-grid-rerun-20260731-l4-l4-tp1-f2040-i32-o32-r10-rep3-seg1-attempt2-00366-a214c1eca505,5aedd285acc44516b4630f47d987a99a,0847ee4f730e4a98,1785511880525185059,1785511880525724329,1785511880528440033,1785511880535729591,1785511880686292027,1785511882750010585,0.53927,2.715704,3.254974,157.851994,66.57156638709678,2221.570552,32,32,32,32,32,32,32,True,200,phase2-full-grid-rerun-20260731-l4-l4-tp1-f2040-i32-o32-r10-rep3-seg1-attempt2-00366-a214c1eca505,success,False,False,0,1,11695,
phase2-full-grid-rerun-20260731-l4-l4-tp1-f2040-i32-o32-r10-rep3-seg1-attempt2,367,phase2-full-grid-rerun-20260731-l4-l4-tp1-f2040-i32-o32-r10-rep3-seg1-attempt2-00367-2059b724e021,d37666c20c534e9b8fe32f8b324ed3c0,fa08cf263e2b4e30,1785511880625185059,1785511880626080812,1785511880628083639,1785511880635736819,1785511880816310114,1785511882876435259,0.895753,2.002827,2.89858,188.226475,66.45564983870968,2248.35162,32,32,32,32,32,32,32,True,200,phase2-full-grid-rerun-20260731-l4-l4-tp1-f2040-i32-o32-r10-rep3-seg1-attempt2-00367-2059b724e021,success,False,False,0,1,11741,
phase2-full-grid-rerun-20260731-l4-l4-tp1-f2040-i32-o32-r10-rep3-seg1-attempt2,368,phase2-full-grid-rerun-20260731-l4-l4-tp1-f2040-i32-o32-r10-rep3-seg1-attempt2-00368-984fd79925ac,1b378ddfd7da42edbd45704ea1c1249c,2727c46140b74093,1785511880725185059,1785511880726104268,1785511880728884493,1785511880736586112,1785511880893225702,1785511882941702153,0.919209,2.780225,3.699434,164.341209,66.07988551612904,2212.81766,32,32,32,32,32,32,32,True,200,phase2-full-grid-rerun-20260731-l4-l4-tp1-f2040-i32-o32-r10-rep3-seg1-attempt2-00368-984fd79925ac,success,False,False,0,1,11751,
phase2-full-grid-rerun-20260731-l4-l4-tp1-f2040-i32-o32-r10-rep3-seg1-attempt2,369,phase2-full-grid-rerun-20260731-l4-l4-tp1-f2040-i32-o32-r10-rep3-seg1-attempt2-00369-8251c8565e52,9360f8204a7a4d17b897cdbe79ce96fd,6c0d2b0e4ac14f26,1785511880825185059,1785511880825366956,1785511880827411234,1785511880834640534,1785511881023462894,1785511883075169955,0.181897,2.044278,2.226175,196.05166,66.18409874193549,2247.758721,32,32,32,32,32,32,32,True,200,phase2-full-grid-rerun-20260731-l4-l4-tp1-f2040-i32-o32-r10-rep3-seg1-attempt2-00369-8251c8565e52,success,False,False,0,1,11689,
phase2-full-grid-rerun-20260731-l4-l4-tp1-f2040-i32-o32-r10-rep3-seg1-attempt2,370,phase2-full-grid-rerun-20260731-l4-l4-tp1-f2040-i32-o32-r10-rep3-seg1-attempt2-00370-5a46f000838a,8f1cae2422c34935ab69f7048cef2c78,ae843e261d3b482d,1785511880925185059,1785511880925527869,1785511880928201836,1785511880935545188,1785511881083604009,1785511883141154186,0.34281,2.673967,3.016777,155.402173,66.37258635483872,2212.95235,32,32,32,32,32,32,32,True,200,phase2-full-grid-rerun-20260731-l4-l4-tp1-f2040-i32-o32-r10-rep3-seg1-attempt2-00370-5a46f000838a,success,False,False,0,1,11745,
phase2-full-grid-rerun-20260731-l4-l4-tp1-f2040-i32-o32-r10-rep3-seg1-attempt2,371,phase2-full-grid-rerun-20260731-l4-l4-tp1-f2040-i32-o32-r10-rep3-seg1-attempt2-00371-e34f408b58c7,d15c0d6f737c45b496bd65c805f3225b,4dc5b9ec97b649ee,1785511881025185059,1785511881027672745,1785511881030005749,1785511881037598308,1785511881215583764,1785511883274600113,2.487686,2.333004,4.82069,185.578015,66.41988222580645,2244.594364,32,32,32,32,32,32,32,True,200,phase2-full-grid-rerun-20260731-l4-l4-tp1-f2040-i32-o32-r10-rep3-seg1-attempt2-00371-e34f408b58c7,success,False,False,0,1,11737,
phase2-full-grid-rerun-20260731-l4-l4-tp1-f2040-i32-o32-r10-rep3-seg1-attempt2,372,phase2-full-grid-rerun-20260731-l4-l4-tp1-f2040-i32-o32-r10-rep3-seg1-attempt2-00372-34bae099cca6,9dd32cc2931b4b4793406e05991a5671,ea1338f98f32403a,1785511881125185059,1785511881126216711,1785511881128927557,1785511881137188658,1785511881294841874,1785511883346112095,1.031652,2.710846,3.742498,165.914317,66.17000712903227,2217.184538,32,32,32,32,32,32,32,True,200,phase2-full-grid-rerun-20260731-l4-l4-tp1-f2040-i32-o32-r10-rep3-seg1-attempt2-00372-34bae099cca6,success,False,False,0,1,11690,
phase2-full-grid-rerun-20260731-l4-l4-tp1-f2040-i32-o32-r10-rep3-seg1-attempt2,373,phase2-full-grid-rerun-20260731-l4-l4-tp1-f2040-i32-o32-r10-rep3-seg1-attempt2-00373-4f519424ca29,40867a810d84497d9f911947b3ffc2b8,d9d0e6fed34c417e,1785511881225185059,1785511881226074670,1785511881228683919,1785511881236869460,1785511881413963914,1785511883473351958,0.889611,2.609249,3.49886,185.279995,66.43187238709677,2244.668039,32,32,32,32,32,32,32,True,200,phase2-full-grid-rerun-20260731-l4-l4-tp1-f2040-i32-o32-r10-rep3-seg1-attempt2-00373-4f519424ca29,success,False,False,0,1,11737,
phase2-full-grid-rerun-20260731-l4-l4-tp1-f2040-i32-o32-r10-rep3-seg1-attempt2,374,phase2-full-grid-rerun-20260731-l4-l4-tp1-f2040-i32-o32-r10-rep3-seg1-attempt2-00374-9922fa538980,5c4337f0f4ea476ca3d9d8af6ec03c45,aec95afb54e5491a,1785511881325185059,1785511881326041905,1785511881328919594,1785511881337158569,1785511881482652837,1785511883540269660,0.856846,2.877689,3.734535,153.733243,66.37473622580644,2211.350066,32,32,32,32,32,32,32,True,200,phase2-full-grid-rerun-20260731-l4-l4-tp1-f2040-i32-o32-r10-rep3-seg1-attempt2-00374-9922fa538980,success,False,False,0,1,11736,
phase2-full-grid-rerun-20260731-l4-l4-tp1-f2040-i32-o32-r10-rep3-seg1-attempt2,375,phase2-full-grid-rerun-20260731-l4-l4-tp1-f2040-i32-o32-r10-rep3-seg1-attempt2-00375-2fbb3fab1905,5cc09c8e1708495c870d8689d3e0151a,82e5af03b0274ec4,1785511881425185059,1785511881425805697,1785511881428997189,1785511881437731355,1785511881613451798,1785511883672021339,0.620638,3.191492,3.81213,184.454609,66.40546906451613,2243.02415,32,32,32,32,32,32,32,True,200,phase2-full-grid-rerun-20260731-l4-l4-tp1-f2040-i32-o32-r10-rep3-seg1-attempt2-00375-2fbb3fab1905,success,False,False,0,1,11723,
phase2-full-grid-rerun-20260731-l4-l4-tp1-f2040-i32-o32-r10-rep3-seg1-attempt2,376,phase2-full-grid-rerun-20260731-l4-l4-tp1-f2040-i32-o32-r10-rep3-seg1-attempt2-00376-ab3743122e62,58b0bdcb578b4ec48eed6b381b9c16cd,d53911b951164ff1,1785511881525185059,1785511881526177391,1785511881529239858,1785511881537854961,1785511881682682960,1785511883744409094,0.992332,3.062467,4.054799,153.443102,66.5072946451613,2215.169236,32,32,32,32,32,32,32,True,200,phase2-full-grid-rerun-20260731-l4-l4-tp1-f2040-i32-o32-r10-rep3-seg1-attempt2-00376-ab3743122e62,success,False,False,0,1,11707,
phase2-full-grid-rerun-20260731-l4-l4-tp1-f2040-i32-o32-r10-rep3-seg1-attempt2,377,phase2-full-grid-rerun-20260731-l4-l4-tp1-f2040-i32-o32-r10-rep3-seg1-attempt2-00377-043b4f0b70de,e550c1f8ae824f168981f4d9929e01b0,24f0971f6a0b4158,1785511881625185059,1785511881625969620,1785511881628487773,1785511881635894868,1785511881812249969,1785511883870688294,0.784561,2.518153,3.302714,183.762196,66.40123629032259,2242.200521,32,32,32,32,32,32,32,True,200,phase2-full-grid-rerun-20260731-l4-l4-tp1-f2040-i32-o32-r10-rep3-seg1-attempt2-00377-043b4f0b70de,success,False,False,0,1,11736,
phase2-full-grid-rerun-20260731-l4-l4-tp1-f2040-i32-o32-r10-rep3-seg1-attempt2,378,phase2-full-grid-rerun-20260731-l4-l4-tp1-f2040-i32-o32-r10-rep3-seg1-attempt2-00378-e66f42210626,b303dc5706cf436d8eae1827f9fc8d80,35171a423c504397,1785511881725185059,1785511881725519497,1785511881728547451,1785511881736309259,1785511881891123757,1785511883942348915,0.334438,3.027954,3.362392,162.576306,66.16855348387098,2213.801464,32,32,32,32,32,32,32,True,200,phase2-full-grid-rerun-20260731-l4-l4-tp1-f2040-i32-o32-r10-rep3-seg1-attempt2-00378-e66f42210626,success,False,False,0,1,11736,
phase2-full-grid-rerun-20260731-l4-l4-tp1-f2040-i32-o32-r10-rep3-seg1-attempt2,379,phase2-full-grid-rerun-20260731-l4-l4-tp1-f2040-i32-o32-r10-rep3-seg1-attempt2-00379-17e754cc67ab,8fadd50932604cc3881dcd951ce642ab,b32d14a02c7a4dab,1785511881825185059,1785511881827072882,1785511881829066334,1785511881836324467,1785511882013435411,1785511884071478433,1.887823,1.993452,3.881275,184.369077,66.38848458064516,2242.412099,32,32,32,32,32,32,32,True,200,phase2-full-grid-rerun-20260731-l4-l4-tp1-f2040-i32-o32-r10-rep3-seg1-attempt2-00379-17e754cc67ab,success,False,False,0,1,11737,
phase2-full-grid-rerun-20260731-l4-l4-tp1-f2040-i32-o32-r10-rep3-seg1-attempt2,380,phase2-full-grid-rerun-20260731-l4-l4-tp1-f2040-i32-o32-r10-rep3-seg1-attempt2-00380-cb40505b0a14,5eaec92a7c954c3d857e0a5eb6464f2b,8fd0e410176c459f,1785511881925185059,1785511881925821761,1785511881928850309,1785511881936463596,1785511882079976681,1785511884139269644,0.636702,3.028548,3.66525,151.126372,66.42880525806451,2210.419335,32,32,32,32,32,32,32,True,200,phase2-full-grid-rerun-20260731-l4-l4-tp1-f2040-i32-o32-r10-rep3-seg1-attempt2-00380-cb40505b0a14,success,False,False,0,1,11760,
phase2-full-grid-rerun-20260731-l4-l4-tp1-f2040-i32-o32-r10-rep3-seg1-attempt2,381,phase2-full-grid-rerun-20260731-l4-l4-tp1-f2040-i32-o32-r10-rep3-seg1-attempt2-00381-925062bf5d11,a36626af46d9486084419e3b4aebf5cf,68af4408158a49c2,1785511882025185059,1785511882025460832,1785511882028245297,1785511882035241839,1785511882211057861,1785511884269451467,0.275773,2.784465,3.060238,182.812564,66.39979374193548,2241.20617,32,32,32,32,32,32,32,True,200,phase2-full-grid-rerun-20260731-l4-l4-tp1-f2040-i32-o32-r10-rep3-seg1-attempt2-00381-925062bf5d11,success,False,False,0,1,11690,
phase2-full-grid-rerun-20260731-l4-l4-tp1-f2040-i32-o32-r10-rep3-seg1-attempt2,382,phase2-full-grid-rerun-20260731-l4-l4-tp1-f2040-i32-o32-r10-rep3-seg1-attempt2-00382-e51e7bd1f9a5,ab2fe1db87ed481db6aca0c004cc3fa5,cc9e840ec6bb4bb7,1785511882125185059,1785511882127130321,1785511882129857054,1785511882137431872,1785511882346267342,1785511884407597321,1.945262,2.726733,4.671995,216.410288,66.49451545161291,2277.740267,32,32,32,32,32,32,32,True,200,phase2-full-grid-rerun-20260731-l4-l4-tp1-f2040-i32-o32-r10-rep3-seg1-attempt2-00382-e51e7bd1f9a5,success,False,False,0,1,11735,
phase2-full-grid-rerun-20260731-l4-l4-tp1-f2040-i32-o32-r10-rep3-seg1-attempt2,383,phase2-full-grid-rerun-20260731-l4-l4-tp1-f2040-i32-o32-r10-rep3-seg1-attempt2-00383-e8212027a63a,487a0f3562f24d539576b64aacc5f1e2,44d2f91f10b84f0b,1785511882225185059,1785511882226287704,1785511882227976062,1785511882234411620,1785511882411983535,1785511884470595643,1.102645,1.688358,2.791003,184.007473,66.40684219354839,2242.619581,32,32,32,32,32,32,32,True,200,phase2-full-grid-rerun-20260731-l4-l4-tp1-f2040-i32-o32-r10-rep3-seg1-attempt2-00383-e8212027a63a,success,False,False,0,1,11691,
phase2-full-grid-rerun-20260731-l4-l4-tp1-f2040-i32-o32-r10-rep3-seg1-attempt2,384,phase2-full-grid-rerun-20260731-l4-l4-tp1-f2040-i32-o32-r10-rep3-seg1-attempt2-00384-3cdd629d79fd,3266d50707704e6b8784e4a6df417f71,c15b121972854a73,1785511882325185059,1785511882326280706,1785511882328658172,1785511882336173256,1785511882550587023,1785511884603811863,1.095647,2.377466,3.473113,221.928851,66.2330593548387,2275.153691,32,32,32,32,32,32,32,True,200,phase2-full-grid-rerun-20260731-l4-l4-tp1-f2040-i32-o32-r10-rep3-seg1-attempt2-00384-3cdd629d79fd,success,False,False,0,1,11753,
phase2-full-grid-rerun-20260731-l4-l4-tp1-f2040-i32-o32-r10-rep3-seg1-attempt2,385,phase2-full-grid-rerun-20260731-l4-l4-tp1-f2040-i32-o32-r10-rep3-seg1-attempt2-00385-67b853e62520,71a56f49caf9403ea0f96ad93cada765,a59c41d97d6d4877,1785511882425185059,1785511882425895815,1785511882428281289,1785511882435699024,1785511882610240411,1785511884669278992,0.710756,2.385474,3.09623,181.959122,66.42059938709677,2240.997703,32,32,32,32,32,32,32,True,200,phase2-full-grid-rerun-20260731-l4-l4-tp1-f2040-i32-o32-r10-rep3-seg1-attempt2-00385-67b853e62520,success,False,False,0,1,11739,
phase2-full-grid-rerun-20260731-l4-l4-tp1-f2040-i32-o32-r10-rep3-seg1-attempt2,386,phase2-full-grid-rerun-20260731-l4-l4-tp1-f2040-i32-o32-r10-rep3-seg1-attempt2-00386-7669c7359019,1f19698a9f1f4400b45c901557224072,0b855d8504384abe,1785511882525185059,1785511882526060150,1785511882528414274,1785511882535269938,1785511882750534611,1785511884805947355,0.875091,2.354124,3.229215,222.120337,66.30363690322581,2277.533081,32,32,32,32,32,32,32,True,200,phase2-full-grid-rerun-20260731-l4-l4-tp1-f2040-i32-o32-r10-rep3-seg1-attempt2-00386-7669c7359019,success,False,False,0,1,11692,
phase2-full-grid-rerun-20260731-l4-l4-tp1-f2040-i32-o32-r10-rep3-seg1-attempt2,387,phase2-full-grid-rerun-20260731-l4-l4-tp1-f2040-i32-o32-r10-rep3-seg1-attempt2-00387-9a686c9e79ce,6ef28a49b7ef40e2a2cf9eda5d7aa9c8,be4009d4a39042be,1785511882625185059,1785511882625680442,1785511882627938323,1785511882635420578,1785511882808187151,1785511884867415134,0.495383,2.257881,2.753264,180.248828,66.42670912903226,2239.476811,32,32,32,32,32,32,32,True,200,phase2-full-grid-rerun-20260731-l4-l4-tp1-f2040-i32-o32-r10-rep3-seg1-attempt2-00387-9a686c9e79ce,success,False,False,0,1,11753,
phase2-full-grid-rerun-20260731-l4-l4-tp1-f2040-i32-o32-r10-rep3-seg1-attempt2,388,phase2-full-grid-rerun-20260731-l4-l4-tp1-f2040-i32-o32-r10-rep3-seg1-attempt2-00388-d8c331426709,24bdcf338d394080a49c8174c24964ed,88e0ccca6e184839,1785511882725185059,1785511882726113189,1785511882728379494,1785511882736395329,1785511882950046917,1785511885002530650,0.92813,2.266305,3.194435,221.667423,66.20915267741935,2274.151156,32,32,32,32,32,32,32,True,200,phase2-full-grid-rerun-20260731-l4-l4-tp1-f2040-i32-o32-r10-rep3-seg1-attempt2-00388-d8c331426709,success,False,False,0,1,11704,
phase2-full-grid-rerun-20260731-l4-l4-tp1-f2040-i32-o32-r10-rep3-seg1-attempt2,389,phase2-full-grid-rerun-20260731-l4-l4-tp1-f2040-i32-o32-r10-rep3-seg1-attempt2-00389-3b28f9cff58b,d66352ffe88148468a639db55047347c,d80ce5676ffa42f4,1785511882825185059,1785511882826665434,1785511882828871387,1785511882838194898,1785511883008909719,1785511885068149245,1.480375,2.205953,3.686328,180.038332,66.42708148387096,2239.277858,32,32,32,32,32,32,32,True,200,phase2-full-grid-rerun-20260731-l4-l4-tp1-f2040-i32-o32-r10-rep3-seg1-attempt2-00389-3b28f9cff58b,success,False,False,0,1,11710,
phase2-full-grid-rerun-20260731-l4-l4-tp1-f2040-i32-o32-r10-rep3-seg1-attempt2,390,phase2-full-grid-rerun-20260731-l4-l4-tp1-f2040-i32-o32-r10-rep3-seg1-attempt2-00390-366df79498f7,47f7d24405ef45c3aebe02d2d2fbedb6,27a81b6802494bec,1785511882925185059,1785511882925565977,1785511882927855205,1785511882935102222,1785511883141660939,1785511885201591219,0.380918,2.289228,2.670146,213.805734,66.44936387096774,2273.736014,32,32,32,32,32,32,32,True,200,phase2-full-grid-rerun-20260731-l4-l4-tp1-f2040-i32-o32-r10-rep3-seg1-attempt2-00390-366df79498f7,success,False,False,0,1,11721,
phase2-full-grid-rerun-20260731-l4-l4-tp1-f2040-i32-o32-r10-rep3-seg1-attempt2,391,phase2-full-grid-rerun-20260731-l4-l4-tp1-f2040-i32-o32-r10-rep3-seg1-attempt2-00391-3f44358d7662,4ffae2dbd173468d8a51409c85255bba,5a730405d8fc4604,1785511883025185059,1785511883026082690,1785511883028866974,1785511883035668049,1785511883207172085,1785511885266588251,0.897631,2.784284,3.681915,178.305111,66.4327795483871,2237.721277,32,32,32,32,32,32,32,True,200,phase2-full-grid-rerun-20260731-l4-l4-tp1-f2040-i32-o32-r10-rep3-seg1-attempt2-00391-3f44358d7662,success,False,False,0,1,11757,
phase2-full-grid-rerun-20260731-l4-l4-tp1-f2040-i32-o32-r10-rep3-seg1-attempt2,392,phase2-full-grid-rerun-20260731-l4-l4-tp1-f2040-i32-o32-r10-rep3-seg1-attempt2-00392-6f776f062c86,8c85a7ac300d415788a1f1ed4459f567,fb1f044a6cfb4183,1785511883125185059,1785511883125612486,1785511883128140208,1785511883136190218,1785511883341628239,1785511885400311314,0.427427,2.527722,2.955149,213.488031,66.40913145161291,2272.171106,32,32,32,32,32,32,32,True,200,phase2-full-grid-rerun-20260731-l4-l4-tp1-f2040-i32-o32-r10-rep3-seg1-attempt2-00392-6f776f062c86,success,False,False,0,1,11694,
phase2-full-grid-rerun-20260731-l4-l4-tp1-f2040-i32-o32-r10-rep3-seg1-attempt2,393,phase2-full-grid-rerun-20260731-l4-l4-tp1-f2040-i32-o32-r10-rep3-seg1-attempt2-00393-e14b26d72b4c,8fa8435cd7c8493abc96eea3779b1140,e604e2e50eaa436b,1785511883225185059,1785511883225337853,1785511883227623373,1785511883234804232,1785511883406131509,1785511885465371823,0.152794,2.28552,2.438314,178.508136,66.4271069032258,2237.74845,32,32,32,32,32,32,32,True,200,phase2-full-grid-rerun-20260731-l4-l4-tp1-f2040-i32-o32-r10-rep3-seg1-attempt2-00393-e14b26d72b4c,success,False,False,0,1,11733,
phase2-full-grid-rerun-20260731-l4-l4-tp1-f2040-i32-o32-r10-rep3-seg1-attempt2,394,phase2-full-grid-rerun-20260731-l4-l4-tp1-f2040-i32-o32-r10-rep3-seg1-attempt2-00394-1c31b16e69ed,befb5d0bf39a48ffba678718961a3906,4d548b385a1147e3,1785511883325185059,1785511883326193116,1785511883328765173,1785511883344067318,1785511883540861964,1785511885602753294,1.008057,2.572057,3.580114,212.096791,66.5126235483871,2273.988121,32,32,32,32,32,32,32,True,200,phase2-full-grid-rerun-20260731-l4-l4-tp1-f2040-i32-o32-r10-rep3-seg1-attempt2-00394-1c31b16e69ed,success,False,False,0,1,11719,
phase2-full-grid-rerun-20260731-l4-l4-tp1-f2040-i32-o32-r10-rep3-seg1-attempt2,395,phase2-full-grid-rerun-20260731-l4-l4-tp1-f2040-i32-o32-r10-rep3-seg1-attempt2-00395-7652801823d9,aa2905838c964cea997450bce9d60493,f4b36f617c074571,1785511883425185059,1785511883425402985,1785511883427971953,1785511883435497077,1785511883606799927,1785511885666495006,0.217926,2.568968,2.786894,178.827974,66.44177674193548,2238.523053,32,32,32,32,32,32,32,True,200,phase2-full-grid-rerun-20260731-l4-l4-tp1-f2040-i32-o32-r10-rep3-seg1-attempt2-00395-7652801823d9,success,False,False,0,1,11691,
phase2-full-grid-rerun-20260731-l4-l4-tp1-f2040-i32-o32-r10-rep3-seg1-attempt2,396,phase2-full-grid-rerun-20260731-l4-l4-tp1-f2040-i32-o32-r10-rep3-seg1-attempt2-00396-fd906c10fb46,19f0b49007be4f2a92216f21ec31b729,5dfef37a05524a95,1785511883525185059,1785511883526041403,1785511883528860104,1785511883549799591,1785511883739720028,1785511885798903666,0.856344,2.818701,3.675045,210.859924,66.42527864516128,2270.043562,32,32,32,32,32,32,32,True,200,phase2-full-grid-rerun-20260731-l4-l4-tp1-f2040-i32-o32-r10-rep3-seg1-attempt2-00396-fd906c10fb46,success,False,False,0,1,11708,
phase2-full-grid-rerun-20260731-l4-l4-tp1-f2040-i32-o32-r10-rep3-seg1-attempt2,397,phase2-full-grid-rerun-20260731-l4-l4-tp1-f2040-i32-o32-r10-rep3-seg1-attempt2-00397-cd01440506db,3200566bf388426cae75ee3fe0ae7945,24896a1bc66645ca,1785511883625185059,1785511883626240346,1785511883628203403,1785511883634573619,1785511883804512006,1785511885864026597,1.055287,1.963057,3.018344,176.308603,66.4359545483871,2235.823194,32,32,32,32,32,32,32,True,200,phase2-full-grid-rerun-20260731-l4-l4-tp1-f2040-i32-o32-r10-rep3-seg1-attempt2-00397-cd01440506db,success,False,False,0,1,11767,
phase2-full-grid-rerun-20260731-l4-l4-tp1-f2040-i32-o32-r10-rep3-seg1-attempt2,398,phase2-full-grid-rerun-20260731-l4-l4-tp1-f2040-i32-o32-r10-rep3-seg1-attempt2-00398-22b0608cb1c1,11752af5a3624557a0469e2f888fc95a,11c11ff0b6e544ab,1785511883725185059,1785511883725609131,1785511883727781521,1785511883741676130,1785511883939041488,1785511886000039955,0.424072,2.17239,2.596462,211.259967,66.48382151612903,2272.258434,32,32,32,32,32,32,32,True,200,phase2-full-grid-rerun-20260731-l4-l4-tp1-f2040-i32-o32-r10-rep3-seg1-attempt2-00398-22b0608cb1c1,success,False,False,0,1,11744,
phase2-full-grid-rerun-20260731-l4-l4-tp1-f2040-i32-o32-r10-rep3-seg1-attempt2,399,phase2-full-grid-rerun-20260731-l4-l4-tp1-f2040-i32-o32-r10-rep3-seg1-attempt2-00399-abebd2bdca80,fae7ba1cdd1840ef8380db83328702f6,b3fca394af694c82,1785511883825185059,1785511883825688105,1785511883827874787,1785511883835259754,1785511884004804023,1785511886064296603,0.503046,2.186682,2.689728,176.929236,66.43524451612903,2236.421816,32,32,32,32,32,32,32,True,200,phase2-full-grid-rerun-20260731-l4-l4-tp1-f2040-i32-o32-r10-rep3-seg1-attempt2-00399-abebd2bdca80,success,False,False,0,1,11735,
phase2-full-grid-rerun-20260731-l4-l4-tp1-f2040-i32-o32-r10-rep3-seg1-attempt2,400,phase2-full-grid-rerun-20260731-l4-l4-tp1-f2040-i32-o32-r10-rep3-seg1-attempt2-00400-7bc801574a5f,5d9b7054f5064ec8959e1136ca4ab529,fe0c8c0d2f354e22,1785511883925185059,1785511883925676048,1785511883928202086,1785511883949389575,1785511884137638885,1785511886197000350,0.490989,2.526038,3.017027,209.436799,66.431015,2268.798264,32,32,32,32,32,32,32,True,200,phase2-full-grid-rerun-20260731-l4-l4-tp1-f2040-i32-o32-r10-rep3-seg1-attempt2-00400-7bc801574a5f,success,False,False,0,1,11717,
phase2-full-grid-rerun-20260731-l4-l4-tp1-f2040-i32-o32-r10-rep3-seg1-attempt2,401,phase2-full-grid-rerun-20260731-l4-l4-tp1-f2040-i32-o32-r10-rep3-seg1-attempt2-00401-4e07805e0ad0,ace317170ca0488e827972b56470496b,ae05306052314fcb,1785511884025185059,1785511884026218876,1785511884028313507,1785511884038808230,1785511884204270770,1785511886264229204,1.033817,2.094631,3.128448,175.957263,66.45027206451613,2235.915697,32,32,32,32,32,32,32,True,200,phase2-full-grid-rerun-20260731-l4-l4-tp1-f2040-i32-o32-r10-rep3-seg1-attempt2-00401-4e07805e0ad0,success,False,False,0,1,11768,
phase2-full-grid-rerun-20260731-l4-l4-tp1-f2040-i32-o32-r10-rep3-seg1-attempt2,402,phase2-full-grid-rerun-20260731-l4-l4-tp1-f2040-i32-o32-r10-rep3-seg1-attempt2-00402-e07e6549697b,d04b5c837ba8463a843c0b26222a3abc,d491281241394a69,1785511884125185059,1785511884126333594,1785511884128589978,1785511884147833432,1785511884337434275,1785511886400618851,1.148535,2.256384,3.404919,208.844297,66.55434116129032,2272.028873,32,32,32,32,32,32,32,True,200,phase2-full-grid-rerun-20260731-l4-l4-tp1-f2040-i32-o32-r10-rep3-seg1-attempt2-00402-e07e6549697b,success,False,False,0,1,11711,
phase2-full-grid-rerun-20260731-l4-l4-tp1-f2040-i32-o32-r10-rep3-seg1-attempt2,403,phase2-full-grid-rerun-20260731-l4-l4-tp1-f2040-i32-o32-r10-rep3-seg1-attempt2-00403-d3ab9bfd3d27,4f3774ec101b417e8980ba7c85e7a472,d8067eaa70804a9d,1785511884225185059,1785511884225499566,1785511884227392325,1785511884234497037,1785511884403193121,1785511886462076915,0.314507,1.892759,2.207266,175.800796,66.41560625806451,2234.68459,32,32,32,32,32,32,32,True,200,phase2-full-grid-rerun-20260731-l4-l4-tp1-f2040-i32-o32-r10-rep3-seg1-attempt2-00403-d3ab9bfd3d27,success,False,False,0,1,11747,
phase2-full-grid-rerun-20260731-l4-l4-tp1-f2040-i32-o32-r10-rep3-seg1-attempt2,404,phase2-full-grid-rerun-20260731-l4-l4-tp1-f2040-i32-o32-r10-rep3-seg1-attempt2-00404-fc094f83ccdf,457bcdcb47cd4f53a0a375db0aeb6674,bd25a46cddeb41f9,1785511884325185059,1785511884326169688,1785511884328493770,1785511884339570628,1785511884543019467,1785511886596063622,0.984629,2.324082,3.308711,214.525697,66.22723080645162,2267.569852,32,32,32,32,32,32,32,True,200,phase2-full-grid-rerun-20260731-l4-l4-tp1-f2040-i32-o32-r10-rep3-seg1-attempt2-00404-fc094f83ccdf,success,False,False,0,1,11690,
phase2-full-grid-rerun-20260731-l4-l4-tp1-f2040-i32-o32-r10-rep3-seg1-attempt2,405,phase2-full-grid-rerun-20260731-l4-l4-tp1-f2040-i32-o32-r10-rep3-seg1-attempt2-00405-10355474e78d,1a6e558485504b58aa83f122334f0de3,60458a98a1c44737,1785511884425185059,1785511884425769106,1785511884427807003,1785511884434639779,1785511884604625526,1785511886663301532,0.584047,2.037897,2.621944,176.818523,66.40890341935484,2235.494529,32,32,32,32,32,32,32,True,200,phase2-full-grid-rerun-20260731-l4-l4-tp1-f2040-i32-o32-r10-rep3-seg1-attempt2-00405-10355474e78d,success,False,False,0,1,11690,
phase2-full-grid-rerun-20260731-l4-l4-tp1-f2040-i32-o32-r10-rep3-seg1-attempt2,406,phase2-full-grid-rerun-20260731-l4-l4-tp1-f2040-i32-o32-r10-rep3-seg1-attempt2-00406-0f5c0521f28f,e3e7c32a5b22479f8b81c5f9f7e1c86c,3c12635c42914691,1785511884525185059,1785511884525683142,1785511884528484928,1785511884546949290,1785511884734995254,1785511886799295287,0.498083,2.801786,3.299869,206.510326,66.59032364516129,2270.810359,32,32,32,32,32,32,32,True,200,phase2-full-grid-rerun-20260731-l4-l4-tp1-f2040-i32-o32-r10-rep3-seg1-attempt2-00406-0f5c0521f28f,success,False,False,0,1,11737,
phase2-full-grid-rerun-20260731-l4-l4-tp1-f2040-i32-o32-r10-rep3-seg1-attempt2,407,phase2-full-grid-rerun-20260731-l4-l4-tp1-f2040-i32-o32-r10-rep3-seg1-attempt2-00407-e45b1d0ededd,4afe344cd6b14e8cb0c970cd4ef01c6c,c6ea836dec9a4f5d,1785511884625185059,1785511884626775063,1785511884628379706,1785511884635388927,1785511884803090106,1785511886861623023,1.590004,1.604643,3.194647,174.7104,66.40428764516129,2233.243317,32,32,32,32,32,32,32,True,200,phase2-full-grid-rerun-20260731-l4-l4-tp1-f2040-i32-o32-r10-rep3-seg1-attempt2-00407-e45b1d0ededd,success,False,False,0,1,11690,
phase2-full-grid-rerun-20260731-l4-l4-tp1-f2040-i32-o32-r10-rep3-seg1-attempt2,408,phase2-full-grid-rerun-20260731-l4-l4-tp1-f2040-i32-o32-r10-rep3-seg1-attempt2-00408-d5ea7eec8514,64cd36b901fb491abddc9b48853ac6ec,29fb0aa637234fba,1785511884725185059,1785511884726092003,1785511884728782576,1785511884736742336,1785511884933763261,1785511886995570587,0.906944,2.690573,3.597517,204.980685,66.50991374193549,2266.788011,32,32,32,32,32,32,32,True,200,phase2-full-grid-rerun-20260731-l4-l4-tp1-f2040-i32-o32-r10-rep3-seg1-attempt2-00408-d5ea7eec8514,success,False,False,0,1,11727,
phase2-full-grid-rerun-20260731-l4-l4-tp1-f2040-i32-o32-r10-rep3-seg1-attempt2,409,phase2-full-grid-rerun-20260731-l4-l4-tp1-f2040-i32-o32-r10-rep3-seg1-attempt2-00409-2eda46ad620f,cb2b74a568e243c28f330092a86b096c,42ec29b30aca481c,1785511884825185059,1785511884827154346,1785511884829065124,1785511884836186940,1785511885002956524,1785511887061292590,1.969287,1.910778,3.880065,173.8914,66.39793761290322,2232.227466,32,32,32,32,32,32,32,True,200,phase2-full-grid-rerun-20260731-l4-l4-tp1-f2040-i32-o32-r10-rep3-seg1-attempt2-00409-2eda46ad620f,success,False,False,0,1,11736,
phase2-full-grid-rerun-20260731-l4-l4-tp1-f2040-i32-o32-r10-rep3-seg1-attempt2,410,phase2-full-grid-rerun-20260731-l4-l4-tp1-f2040-i32-o32-r10-rep3-seg1-attempt2-00410-df26ae3e21ff,b17a3862a8534772be0f07c9d9e8cdec,4e54f3f0e43047a5,1785511884925185059,1785511884926130876,1785511884928428974,1785511884936086976,1785511885133034608,1785511887193690600,0.945817,2.298098,3.243915,204.605634,66.47277393548387,2265.261626,32,32,32,32,32,32,32,True,200,phase2-full-grid-rerun-20260731-l4-l4-tp1-f2040-i32-o32-r10-rep3-seg1-attempt2-00410-df26ae3e21ff,success,False,False,0,1,11752,
phase2-full-grid-rerun-20260731-l4-l4-tp1-f2040-i32-o32-r10-rep3-seg1-attempt2,411,phase2-full-grid-rerun-20260731-l4-l4-tp1-f2040-i32-o32-r10-rep3-seg1-attempt2-00411-4a4c4c3ca2cd,66cc81844f1543acac15299a4d4a8ac0,3f32f642ccf7455b,1785511885025185059,1785511885026967227,1785511885029307596,1785511885040847075,1785511885201999237,1785511887260440671,1.782168,2.340369,4.122537,172.691641,66.40133658064515,2231.133075,32,32,32,32,32,32,32,True,200,phase2-full-grid-rerun-20260731-l4-l4-tp1-f2040-i32-o32-r10-rep3-seg1-attempt2-00411-4a4c4c3ca2cd,success,False,False,0,1,11758,
phase2-full-grid-rerun-20260731-l4-l4-tp1-f2040-i32-o32-r10-rep3-seg1-attempt2,412,phase2-full-grid-rerun-20260731-l4-l4-tp1-f2040-i32-o32-r10-rep3-seg1-attempt2-00412-56d0dc1ab8c9,5d76ac39d8a946e090a561ea5204893b,76c4ef7a3ef04962,1785511885125185059,1785511885126386779,1785511885128977553,1785511885136085197,1785511885333556978,1785511887396974285,1.20172,2.590774,3.792494,204.579425,66.56184861290323,2267.996732,32,32,32,32,32,32,32,True,200,phase2-full-grid-rerun-20260731-l4-l4-tp1-f2040-i32-o32-r10-rep3-seg1-attempt2-00412-56d0dc1ab8c9,success,False,False,0,1,11713,
phase2-full-grid-rerun-20260731-l4-l4-tp1-f2040-i32-o32-r10-rep3-seg1-attempt2,413,phase2-full-grid-rerun-20260731-l4-l4-tp1-f2040-i32-o32-r10-rep3-seg1-attempt2-00413-780e24ceb2d9,f975a03b40bd417787326c1e3cb5a4cf,3e4382e5e689495f,1785511885225185059,1785511885225964177,1785511885228036734,1785511885235034982,1785511885408394171,1785511887459683496,0.779118,2.072557,2.851675,180.357437,66.17062338709678,2231.646762,32,32,32,32,32,32,32,True,200,phase2-full-grid-rerun-20260731-l4-l4-tp1-f2040-i32-o32-r10-rep3-seg1-attempt2-00413-780e24ceb2d9,success,False,False,0,1,11736,
phase2-full-grid-rerun-20260731-l4-l4-tp1-f2040-i32-o32-r10-rep3-seg1-attempt2,414,phase2-full-grid-rerun-20260731-l4-l4-tp1-f2040-i32-o32-r10-rep3-seg1-attempt2-00414-623cb7a87c49,e0e48129887a4125801183899cc19d8b,4b570ec6ae6744e8,1785511885325185059,1785511885325574274,1785511885328060918,1785511885335568066,1785511885537155888,1785511887593034538,0.389215,2.486644,2.875859,209.09497,66.31866612903227,2264.97362,32,32,32,32,32,32,32,True,200,phase2-full-grid-rerun-20260731-l4-l4-tp1-f2040-i32-o32-r10-rep3-seg1-attempt2-00414-623cb7a87c49,success,False,False,0,1,11719,
phase2-full-grid-rerun-20260731-l4-l4-tp1-f2040-i32-o32-r10-rep3-seg1-attempt2,415,phase2-full-grid-rerun-20260731-l4-l4-tp1-f2040-i32-o32-r10-rep3-seg1-attempt2-00415-fc22a28f9f3f,14a6ba54923f400f919bbc53f934cbcc,562199a3cb6f49ae,1785511885425185059,1785511885425916427,1785511885428116169,1785511885435393863,1785511885599457899,1785511887658835852,0.731368,2.199742,2.93111,171.34173,66.43154687096775,2230.719683,32,32,32,32,32,32,32,True,200,phase2-full-grid-rerun-20260731-l4-l4-tp1-f2040-i32-o32-r10-rep3-seg1-attempt2-00415-fc22a28f9f3f,success,False,False,0,1,11735,
phase2-full-grid-rerun-20260731-l4-l4-tp1-f2040-i32-o32-r10-rep3-seg1-attempt2,416,phase2-full-grid-rerun-20260731-l4-l4-tp1-f2040-i32-o32-r10-rep3-seg1-attempt2-00416-d0fb2067fee7,b7fd868cde25475798d4b2027b240f2b,fdfcf46d6bd3422e,1785511885525185059,1785511885526579283,1785511885528920593,1785511885550066407,1785511885732587981,1785511887792126695,1.394224,2.34131,3.735534,203.667388,66.43673270967741,2263.206102,32,32,32,32,32,32,32,True,200,phase2-full-grid-rerun-20260731-l4-l4-tp1-f2040-i32-o32-r10-rep3-seg1-attempt2-00416-d0fb2067fee7,success,False,False,0,1,11741,
phase2-full-grid-rerun-20260731-l4-l4-tp1-f2040-i32-o32-r10-rep3-seg1-attempt2,417,phase2-full-grid-rerun-20260731-l4-l4-tp1-f2040-i32-o32-r10-rep3-seg1-attempt2-00417-0e66fa342043,5e5634fb516649f797839623054fd463,0040a950d1f940c7,1785511885625185059,1785511885625410234,1785511885627449578,1785511885634848451,1785511885808214990,1785511887858513611,0.225175,2.039344,2.264519,180.765412,66.13866519354839,2231.064033,32,32,32,32,32,32,32,True,200,phase2-full-grid-rerun-20260731-l4-l4-tp1-f2040-i32-o32-r10-rep3-seg1-attempt2-00417-0e66fa342043,success,False,False,0,1,11747,
phase2-full-grid-rerun-20260731-l4-l4-tp1-f2040-i32-o32-r10-rep3-seg1-attempt2,418,phase2-full-grid-rerun-20260731-l4-l4-tp1-f2040-i32-o32-r10-rep3-seg1-attempt2-00418-0d73b5e9b914,86405a61687a4d89b960cd5afba9cf69,826517dc754047be,1785511885725185059,1785511885725604363,1785511885727884750,1785511885736062167,1785511885935047833,1785511887995635528,0.419304,2.280387,2.699691,207.163083,66.47057080645162,2267.750778,32,32,32,32,32,32,32,True,200,phase2-full-grid-rerun-20260731-l4-l4-tp1-f2040-i32-o32-r10-rep3-seg1-attempt2-00418-0d73b5e9b914,success,False,False,0,1,11744,
phase2-full-grid-rerun-20260731-l4-l4-tp1-f2040-i32-o32-r10-rep3-seg1-attempt2,419,phase2-full-grid-rerun-20260731-l4-l4-tp1-f2040-i32-o32-r10-rep3-seg1-attempt2-00419-2058b6c72adf,96ab8e13875b46bc8fab6faa77d4c45f,d2bd4b3980e14486,1785511885825185059,1785511885826348412,1785511885828758912,1785511885835848350,1785511885997574709,1785511888056669607,1.163353,2.4105,3.573853,168.815797,66.42241606451613,2227.910695,32,32,32,32,32,32,32,True,200,phase2-full-grid-rerun-20260731-l4-l4-tp1-f2040-i32-o32-r10-rep3-seg1-attempt2-00419-2058b6c72adf,success,False,False,0,1,11729,
phase2-full-grid-rerun-20260731-l4-l4-tp1-f2040-i32-o32-r10-rep3-seg1-attempt2,420,phase2-full-grid-rerun-20260731-l4-l4-tp1-f2040-i32-o32-r10-rep3-seg1-attempt2-00420-aa7ef98c97d4,66239d2f634a4b94be7a01863529b7a7,735981e24c2e44e9,1785511885925185059,1785511885926677888,1785511885929350136,1785511885937019488,1785511886134084334,1785511888190831344,1.492829,2.672248,4.165077,204.734198,66.34667774193548,2261.481208,32,32,32,32,32,32,32,True,200,phase2-full-grid-rerun-20260731-l4-l4-tp1-f2040-i32-o32-r10-rep3-seg1-attempt2-00420-aa7ef98c97d4,success,False,False,0,1,11755,
phase2-full-grid-rerun-20260731-l4-l4-tp1-f2040-i32-o32-r10-rep3-seg1-attempt2,421,phase2-full-grid-rerun-20260731-l4-l4-tp1-f2040-i32-o32-r10-rep3-seg1-attempt2-00421-8a94421f8959,6d37a0ab5ec54074ab59996dd8751f50,ab4e2dcc71f14b71,1785511886025185059,1785511886025546636,1785511886027836572,1785511886044273238,1785511886197587039,1785511888256168725,0.361577,2.289936,2.651513,169.750467,66.40586083870967,2228.332153,32,32,32,32,32,32,32,True,200,phase2-full-grid-rerun-20260731-l4-l4-tp1-f2040-i32-o32-r10-rep3-seg1-attempt2-00421-8a94421f8959,success,False,False,0,1,11699,
phase2-full-grid-rerun-20260731-l4-l4-tp1-f2040-i32-o32-r10-rep3-seg1-attempt2,422,phase2-full-grid-rerun-20260731-l4-l4-tp1-f2040-i32-o32-r10-rep3-seg1-attempt2-00422-67237fb6a88d,1ef91ec4dd304f78806581fb3f7308ec,632c897d262e4617,1785511886125185059,1785511886126360650,1785511886129199796,1785511886137214088,1785511886333562024,1785511888392654144,1.175591,2.839146,4.014737,204.362228,66.4223264516129,2263.454348,32,32,32,32,32,32,32,True,200,phase2-full-grid-rerun-20260731-l4-l4-tp1-f2040-i32-o32-r10-rep3-seg1-attempt2-00422-67237fb6a88d,success,False,False,0,1,11737,
phase2-full-grid-rerun-20260731-l4-l4-tp1-f2040-i32-o32-r10-rep3-seg1-attempt2,423,phase2-full-grid-rerun-20260731-l4-l4-tp1-f2040-i32-o32-r10-rep3-seg1-attempt2-00423-bf034df03024,fd1052ac6bce49289c25a77b59075332,549a5239ea3a4c16,1785511886225185059,1785511886227327976,1785511886229653196,1785511886237611085,1785511886396348048,1785511888454711203,2.142917,2.32522,4.468137,166.694852,66.3988114516129,2225.058007,32,32,32,32,32,32,32,True,200,phase2-full-grid-rerun-20260731-l4-l4-tp1-f2040-i32-o32-r10-rep3-seg1-attempt2-00423-bf034df03024,success,False,False,0,1,11728,
phase2-full-grid-rerun-20260731-l4-l4-tp1-f2040-i32-o32-r10-rep3-seg1-attempt2,424,phase2-full-grid-rerun-20260731-l4-l4-tp1-f2040-i32-o32-r10-rep3-seg1-attempt2-00424-9aac3526e057,6c074a48ca2d40ffbff86369455caadd,80d5cfd9dced4d01,1785511886325185059,1785511886325753888,1785511886328091878,1785511886335977047,1785511886535963118,1785511888593594427,0.568829,2.33799,2.906819,207.87124,66.37520351612903,2265.502549,32,32,32,32,32,32,32,True,200,phase2-full-grid-rerun-20260731-l4-l4-tp1-f2040-i32-o32-r10-rep3-seg1-attempt2-00424-9aac3526e057,success,False,False,0,1,11695,
phase2-full-grid-rerun-20260731-l4-l4-tp1-f2040-i32-o32-r10-rep3-seg1-attempt2,425,phase2-full-grid-rerun-20260731-l4-l4-tp1-f2040-i32-o32-r10-rep3-seg1-attempt2-00425-4ecc4ddad906,289148bc9425443cb0ecaefacedc23c7,e461f0ecef8f449d,1785511886425185059,1785511886427217049,1785511886429435402,1785511886437021568,1785511886604882175,1785511888656048286,2.03199,2.218353,4.250343,175.446773,66.16664874193549,2226.612884,32,32,32,32,32,32,32,True,200,phase2-full-grid-rerun-20260731-l4-l4-tp1-f2040-i32-o32-r10-rep3-seg1-attempt2-00425-4ecc4ddad906,success,False,False,0,1,11700,
phase2-full-grid-rerun-20260731-l4-l4-tp1-f2040-i32-o32-r10-rep3-seg1-attempt2,426,phase2-full-grid-rerun-20260731-l4-l4-tp1-f2040-i32-o32-r10-rep3-seg1-attempt2-00426-a45a3780b153,7d0c1e1d82c242e281f9474d57cc973a,89e85b8fb31a4381,1785511886525185059,1785511886525788020,1785511886528072201,1785511886548107031,1785511886732813164,1785511888788577104,0.602961,2.284181,2.887142,204.740963,66.31496580645161,2260.504903,32,32,32,32,32,32,32,True,200,phase2-full-grid-rerun-20260731-l4-l4-tp1-f2040-i32-o32-r10-rep3-seg1-attempt2-00426-a45a3780b153,success,False,False,0,1,11724,
phase2-full-grid-rerun-20260731-l4-l4-tp1-f2040-i32-o32-r10-rep3-seg1-attempt2,427,phase2-full-grid-rerun-20260731-l4-l4-tp1-f2040-i32-o32-r10-rep3-seg1-attempt2-00427-9ba1906d900f,c531439aaf724fdbb8f1ec36262c10c0,c34efa9972224d54,1785511886625185059,1785511886625669099,1785511886627407331,1785511886634116001,1785511886795357317,1785511888854318223,0.48404,1.738232,2.222272,167.949986,66.41809374193548,2226.910892,32,32,32,32,32,32,32,True,200,phase2-full-grid-rerun-20260731-l4-l4-tp1-f2040-i32-o32-r10-rep3-seg1-attempt2-00427-9ba1906d900f,success,False,False,0,1,11690,
phase2-full-grid-rerun-20260731-l4-l4-tp1-f2040-i32-o32-r10-rep3-seg1-attempt2,428,phase2-full-grid-rerun-20260731-l4-l4-tp1-f2040-i32-o32-r10-rep3-seg1-attempt2-00428-9780ef1995e7,7df606c0667545d39157419bcad115ea,c8ebb3fc07d547f1,1785511886725185059,1785511886726024249,1785511886728760705,1785511886739125282,1785511886933615232,1785511888992243354,0.83919,2.736456,3.575646,204.854527,66.40735877419355,2263.482649,32,32,32,32,32,32,32,True,200,phase2-full-grid-rerun-20260731-l4-l4-tp1-f2040-i32-o32-r10-rep3-seg1-attempt2-00428-9780ef1995e7,success,False,False,0,1,11692,
phase2-full-grid-rerun-20260731-l4-l4-tp1-f2040-i32-o32-r10-rep3-seg1-attempt2,429,phase2-full-grid-rerun-20260731-l4-l4-tp1-f2040-i32-o32-r10-rep3-seg1-attempt2-00429-2cbe47769af2,c355737e9b87458ba80212a25013cade,c76fa9dba3674b7c,1785511886825185059,1785511886825443394,1785511886827989947,1785511886835050967,1785511886996221436,1785511889060285739,0.258335,2.546553,2.804888,168.231489,66.5827194516129,2232.295792,32,32,32,32,32,32,32,True,200,phase2-full-grid-rerun-20260731-l4-l4-tp1-f2040-i32-o32-r10-rep3-seg1-attempt2-00429-2cbe47769af2,success,False,False,0,1,11707,
phase2-full-grid-rerun-20260731-l4-l4-tp1-f2040-i32-o32-r10-rep3-seg1-attempt2,430,phase2-full-grid-rerun-20260731-l4-l4-tp1-f2040-i32-o32-r10-rep3-seg1-attempt2-00430-c08a0e5afa90,da5625ab5f684d36a8b2736663774514,435aaa28ecef4101,1785511886925185059,1785511886926723163,1785511886929089834,1785511886939152961,1785511887126520699,1785511889188243866,1.538104,2.366671,3.904775,197.430865,66.50719893548387,2259.154032,32,32,32,32,32,32,32,True,200,phase2-full-grid-rerun-20260731-l4-l4-tp1-f2040-i32-o32-r10-rep3-seg1-attempt2-00430-c08a0e5afa90,success,False,False,0,1,11750,
phase2-full-grid-rerun-20260731-l4-l4-tp1-f2040-i32-o32-r10-rep3-seg1-attempt2,431,phase2-full-grid-rerun-20260731-l4-l4-tp1-f2040-i32-o32-r10-rep3-seg1-attempt2-00431-1581886e65c6,67af6dbbe65049e7a8c7b05baeb5b30f,6bfe82f78d64444e,1785511887025185059,1785511887026231345,1785511887028127724,1785511887048376196,1785511887202913252,1785511889253716020,1.046286,1.896379,2.942665,174.785528,66.154928,2225.588296,32,32,32,32,32,32,32,True,200,phase2-full-grid-rerun-20260731-l4-l4-tp1-f2040-i32-o32-r10-rep3-seg1-attempt2-00431-1581886e65c6,success,False,False,0,1,11702,
phase2-full-grid-rerun-20260731-l4-l4-tp1-f2040-i32-o32-r10-rep3-seg1-attempt2,432,phase2-full-grid-rerun-20260731-l4-l4-tp1-f2040-i32-o32-r10-rep3-seg1-attempt2-00432-73d4529f80f7,8bc6d08cb82a482a9bb177f4d1aa7952,ff4d877ebeff48e0,1785511887125185059,1785511887129486428,1785511887131094644,1785511887137878495,1785511887326408397,1785511889390240687,4.301369,1.608216,5.909585,195.313753,66.57523516129032,2259.146043,32,32,32,32,32,32,32,True,200,phase2-full-grid-rerun-20260731-l4-l4-tp1-f2040-i32-o32-r10-rep3-seg1-attempt2-00432-73d4529f80f7,success,False,False,0,1,11728,
phase2-full-grid-rerun-20260731-l4-l4-tp1-f2040-i32-o32-r10-rep3-seg1-attempt2,433,phase2-full-grid-rerun-20260731-l4-l4-tp1-f2040-i32-o32-r10-rep3-seg1-attempt2-00433-e8203c8a72f7,62d57739e08b41b4887656d5f989df22,3da5a4d14dfe44ba,1785511887225185059,1785511887226285867,1785511887228702186,1785511887236880608,1785511887392749722,1785511889451169248,1.100808,2.416319,3.517127,164.047536,66.40062987096775,2222.467062,32,32,32,32,32,32,32,True,200,phase2-full-grid-rerun-20260731-l4-l4-tp1-f2040-i32-o32-r10-rep3-seg1-attempt2-00433-e8203c8a72f7,success,False,False,0,1,11751,
phase2-full-grid-rerun-20260731-l4-l4-tp1-f2040-i32-o32-r10-rep3-seg1-attempt2,434,phase2-full-grid-rerun-20260731-l4-l4-tp1-f2040-i32-o32-r10-rep3-seg1-attempt2-00434-28840946190d,79e1a484e4e344ffaca362c67ae05db3,23f2183b5e8c4991,1785511887325185059,1785511887329014320,1785511887331118344,1785511887339289468,1785511887525490329,1785511889587156382,3.829261,2.104024,5.933285,194.371985,66.5053565483871,2256.038038,32,32,32,32,32,32,32,True,200,phase2-full-grid-rerun-20260731-l4-l4-tp1-f2040-i32-o32-r10-rep3-seg1-attempt2-00434-28840946190d,success,False,False,0,1,11769,
phase2-full-grid-rerun-20260731-l4-l4-tp1-f2040-i32-o32-r10-rep3-seg1-attempt2,435,phase2-full-grid-rerun-20260731-l4-l4-tp1-f2040-i32-o32-r10-rep3-seg1-attempt2-00435-31c987f89576,b51083a9138a4bcf9381dad1c041a02e,f283fa35ded74b0a,1785511887425185059,1785511887425698593,1785511887428417340,1785511887436826821,1785511887603697805,1785511889652533425,0.513534,2.718747,3.232281,175.280465,66.09147161290322,2224.116085,32,32,32,32,32,32,32,True,200,phase2-full-grid-rerun-20260731-l4-l4-tp1-f2040-i32-o32-r10-rep3-seg1-attempt2-00435-31c987f89576,success,False,False,0,1,11705,
phase2-full-grid-rerun-20260731-l4-l4-tp1-f2040-i32-o32-r10-rep3-seg1-attempt2,436,phase2-full-grid-rerun-20260731-l4-l4-tp1-f2040-i32-o32-r10-rep3-seg1-attempt2-00436-ef3e94f45c6f,abe44872b9f84568b4210a33236d0bfc,f8ad2553be1e46fe,1785511887525185059,1785511887528667397,1785511887530695461,1785511887547614365,1785511887724187564,1785511889786136240,3.482338,2.028064,5.510402,193.492103,66.51447341935484,2255.440779,32,32,32,32,32,32,32,True,200,phase2-full-grid-rerun-20260731-l4-l4-tp1-f2040-i32-o32-r10-rep3-seg1-attempt2-00436-ef3e94f45c6f,success,False,False,0,1,11736,
phase2-full-grid-rerun-20260731-l4-l4-tp1-f2040-i32-o32-r10-rep3-seg1-attempt2,437,phase2-full-grid-rerun-20260731-l4-l4-tp1-f2040-i32-o32-r10-rep3-seg1-attempt2-00437-b77cff2af6e5,2150fcaa538e4af189f09094f6e9bda5,b7802e08f5d34575,1785511887625185059,1785511887626208320,1785511887628823990,1785511887637220873,1785511887792609719,1785511889850950862,1.023261,2.61567,3.638931,163.785729,66.39810138709677,2222.126872,32,32,32,32,32,32,32,True,200,phase2-full-grid-rerun-20260731-l4-l4-tp1-f2040-i32-o32-r10-rep3-seg1-attempt2-00437-b77cff2af6e5,success,False,False,0,1,11680,
phase2-full-grid-rerun-20260731-l4-l4-tp1-f2040-i32-o32-r10-rep3-seg1-attempt2,438,phase2-full-grid-rerun-20260731-l4-l4-tp1-f2040-i32-o32-r10-rep3-seg1-attempt2-00438-2328c749a368,9abf658895a74ade9c8719c9a22e0c2c,30be5e73715c4bf3,1785511887725185059,1785511887728245566,1785511887730193607,1785511887738284541,1785511887923696820,1785511889984790034,3.060507,1.948041,5.008548,193.503213,66.48687787096775,2254.596427,32,32,32,32,32,32,32,True,200,phase2-full-grid-rerun-20260731-l4-l4-tp1-f2040-i32-o32-r10-rep3-seg1-attempt2-00438-2328c749a368,success,False,False,0,1,11747,
phase2-full-grid-rerun-20260731-l4-l4-tp1-f2040-i32-o32-r10-rep3-seg1-attempt2,439,phase2-full-grid-rerun-20260731-l4-l4-tp1-f2040-i32-o32-r10-rep3-seg1-attempt2-00439-48bfdaa94157,4018880c92a6434bb0561f732706cdcd,dd38a2e6fa60412d,1785511887825185059,1785511887825450144,1785511887828190571,1785511887836513338,1785511887991279819,1785511890061084831,0.265085,2.740427,3.005512,163.089248,66.76790361290323,2232.89426,32,32,32,32,32,32,32,True,200,phase2-full-grid-rerun-20260731-l4-l4-tp1-f2040-i32-o32-r10-rep3-seg1-attempt2-00439-48bfdaa94157,success,False,False,0,1,11759,
phase2-full-grid-rerun-20260731-l4-l4-tp1-f2040-i32-o32-r10-rep3-seg1-attempt2,440,phase2-full-grid-rerun-20260731-l4-l4-tp1-f2040-i32-o32-r10-rep3-seg1-attempt2-00440-f90f90c0b97f,45a80c70fb404e18bc97d9538a26d237,60ea06fa3ca04ed9,1785511887925185059,1785511887927828617,1785511887929858291,1785511887938093693,1785511888123409054,1785511890187227222,2.643558,2.029674,4.673232,193.550763,66.57477961290321,2257.368931,32,32,32,32,32,32,32,True,200,phase2-full-grid-rerun-20260731-l4-l4-tp1-f2040-i32-o32-r10-rep3-seg1-attempt2-00440-f90f90c0b97f,success,False,False,0,1,11690,
phase2-full-grid-rerun-20260731-l4-l4-tp1-f2040-i32-o32-r10-rep3-seg1-attempt2,441,phase2-full-grid-rerun-20260731-l4-l4-tp1-f2040-i32-o32-r10-rep3-seg1-attempt2-00441-a1f6cd84fc9e,053e4c47d6f74ab39b0d53d183d8766c,76d1c27275cd4672,1785511888025185059,1785511888026115978,1785511888028991021,1785511888047000027,1785511888199883376,1785511890251058715,0.930919,2.875043,3.805962,170.892355,66.16694641935483,2222.067694,32,32,32,32,32,32,32,True,200,phase2-full-grid-rerun-20260731-l4-l4-tp1-f2040-i32-o32-r10-rep3-seg1-attempt2-00441-a1f6cd84fc9e,success,False,False,0,1,11737,
phase2-full-grid-rerun-20260731-l4-l4-tp1-f2040-i32-o32-r10-rep3-seg1-attempt2,442,phase2-full-grid-rerun-20260731-l4-l4-tp1-f2040-i32-o32-r10-rep3-seg1-attempt2-00442-437a17529c95,83ce9f1d4c174516802ca76dff5e2818,63252e982fd04998,1785511888125185059,1785511888126462835,1785511888128009923,1785511888135654084,1785511888321716016,1785511890383397851,1.277776,1.547088,2.824864,193.706093,66.50586564516128,2255.387928,32,32,32,32,32,32,32,True,200,phase2-full-grid-rerun-20260731-l4-l4-tp1-f2040-i32-o32-r10-rep3-seg1-attempt2-00442-437a17529c95,success,False,False,0,1,11680,
phase2-full-grid-rerun-20260731-l4-l4-tp1-f2040-i32-o32-r10-rep3-seg1-attempt2,443,phase2-full-grid-rerun-20260731-l4-l4-tp1-f2040-i32-o32-r10-rep3-seg1-attempt2-00443-e78700c9ab64,668be101d6d942a0aa32aa0f33f48fe2,3f017a86cb704cea,1785511888225185059,1785511888225465869,1785511888228018599,1785511888235232532,1785511888390182748,1785511890448684728,0.28081,2.55273,2.83354,162.164149,66.40328967741935,2220.666129,32,32,32,32,32,32,32,True,200,phase2-full-grid-rerun-20260731-l4-l4-tp1-f2040-i32-o32-r10-rep3-seg1-attempt2-00443-e78700c9ab64,success,False,False,0,1,11689,
phase2-full-grid-rerun-20260731-l4-l4-tp1-f2040-i32-o32-r10-rep3-seg1-attempt2,444,phase2-full-grid-rerun-20260731-l4-l4-tp1-f2040-i32-o32-r10-rep3-seg1-attempt2-00444-da2aac207d41,2bbe49d75be14b53abc32bee0c30b865,013c52a357f94e57,1785511888325185059,1785511888325570471,1785511888327093662,1785511888334579554,1785511888521471172,1785511890585882203,0.385412,1.523191,1.908603,194.37751,66.59390422580645,2258.788541,32,32,32,32,32,32,32,True,200,phase2-full-grid-rerun-20260731-l4-l4-tp1-f2040-i32-o32-r10-rep3-seg1-attempt2-00444-da2aac207d41,success,False,False,0,1,11763,
phase2-full-grid-rerun-20260731-l4-l4-tp1-f2040-i32-o32-r10-rep3-seg1-attempt2,445,phase2-full-grid-rerun-20260731-l4-l4-tp1-f2040-i32-o32-r10-rep3-seg1-attempt2-00445-24f8b2ee4103,ef350c3049d7437d96595012c04711a8,ea52eb18dafc43d4,1785511888425185059,1785511888425655539,1785511888428125900,1785511888435641501,1785511888590590386,1785511890649105266,0.47048,2.470361,2.940841,162.464486,66.40370580645161,2220.979366,32,32,32,32,32,32,32,True,200,phase2-full-grid-rerun-20260731-l4-l4-tp1-f2040-i32-o32-r10-rep3-seg1-attempt2-00445-24f8b2ee4103,success,False,False,0,1,11736,
phase2-full-grid-rerun-20260731-l4-l4-tp1-f2040-i32-o32-r10-rep3-seg1-attempt2,446,phase2-full-grid-rerun-20260731-l4-l4-tp1-f2040-i32-o32-r10-rep3-seg1-attempt2-00446-649c188c87ff,13a7670522864780a7af8194bcf461f0,26cded84eb594ec2,1785511888525185059,1785511888525355057,1785511888526620053,1785511888534540182,1785511888720225591,1785511890781675649,0.169998,1.264996,1.434994,193.605538,66.49838896774193,2255.055596,32,32,32,32,32,32,32,True,200,phase2-full-grid-rerun-20260731-l4-l4-tp1-f2040-i32-o32-r10-rep3-seg1-attempt2-00446-649c188c87ff,success,False,False,0,1,11716,
phase2-full-grid-rerun-20260731-l4-l4-tp1-f2040-i32-o32-r10-rep3-seg1-attempt2,447,phase2-full-grid-rerun-20260731-l4-l4-tp1-f2040-i32-o32-r10-rep3-seg1-attempt2-00447-999887eceadd,b07411e2526e4419b22da8d1f302a89c,44d75b0c2a6c4d95,1785511888625185059,1785511888626307352,1785511888628915655,1785511888636850551,1785511888798963794,1785511890848836300,1.122293,2.608303,3.730596,170.048139,66.1249195483871,2219.920645,32,32,32,32,32,32,32,True,200,phase2-full-grid-rerun-20260731-l4-l4-tp1-f2040-i32-o32-r10-rep3-seg1-attempt2-00447-999887eceadd,success,False,False,0,1,11689,
phase2-full-grid-rerun-20260731-l4-l4-tp1-f2040-i32-o32-r10-rep3-seg1-attempt2,448,phase2-full-grid-rerun-20260731-l4-l4-tp1-f2040-i32-o32-r10-rep3-seg1-attempt2-00448-8c2094ab5706,9fe1e6602b9d4d12989196ba546e0e15,ca45333622d448b8,1785511888725185059,1785511888725651856,1785511888727513449,1785511888735215003,1785511888920990639,1785511890984692835,0.466797,1.861593,2.32839,193.47719,66.57103858064517,2257.179386,32,32,32,32,32,32,32,True,200,phase2-full-grid-rerun-20260731-l4-l4-tp1-f2040-i32-o32-r10-rep3-seg1-attempt2-00448-8c2094ab5706,success,False,False,0,1,11691,
phase2-full-grid-rerun-20260731-l4-l4-tp1-f2040-i32-o32-r10-rep3-seg1-attempt2,449,phase2-full-grid-rerun-20260731-l4-l4-tp1-f2040-i32-o32-r10-rep3-seg1-attempt2-00449-e76cc401aab0,93780d64ad99453db273f665c00a52c6,9e132d3752224f37,1785511888825185059,1785511888825728939,1785511888828106998,1785511888835634935,1785511888987687128,1785511891046394266,0.54388,2.378059,2.921939,159.58013,66.40990767741935,2218.287268,32,32,32,32,32,32,32,True,200,phase2-full-grid-rerun-20260731-l4-l4-tp1-f2040-i32-o32-r10-rep3-seg1-attempt2-00449-e76cc401aab0,success,False,False,0,1,11724,
phase2-full-grid-rerun-20260731-l4-l4-tp1-f2040-i32-o32-r10-rep3-seg1-attempt2,450,phase2-full-grid-rerun-20260731-l4-l4-tp1-f2040-i32-o32-r10-rep3-seg1-attempt2-00450-b1cf1d51e8c2,f7aef1a581b14278b68d2b2afad5b971,71b7da5924684dd3,1785511888925185059,1785511888925896182,1785511888927800518,1785511888935071635,1785511889119095114,1785511891180879563,0.711123,1.904336,2.615459,191.294596,66.50917577419355,2253.079045,32,32,32,32,32,32,32,True,200,phase2-full-grid-rerun-20260731-l4-l4-tp1-f2040-i32-o32-r10-rep3-seg1-attempt2-00450-b1cf1d51e8c2,success,False,False,0,1,11695,
phase2-full-grid-rerun-20260731-l4-l4-tp1-f2040-i32-o32-r10-rep3-seg1-attempt2,451,phase2-full-grid-rerun-20260731-l4-l4-tp1-f2040-i32-o32-r10-rep3-seg1-attempt2-00451-4326313a2640,e9b0235981a74c889335ce13df7b5486,e8b8d12d93da4286,1785511889025185059,1785511889025988298,1785511889028664338,1785511889036703358,1785511889189019613,1785511891247195308,0.803239,2.67604,3.479279,160.355275,66.3927643548387,2218.53097,32,32,32,32,32,32,32,True,200,phase2-full-grid-rerun-20260731-l4-l4-tp1-f2040-i32-o32-r10-rep3-seg1-attempt2-00451-4326313a2640,success,False,False,0,1,11680,
phase2-full-grid-rerun-20260731-l4-l4-tp1-f2040-i32-o32-r10-rep3-seg1-attempt2,452,phase2-full-grid-rerun-20260731-l4-l4-tp1-f2040-i32-o32-r10-rep3-seg1-attempt2-00452-324f19d846c7,2ac8a5cb85b0410e9124c58122dc8a23,f1215c90471f4cb6,1785511889125185059,1785511889125554292,1785511889127019020,1785511889133822896,1785511889319723536,1785511891384402733,0.369233,1.464728,1.833961,192.704516,66.60255474193548,2257.383713,32,32,32,32,32,32,32,True,200,phase2-full-grid-rerun-20260731-l4-l4-tp1-f2040-i32-o32-r10-rep3-seg1-attempt2-00452-324f19d846c7,success,False,False,0,1,11734,
phase2-full-grid-rerun-20260731-l4-l4-tp1-f2040-i32-o32-r10-rep3-seg1-attempt2,453,phase2-full-grid-rerun-20260731-l4-l4-tp1-f2040-i32-o32-r10-rep3-seg1-attempt2-00453-91be3df92c17,4df5d597b011468cad615cb4228394e4,47a35532863b46d7,1785511889225185059,1785511889226440349,1785511889228712948,1785511889235497913,1785511889387498418,1785511891445900026,1.25529,2.272599,3.527889,158.78547,66.40005187096774,2217.187078,32,32,32,32,32,32,32,True,200,phase2-full-grid-rerun-20260731-l4-l4-tp1-f2040-i32-o32-r10-rep3-seg1-attempt2-00453-91be3df92c17,success,False,False,0,1,11736,
phase2-full-grid-rerun-20260731-l4-l4-tp1-f2040-i32-o32-r10-rep3-seg1-attempt2,454,phase2-full-grid-rerun-20260731-l4-l4-tp1-f2040-i32-o32-r10-rep3-seg1-attempt2-00454-dd5176b061e9,d2974ee4781540feb80f44d147780413,1ff44590213c4c86,1785511889325185059,1785511889325937596,1785511889327116064,1785511889334437428,1785511889518196088,1785511891580063619,0.752537,1.178468,1.931005,191.080024,66.51185583870968,2252.947555,32,32,32,32,32,32,32,True,200,phase2-full-grid-rerun-20260731-l4-l4-tp1-f2040-i32-o32-r10-rep3-seg1-attempt2-00454-dd5176b061e9,success,False,False,0,1,11695,
phase2-full-grid-rerun-20260731-l4-l4-tp1-f2040-i32-o32-r10-rep3-seg1-attempt2,455,phase2-full-grid-rerun-20260731-l4-l4-tp1-f2040-i32-o32-r10-rep3-seg1-attempt2-00455-4b84ed165890,53b7bd09e01d4c89a52b9af7fa77c760,e93748a882fa471b,1785511889425185059,1785511889425929351,1785511889428159222,1785511889435522328,1785511889587539839,1785511891645691954,0.744292,2.229871,2.974163,159.380617,66.39200370967741,2217.532732,32,32,32,32,32,32,32,True,200,phase2-full-grid-rerun-20260731-l4-l4-tp1-f2040-i32-o32-r10-rep3-seg1-attempt2-00455-4b84ed165890,success,False,False,0,1,11781,
phase2-full-grid-rerun-20260731-l4-l4-tp1-f2040-i32-o32-r10-rep3-seg1-attempt2,456,phase2-full-grid-rerun-20260731-l4-l4-tp1-f2040-i32-o32-r10-rep3-seg1-attempt2-00456-a47e79e5876f,e7af5c5792384a249fe39ffdf8f57aa2,cfbc379ea4f64134,1785511889525185059,1785511889525725957,1785511889527399983,1785511889534931804,1785511889716390346,1785511891777756467,0.540898,1.674026,2.214924,188.990363,66.49568132258065,2250.356484,32,32,32,32,32,32,32,True,200,phase2-full-grid-rerun-20260731-l4-l4-tp1-f2040-i32-o32-r10-rep3-seg1-attempt2-00456-a47e79e5876f,success,False,False,0,1,11730,
phase2-full-grid-rerun-20260731-l4-l4-tp1-f2040-i32-o32-r10-rep3-seg1-attempt2,457,phase2-full-grid-rerun-20260731-l4-l4-tp1-f2040-i32-o32-r10-rep3-seg1-attempt2-00457-ab1b788ef032,13c78f800557401c80e222aa9a30186d,e766458f72bd4182,1785511889625185059,1785511889625771585,1785511889627826571,1785511889635498618,1785511889786555349,1785511891845147930,0.586526,2.054986,2.641512,158.728778,66.40621229032257,2217.321359,32,32,32,32,32,32,32,True,200,phase2-full-grid-rerun-20260731-l4-l4-tp1-f2040-i32-o32-r10-rep3-seg1-attempt2-00457-ab1b788ef032,success,False,False,0,1,11735,
phase2-full-grid-rerun-20260731-l4-l4-tp1-f2040-i32-o32-r10-rep3-seg1-attempt2,458,phase2-full-grid-rerun-20260731-l4-l4-tp1-f2040-i32-o32-r10-rep3-seg1-attempt2-00458-f95fd839080e,e8675560333743c984adcaf4776c1f10,347e60e7eca24979,1785511889725185059,1785511889725618798,1785511889727882156,1785511889735141483,1785511889917222198,1785511891977623642,0.433739,2.263358,2.697097,189.340042,66.46456270967742,2249.741486,32,32,32,32,32,32,32,True,200,phase2-full-grid-rerun-20260731-l4-l4-tp1-f2040-i32-o32-r10-rep3-seg1-attempt2-00458-f95fd839080e,success,False,False,0,1,11754,
phase2-full-grid-rerun-20260731-l4-l4-tp1-f2040-i32-o32-r10-rep3-seg1-attempt2,459,phase2-full-grid-rerun-20260731-l4-l4-tp1-f2040-i32-o32-r10-rep3-seg1-attempt2-00459-db6d4addccb4,0725e7837bad4e7192d106f4af21783c,3d36fab3cf5e4bed,1785511889825185059,1785511889825968058,1785511889828568571,1785511889836341599,1785511889993165406,1785511892044227900,0.782999,2.600513,3.383512,164.596835,66.16330625806451,2215.659329,32,32,32,32,32,32,32,True,200,phase2-full-grid-rerun-20260731-l4-l4-tp1-f2040-i32-o32-r10-rep3-seg1-attempt2-00459-db6d4addccb4,success,False,False,0,1,11694,
phase2-full-grid-rerun-20260731-l4-l4-tp1-f2040-i32-o32-r10-rep3-seg1-attempt2,460,phase2-full-grid-rerun-20260731-l4-l4-tp1-f2040-i32-o32-r10-rep3-seg1-attempt2-00460-6bf6fe8ec948,7ee0a6c9121f44d4adc0cf46a555d160,1af205598cef4ea3,1785511889925185059,1785511889926134097,1785511889928165148,1785511889935933276,1785511890115650497,1785511892176137886,0.949038,2.031051,2.980089,187.485349,66.46733512903225,2247.972738,32,32,32,32,32,32,32,True,200,phase2-full-grid-rerun-20260731-l4-l4-tp1-f2040-i32-o32-r10-rep3-seg1-attempt2-00460-6bf6fe8ec948,success,False,False,0,1,11690,
phase2-full-grid-rerun-20260731-l4-l4-tp1-f2040-i32-o32-r10-rep3-seg1-attempt2,461,phase2-full-grid-rerun-20260731-l4-l4-tp1-f2040-i32-o32-r10-rep3-seg1-attempt2-00461-4bd56f68efe9,32b19b71ed2246648bf6b824d56b2080,b48b5554976f4768,1785511890025185059,1785511890025553632,1785511890027881158,1785511890035674549,1785511890184051742,1785511892242299217,0.368573,2.327526,2.696099,156.170584,66.39507983870968,2214.418059,32,32,32,32,32,32,32,True,200,phase2-full-grid-rerun-20260731-l4-l4-tp1-f2040-i32-o32-r10-rep3-seg1-attempt2-00461-4bd56f68efe9,success,False,False,0,1,11714,
phase2-full-grid-rerun-20260731-l4-l4-tp1-f2040-i32-o32-r10-rep3-seg1-attempt2,462,phase2-full-grid-rerun-20260731-l4-l4-tp1-f2040-i32-o32-r10-rep3-seg1-attempt2-00462-306fe38caa4d,c42a7ce90b244224a943bd1b283f1fbc,67e0cdcb2e1f4504,1785511890125185059,1785511890125374071,1785511890127542671,1785511890134760316,1785511890315110436,1785511892374877231,0.189012,2.1686,2.357612,187.567765,66.44409016129032,2247.33456,32,32,32,32,32,32,32,True,200,phase2-full-grid-rerun-20260731-l4-l4-tp1-f2040-i32-o32-r10-rep3-seg1-attempt2-00462-306fe38caa4d,success,False,False,0,1,11696,
phase2-full-grid-rerun-20260731-l4-l4-tp1-f2040-i32-o32-r10-rep3-seg1-attempt2,463,phase2-full-grid-rerun-20260731-l4-l4-tp1-f2040-i32-o32-r10-rep3-seg1-attempt2-00463-14dda498df8c,a723d26054064ca3a6e41c0deee1e812,4a26e3c23c9f45c7,1785511890225185059,1785511890226326922,1785511890228946744,1785511890235960547,1785511890391559787,1785511892443135377,1.141863,2.619822,3.761685,162.613043,66.17985774193548,2214.188633,32,32,32,32,32,32,32,True,200,phase2-full-grid-rerun-20260731-l4-l4-tp1-f2040-i32-o32-r10-rep3-seg1-attempt2-00463-14dda498df8c,success,False,False,0,1,11730,
phase2-full-grid-rerun-20260731-l4-l4-tp1-f2040-i32-o32-r10-rep3-seg1-attempt2,464,phase2-full-grid-rerun-20260731-l4-l4-tp1-f2040-i32-o32-r10-rep3-seg1-attempt2-00464-ce1b98f11b08,68d9341d5e074dffa361f8284f785e09,9a6a110d058a4497,1785511890325185059,1785511890325421457,1785511890327709054,1785511890335096556,1785511890515918178,1785511892575368093,0.236398,2.287597,2.523995,188.209124,66.43386822580645,2247.659039,32,32,32,32,32,32,32,True,200,phase2-full-grid-rerun-20260731-l4-l4-tp1-f2040-i32-o32-r10-rep3-seg1-attempt2-00464-ce1b98f11b08,success,False,False,0,1,11725,
phase2-full-grid-rerun-20260731-l4-l4-tp1-f2040-i32-o32-r10-rep3-seg1-attempt2,465,phase2-full-grid-rerun-20260731-l4-l4-tp1-f2040-i32-o32-r10-rep3-seg1-attempt2-00465-bc4230c6f80e,59a041e0aa7549c688a43b8f44d5a04f,4e1ee2d5a9f44970,1785511890425185059,1785511890425625003,1785511890428004925,1785511890435666307,1785511890582971346,1785511892641138790,0.439944,2.379922,2.819866,154.966421,66.39249819354839,2213.133865,32,32,32,32,32,32,32,True,200,phase2-full-grid-rerun-20260731-l4-l4-tp1-f2040-i32-o32-r10-rep3-seg1-attempt2-00465-bc4230c6f80e,success,False,False,0,1,11707,
phase2-full-grid-rerun-20260731-l4-l4-tp1-f2040-i32-o32-r10-rep3-seg1-attempt2,466,phase2-full-grid-rerun-20260731-l4-l4-tp1-f2040-i32-o32-r10-rep3-seg1-attempt2-00466-61d9aec373e2,76e460f5d83e41b6b07abd0a46f04a85,1baf48042ef749e5,1785511890525185059,1785511890525629629,1785511890527745275,1785511890534720126,1785511890713674969,1785511892773192764,0.44457,2.115646,2.560216,185.929694,66.43605790322582,2245.447489,32,32,32,32,32,32,32,True,200,phase2-full-grid-rerun-20260731-l4-l4-tp1-f2040-i32-o32-r10-rep3-seg1-attempt2-00466-61d9aec373e2,success,False,False,0,1,11754,
phase2-full-grid-rerun-20260731-l4-l4-tp1-f2040-i32-o32-r10-rep3-seg1-attempt2,467,phase2-full-grid-rerun-20260731-l4-l4-tp1-f2040-i32-o32-r10-rep3-seg1-attempt2-00467-38ee5925d6cc,1ed56e49ced24a7ba570c631acb25fb4,4e32f7992ec94047,1785511890625185059,1785511890625578344,1785511890628213075,1785511890636065190,1785511890782232755,1785511892839769784,0.393285,2.634731,3.028016,154.01968,66.37216222580645,2211.556709,32,32,32,32,32,32,32,True,200,phase2-full-grid-rerun-20260731-l4-l4-tp1-f2040-i32-o32-r10-rep3-seg1-attempt2-00467-38ee5925d6cc,success,False,False,0,1,11692,
phase2-full-grid-rerun-20260731-l4-l4-tp1-f2040-i32-o32-r10-rep3-seg1-attempt2,468,phase2-full-grid-rerun-20260731-l4-l4-tp1-f2040-i32-o32-r10-rep3-seg1-attempt2-00468-7ba65682366c,ce50291c616f4360bdf3b82870011a10,9c43e6550bcf4af6,1785511890725185059,1785511890725375732,1785511890727316814,1785511890734340940,1785511890914153778,1785511892973333665,0.190673,1.941082,2.131755,186.836964,66.42515764516128,2246.016851,32,32,32,32,32,32,32,True,200,phase2-full-grid-rerun-20260731-l4-l4-tp1-f2040-i32-o32-r10-rep3-seg1-attempt2-00468-7ba65682366c,success,False,False,0,1,11754,
phase2-full-grid-rerun-20260731-l4-l4-tp1-f2040-i32-o32-r10-rep3-seg1-attempt2,469,phase2-full-grid-rerun-20260731-l4-l4-tp1-f2040-i32-o32-r10-rep3-seg1-attempt2-00469-a3370c7d1b72,fa29ab7ceb274730aa25cbcc4d44359a,f6c7f96b526e4eeb,1785511890825185059,1785511890825749798,1785511890827740690,1785511890834686421,1785511890981255529,1785511893039469554,0.564739,1.990892,2.555631,153.514839,66.39400080645161,2211.728864,32,32,32,32,32,32,32,True,200,phase2-full-grid-rerun-20260731-l4-l4-tp1-f2040-i32-o32-r10-rep3-seg1-attempt2-00469-a3370c7d1b72,success,False,False,0,1,11737,
phase2-full-grid-rerun-20260731-l4-l4-tp1-f2040-i32-o32-r10-rep3-seg1-attempt2,470,phase2-full-grid-rerun-20260731-l4-l4-tp1-f2040-i32-o32-r10-rep3-seg1-attempt2-00470-e79ff3af2e70,a23c462635f1477d8ce6255745444a85,e305d94b12704d8c,1785511890925185059,1785511890927123329,1785511890928853417,1785511890935642493,1785511891113731192,1785511893172871848,1.93827,1.730088,3.668358,184.877775,66.42389212903225,2244.018431,32,32,32,32,32,32,32,True,200,phase2-full-grid-rerun-20260731-l4-l4-tp1-f2040-i32-o32-r10-rep3-seg1-attempt2-00470-e79ff3af2e70,success,False,False,0,1,11728,
phase2-full-grid-rerun-20260731-l4-l4-tp1-f2040-i32-o32-r10-rep3-seg1-attempt2,471,phase2-full-grid-rerun-20260731-l4-l4-tp1-f2040-i32-o32-r10-rep3-seg1-attempt2-00471-1be373387b44,dd418bb749354b24a56063f11665513d,0c668071f90348a7,1785511891025185059,1785511891026168485,1785511891028514715,1785511891036298532,1785511891181834531,1785511893242288370,0.983426,2.34623,3.329656,153.319816,66.46625287096774,2213.773655,32,32,32,32,32,32,32,True,200,phase2-full-grid-rerun-20260731-l4-l4-tp1-f2040-i32-o32-r10-rep3-seg1-attempt2-00471-1be373387b44,success,False,False,0,1,11718,
phase2-full-grid-rerun-20260731-l4-l4-tp1-f2040-i32-o32-r10-rep3-seg1-attempt2,472,phase2-full-grid-rerun-20260731-l4-l4-tp1-f2040-i32-o32-r10-rep3-seg1-attempt2-00472-951001766198,314a2e1800f243f2937690ee6202c97b,a53f24204ebb43e3,1785511891125185059,1785511891126397690,1785511891128751176,1785511891136023860,1785511891311336225,1785511893370320512,1.212631,2.353486,3.566117,182.585049,66.41884796774194,2241.569336,32,32,32,32,32,32,32,True,200,phase2-full-grid-rerun-20260731-l4-l4-tp1-f2040-i32-o32-r10-rep3-seg1-attempt2-00472-951001766198,success,False,False,0,1,11734,
phase2-full-grid-rerun-20260731-l4-l4-tp1-f2040-i32-o32-r10-rep3-seg1-attempt2,473,phase2-full-grid-rerun-20260731-l4-l4-tp1-f2040-i32-o32-r10-rep3-seg1-attempt2-00473-1704a4b6f8f6,cb843e8958ca44cb81ae228d00364287,abc88c3fb3934cc1,1785511891225185059,1785511891225620271,1785511891227638715,1785511891234597366,1785511891380104828,1785511893437988379,0.435212,2.018444,2.453656,152.466113,66.38334035483871,2210.349664,32,32,32,32,32,32,32,True,200,phase2-full-grid-rerun-20260731-l4-l4-tp1-f2040-i32-o32-r10-rep3-seg1-attempt2-00473-1704a4b6f8f6,success,False,False,0,1,11737,
phase2-full-grid-rerun-20260731-l4-l4-tp1-f2040-i32-o32-r10-rep3-seg1-attempt2,474,phase2-full-grid-rerun-20260731-l4-l4-tp1-f2040-i32-o32-r10-rep3-seg1-attempt2-00474-976ba5420248,1b211d44bd584342a3731c55c409d815,40c06281ee3f4ecc,1785511891325185059,1785511891325566343,1785511891327499088,1785511891334751431,1785511891512446118,1785511893571986782,0.381284,1.932745,2.314029,184.94703,66.43679561290323,2244.487694,32,32,32,32,32,32,32,True,200,phase2-full-grid-rerun-20260731-l4-l4-tp1-f2040-i32-o32-r10-rep3-seg1-attempt2-00474-976ba5420248,success,False,False,0,1,11687,
phase2-full-grid-rerun-20260731-l4-l4-tp1-f2040-i32-o32-r10-rep3-seg1-attempt2,475,phase2-full-grid-rerun-20260731-l4-l4-tp1-f2040-i32-o32-r10-rep3-seg1-attempt2-00475-faa9aa78d0fd,b66ec1308dad4b8da17da09089383a9e,f02bb0da267c4084,1785511891425185059,1785511891426078527,1785511891428121414,1785511891435713032,1785511891580691485,1785511893640049514,0.893468,2.042887,2.936355,152.570071,66.43090416129033,2211.9281,32,32,32,32,32,32,32,True,200,phase2-full-grid-rerun-20260731-l4-l4-tp1-f2040-i32-o32-r10-rep3-seg1-attempt2-00475-faa9aa78d0fd,success,False,False,0,1,11750,
phase2-full-grid-rerun-20260731-l4-l4-tp1-f2040-i32-o32-r10-rep3-seg1-attempt2,476,phase2-full-grid-rerun-20260731-l4-l4-tp1-f2040-i32-o32-r10-rep3-seg1-attempt2-00476-e9654d627aa0,1b86bb0776f9499a9405f0201e4895c6,277782d608b4401c,1785511891525185059,1785511891525819390,1785511891527646728,1785511891534511076,1785511891710926546,1785511893769761889,0.634331,1.827338,2.461669,183.279818,66.41404332258065,2242.115161,32,32,32,32,32,32,32,True,200,phase2-full-grid-rerun-20260731-l4-l4-tp1-f2040-i32-o32-r10-rep3-seg1-attempt2-00476-e9654d627aa0,success,False,False,0,1,11746,
phase2-full-grid-rerun-20260731-l4-l4-tp1-f2040-i32-o32-r10-rep3-seg1-attempt2,477,phase2-full-grid-rerun-20260731-l4-l4-tp1-f2040-i32-o32-r10-rep3-seg1-attempt2-00477-c80d8d6db8b2,e147176f40304df682c86b0e7a0e108d,9b8545d15d0b4302,1785511891625185059,1785511891625409833,1785511891627602129,1785511891635366293,1785511891787570293,1785511893836139463,0.224774,2.192296,2.41707,159.968164,66.0828764516129,2208.537334,32,32,32,32,32,32,32,True,200,phase2-full-grid-rerun-20260731-l4-l4-tp1-f2040-i32-o32-r10-rep3-seg1-attempt2-00477-c80d8d6db8b2,success,False,False,0,1,11691,
phase2-full-grid-rerun-20260731-l4-l4-tp1-f2040-i32-o32-r10-rep3-seg1-attempt2,478,phase2-full-grid-rerun-20260731-l4-l4-tp1-f2040-i32-o32-r10-rep3-seg1-attempt2-00478-d72b8b9e2ce1,acae8fe4b3da4c8ebc5e4151486a0dec,d8fd21985ee54661,1785511891725185059,1785511891725720810,1785511891727196005,1785511891733809567,1785511891910857252,1785511893968915667,0.535751,1.475195,2.010946,183.661247,66.38898112903226,2241.719662,32,32,32,32,32,32,32,True,200,phase2-full-grid-rerun-20260731-l4-l4-tp1-f2040-i32-o32-r10-rep3-seg1-attempt2-00478-d72b8b9e2ce1,success,False,False,0,1,11728,
phase2-full-grid-rerun-20260731-l4-l4-tp1-f2040-i32-o32-r10-rep3-seg1-attempt2,479,phase2-full-grid-rerun-20260731-l4-l4-tp1-f2040-i32-o32-r10-rep3-seg1-attempt2-00479-61442c518e00,b03c5061baf14fd293c795e415526bbc,de4c06d3d77d4e77,1785511891825185059,1785511891827045458,1785511891829225633,1785511891836656218,1785511892041250934,1785511894099653822,1.860399,2.180175,4.040574,212.025301,66.40009316129033,2270.428189,32,32,32,32,32,32,32,True,200,phase2-full-grid-rerun-20260731-l4-l4-tp1-f2040-i32-o32-r10-rep3-seg1-attempt2-00479-61442c518e00,success,False,False,0,1,11690,
phase2-full-grid-rerun-20260731-l4-l4-tp1-f2040-i32-o32-r10-rep3-seg1-attempt2,480,phase2-full-grid-rerun-20260731-l4-l4-tp1-f2040-i32-o32-r10-rep3-seg1-attempt2-00480-2aa01795ad9c,a230c4e645b440b7b97b5735e231305e,b1d4d595c07b4036,1785511891925185059,1785511891925919104,1785511891928014477,1785511891935253353,1785511892109736805,1785511894166249193,0.734045,2.095373,2.829418,181.722328,66.33910929032258,2238.234716,32,32,32,32,32,32,32,True,200,phase2-full-grid-rerun-20260731-l4-l4-tp1-f2040-i32-o32-r10-rep3-seg1-attempt2-00480-2aa01795ad9c,success,False,False,0,1,11693,
phase2-full-grid-rerun-20260731-l4-l4-tp1-f2040-i32-o32-r10-rep3-seg1-attempt2,481,phase2-full-grid-rerun-20260731-l4-l4-tp1-f2040-i32-o32-r10-rep3-seg1-attempt2-00481-9cdad0df80aa,5e00a12a698c48ffa6a4859aa681b118,fee230707c174ead,1785511892025185059,1785511892026359019,1785511892028828390,1785511892036333581,1785511892242920321,1785511894296723443,1.17396,2.469371,3.643331,214.091931,66.25171361290322,2267.895053,32,32,32,32,32,32,32,True,200,phase2-full-grid-rerun-20260731-l4-l4-tp1-f2040-i32-o32-r10-rep3-seg1-attempt2-00481-9cdad0df80aa,success,False,False,0,1,11752,
phase2-full-grid-rerun-20260731-l4-l4-tp1-f2040-i32-o32-r10-rep3-seg1-attempt2,482,phase2-full-grid-rerun-20260731-l4-l4-tp1-f2040-i32-o32-r10-rep3-seg1-attempt2-00482-f0f53024631e,5d6531cffdc140c8bfd21c5d783b8d3f,4e800e431d9c4bbb,1785511892125185059,1785511892127097440,1785511892129373470,1785511892137039139,1785511892308506985,1785511894360939833,1.912381,2.27603,4.188411,179.133515,66.20751122580644,2231.566363,32,32,32,32,32,32,32,True,200,phase2-full-grid-rerun-20260731-l4-l4-tp1-f2040-i32-o32-r10-rep3-seg1-attempt2-00482-f0f53024631e,success,False,False,0,1,11704,
phase2-full-grid-rerun-20260731-l4-l4-tp1-f2040-i32-o32-r10-rep3-seg1-attempt2,483,phase2-full-grid-rerun-20260731-l4-l4-tp1-f2040-i32-o32-r10-rep3-seg1-attempt2-00483-b22b2bcd1e48,f296d7e68887442a9688ca2b9defcaf2,43d0913d984340f6,1785511892225185059,1785511892226377430,1785511892228632334,1785511892236330626,1785511892440892578,1785511894490160196,1.192371,2.254904,3.447275,212.260244,66.10540703225806,2261.527862,32,32,32,32,32,32,32,True,200,phase2-full-grid-rerun-20260731-l4-l4-tp1-f2040-i32-o32-r10-rep3-seg1-attempt2-00483-b22b2bcd1e48,success,False,False,0,1,11692,
phase2-full-grid-rerun-20260731-l4-l4-tp1-f2040-i32-o32-r10-rep3-seg1-attempt2,484,phase2-full-grid-rerun-20260731-l4-l4-tp1-f2040-i32-o32-r10-rep3-seg1-attempt2-00484-04f6f5f9a01b,692ea457326c489b932c34bac17f2a87,d456243b5a7d428e,1785511892325185059,1785511892325994016,1785511892328294369,1785511892335730421,1785511892507690107,1785511894549422470,0.808957,2.300353,3.10931,179.395738,65.86233429032258,2221.128101,32,32,32,32,32,32,32,True,200,phase2-full-grid-rerun-20260731-l4-l4-tp1-f2040-i32-o32-r10-rep3-seg1-attempt2-00484-04f6f5f9a01b,success,False,False,0,1,11736,
phase2-full-grid-rerun-20260731-l4-l4-tp1-f2040-i32-o32-r10-rep3-seg1-attempt2,485,phase2-full-grid-rerun-20260731-l4-l4-tp1-f2040-i32-o32-r10-rep3-seg1-attempt2-00485-e1f238873f55,2de0985f553440bb9e0d6a330c52d2d8,9da8ad72578546e8,1785511892425185059,1785511892425800315,1785511892427806674,1785511892435183995,1785511892639298701,1785511894668604460,0.615256,2.006359,2.621615,211.492027,65.46147609677419,2240.797786,32,32,32,32,32,32,32,True,200,phase2-full-grid-rerun-20260731-l4-l4-tp1-f2040-i32-o32-r10-rep3-seg1-attempt2-00485-e1f238873f55,success,False,False,0,1,11728,
phase2-full-grid-rerun-20260731-l4-l4-tp1-f2040-i32-o32-r10-rep3-seg1-attempt2,486,phase2-full-grid-rerun-20260731-l4-l4-tp1-f2040-i32-o32-r10-rep3-seg1-attempt2-00486-bc74b3ddbef5,585a66add13a450581bd75388c7951c0,9bff20f24a4240d1,1785511892525185059,1785511892525394678,1785511892527768285,1785511892535492542,1785511892707152293,1785511894726341568,0.209619,2.373607,2.583226,179.384008,65.13513790322581,2198.573283,32,32,32,32,32,32,32,True,200,phase2-full-grid-rerun-20260731-l4-l4-tp1-f2040-i32-o32-r10-rep3-seg1-attempt2-00486-bc74b3ddbef5,success,False,False,0,1,11702,
phase2-full-grid-rerun-20260731-l4-l4-tp1-f2040-i32-o32-r10-rep3-seg1-attempt2,487,phase2-full-grid-rerun-20260731-l4-l4-tp1-f2040-i32-o32-r10-rep3-seg1-attempt2-00487-3fc20e9f2db9,a72454bd965e4084929be1c07f397c1a,913540066a2d4f76,1785511892625185059,1785511892626081607,1785511892627731659,1785511892634607808,1785511892846746087,1785511894845442723,0.896548,1.650052,2.5466,219.014428,64.47408503225806,2217.711064,32,32,32,32,32,32,32,True,200,phase2-full-grid-rerun-20260731-l4-l4-tp1-f2040-i32-o32-r10-rep3-seg1-attempt2-00487-3fc20e9f2db9,success,False,False,0,1,11726,
phase2-full-grid-rerun-20260731-l4-l4-tp1-f2040-i32-o32-r10-rep3-seg1-attempt2,488,phase2-full-grid-rerun-20260731-l4-l4-tp1-f2040-i32-o32-r10-rep3-seg1-attempt2-00488-5248f9e21509,d57df7fafe3140de869cfedd330e0549,183b4004d3b44bfe,1785511892725185059,1785511892726008969,1785511892728531605,1785511892736065060,1785511892905359931,1785511894903878052,0.82391,2.522636,3.346546,176.828326,64.46832648387097,2175.346447,32,32,32,32,32,32,32,True,200,phase2-full-grid-rerun-20260731-l4-l4-tp1-f2040-i32-o32-r10-rep3-seg1-attempt2-00488-5248f9e21509,success,False,False,0,1,11746,
phase2-full-grid-rerun-20260731-l4-l4-tp1-f2040-i32-o32-r10-rep3-seg1-attempt2,489,phase2-full-grid-rerun-20260731-l4-l4-tp1-f2040-i32-o32-r10-rep3-seg1-attempt2-00489-8b03a0ab06ed,1654400fa1df4ca4b0004b4d3ecd6fe8,74f4153c488b4593,1785511892825185059,1785511892825582998,1785511892827367515,1785511892834573550,1785511893039909814,1785511895021329017,0.397939,1.784517,2.182456,212.542299,63.91674848387097,2193.961502,32,32,32,32,32,32,32,True,200,phase2-full-grid-rerun-20260731-l4-l4-tp1-f2040-i32-o32-r10-rep3-seg1-attempt2-00489-8b03a0ab06ed,success,False,False,0,1,11680,
phase2-full-grid-rerun-20260731-l4-l4-tp1-f2040-i32-o32-r10-rep3-seg1-attempt2,490,phase2-full-grid-rerun-20260731-l4-l4-tp1-f2040-i32-o32-r10-rep3-seg1-attempt2-00490-13a32507338a,2e51acfd91a1401687aea04355943df8,45e663ea3b584bf9,1785511892925185059,1785511892925499490,1785511892927817307,1785511892935298632,1785511893104612722,1785511895079068655,0.314431,2.317817,2.632248,176.795415,63.69212687096774,2151.251348,32,32,32,32,32,32,32,True,200,phase2-full-grid-rerun-20260731-l4-l4-tp1-f2040-i32-o32-r10-rep3-seg1-attempt2-00490-13a32507338a,success,False,False,0,1,11734,
phase2-full-grid-rerun-20260731-l4-l4-tp1-f2040-i32-o32-r10-rep3-seg1-attempt2,491,phase2-full-grid-rerun-20260731-l4-l4-tp1-f2040-i32-o32-r10-rep3-seg1-attempt2-00491-1a238102011b,05eaa802f565462888fc4c0ec551960a,f70b01259317466a,1785511893025185059,1785511893025405275,1785511893027414512,1785511893049103662,1785511893240226394,1785511895195918820,0.220216,2.009237,2.229453,212.811882,63.086852451612906,2168.504308,32,32,32,32,32,32,32,True,200,phase2-full-grid-rerun-20260731-l4-l4-tp1-f2040-i32-o32-r10-rep3-seg1-attempt2-00491-1a238102011b,success,False,False,0,1,11755,
phase2-full-grid-rerun-20260731-l4-l4-tp1-f2040-i32-o32-r10-rep3-seg1-attempt2,492,phase2-full-grid-rerun-20260731-l4-l4-tp1-f2040-i32-o32-r10-rep3-seg1-attempt2-00492-3c2e8d3701b5,059122a415e24fc1b5bb6df6847e024b,08828a07e58f4884,1785511893125185059,1785511893126208265,1785511893129248553,1785511893136940035,1785511893303387549,1785511895253806522,1.023206,3.040288,4.063494,174.138996,62.91674106451613,2124.557969,32,32,32,32,32,32,32,True,200,phase2-full-grid-rerun-20260731-l4-l4-tp1-f2040-i32-o32-r10-rep3-seg1-attempt2-00492-3c2e8d3701b5,success,False,False,0,1,11757,
phase2-full-grid-rerun-20260731-l4-l4-tp1-f2040-i32-o32-r10-rep3-seg1-attempt2,493,phase2-full-grid-rerun-20260731-l4-l4-tp1-f2040-i32-o32-r10-rep3-seg1-attempt2-00493-8afaaf093102,e25d68f297ce4ed1a83f9a7839e66ea3,6b836e6784c44bbf,1785511893225185059,1785511893226160651,1785511893229004823,1785511893250877815,1785511893447366761,1785511895369669785,0.975592,2.844172,3.819764,218.361938,62.00977496774194,2140.664962,32,32,32,32,32,32,32,True,200,phase2-full-grid-rerun-20260731-l4-l4-tp1-f2040-i32-o32-r10-rep3-seg1-attempt2-00493-8afaaf093102,success,False,False,0,1,11690,
phase2-full-grid-rerun-20260731-l4-l4-tp1-f2040-i32-o32-r10-rep3-seg1-attempt2,494,phase2-full-grid-rerun-20260731-l4-l4-tp1-f2040-i32-o32-r10-rep3-seg1-attempt2-00494-5dbaa1b6b1d6,364aeacbb6ee4ef7b42d540a3bad666f,62815b7b33604323,1785511893325185059,1785511893327297250,1785511893330252025,1785511893337975156,1785511893503899216,1785511895427318075,2.112191,2.954775,5.066966,173.647191,62.04576964516129,2097.06605,32,32,32,32,32,32,32,True,200,phase2-full-grid-rerun-20260731-l4-l4-tp1-f2040-i32-o32-r10-rep3-seg1-attempt2-00494-5dbaa1b6b1d6,success,False,False,0,1,11748,
phase2-full-grid-rerun-20260731-l4-l4-tp1-f2040-i32-o32-r10-rep3-seg1-attempt2,495,phase2-full-grid-rerun-20260731-l4-l4-tp1-f2040-i32-o32-r10-rep3-seg1-attempt2-00495-2f057c268a29,d0edf45cbfe147cd90e33a20f2b26f8b,c16e057eb5d24097,1785511893425185059,1785511893425554580,1785511893430525916,1785511893449090612,1785511893637126719,1785511895542344937,0.369521,4.971336,5.340857,206.600803,61.45865219354839,2111.819021,32,32,32,32,32,32,32,True,200,phase2-full-grid-rerun-20260731-l4-l4-tp1-f2040-i32-o32-r10-rep3-seg1-attempt2-00495-2f057c268a29,success,False,False,0,1,11690,
phase2-full-grid-rerun-20260731-l4-l4-tp1-f2040-i32-o32-r10-rep3-seg1-attempt2,496,phase2-full-grid-rerun-20260731-l4-l4-tp1-f2040-i32-o32-r10-rep3-seg1-attempt2-00496-1a61babc1a70,88fd6e62be23464ea4f4974887b7c22b,da6336448b3946ed,1785511893525185059,1785511893526341903,1785511893528440167,1785511893534997943,1785511893702170817,1785511895599830865,1.156844,2.098264,3.255108,173.73065,61.21484025806451,2071.390698,32,32,32,32,32,32,32,True,200,phase2-full-grid-rerun-20260731-l4-l4-tp1-f2040-i32-o32-r10-rep3-seg1-attempt2-00496-1a61babc1a70,success,False,False,0,1,11724,
phase2-full-grid-rerun-20260731-l4-l4-tp1-f2040-i32-o32-r10-rep3-seg1-attempt2,497,phase2-full-grid-rerun-20260731-l4-l4-tp1-f2040-i32-o32-r10-rep3-seg1-attempt2-00497-215522bd6406,15b845b0c9cd467682f6f7c5c30602dd,70f48f87489140fa,1785511893625185059,1785511893625603621,1785511893628571043,1785511893645316359,1785511893836830961,1785511895714342782,0.418562,2.967422,3.385984,208.259918,60.56489745161291,2085.771739,32,32,32,32,32,32,32,True,200,phase2-full-grid-rerun-20260731-l4-l4-tp1-f2040-i32-o32-r10-rep3-seg1-attempt2-00497-215522bd6406,success,False,False,0,1,11692,
phase2-full-grid-rerun-20260731-l4-l4-tp1-f2040-i32-o32-r10-rep3-seg1-attempt2,498,phase2-full-grid-rerun-20260731-l4-l4-tp1-f2040-i32-o32-r10-rep3-seg1-attempt2-00498-73a5efd3477a,a424a4625edd43609fb2a4c65d8a8f74,40c6861b648c42f5,1785511893725185059,1785511893725528408,1785511893729293874,1785511893735705902,1785511893902679059,1785511895771600717,0.343349,3.765466,4.108815,173.385185,60.287795419354836,2042.306843,32,32,32,32,32,32,32,True,200,phase2-full-grid-rerun-20260731-l4-l4-tp1-f2040-i32-o32-r10-rep3-seg1-attempt2-00498-73a5efd3477a,success,False,False,0,1,11713,
phase2-full-grid-rerun-20260731-l4-l4-tp1-f2040-i32-o32-r10-rep3-seg1-attempt2,499,phase2-full-grid-rerun-20260731-l4-l4-tp1-f2040-i32-o32-r10-rep3-seg1-attempt2-00499-b31ed0b00056,084e15143a2846b785e8439c9802fcaf,25fd88b2e6324412,1785511893825185059,1785511893825666191,1785511893828850904,1785511893846366732,1785511894034189402,1785511895882762862,0.481132,3.184713,3.665845,205.338498,59.63140193548387,2053.911958,32,32,32,32,32,32,32,True,200,phase2-full-grid-rerun-20260731-l4-l4-tp1-f2040-i32-o32-r10-rep3-seg1-attempt2-00499-b31ed0b00056,success,False,False,0,1,11690,
