unix_ts,workload_seq,target_freq_mhz,rx_bytes,tx_bytes,gpu_util_pct,gpu_power_w,gpu_sm_mhz,gpu_memory_used_mib,gpu_mem_util_pct,gpu_power_limit_w,gpu_mem_clock_mhz,gpu_temperature_c,gpu_memory_total_mib,gpu_pstate
1784880789.080786181,0,360,58613648711,8984429889,0, 16.11, 210, 0, 0, 72.00, 405, 34, 23034, P8
1784880789.703713506,0,360,58613806040,8984627683,0, 16.16, 360, 0, 0, 72.00, 405, 34, 23034, P8
1784880790.329231932,0,360,58613806040,8984627683,0, 16.25, 360, 0, 0, 72.00, 405, 34, 23034, P8
1784880790.952021085,0,360,58614031369,8984904267,0, 16.25, 360, 0, 0, 72.00, 405, 34, 23034, P8
1784880791.575198550,0,360,58614031369,8984904267,0, 16.25, 360, 0, 0, 72.00, 405, 34, 23034, P8
