unix_ts,workload_seq,target_freq_mhz,rx_bytes,tx_bytes,gpu_util_pct,gpu_power_w,gpu_sm_mhz,gpu_memory_used_mib,gpu_mem_util_pct,gpu_power_limit_w,gpu_mem_clock_mhz,gpu_temperature_c,gpu_memory_total_mib,gpu_pstate
1784880788.918969329,0,480,47535422420,41518588278,0, 31.36, 210, 0, 0, 350.00, 405, 25, 46068, P0
1784880789.499323463,0,480,47535422420,41518588278,0, 31.36, 210, 0, 0, 350.00, 405, 25, 46068, P0
1784880790.090486223,0,480,47535650764,41518857314,0, 45.12, 480, 0, 0, 350.00, 9001, 25, 46068, P0
1784880790.670948860,0,480,47535650764,41518857314,0, 58.88, 480, 0, 0, 350.00, 9001, 25, 46068, P0
1784880791.252221773,0,480,47535848418,41519087540,0, 58.88, 480, 0, 0, 350.00, 9001, 25, 46068, P0
