unix_second,endpoint,mean_sensor_power_w,mean_clock_mhz,samples
1788678410,P0,78.652,2520,3
1788678411,P0,79.05922222222223,2520,9
1788678412,P0,79.45222222222222,2520,9
1788678413,P0,79.18066666666667,2520,9
1788678414,P0,78.66555555555556,2520,9
1788678415,P0,78.51977777777778,2520,9
1788678416,P0,78.507,2520,10
1788678417,P0,78.85922222222223,2520,9
1788678418,P0,79.20877777777778,2520,9
1788678419,P0,78.93722222222223,2520,9
1788678420,P0,78.58422222222222,2520,9
1788678421,P0,78.652,2520,9
1788678422,P0,81.3059,2520,10
1788678423,P0,86.98577777777777,2520,9
1788678424,P0,86.52266666666667,2520,9
1788678425,P0,80.45166666666667,2520,9
1788678426,P0,79.778,2520,9
1788678427,P0,77.4828,2358,10
1788678428,P0,71.50966666666666,1710,9
1788678429,P0,70.408,1710,9
1788678430,P0,65.546,1710,9
1788678431,P0,64.73866666666667,1710,9
1788678432,P0,69.49888888888889,1710,9
1788678433,P0,76.8051111111111,1710,9
1788678434,P0,69.64099999999999,1710,10
1788678435,P0,63.97822222222223,1710,9
1788678436,P0,67.56222222222222,1710,9
1788678437,P0,68.891,1710,9
1788678438,P0,66.15366666666667,1710,9
1788678439,P0,63.94233333333333,1710,9
1788678440,P0,63.913,1710,9
1788678441,P0,63.437444444444445,1426.6666666666667,9
1788678442,P0,70.0962,1200,10
1788678443,P0,67.68177777777778,1200,9
1788678444,P0,63.23688888888889,1200,9
1788678445,P0,63.05155555555556,1200,9
1788678446,P0,74.01355555555556,1200,9
1788678447,P0,65.239,1200,9
1788678448,P0,62.224,1200,9
1788678449,P0,63.379444444444445,1200,9
1788678450,P0,72.45988888888888,1200,9
1788678451,P0,65.6488,1200,10
1788678452,P0,62.19177777777777,1200,9
1788678453,P0,62.05188888888889,1200,9
1788678454,P0,61.98411111111111,1200,9
1788678455,P0,64.21966666666667,1005,9
1788678456,P0,72.47222222222221,1005,9
1788678457,P0,65.41155555555555,1005,9
1788678458,P0,61.4465,1005,10
1788678459,P0,65.48444444444445,1005,9
1788678460,P0,68.03655555555555,1005,9
1788678461,P0,63.44111111111111,1005,9
1788678462,P0,61.53955555555556,1005,9
1788678463,P0,67.13511111111112,1005,9
1788678464,P0,66.33977777777778,1005,9
1788678465,P0,62.2052,1005,10
1788678466,P0,61.564,1005,9
1788678467,P0,61.79333333333334,1005,9
1788678468,P0,61.42666666666667,946.6666666666666,9
1788678469,P0,67.305,900,9
1788678470,P0,65.13411111111111,900,9
1788678471,P0,61.730333333333334,900,9
1788678472,P0,62.0528,900,10
1788678473,P0,73.44544444444445,900,9
1788678474,P0,65.126,900,9
1788678475,P0,60.934,900,9
1788678476,P0,61.550111111111114,900,9
1788678477,P0,70.796,900,9
1788678478,P0,65.815,900,9
1788678479,P0,61.3314,900,10
1788678480,P0,61.082,900,9
1788678481,P0,60.93,900,9
1788678482,P0,62.751888888888885,1110,9
1788678483,P0,68.533,1110,9
1788678484,P0,63.345444444444446,1110,9
1788678485,P0,62.01444444444444,1110,9
1788678486,P0,65.35333333333332,1110,9
1788678487,P0,72.2163,1110,10
1788678488,P0,65.801,1110,9
1788678489,P0,61.940333333333335,1110,9
1788678490,P0,67.74811111111111,1110,9
1788678491,P0,68.572,1110,9
1788678492,P0,63.95922222222222,1110,9
1788678493,P0,61.461,1110,9
1788678494,P0,61.5655,1110,10
1788678495,P0,61.495,1051.6666666666667,9
1788678496,P0,61.690666666666665,1005,9
1788678497,P0,61.93522222222222,1005,9
1788678498,P0,69.09155555555556,1005,9
1788678499,P0,66.3611111111111,1005,9
1788678500,P0,61.693999999999996,1005,9
1788678501,P0,62.083099999999995,1005,10
1788678502,P0,68.14444444444445,1005,9
1788678503,P0,63.43344444444445,1005,9
1788678504,P0,61.172555555555554,1005,9
1788678505,P0,63.861333333333334,1005,9
1788678506,P0,70.57188888888889,1005,9
1788678507,P0,63.294222222222224,1005,9
1788678508,P0,61.503,1005,10
1788678509,P0,61.44011111111111,1005,9
1788678510,P0,61.308,1005,9
1788678511,P0,65.96177777777778,1005,9
1788678512,P0,66.75444444444445,1005,9
1788678513,P0,62.541555555555554,1005,9
1788678514,P0,61.47288888888889,1005,9
1788678515,P0,72.00811111111112,1005,9
1788678516,P0,65.6746,1005,10
1788678517,P0,61.503,1005,9
1788678518,P0,61.248,1005,9
1788678519,P0,72.49944444444445,1005,9
1788678520,P0,66.299,1005,9
1788678521,P0,61.237,1005,9
1788678522,P0,61.22544444444444,1005,9
1788678523,P0,61.620000000000005,1005,10
1788678524,P0,63.82622222222222,1005,9
1788678525,P0,65.32811111111111,1005,9
1788678526,P0,62.853,1005,9
1788678527,P0,61.47266666666666,1005,9
1788678528,P0,67.82066666666667,1005,9
1788678529,P0,67.756,1005,9
1788678530,P0,62.8052,1005,10
1788678531,P0,61.145,1005,9
1788678532,P0,67.509,1005,9
1788678533,P0,68.32388888888889,1005,9
1788678534,P0,64.49355555555556,1005,9
1788678535,P0,62.300555555555555,1005,9
1788678536,P0,61.809555555555555,1005,9
1788678537,P0,61.51244444444444,1005,9
1788678538,P0,67.0498,1005,10
1788678539,P0,63.22,1005,9
1788678540,P0,61.41466666666667,1005,9
1788678541,P0,61.230555555555554,1005,9
1788678542,P0,65.66211111111112,1005,9
1788678543,P0,67.401,1005,9
1788678544,P0,61.84277777777778,1005,9
1788678545,P0,61.12844444444444,1005,9
1788678546,P0,69.8313,1005,10
1788678547,P0,64.635,1005,9
1788678548,P0,61.592,1005,9
1788678549,P0,61.293,1005,9
1788678550,P0,61.29388888888889,1005,9
1788678551,P0,64.32188888888889,1005,9
1788678552,P0,67.03966666666668,1005,9
1788678553,P0,63.781400000000005,1005,10
1788678554,P0,61.083555555555556,1005,9
1788678555,P0,65.289,1005,9
1788678556,P0,65.61522222222223,1005,9
1788678557,P0,62.617,1005,9
1788678558,P0,61.60322222222222,1005,9
1788678559,P0,68.24133333333333,1005,9
1788678560,P0,67.0211,1005,10
1788678561,P0,62.01133333333333,1005,9
1788678562,P0,60.98733333333333,1005,9
1788678563,P0,61.411,1005,9
1788678564,P0,62.839555555555556,1005,9
1788678565,P0,65.332,1005,9
1788678566,P0,63.48122222222222,1005,9
1788678567,P0,61.647,1005,10
1788678568,P0,64.09255555555555,1005,9
1788678569,P0,66.7401111111111,1005,9
1788678570,P0,63.001777777777775,1005,9
1788678571,P0,61.15544444444444,1005,9
1788678572,P0,62.13744444444444,1005,9
1788678573,P0,63.458999999999996,1005,9
1788678574,P0,62.87233333333333,1005,9
1788678575,P0,61.2415,1005,10
1788678576,P0,61.224,1005,9
1788678577,P0,62.071999999999996,1005,9
1788678578,P0,66.29722222222222,1005,9
1788678579,P0,63.34088888888889,1005,9
1788678580,P0,61.19588888888889,1005,9
1788678581,P0,62.904555555555554,1005,9
1788678582,P0,68.52077777777778,1005,9
1788678583,P0,63.63077777777777,1005,9
1788678584,P0,61.32688888888889,1005,9
1788678585,P0,62.32088888888889,1005,9
1788678586,P0,64.1393,1005,10
1788678587,P0,63.493,1005,9
1788678588,P0,61.35,1005,9
1788678589,P0,61.20733333333333,1005,9
1788678590,P0,61.09866666666667,1005,9
1788678591,P0,66.58033333333333,1005,9
1788678592,P0,66.59155555555556,1005,9
1788678593,P0,61.79877777777778,1005,9
1788678594,P0,61.0908,1005,10
1788678595,P0,63.242222222222225,1005,9
1788678596,P0,65.054,1005,9
1788678597,P0,61.92377777777778,1005,9
1788678598,P0,61.275444444444446,1005,9
1788678599,P0,72.41766666666666,1005,9
1788678600,P0,64.717,1005,10
1788678601,P0,61.148,1005,9
1788678602,P0,62.104,1005,9
1788678603,P0,61.908,1005,9
1788678604,P0,62.642,1710,9
1788678605,P0,63.57,1710,9
1788678606,P0,65.03788888888889,1710,9
1788678607,P0,77.02744444444444,1710,9
1788678608,P0,73.37388888888889,1710,9
1788678609,P0,63.40811111111111,1710,9
1788678610,P0,69.9632,1710,10
1788678611,P0,84.86055555555555,1710,9
1788678612,P0,73.36688888888888,1710,9
1788678613,P0,64.21222222222222,1710,9
1788678614,P0,68.4948888888889,1710,9
1788678615,P0,79.67211111111111,1710,9
1788678616,P0,73.23266666666666,1710,9
1788678617,P0,63.431333333333335,1710,9
1788678618,P0,63.589,1710,9
1788678619,P0,63.62422222222222,1653.3333333333333,9
1788678620,P0,65.7597,1200,10
1788678621,P0,77.07900000000001,1200,9
1788678622,P0,69.27322222222223,1200,9
1788678623,P0,62.233222222222224,1200,9
1788678624,P0,62.406555555555556,1200,9
1788678625,P0,79.61188888888888,1200,9
1788678626,P0,71.75422222222223,1200,9
1788678627,P0,63.0663,1200,10
1788678628,P0,62.551,1200,9
1788678629,P0,77.54266666666666,1200,9
1788678630,P0,71.8758888888889,1200,9
1788678631,P0,63.690222222222225,1200,9
1788678632,P0,62.43844444444444,1200,9
1788678633,P0,62.016666666666666,1200,9
1788678634,P0,61.58444444444444,1048.3333333333333,9
1788678635,P0,73.9761,1005,10
1788678636,P0,70.51211111111111,1005,9
1788678637,P0,62.397888888888886,1005,9
1788678638,P0,62.03322222222222,1005,9
1788678639,P0,75.97588888888889,1005,9
1788678640,P0,72.71333333333332,1005,9
1788678641,P0,65.467,1005,9
1788678642,P0,61.6506,1005,10
1788678643,P0,73.80711111111111,1005,9
1788678644,P0,71.37366666666667,1005,9
1788678645,P0,63.01477777777778,1005,9
1788678646,P0,61.028666666666666,1005,9
1788678647,P0,61.46,1005,9
1788678648,P0,61.54933333333333,946.6666666666666,9
1788678649,P0,73.55655555555555,900,9
1788678650,P0,72.0828,900,10
1788678651,P0,63.47766666666667,900,9
1788678652,P0,60.724333333333334,900,9
1788678653,P0,74.70433333333334,900,9
1788678654,P0,73.11911111111111,900,9
1788678655,P0,64.949,900,9
1788678656,P0,60.72522222222222,900,9
1788678657,P0,70.7836,900,10
1788678658,P0,72.6571111111111,900,9
1788678659,P0,64.72422222222222,900,9
1788678660,P0,61.15477777777778,900,9
1788678661,P0,61.052,900,9
1788678662,P0,61.214999999999996,970,9
1788678663,P0,67.95644444444444,1110,9
1788678664,P0,74.1156,1110,10
1788678665,P0,67.05766666666666,1110,9
1788678666,P0,61.829,1110,9
1788678667,P0,69.2871111111111,1110,9
1788678668,P0,78.06966666666666,1110,9
1788678669,P0,71.91466666666668,1110,9
1788678670,P0,61.53633333333333,1110,9
1788678671,P0,65.24177777777777,1110,9
1788678672,P0,72.2054,1110,10
1788678673,P0,67.67766666666667,1110,9
1788678674,P0,62.08866666666667,1110,9
1788678675,P0,61.815555555555555,1110,9
1788678676,P0,61.437777777777775,1086.6666666666667,9
1788678677,P0,61.193555555555555,1005,9
1788678678,P0,61.003,1005,10
1788678679,P0,69.71000000000001,1005,9
1788678680,P0,71.88677777777778,1005,9
1788678681,P0,64.71455555555556,1005,9
1788678682,P0,61.211777777777776,1005,9
1788678683,P0,70.82333333333334,1005,9
1788678684,P0,75.21455555555556,1005,9
1788678685,P0,67.016,1005,9
1788678686,P0,61.4836,1005,10
1788678687,P0,68.09266666666667,1005,9
1788678688,P0,74.79455555555556,1005,9
1788678689,P0,67.88766666666668,1005,9
1788678690,P0,61.51488888888889,1005,9
1788678691,P0,61.342777777777776,1005,9
1788678692,P0,61.111444444444444,1005,9
1788678693,P0,68.63,1005,10
1788678694,P0,74.07066666666667,1005,9
1788678695,P0,65.53966666666666,1005,9
1788678696,P0,61.17944444444444,1005,9
1788678697,P0,65.22566666666667,1005,9
1788678698,P0,72.46566666666666,1005,9
1788678699,P0,67.065,1005,9
1788678700,P0,61.1774,1005,10
1788678701,P0,65.82522222222222,1005,9
1788678702,P0,75.74022222222223,1005,9
1788678703,P0,68.938,1005,9
1788678704,P0,61.378,1005,9
1788678705,P0,61.736,1005,9
1788678706,P0,61.859,1005,9
1788678707,P0,65.65833333333333,1005,9
1788678708,P0,74.28788888888889,1005,9
1788678709,P0,67.06166666666667,1005,9
1788678710,P0,61.163000000000004,1005,10
1788678711,P0,63.062555555555555,1005,9
1788678712,P0,72.77333333333333,1005,9
1788678713,P0,70.64222222222222,1005,9
1788678714,P0,61.148,1005,9
1788678715,P0,61.125,1005,9
1788678716,P0,69.71322222222221,1005,9
1788678717,P0,71.34155555555556,1005,9
1788678718,P0,64.72111111111111,1005,9
1788678719,P0,61.035111111111114,1005,9
1788678720,P0,61.388,1005,10
1788678721,P0,61.611333333333334,1005,9
1788678722,P0,72.946,1005,9
1788678723,P0,71.66844444444445,1005,9
1788678724,P0,63.26811111111111,1005,9
1788678725,P0,61.169,1005,9
1788678726,P0,66.41333333333333,1005,9
1788678727,P0,73.39233333333334,1005,9
1788678728,P0,68.0903,1005,10
1788678729,P0,61.29366666666667,1005,9
1788678730,P0,61.715777777777774,1005,9
1788678731,P0,75.16833333333334,1005,9
1788678732,P0,71.17511111111111,1005,9
1788678733,P0,62.00611111111111,1005,9
1788678734,P0,61.324,1005,9
1788678735,P0,61.4798,1005,10
1788678736,P0,62.79,1005,9
1788678737,P0,77.43755555555556,1005,9
1788678738,P0,69.574,1005,9
1788678739,P0,61.157,1005,9
1788678740,P0,61.052,1005,9
1788678741,P0,71.12133333333333,1005,9
1788678742,P0,70.87322222222222,1005,9
1788678743,P0,63.222,1005,10
1788678744,P0,61.27633333333333,1005,9
1788678745,P0,71.99211111111111,1005,9
1788678746,P0,72.48033333333333,1005,9
1788678747,P0,66.12633333333333,1005,9
1788678748,P0,61.166999999999994,1005,9
1788678749,P0,61.175,1005,9
1788678750,P0,61.1744,1005,10
1788678751,P0,72.522,1005,9
1788678752,P0,71.03155555555556,1005,9
1788678753,P0,63.190777777777775,1005,9
1788678754,P0,61.18877777777777,1005,9
1788678755,P0,74.35966666666667,1005,9
1788678756,P0,73.76811111111111,1005,9
1788678757,P0,65.27477777777777,1005,9
1788678758,P0,61.1384,1005,10
1788678759,P0,71.99933333333333,1005,9
1788678760,P0,74.07022222222221,1005,9
1788678761,P0,66.07744444444444,1005,9
1788678762,P0,61.418,1005,9
1788678763,P0,61.18266666666666,1005,9
1788678764,P0,61.068333333333335,1005,9
1788678765,P0,71.246,1005,10
1788678766,P0,71.38166666666666,1005,9
1788678767,P0,64.28233333333333,1005,9
1788678768,P0,61.21033333333333,1005,9
1788678769,P0,73.65844444444444,1005,9
1788678770,P0,73.78944444444444,1005,9
1788678771,P0,65.55166666666666,1005,9
1788678772,P0,61.147999999999996,1005,10
1788678773,P0,69.9918888888889,1005,9
1788678774,P0,74.76344444444445,1005,9
1788678775,P0,67.42233333333334,1005,9
1788678776,P0,62.11255555555555,1005,9
1788678777,P0,61.794000000000004,1005,9
1788678778,P0,61.370333333333335,1005,9
1788678779,P0,72.2388888888889,1005,9
1788678780,P0,71.7052,1005,10
1788678781,P0,64.29566666666666,1005,9
1788678782,P0,61.961333333333336,1005,9
1788678783,P0,72.69266666666667,1005,9
1788678784,P0,74.82966666666667,1005,9
1788678785,P0,66.45788888888889,1005,9
1788678786,P0,61.17488888888889,1005,9
1788678787,P0,68.44955555555555,1005,9
1788678788,P0,75.99929999999999,1005,10
1788678789,P0,68.25488888888889,1005,9
1788678790,P0,61.22233333333333,1005,9
1788678791,P0,61.32133333333333,1005,9
1788678792,P0,62.11833333333333,1161.6666666666667,9
1788678793,P0,63.42766666666667,1710,9
1788678794,P0,63.931999999999995,1710,9
1788678795,P0,74.1807,1710,10
1788678796,P0,88.63855555555556,1710,9
1788678797,P0,74.72677777777777,1710,9
1788678798,P0,63.81277777777778,1710,9
1788678799,P0,64.345,1710,9
1788678800,P0,91.9948888888889,1710,9
1788678801,P0,76.90988888888889,1710,9
1788678802,P0,66.9438,1710,10
1788678803,P0,64.78,1710,9
1788678804,P0,94.5051111111111,1710,9
1788678805,P0,77.89377777777779,1710,9
1788678806,P0,64.67133333333334,1710,9
1788678807,P0,64.53244444444445,1710,9
1788678808,P0,64.08033333333333,1710,9
1788678809,P0,63.279111111111106,1426.6666666666667,9
1788678810,P0,83.99977777777778,1200,9
1788678811,P0,82.86311111111111,1200,9
1788678812,P0,66.807,1200,9
1788678813,P0,61.894333333333336,1200,9
1788678814,P0,73.836,1200,9
1788678815,P0,88.7347,1200,10
1788678816,P0,69.96077777777778,1200,9
1788678817,P0,61.99611111111111,1200,9
1788678818,P0,63.53688888888889,1200,9
1788678819,P0,93.48077777777777,1200,9
1788678820,P0,74.72677777777778,1200,9
1788678821,P0,63.32388888888889,1200,9
1788678822,P0,61.86988888888889,1200,9
1788678823,P0,61.79688888888889,1200,9
1788678824,P0,62.79866666666667,1363.3333333333333,9
1788678825,P0,89.3959,1410,10
1788678826,P0,78.22877777777778,1410,9
1788678827,P0,64.88755555555556,1410,9
1788678828,P0,63.044222222222224,1410,9
1788678829,P0,81.50866666666667,1410,9
1788678830,P0,82.65977777777778,1410,9
1788678831,P0,70.27966666666667,1410,9
1788678832,P0,62.72222222222222,1410,9
1788678833,P0,74.1382,1410,10
1788678834,P0,85.85066666666667,1410,9
1788678835,P0,70.26366666666667,1410,9
1788678836,P0,62.70788888888889,1410,9
1788678837,P0,62.652,1410,9
1788678838,P0,62.69744444444444,1430,9
1788678839,P0,73.96388888888889,1500,9
1788678840,P0,90.73122222222221,1500,9
1788678841,P0,71.51759999999999,1500,10
1788678842,P0,63.15977777777778,1500,9
1788678843,P0,64.26688888888889,1500,9
1788678844,P0,88.40233333333333,1500,9
1788678845,P0,79.63155555555556,1500,9
1788678846,P0,64.70533333333333,1500,9
1788678847,P0,62.93988888888889,1500,9
1788678848,P0,79.03444444444445,1500,9
1788678849,P0,81.9314,1500,10
1788678850,P0,67.42433333333334,1500,9
1788678851,P0,62.96366666666667,1500,9
1788678852,P0,63.236111111111114,1500,9
1788678853,P0,63.48988888888889,1558.3333333333333,9
1788678854,P0,83.00022222222222,1605,9
1788678855,P0,82.55499999999999,1605,9
1788678856,P0,66.883,1605,10
1788678857,P0,63.61033333333334,1605,9
1788678858,P0,83.51044444444445,1605,9
1788678859,P0,83.22155555555555,1605,9
1788678860,P0,69.54266666666666,1605,9
1788678861,P0,63.413,1605,9
1788678862,P0,72.60166666666666,1605,9
1788678863,P0,95.80588888888889,1605,9
1788678864,P0,71.3156,1605,10
1788678865,P0,64.07622222222221,1605,9
1788678866,P0,63.776444444444444,1605,9
1788678867,P0,63.72233333333333,1628.3333333333333,9
1788678868,P0,70.30055555555555,1815,9
1788678869,P0,100.22944444444444,1815,9
1788678870,P0,75.534,1815,9
1788678871,P0,65.68509999999999,1815,10
1788678872,P0,66.27188888888888,1815,9
1788678873,P0,99.42733333333334,1815,9
1788678874,P0,82.70311111111111,1815,9
1788678875,P0,66.34911111111111,1815,9
1788678876,P0,64.3,1815,9
1788678877,P0,85.35033333333334,1815,9
1788678878,P0,83.6403,1815,10
1788678879,P0,68.588,1815,9
1788678880,P0,64.25411111111111,1815,9
1788678881,P0,64.279,1815,9
1788678882,P0,64.70011111111111,1756.6666666666667,9
1788678883,P0,64.79255555555555,1710,9
1788678884,P0,85.52222222222223,1710,9
1788678885,P0,82.36166666666666,1710,9
1788678886,P0,68.001,1710,10
1788678887,P0,63.70311111111111,1710,9
1788678888,P0,75.08833333333334,1710,9
1788678889,P0,91.31233333333333,1710,9
1788678890,P0,75.9358888888889,1710,9
1788678891,P0,63.90533333333334,1710,9
1788678892,P0,64.339,1710,9
1788678893,P0,93.548,1710,9
1788678894,P0,77.3362,1710,10
1788678895,P0,64.88166666666667,1710,9
1788678896,P0,64.10755555555555,1710,9
1788678897,P0,64.26544444444444,1710,9
1788678898,P0,66.04355555555556,1710,9
1788678899,P0,94.64466666666667,1710,9
1788678900,P0,81.59077777777777,1710,9
1788678901,P0,65.3362,1710,10
1788678902,P0,63.863,1710,9
1788678903,P0,79.03188888888889,1710,9
1788678904,P0,84.88822222222223,1710,9
1788678905,P0,69.54255555555555,1710,9
1788678906,P0,63.692,1710,9
1788678907,P0,64.50122222222222,1710,9
1788678908,P0,90.1031111111111,1710,9
1788678909,P0,84.752,1710,9
1788678910,P0,66.13666666666667,1710,9
1788678911,P0,63.80855555555556,1710,9
1788678912,P0,63.681555555555555,1710,9
1788678913,P0,63.63122222222222,1710,9
1788678914,P0,87.9526,1710,10
1788678915,P0,78.06755555555556,1710,9
1788678916,P0,64.96744444444445,1710,9
1788678917,P0,63.60466666666667,1710,9
1788678918,P0,70.621,1710,9
1788678919,P0,97.3398888888889,1710,9
1788678920,P0,80.20866666666667,1710,9
1788678921,P0,63.91088888888889,1710,9
1788678922,P0,63.76288888888889,1710,9
1788678923,P0,80.04666666666667,1710,9
1788678924,P0,86.34755555555556,1710,9
1788678925,P0,69.23400000000001,1710,10
1788678926,P0,63.845,1710,9
1788678927,P0,63.68566666666666,1710,9
1788678928,P0,63.68677777777778,1710,9
1788678929,P0,81.20377777777777,1710,9
1788678930,P0,89.68666666666667,1710,9
1788678931,P0,73.02755555555555,1710,9
1788678932,P0,65.8048,1710,10
1788678933,P0,65.17533333333334,1710,9
1788678934,P0,86.16122222222222,1710,9
1788678935,P0,81.64855555555555,1710,9
1788678936,P0,68.48566666666667,1710,9
1788678937,P0,64.581,1710,9
1788678938,P0,67.07566666666666,1710,9
1788678939,P0,89.71090000000001,1710,10
1788678940,P0,77.55633333333334,1710,9
1788678941,P0,65.20766666666667,1710,9
1788678942,P0,64.67844444444444,1710,9
1788678943,P0,63.97244444444444,1710,9
1788678944,P0,65.44088888888889,1710,9
1788678945,P0,99.09833333333333,1710,9
1788678946,P0,74.08980000000001,1710,10
1788678947,P0,64.7368888888889,1710,9
1788678948,P0,63.781333333333336,1710,9
1788678949,P0,85.02155555555555,1710,9
1788678950,P0,83.82377777777778,1710,9
1788678951,P0,69.78066666666666,1710,9
1788678952,P0,63.681111111111115,1710,9
1788678953,P0,70.59255555555555,1710,9
1788678954,P0,91.35344444444445,1710,9
1788678955,P0,73.0586,1710,10
1788678956,P0,63.69011111111111,1710,9
1788678957,P0,64.25955555555556,1710,9
1788678958,P0,64.45244444444444,1710,9
1788678959,P0,69.40344444444445,1710,9
1788678960,P0,98.77122222222222,1710,9
1788678961,P0,74.972,1710,9
1788678962,P0,63.7274,1710,10
1788678963,P0,64.79911111111112,1710,9
1788678964,P0,98.9768888888889,1710,9
1788678965,P0,77.50422222222223,1710,9
1788678966,P0,67.15855555555555,1710,9
1788678967,P0,64.97366666666667,1710,9
1788678968,P0,79.87522222222222,1710,9
1788678969,P0,86.14144444444445,1710,9
1788678970,P0,71.5122,1710,10
1788678971,P0,64.63644444444445,1710,9
1788678972,P0,64.12866666666666,1710,9
1788678973,P0,63.786,1710,9
1788678974,P0,82.827,1710,9
1788678975,P0,85.96622222222221,1710,9
1788678976,P0,70.98255555555555,1710,9
1788678977,P0,65.09700000000001,1710,10
1788678978,P0,69.31755555555556,1710,9
1788678979,P0,92.69733333333333,1710,9
1788678980,P0,72.997,1710,9
1788678981,P0,65.046,1710,9
1788678982,P0,64.645,1710,9
1788678983,P0,79.37133333333334,1710,9
1788678984,P0,83.53555555555556,1710,9
1788678985,P0,70.03399999999999,1710,10
1788678986,P0,64.03577777777778,1710,9
1788678987,P0,63.913,1710,9
1788678988,P0,63.858333333333334,1710,9
1788678989,P0,84.09855555555555,1710,9
1788678990,P0,85.05566666666667,1710,9
1788678991,P0,70.76166666666666,1710,9
1788678992,P0,65.13550000000001,1710,10
1788678993,P0,75.49911111111112,1710,9
1788678994,P0,90.3308888888889,1710,9
1788678995,P0,80.9091111111111,1710,9
1788678996,P0,64.03122222222223,1710,9
1788678997,P0,63.89933333333333,1710,9
1788678998,P0,83.01733333333333,1710,9
1788678999,P0,82.60690000000001,1710,10
1788679000,P0,67.24033333333334,1710,9
1788679001,P0,63.853,1710,9
1788679002,P0,63.708666666666666,1710,9
1788679003,P0,64.31677777777777,1710,9
1788679004,P0,70.55366666666667,1710,9
1788679005,P0,70.247,1710,9
1788679006,P0,64.024,1710,9
1788679007,P0,63.913,1710,9
1788679008,P0,63.79,1710,9
1788679009,P0,63.619,1710,9
1788679010,P0,63.7166,1710,10
1788679011,P0,67.72344444444444,1710,9
1788679012,P0,71.20311111111111,1710,9
1788679013,P0,65.354,1710,9
1788679014,P0,63.68266666666667,1710,9
1788679015,P0,63.76288888888889,1710,9
1788679016,P0,63.79,1710,9
1788679017,P0,63.708,1710,9
1788679018,P0,64.48322222222222,1710,9
1788679019,P0,68.16422222222222,1710,9
1788679020,P0,68.04855555555555,1710,9
1788679021,P0,63.6584,1710,10
1788679022,P0,63.724777777777774,1710,9
1788679023,P0,63.663333333333334,1710,9
1788679024,P0,63.864333333333335,1710,9
1788679025,P0,64.68411111111111,1710,9
1788679026,P0,64.52677777777778,1596.6666666666667,9
1788679027,P0,66.50155555555556,1200,9
1788679028,P0,70.05555555555556,1200,9
1788679029,P0,65.96711111111111,1200,9
1788679030,P0,61.87122222222222,1200,9
1788679031,P0,61.944500000000005,1200,10
1788679032,P0,62.23388888888889,1200,9
1788679033,P0,62.464777777777776,1200,9
1788679034,P0,62.833888888888886,1200,9
1788679035,P0,69.63555555555556,1200,9
1788679036,P0,67.1,1200,9
1788679037,P0,63.77,1200,9
1788679038,P0,63.302,1200,9
1788679039,P0,62.367599999999996,1200,10
1788679040,P0,62.103,1200,9
1788679041,P0,62.275,1200,9
1788679042,P0,65.95055555555555,1200,9
1788679043,P0,67.574,1200,9
1788679044,P0,63.72577777777777,1200,9
1788679045,P0,61.76911111111111,1200,9
1788679046,P0,62.1964,1200,10
1788679047,P0,62.55133333333333,1200,9
1788679048,P0,62.266,1200,9
1788679049,P0,62.062444444444445,1200,9
1788679050,P0,61.78555555555556,1091.6666666666667,9
1788679051,P0,68.57888888888888,1005,9
1788679052,P0,64.95022222222222,1005,9
1788679053,P0,61.9978,1005,10
1788679054,P0,61.39711111111111,1005,9
1788679055,P0,61.27511111111111,1005,9
1788679056,P0,61.248,1005,9
1788679057,P0,61.19122222222222,1005,9
1788679058,P0,63.00433333333333,1005,9
1788679059,P0,67.49933333333334,1005,9
1788679060,P0,64.0956,1005,10
1788679061,P0,61.20333333333333,1005,9
1788679062,P0,61.296,1005,9
1788679063,P0,61.32066666666667,1005,9
1788679064,P0,61.407999999999994,1005,9
1788679065,P0,61.486777777777775,1005,9
1788679066,P0,65.03033333333333,1005,9
1788679067,P0,64.89322222222222,1005,9
1788679068,P0,61.8932,1005,10
1788679069,P0,61.23033333333333,1005,9
1788679070,P0,61.175,1005,9
1788679071,P0,61.052,1005,9
1788679072,P0,61.052,1005,9
1788679073,P0,61.98711111111111,1005,9
1788679074,P0,62.5236,921,10
1788679075,P0,69.0868888888889,900,9
1788679076,P0,64.29644444444445,900,9
1788679077,P0,60.67,900,9
1788679078,P0,60.686,900,9
1788679079,P0,60.735,900,9
1788679080,P0,61.101,900,9
1788679081,P0,61.223,900,9
1788679082,P0,64.1268,900,10
1788679083,P0,67.24133333333333,900,9
1788679084,P0,63.39833333333333,900,9
1788679085,P0,61.282222222222224,900,9
1788679086,P0,61.18022222222222,900,9
1788679087,P0,61.05766666666666,900,9
1788679088,P0,60.934666666666665,900,9
1788679089,P0,62.3309,900,10
1788679090,P0,66.97077777777778,900,9
1788679091,P0,64.84633333333333,900,9
1788679092,P0,60.867333333333335,900,9
1788679093,P0,60.79888888888889,900,9
1788679094,P0,61.13955555555555,900,9
1788679095,P0,61.193555555555555,900,9
1788679096,P0,60.7338,900,10
1788679097,P0,60.650555555555556,900,9
1788679098,P0,62.452444444444446,900,9
1788679099,P0,69.54777777777778,900,9
1788679100,P0,62.778222222222226,900,9
1788679101,P0,60.99066666666666,900,9
1788679102,P0,60.881,900,9
1788679103,P0,60.85366666666667,900,9
1788679104,P0,60.7338,900,10
1788679105,P0,60.637,900,9
1788679106,P0,65.58277777777778,900,9
1788679107,P0,65.99355555555556,900,9
1788679108,P0,62.032333333333334,900,9
1788679109,P0,60.90533333333334,900,9
1788679110,P0,60.88066666666667,900,9
1788679111,P0,60.81322222222222,900,9
1788679112,P0,60.75677777777778,900,9
1788679113,P0,61.419555555555554,900,9
1788679114,P0,69.47177777777777,900,9
1788679115,P0,65.721,900,9
1788679116,P0,60.9084,900,10
1788679117,P0,60.759,900,9
1788679118,P0,60.759,900,9
1788679119,P0,60.758,900,9
1788679120,P0,60.637,900,9
1788679121,P0,60.759,900,9
1788679122,P0,61.473,900,9
1788679123,P0,71.75755555555556,900,9
1788679124,P0,64.706,900,9
1788679125,P0,60.681,900,9
1788679126,P0,61.247,900,9
1788679127,P0,61.541,900,9
1788679128,P0,61.052,900,10
1788679129,P0,60.881,900,9
1788679130,P0,64.04366666666667,900,9
1788679131,P0,69.15244444444444,900,9
1788679132,P0,64.016,900,9
1788679133,P0,61.04333333333334,900,9
1788679134,P0,61.345666666666666,900,9
1788679135,P0,61.22633333333333,900,9
1788679136,P0,60.913666666666664,900,9
1788679137,P0,60.6706,900,10
1788679138,P0,66.55211111111112,900,9
1788679139,P0,65.41444444444444,900,9
1788679140,P0,61.98566666666667,900,9
1788679141,P0,60.879666666666665,900,9
1788679142,P0,60.692,900,9
1788679143,P0,60.7187,900,10
1788679144,P0,60.757333333333335,900,9
1788679145,P0,60.92133333333334,900,9
1788679146,P0,61.09788888888889,900,9
1788679147,P0,63.391444444444446,900,9
1788679148,P0,65.36244444444445,900,9
1788679149,P0,63.01466666666667,900,9
1788679150,P0,60.88055555555556,900,9
1788679151,P0,60.8078,900,10
1788679152,P0,60.69122222222222,900,9
1788679153,P0,60.97588888888889,900,9
1788679154,P0,61.31477777777778,900,9
1788679155,P0,66.75655555555555,900,9
1788679156,P0,64.70433333333334,900,9
1788679157,P0,61.4218,900,10
1788679158,P0,60.74944444444445,900,9
1788679159,P0,60.97577777777778,900,9
1788679160,P0,60.894555555555556,900,9
1788679161,P0,60.66411111111111,900,9
1788679162,P0,60.864,900,9
1788679163,P0,66.15377777777778,900,9
1788679164,P0,65.8448,900,10
1788679165,P0,60.97955555555556,900,9
1788679166,P0,60.872,900,9
1788679167,P0,60.794333333333334,900,9
1788679168,P0,60.685,900,9
1788679169,P0,60.759,900,9
1788679170,P0,60.759,900,9
1788679171,P0,61.5954,900,10
1788679172,P0,65.16533333333334,900,9
1788679173,P0,65.80166666666666,900,9
1788679174,P0,62.187666666666665,900,9
1788679175,P0,61.169444444444444,900,9
1788679176,P0,60.87844444444445,900,9
1788679177,P0,60.726,900,9
1788679178,P0,60.6514,900,10
1788679179,P0,61.12455555555555,900,9
1788679180,P0,68.2178888888889,900,9
1788679181,P0,64.922,900,9
1788679182,P0,60.703,900,9
1788679183,P0,60.644333333333336,900,9
1788679184,P0,60.63611111111111,900,9
1788679185,P0,60.6369,900,10
1788679186,P0,60.881,900,9
1788679187,P0,61.718333333333334,900,9
1788679188,P0,67.81044444444444,900,9
1788679189,P0,62.91122222222222,900,9
1788679190,P0,60.67611111111111,900,9
1788679191,P0,60.637,900,9
1788679192,P0,60.6858,900,10
1788679193,P0,60.9,900,9
1788679194,P0,61.02477777777778,900,9
1788679195,P0,60.788111111111114,900,9
1788679196,P0,60.637,900,9
1788679197,P0,63.54955555555556,900,9
1788679198,P0,64.057,900,9
1788679199,P0,61.236599999999996,900,10
1788679200,P0,60.63944444444444,900,9
1788679201,P0,61.11522222222222,900,9
1788679202,P0,61.50033333333333,900,9
1788679203,P0,61.217444444444446,900,9
1788679204,P0,63.12222222222222,900,9
1788679205,P0,67.99966666666667,900,9
1788679206,P0,64.11,900,9
1788679207,P0,60.681,900,9
1788679208,P0,60.86688888888889,900,9
1788679209,P0,61.26155555555555,900,9
1788679210,P0,61.3212,900,10
1788679211,P0,61.071555555555555,900,9
1788679212,P0,65.82188888888889,900,9
1788679213,P0,66.78977777777777,900,9
1788679214,P0,62.346,900,9
1788679215,P0,60.651666666666664,900,9
1788679216,P0,60.995,900,9
1788679217,P0,61.33733333333333,900,9
1788679218,P0,61.141666666666666,900,9
1788679219,P0,60.839666666666666,900,9
1788679220,P0,60.67666666666667,900,9
1788679221,P0,68.63822222222223,900,9
1788679222,P0,65.2764,900,10
1788679223,P0,61.404333333333334,900,9
1788679224,P0,60.782444444444444,900,9
1788679225,P0,60.67666666666667,900,9
1788679226,P0,60.637,900,9
1788679227,P0,60.79966666666667,900,9
1788679228,P0,62.46644444444444,900,9
1788679229,P0,67.61344444444444,900,9
1788679230,P0,64.34611111111111,900,9
1788679231,P0,60.656555555555556,900,9
1788679232,P0,60.623333333333335,900,9
1788679233,P0,60.5872,900,10
1788679234,P0,60.934444444444445,900,9
1788679235,P0,61.04344444444445,900,9
1788679236,P0,62.59777777777778,900,9
1788679237,P0,66.1588888888889,900,9
1788679238,P0,62.963,900,9
1788679239,P0,61.03633333333333,900,9
1788679240,P0,60.8322,900,10
1788679241,P0,60.71033333333333,900,9
1788679242,P0,60.766666666666666,900,9
1788679243,P0,60.77433333333334,900,9
1788679244,P0,61.00266666666667,900,9
1788679245,P0,63.41155555555556,900,9
1788679246,P0,64.97333333333333,900,9
1788679247,P0,62.7022,900,10
1788679248,P0,60.656555555555556,900,9
1788679249,P0,60.63644444444444,900,9
1788679250,P0,60.63655555555556,900,9
1788679251,P0,60.637,900,9
1788679252,P0,60.93588888888889,900,9
1788679253,P0,69.85022222222223,900,9
1788679254,P0,64.265,900,9
1788679255,P0,61.051,900,10
1788679256,P0,60.735,900,9
1788679257,P0,61.175,900,9
1788679258,P0,61.297,900,9
1788679259,P0,60.86233333333333,900,9
1788679260,P0,63.19766666666667,900,9
1788679261,P0,67.26122222222223,900,9
1788679262,P0,63.756400000000006,900,10
1788679263,P0,61.13466666666667,900,9
1788679264,P0,60.84866666666667,900,9
1788679265,P0,60.71033333333333,900,9
1788679266,P0,60.75866666666667,900,9
1788679267,P0,60.717666666666666,900,9
1788679268,P0,60.8,900,9
1788679269,P0,62.3951,900,10
1788679270,P0,64.53422222222223,900,9
1788679271,P0,64.76555555555557,900,9
1788679272,P0,60.67822222222222,900,9
1788679273,P0,60.637,900,9
1788679274,P0,60.637,900,9
1788679275,P0,60.6733,900,10
1788679276,P0,60.812444444444445,900,9
1788679277,P0,66.16222222222223,900,9
1788679278,P0,66.51055555555556,900,9
1788679279,P0,62.147,900,9
1788679280,P0,60.644333333333336,900,9
1788679281,P0,60.963,900,9
1788679282,P0,61.193777777777775,900,9
1788679283,P0,60.9546,900,10
1788679284,P0,61.662,900,9
1788679285,P0,65.18088888888889,900,9
1788679286,P0,62.899,900,9
1788679287,P0,60.88811111111111,900,9
1788679288,P0,60.73188888888889,900,9
1788679289,P0,60.647888888888886,900,9
1788679290,P0,60.6958,900,10
1788679291,P0,60.778333333333336,900,9
1788679292,P0,60.946222222222225,900,9
1788679293,P0,61.27455555555556,990,9
1788679294,P0,62.49677777777778,1710,9
1788679295,P0,63.42088888888889,1710,9
1788679296,P0,67.64433333333334,1710,9
1788679297,P0,67.94460000000001,1710,10
1788679298,P0,63.379,1710,9
1788679299,P0,63.43944444444445,1710,9
1788679300,P0,63.447,1710,9
1788679301,P0,63.77322222222222,1710,9
1788679302,P0,64.03177777777778,1710,9
1788679303,P0,63.62433333333333,1710,9
1788679304,P0,63.461555555555556,1710,9
1788679305,P0,63.5578,1710,10
1788679306,P0,63.448,1710,9
1788679307,P0,63.326,1710,9
1788679308,P0,63.434444444444445,1710,9
1788679309,P0,63.448,1710,9
1788679310,P0,65.52322222222222,1710,9
1788679311,P0,70.01777777777778,1710,9
1788679312,P0,65.78966666666668,1710,9
1788679313,P0,63.405,1710,9
1788679314,P0,63.49622222222222,1710,9
1788679315,P0,63.459,1710,9
1788679316,P0,63.3626,1710,10
1788679317,P0,63.69233333333333,1710,9
1788679318,P0,64.26233333333333,1710,9
1788679319,P0,64.26233333333333,1710,9
1788679320,P0,63.830999999999996,1710,9
1788679321,P0,63.57833333333333,1710,9
1788679322,P0,63.519222222222226,1710,9
1788679323,P0,63.581,1710,9
1788679324,P0,63.51877777777778,1710,9
1788679325,P0,67.55466666666666,1710,9
1788679326,P0,67.6484,1710,10
1788679327,P0,64.212,1710,9
1788679328,P0,63.52788888888889,1710,9
1788679329,P0,63.41566666666667,1710,9
1788679330,P0,63.42366666666667,1710,9
1788679331,P0,63.448,1710,9
1788679332,P0,63.44733333333333,1710,9
1788679333,P0,63.44766666666667,1710,9
1788679334,P0,64.34466666666667,1710,9
1788679335,P0,64.95566666666667,1710,9
1788679336,P0,64.90633333333334,1710,9
1788679337,P0,64.2768,1710,10
1788679338,P0,63.757666666666665,1710,9
1788679339,P0,63.619,1710,9
1788679340,P0,63.53766666666667,1710,9
1788679341,P0,62.89366666666667,1370,9
1788679342,P0,70.79744444444445,1200,9
1788679343,P0,66.33177777777779,1200,9
1788679344,P0,62.413000000000004,1200,9
1788679345,P0,62.099222222222224,1200,9
1788679346,P0,62.41555555555556,1200,9
1788679347,P0,62.127700000000004,1200,10
1788679348,P0,61.88533333333333,1200,9
1788679349,P0,61.76388888888889,1200,9
1788679350,P0,61.64211111111111,1200,9
1788679351,P0,61.615,1200,9
1788679352,P0,61.615,1200,9
1788679353,P0,62.08788888888889,1200,9
1788679354,P0,62.3077,1200,10
1788679355,P0,61.96677777777778,1200,9
1788679356,P0,63.403,1200,9
1788679357,P0,69.12744444444445,1200,9
1788679358,P0,63.93322222222223,1200,9
1788679359,P0,61.88322222222222,1200,9
1788679360,P0,61.70988888888889,1200,9
1788679361,P0,61.6516,1200,10
1788679362,P0,61.737,1200,9
1788679363,P0,61.845666666666666,1200,9
1788679364,P0,62.28022222222222,1200,9
1788679365,P0,62.33422222222222,1200,9
1788679366,P0,61.80477777777778,1200,9
1788679367,P0,61.6516,1200,10
1788679368,P0,61.737,1200,9
1788679369,P0,61.70988888888889,1200,9
1788679370,P0,61.77722222222222,1200,9
1788679371,P0,67.15511111111111,1200,9
1788679372,P0,68.84144444444445,1200,9
1788679373,P0,63.65811111111111,1200,9
1788679374,P0,61.63944444444444,1200,9
1788679375,P0,61.6395,1200,10
1788679376,P0,61.867333333333335,1200,9
1788679377,P0,62.07055555555556,1200,9
1788679378,P0,61.89911111111111,1200,9
1788679379,P0,61.736555555555555,1200,9
1788679380,P0,61.75877777777778,1200,9
1788679381,P0,61.725,1200,10
1788679382,P0,62.33566666666667,1200,9
1788679383,P0,62.72688888888889,1200,9
1788679384,P0,62.32833333333333,1200,9
1788679385,P0,61.967444444444446,1200,9
1788679386,P0,61.80433333333333,1200,9
1788679387,P0,61.51911111111111,1113.3333333333333,9
1788679388,P0,65.9072,1005,10
1788679389,P0,64.88333333333333,1005,9
1788679390,P0,62.09433333333333,1005,9
1788679391,P0,61.27633333333333,1005,9
1788679392,P0,61.10622222222222,1005,9
1788679393,P0,61.09311111111111,1005,9
1788679394,P0,61.056,1005,9
1788679395,P0,60.9268,1005,10
1788679396,P0,61.205999999999996,1005,9
1788679397,P0,61.45133333333333,1005,9
1788679398,P0,61.248,1005,9
1788679399,P0,61.126,1005,9
1788679400,P0,61.05766666666666,1005,9
1788679401,P0,61.003,1005,9
1788679402,P0,61.1062,1005,10
1788679403,P0,69.46655555555556,1005,9
1788679404,P0,69.101,1005,9
1788679405,P0,61.148,1005,9
1788679406,P0,61.003,1005,9
1788679407,P0,61.003,1005,9
1788679408,P0,61.126,1005,9
1788679409,P0,61.003,1005,9
1788679410,P0,61.052,1005,9
1788679411,P0,61.663,1005,9
1788679412,P0,61.785,1005,9
1788679413,P0,61.3458,1005,10
1788679414,P0,61.126,1005,9
1788679415,P0,61.126,1005,9
1788679416,P0,61.175,1005,9
1788679417,P0,62.96377777777778,1005,9
1788679418,P0,67.32633333333332,1005,9
1788679419,P0,64.90666666666667,1005,9
1788679420,P0,61.186,1005,9
1788679421,P0,61.17433333333333,1005,9
1788679422,P0,61.098555555555556,1005,9
1788679423,P0,61.079,1005,9
1788679424,P0,61.235,1005,10
1788679425,P0,61.13322222222222,1005,9
1788679426,P0,60.93522222222222,1005,9
1788679427,P0,60.93522222222222,1005,9
1788679428,P0,61.53588888888889,1005,9
1788679429,P0,62.071333333333335,1005,9
1788679430,P0,61.72311111111111,1005,9
1788679431,P0,61.38355555555555,1005,9
1788679432,P0,61.193777777777775,1005,9
1788679433,P0,61.01711111111111,970,9
1788679434,P0,63.08911111111111,900,9
1788679435,P0,65.92211111111111,900,9
1788679436,P0,64.28666666666666,900,9
1788679437,P0,60.9745,900,10
1788679438,P0,60.97844444444444,900,9
1788679439,P0,60.95666666666667,900,9
1788679440,P0,60.90822222222222,900,9
1788679441,P0,61.09833333333333,900,9
1788679442,P0,61.47844444444444,900,9
1788679443,P0,61.39666666666667,900,9
1788679444,P0,61.016555555555556,900,9
1788679445,P0,60.881,900,9
1788679446,P0,60.881,900,9
1788679447,P0,60.881,900,10
1788679448,P0,60.881,900,9
1788679449,P0,67.40655555555556,900,9
1788679450,P0,65.81277777777778,900,9
1788679451,P0,61.416777777777774,900,9
1788679452,P0,60.775,900,9
1788679453,P0,60.66411111111111,900,9
1788679454,P0,60.73188888888889,900,9
1788679455,P0,60.7582,900,10
1788679456,P0,60.867333333333335,900,9
1788679457,P0,60.989444444444445,900,9
1788679458,P0,60.78611111111111,900,9
1788679459,P0,60.66411111111111,900,9
1788679460,P0,60.637,900,9
1788679461,P0,60.637,900,10
1788679462,P0,61.071666666666665,900,9
1788679463,P0,63.15555555555555,900,9
1788679464,P0,66.09155555555556,900,9
1788679465,P0,62.394333333333336,900,9
1788679466,P0,61.579,900,9
1788679467,P0,61.28033333333333,900,9
1788679468,P0,60.929500000000004,900,10
1788679469,P0,60.717666666666666,900,9
1788679470,P0,60.653333333333336,900,9
1788679471,P0,60.686,900,9
1788679472,P0,60.84866666666667,900,9
1788679473,P0,61.25566666666666,900,9
1788679474,P0,61.239666666666665,900,9
1788679475,P0,60.8222,900,10
1788679476,P0,60.68533333333333,900,9
1788679477,P0,60.686,900,9
1788679478,P0,60.686,900,9
1788679479,P0,61.96344444444445,900,9
1788679480,P0,65.15911111111112,900,9
1788679481,P0,64.93611111111112,900,9
1788679482,P0,60.986399999999996,900,10
1788679483,P0,60.85288888888889,900,9
1788679484,P0,60.699333333333335,900,9
1788679485,P0,60.494,900,9
1788679486,P0,60.525777777777776,900,9
1788679487,P0,60.79988888888889,900,9
1788679488,P0,61.342888888888886,900,9
1788679489,P0,61.199,900,10
1788679490,P0,60.94811111111111,900,9
1788679491,P0,60.72888888888889,900,9
1788679492,P0,60.63466666666667,900,9
1788679493,P0,60.637,900,9
1788679494,P0,64.78277777777778,900,9
1788679495,P0,69.42222222222222,900,9
1788679496,P0,63.183800000000005,900,10
1788679497,P0,60.64922222222222,900,9
1788679498,P0,60.637,900,9
1788679499,P0,60.637,900,9
1788679500,P0,60.718333333333334,900,9
1788679501,P0,60.881,900,9
1788679502,P0,60.759,900,10
1788679503,P0,60.63644444444444,900,9
1788679504,P0,60.63655555555556,900,9
1788679505,P0,60.637,900,9
1788679506,P0,60.637,900,9
1788679507,P0,60.853,900,9
1788679508,P0,61.23144444444444,900,9
1788679509,P0,67.31666666666666,900,9
1788679510,P0,66.37544444444445,900,9
1788679511,P0,62.009,900,9
1788679512,P0,60.6502,900,10
1788679513,P0,60.637,900,9
1788679514,P0,60.637,900,9
1788679515,P0,60.637,900,9
1788679516,P0,60.637,900,9
1788679517,P0,61.35433333333334,900,9
1788679518,P0,61.59833333333333,900,9
1788679519,P0,61.345,900,9
1788679520,P0,61.003,900,9
1788679521,P0,60.751,900,9
1788679522,P0,60.686,900,9
1788679523,P0,60.6517,900,10
1788679524,P0,60.637,900,9
1788679525,P0,62.76755555555556,900,9
1788679526,P0,65.46988888888889,900,9
1788679527,P0,63.35,900,9
1788679528,P0,60.82211111111111,900,9
1788679529,P0,60.70311111111111,900,9
1788679530,P0,60.637,900,9
1788679531,P0,60.637,900,9
1788679532,P0,60.637,900,9
1788679533,P0,60.759,900,9
1788679534,P0,61.08433333333333,900,9
1788679535,P0,61.1006,900,10
1788679536,P0,60.772555555555556,900,9
1788679537,P0,60.637,900,9
1788679538,P0,60.637,900,9
1788679539,P0,60.65833333333333,900,9
1788679540,P0,65.35455555555556,900,9
1788679541,P0,68.45033333333333,900,9
1788679542,P0,62.325,900,9
1788679543,P0,60.69233333333333,900,9
1788679544,P0,60.759,900,9
1788679545,P0,60.88133333333333,900,9
1788679546,P0,61.20733333333333,900,9
1788679547,P0,61.1744,900,10
1788679548,P0,60.772555555555556,900,9
1788679549,P0,60.69077777777778,900,9
1788679550,P0,60.758,900,9
1788679551,P0,60.717666666666666,900,9
1788679552,P0,60.637,900,9
1788679553,P0,60.637,900,9
1788679554,P0,60.79966666666667,900,9
1788679555,P0,65.46166666666667,900,9
1788679556,P0,70.5296,900,10
1788679557,P0,65.38044444444445,900,9
1788679558,P0,60.723,900,9
1788679559,P0,60.80733333333333,900,9
1788679560,P0,60.751,900,9
1788679561,P0,60.718333333333334,900,9
1788679562,P0,60.979,900,10
1788679563,P0,61.01711111111111,900,9
1788679564,P0,60.84,900,9
1788679565,P0,60.717333333333336,900,9
1788679566,P0,60.595333333333336,900,9
1788679567,P0,60.55466666666667,900,9
1788679568,P0,60.75833333333333,900,9
1788679569,P0,61.0518,900,10
1788679570,P0,61.04366666666667,900,9
1788679571,P0,60.84,900,9
1788679572,P0,62.90622222222222,900,9
1788679573,P0,65.01111111111112,900,9
1788679574,P0,61.913222222222224,900,9
1788679575,P0,60.821000000000005,900,9
1788679576,P0,60.67733333333334,900,9
1788679577,P0,60.6706,900,10
1788679578,P0,60.685,900,9
1788679579,P0,60.64688888888889,900,9
1788679580,P0,61.397444444444446,900,9
1788679581,P0,61.367666666666665,900,9
1788679582,P0,61.05166666666667,900,9
1788679583,P0,60.81,900,10
1788679584,P0,60.66411111111111,900,9
1788679585,P0,60.675111111111114,900,9
1788679586,P0,60.763,900,9
1788679587,P0,63.785777777777774,900,9
1788679588,P0,64.29566666666666,900,9
1788679589,P0,62.449,900,9
1788679590,P0,61.225,900,10
1788679591,P0,60.94888888888889,900,9
1788679592,P0,60.74022222222222,900,9
1788679593,P0,60.686,900,9
1788679594,P0,60.686,900,9
1788679595,P0,61.33766666666667,900,9
1788679596,P0,61.69588888888889,900,9
1788679597,P0,61.186499999999995,900,10
1788679598,P0,60.745444444444445,900,9
1788679599,P0,60.637,900,9
1788679600,P0,60.637,900,9
1788679601,P0,60.637,900,9
1788679602,P0,62.19733333333333,900,9
1788679603,P0,63.43833333333333,900,9
1788679604,P0,62.251400000000004,900,10
1788679605,P0,61.02611111111111,900,9
1788679606,P0,60.821555555555555,900,9
1788679607,P0,60.66422222222222,900,9
1788679608,P0,60.637,900,9
1788679609,P0,60.637,900,9
1788679610,P0,60.637,900,9
1788679611,P0,60.637,900,9
1788679612,P0,60.8322,900,10
1788679613,P0,61.233888888888885,900,9
1788679614,P0,61.20688888888889,900,9
1788679615,P0,60.894111111111116,900,9
1788679616,P0,60.70422222222222,900,9
1788679617,P0,60.63655555555556,900,9
1788679618,P0,60.65822222222222,900,9
1788679619,P0,68.30611111111111,900,9
1788679620,P0,67.43977777777778,900,9
1788679621,P0,62.651444444444444,900,9
1788679622,P0,60.64677777777778,900,9
1788679623,P0,60.93533333333333,900,9
1788679624,P0,61.31011111111111,900,9
1788679625,P0,61.169399999999996,900,10
1788679626,P0,60.92166666666667,900,9
1788679627,P0,60.79966666666667,900,9
1788679628,P0,60.67766666666667,900,9
1788679629,P0,60.635,900,9
1788679630,P0,60.552,900,9
1788679631,P0,60.51266666666667,900,9
1788679632,P0,60.58233333333334,900,9
1788679633,P0,60.63644444444444,900,9
1788679634,P0,62.263222222222225,900,9
1788679635,P0,66.5861,900,10
1788679636,P0,64.43977777777778,900,9
1788679637,P0,60.653888888888886,900,9
1788679638,P0,60.717555555555556,900,9
1788679639,P0,61.05744444444444,900,9
1788679640,P0,61.193555555555555,900,9
1788679641,P0,60.97588888888889,900,9
1788679642,P0,60.85388888888889,900,9
1788679643,P0,60.742777777777775,900,9
1788679644,P0,60.686,900,9
1788679645,P0,60.66688888888889,900,9
1788679646,P0,60.514,900,10
1788679647,P0,60.541333333333334,900,9
1788679648,P0,60.637,900,9
1788679649,P0,60.718333333333334,900,9
1788679650,P0,66.51666666666667,900,9
1788679651,P0,68.80044444444445,900,9
1788679652,P0,61.57533333333333,900,9
1788679653,P0,61.07566666666666,900,9
1788679654,P0,61.342777777777776,900,9
1788679655,P0,60.9299,900,10
1788679656,P0,60.66411111111111,900,9
1788679657,P0,60.637,900,9
1788679658,P0,60.67966666666667,900,9
1788679659,P0,60.68588888888889,900,9
1788679660,P0,60.85933333333333,900,9
1788679661,P0,61.09877777777778,900,9
1788679662,P0,60.9055,900,10
1788679663,P0,60.70766666666667,900,9
1788679664,P0,60.686,900,9
1788679665,P0,60.641555555555556,900,9
1788679666,P0,60.66733333333334,900,9
1788679667,P0,62.413777777777774,900,9
1788679668,P0,63.619,900,9
1788679669,P0,60.974799999999995,900,10
1788679670,P0,60.637,900,9
1788679671,P0,60.637,900,9
1788679672,P0,60.637,900,9
1788679673,P0,61.37,900,9
1788679674,P0,61.248,900,9
1788679675,P0,60.917699999999996,900,10
1788679676,P0,60.636,900,9
1788679677,P0,60.636,900,9
1788679678,P0,60.636,900,9
1788679679,P0,60.637,900,9
1788679680,P0,61.125,900,9
1788679681,P0,62.096888888888884,900,9
1788679682,P0,72.77888888888889,900,9
1788679683,P0,63.772999999999996,900,10
1788679684,P0,60.66166666666667,900,9
1788679685,P0,60.683,900,9
1788679686,P0,60.683,900,9
1788679687,P0,61.016555555555556,900,9
1788679688,P0,61.083888888888886,900,9
1788679689,P0,60.74155555555556,900,9
1788679690,P0,60.6346,900,10
1788679691,P0,60.63677777777778,900,9
1788679692,P0,60.641555555555556,900,9
1788679693,P0,60.72666666666667,900,9
1788679694,P0,61.04655555555556,900,9
1788679695,P0,60.96222222222222,900,9
1788679696,P0,61.804100000000005,900,10
1788679697,P0,65.49822222222222,900,9
1788679698,P0,64.78988888888888,900,9
1788679699,P0,60.934444444444445,900,9
1788679700,P0,61.17922222222222,900,9
1788679701,P0,61.31477777777778,900,9
1788679702,P0,61.09788888888889,900,9
1788679703,P0,61.003,900,10
1788679704,P0,60.97588888888889,900,9
1788679705,P0,60.919,900,9
1788679706,P0,61.214888888888886,900,9
1788679707,P0,61.77411111111111,900,9
1788679708,P0,61.60044444444444,900,9
1788679709,P0,61.09866666666667,900,9
1788679710,P0,60.9664,900,10
1788679711,P0,60.92166666666667,900,9
1788679712,P0,61.003,900,9
1788679713,P0,64.60300000000001,900,9
1788679714,P0,63.471,900,9
1788679715,P0,60.659,900,9
1788679716,P0,60.63944444444444,900,9
1788679717,P0,60.637,900,9
1788679718,P0,60.637,900,9
1788679719,P0,60.637,900,9
1788679720,P0,61.071666666666665,900,9
1788679721,P0,61.32511111111111,900,9
1788679722,P0,61.0197,900,10
1788679723,P0,60.881,900,9
1788679724,P0,60.759,900,9
1788679725,P0,60.637,900,9
1788679726,P0,60.637,900,9
1788679727,P0,61.22544444444445,900,9
1788679728,P0,70.63422222222222,900,9
1788679729,P0,66.385,900,9
1788679730,P0,60.659,900,9
1788679731,P0,61.248,900,9
1788679732,P0,61.64,900,9
1788679733,P0,61.444,900,9
1788679734,P0,61.1325,900,10
1788679735,P0,60.745444444444445,900,9
1788679736,P0,60.637,900,9
1788679737,P0,60.637,900,9
1788679738,P0,60.637,900,9
1788679739,P0,60.637,900,9
1788679740,P0,60.636,900,9
1788679741,P0,60.637,900,9
1788679742,P0,63.17022222222222,900,9
1788679743,P0,68.42333333333333,900,9
1788679744,P0,63.63722222222222,900,9
1788679745,P0,60.961999999999996,900,9
1788679746,P0,60.838,900,9
1788679747,P0,60.7104,900,10
1788679748,P0,60.808,900,9
1788679749,P0,60.77,900,9
1788679750,P0,60.637,900,9
1788679751,P0,60.63677777777778,900,9
1788679752,P0,60.85355555555556,900,9
1788679753,P0,61.58766666666667,900,9
1788679754,P0,61.410444444444444,900,9
1788679755,P0,61.07077777777778,900,9
1788679756,P0,60.881,900,10
1788679757,P0,60.85388888888889,900,9
1788679758,P0,60.73166666666667,900,9
1788679759,P0,64.40477777777778,900,9
1788679760,P0,63.37088888888889,900,9
1788679761,P0,60.92511111111111,900,9
1788679762,P0,60.68211111111111,900,9
1788679763,P0,60.68588888888889,900,9
1788679764,P0,61.082,900,10
1788679765,P0,61.233555555555554,900,9
1788679766,P0,60.81322222222222,900,9
1788679767,P0,60.650555555555556,900,9
1788679768,P0,60.637,900,9
1788679769,P0,60.637,900,9
1788679770,P0,60.6811,900,10
1788679771,P0,61.052,900,9
1788679772,P0,61.00844444444444,900,9
1788679773,P0,61.528444444444446,900,9
1788679774,P0,72.03733333333334,900,9
1788679775,P0,63.734,900,9
1788679776,P0,60.659,900,9
1788679777,P0,60.9808,900,10
1788679778,P0,61.08433333333333,900,9
1788679779,P0,60.745333333333335,900,9
1788679780,P0,60.636,900,9
1788679781,P0,60.63611111111111,900,9
1788679782,P0,60.637,900,9
1788679783,P0,60.636,900,9
1788679784,P0,60.9422,900,10
1788679785,P0,61.033,900,9
1788679786,P0,60.867333333333335,900,9
1788679787,P0,60.74455555555556,900,9
1788679788,P0,62.04311111111111,900,9
1788679789,P0,68.35733333333333,900,9
1788679790,P0,63.0003,900,10
1788679791,P0,60.687000000000005,900,9
1788679792,P0,60.637,900,9
1788679793,P0,60.637,900,9
1788679794,P0,60.637,900,9
1788679795,P0,60.637,900,9
1788679796,P0,60.70211111111111,900,9
1788679797,P0,60.93,900,10
1788679798,P0,60.83233333333333,900,9
1788679799,P0,60.637,900,9
1788679800,P0,60.637,900,9
1788679801,P0,60.637,900,9
1788679802,P0,60.717666666666666,900,9
1788679803,P0,61.02711111111111,900,9
1788679804,P0,61.4529,1062,10
1788679805,P0,62.647666666666666,1710,9
1788679806,P0,63.46611111111111,1710,9
1788679807,P0,72.79544444444444,1710,9
1788679808,P0,73.08044444444444,1710,9
1788679809,P0,64.42777777777778,1710,9
1788679810,P0,63.34066666666667,1710,9
1788679811,P0,63.462,1710,10
1788679812,P0,64.86044444444445,1710,9
1788679813,P0,64.81588888888889,1710,9
1788679814,P0,68.169,1710,9
1788679815,P0,74.19688888888889,1710,9
1788679816,P0,68.35866666666666,1710,9
1788679817,P0,63.370000000000005,1710,9
1788679818,P0,63.448,1710,9
1788679819,P0,63.89566666666666,1710,9
1788679820,P0,64.27866666666667,1710,9
1788679821,P0,64.06700000000001,1710,9
1788679822,P0,76.917,1710,10
1788679823,P0,75.30488888888888,1710,9
1788679824,P0,65.79377777777778,1710,9
1788679825,P0,63.51733333333333,1710,9
1788679826,P0,63.40111111111111,1710,9
1788679827,P0,63.906777777777776,1710,9
1788679828,P0,64.24877777777778,1710,9
1788679829,P0,63.89566666666666,1710,9
1788679830,P0,63.04,1370,9
1788679831,P0,72.81244444444444,1200,9
1788679832,P0,71.21211111111111,1200,9
1788679833,P0,63.4568,1200,10
1788679834,P0,61.61988888888889,1200,9
1788679835,P0,61.72255555555555,1200,9
1788679836,P0,61.736,1200,9
1788679837,P0,62.28,1200,9
1788679838,P0,66.32522222222222,1200,9
1788679839,P0,74.68,1200,9
1788679840,P0,69.31655555555555,1200,9
1788679841,P0,61.849000000000004,1200,9
1788679842,P0,61.70988888888889,1200,9
1788679843,P0,61.77788888888889,1200,9
1788679844,P0,62.3724,1200,10
1788679845,P0,62.361333333333334,1200,9
1788679846,P0,71.34655555555555,1200,9
1788679847,P0,72.71166666666667,1200,9
1788679848,P0,64.82833333333333,1200,9
1788679849,P0,61.711,1200,9
1788679850,P0,61.737,1200,9
1788679851,P0,62.144333333333336,1200,9
1788679852,P0,62.55188888888889,1200,9
1788679853,P0,62.375,1200,9
1788679854,P0,61.89966666666667,1070,9
1788679855,P0,66.62433333333334,1005,9
1788679856,P0,68.31822222222223,1005,9
1788679857,P0,62.65560000000001,1005,10
1788679858,P0,61.01911111111111,1005,9
1788679859,P0,61.003,1005,9
1788679860,P0,61.11233333333333,1005,9
1788679861,P0,61.03033333333333,1005,9
1788679862,P0,63.86288888888889,1005,9
1788679863,P0,72.41188888888888,1005,9
1788679864,P0,66.66588888888889,1005,9
1788679865,P0,61.19588888888889,1005,9
1788679866,P0,61.014,1005,9
1788679867,P0,60.894555555555556,1005,9
1788679868,P0,61.1008,1005,10
1788679869,P0,61.55733333333333,1005,9
1788679870,P0,69.28322222222222,1005,9
1788679871,P0,70.34577777777777,1005,9
1788679872,P0,63.391,1005,9
1788679873,P0,60.968333333333334,1005,9
1788679874,P0,61.003,1005,9
1788679875,P0,61.27466666666667,1005,9
1788679876,P0,61.69588888888889,1005,9
1788679877,P0,61.614555555555555,1005,9
1788679878,P0,61.2726,1005,10
1788679879,P0,60.979,946.6666666666666,9
1788679880,P0,70.59611111111111,900,9
1788679881,P0,70.2641111111111,900,9
1788679882,P0,63.601,900,9
1788679883,P0,60.977666666666664,900,9
1788679884,P0,61.288666666666664,900,9
1788679885,P0,61.044,900,9
1788679886,P0,60.7102,900,10
1788679887,P0,62.566,900,9
1788679888,P0,72.62688888888889,900,9
1788679889,P0,68.51811111111111,900,9
1788679890,P0,60.69566666666667,900,9
1788679891,P0,60.637,900,9
1788679892,P0,60.637,900,9
1788679893,P0,60.6369,900,10
1788679894,P0,60.690444444444445,900,9
1788679895,P0,67.31122222222223,900,9
1788679896,P0,71.85566666666666,900,9
1788679897,P0,64.51033333333334,900,9
1788679898,P0,60.656,900,9
1788679899,P0,61.23433333333333,900,9
1788679900,P0,61.48188888888889,900,9
1788679901,P0,60.9736,900,10
1788679902,P0,60.67666666666667,900,9
1788679903,P0,60.63655555555556,900,9
1788679904,P0,72.06333333333333,900,9
1788679905,P0,73.82222222222222,900,9
1788679906,P0,65.78288888888889,900,9
1788679907,P0,60.757666666666665,900,9
1788679908,P0,60.942,900,10
1788679909,P0,60.94877777777778,900,9
1788679910,P0,60.82677777777778,900,9
1788679911,P0,60.72655555555556,900,9
1788679912,P0,71.97500000000001,900,9
1788679913,P0,68.21355555555556,900,9
1788679914,P0,62.0356,900,10
1788679915,P0,60.683,900,9
1788679916,P0,60.686,900,9
1788679917,P0,60.64244444444444,900,9
1788679918,P0,60.637,900,9
1788679919,P0,63.690333333333335,900,9
1788679920,P0,75.24955555555556,900,9
1788679921,P0,67.77433333333333,900,9
1788679922,P0,60.681555555555555,900,9
1788679923,P0,60.699444444444445,900,9
1788679924,P0,60.80166666666667,900,9
1788679925,P0,60.745444444444445,900,9
1788679926,P0,60.637,900,10
1788679927,P0,60.63677777777778,900,9
1788679928,P0,61.10911111111111,900,9
1788679929,P0,71.143,900,9
1788679930,P0,70.50877777777778,900,9
1788679931,P0,61.90688888888889,900,9
1788679932,P0,60.88088888888889,900,9
1788679933,P0,61.31477777777778,900,9
1788679934,P0,61.586777777777776,900,9
1788679935,P0,61.32933333333333,900,9
1788679936,P0,63.931333333333335,900,9
1788679937,P0,77.14033333333333,900,9
1788679938,P0,67.0488,900,10
1788679939,P0,60.63777777777778,900,9
1788679940,P0,60.72933333333333,900,9
1788679941,P0,61.18022222222222,900,9
1788679942,P0,61.288444444444444,900,9
1788679943,P0,60.97588888888889,900,9
1788679944,P0,65.47233333333334,900,9
1788679945,P0,71.10333333333334,900,9
1788679946,P0,65.95455555555556,900,9
1788679947,P0,60.64877777777778,900,9
1788679948,P0,60.6364,900,10
1788679949,P0,60.79211111111111,900,9
1788679950,P0,61.148666666666664,900,9
1788679951,P0,61.25111111111111,900,9
1788679952,P0,60.96233333333333,900,9
1788679953,P0,61.025666666666666,900,9
1788679954,P0,68.48955555555555,900,9
1788679955,P0,68.43,900,9
1788679956,P0,60.956,900,9
1788679957,P0,60.881,900,9
1788679958,P0,60.759,900,9
1788679959,P0,60.637,900,10
1788679960,P0,60.63688888888889,900,9
1788679961,P0,61.84411111111111,900,9
1788679962,P0,75.6301111111111,900,9
1788679963,P0,69.547,900,9
1788679964,P0,60.681,900,9
1788679965,P0,61.37,900,9
1788679966,P0,61.37,900,9
1788679967,P0,61.174,900,9
1788679968,P0,60.807,900,9
1788679969,P0,63.10933333333333,900,9
1788679970,P0,76.37433333333333,900,9
1788679971,P0,67.3436,900,10
1788679972,P0,60.76066666666667,900,9
1788679973,P0,60.68055555555556,900,9
1788679974,P0,60.718444444444444,900,9
1788679975,P0,61.37,900,9
1788679976,P0,61.342777777777776,900,9
1788679977,P0,61.08433333333333,900,9
1788679978,P0,60.745444444444445,900,9
1788679979,P0,67.16977777777778,900,9
1788679980,P0,72.17022222222222,900,9
1788679981,P0,64.9552,900,10
1788679982,P0,61.50333333333333,900,9
1788679983,P0,60.962666666666664,900,9
1788679984,P0,60.75833333333333,900,9
1788679985,P0,60.75855555555556,900,9
1788679986,P0,60.690666666666665,900,9
1788679987,P0,77.02166666666666,900,9
1788679988,P0,73.95433333333334,900,9
1788679989,P0,64.531,900,10
1788679990,P0,61.19166666666667,900,9
1788679991,P0,60.881,900,9
1788679992,P0,60.69122222222222,900,9
1788679993,P0,60.637,900,9
1788679994,P0,60.637,900,9
1788679995,P0,70.42244444444445,900,9
1788679996,P0,70.0034,900,10
1788679997,P0,63.51933333333333,900,9
1788679998,P0,60.93033333333333,900,9
1788679999,P0,60.81322222222222,900,9
1788680000,P0,60.69122222222222,900,9
1788680001,P0,60.66422222222222,900,9
1788680002,P0,60.714800000000004,900,10
1788680003,P0,60.946,900,9
1788680004,P0,62.231,900,9
1788680005,P0,72.46322222222223,900,9
1788680006,P0,70.52433333333335,900,9
1788680007,P0,61.574222222222225,900,9
1788680008,P0,61.248,900,9
1788680009,P0,60.88,900,9
1788680010,P0,60.7517,900,10
1788680011,P0,60.68588888888889,900,9
1788680012,P0,62.50544444444444,900,9
1788680013,P0,67.54622222222221,900,9
1788680014,P0,66.07966666666667,900,9
1788680015,P0,60.666333333333334,900,9
1788680016,P0,60.637,900,9
1788680017,P0,60.6566,900,10
1788680018,P0,60.90333333333333,900,9
1788680019,P0,61.19933333333333,900,9
1788680020,P0,71.08444444444444,900,9
1788680021,P0,70.46244444444444,900,9
1788680022,P0,63.41166666666667,900,9
1788680023,P0,60.651666666666664,900,9
1788680024,P0,60.637,900,9
1788680025,P0,60.637,900,9
1788680026,P0,60.637,900,9
1788680027,P0,60.979299999999995,900,10
1788680028,P0,61.22088888888889,900,9
1788680029,P0,65.80788888888888,900,9
1788680030,P0,69.46722222222222,900,9
1788680031,P0,65.05966666666666,900,9
1788680032,P0,60.83222222222222,900,9
1788680033,P0,60.690222222222225,900,9
1788680034,P0,60.63655555555556,900,9
1788680035,P0,60.637,900,9
1788680036,P0,60.637,900,9
1788680037,P0,72.048,900,9
1788680038,P0,68.90311111111112,900,9
1788680039,P0,61.6658,900,10
1788680040,P0,60.881,900,9
1788680041,P0,60.759,900,9
1788680042,P0,60.637,900,9
1788680043,P0,60.758,900,9
1788680044,P0,63.742333333333335,900,9
1788680045,P0,72.981,900,9
1788680046,P0,67.56355555555555,900,9
1788680047,P0,61.525555555555556,900,9
1788680048,P0,61.29933333333333,900,9
1788680049,P0,60.99777777777778,900,9
1788680050,P0,60.77,900,9
1788680051,P0,60.637,900,10
1788680052,P0,60.637,900,9
1788680053,P0,65.8981111111111,900,9
1788680054,P0,73.91533333333334,900,9
1788680055,P0,67.85166666666666,900,9
1788680056,P0,60.87288888888889,900,9
1788680057,P0,60.794444444444444,900,9
1788680058,P0,60.68055555555556,900,9
1788680059,P0,60.69122222222222,900,9
1788680060,P0,61.15222222222222,900,9
1788680061,P0,67.75177777777778,900,9
1788680062,P0,74.50355555555555,900,9
1788680063,P0,64.842,900,10
1788680064,P0,60.64677777777778,900,9
1788680065,P0,60.63644444444444,900,9
1788680066,P0,60.83988888888889,900,9
1788680067,P0,61.07077777777778,900,9
1788680068,P0,60.92166666666667,900,9
1788680069,P0,72.48422222222223,900,9
1788680070,P0,69.57511111111111,900,9
1788680071,P0,61.623777777777775,900,9
1788680072,P0,60.747,900,9
1788680073,P0,60.75888888888889,900,9
1788680074,P0,60.650555555555556,900,9
1788680075,P0,60.68055555555556,900,9
1788680076,P0,61.126099999999994,900,10
1788680077,P0,61.37,900,9
1788680078,P0,67.01266666666668,900,9
1788680079,P0,69.43144444444444,900,9
1788680080,P0,61.70344444444444,900,9
1788680081,P0,60.64677777777778,900,9
1788680082,P0,60.637,900,9
1788680083,P0,60.637,900,9
1788680084,P0,60.637,900,9
1788680085,P0,63.35955555555556,900,9
1788680086,P0,77.21311111111112,900,9
1788680087,P0,69.0507,900,10
1788680088,P0,60.88688888888889,900,9
1788680089,P0,60.74455555555556,900,9
1788680090,P0,60.650555555555556,900,9
1788680091,P0,60.745333333333335,900,9
1788680092,P0,60.62244444444445,900,9
1788680093,P0,64.96933333333334,900,9
1788680094,P0,71.541,900,9
1788680095,P0,65.24849999999999,900,10
1788680096,P0,60.717555555555556,900,9
1788680097,P0,60.65877777777778,900,9
1788680098,P0,60.79966666666667,900,9
1788680099,P0,61.003,900,9
1788680100,P0,60.79966666666667,900,9
1788680101,P0,60.63644444444444,900,9
1788680102,P0,64.2601,900,10
1788680103,P0,67.99022222222223,900,9
1788680104,P0,64.60477777777778,900,9
1788680105,P0,60.70344444444444,900,9
1788680106,P0,60.97633333333333,900,9
1788680107,P0,61.24666666666666,900,9
1788680108,P0,61.08188888888889,900,9
1788680109,P0,60.8185,900,10
1788680110,P0,76.5321111111111,900,9
1788680111,P0,69.92288888888889,900,9
1788680112,P0,62.031888888888886,900,9
1788680113,P0,60.88177777777778,900,9
1788680114,P0,60.705,900,9
1788680115,P0,60.64244444444444,900,9
1788680116,P0,60.637,900,10
1788680117,P0,64.38266666666667,900,9
1788680118,P0,72.464,900,9
1788680119,P0,65.93466666666667,900,9
1788680120,P0,60.678,900,9
1788680121,P0,60.663333333333334,900,9
1788680122,P0,60.82411111111111,900,9
1788680123,P0,61.052,900,10
1788680124,P0,60.995,900,9
1788680125,P0,60.84,900,9
1788680126,P0,61.02977777777778,1080,9
1788680127,P0,62.30677777777778,1710,9
1788680128,P0,63.44722222222222,1710,9
1788680129,P0,81.78355555555555,1710,9
1788680130,P0,83.241,1710,9
1788680131,P0,68.12855555555555,1710,9
1788680132,P0,63.47033333333333,1710,9
1788680133,P0,63.558,1710,10
1788680134,P0,63.550666666666665,1710,9
1788680135,P0,63.428222222222225,1710,9
1788680136,P0,63.41511111111111,1710,9
1788680137,P0,63.44744444444444,1710,9
1788680138,P0,64.33033333333334,1710,9
1788680139,P0,64.92811111111111,1710,9
1788680140,P0,64.43322222222221,1710,9
1788680141,P0,63.80866666666667,1710,9
1788680142,P0,63.57,1710,9
1788680143,P0,63.533500000000004,1710,10
1788680144,P0,69.171,1710,9
1788680145,P0,86.87455555555556,1710,9
1788680146,P0,73.73555555555556,1710,9
1788680147,P0,63.948,1710,9
1788680148,P0,63.619,1710,9
1788680149,P0,63.496,1710,9
1788680150,P0,63.545,1710,9
1788680151,P0,63.375,1710,9
1788680152,P0,63.448,1710,9
1788680153,P0,63.448,1710,9
1788680154,P0,63.4106,1710,10
1788680155,P0,64.22177777777777,1710,9
1788680156,P0,64.548,1710,9
1788680157,P0,63.814,1710,9
1788680158,P0,63.741,1710,9
1788680159,P0,63.619,1710,9
1788680160,P0,81.2851111111111,1710,9
1788680161,P0,81.96055555555556,1710,9
1788680162,P0,67.91222222222223,1710,9
1788680163,P0,63.928999999999995,1710,9
1788680164,P0,64.31166666666667,1710,9
1788680165,P0,64.25766666666667,1710,9
1788680166,P0,63.754888888888885,1710,9
1788680167,P0,63.4962,1710,10
1788680168,P0,63.529,1710,9
1788680169,P0,63.52066666666667,1710,9
1788680170,P0,63.496,1710,9
1788680171,P0,63.46333333333334,1710,9
1788680172,P0,63.51533333333334,1710,9
1788680173,P0,64.00444444444445,1710,9
1788680174,P0,64.48811111111111,1710,9
1788680175,P0,64.29811111111111,1710,9
1788680176,P0,63.44788888888889,1483.3333333333333,9
1788680177,P0,83.11422222222222,1200,9
1788680178,P0,84.81822222222222,1200,9
1788680179,P0,66.7392,1200,10
1788680180,P0,62.162222222222226,1200,9
1788680181,P0,61.89977777777778,1200,9
1788680182,P0,61.68277777777778,1200,9
1788680183,P0,61.669222222222224,1200,9
1788680184,P0,61.75833333333333,1200,9
1788680185,P0,61.753,1200,9
1788680186,P0,61.73733333333333,1200,9
1788680187,P0,61.769333333333336,1200,9
1788680188,P0,61.91533333333333,1200,9
1788680189,P0,62.4208,1200,10
1788680190,P0,62.40188888888889,1200,9
1788680191,P0,62.016333333333336,1200,9
1788680192,P0,65.41722222222222,1200,9
1788680193,P0,89.54666666666667,1200,9
1788680194,P0,71.49855555555555,1200,9
1788680195,P0,63.827555555555556,1200,9
1788680196,P0,62.85677777777778,1200,9
1788680197,P0,62.44588888888889,1200,9
1788680198,P0,62.07077777777778,1200,9
1788680199,P0,61.878,1200,9
1788680200,P0,61.75055555555556,1200,9
1788680201,P0,61.737,1200,10
1788680202,P0,61.88811111111111,1200,9
1788680203,P0,61.843,1200,9
1788680204,P0,61.683,1200,9
1788680205,P0,61.72888888888889,1200,9
1788680206,P0,62.388555555555556,1200,9
1788680207,P0,62.73133333333334,1200,9
1788680208,P0,74.18422222222222,1200,9
1788680209,P0,87.31433333333334,1200,9
1788680210,P0,72.987,1200,9
1788680211,P0,62.729,1200,10
1788680212,P0,62.45788888888889,1200,9
1788680213,P0,62.15311111111111,1200,9
1788680214,P0,62.00266666666667,1200,9
1788680215,P0,61.898,1200,9
1788680216,P0,61.729,1200,9
1788680217,P0,61.615,1200,9
1788680218,P0,61.7614,1200,10
1788680219,P0,62.035222222222224,1200,9
1788680220,P0,62.03766666666667,1200,9
1788680221,P0,61.882999999999996,1200,9
1788680222,P0,61.778,1200,9
1788680223,P0,61.70466666666667,1200,9
1788680224,P0,62.1768,1263,10
1788680225,P0,70.92155555555556,1410,9
1788680226,P0,80.031,1410,9
1788680227,P0,70.093,1410,9
1788680228,P0,62.736,1410,9
1788680229,P0,62.55444444444444,1410,9
1788680230,P0,62.45955555555555,1410,9
1788680231,P0,62.568,1410,10
1788680232,P0,62.638666666666666,1410,9
1788680233,P0,62.967555555555556,1410,9
1788680234,P0,63.17144444444445,1410,9
1788680235,P0,62.85877777777778,1410,9
1788680236,P0,62.64111111111111,1410,9
1788680237,P0,62.622888888888895,1410,9
1788680238,P0,62.47544444444444,1410,9
1788680239,P0,62.519,1410,9
1788680240,P0,62.5,1410,9
1788680241,P0,76.66322222222222,1410,9
1788680242,P0,77.86766666666666,1410,9
1788680243,P0,66.33288888888889,1410,9
1788680244,P0,62.6106,1410,10
1788680245,P0,62.519,1410,9
1788680246,P0,62.60033333333333,1410,9
1788680247,P0,62.527,1410,9
1788680248,P0,62.388666666666666,1410,9
1788680249,P0,62.42933333333333,1410,9
1788680250,P0,62.47,1410,9
1788680251,P0,62.836666666666666,1410,9
1788680252,P0,63.48866666666667,1410,9
1788680253,P0,63.309333333333335,1410,9
1788680254,P0,62.8395,1410,10
1788680255,P0,62.52444444444444,1410,9
1788680256,P0,71.331,1410,9
1788680257,P0,83.12055555555555,1410,9
1788680258,P0,70.46588888888888,1410,9
1788680259,P0,63.39377777777778,1410,9
1788680260,P0,62.92666666666667,1410,9
1788680261,P0,62.642,1410,9
1788680262,P0,62.61466666666667,1410,9
1788680263,P0,62.50255555555555,1410,9
1788680264,P0,62.49944444444444,1410,9
1788680265,P0,62.69,1410,9
1788680266,P0,62.62488888888889,1410,9
1788680267,P0,62.39677777777778,1410,9
1788680268,P0,62.407111111111114,1410,9
1788680269,P0,62.4606,1410,10
1788680270,P0,62.50811111111111,1410,9
1788680271,P0,62.76888888888889,1410,9
1788680272,P0,63.815,1430,9
1788680273,P0,69.56555555555555,1500,9
1788680274,P0,93.36711111111111,1500,9
1788680275,P0,74.378,1500,9
1788680276,P0,63.49,1500,9
1788680277,P0,63.253,1500,9
1788680278,P0,62.935,1500,9
1788680279,P0,62.691,1500,9
1788680280,P0,62.764,1500,9
1788680281,P0,62.715,1500,10
1788680282,P0,62.593,1500,9
1788680283,P0,62.715,1500,9
1788680284,P0,62.715,1500,9
1788680285,P0,62.593,1500,9
1788680286,P0,64.059,1500,9
1788680287,P0,63.692,1500,9
1788680288,P0,63.203,1500,9
1788680289,P0,79.71044444444445,1500,9
1788680290,P0,84.65277777777777,1500,9
1788680291,P0,69.231,1500,10
1788680292,P0,63.93011111111111,1500,9
1788680293,P0,63.523555555555554,1500,9
1788680294,P0,63.04866666666667,1500,9
1788680295,P0,62.886,1500,9
1788680296,P0,62.81,1500,9
1788680297,P0,62.715,1500,9
1788680298,P0,62.769222222222226,1500,9
1788680299,P0,62.782333333333334,1500,9
1788680300,P0,62.714,1500,10
1788680301,P0,63.32566666666666,1500,9
1788680302,P0,63.77388888888889,1500,9
1788680303,P0,63.53711111111111,1500,9
1788680304,P0,67.11588888888889,1500,9
1788680305,P0,91.23233333333333,1500,9
1788680306,P0,76.165,1500,9
1788680307,P0,62.735,1500,9
1788680308,P0,63.546,1500,9
1788680309,P0,63.863,1500,9
1788680310,P0,63.253,1500,9
1788680311,P0,63.1432,1500,10
1788680312,P0,62.837,1500,9
1788680313,P0,62.714,1500,9
1788680314,P0,62.959,1500,9
1788680315,P0,62.837,1500,9
1788680316,P0,62.714,1500,9
1788680317,P0,63.448,1500,9
1788680318,P0,63.6,1500,9
1788680319,P0,63.069100000000006,1500,10
1788680320,P0,62.764,1500,9
1788680321,P0,64.868,1605,9
1788680322,P0,99.82977777777778,1605,9
1788680323,P0,79.94844444444445,1605,9
1788680324,P0,66.52322222222222,1605,9
1788680325,P0,64.35044444444445,1605,9
1788680326,P0,64.3888,1605,10
1788680327,P0,63.95788888888889,1605,9
1788680328,P0,63.69477777777778,1605,9
1788680329,P0,63.62444444444444,1605,9
1788680330,P0,63.464333333333336,1605,9
1788680331,P0,63.388222222222225,1605,9
1788680332,P0,64.55111111111111,1605,9
1788680333,P0,65.044,1605,10
1788680334,P0,63.89011111111111,1605,9
1788680335,P0,63.784555555555556,1605,9
1788680336,P0,63.681555555555555,1605,9
1788680337,P0,80.85033333333334,1605,9
1788680338,P0,84.172,1605,9
1788680339,P0,69.86566666666667,1605,9
1788680340,P0,63.09366666666667,1605,9
1788680341,P0,63.0115,1605,10
1788680342,P0,63.07822222222222,1605,9
1788680343,P0,63.10877777777778,1605,9
1788680344,P0,63.885444444444445,1605,9
1788680345,P0,64.7278888888889,1605,9
1788680346,P0,64.23022222222222,1605,9
1788680347,P0,63.70033333333333,1605,9
1788680348,P0,63.40988888888889,1605,9
1788680349,P0,63.27788888888889,1605,9
1788680350,P0,63.227222222222224,1605,9
1788680351,P0,63.169333333333334,1605,9
1788680352,P0,65.26077777777778,1605,9
1788680353,P0,91.086,1605,9
1788680354,P0,75.9475,1605,10
1788680355,P0,63.401,1605,9
1788680356,P0,63.375,1605,9
1788680357,P0,63.302,1605,9
1788680358,P0,63.18,1605,9
1788680359,P0,63.24488888888889,1605,9
1788680360,P0,63.14366666666667,1605,9
1788680361,P0,63.02155555555556,1605,9
1788680362,P0,63.22577777777778,1605,9
1788680363,P0,63.25211111111111,1605,9
1788680364,P0,63.68666666666667,1605,9
1788680365,P0,63.8508,1605,10
1788680366,P0,63.326,1605,9
1788680367,P0,63.374,1605,9
1788680368,P0,63.302,1605,9
1788680369,P0,65.20266666666667,1605,9
1788680370,P0,94.428,1605,9
1788680371,P0,80.006,1605,9
1788680372,P0,64.93333333333334,1605,9
1788680373,P0,63.291444444444444,1605,9
1788680374,P0,63.149,1605,9
1788680375,P0,64.47755555555555,1605,9
1788680376,P0,64.3814,1605,10
1788680377,P0,63.863,1605,9
1788680378,P0,63.497,1605,9
1788680379,P0,63.204,1605,9
1788680380,P0,63.13911111111111,1605,9
1788680381,P0,63.283,1605,9
1788680382,P0,63.30111111111111,1605,9
1788680383,P0,63.19255555555556,1605,9
1788680384,P0,63.135444444444445,1605,9
1788680385,P0,64.81422222222223,1605,9
1788680386,P0,89.47755555555555,1605,9
1788680387,P0,80.83866666666667,1605,9
1788680388,P0,64.95366666666666,1605,9
1788680389,P0,63.23888888888889,1605,9
1788680390,P0,63.29655555555556,1605,9
1788680391,P0,63.14911111111111,1605,9
1788680392,P0,63.086444444444446,1605,9
1788680393,P0,63.081,1605,9
1788680394,P0,63.342333333333336,1605,9
1788680395,P0,63.924,1605,10
1788680396,P0,63.985,1605,9
1788680397,P0,63.659666666666666,1605,9
1788680398,P0,63.40211111111111,1605,9
1788680399,P0,63.20166666666667,1605,9
1788680400,P0,63.288444444444444,1605,9
1788680401,P0,64.39566666666667,1605,9
1788680402,P0,92.29611111111112,1605,9
1788680403,P0,76.28188888888889,1605,9
1788680404,P0,64.549,1605,9
1788680405,P0,63.18388888888889,1605,9
1788680406,P0,63.7299,1605,10
1788680407,P0,64.00788888888889,1605,9
1788680408,P0,63.618,1605,9
1788680409,P0,63.375,1605,9
1788680410,P0,63.131,1605,9
1788680411,P0,63.203,1605,9
1788680412,P0,63.252,1605,9
1788680413,P0,63.18,1605,9
1788680414,P0,63.008,1605,9
1788680415,P0,63.008,1605,10
1788680416,P0,63.791,1605,9
1788680417,P0,63.863,1605,9
1788680418,P0,63.326,1605,9
1788680419,P0,76.19955555555555,1605,9
1788680420,P0,82.54888888888888,1605,9
1788680421,P0,69.06911111111111,1605,9
1788680422,P0,64.54322222222223,1605,9
1788680423,P0,63.870555555555555,1605,9
1788680424,P0,63.312,1605,9
1788680425,P0,63.153999999999996,1605,10
1788680426,P0,63.10922222222222,1605,9
1788680427,P0,63.10377777777778,1605,9
1788680428,P0,63.47855555555555,1605,9
1788680429,P0,63.94544444444444,1605,9
1788680430,P0,63.638444444444445,1605,9
1788680431,P0,63.2265,1605,10
1788680432,P0,63.19477777777778,1605,9
1788680433,P0,63.074111111111115,1605,9
1788680434,P0,64.49822222222222,1605,9
1788680435,P0,93.02833333333334,1605,9
1788680436,P0,84.98222222222222,1605,9
1788680437,P0,65.43477777777777,1605,9
1788680438,P0,63.097,1605,10
1788680439,P0,63.190444444444445,1605,9
1788680440,P0,63.57022222222222,1605,9
1788680441,P0,63.61333333333333,1605,9
1788680442,P0,63.39877777777778,1605,9
1788680443,P0,63.30711111111111,1605,9
1788680444,P0,63.20411111111111,1605,9
1788680445,P0,63.1794,1605,10
1788680446,P0,63.17911111111111,1605,9
1788680447,P0,64.61366666666667,1605,9
1788680448,P0,64.46677777777778,1605,9
1788680449,P0,63.925555555555555,1605,9
1788680450,P0,70.65666666666667,1605,9
1788680451,P0,89.68322222222223,1605,9
1788680452,P0,72.18111111111111,1605,9
1788680453,P0,63.42455555555556,1605,9
1788680454,P0,63.234,1605,9
1788680455,P0,63.07955555555556,1605,9
1788680456,P0,63.06011111111111,1605,9
1788680457,P0,63.068777777777775,1605,9
1788680458,P0,63.23144444444444,1605,9
1788680459,P0,64.1084,1605,10
1788680460,P0,64.266,1605,9
1788680461,P0,63.69755555555555,1605,9
1788680462,P0,63.309111111111115,1605,9
1788680463,P0,63.095444444444446,1605,9
1788680464,P0,63.19488888888889,1605,9
1788680465,P0,63.11644444444445,1605,9
1788680466,P0,63.03288888888889,1605,9
1788680467,P0,66.831,1605,9
1788680468,P0,93.90955555555556,1605,9
1788680469,P0,76.103,1605,9
1788680470,P0,63.215,1605,9
1788680471,P0,63.131,1605,9
1788680472,P0,63.081,1605,9
1788680473,P0,63.2522,1605,10
1788680474,P0,64.75222222222223,1605,9
1788680475,P0,64.426,1605,9
1788680476,P0,63.814,1605,9
1788680477,P0,63.326,1605,9
1788680478,P0,63.11,1605,9
1788680479,P0,63.159,1605,9
1788680480,P0,63.131,1605,9
1788680481,P0,63.082,1605,9
1788680482,P0,63.131,1605,9
1788680483,P0,76.18788888888889,1605,9
1788680484,P0,84.63966666666667,1605,9
1788680485,P0,69.392,1605,10
1788680486,P0,63.348555555555556,1605,9
1788680487,P0,63.17166666666667,1605,9
1788680488,P0,63.163666666666664,1605,9
1788680489,P0,63.147333333333336,1605,9
1788680490,P0,63.098333333333336,1605,9
1788680491,P0,63.040888888888894,1605,9
1788680492,P0,63.86355555555556,1605,9
1788680493,P0,64.50744444444445,1605,9
1788680494,P0,64.20277777777777,1605,9
1788680495,P0,63.68666666666667,1605,9
1788680496,P0,63.3748,1605,10
1788680497,P0,63.24466666666667,1605,9
1788680498,P0,67.20744444444445,1605,9
1788680499,P0,90.08922222222222,1605,9
1788680500,P0,72.958,1605,9
1788680501,P0,64.201,1605,9
1788680502,P0,63.741,1605,9
1788680503,P0,63.253,1605,9
1788680504,P0,63.253,1605,9
1788680505,P0,63.253,1605,9
1788680506,P0,63.082,1605,9
1788680507,P0,63.131,1605,10
1788680508,P0,63.18,1605,9
1788680509,P0,63.13,1605,9
1788680510,P0,63.864,1605,9
1788680511,P0,64.23,1605,9
1788680512,P0,63.692,1605,9
1788680513,P0,63.326,1605,9
1788680514,P0,63.253,1605,9
1788680515,P0,65.87622222222222,1605,9
1788680516,P0,95.2281111111111,1605,9
1788680517,P0,76.781,1605,9
1788680518,P0,64.5716,1605,10
1788680519,P0,63.18,1605,9
1788680520,P0,63.131,1605,9
1788680521,P0,63.13,1605,9
1788680522,P0,63.668,1605,9
1788680523,P0,63.912,1605,9
1788680524,P0,63.424,1605,9
1788680525,P0,63.302,1605,9
1788680526,P0,63.375,1605,9
1788680527,P0,63.22211111111111,1605,9
1788680528,P0,63.0932,1605,10
1788680529,P0,62.959,1605,9
1788680530,P0,63.203,1605,9
1788680531,P0,74.858,1605,9
1788680532,P0,89.07055555555556,1605,9
1788680533,P0,72.52433333333333,1605,9
1788680534,P0,63.75866666666666,1605,9
1788680535,P0,64.2844,1605,10
1788680536,P0,63.836444444444446,1605,9
1788680537,P0,63.39033333333333,1605,9
1788680538,P0,63.160666666666664,1605,9
1788680539,P0,63.071666666666665,1605,9
1788680540,P0,62.959,1605,9
1788680541,P0,63.2034,1605,10
1788680542,P0,63.646,1605,9
1788680543,P0,63.59433333333333,1605,9
1788680544,P0,63.21966666666667,1605,9
1788680545,P0,62.99966666666667,1605,9
1788680546,P0,63.10733333333333,1605,9
1788680547,P0,87.52811111111112,1605,9
1788680548,P0,78.23455555555554,1605,9
1788680549,P0,66.2971,1605,10
1788680550,P0,63.51811111111111,1605,9
1788680551,P0,63.63,1605,9
1788680552,P0,63.724777777777774,1605,9
1788680553,P0,63.51311111111111,1605,9
1788680554,P0,64.57033333333334,1605,9
1788680555,P0,65.27055555555556,1605,9
1788680556,P0,65.09355555555555,1605,9
1788680557,P0,64.36066666666666,1605,9
1788680558,P0,63.8292,1605,10
1788680559,P0,63.51233333333334,1605,9
1788680560,P0,63.48511111111112,1605,9
1788680561,P0,63.53488888888889,1605,9
1788680562,P0,71.747125,1605,8
1788680563,P0,86.86055555555555,1605,9
1788680564,P0,71.848,1605,10
1788680565,P0,63.279111111111106,1605,9
1788680566,P0,63.95333333333333,1605,9
1788680567,P0,64.02633333333334,1605,9
1788680568,P0,63.497,1605,9
1788680569,P0,63.269333333333336,1605,9
1788680570,P0,63.24466666666667,1605,9
1788680571,P0,63.089333333333336,1605,9
1788680572,P0,63.089666666666666,1605,9
1788680573,P0,63.25266666666667,1605,9
1788680574,P0,63.228,1605,9
1788680575,P0,63.18,1605,10
1788680576,P0,63.464999999999996,1605,9
1788680577,P0,64.157,1605,9
1788680578,P0,87.16411111111111,1605,9
1788680579,P0,75.879,1605,9
1788680580,P0,65.30577777777778,1605,9
1788680581,P0,63.236,1605,9
1788680582,P0,63.15533333333333,1605,9
1788680583,P0,63.163666666666664,1605,9
1788680584,P0,64.32066666666667,1605,9
1788680585,P0,64.72766666666666,1605,9
1788680586,P0,64.238,1605,9
1788680587,P0,63.6574,1605,10
1788680588,P0,63.40188888888889,1605,9
1788680589,P0,63.318222222222225,1605,9
1788680590,P0,63.169,1605,9
1788680591,P0,63.131,1605,9
1788680592,P0,63.049,1605,9
1788680593,P0,70.30277777777778,1605,9
1788680594,P0,89.99255555555555,1605,9
1788680595,P0,75.51122222222222,1605,9
1788680596,P0,63.65233333333333,1605,9
1788680597,P0,63.39055555555556,1605,9
1788680598,P0,63.144444444444446,1605,9
1788680599,P0,63.2569,1605,10
1788680600,P0,63.287444444444446,1605,9
1788680601,P0,63.16544444444445,1605,9
1788680602,P0,63.057,1605,9
1788680603,P0,63.07066666666667,1605,9
1788680604,P0,63.26144444444444,1605,9
1788680605,P0,63.94822222222222,1605,9
1788680606,P0,64.16211111111112,1605,9
1788680607,P0,63.57833333333333,1605,9
1788680608,P0,63.234,1605,9
1788680609,P0,63.082,1605,9
1788680610,P0,63.2521,1605,10
1788680611,P0,63.234,1605,9
1788680612,P0,63.082,1605,9
1788680613,P0,63.08744444444444,1605,9
1788680614,P0,63.26133333333333,1616.6666666666667,9
1788680615,P0,64.30933333333334,1710,9
1788680616,P0,66.24266666666666,1710,9
1788680617,P0,98.61466666666666,1710,9
1788680618,P0,79.5231111111111,1710,9
1788680619,P0,67.677,1710,9
1788680620,P0,65.12444444444445,1710,9
1788680621,P0,64.4996,1710,10
1788680622,P0,63.97266666666666,1710,9
1788680623,P0,63.864,1710,9
1788680624,P0,63.67344444444444,1710,9
1788680625,P0,63.52411111111111,1710,9
1788680626,P0,63.497,1710,9
1788680627,P0,63.364,1710,9
1788680628,P0,63.459,1710,9
1788680629,P0,63.535111111111114,1710,9
1788680630,P0,64.02122222222222,1710,9
1788680631,P0,64.4506,1710,10
1788680632,P0,82.58588888888889,1710,9
1788680633,P0,83.97766666666666,1710,9
1788680634,P0,70.70055555555557,1710,9
1788680635,P0,64.95733333333334,1710,9
1788680636,P0,64.31466666666667,1710,9
1788680637,P0,63.82033333333333,1710,9
1788680638,P0,63.61077777777778,1710,9
1788680639,P0,63.446,1710,10
1788680640,P0,63.44455555555556,1710,9
1788680641,P0,63.770777777777774,1710,9
1788680642,P0,64.36288888888889,1710,9
1788680643,P0,64.21488888888888,1710,9
1788680644,P0,63.632111111111115,1710,9
1788680645,P0,63.550666666666665,1710,9
1788680646,P0,63.557500000000005,1710,10
1788680647,P0,69.85566666666666,1710,9
1788680648,P0,85.63555555555556,1710,9
1788680649,P0,74.21422222222222,1710,9
1788680650,P0,63.504,1710,9
1788680651,P0,63.497,1710,9
1788680652,P0,63.937,1710,9
1788680653,P0,63.9542,1710,10
1788680654,P0,63.654444444444444,1710,9
1788680655,P0,63.546,1710,9
1788680656,P0,63.546,1710,9
1788680657,P0,63.741,1710,9
1788680658,P0,64.891,1710,9
1788680659,P0,64.839,1710,9
1788680660,P0,64.471,1710,9
1788680661,P0,63.8337,1710,10
1788680662,P0,63.56188888888889,1710,9
1788680663,P0,63.40188888888889,1710,9
1788680664,P0,64.57766666666666,1200,9
1788680665,P0,96.03844444444445,1200,9
1788680666,P0,80.59544444444444,1200,9
1788680667,P0,63.74788888888889,1200,9
1788680668,P0,61.716,1200,9
1788680669,P0,61.80766666666667,1200,9
1788680670,P0,61.79688888888889,1200,9
1788680671,P0,61.69111111111111,1200,9
1788680672,P0,62.17733333333333,1200,9
1788680673,P0,62.6168,1200,10
1788680674,P0,62.32111111111111,1200,9
1788680675,P0,62.05722222222222,1200,9
1788680676,P0,61.81311111111111,1200,9
1788680677,P0,61.894444444444446,1200,9
1788680678,P0,61.908,1200,9
1788680679,P0,61.70188888888889,1200,9
1788680680,P0,70.91855555555556,1200,9
1788680681,P0,83.66144444444444,1200,9
1788680682,P0,70.01366666666667,1200,9
1788680683,P0,62.31766666666667,1200,9
1788680684,P0,62.04877777777778,1200,9
1788680685,P0,61.8444,1200,10
1788680686,P0,61.75888888888889,1200,9
1788680687,P0,61.653111111111116,1200,9
1788680688,P0,61.62566666666667,1200,9
1788680689,P0,61.66322222222222,1200,9
1788680690,P0,61.946444444444445,1200,9
1788680691,P0,62.88055555555556,1200,9
1788680692,P0,62.59755555555555,1200,9
1788680693,P0,62.236222222222224,1200,9
1788680694,P0,62.07677777777778,1200,9
1788680695,P0,62.0447,1200,10
1788680696,P0,84.58488888888888,1200,9
1788680697,P0,76.21222222222222,1200,9
1788680698,P0,64.688,1200,9
1788680699,P0,62.03988888888889,1200,9
1788680700,P0,61.89966666666667,1200,9
1788680701,P0,61.777,1200,9
1788680702,P0,61.736,1200,9
1788680703,P0,61.818,1200,9
1788680704,P0,61.77766666666667,1200,9
1788680705,P0,61.737,1200,9
1788680706,P0,61.8217,1200,10
1788680707,P0,62.81,1200,9
1788680708,P0,62.92955555555556,1200,9
1788680709,P0,62.56,1200,9
1788680710,P0,62.11966666666667,1200,9
1788680711,P0,61.899,1200,9
1788680712,P0,62.10333333333333,1340,9
1788680713,P0,83.14188888888889,1410,9
1788680714,P0,85.53633333333333,1410,9
1788680715,P0,68.81555555555556,1410,9
1788680716,P0,62.62844444444444,1410,9
1788680717,P0,62.4948,1410,10
1788680718,P0,62.49466666666667,1410,9
1788680719,P0,62.519,1410,9
1788680720,P0,62.54622222222222,1410,9
1788680721,P0,62.94855555555556,1410,9
1788680722,P0,63.32022222222222,1410,9
1788680723,P0,63.10288888888889,1410,9
1788680724,P0,62.74988888888889,1410,9
1788680725,P0,62.50544444444444,1410,9
1788680726,P0,62.437555555555555,1410,9
1788680727,P0,62.47,1410,9
1788680728,P0,66.17666666666666,1410,9
1788680729,P0,94.01888888888888,1410,9
1788680730,P0,79.4945,1410,10
1788680731,P0,62.89011111111111,1410,9
1788680732,P0,62.70144444444445,1410,9
1788680733,P0,62.593,1410,9
1788680734,P0,62.57933333333334,1410,9
1788680735,P0,62.47,1410,9
1788680736,P0,62.47,1410,9
1788680737,P0,62.47,1410,9
1788680738,P0,62.348,1410,9
1788680739,P0,62.47,1410,9
1788680740,P0,62.9712,1410,10
1788680741,P0,63.040333333333336,1410,9
1788680742,P0,62.68777777777778,1410,9
1788680743,P0,62.47,1410,9
1788680744,P0,75.58466666666666,1410,9
1788680745,P0,81.71988888888889,1410,9
1788680746,P0,68.20733333333334,1410,9
1788680747,P0,62.7112,1410,10
1788680748,P0,62.52422222222222,1410,9
1788680749,P0,62.49722222222222,1410,9
1788680750,P0,62.85677777777778,1410,9
1788680751,P0,63.303666666666665,1410,9
1788680752,P0,63.06611111111111,1410,9
1788680753,P0,62.586888888888886,1410,9
1788680754,P0,62.507,1410,10
1788680755,P0,62.54077777777778,1410,9
1788680756,P0,62.424,1410,9
1788680757,P0,62.61911111111111,1410,9
1788680758,P0,62.904333333333334,1410,9
1788680759,P0,62.75566666666667,1410,9
1788680760,P0,62.61750000000001,1446,10
1788680761,P0,78.36288888888889,1500,9
1788680762,P0,86.47011111111111,1500,9
1788680763,P0,72.47433333333333,1500,9
1788680764,P0,62.81066666666667,1500,9
1788680765,P0,62.72933333333333,1500,9
1788680766,P0,63.14433333333333,1500,9
1788680767,P0,63.855666666666664,1500,9
1788680768,P0,63.61866666666667,1500,9
1788680769,P0,63.293,1500,9
1788680770,P0,63.013400000000004,1500,10
1788680771,P0,62.81266666666667,1500,9
1788680772,P0,62.821000000000005,1500,9
1788680773,P0,62.878,1500,9
1788680774,P0,62.74666666666667,1500,9
1788680775,P0,62.712,1500,9
1788680776,P0,62.840333333333334,1500,9
1788680777,P0,85.78533333333333,1500,9
1788680778,P0,78.32255555555555,1500,9
1788680779,P0,65.80466666666666,1500,9
1788680780,P0,62.917,1500,9
1788680781,P0,62.7656,1500,10
1788680782,P0,62.61911111111111,1500,9
1788680783,P0,62.78255555555556,1500,9
1788680784,P0,62.837,1500,9
1788680785,P0,63.312222222222225,1500,9
1788680786,P0,63.92322222222222,1500,9
1788680787,P0,63.733,1500,9
1788680788,P0,63.32533333333333,1500,9
1788680789,P0,62.959,1500,9
1788680790,P0,62.67433333333334,1500,9
1788680791,P0,62.67433333333334,1500,9
1788680792,P0,71.8812,1500,10
1788680793,P0,86.24577777777777,1500,9
1788680794,P0,70.58444444444444,1500,9
1788680795,P0,62.91766666666667,1500,9
1788680796,P0,62.812000000000005,1500,9
1788680797,P0,62.83433333333333,1500,9
1788680798,P0,62.827000000000005,1500,9
1788680799,P0,62.67433333333334,1500,9
1788680800,P0,62.63366666666667,1500,9
1788680801,P0,62.769222222222226,1500,9
1788680802,P0,63.06766666666667,1500,9
1788680803,P0,63.4993,1500,10
1788680804,P0,63.456,1500,9
1788680805,P0,63.032333333333334,1500,9
1788680806,P0,62.81266666666667,1500,9
1788680807,P0,62.723333333333336,1500,9
1788680808,P0,62.764,1523.3333333333333,9
1788680809,P0,73.08522222222223,1605,9
1788680810,P0,93.95322222222222,1605,9
1788680811,P0,74.64777777777778,1605,9
1788680812,P0,63.12822222222222,1605,9
1788680813,P0,63.082,1605,9
1788680814,P0,63.081100000000006,1605,10
1788680815,P0,63.283,1605,9
1788680816,P0,64.85022222222223,1605,9
1788680817,P0,64.437,1605,9
1788680818,P0,63.69488888888889,1605,9
1788680819,P0,63.312444444444445,1605,9
1788680820,P0,63.190444444444445,1605,9
1788680821,P0,63.095555555555556,1605,9
1788680822,P0,63.204,1605,9
1788680823,P0,63.13,1605,9
1788680824,P0,63.0325,1605,10
1788680825,P0,82.83222222222223,1605,9
1788680826,P0,81.75066666666666,1605,9
1788680827,P0,67.87833333333333,1605,9
1788680828,P0,63.077000000000005,1605,9
1788680829,P0,63.008,1605,9
1788680830,P0,63.122,1605,9
1788680831,P0,63.553666666666665,1605,9
1788680832,P0,63.97166666666667,1605,9
1788680833,P0,63.875,1605,9
1788680834,P0,63.50633333333333,1605,9
1788680835,P0,63.17966666666667,1605,9
1788680836,P0,63.2017,1605,10
1788680837,P0,63.25233333333333,1605,9
1788680838,P0,63.138666666666666,1605,9
1788680839,P0,63.114666666666665,1605,9
1788680840,P0,71.42711111111112,1605,9
1788680841,P0,87.15133333333334,1605,9
1788680842,P0,73.56511111111112,1605,9
1788680843,P0,63.12111111111111,1605,9
1788680844,P0,63.082,1605,9
1788680845,P0,63.101,1605,9
1788680846,P0,63.2528,1605,10
1788680847,P0,63.333555555555556,1605,9
1788680848,P0,63.68411111111111,1605,9
1788680849,P0,63.852333333333334,1605,9
1788680850,P0,63.342444444444446,1605,9
1788680851,P0,63.08744444444444,1605,9
1788680852,P0,63.13644444444444,1605,9
1788680853,P0,63.219,1605,10
1788680854,P0,63.41833333333334,1605,9
1788680855,P0,63.56188888888889,1605,9
1788680856,P0,63.54322222222222,1628.3333333333333,9
1788680857,P0,66.35344444444443,1815,9
1788680858,P0,98.38488888888888,1815,9
1788680859,P0,77.70009999999999,1815,10
1788680860,P0,64.201,1815,9
1788680861,P0,64.108,1815,9
1788680862,P0,64.915,1815,9
1788680863,P0,65.1318888888889,1815,9
1788680864,P0,64.50655555555555,1815,9
1788680865,P0,64.0929,1815,10
1788680866,P0,63.934,1815,9
1788680867,P0,64.059,1815,9
1788680868,P0,64.961,1815,9
1788680869,P0,65.22144444444444,1815,9
1788680870,P0,64.49577777777777,1815,9
1788680871,P0,64.108,1815,9
1788680872,P0,64.108,1815,9
1788680873,P0,81.4763,1815,10
1788680874,P0,86.654,1815,9
1788680875,P0,69.60288888888888,1815,9
1788680876,P0,64.18733333333334,1815,9
1788680877,P0,64.16222222222223,1815,9
1788680878,P0,64.013,1815,9
1788680879,P0,64.09977777777777,1815,9
1788680880,P0,64.22866666666667,1815,9
1788680881,P0,64.33588888888889,1815,9
1788680882,P0,64.74199999999999,1815,10
1788680883,P0,64.94422222222222,1815,9
1788680884,P0,64.65944444444445,1815,9
1788680885,P0,64.24388888888889,1815,9
1788680886,P0,63.99066666666666,1815,9
1788680887,P0,64.09933333333333,1815,9
1788680888,P0,68.3368888888889,1815,9
1788680889,P0,87.48111111111112,1815,9
1788680890,P0,74.024,1815,9
1788680891,P0,64.646,1815,9
1788680892,P0,64.524,1815,10
1788680893,P0,64.353,1815,9
1788680894,P0,64.425,1815,9
1788680895,P0,64.425,1815,9
1788680896,P0,66.26,1815,9
1788680897,P0,66.748,1815,9
1788680898,P0,66.136,1815,9
1788680899,P0,64.792,1815,9
1788680900,P0,64.475,1815,9
1788680901,P0,64.353,1815,10
1788680902,P0,64.548,1815,9
1788680903,P0,64.597,1815,9
1788680904,P0,64.353,1815,9
1788680905,P0,64.059,1710,9
1788680906,P0,67.12388888888889,1710,9
1788680907,P0,97.07488888888889,1710,9
1788680908,P0,80.10644444444445,1710,9
1788680909,P0,66.36677777777777,1710,9
1788680910,P0,64.55466666666666,1710,9
1788680911,P0,64.08544444444445,1710,9
1788680912,P0,63.814099999999996,1710,10
1788680913,P0,63.638,1710,9
1788680914,P0,63.68388888888889,1710,9
1788680915,P0,63.583555555555556,1710,9
1788680916,P0,63.50511111111111,1710,9
1788680917,P0,63.497,1710,9
1788680918,P0,63.34411111111111,1710,9
1788680919,P0,64.41211111111112,1710,9
1788680920,P0,64.59066666666666,1710,9
1788680921,P0,64.42266666666666,1710,9
1788680922,P0,65.55944444444444,1710,9
1788680923,P0,92.8577,1710,10
1788680924,P0,73.536,1710,9
1788680925,P0,63.401,1710,9
1788680926,P0,63.496,1710,9
1788680927,P0,63.79,1710,9
1788680928,P0,65.135,1710,9
1788680929,P0,64.841,1710,9
1788680930,P0,64.23,1710,9
1788680931,P0,63.83888888888889,1710,9
1788680932,P0,63.6361,1710,10
1788680933,P0,63.497,1710,9
1788680934,P0,63.496,1710,9
1788680935,P0,63.57,1710,9
1788680936,P0,63.448,1710,9
1788680937,P0,63.326,1710,9
1788680938,P0,68.34766666666667,1710,9
1788680939,P0,92.1331111111111,1710,9
1788680940,P0,75.43911111111112,1710,9
1788680941,P0,63.59177777777778,1710,9
1788680942,P0,64.23,1710,9
1788680943,P0,64.46644444444445,1710,9
1788680944,P0,63.79222222222222,1710,9
1788680945,P0,63.623555555555555,1710,9
1788680946,P0,63.662444444444446,1710,9
1788680947,P0,63.608200000000004,1710,10
1788680948,P0,63.54211111111111,1710,9
1788680949,P0,63.448,1710,9
1788680950,P0,63.458888888888886,1710,9
1788680951,P0,63.516,1710,9
1788680952,P0,63.72233333333333,1710,9
1788680953,P0,64.143,1710,9
1788680954,P0,63.9848888888889,1710,9
1788680955,P0,63.6068,1710,10
1788680956,P0,81.64644444444444,1710,9
1788680957,P0,80.23922222222222,1710,9
1788680958,P0,67.29133333333333,1710,9
1788680959,P0,63.447,1710,9
1788680960,P0,63.64333333333333,1710,9
1788680961,P0,63.67155555555556,1710,9
1788680962,P0,63.763,1710,10
1788680963,P0,64.22166666666666,1710,9
1788680964,P0,64.15733333333333,1710,9
1788680965,P0,63.79033333333333,1710,9
1788680966,P0,63.586666666666666,1710,9
1788680967,P0,63.47655555555556,1710,9
1788680968,P0,63.538,1710,10
1788680969,P0,64.186,1710,9
1788680970,P0,64.553,1710,9
1788680971,P0,64.02533333333334,1710,9
1788680972,P0,69.35855555555555,1710,9
1788680973,P0,86.18299999999999,1710,9
1788680974,P0,73.35733333333333,1710,9
1788680975,P0,63.874,1710,9
1788680976,P0,63.5552,1710,10
1788680977,P0,63.52333333333333,1710,9
1788680978,P0,63.59188888888889,1710,9
1788680979,P0,63.507666666666665,1710,9
1788680980,P0,63.55866666666667,1710,9
1788680981,P0,63.649,1710,9
1788680982,P0,63.497,1710,9
1788680983,P0,63.50244444444444,1710,9
1788680984,P0,63.61388888888889,1710,9
1788680985,P0,64.19777777777777,1710,9
1788680986,P0,64.45055555555555,1710,9
1788680987,P0,63.83577777777778,1710,9
1788680988,P0,63.6524,1710,10
1788680989,P0,86.51822222222222,1710,9
1788680990,P0,83.8378888888889,1710,9
1788680991,P0,68.713,1710,9
1788680992,P0,64.283,1710,9
1788680993,P0,63.91233333333333,1710,9
1788680994,P0,63.708666666666666,1710,9
1788680995,P0,63.64077777777778,1710,9
1788680996,P0,63.524,1710,9
1788680997,P0,63.473555555555556,1710,9
1788680998,P0,63.56122222222222,1710,9
1788680999,P0,63.522222222222226,1710,9
1788681000,P0,63.448,1710,10
1788681001,P0,64.50733333333334,1710,9
1788681002,P0,64.825,1710,9
1788681003,P0,64.34433333333332,1710,9
1788681004,P0,63.879666666666665,1710,9
1788681005,P0,63.646,1710,9
1788681006,P0,63.57,1710,9
1788681007,P0,87.87566666666666,1710,9
1788681008,P0,85.75744444444445,1710,9
1788681009,P0,69.43566666666666,1710,9
1788681010,P0,63.6768,1710,10
1788681011,P0,63.48866666666667,1710,9
1788681012,P0,64.57266666666666,1710,9
1788681013,P0,64.97166666666666,1710,9
1788681014,P0,64.564,1710,9
1788681015,P0,64.04233333333333,1710,9
1788681016,P0,63.727444444444444,1710,9
1788681017,P0,63.714,1710,9
1788681018,P0,63.695,1710,9
1788681019,P0,63.55122222222222,1710,9
1788681020,P0,63.497,1710,9
1788681021,P0,63.4238,1710,10
1788681022,P0,63.455666666666666,1710,9
1788681023,P0,63.626666666666665,1710,9
1788681024,P0,91.584,1710,9
1788681025,P0,83.84311111111111,1710,9
1788681026,P0,69.13366666666667,1710,9
1788681027,P0,64.98622222222222,1710,9
1788681028,P0,64.44222222222223,1710,9
1788681029,P0,63.85011111111111,1710,9
1788681030,P0,63.543,1710,9
1788681031,P0,63.50222222222222,1710,9
1788681032,P0,63.53755555555556,1710,9
1788681033,P0,63.497,1710,10
1788681034,P0,63.632555555555555,1710,9
1788681035,P0,63.67322222222222,1710,9
1788681036,P0,64.40677777777778,1710,9
1788681037,P0,64.92811111111111,1710,9
1788681038,P0,64.56944444444444,1710,9
1788681039,P0,64.01266666666668,1710,9
1788681040,P0,63.653888888888886,1710,9
1788681041,P0,81.08544444444445,1710,9
1788681042,P0,86.12488888888889,1710,9
1788681043,P0,70.32000000000001,1710,10
1788681044,P0,63.48222222222222,1710,9
1788681045,P0,63.638666666666666,1710,9
1788681046,P0,63.65266666666667,1710,9
1788681047,P0,63.505,1710,9
1788681048,P0,64.24966666666667,1710,9
1788681049,P0,64.82266666666666,1710,9
1788681050,P0,64.5368888888889,1710,9
1788681051,P0,64.08033333333333,1710,9
1788681052,P0,63.727444444444444,1710,9
1788681053,P0,63.59177777777778,1710,9
1788681054,P0,63.4968,1710,10
1788681055,P0,63.448,1710,9
1788681056,P0,63.529333333333334,1710,9
1788681057,P0,63.50222222222222,1710,9
1788681058,P0,63.94855555555556,1710,9
1788681059,P0,67.42377777777779,1710,9
1788681060,P0,90.57955555555556,1710,9
1788681061,P0,78.212,1710,9
1788681062,P0,63.512,1710,9
1788681063,P0,63.39022222222222,1710,9
1788681064,P0,63.5946,1710,10
1788681065,P0,63.986,1710,9
1788681066,P0,63.937,1710,9
1788681067,P0,63.57,1710,9
1788681068,P0,63.447,1710,9
1788681069,P0,63.59988888888889,1710,9
1788681070,P0,63.5533,1710,10
1788681071,P0,63.913,1710,9
1788681072,P0,64.108,1710,9
1788681073,P0,63.57,1710,9
1788681074,P0,63.497,1710,9
1788681075,P0,63.71388888888889,1710,9
1788681076,P0,63.5871,1710,10
1788681077,P0,79.30677777777778,1710,9
1788681078,P0,85.01033333333334,1710,9
1788681079,P0,69.00766666666667,1710,9
1788681080,P0,64.28055555555555,1710,9
1788681081,P0,65.16266666666667,1710,9
1788681082,P0,64.51011111111112,1710,9
1788681083,P0,63.84955555555556,1710,9
1788681084,P0,63.6555,1710,10
1788681085,P0,63.62422222222222,1710,9
1788681086,P0,63.51577777777778,1710,9
1788681087,P0,63.448,1710,9
1788681088,P0,63.41555555555556,1710,9
1788681089,P0,63.451,1710,9
1788681090,P0,64.36111111111111,1710,9
1788681091,P0,65.1951111111111,1710,9
1788681092,P0,64.69200000000001,1710,9
1788681093,P0,64.13466666666667,1710,9
1788681094,P0,65.85166666666666,1710,9
1788681095,P0,91.31819999999999,1710,10
1788681096,P0,76.028,1710,9
1788681097,P0,65.037,1710,9
1788681098,P0,64.719,1710,9
1788681099,P0,64.059,1710,9
1788681100,P0,63.77633333333333,1710,9
1788681101,P0,63.675222222222224,1710,9
1788681102,P0,63.77633333333333,1710,9
1788681103,P0,63.638,1710,9
1788681104,P0,63.467,1710,9
1788681105,P0,63.448,1710,10
1788681106,P0,63.496,1710,9
1788681107,P0,63.618,1710,9
1788681108,P0,64.059,1710,9
1788681109,P0,64.181,1710,9
1788681110,P0,63.89833333333333,1710,9
1788681111,P0,63.64611111111111,1710,9
1788681112,P0,63.467,1710,9
1788681113,P0,65.29377777777778,1710,9
1788681114,P0,96.93811111111111,1710,9
1788681115,P0,84.75077777777777,1710,9
1788681116,P0,65.73633333333333,1710,9
1788681117,P0,63.4963,1710,10
1788681118,P0,63.57,1710,9
1788681119,P0,65.526,1710,9
1788681120,P0,65.086,1710,9
1788681121,P0,64.58555555555556,1710,9
1788681122,P0,64.04477777777778,1710,9
1788681123,P0,63.659666666666666,1710,9
1788681124,P0,63.510555555555555,1710,9
1788681125,P0,63.448,1710,9
1788681126,P0,63.618,1710,9
1788681127,P0,63.4969,1710,10
1788681128,P0,63.496,1710,9
1788681129,P0,64.41277777777778,1710,9
1788681130,P0,92.46277777777777,1710,9
1788681131,P0,73.916,1710,9
1788681132,P0,64.82622222222221,1710,9
1788681133,P0,63.67044444444444,1710,9
1788681134,P0,64.42888888888889,1710,9
1788681135,P0,64.85022222222223,1710,9
1788681136,P0,64.08566666666667,1710,9
1788681137,P0,63.61611111111111,1710,9
1788681138,P0,63.678444444444445,1710,9
1788681139,P0,63.583555555555556,1710,9
1788681140,P0,63.4602,1710,10
1788681141,P0,63.556444444444445,1710,9
1788681142,P0,63.50511111111111,1710,9
1788681143,P0,63.71388888888889,1710,9
1788681144,P0,64.24055555555556,1710,9
1788681145,P0,64.92866666666666,1710,9
1788681146,P0,95.36166666666666,1710,9
1788681147,P0,77.40466666666667,1710,9
1788681148,P0,66.67377777777779,1710,9
1788681149,P0,64.21777777777778,1710,9
1788681150,P0,63.82255555555555,1710,9
1788681151,P0,63.684222222222225,1710,9
1788681152,P0,63.629111111111115,1710,9
1788681153,P0,63.5212,1710,10
1788681154,P0,63.49622222222222,1710,9
1788681155,P0,63.64844444444444,1710,9
1788681156,P0,63.59711111111111,1710,9
1788681157,P0,63.57,1710,9
1788681158,P0,64.235,1710,9
1788681159,P0,64.558,1710,9
1788681160,P0,64.15966666666667,1710,9
1788681161,P0,63.74955555555555,1710,9
1788681162,P0,63.5312,1710,10
1788681163,P0,75.845,1710,9
1788681164,P0,87.32844444444444,1710,9
1788681165,P0,73.68533333333333,1710,9
1788681166,P0,63.75955555555555,1710,9
1788681167,P0,63.580222222222226,1710,9
1788681168,P0,63.458888888888886,1710,9
1788681169,P0,63.535,1710,9
1788681170,P0,64.0055,1710,10
1788681171,P0,64.687,1710,9
1788681172,P0,64.31166666666667,1710,9
1788681173,P0,63.89277777777778,1710,9
1788681174,P0,63.54288888888889,1710,9
1788681175,P0,63.51311111111111,1710,9
1788681176,P0,63.7044,1710,10
1788681177,P0,63.684333333333335,1710,9
1788681178,P0,63.87166666666666,1710,9
1788681179,P0,80.06155555555556,1710,9
1788681180,P0,84.71655555555556,1710,9
1788681181,P0,70.49077777777778,1710,9
1788681182,P0,64.2958888888889,1710,9
1788681183,P0,64.7925,1710,10
1788681184,P0,64.29777777777778,1710,9
1788681185,P0,63.82233333333333,1710,9
1788681186,P0,63.543,1710,9
1788681187,P0,63.524,1710,9
1788681188,P0,63.56477777777778,1710,9
1788681189,P0,63.855666666666664,1710,9
1788681190,P0,64.62977777777778,1710,9
1788681191,P0,64.756,1710,10
1788681192,P0,64.25766666666667,1710,9
1788681193,P0,63.82288888888889,1710,9
1788681194,P0,63.56477777777778,1710,9
1788681195,P0,89.51166666666667,1710,9
1788681196,P0,84.94,1710,9
1788681197,P0,68.39633333333333,1710,9
1788681198,P0,63.592,1710,9
1788681199,P0,64.26266666666666,1710,9
1788681200,P0,64.49933333333333,1710,9
1788681201,P0,64.10839999999999,1710,10
1788681202,P0,63.83133333333333,1710,9
1788681203,P0,63.684333333333335,1710,9
1788681204,P0,63.57033333333333,1710,9
1788681205,P0,63.546,1710,9
1788681206,P0,63.546,1710,9
1788681207,P0,63.626666666666665,1710,9
1788681208,P0,64.74366666666667,1710,9
1788681209,P0,65.15133333333333,1710,9
1788681210,P0,65.11866666666667,1710,9
1788681211,P0,64.85766666666666,1710,9
1788681212,P0,73.86377777777777,1710,9
1788681213,P0,89.4145,1710,10
1788681214,P0,72.565,1710,9
1788681215,P0,63.39522222222222,1710,9
1788681216,P0,63.53788888888889,1710,9
1788681217,P0,64.16244444444445,1710,9
1788681218,P0,64.217,1710,9
1788681219,P0,63.730111111111114,1710,9
1788681220,P0,63.66488888888889,1710,9
1788681221,P0,63.553777777777775,1710,9
1788681222,P0,63.507666666666665,1710,9
1788681223,P0,63.507222222222225,1710,9
1788681224,P0,63.3994,1710,10
1788681225,P0,63.507888888888886,1710,9
1788681226,P0,63.84488888888889,1710,9
1788681227,P0,64.85277777777777,1710,9
1788681228,P0,76.50655555555555,1710,9
1788681229,P0,93.73922222222222,1710,9
1788681230,P0,74.17655555555555,1710,9
1788681231,P0,63.902,1710,9
1788681232,P0,63.71388888888889,1710,9
1788681233,P0,63.59166666666667,1710,9
1788681234,P0,63.496,1710,10
1788681235,P0,63.52333333333333,1710,9
1788681236,P0,63.581,1710,9
1788681237,P0,63.458888888888886,1710,9
1788681238,P0,63.725,1710,9
1788681239,P0,64.56655555555555,1710,9
1788681240,P0,64.54522222222222,1710,9
1788681241,P0,63.92077777777777,1710,9
1788681242,P0,63.809555555555555,1710,9
1788681243,P0,63.581,1710,9
1788681244,P0,72.13288888888889,1710,9
1788681245,P0,94.7624,1710,10
1788681246,P0,75.07111111111111,1710,9
1788681247,P0,63.59477777777778,1710,9
1788681248,P0,63.496,1710,9
1788681249,P0,63.71333333333334,1710,9
1788681250,P0,64.52844444444445,1710,9
1788681251,P0,64.55611111111111,1710,9
1788681252,P0,63.91533333333333,1710,9
1788681253,P0,63.63,1710,9
1788681254,P0,63.50511111111111,1710,9
1788681255,P0,63.5456,1710,10
1788681256,P0,63.458888888888886,1710,9
1788681257,P0,63.55122222222222,1710,9
1788681258,P0,63.703,1710,9
1788681259,P0,63.553777777777775,1710,9
1788681260,P0,63.65988888888889,1710,9
1788681261,P0,64.28444444444445,1710,9
1788681262,P0,64.37722222222222,1710,9
1788681263,P0,63.94255555555555,1710,9
1788681264,P0,63.605333333333334,1710,9
1788681265,P0,63.50966666666667,1710,9
1788681266,P0,63.5848,1710,10
1788681267,P0,63.42088888888889,1710,9
1788681268,P0,63.36377777777778,1710,9
1788681269,P0,63.496,1710,9
1788681270,P0,63.496,1710,9
1788681271,P0,63.659111111111116,1710,9
1788681272,P0,64.28422222222223,1710,9
1788681273,P0,64.40333333333334,1710,9
1788681274,P0,64.10177777777778,1710,9
1788681275,P0,63.88488888888889,1710,9
1788681276,P0,63.66255555555556,1710,9
1788681277,P0,63.5848,1710,10
1788681278,P0,63.431777777777775,1710,9
1788681279,P0,63.44011111111111,1710,9
1788681280,P0,63.657111111111114,1710,9
1788681281,P0,63.581,1710,9
1788681282,P0,63.59466666666667,1710,9
1788681283,P0,64.14055555555557,1710,9
1788681284,P0,64.35488888888888,1710,9
1788681285,P0,63.93977777777778,1710,9
1788681286,P0,63.54288888888889,1710,9
1788681287,P0,63.3748,1710,10
1788681288,P0,63.57,1710,9
1788681289,P0,63.54566666666667,1710,9
1788681290,P0,63.554,1710,9
1788681291,P0,63.64066666666667,1710,9
1788681292,P0,63.67011111111111,1710,9
1788681293,P0,64.16222222222223,1710,9
1788681294,P0,64.21622222222223,1710,9
1788681295,P0,63.703,1710,9
1788681296,P0,63.54288888888889,1710,9
1788681297,P0,63.448,1710,10
1788681298,P0,63.505,1710,9
1788681299,P0,63.57833333333333,1710,9
1788681300,P0,63.44,1710,9
1788681301,P0,63.35288888888889,1710,9
1788681302,P0,63.458111111111116,1710,9
1788681303,P0,63.67077777777778,1710,9
1788681304,P0,64.32255555555555,1710,9
1788681305,P0,64.31188888888889,1710,9
1788681306,P0,63.71366666666667,1710,9
1788681307,P0,63.580222222222226,1710,9
1788681308,P0,63.4114,1710,10
1788681309,P0,63.383,1710,9
1788681310,P0,63.513333333333335,1710,9
1788681311,P0,63.535111111111114,1710,9
1788681312,P0,63.52388888888889,1710,9
1788681313,P0,63.60177777777778,1710,9
1788681314,P0,63.67011111111111,1710,9
1788681315,P0,64.15155555555556,1710,9
1788681316,P0,64.168,1710,9
1788681317,P0,63.69777777777778,1710,9
1788681318,P0,63.69088888888889,1710,9
1788681319,P0,63.5663,1710,10
1788681320,P0,63.554,1710,9
1788681321,P0,63.64066666666667,1710,9
1788681322,P0,63.51811111111111,1710,9
1788681323,P0,63.47822222222222,1710,9
1788681324,P0,63.79288888888889,1710,9
1788681325,P0,64.23,1710,9
1788681326,P0,64.14844444444445,1710,9
1788681327,P0,63.825,1710,9
1788681328,P0,63.6554,1710,10
1788681329,P0,63.54288888888889,1710,9
1788681330,P0,63.42088888888889,1710,9
1788681331,P0,63.35311111111111,1710,9
1788681332,P0,63.458888888888886,1710,9
1788681333,P0,63.46988888888889,1710,9
1788681334,P0,63.391222222222225,1710,9
1788681335,P0,63.59466666666667,1710,9
1788681336,P0,64.13511111111112,1710,9
1788681337,P0,64.14866666666667,1710,9
1788681338,P0,63.790499999999994,1710,10
1788681339,P0,63.581,1710,9
1788681340,P0,63.47511111111111,1710,9
1788681341,P0,63.553555555555555,1710,9
1788681342,P0,63.507111111111115,1710,9
1788681343,P0,63.535111111111114,1710,9
1788681344,P0,63.46988888888889,1710,9
1788681345,P0,63.57588888888889,1710,9
1788681346,P0,64.32233333333333,1710,9
1788681347,P0,64.30022222222223,1710,9
1788681348,P0,63.6774,1710,10
1788681349,P0,63.59188888888889,1710,9
1788681350,P0,63.458777777777776,1710,9
1788681351,P0,63.352333333333334,1710,9
1788681352,P0,63.448,1710,9
1788681353,P0,63.44777777777778,1710,9
1788681354,P0,63.474333333333334,1710,9
1788681355,P0,63.68955555555556,1710,9
1788681356,P0,64.16222222222223,1710,9
1788681357,P0,64.29222222222222,1710,9
1788681358,P0,63.7652,1710,10
1788681359,P0,63.580888888888886,1710,9
1788681360,P0,63.602777777777774,1710,9
1788681361,P0,63.508,1710,9
1788681362,P0,63.40211111111111,1710,9
1788681363,P0,63.497,1710,9
1788681364,P0,63.459,1710,9
1788681365,P0,63.35311111111111,1710,9
1788681366,P0,63.448,1710,9
1788681367,P0,63.583777777777776,1710,9
1788681368,P0,64.059,1710,9
1788681369,P0,64.36344444444444,1710,9
1788681370,P0,63.8142,1710,10
1788681371,P0,63.619,1710,9
1788681372,P0,63.57833333333333,1710,9
1788681373,P0,63.480666666666664,1710,9
1788681374,P0,63.464333333333336,1710,9
1788681375,P0,63.47233333333333,1710,9
1788681376,P0,63.43922222222223,1710,9
1788681377,P0,63.64822222222222,1710,9
1788681378,P0,64.24633333333333,1710,9
1788681379,P0,64.34299999999999,1710,10
1788681380,P0,63.93,1710,9
1788681381,P0,63.62233333333333,1710,9
1788681382,P0,63.43366666666667,1710,9
1788681383,P0,63.44733333333333,1710,9
1788681384,P0,63.42366666666667,1710,9
1788681385,P0,63.413,1710,9
1788681386,P0,63.546,1710,9
1788681387,P0,63.64377777777778,1710,9
1788681388,P0,64.05644444444444,1710,9
1788681389,P0,64.17099999999999,1710,10
1788681390,P0,63.781666666666666,1710,9
1788681391,P0,63.57833333333333,1710,9
1788681392,P0,63.45633333333333,1710,9
1788681393,P0,63.391222222222225,1710,9
1788681394,P0,63.458888888888886,1710,9
1788681395,P0,63.497,1710,9
1788681396,P0,63.702555555555556,1710,9
1788681397,P0,64.47644444444444,1710,9
1788681398,P0,64.4111,1710,10
1788681399,P0,63.73266666666667,1710,9
1788681400,P0,63.529333333333334,1710,9
1788681401,P0,63.42088888888889,1710,9
1788681402,P0,63.364,1710,9
1788681403,P0,63.49677777777778,1710,9
1788681404,P0,63.458222222222226,1710,9
1788681405,P0,63.38022222222222,1710,9
1788681406,P0,63.57,1710,9
1788681407,P0,63.54288888888889,1710,9
1788681408,P0,63.638,1710,9
1788681409,P0,64.35722222222222,1710,9
1788681410,P0,64.3637,1710,10
1788681411,P0,63.814,1710,9
1788681412,P0,63.51577777777778,1710,9
1788681413,P0,63.35311111111111,1710,9
1788681414,P0,63.448,1710,9
1788681415,P0,63.42088888888889,1710,9
1788681416,P0,63.35311111111111,1710,9
1788681417,P0,63.44777777777778,1710,9
1788681418,P0,63.431000000000004,1710,9
1788681419,P0,63.57588888888889,1710,9
1788681420,P0,64.3375,1710,10
1788681421,P0,64.21333333333334,1710,9
1788681422,P0,63.66488888888889,1710,9
1788681423,P0,63.54266666666667,1710,9
1788681424,P0,63.45788888888889,1710,9
1788681425,P0,63.49622222222222,1710,9
1788681426,P0,63.46988888888889,1710,9
1788681427,P0,63.37477777777778,1710,9
1788681428,P0,63.36333333333334,1710,9
1788681429,P0,63.55422222222222,1710,9
1788681430,P0,64.46279999999999,1710,10
1788681431,P0,64.51788888888889,1710,9
1788681432,P0,63.77066666666666,1710,9
1788681433,P0,63.619,1710,9
1788681434,P0,63.581,1710,9
1788681435,P0,63.448,1710,9
1788681436,P0,63.47511111111111,1710,9
1788681437,P0,63.54266666666667,1710,9
1788681438,P0,63.41988888888889,1710,9
1788681439,P0,63.363,1710,9
1788681440,P0,63.69711111111111,1710,9
1788681441,P0,64.44,1710,10
1788681442,P0,64.46044444444445,1710,9
1788681443,P0,63.86366666666667,1710,9
1788681444,P0,63.562,1710,9
1788681445,P0,63.464333333333336,1710,9
1788681446,P0,63.45633333333333,1710,9
1788681447,P0,63.39933333333333,1710,9
1788681448,P0,63.448,1710,9
1788681449,P0,63.44777777777778,1710,9
1788681450,P0,63.630300000000005,1710,10
1788681451,P0,64.099,1710,9
1788681452,P0,64.018,1710,9
1788681453,P0,63.651,1710,9
1788681454,P0,63.528666666666666,1710,9
1788681455,P0,63.407000000000004,1710,9
1788681456,P0,63.382333333333335,1710,9
1788681457,P0,63.497,1710,9
1788681458,P0,63.459,1710,9
1788681459,P0,63.364,1710,9
1788681460,P0,63.7169,1710,10
1788681461,P0,64.29533333333333,1710,9
1788681462,P0,64.279,1710,9
1788681463,P0,63.92,1710,9
1788681464,P0,63.73266666666667,1710,9
1788681465,P0,63.618,1710,9
1788681466,P0,63.577333333333335,1710,9
1788681467,P0,63.48533333333334,1710,9
1788681468,P0,63.44777777777778,1710,9
1788681469,P0,63.431000000000004,1710,9
1788681470,P0,63.6462,1710,10
1788681471,P0,64.34433333333332,1710,9
1788681472,P0,64.214,1710,9
1788681473,P0,63.65133333333333,1710,9
1788681474,P0,63.529333333333334,1710,9
1788681475,P0,63.42366666666667,1710,9
1788681476,P0,63.40211111111111,1710,9
1788681477,P0,63.486111111111114,1710,9
1788681478,P0,63.431777777777775,1710,9
1788681479,P0,63.41277777777778,1710,9
1788681480,P0,63.7871,1710,10
1788681481,P0,64.43366666666667,1710,9
1788681482,P0,64.39333333333333,1710,9
1788681483,P0,63.888,1710,9
1788681484,P0,63.63777777777778,1710,9
1788681485,P0,63.486,1710,9
1788681486,P0,63.619,1710,9
1788681487,P0,63.581,1710,9
1788681488,P0,63.44777777777778,1710,9
1788681489,P0,63.42011111111111,1710,9
1788681490,P0,63.3773,1710,10
1788681491,P0,63.71666666666667,1710,9
1788681492,P0,64.18066666666667,1710,9
1788681493,P0,64.05066666666667,1710,9
1788681494,P0,63.63755555555556,1710,9
1788681495,P0,63.42011111111111,1710,9
1788681496,P0,63.35311111111111,1710,9
1788681497,P0,63.44777777777778,1710,9
1788681498,P0,63.41988888888889,1710,9
1788681499,P0,63.361900000000006,1710,10
1788681500,P0,63.733,1710,9
1788681501,P0,64.38433333333333,1710,9
1788681502,P0,64.41144444444444,1710,9
1788681503,P0,63.855444444444444,1710,9
1788681504,P0,63.54288888888889,1710,9
1788681505,P0,63.47511111111111,1710,9
1788681506,P0,63.54288888888889,1710,9
1788681507,P0,63.448,1710,9
1788681508,P0,63.486,1710,9
1788681509,P0,63.5971,1710,10
1788681510,P0,63.69233333333333,1710,9
1788681511,P0,64.05033333333333,1710,9
1788681512,P0,64.07233333333333,1710,9
1788681513,P0,63.702888888888886,1710,9
1788681514,P0,63.71388888888889,1710,9
1788681515,P0,63.55388888888889,1710,9
1788681516,P0,63.35311111111111,1710,9
1788681517,P0,63.448,1710,9
1788681518,P0,63.42088888888889,1710,9
1788681519,P0,63.35311111111111,1710,9
1788681520,P0,63.448,1710,10
1788681521,P0,63.69233333333333,1710,9
1788681522,P0,64.37122222222222,1710,9
1788681523,P0,64.84966666666666,1710,9
1788681524,P0,64.23033333333333,1710,9
1788681525,P0,63.684,1710,9
1788681526,P0,63.54566666666667,1710,9
1788681527,P0,63.497,1710,9
1788681528,P0,63.52133333333333,1710,9
1788681529,P0,63.529333333333334,1710,9
1788681530,P0,63.4627,1710,10
1788681531,P0,63.497,1710,9
1788681532,P0,63.659666666666666,1710,9
1788681533,P0,64.12366666666667,1710,9
1788681534,P0,64.22166666666666,1710,9
1788681535,P0,63.781666666666666,1710,9
1788681536,P0,63.635333333333335,1710,9
1788681537,P0,63.61066666666667,1710,9
1788681538,P0,63.43933333333334,1710,9
1788681539,P0,63.35311111111111,1710,9
1788681540,P0,63.4627,1710,10
1788681541,P0,63.53766666666667,1710,9
1788681542,P0,63.806333333333335,1710,9
1788681543,P0,64.19733333333333,1710,9
1788681544,P0,64.08333333333334,1710,9
1788681545,P0,63.79,1710,9
1788681546,P0,63.733,1710,9
1788681547,P0,63.521,1710,9
1788681548,P0,63.352111111111114,1710,9
1788681549,P0,63.45788888888889,1710,9
1788681550,P0,63.4597,1710,10
1788681551,P0,63.39933333333333,1710,9
1788681552,P0,63.708666666666666,1710,9
1788681553,P0,64.31166666666667,1710,9
1788681554,P0,64.29566666666666,1710,9
1788681555,P0,63.830999999999996,1710,9
1788681556,P0,63.57833333333333,1710,9
1788681557,P0,63.52411111111111,1710,9
1788681558,P0,63.59188888888889,1710,9
1788681559,P0,63.4454,1710,10
1788681560,P0,63.32533333333333,1710,9
1788681561,P0,63.326,1710,9
1788681562,P0,63.57033333333333,1710,9
1788681563,P0,64.14066666666666,1710,9
1788681564,P0,64.1,1710,9
1788681565,P0,63.65133333333333,1710,9
1788681566,P0,63.54288888888889,1710,9
1788681567,P0,63.42066666666667,1710,9
1788681568,P0,63.36322222222223,1710,9
1788681569,P0,63.5117,1710,10
1788681570,P0,63.48866666666667,1710,9
1788681571,P0,63.39833333333333,1710,9
1788681572,P0,63.651,1710,9
1788681573,P0,64.09966666666666,1710,9
1788681574,P0,64.05866666666667,1710,9
1788681575,P0,63.75977777777778,1710,9
1788681576,P0,63.54288888888889,1710,9
1788681577,P0,63.47511111111111,1710,9
1788681578,P0,63.54288888888889,1710,9
1788681579,P0,63.4564,1710,10
1788681580,P0,63.516333333333336,1710,9
1788681581,P0,63.547333333333334,1710,9
1788681582,P0,63.448,1710,9
1788681583,P0,63.668,1710,9
1788681584,P0,64.18933333333334,1710,9
1788681585,P0,64.23244444444445,1710,9
1788681586,P0,63.73266666666667,1710,9
1788681587,P0,63.42088888888889,1710,9
1788681588,P0,63.35288888888889,1710,9
1788681589,P0,63.447,1710,10
1788681590,P0,63.44733333333333,1710,9
1788681591,P0,63.48833333333334,1710,9
1788681592,P0,63.528666666666666,1710,9
1788681593,P0,63.611,1710,9
1788681594,P0,64.01833333333333,1710,9
1788681595,P0,64.20522222222222,1710,9
1788681596,P0,63.80877777777778,1710,9
1788681597,P0,63.61355555555556,1710,9
1788681598,P0,63.57833333333333,1710,9
1788681599,P0,63.4286,1710,10
1788681600,P0,63.38022222222222,1710,9
1788681601,P0,63.448,1710,9
1788681602,P0,63.407333333333334,1710,9
1788681603,P0,63.652,1710,9
1788681604,P0,64.38533333333334,1710,9
1788681605,P0,64.30333333333334,1710,9
1788681606,P0,63.81433333333333,1710,9
1788681607,P0,63.733333333333334,1710,9
1788681608,P0,63.529,1710,9
1788681609,P0,63.4962,1710,10
1788681610,P0,63.53755555555556,1710,9
1788681611,P0,63.456,1710,9
1788681612,P0,63.480000000000004,1710,9
1788681613,P0,63.912,1710,9
1788681614,P0,64.31133333333334,1710,9
1788681615,P0,64.01,1710,9
1788681616,P0,63.529333333333334,1710,9
1788681617,P0,63.505,1710,9
1788681618,P0,63.6382,1710,10
1788681619,P0,63.61322222222222,1710,9
1788681620,P0,63.529333333333334,1710,9
1788681621,P0,63.480000000000004,1710,9
1788681622,P0,63.407000000000004,1710,9
1788681623,P0,63.61033333333334,1710,9
1788681624,P0,64.279,1710,9
1788681625,P0,64.23033333333333,1710,9
1788681626,P0,63.724666666666664,1710,9
1788681627,P0,63.65133333333333,1710,9
1788681628,P0,63.492,1710,10
1788681629,P0,63.495888888888885,1710,9
1788681630,P0,63.63066666666666,1710,9
1788681631,P0,63.523666666666664,1710,9
1788681632,P0,63.45633333333333,1710,9
1788681633,P0,63.602666666666664,1710,9
1788681634,P0,63.733,1710,9
1788681635,P0,64.27922222222222,1710,9
1788681636,P0,64.28733333333332,1710,9
1788681637,P0,63.81433333333333,1710,9
1788681638,P0,63.56166666666667,1710,9
1788681639,P0,63.410700000000006,1710,10
1788681640,P0,63.319,1710,9
1788681641,P0,63.305,1710,9
1788681642,P0,63.312,1710,9
1788681643,P0,63.36666666666667,1710,9
1788681644,P0,63.48866666666667,1710,9
1788681645,P0,63.749,1710,9
1788681646,P0,64.148,1710,9
1788681647,P0,64.01,1710,9
1788681648,P0,63.48833333333334,1710,9
1788681649,P0,63.3616,1710,10
1788681650,P0,63.46333333333334,1710,9
1788681651,P0,63.455666666666666,1710,9
1788681652,P0,63.41566666666667,1710,9
1788681653,P0,63.49666666666667,1710,9
1788681654,P0,63.43933333333334,1710,9
1788681655,P0,63.586666666666666,1710,9
1788681656,P0,64.206,1710,9
1788681657,P0,64.19800000000001,1710,9
1788681658,P0,63.752,1710,9
1788681659,P0,63.5677,1710,10
1788681660,P0,63.448,1710,9
1788681661,P0,63.448,1710,9
1788681662,P0,63.407333333333334,1710,9
1788681663,P0,63.36666666666667,1710,9
1788681664,P0,63.448,1710,9
1788681665,P0,63.611,1710,9
1788681666,P0,64.059,1710,9
1788681667,P0,64.19433333333333,1710,9
1788681668,P0,63.75955555555556,1710,9
1788681669,P0,63.5693,1710,10
1788681670,P0,63.529,1710,9
1788681671,P0,63.406666666666666,1710,9
1788681672,P0,63.342,1710,9
1788681673,P0,63.374,1710,9
1788681674,P0,63.358000000000004,1710,9
1788681675,P0,63.668,1710,9
1788681676,P0,64.40644444444445,1710,9
1788681677,P0,64.40677777777778,1710,9
1788681678,P0,63.741,1710,9
1788681679,P0,63.6726,1710,10
1788681680,P0,63.51577777777778,1710,9
1788681681,P0,63.50222222222222,1710,9
1788681682,P0,63.51577777777778,1710,9
1788681683,P0,63.448,1710,9
1788681684,P0,63.48866666666667,1710,9
1788681685,P0,63.733,1710,9
1788681686,P0,64.15666666666667,1710,9
1788681687,P0,64.18900000000001,1710,9
1788681688,P0,63.76533333333333,1710,9
1788681689,P0,63.57,1710,10
1788681690,P0,63.51533333333334,1710,9
1788681691,P0,63.39322222222222,1710,9
1788681692,P0,63.37977777777778,1710,9
1788681693,P0,63.46366666666667,1710,9
1788681694,P0,63.456,1710,9
1788681695,P0,63.602333333333334,1710,9
1788681696,P0,64.14066666666666,1710,9
1788681697,P0,64.1,1710,9
1788681698,P0,63.692,1710,10
1788681699,P0,63.63777777777778,1710,9
1788681700,P0,63.461555555555556,1710,9
1788681701,P0,63.37977777777778,1710,9
1788681702,P0,63.46333333333334,1710,9
1788681703,P0,63.472,1710,9
1788681704,P0,63.44833333333333,1710,9
1788681705,P0,63.480666666666664,1710,9
1788681706,P0,63.651666666666664,1710,9
1788681707,P0,64.18133333333333,1710,9
1788681708,P0,64.22200000000001,1710,9
1788681709,P0,63.716,1710,10
1788681710,P0,63.56944444444444,1710,9
1788681711,P0,63.53755555555556,1710,9
1788681712,P0,63.45633333333333,1710,9
1788681713,P0,63.39933333333333,1710,9
1788681714,P0,63.464333333333336,1710,9
1788681715,P0,63.49666666666667,1710,9
1788681716,P0,63.7,1710,9
1788681717,P0,64.14866666666667,1710,9
1788681718,P0,64.01480000000001,1710,10
1788681719,P0,63.583555555555556,1710,9
1788681720,P0,63.407333333333334,1710,9
1788681721,P0,63.383,1710,9
1788681722,P0,63.497,1710,9
1788681723,P0,63.44,1710,9
1788681724,P0,63.36633333333334,1710,9
1788681725,P0,63.78966666666667,1710,9
1788681726,P0,64.597,1710,9
1788681727,P0,64.58033333333333,1710,9
1788681728,P0,63.93666666666667,1710,9
1788681729,P0,63.6628,1710,10
1788681730,P0,63.635333333333335,1710,9
1788681731,P0,63.611,1710,9
1788681732,P0,63.480666666666664,1710,9
1788681733,P0,63.48866666666667,1710,9
1788681734,P0,63.529,1710,9
1788681735,P0,63.447,1710,9
1788681736,P0,63.77333333333333,1710,9
1788681737,P0,64.646,1710,9
1788681738,P0,64.882,1710,9
1788681739,P0,64.276,1710,10
1788681740,P0,63.73266666666667,1710,9
1788681741,P0,63.57,1710,9
1788681742,P0,63.529333333333334,1710,9
1788681743,P0,63.407333333333334,1710,9
1788681744,P0,63.326,1710,9
1788681745,P0,63.326,1710,9
1788681746,P0,63.407333333333334,1710,9
1788681747,P0,63.81466666666667,1710,9
1788681748,P0,64.304,1710,9
1788681749,P0,64.1204,1710,10
1788681750,P0,63.65133333333333,1710,9
1788681751,P0,63.54566666666667,1710,9
1788681752,P0,63.456,1710,9
1788681753,P0,63.415,1710,9
1788681754,P0,63.497,1710,9
1788681755,P0,63.44,1710,9
1788681756,P0,63.36633333333334,1710,9
1788681757,P0,63.69166666666667,1710,9
1788681758,P0,64.26255555555555,1710,9
1788681759,P0,64.46644444444445,1710,9
1788681760,P0,64.0342,1710,10
1788681761,P0,63.727333333333334,1710,9
1788681762,P0,63.56477777777778,1710,9
1788681763,P0,63.44277777777778,1710,9
1788681764,P0,63.42922222222222,1710,9
1788681765,P0,63.47522222222222,1710,9
1788681766,P0,63.39377777777778,1710,9
1788681767,P0,63.36666666666667,1710,9
1788681768,P0,63.651666666666664,1710,9
1788681769,P0,64.1274,1710,10
1788681770,P0,64.03444444444445,1710,9
1788681771,P0,63.65977777777778,1710,9
1788681772,P0,63.421,1710,9
1788681773,P0,63.38022222222222,1710,9
1788681774,P0,63.448,1710,9
1788681775,P0,63.39377777777778,1710,9
1788681776,P0,63.382666666666665,1710,9
1788681777,P0,63.51233333333334,1710,9
1788681778,P0,63.77333333333333,1710,9
1788681779,P0,64.406,1710,10
1788681780,P0,64.34377777777777,1710,9
1788681781,P0,63.77288888888889,1710,9
1788681782,P0,63.569,1710,9
1788681783,P0,63.51477777777778,1710,9
1788681784,P0,63.46922222222222,1710,9
1788681785,P0,63.53766666666667,1710,9
1788681786,P0,63.562,1710,9
1788681787,P0,63.448,1710,9
1788681788,P0,63.733,1710,9
1788681789,P0,64.401,1710,10
1788681790,P0,64.27644444444445,1710,9
1788681791,P0,63.849888888888884,1710,9
1788681792,P0,63.632555555555555,1710,9
1788681793,P0,63.497,1710,9
1788681794,P0,63.495666666666665,1710,9
1788681795,P0,63.43633333333334,1710,9
1788681796,P0,63.32366666666667,1710,9
1788681797,P0,63.32533333333333,1710,9
1788681798,P0,63.342,1710,9
1788681799,P0,63.6872,1710,10
1788681800,P0,64.24366666666667,1710,9
1788681801,P0,64.05866666666667,1710,9
1788681802,P0,63.659555555555556,1710,9
1788681803,P0,63.56477777777778,1710,9
1788681804,P0,63.44,1710,9
1788681805,P0,63.36666666666667,1710,9
1788681806,P0,63.448,1710,9
1788681807,P0,63.407000000000004,1710,9
1788681808,P0,63.44733333333333,1710,9
1788681809,P0,64.03399999999999,1710,10
1788681810,P0,64.547,1710,9
1788681811,P0,64.27588888888889,1710,9
1788681812,P0,63.77388888888889,1710,9
1788681813,P0,63.54566666666667,1710,9
1788681814,P0,63.57833333333333,1710,9
1788681815,P0,63.70033333333333,1710,9
1788681816,P0,63.57833333333333,1710,9
1788681817,P0,63.53766666666667,1710,9
1788681818,P0,63.619,1710,9
1788681819,P0,63.8146,1710,10
1788681820,P0,64.184,1710,9
1788681821,P0,64.09966666666666,1710,9
1788681822,P0,63.70033333333333,1710,9
1788681823,P0,63.57833333333333,1710,9
1788681824,P0,63.44,1710,9
1788681825,P0,63.36666666666667,1710,9
1788681826,P0,63.464,1710,9
1788681827,P0,63.455333333333336,1710,9
1788681828,P0,63.6968,1710,10
1788681829,P0,64.27866666666667,1710,9
1788681830,P0,64.24600000000001,1710,9
1788681831,P0,63.733,1710,9
1788681832,P0,63.562,1710,9
1788681833,P0,63.448,1710,9
1788681834,P0,63.505,1710,9
1788681835,P0,63.56477777777778,1710,9
1788681836,P0,63.421,1710,9
1788681837,P0,63.38022222222222,1710,9
1788681838,P0,63.448,1710,10
1788681839,P0,63.71955555555555,1710,9
1788681840,P0,64.2221111111111,1710,9
1788681841,P0,64.17577777777778,1710,9
1788681842,P0,63.754555555555555,1710,9
1788681843,P0,63.59722222222222,1710,9
1788681844,P0,63.50644444444445,1710,9
1788681845,P0,63.44877777777778,1710,9
1788681846,P0,63.53955555555555,1710,9
1788681847,P0,63.543,1710,9
1788681848,P0,63.42333333333333,1710,9
1788681849,P0,63.3744,1710,10
1788681850,P0,63.679,1710,9
1788681851,P0,64.24388888888889,1710,9
1788681852,P0,64.203,1710,9
1788681853,P0,63.754555555555555,1710,9
1788681854,P0,63.619,1710,9
1788681855,P0,63.543,1710,9
1788681856,P0,63.39377777777778,1710,9
1788681857,P0,63.36666666666667,1710,9
1788681858,P0,63.464333333333336,1710,9
1788681859,P0,63.4482,1710,10
1788681860,P0,63.809666666666665,1710,9
1788681861,P0,64.62455555555555,1710,9
1788681862,P0,64.616,1710,9
1788681863,P0,64.01833333333333,1710,9
1788681864,P0,63.70611111111111,1710,9
1788681865,P0,63.483333333333334,1710,9
1788681866,P0,63.432,1710,9
1788681867,P0,63.529666666666664,1710,9
1788681868,P0,63.43966666666667,1710,9
1788681869,P0,63.3742,1710,10
1788681870,P0,63.46977777777778,1710,9
1788681871,P0,63.79033333333333,1710,9
1788681872,P0,64.29788888888889,1710,9
1788681873,P0,64.20244444444445,1710,9
1788681874,P0,63.754111111111115,1710,9
1788681875,P0,63.618,1710,9
1788681876,P0,63.577333333333335,1710,9
1788681877,P0,63.49633333333333,1710,9
1788681878,P0,63.53766666666667,1710,9
1788681879,P0,63.5506,1710,10
1788681880,P0,63.46977777777778,1710,9
1788681881,P0,63.877,1710,9
1788681882,P0,64.46088888888889,1710,9
1788681883,P0,64.325,1710,9
1788681884,P0,63.800555555555555,1710,9
1788681885,P0,63.48866666666667,1710,9
1788681886,P0,63.382666666666665,1710,9
1788681887,P0,63.51266666666667,1710,9
1788681888,P0,63.489,1710,9
1788681889,P0,63.4238,1710,10
1788681890,P0,63.537333333333336,1710,9
1788681891,P0,63.74055555555556,1710,9
1788681892,P0,64.12633333333333,1710,9
1788681893,P0,64.08566666666667,1710,9
1788681894,P0,63.73266666666667,1710,9
1788681895,P0,63.57,1710,9
1788681896,P0,63.529333333333334,1710,9
1788681897,P0,63.407000000000004,1710,9
1788681898,P0,63.3742,1710,10
1788681899,P0,63.448,1710,9
1788681900,P0,63.39333333333334,1710,9
1788681901,P0,63.65122222222222,1710,9
1788681902,P0,64.18966666666667,1710,9
1788681903,P0,64.19,1710,9
1788681904,P0,63.84766666666666,1710,9
1788681905,P0,63.733333333333334,1710,9
1788681906,P0,63.529,1710,9
1788681907,P0,63.488,1710,9
1788681908,P0,63.54566666666667,1710,9
1788681909,P0,63.497,1710,10
1788681910,P0,63.47477777777778,1710,9
1788681911,P0,63.827444444444446,1710,9
1788681912,P0,64.46633333333334,1710,9
1788681913,P0,64.50766666666667,1710,9
1788681914,P0,63.81433333333333,1710,9
1788681915,P0,63.59122222222222,1710,9
1788681916,P0,63.56477777777778,1710,9
1788681917,P0,63.421,1710,9
1788681918,P0,63.38022222222222,1710,9
1788681919,P0,63.448,1710,10
1788681920,P0,63.407444444444444,1710,9
1788681921,P0,63.42877777777778,1710,9
1788681922,P0,63.82222222222222,1710,9
1788681923,P0,64.33888888888889,1710,9
1788681924,P0,64.23588888888888,1710,9
1788681925,P0,63.77388888888889,1710,9
1788681926,P0,63.51577777777778,1710,9
1788681927,P0,63.50222222222222,1710,9
1788681928,P0,63.533500000000004,1710,10
1788681929,P0,63.45644444444444,1710,9
1788681930,P0,63.456,1710,9
1788681931,P0,63.47466666666667,1710,9
1788681932,P0,63.74133333333334,1710,9
1788681933,P0,64.23822222222222,1710,9
1788681934,P0,64.10766666666666,1710,9
1788681935,P0,63.665,1710,9
1788681936,P0,63.51577777777778,1710,9
1788681937,P0,63.39377777777778,1710,9
1788681938,P0,63.326,1710,10
1788681939,P0,63.326,1710,9
1788681940,P0,63.34777777777778,1710,9
1788681941,P0,63.451,1710,9
1788681942,P0,63.81711111111111,1710,9
1788681943,P0,64.24311111111112,1710,9
1788681944,P0,64.18933333333334,1710,9
1788681945,P0,63.82288888888889,1710,9
1788681946,P0,63.48877777777778,1710,9
1788681947,P0,63.434444444444445,1710,9
1788681948,P0,63.57,1710,10
1788681949,P0,63.461111111111116,1710,9
1788681950,P0,63.401444444444444,1710,9
1788681951,P0,63.49655555555556,1710,9
1788681952,P0,63.42,1710,9
1788681953,P0,63.48811111111111,1710,9
1788681954,P0,63.98533333333334,1710,9
1788681955,P0,64.37377777777778,1710,9
1788681956,P0,64.2161111111111,1710,9
1788681957,P0,63.800555555555555,1710,9
1788681958,P0,63.53711111111111,1710,9
1788681959,P0,63.496,1710,9
1788681960,P0,63.428000000000004,1710,10
1788681961,P0,63.402,1710,9
1788681962,P0,63.497,1710,9
1788681963,P0,63.43344444444445,1710,9
1788681964,P0,63.40822222222222,1710,9
1788681965,P0,63.73466666666667,1710,9
1788681966,P0,64.11266666666667,1710,9
1788681967,P0,64.0401111111111,1710,9
1788681968,P0,63.75511111111111,1710,9
1788681969,P0,63.562,1710,9
1788681970,P0,63.48866666666667,1710,9
1788681971,P0,63.5212,1710,10
1788681972,P0,63.41555555555556,1710,9
1788681973,P0,63.50522222222222,1710,9
1788681974,P0,63.69911111111111,1710,9
1788681975,P0,63.98777777777778,1710,9
1788681976,P0,64.48622222222222,1710,9
1788681977,P0,64.39322222222222,1710,9
1788681978,P0,63.84733333333333,1710,9
1788681979,P0,63.529333333333334,1710,9
1788681980,P0,63.3992,1710,10
1788681981,P0,63.38022222222222,1710,9
1788681982,P0,63.448,1710,9
1788681983,P0,63.448,1710,9
1788681984,P0,63.50222222222222,1710,9
1788681985,P0,63.51577777777778,1710,9
1788681986,P0,63.66488888888889,1710,9
1788681987,P0,64.09911111111111,1710,9
1788681988,P0,64.14,1710,9
1788681989,P0,63.73266666666667,1710,9
1788681990,P0,63.57,1710,9
1788681991,P0,63.5212,1710,10
1788681992,P0,63.39377777777778,1710,9
1788681993,P0,63.38022222222222,1710,9
1788681994,P0,63.46977777777778,1710,9
1788681995,P0,63.44277777777778,1710,9
1788681996,P0,63.78788888888889,1710,9
1788681997,P0,64.426,1710,9
1788681998,P0,64.42566666666667,1710,9
1788681999,P0,63.91266666666667,1710,9
1788682000,P0,63.782333333333334,1710,9
1788682001,P0,63.5506,1710,10
1788682002,P0,63.448,1710,9
1788682003,P0,63.31188888888889,1710,9
1788682004,P0,63.27133333333334,1710,9
1788682005,P0,63.39377777777778,1710,9
1788682006,P0,63.39377777777778,1710,9
1788682007,P0,63.59711111111111,1710,9
1788682008,P0,64.04488888888889,1710,9
1788682009,P0,63.96366666666667,1710,9
1788682010,P0,63.65911111111111,1710,9
1788682011,P0,63.56422222222222,1710,9
1788682012,P0,63.411500000000004,1710,10
1788682013,P0,63.39377777777778,1710,9
1788682014,P0,63.44744444444444,1710,9
1788682015,P0,63.407000000000004,1710,9
1788682016,P0,63.451,1710,9
1788682017,P0,63.904222222222224,1710,9
1788682018,P0,64.43911111111112,1710,9
1788682019,P0,64.276,1710,9
1788682020,P0,63.77333333333333,1710,9
1788682021,P0,63.509,1710,10
1788682022,P0,63.51577777777778,1710,9
1788682023,P0,63.501666666666665,1710,9
1788682024,P0,63.379222222222225,1710,9
1788682025,P0,63.379666666666665,1710,9
1788682026,P0,63.43866666666667,1710,9
1788682027,P0,63.37277777777778,1710,9
1788682028,P0,63.422777777777775,1710,9
1788682029,P0,63.84155555555555,1710,9
1788682030,P0,64.23522222222222,1710,9
1788682031,P0,64.05322222222222,1710,9
1788682032,P0,63.632111111111115,1710,9
1788682033,P0,63.5325,1710,10
1788682034,P0,63.50177777777778,1710,9
1788682035,P0,63.39333333333334,1710,9
1788682036,P0,63.379666666666665,1710,9
1788682037,P0,63.448,1710,9
1788682038,P0,63.50222222222222,1710,9
1788682039,P0,63.89622222222222,1710,9
1788682040,P0,64.30355555555556,1710,9
1788682041,P0,64.03144444444445,1710,9
1788682042,P0,63.655,1710,10
1788682043,P0,63.577444444444446,1710,9
1788682044,P0,63.46944444444445,1710,9
1788682045,P0,63.42922222222222,1710,9
1788682046,P0,63.51877777777778,1710,9
1788682047,P0,63.49133333333334,1710,9
1788682048,P0,63.45588888888889,1710,9
1788682049,P0,63.74677777777778,1710,9
1788682050,P0,64.16744444444444,1710,9
1788682051,P0,64.14033333333333,1710,9
1788682052,P0,63.77388888888889,1710,9
1788682053,P0,63.509,1710,10
1788682054,P0,63.50177777777778,1710,9
1788682055,P0,63.51477777777778,1710,9
1788682056,P0,63.41455555555556,1710,9
1788682057,P0,63.428666666666665,1710,9
1788682058,P0,63.47522222222222,1710,9
1788682059,P0,63.448,1710,9
1788682060,P0,63.827999999999996,1710,9
1788682061,P0,64.54211111111111,1710,9
1788682062,P0,64.62366666666667,1710,9
1788682063,P0,64.11288888888889,1710,9
1788682064,P0,63.7164,1710,10
1788682065,P0,63.57,1710,9
1788682066,P0,63.51577777777778,1710,9
1788682067,P0,63.39377777777778,1710,9
1788682068,P0,63.326,1710,9
1788682069,P0,63.326,1710,9
1788682070,P0,63.326,1710,9
1788682071,P0,63.38022222222222,1710,9
1788682072,P0,63.524,1710,9
1788682073,P0,63.89055555555556,1710,9
1788682074,P0,64.31711111111112,1710,9
1788682075,P0,64.1812,1710,10
1788682076,P0,63.65133333333333,1710,9
1788682077,P0,63.46977777777778,1710,9
1788682078,P0,63.497,1710,9
1788682079,P0,63.421,1710,9
1788682080,P0,63.38022222222222,1710,9
1788682081,P0,63.448,1710,9
1788682082,P0,63.39377777777778,1710,9
1788682083,P0,63.760666666666665,1710,9
1788682084,P0,64.38533333333334,1710,9
1788682085,P0,64.2744,1710,10
1788682086,P0,63.864,1710,9
1788682087,P0,63.75511111111111,1710,9
1788682088,P0,63.55122222222222,1710,9
1788682089,P0,63.53755555555556,1710,9
1788682090,P0,63.50222222222222,1710,9
1788682091,P0,63.448,1710,9
1788682092,P0,63.50222222222222,1710,9
1788682093,P0,63.84155555555555,1710,9
1788682094,P0,64.28988888888888,1710,9
1788682095,P0,64.206,1710,10
1788682096,P0,63.849888888888884,1710,9
1788682097,P0,63.646,1710,9
1788682098,P0,63.529444444444444,1710,9
1788682099,P0,63.42922222222222,1710,9
1788682100,P0,63.41555555555556,1710,9
1788682101,P0,63.448,1710,9
1788682102,P0,63.39377777777778,1710,9
1788682103,P0,63.37977777777778,1710,9
1788682104,P0,63.66477777777778,1710,9
1788682105,P0,63.998,1710,10
1788682106,P0,63.85511111111111,1710,9
1788682107,P0,63.583666666666666,1710,9
1788682108,P0,63.42922222222222,1710,9
1788682109,P0,63.41555555555556,1710,9
1788682110,P0,63.448,1710,9
1788682111,P0,63.41555555555556,1710,9
1788682112,P0,63.42877777777778,1710,9
1788682113,P0,63.474222222222224,1710,9
1788682114,P0,63.68611111111111,1710,9
1788682115,P0,64.1685,1710,10
1788682116,P0,64.05311111111111,1710,9
1788682117,P0,63.678444444444445,1710,9
1788682118,P0,63.56944444444444,1710,9
1788682119,P0,63.50177777777778,1710,9
1788682120,P0,63.448,1710,9
1788682121,P0,63.524,1710,9
1788682122,P0,63.586555555555556,1710,9
1788682123,P0,63.47,1710,9
1788682124,P0,63.483444444444444,1710,9
1788682125,P0,63.836333333333336,1710,9
1788682126,P0,64.108,1710,10
1788682127,P0,63.97244444444444,1710,9
1788682128,P0,63.70066666666666,1710,9
1788682129,P0,63.53755555555556,1710,9
1788682130,P0,63.49655555555556,1710,9
1788682131,P0,63.42044444444445,1710,9
1788682132,P0,63.38022222222222,1710,9
1788682133,P0,63.39377777777778,1710,9
1788682134,P0,63.27177777777778,1710,9
1788682135,P0,63.63822222222222,1710,9
1788682136,P0,64.328,1710,10
1788682137,P0,64.09444444444443,1710,9
1788682138,P0,63.71355555555556,1710,9
1788682139,P0,63.48822222222223,1710,9
1788682140,P0,63.29355555555556,1710,9
1788682141,P0,63.329,1710,9
1788682142,P0,63.40177777777778,1710,9
1788682143,P0,63.35266666666667,1710,9
1788682144,P0,63.37977777777778,1710,9
1788682145,P0,63.7775,1710,10
1788682146,P0,64.17577777777778,1710,9
1788682147,P0,64.06733333333334,1710,9
1788682148,P0,63.776888888888884,1710,9
1788682149,P0,63.53777777777778,1710,9
1788682150,P0,63.407444444444444,1710,9
1788682151,P0,63.39333333333334,1710,9
1788682152,P0,63.27077777777778,1710,9
1788682153,P0,63.31188888888889,1710,9
1788682154,P0,63.448,1710,9
1788682155,P0,63.778000000000006,1710,10
1788682156,P0,64.32533333333333,1710,9
1788682157,P0,64.30322222222222,1710,9
1788682158,P0,63.77333333333333,1710,9
1788682159,P0,63.57,1710,9
1788682160,P0,63.51577777777778,1710,9
1788682161,P0,63.448,1710,9
1788682162,P0,63.448,1710,9
1788682163,P0,63.407444444444444,1710,9
1788682164,P0,63.44277777777778,1710,9
1788682165,P0,63.9245,1710,10
1788682166,P0,64.58311111111111,1710,9
1788682167,P0,64.40133333333334,1710,9
1788682168,P0,63.87688888888889,1710,9
1788682169,P0,63.62422222222222,1710,9
1788682170,P0,63.59722222222222,1710,9
1788682171,P0,63.550666666666665,1710,9
1788682172,P0,63.42877777777778,1710,9
1788682173,P0,63.44822222222222,1710,9
1788682174,P0,63.49655555555556,1710,9
1788682175,P0,63.496,1710,9
1788682176,P0,63.838499999999996,1710,10
1788682177,P0,64.27655555555555,1710,9
1788682178,P0,64.01299999999999,1710,9
1788682179,P0,63.646,1710,9
1788682180,P0,63.52888888888889,1710,9
1788682181,P0,63.456,1710,9
1788682182,P0,63.464,1710,9
1788682183,P0,63.46933333333333,1710,9
1788682184,P0,63.39333333333334,1710,9
1788682185,P0,63.379666666666665,1710,9
1788682186,P0,63.8755,1710,10
1788682187,P0,64.38477777777777,1710,9
1788682188,P0,64.20855555555555,1710,9
1788682189,P0,63.73311111111111,1710,9
1788682190,P0,63.501666666666665,1710,9
1788682191,P0,63.54255555555556,1710,9
1788682192,P0,63.55122222222222,1710,9
1788682193,P0,63.421,1710,9
1788682194,P0,63.326,1710,9
1788682195,P0,63.326,1710,10
1788682196,P0,63.89655555555555,1710,9
1788682197,P0,64.55633333333333,1710,9
1788682198,P0,64.28455555555556,1710,9
1788682199,P0,63.800888888888885,1710,9
1788682200,P0,63.556444444444445,1710,9
1788682201,P0,63.379666666666665,1710,9
1788682202,P0,63.379222222222225,1710,9
1788682203,P0,63.44744444444444,1710,9
1788682204,P0,63.39377777777778,1710,9
1788682205,P0,63.37977777777778,1710,9
1788682206,P0,63.447500000000005,1710,10
1788682207,P0,63.787444444444446,1710,9
1788682208,P0,64.2901111111111,1710,9
1788682209,P0,64.13499999999999,1710,9
1788682210,P0,63.699666666666666,1710,9
1788682211,P0,63.569,1710,9
1788682212,P0,63.51522222222222,1710,9
1788682213,P0,63.39333333333334,1710,9
1788682214,P0,63.379666666666665,1710,9
1788682215,P0,63.447500000000005,1710,10
1788682216,P0,63.447,1710,9
1788682217,P0,63.882000000000005,1710,9
1788682218,P0,64.29777777777778,1710,9
1788682219,P0,64.01255555555555,1710,9
1788682220,P0,63.632555555555555,1710,9
1788682221,P0,63.421,1710,9
1788682222,P0,63.37977777777778,1710,9
1788682223,P0,63.44744444444444,1710,9
1788682224,P0,63.39377777777778,1710,9
1788682225,P0,63.400666666666666,1710,9
1788682226,P0,63.4935,1710,10
1788682227,P0,63.400222222222226,1710,9
1788682228,P0,63.733222222222224,1710,9
1788682229,P0,64.22177777777777,1710,9
1788682230,P0,64.08044444444445,1710,9
1788682231,P0,63.68677777777778,1710,9
1788682232,P0,63.56477777777778,1710,9
1788682233,P0,63.421,1710,9
1788682234,P0,63.38022222222222,1710,9
1788682235,P0,63.448,1710,9
1788682236,P0,63.387,1710,10
1788682237,P0,63.48877777777778,1710,9
1788682238,P0,63.958444444444446,1710,9
1788682239,P0,64.23,1710,9
1788682240,P0,64.06733333333334,1710,9
1788682241,P0,63.70066666666666,1710,9
1788682242,P0,63.50222222222222,1710,9
1788682243,P0,63.583555555555556,1710,9
1788682244,P0,63.651444444444444,1710,9
1788682245,P0,63.483444444444444,1710,9
1788682246,P0,63.41555555555556,1710,9
1788682247,P0,63.4474,1710,10
1788682248,P0,63.37977777777778,1710,9
1788682249,P0,63.89655555555555,1710,9
1788682250,P0,64.58355555555555,1710,9
1788682251,P0,64.33355555555555,1710,9
1788682252,P0,63.891,1710,9
1788682253,P0,63.678888888888885,1710,9
1788682254,P0,63.50222222222222,1710,9
1788682255,P0,63.448,1710,9
1788682256,P0,63.3748,1710,10
1788682257,P0,63.35322222222222,1710,9
1788682258,P0,63.40166666666667,1710,9
1788682259,P0,63.87133333333334,1710,9
1788682260,P0,64.40611111111112,1710,9
1788682261,P0,64.13977777777778,1710,9
1788682262,P0,63.61066666666667,1710,9
1788682263,P0,63.448,1710,9
1788682264,P0,63.448,1710,9
1788682265,P0,63.39377777777778,1710,9
1788682266,P0,63.3505,1710,10
1788682267,P0,63.375,1710,9
1788682268,P0,63.37444444444444,1710,9
1788682269,P0,63.93922222222223,1710,9
1788682270,P0,64.33833333333334,1710,9
1788682271,P0,64.045,1710,9
1788682272,P0,63.70044444444444,1710,9
1788682273,P0,63.573,1710,9
1788682274,P0,63.402,1710,9
1788682275,P0,63.31666666666667,1710,9
1788682276,P0,63.305,1710,10
1788682277,P0,63.34388888888889,1710,9
1788682278,P0,63.44222222222222,1710,9
1788682279,P0,63.496,1710,9
1788682280,P0,63.76766666666667,1710,9
1788682281,P0,64.09388888888888,1710,9
1788682282,P0,63.84155555555555,1710,9
1788682283,P0,63.50222222222222,1710,9
1788682284,P0,63.523555555555554,1710,9
1788682285,P0,63.56377777777778,1710,9
1788682286,P0,63.486000000000004,1710,10
1788682287,P0,63.476,1710,9
1788682288,P0,63.39211111111111,1710,9
1788682289,P0,63.42,1710,9
1788682290,P0,63.83544444444445,1710,9
1788682291,P0,64.1481111111111,1710,9
1788682292,P0,63.93655555555556,1710,9
1788682293,P0,63.632555555555555,1710,9
1788682294,P0,63.421,1710,9
1788682295,P0,63.402,1710,9
1788682296,P0,63.558,1710,10
1788682297,P0,63.524,1710,9
1788682298,P0,63.448,1710,9
1788682299,P0,63.448,1710,9
1788682300,P0,63.787444444444446,1710,9
1788682301,P0,64.2901111111111,1710,9
1788682302,P0,64.13499999999999,1710,9
1788682303,P0,63.76,1710,9
1788682304,P0,63.619,1710,9
1788682305,P0,63.543,1710,9
1788682306,P0,63.411500000000004,1710,10
1788682307,P0,63.47,1710,9
1788682308,P0,63.546,1710,9
1788682309,P0,63.51877777777778,1710,9
1788682310,P0,63.876999999999995,1710,9
1788682311,P0,64.24877777777778,1710,9
1788682312,P0,64.08611111111111,1710,9
1788682313,P0,63.815,1710,9
1788682314,P0,63.70611111111111,1710,9
1788682315,P0,63.48288888888889,1710,9
1788682316,P0,63.3745,1710,10
1788682317,P0,63.34722222222222,1710,9
1788682318,P0,63.39333333333334,1710,9
1788682319,P0,63.448,1710,9
1788682320,P0,63.92355555555556,1710,9
1788682321,P0,64.46666666666667,1710,9
1788682322,P0,64.31133333333334,1710,9
1788682323,P0,63.754555555555555,1710,9
1788682324,P0,63.59177777777778,1710,9
1788682325,P0,63.4968,1710,10
1788682326,P0,63.36666666666667,1710,9
1788682327,P0,63.326,1710,9
1788682328,P0,63.358666666666664,1710,9
1788682329,P0,63.47,1710,9
1788682330,P0,63.926,1710,9
1788682331,P0,64.27055555555556,1710,9
1788682332,P0,63.96355555555555,1710,9
1788682333,P0,63.62422222222222,1710,9
1788682334,P0,63.52888888888889,1710,9
1788682335,P0,63.4228,1710,10
1788682336,P0,63.42333333333333,1710,9
1788682337,P0,63.448,1710,9
1788682338,P0,63.407444444444444,1710,9
1788682339,P0,63.44277777777778,1710,9
1788682340,P0,63.46922222222222,1710,9
1788682341,P0,63.71866666666667,1710,9
1788682342,P0,64.13988888888889,1710,9
1788682343,P0,63.96355555555555,1710,9
1788682344,P0,63.556444444444445,1710,9
1788682345,P0,63.5206,1710,10
1788682346,P0,63.56966666666667,1710,9
1788682347,P0,63.501666666666665,1710,9
1788682348,P0,63.44755555555556,1710,9
1788682349,P0,63.43633333333333,1710,9
1788682350,P0,63.427,1710,9
1788682351,P0,63.913666666666664,1710,9
1788682352,P0,64.43911111111112,1710,9
1788682353,P0,64.208,1710,9
1788682354,P0,63.73266666666667,1710,9
1788682355,P0,63.4236,1710,10
1788682356,P0,63.39377777777778,1710,9
1788682357,P0,63.38022222222222,1710,9
1788682358,P0,63.25822222222222,1710,9
1788682359,P0,63.36677777777778,1710,9
1788682360,P0,63.56422222222222,1710,9
1788682361,P0,63.88966666666667,1710,9
1788682362,P0,64.24311111111112,1710,9
1788682363,P0,63.98533333333334,1710,9
1788682364,P0,63.583666666666666,1710,9
1788682365,P0,63.558,1710,10
1788682366,P0,63.55122222222222,1710,9
1788682367,P0,63.42922222222222,1710,9
1788682368,P0,63.41555555555556,1710,9
1788682369,P0,63.448,1710,9
1788682370,P0,64.33077777777778,1710,9
1788682371,P0,64.90088888888889,1710,9
1788682372,P0,64.45255555555555,1710,9
1788682373,P0,63.90933333333333,1710,9
1788682374,P0,63.692,1710,9
1788682375,P0,63.631,1710,10
1788682376,P0,63.50222222222222,1710,9
1788682377,P0,63.51522222222222,1710,9
1788682378,P0,63.501222222222225,1710,9
1788682379,P0,63.37977777777778,1710,9
1788682380,P0,63.326,1710,9
1788682381,P0,63.421,1710,9
1788682382,P0,63.836444444444446,1710,9
1788682383,P0,64.21633333333334,1710,9
1788682384,P0,64.16744444444444,1710,9
1788682385,P0,64.02655555555555,1710,9
1788682386,P0,63.84466666666666,1710,9
1788682387,P0,63.521,1710,10
1788682388,P0,63.41455555555556,1710,9
1788682389,P0,63.447,1710,9
1788682390,P0,63.37977777777778,1710,9
1788682391,P0,63.39377777777778,1710,9
1788682392,P0,63.448,1710,9
1788682393,P0,63.92355555555556,1710,9
1788682394,P0,64.77900000000001,1710,9
1788682395,P0,64.83277777777778,1710,9
1788682396,P0,64.09922222222222,1710,9
1788682397,P0,63.692,1710,10
1788682398,P0,63.62422222222222,1710,9
1788682399,P0,63.434444444444445,1710,9
1788682400,P0,63.421,1710,9
1788682401,P0,63.52422222222222,1710,9
1788682402,P0,63.432,1710,9
1788682403,P0,63.483333333333334,1710,9
1788682404,P0,63.909444444444446,1710,9
1788682405,P0,64.24877777777778,1710,9
1788682406,P0,64.12633333333333,1710,9
1788682407,P0,63.8386,1710,10
1788682408,P0,63.627,1710,9
1788682409,P0,63.48866666666667,1710,9
1788682410,P0,63.39933333333333,1710,9
1788682411,P0,63.375,1710,9
1788682412,P0,63.342333333333336,1710,9
1788682413,P0,63.326,1710,9
1788682414,P0,63.66544444444445,1710,9
1788682415,P0,64.07255555555555,1710,9
1788682416,P0,63.977666666666664,1710,9
1788682417,P0,63.7412,1710,10
1788682418,P0,63.529333333333334,1710,9
1788682419,P0,63.39933333333333,1710,9
1788682420,P0,63.375,1710,9
1788682421,P0,63.342333333333336,1710,9
1788682422,P0,63.326,1710,9
1788682423,P0,63.39322222222222,1710,9
1788682424,P0,63.447,1710,9
1788682425,P0,63.74644444444444,1710,9
1788682426,P0,64.21655555555556,1710,9
1788682427,P0,64.0782,1710,10
1788682428,P0,63.586333333333336,1710,9
1788682429,P0,63.448,1710,9
1788682430,P0,63.448,1710,9
1788682431,P0,63.44744444444444,1710,9
1788682432,P0,63.54255555555556,1710,9
1788682433,P0,63.55122222222222,1710,9
1788682434,P0,63.53755555555556,1710,9
1788682435,P0,63.977222222222224,1710,9
1788682436,P0,64.33077777777777,1710,9
1788682437,P0,64.089,1710,10
1788682438,P0,63.79833333333333,1710,9
1788682439,P0,63.545,1710,9
1788682440,P0,63.385,1710,9
1788682441,P0,63.354,1710,9
1788682442,P0,63.33788888888889,1710,9
1788682443,P0,63.39277777777778,1710,9
1788682444,P0,63.447,1710,9
1788682445,P0,63.71866666666667,1710,9
1788682446,P0,64.07211111111111,1710,9
1788682447,P0,63.8876,1710,10
1788682448,P0,63.61066666666667,1710,9
1788682449,P0,63.602000000000004,1710,9
1788682450,P0,63.55077777777778,1710,9
1788682451,P0,63.402,1710,9
1788682452,P0,63.39377777777778,1710,9
1788682453,P0,63.448,1710,9
1788682454,P0,63.407444444444444,1710,9
1788682455,P0,63.87722222222222,1710,9
1788682456,P0,64.38788888888888,1710,9
1788682457,P0,64.10839999999999,1710,10
1788682458,P0,63.864,1710,9
1788682459,P0,63.70066666666666,1710,9
1788682460,P0,63.434444444444445,1710,9
1788682461,P0,63.39377777777778,1710,9
1788682462,P0,63.47522222222222,1710,9
1788682463,P0,63.42922222222222,1710,9
1788682464,P0,63.510555555555555,1710,9
1788682465,P0,63.958444444444446,1710,9
1788682466,P0,64.2006,1710,10
1788682467,P0,63.977666666666664,1710,9
1788682468,P0,63.678888888888885,1710,9
1788682469,P0,63.50222222222222,1710,9
1788682470,P0,63.51577777777778,1710,9
1788682471,P0,63.43388888888889,1710,9
1788682472,P0,63.257222222222225,1710,9
1788682473,P0,63.339111111111116,1710,9
1788682474,P0,63.923,1710,9
1788682475,P0,64.4255,1710,10
1788682476,P0,64.14022222222222,1710,9
1788682477,P0,63.705666666666666,1710,9
1788682478,P0,63.64622222222222,1710,9
1788682479,P0,63.60022222222222,1710,9
1788682480,P0,63.451,1710,9
1788682481,P0,63.34777777777778,1710,9
1788682482,P0,63.32544444444444,1710,9
1788682483,P0,63.32555555555556,1710,9
1788682484,P0,63.72777777777778,1710,9
1788682485,P0,64.3764,1710,10
1788682486,P0,63.952666666666666,1710,9
1788682487,P0,63.61066666666667,1710,9
1788682488,P0,63.48866666666667,1710,9
1788682489,P0,63.39866666666667,1710,9
1788682490,P0,63.45333333333333,1710,9
1788682491,P0,63.461,1710,9
1788682492,P0,63.36566666666667,1710,9
1788682493,P0,63.39377777777778,1710,9
1788682494,P0,63.448,1710,9
1788682495,P0,63.7414,1710,10
1788682496,P0,64.181,1710,9
1788682497,P0,64.00966666666666,1710,9
1788682498,P0,63.70033333333333,1710,9
1788682499,P0,63.586333333333336,1710,9
1788682500,P0,63.48866666666667,1710,9
1788682501,P0,63.434,1710,9
1788682502,P0,63.427,1710,9
1788682503,P0,63.37088888888889,1710,9
1788682504,P0,63.326,1710,9
1788682505,P0,63.6926,1710,10
1788682506,P0,64.09966666666666,1710,9
1788682507,P0,63.88766666666667,1710,9
1788682508,P0,63.57833333333333,1710,9
1788682509,P0,63.415,1710,9
1788682510,P0,63.455333333333336,1710,9
1788682511,P0,63.496,1710,9
1788682512,P0,63.42877777777778,1710,9
1788682513,P0,63.34777777777778,1710,9
1788682514,P0,63.326,1710,9
1788682515,P0,63.7952,1710,10
1788682516,P0,64.46666666666667,1710,9
1788682517,P0,64.206,1710,9
1788682518,P0,63.62733333333333,1710,9
1788682519,P0,63.44733333333333,1710,9
1788682520,P0,63.447,1710,9
1788682521,P0,63.37977777777778,1710,9
1788682522,P0,63.39377777777778,1710,9
1788682523,P0,63.44744444444444,1710,9
1788682524,P0,63.44755555555556,1710,9
1788682525,P0,64.0642,1710,10
1788682526,P0,64.63766666666666,1710,9
1788682527,P0,64.11566666666667,1710,9
1788682528,P0,63.73266666666667,1710,9
1788682529,P0,63.62422222222222,1710,9
1788682530,P0,63.50222222222222,1710,9
1788682531,P0,63.51522222222222,1710,9
1788682532,P0,63.501222222222225,1710,9
1788682533,P0,63.44755555555556,1710,9
1788682534,P0,63.448,1710,9
1788682535,P0,63.5212,1710,10
1788682536,P0,64.05866666666667,1710,9
1788682537,P0,64.303,1710,9
1788682538,P0,63.96355555555555,1710,9
1788682539,P0,63.62422222222222,1710,9
1788682540,P0,63.50222222222222,1710,9
1788682541,P0,63.38022222222222,1710,9
1788682542,P0,63.421,1710,9
1788682543,P0,63.497,1710,9
1788682544,P0,63.402,1710,9
1788682545,P0,63.3992,1710,10
1788682546,P0,63.77333333333333,1710,9
1788682547,P0,64.018,1710,9
1788682548,P0,63.92344444444444,1710,9
1788682549,P0,63.678888888888885,1710,9
1788682550,P0,63.434444444444445,1710,9
1788682551,P0,63.39322222222222,1710,9
1788682552,P0,63.447,1710,9
1788682553,P0,63.379222222222225,1710,9
1788682554,P0,63.42,1710,9
1788682555,P0,63.4966,1710,10
1788682556,P0,64.035,1710,9
1788682557,P0,64.57566666666668,1710,9
1788682558,P0,64.3168888888889,1710,9
1788682559,P0,63.73211111111111,1710,9
1788682560,P0,63.569,1710,9
1788682561,P0,63.48833333333334,1710,9
1788682562,P0,63.480666666666664,1710,9
1788682563,P0,63.57833333333333,1710,9
1788682564,P0,63.505,1710,9
1788682565,P0,63.448,1710,10
1788682566,P0,63.692,1710,9
1788682567,P0,64.17266666666667,1710,9
1788682568,P0,64.30333333333333,1710,9
1788682569,P0,63.839,1710,9
1788682570,P0,63.42366666666667,1710,9
1788682571,P0,63.326,1710,9
1788682572,P0,63.326,1710,9
1788682573,P0,63.326,1710,9
1788682574,P0,63.3992,1710,10
1788682575,P0,63.448,1710,9
1788682576,P0,63.93666666666667,1710,9
1788682577,P0,64.42566666666667,1710,9
1788682578,P0,64.05866666666667,1710,9
1788682579,P0,63.65133333333333,1710,9
1788682580,P0,63.57,1710,9
1788682581,P0,63.488,1710,9
1788682582,P0,63.37977777777778,1710,9
1788682583,P0,63.4286,1710,10
1788682584,P0,63.497,1710,9
1788682585,P0,63.54566666666667,1710,9
1788682586,P0,64.05866666666667,1710,9
1788682587,P0,64.33566666666667,1710,9
1788682588,P0,63.94466666666667,1710,9
1788682589,P0,63.708333333333336,1710,9
1788682590,P0,63.61066666666667,1710,9
1788682591,P0,63.488,1710,9
1788682592,P0,63.51533333333334,1710,9
1788682593,P0,63.50222222222222,1710,9
1788682594,P0,63.3748,1710,10
1788682595,P0,63.406666666666666,1710,9
1788682596,P0,63.447,1710,9
1788682597,P0,63.88766666666667,1710,9
1788682598,P0,64.35066666666667,1710,9
1788682599,P0,64.22733333333333,1710,9
1788682600,P0,64.05766666666668,1710,9
1788682601,P0,63.757333333333335,1710,9
1788682602,P0,63.42366666666667,1710,9
1788682603,P0,63.35266666666667,1710,9
1788682604,P0,63.40177777777778,1710,9
1788682605,P0,63.3946,1710,10
1788682606,P0,63.42366666666667,1710,9
1788682607,P0,63.480666666666664,1710,9
1788682608,P0,63.904333333333334,1710,9
1788682609,P0,64.38666666666667,1710,9
1788682610,P0,64.11866666666667,1710,9
1788682611,P0,63.685,1710,9
1788682612,P0,63.56944444444444,1710,9
1788682613,P0,63.529,1710,9
1788682614,P0,63.42922222222222,1710,9
1788682615,P0,63.4182,1710,10
1788682616,P0,63.480333333333334,1710,9
1788682617,P0,63.497,1710,9
1788682618,P0,63.952999999999996,1710,9
1788682619,P0,64.34433333333334,1710,9
1788682620,P0,64.15433333333333,1710,9
1788682621,P0,63.86866666666666,1710,9
1788682622,P0,63.705666666666666,1710,9
1788682623,P0,63.550666666666665,1710,9
1788682624,P0,63.53655555555556,1710,9
1788682625,P0,63.4958,1710,10
1788682626,P0,63.447,1710,9
1788682627,P0,63.44766666666667,1710,9
1788682628,P0,63.480666666666664,1710,9
1788682629,P0,63.93633333333334,1710,9
1788682630,P0,64.22433333333333,1710,9
1788682631,P0,63.98011111111111,1710,9
1788682632,P0,63.672666666666665,1710,9
1788682633,P0,63.550222222222224,1710,9
1788682634,P0,63.46877777777778,1710,9
1788682635,P0,63.4476,1710,10
1788682636,P0,63.366,1710,9
1788682637,P0,63.32577777777778,1710,9
1788682638,P0,63.326,1710,9
1788682639,P0,63.84733333333334,1710,9
1788682640,P0,64.35266666666666,1710,9
1788682641,P0,64.11633333333333,1710,9
1788682642,P0,63.69233333333333,1710,9
1788682643,P0,63.44,1710,9
1788682644,P0,63.455666666666666,1710,9
1788682645,P0,63.4624,1710,10
1788682646,P0,63.35311111111111,1710,9
1788682647,P0,63.406666666666666,1710,9
1788682648,P0,63.47966666666667,1710,9
1788682649,P0,63.854666666666674,1710,9
1788682650,P0,64.24600000000001,1710,9
1788682651,P0,63.912,1710,9
1788682652,P0,63.529333333333334,1710,9
1788682653,P0,63.528666666666666,1710,9
1788682654,P0,63.4836,1710,10
1788682655,P0,63.399,1710,9
1788682656,P0,63.53766666666667,1710,9
1788682657,P0,63.586333333333336,1710,9
1788682658,P0,63.48866666666667,1710,9
1788682659,P0,63.855333333333334,1710,9
1788682660,P0,64.173,1710,9
1788682661,P0,63.904,1710,9
1788682662,P0,63.545,1710,9
1788682663,P0,63.36633333333334,1710,9
1788682664,P0,63.3992,1710,10
1788682665,P0,63.448,1710,9
1788682666,P0,63.36666666666667,1710,9
1788682667,P0,63.407333333333334,1710,9
1788682668,P0,63.480000000000004,1710,9
1788682669,P0,63.854666666666674,1710,9
1788682670,P0,64.27866666666667,1710,9
1788682671,P0,63.961,1710,9
1788682672,P0,63.56366666666667,1710,9
1788682673,P0,63.54333333333334,1710,9
1788682674,P0,63.51466666666666,1710,9
1788682675,P0,63.3748,1710,10
1788682676,P0,63.43933333333334,1710,9
1788682677,P0,63.49666666666667,1710,9
1788682678,P0,63.383,1710,9
1788682679,P0,64.01066666666667,1710,9
1788682680,P0,64.51566666666666,1710,9
1788682681,P0,64.09422222222221,1710,9
1788682682,P0,63.692,1710,9
1788682683,P0,63.62422222222222,1710,9
1788682684,P0,63.452400000000004,1710,10
1788682685,P0,63.456,1710,9
1788682686,P0,63.497,1710,9
1788682687,P0,63.41566666666667,1710,9
1788682688,P0,63.586333333333336,1710,9
1788682689,P0,64.09933333333333,1710,9
1788682690,P0,64.23522222222222,1710,9
1788682691,P0,63.90933333333333,1710,9
1788682692,P0,63.62422222222222,1710,9
1788682693,P0,63.57,1710,10
1788682694,P0,63.488,1710,9
1788682695,P0,63.36633333333334,1710,9
1788682696,P0,63.458222222222226,1710,9
1788682697,P0,63.40111111111111,1710,9
1788682698,P0,63.260000000000005,1710,9
1788682699,P0,63.855,1710,9
1788682700,P0,64.34366666666666,1710,9
1788682701,P0,64.01833333333333,1710,9
1788682702,P0,63.733,1710,9
1788682703,P0,63.5212,1710,10
1788682704,P0,63.44722222222222,1710,9
1788682705,P0,63.556333333333335,1710,9
1788682706,P0,63.47511111111111,1710,9
1788682707,P0,63.35311111111111,1710,9
1788682708,P0,63.43933333333334,1710,9
1788682709,P0,63.496,1710,9
1788682710,P0,63.78933333333333,1710,9
1788682711,P0,64.18066666666667,1710,9
1788682712,P0,63.977,1710,9
1788682713,P0,63.65133333333333,1710,9
1788682714,P0,63.4846,1710,10
1788682715,P0,63.448,1710,9
1788682716,P0,63.48533333333334,1710,9
1788682717,P0,63.448,1710,9
1788682718,P0,63.39066666666667,1710,9
1788682719,P0,63.455333333333336,1710,9
1788682720,P0,64.018,1710,9
1788682721,P0,64.40966666666667,1710,9
1788682722,P0,64.03433333333334,1710,9
1788682723,P0,63.57,1710,9
1788682724,P0,63.3969,1710,10
1788682725,P0,63.46988888888889,1710,9
1788682726,P0,63.46366666666667,1710,9
1788682727,P0,63.36633333333334,1710,9
1788682728,P0,63.407333333333334,1710,9
1788682729,P0,63.448,1710,9
1788682730,P0,63.36666666666667,1710,9
1788682731,P0,63.92866666666667,1710,9
1788682732,P0,64.39266666666667,1710,9
1788682733,P0,64.06733333333334,1710,9
1788682734,P0,63.782,1710,9
1788682735,P0,63.5352,1710,10
1788682736,P0,63.36633333333334,1710,9
1788682737,P0,63.326,1710,9
1788682738,P0,63.32533333333333,1710,9
1788682739,P0,63.439,1710,9
1788682740,P0,63.529333333333334,1710,9
1788682741,P0,63.83933333333333,1710,9
1788682742,P0,64.19733333333333,1710,9
1788682743,P0,63.977,1710,9
1788682744,P0,63.6432,1710,10
1788682745,P0,63.608111111111114,1710,9
1788682746,P0,63.53766666666667,1710,9
1788682747,P0,63.41566666666667,1710,9
1788682748,P0,63.37433333333333,1710,9
1788682749,P0,63.342,1710,9
1788682750,P0,63.326,1710,9
1788682751,P0,63.896,1710,9
1788682752,P0,64.34433333333334,1710,9
1788682753,P0,63.93666666666667,1710,9
1788682754,P0,63.692,1710,10
1788682755,P0,63.61066666666667,1710,9
1788682756,P0,63.407333333333334,1710,9
1788682757,P0,63.406666666666666,1710,9
1788682758,P0,63.447,1710,9
1788682759,P0,63.480333333333334,1710,9
1788682760,P0,63.611,1710,9
1788682761,P0,63.961333333333336,1710,9
1788682762,P0,64.238,1710,9
1788682763,P0,64.14033333333333,1710,9
1788682764,P0,63.8388,1710,10
1788682765,P0,63.529333333333334,1710,9
1788682766,P0,63.529333333333334,1710,9
1788682767,P0,63.48866666666667,1710,9
1788682768,P0,63.36666666666667,1710,9
1788682769,P0,63.326,1710,9
1788682770,P0,63.326,1710,9
1788682771,P0,63.406666666666666,1710,9
1788682772,P0,63.855,1710,9
1788682773,P0,64.12677777777778,1710,9
1788682774,P0,63.917,1710,10
1788682775,P0,63.577666666666666,1710,9
1788682776,P0,63.54533333333333,1710,9
1788682777,P0,63.602666666666664,1710,9
1788682778,P0,63.45633333333333,1710,9
1788682779,P0,63.37433333333333,1710,9
1788682780,P0,63.455333333333336,1710,9
1788682781,P0,63.464,1710,9
1788682782,P0,63.74688888888889,1710,9
1788682783,P0,64.21655555555556,1710,9
1788682784,P0,64.0782,1710,10
1788682785,P0,63.66766666666667,1710,9
1788682786,P0,63.56922222222222,1710,9
1788682787,P0,63.513,1710,9
1788682788,P0,63.40211111111111,1710,9
1788682789,P0,63.431777777777775,1710,9
1788682790,P0,63.44733333333333,1710,9
1788682791,P0,63.93633333333333,1710,9
1788682792,P0,64.34433333333334,1710,9
1788682793,P0,63.9122,1710,10
1788682794,P0,63.59711111111111,1710,9
1788682795,P0,63.513222222222225,1710,9
1788682796,P0,63.440222222222225,1710,9
1788682797,P0,63.480000000000004,1710,9
1788682798,P0,63.458666666666666,1710,9
1788682799,P0,63.36666666666667,1710,9
1788682800,P0,63.407333333333334,1710,9
1788682801,P0,63.96933333333334,1710,9
1788682802,P0,64.426,1710,9
1788682803,P0,64.1474,1710,10
1788682804,P0,63.662444444444446,1710,9
1788682805,P0,63.47511111111111,1710,9
1788682806,P0,63.54288888888889,1710,9
1788682807,P0,63.47511111111111,1710,9
1788682808,P0,63.39933333333333,1710,9
1788682809,P0,63.48833333333334,1710,9
1788682810,P0,63.513,1710,9
1788682811,P0,64.03433333333334,1710,9
1788682812,P0,64.58033333333333,1710,9
1788682813,P0,64.2059,1710,10
1788682814,P0,63.757333333333335,1710,9
1788682815,P0,63.540333333333336,1710,9
1788682816,P0,63.440222222222225,1710,9
1788682817,P0,63.504666666666665,1710,9
1788682818,P0,63.51233333333334,1710,9
1788682819,P0,63.382666666666665,1710,9
1788682820,P0,63.407333333333334,1710,9
1788682821,P0,63.529333333333334,1710,9
1788682822,P0,63.89533333333334,1710,9
1788682823,P0,64.2295,1710,10
1788682824,P0,63.96077777777778,1710,9
1788682825,P0,63.67322222222222,1710,9
1788682826,P0,63.580888888888886,1710,9
1788682827,P0,63.52133333333333,1710,9
1788682828,P0,63.529666666666664,1710,9
1788682829,P0,63.59466666666667,1710,9
1788682830,P0,63.504333333333335,1710,9
1788682831,P0,63.44766666666667,1710,9
1788682832,P0,64.018,1710,9
1788682833,P0,64.4234,1710,10
1788682834,P0,63.99977777777777,1710,9
1788682835,P0,63.635333333333335,1710,9
1788682836,P0,63.48866666666667,1710,9
1788682837,P0,63.529333333333334,1710,9
1788682838,P0,63.52133333333333,1710,9
1788682839,P0,63.41566666666667,1710,9
1788682840,P0,63.342333333333336,1710,9
1788682841,P0,63.326,1710,9
1788682842,P0,63.326,1710,9
1788682843,P0,63.873400000000004,1710,10
1788682844,P0,64.33588888888889,1710,9
1788682845,P0,63.88766666666667,1710,9
1788682846,P0,63.659,1710,9
1788682847,P0,63.537333333333336,1710,9
1788682848,P0,63.383,1710,9
1788682849,P0,63.407333333333334,1710,9
1788682850,P0,63.44733333333333,1710,9
1788682851,P0,63.36633333333334,1710,9
1788682852,P0,63.407333333333334,1710,9
1788682853,P0,64.0465,1710,10
1788682854,P0,64.49277777777777,1710,9
1788682855,P0,64.14033333333333,1710,9
1788682856,P0,63.69233333333333,1710,9
1788682857,P0,63.488,1710,9
1788682858,P0,63.44766666666667,1710,9
1788682859,P0,63.39933333333333,1710,9
1788682860,P0,63.45633333333333,1710,9
1788682861,P0,63.464333333333336,1710,9
1788682862,P0,63.366,1710,9
1788682863,P0,63.7654,1710,10
1788682864,P0,64.24955555555556,1710,9
1788682865,P0,63.86611111111111,1710,9
1788682866,P0,63.64611111111111,1710,9
1788682867,P0,63.486,1710,9
1788682868,P0,63.35311111111111,1710,9
1788682869,P0,63.42088888888889,1710,9
1788682870,P0,63.486111111111114,1710,9
1788682871,P0,63.415,1710,9
1788682872,P0,63.4258,1710,10
1788682873,P0,64.01811111111111,1710,9
1788682874,P0,64.37077777777777,1710,9
1788682875,P0,64.08355555555555,1710,9
1788682876,P0,63.73866666666667,1710,9
1788682877,P0,63.44011111111111,1710,9
1788682878,P0,63.46988888888889,1710,9
1788682879,P0,63.497,1710,9
1788682880,P0,63.383,1710,9
1788682881,P0,63.326,1710,9
1788682882,P0,63.326,1710,10
1788682883,P0,63.89611111111111,1710,9
1788682884,P0,64.34366666666666,1710,9
1788682885,P0,63.949777777777776,1710,9
1788682886,P0,63.66155555555556,1710,9
1788682887,P0,63.562,1710,9
1788682888,P0,63.45111111111111,1710,9
1788682889,P0,63.480777777777774,1710,9
1788682890,P0,63.464333333333336,1710,9
1788682891,P0,63.36666666666667,1710,9
1788682892,P0,63.4114,1710,10
1788682893,P0,64.19455555555555,1710,9
1788682894,P0,64.49355555555556,1710,9
1788682895,P0,64.072,1710,9
1788682896,P0,63.65133333333333,1710,9
1788682897,P0,63.38022222222222,1710,9
1788682898,P0,63.407333333333334,1710,9
1788682899,P0,63.448,1710,9
1788682900,P0,63.36666666666667,1710,9
1788682901,P0,63.43933333333334,1710,9
1788682902,P0,63.496700000000004,1710,10
1788682903,P0,64.06711111111112,1710,9
1788682904,P0,64.55277777777778,1710,9
1788682905,P0,64.03677777777777,1710,9
1788682906,P0,63.63433333333334,1710,9
1788682907,P0,63.48833333333334,1710,9
1788682908,P0,63.448,1710,9
1788682909,P0,63.529333333333334,1710,9
1788682910,P0,63.48866666666667,1710,9
1788682911,P0,63.366,1710,9
1788682912,P0,63.36,1710,10
1788682913,P0,63.375,1710,9
1788682914,P0,64.04,1710,9
1788682915,P0,64.55277777777778,1710,9
1788682916,P0,64.03677777777777,1710,9
1788682917,P0,63.66766666666667,1710,9
1788682918,P0,63.57,1710,9
1788682919,P0,63.48866666666667,1710,9
1788682920,P0,63.36666666666667,1710,9
1788682921,P0,63.407333333333334,1710,9
1788682922,P0,63.448,1710,9
1788682923,P0,63.3969,1710,10
1788682924,P0,63.56477777777778,1710,9
1788682925,P0,64.05611111111111,1710,9
1788682926,P0,64.21911111111112,1710,9
1788682927,P0,63.986,1710,9
1788682928,P0,63.70066666666666,1710,9
1788682929,P0,63.53766666666667,1710,9
1788682930,P0,63.54566666666667,1710,9
1788682931,P0,63.474666666666664,1710,9
1788682932,P0,63.345,1710,9
1788682933,P0,63.3194,1710,10
1788682934,P0,63.326,1710,9
1788682935,P0,63.89611111111111,1710,9
1788682936,P0,64.22166666666666,1710,9
1788682937,P0,63.89566666666666,1710,9
1788682938,P0,63.61066666666667,1710,9
1788682939,P0,63.488,1710,9
1788682940,P0,63.399,1710,9
1788682941,P0,63.489,1710,9
1788682942,P0,63.546,1710,10
1788682943,P0,63.413,1710,9
1788682944,P0,63.43988888888889,1710,9
1788682945,P0,64.113,1710,9
1788682946,P0,64.49355555555556,1710,9
1788682947,P0,64.072,1710,9
1788682948,P0,63.65133333333333,1710,9
1788682949,P0,63.47511111111111,1710,9
1788682950,P0,63.581,1710,9
1788682951,P0,63.52333333333333,1710,9
1788682952,P0,63.36,1710,10
1788682953,P0,63.326,1710,9
1788682954,P0,63.326,1710,9
1788682955,P0,63.991,1710,9
1788682956,P0,64.37155555555556,1710,9
1788682957,P0,63.855111111111114,1710,9
1788682958,P0,63.59711111111111,1710,9
1788682959,P0,63.513222222222225,1710,9
1788682960,P0,63.440222222222225,1710,9
1788682961,P0,63.480777777777774,1710,9
1788682962,P0,63.4578,1710,10
1788682963,P0,63.391222222222225,1710,9
1788682964,P0,63.507222222222225,1710,9
1788682965,P0,63.602555555555554,1710,9
1788682966,P0,63.96044444444445,1710,9
1788682967,P0,64.28666666666668,1710,9
1788682968,P0,63.971666666666664,1710,9
1788682969,P0,63.67322222222222,1710,9
1788682970,P0,63.619,1710,9
1788682971,P0,63.486,1710,9
1788682972,P0,63.3626,1710,10
1788682973,P0,63.42088888888889,1710,9
1788682974,P0,63.448,1710,9
1788682975,P0,63.448,1710,9
1788682976,P0,64.01811111111111,1710,9
1788682977,P0,64.27588888888889,1710,9
1788682978,P0,63.92344444444444,1710,9
1788682979,P0,63.66255555555556,1710,9
1788682980,P0,63.428444444444445,1710,9
1788682981,P0,63.46888888888889,1710,9
1788682982,P0,63.529333333333334,1710,9
1788682983,P0,63.4256,1710,10
1788682984,P0,63.336666666666666,1710,9
1788682985,P0,63.326,1710,9
1788682986,P0,63.42088888888889,1710,9
1788682987,P0,64.01811111111111,1710,9
1788682988,P0,64.31477777777778,1710,9
1788682989,P0,63.876999999999995,1710,9
1788682990,P0,63.60722222222223,1710,9
1788682991,P0,63.48766666666667,1710,9
1788682992,P0,63.36566666666667,1710,9
1788682993,P0,63.4104,1710,10
1788682994,P0,63.44544444444445,1710,9
1788682995,P0,63.35011111111111,1710,9
1788682996,P0,63.553222222222225,1710,9
1788682997,P0,64.18988888888889,1710,9
1788682998,P0,64.40977777777778,1710,9
1788682999,P0,64.04488888888889,1710,9
1788683000,P0,63.692,1710,9
1788683001,P0,63.52133333333333,1710,9
1788683002,P0,63.497,1710,10
1788683003,P0,63.364,1710,9
1788683004,P0,63.459,1710,9
1788683005,P0,63.49622222222222,1710,9
1788683006,P0,63.40111111111111,1710,9
1788683007,P0,63.94488888888889,1710,9
1788683008,P0,64.29855555555555,1710,9
1788683009,P0,63.945,1710,9
1788683010,P0,63.627,1710,9
1788683011,P0,63.48866666666667,1710,9
1788683012,P0,63.3626,1710,10
1788683013,P0,63.42088888888889,1710,9
1788683014,P0,63.448,1710,9
1788683015,P0,63.35311111111111,1710,9
1788683016,P0,63.55388888888889,1710,9
1788683017,P0,64.18911111111112,1710,9
1788683018,P0,64.40955555555556,1710,9
1788683019,P0,64.09933333333333,1710,9
1788683020,P0,63.692,1710,9
1788683021,P0,63.488,1710,9
1788683022,P0,63.528333333333336,1710,9
1788683023,P0,63.484300000000005,1710,10
1788683024,P0,63.35311111111111,1710,9
1788683025,P0,63.42011111111111,1710,9
1788683026,P0,63.44777777777778,1710,9
1788683027,P0,63.448,1710,9
1788683028,P0,64.20788888888889,1710,9
1788683029,P0,64.58833333333334,1710,9
1788683030,P0,64.18133333333333,1710,9
1788683031,P0,63.855666666666664,1710,9
1788683032,P0,63.651666666666664,1710,9
1788683033,P0,63.5116,1710,10
1788683034,P0,63.497,1710,9
1788683035,P0,63.388555555555556,1710,9
1788683036,P0,63.375,1710,9
1788683037,P0,63.431777777777775,1710,9
1788683038,P0,64.01811111111111,1710,9
1788683039,P0,64.44777777777777,1710,9
1788683040,P0,64.048,1710,9
1788683041,P0,63.68411111111111,1710,9
1788683042,P0,63.657111111111114,1710,9
1788683043,P0,63.5704,1710,10
1788683044,P0,63.394,1710,9
1788683045,P0,63.439,1710,9
1788683046,P0,63.44788888888889,1710,9
1788683047,P0,63.35311111111111,1710,9
1788683048,P0,63.934222222222225,1710,9
1788683049,P0,64.29777777777778,1710,9
1788683050,P0,63.83866666666667,1710,9
1788683051,P0,63.692,1710,9
1788683052,P0,63.59711111111111,1710,9
1788683053,P0,63.4724,1710,10
1788683054,P0,63.556444444444445,1710,9
1788683055,P0,63.474333333333334,1710,9
1788683056,P0,63.391,1710,9
1788683057,P0,63.413111111111114,1710,9
1788683058,P0,64.089,1710,9
1788683059,P0,64.65933333333334,1710,9
1788683060,P0,64.02677777777778,1710,9
1788683061,P0,63.71933333333333,1710,9
1788683062,P0,63.5944,1710,10
1788683063,P0,63.461555555555556,1710,9
1788683064,P0,63.391222222222225,1710,9
1788683065,P0,63.46911111111111,1710,9
1788683066,P0,63.45788888888889,1710,9
1788683067,P0,63.35288888888889,1710,9
1788683068,P0,63.42088888888889,1710,9
1788683069,P0,64.05622222222223,1710,9
1788683070,P0,64.42055555555555,1710,9
1788683071,P0,64.05655555555555,1710,9
1788683072,P0,63.651555555555554,1710,9
1788683073,P0,63.374,1710,10
1788683074,P0,63.41988888888889,1710,9
1788683075,P0,63.44777777777778,1710,9
1788683076,P0,63.35311111111111,1710,9
1788683077,P0,63.42088888888889,1710,9
1788683078,P0,63.448,1710,9
1788683079,P0,63.92322222222222,1710,9
1788683080,P0,64.43933333333334,1710,9
1788683081,P0,64.07277777777777,1710,9
1788683082,P0,63.6426,1710,10
1788683083,P0,63.47488888888889,1710,9
1788683084,P0,63.391222222222225,1710,9
1788683085,P0,63.507222222222225,1710,9
1788683086,P0,63.50688888888889,1710,9
1788683087,P0,63.40188888888889,1710,9
1788683088,P0,63.508,1710,9
1788683089,P0,63.507111111111115,1710,9
1788683090,P0,64.02877777777778,1710,9
1788683091,P0,64.59944444444444,1710,9
1788683092,P0,64.1481111111111,1710,9
1788683093,P0,63.6945,1710,10
1788683094,P0,63.57,1710,9
1788683095,P0,63.47511111111111,1710,9
1788683096,P0,63.35311111111111,1710,9
1788683097,P0,63.458222222222226,1710,9
1788683098,P0,63.496,1710,9
1788683099,P0,63.36377777777778,1710,9
1788683100,P0,64.12477777777778,1710,9
1788683101,P0,64.67577777777778,1710,9
1788683102,P0,64.26533333333333,1710,9
1788683103,P0,63.8943,1710,10
1788683104,P0,63.66877777777778,1710,9
1788683105,P0,63.42922222222222,1710,9
1788683106,P0,63.526666666666664,1710,9
1788683107,P0,63.57,1710,9
1788683108,P0,63.38022222222222,1710,9
1788683109,P0,63.586444444444446,1710,9
1788683110,P0,63.657111111111114,1710,9
1788683111,P0,63.95344444444444,1710,9
1788683112,P0,64.28155555555556,1710,9
1788683113,P0,63.9216,1710,10
1788683114,P0,63.596222222222224,1710,9
1788683115,P0,63.46055555555556,1710,9
1788683116,P0,63.382111111111115,1710,9
1788683117,P0,63.483333333333334,1710,9
1788683118,P0,63.497,1710,9
1788683119,P0,63.43211111111111,1710,9
1788683120,P0,63.480777777777774,1710,9
1788683121,P0,63.93411111111111,1710,9
1788683122,P0,64.19200000000001,1710,9
1788683123,P0,63.9764,1710,10
1788683124,P0,63.76011111111111,1710,9
1788683125,P0,63.52411111111111,1710,9
1788683126,P0,63.497,1710,9
1788683127,P0,63.45344444444444,1710,9
1788683128,P0,63.35311111111111,1710,9
1788683129,P0,63.42088888888889,1710,9
1788683130,P0,63.448,1710,9
1788683131,P0,64.05622222222223,1710,9
1788683132,P0,64.51466666666667,1710,9
1788683133,P0,64.0096,1710,10
1788683134,P0,63.68877777777778,1710,9
1788683135,P0,63.51588888888889,1710,9
1788683136,P0,63.388555555555556,1710,9
1788683137,P0,63.483444444444444,1710,9
1788683138,P0,63.458888888888886,1710,9
1788683139,P0,63.35311111111111,1710,9
1788683140,P0,63.326,1710,9
1788683141,P0,63.326,1710,9
1788683142,P0,63.89611111111111,1710,9
1788683143,P0,64.3518,1710,10
1788683144,P0,63.925444444444445,1710,9
1788683145,P0,63.64611111111111,1710,9
1788683146,P0,63.580888888888886,1710,9
1788683147,P0,63.51244444444445,1710,9
1788683148,P0,63.40111111111111,1710,9
1788683149,P0,63.431555555555555,1710,9
1788683150,P0,63.48533333333334,1710,9
1788683151,P0,63.49677777777778,1710,9
1788683152,P0,64.21877777777777,1710,9
1788683153,P0,64.65366666666667,1710,9
1788683154,P0,64.1326,1710,10
1788683155,P0,63.89111111111111,1710,9
1788683156,P0,63.67344444444444,1710,9
1788683157,P0,63.39111111111111,1710,9
1788683158,P0,63.42088888888889,1710,9
1788683159,P0,63.448,1710,9
1788683160,P0,63.35311111111111,1710,9
1788683161,P0,63.364111111111114,1710,9
1788683162,P0,63.375,1710,9
1788683163,P0,63.907,1710,9
1788683164,P0,64.2542,1710,10
1788683165,P0,63.827777777777776,1710,9
1788683166,P0,63.635222222222225,1710,9
1788683167,P0,63.52411111111111,1710,9
1788683168,P0,63.364,1710,9
1788683169,P0,63.42088888888889,1710,9
1788683170,P0,63.448,1710,9
1788683171,P0,63.35311111111111,1710,9
1788683172,P0,63.42088888888889,1710,9
1788683173,P0,64.113,1710,9
1788683174,P0,64.4738,1710,10
1788683175,P0,64.07255555555555,1710,9
1788683176,P0,63.651555555555554,1710,9
1788683177,P0,63.47511111111111,1710,9
1788683178,P0,63.55555555555556,1710,9
1788683179,P0,63.46055555555556,1710,9
1788683180,P0,63.44788888888889,1710,9
1788683181,P0,63.556444444444445,1710,9
1788683182,P0,63.461555555555556,1710,9
1788683183,P0,63.448,1710,9
1788683184,P0,63.9752,1710,10
1788683185,P0,64.21633333333334,1710,9
1788683186,P0,63.751777777777775,1710,9
1788683187,P0,63.51777777777778,1710,9
1788683188,P0,63.432,1710,9
1788683189,P0,63.48888888888889,1710,9
1788683190,P0,63.452555555555556,1710,9
1788683191,P0,63.339444444444446,1710,9
1788683192,P0,63.326,1710,9
1788683193,P0,63.326,1710,9
1788683194,P0,64.1084,1710,10
1788683195,P0,64.62933333333334,1710,9
1788683196,P0,63.952666666666666,1710,9
1788683197,P0,63.64611111111111,1710,9
1788683198,P0,63.61811111111111,1710,9
1788683199,P0,63.553111111111114,1710,9
1788683200,P0,63.43655555555556,1710,9
1788683201,P0,63.480555555555554,1710,9
1788683202,P0,63.458888888888886,1710,9
1788683203,P0,63.486111111111114,1710,9
1788683204,P0,64.12259999999999,1710,10
1788683205,P0,64.38744444444444,1710,9
1788683206,P0,63.85788888888889,1710,9
1788683207,P0,63.681555555555555,1710,9
1788683208,P0,63.516,1710,9
1788683209,P0,63.497,1710,9
1788683210,P0,63.51877777777778,1710,9
1788683211,P0,63.391999999999996,1710,9
1788683212,P0,63.370333333333335,1710,9
1788683213,P0,63.4134,1710,10
1788683214,P0,63.92344444444444,1710,9
1788683215,P0,64.26777777777778,1710,9
1788683216,P0,63.75988888888889,1710,9
1788683217,P0,63.36666666666667,1710,9
1788683218,P0,63.478,1710,9
1788683219,P0,63.497,1710,9
1788683220,P0,63.364,1710,9
1788683221,P0,63.459,1710,9
1788683222,P0,63.535111111111114,1710,9
1788683223,P0,64.0932,1710,10
1788683224,P0,64.62111111111112,1710,9
1788683225,P0,64.01844444444444,1710,9
1788683226,P0,63.654333333333334,1710,9
1788683227,P0,63.619,1710,9
1788683228,P0,63.52411111111111,1710,9
1788683229,P0,63.535111111111114,1710,9
1788683230,P0,63.546,1710,9
1788683231,P0,63.413,1710,9
1788683232,P0,63.4726,1710,10
1788683233,P0,64.04011111111112,1710,9
1788683234,P0,64.32488888888889,1710,9
1788683235,P0,64.02577777777778,1710,9
1788683236,P0,63.75711111111111,1710,9
1788683237,P0,63.59711111111111,1710,9
1788683238,P0,63.56922222222222,1710,9
1788683239,P0,63.47488888888889,1710,9
1788683240,P0,63.391222222222225,1710,9
1788683241,P0,63.46988888888889,1710,9
1788683242,P0,63.4578,1710,10
1788683243,P0,64.14311111111111,1710,9
1788683244,P0,65.14288888888889,1710,9
1788683245,P0,64.77877777777778,1710,9
1788683246,P0,64.14888888888889,1710,9
1788683247,P0,63.92922222222222,1710,9
1788683248,P0,63.684333333333335,1710,9
1788683249,P0,63.486,1710,9
1788683250,P0,63.44722222222222,1710,9
1788683251,P0,63.35288888888889,1710,9
1788683252,P0,63.4628,1710,10
1788683253,P0,63.497,1710,9
1788683254,P0,63.99655555555555,1710,9
1788683255,P0,64.43933333333334,1710,9
1788683256,P0,64.07277777777777,1710,9
1788683257,P0,63.68966666666667,1710,9
1788683258,P0,63.619,1710,9
1788683259,P0,63.467,1710,9
1788683260,P0,63.339555555555556,1710,9
1788683261,P0,63.43355555555556,1710,9
1788683262,P0,63.492,1710,10
1788683263,P0,63.43211111111111,1710,9
1788683264,P0,64.184,1710,9
1788683265,P0,64.49588888888889,1710,9
1788683266,P0,63.93633333333333,1710,9
1788683267,P0,63.82033333333333,1710,9
1788683268,P0,63.64077777777778,1710,9
1788683269,P0,63.40211111111111,1710,9
1788683270,P0,63.43988888888889,1710,9
1788683271,P0,63.49155555555556,1710,9
1788683272,P0,63.4962,1710,10
1788683273,P0,63.56177777777778,1710,9
1788683274,P0,63.461555555555556,1710,9
1788683275,P0,63.882666666666665,1710,9
1788683276,P0,64.26233333333333,1710,9
1788683277,P0,63.91188888888889,1710,9
1788683278,P0,63.68966666666667,1710,9
1788683279,P0,63.516,1710,9
1788683280,P0,63.345,1710,9
1788683281,P0,63.43355555555556,1710,9
1788683282,P0,63.447,1710,9
1788683283,P0,63.3502,1710,10
1788683284,P0,63.434444444444445,1710,9
1788683285,P0,63.448,1710,9
1788683286,P0,63.92622222222222,1710,9
1788683287,P0,64.20288888888889,1710,9
1788683288,P0,63.79533333333333,1710,9
1788683289,P0,63.67611111111111,1710,9
1788683290,P0,63.62444444444444,1710,9
1788683291,P0,63.48522222222223,1710,9
1788683292,P0,63.39022222222223,1710,9
1788683293,P0,63.5108,1710,10
1788683294,P0,63.50233333333333,1710,9
1788683295,P0,64.21433333333333,1710,9
1788683296,P0,64.73866666666667,1710,9
1788683297,P0,64.0321111111111,1710,9
1788683298,P0,63.654333333333334,1710,9
1788683299,P0,63.510555555555555,1710,9
1788683300,P0,63.40211111111111,1710,9
1788683301,P0,63.375,1710,9
1788683302,P0,63.336888888888886,1710,9
1788683303,P0,63.3652,1710,10
1788683304,P0,63.41855555555556,1710,9
1788683305,P0,63.424,1710,9
1788683306,P0,64.07555555555555,1710,9
1788683307,P0,64.43966666666667,1710,9
1788683308,P0,63.88744444444444,1710,9
1788683309,P0,63.662333333333336,1710,9
1788683310,P0,63.619,1710,9
1788683311,P0,63.486,1710,9
1788683312,P0,63.35311111111111,1710,9
1788683313,P0,63.4228,1710,10
1788683314,P0,63.44788888888889,1710,9
1788683315,P0,63.49155555555556,1710,9
1788683316,P0,64.257,1710,9
1788683317,P0,64.41777777777779,1710,9
1788683318,P0,63.98888888888889,1710,9
1788683319,P0,63.864,1710,9
1788683320,P0,63.67344444444444,1710,9
1788683321,P0,63.56144444444445,1710,9
1788683322,P0,63.507666666666665,1710,9
1788683323,P0,63.3986,1710,10
1788683324,P0,63.48244444444445,1710,9
1788683325,P0,63.49688888888889,1710,9
1788683326,P0,64.08366666666666,1710,9
1788683327,P0,64.44166666666666,1710,9
1788683328,P0,63.97988888888889,1710,9
1788683329,P0,63.651555555555554,1710,9
1788683330,P0,63.57544444444444,1710,9
1788683331,P0,63.461555555555556,1710,9
1788683332,P0,63.3823,1710,10
1788683333,P0,63.497,1710,9
1788683334,P0,63.497,1710,9
1788683335,P0,64.1921111111111,1710,9
1788683336,P0,64.67011111111111,1710,9
1788683337,P0,64.06655555555555,1710,9
1788683338,P0,63.659666666666666,1710,9
1788683339,P0,63.619,1710,9
1788683340,P0,63.55411111111111,1710,9
1788683341,P0,63.3921,1710,10
1788683342,P0,63.476,1710,9
1788683343,P0,63.519555555555556,1710,9
1788683344,P0,63.391666666666666,1710,9
1788683345,P0,63.43988888888889,1710,9
1788683346,P0,64.25155555555556,1710,9
1788683347,P0,64.56888888888889,1710,9
1788683348,P0,63.94444444444444,1710,9
1788683349,P0,63.64611111111111,1710,9
1788683350,P0,63.574555555555555,1710,9
1788683351,P0,63.458777777777776,1710,9
1788683352,P0,63.3352,1710,10
1788683353,P0,63.477666666666664,1710,9
1788683354,P0,63.497,1710,9
1788683355,P0,63.388555555555556,1710,9
1788683356,P0,63.527,1710,9
1788683357,P0,64.04555555555555,1710,9
1788683358,P0,64.17288888888889,1710,9
1788683359,P0,63.855666666666664,1710,9
1788683360,P0,63.59722222222222,1710,9
1788683361,P0,63.461555555555556,1710,9
1788683362,P0,63.64444444444444,1710,9
1788683363,P0,63.5706,1710,10
1788683364,P0,63.394,1710,9
1788683365,P0,63.483444444444444,1710,9
1788683366,P0,63.45344444444444,1710,9
1788683367,P0,63.448,1710,9
1788683368,P0,64.09955555555555,1710,9
1788683369,P0,64.33388888888888,1710,9
1788683370,P0,63.91833333333333,1710,9
1788683371,P0,63.602666666666664,1710,9
1788683372,P0,63.41833333333334,1710,9
1788683373,P0,63.46988888888889,1710,9
1788683374,P0,63.4578,1710,10
1788683375,P0,63.38311111111111,1710,9
1788683376,P0,63.483444444444444,1710,9
1788683377,P0,63.497,1710,9
1788683378,P0,63.388555555555556,1710,9
1788683379,P0,64.02655555555556,1710,9
1788683380,P0,64.32577777777777,1710,9
1788683381,P0,63.76544444444444,1710,9
1788683382,P0,63.730111111111114,1710,9
1788683383,P0,63.6434,1710,10
1788683384,P0,63.358555555555554,1710,9
1788683385,P0,63.434444444444445,1710,9
1788683386,P0,63.44711111111111,1710,9
1788683387,P0,63.339444444444446,1710,9
1788683388,P0,63.36955555555556,1710,9
1788683389,P0,64.24433333333333,1710,9
1788683390,P0,64.63477777777778,1710,9
1788683391,P0,64.04233333333333,1710,9
1788683392,P0,63.67322222222222,1710,9
1788683393,P0,63.580888888888886,1710,9
1788683394,P0,63.4724,1710,10
1788683395,P0,63.339555555555556,1710,9
1788683396,P0,63.434444444444445,1710,9
1788683397,P0,63.448,1710,9
1788683398,P0,63.339555555555556,1710,9
1788683399,P0,64.238,1710,9
1788683400,P0,64.58066666666667,1710,9
1788683401,P0,63.980222222222224,1710,9
1788683402,P0,63.74644444444444,1710,9
1788683403,P0,63.6312,1710,10
1788683404,P0,63.497,1710,9
1788683405,P0,63.57,1710,9
1788683406,P0,63.326,1710,9
1788683407,P0,63.326,1710,9
1788683408,P0,63.586444444444446,1710,9
1788683409,P0,64.27055555555556,1710,9
1788683410,P0,64.63466666666667,1710,9
1788683411,P0,64.12688888888889,1710,9
1788683412,P0,63.73277777777778,1710,9
1788683413,P0,63.6254,1710,10
1788683414,P0,63.496,1710,9
1788683415,P0,63.326,1710,9
1788683416,P0,63.448,1710,9
1788683417,P0,63.49066666666667,1710,9
1788683418,P0,63.38755555555556,1710,9
1788683419,P0,64.1348888888889,1710,9
1788683420,P0,64.49133333333333,1710,9
1788683421,P0,63.87155555555555,1710,9
1788683422,P0,63.74644444444444,1710,9
1788683423,P0,63.6312,1710,10
1788683424,P0,63.423,1710,9
1788683425,P0,63.48877777777778,1710,9
1788683426,P0,63.45344444444444,1710,9
1788683427,P0,63.339555555555556,1710,9
1788683428,P0,63.54288888888889,1710,9
1788683429,P0,63.61355555555556,1710,9
1788683430,P0,63.94522222222222,1710,9
1788683431,P0,64.26777777777778,1710,9
1788683432,P0,63.86833333333333,1710,9
1788683433,P0,63.6385,1710,10
1788683434,P0,63.496,1710,9
1788683435,P0,63.34488888888889,1710,9
1788683436,P0,63.478,1710,9
1788683437,P0,63.497,1710,9
1788683438,P0,63.388555555555556,1710,9
1788683439,P0,64.135,1710,9
1788683440,P0,64.44688888888889,1710,9
1788683441,P0,63.866,1710,9
1788683442,P0,63.6361,1710,10
1788683443,P0,63.510555555555555,1710,9
1788683444,P0,63.388555555555556,1710,9
1788683445,P0,63.483444444444444,1710,9
1788683446,P0,63.497,1710,9
1788683447,P0,63.345,1710,9
1788683448,P0,63.434444444444445,1710,9
1788683449,P0,64.09955555555555,1710,9
1788683450,P0,64.44233333333332,1710,9
1788683451,P0,64.14877777777778,1710,9
1788683452,P0,63.7777,1710,10
1788683453,P0,63.56766666666667,1710,9
1788683454,P0,63.61088888888889,1710,9
1788683455,P0,63.467,1710,9
1788683456,P0,63.49155555555556,1710,9
1788683457,P0,63.605444444444444,1710,9
1788683458,P0,63.467,1710,9
1788683459,P0,64.14311111111111,1710,9
1788683460,P0,64.59977777777777,1710,9
1788683461,P0,64.05933333333333,1710,9
1788683462,P0,63.7508,1710,10
1788683463,P0,63.51866666666667,1710,9
1788683464,P0,63.388555555555556,1710,9
1788683465,P0,63.43988888888889,1710,9
1788683466,P0,63.448,1710,9
1788683467,P0,63.38311111111111,1710,9
1788683468,P0,63.483444444444444,1710,9
1788683469,P0,64.257,1710,9
1788683470,P0,64.67822222222222,1710,9
1788683471,P0,64.30055555555555,1710,9
1788683472,P0,63.829,1710,10
1788683473,P0,63.56766666666667,1710,9
1788683474,P0,63.653555555555556,1710,9
1788683475,P0,63.51588888888889,1710,9
1788683476,P0,63.345,1710,9
1788683477,P0,63.434444444444445,1710,9
1788683478,P0,63.49066666666667,1710,9
1788683479,P0,64.08355555555555,1710,9
1788683480,P0,64.2218888888889,1710,9
1788683481,P0,63.7899,1710,10
1788683482,P0,63.79,1710,9
1788683483,P0,63.497,1710,9
1788683484,P0,63.325,1710,9
1788683485,P0,63.496,1710,9
1788683486,P0,63.546,1710,9
1788683487,P0,63.375,1710,9
1788683488,P0,63.439,1710,9
1788683489,P0,63.44788888888889,1710,9
1788683490,P0,64.03466666666667,1710,9
1788683491,P0,64.43422222222222,1710,9
1788683492,P0,63.8801,1710,10
1788683493,P0,63.569,1710,9
1788683494,P0,63.692,1710,9
1788683495,P0,63.57,1710,9
1788683496,P0,63.326,1710,9
1788683497,P0,63.477111111111114,1710,9
1788683498,P0,63.53955555555556,1710,9
1788683499,P0,63.50233333333333,1710,9
1788683500,P0,64.14855555555556,1710,9
1788683501,P0,64.3848,1710,10
1788683502,P0,63.741,1710,9
1788683503,P0,63.447,1710,9
1788683504,P0,63.326,1710,9
1788683505,P0,63.448,1710,9
1788683506,P0,63.448,1710,9
1788683507,P0,63.339555555555556,1710,9
1788683508,P0,63.477111111111114,1710,9
1788683509,P0,63.496,1710,9
1788683510,P0,63.99644444444444,1710,9
1788683511,P0,64.3236,1710,10
1788683512,P0,63.79,1710,9
1788683513,P0,63.618,1710,9
1788683514,P0,63.57533333333333,1710,9
1788683515,P0,63.461555555555556,1710,9
1788683516,P0,63.339555555555556,1710,9
1788683517,P0,63.434444444444445,1710,9
1788683518,P0,63.44711111111111,1710,9
1788683519,P0,63.339444444444446,1710,9
1788683520,P0,64.238,1710,9
1788683521,P0,64.6823,1710,10
1788683522,P0,63.986,1710,9
1788683523,P0,63.79,1710,9
1788683524,P0,63.57311111111111,1710,9
1788683525,P0,63.546,1710,9
1788683526,P0,63.501555555555555,1710,9
1788683527,P0,63.34488888888889,1710,9
1788683528,P0,63.434444444444445,1710,9
1788683529,P0,63.448,1710,9
1788683530,P0,64.25244444444444,1710,9
1788683531,P0,64.6824,1710,10
1788683532,P0,63.814,1710,9
1788683533,P0,63.569,1710,9
1788683534,P0,63.56988888888889,1710,9
1788683535,P0,63.50511111111111,1710,9
1788683536,P0,63.43211111111111,1710,9
1788683537,P0,63.488,1710,9
1788683538,P0,63.496,1710,9
1788683539,P0,63.431111111111115,1710,9
1788683540,P0,63.74922222222222,1710,9
1788683541,P0,64.3399,1710,10
1788683542,P0,64.23,1710,9
1788683543,P0,63.86111111111111,1710,9
1788683544,P0,63.64077777777778,1710,9
1788683545,P0,63.510555555555555,1710,9
1788683546,P0,63.45344444444444,1710,9
1788683547,P0,63.38311111111111,1710,9
1788683548,P0,63.41855555555556,1710,9
1788683549,P0,63.424,1710,9
1788683550,P0,63.48888888888889,1710,9
1788683551,P0,63.9466,1710,10
1788683552,P0,64.181,1710,9
1788683553,P0,63.741,1710,9
1788683554,P0,63.619,1710,9
1788683555,P0,63.448,1710,9
1788683556,P0,63.326,1710,9
1788683557,P0,63.448,1710,9
1788683558,P0,63.497,1710,9
1788683559,P0,63.375,1710,9
1788683560,P0,63.483444444444444,1710,9
1788683561,P0,64.1567,1710,10
1788683562,P0,64.475,1710,9
1788683563,P0,63.986,1710,9
1788683564,P0,63.619,1710,9
1788683565,P0,63.497,1710,9
1788683566,P0,63.448,1710,9
1788683567,P0,63.375,1710,9
1788683568,P0,63.496,1710,9
1788683569,P0,63.452444444444446,1710,9
1788683570,P0,63.492,1710,10
1788683571,P0,64.156,1710,9
1788683572,P0,64.107,1710,9
1788683573,P0,63.619,1710,9
1788683574,P0,63.668,1710,9
1788683575,P0,63.496,1710,9
1788683576,P0,63.326,1710,9
1788683577,P0,63.43355555555556,1710,9
1788683578,P0,63.44788888888889,1710,9
1788683579,P0,63.33866666666667,1710,9
1788683580,P0,63.4357,1710,10
1788683581,P0,64.352,1710,9
1788683582,P0,64.596,1710,9
1788683583,P0,63.986,1710,9
1788683584,P0,63.619,1710,9
1788683585,P0,63.448,1710,9
1788683586,P0,63.556444444444445,1710,9
1788683587,P0,63.50511111111111,1710,9
1788683588,P0,63.43211111111111,1710,9
1788683589,P0,63.532444444444444,1710,9
1788683590,P0,63.5019,1710,10
1788683591,P0,64.23,1710,9
1788683592,P0,64.475,1710,9
1788683593,P0,63.73288888888889,1710,9
1788683594,P0,63.619,1710,9
1788683595,P0,63.510555555555555,1710,9
1788683596,P0,63.388555555555556,1710,9
1788683597,P0,63.439,1710,9
1788683598,P0,63.49144444444445,1710,9
1788683599,P0,63.4313,1710,10
1788683600,P0,63.546,1710,9
1788683601,P0,64.107,1710,9
1788683602,P0,64.23,1710,9
1788683603,P0,63.863,1710,9
1788683604,P0,63.619,1710,9
1788683605,P0,63.510555555555555,1710,9
1788683606,P0,63.56188888888889,1710,9
1788683607,P0,63.46066666666667,1710,9
1788683608,P0,63.44788888888889,1710,9
1788683609,P0,63.5578,1710,10
1788683610,P0,63.497,1710,9
1788683611,P0,64.23,1710,9
1788683612,P0,64.719,1710,9
1788683613,P0,64.11099999999999,1710,9
1788683614,P0,63.708777777777776,1710,9
1788683615,P0,63.55866666666667,1710,9
1788683616,P0,63.39388888888889,1710,9
1788683617,P0,63.48255555555556,1710,9
1788683618,P0,63.496,1710,9
1788683619,P0,63.3862,1710,10
1788683620,P0,63.546,1710,9
1788683621,P0,63.986,1710,9
1788683622,P0,64.15933333333334,1710,9
1788683623,P0,63.96411111111111,1710,9
1788683624,P0,63.76011111111111,1710,9
1788683625,P0,63.629555555555555,1710,9
1788683626,P0,63.61866666666667,1710,9
1788683627,P0,63.55411111111111,1710,9
1788683628,P0,63.545,1710,9
1788683629,P0,63.619,1710,9
1788683630,P0,63.448,1710,10
1788683631,P0,63.326,1710,9
1788683632,P0,64.181,1710,9
1788683633,P0,64.548,1710,9
1788683634,P0,63.937,1710,9
1788683635,P0,63.57,1710,9
1788683636,P0,63.497,1710,9
1788683637,P0,63.619,1710,9
1788683638,P0,63.447,1710,9
1788683639,P0,63.374,1710,10
1788683640,P0,63.496,1710,9
1788683641,P0,63.447,1710,9
1788683642,P0,64.23,1710,9
1788683643,P0,64.597,1710,9
1788683644,P0,63.814,1710,9
1788683645,P0,63.57,1710,9
1788683646,P0,63.618,1710,9
1788683647,P0,63.496,1710,9
1788683648,P0,63.34488888888889,1710,9
1788683649,P0,63.4358,1710,10
1788683650,P0,63.448,1710,9
1788683651,P0,63.447,1710,9
1788683652,P0,64.108,1710,9
1788683653,P0,64.23,1710,9
1788683654,P0,63.741,1710,9
1788683655,P0,63.545,1710,9
1788683656,P0,63.375,1710,9
1788683657,P0,63.43988888888889,1710,9
1788683658,P0,63.448,1710,10
1788683659,P0,63.326,1710,9
1788683660,P0,63.447,1710,9
1788683661,P0,64.352,1710,9
1788683662,P0,64.597,1710,9
1788683663,P0,63.986,1710,9
1788683664,P0,63.619,1710,9
1788683665,P0,63.447,1710,9
1788683666,P0,63.708333333333336,1710,9
1788683667,P0,63.632555555555555,1710,9
1788683668,P0,63.3553,1710,10
1788683669,P0,63.448,1710,9
1788683670,P0,63.448,1710,9
1788683671,P0,63.448,1710,9
1788683672,P0,64.059,1710,9
1788683673,P0,64.475,1710,9
1788683674,P0,64.108,1710,9
1788683675,P0,63.57,1710,9
1788683676,P0,63.39666666666667,1710,9
1788683677,P0,63.48255555555556,1710,9
1788683678,P0,63.45333333333333,1710,9
1788683679,P0,63.3382,1710,10
1788683680,P0,63.497,1710,9
1788683681,P0,63.497,1710,9
1788683682,P0,63.448,1710,9
1788683683,P0,64.181,1710,9
1788683684,P0,64.304,1710,9
1788683685,P0,63.843,1710,9
1788683686,P0,63.88655555555556,1710,9
1788683687,P0,63.69288888888889,1710,9
1788683688,P0,63.51511111111111,1710,9
1788683689,P0,63.606700000000004,1710,10
1788683690,P0,63.545,1710,9
1788683691,P0,63.375,1710,9
1788683692,P0,63.326,1710,9
1788683693,P0,64.353,1710,9
1788683694,P0,64.72188888888888,1710,9
1788683695,P0,63.96355555555556,1710,9
1788683696,P0,63.51811111111111,1710,9
1788683697,P0,63.47588888888889,1710,9
1788683698,P0,63.45111111111111,1710,9
1788683699,P0,63.3382,1710,10
1788683700,P0,63.496,1710,9
1788683701,P0,63.496,1710,9
1788683702,P0,63.326,1710,9
1788683703,P0,63.448,1710,9
1788683704,P0,64.108,1710,9
1788683705,P0,64.23,1710,9
1788683706,P0,63.864,1710,9
1788683707,P0,63.619,1710,9
1788683708,P0,63.447,1710,9
1788683709,P0,63.5577,1710,10
1788683710,P0,63.43888888888889,1710,9
1788683711,P0,63.374,1710,9
1788683712,P0,63.374,1710,9
1788683713,P0,63.325,1710,9
1788683714,P0,64.059,1710,9
1788683715,P0,64.475,1710,9
1788683716,P0,63.986,1710,9
1788683717,P0,63.741,1710,9
1788683718,P0,63.546,1710,9
1788683719,P0,63.5533,1710,10
1788683720,P0,63.619,1710,9
1788683721,P0,63.497,1710,9
1788683722,P0,63.375,1710,9
1788683723,P0,63.496,1710,9
1788683724,P0,64.23,1710,9
1788683725,P0,64.425,1710,9
1788683726,P0,63.937,1710,9
1788683727,P0,63.57,1710,9
1788683728,P0,63.326,1710,9
1788683729,P0,63.447,1710,10
1788683730,P0,63.448,1710,9
1788683731,P0,63.326,1710,9
1788683732,P0,63.496,1710,9
1788683733,P0,63.545,1710,9
1788683734,P0,64.401,1710,9
1788683735,P0,64.841,1710,9
1788683736,P0,64.108,1710,9
1788683737,P0,63.741,1710,9
1788683738,P0,63.448,1710,9
1788683739,P0,63.3382,1710,10
1788683740,P0,63.497,1710,9
1788683741,P0,63.497,1710,9
1788683742,P0,63.326,1710,9
1788683743,P0,63.326,1710,9
1788683744,P0,63.325,1710,9
1788683745,P0,64.108,1710,9
1788683746,P0,64.524,1710,9
1788683747,P0,63.912,1710,9
1788683748,P0,63.67377777777778,1710,9
1788683749,P0,63.644,1710,9
1788683750,P0,63.5108,1710,10
1788683751,P0,63.326,1710,9
1788683752,P0,63.496,1710,9
1788683753,P0,63.545,1710,9
1788683754,P0,63.375,1710,9
1788683755,P0,63.57,1710,9
1788683756,P0,64.304,1710,9
1788683757,P0,64.475,1710,9
1788683758,P0,64.04033333333334,1710,9
1788683759,P0,63.61622222222222,1710,9
1788683760,P0,63.5043,1710,10
1788683761,P0,63.497,1710,9
1788683762,P0,63.375,1710,9
1788683763,P0,63.497,1710,9
1788683764,P0,63.448,1710,9
1788683765,P0,63.375,1710,9
1788683766,P0,64.23,1710,9
1788683767,P0,64.44688888888889,1710,9
1788683768,P0,63.82244444444444,1710,9
1788683769,P0,63.569,1710,9
1788683770,P0,63.4349,1710,10
1788683771,P0,63.34488888888889,1710,9
1788683772,P0,63.496,1710,9
1788683773,P0,63.49055555555556,1710,9
1788683774,P0,63.46066666666667,1710,9
1788683775,P0,63.57,1710,9
1788683776,P0,63.448,1710,9
1788683777,P0,64.23,1710,9
1788683778,P0,64.597,1710,9
1788683779,P0,63.863,1710,9
1788683780,P0,63.6549,1710,10
1788683781,P0,63.54588888888889,1710,9
1788683782,P0,63.53966666666667,1710,9
1788683783,P0,63.478,1710,9
1788683784,P0,63.326,1710,9
1788683785,P0,63.326,1710,9
1788683786,P0,63.448,1710,9
1788683787,P0,63.448,1710,9
1788683788,P0,63.937,1710,9
1788683789,P0,64.303,1710,9
1788683790,P0,63.814,1710,9
1788683791,P0,63.4529,1710,10
1788683792,P0,63.497,1710,9
1788683793,P0,63.49144444444445,1710,9
1788683794,P0,63.447,1710,9
1788683795,P0,63.619,1710,9
1788683796,P0,63.546,1710,9
1788683797,P0,63.497,1710,9
1788683798,P0,64.303,1710,9
1788683799,P0,64.548,1710,9
1788683800,P0,63.937,1710,9
1788683801,P0,63.545500000000004,1710,10
1788683802,P0,63.33866666666667,1710,9
1788683803,P0,63.448,1710,9
1788683804,P0,63.448,1710,9
1788683805,P0,63.326,1710,9
1788683806,P0,63.496,1710,9
1788683807,P0,63.496,1710,9
1788683808,P0,63.447,1710,9
1788683809,P0,64.23,1710,9
1788683810,P0,64.402,1710,9
1788683811,P0,63.7166,1710,10
1788683812,P0,63.497,1710,9
1788683813,P0,63.374,1710,9
1788683814,P0,63.447,1710,9
1788683815,P0,63.447,1710,9
1788683816,P0,63.375,1710,9
1788683817,P0,63.497,1710,9
1788683818,P0,65.282,1710,9
1788683819,P0,64.793,1710,9
1788683820,P0,64.108,1710,9
1788683821,P0,63.668,1710,10
1788683822,P0,63.497,1710,9
1788683823,P0,63.618,1710,9
1788683824,P0,63.546,1710,9
1788683825,P0,63.375,1710,9
1788683826,P0,63.497,1710,9
1788683827,P0,63.423,1710,9
1788683828,P0,64.157,1710,9
1788683829,P0,64.768,1710,9
1788683830,P0,64.10740000000001,1710,10
1788683831,P0,63.619,1710,9
1788683832,P0,63.618,1710,9
1788683833,P0,63.496,1710,9
1788683834,P0,63.448,1710,9
1788683835,P0,63.57,1710,9
1788683836,P0,63.497,1710,9
1788683837,P0,63.546,1710,9
1788683838,P0,64.523,1710,9
1788683839,P0,64.78699999999999,1710,9
1788683840,P0,64.1603,1710,10
1788683841,P0,63.741,1710,9
1788683842,P0,63.57,1710,9
1788683843,P0,63.619,1710,9
1788683844,P0,63.532444444444444,1710,9
1788683845,P0,63.437444444444445,1710,9
1788683846,P0,63.53966666666667,1710,9
1788683847,P0,63.497,1710,9
1788683848,P0,63.448,1710,9
1788683849,P0,64.181,1710,9
1788683850,P0,64.41290000000001,1710,10
1788683851,P0,63.844,1710,9
1788683852,P0,63.678444444444445,1710,9
1788683853,P0,63.56188888888889,1710,9
1788683854,P0,63.510444444444445,1710,9
1788683855,P0,63.60455555555556,1710,9
1788683856,P0,63.497,1710,9
1788683857,P0,63.497,1710,9
1788683858,P0,63.448,1710,9
1788683859,P0,63.325,1710,9
1788683860,P0,64.059,1710,9
1788683861,P0,64.2918,1710,10
1788683862,P0,63.727333333333334,1710,9
1788683863,P0,63.61,1710,9
1788683864,P0,63.527,1710,9
1788683865,P0,63.38311111111111,1710,9
1788683866,P0,63.448,1710,9
1788683867,P0,63.448,1710,9
1788683868,P0,63.325,1710,9
1788683869,P0,63.619,1710,9
1788683870,P0,64.15209999999999,1710,10
1788683871,P0,64.0808888888889,1710,9
1788683872,P0,63.836777777777776,1710,9
1788683873,P0,63.59188888888889,1710,9
1788683874,P0,63.375,1710,9
1788683875,P0,63.546,1710,9
1788683876,P0,63.497,1710,9
1788683877,P0,63.375,1710,9
1788683878,P0,63.619,1710,9
1788683879,P0,64.426,1710,9
1788683880,P0,64.4746,1710,10
1788683881,P0,63.78688888888889,1710,9
1788683882,P0,63.57,1710,9
1788683883,P0,63.57,1710,9
1788683884,P0,63.448,1710,9
1788683885,P0,63.375,1710,9
1788683886,P0,63.374,1710,9
1788683887,P0,63.326,1710,9
1788683888,P0,63.326,1710,9
1788683889,P0,64.086,1710,9
1788683890,P0,64.52340000000001,1710,10
1788683891,P0,64.01822222222222,1710,9
1788683892,P0,63.692,1710,9
1788683893,P0,63.448,1710,9
1788683894,P0,63.326,1710,9
1788683895,P0,63.497,1710,9
1788683896,P0,63.546,1710,9
1788683897,P0,63.497,1710,9
1788683898,P0,63.618,1710,9
1788683899,P0,64.3866,1710,10
1788683900,P0,64.62188888888889,1710,9
1788683901,P0,64.013,1710,9
1788683902,P0,63.668,1710,9
1788683903,P0,63.619,1710,9
1788683904,P0,63.497,1710,9
1788683905,P0,63.424,1710,9
1788683906,P0,63.545,1710,9
1788683907,P0,63.497,1710,9
1788683908,P0,63.375,1710,9
1788683909,P0,64.43769999999999,1710,10
1788683910,P0,64.768,1710,9
1788683911,P0,63.985,1710,9
1788683912,P0,63.815,1710,9
1788683913,P0,63.619,1710,9
1788683914,P0,63.497,1710,9
1788683915,P0,63.57,1710,9
1788683916,P0,63.497,1710,9
1788683917,P0,63.375,1710,9
1788683918,P0,63.447,1710,9
1788683919,P0,63.5018,1710,10
1788683920,P0,64.01311111111112,1710,9
1788683921,P0,64.17022222222222,1710,9
1788683922,P0,63.678444444444445,1710,9
1788683923,P0,63.56188888888889,1710,9
1788683924,P0,63.48855555555556,1710,9
1788683925,P0,63.42911111111111,1710,9
1788683926,P0,63.49433333333333,1710,9
1788683927,P0,63.48888888888889,1710,9
1788683928,P0,63.424,1710,9
1788683929,P0,63.5645,1710,10
1788683930,P0,64.20811111111111,1710,9
1788683931,P0,64.37077777777777,1710,9
1788683932,P0,63.89622222222222,1710,9
1788683933,P0,63.56177777777778,1710,9
1788683934,P0,63.50966666666667,1710,9
1788683935,P0,63.6,1710,9
1788683936,P0,63.448,1710,9
1788683937,P0,63.447,1710,9
1788683938,P0,63.57,1710,9
1788683939,P0,63.5262,1710,10
1788683940,P0,64.27077777777778,1710,9
1788683941,P0,64.50999999999999,1710,9
1788683942,P0,63.79233333333333,1710,9
1788683943,P0,63.605444444444444,1710,9
1788683944,P0,63.478,1710,9
1788683945,P0,63.326,1710,9
1788683946,P0,63.497,1710,9
1788683947,P0,63.546,1710,9
1788683948,P0,63.375,1710,9
1788683949,P0,63.5874,1710,10
1788683950,P0,64.42277777777777,1710,9
1788683951,P0,64.5291111111111,1710,9
1788683952,P0,63.94522222222222,1710,9
1788683953,P0,63.6,1710,9
1788683954,P0,63.448,1710,9
1788683955,P0,63.57,1710,9
1788683956,P0,63.496,1710,9
1788683957,P0,63.424,1710,9
1788683958,P0,63.4921,1710,10
1788683959,P0,63.53488888888889,1710,9
1788683960,P0,64.28433333333334,1710,9
1788683961,P0,64.63199999999999,1710,9
1788683962,P0,63.912,1710,9
1788683963,P0,63.72,1710,9
1788683964,P0,63.72,1710,9
1788683965,P0,63.497,1710,9
1788683966,P0,63.546,1710,9
1788683967,P0,63.497,1710,9
1788683968,P0,63.325100000000006,1710,10
1788683969,P0,63.42644444444444,1710,9
1788683970,P0,64.27622222222223,1710,9
1788683971,P0,64.578,1710,9
1788683972,P0,64.034,1710,9
1788683973,P0,63.619,1710,9
1788683974,P0,63.375,1710,9
1788683975,P0,63.545,1710,9
1788683976,P0,63.497,1710,9
1788683977,P0,63.3374,1710,10
1788683978,P0,63.448,1710,9
1788683979,P0,63.50233333333333,1710,9
1788683980,P0,63.977666666666664,1710,9
1788683981,P0,64.303,1710,9
1788683982,P0,63.814,1710,9
1788683983,P0,63.57,1710,9
1788683984,P0,63.619,1710,9
1788683985,P0,63.497,1710,9
1788683986,P0,63.448,1710,9
1788683987,P0,63.6068,1710,10
1788683988,P0,63.478,1710,9
1788683989,P0,63.42644444444444,1710,9
1788683990,P0,64.23,1710,9
1788683991,P0,64.596,1710,9
1788683992,P0,63.89622222222222,1710,9
1788683993,P0,63.54288888888889,1710,9
1788683994,P0,63.34488888888889,1710,9
1788683995,P0,63.496,1710,9
1788683996,P0,63.48244444444445,1710,9
1788683997,P0,63.4084,1710,10
1788683998,P0,63.54055555555556,1710,9
1788683999,P0,63.57844444444444,1710,9
1788684000,P0,64.28977777777779,1710,9
1788684001,P0,64.68111111111111,1710,9
1788684002,P0,63.94522222222222,1710,9
1788684003,P0,63.619,1710,9
1788684004,P0,63.605444444444444,1710,9
1788684005,P0,63.49655555555555,1710,9
1788684006,P0,63.501111111111115,1710,9
1788684007,P0,63.55277777777778,1710,9
1788684008,P0,63.447100000000006,1710,10
1788684009,P0,63.448,1710,9
1788684010,P0,63.53488888888889,1710,9
1788684011,P0,64.27066666666667,1710,9
1788684012,P0,64.50911111111111,1710,9
1788684013,P0,63.79233333333333,1710,9
1788684014,P0,63.619,1710,9
1788684015,P0,63.6,1710,9
1788684016,P0,63.434444444444445,1710,9
1788684017,P0,63.3382,1710,10
1788684018,P0,63.448,1710,9
1788684019,P0,63.434444444444445,1710,9
1788684020,P0,63.434555555555555,1710,9
1788684021,P0,64.35744444444444,1710,9
1788684022,P0,64.71144444444445,1710,9
1788684023,P0,64.03722222222223,1710,9
1788684024,P0,63.83588888888889,1710,9
1788684025,P0,63.6,1710,9
1788684026,P0,63.448,1710,9
1788684027,P0,63.5569,1710,10
1788684028,P0,63.434333333333335,1710,9
1788684029,P0,63.33855555555556,1710,9
1788684030,P0,63.54211111111111,1710,9
1788684031,P0,64.33555555555556,1710,9
1788684032,P0,64.51455555555556,1710,9
1788684033,P0,63.830444444444446,1710,9
1788684034,P0,63.57,1710,9
1788684035,P0,63.57,1710,9
1788684036,P0,63.448,1710,9
1788684037,P0,63.375,1710,9
1788684038,P0,63.497,1710,10
1788684039,P0,63.483444444444444,1710,9
1788684040,P0,63.38311111111111,1710,9
1788684041,P0,63.52133333333333,1710,9
1788684042,P0,64.12700000000001,1710,9
1788684043,P0,64.23833333333333,1710,9
1788684044,P0,63.88033333333333,1710,9
1788684045,P0,63.619,1710,9
1788684046,P0,63.497,1710,9
1788684047,P0,63.6499,1710,10
1788684048,P0,63.477111111111114,1710,9
1788684049,P0,63.345,1710,9
1788684050,P0,63.50244444444444,1710,9
1788684051,P0,63.61388888888889,1710,9
1788684052,P0,64.19777777777777,1710,9
1788684053,P0,64.45055555555555,1710,9
1788684054,P0,63.863,1710,9
1788684055,P0,63.619,1710,9
1788684056,P0,63.668,1710,9
1788684057,P0,63.497,1710,9
1788684058,P0,63.448,1710,10
1788684059,P0,63.434444444444445,1710,9
1788684060,P0,63.339444444444446,1710,9
1788684061,P0,63.452555555555556,1710,9
1788684062,P0,63.56488888888889,1710,9
1788684063,P0,64.108,1710,9
1788684064,P0,64.304,1710,9
1788684065,P0,63.692,1710,9
1788684066,P0,63.57,1710,9
1788684067,P0,63.569,1710,9
1788684068,P0,63.4407,1710,10
1788684069,P0,63.394,1710,9
1788684070,P0,63.546,1710,9
1788684071,P0,63.527,1710,9
1788684072,P0,63.47822222222222,1710,9
1788684073,P0,64.34466666666667,1710,9
1788684074,P0,64.57488888888889,1710,9
1788684075,P0,63.800444444444445,1710,9
1788684076,P0,63.678444444444445,1710,9
1788684077,P0,63.5552,1710,10
1788684078,P0,63.52333333333333,1710,9
1788684079,P0,63.59188888888889,1710,9
1788684080,P0,63.497,1710,9
1788684081,P0,63.497,1710,9
1788684082,P0,63.56488888888889,1710,9
1788684083,P0,64.12977777777778,1710,9
1788684084,P0,64.22244444444445,1710,9
1788684085,P0,63.556444444444445,1710,9
1788684086,P0,63.461555555555556,1710,9
1788684087,P0,63.5454,1710,10
1788684088,P0,63.42011111111111,1710,9
1788684089,P0,63.345,1710,9
1788684090,P0,63.497,1710,9
1788684091,P0,63.573,1710,9
1788684092,P0,64.24077777777778,1710,9
1788684093,P0,64.643,1710,9
1788684094,P0,63.99422222222222,1710,9
1788684095,P0,63.67611111111111,1710,9
1788684096,P0,63.722,1710,9
1788684097,P0,63.521,1710,10
1788684098,P0,63.33855555555556,1710,9
1788684099,P0,63.452444444444446,1710,9
1788684100,P0,63.48255555555556,1710,9
1788684101,P0,63.38311111111111,1710,9
1788684102,P0,63.543,1710,9
1788684103,P0,64.36277777777778,1710,9
1788684104,P0,64.77855555555556,1710,9
1788684105,P0,64.22466666666666,1710,9
1788684106,P0,63.776444444444444,1710,9
1788684107,P0,63.6436,1710,10
1788684108,P0,63.52688888888889,1710,9
1788684109,P0,63.38766666666667,1710,9
1788684110,P0,63.49688888888889,1710,9
1788684111,P0,63.48244444444445,1710,9
1788684112,P0,63.39311111111111,1710,9
1788684113,P0,63.654666666666664,1710,9
1788684114,P0,64.56477777777778,1710,9
1788684115,P0,64.804,1710,9
1788684116,P0,64.06177777777778,1710,9
1788684117,P0,63.67022222222222,1710,9
1788684118,P0,63.4961,1710,10
1788684119,P0,63.49155555555556,1710,9
1788684120,P0,63.43988888888889,1710,9
1788684121,P0,63.388555555555556,1710,9
1788684122,P0,63.497,1710,9
1788684123,P0,63.583888888888886,1710,9
1788684124,P0,64.31433333333332,1710,9
1788684125,P0,64.51544444444444,1710,9
1788684126,P0,63.83588888888889,1710,9
1788684127,P0,63.619,1710,9
1788684128,P0,63.5578,1710,10
1788684129,P0,63.448,1710,9
1788684130,P0,63.461444444444446,1710,9
1788684131,P0,63.55544444444445,1710,9
1788684132,P0,63.452555555555556,1710,9
1788684133,P0,63.497,1710,9
1788684134,P0,63.54588888888889,1710,9
1788684135,P0,63.96955555555555,1710,9
1788684136,P0,64.23,1710,9
1788684137,P0,63.741,1710,9
1788684138,P0,63.6239,1710,10
1788684139,P0,63.649,1710,9
1788684140,P0,63.497,1710,9
1788684141,P0,63.516,1710,9
1788684142,P0,63.654444444444444,1710,9
1788684143,P0,63.52688888888889,1710,9
1788684144,P0,63.46366666666667,1710,9
1788684145,P0,64.181,1710,9
1788684146,P0,64.474,1710,9
1788684147,P0,63.79,1710,9
1788684148,P0,63.7068,1710,10
1788684149,P0,63.54288888888889,1710,9
1788684150,P0,63.486,1710,9
1788684151,P0,63.59166666666667,1710,9
1788684152,P0,63.458222222222226,1710,9
1788684153,P0,63.35311111111111,1710,9
1788684154,P0,63.64333333333333,1710,9
1788684155,P0,64.24355555555556,1710,9
1788684156,P0,64.30588888888889,1710,9
1788684157,P0,63.8734,1710,10
1788684158,P0,63.59188888888889,1710,9
1788684159,P0,63.52411111111111,1710,9
1788684160,P0,63.602777777777774,1710,9
1788684161,P0,63.535111111111114,1710,9
1788684162,P0,63.50511111111111,1710,9
1788684163,P0,63.556444444444445,1710,9
1788684164,P0,63.529444444444444,1710,9
1788684165,P0,64.21366666666667,1710,9
1788684166,P0,64.4071111111111,1710,9
1788684167,P0,63.8296,1710,10
1788684168,P0,63.63777777777778,1710,9
1788684169,P0,63.458888888888886,1710,9
1788684170,P0,63.535,1710,9
1788684171,P0,63.649,1710,9
1788684172,P0,63.478,1710,9
1788684173,P0,63.339555555555556,1710,9
1788684174,P0,63.54844444444444,1710,9
1788684175,P0,64.36555555555556,1710,9
1788684176,P0,64.41966666666667,1710,9
1788684177,P0,63.9662,1710,10
1788684178,P0,63.809666666666665,1710,9
1788684179,P0,63.51877777777778,1710,9
1788684180,P0,63.486111111111114,1710,9
1788684181,P0,63.434444444444445,1710,9
1788684182,P0,63.339555555555556,1710,9
1788684183,P0,63.45344444444444,1710,9
1788684184,P0,63.529555555555554,1710,9
1788684185,P0,63.85788888888889,1710,9
1788684186,P0,64.39555555555555,1710,9
1788684187,P0,64.31133333333334,1710,9
1788684188,P0,63.937,1710,10
1788684189,P0,63.67588888888889,1710,9
1788684190,P0,63.45344444444444,1710,9
1788684191,P0,63.49688888888889,1710,9
1788684192,P0,63.477111111111114,1710,9
1788684193,P0,63.34488888888889,1710,9
1788684194,P0,63.51511111111111,1710,9
1788684195,P0,63.71677777777778,1710,9
1788684196,P0,64.12877777777777,1710,9
1788684197,P0,64.20519999999999,1710,10
1788684198,P0,63.75977777777778,1710,9
1788684199,P0,63.57,1710,9
1788684200,P0,63.556444444444445,1710,9
1788684201,P0,63.434444444444445,1710,9
1788684202,P0,63.339555555555556,1710,9
1788684203,P0,63.448,1710,9
1788684204,P0,63.434333333333335,1710,9
1788684205,P0,63.34411111111111,1710,9
1788684206,P0,63.583888888888886,1710,9
1788684207,P0,64.30077777777777,1710,9
1788684208,P0,64.36739999999999,1710,10
1788684209,P0,63.89622222222222,1710,9
1788684210,P0,63.56177777777778,1710,9
1788684211,P0,63.50955555555556,1710,9
1788684212,P0,63.60455555555556,1710,9
1788684213,P0,63.483333333333334,1710,9
1788684214,P0,63.36855555555556,1710,9
1788684215,P0,63.32511111111111,1710,9
1788684216,P0,63.407444444444444,1710,9
1788684217,P0,64.0835,1710,10
1788684218,P0,64.24144444444444,1710,9
1788684219,P0,63.727333333333334,1710,9
1788684220,P0,63.599000000000004,1710,9
1788684221,P0,63.447,1710,9
1788684222,P0,63.46611111111111,1710,9
1788684223,P0,63.605444444444444,1710,9
1788684224,P0,63.478,1710,9
1788684225,P0,63.339555555555556,1710,9
1788684226,P0,63.54844444444444,1710,9
1788684227,P0,64.4008,1710,10
1788684228,P0,64.44955555555556,1710,9
1788684229,P0,63.86633333333333,1710,9
1788684230,P0,63.602777777777774,1710,9
1788684231,P0,63.562222222222225,1710,9
1788684232,P0,63.59166666666667,1710,9
1788684233,P0,63.46911111111111,1710,9
1788684234,P0,63.37477777777778,1710,9
1788684235,P0,63.37411111111111,1710,9
1788684236,P0,63.47811111111111,1710,9
1788684237,P0,64.4108,1710,10
1788684238,P0,64.67888888888889,1710,9
1788684239,P0,64.01555555555557,1710,9
1788684240,P0,63.63777777777778,1710,9
1788684241,P0,63.42088888888889,1710,9
1788684242,P0,63.326,1710,9
1788684243,P0,63.336888888888886,1710,9
1788684244,P0,63.375,1710,9
1788684245,P0,63.38311111111111,1710,9
1788684246,P0,63.54844444444444,1710,9
1788684247,P0,64.401,1710,10
1788684248,P0,64.45033333333333,1710,9
1788684249,P0,63.882555555555555,1710,9
1788684250,P0,63.66488888888889,1710,9
1788684251,P0,63.580666666666666,1710,9
1788684252,P0,63.59111111111111,1710,9
1788684253,P0,63.478,1710,9
1788684254,P0,63.339444444444446,1710,9
1788684255,P0,63.44711111111111,1710,9
1788684256,P0,63.45344444444444,1710,9
1788684257,P0,63.6436,1710,10
1788684258,P0,64.24622222222223,1710,9
1788684259,P0,64.20544444444444,1710,9
1788684260,P0,63.836666666666666,1710,9
1788684261,P0,63.67588888888889,1710,9
1788684262,P0,63.44777777777778,1710,9
1788684263,P0,63.44711111111111,1710,9
1788684264,P0,63.434444444444445,1710,9
1788684265,P0,63.326,1710,9
1788684266,P0,63.326,1710,9
1788684267,P0,63.34488888888889,1710,9
1788684268,P0,63.6428,1710,10
1788684269,P0,64.31155555555556,1710,9
1788684270,P0,64.48833333333333,1710,9
1788684271,P0,64.01555555555557,1710,9
1788684272,P0,63.648666666666664,1710,9
1788684273,P0,63.483444444444444,1710,9
1788684274,P0,63.388555555555556,1710,9
1788684275,P0,63.49688888888889,1710,9
1788684276,P0,63.477111111111114,1710,9
1788684277,P0,63.339555555555556,1710,9
1788684278,P0,63.5946,1710,10
1788684279,P0,64.23544444444444,1710,9
1788684280,P0,64.31733333333334,1710,9
1788684281,P0,63.855444444444444,1710,9
1788684282,P0,63.556444444444445,1710,9
1788684283,P0,63.46688888888889,1710,9
1788684284,P0,63.60988888888889,1710,9
1788684285,P0,63.53966666666667,1710,9
1788684286,P0,63.497,1710,9
1788684287,P0,63.483444444444444,1710,9
1788684288,P0,63.383,1710,9
1788684289,P0,63.6428,1710,10
1788684290,P0,64.49111111111111,1710,9
1788684291,P0,64.55588888888889,1710,9
1788684292,P0,63.93888888888889,1710,9
1788684293,P0,63.56188888888889,1710,9
1788684294,P0,63.49688888888889,1710,9
1788684295,P0,63.477111111111114,1710,9
1788684296,P0,63.33144444444444,1710,9
1788684297,P0,63.38044444444444,1710,9
1788684298,P0,63.4142,1710,10
1788684299,P0,63.49966666666667,1710,9
1788684300,P0,63.97677777777778,1710,9
1788684301,P0,64.24866666666667,1710,9
1788684302,P0,63.78688888888889,1710,9
1788684303,P0,63.57,1710,9
1788684304,P0,63.556444444444445,1710,9
1788684305,P0,63.43988888888889,1710,9
1788684306,P0,63.40211111111111,1710,9
1788684307,P0,63.486111111111114,1710,9
1788684308,P0,63.4236,1710,10
1788684309,P0,63.55422222222222,1710,9
1788684310,P0,64.46166666666666,1710,9
1788684311,P0,64.66799999999999,1710,9
1788684312,P0,63.98833333333333,1710,9
1788684313,P0,63.68655555555556,1710,9
1788684314,P0,63.48511111111112,1710,9
1788684315,P0,63.44722222222222,1710,9
1788684316,P0,63.431777777777775,1710,9
1788684317,P0,63.375,1710,9
1788684318,P0,63.375,1710,9
1788684319,P0,63.375,1710,9
1788684320,P0,63.3896,1710,10
1788684321,P0,63.64888888888889,1710,9
1788684322,P0,64.44444444444444,1710,9
1788684323,P0,64.63222222222223,1710,9
1788684324,P0,64.03744444444445,1710,9
1788684325,P0,63.580777777777776,1710,9
1788684326,P0,63.474111111111114,1710,9
1788684327,P0,63.54211111111111,1710,9
1788684328,P0,63.42088888888889,1710,9
1788684329,P0,63.339444444444446,1710,9
1788684330,P0,63.447,1710,9
1788684331,P0,63.4228,1710,10
1788684332,P0,63.58133333333333,1710,9
1788684333,P0,64.56722222222221,1710,9
1788684334,P0,64.7,1710,9
1788684335,P0,63.997,1710,9
1788684336,P0,63.809555555555555,1710,9
1788684337,P0,63.59188888888889,1710,9
1788684338,P0,63.497,1710,9
1788684339,P0,63.516,1710,9
1788684340,P0,63.681555555555555,1710,9
1788684341,P0,63.7412,1710,10
1788684342,P0,63.508,1710,9
1788684343,P0,63.59233333333333,1710,9
1788684344,P0,64.43433333333333,1710,9
1788684345,P0,64.52877777777778,1710,9
1788684346,P0,63.80877777777778,1710,9
1788684347,P0,63.581,1710,9
1788684348,P0,63.434444444444445,1710,9
1788684349,P0,63.339555555555556,1710,9
1788684350,P0,63.44788888888889,1710,9
1788684351,P0,63.4326,1710,10
1788684352,P0,63.40211111111111,1710,9
1788684353,P0,63.513222222222225,1710,9
1788684354,P0,63.678444444444445,1710,9
1788684355,P0,64.16688888888889,1710,9
1788684356,P0,64.43911111111112,1710,9
1788684357,P0,63.94955555555556,1710,9
1788684358,P0,63.580888888888886,1710,9
1788684359,P0,63.61088888888889,1710,9
1788684360,P0,63.54055555555556,1710,9
1788684361,P0,63.49144444444445,1710,9
1788684362,P0,63.4228,1710,10
1788684363,P0,63.35311111111111,1710,9
1788684364,P0,63.47488888888889,1710,9
1788684365,P0,63.68855555555556,1710,9
1788684366,P0,64.14522222222222,1710,9
1788684367,P0,64.15944444444445,1710,9
1788684368,P0,63.703,1710,9
1788684369,P0,63.57,1710,9
1788684370,P0,63.56188888888889,1710,9
1788684371,P0,63.483333333333334,1710,9
1788684372,P0,63.382222222222225,1710,9
1788684373,P0,63.4578,1710,10
1788684374,P0,63.480555555555554,1710,9
1788684375,P0,63.43944444444445,1710,9
1788684376,P0,63.60077777777778,1710,9
1788684377,P0,64.05644444444444,1710,9
1788684378,P0,64.34666666666666,1710,9
1788684379,P0,64.18377777777778,1710,9
1788684380,P0,63.79233333333333,1710,9
1788684381,P0,63.62444444444444,1710,9
1788684382,P0,63.649,1710,9
1788684383,P0,63.49155555555556,1710,9
1788684384,P0,63.4724,1710,10
1788684385,P0,63.54288888888889,1710,9
1788684386,P0,63.448,1710,9
1788684387,P0,63.61088888888889,1710,9
1788684388,P0,64.19466666666666,1710,9
1788684389,P0,64.236,1710,9
1788684390,P0,63.678444444444445,1710,9
1788684391,P0,63.556444444444445,1710,9
1788684392,P0,63.448,1710,9
1788684393,P0,63.45333333333333,1710,9
1788684394,P0,63.4816,1710,10
1788684395,P0,63.41288888888889,1710,9
1788684396,P0,63.36333333333334,1710,9
1788684397,P0,63.35311111111111,1710,9
1788684398,P0,63.529444444444444,1710,9
1788684399,P0,64.20833333333333,1710,9
1788684400,P0,64.168,1710,9
1788684401,P0,63.675777777777775,1710,9
1788684402,P0,63.59188888888889,1710,9
1788684403,P0,63.459,1710,9
1788684404,P0,63.35311111111111,1710,9
1788684405,P0,63.448,1710,10
1788684406,P0,63.42366666666667,1710,9
1788684407,P0,63.37466666666667,1710,9
1788684408,P0,63.39022222222223,1710,9
1788684409,P0,63.583,1710,9
1788684410,P0,64.08611111111111,1710,9
1788684411,P0,64.07233333333333,1710,9
1788684412,P0,63.66488888888889,1710,9
1788684413,P0,63.553777777777775,1710,9
1788684414,P0,63.497,1710,3
1788678410,P1,79.784,2520,3
1788678411,P1,79.94644444444444,2520,9
1788678412,P1,81.82066666666667,2520,9
1788678413,P1,81.06122222222223,2520,9
1788678414,P1,80.13666666666667,2520,9
1788678415,P1,81.47477777777777,2520,9
1788678416,P1,88.3586,2520,10
1788678417,P1,87.07055555555556,2520,9
1788678418,P1,80.91733333333333,2520,9
1788678419,P1,80.61211111111112,2520,9
1788678420,P1,85.053,2520,9
1788678421,P1,87.799,2520,9
1788678422,P1,80.9923,2520,10
1788678423,P1,80.069,2520,9
1788678424,P1,80.069,2520,9
1788678425,P1,80.924,2520,9
1788678426,P1,80.924,2520,9
1788678427,P1,80.0447,2520,10
1788678428,P1,82.22522222222221,2520,9
1788678429,P1,97.04244444444444,2520,9
1788678430,P1,92.35566666666666,2520,9
1788678431,P1,81.48377777777777,2520,9
1788678432,P1,80.70700000000001,2520,9
1788678433,P1,79.947,2520,9
1788678434,P1,79.825,2520,9
1788678435,P1,79.81280000000001,2520,10
1788678436,P1,79.68933333333334,2520,9
1788678437,P1,82.05788888888888,2520,9
1788678438,P1,118.81255555555555,2520,9
1788678439,P1,97.35644444444443,2520,9
1788678440,P1,83.56444444444445,2520,9
1788678441,P1,81.26177777777778,2520,9
1788678442,P1,80.40888888888888,2520,9
1788678443,P1,79.8984,2520,10
1788678444,P1,79.71655555555556,2520,9
1788678445,P1,79.81144444444445,2520,9
1788678446,P1,79.825,2520,9
1788678447,P1,93.30277777777778,2520,9
1788678448,P1,82.671,2520,9
1788678449,P1,80.84166666666667,2520,9
1788678450,P1,80.12944444444445,2520,9
1788678451,P1,79.8494,2520,10
1788678452,P1,79.703,2520,9
1788678453,P1,79.581,2520,9
1788678454,P1,79.825,2520,9
1788678455,P1,80.679,2520,9
1788678456,P1,80.78833333333334,2520,9
1788678457,P1,80.15222222222222,2520,9
1788678458,P1,79.8514,2520,10
1788678459,P1,82.59144444444445,2520,9
1788678460,P1,84.60866666666666,2520,9
1788678461,P1,80.95688888888888,2520,9
1788678462,P1,79.65311111111112,2520,9
1788678463,P1,79.77033333333334,2520,9
1788678464,P1,79.75722222222223,2520,9
1788678465,P1,80.13050000000001,2520,10
1788678466,P1,80.69355555555556,2520,9
1788678467,P1,80.39477777777778,2520,9
1788678468,P1,79.987,2520,9
1788678469,P1,79.86533333333334,2520,9
1788678470,P1,79.74366666666667,2520,9
1788678471,P1,79.703,2520,9
1788678472,P1,80.36240000000001,2520,10
1788678473,P1,81.04666666666667,2520,9
1788678474,P1,80.519,2520,9
1788678475,P1,79.94933333333333,2520,9
1788678476,P1,79.74433333333333,2520,9
1788678477,P1,79.86566666666667,2520,9
1788678478,P1,79.86566666666667,2520,9
1788678479,P1,89.5636,2520,10
1788678480,P1,86.032,2520,9
1788678481,P1,79.59077777777777,2520,9
1788678482,P1,79.581,2520,9
1788678483,P1,79.703,2520,9
1788678484,P1,81.169,2520,9
1788678485,P1,81.535,2520,9
1788678486,P1,80.191,2520,9
1788678487,P1,80.1788,2520,10
1788678488,P1,80.05544444444445,2520,9
1788678489,P1,79.947,2520,9
1788678490,P1,79.825,2520,9
1788678491,P1,91.54077777777778,2520,9
1788678492,P1,112.914,2520,9
1788678493,P1,90.64133333333332,2520,9
1788678494,P1,79.8635,2520,10
1788678495,P1,79.825,2520,9
1788678496,P1,79.825,2520,9
1788678497,P1,79.98766666666667,2520,9
1788678498,P1,80.63855555555556,2520,9
1788678499,P1,80.76111111111112,2520,9
1788678500,P1,80.10966666666667,2520,9
1788678501,P1,79.82560000000001,2520,10
1788678502,P1,79.827,2520,9
1788678503,P1,79.79944444444445,2520,9
1788678504,P1,79.97455555555555,2520,9
1788678505,P1,81.00122222222222,2520,9
1788678506,P1,81.02355555555556,2520,9
1788678507,P1,80.11888888888889,2520,9
1788678508,P1,79.911,2520,10
1788678509,P1,79.827,2520,9
1788678510,P1,79.79944444444445,2520,9
1788678511,P1,80.05588888888889,2520,9
1788678512,P1,86.66077777777778,2520,9
1788678513,P1,86.0,2520,9
1788678514,P1,81.79,2520,9
1788678515,P1,81.046,2520,9
1788678516,P1,80.28949999999999,2520,10
1788678517,P1,80.069,2520,9
1788678518,P1,79.947,2520,9
1788678519,P1,79.947,2520,9
1788678520,P1,81.77522222222223,2520,9
1788678521,P1,102.97877777777778,2520,9
1788678522,P1,97.04855555555555,2520,9
1788678523,P1,80.275,2520,10
1788678524,P1,79.81144444444445,2520,9
1788678525,P1,79.703,2520,9
1788678526,P1,79.70288888888889,2520,9
1788678527,P1,79.82422222222222,2520,9
1788678528,P1,80.82922222222223,2520,9
1788678529,P1,82.23,2520,9
1788678530,P1,115.0051111111111,2520,9
1788678531,P1,97.62769999999999,2520,10
1788678532,P1,81.71466666666666,2520,9
1788678533,P1,79.83022222222222,2520,9
1788678534,P1,79.71644444444445,2520,9
1788678535,P1,79.59455555555556,2520,9
1788678536,P1,79.90633333333334,2520,9
1788678537,P1,81.14166666666667,2520,9
1788678538,P1,81.94255555555556,2520,9
1788678539,P1,85.8258,2520,10
1788678540,P1,88.45366666666668,2520,9
1788678541,P1,83.02499999999999,2520,9
1788678542,P1,80.89333333333333,2520,9
1788678543,P1,80.70711111111112,2520,9
1788678544,P1,80.68,2520,9
1788678545,P1,80.58511111111112,2520,9
1788678546,P1,82.1212,2520,10
1788678547,P1,83.27266666666667,2520,9
1788678548,P1,82.19733333333333,2520,9
1788678549,P1,81.163,2520,9
1788678550,P1,80.74511111111111,2520,9
1788678551,P1,83.58655555555556,2520,9
1788678552,P1,85.04455555555555,2520,9
1788678553,P1,81.2024,2520,10
1788678554,P1,79.74,2520,9
1788678555,P1,80.5168888888889,2520,9
1788678556,P1,81.50800000000001,2520,9
1788678557,P1,81.16888888888889,2520,9
1788678558,P1,80.34055555555555,2520,9
1788678559,P1,79.79733333333333,2520,9
1788678560,P1,79.58,2520,10
1788678561,P1,79.662,2520,9
1788678562,P1,81.06022222222222,2520,9
1788678563,P1,81.80711111111111,2520,9
1788678564,P1,80.92433333333334,2520,9
1788678565,P1,80.29944444444445,2520,9
1788678566,P1,80.12433333333334,2520,9
1788678567,P1,79.9978,2520,10
1788678568,P1,79.94788888888888,2520,9
1788678569,P1,79.947,2520,9
1788678570,P1,80.49033333333334,2520,9
1788678571,P1,101.79788888888889,2520,9
1788678572,P1,94.47388888888888,2520,9
1788678573,P1,81.32533333333333,2520,9
1788678574,P1,79.91744444444444,2520,9
1788678575,P1,79.947,2520,10
1788678576,P1,80.92477777777778,2520,9
1788678577,P1,81.26388888888889,2520,9
1788678578,P1,80.42166666666667,2520,9
1788678579,P1,80.09611111111111,2520,9
1788678580,P1,79.85211111111111,2520,9
1788678581,P1,79.73166666666667,2520,9
1788678582,P1,79.705,2520,9
1788678583,P1,88.33977777777778,2520,9
1788678584,P1,113.51577777777779,2520,9
1788678585,P1,100.09911111111111,2520,9
1788678586,P1,80.2365,2520,10
1788678587,P1,80.07133333333334,2520,9
1788678588,P1,80.04188888888889,2520,9
1788678589,P1,79.97411111111111,2520,9
1788678590,P1,80.17766666666667,2520,9
1788678591,P1,80.88355555555556,2520,9
1788678592,P1,82.023,2520,9
1788678593,P1,81.75166666666667,2520,9
1788678594,P1,80.6556,2520,10
1788678595,P1,80.23244444444444,2520,9
1788678596,P1,79.947,2520,9
1788678597,P1,79.947,2520,9
1788678598,P1,80.27277777777778,2520,9
1788678599,P1,81.52166666666666,2520,9
1788678600,P1,81.63044444444445,2520,9
1788678601,P1,80.5824,2520,10
1788678602,P1,80.11044444444444,2520,9
1788678603,P1,79.79788888888889,2520,9
1788678604,P1,77.72944444444445,2351.6666666666665,9
1788678605,P1,68.79444444444445,1005,9
1788678606,P1,61.80155555555556,1005,9
1788678607,P1,62.35311111111111,1005,9
1788678608,P1,63.28922222222222,1005,9
1788678609,P1,63.42144444444445,1005,9
1788678610,P1,61.93077777777778,1005,9
1788678611,P1,61.6204,1005,10
1788678612,P1,61.57122222222222,1005,9
1788678613,P1,61.698,1005,9
1788678614,P1,61.63911111111111,1005,9
1788678615,P1,61.40588888888889,1005,9
1788678616,P1,61.36966666666667,1005,9
1788678617,P1,63.57566666666667,1341.6666666666667,9
1788678618,P1,72.90422222222223,2520,9
1788678619,P1,81.10022222222223,2520,9
1788678620,P1,90.3,2520,10
1788678621,P1,97.35311111111112,2520,9
1788678622,P1,87.14244444444445,2520,9
1788678623,P1,79.87477777777778,2520,9
1788678624,P1,80.78822222222222,2520,9
1788678625,P1,81.92911111111111,2520,9
1788678626,P1,81.33200000000001,2520,9
1788678627,P1,80.38680000000001,2520,10
1788678628,P1,79.83855555555556,2520,9
1788678629,P1,96.61711111111111,2520,9
1788678630,P1,110.40722222222222,2520,9
1788678631,P1,89.68522222222222,2520,9
1788678632,P1,80.14466666666667,2520,9
1788678633,P1,80.39522222222223,2520,9
1788678634,P1,82.296,2520,9
1788678635,P1,81.42722222222223,2520,9
1788678636,P1,80.4594,2520,10
1788678637,P1,79.98766666666667,2520,9
1788678638,P1,85.04744444444445,2520,9
1788678639,P1,90.72922222222222,2520,9
1788678640,P1,82.70133333333332,2520,9
1788678641,P1,80.14222222222222,2520,9
1788678642,P1,81.37233333333333,2520,9
1788678643,P1,81.21719999999999,2520,10
1788678644,P1,80.069,2520,9
1788678645,P1,79.74366666666667,2520,9
1788678646,P1,79.66233333333334,2520,9
1788678647,P1,79.85211111111111,2520,9
1788678648,P1,80.27277777777778,2520,9
1788678649,P1,81.54877777777777,2520,9
1788678650,P1,81.58420000000001,2520,10
1788678651,P1,84.91788888888888,2520,9
1788678652,P1,83.55644444444445,2520,9
1788678653,P1,81.309,2520,9
1788678654,P1,80.83277777777778,2520,9
1788678655,P1,80.36733333333333,2520,9
1788678656,P1,79.98766666666667,2520,9
1788678657,P1,79.83855555555556,2520,9
1788678658,P1,79.7274,2520,10
1788678659,P1,79.70211111111111,2520,9
1788678660,P1,80.78911111111111,2520,9
1788678661,P1,81.141,2520,9
1788678662,P1,80.08177777777777,2520,9
1788678663,P1,79.73,2520,9
1788678664,P1,79.6054,2520,10
1788678665,P1,79.581,2520,9
1788678666,P1,79.581,2520,9
1788678667,P1,80.23255555555555,2520,9
1788678668,P1,80.5308888888889,2520,9
1788678669,P1,80.12333333333333,2520,9
1788678670,P1,82.47188888888888,2520,9
1788678671,P1,96.32011111111112,2520,9
1788678672,P1,87.913,2520,10
1788678673,P1,82.04233333333333,2520,9
1788678674,P1,81.01944444444445,2520,9
1788678675,P1,80.12322222222222,2520,9
1788678676,P1,80.54344444444445,2520,9
1788678677,P1,80.38077777777778,2520,9
1788678678,P1,79.98777777777778,2520,9
1788678679,P1,80.43599999999999,2520,10
1788678680,P1,80.86955555555556,2520,9
1788678681,P1,80.59766666666667,2520,9
1788678682,P1,79.91988888888889,2520,9
1788678683,P1,95.0021111111111,2520,9
1788678684,P1,105.69577777777778,2520,9
1788678685,P1,88.09755555555556,2520,9
1788678686,P1,80.5855,2520,10
1788678687,P1,80.09666666666666,2520,9
1788678688,P1,79.77077777777778,2520,9
1788678689,P1,79.703,2520,9
1788678690,P1,79.703,2520,9
1788678691,P1,79.75722222222223,2520,9
1788678692,P1,80.09655555555555,2520,9
1788678693,P1,80.53377777777779,2520,9
1788678694,P1,80.412,2520,10
1788678695,P1,80.00200000000001,2520,9
1788678696,P1,79.89277777777778,2520,9
1788678697,P1,79.71655555555556,2520,9
1788678698,P1,79.581,2520,9
1788678699,P1,81.04677777777778,2520,9
1788678700,P1,82.44522222222223,2520,9
1788678701,P1,81.41380000000001,2520,10
1788678702,P1,80.40844444444446,2520,9
1788678703,P1,79.96055555555556,2520,9
1788678704,P1,75.82366666666667,1846.6666666666667,9
1788678705,P1,66.76688888888889,1005,9
1788678706,P1,68.92055555555555,1005,9
1788678707,P1,69.89466666666667,1005,9
1788678708,P1,64.17711111111112,1005,9
1788678709,P1,62.676,1005,9
1788678710,P1,62.553666666666665,1005,9
1788678711,P1,62.1134,1005,10
1788678712,P1,61.711111111111116,1005,9
1788678713,P1,61.52077777777778,1005,9
1788678714,P1,61.452555555555556,1005,9
1788678715,P1,61.452,1005,9
1788678716,P1,65.67066666666666,1678.3333333333333,9
1788678717,P1,74.94533333333334,2520,9
1788678718,P1,79.81144444444445,2520,9
1788678719,P1,94.55477777777777,2520,9
1788678720,P1,95.3983,2520,10
1788678721,P1,81.79522222222222,2520,9
1788678722,P1,79.87066666666666,2520,9
1788678723,P1,79.71655555555556,2520,9
1788678724,P1,79.70211111111111,2520,9
1788678725,P1,80.65244444444446,2520,9
1788678726,P1,81.11455555555555,2520,9
1788678727,P1,80.21855555555555,2520,9
1788678728,P1,108.60877777777777,2520,9
1788678729,P1,100.1258,2520,10
1788678730,P1,83.717,2520,9
1788678731,P1,79.74,2520,9
1788678732,P1,79.86566666666667,2520,9
1788678733,P1,79.87922222222223,2520,9
1788678734,P1,81.38611111111112,2520,9
1788678735,P1,82.09222222222222,2520,9
1788678736,P1,80.9242,2520,10
1788678737,P1,90.14677777777779,2520,9
1788678738,P1,85.69744444444446,2520,9
1788678739,P1,80.76766666666667,2520,9
1788678740,P1,79.73233333333333,2520,9
1788678741,P1,81.82033333333334,2520,9
1788678742,P1,82.22833333333334,2520,9
1788678743,P1,80.9615,2520,10
1788678744,P1,80.08277777777778,2520,9
1788678745,P1,79.73700000000001,2520,9
1788678746,P1,79.67855555555556,2520,9
1788678747,P1,79.69633333333333,2520,9
1788678748,P1,80.11033333333333,2520,9
1788678749,P1,82.736,2520,9
1788678750,P1,90.27088888888889,2520,9
1788678751,P1,85.9872,2520,10
1788678752,P1,81.12177777777778,2520,9
1788678753,P1,83.15088888888889,2520,9
1788678754,P1,82.17366666666668,2520,9
1788678755,P1,81.30433333333333,2520,9
1788678756,P1,80.86977777777778,2520,9
1788678757,P1,80.68,2520,9
1788678758,P1,80.6556,2520,10
1788678759,P1,80.558,2520,9
1788678760,P1,81.07377777777778,2520,9
1788678761,P1,82.96033333333334,2520,9
1788678762,P1,82.72922222222223,2520,9
1788678763,P1,80.8968888888889,2520,9
1788678764,P1,80.66644444444445,2520,9
1788678765,P1,80.6068,2520,10
1788678766,P1,80.802,2520,9
1788678767,P1,81.34488888888889,2520,9
1788678768,P1,83.32633333333334,2520,9
1788678769,P1,91.05111111111111,2520,9
1788678770,P1,92.64566666666667,2520,9
1788678771,P1,82.98844444444445,2520,9
1788678772,P1,80.82211111111111,2520,9
1788678773,P1,81.4374,2520,10
1788678774,P1,80.639,2520,9
1788678775,P1,79.98766666666667,2520,9
1788678776,P1,79.75722222222223,2520,9
1788678777,P1,79.63466666666666,2520,9
1788678778,P1,79.58055555555556,2520,9
1788678779,P1,79.64877777777778,2520,9
1788678780,P1,80.65520000000001,2520,10
1788678781,P1,82.829,2520,9
1788678782,P1,111.6361111111111,2520,9
1788678783,P1,102.18333333333334,2520,9
1788678784,P1,82.36977777777777,2520,9
1788678785,P1,79.84833333333333,2520,9
1788678786,P1,80.91122222222222,2520,9
1788678787,P1,81.23677777777777,2520,9
1788678788,P1,80.3134,2520,10
1788678789,P1,79.85211111111111,2520,9
1788678790,P1,79.71566666666666,2520,9
1788678791,P1,79.70288888888889,2520,9
1788678792,P1,79.81144444444445,2520,9
1788678793,P1,81.345,2520,9
1788678794,P1,81.72555555555556,2520,9
1788678795,P1,80.60719999999999,2520,10
1788678796,P1,79.98777777777778,2520,9
1788678797,P1,79.83855555555556,2520,9
1788678798,P1,79.71566666666666,2520,9
1788678799,P1,79.59444444444445,2520,9
1788678800,P1,80.96766666666667,2520,9
1788678801,P1,81.79255555555555,2520,9
1788678802,P1,80.68960000000001,2520,10
1788678803,P1,70.822,1173.3333333333333,9
1788678804,P1,61.601111111111116,1005,9
1788678805,P1,62.806111111111115,1005,9
1788678806,P1,63.561,1005,9
1788678807,P1,61.497,1005,9
1788678808,P1,61.575,1005,9
1788678809,P1,62.186,1005,9
1788678810,P1,62.431,1005,9
1788678811,P1,62.187,1005,9
1788678812,P1,61.942,1005,9
1788678813,P1,62.102000000000004,1005,9
1788678814,P1,77.82666666666667,1005,9
1788678815,P1,71.3093,1005,10
1788678816,P1,61.497,1005,9
1788678817,P1,61.452,1005,9
1788678818,P1,61.453,1005,9
1788678819,P1,61.433,1005,9
1788678820,P1,61.433,1005,9
1788678821,P1,61.453,1005,9
1788678822,P1,61.453,1005,9
1788678823,P1,61.45211111111111,1005,9
1788678824,P1,70.5408888888889,2183.3333333333335,9
1788678825,P1,80.1982,2520,10
1788678826,P1,86.58644444444445,2520,9
1788678827,P1,119.06,2520,9
1788678828,P1,95.145,2520,9
1788678829,P1,79.569,2520,9
1788678830,P1,79.581,2520,9
1788678831,P1,81.902,2520,9
1788678832,P1,81.291,2520,9
1788678833,P1,80.25200000000001,2520,10
1788678834,P1,79.68944444444445,2520,9
1788678835,P1,79.581,2520,9
1788678836,P1,95.76055555555556,2520,9
1788678837,P1,84.23,2520,9
1788678838,P1,80.035,2520,9
1788678839,P1,81.046,2520,9
1788678840,P1,81.902,2520,9
1788678841,P1,80.7287,2520,10
1788678842,P1,80.069,2520,9
1788678843,P1,79.825,2520,9
1788678844,P1,79.679,2520,9
1788678845,P1,79.679,2520,9
1788678846,P1,79.581,2520,9
1788678847,P1,80.069,2520,9
1788678848,P1,84.72644444444444,2520,9
1788678849,P1,88.5558,2520,10
1788678850,P1,82.74033333333334,2520,9
1788678851,P1,80.42044444444444,2520,9
1788678852,P1,81.12788888888889,2520,9
1788678853,P1,80.6121111111111,2520,9
1788678854,P1,79.90633333333334,2520,9
1788678855,P1,79.81144444444445,2520,9
1788678856,P1,79.886,2520,10
1788678857,P1,79.75722222222223,2520,9
1788678858,P1,80.63744444444445,2520,9
1788678859,P1,81.72444444444444,2520,9
1788678860,P1,81.19711111111111,2520,9
1788678861,P1,80.23222222222223,2520,9
1788678862,P1,79.77077777777778,2520,9
1788678863,P1,79.703,2520,9
1788678864,P1,79.642,2520,10
1788678865,P1,79.51322222222223,2520,9
1788678866,P1,80.00122222222222,2520,9
1788678867,P1,80.77444444444446,2520,9
1788678868,P1,88.79122222222222,2520,9
1788678869,P1,87.6951111111111,2520,9
1788678870,P1,81.03144444444445,2520,9
1788678871,P1,80.41600000000001,2520,10
1788678872,P1,80.436,2520,9
1788678873,P1,79.87244444444445,2520,9
1788678874,P1,79.69266666666667,2520,9
1788678875,P1,79.70033333333333,2520,9
1788678876,P1,79.59366666666666,2520,9
1788678877,P1,82.29555555555557,2520,9
1788678878,P1,82.52520000000001,2520,10
1788678879,P1,81.534,2520,9
1788678880,P1,88.49166666666667,2520,9
1788678881,P1,106.48344444444444,2520,9
1788678882,P1,91.55855555555556,2520,9
1788678883,P1,80.11866666666667,2520,9
1788678884,P1,81.33322222222223,2520,9
1788678885,P1,81.77888888888889,2520,9
1788678886,P1,80.6554,2520,10
1788678887,P1,80.01477777777778,2520,9
1788678888,P1,79.79788888888889,2520,9
1788678889,P1,79.70277777777778,2520,9
1788678890,P1,79.70222222222222,2520,9
1788678891,P1,79.81155555555556,2520,9
1788678892,P1,80.73422222222223,2520,9
1788678893,P1,80.7068888888889,2520,9
1788678894,P1,79.8735,2520,10
1788678895,P1,79.66166666666666,2520,9
1788678896,P1,79.703,2520,9
1788678897,P1,79.947,2520,9
1788678898,P1,80.24033333333334,2520,9
1788678899,P1,81.37544444444444,2520,9
1788678900,P1,81.46166666666666,2520,9
1788678901,P1,77.5877,2217,10
1788678902,P1,67.862,1005,9
1788678903,P1,66.811,1005,9
1788678904,P1,69.916,1005,9
1788678905,P1,64.07033333333334,1005,9
1788678906,P1,61.48233333333334,1005,9
1788678907,P1,61.453,1005,9
1788678908,P1,61.453,1005,9
1788678909,P1,61.656666666666666,1005,9
1788678910,P1,62.18633333333333,1005,9
1788678911,P1,62.268,1005,9
1788678912,P1,68.10766666666666,1005,9
1788678913,P1,76.25322222222222,1005,9
1788678914,P1,67.354,1005,9
1788678915,P1,61.906099999999995,1005,10
1788678916,P1,61.779,1005,9
1788678917,P1,61.69733333333333,1005,9
1788678918,P1,61.693555555555555,1005,9
1788678919,P1,61.678,1005,9
1788678920,P1,61.70955555555555,1005,9
1788678921,P1,61.82,1005,9
1788678922,P1,64.49911111111112,1341.6666666666667,9
1788678923,P1,76.06644444444444,2520,9
1788678924,P1,83.16322222222223,2520,9
1788678925,P1,97.6157,2520,10
1788678926,P1,107.37155555555556,2520,9
1788678927,P1,88.12666666666667,2520,9
1788678928,P1,80.46533333333333,2520,9
1788678929,P1,80.91533333333334,2520,9
1788678930,P1,82.15899999999999,2520,9
1788678931,P1,82.24966666666667,2520,9
1788678932,P1,80.9978,2520,10
1788678933,P1,80.51700000000001,2520,9
1788678934,P1,85.21077777777778,2520,9
1788678935,P1,88.03055555555555,2520,9
1788678936,P1,83.38322222222223,2520,9
1788678937,P1,81.95677777777779,2520,9
1788678938,P1,80.92466666666667,2520,9
1788678939,P1,80.15033333333334,2520,9
1788678940,P1,79.947,2520,10
1788678941,P1,79.83811111111112,2520,9
1788678942,P1,79.59355555555555,2520,9
1788678943,P1,80.76155555555556,2520,9
1788678944,P1,82.01100000000001,2520,9
1788678945,P1,80.99244444444444,2520,9
1788678946,P1,80.09611111111111,2520,9
1788678947,P1,87.7004,2520,10
1788678948,P1,86.566,2520,9
1788678949,P1,81.057,2520,9
1788678950,P1,80.313,2520,9
1788678951,P1,79.98766666666667,2520,9
1788678952,P1,79.72922222222222,2520,9
1788678953,P1,79.486,2520,9
1788678954,P1,79.56744444444445,2520,9
1788678955,P1,79.58279999999999,2520,10
1788678956,P1,82.635,2520,9
1788678957,P1,81.536,2520,9
1788678958,P1,80.34044444444444,2520,9
1788678959,P1,79.759,2520,9
1788678960,P1,79.59655555555555,2520,9
1788678961,P1,79.58033333333333,2520,9
1788678962,P1,79.4711,2520,10
1788678963,P1,79.458,2520,9
1788678964,P1,80.409,2520,9
1788678965,P1,80.95122222222223,2520,9
1788678966,P1,84.89822222222223,2520,9
1788678967,P1,98.55522222222223,2520,9
1788678968,P1,90.75833333333333,2520,9
1788678969,P1,81.04022222222223,2520,9
1788678970,P1,83.0744,2520,10
1788678971,P1,82.82488888888889,2520,9
1788678972,P1,80.86977777777778,2520,9
1788678973,P1,80.6528888888889,2520,9
1788678974,P1,80.5308888888889,2520,9
1788678975,P1,80.4088888888889,2520,9
1788678976,P1,80.85688888888889,2520,9
1788678977,P1,82.8546,2520,10
1788678978,P1,82.751,2520,9
1788678979,P1,97.87022222222222,2520,9
1788678980,P1,107.59011111111111,2520,9
1788678981,P1,89.15344444444445,2520,9
1788678982,P1,80.30944444444445,2520,9
1788678983,P1,80.77688888888889,2520,9
1788678984,P1,80.42244444444444,2520,9
1788678985,P1,79.9112,2520,10
1788678986,P1,79.74333333333334,2520,9
1788678987,P1,79.62166666666667,2520,9
1788678988,P1,79.64877777777778,2520,9
1788678989,P1,80.63744444444445,2520,9
1788678990,P1,81.79222222222222,2520,9
1788678991,P1,81.25133333333333,2520,9
1788678992,P1,80.2646,2520,10
1788678993,P1,79.98766666666667,2520,9
1788678994,P1,79.86566666666667,2520,9
1788678995,P1,79.74366666666667,2520,9
1788678996,P1,79.63522222222223,2520,9
1788678997,P1,80.05544444444445,2520,9
1788678998,P1,80.6388888888889,2520,9
1788678999,P1,80.289,2520,10
1788679000,P1,73.70166666666667,1678.3333333333333,9
1788679001,P1,64.65833333333333,1005,9
1788679002,P1,61.616,1005,9
1788679003,P1,63.76522222222222,1005,9
1788679004,P1,65.09655555555555,1005,9
1788679005,P1,63.48844444444444,1005,9
1788679006,P1,61.63944444444444,1005,9
1788679007,P1,61.84666666666667,1005,9
1788679008,P1,62.20011111111111,1005,9
1788679009,P1,62.03733333333333,1005,9
1788679010,P1,61.673,1005,10
1788679011,P1,61.49366666666667,1005,9
1788679012,P1,72.1078888888889,1005,9
1788679013,P1,73.25533333333334,1005,9
1788679014,P1,65.40322222222223,1005,9
1788679015,P1,61.477,1005,9
1788679016,P1,61.452444444444446,1005,9
1788679017,P1,61.453,1005,9
1788679018,P1,61.453,1005,9
1788679019,P1,61.67033333333333,1005,9
1788679020,P1,61.99622222222222,1005,9
1788679021,P1,61.881,1005,10
1788679022,P1,62.37688888888889,1318.3333333333333,9
1788679023,P1,76.90933333333334,1710,9
1788679024,P1,88.01544444444444,1710,9
1788679025,P1,72.88033333333334,1710,9
1788679026,P1,63.99155555555556,1710,9
1788679027,P1,63.99033333333334,1710,9
1788679028,P1,63.86944444444445,1710,9
1788679029,P1,63.777,1710,9
1788679030,P1,63.777,1710,9
1788679031,P1,63.777,1710,9
1788679032,P1,64.095,1710,10
1788679033,P1,67.12033333333333,1890,9
1788679034,P1,74.87922222222223,2520,9
1788679035,P1,84.89766666666667,2520,9
1788679036,P1,93.8681111111111,2520,9
1788679037,P1,85.18444444444445,2520,9
1788679038,P1,79.38877777777778,2520,9
1788679039,P1,79.48533333333333,2520,9
1788679040,P1,79.8372,2520,10
1788679041,P1,80.51633333333334,2520,9
1788679042,P1,80.48922222222222,2520,9
1788679043,P1,79.825,2520,9
1788679044,P1,79.77055555555556,2520,9
1788679045,P1,79.55288888888889,2520,9
1788679046,P1,79.458,2520,10
1788679047,P1,79.743,2520,9
1788679048,P1,87.798,2520,9
1788679049,P1,86.02344444444445,2520,9
1788679050,P1,83.18444444444445,2520,9
1788679051,P1,81.90211111111111,2520,9
1788679052,P1,80.64055555555555,2520,9
1788679053,P1,79.93544444444444,2520,9
1788679054,P1,79.827,2520,10
1788679055,P1,79.71855555555555,2520,9
1788679056,P1,79.70322222222222,2520,9
1788679057,P1,79.81144444444445,2520,9
1788679058,P1,80.25877777777778,2520,9
1788679059,P1,80.40866666666668,2520,9
1788679060,P1,79.96233333333333,2520,9
1788679061,P1,79.63419999999999,2520,10
1788679062,P1,79.47488888888888,2520,9
1788679063,P1,79.67522222222222,2520,9
1788679064,P1,80.02822222222223,2520,9
1788679065,P1,80.54655555555556,2520,9
1788679066,P1,80.7778888888889,2520,9
1788679067,P1,81.89722222222223,2520,9
1788679068,P1,88.1347,2520,10
1788679069,P1,86.673,2520,9
1788679070,P1,81.41566666666667,2520,9
1788679071,P1,80.43566666666668,2520,9
1788679072,P1,79.662,2520,9
1788679073,P1,79.66166666666666,2520,9
1788679074,P1,79.825,2520,9
1788679075,P1,79.825,2520,10
1788679076,P1,80.11,2520,9
1788679077,P1,80.72066666666667,2520,9
1788679078,P1,80.47633333333334,2520,9
1788679079,P1,79.74366666666667,2520,9
1788679080,P1,102.79511111111111,2520,9
1788679081,P1,106.05888888888889,2520,9
1788679082,P1,87.4152,2520,10
1788679083,P1,80.72466666666668,2520,9
1788679084,P1,80.02866666666667,2520,9
1788679085,P1,79.66166666666666,2520,9
1788679086,P1,79.58066666666667,2520,9
1788679087,P1,79.78433333333334,2520,9
1788679088,P1,80.15088888888889,2520,9
1788679089,P1,80.6068,2520,10
1788679090,P1,80.63866666666667,2520,9
1788679091,P1,80.15033333333334,2520,9
1788679092,P1,79.78433333333334,2520,9
1788679093,P1,79.54033333333334,2520,9
1788679094,P1,79.52677777777778,2520,9
1788679095,P1,79.64877777777778,2520,9
1788679096,P1,80.2154,2520,10
1788679097,P1,80.557,2520,9
1788679098,P1,80.06833333333333,2520,9
1788679099,P1,79.74333333333334,2520,9
1788679100,P1,79.56744444444445,2520,9
1788679101,P1,74.52511111111112,1846.6666666666667,9
1788679102,P1,65.57633333333334,1005,9
1788679103,P1,68.66088888888889,1005,9
1788679104,P1,67.2841,1005,10
1788679105,P1,63.205000000000005,1005,9
1788679106,P1,62.037,1005,9
1788679107,P1,61.980666666666664,1005,9
1788679108,P1,61.696666666666665,1005,9
1788679109,P1,61.49366666666667,1005,9
1788679110,P1,61.453,1005,9
1788679111,P1,61.453,1005,9
1788679112,P1,70.27622222222223,1005,9
1788679113,P1,73.07966666666667,1005,9
1788679114,P1,66.32811111111111,1005,9
1788679115,P1,61.477444444444444,1005,9
1788679116,P1,61.453,1005,10
1788679117,P1,61.72466666666667,1005,9
1788679118,P1,62.010333333333335,1005,9
1788679119,P1,61.79277777777778,1005,9
1788679120,P1,61.575,1005,9
1788679121,P1,61.575,1005,9
1788679122,P1,62.06433333333334,1318.3333333333333,9
1788679123,P1,82.18,1710,9
1788679124,P1,86.61977777777778,1710,9
1788679125,P1,71.21911111111112,1710,9
1788679126,P1,63.690000000000005,1710,9
1788679127,P1,63.655,1710,9
1788679128,P1,63.655,1710,10
1788679129,P1,64.18777777777778,1710,9
1788679130,P1,64.80788888888888,1710,9
1788679131,P1,64.69133333333333,1710,9
1788679132,P1,64.34844444444445,1710,9
1788679133,P1,67.6048888888889,2070,9
1788679134,P1,75.36722222222222,2520,9
1788679135,P1,87.53544444444445,2520,9
1788679136,P1,90.62966666666667,2520,9
1788679137,P1,84.0467,2520,10
1788679138,P1,80.99066666666667,2520,9
1788679139,P1,80.15266666666668,2520,9
1788679140,P1,79.66466666666666,2520,9
1788679141,P1,79.49966666666667,2520,9
1788679142,P1,79.37666666666667,2520,9
1788679143,P1,79.58066666666667,2520,9
1788679144,P1,80.13,2520,10
1788679145,P1,80.313,2520,9
1788679146,P1,79.90633333333334,2520,9
1788679147,P1,80.00633333333333,2520,9
1788679148,P1,84.13977777777778,2520,9
1788679149,P1,85.67111111111112,2520,9
1788679150,P1,80.05155555555555,2520,9
1788679151,P1,79.7754,2520,10
1788679152,P1,79.60811111111111,2520,9
1788679153,P1,79.703,2520,9
1788679154,P1,79.78444444444445,2520,9
1788679155,P1,80.46333333333334,2520,9
1788679156,P1,80.60055555555556,2520,9
1788679157,P1,79.92166666666667,2520,9
1788679158,P1,79.6298,2520,10
1788679159,P1,79.54033333333334,2520,9
1788679160,P1,79.703,2520,9
1788679161,P1,79.83877777777778,2520,9
1788679162,P1,80.34088888888888,2520,9
1788679163,P1,80.29944444444445,2520,9
1788679164,P1,79.7881,2520,10
1788679165,P1,79.62166666666667,2520,9
1788679166,P1,79.461,2520,9
1788679167,P1,94.10433333333333,2520,9
1788679168,P1,94.3848888888889,2520,9
1788679169,P1,83.73333333333333,2520,9
1788679170,P1,79.67633333333333,2520,9
1788679171,P1,79.7038,2520,10
1788679172,P1,79.703,2520,9
1788679173,P1,80.59833333333334,2520,9
1788679174,P1,81.20866666666667,2520,9
1788679175,P1,80.476,2520,9
1788679176,P1,79.82433333333333,2520,9
1788679177,P1,79.62133333333334,2520,9
1788679178,P1,79.5078,2520,10
1788679179,P1,81.50166666666667,2520,9
1788679180,P1,111.03855555555555,2520,9
1788679181,P1,96.78111111111112,2520,9
1788679182,P1,81.40755555555556,2520,9
1788679183,P1,79.58466666666666,2520,9
1788679184,P1,79.581,2520,9
1788679185,P1,79.581,2520,9
1788679186,P1,80.4602,2520,10
1788679187,P1,80.89777777777778,2520,9
1788679188,P1,80.38188888888888,2520,9
1788679189,P1,80.09622222222222,2520,9
1788679190,P1,79.85211111111111,2520,9
1788679191,P1,79.73011111111111,2520,9
1788679192,P1,79.60811111111111,2520,9
1788679193,P1,80.5578,2520,10
1788679194,P1,81.01977777777778,2520,9
1788679195,P1,80.06922222222222,2520,9
1788679196,P1,79.73011111111111,2520,9
1788679197,P1,79.79711111111111,2520,9
1788679198,P1,79.72911111111111,2520,9
1788679199,P1,79.6052,2520,10
1788679200,P1,80.44944444444445,2520,9
1788679201,P1,72.66466666666666,1173.3333333333333,9
1788679202,P1,62.80688888888889,1005,9
1788679203,P1,70.75777777777778,1005,9
1788679204,P1,66.03,1005,9
1788679205,P1,61.497,1005,9
1788679206,P1,61.453,1005,9
1788679207,P1,61.453,1005,9
1788679208,P1,61.575,1005,9
1788679209,P1,62.065,1005,9
1788679210,P1,62.1503,1005,10
1788679211,P1,62.48844444444445,1005,9
1788679212,P1,75.39022222222222,1005,9
1788679213,P1,70.574,1005,9
1788679214,P1,61.742,1005,9
1788679215,P1,61.575,1005,9
1788679216,P1,61.46655555555556,1005,9
1788679217,P1,61.453,1005,9
1788679218,P1,61.453,1005,9
1788679219,P1,61.453,1005,9
1788679220,P1,61.453,1005,9
1788679221,P1,62.32322222222223,1005,9
1788679222,P1,63.7334,1569,10
1788679223,P1,92.17177777777778,1710,9
1788679224,P1,78.31122222222223,1710,9
1788679225,P1,67.29433333333333,1710,9
1788679226,P1,64.15233333333333,1710,9
1788679227,P1,64.684,1710,9
1788679228,P1,64.44566666666667,1710,9
1788679229,P1,64.0441111111111,1710,9
1788679230,P1,63.81322222222222,1710,9
1788679231,P1,63.70122222222222,1710,9
1788679232,P1,63.72277777777778,1710,9
1788679233,P1,68.51820000000001,2196,10
1788679234,P1,76.86566666666667,2520,9
1788679235,P1,90.31044444444444,2520,9
1788679236,P1,85.38555555555556,2520,9
1788679237,P1,81.289,2520,9
1788679238,P1,79.85033333333334,2520,9
1788679239,P1,79.54,2520,9
1788679240,P1,79.54033333333334,2520,9
1788679241,P1,79.4949,2520,10
1788679242,P1,81.73922222222222,2520,9
1788679243,P1,81.65833333333333,2520,9
1788679244,P1,80.39533333333334,2520,9
1788679245,P1,79.86566666666667,2520,9
1788679246,P1,79.66166666666666,2520,9
1788679247,P1,82.3732,2520,10
1788679248,P1,89.88333333333334,2520,9
1788679249,P1,84.831,2520,9
1788679250,P1,79.721,2520,9
1788679251,P1,79.54033333333334,2520,9
1788679252,P1,79.48611111111111,2520,9
1788679253,P1,79.90655555555556,2520,9
1788679254,P1,81.182,2520,9
1788679255,P1,81.2179,2520,10
1788679256,P1,79.98766666666667,2520,9
1788679257,P1,79.581,2520,9
1788679258,P1,79.54033333333334,2520,9
1788679259,P1,79.48611111111111,2520,9
1788679260,P1,79.90677777777778,2520,9
1788679261,P1,81.20988888888888,2520,9
1788679262,P1,81.3768,2520,10
1788679263,P1,80.19166666666668,2520,9
1788679264,P1,79.662,2520,9
1788679265,P1,79.53966666666666,2520,9
1788679266,P1,79.48611111111111,2520,9
1788679267,P1,89.50744444444445,2520,9
1788679268,P1,89.55388888888889,2520,9
1788679269,P1,81.213,2520,10
1788679270,P1,79.48855555555556,2520,9
1788679271,P1,81.5488888888889,2520,9
1788679272,P1,81.67155555555556,2520,9
1788679273,P1,80.77533333333334,2520,9
1788679274,P1,79.98788888888889,2520,9
1788679275,P1,79.63522222222223,2520,9
1788679276,P1,79.4949,2520,10
1788679277,P1,79.36311111111111,2520,9
1788679278,P1,79.71633333333334,2520,9
1788679279,P1,83.64355555555557,2520,9
1788679280,P1,111.33577777777778,2520,9
1788679281,P1,91.869,2520,9
1788679282,P1,81.33033333333334,2520,9
1788679283,P1,79.73400000000001,2520,10
1788679284,P1,79.581,2520,9
1788679285,P1,80.924,2520,9
1788679286,P1,81.413,2520,9
1788679287,P1,80.435,2520,9
1788679288,P1,79.947,2520,9
1788679289,P1,79.83855555555556,2520,9
1788679290,P1,79.71520000000001,2520,10
1788679291,P1,79.581,2520,9
1788679292,P1,80.435,2520,9
1788679293,P1,80.802,2520,9
1788679294,P1,79.947,2520,9
1788679295,P1,79.62166666666667,2520,9
1788679296,P1,79.90633333333334,2520,9
1788679297,P1,79.8372,2520,10
1788679298,P1,79.58,2520,9
1788679299,P1,80.558,2520,9
1788679300,P1,80.802,2520,9
1788679301,P1,70.822,1005,9
1788679302,P1,63.120333333333335,1005,9
1788679303,P1,68.27544444444445,1005,9
1788679304,P1,63.37433333333333,1005,9
1788679305,P1,61.6104,1005,10
1788679306,P1,62.14555555555555,1005,9
1788679307,P1,62.32233333333333,1005,9
1788679308,P1,61.88777777777778,1005,9
1788679309,P1,61.684333333333335,1005,9
1788679310,P1,61.56144444444445,1005,9
1788679311,P1,62.66766666666667,1005,9
1788679312,P1,78.43077777777778,1005,9
1788679313,P1,69.873,1005,9
1788679314,P1,61.497,1005,9
1788679315,P1,61.453,1005,9
1788679316,P1,61.4521,1005,10
1788679317,P1,61.507333333333335,1005,9
1788679318,P1,61.955555555555556,1005,9
1788679319,P1,62.064,1005,9
1788679320,P1,61.575,1005,9
1788679321,P1,61.452,1005,9
1788679322,P1,67.26299999999999,1710,9
1788679323,P1,98.272,1710,9
1788679324,P1,78.228,1710,9
1788679325,P1,63.718,1710,9
1788679326,P1,63.655,1710,9
1788679327,P1,63.6532,1710,10
1788679328,P1,63.730000000000004,1710,9
1788679329,P1,64.474,1710,9
1788679330,P1,64.719,1710,9
1788679331,P1,63.985,1710,9
1788679332,P1,63.758,1710,9
1788679333,P1,63.373444444444445,900,9
1788679334,P1,70.14955555555555,900,9
1788679335,P1,65.58477777777779,900,9
1788679336,P1,61.22844444444445,900,9
1788679337,P1,61.2082,900,10
1788679338,P1,61.399,900,9
1788679339,P1,62.10477777777778,900,9
1788679340,P1,62.349555555555554,900,9
1788679341,P1,61.67077777777778,900,9
1788679342,P1,61.43944444444445,900,9
1788679343,P1,61.30388888888889,900,9
1788679344,P1,61.236111111111114,900,9
1788679345,P1,61.331,900,9
1788679346,P1,61.57566666666667,900,9
1788679347,P1,64.2044,1224,10
1788679348,P1,73.43422222222222,2520,9
1788679349,P1,81.23422222222221,2520,9
1788679350,P1,83.95033333333333,2520,9
1788679351,P1,84.66266666666667,2520,9
1788679352,P1,79.42511111111112,2520,9
1788679353,P1,79.338,2520,9
1788679354,P1,79.3376,2520,10
1788679355,P1,79.41744444444444,2520,9
1788679356,P1,80.13688888888889,2520,9
1788679357,P1,80.6528888888889,2520,9
1788679358,P1,80.35455555555556,2520,9
1788679359,P1,79.66222222222223,2520,9
1788679360,P1,79.37666666666667,2520,9
1788679361,P1,79.68979999999999,2520,10
1788679362,P1,79.89233333333333,2520,9
1788679363,P1,82.26877777777779,2520,9
1788679364,P1,81.14166666666667,2520,9
1788679365,P1,79.93344444444445,2520,9
1788679366,P1,79.79777777777778,2520,9
1788679367,P1,79.5678,2520,10
1788679368,P1,79.47166666666666,2520,9
1788679369,P1,88.553,2520,9
1788679370,P1,98.01922222222223,2520,9
1788679371,P1,86.43566666666666,2520,9
1788679372,P1,79.35433333333333,2520,9
1788679373,P1,79.459,2520,9
1788679374,P1,79.66433333333333,2520,9
1788679375,P1,80.0218,2520,10
1788679376,P1,80.84266666666667,2520,9
1788679377,P1,80.50333333333334,2520,9
1788679378,P1,79.71655555555556,2520,9
1788679379,P1,79.541,2520,9
1788679380,P1,79.50166666666667,2520,9
1788679381,P1,79.5822,2520,10
1788679382,P1,108.44622222222222,2520,9
1788679383,P1,100.97055555555555,2520,9
1788679384,P1,84.79533333333333,2520,9
1788679385,P1,79.75233333333333,2520,9
1788679386,P1,79.63522222222223,2520,9
1788679387,P1,81.006,2520,9
1788679388,P1,81.726,2520,9
1788679389,P1,80.8032,2520,10
1788679390,P1,80.02066666666667,2520,9
1788679391,P1,79.66233333333334,2520,9
1788679392,P1,79.58044444444444,2520,9
1788679393,P1,79.58055555555556,2520,9
1788679394,P1,79.716,2520,9
1788679395,P1,80.1174,2520,10
1788679396,P1,80.39500000000001,2520,9
1788679397,P1,80.02866666666667,2520,9
1788679398,P1,79.68944444444445,2520,9
1788679399,P1,79.58211111111112,2520,9
1788679400,P1,79.51522222222222,2520,9
1788679401,P1,81.35988888888889,2520,9
1788679402,P1,82.147,2520,10
1788679403,P1,74.67566666666667,1510,9
1788679404,P1,64.94133333333333,1005,9
1788679405,P1,69.06222222222222,1005,9
1788679406,P1,66.81533333333334,1005,9
1788679407,P1,62.70488888888889,1005,9
1788679408,P1,61.70777777777778,1005,9
1788679409,P1,61.698,1005,9
1788679410,P1,61.698,1005,9
1788679411,P1,62.07833333333333,1005,9
1788679412,P1,62.376777777777775,1005,9
1788679413,P1,62.14555555555555,1005,9
1788679414,P1,73.4378,1005,10
1788679415,P1,71.72433333333333,1005,9
1788679416,P1,64.339,1005,9
1788679417,P1,61.712,1005,9
1788679418,P1,61.69766666666667,1005,9
1788679419,P1,61.698,1005,9
1788679420,P1,61.698,1005,9
1788679421,P1,61.698,1005,9
1788679422,P1,61.616,1005,9
1788679423,P1,61.901,1005,9
1788679424,P1,63.112,1475,9
1788679425,P1,89.93939999999999,1710,10
1788679426,P1,86.0851111111111,1710,9
1788679427,P1,70.34166666666667,1710,9
1788679428,P1,64.71466666666667,1710,9
1788679429,P1,64.52822222222223,1710,9
1788679430,P1,64.474,1710,9
1788679431,P1,64.41622222222223,1710,9
1788679432,P1,64.43833333333333,1710,9
1788679433,P1,64.493,1710,9
1788679434,P1,64.411,1710,9
1788679435,P1,63.391333333333336,1170,9
1788679436,P1,68.88566666666667,900,9
1788679437,P1,64.9752,900,10
1788679438,P1,61.253,900,9
1788679439,P1,61.209,900,9
1788679440,P1,61.33,900,9
1788679441,P1,61.331,900,9
1788679442,P1,61.209,900,9
1788679443,P1,61.209,900,9
1788679444,P1,61.209,900,9
1788679445,P1,61.64277777777778,900,9
1788679446,P1,61.80544444444445,900,9
1788679447,P1,61.4896,900,10
1788679448,P1,61.331,900,9
1788679449,P1,61.208,900,9
1788679450,P1,71.066,2340,9
1788679451,P1,80.313,2520,9
1788679452,P1,80.62988888888889,2520,9
1788679453,P1,82.65088888888889,2520,9
1788679454,P1,80.58833333333334,2520,9
1788679455,P1,80.28670000000001,2520,10
1788679456,P1,80.96466666666667,2520,9
1788679457,P1,80.00144444444445,2520,9
1788679458,P1,79.703,2520,9
1788679459,P1,79.621,2520,9
1788679460,P1,79.41733333333333,2520,9
1788679461,P1,79.41733333333333,2520,9
1788679462,P1,79.8857,2520,10
1788679463,P1,80.35444444444445,2520,9
1788679464,P1,79.8651111111111,2520,9
1788679465,P1,79.51222222222222,2520,9
1788679466,P1,79.45933333333333,2520,9
1788679467,P1,79.37866666666666,2520,9
1788679468,P1,81.4751,2520,10
1788679469,P1,81.53622222222222,2520,9
1788679470,P1,80.24588888888889,2520,9
1788679471,P1,79.79044444444445,2520,9
1788679472,P1,90.69877777777778,2520,9
1788679473,P1,92.874,2520,9
1788679474,P1,85.987,2520,9
1788679475,P1,83.856,2520,9
1788679476,P1,80.802,2520,10
1788679477,P1,80.436,2520,9
1788679478,P1,80.314,2520,9
1788679479,P1,80.558,2520,9
1788679480,P1,80.558,2520,9
1788679481,P1,82.879,2520,9
1788679482,P1,83.2325,2520,10
1788679483,P1,80.924,2520,9
1788679484,P1,92.99377777777778,2520,9
1788679485,P1,109.39655555555555,2520,9
1788679486,P1,91.91133333333333,2520,9
1788679487,P1,81.25733333333334,2520,9
1788679488,P1,80.4628888888889,2520,9
1788679489,P1,79.6661,2520,10
1788679490,P1,79.53966666666666,2520,9
1788679491,P1,79.54033333333334,2520,9
1788679492,P1,80.15066666666667,2520,9
1788679493,P1,81.12766666666667,2520,9
1788679494,P1,81.01944444444445,2520,9
1788679495,P1,79.98766666666667,2520,9
1788679496,P1,79.667,2520,10
1788679497,P1,79.54233333333333,2520,9
1788679498,P1,79.501,2520,9
1788679499,P1,80.06966666666666,2520,9
1788679500,P1,81.12833333333333,2520,9
1788679501,P1,81.08722222222222,2520,9
1788679502,P1,79.83855555555556,2520,9
1788679503,P1,79.5322,2520,10
1788679504,P1,79.662,2520,9
1788679505,P1,76.53866666666667,2015,9
1788679506,P1,67.659,1005,9
1788679507,P1,65.9088888888889,1005,9
1788679508,P1,68.388,1005,9
1788679509,P1,63.574000000000005,1005,9
1788679510,P1,61.67166666666667,1005,9
1788679511,P1,61.575,1005,9
1788679512,P1,61.575,1005,9
1788679513,P1,61.514,1005,10
1788679514,P1,61.453,1005,9
1788679515,P1,61.453,1005,9
1788679516,P1,71.43855555555555,1005,9
1788679517,P1,70.82955555555556,1005,9
1788679518,P1,62.844,1005,9
1788679519,P1,62.11533333333333,1005,9
1788679520,P1,61.77888888888889,1005,9
1788679521,P1,61.575,1005,9
1788679522,P1,61.52077777777778,1005,9
1788679523,P1,61.39877777777778,1005,9
1788679524,P1,61.331,1005,10
1788679525,P1,61.330444444444446,1005,9
1788679526,P1,62.077777777777776,1318.3333333333333,9
1788679527,P1,77.94677777777778,1710,9
1788679528,P1,90.47955555555555,1710,9
1788679529,P1,74.52977777777777,1710,9
1788679530,P1,63.733444444444444,1710,9
1788679531,P1,63.777,1710,9
1788679532,P1,63.788555555555554,1710,9
1788679533,P1,63.94888888888889,1710,9
1788679534,P1,64.494,1710,9
1788679535,P1,64.46722222222223,1710,9
1788679536,P1,64.0762,1710,10
1788679537,P1,63.531666666666666,1620,9
1788679538,P1,65.26911111111112,900,9
1788679539,P1,70.022,900,9
1788679540,P1,64.10333333333334,900,9
1788679541,P1,61.15133333333333,900,9
1788679542,P1,61.032000000000004,900,9
1788679543,P1,61.127,900,9
1788679544,P1,61.534666666666666,900,9
1788679545,P1,61.57533333333333,900,9
1788679546,P1,61.248666666666665,900,9
1788679547,P1,61.0372,900,10
1788679548,P1,60.964,900,9
1788679549,P1,60.964,900,9
1788679550,P1,60.964,900,9
1788679551,P1,60.964,1260,9
1788679552,P1,64.04633333333334,2520,9
1788679553,P1,73.497,2520,9
1788679554,P1,84.37277777777778,2520,9
1788679555,P1,87.22022222222222,2520,9
1788679556,P1,80.3109,2520,10
1788679557,P1,80.314,2520,9
1788679558,P1,80.558,2520,9
1788679559,P1,80.069,2520,9
1788679560,P1,79.74277777777777,2520,9
1788679561,P1,79.48511111111111,2520,9
1788679562,P1,79.458,2520,9
1788679563,P1,81.6576,2520,10
1788679564,P1,81.536,2520,9
1788679565,P1,80.313,2520,9
1788679566,P1,79.66233333333334,2520,9
1788679567,P1,79.47166666666666,2520,9
1788679568,P1,79.34955555555555,2520,9
1788679569,P1,79.5565,2520,10
1788679570,P1,80.314,2520,9
1788679571,P1,80.435,2520,9
1788679572,P1,79.78433333333334,2520,9
1788679573,P1,83.98611111111111,2520,9
1788679574,P1,97.08311111111111,2520,9
1788679575,P1,91.09266666666667,2520,9
1788679576,P1,84.75011111111111,2520,9
1788679577,P1,82.8548,2520,10
1788679578,P1,80.69355555555556,2520,9
1788679579,P1,80.36822222222222,2520,9
1788679580,P1,80.558,2520,9
1788679581,P1,80.50377777777778,2520,9
1788679582,P1,80.5311111111111,2520,9
1788679583,P1,81.3154,2520,10
1788679584,P1,81.223,2520,9
1788679585,P1,80.50377777777778,2520,9
1788679586,P1,99.73922222222222,2520,9
1788679587,P1,104.70488888888889,2520,9
1788679588,P1,88.06655555555555,2520,9
1788679589,P1,80.54655555555556,2520,9
1788679590,P1,79.947,2520,10
1788679591,P1,79.56744444444445,2520,9
1788679592,P1,79.664,2520,9
1788679593,P1,79.828,2520,9
1788679594,P1,80.57244444444444,2520,9
1788679595,P1,81.33111111111111,2520,9
1788679596,P1,80.88344444444445,2520,9
1788679597,P1,79.886,2520,10
1788679598,P1,79.56744444444445,2520,9
1788679599,P1,79.594,2520,9
1788679600,P1,79.702,2520,9
1788679601,P1,79.97355555555555,2520,9
1788679602,P1,80.36766666666666,2520,9
1788679603,P1,80.10977777777778,2520,9
1788679604,P1,79.763,2520,10
1788679605,P1,79.68844444444444,2520,9
1788679606,P1,79.51222222222222,2520,9
1788679607,P1,74.59244444444444,1678.3333333333333,9
1788679608,P1,65.97,1005,9
1788679609,P1,67.33222222222221,1005,9
1788679610,P1,66.12855555555555,1005,9
1788679611,P1,62.315,1005,9
1788679612,P1,61.467666666666666,1005,9
1788679613,P1,61.453,1005,10
1788679614,P1,61.45222222222222,1005,9
1788679615,P1,61.45277777777778,1005,9
1788679616,P1,61.453,1005,9
1788679617,P1,62.10566666666667,1005,9
1788679618,P1,72.88877777777778,1005,9
1788679619,P1,73.65344444444445,1005,9
1788679620,P1,65.43766666666667,1005,9
1788679621,P1,61.800444444444445,1005,9
1788679622,P1,62.20011111111111,1005,9
1788679623,P1,62.03733333333333,1005,9
1788679624,P1,61.68388888888889,1005,9
1788679625,P1,61.5018,1005,10
1788679626,P1,61.453,1005,9
1788679627,P1,61.453,1005,9
1788679628,P1,62.26833333333334,1396.6666666666667,9
1788679629,P1,87.46366666666667,1710,9
1788679630,P1,85.32766666666666,1710,9
1788679631,P1,69.92911111111111,1710,9
1788679632,P1,63.736222222222224,1710,9
1788679633,P1,64.07677777777778,1710,9
1788679634,P1,64.58244444444445,1710,9
1788679635,P1,64.45488888888889,1710,9
1788679636,P1,64.013,1710,10
1788679637,P1,63.89944444444444,1710,9
1788679638,P1,63.821222222222225,1710,9
1788679639,P1,63.10655555555555,1350,9
1788679640,P1,69.44966666666667,900,9
1788679641,P1,68.12511111111111,900,9
1788679642,P1,62.88977777777778,900,9
1788679643,P1,61.323,900,9
1788679644,P1,61.711111111111116,900,9
1788679645,P1,61.54833333333333,900,9
1788679646,P1,61.19488888888889,900,9
1788679647,P1,61.0128,900,10
1788679648,P1,61.04533333333333,900,9
1788679649,P1,61.086,900,9
1788679650,P1,61.01822222222222,900,9
1788679651,P1,60.964,900,9
1788679652,P1,60.964,900,9
1788679653,P1,60.964,900,9
1788679654,P1,66.77955555555556,1800,9
1788679655,P1,76.70644444444444,2520,9
1788679656,P1,82.18299999999999,2520,10
1788679657,P1,83.498,2520,9
1788679658,P1,82.17,2520,9
1788679659,P1,79.69533333333332,2520,9
1788679660,P1,79.37666666666667,2520,9
1788679661,P1,79.25466666666667,2520,9
1788679662,P1,79.82466666666667,2520,9
1788679663,P1,80.8996,2520,10
1788679664,P1,80.59833333333334,2520,9
1788679665,P1,79.58066666666667,2520,9
1788679666,P1,79.336,2520,9
1788679667,P1,79.336,2520,9
1788679668,P1,79.336,2520,9
1788679669,P1,80.0204,2520,10
1788679670,P1,81.12833333333333,2520,9
1788679671,P1,80.80199999999999,2520,9
1788679672,P1,79.743,2520,9
1788679673,P1,79.54033333333334,2520,9
1788679674,P1,79.54,2520,9
1788679675,P1,80.761,2520,9
1788679676,P1,85.2559,2520,10
1788679677,P1,87.31311111111111,2520,9
1788679678,P1,82.16499999999999,2520,9
1788679679,P1,79.42099999999999,2520,9
1788679680,P1,79.54,2520,9
1788679681,P1,79.98766666666667,2520,9
1788679682,P1,80.58577777777778,2520,9
1788679683,P1,80.2062,2520,10
1788679684,P1,79.663,2520,9
1788679685,P1,79.67511111111111,2520,9
1788679686,P1,79.6078888888889,2520,9
1788679687,P1,79.581,2520,9
1788679688,P1,81.655,2520,9
1788679689,P1,114.30844444444445,2520,9
1788679690,P1,95.4786,2520,10
1788679691,P1,79.592,2520,9
1788679692,P1,79.459,2520,9
1788679693,P1,79.459,2520,9
1788679694,P1,80.32744444444445,2520,9
1788679695,P1,80.54355555555556,2520,9
1788679696,P1,79.79788888888889,2520,9
1788679697,P1,79.4825,2520,10
1788679698,P1,79.336,2520,9
1788679699,P1,79.825,2520,9
1788679700,P1,79.71566666666666,2520,9
1788679701,P1,80.57044444444445,2520,9
1788679702,P1,81.00522222222223,2520,9
1788679703,P1,79.9471,2520,10
1788679704,P1,79.458,2520,9
1788679705,P1,79.336,2520,9
1788679706,P1,79.66222222222223,2520,9
1788679707,P1,81.87455555555556,2520,9
1788679708,P1,81.60377777777778,2520,9
1788679709,P1,80.44888888888889,2520,9
1788679710,P1,71.5506,1308,10
1788679711,P1,62.14355555555556,1005,9
1788679712,P1,70.07477777777778,1005,9
1788679713,P1,64.448,1005,9
1788679714,P1,61.475,1005,9
1788679715,P1,61.453,1005,9
1788679716,P1,61.453,1005,9
1788679717,P1,61.942,1005,9
1788679718,P1,62.187,1005,9
1788679719,P1,61.82,1005,9
1788679720,P1,61.575,1005,9
1788679721,P1,77.36666666666666,1005,9
1788679722,P1,70.1135,1005,10
1788679723,P1,62.461555555555556,1005,9
1788679724,P1,61.70044444444444,1005,9
1788679725,P1,61.698,1005,9
1788679726,P1,61.69722222222222,1005,9
1788679727,P1,61.69777777777778,1005,9
1788679728,P1,61.69722222222222,1005,9
1788679729,P1,61.69777777777778,1005,9
1788679730,P1,61.698,1005,9
1788679731,P1,65.089,1553.3333333333333,9
1788679732,P1,94.68155555555556,1710,9
1788679733,P1,76.49122222222222,1710,9
1788679734,P1,66.42866666666666,1710,9
1788679735,P1,64.4468,1710,10
1788679736,P1,64.26366666666667,1710,9
1788679737,P1,64.248,1710,9
1788679738,P1,64.15311111111112,1710,9
1788679739,P1,64.12522222222222,1710,9
1788679740,P1,64.03011111111111,1710,9
1788679741,P1,64.003,1710,9
1788679742,P1,63.446888888888886,1080,9
1788679743,P1,71.44677777777778,900,9
1788679744,P1,64.621,900,9
1788679745,P1,61.253,900,9
1788679746,P1,61.10455555555556,900,9
1788679747,P1,60.9762,900,10
1788679748,P1,60.964,900,9
1788679749,P1,60.964,900,9
1788679750,P1,60.963,900,9
1788679751,P1,60.964,900,9
1788679752,P1,60.964,900,9
1788679753,P1,61.943,900,9
1788679754,P1,61.82,900,9
1788679755,P1,61.453,900,9
1788679756,P1,61.236111111111114,900,9
1788679757,P1,69.4233,2358,10
1788679758,P1,79.461,2520,9
1788679759,P1,82.54766666666667,2520,9
1788679760,P1,83.88855555555556,2520,9
1788679761,P1,80.48344444444444,2520,9
1788679762,P1,79.47855555555556,2520,9
1788679763,P1,80.59922222222222,2520,9
1788679764,P1,81.3541,2520,10
1788679765,P1,80.39699999999999,2520,9
1788679766,P1,79.595,2520,9
1788679767,P1,79.64877777777778,2520,9
1788679768,P1,79.59366666666666,2520,9
1788679769,P1,79.36311111111111,2520,9
1788679770,P1,80.47622222222223,2520,9
1788679771,P1,81.0948,2520,10
1788679772,P1,80.19111111111111,2520,9
1788679773,P1,79.63433333333333,2520,9
1788679774,P1,79.47155555555555,2520,9
1788679775,P1,79.458,2520,9
1788679776,P1,79.26744444444444,2520,9
1788679777,P1,80.093,2520,10
1788679778,P1,85.91477777777779,2520,9
1788679779,P1,99.83433333333333,2520,9
1788679780,P1,90.53633333333333,2520,9
1788679781,P1,79.48144444444443,2520,9
1788679782,P1,80.63855555555556,2520,9
1788679783,P1,81.15522222222222,2520,9
1788679784,P1,79.9714,2520,10
1788679785,P1,79.55366666666667,2520,9
1788679786,P1,79.44444444444444,2520,9
1788679787,P1,79.70255555555555,2520,9
1788679788,P1,82.54011111111112,2520,9
1788679789,P1,81.64511111111112,2520,9
1788679790,P1,80.47655555555556,2520,9
1788679791,P1,96.32900000000001,2520,10
1788679792,P1,107.78888888888889,2520,9
1788679793,P1,90.05011111111112,2520,9
1788679794,P1,82.33633333333334,2520,9
1788679795,P1,80.95177777777778,2520,9
1788679796,P1,79.85211111111111,2520,9
1788679797,P1,79.581,2520,9
1788679798,P1,79.5318,2520,10
1788679799,P1,79.40377777777778,2520,9
1788679800,P1,79.71644444444443,2520,9
1788679801,P1,80.30044444444444,2520,9
1788679802,P1,80.21866666666668,2520,9
1788679803,P1,79.7838888888889,2520,9
1788679804,P1,79.58,2520,10
1788679805,P1,79.68888888888888,2520,9
1788679806,P1,80.42233333333333,2520,9
1788679807,P1,81.33166666666666,2520,9
1788679808,P1,80.88344444444445,2520,9
1788679809,P1,79.96055555555556,2520,9
1788679810,P1,79.77033333333334,2520,9
1788679811,P1,79.6536,2520,10
1788679812,P1,75.63388888888889,2015,9
1788679813,P1,66.64444444444445,1005,9
1788679814,P1,66.1571111111111,1005,9
1788679815,P1,66.58866666666667,1005,9
1788679816,P1,63.07888888888888,1005,9
1788679817,P1,61.73711111111111,1005,9
1788679818,P1,61.629666666666665,1005,9
1788679819,P1,61.507222222222225,1005,9
1788679820,P1,61.453,1005,9
1788679821,P1,61.453,1005,9
1788679822,P1,61.453,1005,9
1788679823,P1,69.8887,1005,10
1788679824,P1,73.79577777777777,1005,9
1788679825,P1,66.02888888888889,1005,9
1788679826,P1,61.46522222222222,1005,9
1788679827,P1,61.99655555555556,1005,9
1788679828,P1,62.56711111111111,1005,9
1788679829,P1,62.21366666666667,1005,9
1788679830,P1,61.77888888888889,1005,9
1788679831,P1,61.534333333333336,1005,9
1788679832,P1,61.453,1005,9
1788679833,P1,61.85433333333334,1240,9
1788679834,P1,78.35877777777777,1710,9
1788679835,P1,86.1977,1710,10
1788679836,P1,70.47211111111112,1710,9
1788679837,P1,63.69166666666666,1710,9
1788679838,P1,63.818111111111115,1710,9
1788679839,P1,64.394,1710,9
1788679840,P1,64.851,1710,9
1788679841,P1,64.52277777777778,1710,9
1788679842,P1,64.009,1710,9
1788679843,P1,63.777,1710,9
1788679844,P1,63.32866666666667,1440,9
1788679845,P1,67.1748,900,10
1788679846,P1,65.19888888888889,900,9
1788679847,P1,61.72966666666667,900,9
1788679848,P1,60.971333333333334,900,9
1788679849,P1,61.29,900,9
1788679850,P1,61.69766666666667,900,9
1788679851,P1,61.61611111111111,900,9
1788679852,P1,61.31744444444445,900,9
1788679853,P1,61.14066666666667,900,9
1788679854,P1,61.01766666666666,900,9
1788679855,P1,61.031333333333336,900,9
1788679856,P1,61.086,900,9
1788679857,P1,61.01822222222222,900,9
1788679858,P1,60.964,900,10
1788679859,P1,63.3,900,9
1788679860,P1,65.41733333333333,900,9
1788679861,P1,63.38999999999999,900,9
1788679862,P1,61.245444444444445,900,9
1788679863,P1,61.56144444444445,900,9
1788679864,P1,61.534333333333336,900,9
1788679865,P1,61.19488888888889,900,9
1788679866,P1,61.01822222222222,900,9
1788679867,P1,60.964,900,9
1788679868,P1,60.964,900,9
1788679869,P1,60.964,900,10
1788679870,P1,60.95066666666667,900,9
1788679871,P1,60.944,900,9
1788679872,P1,60.95511111111111,900,9
1788679873,P1,61.23566666666667,900,9
1788679874,P1,61.589111111111116,900,9
1788679875,P1,61.425777777777775,900,9
1788679876,P1,61.07244444444444,900,9
1788679877,P1,60.964,900,9
1788679878,P1,60.964,900,9
1788679879,P1,60.9634,900,10
1788679880,P1,67.047,1800,9
1788679881,P1,75.15844444444444,2520,9
1788679882,P1,80.33455555555555,2520,9
1788679883,P1,85.49688888888889,2520,9
1788679884,P1,86.545,2520,9
1788679885,P1,79.547,2520,9
1788679886,P1,79.52000000000001,2520,10
1788679887,P1,80.12333333333333,2520,9
1788679888,P1,80.47644444444445,2520,9
1788679889,P1,79.76977777777778,2520,9
1788679890,P1,79.34966666666666,2520,9
1788679891,P1,79.459,2520,9
1788679892,P1,79.338,2520,9
1788679893,P1,79.339,2520,9
1788679894,P1,80.7044,2520,10
1788679895,P1,91.67677777777779,2520,9
1788679896,P1,110.86777777777777,2520,9
1788679897,P1,92.065,2520,9
1788679898,P1,79.69988888888889,2520,9
1788679899,P1,79.43088888888889,2520,9
1788679900,P1,79.58022222222222,2520,9
1788679901,P1,80.4719,2520,10
1788679902,P1,80.27300000000001,2520,9
1788679903,P1,79.62133333333334,2520,9
1788679904,P1,79.458,2520,9
1788679905,P1,79.53999999999999,2520,9
1788679906,P1,79.77277777777778,2520,9
1788679907,P1,79.691,2520,9
1788679908,P1,80.1422,2520,10
1788679909,P1,80.069,2520,9
1788679910,P1,79.60855555555555,2520,9
1788679911,P1,79.67788888888889,2520,9
1788679912,P1,79.55522222222223,2520,9
1788679913,P1,79.83822222222221,2520,9
1788679914,P1,81.27879999999999,2520,10
1788679915,P1,81.12766666666667,2520,9
1788679916,P1,77.14933333333333,2183.3333333333335,9
1788679917,P1,68.74000000000001,1005,9
1788679918,P1,65.82722222222222,1005,9
1788679919,P1,69.149,1005,9
1788679920,P1,63.86366666666667,1005,9
1788679921,P1,61.48233333333334,1005,9
1788679922,P1,61.412333333333336,1005,9
1788679923,P1,61.331,1005,9
1788679924,P1,61.534666666666666,1005,9
1788679925,P1,61.983,1005,9
1788679926,P1,61.9182,1005,10
1788679927,P1,70.65988888888889,1005,9
1788679928,P1,75.23133333333334,1005,9
1788679929,P1,66.76833333333333,1005,9
1788679930,P1,61.48722222222222,1005,9
1788679931,P1,61.42588888888889,1005,9
1788679932,P1,61.331,1005,9
1788679933,P1,61.358111111111114,1005,9
1788679934,P1,61.42588888888889,1005,9
1788679935,P1,61.331,1005,9
1788679936,P1,61.35366666666667,1005,9
1788679937,P1,61.86788888888889,1161.6666666666667,9
1788679938,P1,72.70577777777778,1710,9
1788679939,P1,88.255,1710,10
1788679940,P1,73.031,1710,9
1788679941,P1,63.91766666666667,1710,9
1788679942,P1,63.73188888888889,1710,9
1788679943,P1,63.66388888888889,1710,9
1788679944,P1,63.754222222222225,1710,9
1788679945,P1,63.71388888888889,1710,9
1788679946,P1,63.623,1710,9
1788679947,P1,63.637,1710,9
1788679948,P1,63.446777777777775,1530,9
1788679949,P1,66.291,900,10
1788679950,P1,68.78411111111112,900,9
1788679951,P1,63.418000000000006,900,9
1788679952,P1,61.034,900,9
1788679953,P1,61.086,900,9
1788679954,P1,61.04533333333333,900,9
1788679955,P1,60.964,900,9
1788679956,P1,60.964,900,9
1788679957,P1,60.96366666666667,900,9
1788679958,P1,61.08533333333333,900,9
1788679959,P1,61.428,900,10
1788679960,P1,61.452666666666666,900,9
1788679961,P1,61.126666666666665,900,9
1788679962,P1,61.004666666666665,900,9
1788679963,P1,62.120555555555555,900,9
1788679964,P1,64.96588888888888,900,9
1788679965,P1,65.28577777777778,900,9
1788679966,P1,60.998000000000005,900,9
1788679967,P1,60.963,900,9
1788679968,P1,60.96333333333333,900,9
1788679969,P1,60.964,900,9
1788679970,P1,60.964,900,9
1788679971,P1,61.1107,900,10
1788679972,P1,61.494,900,9
1788679973,P1,61.41266666666667,900,9
1788679974,P1,61.04533333333333,900,9
1788679975,P1,60.964,900,9
1788679976,P1,60.964,900,9
1788679977,P1,60.964,900,9
1788679978,P1,60.964,900,9
1788679979,P1,60.964,900,9
1788679980,P1,60.964,900,9
1788679981,P1,60.964,900,9
1788679982,P1,61.0741,900,10
1788679983,P1,61.37166666666667,900,9
1788679984,P1,64.41333333333334,1260,9
1788679985,P1,73.37533333333333,2520,9
1788679986,P1,79.41733333333333,2520,9
1788679987,P1,89.37688888888889,2520,9
1788679988,P1,93.87055555555555,2520,9
1788679989,P1,82.1804,2520,10
1788679990,P1,79.23122222222221,2520,9
1788679991,P1,79.30888888888889,2520,9
1788679992,P1,79.24111111111111,2520,9
1788679993,P1,80.06955555555555,2520,9
1788679994,P1,80.88411111111111,2520,9
1788679995,P1,80.09577777777777,2520,9
1788679996,P1,79.4336,2520,10
1788679997,P1,79.66133333333333,2520,9
1788679998,P1,79.51222222222222,2520,9
1788679999,P1,81.87488888888889,2520,9
1788680000,P1,108.8048888888889,2520,9
1788680001,P1,93.125,2520,9
1788680002,P1,79.814,2520,9
1788680003,P1,79.4936,2520,10
1788680004,P1,79.336,2520,9
1788680005,P1,79.336,2520,9
1788680006,P1,79.825,2520,9
1788680007,P1,80.68,2520,9
1788680008,P1,80.313,2520,9
1788680009,P1,79.703,2520,9
1788680010,P1,79.81280000000001,2520,10
1788680011,P1,79.58,2520,9
1788680012,P1,79.336,2520,9
1788680013,P1,79.336,2520,9
1788680014,P1,80.313,2520,9
1788680015,P1,80.924,2520,9
1788680016,P1,80.05555555555556,2520,9
1788680017,P1,79.61760000000001,2520,10
1788680018,P1,79.458,2520,9
1788680019,P1,79.336,2520,9
1788680020,P1,80.925,2520,9
1788680021,P1,72.166,1005,9
1788680022,P1,61.82,1005,9
1788680023,P1,61.575,1005,9
1788680024,P1,70.04422222222222,1005,9
1788680025,P1,64.433,1005,9
1788680026,P1,61.697,1005,9
1788680027,P1,61.5628,1005,10
1788680028,P1,61.453,1005,9
1788680029,P1,61.453,1005,9
1788680030,P1,61.453,1005,9
1788680031,P1,61.507333333333335,1005,9
1788680032,P1,63.382,1005,9
1788680033,P1,80.01177777777778,1005,9
1788680034,P1,71.473,1005,9
1788680035,P1,61.764,1005,9
1788680036,P1,61.596000000000004,1005,9
1788680037,P1,61.46655555555556,1005,9
1788680038,P1,61.343666666666664,1005,9
1788680039,P1,61.33,1005,10
1788680040,P1,61.453,1005,9
1788680041,P1,61.331,1005,9
1788680042,P1,61.331,1005,9
1788680043,P1,65.19655555555555,1710,9
1788680044,P1,100.31933333333333,1710,9
1788680045,P1,76.29677777777778,1710,9
1788680046,P1,64.94488888888888,1710,9
1788680047,P1,63.64388888888889,1710,9
1788680048,P1,64.27255555555556,1710,9
1788680049,P1,64.80266666666667,1710,9
1788680050,P1,64.31588888888889,1710,9
1788680051,P1,63.9015,1710,10
1788680052,P1,63.758,1710,9
1788680053,P1,63.637,1710,9
1788680054,P1,63.324444444444445,990,9
1788680055,P1,68.1348888888889,900,9
1788680056,P1,63.951,900,9
1788680057,P1,61.056555555555555,900,9
1788680058,P1,61.49377777777778,900,9
1788680059,P1,61.779222222222224,900,9
1788680060,P1,61.42588888888889,900,9
1788680061,P1,61.19533333333334,900,9
1788680062,P1,61.07244444444444,900,9
1788680063,P1,60.9638,900,10
1788680064,P1,60.96322222222222,900,9
1788680065,P1,60.964,900,9
1788680066,P1,60.964,900,9
1788680067,P1,61.07277777777777,900,9
1788680068,P1,61.91577777777778,900,9
1788680069,P1,65.28155555555556,900,9
1788680070,P1,67.151,900,9
1788680071,P1,61.231,900,9
1788680072,P1,61.943,900,9
1788680073,P1,61.82,900,9
1788680074,P1,61.453,900,9
1788680075,P1,61.209,900,9
1788680076,P1,61.086,900,9
1788680077,P1,60.963899999999995,900,10
1788680078,P1,60.963,900,9
1788680079,P1,61.086,900,9
1788680080,P1,61.086,900,9
1788680081,P1,60.964,900,9
1788680082,P1,60.964,900,9
1788680083,P1,60.963,900,9
1788680084,P1,61.33,900,9
1788680085,P1,61.453,900,9
1788680086,P1,61.209,900,9
1788680087,P1,61.209,900,9
1788680088,P1,61.086,900,10
1788680089,P1,60.963,900,9
1788680090,P1,70.089,2340,9
1788680091,P1,79.214,2520,9
1788680092,P1,81.01455555555556,2520,9
1788680093,P1,86.00766666666667,2520,9
1788680094,P1,84.86366666666667,2520,9
1788680095,P1,79.1118,2520,10
1788680096,P1,79.20044444444444,2520,9
1788680097,P1,79.87911111111111,2520,9
1788680098,P1,80.66644444444445,2520,9
1788680099,P1,80.51700000000001,2520,9
1788680100,P1,79.82466666666667,2520,9
1788680101,P1,79.49866666666667,2520,9
1788680102,P1,79.3268,2520,10
1788680103,P1,79.25877777777778,2520,9
1788680104,P1,79.85277777777779,2520,9
1788680105,P1,102.50544444444445,2520,9
1788680106,P1,103.48055555555555,2520,9
1788680107,P1,86.42777777777778,2520,9
1788680108,P1,79.44,2520,9
1788680109,P1,79.336,2520,9
1788680110,P1,79.336,2520,10
1788680111,P1,79.98733333333334,2520,9
1788680112,P1,80.65244444444446,2520,9
1788680113,P1,80.31455555555556,2520,9
1788680114,P1,79.62477777777778,2520,9
1788680115,P1,79.46188888888888,2520,9
1788680116,P1,79.38719999999999,2520,10
1788680117,P1,81.536,2520,9
1788680118,P1,82.30966666666667,2520,9
1788680119,P1,81.53533333333334,2520,9
1788680120,P1,80.43544444444444,2520,9
1788680121,P1,79.67588888888889,2520,9
1788680122,P1,79.52677777777778,2520,9
1788680123,P1,79.51266666666666,2520,9
1788680124,P1,79.3848,2520,10
1788680125,P1,79.94711111111111,2520,9
1788680126,P1,75.50211111111112,1678.3333333333333,9
1788680127,P1,66.01055555555556,1005,9
1788680128,P1,67.77677777777778,1005,9
1788680129,P1,64.49033333333334,1005,9
1788680130,P1,61.779222222222224,1005,9
1788680131,P1,61.45755555555556,1005,9
1788680132,P1,61.453,1005,9
1788680133,P1,62.02388888888889,1005,9
1788680134,P1,62.187,1005,10
1788680135,P1,61.96922222222222,1005,9
1788680136,P1,61.61577777777778,1005,9
1788680137,P1,74.789,1005,9
1788680138,P1,72.60544444444444,1005,9
1788680139,P1,63.333222222222226,1005,9
1788680140,P1,61.318555555555555,1005,9
1788680141,P1,61.42588888888889,1005,9
1788680142,P1,61.35733333333333,1005,9
1788680143,P1,61.330666666666666,1005,9
1788680144,P1,61.5018,1005,10
1788680145,P1,61.955333333333336,1005,9
1788680146,P1,62.159666666666666,1005,9
1788680147,P1,62.757888888888886,1475,9
1788680148,P1,83.55355555555556,1710,9
1788680149,P1,84.51844444444444,1710,9
1788680150,P1,71.70211111111111,1710,9
1788680151,P1,64.048,1710,9
1788680152,P1,63.76255555555556,1710,9
1788680153,P1,63.69122222222222,1710,9
1788680154,P1,63.75,1710,10
1788680155,P1,63.68677777777778,1710,9
1788680156,P1,63.627,1710,9
1788680157,P1,63.645,1710,9
1788680158,P1,63.32877777777778,1440,9
1788680159,P1,68.14766666666667,900,9
1788680160,P1,67.03222222222222,900,9
1788680161,P1,63.23911111111111,900,9
1788680162,P1,61.842888888888886,900,9
1788680163,P1,61.425777777777775,900,9
1788680164,P1,61.14022222222222,900,9
1788680165,P1,61.086,900,9
1788680166,P1,61.031777777777776,900,9
1788680167,P1,60.963499999999996,900,10
1788680168,P1,60.963,900,9
1788680169,P1,60.96355555555556,900,9
1788680170,P1,61.031777777777776,900,9
1788680171,P1,61.28988888888889,900,9
1788680172,P1,61.453,900,9
1788680173,P1,62.746,900,9
1788680174,P1,64.76066666666667,900,9
1788680175,P1,63.80433333333333,900,9
1788680176,P1,61.238,900,9
1788680177,P1,61.208333333333336,900,9
1788680178,P1,61.209,900,9
1788680179,P1,61.18166666666667,900,9
1788680180,P1,61.049099999999996,900,10
1788680181,P1,60.96333333333333,900,9
1788680182,P1,60.964,900,9
1788680183,P1,60.964,900,9
1788680184,P1,60.964,900,9
1788680185,P1,60.964,900,9
1788680186,P1,61.086,900,9
1788680187,P1,61.371,900,9
1788680188,P1,61.39877777777778,900,9
1788680189,P1,61.209,900,9
1788680190,P1,61.1721,900,10
1788680191,P1,61.04533333333333,900,9
1788680192,P1,60.964,900,9
1788680193,P1,60.964,900,9
1788680194,P1,60.964,900,9
1788680195,P1,67.86877777777778,900,9
1788680196,P1,69.6661111111111,900,9
1788680197,P1,64.54277777777777,900,9
1788680198,P1,61.228,900,9
1788680199,P1,61.14022222222222,900,9
1788680200,P1,61.01822222222222,900,9
1788680201,P1,60.964,900,9
1788680202,P1,60.964,900,10
1788680203,P1,60.964,900,9
1788680204,P1,60.86833333333333,900,9
1788680205,P1,60.841,900,9
1788680206,P1,61.249,900,9
1788680207,P1,61.535000000000004,900,9
1788680208,P1,61.318,900,9
1788680209,P1,67.435,1800,9
1788680210,P1,76.49266666666666,2520,9
1788680211,P1,89.88922222222222,2520,9
1788680212,P1,103.69149999999999,2520,10
1788680213,P1,88.29899999999999,2520,9
1788680214,P1,79.317,2520,9
1788680215,P1,79.24033333333333,2520,9
1788680216,P1,79.30888888888889,2520,9
1788680217,P1,79.43111111111111,2520,9
1788680218,P1,80.4109,2520,10
1788680219,P1,80.55733333333333,2520,9
1788680220,P1,79.66133333333333,2520,9
1788680221,P1,79.336,2520,9
1788680222,P1,79.30888888888889,2520,9
1788680223,P1,79.56688888888888,2520,9
1788680224,P1,80.9118,2520,10
1788680225,P1,80.71166666666667,2520,9
1788680226,P1,79.799,2520,9
1788680227,P1,79.726,2520,9
1788680228,P1,79.52577777777778,2520,9
1788680229,P1,79.336,2520,9
1788680230,P1,79.55311111111111,2520,9
1788680231,P1,80.4597,2520,10
1788680232,P1,77.516,2183.3333333333335,9
1788680233,P1,67.86166666666666,1005,9
1788680234,P1,66.74677777777778,1005,9
1788680235,P1,70.77466666666666,1005,9
1788680236,P1,64.60966666666667,1005,9
1788680237,P1,61.53766666666667,1005,9
1788680238,P1,61.616,1005,9
1788680239,P1,61.73866666666667,1005,9
1788680240,P1,61.94233333333333,1005,9
1788680241,P1,62.309,1005,9
1788680242,P1,62.51233333333333,1005,9
1788680243,P1,68.58166666666666,1005,9
1788680244,P1,75.4409,1005,10
1788680245,P1,66.64,1005,9
1788680246,P1,61.74166666666667,1005,9
1788680247,P1,61.697,1005,9
1788680248,P1,61.697,1005,9
1788680249,P1,61.69722222222222,1005,9
1788680250,P1,61.67066666666667,1005,9
1788680251,P1,61.575,1005,9
1788680252,P1,61.602333333333334,1005,9
1788680253,P1,62.12866666666667,1161.6666666666667,9
1788680254,P1,72.5141111111111,1710,9
1788680255,P1,92.7974,1710,10
1788680256,P1,73.85933333333334,1710,9
1788680257,P1,65.22677777777777,1710,9
1788680258,P1,64.90599999999999,1710,9
1788680259,P1,64.474,1710,9
1788680260,P1,64.474,1710,9
1788680261,P1,64.46044444444445,1710,9
1788680262,P1,64.352,1710,9
1788680263,P1,64.3518888888889,1710,9
1788680264,P1,64.19,1620,9
1788680265,P1,64.41433333333333,900,9
1788680266,P1,71.97933333333333,900,9
1788680267,P1,66.55255555555556,900,9
1788680268,P1,63.15811111111111,900,9
1788680269,P1,63.141,900,10
1788680270,P1,62.51266666666667,900,9
1788680271,P1,61.86066666666667,900,9
1788680272,P1,61.657000000000004,900,9
1788680273,P1,61.568333333333335,900,9
1788680274,P1,61.555,900,9
1788680275,P1,61.521,900,9
1788680276,P1,61.49366666666667,900,9
1788680277,P1,61.575,900,9
1788680278,P1,61.54788888888889,900,9
1788680279,P1,63.24111111111111,900,9
1788680280,P1,68.09400000000001,900,9
1788680281,P1,63.338300000000004,900,10
1788680282,P1,61.90533333333333,900,9
1788680283,P1,61.61633333333334,900,9
1788680284,P1,61.412333333333336,900,9
1788680285,P1,61.290333333333336,900,9
1788680286,P1,61.209,900,9
1788680287,P1,61.24933333333333,900,9
1788680288,P1,61.33022222222222,900,9
1788680289,P1,61.30388888888889,900,9
1788680290,P1,61.209,900,9
1788680291,P1,61.3554,900,10
1788680292,P1,61.778666666666666,900,9
1788680293,P1,61.779,900,9
1788680294,P1,61.37166666666667,900,9
1788680295,P1,61.209,900,9
1788680296,P1,61.209,900,9
1788680297,P1,61.209,900,9
1788680298,P1,61.209,900,9
1788680299,P1,61.209,900,9
1788680300,P1,61.20877777777778,900,9
1788680301,P1,71.1722,900,10
1788680302,P1,69.77433333333333,900,9
1788680303,P1,62.981,900,9
1788680304,P1,61.21388888888889,900,9
1788680305,P1,61.11333333333333,900,9
1788680306,P1,61.086,900,9
1788680307,P1,61.18166666666667,900,9
1788680308,P1,61.49444444444445,900,9
1788680309,P1,61.67088888888889,900,9
1788680310,P1,61.41177777777778,900,9
1788680311,P1,61.235888888888894,900,9
1788680312,P1,61.209,900,10
1788680313,P1,61.209,900,9
1788680314,P1,61.209,900,9
1788680315,P1,68.68577777777779,2160,9
1788680316,P1,77.53966666666668,2520,9
1788680317,P1,91.44722222222222,2520,9
1788680318,P1,108.577,2520,9
1788680319,P1,89.8663,2520,10
1788680320,P1,79.77633333333334,2520,9
1788680321,P1,80.76066666666667,2520,9
1788680322,P1,80.51700000000001,2520,9
1788680323,P1,79.64855555555556,2520,9
1788680324,P1,79.40377777777778,2520,9
1788680325,P1,79.24111111111111,2520,9
1788680326,P1,79.336,2520,10
1788680327,P1,79.621,2520,9
1788680328,P1,80.354,2520,9
1788680329,P1,80.4628888888889,2520,9
1788680330,P1,79.62144444444445,2520,9
1788680331,P1,79.41755555555555,2520,9
1788680332,P1,79.67566666666667,2520,9
1788680333,P1,79.6901,2520,10
1788680334,P1,80.15066666666667,2520,9
1788680335,P1,80.39500000000001,2520,9
1788680336,P1,79.98766666666667,2520,9
1788680337,P1,79.64855555555556,2520,9
1788680338,P1,77.43022222222223,2183.3333333333335,9
1788680339,P1,68.35966666666667,1005,9
1788680340,P1,65.58777777777777,1005,9
1788680341,P1,70.185,1005,9
1788680342,P1,64.366,1005,10
1788680343,P1,62.28588888888889,1005,9
1788680344,P1,62.07855555555555,1005,9
1788680345,P1,61.861333333333334,1005,9
1788680346,P1,61.61633333333334,1005,9
1788680347,P1,61.453,1005,9
1788680348,P1,61.453,1005,9
1788680349,P1,67.89311111111111,1005,9
1788680350,P1,75.27355555555556,1005,9
1788680351,P1,67.25544444444444,1005,9
1788680352,P1,61.470111111111116,1005,9
1788680353,P1,61.42566666666667,1005,9
1788680354,P1,61.3303,1005,10
1788680355,P1,61.331,1005,9
1788680356,P1,61.494,1005,9
1788680357,P1,61.901555555555554,1005,9
1788680358,P1,62.07833333333333,1005,9
1788680359,P1,61.88422222222222,1240,9
1788680360,P1,72.973,1710,9
1788680361,P1,90.973,1710,9
1788680362,P1,74.58166666666668,1710,9
1788680363,P1,63.842999999999996,1710,9
1788680364,P1,63.724333333333334,1710,9
1788680365,P1,63.696200000000005,1710,10
1788680366,P1,63.752,1710,9
1788680367,P1,63.944,1710,9
1788680368,P1,64.48033333333333,1710,9
1788680369,P1,64.53333333333333,1710,9
1788680370,P1,63.595666666666666,1530,9
1788680371,P1,67.04244444444444,900,9
1788680372,P1,68.15755555555556,900,9
1788680373,P1,62.15133333333333,900,9
1788680374,P1,60.988,900,9
1788680375,P1,60.96344444444444,900,9
1788680376,P1,60.964,900,9
1788680377,P1,60.964,900,10
1788680378,P1,61.12711111111111,900,9
1788680379,P1,61.43944444444445,900,9
1788680380,P1,61.41188888888889,900,9
1788680381,P1,61.099555555555554,900,9
1788680382,P1,60.96355555555556,900,9
1788680383,P1,60.963,900,9
1788680384,P1,60.96344444444444,900,9
1788680385,P1,60.964,900,9
1788680386,P1,65.99366666666667,900,9
1788680387,P1,65.194,900,9
1788680388,P1,60.986,900,9
1788680389,P1,60.963,900,9
1788680390,P1,60.964,900,9
1788680391,P1,60.964,900,9
1788680392,P1,61.453,900,9
1788680393,P1,61.576,900,9
1788680394,P1,61.086,900,9
1788680395,P1,61.086,900,10
1788680396,P1,61.086,900,9
1788680397,P1,60.963,900,9
1788680398,P1,60.963,900,9
1788680399,P1,60.964,900,9
1788680400,P1,60.964,900,9
1788680401,P1,60.963,900,9
1788680402,P1,61.416,900,9
1788680403,P1,61.905,900,9
1788680404,P1,61.575,900,9
1788680405,P1,61.086,900,9
1788680406,P1,60.964,900,10
1788680407,P1,66.85955555555556,900,9
1788680408,P1,69.227,900,9
1788680409,P1,63.51433333333333,900,9
1788680410,P1,60.983555555555554,900,9
1788680411,P1,60.964,900,9
1788680412,P1,60.96344444444444,900,9
1788680413,P1,60.96355555555556,900,9
1788680414,P1,60.964,900,9
1788680415,P1,60.96344444444444,900,9
1788680416,P1,61.551,900,10
1788680417,P1,61.779666666666664,900,9
1788680418,P1,61.452666666666666,900,9
1788680419,P1,61.234,900,9
1788680420,P1,61.104,900,9
1788680421,P1,66.28077777777777,1800,9
1788680422,P1,75.45666666666666,2520,9
1788680423,P1,81.80388888888889,2520,9
1788680424,P1,113.59344444444444,2520,9
1788680425,P1,95.209,2520,10
1788680426,P1,79.369,2520,9
1788680427,P1,79.214,2520,9
1788680428,P1,79.336,2520,9
1788680429,P1,79.58,2520,9
1788680430,P1,80.314,2520,9
1788680431,P1,80.5336,2520,10
1788680432,P1,79.702,2520,9
1788680433,P1,79.214,2520,9
1788680434,P1,79.58,2520,9
1788680435,P1,79.435,2520,9
1788680436,P1,79.191,2520,9
1788680437,P1,82.635,2520,9
1788680438,P1,81.5361,2520,10
1788680439,P1,79.947,2520,9
1788680440,P1,79.458,2520,9
1788680441,P1,79.214,2520,9
1788680442,P1,79.58,2520,9
1788680443,P1,79.58,2520,9
1788680444,P1,80.01466666666667,2520,9
1788680445,P1,72.1868,1005,10
1788680446,P1,63.288555555555554,1005,9
1788680447,P1,70.20455555555556,1005,9
1788680448,P1,63.908111111111104,1005,9
1788680449,P1,61.48722222222222,1005,9
1788680450,P1,61.47566666666667,1005,9
1788680451,P1,61.555,1005,9
1788680452,P1,61.559444444444445,1005,9
1788680453,P1,61.602333333333334,1005,9
1788680454,P1,61.698,1005,9
1788680455,P1,63.38422222222222,1005,9
1788680456,P1,77.96633333333334,1005,9
1788680457,P1,70.641,1005,9
1788680458,P1,62.832,1005,9
1788680459,P1,62.432,1005,9
1788680460,P1,61.8078,1005,10
1788680461,P1,61.698,1005,9
1788680462,P1,61.698,1005,9
1788680463,P1,61.684333333333335,1005,9
1788680464,P1,61.575,1005,9
1788680465,P1,61.575,1005,9
1788680466,P1,66.06288888888889,1710,9
1788680467,P1,100.31511111111111,1710,9
1788680468,P1,74.954,1710,9
1788680469,P1,64.152,1710,9
1788680470,P1,64.126,1710,9
1788680471,P1,64.03266666666667,1710,9
1788680472,P1,63.89655555555556,1710,9
1788680473,P1,64.625,1710,9
1788680474,P1,65.0492,1710,10
1788680475,P1,64.474,1710,9
1788680476,P1,64.107,1710,9
1788680477,P1,63.03733333333333,900,9
1788680478,P1,69.049,900,9
1788680479,P1,67.02177777777779,900,9
1788680480,P1,61.43844444444444,900,9
1788680481,P1,61.31655555555555,900,9
1788680482,P1,61.263333333333335,900,9
1788680483,P1,61.75233333333333,900,9
1788680484,P1,62.15977777777778,900,9
1788680485,P1,61.90122222222222,900,9
1788680486,P1,61.526,900,10
1788680487,P1,61.30311111111111,900,9
1788680488,P1,61.209,900,9
1788680489,P1,61.209,900,9
1788680490,P1,61.22244444444445,900,9
1788680491,P1,61.33011111111111,900,9
1788680492,P1,64.7,900,9
1788680493,P1,66.594,900,9
1788680494,P1,61.253,900,9
1788680495,P1,61.209,900,9
1788680496,P1,61.697,900,9
1788680497,P1,61.9053,900,10
1788680498,P1,61.54566666666667,900,9
1788680499,P1,61.297444444444444,900,9
1788680500,P1,61.19122222222222,900,9
1788680501,P1,61.209,900,9
1788680502,P1,61.208,900,9
1788680503,P1,61.209,900,9
1788680504,P1,61.209,900,9
1788680505,P1,61.209,900,9
1788680506,P1,61.209,900,9
1788680507,P1,61.721500000000006,900,10
1788680508,P1,61.90122222222222,900,9
1788680509,P1,61.54777777777778,900,9
1788680510,P1,61.33,900,9
1788680511,P1,61.209,900,9
1788680512,P1,61.209,900,9
1788680513,P1,67.04011111111112,900,9
1788680514,P1,71.06433333333332,900,9
1788680515,P1,65.353,900,9
1788680516,P1,61.385222222222225,900,9
1788680517,P1,61.263222222222225,900,9
1788680518,P1,61.209,900,9
1788680519,P1,61.2084,900,10
1788680520,P1,61.208666666666666,900,9
1788680521,P1,61.209,900,9
1788680522,P1,61.861,900,9
1788680523,P1,62.105666666666664,900,9
1788680524,P1,61.81966666666667,900,9
1788680525,P1,61.49366666666667,900,9
1788680526,P1,61.263222222222225,900,9
1788680527,P1,66.41344444444445,1800,9
1788680528,P1,75.83239999999999,2520,10
1788680529,P1,82.93822222222222,2520,9
1788680530,P1,110.5021111111111,2520,9
1788680531,P1,91.654,2520,9
1788680532,P1,79.369,2520,9
1788680533,P1,79.216,2520,9
1788680534,P1,79.582,2520,9
1788680535,P1,79.6411,2520,10
1788680536,P1,80.191,2520,9
1788680537,P1,80.436,2520,9
1788680538,P1,79.458,2520,9
1788680539,P1,79.336,2520,9
1788680540,P1,79.336,2520,9
1788680541,P1,79.3474,2520,10
1788680542,P1,80.557,2520,9
1788680543,P1,80.804,2520,9
1788680544,P1,79.583,2520,9
1788680545,P1,79.703,2520,9
1788680546,P1,79.458,2520,9
1788680547,P1,79.214,2520,9
1788680548,P1,79.459,2520,9
1788680549,P1,79.336,2520,10
1788680550,P1,80.069,2520,9
1788680551,P1,70.22922222222223,1005,9
1788680552,P1,62.93766666666667,1005,9
1788680553,P1,69.45166666666667,1005,9
1788680554,P1,63.48233333333333,1005,9
1788680555,P1,61.287444444444446,1005,9
1788680556,P1,61.358111111111114,1005,9
1788680557,P1,61.43944444444445,1005,9
1788680558,P1,61.385333333333335,1005,9
1788680559,P1,61.869,1005,10
1788680560,P1,61.95611111111111,1005,9
1788680561,P1,66.48688888888888,1005,9
1788680562,P1,81.06725,1005,8
1788680563,P1,69.849,1005,9
1788680564,P1,61.5951,1005,10
1788680565,P1,62.64877777777778,1005,9
1788680566,P1,62.363,1005,9
1788680567,P1,61.778222222222226,1005,9
1788680568,P1,61.45211111111111,1005,9
1788680569,P1,61.43933333333334,1005,9
1788680570,P1,61.31655555555555,1005,9
1788680571,P1,61.34488888888889,1005,9
1788680572,P1,62.432,1710,9
1788680573,P1,97.12177777777778,1710,9
1788680574,P1,80.34766666666667,1710,9
1788680575,P1,66.343,1710,10
1788680576,P1,63.63455555555556,1710,9
1788680577,P1,63.633,1710,9
1788680578,P1,63.72955555555556,1710,9
1788680579,P1,63.836888888888886,1710,9
1788680580,P1,63.672555555555554,1710,9
1788680581,P1,64.09422222222223,1710,9
1788680582,P1,64.62433333333333,1710,9
1788680583,P1,63.134,1080,9
1788680584,P1,69.34877777777777,900,9
1788680585,P1,64.36777777777777,900,9
1788680586,P1,61.318000000000005,900,9
1788680587,P1,61.078199999999995,900,10
1788680588,P1,61.086,900,9
1788680589,P1,60.964,900,9
1788680590,P1,61.331,900,9
1788680591,P1,61.575,900,9
1788680592,P1,61.33,900,9
1788680593,P1,61.086,900,9
1788680594,P1,60.963,900,9
1788680595,P1,61.086,900,9
1788680596,P1,61.086,900,9
1788680597,P1,60.977555555555554,900,9
1788680598,P1,64.18811111111111,900,9
1788680599,P1,66.17844444444445,900,9
1788680600,P1,62.1554,900,10
1788680601,P1,60.968,900,9
1788680602,P1,60.96388888888889,900,9
1788680603,P1,60.964,900,9
1788680604,P1,60.964,900,9
1788680605,P1,61.28933333333333,900,9
1788680606,P1,61.43933333333334,900,9
1788680607,P1,61.263222222222225,900,9
1788680608,P1,61.11333333333333,900,9
1788680609,P1,60.99111111111111,900,9
1788680610,P1,60.964,900,10
1788680611,P1,60.85466666666667,900,9
1788680612,P1,60.841,900,9
1788680613,P1,60.949444444444445,900,9
1788680614,P1,60.96388888888889,900,9
1788680615,P1,61.39866666666667,900,9
1788680616,P1,61.67077777777778,900,9
1788680617,P1,61.46244444444444,900,9
1788680618,P1,61.33811111111111,900,9
1788680619,P1,65.11655555555555,900,9
1788680620,P1,68.39788888888889,900,9
1788680621,P1,64.31700000000001,900,9
1788680622,P1,61.1528,900,10
1788680623,P1,61.004666666666665,900,9
1788680624,P1,60.882,900,9
1788680625,P1,60.841,900,9
1788680626,P1,60.923,900,9
1788680627,P1,60.882,900,9
1788680628,P1,60.841,900,9
1788680629,P1,61.45322222222222,900,9
1788680630,P1,61.87466666666666,900,9
1788680631,P1,61.61611111111111,900,9
1788680632,P1,61.220800000000004,900,10
1788680633,P1,67.14933333333333,1800,9
1788680634,P1,76.36966666666667,2520,9
1788680635,P1,84.394,2520,9
1788680636,P1,111.57977777777778,2520,9
1788680637,P1,91.647,2520,9
1788680638,P1,79.681,2520,9
1788680639,P1,79.581,2520,9
1788680640,P1,79.3238,2520,10
1788680641,P1,79.214,2520,9
1788680642,P1,79.336,2520,9
1788680643,P1,80.436,2520,9
1788680644,P1,80.802,2520,9
1788680645,P1,79.702,2520,9
1788680646,P1,79.336,2520,10
1788680647,P1,79.336,2520,9
1788680648,P1,79.188,2520,9
1788680649,P1,79.065,2520,9
1788680650,P1,82.146,2520,9
1788680651,P1,81.047,2520,9
1788680652,P1,79.824,2520,9
1788680653,P1,79.458,2520,10
1788680654,P1,79.214,2520,9
1788680655,P1,79.336,2520,9
1788680656,P1,79.336,2520,9
1788680657,P1,70.578,1005,9
1788680658,P1,62.49677777777778,1005,9
1788680659,P1,69.51822222222222,1005,9
1788680660,P1,63.842111111111116,1005,9
1788680661,P1,61.475,1005,9
1788680662,P1,61.4408,1005,10
1788680663,P1,61.33088888888889,1005,9
1788680664,P1,61.34144444444444,1005,9
1788680665,P1,61.419444444444444,1005,9
1788680666,P1,61.367555555555555,1005,9
1788680667,P1,62.934111111111115,1005,9
1788680668,P1,77.35144444444444,1005,9
1788680669,P1,69.447,1005,9
1788680670,P1,61.764,1005,9
1788680671,P1,61.575,1005,9
1788680672,P1,61.453,1005,9
1788680673,P1,61.3432,1005,10
1788680674,P1,61.453,1005,9
1788680675,P1,61.453,1005,9
1788680676,P1,61.331,1005,9
1788680677,P1,61.331,1005,9
1788680678,P1,65.81077777777777,1710,9
1788680679,P1,95.24288888888888,1710,9
1788680680,P1,80.06488888888889,1710,9
1788680681,P1,66.95566666666666,1710,9
1788680682,P1,63.800333333333334,1710,9
1788680683,P1,63.67666666666667,1710,9
1788680684,P1,64.11333333333334,1710,9
1788680685,P1,64.5228,1710,10
1788680686,P1,64.13555555555556,1710,9
1788680687,P1,63.85266666666667,1710,9
1788680688,P1,63.69566666666667,1710,9
1788680689,P1,62.839666666666666,1170,9
1788680690,P1,70.36833333333334,900,9
1788680691,P1,66.31944444444444,900,9
1788680692,P1,61.940666666666665,900,9
1788680693,P1,61.354111111111116,900,9
1788680694,P1,61.64277777777778,900,9
1788680695,P1,61.4408,900,10
1788680696,P1,61.12488888888889,900,9
1788680697,P1,60.971111111111114,900,9
1788680698,P1,60.95955555555555,900,9
1788680699,P1,60.964,900,9
1788680700,P1,60.964,900,9
1788680701,P1,61.05888888888889,900,9
1788680702,P1,60.99033333333333,900,9
1788680703,P1,60.86811111111111,900,9
1788680704,P1,63.24988888888889,900,9
1788680705,P1,65.25666666666667,900,9
1788680706,P1,62.4786,900,10
1788680707,P1,61.04266666666667,900,9
1788680708,P1,61.303777777777775,900,9
1788680709,P1,61.63022222222222,900,9
1788680710,P1,61.534888888888894,900,9
1788680711,P1,61.22211111111111,900,9
1788680712,P1,61.031333333333336,900,9
1788680713,P1,60.96344444444444,900,9
1788680714,P1,60.964,900,9
1788680715,P1,60.964,900,9
1788680716,P1,60.909333333333336,900,9
1788680717,P1,60.841,900,9
1788680718,P1,60.8898,900,10
1788680719,P1,61.28966666666667,900,9
1788680720,P1,61.64333333333334,900,9
1788680721,P1,61.46611111111111,900,9
1788680722,P1,61.221555555555554,900,9
1788680723,P1,61.031777777777776,900,9
1788680724,P1,60.909333333333336,900,9
1788680725,P1,60.841,900,9
1788680726,P1,69.11788888888888,900,9
1788680727,P1,72.65833333333333,900,9
1788680728,P1,65.17633333333333,900,9
1788680729,P1,61.779333333333334,900,9
1788680730,P1,61.82,900,10
1788680731,P1,61.534555555555556,900,9
1788680732,P1,61.263222222222225,900,9
1788680733,P1,61.11333333333333,900,9
1788680734,P1,60.99111111111111,900,9
1788680735,P1,60.964,900,9
1788680736,P1,60.86833333333333,900,9
1788680737,P1,60.841,900,9
1788680738,P1,60.922333333333334,900,9
1788680739,P1,60.88166666666667,900,9
1788680740,P1,68.3408,1872,10
1788680741,P1,79.12744444444445,2520,9
1788680742,P1,91.29122222222222,2520,9
1788680743,P1,109.65744444444444,2520,9
1788680744,P1,92.12533333333333,2520,9
1788680745,P1,81.38066666666667,2520,9
1788680746,P1,80.58466666666668,2520,9
1788680747,P1,79.7142,2520,10
1788680748,P1,79.40422222222222,2520,9
1788680749,P1,79.24333333333333,2520,9
1788680750,P1,79.41988888888889,2520,9
1788680751,P1,79.83855555555556,2520,9
1788680752,P1,80.34011111111111,2520,9
1788680753,P1,80.27277777777778,2520,9
1788680754,P1,79.6318,2520,10
1788680755,P1,79.33833333333334,2520,9
1788680756,P1,79.30866666666667,2520,9
1788680757,P1,79.51188888888889,2520,9
1788680758,P1,80.61222222222223,2520,9
1788680759,P1,80.53066666666668,2520,9
1788680760,P1,79.6542,2520,10
1788680761,P1,79.91966666666667,2520,9
1788680762,P1,79.71555555555555,2520,9
1788680763,P1,77.36244444444445,2183.3333333333335,9
1788680764,P1,68.42744444444445,1005,9
1788680765,P1,65.06055555555555,1005,9
1788680766,P1,69.82555555555555,1005,9
1788680767,P1,64.63033333333334,1005,9
1788680768,P1,61.487,1005,9
1788680769,P1,61.45222222222222,1005,9
1788680770,P1,61.42566666666667,1005,9
1788680771,P1,61.33,1005,10
1788680772,P1,61.371,1005,9
1788680773,P1,61.412333333333336,1005,9
1788680774,P1,68.38822222222223,1005,9
1788680775,P1,76.29122222222222,1005,9
1788680776,P1,68.06222222222222,1005,9
1788680777,P1,62.352555555555554,1005,9
1788680778,P1,62.227444444444444,1005,9
1788680779,P1,61.90122222222222,1005,9
1788680780,P1,61.56144444444445,1005,9
1788680781,P1,61.4528,1005,10
1788680782,P1,61.42488888888889,1005,9
1788680783,P1,61.30311111111111,1005,9
1788680784,P1,61.50788888888889,1161.6666666666667,9
1788680785,P1,70.85644444444445,1710,9
1788680786,P1,90.67611111111111,1710,9
1788680787,P1,72.865,1710,9
1788680788,P1,63.72522222222222,1710,9
1788680789,P1,63.852000000000004,1710,9
1788680790,P1,64.596,1710,9
1788680791,P1,64.859,1710,9
1788680792,P1,64.18900000000001,1710,10
1788680793,P1,63.82277777777778,1710,9
1788680794,P1,63.623,1710,9
1788680795,P1,63.34188888888889,1620,9
1788680796,P1,64.85366666666667,900,9
1788680797,P1,68.43477777777778,900,9
1788680798,P1,62.867666666666665,900,9
1788680799,P1,61.16133333333334,900,9
1788680800,P1,61.69777777777778,900,9
1788680801,P1,61.64277777777778,900,9
1788680802,P1,61.39855555555556,900,9
1788680803,P1,61.2083,900,10
1788680804,P1,61.168,900,9
1788680805,P1,61.04533333333333,900,9
1788680806,P1,60.923,900,9
1788680807,P1,60.841,900,9
1788680808,P1,60.86811111111111,900,9
1788680809,P1,60.958777777777776,900,9
1788680810,P1,61.236000000000004,900,9
1788680811,P1,66.27644444444445,900,9
1788680812,P1,66.579,900,9
1788680813,P1,61.008,900,9
1788680814,P1,61.453,900,9
1788680815,P1,61.6613,900,10
1788680816,P1,61.30377777777778,900,9
1788680817,P1,61.086,900,9
1788680818,P1,61.07233333333333,900,9
1788680819,P1,60.949444444444445,900,9
1788680820,P1,60.841,900,9
1788680821,P1,60.964,900,9
1788680822,P1,60.841,900,9
1788680823,P1,60.841,900,9
1788680824,P1,61.453,900,9
1788680825,P1,61.551500000000004,900,10
1788680826,P1,61.31733333333334,900,9
1788680827,P1,61.18077777777778,900,9
1788680828,P1,60.963,900,9
1788680829,P1,60.963,900,9
1788680830,P1,60.963,900,9
1788680831,P1,60.964,900,9
1788680832,P1,68.02388888888889,900,9
1788680833,P1,70.56011111111111,900,9
1788680834,P1,64.69711111111111,900,9
1788680835,P1,60.97322222222222,900,9
1788680836,P1,60.96355555555556,900,9
1788680837,P1,60.964,900,10
1788680838,P1,60.964,900,9
1788680839,P1,60.882,900,9
1788680840,P1,60.841,900,9
1788680841,P1,61.249,900,9
1788680842,P1,61.534333333333336,900,9
1788680843,P1,61.249,900,9
1788680844,P1,61.01822222222222,900,9
1788680845,P1,60.964,900,9
1788680846,P1,66.51219999999999,1872,10
1788680847,P1,76.457,2520,9
1788680848,P1,88.73911111111111,2520,9
1788680849,P1,104.71988888888889,2520,9
1788680850,P1,91.70577777777778,2520,9
1788680851,P1,79.67322222222222,2520,9
1788680852,P1,80.32755555555555,2520,9
1788680853,P1,80.6798,2520,10
1788680854,P1,80.02811111111112,2520,9
1788680855,P1,79.40377777777778,2520,9
1788680856,P1,79.24111111111111,2520,9
1788680857,P1,79.33022222222222,2520,9
1788680858,P1,79.886,2520,9
1788680859,P1,81.79355555555556,2520,9
1788680860,P1,81.1694,2520,10
1788680861,P1,80.02833333333334,2520,9
1788680862,P1,79.48611111111111,2520,9
1788680863,P1,79.55366666666667,2520,9
1788680864,P1,80.00111111111111,2520,9
1788680865,P1,81.68488888888889,2520,9
1788680866,P1,80.68039999999999,2520,10
1788680867,P1,79.67511111111111,2520,9
1788680868,P1,79.55366666666667,2520,9
1788680869,P1,77.43022222222223,2183.3333333333335,9
1788680870,P1,68.35966666666667,1005,9
1788680871,P1,64.60133333333333,1005,9
1788680872,P1,68.14433333333334,1005,9
1788680873,P1,63.528999999999996,1005,9
1788680874,P1,61.4758,1005,10
1788680875,P1,61.45166666666667,1005,9
1788680876,P1,61.385222222222225,1005,9
1788680877,P1,61.331,1005,9
1788680878,P1,61.331,1005,9
1788680879,P1,61.54833333333333,1005,9
1788680880,P1,68.76933333333334,1005,9
1788680881,P1,76.71277777777777,1005,9
1788680882,P1,70.398,1005,9
1788680883,P1,61.6752,1005,10
1788680884,P1,61.52077777777778,1005,9
1788680885,P1,61.39833333333333,1005,9
1788680886,P1,61.27622222222222,1005,9
1788680887,P1,61.26277777777778,1005,9
1788680888,P1,61.330333333333336,1005,9
1788680889,P1,61.61633333333334,1005,9
1788680890,P1,62.63466666666667,1161.6666666666667,9
1788680891,P1,72.62,1710,9
1788680892,P1,85.9322,1710,10
1788680893,P1,72.241,1710,9
1788680894,P1,63.945,1710,9
1788680895,P1,63.846333333333334,1710,9
1788680896,P1,63.736333333333334,1710,9
1788680897,P1,63.68966666666667,1710,9
1788680898,P1,63.759,1710,9
1788680899,P1,63.73588888888889,1710,9
1788680900,P1,64.02722222222222,1710,9
1788680901,P1,64.7486,1548,10
1788680902,P1,67.69133333333333,900,9
1788680903,P1,68.64255555555556,900,9
1788680904,P1,63.25633333333334,900,9
1788680905,P1,60.98844444444445,900,9
1788680906,P1,60.964,900,9
1788680907,P1,60.964,900,9
1788680908,P1,60.964,900,9
1788680909,P1,60.964,900,9
1788680910,P1,60.964,900,9
1788680911,P1,61.127,900,9
1788680912,P1,61.5506,900,10
1788680913,P1,61.47966666666667,900,9
1788680914,P1,61.099555555555554,900,9
1788680915,P1,60.964,900,9
1788680916,P1,62.41711111111111,900,9
1788680917,P1,64.69811111111112,900,9
1788680918,P1,65.01644444444445,900,9
1788680919,P1,60.98111111111111,900,9
1788680920,P1,60.964,900,9
1788680921,P1,60.964,900,9
1788680922,P1,60.95955555555555,900,9
1788680923,P1,61.054100000000005,900,10
1788680924,P1,61.358333333333334,900,9
1788680925,P1,61.330666666666666,900,9
1788680926,P1,61.04533333333333,900,9
1788680927,P1,60.96377777777778,900,9
1788680928,P1,60.963,900,9
1788680929,P1,60.96322222222222,900,9
1788680930,P1,60.964,900,9
1788680931,P1,60.96377777777778,900,9
1788680932,P1,60.96322222222222,900,9
1788680933,P1,61.1107,900,10
1788680934,P1,61.494,900,9
1788680935,P1,61.46711111111111,900,9
1788680936,P1,61.05888888888889,900,9
1788680937,P1,60.99111111111111,900,9
1788680938,P1,69.949,900,9
1788680939,P1,69.32344444444445,900,9
1788680940,P1,61.86333333333333,900,9
1788680941,P1,61.836666666666666,900,9
1788680942,P1,61.72522222222222,900,9
1788680943,P1,61.370888888888885,900,9
1788680944,P1,61.14022222222222,900,9
1788680945,P1,60.99111111111111,900,9
1788680946,P1,60.964,900,9
1788680947,P1,60.964,900,9
1788680948,P1,60.964,900,10
1788680949,P1,60.85466666666667,900,9
1788680950,P1,60.841,900,9
1788680951,P1,60.95033333333333,900,9
1788680952,P1,70.59511111111112,2340,9
1788680953,P1,79.27655555555556,2520,9
1788680954,P1,92.43411111111111,2520,9
1788680955,P1,104.8318,2520,10
1788680956,P1,87.98133333333334,2520,9
1788680957,P1,80.95,2520,9
1788680958,P1,80.354,2520,9
1788680959,P1,79.78333333333333,2520,9
1788680960,P1,79.37666666666667,2520,9
1788680961,P1,79.25466666666667,2520,9
1788680962,P1,79.29939999999999,2520,10
1788680963,P1,79.53966666666666,2520,9
1788680964,P1,80.232,2520,9
1788680965,P1,80.029,2520,9
1788680966,P1,79.459,2520,9
1788680967,P1,79.418,2520,9
1788680968,P1,79.30933333333333,2520,9
1788680969,P1,79.6927,2520,10
1788680970,P1,80.92633333333333,2520,9
1788680971,P1,80.67999999999999,2520,9
1788680972,P1,79.612,2520,9
1788680973,P1,79.391,2520,9
1788680974,P1,79.318,2520,9
1788680975,P1,77.36244444444445,2183.3333333333335,9
1788680976,P1,67.7544,1005,10
1788680977,P1,65.233375,1005,8
1788680978,P1,68.948,1005,10
1788680979,P1,64.64688888888888,1005,9
1788680980,P1,62.114777777777775,1005,9
1788680981,P1,61.833555555555556,1005,9
1788680982,P1,61.64333333333334,1005,9
1788680983,P1,61.52077777777778,1005,9
1788680984,P1,61.39877777777778,1005,9
1788680985,P1,61.290333333333336,1005,9
1788680986,P1,66.811,1005,9
1788680987,P1,75.528,1005,9
1788680988,P1,67.313,1005,10
1788680989,P1,61.427,1005,9
1788680990,P1,61.331,1005,9
1788680991,P1,61.49366666666667,1005,9
1788680992,P1,61.86,1005,9
1788680993,P1,61.81966666666667,1005,9
1788680994,P1,61.534333333333336,1005,9
1788680995,P1,61.453,1005,9
1788680996,P1,61.69744444444444,1161.6666666666667,9
1788680997,P1,74.23077777777777,1710,9
1788680998,P1,90.03477777777778,1710,9
1788680999,P1,71.47633333333333,1710,9
1788681000,P1,63.6991,1710,10
1788681001,P1,63.655,1710,9
1788681002,P1,63.89333333333334,1710,9
1788681003,P1,64.44533333333334,1710,9
1788681004,P1,64.433,1710,9
1788681005,P1,64.03166666666667,1710,9
1788681006,P1,63.82655555555556,1710,9
1788681007,P1,63.33711111111111,1530,9
1788681008,P1,65.11233333333334,900,9
1788681009,P1,68.247,900,9
1788681010,P1,63.730666666666664,900,9
1788681011,P1,60.977199999999996,900,10
1788681012,P1,61.181333333333335,900,9
1788681013,P1,61.56188888888889,900,9
1788681014,P1,61.534888888888894,900,9
1788681015,P1,61.22211111111111,900,9
1788681016,P1,61.086,900,9
1788681017,P1,61.086,900,9
1788681018,P1,61.04533333333333,900,9
1788681019,P1,60.964,900,9
1788681020,P1,60.964,900,9
1788681021,P1,60.964,900,9
1788681022,P1,61.217999999999996,900,10
1788681023,P1,66.27922222222222,900,9
1788681024,P1,64.831,900,9
1788681025,P1,61.008,900,9
1788681026,P1,61.086,900,9
1788681027,P1,61.086,900,9
1788681028,P1,60.964,900,9
1788681029,P1,61.943,900,9
1788681030,P1,61.698,900,9
1788681031,P1,61.370888888888885,900,9
1788681032,P1,61.11311111111111,900,9
1788681033,P1,60.9762,900,10
1788681034,P1,61.086,900,9
1788681035,P1,60.964,900,9
1788681036,P1,60.841,900,9
1788681037,P1,60.963,900,9
1788681038,P1,60.964,900,9
1788681039,P1,60.964,900,9
1788681040,P1,61.290222222222226,900,9
1788681041,P1,61.453,900,9
1788681042,P1,61.209,900,9
1788681043,P1,61.0738,900,10
1788681044,P1,65.135375,900,8
1788681045,P1,68.7705,900,10
1788681046,P1,63.757,900,9
1788681047,P1,61.39366666666667,900,9
1788681048,P1,61.16766666666667,900,9
1788681049,P1,61.004666666666665,900,9
1788681050,P1,60.964,900,9
1788681051,P1,60.96333333333333,900,9
1788681052,P1,60.88166666666667,900,9
1788681053,P1,60.841,900,9
1788681054,P1,60.90877777777778,900,9
1788681055,P1,61.257000000000005,900,10
1788681056,P1,61.61633333333334,900,9
1788681057,P1,61.45333333333333,900,9
1788681058,P1,67.41366666666667,1800,9
1788681059,P1,76.53833333333333,2520,9
1788681060,P1,88.09655555555555,2520,9
1788681061,P1,103.92255555555556,2520,9
1788681062,P1,91.83488888888888,2520,9
1788681063,P1,79.88566666666667,2520,9
1788681064,P1,79.7149,2520,10
1788681065,P1,79.40377777777778,2520,9
1788681066,P1,79.24111111111111,2520,9
1788681067,P1,79.49888888888889,2520,9
1788681068,P1,80.15055555555556,2520,9
1788681069,P1,80.24577777777779,2520,9
1788681070,P1,79.4702,2520,10
1788681071,P1,79.26822222222222,2520,9
1788681072,P1,79.458,2520,9
1788681073,P1,79.67511111111111,2520,9
1788681074,P1,80.571,2520,9
1788681075,P1,80.77522222222223,2520,9
1788681076,P1,79.6776,2520,10
1788681077,P1,79.336,2520,9
1788681078,P1,79.30888888888889,2520,9
1788681079,P1,79.24111111111111,2520,9
1788681080,P1,79.63466666666666,2520,9
1788681081,P1,78.70644444444446,2351.6666666666665,9
1788681082,P1,69.55433333333333,1005,9
1788681083,P1,64.60755555555555,1005,9
1788681084,P1,70.49544444444444,1005,9
1788681085,P1,64.7202,1005,10
1788681086,P1,61.687777777777775,1005,9
1788681087,P1,61.54788888888889,1005,9
1788681088,P1,61.453,1005,9
1788681089,P1,61.45277777777778,1005,9
1788681090,P1,61.56088888888889,1005,9
1788681091,P1,61.96911111111111,1005,9
1788681092,P1,64.69055555555555,1005,9
1788681093,P1,74.79822222222222,1005,9
1788681094,P1,69.22644444444445,1005,9
1788681095,P1,61.63366666666667,1005,9
1788681096,P1,61.526799999999994,1005,10
1788681097,P1,61.43944444444445,1005,9
1788681098,P1,61.31744444444445,1005,9
1788681099,P1,61.22255555555556,1005,9
1788681100,P1,61.331,1005,9
1788681101,P1,61.331,1005,9
1788681102,P1,61.54633333333334,1083.3333333333333,9
1788681103,P1,68.25888888888889,1710,9
1788681104,P1,100.81166666666667,1710,9
1788681105,P1,75.84,1710,9
1788681106,P1,64.229,1710,10
1788681107,P1,64.021,1710,9
1788681108,P1,63.777,1710,9
1788681109,P1,63.654,1710,9
1788681110,P1,63.637,1710,9
1788681111,P1,63.619,1710,9
1788681112,P1,63.619,1710,9
1788681113,P1,63.619,1710,9
1788681114,P1,62.888444444444445,900,9
1788681115,P1,70.625,900,9
1788681116,P1,64.165,900,9
1788681117,P1,61.256099999999996,900,10
1788681118,P1,61.086,900,9
1788681119,P1,61.086,900,9
1788681120,P1,61.05888888888889,900,9
1788681121,P1,60.96377777777778,900,9
1788681122,P1,60.96322222222222,900,9
1788681123,P1,60.964,900,9
1788681124,P1,60.964,900,9
1788681125,P1,61.01833333333333,900,9
1788681126,P1,61.480111111111114,900,9
1788681127,P1,61.64266666666667,900,9
1788681128,P1,61.159,900,10
1788681129,P1,64.129,900,8
1788681130,P1,63.940777777777775,900,9
1788681131,P1,62.0154,900,10
1788681132,P1,61.453,900,9
1788681133,P1,61.086,900,9
1788681134,P1,60.964,900,9
1788681135,P1,60.964,900,9
1788681136,P1,60.841,900,9
1788681137,P1,60.841,900,9
1788681138,P1,60.964,900,9
1788681139,P1,60.964,900,9
1788681140,P1,61.0738,900,10
1788681141,P1,61.453,900,9
1788681142,P1,61.453,900,9
1788681143,P1,61.086,900,9
1788681144,P1,60.964,900,9
1788681145,P1,60.964,900,9
1788681146,P1,60.944,900,9
1788681147,P1,60.822,900,9
1788681148,P1,60.841,900,9
1788681149,P1,60.964,900,9
1788681150,P1,67.12122222222222,900,9
1788681151,P1,71.49666666666667,900,9
1788681152,P1,65.44988888888889,900,9
1788681153,P1,61.22,900,10
1788681154,P1,61.208444444444446,900,9
1788681155,P1,61.208444444444446,900,9
1788681156,P1,61.154333333333334,900,9
1788681157,P1,61.086,900,9
1788681158,P1,61.57533333333333,900,9
1788681159,P1,62.07811111111111,900,9
1788681160,P1,61.77888888888889,900,9
1788681161,P1,61.46611111111111,900,9
1788681162,P1,61.275777777777776,900,9
1788681163,P1,61.2492,900,10
1788681164,P1,65.47500000000001,1620,9
1788681165,P1,74.8528888888889,2520,9
1788681166,P1,81.63944444444445,2520,9
1788681167,P1,109.20711111111112,2520,9
1788681168,P1,94.00988888888888,2520,9
1788681169,P1,81.19633333333333,2520,9
1788681170,P1,79.3815,2520,10
1788681171,P1,79.214,2520,9
1788681172,P1,80.069,2520,9
1788681173,P1,80.069,2520,9
1788681174,P1,79.52677777777778,2520,9
1788681175,P1,79.34966666666666,2520,9
1788681176,P1,79.22755555555555,2520,9
1788681177,P1,79.4336,2520,10
1788681178,P1,80.314,2520,9
1788681179,P1,80.314,2520,9
1788681180,P1,79.824,2520,9
1788681181,P1,79.60711111111111,2520,9
1788681182,P1,79.36311111111111,2520,9
1788681183,P1,79.336,2520,10
1788681184,P1,79.214,2520,9
1788681185,P1,80.069,2520,9
1788681186,P1,80.313,2520,9
1788681187,P1,79.66233333333334,2520,9
1788681188,P1,71.469,1173.3333333333333,9
1788681189,P1,62.34477777777778,1005,9
1788681190,P1,71.26833333333333,1005,9
1788681191,P1,66.2891,1005,10
1788681192,P1,61.475,1005,9
1788681193,P1,62.064,1005,9
1788681194,P1,62.186,1005,9
1788681195,P1,61.657,1005,9
1788681196,P1,61.657,1005,9
1788681197,P1,61.47566666666667,1005,9
1788681198,P1,61.34455555555556,1005,9
1788681199,P1,73.62444444444445,1005,9
1788681200,P1,70.36688888888888,1005,9
1788681201,P1,62.92455555555555,1005,9
1788681202,P1,61.3198,1005,10
1788681203,P1,61.43944444444445,1005,9
1788681204,P1,61.56144444444445,1005,9
1788681205,P1,61.90122222222222,1005,9
1788681206,P1,61.84711111111111,1005,9
1788681207,P1,61.534555555555556,1005,9
1788681208,P1,61.45222222222222,1005,9
1788681209,P1,62.89688888888889,1553.3333333333333,9
1788681210,P1,89.85811111111111,1710,9
1788681211,P1,79.74422222222222,1710,9
1788681212,P1,65.07911111111112,1710,9
1788681213,P1,63.646,1710,9
1788681214,P1,63.637,1710,10
1788681215,P1,63.636,1710,9
1788681216,P1,63.636,1710,9
1788681217,P1,64.3968888888889,1710,9
1788681218,P1,64.81822222222222,1710,9
1788681219,P1,64.31588888888889,1710,9
1788681220,P1,62.72533333333333,1080,9
1788681221,P1,73.74622222222223,900,9
1788681222,P1,66.193,900,9
1788681223,P1,61.209,900,9
1788681224,P1,61.086,900,10
1788681225,P1,60.964,900,9
1788681226,P1,60.964,900,9
1788681227,P1,61.453,900,9
1788681228,P1,61.697,900,9
1788681229,P1,61.331,900,9
1788681230,P1,61.209,900,9
1788681231,P1,61.209,900,9
1788681232,P1,61.086,900,9
1788681233,P1,60.964,900,9
1788681234,P1,60.964,900,9
1788681235,P1,64.4559,900,10
1788681236,P1,66.95522222222223,900,9
1788681237,P1,61.684444444444445,900,9
1788681238,P1,60.96644444444444,900,9
1788681239,P1,62.05111111111111,900,9
1788681240,P1,61.86077777777778,900,9
1788681241,P1,61.49377777777778,900,9
1788681242,P1,61.23522222222222,900,9
1788681243,P1,60.99111111111111,900,9
1788681244,P1,60.964,900,9
1788681245,P1,60.964,900,9
1788681246,P1,60.964,900,10
1788681247,P1,60.85466666666667,900,9
1788681248,P1,60.841,900,9
1788681249,P1,60.95033333333333,900,9
1788681250,P1,61.83422222222222,900,9
1788681251,P1,61.72522222222222,900,9
1788681252,P1,61.370888888888885,900,9
1788681253,P1,61.11311111111111,900,9
1788681254,P1,60.97666666666667,900,9
1788681255,P1,60.9638,900,10
1788681256,P1,66.61166666666666,900,9
1788681257,P1,73.097,900,9
1788681258,P1,66.529,900,9
1788681259,P1,61.467666666666666,900,9
1788681260,P1,61.412333333333336,900,9
1788681261,P1,61.30366666666667,900,9
1788681262,P1,61.20822222222222,900,9
1788681263,P1,61.18166666666667,900,9
1788681264,P1,61.086,900,9
1788681265,P1,61.11333333333333,900,9
1788681266,P1,61.2456,900,10
1788681267,P1,61.616,900,9
1788681268,P1,62.227,900,9
1788681269,P1,62.187,900,9
1788681270,P1,62.214555555555556,1080,9
1788681271,P1,63.40566666666667,1710,9
1788681272,P1,64.33500000000001,1710,9
1788681273,P1,86.23922222222222,1710,9
1788681274,P1,71.22055555555556,1710,9
1788681275,P1,64.68577777777777,1710,9
1788681276,P1,64.47066666666667,1710,9
1788681277,P1,64.038,1710,9
1788681278,P1,63.709500000000006,1710,10
1788681279,P1,63.63677777777778,1710,9
1788681280,P1,63.55533333333333,1710,9
1788681281,P1,63.516000000000005,1710,9
1788681282,P1,63.514,1710,9
1788681283,P1,63.528,1710,9
1788681284,P1,64.18377777777778,1710,9
1788681285,P1,64.56055555555555,1710,9
1788681286,P1,64.153,1710,9
1788681287,P1,63.8258,1710,10
1788681288,P1,63.54322222222223,1710,9
1788681289,P1,63.40555555555556,1710,9
1788681290,P1,63.60888888888889,1710,9
1788681291,P1,63.620000000000005,1710,9
1788681292,P1,63.53788888888889,1710,9
1788681293,P1,63.704,1710,9
1788681294,P1,64.31488888888889,1710,9
1788681295,P1,63.727333333333334,1240,9
1788681296,P1,62.196444444444445,1005,9
1788681297,P1,63.72166666666667,1005,9
1788681298,P1,67.5587,1005,10
1788681299,P1,64.988,1005,9
1788681300,P1,62.15555555555556,1005,9
1788681301,P1,61.901444444444444,1005,9
1788681302,P1,61.64277777777778,1005,9
1788681303,P1,61.575,1005,9
1788681304,P1,61.52077777777778,1005,9
1788681305,P1,61.507222222222225,1005,9
1788681306,P1,70.62866666666667,1005,9
1788681307,P1,76.90433333333334,1005,9
1788681308,P1,66.256,1005,10
1788681309,P1,61.467666666666666,1005,9
1788681310,P1,61.69766666666667,1005,9
1788681311,P1,62.26833333333333,1005,9
1788681312,P1,62.227333333333334,1005,9
1788681313,P1,61.779,1005,9
1788681314,P1,61.697,1005,9
1788681315,P1,61.656333333333336,1005,9
1788681316,P1,61.84677777777778,1161.6666666666667,9
1788681317,P1,75.028,1710,9
1788681318,P1,93.33288888888889,1710,9
1788681319,P1,75.5559,1710,10
1788681320,P1,63.652,1710,9
1788681321,P1,63.79333333333334,1710,9
1788681322,P1,64.43333333333334,1710,9
1788681323,P1,64.35766666666667,1710,9
1788681324,P1,63.881,1710,9
1788681325,P1,63.82277777777778,1710,9
1788681326,P1,63.59188888888889,1710,9
1788681327,P1,63.20166666666667,1530,9
1788681328,P1,64.55677777777778,900,9
1788681329,P1,68.8603,900,10
1788681330,P1,64.19433333333333,900,9
1788681331,P1,61.41266666666667,900,9
1788681332,P1,61.901666666666664,900,9
1788681333,P1,61.901666666666664,900,9
1788681334,P1,61.52077777777778,900,9
1788681335,P1,61.30388888888889,900,9
1788681336,P1,61.209,900,9
1788681337,P1,61.20877777777778,900,9
1788681338,P1,61.20822222222222,900,9
1788681339,P1,61.209,900,10
1788681340,P1,61.209,900,9
1788681341,P1,61.37166666666667,900,9
1788681342,P1,62.63022222222222,900,9
1788681343,P1,65.80777777777777,900,9
1788681344,P1,61.532111111111114,900,9
1788681345,P1,61.965,900,9
1788681346,P1,61.697,900,9
1788681347,P1,61.331,900,9
1788681348,P1,61.209,900,9
1788681349,P1,61.209,900,10
1788681350,P1,61.20888888888889,900,9
1788681351,P1,61.20822222222222,900,9
1788681352,P1,61.209,900,9
1788681353,P1,61.31766666666667,900,9
1788681354,P1,62.15977777777778,900,9
1788681355,P1,61.90122222222222,900,9
1788681356,P1,61.54788888888889,900,9
1788681357,P1,61.31744444444445,900,9
1788681358,P1,61.209,900,10
1788681359,P1,61.209,900,9
1788681360,P1,61.18166666666667,900,9
1788681361,P1,61.086,900,9
1788681362,P1,61.099555555555554,900,9
1788681363,P1,61.31677777777777,900,9
1788681364,P1,69.26577777777779,900,9
1788681365,P1,69.41777777777779,900,9
1788681366,P1,62.696444444444445,900,9
1788681367,P1,60.968888888888884,900,9
1788681368,P1,60.964,900,9
1788681369,P1,60.964,900,9
1788681370,P1,61.2209,900,10
1788681371,P1,61.42588888888889,900,9
1788681372,P1,61.263222222222225,900,9
1788681373,P1,61.11333333333333,900,9
1788681374,P1,60.99111111111111,900,9
1788681375,P1,60.964,900,9
1788681376,P1,60.882,900,9
1788681377,P1,60.75966666666667,900,9
1788681378,P1,61.778999999999996,1440,9
1788681379,P1,63.19433333333333,1710,9
1788681380,P1,72.3396,1710,10
1788681381,P1,88.90777777777778,1710,9
1788681382,P1,75.77522222222223,1710,9
1788681383,P1,63.65933333333333,1710,9
1788681384,P1,63.63622222222222,1710,9
1788681385,P1,63.74144444444445,1710,9
1788681386,P1,64.16144444444444,1710,9
1788681387,P1,64.24733333333333,1710,9
1788681388,P1,63.85588888888889,1710,9
1788681389,P1,63.655,1710,9
1788681390,P1,63.6304,1710,10
1788681391,P1,63.532,1710,9
1788681392,P1,63.55533333333333,1710,9
1788681393,P1,63.605666666666664,1710,9
1788681394,P1,63.659111111111116,1710,9
1788681395,P1,64.33844444444445,1710,9
1788681396,P1,64.55911111111111,1710,9
1788681397,P1,63.964333333333336,1710,9
1788681398,P1,63.655,1710,10
1788681399,P1,63.62766666666667,1710,9
1788681400,P1,63.532,1710,9
1788681401,P1,63.55533333333333,1710,9
1788681402,P1,63.365,1553.3333333333333,9
1788681403,P1,62.36277777777777,1005,9
1788681404,P1,62.15988888888889,1005,9
1788681405,P1,66.58733333333333,1005,9
1788681406,P1,65.03766666666667,1005,9
1788681407,P1,61.86855555555555,1005,9
1788681408,P1,61.21877777777778,1005,9
1788681409,P1,61.30388888888889,1005,9
1788681410,P1,61.8198,1005,10
1788681411,P1,62.03766666666667,1005,9
1788681412,P1,61.779555555555554,1005,9
1788681413,P1,61.507444444444445,1005,9
1788681414,P1,72.76933333333334,1005,9
1788681415,P1,71.87522222222222,1005,9
1788681416,P1,63.19722222222222,1005,9
1788681417,P1,61.21877777777778,1005,9
1788681418,P1,61.209,1005,9
1788681419,P1,61.209,1005,9
1788681420,P1,61.209,1005,9
1788681421,P1,61.209,1005,10
1788681422,P1,61.684222222222225,1005,9
1788681423,P1,62.00977777777778,1005,9
1788681424,P1,62.54,1475,9
1788681425,P1,86.31744444444445,1710,9
1788681426,P1,84.62911111111111,1710,9
1788681427,P1,69.60155555555556,1710,9
1788681428,P1,64.32977777777778,1710,9
1788681429,P1,64.147,1710,9
1788681430,P1,64.01355555555556,1710,9
1788681431,P1,64.055,1710,10
1788681432,P1,64.06122222222223,1710,9
1788681433,P1,63.949333333333335,1710,9
1788681434,P1,63.98144444444444,1710,9
1788681435,P1,63.897666666666666,1350,9
1788681436,P1,69.18055555555556,900,9
1788681437,P1,66.83266666666667,900,9
1788681438,P1,62.395999999999994,900,9
1788681439,P1,60.971333333333334,900,9
1788681440,P1,60.882,900,9
1788681441,P1,60.841,900,10
1788681442,P1,60.923,900,9
1788681443,P1,60.882,900,9
1788681444,P1,61.167,900,9
1788681445,P1,61.57533333333333,900,9
1788681446,P1,61.37133333333333,900,9
1788681447,P1,61.04533333333333,900,9
1788681448,P1,60.964,900,9
1788681449,P1,60.964,900,9
1788681450,P1,63.30188888888889,900,9
1788681451,P1,65.3048,900,10
1788681452,P1,63.68355555555556,900,9
1788681453,P1,60.98844444444445,900,9
1788681454,P1,60.964,900,9
1788681455,P1,60.909333333333336,900,9
1788681456,P1,61.05833333333333,900,9
1788681457,P1,61.49311111111111,900,9
1788681458,P1,61.47966666666667,900,9
1788681459,P1,61.099111111111114,900,9
1788681460,P1,61.01766666666666,900,9
1788681461,P1,61.086,900,10
1788681462,P1,61.031777777777776,900,9
1788681463,P1,60.96355555555556,900,9
1788681464,P1,60.90877777777778,900,9
1788681465,P1,60.841,900,9
1788681466,P1,61.05877777777778,900,9
1788681467,P1,61.385222222222225,900,9
1788681468,P1,61.28988888888889,900,9
1788681469,P1,61.031777777777776,900,9
1788681470,P1,60.964,900,10
1788681471,P1,62.16255555555556,900,9
1788681472,P1,69.08333333333333,900,9
1788681473,P1,68.493,900,9
1788681474,P1,61.008,900,9
1788681475,P1,60.964,900,9
1788681476,P1,60.964,900,9
1788681477,P1,60.841,900,9
1788681478,P1,60.841,900,9
1788681479,P1,60.964,900,9
1788681480,P1,61.6857,900,10
1788681481,P1,61.54777777777778,900,9
1788681482,P1,61.33,900,9
1788681483,P1,61.086,900,9
1788681484,P1,60.964,900,9
1788681485,P1,60.964,900,9
1788681486,P1,62.186,1710,9
1788681487,P1,63.514,1710,9
1788681488,P1,75.09166666666667,1710,9
1788681489,P1,89.30666666666666,1710,9
1788681490,P1,72.94833333333332,1710,9
1788681491,P1,63.6946,1710,10
1788681492,P1,63.70922222222222,1710,9
1788681493,P1,63.72233333333334,1710,9
1788681494,P1,63.59977777777778,1710,9
1788681495,P1,63.64088888888889,1710,9
1788681496,P1,64.10322222222221,1710,9
1788681497,P1,64.61144444444444,1710,9
1788681498,P1,64.46544444444444,1710,9
1788681499,P1,63.970888888888894,1710,9
1788681500,P1,63.715500000000006,1710,10
1788681501,P1,63.58622222222222,1710,9
1788681502,P1,63.46422222222222,1710,9
1788681503,P1,63.477777777777774,1710,9
1788681504,P1,63.532,1710,9
1788681505,P1,63.57822222222222,1710,9
1788681506,P1,63.89955555555556,1710,9
1788681507,P1,64.23744444444445,1710,9
1788681508,P1,64.03066666666668,1710,9
1788681509,P1,63.698,1710,10
1788681510,P1,62.967555555555556,1396.6666666666667,9
1788681511,P1,61.75255555555556,1005,9
1788681512,P1,61.86555555555556,1005,9
1788681513,P1,67.202,1005,9
1788681514,P1,63.77811111111111,1005,9
1788681515,P1,61.26766666666666,1005,9
1788681516,P1,61.22244444444445,1005,9
1788681517,P1,61.33011111111111,1005,9
1788681518,P1,61.331,1005,9
1788681519,P1,61.209,1005,9
1788681520,P1,61.4166,1005,10
1788681521,P1,62.63833333333333,1005,9
1788681522,P1,77.25,1005,9
1788681523,P1,70.19733333333333,1005,9
1788681524,P1,63.156555555555556,1005,9
1788681525,P1,62.09744444444444,1005,9
1788681526,P1,61.629333333333335,1005,9
1788681527,P1,61.358111111111114,1005,9
1788681528,P1,61.22255555555556,1005,9
1788681529,P1,61.20811111111111,1005,9
1788681530,P1,61.20877777777778,1005,9
1788681531,P1,61.2082,1005,10
1788681532,P1,63.614222222222224,1631.6666666666667,9
1788681533,P1,96.47233333333334,1710,9
1788681534,P1,74.68711111111111,1710,9
1788681535,P1,66.80955555555556,1710,9
1788681536,P1,64.93055555555556,1710,9
1788681537,P1,64.2701111111111,1710,9
1788681538,P1,63.821555555555555,1710,9
1788681539,P1,63.64588888888889,1710,9
1788681540,P1,63.6316,1710,10
1788681541,P1,63.55533333333333,1710,9
1788681542,P1,63.518,1710,9
1788681543,P1,62.562777777777775,1080,9
1788681544,P1,71.00444444444445,900,9
1788681545,P1,64.32466666666667,900,9
1788681546,P1,61.513444444444445,900,9
1788681547,P1,61.21388888888889,900,9
1788681548,P1,61.099666666666664,900,9
1788681549,P1,60.99111111111111,900,9
1788681550,P1,60.8656,900,10
1788681551,P1,60.73255555555556,900,9
1788681552,P1,60.827444444444446,900,9
1788681553,P1,60.949444444444445,900,9
1788681554,P1,61.39855555555556,900,9
1788681555,P1,61.562333333333335,900,9
1788681556,P1,61.14044444444444,900,9
1788681557,P1,60.99111111111111,900,9
1788681558,P1,64.07822222222222,900,9
1788681559,P1,65.53477777777778,900,9
1788681560,P1,62.8944,900,10
1788681561,P1,60.971333333333334,900,9
1788681562,P1,60.964,900,9
1788681563,P1,60.964,900,9
1788681564,P1,60.964,900,9
1788681565,P1,60.964,900,9
1788681566,P1,61.208666666666666,900,9
1788681567,P1,61.412333333333336,900,9
1788681568,P1,61.24911111111111,900,9
1788681569,P1,61.0128,900,10
1788681570,P1,60.964,900,9
1788681571,P1,60.882,900,9
1788681572,P1,60.841,900,9
1788681573,P1,60.922333333333334,900,9
1788681574,P1,60.88166666666667,900,9
1788681575,P1,60.841,900,9
1788681576,P1,61.167,900,9
1788681577,P1,61.39833333333333,900,9
1788681578,P1,61.208333333333336,900,9
1788681579,P1,63.38688888888889,900,9
1788681580,P1,71.9946,900,10
1788681581,P1,68.21166666666667,900,9
1788681582,P1,61.45633333333333,900,9
1788681583,P1,61.290333333333336,900,9
1788681584,P1,61.12733333333333,900,9
1788681585,P1,60.923,900,9
1788681586,P1,60.88166666666667,900,9
1788681587,P1,60.922333333333334,900,9
1788681588,P1,60.841,900,9
1788681589,P1,60.86833333333333,900,9
1788681590,P1,61.2577,900,10
1788681591,P1,61.861333333333334,900,9
1788681592,P1,61.57533333333333,900,9
1788681593,P1,61.696999999999996,1080,9
1788681594,P1,62.839,1710,9
1788681595,P1,63.608000000000004,1710,9
1788681596,P1,83.59744444444445,1710,9
1788681597,P1,82.96155555555555,1710,9
1788681598,P1,68.19200000000001,1710,9
1788681599,P1,64.11266666666667,1710,9
1788681600,P1,63.923,1710,10
1788681601,P1,63.690444444444445,1710,9
1788681602,P1,63.55511111111111,1710,9
1788681603,P1,63.614,1710,9
1788681604,P1,63.573,1710,9
1788681605,P1,63.532,1710,9
1788681606,P1,63.52066666666666,1710,9
1788681607,P1,63.910333333333334,1710,9
1788681608,P1,64.352,1710,9
1788681609,P1,64.0589,1710,10
1788681610,P1,63.705222222222226,1710,9
1788681611,P1,63.655,1710,9
1788681612,P1,63.573,1710,9
1788681613,P1,63.532,1710,9
1788681614,P1,63.602,1710,9
1788681615,P1,63.555,1710,9
1788681616,P1,64.562,1710,9
1788681617,P1,64.93533333333333,1710,9
1788681618,P1,63.648,1240,9
1788681619,P1,61.8436,1005,10
1788681620,P1,63.49388888888889,1005,9
1788681621,P1,65.15366666666667,1005,9
1788681622,P1,63.55411111111111,1005,9
1788681623,P1,61.61633333333334,1005,9
1788681624,P1,61.37166666666667,1005,9
1788681625,P1,61.209,1005,9
1788681626,P1,61.209,1005,9
1788681627,P1,61.208666666666666,1005,9
1788681628,P1,61.208333333333336,1005,9
1788681629,P1,68.7579,1005,10
1788681630,P1,69.78333333333333,1005,9
1788681631,P1,62.37777777777777,1005,9
1788681632,P1,61.87088888888889,1005,9
1788681633,P1,61.574666666666666,1005,9
1788681634,P1,61.28933333333333,1005,9
1788681635,P1,61.208333333333336,1005,9
1788681636,P1,61.209,1005,9
1788681637,P1,61.209,1005,9
1788681638,P1,61.209,1005,9
1788681639,P1,61.6982,1287,10
1788681640,P1,84.87833333333333,1710,9
1788681641,P1,88.77188888888888,1710,9
1788681642,P1,71.57133333333333,1710,9
1788681643,P1,66.1891111111111,1710,9
1788681644,P1,65.45155555555556,1710,9
1788681645,P1,64.51466666666667,1710,9
1788681646,P1,64.31133333333334,1710,9
1788681647,P1,64.15433333333334,1710,9
1788681648,P1,63.96233333333333,1710,9
1788681649,P1,63.881,1710,9
1788681650,P1,63.3502,1386,10
1788681651,P1,66.13044444444445,900,9
1788681652,P1,65.55633333333333,900,9
1788681653,P1,62.04044444444445,900,9
1788681654,P1,60.983555555555554,900,9
1788681655,P1,60.964,900,9
1788681656,P1,60.964,900,9
1788681657,P1,60.964,900,9
1788681658,P1,60.96344444444444,900,9
1788681659,P1,60.963,900,9
1788681660,P1,61.453,900,10
1788681661,P1,61.806888888888885,900,9
1788681662,P1,61.49355555555555,900,9
1788681663,P1,61.19444444444444,900,9
1788681664,P1,61.01822222222222,900,9
1788681665,P1,62.96655555555555,900,9
1788681666,P1,65.339,900,9
1788681667,P1,63.952777777777776,900,9
1788681668,P1,60.75566666666666,900,9
1788681669,P1,60.75966666666667,900,9
1788681670,P1,60.8898,900,10
1788681671,P1,60.96344444444444,900,9
1788681672,P1,61.181333333333335,900,9
1788681673,P1,61.507666666666665,900,9
1788681674,P1,61.358222222222224,900,9
1788681675,P1,61.031777777777776,900,9
1788681676,P1,60.964,900,9
1788681677,P1,60.964,900,9
1788681678,P1,60.964,900,9
1788681679,P1,60.9636,900,10
1788681680,P1,60.90877777777778,900,9
1788681681,P1,61.22188888888889,900,9
1788681682,P1,61.64333333333334,900,9
1788681683,P1,61.46611111111111,900,9
1788681684,P1,61.221555555555554,900,9
1788681685,P1,61.031777777777776,900,9
1788681686,P1,61.611444444444444,900,9
1788681687,P1,71.65966666666667,900,9
1788681688,P1,70.124,900,9
1788681689,P1,61.2165,900,10
1788681690,P1,61.086,900,9
1788681691,P1,60.964,900,9
1788681692,P1,60.964,900,9
1788681693,P1,60.841,900,9
1788681694,P1,60.841,900,9
1788681695,P1,61.086,900,9
1788681696,P1,61.576,900,9
1788681697,P1,61.576,900,9
1788681698,P1,61.209,900,9
1788681699,P1,61.209,900,10
1788681700,P1,61.086,900,9
1788681701,P1,62.309,1620,9
1788681702,P1,63.532,1710,9
1788681703,P1,75.81422222222221,1710,9
1788681704,P1,86.72044444444444,1710,9
1788681705,P1,71.49066666666667,1710,9
1788681706,P1,63.888333333333335,1710,9
1788681707,P1,63.736333333333334,1710,9
1788681708,P1,63.655,1710,9
1788681709,P1,63.614,1710,9
1788681710,P1,63.5248,1710,10
1788681711,P1,63.62288888888889,1710,9
1788681712,P1,64.23988888888888,1710,9
1788681713,P1,64.78677777777777,1710,9
1788681714,P1,64.60266666666666,1710,9
1788681715,P1,64.21300000000001,1710,9
1788681716,P1,63.81766666666667,1710,9
1788681717,P1,63.69566666666667,1710,9
1788681718,P1,63.736333333333334,1710,9
1788681719,P1,63.584500000000006,1710,10
1788681720,P1,63.514,1710,9
1788681721,P1,63.467777777777776,1710,9
1788681722,P1,63.836666666666666,1710,9
1788681723,P1,64.53311111111111,1710,9
1788681724,P1,64.36455555555555,1710,9
1788681725,P1,63.30122222222222,1475,9
1788681726,P1,62.010444444444445,1005,9
1788681727,P1,61.644666666666666,1005,9
1788681728,P1,64.39777777777778,1005,9
1788681729,P1,63.2506,1005,10
1788681730,P1,61.24322222222222,1005,9
1788681731,P1,61.236111111111114,1005,9
1788681732,P1,61.331,1005,9
1788681733,P1,61.31744444444445,1005,9
1788681734,P1,61.22255555555556,1005,9
1788681735,P1,61.45333333333333,1005,9
1788681736,P1,62.903444444444446,1005,9
1788681737,P1,78.81644444444444,1005,9
1788681738,P1,70.72955555555556,1005,9
1788681739,P1,62.976444444444446,1005,9
1788681740,P1,61.9435,1005,10
1788681741,P1,61.575,1005,9
1788681742,P1,61.33,1005,9
1788681743,P1,61.209,1005,9
1788681744,P1,61.209,1005,9
1788681745,P1,61.209,1005,9
1788681746,P1,61.20811111111111,1005,9
1788681747,P1,64.36711111111111,1631.6666666666667,9
1788681748,P1,94.72122222222222,1710,9
1788681749,P1,74.98677777777777,1710,9
1788681750,P1,65.5129,1710,10
1788681751,P1,64.229,1710,9
1788681752,P1,63.759,1710,9
1788681753,P1,63.777,1710,9
1788681754,P1,63.637,1710,9
1788681755,P1,63.528555555555556,1710,9
1788681756,P1,63.74788888888889,1710,9
1788681757,P1,63.66855555555556,1710,9
1788681758,P1,62.24077777777778,1080,9
1788681759,P1,63.83555555555556,900,9
1788681760,P1,65.4512,900,10
1788681761,P1,61.541,900,9
1788681762,P1,61.33,900,9
1788681763,P1,61.086,900,9
1788681764,P1,60.977555555555554,900,9
1788681765,P1,60.964,900,9
1788681766,P1,60.85466666666667,900,9
1788681767,P1,60.841,900,9
1788681768,P1,60.841,900,9
1788681769,P1,60.841,900,9
1788681770,P1,61.281099999999995,900,10
1788681771,P1,61.453,900,9
1788681772,P1,61.086,900,9
1788681773,P1,64.63444444444444,900,9
1788681774,P1,66.83611111111111,900,9
1788681775,P1,62.42688888888889,900,9
1788681776,P1,60.968888888888884,900,9
1788681777,P1,60.964,900,9
1788681778,P1,60.964,900,9
1788681779,P1,60.86833333333333,900,9
1788681780,P1,60.841,900,10
1788681781,P1,61.385000000000005,900,9
1788681782,P1,61.54866666666667,900,9
1788681783,P1,61.29055555555556,900,9
1788681784,P1,61.11333333333333,900,9
1788681785,P1,60.89544444444444,900,9
1788681786,P1,60.841,900,9
1788681787,P1,60.93666666666667,900,9
1788681788,P1,60.85466666666667,900,9
1788681789,P1,60.841,900,10
1788681790,P1,60.95033333333333,900,9
1788681791,P1,61.28933333333333,900,9
1788681792,P1,61.43933333333334,900,9
1788681793,P1,61.236111111111114,900,9
1788681794,P1,63.99966666666667,900,9
1788681795,P1,69.87777777777778,900,9
1788681796,P1,66.46533333333333,900,9
1788681797,P1,61.81666666666666,900,9
1788681798,P1,61.57566666666667,900,9
1788681799,P1,61.24933333333333,900,9
1788681800,P1,61.0368,900,10
1788681801,P1,60.96344444444444,900,9
1788681802,P1,60.909333333333336,900,9
1788681803,P1,60.78677777777778,900,9
1788681804,P1,60.75966666666667,900,9
1788681805,P1,60.841,900,9
1788681806,P1,61.126666666666665,900,9
1788681807,P1,61.657000000000004,900,9
1788681808,P1,61.977000000000004,1080,9
1788681809,P1,63.147666666666666,1710,9
1788681810,P1,64.6762,1710,10
1788681811,P1,91.07033333333334,1710,9
1788681812,P1,86.22077777777777,1710,9
1788681813,P1,66.761,1710,9
1788681814,P1,64.16344444444445,1710,9
1788681815,P1,63.79977777777778,1710,9
1788681816,P1,63.650555555555556,1710,9
1788681817,P1,63.54366666666667,1710,9
1788681818,P1,63.42355555555555,1710,9
1788681819,P1,63.5076,1710,10
1788681820,P1,63.532,1710,9
1788681821,P1,63.62444444444445,1710,9
1788681822,P1,64.1631111111111,1710,9
1788681823,P1,64.2458888888889,1710,9
1788681824,P1,63.81333333333333,1710,9
1788681825,P1,63.63455555555556,1710,9
1788681826,P1,63.525666666666666,1710,9
1788681827,P1,63.514,1710,9
1788681828,P1,63.598,1710,10
1788681829,P1,63.525666666666666,1710,9
1788681830,P1,63.42155555555555,1710,9
1788681831,P1,64.26244444444444,1710,9
1788681832,P1,64.67922222222222,1710,9
1788681833,P1,62.995333333333335,1161.6666666666667,9
1788681834,P1,61.60044444444445,1005,9
1788681835,P1,62.06633333333333,1005,9
1788681836,P1,63.718111111111114,1005,9
1788681837,P1,63.13288888888889,1005,9
1788681838,P1,61.489666666666665,1005,9
1788681839,P1,61.4042,1005,10
1788681840,P1,61.27677777777778,1005,9
1788681841,P1,61.263222222222225,1005,9
1788681842,P1,61.331,1005,9
1788681843,P1,61.27677777777778,1005,9
1788681844,P1,67.6168888888889,1005,9
1788681845,P1,74.60944444444445,1005,9
1788681846,P1,66.85455555555555,1005,9
1788681847,P1,61.24322222222222,1005,9
1788681848,P1,61.48077777777778,1005,9
1788681849,P1,62.3219,1005,10
1788681850,P1,61.95611111111111,1005,9
1788681851,P1,61.52077777777778,1005,9
1788681852,P1,61.30388888888889,1005,9
1788681853,P1,61.209,1005,9
1788681854,P1,61.45344444444444,1161.6666666666667,9
1788681855,P1,66.16855555555556,1710,9
1788681856,P1,94.24277777777777,1710,9
1788681857,P1,74.75922222222222,1710,9
1788681858,P1,64.77377777777778,1710,9
1788681859,P1,63.65988888888889,1710,9
1788681860,P1,63.5425,1710,10
1788681861,P1,63.514,1710,9
1788681862,P1,63.619,1710,9
1788681863,P1,64.23,1710,9
1788681864,P1,64.474,1710,9
1788681865,P1,64.004,1710,9
1788681866,P1,63.27444444444444,990,9
1788681867,P1,72.15666666666667,900,9
1788681868,P1,64.51044444444443,900,9
1788681869,P1,60.983444444444444,900,9
1788681870,P1,60.9631,900,10
1788681871,P1,61.01833333333333,900,9
1788681872,P1,61.46666666666667,900,9
1788681873,P1,61.535222222222224,900,9
1788681874,P1,61.19533333333334,900,9
1788681875,P1,61.07244444444444,900,9
1788681876,P1,60.964,900,9
1788681877,P1,60.964,900,9
1788681878,P1,60.964,900,9
1788681879,P1,60.964,900,9
1788681880,P1,60.964,900,10
1788681881,P1,64.33466666666666,900,9
1788681882,P1,66.009,900,9
1788681883,P1,61.876,900,9
1788681884,P1,61.576,900,9
1788681885,P1,61.209,900,9
1788681886,P1,61.086,900,9
1788681887,P1,60.841,900,9
1788681888,P1,60.841,900,9
1788681889,P1,60.841,900,10
1788681890,P1,60.718,900,9
1788681891,P1,60.841,900,9
1788681892,P1,60.841,900,9
1788681893,P1,61.208,900,9
1788681894,P1,61.453,900,9
1788681895,P1,61.086,900,9
1788681896,P1,60.841,900,9
1788681897,P1,60.841,900,9
1788681898,P1,60.964,900,9
1788681899,P1,60.853300000000004,900,10
1788681900,P1,60.841,900,9
1788681901,P1,60.964,900,9
1788681902,P1,66.28266666666667,900,9
1788681903,P1,71.23644444444444,900,9
1788681904,P1,65.26633333333334,900,9
1788681905,P1,60.797666666666665,900,9
1788681906,P1,60.89566666666666,900,9
1788681907,P1,60.909333333333336,900,9
1788681908,P1,61.05877777777778,900,9
1788681909,P1,61.5145,900,10
1788681910,P1,61.425777777777775,900,9
1788681911,P1,61.07244444444444,900,9
1788681912,P1,60.964,900,9
1788681913,P1,60.909333333333336,900,9
1788681914,P1,60.841,900,9
1788681915,P1,60.89566666666666,900,9
1788681916,P1,61.56177777777778,1260,9
1788681917,P1,62.84455555555556,1710,9
1788681918,P1,65.49766666666667,1710,9
1788681919,P1,90.1182,1710,10
1788681920,P1,76.826,1710,9
1788681921,P1,63.699,1710,9
1788681922,P1,63.532,1710,9
1788681923,P1,63.514,1710,9
1788681924,P1,64.352,1710,9
1788681925,P1,64.615,1710,9
1788681926,P1,64.022,1710,9
1788681927,P1,63.788222222222224,1710,9
1788681928,P1,63.541222222222224,1710,9
1788681929,P1,63.530199999999994,1710,10
1788681930,P1,63.655,1710,9
1788681931,P1,63.532,1710,9
1788681932,P1,63.514,1710,9
1788681933,P1,63.618,1710,9
1788681934,P1,64.229,1710,9
1788681935,P1,64.492,1710,9
1788681936,P1,64.07333333333334,1710,9
1788681937,P1,63.80411111111111,1710,9
1788681938,P1,63.6672,1710,10
1788681939,P1,63.637,1710,9
1788681940,P1,63.619,1710,9
1788681941,P1,62.414,1005,9
1788681942,P1,61.209,1005,9
1788681943,P1,64.08022222222222,1005,9
1788681944,P1,64.78166666666667,1005,9
1788681945,P1,61.906777777777776,1005,9
1788681946,P1,61.21877777777778,1005,9
1788681947,P1,61.61633333333334,1005,9
1788681948,P1,61.983333333333334,1005,9
1788681949,P1,61.722,1005,10
1788681950,P1,61.480111111111114,1005,9
1788681951,P1,61.358111111111114,1005,9
1788681952,P1,73.04333333333334,1005,9
1788681953,P1,71.64866666666666,1005,9
1788681954,P1,64.21,1005,9
1788681955,P1,61.305,1005,9
1788681956,P1,61.331,1005,9
1788681957,P1,61.263222222222225,1005,9
1788681958,P1,61.208444444444446,1005,9
1788681959,P1,61.751888888888885,1005,9
1788681960,P1,62.1138,1005,10
1788681961,P1,61.81966666666667,1005,9
1788681962,P1,62.26833333333334,1396.6666666666667,9
1788681963,P1,78.93522222222222,1710,9
1788681964,P1,84.73966666666666,1710,9
1788681965,P1,71.18700000000001,1710,9
1788681966,P1,63.887,1710,9
1788681967,P1,63.724333333333334,1710,9
1788681968,P1,63.649,1710,9
1788681969,P1,63.637,1710,9
1788681970,P1,63.637,1710,9
1788681971,P1,63.637,1710,10
1788681972,P1,63.63666666666667,1710,9
1788681973,P1,63.071666666666665,1530,9
1788681974,P1,66.70633333333333,900,9
1788681975,P1,68.062,900,9
1788681976,P1,63.175222222222224,900,9
1788681977,P1,60.988,900,9
1788681978,P1,60.96333333333333,900,9
1788681979,P1,60.964,900,9
1788681980,P1,60.964,900,9
1788681981,P1,60.964,900,10
1788681982,P1,60.909333333333336,900,9
1788681983,P1,61.00411111111111,900,9
1788681984,P1,61.37111111111111,900,9
1788681985,P1,61.41188888888889,900,9
1788681986,P1,61.099555555555554,900,9
1788681987,P1,60.964,900,9
1788681988,P1,61.81222222222222,900,9
1788681989,P1,64.46855555555555,900,9
1788681990,P1,64.89922222222222,900,9
1788681991,P1,60.998222222222225,900,9
1788681992,P1,60.9637,900,10
1788681993,P1,60.96333333333333,900,9
1788681994,P1,60.964,900,9
1788681995,P1,61.127,900,9
1788681996,P1,61.494,900,9
1788681997,P1,61.41266666666667,900,9
1788681998,P1,61.05888888888889,900,9
1788681999,P1,60.93666666666667,900,9
1788682000,P1,60.841,900,9
1788682001,P1,60.89544444444444,900,9
1788682002,P1,61.049099999999996,900,10
1788682003,P1,60.922333333333334,900,9
1788682004,P1,60.882,900,9
1788682005,P1,61.29033333333333,900,9
1788682006,P1,61.861333333333334,900,9
1788682007,P1,61.57533333333333,900,9
1788682008,P1,61.275777777777776,900,9
1788682009,P1,61.086,900,9
1788682010,P1,70.28977777777777,900,9
1788682011,P1,69.396,900,9
1788682012,P1,62.79,900,10
1788682013,P1,61.10455555555556,900,9
1788682014,P1,60.977555555555554,900,9
1788682015,P1,60.85466666666667,900,9
1788682016,P1,60.73166666666667,900,9
1788682017,P1,60.827333333333335,900,9
1788682018,P1,60.95033333333333,900,9
1788682019,P1,60.85466666666667,900,9
1788682020,P1,61.275666666666666,900,9
1788682021,P1,61.52055555555556,900,9
1788682022,P1,61.1838,900,10
1788682023,P1,60.977555555555554,900,9
1788682024,P1,62.14355555555555,1620,9
1788682025,P1,63.37811111111111,1710,9
1788682026,P1,76.13866666666667,1710,9
1788682027,P1,87.95022222222222,1710,9
1788682028,P1,71.08533333333334,1710,9
1788682029,P1,64.36566666666667,1710,9
1788682030,P1,64.003,1710,9
1788682031,P1,63.718333333333334,1710,9
1788682032,P1,63.637,1710,9
1788682033,P1,63.6298,1710,10
1788682034,P1,63.56477777777778,1710,9
1788682035,P1,63.45033333333333,1710,9
1788682036,P1,63.43266666666667,1710,9
1788682037,P1,63.79333333333334,1710,9
1788682038,P1,64.47433333333333,1710,9
1788682039,P1,64.515,1710,9
1788682040,P1,63.991,1710,9
1788682041,P1,63.718333333333334,1710,9
1788682042,P1,63.631,1710,9
1788682043,P1,63.577,1710,10
1788682044,P1,63.47933333333334,1710,9
1788682045,P1,63.44466666666666,1710,9
1788682046,P1,63.549,1710,9
1788682047,P1,64.108,1710,9
1788682048,P1,64.56233333333333,1475,9
1788682049,P1,62.909,1005,9
1788682050,P1,61.575,1005,9
1788682051,P1,66.45322222222222,1005,9
1788682052,P1,64.756,1005,9
1788682053,P1,61.5124,1005,10
1788682054,P1,61.43944444444445,1005,9
1788682055,P1,61.31744444444445,1005,9
1788682056,P1,61.209,1005,9
1788682057,P1,61.209,1005,9
1788682058,P1,61.209,1005,9
1788682059,P1,61.416111111111114,1005,9
1788682060,P1,73.78744444444445,1005,9
1788682061,P1,72.65844444444444,1005,9
1788682062,P1,62.63144444444444,1005,9
1788682063,P1,61.34444444444445,1005,9
1788682064,P1,61.6613,1005,10
1788682065,P1,61.942,1005,9
1788682066,P1,61.575,1005,9
1788682067,P1,61.331,1005,9
1788682068,P1,61.331,1005,9
1788682069,P1,61.331,1005,9
1788682070,P1,62.30966666666667,1553.3333333333333,9
1788682071,P1,89.102,1710,9
1788682072,P1,83.71000000000001,1710,9
1788682073,P1,70.00777777777778,1710,9
1788682074,P1,63.77133333333334,1710,9
1788682075,P1,63.57622222222223,1710,9
1788682076,P1,63.5878,1710,10
1788682077,P1,63.567,1710,9
1788682078,P1,64.568,1710,9
1788682079,P1,64.92266666666666,1710,9
1788682080,P1,64.44566666666667,1710,9
1788682081,P1,63.239111111111114,1260,9
1788682082,P1,67.90788888888889,900,9
1788682083,P1,66.80622222222222,900,9
1788682084,P1,62.40333333333333,900,9
1788682085,P1,60.82233333333333,900,9
1788682086,P1,60.927099999999996,900,10
1788682087,P1,60.96322222222222,900,9
1788682088,P1,61.34411111111111,900,9
1788682089,P1,61.64277777777778,900,9
1788682090,P1,61.371,900,9
1788682091,P1,61.04533333333333,900,9
1788682092,P1,60.964,900,9
1788682093,P1,60.964,900,9
1788682094,P1,60.964,900,9
1788682095,P1,60.963300000000004,900,10
1788682096,P1,63.70711111111111,900,9
1788682097,P1,66.25911111111111,900,9
1788682098,P1,62.91466666666667,900,9
1788682099,P1,61.14833333333333,900,9
1788682100,P1,61.46666666666667,900,9
1788682101,P1,61.303777777777775,900,9
1788682102,P1,61.01766666666666,900,9
1788682103,P1,60.96366666666667,900,9
1788682104,P1,60.882,900,9
1788682105,P1,60.841,900,9
1788682106,P1,60.927099999999996,900,10
1788682107,P1,60.86833333333333,900,9
1788682108,P1,60.841,900,9
1788682109,P1,61.249,900,9
1788682110,P1,61.534333333333336,900,9
1788682111,P1,61.331,900,9
1788682112,P1,61.209,900,9
1788682113,P1,61.045,900,9
1788682114,P1,60.88166666666667,900,9
1788682115,P1,60.841,900,9
1788682116,P1,60.7556,900,10
1788682117,P1,62.033,900,9
1788682118,P1,67.325,900,9
1788682119,P1,67.132,900,9
1788682120,P1,60.98111111111111,900,9
1788682121,P1,60.95033333333333,900,9
1788682122,P1,60.841,900,9
1788682123,P1,60.85466666666667,900,9
1788682124,P1,60.95033333333333,900,9
1788682125,P1,60.88177777777778,900,9
1788682126,P1,61.257,900,10
1788682127,P1,61.37144444444445,900,9
1788682128,P1,61.05888888888889,900,9
1788682129,P1,60.964,900,9
1788682130,P1,60.95033333333333,900,9
1788682131,P1,61.004111111111115,990,9
1788682132,P1,62.47211111111111,1710,9
1788682133,P1,63.74977777777778,1710,9
1788682134,P1,79.3651111111111,1710,9
1788682135,P1,82.0441111111111,1710,9
1788682136,P1,68.1424,1710,10
1788682137,P1,63.594,1710,9
1788682138,P1,63.52,1710,9
1788682139,P1,63.50266666666667,1710,9
1788682140,P1,63.57833333333333,1710,9
1788682141,P1,64.10766666666667,1710,9
1788682142,P1,64.364,1710,9
1788682143,P1,63.97466666666667,1710,9
1788682144,P1,63.68366666666667,1710,9
1788682145,P1,63.637,1710,9
1788682146,P1,63.574,1710,10
1788682147,P1,63.532,1710,9
1788682148,P1,63.532,1710,9
1788682149,P1,63.45066666666666,1710,9
1788682150,P1,64.552,1710,9
1788682151,P1,64.86566666666667,1710,9
1788682152,P1,64.329,1710,9
1788682153,P1,63.92166666666667,1710,9
1788682154,P1,63.69122222222222,1710,9
1788682155,P1,63.57866666666666,1710,9
1788682156,P1,62.798199999999994,1287,10
1788682157,P1,61.57566666666667,1005,9
1788682158,P1,62.245111111111115,1005,9
1788682159,P1,66.32444444444445,1005,9
1788682160,P1,63.619777777777784,1005,9
1788682161,P1,61.24322222222222,1005,9
1788682162,P1,61.209,1005,9
1788682163,P1,61.209,1005,9
1788682164,P1,61.236111111111114,1005,9
1788682165,P1,61.412333333333336,1005,9
1788682166,P1,61.7216,1005,10
1788682167,P1,65.06477777777778,1005,9
1788682168,P1,76.16088888888889,1005,9
1788682169,P1,69.68033333333332,1005,9
1788682170,P1,61.26766666666666,1005,9
1788682171,P1,61.22244444444445,1005,9
1788682172,P1,61.33,1005,9
1788682173,P1,61.30311111111111,1005,9
1788682174,P1,61.236111111111114,1005,9
1788682175,P1,61.331,1005,9
1788682176,P1,61.4044,1005,10
1788682177,P1,62.074444444444445,1083.3333333333333,9
1788682178,P1,71.54222222222222,1710,9
1788682179,P1,94.37066666666666,1710,9
1788682180,P1,77.89944444444444,1710,9
1788682181,P1,63.733111111111114,1710,9
1788682182,P1,63.64044444444445,1710,9
1788682183,P1,63.51844444444444,1710,9
1788682184,P1,63.42155555555555,1710,9
1788682185,P1,63.51211111111111,1710,9
1788682186,P1,63.4865,1710,10
1788682187,P1,63.50066666666667,1710,9
1788682188,P1,64.24766666666667,1710,9
1788682189,P1,64.70333333333333,900,9
1788682190,P1,71.363,900,9
1788682191,P1,63.038555555555554,900,9
1788682192,P1,60.980888888888884,900,9
1788682193,P1,60.93588888888889,900,9
1788682194,P1,60.841,900,9
1788682195,P1,60.85466666666667,900,9
1788682196,P1,61.1598,900,10
1788682197,P1,61.888555555555556,900,9
1788682198,P1,61.61622222222222,900,9
1788682199,P1,61.275777777777776,900,9
1788682200,P1,61.05888888888889,900,9
1788682201,P1,60.964,900,9
1788682202,P1,60.95033333333333,900,9
1788682203,P1,60.827444444444446,900,9
1788682204,P1,64.85533333333333,900,9
1788682205,P1,66.07355555555554,900,9
1788682206,P1,61.6838,900,10
1788682207,P1,61.209,900,9
1788682208,P1,61.209,900,9
1788682209,P1,61.209,900,9
1788682210,P1,61.802,900,9
1788682211,P1,62.047,900,9
1788682212,P1,61.453,900,9
1788682213,P1,61.209,900,9
1788682214,P1,61.209,900,9
1788682215,P1,61.20811111111111,900,9
1788682216,P1,61.0982,900,10
1788682217,P1,61.086,900,9
1788682218,P1,61.209,900,9
1788682219,P1,61.209,900,9
1788682220,P1,62.064,900,9
1788682221,P1,62.309,900,9
1788682222,P1,61.453,900,9
1788682223,P1,61.209,900,9
1788682224,P1,61.209,900,9
1788682225,P1,66.74666666666667,900,9
1788682226,P1,69.67433333333334,900,9
1788682227,P1,64.92,900,10
1788682228,P1,61.150444444444446,900,9
1788682229,P1,61.01822222222222,900,9
1788682230,P1,60.964,900,9
1788682231,P1,60.89566666666666,900,9
1788682232,P1,60.841,900,9
1788682233,P1,60.909333333333336,900,9
1788682234,P1,61.507888888888886,900,9
1788682235,P1,61.806888888888885,900,9
1788682236,P1,61.477199999999996,900,10
1788682237,P1,61.19444444444444,900,9
1788682238,P1,61.01822222222222,900,9
1788682239,P1,61.778999999999996,1350,9
1788682240,P1,63.111,1710,9
1788682241,P1,66.95811111111111,1710,9
1788682242,P1,90.23955555555555,1710,9
1788682243,P1,77.871,1710,9
1788682244,P1,63.74,1710,9
1788682245,P1,63.637,1710,9
1788682246,P1,63.636,1710,9
1788682247,P1,63.530199999999994,1710,10
1788682248,P1,63.514,1710,9
1788682249,P1,63.49088888888889,1710,9
1788682250,P1,63.516555555555556,1710,9
1788682251,P1,64.40777777777778,1710,9
1788682252,P1,64.625,1710,9
1788682253,P1,63.85588888888889,1710,9
1788682254,P1,63.655,1710,9
1788682255,P1,63.63944444444444,1710,9
1788682256,P1,63.513,1710,9
1788682257,P1,63.5004,1710,10
1788682258,P1,63.48688888888889,1710,9
1788682259,P1,63.403555555555556,1710,9
1788682260,P1,63.59111111111111,1710,9
1788682261,P1,64.37922222222223,1710,9
1788682262,P1,64.529,1710,9
1788682263,P1,63.824,1710,9
1788682264,P1,62.388555555555556,1005,9
1788682265,P1,61.209,1005,9
1788682266,P1,65.2655,1005,10
1788682267,P1,67.58444444444444,1005,9
1788682268,P1,63.43866666666667,1005,9
1788682269,P1,61.78666666666667,1005,9
1788682270,P1,61.73866666666667,1005,9
1788682271,P1,61.534666666666666,1005,9
1788682272,P1,61.52077777777778,1005,9
1788682273,P1,61.64333333333334,1005,9
1788682274,P1,61.629666666666665,1005,9
1788682275,P1,74.27544444444445,1005,9
1788682276,P1,74.75722222222223,1005,9
1788682277,P1,66.1425,1005,10
1788682278,P1,62.43255555555555,1005,9
1788682279,P1,62.03733333333333,1005,9
1788682280,P1,61.75222222222222,1005,9
1788682281,P1,61.629666666666665,1005,9
1788682282,P1,61.52077777777778,1005,9
1788682283,P1,61.507222222222225,1005,9
1788682284,P1,61.575,1005,9
1788682285,P1,62.056333333333335,1318.3333333333333,9
1788682286,P1,84.23188888888889,1710,9
1788682287,P1,80.0204,1710,10
1788682288,P1,64.67033333333333,1710,9
1788682289,P1,64.45288888888889,1710,9
1788682290,P1,63.976333333333336,1710,9
1788682291,P1,63.70477777777778,1710,9
1788682292,P1,63.590333333333334,1710,9
1788682293,P1,63.46977777777778,1710,9
1788682294,P1,63.446666666666665,1710,9
1788682295,P1,63.522555555555556,1710,9
1788682296,P1,62.8595,1305,10
1788682297,P1,69.25122222222222,900,9
1788682298,P1,67.78477777777778,900,9
1788682299,P1,62.92733333333333,900,9
1788682300,P1,61.21877777777778,900,9
1788682301,P1,61.209,900,9
1788682302,P1,61.209,900,9
1788682303,P1,61.14066666666667,900,9
1788682304,P1,61.086,900,9
1788682305,P1,61.154333333333334,900,9
1788682306,P1,61.7958,900,10
1788682307,P1,62.023666666666664,900,9
1788682308,P1,61.73811111111111,900,9
1788682309,P1,61.43944444444445,900,9
1788682310,P1,61.263222222222225,900,9
1788682311,P1,63.26888888888889,900,9
1788682312,P1,65.66966666666667,900,9
1788682313,P1,64.16688888888889,900,9
1788682314,P1,60.797666666666665,900,9
1788682315,P1,60.89566666666666,900,9
1788682316,P1,60.9025,900,10
1788682317,P1,60.909333333333336,900,9
1788682318,P1,61.23566666666667,900,9
1788682319,P1,61.453,900,9
1788682320,P1,61.24911111111111,900,9
1788682321,P1,61.01822222222222,900,9
1788682322,P1,60.964,900,9
1788682323,P1,60.96344444444444,900,9
1788682324,P1,60.963,900,9
1788682325,P1,60.89522222222222,900,9
1788682326,P1,60.841,900,10
1788682327,P1,61.45322222222222,900,9
1788682328,P1,61.806888888888885,900,9
1788682329,P1,61.425777777777775,900,9
1788682330,P1,61.07244444444444,900,9
1788682331,P1,60.89566666666666,900,9
1788682332,P1,60.841,900,9
1788682333,P1,69.801,900,9
1788682334,P1,68.088,900,9
1788682335,P1,61.03,900,9
1788682336,P1,60.9517,900,10
1788682337,P1,60.841,900,9
1788682338,P1,60.85466666666667,900,9
1788682339,P1,60.95033333333333,900,9
1788682340,P1,60.841,900,9
1788682341,P1,60.719,900,9
1788682342,P1,60.841,900,9
1788682343,P1,60.963,900,9
1788682344,P1,61.208,900,9
1788682345,P1,61.33,900,9
1788682346,P1,61.2083,900,10
1788682347,P1,62.458444444444446,1710,9
1788682348,P1,63.654,1710,9
1788682349,P1,81.00422222222223,1710,9
1788682350,P1,84.922,1710,9
1788682351,P1,69.28099999999999,1710,9
1788682352,P1,64.32222222222222,1710,9
1788682353,P1,64.22955555555556,1710,9
1788682354,P1,64.19433333333333,1710,9
1788682355,P1,64.04366666666667,1710,9
1788682356,P1,63.9226,1710,10
1788682357,P1,63.99344444444445,1710,9
1788682358,P1,63.949333333333335,1710,9
1788682359,P1,64.253,1710,9
1788682360,P1,64.88111111111111,1710,9
1788682361,P1,64.81344444444444,1710,9
1788682362,P1,64.41933333333334,1710,9
1788682363,P1,64.276,1710,9
1788682364,P1,64.09133333333334,1710,9
1788682365,P1,64.06320000000001,1710,10
1788682366,P1,64.06277777777778,1710,9
1788682367,P1,63.985,1710,9
1788682368,P1,64.1481111111111,1710,9
1788682369,P1,64.94933333333333,1710,9
1788682370,P1,65.696,1710,9
1788682371,P1,64.61733333333333,1396.6666666666667,9
1788682372,P1,62.745333333333335,1005,9
1788682373,P1,62.54222222222222,1005,9
1788682374,P1,66.43866666666666,1005,9
1788682375,P1,66.131,1005,9
1788682376,P1,61.4926,1005,10
1788682377,P1,61.453,1005,9
1788682378,P1,61.43933333333334,1005,9
1788682379,P1,61.33,1005,9
1788682380,P1,61.33011111111111,1005,9
1788682381,P1,61.31744444444445,1005,9
1788682382,P1,63.04655555555556,1005,9
1788682383,P1,79.6361111111111,1005,9
1788682384,P1,70.252,1005,9
1788682385,P1,61.252,1005,9
1788682386,P1,61.698,1005,9
1788682387,P1,61.9176,1005,10
1788682388,P1,61.575,1005,9
1788682389,P1,61.331,1005,9
1788682390,P1,61.209,1005,9
1788682391,P1,61.209,1005,9
1788682392,P1,61.34277777777778,1083.3333333333333,9
1788682393,P1,67.46166666666666,1710,9
1788682394,P1,95.47766666666666,1710,9
1788682395,P1,77.639,1710,9
1788682396,P1,63.699,1710,9
1788682397,P1,64.2593,1710,10
1788682398,P1,64.31777777777778,1710,9
1788682399,P1,63.88633333333333,1710,9
1788682400,P1,63.74977777777778,1710,9
1788682401,P1,63.529999999999994,1710,9
1788682402,P1,63.514,1710,9
1788682403,P1,63.35288888888889,1620,9
1788682404,P1,63.21344444444444,900,9
1788682405,P1,70.68722222222222,900,9
1788682406,P1,65.47177777777777,900,9
1788682407,P1,61.709888888888884,900,9
1788682408,P1,61.404,900,10
1788682409,P1,61.20822222222222,900,9
1788682410,P1,61.209,900,9
1788682411,P1,61.20877777777778,900,9
1788682412,P1,61.20811111111111,900,9
1788682413,P1,61.19533333333334,900,9
1788682414,P1,61.086,900,9
1788682415,P1,61.18111111111111,900,9
1788682416,P1,61.955555555555556,900,9
1788682417,P1,61.9418,900,10
1788682418,P1,61.96466666666667,900,9
1788682419,P1,65.079,900,9
1788682420,P1,65.84266666666667,900,9
1788682421,P1,61.00311111111111,900,9
1788682422,P1,60.96388888888889,900,9
1788682423,P1,60.963,900,9
1788682424,P1,60.841,900,9
1788682425,P1,60.841,900,9
1788682426,P1,60.964,900,9
1788682427,P1,61.6857,900,10
1788682428,P1,61.54777777777778,900,9
1788682429,P1,61.30288888888889,900,9
1788682430,P1,61.07244444444444,900,9
1788682431,P1,60.964,900,9
1788682432,P1,60.964,900,9
1788682433,P1,60.841,900,9
1788682434,P1,60.719,900,9
1788682435,P1,60.841,900,9
1788682436,P1,60.963,900,9
1788682437,P1,61.1227,900,10
1788682438,P1,61.453,900,9
1788682439,P1,61.412222222222226,900,9
1788682440,P1,66.03255555555556,900,9
1788682441,P1,69.37688888888889,900,9
1788682442,P1,63.859,900,9
1788682443,P1,61.31166666666667,900,9
1788682444,P1,61.044666666666664,900,9
1788682445,P1,61.031333333333336,900,9
1788682446,P1,61.01822222222222,900,9
1788682447,P1,60.8902,900,10
1788682448,P1,60.923,900,9
1788682449,P1,60.882,900,9
1788682450,P1,60.75966666666667,900,9
1788682451,P1,61.127,900,9
1788682452,P1,61.49433333333334,900,9
1788682453,P1,61.24933333333333,900,9
1788682454,P1,61.891,1350,9
1788682455,P1,63.282777777777774,1710,9
1788682456,P1,67.95722222222223,1710,9
1788682457,P1,88.2691,1710,10
1788682458,P1,72.7881111111111,1710,9
1788682459,P1,64.485,1710,9
1788682460,P1,64.003,1710,9
1788682461,P1,63.655,1710,9
1788682462,P1,63.637,1710,9
1788682463,P1,63.514,1710,9
1788682464,P1,63.409,1710,9
1788682465,P1,63.514,1710,9
1788682466,P1,63.6712,1710,10
1788682467,P1,65.05877777777778,1710,9
1788682468,P1,64.773,1710,9
1788682469,P1,64.17677777777777,1710,9
1788682470,P1,63.745333333333335,1710,9
1788682471,P1,63.62244444444445,1710,9
1788682472,P1,63.50233333333333,1710,9
1788682473,P1,63.422666666666665,1710,9
1788682474,P1,63.532,1710,9
1788682475,P1,63.530199999999994,1710,10
1788682476,P1,63.59355555555556,1710,9
1788682477,P1,64.24355555555556,1710,9
1788682478,P1,64.15011111111112,1710,9
1788682479,P1,62.401222222222216,1005,9
1788682480,P1,61.331,1005,9
1788682481,P1,65.35966666666667,1005,9
1788682482,P1,67.72844444444445,1005,9
1788682483,P1,63.449666666666666,1005,9
1788682484,P1,61.705333333333336,1005,9
1788682485,P1,61.611900000000006,1005,10
1788682486,P1,61.575,1005,9
1788682487,P1,61.575,1005,9
1788682488,P1,61.49366666666667,1005,9
1788682489,P1,61.453,1005,9
1788682490,P1,74.953,1005,9
1788682491,P1,73.69466666666666,1005,9
1788682492,P1,65.69977777777778,1005,9
1788682493,P1,62.18811111111111,1005,9
1788682494,P1,61.79277777777778,1005,9
1788682495,P1,61.507222222222225,1005,9
1788682496,P1,61.3792,1005,10
1788682497,P1,61.26277777777778,1005,9
1788682498,P1,61.27677777777778,1005,9
1788682499,P1,61.330444444444446,1005,9
1788682500,P1,61.94166666666666,1396.6666666666667,9
1788682501,P1,87.1181111111111,1710,9
1788682502,P1,79.129,1710,9
1788682503,P1,64.71155555555556,1710,9
1788682504,P1,64.52088888888889,1710,9
1788682505,P1,64.0586,1710,10
1788682506,P1,63.727444444444444,1710,9
1788682507,P1,63.68677777777778,1710,9
1788682508,P1,63.751,1710,9
1788682509,P1,63.69122222222222,1710,9
1788682510,P1,63.559222222222225,1710,9
1788682511,P1,62.75922222222222,1260,9
1788682512,P1,68.20188888888889,900,9
1788682513,P1,65.9678888888889,900,9
1788682514,P1,62.550555555555555,900,9
1788682515,P1,61.144,900,10
1788682516,P1,61.004666666666665,900,9
1788682517,P1,61.04533333333333,900,9
1788682518,P1,61.004,900,9
1788682519,P1,60.88166666666667,900,9
1788682520,P1,60.922333333333334,900,9
1788682521,P1,61.045,900,9
1788682522,P1,61.330666666666666,900,9
1788682523,P1,61.453,900,9
1788682524,P1,61.24911111111111,900,9
1788682525,P1,61.0128,900,10
1788682526,P1,62.66155555555555,900,9
1788682527,P1,64.767,900,9
1788682528,P1,63.04377777777778,900,9
1788682529,P1,60.97377777777778,900,9
1788682530,P1,60.96344444444444,900,9
1788682531,P1,60.89522222222222,900,9
1788682532,P1,60.841,900,9
1788682533,P1,61.11322222222223,900,9
1788682534,P1,61.385222222222225,900,9
1788682535,P1,61.34455555555556,900,9
1788682536,P1,61.1475,900,10
1788682537,P1,60.949888888888886,900,9
1788682538,P1,60.841,900,9
1788682539,P1,60.923,900,9
1788682540,P1,60.882,900,9
1788682541,P1,60.75966666666667,900,9
1788682542,P1,60.78677777777778,900,9
1788682543,P1,61.181000000000004,900,9
1788682544,P1,61.589111111111116,900,9
1788682545,P1,61.4778,900,10
1788682546,P1,61.16766666666667,900,9
1788682547,P1,60.922666666666665,900,9
1788682548,P1,67.51266666666666,900,9
1788682549,P1,70.81444444444443,900,9
1788682550,P1,62.12266666666666,900,9
1788682551,P1,61.291777777777774,900,9
1788682552,P1,61.43933333333334,900,9
1788682553,P1,61.126777777777775,900,9
1788682554,P1,60.977555555555554,900,9
1788682555,P1,60.964,900,10
1788682556,P1,60.841,900,9
1788682557,P1,60.719,900,9
1788682558,P1,60.827444444444446,900,9
1788682559,P1,60.841,900,9
1788682560,P1,60.73255555555556,900,9
1788682561,P1,61.153666666666666,900,9
1788682562,P1,62.62222222222222,1530,9
1788682563,P1,63.66833333333334,1710,9
1788682564,P1,70.53822222222223,1710,9
1788682565,P1,85.089,1710,9
1788682566,P1,71.9259,1710,10
1788682567,P1,64.08133333333333,1710,9
1788682568,P1,64.51466666666667,1710,9
1788682569,P1,64.35766666666667,1710,9
1788682570,P1,63.846333333333334,1710,9
1788682571,P1,63.771,1710,9
1788682572,P1,63.70455555555556,1710,9
1788682573,P1,63.518,1710,9
1788682574,P1,63.55933333333333,1710,9
1788682575,P1,63.655,1710,10
1788682576,P1,63.934000000000005,1710,9
1788682577,P1,64.60833333333333,1710,9
1788682578,P1,64.59633333333333,1710,9
1788682579,P1,63.991,1710,9
1788682580,P1,63.73588888888889,1710,9
1788682581,P1,63.62766666666667,1710,9
1788682582,P1,63.528,1710,9
1788682583,P1,63.537111111111116,1710,9
1788682584,P1,63.5817,1710,10
1788682585,P1,63.503,1710,9
1788682586,P1,63.35766666666667,1475,9
1788682587,P1,62.676,1005,9
1788682588,P1,61.778666666666666,1005,9
1788682589,P1,66.14411111111112,1005,9
1788682590,P1,64.02855555555556,1005,9
1788682591,P1,62.29922222222223,1005,9
1788682592,P1,61.964222222222226,1005,9
1788682593,P1,61.61577777777778,1005,9
1788682594,P1,61.47933333333333,1005,9
1788682595,P1,61.3552,1005,10
1788682596,P1,61.331,1005,9
1788682597,P1,61.331,1005,9
1788682598,P1,74.53633333333333,1005,9
1788682599,P1,73.10855555555555,1005,9
1788682600,P1,64.571,1005,9
1788682601,P1,61.37133333333333,1005,9
1788682602,P1,61.249,1005,9
1788682603,P1,61.28933333333333,1005,9
1788682604,P1,62.06466666666667,1005,9
1788682605,P1,62.26866666666667,1005,9
1788682606,P1,61.9668,1005,10
1788682607,P1,61.57533333333333,1005,9
1788682608,P1,62.10566666666667,1475,9
1788682609,P1,90.29088888888889,1710,9
1788682610,P1,82.54211111111111,1710,9
1788682611,P1,66.67077777777777,1710,9
1788682612,P1,63.642,1710,9
1788682613,P1,63.55511111111111,1710,9
1788682614,P1,64.40466666666666,1710,9
1788682615,P1,64.841,1710,10
1788682616,P1,64.45988888888888,1710,9
1788682617,P1,63.89055555555556,1710,9
1788682618,P1,63.773,1710,9
1788682619,P1,62.63522222222222,1170,9
1788682620,P1,77.20177777777778,900,9
1788682621,P1,68.30544444444445,900,9
1788682622,P1,62.245666666666665,900,9
1788682623,P1,61.21633333333334,900,9
1788682624,P1,61.209,900,9
1788682625,P1,61.69766666666667,900,9
1788682626,P1,62.1135,900,10
1788682627,P1,61.711,900,9
1788682628,P1,61.385222222222225,900,9
1788682629,P1,61.236111111111114,900,9
1788682630,P1,61.209,900,9
1788682631,P1,61.209,900,9
1788682632,P1,61.209,900,9
1788682633,P1,61.209,900,9
1788682634,P1,63.233444444444444,900,9
1788682635,P1,65.05733333333333,900,9
1788682636,P1,63.365,900,10
1788682637,P1,61.601,900,9
1788682638,P1,61.412333333333336,900,9
1788682639,P1,61.16766666666667,900,9
1788682640,P1,61.004666666666665,900,9
1788682641,P1,60.964,900,9
1788682642,P1,60.89566666666666,900,9
1788682643,P1,60.841,900,9
1788682644,P1,60.909333333333336,900,9
1788682645,P1,60.89566666666666,900,9
1788682646,P1,61.5022,900,10
1788682647,P1,61.779666666666664,900,9
1788682648,P1,61.37133333333333,900,9
1788682649,P1,61.044666666666664,900,9
1788682650,P1,60.96366666666667,900,9
1788682651,P1,60.89566666666666,900,9
1788682652,P1,60.841,900,9
1788682653,P1,60.909333333333336,900,9
1788682654,P1,60.89566666666666,900,9
1788682655,P1,62.7033,900,10
1788682656,P1,73.30011111111111,900,9
1788682657,P1,68.2331111111111,900,9
1788682658,P1,60.983555555555554,900,9
1788682659,P1,60.964,900,9
1788682660,P1,61.04555555555555,900,9
1788682661,P1,61.684333333333335,900,9
1788682662,P1,61.534222222222226,900,9
1788682663,P1,61.208,900,9
1788682664,P1,60.9631,900,10
1788682665,P1,60.95033333333333,900,9
1788682666,P1,60.841,900,9
1788682667,P1,60.85455555555556,900,9
1788682668,P1,60.949444444444445,900,9
1788682669,P1,60.975,990,9
1788682670,P1,62.221555555555554,1710,9
1788682671,P1,63.68588888888889,1710,9
1788682672,P1,81.3651111111111,1710,9
1788682673,P1,85.91577777777778,1710,9
1788682674,P1,69.8711111111111,1710,9
1788682675,P1,63.5874,1710,10
1788682676,P1,63.515,1710,9
1788682677,P1,63.92166666666667,1710,9
1788682678,P1,64.20700000000001,1710,9
1788682679,P1,64.00333333333333,1710,9
1788682680,P1,63.787,1710,9
1788682681,P1,63.578,1710,9
1788682682,P1,63.497,1710,9
1788682683,P1,63.50833333333333,1710,9
1788682684,P1,63.4516,1710,10
1788682685,P1,63.47933333333334,1710,9
1788682686,P1,64.07266666666666,1710,9
1788682687,P1,64.59666666666666,1710,9
1788682688,P1,64.32366666666667,1710,9
1788682689,P1,63.88133333333334,1710,9
1788682690,P1,63.66566666666667,1710,9
1788682691,P1,63.631,1710,9
1788682692,P1,63.567,1710,9
1788682693,P1,63.45422222222222,1710,9
1788682694,P1,62.7314,1357.5,10
1788682695,P1,61.56966666666667,1005,9
1788682696,P1,62.793111111111116,1005,9
1788682697,P1,65.417,1005,9
1788682698,P1,63.45033333333334,1005,9
1788682699,P1,61.442,1005,9
1788682700,P1,61.901666666666664,1005,9
1788682701,P1,61.901666666666664,1005,9
1788682702,P1,61.534333333333336,1005,9
1788682703,P1,61.412333333333336,1005,9
1788682704,P1,61.2941,1005,10
1788682705,P1,65.15522222222222,1005,9
1788682706,P1,73.12577777777778,1005,9
1788682707,P1,66.95322222222222,1005,9
1788682708,P1,61.42511111111111,1005,9
1788682709,P1,61.30388888888889,1005,9
1788682710,P1,61.235888888888894,1005,9
1788682711,P1,61.41177777777778,1005,9
1788682712,P1,61.698,1005,9
1788682713,P1,61.64355555555556,1005,9
1788682714,P1,61.4164,1005,10
1788682715,P1,61.57566666666667,1161.6666666666667,9
1788682716,P1,74.06155555555556,1710,9
1788682717,P1,94.33444444444444,1710,9
1788682718,P1,79.11533333333333,1710,9
1788682719,P1,63.68922222222222,1710,9
1788682720,P1,63.62388888888889,1710,9
1788682721,P1,63.67388888888889,1710,9
1788682722,P1,64.34266666666667,1710,9
1788682723,P1,64.60122222222222,1710,9
1788682724,P1,64.077,1710,10
1788682725,P1,63.885,1710,9
1788682726,P1,63.54566666666667,1620,9
1788682727,P1,62.661,900,9
1788682728,P1,65.04488888888889,900,9
1788682729,P1,65.38355555555555,900,9
1788682730,P1,61.22588888888889,900,9
1788682731,P1,61.208,900,9
1788682732,P1,61.37111111111111,900,9
1788682733,P1,61.99622222222222,900,9
1788682734,P1,62.11811111111111,900,9
1788682735,P1,61.5262,900,10
1788682736,P1,61.30388888888889,900,9
1788682737,P1,61.209,900,9
1788682738,P1,61.209,900,9
1788682739,P1,61.209,900,9
1788682740,P1,61.209,900,9
1788682741,P1,61.81588888888889,900,9
1788682742,P1,65.37933333333334,900,9
1788682743,P1,66.33555555555556,900,9
1788682744,P1,61.876,900,9
1788682745,P1,61.649,900,10
1788682746,P1,61.18088888888889,900,9
1788682747,P1,60.964,900,9
1788682748,P1,60.93666666666667,900,9
1788682749,P1,60.841,900,9
1788682750,P1,60.86833333333333,900,9
1788682751,P1,60.964,900,9
1788682752,P1,60.95033333333333,900,9
1788682753,P1,60.88177777777778,900,9
1788682754,P1,61.257,900,10
1788682755,P1,61.37144444444445,900,9
1788682756,P1,61.05866666666667,900,9
1788682757,P1,60.93588888888889,900,9
1788682758,P1,60.81388888888889,900,9
1788682759,P1,60.74611111111111,900,9
1788682760,P1,60.86833333333333,900,9
1788682761,P1,60.95033333333333,900,9
1788682762,P1,60.841,900,9
1788682763,P1,69.54355555555556,900,9
1788682764,P1,73.76522222222222,900,9
1788682765,P1,63.414199999999994,900,10
1788682766,P1,60.85711111111111,900,9
1788682767,P1,61.27655555555556,900,9
1788682768,P1,61.657222222222224,900,9
1788682769,P1,61.26244444444444,900,9
1788682770,P1,60.99111111111111,900,9
1788682771,P1,60.96311111111111,900,9
1788682772,P1,60.85455555555556,900,9
1788682773,P1,60.841,900,9
1788682774,P1,60.9394,900,10
1788682775,P1,60.85466666666667,900,9
1788682776,P1,60.841,900,9
1788682777,P1,62.88988888888889,1530,9
1788682778,P1,64.54333333333334,1710,9
1788682779,P1,74.04222222222222,1710,9
1788682780,P1,86.50488888888889,1710,9
1788682781,P1,72.79233333333333,1710,9
1788682782,P1,63.907333333333334,1710,9
1788682783,P1,64.47433333333333,1710,9
1788682784,P1,64.4254,1710,10
1788682785,P1,63.830333333333336,1710,9
1788682786,P1,63.67733333333334,1710,9
1788682787,P1,63.711666666666666,1710,9
1788682788,P1,63.57833333333333,1710,9
1788682789,P1,63.54333333333334,1710,9
1788682790,P1,63.595666666666666,1710,9
1788682791,P1,63.794000000000004,1710,9
1788682792,P1,64.48,1710,9
1788682793,P1,64.394,1710,10
1788682794,P1,63.79366666666667,1710,9
1788682795,P1,63.625,1710,9
1788682796,P1,63.602,1710,9
1788682797,P1,63.525999999999996,1710,9
1788682798,P1,63.55466666666667,1710,9
1788682799,P1,63.601333333333336,1710,9
1788682800,P1,63.525999999999996,1710,9
1788682801,P1,63.351,1475,9
1788682802,P1,62.705,1005,9
1788682803,P1,62.7559,1005,10
1788682804,P1,65.84622222222222,1005,9
1788682805,P1,64.63044444444445,1005,9
1788682806,P1,61.786,1005,9
1788682807,P1,61.575,1005,9
1788682808,P1,61.33,1005,9
1788682809,P1,61.209,1005,9
1788682810,P1,61.209,1005,9
1788682811,P1,61.209,1005,9
1788682812,P1,61.6,1005,9
1788682813,P1,77.8323,1005,10
1788682814,P1,68.214,1005,9
1788682815,P1,61.453,1005,9
1788682816,P1,61.56144444444445,1005,9
1788682817,P1,62.33677777777778,1005,9
1788682818,P1,62.54044444444445,1005,9
1788682819,P1,61.901555555555554,1005,9
1788682820,P1,61.711555555555556,1005,9
1788682821,P1,61.58866666666667,1005,9
1788682822,P1,61.46655555555556,1005,9
1788682823,P1,63.60588888888889,1631.6666666666667,9
1788682824,P1,96.7679,1710,10
1788682825,P1,74.318,1710,9
1788682826,P1,64.678,1710,9
1788682827,P1,63.50944444444445,1710,9
1788682828,P1,64.25888888888889,1710,9
1788682829,P1,64.56888888888889,1710,9
1788682830,P1,64.06977777777779,1710,9
1788682831,P1,63.692888888888895,1710,9
1788682832,P1,63.54555555555555,1710,9
1788682833,P1,63.625600000000006,1710,10
1788682834,P1,62.568444444444445,900,9
1788682835,P1,69.68933333333332,900,9
1788682836,P1,64.692,900,9
1788682837,P1,61.876,900,9
1788682838,P1,61.697,900,9
1788682839,P1,61.208,900,9
1788682840,P1,60.964,900,9
1788682841,P1,60.964,900,9
1788682842,P1,60.963,900,9
1788682843,P1,60.964,900,9
1788682844,P1,60.9631,900,10
1788682845,P1,60.964,900,9
1788682846,P1,60.963,900,9
1788682847,P1,60.963,900,9
1788682848,P1,61.33,900,9
1788682849,P1,64.23766666666667,900,9
1788682850,P1,64.75944444444444,900,9
1788682851,P1,62.010333333333335,900,9
1788682852,P1,61.12311111111111,900,9
1788682853,P1,60.99033333333333,900,9
1788682854,P1,60.8654,900,10
1788682855,P1,60.841,900,9
1788682856,P1,60.93588888888889,900,9
1788682857,P1,60.86811111111111,900,9
1788682858,P1,60.841,900,9
1788682859,P1,61.69811111111111,900,9
1788682860,P1,61.75244444444444,900,9
1788682861,P1,61.41177777777778,900,9
1788682862,P1,61.14022222222222,900,9
1788682863,P1,61.0006,900,10
1788682864,P1,60.964,900,9
1788682865,P1,60.86833333333333,900,9
1788682866,P1,60.745333333333335,900,9
1788682867,P1,60.81366666666667,900,9
1788682868,P1,60.93666666666667,900,9
1788682869,P1,61.34433333333334,900,9
1788682870,P1,64.54644444444445,900,9
1788682871,P1,69.21766666666667,900,9
1788682872,P1,65.957,900,9
1788682873,P1,60.9902,900,10
1788682874,P1,61.49411111111111,900,9
1788682875,P1,61.534666666666666,900,9
1788682876,P1,61.126666666666665,900,9
1788682877,P1,60.964,900,9
1788682878,P1,60.96366666666667,900,9
1788682879,P1,60.922333333333334,900,9
1788682880,P1,60.841,900,9
1788682881,P1,60.841,900,9
1788682882,P1,60.800333333333334,900,9
1788682883,P1,60.9146,900,10
1788682884,P1,61.81366666666666,1170,9
1788682885,P1,63.351,1710,9
1788682886,P1,66.453,1710,9
1788682887,P1,89.58588888888889,1710,9
1788682888,P1,74.377,1710,9
1788682889,P1,66.23655555555555,1710,9
1788682890,P1,64.77455555555555,1710,9
1788682891,P1,63.974111111111114,1710,9
1788682892,P1,63.772555555555556,1710,9
1788682893,P1,63.8688,1710,10
1788682894,P1,63.655,1710,9
1788682895,P1,63.41,1710,9
1788682896,P1,63.655,1710,9
1788682897,P1,63.65411111111111,1710,9
1788682898,P1,64.7091111111111,1710,9
1788682899,P1,64.841,1710,9
1788682900,P1,64.51477777777778,1710,9
1788682901,P1,63.93088888888889,1710,9
1788682902,P1,63.7532,1710,10
1788682903,P1,63.636,1710,9
1788682904,P1,63.532,1710,9
1788682905,P1,63.759,1710,9
1788682906,P1,63.64966666666667,1710,9
1788682907,P1,63.54355555555555,1710,9
1788682908,P1,65.348,1710,9
1788682909,P1,63.96255555555556,1083.3333333333333,9
1788682910,P1,61.92633333333334,1005,9
1788682911,P1,64.17911111111111,1005,9
1788682912,P1,66.23233333333333,1005,9
1788682913,P1,63.842600000000004,1005,10
1788682914,P1,62.038333333333334,1005,9
1788682915,P1,61.779333333333334,1005,9
1788682916,P1,61.698,1005,9
1788682917,P1,61.616,1005,9
1788682918,P1,61.507222222222225,1005,9
1788682919,P1,61.52077777777778,1005,9
1788682920,P1,70.65755555555556,1005,9
1788682921,P1,73.53788888888889,1005,9
1788682922,P1,65.91577777777778,1005,9
1788682923,P1,61.231,1005,10
1788682924,P1,61.48066666666667,1005,9
1788682925,P1,61.833555555555556,1005,9
1788682926,P1,61.73811111111111,1005,9
1788682927,P1,61.43944444444445,1005,9
1788682928,P1,61.27677777777778,1005,9
1788682929,P1,61.209,1005,9
1788682930,P1,61.69788888888889,1318.3333333333333,9
1788682931,P1,81.94044444444444,1710,9
1788682932,P1,83.85755555555555,1710,9
1788682933,P1,68.3325,1710,10
1788682934,P1,63.971333333333334,1710,9
1788682935,P1,64.63166666666666,1710,9
1788682936,P1,64.37544444444444,1710,9
1788682937,P1,63.840333333333334,1710,9
1788682938,P1,63.637,1710,9
1788682939,P1,63.590333333333334,1710,9
1788682940,P1,63.524,1710,9
1788682941,P1,63.025111111111116,1350,9
1788682942,P1,67.22411111111111,900,9
1788682943,P1,66.4226,900,10
1788682944,P1,62.47933333333334,900,9
1788682945,P1,61.41455555555556,900,9
1788682946,P1,61.19488888888889,900,9
1788682947,P1,61.01822222222222,900,9
1788682948,P1,60.964,900,9
1788682949,P1,60.964,900,9
1788682950,P1,60.964,900,9
1788682951,P1,60.964,900,9
1788682952,P1,60.964,900,9
1788682953,P1,61.5514,900,10
1788682954,P1,61.779666666666664,900,9
1788682955,P1,61.452666666666666,900,9
1788682956,P1,63.32088888888889,900,9
1788682957,P1,65.106,900,9
1788682958,P1,63.24355555555555,900,9
1788682959,P1,60.983000000000004,900,9
1788682960,P1,60.89522222222222,900,9
1788682961,P1,60.841,900,9
1788682962,P1,60.909333333333336,900,9
1788682963,P1,60.9025,900,10
1788682964,P1,60.841,900,9
1788682965,P1,61.181000000000004,900,9
1788682966,P1,61.52133333333334,900,9
1788682967,P1,61.303777777777775,900,9
1788682968,P1,61.086,900,9
1788682969,P1,61.01822222222222,900,9
1788682970,P1,60.89566666666666,900,9
1788682971,P1,60.909333333333336,900,9
1788682972,P1,60.909333333333336,900,9
1788682973,P1,60.841,900,10
1788682974,P1,60.841,900,9
1788682975,P1,61.04488888888889,900,9
1788682976,P1,61.34411111111111,900,9
1788682977,P1,62.17655555555556,900,9
1788682978,P1,74.653,900,9
1788682979,P1,71.98366666666666,900,9
1788682980,P1,61.644333333333336,900,9
1788682981,P1,61.54788888888889,900,9
1788682982,P1,61.30377777777778,900,9
1788682983,P1,61.0616,900,10
1788682984,P1,60.93666666666667,900,9
1788682985,P1,60.841,900,9
1788682986,P1,60.85466666666667,900,9
1788682987,P1,60.95033333333333,900,9
1788682988,P1,60.827444444444446,900,9
1788682989,P1,60.855000000000004,900,9
1788682990,P1,61.90222222222222,900,9
1788682991,P1,61.696333333333335,900,9
1788682992,P1,62.806333333333335,1710,9
1788682993,P1,63.9396,1710,10
1788682994,P1,83.5381111111111,1710,9
1788682995,P1,88.67811111111111,1710,9
1788682996,P1,71.04466666666667,1710,9
1788682997,P1,64.32000000000001,1710,9
1788682998,P1,63.800000000000004,1710,9
1788682999,P1,63.637,1710,9
1788683000,P1,63.57866666666666,1710,9
1788683001,P1,63.532,1710,9
1788683002,P1,63.532,1710,9
1788683003,P1,63.4588,1710,10
1788683004,P1,63.47933333333334,1710,9
1788683005,P1,64.154,1710,9
1788683006,P1,64.63666666666667,1710,9
1788683007,P1,64.22933333333333,1710,9
1788683008,P1,63.849444444444444,1710,9
1788683009,P1,63.61488888888889,1710,9
1788683010,P1,63.514,1710,9
1788683011,P1,63.504555555555555,1710,9
1788683012,P1,63.42922222222222,1710,9
1788683013,P1,63.4476,1710,10
1788683014,P1,63.589333333333336,1710,9
1788683015,P1,64.12533333333334,1710,9
1788683016,P1,63.718,1318.3333333333333,9
1788683017,P1,62.382555555555555,1005,9
1788683018,P1,61.75388888888889,1005,9
1788683019,P1,63.230555555555554,1005,9
1788683020,P1,63.76544444444444,1005,9
1788683021,P1,61.99388888888889,1005,9
1788683022,P1,61.656333333333336,1005,9
1788683023,P1,61.331,1005,10
1788683024,P1,61.33077777777778,1005,9
1788683025,P1,61.30311111111111,1005,9
1788683026,P1,61.236111111111114,1005,9
1788683027,P1,63.84011111111111,1005,9
1788683028,P1,78.90811111111111,1005,9
1788683029,P1,69.496,1005,9
1788683030,P1,61.22844444444445,1005,9
1788683031,P1,61.208,1005,9
1788683032,P1,61.209,1005,9
1788683033,P1,61.7102,1005,10
1788683034,P1,61.779222222222224,1005,9
1788683035,P1,61.43944444444445,1005,9
1788683036,P1,61.31744444444445,1005,9
1788683037,P1,61.33122222222222,1005,9
1788683038,P1,63.281666666666666,1710,9
1788683039,P1,93.52588888888889,1710,9
1788683040,P1,77.08611111111112,1710,9
1788683041,P1,65.86122222222222,1710,9
1788683042,P1,63.547111111111114,1710,9
1788683043,P1,63.4308,1710,10
1788683044,P1,63.49088888888889,1710,9
1788683045,P1,64.73666666666666,1710,9
1788683046,P1,64.89544444444444,1710,9
1788683047,P1,64.365,1710,9
1788683048,P1,63.86344444444445,1710,9
1788683049,P1,62.63122222222222,1170,9
1788683050,P1,70.53555555555556,900,9
1788683051,P1,64.49833333333333,900,9
1788683052,P1,61.61,900,9
1788683053,P1,60.968399999999995,900,10
1788683054,P1,60.96311111111111,900,9
1788683055,P1,61.28922222222222,900,9
1788683056,P1,61.43933333333334,900,9
1788683057,P1,61.236111111111114,900,9
1788683058,P1,61.099666666666664,900,9
1788683059,P1,60.97666666666667,900,9
1788683060,P1,60.963,900,9
1788683061,P1,60.86811111111111,900,9
1788683062,P1,60.841,900,9
1788683063,P1,60.9394,900,10
1788683064,P1,64.76388888888889,900,9
1788683065,P1,67.80688888888889,900,9
1788683066,P1,64.15011111111112,900,9
1788683067,P1,61.209,900,9
1788683068,P1,61.209,900,9
1788683069,P1,61.480555555555554,900,9
1788683070,P1,61.928888888888885,900,9
1788683071,P1,61.84722222222222,900,9
1788683072,P1,61.46655555555556,900,9
1788683073,P1,61.27,900,10
1788683074,P1,61.209,900,9
1788683075,P1,61.209,900,9
1788683076,P1,61.209,900,9
1788683077,P1,61.209,900,9
1788683078,P1,61.209,900,9
1788683079,P1,61.53477777777778,900,9
1788683080,P1,62.050888888888885,900,9
1788683081,P1,61.86077777777778,900,9
1788683082,P1,61.39877777777778,900,9
1788683083,P1,61.331,900,10
1788683084,P1,61.27677777777778,900,9
1788683085,P1,62.583333333333336,900,9
1788683086,P1,69.96077777777778,900,9
1788683087,P1,67.998,900,9
1788683088,P1,61.008,900,9
1788683089,P1,60.964,900,9
1788683090,P1,60.963,900,9
1788683091,P1,60.841,900,9
1788683092,P1,60.841,900,9
1788683093,P1,60.841,900,9
1788683094,P1,60.7679,900,10
1788683095,P1,61.248777777777775,900,9
1788683096,P1,61.575,900,9
1788683097,P1,61.208,900,9
1788683098,P1,60.964,900,9
1788683099,P1,60.964,900,9
1788683100,P1,62.309,1710,9
1788683101,P1,63.777,1710,9
1788683102,P1,79.80322222222222,1710,9
1788683103,P1,86.855,1710,9
1788683104,P1,70.395,1710,10
1788683105,P1,63.59488888888889,1710,9
1788683106,P1,63.514,1710,9
1788683107,P1,63.608000000000004,1710,9
1788683108,P1,63.573,1710,9
1788683109,P1,63.46422222222222,1710,9
1788683110,P1,63.943333333333335,1710,9
1788683111,P1,64.56388888888888,1710,9
1788683112,P1,64.32122222222222,1710,9
1788683113,P1,63.94577777777778,1710,9
1788683114,P1,63.753,1710,10
1788683115,P1,63.573,1710,9
1788683116,P1,63.61333333333334,1710,9
1788683117,P1,63.57266666666666,1710,9
1788683118,P1,63.532,1710,9
1788683119,P1,63.657555555555554,1710,9
1788683120,P1,64.15577777777779,1710,9
1788683121,P1,64.54233333333333,1710,9
1788683122,P1,64.32533333333333,1710,9
1788683123,P1,63.9718,1710,10
1788683124,P1,62.91433333333333,1240,9
1788683125,P1,61.69766666666667,1005,9
1788683126,P1,63.04333333333334,1005,9
1788683127,P1,67.48177777777778,1005,9
1788683128,P1,65.14566666666667,1005,9
1788683129,P1,61.23833333333334,1005,9
1788683130,P1,61.236111111111114,1005,9
1788683131,P1,61.331,1005,9
1788683132,P1,61.30388888888889,1005,9
1788683133,P1,61.3557,1005,10
1788683134,P1,61.73866666666667,1005,9
1788683135,P1,65.71277777777777,1005,9
1788683136,P1,74.11866666666667,1005,9
1788683137,P1,68.27455555555555,1005,9
1788683138,P1,61.46011111111111,1005,9
1788683139,P1,61.30366666666667,1005,9
1788683140,P1,61.20811111111111,1005,9
1788683141,P1,61.209,1005,9
1788683142,P1,61.209,1005,9
1788683143,P1,61.209,1005,9
1788683144,P1,61.4046,1005,10
1788683145,P1,62.43122222222222,1083.3333333333333,9
1788683146,P1,70.889,1710,9
1788683147,P1,93.05411111111111,1710,9
1788683148,P1,76.21133333333333,1710,9
1788683149,P1,64.14144444444445,1710,9
1788683150,P1,63.881,1710,9
1788683151,P1,63.655,1710,9
1788683152,P1,63.637,1710,9
1788683153,P1,63.497,1710,9
1788683154,P1,63.527100000000004,1710,10
1788683155,P1,63.647666666666666,1710,9
1788683156,P1,63.63422222222222,1620,9
1788683157,P1,64.14255555555556,900,9
1788683158,P1,71.15344444444445,900,9
1788683159,P1,64.28444444444445,900,9
1788683160,P1,61.00311111111111,900,9
1788683161,P1,60.964,900,9
1788683162,P1,60.95033333333333,900,9
1788683163,P1,60.841,900,9
1788683164,P1,60.8656,900,10
1788683165,P1,61.181555555555555,900,9
1788683166,P1,61.888555555555556,900,9
1788683167,P1,61.61622222222222,900,9
1788683168,P1,61.30288888888889,900,9
1788683169,P1,61.07244444444444,900,9
1788683170,P1,60.964,900,9
1788683171,P1,60.95033333333333,900,9
1788683172,P1,63.339444444444446,900,9
1788683173,P1,66.07777777777778,900,9
1788683174,P1,62.9392,900,10
1788683175,P1,60.97866666666667,900,9
1788683176,P1,60.964,900,9
1788683177,P1,60.964,900,9
1788683178,P1,60.882,900,9
1788683179,P1,60.923,900,9
1788683180,P1,61.04533333333333,900,9
1788683181,P1,60.922666666666665,900,9
1788683182,P1,61.167,900,9
1788683183,P1,61.53388888888889,900,9
1788683184,P1,61.425333333333334,900,9
1788683185,P1,61.0616,900,10
1788683186,P1,60.86833333333333,900,9
1788683187,P1,60.841,900,9
1788683188,P1,60.93666666666667,900,9
1788683189,P1,60.964,900,9
1788683190,P1,60.86833333333333,900,9
1788683191,P1,60.923,900,9
1788683192,P1,61.37133333333333,900,9
1788683193,P1,65.23566666666667,900,9
1788683194,P1,70.42877777777778,900,9
1788683195,P1,66.8408,900,10
1788683196,P1,61.10066666666666,900,9
1788683197,P1,61.371,900,9
1788683198,P1,61.37166666666667,900,9
1788683199,P1,61.168,900,9
1788683200,P1,61.04533333333333,900,9
1788683201,P1,60.96366666666667,900,9
1788683202,P1,60.922333333333334,900,9
1788683203,P1,60.841,900,9
1788683204,P1,60.8779,900,10
1788683205,P1,61.208666666666666,900,9
1788683206,P1,61.657000000000004,900,9
1788683207,P1,62.01766666666667,1080,9
1788683208,P1,63.263666666666666,1710,9
1788683209,P1,64.07044444444445,1710,9
1788683210,P1,87.74622222222223,1710,9
1788683211,P1,71.06788888888889,1710,9
1788683212,P1,64.62644444444445,1710,9
1788683213,P1,64.20522222222222,1710,9
1788683214,P1,63.8322,1710,10
1788683215,P1,63.650555555555556,1710,9
1788683216,P1,63.653,1710,9
1788683217,P1,63.55933333333333,1710,9
1788683218,P1,63.42311111111111,1710,9
1788683219,P1,63.47288888888889,1710,9
1788683220,P1,63.70055555555555,1710,9
1788683221,P1,64.15333333333334,1710,9
1788683222,P1,64.34766666666667,1710,9
1788683223,P1,63.9646,1710,10
1788683224,P1,63.55277777777778,1710,9
1788683225,P1,63.514,1710,9
1788683226,P1,63.514,1710,9
1788683227,P1,63.43311111111111,1710,9
1788683228,P1,63.49088888888889,1710,9
1788683229,P1,63.50077777777778,1710,9
1788683230,P1,64.7328888888889,1710,9
1788683231,P1,64.80055555555555,1710,9
1788683232,P1,63.2646,1146,10
1788683233,P1,61.504555555555555,1005,9
1788683234,P1,63.40611111111111,1005,9
1788683235,P1,65.12788888888889,1005,9
1788683236,P1,63.229,1005,9
1788683237,P1,61.45633333333333,1005,9
1788683238,P1,61.290333333333336,1005,9
1788683239,P1,61.209,1005,9
1788683240,P1,61.209,1005,9
1788683241,P1,61.209,1005,9
1788683242,P1,61.209,1005,10
1788683243,P1,67.91125,1005,8
1788683244,P1,75.8998,1005,10
1788683245,P1,67.51633333333334,1005,9
1788683246,P1,61.442,1005,9
1788683247,P1,61.901666666666664,1005,9
1788683248,P1,61.95611111111111,1005,9
1788683249,P1,61.54788888888889,1005,9
1788683250,P1,61.42588888888889,1005,9
1788683251,P1,61.30366666666667,1005,9
1788683252,P1,61.23533333333333,1005,9
1788683253,P1,61.661,1216.5,10
1788683254,P1,71.87455555555556,1710,9
1788683255,P1,96.28233333333333,1710,9
1788683256,P1,73.088,1710,9
1788683257,P1,63.666,1710,9
1788683258,P1,63.741,1710,9
1788683259,P1,63.636,1710,9
1788683260,P1,64.125,1710,9
1788683261,P1,64.492,1710,9
1788683262,P1,63.881,1710,9
1788683263,P1,63.6207,1710,10
1788683264,P1,63.47488888888889,1710,9
1788683265,P1,63.777,900,9
1788683266,P1,72.00633333333333,900,9
1788683267,P1,64.73266666666666,900,9
1788683268,P1,61.03788888888889,900,9
1788683269,P1,61.480111111111114,900,9
1788683270,P1,61.656333333333336,900,9
1788683271,P1,61.30377777777778,900,9
1788683272,P1,61.07233333333333,900,9
1788683273,P1,60.9386,900,10
1788683274,P1,60.81388888888889,900,9
1788683275,P1,60.74611111111111,900,9
1788683276,P1,60.85455555555556,900,9
1788683277,P1,60.963,900,9
1788683278,P1,60.97666666666667,900,9
1788683279,P1,61.126777777777775,900,9
1788683280,P1,64.899,900,9
1788683281,P1,66.011,900,9
1788683282,P1,61.542,900,9
1788683283,P1,61.33,900,9
1788683284,P1,61.0738,900,10
1788683285,P1,60.964,900,9
1788683286,P1,60.964,900,9
1788683287,P1,60.964,900,9
1788683288,P1,60.964,900,9
1788683289,P1,60.964,900,9
1788683290,P1,60.964,900,9
1788683291,P1,61.331,900,9
1788683292,P1,61.453,900,9
1788683293,P1,61.1967,900,10
1788683294,P1,61.07244444444444,900,9
1788683295,P1,60.964,900,9
1788683296,P1,60.964,900,9
1788683297,P1,60.841,900,9
1788683298,P1,60.841,900,9
1788683299,P1,60.964,900,9
1788683300,P1,60.841,900,9
1788683301,P1,66.83922222222222,900,9
1788683302,P1,69.92377777777779,900,9
1788683303,P1,63.657000000000004,900,10
1788683304,P1,60.733000000000004,900,9
1788683305,P1,61.12666666666667,900,9
1788683306,P1,61.49433333333334,900,9
1788683307,P1,61.24933333333333,900,9
1788683308,P1,61.004666666666665,900,9
1788683309,P1,60.89566666666666,900,9
1788683310,P1,60.841,900,9
1788683311,P1,60.90877777777778,900,9
1788683312,P1,60.89522222222222,900,9
1788683313,P1,60.841,900,10
1788683314,P1,60.923,900,9
1788683315,P1,62.35,1350,9
1788683316,P1,64.103,1710,9
1788683317,P1,70.56322222222222,1710,9
1788683318,P1,87.68255555555555,1710,9
1788683319,P1,71.96077777777778,1710,9
1788683320,P1,63.726,1710,9
1788683321,P1,64.25911111111111,1710,9
1788683322,P1,64.492,1710,9
1788683323,P1,63.9786,1710,10
1788683324,P1,63.74744444444445,1710,9
1788683325,P1,63.655,1710,9
1788683326,P1,63.641333333333336,1710,9
1788683327,P1,63.532,1710,9
1788683328,P1,63.54566666666666,1710,9
1788683329,P1,63.748000000000005,1710,9
1788683330,P1,64.51922222222223,1710,9
1788683331,P1,64.65755555555555,1710,9
1788683332,P1,63.973000000000006,1710,10
1788683333,P1,63.74988888888889,1710,9
1788683334,P1,63.655,1710,9
1788683335,P1,63.623666666666665,1710,9
1788683336,P1,63.51422222222222,1710,9
1788683337,P1,63.53044444444445,1710,9
1788683338,P1,63.84022222222222,1710,9
1788683339,P1,65.15555555555555,1710,9
1788683340,P1,63.558,1005,9
1788683341,P1,61.88766666666667,1005,9
1788683342,P1,63.9946,1005,10
1788683343,P1,63.348,1005,9
1788683344,P1,61.519,1005,9
1788683345,P1,61.33,1005,9
1788683346,P1,61.209,1005,9
1788683347,P1,61.209,1005,9
1788683348,P1,61.209,1005,9
1788683349,P1,61.209,1005,9
1788683350,P1,61.209,1005,9
1788683351,P1,72.55877777777778,1005,9
1788683352,P1,71.93211111111111,1005,9
1788683353,P1,63.7234,1005,10
1788683354,P1,61.21311111111111,1005,9
1788683355,P1,61.684,1005,9
1788683356,P1,62.010555555555555,1005,9
1788683357,P1,61.68388888888889,1005,9
1788683358,P1,61.38444444444444,1005,9
1788683359,P1,61.235888888888894,1005,9
1788683360,P1,61.208333333333336,1005,9
1788683361,P1,62.02333333333333,1475,9
1788683362,P1,84.48911111111111,1710,9
1788683363,P1,82.14033333333333,1710,9
1788683364,P1,67.5646,1710,10
1788683365,P1,63.647666666666666,1710,9
1788683366,P1,64.20711111111112,1710,9
1788683367,P1,64.54655555555556,1710,9
1788683368,P1,64.21666666666667,1710,9
1788683369,P1,63.91744444444444,1710,9
1788683370,P1,63.71233333333333,1710,9
1788683371,P1,63.717666666666666,1710,9
1788683372,P1,62.861333333333334,1170,9
1788683373,P1,71.07855555555555,900,9
1788683374,P1,65.1134,900,10
1788683375,P1,61.302,900,9
1788683376,P1,61.29511111111111,900,9
1788683377,P1,61.54788888888889,900,9
1788683378,P1,61.465666666666664,900,9
1788683379,P1,61.26222222222222,900,9
1788683380,P1,61.01822222222222,900,9
1788683381,P1,60.964,900,9
1788683382,P1,60.96322222222222,900,9
1788683383,P1,60.963,900,9
1788683384,P1,60.9638,900,10
1788683385,P1,60.964,900,9
1788683386,P1,61.39866666666667,900,9
1788683387,P1,64.21155555555555,900,9
1788683388,P1,65.61311111111111,900,9
1788683389,P1,62.70666666666667,900,9
1788683390,P1,60.986,900,9
1788683391,P1,60.96333333333333,900,9
1788683392,P1,60.88166666666667,900,9
1788683393,P1,60.841,900,9
1788683394,P1,60.927099999999996,900,10
1788683395,P1,60.964,900,9
1788683396,P1,60.964,900,9
1788683397,P1,61.53488888888889,900,9
1788683398,P1,61.698,900,9
1788683399,P1,61.41177777777778,900,9
1788683400,P1,61.044555555555554,900,9
1788683401,P1,60.96377777777778,900,9
1788683402,P1,61.05888888888889,900,9
1788683403,P1,61.086,900,9
1788683404,P1,60.9884,900,10
1788683405,P1,60.964,900,9
1788683406,P1,61.05888888888889,900,9
1788683407,P1,61.75255555555555,900,9
1788683408,P1,64.37577777777778,900,9
1788683409,P1,76.73155555555556,900,9
1788683410,P1,68.20388888888888,900,9
1788683411,P1,60.77166666666667,900,9
1788683412,P1,60.841,900,9
1788683413,P1,60.963,900,9
1788683414,P1,60.877700000000004,900,10
1788683415,P1,61.23522222222222,900,9
1788683416,P1,61.412222222222226,900,9
1788683417,P1,61.07244444444444,900,9
1788683418,P1,60.96388888888889,900,9
1788683419,P1,60.949444444444445,900,9
1788683420,P1,60.841,900,9
1788683421,P1,60.841,900,9
1788683422,P1,60.964,900,9
1788683423,P1,62.570499999999996,1710,10
1788683424,P1,65.05877777777778,1710,9
1788683425,P1,80.73222222222222,1710,9
1788683426,P1,86.26944444444445,1710,9
1788683427,P1,69.95677777777777,1710,9
1788683428,P1,63.580222222222226,1710,9
1788683429,P1,63.446222222222225,1710,9
1788683430,P1,63.78977777777778,1710,9
1788683431,P1,64.25355555555556,1710,9
1788683432,P1,64.04055555555556,1710,9
1788683433,P1,63.7032,1710,10
1788683434,P1,63.58622222222222,1710,9
1788683435,P1,63.532,1710,9
1788683436,P1,63.60033333333333,1710,9
1788683437,P1,63.586666666666666,1710,9
1788683438,P1,63.46422222222222,1710,9
1788683439,P1,63.875,1710,9
1788683440,P1,64.50866666666667,1710,9
1788683441,P1,64.38911111111112,1710,9
1788683442,P1,64.0035,1710,10
1788683443,P1,63.74488888888889,1710,9
1788683444,P1,63.57822222222222,1710,9
1788683445,P1,63.60033333333333,1710,9
1788683446,P1,63.586666666666666,1710,9
1788683447,P1,62.852555555555554,1318.3333333333333,9
1788683448,P1,61.69788888888889,1005,9
1788683449,P1,61.96911111111111,1005,9
1788683450,P1,66.16744444444444,1005,9
1788683451,P1,63.19166666666666,1005,9
1788683452,P1,61.2442,1005,10
1788683453,P1,61.34477777777778,1005,9
1788683454,P1,61.87444444444444,1005,9
1788683455,P1,62.010555555555555,1005,9
1788683456,P1,61.54788888888889,1005,9
1788683457,P1,61.33088888888889,1005,9
1788683458,P1,62.23866666666667,1005,9
1788683459,P1,74.694,1005,9
1788683460,P1,68.513,1005,9
1788683461,P1,61.253,1005,9
1788683462,P1,61.209,1005,10
1788683463,P1,61.22244444444445,1005,9
1788683464,P1,61.370888888888885,1005,9
1788683465,P1,61.698,1005,9
1788683466,P1,61.779222222222224,1005,9
1788683467,P1,61.42577777777778,1005,9
1788683468,P1,61.35755555555556,1005,9
1788683469,P1,68.87655555555556,1710,9
1788683470,P1,92.03955555555555,1710,9
1788683471,P1,73.32677777777778,1710,9
1788683472,P1,63.8352,1710,10
1788683473,P1,63.62444444444445,1710,9
1788683474,P1,63.611444444444444,1710,9
1788683475,P1,64.25866666666667,1710,9
1788683476,P1,64.286,1710,9
1788683477,P1,63.758,1710,9
1788683478,P1,63.74444444444445,1710,9
1788683479,P1,63.475,1710,9
1788683480,P1,62.75233333333333,900,9
1788683481,P1,69.34911111111111,900,9
1788683482,P1,63.333999999999996,900,10
1788683483,P1,61.089777777777776,900,9
1788683484,P1,61.507444444444445,900,9
1788683485,P1,61.61644444444445,900,9
1788683486,P1,61.27655555555556,900,9
1788683487,P1,61.086,900,9
1788683488,P1,61.086,900,9
1788683489,P1,61.05888888888889,900,9
1788683490,P1,60.964,900,9
1788683491,P1,60.95033333333333,900,9
1788683492,P1,60.841,900,10
1788683493,P1,61.08588888888889,900,9
1788683494,P1,62.489888888888885,900,9
1788683495,P1,65.60811111111111,900,9
1788683496,P1,66.43788888888889,900,9
1788683497,P1,61.23444444444444,900,9
1788683498,P1,61.07244444444444,900,9
1788683499,P1,60.964,900,9
1788683500,P1,60.964,900,9
1788683501,P1,60.964,900,9
1788683502,P1,60.8287,900,10
1788683503,P1,60.73166666666667,900,9
1788683504,P1,60.909,900,9
1788683505,P1,61.46666666666667,900,9
1788683506,P1,61.52155555555556,900,9
1788683507,P1,61.07244444444444,900,9
1788683508,P1,60.964,900,9
1788683509,P1,60.964,900,9
1788683510,P1,60.964,900,9
1788683511,P1,60.841,900,10
1788683512,P1,60.85466666666667,900,9
1788683513,P1,60.95033333333333,900,9
1788683514,P1,60.89533333333333,900,9
1788683515,P1,61.35722222222222,900,9
1788683516,P1,67.99066666666667,900,9
1788683517,P1,71.20044444444444,900,9
1788683518,P1,63.839,900,9
1788683519,P1,61.215333333333334,900,9
1788683520,P1,61.49333333333333,900,9
1788683521,P1,61.3181,900,10
1788683522,P1,61.04533333333333,900,9
1788683523,P1,60.964,900,9
1788683524,P1,60.882,900,9
1788683525,P1,60.841,900,9
1788683526,P1,60.923,900,9
1788683527,P1,60.882,900,9
1788683528,P1,60.75966666666667,900,9
1788683529,P1,61.126333333333335,900,9
1788683530,P1,62.27166666666667,1350,9
1788683531,P1,63.601,1710,10
1788683532,P1,72.37577777777778,1710,9
1788683533,P1,90.21522222222222,1710,9
1788683534,P1,72.91277777777778,1710,9
1788683535,P1,64.28011111111111,1710,9
1788683536,P1,65.26377777777778,1710,9
1788683537,P1,65.46733333333333,1710,9
1788683538,P1,64.57533333333333,1710,9
1788683539,P1,64.25044444444445,1710,9
1788683540,P1,64.1258888888889,1710,9
1788683541,P1,64.1006,1710,10
1788683542,P1,64.003,1710,9
1788683543,P1,64.00722222222223,1710,9
1788683544,P1,64.00633333333334,1710,9
1788683545,P1,64.04188888888889,1710,9
1788683546,P1,65.37188888888889,1710,9
1788683547,P1,65.57911111111112,1710,9
1788683548,P1,64.47844444444445,1710,9
1788683549,P1,64.34488888888889,1710,9
1788683550,P1,64.11477777777779,1710,9
1788683551,P1,63.9018,1710,10
1788683552,P1,63.985,1710,9
1788683553,P1,63.971444444444444,1710,9
1788683554,P1,63.72911111111111,1631.6666666666667,9
1788683555,P1,62.605666666666664,1005,9
1788683556,P1,62.21422222222222,1005,9
1788683557,P1,65.53977777777779,1005,9
1788683558,P1,66.91577777777778,1005,9
1788683559,P1,62.830666666666666,1005,9
1788683560,P1,61.63,1005,9
1788683561,P1,61.9908,1005,10
1788683562,P1,61.68366666666667,1005,9
1788683563,P1,61.385222222222225,1005,9
1788683564,P1,61.331,1005,9
1788683565,P1,61.331,1005,9
1788683566,P1,74.78466666666667,1005,9
1788683567,P1,73.38733333333333,1005,9
1788683568,P1,65.59477777777778,1005,9
1788683569,P1,61.29633333333334,1005,9
1788683570,P1,61.331,1005,9
1788683571,P1,61.5512,1005,10
1788683572,P1,61.86066666666667,1005,9
1788683573,P1,61.616,1005,9
1788683574,P1,61.28966666666667,1005,9
1788683575,P1,61.275777777777776,1005,9
1788683576,P1,61.93222222222222,1396.6666666666667,9
1788683577,P1,86.06344444444444,1710,9
1788683578,P1,84.62311111111111,1710,9
1788683579,P1,69.54466666666667,1710,9
1788683580,P1,63.683,1710,9
1788683581,P1,64.1572,1710,10
1788683582,P1,64.65466666666667,1710,9
1788683583,P1,64.26,1710,9
1788683584,P1,63.95422222222222,1710,9
1788683585,P1,63.83166666666666,1710,9
1788683586,P1,63.70922222222222,1710,9
1788683587,P1,62.907222222222224,1260,9
1788683588,P1,69.33933333333333,900,9
1788683589,P1,66.07944444444445,900,9
1788683590,P1,62.506299999999996,900,10
1788683591,P1,61.73677777777778,900,9
1788683592,P1,61.31666666666666,900,9
1788683593,P1,61.04533333333333,900,9
1788683594,P1,60.964,900,9
1788683595,P1,60.964,900,9
1788683596,P1,60.964,900,9
1788683597,P1,60.96333333333333,900,9
1788683598,P1,60.88166666666667,900,9
1788683599,P1,60.841,900,9
1788683600,P1,61.269400000000005,900,10
1788683601,P1,61.535000000000004,900,9
1788683602,P1,63.60166666666667,900,9
1788683603,P1,65.63744444444444,900,9
1788683604,P1,63.781000000000006,900,9
1788683605,P1,61.385222222222225,900,9
1788683606,P1,61.26266666666667,900,9
1788683607,P1,61.208666666666666,900,9
1788683608,P1,61.208333333333336,900,9
1788683609,P1,61.208666666666666,900,9
1788683610,P1,61.209,900,10
1788683611,P1,61.61633333333334,900,9
1788683612,P1,61.90133333333333,900,9
1788683613,P1,61.616,900,9
1788683614,P1,61.37166666666667,900,9
1788683615,P1,61.24966666666667,900,9
1788683616,P1,61.209,900,9
1788683617,P1,61.127,900,9
1788683618,P1,61.086,900,9
1788683619,P1,61.159800000000004,900,10
1788683620,P1,61.209,900,9
1788683621,P1,61.69766666666667,900,9
1788683622,P1,62.105333333333334,900,9
1788683623,P1,62.95177777777778,900,9
1788683624,P1,73.91655555555556,900,9
1788683625,P1,68.818,900,9
1788683626,P1,60.986,900,9
1788683627,P1,60.964,900,9
1788683628,P1,60.963,900,9
1788683629,P1,61.33,900,9
1788683630,P1,61.4163,900,10
1788683631,P1,61.07233333333333,900,9
1788683632,P1,60.96311111111111,900,9
1788683633,P1,60.964,900,9
1788683634,P1,60.964,900,9
1788683635,P1,60.964,900,9
1788683636,P1,60.841,900,9
1788683637,P1,60.719,900,9
1788683638,P1,62.902,1620,9
1788683639,P1,64.719,1710,9
1788683640,P1,78.33840000000001,1710,10
1788683641,P1,87.03477777777778,1710,9
1788683642,P1,70.62077777777777,1710,9
1788683643,P1,63.91277777777778,1710,9
1788683644,P1,64.50866666666667,1710,9
1788683645,P1,64.32077777777778,1710,9
1788683646,P1,63.83988888888889,1710,9
1788683647,P1,63.63644444444444,1710,9
1788683648,P1,63.590333333333334,1710,9
1788683649,P1,63.532,1710,10
1788683650,P1,63.532,1710,9
1788683651,P1,63.46422222222222,1710,9
1788683652,P1,64.3411111111111,1710,9
1788683653,P1,64.8821111111111,1710,9
1788683654,P1,64.37899999999999,1710,9
1788683655,P1,64.00655555555555,1710,9
1788683656,P1,63.78055555555556,1710,9
1788683657,P1,63.60033333333333,1710,9
1788683658,P1,63.57866666666666,1710,9
1788683659,P1,63.567,1710,10
1788683660,P1,63.497,1710,9
1788683661,P1,63.56477777777778,1710,9
1788683662,P1,63.220666666666666,1318.3333333333333,9
1788683663,P1,62.47533333333333,1005,9
1788683664,P1,63.21233333333333,1005,9
1788683665,P1,65.68833333333333,1005,9
1788683666,P1,64.69033333333334,1005,9
1788683667,P1,62.20477777777778,1005,9
1788683668,P1,61.778333333333336,1005,9
1788683669,P1,61.453,1005,10
1788683670,P1,61.42566666666667,1005,9
1788683671,P1,61.28966666666667,1005,9
1788683672,P1,61.209,1005,9
1788683673,P1,65.94677777777778,1005,9
1788683674,P1,76.869,1005,9
1788683675,P1,71.57488888888889,1005,9
1788683676,P1,61.248,1005,9
1788683677,P1,61.26244444444444,1005,9
1788683678,P1,61.72511111111111,1005,9
1788683679,P1,61.8686,1005,10
1788683680,P1,61.52077777777778,1005,9
1788683681,P1,61.30388888888889,1005,9
1788683682,P1,61.235888888888894,1005,9
1788683683,P1,61.598,1083.3333333333333,9
1788683684,P1,64.73988888888888,1710,9
1788683685,P1,92.52255555555556,1710,9
1788683686,P1,78.08977777777778,1710,9
1788683687,P1,65.00933333333333,1710,9
1788683688,P1,63.52833333333333,1710,9
1788683689,P1,63.61366666666667,1710,9
1788683690,P1,63.5386,1710,10
1788683691,P1,64.69355555555555,1710,9
1788683692,P1,64.73255555555555,1710,9
1788683693,P1,64.28344444444444,1710,9
1788683694,P1,63.90277777777778,1710,9
1788683695,P1,62.574,990,9
1788683696,P1,71.53833333333334,900,9
1788683697,P1,63.987,900,9
1788683698,P1,60.986,900,9
1788683699,P1,60.964,900,9
1788683700,P1,61.4774,900,10
1788683701,P1,61.64266666666667,900,9
1788683702,P1,61.18077777777778,900,9
1788683703,P1,60.96311111111111,900,9
1788683704,P1,60.964,900,9
1788683705,P1,60.964,900,9
1788683706,P1,60.964,900,9
1788683707,P1,60.841,900,9
1788683708,P1,60.841,900,9
1788683709,P1,61.0006,900,10
1788683710,P1,64.88833333333334,900,9
1788683711,P1,66.166,900,9
1788683712,P1,61.541,900,9
1788683713,P1,61.331,900,9
1788683714,P1,61.209,900,9
1788683715,P1,61.099666666666664,900,9
1788683716,P1,60.977555555555554,900,9
1788683717,P1,60.964,900,9
1788683718,P1,60.85466666666667,900,9
1788683719,P1,60.841,900,9
1788683720,P1,60.9517,900,10
1788683721,P1,61.453,900,9
1788683722,P1,61.698,900,9
1788683723,P1,61.208,900,9
1788683724,P1,60.99111111111111,900,9
1788683725,P1,60.964,900,9
1788683726,P1,60.964,900,9
1788683727,P1,60.85466666666667,900,9
1788683728,P1,60.841,900,9
1788683729,P1,60.9508,900,10
1788683730,P1,60.841,900,9
1788683731,P1,68.30855555555556,900,9
1788683732,P1,71.12666666666667,900,9
1788683733,P1,64.18433333333333,900,9
1788683734,P1,60.806333333333335,900,9
1788683735,P1,61.181000000000004,900,9
1788683736,P1,61.507222222222225,900,9
1788683737,P1,61.35766666666667,900,9
1788683738,P1,61.031777777777776,900,9
1788683739,P1,60.964,900,10
1788683740,P1,60.964,900,9
1788683741,P1,60.964,900,9
1788683742,P1,60.882,900,9
1788683743,P1,60.75966666666667,900,9
1788683744,P1,60.800333333333334,900,9
1788683745,P1,61.71433333333333,1350,9
1788683746,P1,63.42188888888889,1710,9
1788683747,P1,69.25633333333333,1710,9
1788683748,P1,89.06488888888889,1710,9
1788683749,P1,77.612,1710,9
1788683750,P1,63.6586,1710,10
1788683751,P1,63.68677777777778,1710,9
1788683752,P1,64.25622222222222,1710,9
1788683753,P1,64.40611111111112,1710,9
1788683754,P1,63.83588888888889,1710,9
1788683755,P1,63.621,1710,9
1788683756,P1,63.62533333333333,1710,9
1788683757,P1,63.529999999999994,1710,9
1788683758,P1,63.514,1710,9
1788683759,P1,63.637,1710,9
1788683760,P1,63.5198,1710,10
1788683761,P1,63.503,1710,9
1788683762,P1,64.28588888888889,1710,9
1788683763,P1,64.529,1710,9
1788683764,P1,63.973444444444446,1710,9
1788683765,P1,63.85388888888889,1710,9
1788683766,P1,63.623333333333335,1710,9
1788683767,P1,63.514,1710,9
1788683768,P1,63.655,1710,9
1788683769,P1,63.532,1710,9
1788683770,P1,62.198899999999995,1075.5,10
1788683771,P1,61.28966666666666,1005,9
1788683772,P1,64.04833333333333,1005,9
1788683773,P1,63.962777777777774,1005,9
1788683774,P1,61.72877777777778,1005,9
1788683775,P1,61.21877777777778,1005,9
1788683776,P1,61.684222222222225,1005,9
1788683777,P1,62.010555555555555,1005,9
1788683778,P1,61.68388888888889,1005,9
1788683779,P1,61.47933333333333,1005,9
1788683780,P1,61.357888888888894,1005,9
1788683781,P1,72.7206,1005,10
1788683782,P1,71.47622222222222,1005,9
1788683783,P1,63.919666666666664,1005,9
1788683784,P1,61.37166666666667,1005,9
1788683785,P1,61.24966666666667,1005,9
1788683786,P1,61.209,1005,9
1788683787,P1,61.209,1005,9
1788683788,P1,61.45366666666667,1005,9
1788683789,P1,61.657333333333334,1005,9
1788683790,P1,61.45333333333333,1005,9
1788683791,P1,61.991600000000005,1428,10
1788683792,P1,87.90355555555556,1710,9
1788683793,P1,84.77288888888889,1710,9
1788683794,P1,69.56522222222222,1710,9
1788683795,P1,63.648555555555554,1710,9
1788683796,P1,63.637,1710,9
1788683797,P1,63.637,1710,9
1788683798,P1,63.647,1710,9
1788683799,P1,64.05222222222223,1710,9
1788683800,P1,64.56388888888888,1710,9
1788683801,P1,64.36099999999999,1710,10
1788683802,P1,63.06188888888889,1260,9
1788683803,P1,68.495,900,9
1788683804,P1,64.70933333333333,900,9
1788683805,P1,61.535999999999994,900,9
1788683806,P1,60.968888888888884,900,9
1788683807,P1,60.964,900,9
1788683808,P1,61.34433333333334,900,9
1788683809,P1,61.534333333333336,900,9
1788683810,P1,61.249,900,9
1788683811,P1,61.0006,900,10
1788683812,P1,60.85466666666667,900,9
1788683813,P1,60.841,900,9
1788683814,P1,60.949444444444445,900,9
1788683815,P1,60.96388888888889,900,9
1788683816,P1,60.964,900,9
1788683817,P1,64.38644444444445,900,9
1788683818,P1,65.76333333333334,900,9
1788683819,P1,63.60766666666667,900,9
1788683820,P1,61.60966666666667,900,9
1788683821,P1,61.3548,900,10
1788683822,P1,61.04533333333333,900,9
1788683823,P1,60.964,900,9
1788683824,P1,60.882,900,9
1788683825,P1,60.841,900,9
1788683826,P1,60.923,900,9
1788683827,P1,60.89566666666666,900,9
1788683828,P1,60.841,900,9
1788683829,P1,61.11322222222223,900,9
1788683830,P1,61.4042,900,10
1788683831,P1,61.208333333333336,900,9
1788683832,P1,61.004666666666665,900,9
1788683833,P1,60.882,900,9
1788683834,P1,60.841,900,9
1788683835,P1,60.909333333333336,900,9
1788683836,P1,60.964,900,9
1788683837,P1,60.964,900,9
1788683838,P1,60.964,900,9
1788683839,P1,73.68155555555556,900,9
1788683840,P1,68.937,900,9
1788683841,P1,60.986,900,10
1788683842,P1,60.964,900,9
1788683843,P1,60.964,900,9
1788683844,P1,60.841,900,9
1788683845,P1,60.841,900,9
1788683846,P1,61.33,900,9
1788683847,P1,61.453,900,9
1788683848,P1,61.086,900,9
1788683849,P1,60.964,900,9
1788683850,P1,60.841,900,9
1788683851,P1,60.841,900,10
1788683852,P1,60.964,900,9
1788683853,P1,62.186,1620,9
1788683854,P1,63.532,1710,9
1788683855,P1,76.60088888888889,1710,9
1788683856,P1,87.55066666666667,1710,9
1788683857,P1,72.34766666666667,1710,9
1788683858,P1,63.50733333333333,1710,9
1788683859,P1,63.61366666666667,1710,9
1788683860,P1,63.777,1710,9
1788683861,P1,63.7282,1710,10
1788683862,P1,64.291,1710,9
1788683863,P1,64.92288888888889,1710,9
1788683864,P1,64.455,1710,9
1788683865,P1,64.025,1710,9
1788683866,P1,63.859,1710,9
1788683867,P1,63.736333333333334,1710,9
1788683868,P1,63.65466666666667,1710,9
1788683869,P1,63.61333333333334,1710,9
1788683870,P1,63.49133333333333,1710,9
1788683871,P1,63.507999999999996,1710,10
1788683872,P1,64.08122222222222,1710,9
1788683873,P1,64.66866666666667,1710,9
1788683874,P1,64.53933333333333,1710,9
1788683875,P1,64.06233333333334,1710,9
1788683876,P1,63.81166666666667,1710,9
1788683877,P1,63.269666666666666,1475,9
1788683878,P1,62.13366666666666,1005,9
1788683879,P1,61.60255555555556,1005,9
1788683880,P1,65.52420000000001,1005,10
1788683881,P1,64.07966666666667,1005,9
1788683882,P1,61.26155555555555,1005,9
1788683883,P1,61.33,1005,9
1788683884,P1,61.31655555555555,1005,9
1788683885,P1,61.209,1005,9
1788683886,P1,61.71055555555556,1005,9
1788683887,P1,61.778333333333336,1005,9
1788683888,P1,62.38788888888889,1005,9
1788683889,P1,76.06755555555556,1005,9
1788683890,P1,69.4085,1005,10
1788683891,P1,61.459,1005,9
1788683892,P1,61.31744444444445,1005,9
1788683893,P1,61.209,1005,9
1788683894,P1,61.209,1005,9
1788683895,P1,61.209,1005,9
1788683896,P1,62.187,1005,9
1788683897,P1,61.942,1005,9
1788683898,P1,61.575,1005,9
1788683899,P1,64.999,1631.6666666666667,9
1788683900,P1,93.4178,1710,10
1788683901,P1,80.54833333333333,1710,9
1788683902,P1,63.67166666666667,1710,9
1788683903,P1,63.741,1710,9
1788683904,P1,63.636,1710,9
1788683905,P1,63.514,1710,9
1788683906,P1,64.841,1710,9
1788683907,P1,64.596,1710,9
1788683908,P1,64.229,1710,9
1788683909,P1,63.7238,1710,10
1788683910,P1,62.23466666666666,900,9
1788683911,P1,62.78111111111111,900,9
1788683912,P1,62.977888888888884,900,9
1788683913,P1,60.980888888888884,900,9
1788683914,P1,61.044555555555554,900,9
1788683915,P1,61.35733333333333,900,9
1788683916,P1,61.39877777777778,900,9
1788683917,P1,61.18166666666667,900,9
1788683918,P1,61.05888888888889,900,9
1788683919,P1,60.964,900,10
1788683920,P1,60.93666666666667,900,9
1788683921,P1,60.841,900,9
1788683922,P1,60.86833333333333,900,9
1788683923,P1,60.93666666666667,900,9
1788683924,P1,61.41677777777778,900,9
1788683925,P1,65.22066666666666,900,9
1788683926,P1,65.726,900,9
1788683927,P1,61.51855555555556,900,9
1788683928,P1,61.30377777777778,900,9
1788683929,P1,61.07233333333333,900,9
1788683930,P1,60.9631,900,10
1788683931,P1,60.95033333333333,900,9
1788683932,P1,60.841,900,9
1788683933,P1,60.841,900,9
1788683934,P1,60.827444444444446,900,9
1788683935,P1,60.78688888888889,900,9
1788683936,P1,61.35733333333333,900,9
1788683937,P1,61.52155555555556,900,9
1788683938,P1,61.086,900,9
1788683939,P1,60.963899999999995,900,10
1788683940,P1,60.96311111111111,900,9
1788683941,P1,60.964,900,9
1788683942,P1,60.95033333333333,900,9
1788683943,P1,60.841,900,9
1788683944,P1,60.85466666666667,900,9
1788683945,P1,61.01833333333333,900,9
1788683946,P1,68.77733333333333,900,9
1788683947,P1,72.389,900,9
1788683948,P1,64.88788888888888,900,9
1788683949,P1,60.8098,900,10
1788683950,P1,60.923,900,9
1788683951,P1,61.208,900,9
1788683952,P1,61.39833333333333,900,9
1788683953,P1,61.24911111111111,900,9
1788683954,P1,61.01766666666666,900,9
1788683955,P1,60.963,900,9
1788683956,P1,60.96366666666667,900,9
1788683957,P1,60.882,900,9
1788683958,P1,60.841,900,10
1788683959,P1,60.93666666666667,900,9
1788683960,P1,61.84866666666667,1440,9
1788683961,P1,63.665,1710,9
1788683962,P1,72.043,1710,9
1788683963,P1,83.79255555555555,1710,9
1788683964,P1,71.24266666666666,1710,9
1788683965,P1,63.69211111111111,1710,9
1788683966,P1,63.70488888888889,1710,9
1788683967,P1,64.27522222222223,1710,9
1788683968,P1,64.425,1710,9
1788683969,P1,63.8358,1710,10
1788683970,P1,63.655,1710,9
1788683971,P1,63.62766666666667,1710,9
1788683972,P1,63.532,1710,9
1788683973,P1,63.54366666666667,1710,9
1788683974,P1,63.63488888888889,1710,9
1788683975,P1,63.71311111111111,1710,9
1788683976,P1,64.51677777777778,1710,9
1788683977,P1,64.76599999999999,1710,9
1788683978,P1,63.948600000000006,1710,10
1788683979,P1,63.655,1710,9
1788683980,P1,63.62766666666667,1710,9
1788683981,P1,63.532,1710,9
1788683982,P1,63.54566666666666,1710,9
1788683983,P1,63.653,1710,9
1788683984,P1,63.51455555555555,1710,9
1788683985,P1,62.45544444444444,1005,9
1788683986,P1,61.819,1005,9
1788683987,P1,66.02766666666666,1005,9
1788683988,P1,69.216,1005,10
1788683989,P1,62.009,1005,9
1788683990,P1,61.698,1005,9
1788683991,P1,61.33,1005,9
1788683992,P1,61.331,1005,9
1788683993,P1,61.331,1005,9
1788683994,P1,61.22255555555556,1005,9
1788683995,P1,61.31744444444445,1005,9
1788683996,P1,71.54255555555555,1005,9
1788683997,P1,71.54488888888889,1005,9
1788683998,P1,63.6145,1005,10
1788683999,P1,61.21388888888889,1005,9
1788684000,P1,61.589333333333336,1005,9
1788684001,P1,61.88777777777778,1005,9
1788684002,P1,61.656555555555556,1005,9
1788684003,P1,61.385222222222225,1005,9
1788684004,P1,61.24966666666667,1005,9
1788684005,P1,61.209,1005,9
1788684006,P1,62.01233333333334,1475,9
1788684007,P1,87.745,1710,9
1788684008,P1,81.6683,1710,10
1788684009,P1,67.28,1710,9
1788684010,P1,64.02566666666667,1710,9
1788684011,P1,63.903666666666666,1710,9
1788684012,P1,64.84033333333333,1710,9
1788684013,P1,65.58633333333333,1710,9
1788684014,P1,64.819,1710,9
1788684015,P1,64.29266666666666,1710,9
1788684016,P1,64.17222222222223,1710,9
1788684017,P1,63.25266666666667,1260,9
1788684018,P1,69.4063,900,10
1788684019,P1,69.86022222222222,900,9
1788684020,P1,62.75688888888889,900,9
1788684021,P1,61.71688888888889,900,9
1788684022,P1,61.370777777777775,900,9
1788684023,P1,61.14022222222222,900,9
1788684024,P1,60.99111111111111,900,9
1788684025,P1,60.964,900,9
1788684026,P1,60.964,900,9
1788684027,P1,60.86833333333333,900,9
1788684028,P1,60.841,900,10
1788684029,P1,60.949444444444445,900,9
1788684030,P1,61.39855555555556,900,9
1788684031,P1,61.64277777777778,900,9
1788684032,P1,62.623666666666665,900,9
1788684033,P1,63.61544444444444,900,9
1788684034,P1,62.52144444444444,900,9
1788684035,P1,61.160222222222224,900,9
1788684036,P1,61.086,900,9
1788684037,P1,61.086,900,9
1788684038,P1,61.0006,900,10
1788684039,P1,60.86833333333333,900,9
1788684040,P1,60.841,900,9
1788684041,P1,60.93666666666667,900,9
1788684042,P1,61.45333333333333,900,9
1788684043,P1,61.616,900,9
1788684044,P1,61.41166666666667,900,9
1788684045,P1,61.16733333333333,900,9
1788684046,P1,61.004666666666665,900,9
1788684047,P1,60.964,900,9
1788684048,P1,60.8779,900,10
1788684049,P1,60.841,900,9
1788684050,P1,60.93666666666667,900,9
1788684051,P1,60.882,900,9
1788684052,P1,61.412333333333336,900,9
1788684053,P1,64.8608888888889,900,9
1788684054,P1,72.14,900,9
1788684055,P1,68.64466666666667,900,9
1788684056,P1,60.983555555555554,900,9
1788684057,P1,60.95033333333333,900,9
1788684058,P1,60.9388,900,10
1788684059,P1,61.38466666666667,900,9
1788684060,P1,61.46711111111111,900,9
1788684061,P1,61.05888888888889,900,9
1788684062,P1,60.964,900,9
1788684063,P1,60.93666666666667,900,9
1788684064,P1,60.841,900,9
1788684065,P1,60.85466666666667,900,9
1788684066,P1,60.95033333333333,900,9
1788684067,P1,60.98855555555556,990,9
1788684068,P1,62.629999999999995,1710,10
1788684069,P1,64.59855555555556,1710,9
1788684070,P1,86.38744444444444,1710,9
1788684071,P1,80.51266666666666,1710,9
1788684072,P1,66.71144444444444,1710,9
1788684073,P1,64.21366666666667,1710,9
1788684074,P1,64.57477777777777,1710,9
1788684075,P1,64.157,1710,9
1788684076,P1,63.83122222222222,1710,9
1788684077,P1,63.69566666666667,1710,9
1788684078,P1,63.655,1710,10
1788684079,P1,63.55933333333333,1710,9
1788684080,P1,63.43633333333333,1710,9
1788684081,P1,63.504666666666665,1710,9
1788684082,P1,63.72255555555556,1710,9
1788684083,P1,64.23822222222222,1710,9
1788684084,P1,64.4508888888889,1710,9
1788684085,P1,64.01277777777779,1710,9
1788684086,P1,63.730333333333334,1710,9
1788684087,P1,63.7404,1710,10
1788684088,P1,63.681333333333335,1710,9
1788684089,P1,63.55911111111111,1710,9
1788684090,P1,63.708555555555556,1710,9
1788684091,P1,63.75822222222222,1710,9
1788684092,P1,63.107,1161.6666666666667,9
1788684093,P1,62.25522222222222,1005,9
1788684094,P1,63.85155555555556,1005,9
1788684095,P1,65.77844444444445,1005,9
1788684096,P1,63.713,1005,9
1788684097,P1,62.218599999999995,1005,10
1788684098,P1,61.88966666666666,1005,9
1788684099,P1,61.534333333333336,1005,9
1788684100,P1,61.412333333333336,1005,9
1788684101,P1,61.290333333333336,1005,9
1788684102,P1,61.209,1005,9
1788684103,P1,66.86444444444444,1005,9
1788684104,P1,75.03677777777777,1005,9
1788684105,P1,68.26622222222223,1005,9
1788684106,P1,61.24322222222222,1005,9
1788684107,P1,61.236111111111114,1005,9
1788684108,P1,61.4774,1005,10
1788684109,P1,61.86,1005,9
1788684110,P1,61.81966666666667,1005,9
1788684111,P1,61.49366666666667,1005,9
1788684112,P1,61.290333333333336,1005,9
1788684113,P1,61.657333333333334,1161.6666666666667,9
1788684114,P1,79.02822222222223,1710,9
1788684115,P1,94.52,1710,9
1788684116,P1,73.95344444444444,1710,9
1788684117,P1,63.94711111111111,1710,9
1788684118,P1,63.9054,1710,10
1788684119,P1,64.35233333333333,1710,9
1788684120,P1,65.49344444444445,1710,9
1788684121,P1,65.072,1710,9
1788684122,P1,64.51866666666668,1710,9
1788684123,P1,64.2208888888889,1710,9
1788684124,P1,63.799777777777784,1530,9
1788684125,P1,65.11244444444445,900,9
1788684126,P1,68.87211111111111,900,9
1788684127,P1,64.05666666666666,900,9
1788684128,P1,60.9794,900,10
1788684129,P1,61.127,900,9
1788684130,P1,61.49366666666667,900,9
1788684131,P1,61.412,900,9
1788684132,P1,61.04533333333333,900,9
1788684133,P1,60.964,900,9
1788684134,P1,60.964,900,9
1788684135,P1,60.923,900,9
1788684136,P1,60.841,900,9
1788684137,P1,60.841,900,9
1788684138,P1,60.841,900,10
1788684139,P1,62.31677777777778,900,9
1788684140,P1,65.762,900,9
1788684141,P1,65.85955555555556,900,9
1788684142,P1,61.67777777777778,900,9
1788684143,P1,61.37144444444445,900,9
1788684144,P1,61.086,900,9
1788684145,P1,61.05866666666667,900,9
1788684146,P1,60.963,900,9
1788684147,P1,60.97666666666667,900,9
1788684148,P1,61.037,900,10
1788684149,P1,60.841,900,9
1788684150,P1,61.08588888888889,900,9
1788684151,P1,61.861444444444444,900,9
1788684152,P1,61.49444444444445,900,9
1788684153,P1,61.18166666666667,900,9
1788684154,P1,61.031555555555556,900,9
1788684155,P1,60.841,900,9
1788684156,P1,60.841,900,9
1788684157,P1,60.841,900,9
1788684158,P1,60.8656,900,10
1788684159,P1,60.964,900,9
1788684160,P1,61.04533333333333,900,9
1788684161,P1,67.79455555555556,900,9
1788684162,P1,72.57944444444445,900,9
1788684163,P1,65.49544444444444,900,9
1788684164,P1,60.97622222222222,900,9
1788684165,P1,60.964,900,9
1788684166,P1,60.909333333333336,900,9
1788684167,P1,60.841,900,9
1788684168,P1,61.086,900,10
1788684169,P1,61.39877777777778,900,9
1788684170,P1,61.28988888888889,900,9
1788684171,P1,61.086,900,9
1788684172,P1,61.031777777777776,900,9
1788684173,P1,60.909333333333336,900,9
1788684174,P1,60.89522222222222,900,9
1788684175,P1,61.56122222222222,1260,9
1788684176,P1,62.89922222222222,1710,9
1788684177,P1,66.92511111111111,1710,9
1788684178,P1,86.6229,1710,10
1788684179,P1,75.61055555555556,1710,9
1788684180,P1,63.455111111111115,1710,9
1788684181,P1,63.419111111111114,1710,9
1788684182,P1,63.70188888888889,1710,9
1788684183,P1,64.24466666666666,1710,9
1788684184,P1,64.3428888888889,1710,9
1788684185,P1,64.09677777777779,1710,9
1788684186,P1,63.83788888888889,1710,9
1788684187,P1,63.650444444444446,1710,9
1788684188,P1,63.7302,1710,10
1788684189,P1,63.568555555555555,1710,9
1788684190,P1,63.42311111111111,1710,9
1788684191,P1,63.529999999999994,1710,9
1788684192,P1,63.59355555555556,1710,9
1788684193,P1,64.28633333333333,1710,9
1788684194,P1,64.65755555555555,1710,9
1788684195,P1,63.98122222222223,1710,9
1788684196,P1,63.666444444444444,1710,9
1788684197,P1,63.74444444444445,1710,9
1788684198,P1,63.6152,1710,10
1788684199,P1,63.31466666666667,1631.6666666666667,9
1788684200,P1,62.418,1005,9
1788684201,P1,61.31655555555555,1005,9
1788684202,P1,64.21811111111111,1005,9
1788684203,P1,64.41277777777778,1005,9
1788684204,P1,61.96388888888889,1005,9
1788684205,P1,61.379000000000005,1005,9
1788684206,P1,61.24966666666667,1005,9
1788684207,P1,61.28966666666667,1005,9
1788684208,P1,61.5876,1005,10
1788684209,P1,61.79288888888889,1005,9
1788684210,P1,61.629444444444445,1005,9
1788684211,P1,74.71666666666667,1005,9
1788684212,P1,73.82866666666666,1005,9
1788684213,P1,64.991,1005,9
1788684214,P1,61.22366666666667,1005,9
1788684215,P1,61.209,1005,9
1788684216,P1,61.209,1005,9
1788684217,P1,61.209,1005,9
1788684218,P1,61.5024,1005,10
1788684219,P1,61.86066666666667,1005,9
1788684220,P1,61.69733333333333,1005,9
1788684221,P1,62.22766666666667,1396.6666666666667,9
1788684222,P1,75.35222222222222,1710,9
1788684223,P1,86.07066666666667,1710,9
1788684224,P1,74.81166666666667,1710,9
1788684225,P1,63.686,1710,9
1788684226,P1,63.61288888888889,1710,9
1788684227,P1,63.532,1710,9
1788684228,P1,63.5689,1710,10
1788684229,P1,63.614,1710,9
1788684230,P1,63.532,1710,9
1788684231,P1,63.89266666666666,1710,9
1788684232,P1,64.20633333333333,1530,9
1788684233,P1,67.047,900,9
1788684234,P1,69.68155555555555,900,9
1788684235,P1,64.61455555555555,900,9
1788684236,P1,60.998222222222225,900,9
1788684237,P1,60.964,900,9
1788684238,P1,60.927099999999996,900,10
1788684239,P1,60.841,900,9
1788684240,P1,60.882,900,9
1788684241,P1,60.964,900,9
1788684242,P1,61.086333333333336,900,9
1788684243,P1,61.412333333333336,900,9
1788684244,P1,61.49344444444445,900,9
1788684245,P1,61.153777777777776,900,9
1788684246,P1,60.96377777777778,900,9
1788684247,P1,61.44777777777778,900,9
1788684248,P1,64.9776,900,10
1788684249,P1,65.3431111111111,900,9
1788684250,P1,60.980888888888884,900,9
1788684251,P1,60.96322222222222,900,9
1788684252,P1,60.964,900,9
1788684253,P1,61.04533333333333,900,9
1788684254,P1,61.343666666666664,900,9
1788684255,P1,61.412222222222226,900,9
1788684256,P1,61.07244444444444,900,9
1788684257,P1,60.964,900,9
1788684258,P1,60.9394,900,10
1788684259,P1,60.841,900,9
1788684260,P1,60.841,900,9
1788684261,P1,60.841,900,9
1788684262,P1,60.882,900,9
1788684263,P1,61.181555555555555,900,9
1788684264,P1,61.888555555555556,900,9
1788684265,P1,61.61622222222222,900,9
1788684266,P1,61.275777777777776,900,9
1788684267,P1,61.05888888888889,900,9
1788684268,P1,60.96377777777778,900,9
1788684269,P1,68.8142,900,10
1788684270,P1,69.635,900,9
1788684271,P1,62.162222222222226,900,9
1788684272,P1,61.10455555555556,900,9
1788684273,P1,60.977555555555554,900,9
1788684274,P1,60.964,900,9
1788684275,P1,60.85466666666667,900,9
1788684276,P1,60.841,900,9
1788684277,P1,60.93666666666667,900,9
1788684278,P1,60.8656,900,10
1788684279,P1,61.27655555555556,900,9
1788684280,P1,61.54877777777778,900,9
1788684281,P1,61.14044444444444,900,9
1788684282,P1,60.977555555555554,900,9
1788684283,P1,62.268,1620,9
1788684284,P1,63.611444444444444,1710,9
1788684285,P1,75.33622222222222,1710,9
1788684286,P1,84.52066666666667,1710,9
1788684287,P1,69.538,1710,9
1788684288,P1,63.818666666666665,1710,9
1788684289,P1,63.5944,1710,10
1788684290,P1,63.586666666666666,1710,9
1788684291,P1,63.614,1710,9
1788684292,P1,63.525999999999996,1710,9
1788684293,P1,63.549,1710,9
1788684294,P1,64.18933333333334,1710,9
1788684295,P1,65.173,1710,9
1788684296,P1,64.61433333333333,1710,9
1788684297,P1,64.003,1710,9
1788684298,P1,63.718,1710,9
1788684299,P1,63.636300000000006,1710,10
1788684300,P1,63.602,1710,9
1788684301,P1,63.525999999999996,1710,9
1788684302,P1,63.555,1710,9
1788684303,P1,63.596333333333334,1710,9
1788684304,P1,63.75333333333334,1710,9
1788684305,P1,64.393,1710,9
1788684306,P1,64.48033333333333,1710,9
1788684307,P1,63.479,1475,9
1788684308,P1,62.0644,1005,10
1788684309,P1,61.873111111111115,1005,9
1788684310,P1,64.614,1005,9
1788684311,P1,64.133,1005,9
1788684312,P1,61.253,1005,9
1788684313,P1,61.209,1005,9
1788684314,P1,61.331,1005,9
1788684315,P1,61.331,1005,9
1788684316,P1,61.209,1005,9
1788684317,P1,61.331,1005,9
1788684318,P1,61.67277777777778,1005,9
1788684319,P1,78.06822222222222,1005,9
1788684320,P1,71.8142,1005,10
1788684321,P1,62.595,1005,9
1788684322,P1,62.24111111111111,1005,9
1788684323,P1,62.41833333333334,1005,9
1788684324,P1,61.888,1005,9
1788684325,P1,61.629444444444445,1005,9
1788684326,P1,61.575,1005,9
1788684327,P1,61.67066666666667,1005,9
1788684328,P1,61.602333333333334,1005,9
1788684329,P1,62.51222222222222,1553.3333333333333,9
1788684330,P1,86.97422222222222,1710,9
1788684331,P1,82.9563,1710,10
1788684332,P1,68.08566666666667,1710,9
1788684333,P1,63.89255555555555,1710,9
1788684334,P1,63.881,1710,9
1788684335,P1,63.93877777777778,1710,9
1788684336,P1,64.8,1710,9
1788684337,P1,65.56044444444444,1710,9
1788684338,P1,65.1528888888889,1710,9
1788684339,P1,64.36555555555556,1710,9
1788684340,P1,63.35666666666667,1260,9
1788684341,P1,72.52088888888889,900,9
1788684342,P1,74.2717,900,10
1788684343,P1,62.436,900,9
1788684344,P1,60.968888888888884,900,9
1788684345,P1,61.34433333333334,900,9
1788684346,P1,61.64277777777778,900,9
1788684347,P1,61.31666666666666,900,9
1788684348,P1,61.01744444444444,900,9
1788684349,P1,60.96377777777778,900,9
1788684350,P1,60.86833333333333,900,9
1788684351,P1,60.841,900,9
1788684352,P1,60.9394,900,10
1788684353,P1,60.85466666666667,900,9
1788684354,P1,60.841,900,9
1788684355,P1,62.59733333333333,900,9
1788684356,P1,63.949555555555555,900,9
1788684357,P1,62.477555555555554,900,9
1788684358,P1,61.245444444444445,900,9
1788684359,P1,61.52077777777778,900,9
1788684360,P1,61.303333333333335,900,9
1788684361,P1,61.01822222222222,900,9
1788684362,P1,60.964,900,10
1788684363,P1,60.882,900,9
1788684364,P1,60.841,900,9
1788684365,P1,60.923,900,9
1788684366,P1,60.964,900,9
1788684367,P1,60.96344444444444,900,9
1788684368,P1,60.96355555555556,900,9
1788684369,P1,61.16788888888889,900,9
1788684370,P1,61.39877777777778,900,9
1788684371,P1,61.24911111111111,900,9
1788684372,P1,61.01822222222222,900,9
1788684373,P1,60.964,900,10
1788684374,P1,60.882,900,9
1788684375,P1,60.75966666666667,900,9
1788684376,P1,62.58411111111111,900,9
1788684377,P1,70.90566666666666,900,9
1788684378,P1,67.98422222222221,900,9
1788684379,P1,60.983555555555554,900,9
1788684380,P1,60.95033333333333,900,9
1788684381,P1,60.841,900,9
1788684382,P1,60.841,900,9
1788684383,P1,60.963,900,9
1788684384,P1,60.841,900,10
1788684385,P1,60.909,900,9
1788684386,P1,61.46655555555556,900,9
1788684387,P1,61.52066666666667,900,9
1788684388,P1,61.07244444444444,900,9
1788684389,P1,60.95033333333333,900,9
1788684390,P1,60.841,900,9
1788684391,P1,62.309,1710,9
1788684392,P1,63.9,1710,9
1788684393,P1,79.06311111111111,1710,9
1788684394,P1,82.173,1710,9
1788684395,P1,68.3488,1710,10
1788684396,P1,63.673,1710,9
1788684397,P1,63.626444444444445,1710,9
1788684398,P1,63.55077777777778,1710,9
1788684399,P1,63.497,1710,9
1788684400,P1,63.574777777777776,1710,9
1788684401,P1,64.442,1710,9
1788684402,P1,64.94988888888888,1710,9
1788684403,P1,64.56933333333333,1710,9
1788684404,P1,64.08033333333333,1710,9
1788684405,P1,63.72688888888889,1710,9
1788684406,P1,63.6275,1710,10
1788684407,P1,63.57866666666666,1710,9
1788684408,P1,63.522,1710,9
1788684409,P1,63.57233333333333,1710,9
1788684410,P1,63.56066666666667,1710,9
1788684411,P1,63.514,1710,9
1788684412,P1,64.25122222222222,1710,9
1788684413,P1,64.77322222222222,1710,9
1788684414,P1,64.719,1710,4
1788678410,D0,23.337,1500,3
1788678411,D0,23.3615,1500,10
1788678412,D0,23.467111111111112,1500,9
1788678413,D0,23.532,1500,9
1788678414,D0,23.51022222222222,1500,9
1788678415,D0,23.459,1500,10
1788678416,D0,23.402,1500,8
1788678417,D0,23.404555555555557,1500,9
1788678418,D0,23.55677777777778,1500,9
1788678419,D0,23.643,1500,8
1788678420,D0,23.578555555555557,1500,9
1788678421,D0,23.498,1500,9
1788678422,D0,23.494125,1500,8
1788678423,D0,42.75688888888889,1500,9
1788678424,D0,67.30525,1500,8
1788678425,D0,67.48244444444444,1500,9
1788678426,D0,60.92333333333333,1500,9
1788678427,D0,32.333999999999996,1500,9
1788678428,D0,26.378333333333334,1500,9
1788678429,D0,48.824,1500,8
1788678430,D0,67.46644444444445,1500,9
1788678431,D0,67.60175,1500,8
1788678432,D0,61.833375000000004,1500,8
1788678433,D0,61.56666666666667,1500,9
1788678434,D0,67.561375,1500,8
1788678435,D0,67.44066666666667,1500,9
1788678436,D0,62.65477777777778,1500,9
1788678437,D0,64.42555555555556,1500,9
1788678438,D0,67.609875,1500,8
1788678439,D0,67.612625,1500,8
1788678440,D0,49.60411111111111,1500,9
1788678441,D0,28.119,1500,9
1788678442,D0,31.135875,1500,8
1788678443,D0,63.57533333333333,1500,9
1788678444,D0,67.71577777777777,1500,9
1788678445,D0,67.26275,1500,8
1788678446,D0,60.038000000000004,1500,9
1788678447,D0,67.8125,1500,8
1788678448,D0,67.86722222222222,1500,9
1788678449,D0,64.93,1500,8
1788678450,D0,57.614000000000004,1500,8
1788678451,D0,68.01344444444445,1500,9
1788678452,D0,68.03825,1500,8
1788678453,D0,63.6625,1500,8
1788678454,D0,33.79255555555555,1500,9
1788678455,D0,26.42522222222222,1500,9
1788678456,D0,47.10177777777778,1500,9
1788678457,D0,68.17766666666667,1500,9
1788678458,D0,68.229625,1500,8
1788678459,D0,64.58744444444444,1500,9
1788678460,D0,62.62325,1500,8
1788678461,D0,68.24575,1500,8
1788678462,D0,68.28633333333333,1500,9
1788678463,D0,62.043625,1500,8
1788678464,D0,63.735,1500,8
1788678465,D0,68.38655555555556,1500,9
1788678466,D0,68.443875,1500,8
1788678467,D0,52.53125,1500,8
1788678468,D0,29.174,1500,9
1788678469,D0,30.51175,1500,8
1788678470,D0,64.04877777777777,1500,9
1788678471,D0,68.521875,1500,8
1788678472,D0,68.0955,1500,8
1788678473,D0,57.653555555555556,1500,9
1788678474,D0,68.18275,1500,8
1788678475,D0,68.79222222222222,1500,9
1788678476,D0,66.67,1500,9
1788678477,D0,57.418625,1500,8
1788678478,D0,68.39477777777778,1500,9
1788678479,D0,68.87,1500,8
1788678480,D0,65.8518888888889,1500,9
1788678481,D0,36.485125,1500,8
1788678482,D0,27.189,1500,9
1788678483,D0,45.363875,1500,8
1788678484,D0,68.8665,1500,8
1788678485,D0,68.91544444444445,1500,9
1788678486,D0,64.901375,1500,8
1788678487,D0,61.51866666666667,1500,9
1788678488,D0,69.05924999999999,1500,8
1788678489,D0,69.15833333333333,1500,9
1788678490,D0,65.17477777777778,1500,9
1788678491,D0,65.186625,1500,8
1788678492,D0,69.20377777777777,1500,9
1788678493,D0,69.28425,1500,8
1788678494,D0,51.10966666666667,1500,9
1788678495,D0,29.297,1500,8
1788678496,D0,24.897,1500,8
1788678497,D0,23.820555555555554,1033.3333333333333,9
1788678498,D0,32.131375,975,8
1788678499,D0,59.2245,975,8
1788678500,D0,59.574555555555555,975,9
1788678501,D0,58.376125,975,8
1788678502,D0,50.10725,975,8
1788678503,D0,59.216125,975,8
1788678504,D0,59.67066666666667,975,9
1788678505,D0,57.461749999999995,975,8
1788678506,D0,53.222750000000005,975,8
1788678507,D0,59.72677777777778,975,9
1788678508,D0,59.7865,975,8
1788678509,D0,54.114111111111114,975,9
1788678510,D0,28.84433333333333,708.3333333333334,9
1788678511,D0,32.56825,675,8
1788678512,D0,56.407555555555554,675,9
1788678513,D0,58.438625,675,8
1788678514,D0,58.062125,675,8
1788678515,D0,51.851625,675,8
1788678516,D0,57.495777777777775,675,9
1788678517,D0,58.56375,675,8
1788678518,D0,57.82255555555555,675,9
1788678519,D0,48.5815,675,8
1788678520,D0,57.88988888888889,675,9
1788678521,D0,58.62975,675,8
1788678522,D0,58.2475,675,8
1788678523,D0,36.92977777777778,591.6666666666666,9
1788678524,D0,26.968625,525,8
1788678525,D0,49.37688888888889,525,9
1788678526,D0,57.880875,525,8
1788678527,D0,57.945750000000004,525,8
1788678528,D0,53.345555555555556,525,9
1788678529,D0,54.40011111111111,525,9
1788678530,D0,57.951375,525,8
1788678531,D0,57.972125,525,8
1788678532,D0,51.906666666666666,525,9
1788678533,D0,54.42825,525,8
1788678534,D0,58.01575,525,8
1788678535,D0,58.015,525,9
1788678536,D0,46.483333333333334,525,9
1788678537,D0,25.492555555555555,450,9
1788678538,D0,33.38075,450,8
1788678539,D0,57.12688888888889,450,9
1788678540,D0,57.533,450,8
1788678541,D0,57.1635,450,8
1788678542,D0,48.29633333333334,450,9
1788678543,D0,57.155625,450,8
1788678544,D0,57.601375000000004,450,8
1788678545,D0,57.295,450,9
1788678546,D0,51.099125,450,8
1788678547,D0,57.22477777777778,450,9
1788678548,D0,57.620875,450,8
1788678549,D0,57.27322222222222,450,9
1788678550,D0,37.98866666666667,650,9
1788678551,D0,26.811444444444444,900,9
1788678552,D0,49.842,900,8
1788678553,D0,59.545875,900,8
1788678554,D0,59.623375,900,8
1788678555,D0,53.482875,900,8
1788678556,D0,54.463,900,9
1788678557,D0,59.685125,900,8
1788678558,D0,59.71575,900,8
1788678559,D0,54.354625,900,8
1788678560,D0,56.431625,900,8
1788678561,D0,59.76222222222222,900,9
1788678562,D0,59.7405,900,8
1788678563,D0,44.605000000000004,918.75,8
1788678564,D0,25.765777777777778,1050,9
1788678565,D0,43.9055,1050,8
1788678566,D0,60.44475,1050,8
1788678567,D0,60.49166666666667,1050,9
1788678568,D0,57.474111111111114,1050,9
1788678569,D0,55.81975,1050,8
1788678570,D0,60.544222222222224,1050,9
1788678571,D0,60.57025,1050,8
1788678572,D0,56.057875,1050,8
1788678573,D0,55.86622222222222,1050,9
1788678574,D0,60.633125,1050,8
1788678575,D0,60.615375,1050,8
1788678576,D0,48.73577777777778,1000,9
1788678577,D0,26.28575,825,8
1788678578,D0,36.8705,825,8
1788678579,D0,59.18566666666667,825,9
1788678580,D0,59.58325,825,8
1788678581,D0,56.28922222222222,825,9
1788678582,D0,51.302625,825,8
1788678583,D0,59.559111111111115,825,9
1788678584,D0,59.6255,825,8
1788678585,D0,55.936749999999996,825,8
1788678586,D0,52.45188888888889,825,9
1788678587,D0,59.682625,825,8
1788678588,D0,59.683625,825,8
1788678589,D0,55.333875,825,8
1788678590,D0,30.274,883.3333333333334,9
1788678591,D0,30.741500000000002,900,8
1788678592,D0,54.9705,900,8
1788678593,D0,59.88588888888889,900,9
1788678594,D0,59.941375,900,8
1788678595,D0,49.984875,900,8
1788678596,D0,57.634125,900,8
1788678597,D0,59.93044444444445,900,9
1788678598,D0,59.55475,900,8
1788678599,D0,52.82,900,8
1788678600,D0,59.47855555555556,900,9
1788678601,D0,60.0385,900,8
1788678602,D0,58.90977777777778,900,9
1788678603,D0,36.696555555555555,900,9
1788678604,D0,25.361333333333334,900,9
1788678605,D0,22.899555555555555,1033.3333333333333,9
1788678606,D0,24.474,1500,9
1788678607,D0,44.16455555555556,1500,9
1788678608,D0,69.814875,1500,8
1788678609,D0,69.99025,1500,8
1788678610,D0,67.04275,1500,8
1788678611,D0,59.29577777777778,1500,9
1788678612,D0,70.07225,1500,8
1788678613,D0,70.174875,1500,8
1788678614,D0,67.596,1500,9
1788678615,D0,56.97888888888889,1500,9
1788678616,D0,70.225875,1500,8
1788678617,D0,70.26825,1500,8
1788678618,D0,67.71877777777777,1500,9
1788678619,D0,37.358777777777775,1500,9
1788678620,D0,28.22111111111111,1500,9
1788678621,D0,42.468125,1500,8
1788678622,D0,69.9238888888889,1500,9
1788678623,D0,70.08675,1500,8
1788678624,D0,67.5551111111111,1500,9
1788678625,D0,55.7605,1500,8
1788678626,D0,69.79666666666667,1500,9
1788678627,D0,70.297,1500,9
1788678628,D0,67.86155555555555,1500,9
1788678629,D0,52.305,1500,8
1788678630,D0,68.94266666666667,1500,9
1788678631,D0,70.343625,1500,8
1788678632,D0,69.635375,1500,8
1788678633,D0,43.20744444444445,1500,9
1788678634,D0,29.904333333333334,1500,9
1788678635,D0,34.424,1500,9
1788678636,D0,68.04388888888889,1500,9
1788678637,D0,70.30677777777778,1500,9
1788678638,D0,69.922375,1500,8
1788678639,D0,53.377375,1500,8
1788678640,D0,65.5,1500,9
1788678641,D0,70.375125,1500,8
1788678642,D0,70.460125,1500,8
1788678643,D0,56.29933333333334,1500,9
1788678644,D0,64.048625,1500,8
1788678645,D0,70.413625,1500,8
1788678646,D0,70.54655555555556,1500,9
1788678647,D0,54.58788888888889,1500,9
1788678648,D0,30.38,1500,9
1788678649,D0,29.342555555555556,1500,9
1788678650,D0,62.638,1500,9
1788678651,D0,70.490125,1500,8
1788678652,D0,70.50266666666667,1500,9
1788678653,D0,59.9505,1500,8
1788678654,D0,62.4825,1500,8
1788678655,D0,70.57822222222222,1500,9
1788678656,D0,70.64987500000001,1500,8
1788678657,D0,61.708124999999995,1500,8
1788678658,D0,62.20733333333333,1500,9
1788678659,D0,70.65325,1500,8
1788678660,D0,70.670875,1500,8
1788678661,D0,58.582,1500,9
1788678662,D0,32.00825,1500,8
1788678663,D0,29.120555555555555,1500,9
1788678664,D0,56.784625,1500,8
1788678665,D0,70.57000000000001,1500,9
1788678666,D0,70.72125,1500,8
1788678667,D0,64.07944444444445,1500,9
1788678668,D0,60.894,1500,9
1788678669,D0,70.732,1500,9
1788678670,D0,70.758625,1500,8
1788678671,D0,63.659222222222226,1500,9
1788678672,D0,59.181375,1500,8
1788678673,D0,70.71125,1500,8
1788678674,D0,70.78766666666667,1500,9
1788678675,D0,65.267,1500,8
1788678676,D0,34.97811111111111,1500,9
1788678677,D0,27.73975,1500,8
1788678678,D0,25.25177777777778,1208.3333333333333,9
1788678679,D0,25.619333333333334,975,9
1788678680,D0,49.782375,975,8
1788678681,D0,60.404777777777774,975,9
1788678682,D0,60.4305,975,8
1788678683,D0,52.98144444444444,975,9
1788678684,D0,52.801625,975,8
1788678685,D0,60.41277777777778,975,9
1788678686,D0,60.47225,975,8
1788678687,D0,54.349125,975,8
1788678688,D0,48.24525,975,8
1788678689,D0,60.44011111111111,975,9
1788678690,D0,60.454625,975,8
1788678691,D0,57.965624999999996,975,8
1788678692,D0,33.452999999999996,775,9
1788678693,D0,27.19575,675,8
1788678694,D0,50.7615,675,8
1788678695,D0,58.859375,675,8
1788678696,D0,58.88125,675,8
1788678697,D0,52.047777777777775,675,9
1788678698,D0,48.543625,675,8
1788678699,D0,58.85033333333333,675,9
1788678700,D0,58.895625,675,8
1788678701,D0,56.717555555555556,675,9
1788678702,D0,46.64875,675,8
1788678703,D0,58.474333333333334,675,9
1788678704,D0,58.85325,675,8
1788678705,D0,58.58733333333333,675,9
1788678706,D0,38.20388888888889,591.6666666666666,9
1788678707,D0,25.62575,525,8
1788678708,D0,42.02525,525,8
1788678709,D0,57.793625,525,8
1788678710,D0,57.82655555555556,525,9
1788678711,D0,57.051,525,8
1788678712,D0,44.413555555555554,525,9
1788678713,D0,56.655875,525,8
1788678714,D0,57.820875,525,8
1788678715,D0,57.82366666666667,525,9
1788678716,D0,45.33211111111111,525,9
1788678717,D0,52.65575,525,8
1788678718,D0,57.78322222222222,525,9
1788678719,D0,57.87025,525,8
1788678720,D0,52.67725,525,8
1788678721,D0,28.83577777777778,466.6666666666667,9
1788678722,D0,27.179875,450,8
1788678723,D0,52.708666666666666,450,9
1788678724,D0,57.056125,450,8
1788678725,D0,57.102555555555554,450,9
1788678726,D0,50.47266666666667,450,9
1788678727,D0,47.224777777777774,450,9
1788678728,D0,57.229,450,8
1788678729,D0,57.252125,450,8
1788678730,D0,56.32555555555556,450,9
1788678731,D0,46.1555,450,8
1788678732,D0,56.257625,450,8
1788678733,D0,57.150444444444446,450,9
1788678734,D0,57.11988888888889,450,9
1788678735,D0,45.059666666666665,500,9
1788678736,D0,25.648333333333333,900,9
1788678737,D0,34.4365,900,8
1788678738,D0,59.20025,900,8
1788678739,D0,59.846222222222224,900,9
1788678740,D0,59.46575,900,8
1788678741,D0,44.557125,900,8
1788678742,D0,56.664375,900,8
1788678743,D0,59.875750000000004,900,8
1788678744,D0,59.94544444444445,900,9
1788678745,D0,48.21211111111111,900,9
1788678746,D0,53.6665,900,8
1788678747,D0,59.93588888888889,900,9
1788678748,D0,59.92275,900,8
1788678749,D0,48.211555555555556,900,9
1788678750,D0,27.092624999999998,1050,8
1788678751,D0,30.51875,1050,8
1788678752,D0,57.407333333333334,1050,9
1788678753,D0,60.783625,1050,8
1788678754,D0,60.803625,1050,8
1788678755,D0,48.798249999999996,1050,8
1788678756,D0,55.529222222222224,1050,9
1788678757,D0,60.816375,1050,8
1788678758,D0,60.8275,1050,8
1788678759,D0,52.123125,1050,8
1788678760,D0,52.01522222222222,1050,9
1788678761,D0,60.820375,1050,8
1788678762,D0,60.851625,1050,8
1788678763,D0,51.531333333333336,1050,9
1788678764,D0,27.766125000000002,853.125,8
1788678765,D0,29.03988888888889,825,9
1788678766,D0,55.53688888888889,825,9
1788678767,D0,59.595,825,8
1788678768,D0,59.57544444444444,825,9
1788678769,D0,50.006,825,8
1788678770,D0,52.866375,825,8
1788678771,D0,59.54655555555556,825,9
1788678772,D0,59.580375000000004,825,8
1788678773,D0,53.796875,825,8
1788678774,D0,50.150875,825,8
1788678775,D0,59.62566666666667,825,9
1788678776,D0,59.657375,825,8
1788678777,D0,54.13188888888889,825,9
1788678778,D0,29.803444444444445,883.3333333333334,9
1788678779,D0,28.136,900,8
1788678780,D0,52.05255555555556,900,9
1788678781,D0,59.893125,900,8
1788678782,D0,59.964777777777776,900,9
1788678783,D0,52.033875,900,8
1788678784,D0,52.3675,900,8
1788678785,D0,59.9625,900,8
1788678786,D0,59.93644444444445,900,9
1788678787,D0,54.805,900,8
1788678788,D0,49.549625,900,8
1788678789,D0,59.944,900,8
1788678790,D0,60.00088888888889,900,9
1788678791,D0,55.505625,900,8
1788678792,D0,30.515375,900,8
1788678793,D0,24.623333333333335,900,9
1788678794,D0,23.724222222222224,1233.3333333333333,9
1788678795,D0,25.32275,1500,8
1788678796,D0,45.1875,1500,8
1788678797,D0,70.23311111111111,1500,9
1788678798,D0,70.448125,1500,8
1788678799,D0,68.65244444444444,1500,9
1788678800,D0,49.89033333333333,1500,9
1788678801,D0,68.53044444444444,1500,9
1788678802,D0,70.562625,1500,8
1788678803,D0,70.59855555555555,1500,9
1788678804,D0,55.54425,1500,8
1788678805,D0,62.99655555555555,1500,9
1788678806,D0,70.574,1500,8
1788678807,D0,70.60662500000001,1500,8
1788678808,D0,57.928,1500,9
1788678809,D0,31.723222222222223,1500,9
1788678810,D0,28.2035,1500,8
1788678811,D0,56.443666666666665,1500,9
1788678812,D0,70.52,1500,8
1788678813,D0,70.64311111111111,1500,9
1788678814,D0,62.260625,1500,8
1788678815,D0,51.839124999999996,1500,8
1788678816,D0,70.485375,1500,8
1788678817,D0,70.69477777777777,1500,9
1788678818,D0,68.17925,1500,8
1788678819,D0,49.413555555555554,1500,9
1788678820,D0,67.703625,1500,8
1788678821,D0,70.79933333333334,1500,9
1788678822,D0,70.853125,1500,8
1788678823,D0,51.61244444444444,1500,9
1788678824,D0,29.7877,1500,10
1788678825,D0,33.179,1500,8
1788678826,D0,67.48544444444444,1500,9
1788678827,D0,70.766,1500,8
1788678828,D0,70.7645,1500,8
1788678829,D0,54.568555555555555,1500,9
1788678830,D0,61.787125,1500,8
1788678831,D0,70.83866666666667,1500,9
1788678832,D0,70.974375,1500,8
1788678833,D0,61.778,1500,9
1788678834,D0,54.82388888888889,1500,9
1788678835,D0,70.983125,1500,8
1788678836,D0,70.97622222222222,1500,9
1788678837,D0,67.94675,1500,8
1788678838,D0,37.88666666666666,1500,9
1788678839,D0,28.989125,1500,8
1788678840,D0,47.431,1500,8
1788678841,D0,70.78633333333333,1500,9
1788678842,D0,70.906875,1500,8
1788678843,D0,66.52077777777778,1500,9
1788678844,D0,50.19733333333333,1500,9
1788678845,D0,69.98725,1500,8
1788678846,D0,71.02577777777778,1500,9
1788678847,D0,70.61077777777777,1500,9
1788678848,D0,51.69325,1500,8
1788678849,D0,64.38622222222223,1500,9
1788678850,D0,71.077125,1500,8
1788678851,D0,71.1415,1500,8
1788678852,D0,57.31311111111111,1500,9
1788678853,D0,31.208,1500,9
1788678854,D0,31.3565,1500,8
1788678855,D0,63.277375,1500,8
1788678856,D0,70.95288888888889,1500,9
1788678857,D0,70.989125,1500,8
1788678858,D0,59.9745,1500,8
1788678859,D0,60.67677777777778,1500,9
1788678860,D0,71.1005,1500,8
1788678861,D0,71.106625,1500,8
1788678862,D0,63.95633333333333,1500,9
1788678863,D0,53.43725,1500,8
1788678864,D0,70.73377777777777,1500,9
1788678865,D0,71.255625,1500,8
1788678866,D0,68.64944444444444,1500,9
1788678867,D0,40.575,1500,9
1788678868,D0,29.722444444444445,1500,9
1788678869,D0,44.552125000000004,1500,8
1788678870,D0,70.940875,1500,8
1788678871,D0,71.11122222222222,1500,9
1788678872,D0,69.9685,1500,8
1788678873,D0,51.141375,1500,8
1788678874,D0,67.22111111111111,1500,9
1788678875,D0,71.244,1500,8
1788678876,D0,71.28975,1500,8
1788678877,D0,55.309222222222225,1500,9
1788678878,D0,64.81133333333334,1500,9
1788678879,D0,71.3575,1500,8
1788678880,D0,71.40966666666667,1500,9
1788678881,D0,60.2825,1500,8
1788678882,D0,32.196333333333335,1500,9
1788678883,D0,24.812124999999998,1040.625,8
1788678884,D0,26.816625000000002,975,8
1788678885,D0,54.02511111111111,975,9
1788678886,D0,60.811375,975,8
1788678887,D0,60.870875,975,8
1788678888,D0,54.57533333333333,975,9
1788678889,D0,48.44175,975,8
1788678890,D0,60.79575,975,8
1788678891,D0,60.779555555555554,975,9
1788678892,D0,60.248875,975,8
1788678893,D0,46.0845,975,8
1788678894,D0,58.821999999999996,975,9
1788678895,D0,60.903875,975,8
1788678896,D0,60.90611111111111,975,9
1788678897,D0,45.602333333333334,908.3333333333334,9
1788678898,D0,26.290333333333333,675,9
1788678899,D0,31.37625,675,8
1788678900,D0,57.029444444444444,675,9
1788678901,D0,58.848375,675,8
1788678902,D0,58.85411111111111,675,9
1788678903,D0,48.846624999999996,675,8
1788678904,D0,50.388875,675,8
1788678905,D0,58.82988888888889,675,9
1788678906,D0,58.886875,675,8
1788678907,D0,56.713625,675,8
1788678908,D0,42.70622222222222,675,9
1788678909,D0,57.973375000000004,675,8
1788678910,D0,58.852625,675,8
1788678911,D0,58.823,675,9
1788678912,D0,47.39666666666667,658.3333333333334,9
1788678913,D0,26.492375,525,8
1788678914,D0,28.543374999999997,525,8
1788678915,D0,54.7295,525,8
1788678916,D0,57.35888888888889,525,9
1788678917,D0,57.430125000000004,525,8
1788678918,D0,51.34211111111111,525,9
1788678919,D0,42.998625,525,8
1788678920,D0,57.417375,525,8
1788678921,D0,57.46911111111111,525,9
1788678922,D0,57.46525,525,8
1788678923,D0,47.57677777777778,525,9
1788678924,D0,49.7065,525,8
1788678925,D0,57.45411111111111,525,9
1788678926,D0,57.490875,525,8
1788678927,D0,55.967875,525,8
1788678928,D0,33.010888888888886,566.6666666666666,9
1788678929,D0,25.281777777777776,600,9
1788678930,D0,46.375,600,8
1788678931,D0,57.965,600,9
1788678932,D0,58.0075,600,8
1788678933,D0,57.14644444444444,600,9
1788678934,D0,41.65533333333333,600,9
1788678935,D0,54.725,600,8
1788678936,D0,57.977000000000004,600,8
1788678937,D0,58.08225,600,8
1788678938,D0,53.92011111111111,600,9
1788678939,D0,41.629,600,8
1788678940,D0,57.68675,600,8
1788678941,D0,58.09177777777778,600,9
1788678942,D0,58.123,600,8
1788678943,D0,46.04622222222222,633.3333333333334,9
1788678944,D0,26.116333333333333,900,9
1788678945,D0,31.19688888888889,900,9
1788678946,D0,58.843666666666664,900,9
1788678947,D0,60.0565,900,8
1788678948,D0,60.007875,900,8
1788678949,D0,47.68475,900,8
1788678950,D0,53.169666666666664,900,9
1788678951,D0,59.968625,900,8
1788678952,D0,60.09975,900,8
1788678953,D0,55.968375,900,8
1788678954,D0,46.358333333333334,900,9
1788678955,D0,59.9455,900,8
1788678956,D0,60.069125,900,8
1788678957,D0,60.0465,900,8
1788678958,D0,40.534,950,9
1788678959,D0,25.28275,1050,8
1788678960,D0,37.003125,1050,8
1788678961,D0,60.498222222222225,1050,9
1788678962,D0,61.056125,1050,8
1788678963,D0,60.013333333333335,1050,9
1788678964,D0,45.665,1050,9
1788678965,D0,59.70575,1050,8
1788678966,D0,61.14844444444444,1050,9
1788678967,D0,61.06825,1050,8
1788678968,D0,48.362375,1050,8
1788678969,D0,50.827875,1050,8
1788678970,D0,60.995333333333335,1050,9
1788678971,D0,61.07225,1050,8
1788678972,D0,57.296875,1050,8
1788678973,D0,32.041444444444444,875,9
1788678974,D0,27.165333333333333,825,9
1788678975,D0,50.670125,825,8
1788678976,D0,59.547555555555554,825,9
1788678977,D0,59.463125,825,8
1788678978,D0,54.97311111111111,825,9
1788678979,D0,42.424375,825,8
1788678980,D0,58.72288888888889,825,9
1788678981,D0,59.449,825,8
1788678982,D0,59.6045,825,8
1788678983,D0,44.664625,825,8
1788678984,D0,52.882222222222225,825,9
1788678985,D0,59.523375,825,8
1788678986,D0,59.708375000000004,825,8
1788678987,D0,55.127125,825,8
1788678988,D0,30.052777777777777,875,9
1788678989,D0,26.102999999999998,900,8
1788678990,D0,51.96,900,9
1788678991,D0,59.873625000000004,900,8
1788678992,D0,59.905125,900,8
1788678993,D0,55.749625,900,8
1788678994,D0,47.10444444444445,900,9
1788678995,D0,59.869125,900,8
1788678996,D0,59.98925,900,8
1788678997,D0,59.65777777777778,900,9
1788678998,D0,45.67622222222222,900,9
1788678999,D0,57.066375,900,8
1788679000,D0,59.96888888888889,900,9
1788679001,D0,59.983,900,8
1788679002,D0,50.461444444444446,900,9
1788679003,D0,28.599375,1500,8
1788679004,D0,39.92911111111111,1500,9
1788679005,D0,70.197625,1500,8
1788679006,D0,70.7845,1500,8
1788679007,D0,70.83675,1500,8
1788679008,D0,70.93477777777778,1500,9
1788679009,D0,70.998875,1500,8
1788679010,D0,71.02077777777778,1500,9
1788679011,D0,62.120555555555555,1500,9
1788679012,D0,67.5555,1500,8
1788679013,D0,71.0635,1500,8
1788679014,D0,71.078875,1500,8
1788679015,D0,71.124375,1500,8
1788679016,D0,71.18688888888889,1500,9
1788679017,D0,71.2045,1500,8
1788679018,D0,68.38933333333334,1500,9
1788679019,D0,63.629374999999996,1500,8
1788679020,D0,71.345125,1500,8
1788679021,D0,71.36844444444445,1500,9
1788679022,D0,71.37825000000001,1500,8
1788679023,D0,71.41325,1500,8
1788679024,D0,71.44666666666666,1500,9
1788679025,D0,71.4655,1500,8
1788679026,D0,53.476875,1500,8
1788679027,D0,31.294888888888888,1500,9
1788679028,D0,58.298874999999995,1500,8
1788679029,D0,71.365625,1500,8
1788679030,D0,71.478,1500,9
1788679031,D0,71.495375,1500,8
1788679032,D0,71.51625,1500,8
1788679033,D0,71.56155555555556,1500,9
1788679034,D0,71.188375,1500,8
1788679035,D0,61.357,1500,9
1788679036,D0,71.024875,1500,8
1788679037,D0,71.57433333333333,1500,9
1788679038,D0,71.63250000000001,1500,8
1788679039,D0,71.658875,1500,8
1788679040,D0,71.6985,1500,8
1788679041,D0,71.69077777777778,1500,9
1788679042,D0,65.68375,1500,8
1788679043,D0,68.3831111111111,1500,9
1788679044,D0,71.775625,1500,8
1788679045,D0,71.7911111111111,1500,9
1788679046,D0,71.832,1500,9
1788679047,D0,71.82775,1500,8
1788679048,D0,71.82766666666667,1500,9
1788679049,D0,68.832875,1500,8
1788679050,D0,38.879444444444445,1500,9
1788679051,D0,36.006125,1500,8
1788679052,D0,66.34333333333333,1500,9
1788679053,D0,71.691875,1500,8
1788679054,D0,71.730375,1500,8
1788679055,D0,71.7165,1500,8
1788679056,D0,71.79244444444444,1500,9
1788679057,D0,71.769375,1500,8
1788679058,D0,67.489625,1500,8
1788679059,D0,63.897333333333336,1500,9
1788679060,D0,71.74125,1500,8
1788679061,D0,71.82537500000001,1500,8
1788679062,D0,71.83811111111112,1500,9
1788679063,D0,71.870625,1500,8
1788679064,D0,71.897,1500,9
1788679065,D0,71.43677777777778,1500,9
1788679066,D0,63.281,1500,8
1788679067,D0,70.41333333333334,1500,9
1788679068,D0,71.89375,1500,8
1788679069,D0,71.92875000000001,1500,8
1788679070,D0,71.87622222222222,1500,9
1788679071,D0,71.928,1500,8
1788679072,D0,71.98375,1500,8
1788679073,D0,62.50288888888889,1500,9
1788679074,D0,32.249875,1500,8
1788679075,D0,41.79388888888889,1500,9
1788679076,D0,71.37077777777777,1500,9
1788679077,D0,71.76775,1500,8
1788679078,D0,71.79344444444445,1500,9
1788679079,D0,71.81644444444444,1500,9
1788679080,D0,71.85325,1500,8
1788679081,D0,71.866375,1500,8
1788679082,D0,63.74444444444445,1500,9
1788679083,D0,67.221625,1500,8
1788679084,D0,71.847625,1500,8
1788679085,D0,71.84777777777778,1500,9
1788679086,D0,71.903125,1500,8
1788679087,D0,71.886,1500,8
1788679088,D0,71.92788888888889,1500,9
1788679089,D0,69.973625,1500,8
1788679090,D0,63.376875,1500,8
1788679091,D0,71.80755555555555,1500,9
1788679092,D0,71.812375,1500,8
1788679093,D0,71.832625,1500,8
1788679094,D0,71.82288888888888,1500,9
1788679095,D0,71.86525,1500,8
1788679096,D0,71.88811111111112,1500,9
1788679097,D0,55.169222222222224,1383.3333333333333,9
1788679098,D0,29.009444444444444,975,9
1788679099,D0,42.32175,975,8
1788679100,D0,61.73144444444444,975,9
1788679101,D0,61.704499999999996,975,8
1788679102,D0,61.75688888888889,975,9
1788679103,D0,61.687,975,8
1788679104,D0,61.670625,975,8
1788679105,D0,61.64725,975,8
1788679106,D0,54.063250000000004,975,8
1788679107,D0,56.943222222222225,975,9
1788679108,D0,61.594500000000004,975,8
1788679109,D0,61.590375,975,8
1788679110,D0,61.601444444444446,975,9
1788679111,D0,61.573125,975,8
1788679112,D0,61.580875,975,8
1788679113,D0,60.27775,975,8
1788679114,D0,52.300888888888885,975,9
1788679115,D0,61.48275,975,8
1788679116,D0,61.51575,975,8
1788679117,D0,61.498625000000004,975,8
1788679118,D0,61.50955555555556,975,9
1788679119,D0,61.46775,975,8
1788679120,D0,61.485,975,8
1788679121,D0,53.49466666666667,975,9
1788679122,D0,28.520555555555557,675,9
1788679123,D0,35.811875,675,8
1788679124,D0,59.78025,675,8
1788679125,D0,60.10488888888889,675,9
1788679126,D0,60.110375,675,8
1788679127,D0,60.181625,675,8
1788679128,D0,60.193,675,8
1788679129,D0,60.13666666666666,675,9
1788679130,D0,55.1255,675,8
1788679131,D0,54.50522222222222,675,9
1788679132,D0,60.121125,675,8
1788679133,D0,60.160125,675,8
1788679134,D0,60.17188888888889,675,9
1788679135,D0,60.14275,675,8
1788679136,D0,60.1375,675,8
1788679137,D0,60.09275,675,8
1788679138,D0,54.38677777777778,675,9
1788679139,D0,57.707875,675,8
1788679140,D0,60.112625,675,8
1788679141,D0,60.165,675,8
1788679142,D0,60.169125,675,8
1788679143,D0,60.16255555555556,675,9
1788679144,D0,60.133125,675,8
1788679145,D0,58.97611111111111,675,9
1788679146,D0,35.161,608.3333333333334,9
1788679147,D0,27.09888888888889,525,9
1788679148,D0,51.681125,525,8
1788679149,D0,59.183875,525,8
1788679150,D0,59.285333333333334,525,9
1788679151,D0,59.2355,525,8
1788679152,D0,59.257375,525,8
1788679153,D0,59.244875,525,8
1788679154,D0,59.278875,525,8
1788679155,D0,50.84133333333333,525,9
1788679156,D0,56.7705,525,8
1788679157,D0,59.250625,525,8
1788679158,D0,59.24375,525,8
1788679159,D0,59.263444444444445,525,9
1788679160,D0,59.26775,525,8
1788679161,D0,59.234625,525,8
1788679162,D0,58.242,525,9
1788679163,D0,50.021875,525,8
1788679164,D0,58.85711111111111,525,9
1788679165,D0,59.286375,525,8
1788679166,D0,59.333999999999996,525,9
1788679167,D0,59.325874999999996,525,8
1788679168,D0,59.269,525,8
1788679169,D0,59.24744444444445,525,9
1788679170,D0,53.06375,525,8
1788679171,D0,30.087,468.75,8
1788679172,D0,30.912444444444446,450,9
1788679173,D0,55.941,450,8
1788679174,D0,58.689125000000004,450,8
1788679175,D0,58.730666666666664,450,9
1788679176,D0,58.736,450,8
1788679177,D0,58.66266666666667,450,9
1788679178,D0,58.72611111111111,450,9
1788679179,D0,58.352,450,8
1788679180,D0,50.21611111111111,450,9
1788679181,D0,58.29475,450,8
1788679182,D0,58.683125000000004,450,8
1788679183,D0,58.71955555555556,450,9
1788679184,D0,58.7105,450,8
1788679185,D0,58.738125,450,8
1788679186,D0,58.74744444444445,450,9
1788679187,D0,56.58625,450,8
1788679188,D0,47.020624999999995,450,8
1788679189,D0,58.39377777777778,450,9
1788679190,D0,58.7385,450,8
1788679191,D0,58.716499999999996,450,8
1788679192,D0,58.67355555555555,450,9
1788679193,D0,58.721625,450,8
1788679194,D0,58.696875,450,8
1788679195,D0,55.14366666666667,450,9
1788679196,D0,30.287333333333333,800,9
1788679197,D0,31.451,900,9
1788679198,D0,57.74425,900,8
1788679199,D0,60.67444444444445,900,9
1788679200,D0,60.66566666666667,900,9
1788679201,D0,60.691125,900,8
1788679202,D0,60.747625,900,8
1788679203,D0,60.7515,900,8
1788679204,D0,57.31444444444445,900,9
1788679205,D0,54.417875,900,8
1788679206,D0,60.7815,900,8
1788679207,D0,60.804875,900,8
1788679208,D0,60.77688888888889,900,9
1788679209,D0,60.871375,900,8
1788679210,D0,60.83075,900,8
1788679211,D0,60.827777777777776,900,9
1788679212,D0,51.889625,900,8
1788679213,D0,58.230625,900,8
1788679214,D0,60.829875,900,8
1788679215,D0,60.858875,900,8
1788679216,D0,60.890875,900,8
1788679217,D0,60.85311111111111,900,9
1788679218,D0,60.85175,900,8
1788679219,D0,58.62877777777778,900,9
1788679220,D0,33.32855555555555,1000,9
1788679221,D0,28.57575,1050,8
1788679222,D0,53.757333333333335,1050,9
1788679223,D0,61.5615,1050,8
1788679224,D0,61.567375,1050,8
1788679225,D0,61.57625,1050,8
1788679226,D0,61.59575,1050,8
1788679227,D0,61.60777777777778,1050,9
1788679228,D0,59.163375,1050,8
1788679229,D0,52.235,1050,8
1788679230,D0,61.60788888888889,1050,9
1788679231,D0,61.689750000000004,1050,8
1788679232,D0,61.678625,1050,8
1788679233,D0,61.67888888888889,1050,9
1788679234,D0,61.69875,1050,8
1788679235,D0,61.64711111111111,1050,9
1788679236,D0,54.028875,1050,8
1788679237,D0,57.364,1050,8
1788679238,D0,61.70475,1050,8
1788679239,D0,61.70322222222222,1050,9
1788679240,D0,61.713125,1050,8
1788679241,D0,61.719625,1050,8
1788679242,D0,61.76575,1050,8
1788679243,D0,60.65511111111111,1050,9
1788679244,D0,35.547666666666665,925,9
1788679245,D0,28.308333333333334,825,9
1788679246,D0,51.69255555555556,825,9
1788679247,D0,60.590875000000004,825,8
1788679248,D0,60.630125,825,8
1788679249,D0,60.6465,825,8
1788679250,D0,60.632888888888886,825,9
1788679251,D0,60.662625,825,8
1788679252,D0,60.1555,825,8
1788679253,D0,49.73125,825,8
1788679254,D0,59.120625,825,8
1788679255,D0,60.672444444444444,825,9
1788679256,D0,60.653,825,8
1788679257,D0,60.682625,825,8
1788679258,D0,60.68575,825,8
1788679259,D0,60.68475,825,8
1788679260,D0,56.14025,825,8
1788679261,D0,55.088,825,9
1788679262,D0,60.689625,825,8
1788679263,D0,60.69688888888889,825,9
1788679264,D0,60.724875,825,8
1788679265,D0,60.733375,825,8
1788679266,D0,60.724333333333334,825,9
1788679267,D0,60.727875,825,8
1788679268,D0,43.111111111111114,850,9
1788679269,D0,26.438625,900,8
1788679270,D0,43.79475,900,8
1788679271,D0,60.747,900,8
1788679272,D0,60.856500000000004,900,8
1788679273,D0,60.89011111111111,900,9
1788679274,D0,60.885125,900,8
1788679275,D0,60.93375,900,8
1788679276,D0,60.949666666666666,900,9
1788679277,D0,52.02475,900,8
1788679278,D0,57.864222222222224,900,9
1788679279,D0,60.9635,900,8
1788679280,D0,60.906124999999996,900,8
1788679281,D0,60.943222222222225,900,9
1788679282,D0,60.94175,900,8
1788679283,D0,60.959625,900,8
1788679284,D0,59.702,900,8
1788679285,D0,53.05533333333333,900,9
1788679286,D0,60.942875,900,8
1788679287,D0,60.96,900,8
1788679288,D0,60.967125,900,8
1788679289,D0,61.009375,900,8
1788679290,D0,60.992222222222225,900,9
1788679291,D0,60.99275,900,8
1788679292,D0,47.714125,900,8
1788679293,D0,24.81675,900,8
1788679294,D0,23.329777777777778,900,9
1788679295,D0,24.727,1433.3333333333333,9
1788679296,D0,37.40622222222222,1500,9
1788679297,D0,70.51275,1500,8
1788679298,D0,70.95011111111111,1500,9
1788679299,D0,71.05922222222222,1500,9
1788679300,D0,71.106125,1500,8
1788679301,D0,71.09777777777778,1500,9
1788679302,D0,71.262625,1500,8
1788679303,D0,71.26722222222223,1500,9
1788679304,D0,71.257125,1500,8
1788679305,D0,71.231,1500,8
1788679306,D0,71.298375,1500,8
1788679307,D0,71.37225,1500,8
1788679308,D0,71.39711111111112,1500,9
1788679309,D0,71.449375,1500,8
1788679310,D0,68.21777777777778,1500,9
1788679311,D0,64.809125,1500,8
1788679312,D0,71.44975,1500,8
1788679313,D0,71.47777777777777,1500,9
1788679314,D0,71.5455,1500,8
1788679315,D0,71.55725,1500,8
1788679316,D0,71.6325,1500,8
1788679317,D0,71.67133333333334,1500,9
1788679318,D0,71.69825,1500,8
1788679319,D0,71.71233333333333,1500,9
1788679320,D0,71.725875,1500,8
1788679321,D0,71.75011111111111,1500,9
1788679322,D0,71.804625,1500,8
1788679323,D0,71.8125,1500,8
1788679324,D0,71.777625,1500,8
1788679325,D0,65.20811111111111,1500,9
1788679326,D0,68.084375,1500,8
1788679327,D0,71.77866666666667,1500,9
1788679328,D0,71.89037499999999,1500,8
1788679329,D0,71.92425,1500,8
1788679330,D0,71.95877777777778,1500,9
1788679331,D0,71.976,1500,8
1788679332,D0,72.02325,1500,8
1788679333,D0,71.95411111111112,1500,9
1788679334,D0,71.997125,1500,8
1788679335,D0,71.91499999999999,1500,8
1788679336,D0,71.94025,1500,8
1788679337,D0,71.942375,1500,8
1788679338,D0,71.973375,1498.125,8
1788679339,D0,70.6661111111111,1500,9
1788679340,D0,41.462375,1500,8
1788679341,D0,29.784000000000002,1500,9
1788679342,D0,37.233111111111114,1500,9
1788679343,D0,69.22275,1500,8
1788679344,D0,71.71875,1500,8
1788679345,D0,71.77222222222223,1500,9
1788679346,D0,71.787875,1500,8
1788679347,D0,71.845625,1500,8
1788679348,D0,71.8321111111111,1500,9
1788679349,D0,71.85433333333333,1500,9
1788679350,D0,71.81462499999999,1500,8
1788679351,D0,71.80525,1500,8
1788679352,D0,71.813375,1500,8
1788679353,D0,71.90033333333334,1500,9
1788679354,D0,71.87725,1500,8
1788679355,D0,71.88675,1500,8
1788679356,D0,69.42333333333333,1500,9
1788679357,D0,63.339999999999996,1500,8
1788679358,D0,71.82525,1500,8
1788679359,D0,71.87950000000001,1500,8
1788679360,D0,71.90322222222223,1500,9
1788679361,D0,71.883875,1500,8
1788679362,D0,71.90175,1498.125,8
1788679363,D0,71.92311111111111,1500,9
1788679364,D0,71.94275,1500,8
1788679365,D0,71.95211111111111,1500,9
1788679366,D0,71.911,1500,8
1788679367,D0,71.94655555555556,1500,9
1788679368,D0,71.93766666666667,1500,9
1788679369,D0,71.967,1500,8
1788679370,D0,71.958,1500,8
1788679371,D0,63.760777777777776,1500,9
1788679372,D0,67.24575,1500,8
1788679373,D0,71.883,1500,8
1788679374,D0,71.91411111111111,1500,9
1788679375,D0,71.912375,1500,8
1788679376,D0,71.88550000000001,1500,8
1788679377,D0,71.89788888888889,1500,9
1788679378,D0,71.9435,1500,8
1788679379,D0,71.96811111111111,1500,9
1788679380,D0,71.93288888888888,1500,9
1788679381,D0,71.933375,1500,8
1788679382,D0,71.96888888888888,1500,9
1788679383,D0,71.92075,1500,8
1788679384,D0,71.907875,1500,8
1788679385,D0,71.87377777777778,1500,9
1788679386,D0,49.2265,1500,8
1788679387,D0,30.557333333333332,1500,9
1788679388,D0,28.7835,1500,8
1788679389,D0,61.44855555555556,1500,9
1788679390,D0,71.499,1500,8
1788679391,D0,71.549125,1500,8
1788679392,D0,71.55733333333333,1500,9
1788679393,D0,71.60525,1500,8
1788679394,D0,71.61175,1500,8
1788679395,D0,71.60111111111111,1500,9
1788679396,D0,71.543375,1500,8
1788679397,D0,71.579875,1500,8
1788679398,D0,71.61877777777778,1500,9
1788679399,D0,71.64922222222222,1500,9
1788679400,D0,71.644125,1500,8
1788679401,D0,71.705,1500,9
1788679402,D0,70.7671111111111,1500,9
1788679403,D0,60.06688888888889,1500,9
1788679404,D0,71.11425,1500,8
1788679405,D0,71.662125,1500,8
1788679406,D0,71.60533333333333,1500,9
1788679407,D0,71.56812500000001,1500,8
1788679408,D0,71.632,1500,8
1788679409,D0,71.62,1500,8
1788679410,D0,71.67711111111112,1500,9
1788679411,D0,71.64525,1500,8
1788679412,D0,71.68266666666666,1500,9
1788679413,D0,71.73075,1500,8
1788679414,D0,71.687125,1500,8
1788679415,D0,71.65933333333334,1500,9
1788679416,D0,71.6395,1500,8
1788679417,D0,67.2885,1500,8
1788679418,D0,62.687125,1500,8
1788679419,D0,71.63555555555556,1500,9
1788679420,D0,71.647375,1500,8
1788679421,D0,71.64244444444445,1500,9
1788679422,D0,71.67699999999999,1500,8
1788679423,D0,71.66788888888888,1500,9
1788679424,D0,71.64512500000001,1500,8
1788679425,D0,71.68155555555556,1500,9
1788679426,D0,71.64075,1500,8
1788679427,D0,71.637375,1500,8
1788679428,D0,71.64325,1500,8
1788679429,D0,71.61633333333333,1500,9
1788679430,D0,71.664625,1500,8
1788679431,D0,71.65311111111112,1500,9
1788679432,D0,50.06622222222222,1500,9
1788679433,D0,31.031555555555556,1500,9
1788679434,D0,28.662444444444443,1500,9
1788679435,D0,60.1105,1500,8
1788679436,D0,71.29775000000001,1500,8
1788679437,D0,71.31287499999999,1500,8
1788679438,D0,71.3505,1500,8
1788679439,D0,71.34833333333333,1500,9
1788679440,D0,71.361625,1500,8
1788679441,D0,71.398125,1500,8
1788679442,D0,71.3995,1500,8
1788679443,D0,71.43,1500,8
1788679444,D0,71.47033333333333,1500,9
1788679445,D0,71.493,1500,8
1788679446,D0,71.49177777777778,1500,9
1788679447,D0,71.515875,1500,8
1788679448,D0,71.06875,1500,8
1788679449,D0,60.58522222222222,1500,9
1788679450,D0,69.885125,1500,8
1788679451,D0,71.46,1500,9
1788679452,D0,71.457875,1500,8
1788679453,D0,71.4011111111111,1500,9
1788679454,D0,71.376875,1500,8
1788679455,D0,71.389625,1500,8
1788679456,D0,71.440375,1500,8
1788679457,D0,71.36466666666666,1500,9
1788679458,D0,71.382125,1500,8
1788679459,D0,71.43625,1500,8
1788679460,D0,71.40811111111111,1500,9
1788679461,D0,71.39925,1500,8
1788679462,D0,71.3995,1500,8
1788679463,D0,68.59788888888889,1500,9
1788679464,D0,63.9645,1500,8
1788679465,D0,71.3845,1500,8
1788679466,D0,71.38588888888889,1500,9
1788679467,D0,71.414625,1500,8
1788679468,D0,71.43388888888889,1500,9
1788679469,D0,71.47425,1500,8
1788679470,D0,71.47777777777777,1500,9
1788679471,D0,71.42855555555556,1500,9
1788679472,D0,71.40325,1500,8
1788679473,D0,71.33975,1500,8
1788679474,D0,71.3758888888889,1500,9
1788679475,D0,71.38625,1500,8
1788679476,D0,71.398625,1500,8
1788679477,D0,71.38525,1500,8
1788679478,D0,55.68188888888889,1441.6666666666667,9
1788679479,D0,29.115777777777776,975,9
1788679480,D0,44.032333333333334,975,9
1788679481,D0,61.319875,975,8
1788679482,D0,61.3,975,9
1788679483,D0,61.31725,975,8
1788679484,D0,61.300555555555555,975,9
1788679485,D0,61.2605,975,8
1788679486,D0,61.308125000000004,975,8
1788679487,D0,61.234125,975,8
1788679488,D0,61.192125,975,8
1788679489,D0,61.18588888888889,975,9
1788679490,D0,61.16575,975,8
1788679491,D0,61.1755,975,8
1788679492,D0,61.1525,975,8
1788679493,D0,61.169333333333334,975,9
1788679494,D0,57.17875,975,8
1788679495,D0,57.217,975,8
1788679496,D0,61.127125,975,8
1788679497,D0,61.14025,975,8
1788679498,D0,61.12144444444444,975,9
1788679499,D0,61.147,975,8
1788679500,D0,61.10588888888889,975,9
1788679501,D0,61.094375,975,8
1788679502,D0,61.071777777777775,975,9
1788679503,D0,61.05275,975,8
1788679504,D0,61.02322222222222,975,9
1788679505,D0,61.017624999999995,975,8
1788679506,D0,61.04677777777778,975,9
1788679507,D0,61.045125,975,8
1788679508,D0,61.076499999999996,975,8
1788679509,D0,55.623875,975,8
1788679510,D0,58.06977777777778,975,9
1788679511,D0,61.05025,975,8
1788679512,D0,61.062375,975,8
1788679513,D0,61.071333333333335,975,9
1788679514,D0,61.099374999999995,975,8
1788679515,D0,61.114000000000004,975,8
1788679516,D0,61.135666666666665,975,9
1788679517,D0,61.02175,975,8
1788679518,D0,61.011875,975,8
1788679519,D0,61.028999999999996,975,8
1788679520,D0,61.02875,975,8
1788679521,D0,61.047222222222224,975,9
1788679522,D0,61.06,975,8
1788679523,D0,60.990875,975,8
1788679524,D0,42.64077777777778,875,9
1788679525,D0,28.883,675,9
1788679526,D0,46.627624999999995,675,8
1788679527,D0,59.84022222222222,675,9
1788679528,D0,59.795,675,8
1788679529,D0,59.7395,675,8
1788679530,D0,59.83725,675,8
1788679531,D0,59.839625,675,8
1788679532,D0,59.794624999999996,675,8
1788679533,D0,59.754444444444445,675,9
1788679534,D0,59.77875,675,8
1788679535,D0,59.745374999999996,675,8
1788679536,D0,59.77011111111111,675,9
1788679537,D0,59.80025,675,8
1788679538,D0,59.818,675,8
1788679539,D0,59.786875,675,8
1788679540,D0,56.32688888888889,675,9
1788679541,D0,52.20425,675,8
1788679542,D0,59.8165,675,8
1788679543,D0,59.800125,675,8
1788679544,D0,59.839625,675,8
1788679545,D0,59.8315,675,8
1788679546,D0,59.883375,675,8
1788679547,D0,59.885666666666665,675,9
1788679548,D0,59.876875,675,8
1788679549,D0,59.78675,675,8
1788679550,D0,59.809333333333335,675,9
1788679551,D0,59.835625,675,8
1788679552,D0,59.83533333333333,675,9
1788679553,D0,59.89025,675,8
1788679554,D0,59.866375,675,8
1788679555,D0,56.092375000000004,675,8
1788679556,D0,52.96922222222222,675,9
1788679557,D0,59.9865,675,8
1788679558,D0,60.020625,675,8
1788679559,D0,59.980000000000004,675,8
1788679560,D0,60.011875,675,8
1788679561,D0,59.972500000000004,675,8
1788679562,D0,59.973555555555556,675,9
1788679563,D0,59.958125,675,8
1788679564,D0,59.891375000000004,675,8
1788679565,D0,59.92,675,8
1788679566,D0,59.933875,675,8
1788679567,D0,59.90811111111111,675,9
1788679568,D0,59.90275,675,8
1788679569,D0,59.94475,675,8
1788679570,D0,54.73166666666667,675,9
1788679571,D0,30.851222222222223,558.3333333333334,9
1788679572,D0,30.89588888888889,525,9
1788679573,D0,54.4805,525,8
1788679574,D0,59.111000000000004,525,8
1788679575,D0,59.14588888888889,525,9
1788679576,D0,59.15325,525,8
1788679577,D0,59.13525,525,8
1788679578,D0,59.224625,525,8
1788679579,D0,59.278375,525,8
1788679580,D0,59.132333333333335,525,9
1788679581,D0,59.063874999999996,525,8
1788679582,D0,59.184666666666665,525,9
1788679583,D0,59.094125,525,8
1788679584,D0,59.09122222222222,525,9
1788679585,D0,59.11625,525,8
1788679586,D0,59.159666666666666,525,9
1788679587,D0,54.366749999999996,525,8
1788679588,D0,55.664,525,8
1788679589,D0,59.25822222222222,525,9
1788679590,D0,59.331875000000004,525,8
1788679591,D0,59.3505,525,8
1788679592,D0,59.287125,525,8
1788679593,D0,59.25355555555556,525,9
1788679594,D0,59.288375,525,8
1788679595,D0,59.26475,525,8
1788679596,D0,59.175125,525,8
1788679597,D0,59.28025,525,8
1788679598,D0,59.151,525,9
1788679599,D0,59.182875,525,8
1788679600,D0,59.168625,525,8
1788679601,D0,59.171125,525,8
1788679602,D0,55.62,525,9
1788679603,D0,53.70022222222222,525,9
1788679604,D0,59.2815,525,8
1788679605,D0,59.342777777777776,525,9
1788679606,D0,59.40325,525,8
1788679607,D0,59.38366666666666,525,9
1788679608,D0,59.392125,525,8
1788679609,D0,59.401125,525,8
1788679610,D0,59.323499999999996,525,8
1788679611,D0,59.172333333333334,525,9
1788679612,D0,59.22225,525,8
1788679613,D0,59.284875,525,8
1788679614,D0,59.224375,525,8
1788679615,D0,59.22911111111111,525,9
1788679616,D0,59.268125,525,8
1788679617,D0,57.077666666666666,525,9
1788679618,D0,33.478875,468.75,8
1788679619,D0,27.876125000000002,450,8
1788679620,D0,49.96377777777778,450,9
1788679621,D0,58.8165,450,8
1788679622,D0,58.834375,450,8
1788679623,D0,58.87,450,9
1788679624,D0,58.883250000000004,450,8
1788679625,D0,58.9175,450,8
1788679626,D0,58.855111111111114,450,9
1788679627,D0,58.743625,450,8
1788679628,D0,58.714625,450,8
1788679629,D0,58.730555555555554,450,9
1788679630,D0,58.6865,450,8
1788679631,D0,58.65575,450,8
1788679632,D0,58.708625,450,8
1788679633,D0,58.75655555555556,450,9
1788679634,D0,55.331125,450,8
1788679635,D0,51.74325,450,8
1788679636,D0,58.96711111111111,450,9
1788679637,D0,58.944625,450,8
1788679638,D0,58.948125,450,8
1788679639,D0,58.983444444444444,450,9
1788679640,D0,58.998375,450,8
1788679641,D0,58.974125,450,8
1788679642,D0,58.861125,450,8
1788679643,D0,58.789625,450,8
1788679644,D0,58.84144444444445,450,9
1788679645,D0,58.8525,450,8
1788679646,D0,58.870625,450,8
1788679647,D0,58.863625,450,8
1788679648,D0,58.7815,450,8
1788679649,D0,58.919222222222224,450,9
1788679650,D0,50.358374999999995,450,8
1788679651,D0,56.89611111111111,450,9
1788679652,D0,59.061375,450,8
1788679653,D0,59.03775,450,8
1788679654,D0,59.050888888888885,450,9
1788679655,D0,59.086,450,8
1788679656,D0,59.028111111111116,450,9
1788679657,D0,59.0095,450,8
1788679658,D0,58.910125,450,8
1788679659,D0,58.848555555555556,450,9
1788679660,D0,58.885625,450,8
1788679661,D0,58.894,450,8
1788679662,D0,58.875,450,8
1788679663,D0,58.89988888888889,450,9
1788679664,D0,58.8125,450,8
1788679665,D0,51.89575,450,8
1788679666,D0,28.394,850,9
1788679667,D0,34.06925,900,8
1788679668,D0,59.966,900,8
1788679669,D0,60.912125,900,8
1788679670,D0,60.93125,900,8
1788679671,D0,60.99211111111111,900,9
1788679672,D0,61.01925,900,8
1788679673,D0,61.03488888888889,900,9
1788679674,D0,61.01,900,8
1788679675,D0,60.931333333333335,900,9
1788679676,D0,60.9985,900,8
1788679677,D0,61.0525,900,8
1788679678,D0,60.946,900,8
1788679679,D0,61.019125,900,8
1788679680,D0,61.032333333333334,900,9
1788679681,D0,58.754374999999996,900,8
1788679682,D0,50.476625,900,8
1788679683,D0,61.056625,900,8
1788679684,D0,61.04622222222222,900,9
1788679685,D0,61.097,900,8
1788679686,D0,61.06,900,9
1788679687,D0,61.099875,900,8
1788679688,D0,61.11655555555556,900,9
1788679689,D0,61.123,900,8
1788679690,D0,61.093,900,8
1788679691,D0,61.0905,900,8
1788679692,D0,61.019875,900,8
1788679693,D0,61.114444444444445,900,9
1788679694,D0,61.08425,900,8
1788679695,D0,61.14425,900,8
1788679696,D0,58.980374999999995,900,8
1788679697,D0,55.140375,900,8
1788679698,D0,61.135333333333335,900,9
1788679699,D0,61.139624999999995,900,8
1788679700,D0,61.184124999999995,900,8
1788679701,D0,61.24875,900,8
1788679702,D0,61.216125,900,8
1788679703,D0,61.18888888888889,900,9
1788679704,D0,61.137875,900,8
1788679705,D0,61.069625,900,8
1788679706,D0,61.10966666666667,900,9
1788679707,D0,61.097,900,8
1788679708,D0,61.193666666666665,900,9
1788679709,D0,61.233624999999996,900,8
1788679710,D0,61.162444444444446,900,9
1788679711,D0,54.80775,900,8
1788679712,D0,30.172444444444444,1016.6666666666666,9
1788679713,D0,33.4405,1050,8
1788679714,D0,60.84925,1050,8
1788679715,D0,61.865375,1050,8
1788679716,D0,61.931777777777775,1050,9
1788679717,D0,61.97775,1050,8
1788679718,D0,61.98775,1050,8
1788679719,D0,61.98811111111111,1050,9
1788679720,D0,62.00025,1050,8
1788679721,D0,61.923375,1050,8
1788679722,D0,61.92575,1050,8
1788679723,D0,61.929375,1050,8
1788679724,D0,61.968875,1050,8
1788679725,D0,62.016888888888886,1050,9
1788679726,D0,62.02975,1050,8
1788679727,D0,59.75366666666667,1050,9
1788679728,D0,52.47725,1050,8
1788679729,D0,62.042500000000004,1050,8
1788679730,D0,62.05855555555556,1050,9
1788679731,D0,62.041875,1050,8
1788679732,D0,62.082875,1050,8
1788679733,D0,62.0775,1050,8
1788679734,D0,62.03955555555555,1050,9
1788679735,D0,62.07125,1050,8
1788679736,D0,62.035625,1050,8
1788679737,D0,62.08725,1050,8
1788679738,D0,62.093333333333334,1050,9
1788679739,D0,62.128375,1050,8
1788679740,D0,62.106875,1050,8
1788679741,D0,62.119,1050,9
1788679742,D0,59.506499999999996,1050,8
1788679743,D0,53.727444444444444,1050,9
1788679744,D0,62.080375,1050,8
1788679745,D0,62.15075,1050,8
1788679746,D0,62.149499999999996,1050,8
1788679747,D0,62.15675,1050,8
1788679748,D0,62.186125,1050,8
1788679749,D0,62.158625,1050,8
1788679750,D0,62.131750000000004,1050,8
1788679751,D0,62.14555555555555,1050,9
1788679752,D0,62.165375,1050,8
1788679753,D0,62.16977777777778,1050,9
1788679754,D0,62.196,1050,8
1788679755,D0,62.19425,1050,8
1788679756,D0,62.18366666666667,1050,9
1788679757,D0,53.445625,1050,8
1788679758,D0,30.07477777777778,983.3333333333334,9
1788679759,D0,32.04011111111111,975,9
1788679760,D0,60.6275,975,8
1788679761,D0,61.63475,975,8
1788679762,D0,61.654875000000004,975,8
1788679763,D0,61.677,975,8
1788679764,D0,61.69388888888889,975,9
1788679765,D0,61.7235,975,8
1788679766,D0,61.689875,975,8
1788679767,D0,61.652625,975,8
1788679768,D0,61.658500000000004,975,8
1788679769,D0,61.690222222222225,975,9
1788679770,D0,61.68325,975,8
1788679771,D0,61.6755,975,8
1788679772,D0,61.68575,975,8
1788679773,D0,59.43688888888889,975,9
1788679774,D0,51.438,975,8
1788679775,D0,61.205777777777776,975,9
1788679776,D0,61.767375,975,8
1788679777,D0,61.775,975,9
1788679778,D0,61.726,975,8
1788679779,D0,61.714333333333336,975,9
1788679780,D0,61.70875,975,8
1788679781,D0,61.73325,975,8
1788679782,D0,61.673875,975,8
1788679783,D0,61.739374999999995,975,8
1788679784,D0,61.721125,975,8
1788679785,D0,61.73433333333333,975,9
1788679786,D0,61.715875000000004,975,8
1788679787,D0,61.74188888888889,975,9
1788679788,D0,59.347375,975,8
1788679789,D0,54.88033333333333,975,9
1788679790,D0,61.753625,975,8
1788679791,D0,61.76877777777778,975,9
1788679792,D0,61.798125,975,8
1788679793,D0,61.774,975,8
1788679794,D0,61.779875,975,8
1788679795,D0,61.791333333333334,975,9
1788679796,D0,61.78225,975,8
1788679797,D0,61.772,975,8
1788679798,D0,61.762375,975,8
1788679799,D0,61.736000000000004,975,8
1788679800,D0,61.760999999999996,975,9
1788679801,D0,61.752375,975,8
1788679802,D0,61.809625,975,8
1788679803,D0,55.828625,975,8
1788679804,D0,30.22111111111111,975,9
1788679805,D0,25.015874999999998,975,8
1788679806,D0,25.846999999999998,1325,9
1788679807,D0,37.52366666666667,1500,9
1788679808,D0,68.16799999999999,1500,8
1788679809,D0,71.42333333333333,1500,9
1788679810,D0,71.503,1500,9
1788679811,D0,71.568625,1500,8
1788679812,D0,71.63333333333334,1500,9
1788679813,D0,71.65488888888889,1500,9
1788679814,D0,66.781375,1500,8
1788679815,D0,63.877,1500,8
1788679816,D0,71.681,1500,8
1788679817,D0,71.73577777777778,1500,9
1788679818,D0,71.780375,1500,8
1788679819,D0,71.847875,1500,8
1788679820,D0,71.91677777777778,1500,9
1788679821,D0,71.966875,1500,8
1788679822,D0,60.92,1500,9
1788679823,D0,69.315375,1500,8
1788679824,D0,71.901375,1500,8
1788679825,D0,71.89225,1500,8
1788679826,D0,71.93077777777778,1500,9
1788679827,D0,71.9495,1500,8
1788679828,D0,72.024125,1500,8
1788679829,D0,67.81533333333333,1498.3333333333333,9
1788679830,D0,37.910222222222224,1500,9
1788679831,D0,38.513888888888886,1500,9
1788679832,D0,68.73975,1500,8
1788679833,D0,71.88633333333334,1500,9
1788679834,D0,71.91725,1500,8
1788679835,D0,71.857625,1500,8
1788679836,D0,71.894375,1500,8
1788679837,D0,71.92777777777778,1500,9
1788679838,D0,66.156375,1500,8
1788679839,D0,61.746249999999996,1500,8
1788679840,D0,71.95422222222223,1500,9
1788679841,D0,71.98975,1500,8
1788679842,D0,71.98733333333334,1500,9
1788679843,D0,71.996875,1500,8
1788679844,D0,71.9395,1498.125,8
1788679845,D0,72.01977777777778,1498.3333333333333,9
1788679846,D0,59.3555,1500,8
1788679847,D0,66.90525,1500,8
1788679848,D0,71.94588888888889,1500,9
1788679849,D0,71.969,1500,8
1788679850,D0,71.97874999999999,1498.125,8
1788679851,D0,71.983,1500,8
1788679852,D0,71.9795,1500,8
1788679853,D0,67.56677777777777,1500,9
1788679854,D0,36.89888888888889,1500,9
1788679855,D0,36.47277777777778,1500,9
1788679856,D0,67.639875,1500,8
1788679857,D0,71.8355,1500,8
1788679858,D0,71.87866666666666,1500,9
1788679859,D0,71.90375,1500,8
1788679860,D0,71.86255555555556,1500,9
1788679861,D0,71.88025,1500,8
1788679862,D0,68.84425,1500,8
1788679863,D0,57.23425,1500,8
1788679864,D0,71.36022222222222,1500,9
1788679865,D0,71.861125,1500,8
1788679866,D0,71.89775,1500,8
1788679867,D0,71.912375,1500,8
1788679868,D0,71.90075,1500,8
1788679869,D0,71.90277777777777,1500,9
1788679870,D0,61.97225,1500,8
1788679871,D0,66.200125,1500,8
1788679872,D0,71.80737500000001,1500,8
1788679873,D0,71.836625,1500,8
1788679874,D0,71.85455555555555,1500,9
1788679875,D0,71.891,1500,8
1788679876,D0,71.92422222222223,1500,9
1788679877,D0,71.458125,1500,8
1788679878,D0,43.95466666666667,1500,9
1788679879,D0,29.8433,1500,10
1788679880,D0,32.266,1500,8
1788679881,D0,65.85088888888889,1500,9
1788679882,D0,71.59422222222223,1500,9
1788679883,D0,71.568625,1500,8
1788679884,D0,71.56725,1500,8
1788679885,D0,71.6115,1500,8
1788679886,D0,71.57177777777778,1500,9
1788679887,D0,66.7965,1500,8
1788679888,D0,58.274,1500,8
1788679889,D0,71.52955555555556,1500,9
1788679890,D0,71.608875,1500,8
1788679891,D0,71.61488888888888,1500,9
1788679892,D0,71.624375,1500,8
1788679893,D0,71.66166666666666,1500,9
1788679894,D0,71.67822222222222,1500,9
1788679895,D0,61.97266666666667,1500,9
1788679896,D0,66.3755,1500,8
1788679897,D0,71.624375,1500,8
1788679898,D0,71.65977777777778,1500,9
1788679899,D0,71.678,1500,8
1788679900,D0,71.68075,1500,8
1788679901,D0,71.65644444444445,1500,9
1788679902,D0,70.12075,1500,8
1788679903,D0,41.832499999999996,1237.5,8
1788679904,D0,29.5805,975,8
1788679905,D0,51.355666666666664,975,9
1788679906,D0,61.391125,975,8
1788679907,D0,61.4205,975,8
1788679908,D0,61.378,975,8
1788679909,D0,61.340333333333334,975,9
1788679910,D0,61.347875,975,8
1788679911,D0,61.367625,975,8
1788679912,D0,50.67044444444444,975,9
1788679913,D0,59.265,975,8
1788679914,D0,61.291,975,9
1788679915,D0,61.285375,975,8
1788679916,D0,61.252,975,9
1788679917,D0,61.283,975,8
1788679918,D0,61.294,975,9
1788679919,D0,56.887,975,8
1788679920,D0,50.16725,975,8
1788679921,D0,61.133250000000004,975,8
1788679922,D0,61.19925,975,8
1788679923,D0,61.193555555555555,975,9
1788679924,D0,61.203875000000004,975,8
1788679925,D0,61.2225,975,8
1788679926,D0,61.26177777777778,975,9
1788679927,D0,52.341875,975,8
1788679928,D0,28.16888888888889,708.3333333333334,9
1788679929,D0,32.69175,675,8
1788679930,D0,58.68975,675,8
1788679931,D0,59.706,675,8
1788679932,D0,59.68288888888889,675,9
1788679933,D0,59.672375,675,8
1788679934,D0,59.65275,675,8
1788679935,D0,59.66155555555555,675,9
1788679936,D0,57.49225,675,8
1788679937,D0,53.545375,675,8
1788679938,D0,59.66877777777778,675,9
1788679939,D0,59.693375,675,8
1788679940,D0,59.680625,675,8
1788679941,D0,59.682,675,8
1788679942,D0,59.66575,675,8
1788679943,D0,59.69477777777778,675,9
1788679944,D0,54.556,675,8
1788679945,D0,53.091375,675,8
1788679946,D0,59.65322222222222,675,9
1788679947,D0,59.6665,675,8
1788679948,D0,59.66575,675,8
1788679949,D0,59.681222222222225,675,9
1788679950,D0,59.692875,675,8
1788679951,D0,59.65875,675,8
1788679952,D0,48.743375,675,8
1788679953,D0,23.887,525,9
1788679954,D0,33.424625,525,8
1788679955,D0,58.022875,525,8
1788679956,D0,58.5905,525,8
1788679957,D0,58.6305,525,8
1788679958,D0,58.71366666666667,525,9
1788679959,D0,58.70075,525,8
1788679960,D0,58.74225,525,8
1788679961,D0,56.42733333333333,525,9
1788679962,D0,48.10475,525,8
1788679963,D0,58.37244444444445,525,9
1788679964,D0,58.727125,525,8
1788679965,D0,58.686625,525,8
1788679966,D0,58.698625,525,8
1788679967,D0,58.67425,525,8
1788679968,D0,58.691,525,8
1788679969,D0,56.68977777777778,525,9
1788679970,D0,48.85425,525,8
1788679971,D0,58.460125,525,8
1788679972,D0,58.76925,525,8
1788679973,D0,58.72175,525,8
1788679974,D0,58.743875,525,8
1788679975,D0,58.744125,525,8
1788679976,D0,58.73577777777778,525,9
1788679977,D0,55.943375,525,8
1788679978,D0,32.61288888888889,475,9
1788679979,D0,28.8265,450,8
1788679980,D0,50.98877777777778,450,9
1788679981,D0,57.945375,450,8
1788679982,D0,58.068375,450,8
1788679983,D0,58.068777777777775,450,9
1788679984,D0,58.285375,450,8
1788679985,D0,58.28011111111111,450,9
1788679986,D0,58.13611111111111,450,9
1788679987,D0,50.97375,450,8
1788679988,D0,54.559875,450,8
1788679989,D0,58.199555555555555,450,9
1788679990,D0,58.244375,450,8
1788679991,D0,58.230875,450,8
1788679992,D0,58.07222222222222,450,9
1788679993,D0,58.085625,450,8
1788679994,D0,58.127875,450,8
1788679995,D0,51.486222222222224,450,9
1788679996,D0,53.79511111111111,450,9
1788679997,D0,58.274,450,8
1788679998,D0,58.26511111111111,450,9
1788679999,D0,58.205333333333336,450,9
1788680000,D0,58.230625,450,8
1788680001,D0,58.257000000000005,450,8
1788680002,D0,58.28355555555555,450,9
1788680003,D0,46.191125,450,8
1788680004,D0,27.328875,900,8
1788680005,D0,38.269555555555556,900,9
1788680006,D0,60.487375,900,8
1788680007,D0,60.4115,900,8
1788680008,D0,60.5255,900,8
1788680009,D0,60.585125,900,8
1788680010,D0,60.590375,900,8
1788680011,D0,60.57922222222222,900,9
1788680012,D0,55.747875,900,8
1788680013,D0,54.044125,900,8
1788680014,D0,60.55075,900,8
1788680015,D0,60.60088888888889,900,9
1788680016,D0,60.64825,900,8
1788680017,D0,60.602375,900,8
1788680018,D0,60.61711111111111,900,9
1788680019,D0,60.629,900,8
1788680020,D0,52.711555555555556,900,9
1788680021,D0,58.114,900,8
1788680022,D0,60.52711111111111,900,9
1788680023,D0,60.580875,900,8
1788680024,D0,60.6915,900,8
1788680025,D0,60.675,900,8
1788680026,D0,60.655875,900,8
1788680027,D0,59.58566666666667,900,9
1788680028,D0,34.42055555555555,983.3333333333334,9
1788680029,D0,27.50225,1050,8
1788680030,D0,51.32511111111111,1050,9
1788680031,D0,61.34625,1050,8
1788680032,D0,61.401250000000005,1050,8
1788680033,D0,61.416111111111114,1050,9
1788680034,D0,61.408125,1050,8
1788680035,D0,61.41375,1050,8
1788680036,D0,61.2605,1050,8
1788680037,D0,50.91888888888889,1050,9
1788680038,D0,60.556875000000005,1050,8
1788680039,D0,61.44525,1050,8
1788680040,D0,61.50255555555555,1050,9
1788680041,D0,61.498125,1050,8
1788680042,D0,61.53775,1050,8
1788680043,D0,61.53277777777778,1050,9
1788680044,D0,57.6875,1050,8
1788680045,D0,53.713875,1050,8
1788680046,D0,61.446625,1050,8
1788680047,D0,61.46225,1050,8
1788680048,D0,61.48755555555556,1050,9
1788680049,D0,61.516875,1050,8
1788680050,D0,61.554375,1050,8
1788680051,D0,61.57911111111111,1050,9
1788680052,D0,47.81888888888889,1066.6666666666667,9
1788680053,D0,26.485111111111113,1125,9
1788680054,D0,42.08775,1125,8
1788680055,D0,61.7565,1125,8
1788680056,D0,61.819875,1125,8
1788680057,D0,61.7815,1125,8
1788680058,D0,61.8135,1125,8
1788680059,D0,61.843375,1125,8
1788680060,D0,61.89066666666667,1125,9
1788680061,D0,53.888374999999996,1125,8
1788680062,D0,57.585,1125,8
1788680063,D0,61.86977777777778,1125,9
1788680064,D0,61.8975,1125,8
1788680065,D0,61.94925,1125,8
1788680066,D0,61.96333333333333,1125,9
1788680067,D0,61.97475,1125,8
1788680068,D0,61.630125,1125,8
1788680069,D0,52.73533333333333,1125,9
1788680070,D0,61.475875,1125,8
1788680071,D0,61.90275,1125,8
1788680072,D0,61.933,1125,8
1788680073,D0,61.955,1125,8
1788680074,D0,61.951625,1125,8
1788680075,D0,61.999625,1125,8
1788680076,D0,56.21322222222222,1125,9
1788680077,D0,30.468,1190.625,8
1788680078,D0,32.656,1200,8
1788680079,D0,60.49055555555556,1200,9
1788680080,D0,63.382625,1200,8
1788680081,D0,63.43025,1200,8
1788680082,D0,63.446625,1200,8
1788680083,D0,63.541375,1200,8
1788680084,D0,63.51155555555555,1200,9
1788680085,D0,59.257,1200,8
1788680086,D0,52.60877777777778,1200,9
1788680087,D0,63.493125,1200,8
1788680088,D0,63.489125,1200,8
1788680089,D0,63.53277777777778,1200,9
1788680090,D0,63.58925,1200,8
1788680091,D0,63.60333333333333,1200,9
1788680092,D0,63.581875,1200,8
1788680093,D0,56.45066666666666,1200,9
1788680094,D0,59.513,1200,8
1788680095,D0,63.609,1200,8
1788680096,D0,63.5765,1200,8
1788680097,D0,63.636875,1200,8
1788680098,D0,63.65211111111111,1200,9
1788680099,D0,63.614,1200,8
1788680100,D0,62.45177777777778,1200,9
1788680101,D0,38.68222222222222,1166.6666666666667,9
1788680102,D0,28.272222222222222,1125,9
1788680103,D0,48.607375,1125,8
1788680104,D0,62.367666666666665,1125,9
1788680105,D0,62.35975,1125,8
1788680106,D0,62.30611111111111,1125,9
1788680107,D0,62.394999999999996,1125,8
1788680108,D0,62.394125,1125,8
1788680109,D0,62.378625,1125,8
1788680110,D0,53.98177777777778,1125,9
1788680111,D0,61.044875,1125,8
1788680112,D0,62.4245,1125,8
1788680113,D0,62.404125,1125,8
1788680114,D0,62.434333333333335,1125,9
1788680115,D0,62.48675,1125,8
1788680116,D0,62.483625,1125,8
1788680117,D0,58.602,1125,8
1788680118,D0,51.67188888888889,1125,9
1788680119,D0,62.427875,1125,8
1788680120,D0,62.4625,1125,8
1788680121,D0,62.501666666666665,1125,9
1788680122,D0,62.479125,1125,8
1788680123,D0,62.55211111111111,1125,9
1788680124,D0,62.546625,1125,8
1788680125,D0,53.22877777777778,1125,9
1788680126,D0,28.559,1125,10
1788680127,D0,24.15422222222222,1125,9
1788680128,D0,24.8725,1453.125,8
1788680129,D0,28.238,1500,9
1788680130,D0,58.888,1500,8
1788680131,D0,70.9085,1500,8
1788680132,D0,71.04833333333333,1500,9
1788680133,D0,71.1475,1500,8
1788680134,D0,71.16411111111111,1500,9
1788680135,D0,71.2945,1500,8
1788680136,D0,71.30575,1500,8
1788680137,D0,71.33155555555555,1500,9
1788680138,D0,71.32825,1500,8
1788680139,D0,71.37675,1500,8
1788680140,D0,71.36975,1500,8
1788680141,D0,71.44388888888889,1500,9
1788680142,D0,71.5005,1500,8
1788680143,D0,71.533125,1500,8
1788680144,D0,66.71755555555555,1500,9
1788680145,D0,51.266444444444446,1500,9
1788680146,D0,71.028875,1500,8
1788680147,D0,71.58675,1500,8
1788680148,D0,71.58144444444444,1500,9
1788680149,D0,71.615,1500,8
1788680150,D0,71.647625,1500,8
1788680151,D0,71.71225,1500,8
1788680152,D0,71.69966666666667,1500,9
1788680153,D0,71.722625,1500,8
1788680154,D0,71.74825,1500,8
1788680155,D0,71.80177777777777,1500,9
1788680156,D0,71.81824999999999,1500,8
1788680157,D0,71.853125,1500,8
1788680158,D0,71.89122222222223,1500,9
1788680159,D0,71.89225,1500,8
1788680160,D0,55.680125000000004,1500,8
1788680161,D0,65.30511111111112,1500,9
1788680162,D0,71.779125,1500,8
1788680163,D0,71.803875,1500,8
1788680164,D0,71.748375,1500,8
1788680165,D0,71.7975,1500,8
1788680166,D0,71.83377777777778,1500,9
1788680167,D0,71.872,1500,8
1788680168,D0,71.906875,1500,8
1788680169,D0,71.94933333333334,1500,9
1788680170,D0,71.9415,1500,8
1788680171,D0,71.949375,1500,8
1788680172,D0,71.95266666666667,1500,9
1788680173,D0,71.99725,1500,8
1788680174,D0,71.91988888888889,1500,9
1788680175,D0,62.890875,1500,8
1788680176,D0,34.534125,1500,8
1788680177,D0,30.287444444444443,1500,9
1788680178,D0,58.30425,1500,8
1788680179,D0,71.60425000000001,1500,8
1788680180,D0,71.6425,1500,8
1788680181,D0,71.70011111111111,1500,9
1788680182,D0,71.75375,1500,8
1788680183,D0,71.778625,1500,8
1788680184,D0,71.76625,1500,8
1788680185,D0,71.80125,1500,8
1788680186,D0,71.78322222222222,1500,9
1788680187,D0,71.7675,1500,8
1788680188,D0,71.818625,1500,8
1788680189,D0,71.89033333333333,1500,9
1788680190,D0,71.86612500000001,1500,8
1788680191,D0,71.84244444444444,1500,9
1788680192,D0,67.891875,1500,8
1788680193,D0,51.07888888888889,1500,9
1788680194,D0,70.19375,1500,8
1788680195,D0,71.786125,1500,8
1788680196,D0,71.75344444444444,1500,9
1788680197,D0,71.82975,1500,8
1788680198,D0,71.803375,1500,8
1788680199,D0,71.821375,1500,8
1788680200,D0,71.80588888888889,1500,9
1788680201,D0,71.83225,1500,8
1788680202,D0,71.841875,1500,8
1788680203,D0,71.86222222222223,1500,9
1788680204,D0,71.93237500000001,1500,8
1788680205,D0,71.9705,1500,8
1788680206,D0,71.93211111111111,1500,9
1788680207,D0,71.9425,1500,8
1788680208,D0,55.97911111111111,1500,9
1788680209,D0,58.044,1500,9
1788680210,D0,71.79525,1500,8
1788680211,D0,71.868,1500,9
1788680212,D0,71.840125,1500,8
1788680213,D0,71.8105,1500,8
1788680214,D0,71.77211111111112,1500,9
1788680215,D0,71.787875,1500,8
1788680216,D0,71.767625,1500,8
1788680217,D0,71.82822222222222,1500,9
1788680218,D0,71.83275,1500,8
1788680219,D0,71.792375,1500,8
1788680220,D0,71.82,1500,9
1788680221,D0,71.85075,1500,8
1788680222,D0,71.847625,1500,8
1788680223,D0,69.10244444444444,1500,9
1788680224,D0,39.420125,1500,8
1788680225,D0,29.38225,1500,8
1788680226,D0,47.19477777777778,1500,9
1788680227,D0,71.49499999999999,1500,8
1788680228,D0,71.56655555555555,1500,9
1788680229,D0,71.604625,1500,8
1788680230,D0,71.61266666666667,1500,9
1788680231,D0,71.631625,1500,8
1788680232,D0,71.61011111111111,1500,9
1788680233,D0,71.64911111111111,1500,9
1788680234,D0,71.5955,1500,8
1788680235,D0,71.57425,1500,8
1788680236,D0,71.61125,1500,8
1788680237,D0,71.62355555555555,1500,9
1788680238,D0,71.621875,1500,8
1788680239,D0,71.6395,1500,8
1788680240,D0,70.66799999999999,1500,9
1788680241,D0,50.1325,1500,8
1788680242,D0,66.10466666666667,1500,9
1788680243,D0,71.58375000000001,1500,8
1788680244,D0,71.533625,1500,8
1788680245,D0,71.54599999999999,1500,8
1788680246,D0,71.572,1500,9
1788680247,D0,71.583,1500,8
1788680248,D0,71.5865,1500,8
1788680249,D0,71.59911111111111,1500,9
1788680250,D0,71.5925,1500,8
1788680251,D0,71.58977777777778,1500,9
1788680252,D0,71.623,1500,8
1788680253,D0,71.60333333333334,1500,9
1788680254,D0,71.621375,1500,8
1788680255,D0,71.57375,1500,8
1788680256,D0,60.49155555555556,1500,9
1788680257,D0,56.92825,1500,8
1788680258,D0,71.441875,1500,8
1788680259,D0,71.48133333333332,1500,9
1788680260,D0,71.5335,1500,8
1788680261,D0,71.576125,1500,8
1788680262,D0,71.51177777777778,1500,9
1788680263,D0,71.515125,1500,8
1788680264,D0,71.52077777777778,1500,9
1788680265,D0,71.53075,1500,8
1788680266,D0,71.505875,1500,8
1788680267,D0,71.45349999999999,1500,8
1788680268,D0,71.41822222222223,1500,9
1788680269,D0,71.483875,1500,8
1788680270,D0,71.448875,1500,8
1788680271,D0,69.95075,1500,8
1788680272,D0,39.67811111111111,1500,9
1788680273,D0,27.091444444444445,1500,9
1788680274,D0,41.64525,1500,8
1788680275,D0,70.67177777777778,1500,9
1788680276,D0,71.193875,1500,8
1788680277,D0,71.27199999999999,1500,8
1788680278,D0,71.29033333333334,1500,9
1788680279,D0,71.2835,1500,8
1788680280,D0,71.258625,1500,8
1788680281,D0,71.26625,1500,8
1788680282,D0,71.22822222222221,1500,9
1788680283,D0,71.2265,1500,8
1788680284,D0,71.217,1500,8
1788680285,D0,71.232375,1500,8
1788680286,D0,71.21125,1500,8
1788680287,D0,71.25388888888888,1500,9
1788680288,D0,71.22200000000001,1500,8
1788680289,D0,54.951,1500,8
1788680290,D0,61.050875,1500,8
1788680291,D0,71.10244444444444,1500,9
1788680292,D0,71.1705,1500,8
1788680293,D0,71.17925,1500,8
1788680294,D0,71.22987499999999,1500,8
1788680295,D0,71.21466666666666,1500,9
1788680296,D0,71.292375,1500,8
1788680297,D0,71.288,1500,8
1788680298,D0,71.27588888888889,1500,9
1788680299,D0,71.30725,1500,8
1788680300,D0,71.30488888888888,1500,9
1788680301,D0,71.273625,1500,8
1788680302,D0,71.183875,1500,8
1788680303,D0,71.244,1500,8
1788680304,D0,64.48211111111111,1500,9
1788680305,D0,50.346000000000004,1500,8
1788680306,D0,70.267625,1500,8
1788680307,D0,71.11955555555555,1500,9
1788680308,D0,71.143,1500,8
1788680309,D0,71.20700000000001,1500,9
1788680310,D0,71.182,1500,8
1788680311,D0,71.22844444444445,1500,9
1788680312,D0,71.24025,1500,8
1788680313,D0,71.193125,1500,8
1788680314,D0,71.19666666666666,1500,9
1788680315,D0,71.189125,1500,8
1788680316,D0,71.19466666666666,1500,9
1788680317,D0,71.193625,1500,8
1788680318,D0,71.133625,1500,8
1788680319,D0,70.78977777777777,1500,9
1788680320,D0,47.347125,1500,8
1788680321,D0,30.585222222222225,1500,9
1788680322,D0,37.262125,1500,8
1788680323,D0,69.2995,1500,8
1788680324,D0,70.84522222222222,1500,9
1788680325,D0,70.867875,1500,8
1788680326,D0,70.89475,1500,8
1788680327,D0,70.95011111111111,1500,9
1788680328,D0,70.968125,1500,8
1788680329,D0,70.9495,1500,8
1788680330,D0,70.99066666666667,1500,9
1788680331,D0,70.97687499999999,1500,8
1788680332,D0,70.975,1500,8
1788680333,D0,71.032,1500,9
1788680334,D0,71.024,1500,9
1788680335,D0,71.09875,1500,8
1788680336,D0,71.10455555555555,1500,9
1788680337,D0,56.449555555555555,1500,9
1788680338,D0,58.813,1500,8
1788680339,D0,70.98866666666667,1500,9
1788680340,D0,71.008375,1500,8
1788680341,D0,71.00977777777777,1500,9
1788680342,D0,70.9855,1500,8
1788680343,D0,71.0095,1500,8
1788680344,D0,70.98775,1500,8
1788680345,D0,71.015,1500,9
1788680346,D0,70.979625,1500,8
1788680347,D0,71.01055555555556,1500,9
1788680348,D0,71.043,1500,8
1788680349,D0,71.045875,1500,8
1788680350,D0,70.96177777777778,1500,9
1788680351,D0,71.018625,1500,8
1788680352,D0,67.159375,1500,8
1788680353,D0,51.278,1500,8
1788680354,D0,69.48466666666667,1500,9
1788680355,D0,70.974125,1500,8
1788680356,D0,71.00411111111111,1500,9
1788680357,D0,70.98712499999999,1500,8
1788680358,D0,70.98255555555556,1500,9
1788680359,D0,70.997,1500,8
1788680360,D0,71.01466666666667,1500,9
1788680361,D0,70.977875,1500,8
1788680362,D0,70.97125,1500,8
1788680363,D0,70.98644444444444,1500,9
1788680364,D0,70.944875,1500,8
1788680365,D0,70.973625,1500,8
1788680366,D0,71.064,1500,9
1788680367,D0,71.033,1500,8
1788680368,D0,52.71588888888889,1441.6666666666667,9
1788680369,D0,28.773666666666667,975,9
1788680370,D0,31.537777777777777,975,9
1788680371,D0,58.933375,975,8
1788680372,D0,60.213125,975,8
1788680373,D0,60.21175,975,8
1788680374,D0,60.230375,975,8
1788680375,D0,60.187999999999995,975,9
1788680376,D0,60.16975,975,8
1788680377,D0,60.207125,975,8
1788680378,D0,60.125,975,8
1788680379,D0,60.095625,975,8
1788680380,D0,60.13033333333333,975,9
1788680381,D0,60.12125,975,8
1788680382,D0,60.035375,975,8
1788680383,D0,59.98277777777778,975,9
1788680384,D0,59.961625,975,8
1788680385,D0,56.303777777777775,975,9
1788680386,D0,42.228875,975,8
1788680387,D0,58.670875,975,8
1788680388,D0,60.004,975,8
1788680389,D0,60.02675,975,8
1788680390,D0,60.03733333333333,975,9
1788680391,D0,60.032125,975,8
1788680392,D0,59.993625,975,8
1788680393,D0,59.961875,975,8
1788680394,D0,59.946,975,8
1788680395,D0,59.92575,975,8
1788680396,D0,59.971125,975,8
1788680397,D0,59.916375,975,8
1788680398,D0,59.85355555555556,975,9
1788680399,D0,59.852375,975,8
1788680400,D0,59.851875,975,8
1788680401,D0,56.17055555555556,975,9
1788680402,D0,44.947,975,8
1788680403,D0,59.211625,975,8
1788680404,D0,59.85988888888889,975,9
1788680405,D0,59.82875,975,8
1788680406,D0,59.83575,975,8
1788680407,D0,59.887375,975,8
1788680408,D0,59.843444444444444,975,9
1788680409,D0,59.868,975,8
1788680410,D0,59.862875,975,8
1788680411,D0,59.83775,975,8
1788680412,D0,59.802,975,8
1788680413,D0,59.77377777777778,975,9
1788680414,D0,59.77975,975,8
1788680415,D0,59.843875,975,8
1788680416,D0,59.879222222222225,975,9
1788680417,D0,55.425375,975,8
1788680418,D0,30.137333333333334,1175,9
1788680419,D0,26.334666666666667,1275,9
1788680420,D0,52.13133333333333,1275,9
1788680421,D0,63.916875000000005,1275,8
1788680422,D0,63.94888888888889,1275,9
1788680423,D0,63.994125000000004,1275,8
1788680424,D0,63.98733333333333,1275,9
1788680425,D0,64.003375,1275,8
1788680426,D0,64.027,1275,8
1788680427,D0,64.04877777777777,1275,9
1788680428,D0,64.064125,1275,8
1788680429,D0,64.065,1275,8
1788680430,D0,64.08344444444444,1275,9
1788680431,D0,64.08812499999999,1275,8
1788680432,D0,64.100625,1275,8
1788680433,D0,64.1048888888889,1275,9
1788680434,D0,61.4455,1275,8
1788680435,D0,44.523125,1275,8
1788680436,D0,61.67188888888889,1275,9
1788680437,D0,64.09887499999999,1275,8
1788680438,D0,64.133375,1275,8
1788680439,D0,64.19455555555555,1275,9
1788680440,D0,64.19925,1275,8
1788680441,D0,64.25066666666666,1275,9
1788680442,D0,64.26725,1275,8
1788680443,D0,64.20933333333333,1275,9
1788680444,D0,64.209625,1275,8
1788680445,D0,64.21877777777777,1275,9
1788680446,D0,64.226375,1275,8
1788680447,D0,64.249,1275,8
1788680448,D0,64.230375,1275,8
1788680449,D0,64.275625,1275,8
1788680450,D0,56.98611111111111,1275,9
1788680451,D0,49.242625000000004,1275,8
1788680452,D0,64.24988888888889,1275,9
1788680453,D0,64.299375,1275,8
1788680454,D0,64.299125,1275,8
1788680455,D0,64.30533333333334,1275,9
1788680456,D0,64.309875,1275,8
1788680457,D0,64.30612500000001,1275,8
1788680458,D0,64.31937500000001,1275,8
1788680459,D0,64.31744444444445,1275,9
1788680460,D0,64.318625,1275,8
1788680461,D0,64.384,1275,8
1788680462,D0,64.40811111111111,1275,9
1788680463,D0,64.3805,1275,8
1788680464,D0,64.4105,1275,8
1788680465,D0,64.45855555555555,1275,9
1788680466,D0,43.58266666666667,1325,9
1788680467,D0,27.897624999999998,1425,8
1788680468,D0,39.663625,1425,8
1788680469,D0,68.17411111111112,1425,9
1788680470,D0,68.689625,1425,8
1788680471,D0,68.77974999999999,1425,8
1788680472,D0,68.806,1425,9
1788680473,D0,68.92825,1425,8
1788680474,D0,68.97274999999999,1425,8
1788680475,D0,69.01255555555555,1425,9
1788680476,D0,69.03812500000001,1425,8
1788680477,D0,69.032,1425,9
1788680478,D0,68.716875,1425,8
1788680479,D0,68.587875,1425,8
1788680480,D0,68.58625,1425,8
1788680481,D0,68.599625,1425,8
1788680482,D0,68.2118888888889,1425,9
1788680483,D0,50.147125,1425,8
1788680484,D0,60.904125,1425,8
1788680485,D0,68.632375,1425,8
1788680486,D0,68.70833333333333,1425,9
1788680487,D0,68.763125,1425,8
1788680488,D0,68.8075,1425,8
1788680489,D0,68.85344444444445,1425,9
1788680490,D0,68.87675,1425,8
1788680491,D0,68.81066666666666,1425,9
1788680492,D0,68.79925,1425,8
1788680493,D0,68.8095,1425,8
1788680494,D0,68.79775000000001,1425,8
1788680495,D0,68.841875,1425,8
1788680496,D0,68.86766666666666,1425,9
1788680497,D0,68.89025000000001,1425,8
1788680498,D0,64.52925,1425,8
1788680499,D0,48.800625,1425,8
1788680500,D0,68.25066666666667,1425,9
1788680501,D0,68.849,1425,8
1788680502,D0,68.907,1425,8
1788680503,D0,68.96275,1425,8
1788680504,D0,69.00150000000001,1425,8
1788680505,D0,69.014,1425,9
1788680506,D0,69.01975,1425,8
1788680507,D0,69.092,1425,8
1788680508,D0,69.1151111111111,1425,9
1788680509,D0,69.15275,1425,8
1788680510,D0,69.200125,1425,8
1788680511,D0,69.22222222222223,1425,9
1788680512,D0,69.209625,1425,8
1788680513,D0,69.214,1425,8
1788680514,D0,51.48088888888889,1408.3333333333333,9
1788680515,D0,28.9525,1350,8
1788680516,D0,35.307125,1350,8
1788680517,D0,65.455,1350,9
1788680518,D0,67.204375,1350,8
1788680519,D0,67.236625,1350,8
1788680520,D0,67.288375,1350,8
1788680521,D0,67.35877777777777,1350,9
1788680522,D0,67.396375,1350,8
1788680523,D0,67.40233333333333,1350,9
1788680524,D0,67.42175,1350,8
1788680525,D0,67.42322222222222,1350,9
1788680526,D0,67.35075,1350,8
1788680527,D0,67.433125,1350,8
1788680528,D0,67.49155555555556,1350,9
1788680529,D0,67.4195,1350,8
1788680530,D0,67.362625,1350,8
1788680531,D0,55.443555555555555,1350,9
1788680532,D0,57.048500000000004,1350,8
1788680533,D0,67.26975,1350,8
1788680534,D0,67.31688888888888,1350,9
1788680535,D0,67.344375,1350,8
1788680536,D0,67.41787500000001,1350,8
1788680537,D0,67.42555555555555,1350,9
1788680538,D0,67.394875,1350,8
1788680539,D0,67.400875,1350,8
1788680540,D0,67.42511111111111,1350,9
1788680541,D0,67.4035,1350,8
1788680542,D0,67.47275,1350,8
1788680543,D0,67.3951111111111,1350,9
1788680544,D0,67.448125,1350,8
1788680545,D0,67.569,1350,9
1788680546,D0,66.310625,1350,8
1788680547,D0,47.711555555555556,1350,9
1788680548,D0,64.701,1350,8
1788680549,D0,67.556,1350,9
1788680550,D0,67.537875,1350,8
1788680551,D0,67.51755555555556,1350,9
1788680552,D0,67.6115,1350,8
1788680553,D0,67.548625,1350,8
1788680554,D0,67.49075,1350,8
1788680555,D0,67.50277777777778,1350,9
1788680556,D0,67.476875,1350,8
1788680557,D0,67.609125,1350,8
1788680558,D0,67.62444444444445,1350,9
1788680559,D0,67.674,1350,8
1788680560,D0,67.691375,1350,8
1788680561,D0,67.69333333333333,1350,9
1788680562,D0,56.75125,1350,8
1788680563,D0,52.508,1350,8
1788680564,D0,67.456,1350,8
1788680565,D0,67.49866666666667,1350,9
1788680566,D0,67.5485,1350,8
1788680567,D0,67.581125,1350,8
1788680568,D0,67.6241111111111,1350,9
1788680569,D0,67.62975,1350,8
1788680570,D0,67.63,1350,9
1788680571,D0,67.572125,1350,8
1788680572,D0,67.6138888888889,1350,9
1788680573,D0,67.5595,1350,8
1788680574,D0,67.54962499999999,1350,8
1788680575,D0,67.62225000000001,1350,8
1788680576,D0,67.539125,1350,8
1788680577,D0,66.979,1350,9
1788680578,D0,49.56388888888889,1350,9
1788680579,D0,64.873875,1350,8
1788680580,D0,67.5795,1350,8
1788680581,D0,67.62766666666667,1350,9
1788680582,D0,67.584375,1350,8
1788680583,D0,67.612375,1350,8
1788680584,D0,67.578875,1350,8
1788680585,D0,67.56633333333333,1350,9
1788680586,D0,67.516125,1350,8
1788680587,D0,67.53025,1350,8
1788680588,D0,67.4755,1350,8
1788680589,D0,67.543125,1350,8
1788680590,D0,67.503,1350,8
1788680591,D0,67.606,1350,9
1788680592,D0,67.61625000000001,1350,8
1788680593,D0,59.23755555555556,1350,9
1788680594,D0,48.185,1350,8
1788680595,D0,67.28544444444444,1350,9
1788680596,D0,67.5775,1350,8
1788680597,D0,67.620875,1350,8
1788680598,D0,67.58655555555556,1350,9
1788680599,D0,67.44825,1350,8
1788680600,D0,67.410875,1350,8
1788680601,D0,67.45,1350,8
1788680602,D0,67.46455555555555,1350,9
1788680603,D0,67.429375,1350,8
1788680604,D0,67.460375,1350,8
1788680605,D0,67.46775,1350,8
1788680606,D0,67.495875,1350,8
1788680607,D0,67.42588888888889,1350,9
1788680608,D0,67.412,1350,8
1788680609,D0,48.12525,1350,8
1788680610,D0,29.57111111111111,1350,9
1788680611,D0,25.16111111111111,1350,9
1788680612,D0,25.14025,1350,8
1788680613,D0,25.15822222222222,1350,9
1788680614,D0,25.176,1350,9
1788680615,D0,25.1376,1350,10
1788680616,D0,25.803,1500,9
1788680617,D0,35.42325,1500,8
1788680618,D0,68.385,1500,9
1788680619,D0,70.8475,1500,8
1788680620,D0,70.8965,1500,8
1788680621,D0,70.90733333333333,1500,9
1788680622,D0,70.958625,1500,8
1788680623,D0,70.96199999999999,1500,8
1788680624,D0,71.059,1500,8
1788680625,D0,71.04611111111112,1500,9
1788680626,D0,71.07425,1500,8
1788680627,D0,71.13255555555556,1500,9
1788680628,D0,71.166375,1500,8
1788680629,D0,71.25633333333333,1500,9
1788680630,D0,71.279375,1500,8
1788680631,D0,71.30875,1500,8
1788680632,D0,60.324888888888886,1500,9
1788680633,D0,60.85577777777778,1500,9
1788680634,D0,71.27,1500,8
1788680635,D0,71.36399999999999,1500,9
1788680636,D0,71.35725,1500,8
1788680637,D0,71.28525,1500,8
1788680638,D0,71.33255555555556,1500,9
1788680639,D0,71.323875,1500,8
1788680640,D0,71.391875,1500,8
1788680641,D0,71.41775,1500,8
1788680642,D0,71.3741111111111,1500,9
1788680643,D0,71.421125,1500,8
1788680644,D0,71.48711111111112,1500,9
1788680645,D0,71.51375,1500,8
1788680646,D0,71.493875,1500,8
1788680647,D0,67.15655555555556,1500,9
1788680648,D0,50.64025,1500,8
1788680649,D0,69.953125,1500,8
1788680650,D0,71.52588888888889,1500,9
1788680651,D0,71.49825,1500,8
1788680652,D0,71.53533333333333,1500,9
1788680653,D0,71.58866666666667,1500,9
1788680654,D0,71.622125,1500,8
1788680655,D0,71.57377777777778,1500,9
1788680656,D0,71.62625,1500,8
1788680657,D0,71.65788888888889,1500,9
1788680658,D0,71.668375,1500,8
1788680659,D0,71.66575,1500,8
1788680660,D0,71.661125,1500,8
1788680661,D0,71.68633333333334,1500,9
1788680662,D0,71.67975,1500,8
1788680663,D0,51.97,1500,9
1788680664,D0,30.59622222222222,1500,9
1788680665,D0,34.75255555555555,1500,9
1788680666,D0,68.772875,1500,8
1788680667,D0,71.412375,1500,8
1788680668,D0,71.47344444444444,1500,9
1788680669,D0,71.465625,1500,8
1788680670,D0,71.505125,1500,8
1788680671,D0,71.515875,1500,8
1788680672,D0,71.54555555555555,1500,9
1788680673,D0,71.56287499999999,1500,8
1788680674,D0,71.541875,1500,8
1788680675,D0,71.55688888888889,1500,9
1788680676,D0,71.59774999999999,1500,8
1788680677,D0,71.62944444444445,1500,9
1788680678,D0,71.62575,1500,8
1788680679,D0,71.644375,1500,8
1788680680,D0,58.492444444444445,1500,9
1788680681,D0,53.550375,1500,8
1788680682,D0,71.485125,1500,8
1788680683,D0,71.51566666666668,1500,9
1788680684,D0,71.6075,1500,8
1788680685,D0,71.659,1500,8
1788680686,D0,71.64566666666667,1500,9
1788680687,D0,71.688125,1500,8
1788680688,D0,71.66925,1500,8
1788680689,D0,71.70977777777777,1500,9
1788680690,D0,71.706375,1500,8
1788680691,D0,71.646375,1500,8
1788680692,D0,71.666875,1500,8
1788680693,D0,71.687625,1500,8
1788680694,D0,71.67044444444444,1500,9
1788680695,D0,70.631875,1500,8
1788680696,D0,49.026375,1500,8
1788680697,D0,65.53999999999999,1500,8
1788680698,D0,71.63766666666668,1500,9
1788680699,D0,71.66175,1500,8
1788680700,D0,71.628,1500,9
1788680701,D0,71.70025,1500,8
1788680702,D0,71.717,1500,8
1788680703,D0,71.74866666666667,1500,9
1788680704,D0,71.7325,1500,8
1788680705,D0,71.637,1500,8
1788680706,D0,71.687125,1500,8
1788680707,D0,71.66633333333333,1500,9
1788680708,D0,71.651125,1500,8
1788680709,D0,71.63325,1500,8
1788680710,D0,71.657125,1500,8
1788680711,D0,60.79088888888889,1500,9
1788680712,D0,32.616,1500,8
1788680713,D0,29.521625,1500,8
1788680714,D0,59.78977777777778,1500,9
1788680715,D0,71.37412499999999,1500,8
1788680716,D0,71.416875,1500,8
1788680717,D0,71.401625,1500,8
1788680718,D0,71.40044444444445,1500,9
1788680719,D0,71.44275,1500,8
1788680720,D0,71.495125,1500,8
1788680721,D0,71.51655555555556,1500,9
1788680722,D0,71.54287500000001,1500,8
1788680723,D0,71.5305,1500,8
1788680724,D0,71.539,1500,9
1788680725,D0,71.58075000000001,1500,8
1788680726,D0,71.542375,1500,8
1788680727,D0,71.47133333333333,1500,9
1788680728,D0,65.380375,1500,8
1788680729,D0,49.938875,1500,8
1788680730,D0,70.79112500000001,1500,8
1788680731,D0,71.396,1500,9
1788680732,D0,71.36975,1500,8
1788680733,D0,71.35475,1500,8
1788680734,D0,71.413,1500,8
1788680735,D0,71.42822222222223,1500,9
1788680736,D0,71.40955555555556,1500,9
1788680737,D0,71.461,1500,8
1788680738,D0,71.43033333333334,1500,9
1788680739,D0,71.48875,1500,8
1788680740,D0,71.511375,1500,8
1788680741,D0,71.52922222222222,1500,9
1788680742,D0,71.44825,1500,8
1788680743,D0,71.443,1500,9
1788680744,D0,53.348125,1500,8
1788680745,D0,62.39544444444444,1500,9
1788680746,D0,71.289,1500,8
1788680747,D0,71.3295,1500,8
1788680748,D0,71.36155555555555,1500,9
1788680749,D0,71.36574999999999,1500,8
1788680750,D0,71.32300000000001,1500,8
1788680751,D0,71.36944444444444,1500,9
1788680752,D0,71.38737499999999,1500,8
1788680753,D0,71.372875,1500,8
1788680754,D0,71.3668888888889,1500,9
1788680755,D0,71.37925,1500,8
1788680756,D0,71.36325,1500,8
1788680757,D0,71.37333333333333,1500,9
1788680758,D0,71.43275,1500,8
1788680759,D0,66.95755555555556,1500,9
1788680760,D0,36.751555555555555,1500,9
1788680761,D0,29.14677777777778,1500,9
1788680762,D0,51.25355555555556,1500,9
1788680763,D0,71.08011111111111,1500,9
1788680764,D0,71.13275,1500,8
1788680765,D0,71.16455555555555,1500,9
1788680766,D0,71.167125,1500,8
1788680767,D0,71.207625,1500,8
1788680768,D0,71.2065,1500,8
1788680769,D0,71.142,1500,8
1788680770,D0,71.205,1500,9
1788680771,D0,71.295875,1500,8
1788680772,D0,71.258875,1500,8
1788680773,D0,71.27344444444445,1500,9
1788680774,D0,71.25125,1500,8
1788680775,D0,71.233625,1500,8
1788680776,D0,68.532,1500,9
1788680777,D0,49.371,1500,8
1788680778,D0,67.9835,1500,8
1788680779,D0,71.13844444444445,1500,9
1788680780,D0,71.169625,1500,8
1788680781,D0,71.14987500000001,1500,8
1788680782,D0,71.20533333333333,1500,9
1788680783,D0,71.2195,1500,8
1788680784,D0,71.22925,1500,8
1788680785,D0,71.21988888888889,1500,9
1788680786,D0,71.205,1500,8
1788680787,D0,71.1785,1500,8
1788680788,D0,71.192125,1500,8
1788680789,D0,71.20255555555556,1500,9
1788680790,D0,71.185625,1500,8
1788680791,D0,71.26875,1500,8
1788680792,D0,58.85455555555556,1500,9
1788680793,D0,56.047111111111114,1500,9
1788680794,D0,71.084625,1500,8
1788680795,D0,71.145,1500,9
1788680796,D0,71.196,1500,8
1788680797,D0,71.184375,1500,8
1788680798,D0,71.1475,1500,8
1788680799,D0,71.16855555555556,1500,9
1788680800,D0,71.147125,1500,8
1788680801,D0,71.124,1500,8
1788680802,D0,71.108375,1500,8
1788680803,D0,71.110875,1500,8
1788680804,D0,71.1108888888889,1500,9
1788680805,D0,71.2045,1500,8
1788680806,D0,71.174875,1500,8
1788680807,D0,69.61577777777778,1500,9
1788680808,D0,41.19877777777778,1500,9
1788680809,D0,30.069555555555556,1500,9
1788680810,D0,42.44488888888889,1500,9
1788680811,D0,70.844625,1500,8
1788680812,D0,70.85975,1500,8
1788680813,D0,70.88775,1500,8
1788680814,D0,70.88775,1500,8
1788680815,D0,70.86,1500,9
1788680816,D0,70.91,1500,8
1788680817,D0,70.961,1500,8
1788680818,D0,70.95475,1500,8
1788680819,D0,70.976875,1500,8
1788680820,D0,71.0111111111111,1500,9
1788680821,D0,70.97625,1500,8
1788680822,D0,70.96787499999999,1500,8
1788680823,D0,70.989,1500,8
1788680824,D0,70.81277777777778,1500,9
1788680825,D0,53.7295,1500,8
1788680826,D0,65.9735,1500,8
1788680827,D0,71.02355555555556,1500,9
1788680828,D0,71.0445,1500,8
1788680829,D0,71.01744444444445,1500,9
1788680830,D0,71.00225,1500,8
1788680831,D0,71.02222222222223,1500,9
1788680832,D0,70.987375,1500,8
1788680833,D0,70.99777777777777,1500,9
1788680834,D0,71.037875,1500,8
1788680835,D0,71.03675,1500,8
1788680836,D0,71.05425,1500,8
1788680837,D0,71.03711111111112,1500,9
1788680838,D0,71.06375,1500,8
1788680839,D0,71.075375,1500,8
1788680840,D0,64.42055555555555,1500,9
1788680841,D0,55.69766666666666,1500,9
1788680842,D0,71.03188888888889,1500,9
1788680843,D0,70.99225,1500,8
1788680844,D0,70.95311111111111,1500,9
1788680845,D0,71.07266666666666,1500,9
1788680846,D0,71.057125,1500,8
1788680847,D0,71.06375,1500,8
1788680848,D0,71.04433333333333,1500,9
1788680849,D0,71.04275000000001,1500,8
1788680850,D0,71.05211111111112,1500,9
1788680851,D0,71.055375,1500,8
1788680852,D0,71.079625,1500,8
1788680853,D0,71.09777777777778,1500,9
1788680854,D0,71.06824999999999,1500,8
1788680855,D0,69.69075,1500,8
1788680856,D0,41.78022222222222,1500,9
1788680857,D0,29.588250000000002,1500,8
1788680858,D0,41.104,1500,8
1788680859,D0,70.323,1500,9
1788680860,D0,70.81175,1500,8
1788680861,D0,70.8205,1500,8
1788680862,D0,70.84433333333332,1500,9
1788680863,D0,70.92325,1500,8
1788680864,D0,70.94077777777778,1500,9
1788680865,D0,70.94825,1500,8
1788680866,D0,70.9768888888889,1500,9
1788680867,D0,71.01144444444444,1500,9
1788680868,D0,71.004625,1500,8
1788680869,D0,71.03377777777777,1500,9
1788680870,D0,71.05,1500,8
1788680871,D0,71.04977777777778,1500,9
1788680872,D0,71.04125,1500,8
1788680873,D0,54.08625,1500,8
1788680874,D0,60.9245,1500,8
1788680875,D0,70.87988888888889,1500,9
1788680876,D0,70.9915,1500,8
1788680877,D0,71.03333333333333,1500,9
1788680878,D0,71.0245,1500,8
1788680879,D0,71.01933333333334,1500,9
1788680880,D0,71.032,1500,8
1788680881,D0,71.02544444444445,1500,9
1788680882,D0,71.000625,1500,8
1788680883,D0,71.02425,1500,8
1788680884,D0,71.039875,1500,8
1788680885,D0,71.04711111111111,1500,9
1788680886,D0,71.0855,1500,8
1788680887,D0,71.118625,1500,8
1788680888,D0,64.44144444444444,1500,9
1788680889,D0,50.893,1500,8
1788680890,D0,70.55166666666666,1500,9
1788680891,D0,71.007,1500,8
1788680892,D0,70.977125,1500,8
1788680893,D0,71.01055555555556,1500,9
1788680894,D0,71.02325,1500,8
1788680895,D0,71.03087500000001,1500,8
1788680896,D0,71.06855555555556,1500,9
1788680897,D0,71.075875,1500,8
1788680898,D0,71.0865,1500,8
1788680899,D0,71.10988888888889,1500,9
1788680900,D0,71.12825000000001,1500,8
1788680901,D0,71.178,1500,9
1788680902,D0,71.14325,1500,8
1788680903,D0,71.1725,1500,8
1788680904,D0,47.870444444444445,1500,9
1788680905,D0,29.92,1500,8
1788680906,D0,23.806625,975,8
1788680907,D0,31.438,975,9
1788680908,D0,59.187625,975,8
1788680909,D0,60.555125000000004,975,8
1788680910,D0,60.577875,975,8
1788680911,D0,60.62522222222222,975,9
1788680912,D0,60.596000000000004,975,8
1788680913,D0,60.613749999999996,975,8
1788680914,D0,60.575,975,9
1788680915,D0,60.53725,975,8
1788680916,D0,60.499625,975,8
1788680917,D0,60.45122222222222,975,9
1788680918,D0,60.473,975,8
1788680919,D0,60.461875,975,8
1788680920,D0,60.3925,975,8
1788680921,D0,60.3605,975,8
1788680922,D0,56.686,975,8
1788680923,D0,44.559875,975,8
1788680924,D0,59.43088888888889,975,9
1788680925,D0,60.419875,975,8
1788680926,D0,60.44775,975,8
1788680927,D0,60.474625,975,8
1788680928,D0,60.524375,975,8
1788680929,D0,60.500625,975,8
1788680930,D0,60.553374999999996,975,8
1788680931,D0,60.483444444444444,975,9
1788680932,D0,60.499875,975,8
1788680933,D0,60.446625,975,8
1788680934,D0,60.38744444444445,975,9
1788680935,D0,60.392375,975,8
1788680936,D0,60.38225,975,8
1788680937,D0,60.41877777777778,975,9
1788680938,D0,53.9085,975,8
1788680939,D0,44.751125,975,8
1788680940,D0,60.43875,975,8
1788680941,D0,60.474125,975,8
1788680942,D0,60.46022222222222,975,9
1788680943,D0,60.43575,975,8
1788680944,D0,60.40175,975,8
1788680945,D0,60.411875,975,8
1788680946,D0,60.41877777777778,975,9
1788680947,D0,60.399375,975,8
1788680948,D0,60.399,975,8
1788680949,D0,60.41377777777778,975,9
1788680950,D0,60.499125,975,8
1788680951,D0,60.52075,975,8
1788680952,D0,60.45944444444444,975,9
1788680953,D0,60.3615,975,8
1788680954,D0,54.77455555555556,975,9
1788680955,D0,29.434625,712.5,8
1788680956,D0,25.834125,675,8
1788680957,D0,50.178555555555555,675,9
1788680958,D0,58.4305,675,8
1788680959,D0,58.4645,675,8
1788680960,D0,58.44288888888889,675,9
1788680961,D0,58.42875,675,8
1788680962,D0,58.47525,675,8
1788680963,D0,58.50125,675,8
1788680964,D0,58.4685,675,8
1788680965,D0,58.39322222222222,675,9
1788680966,D0,58.37675,675,8
1788680967,D0,58.4525,675,8
1788680968,D0,58.42775,675,8
1788680969,D0,58.419333333333334,675,9
1788680970,D0,58.458124999999995,675,8
1788680971,D0,58.474666666666664,675,9
1788680972,D0,52.11566666666667,675,9
1788680973,D0,43.347625,675,8
1788680974,D0,58.095625,675,8
1788680975,D0,58.56722222222222,675,9
1788680976,D0,58.5385,675,8
1788680977,D0,58.570750000000004,675,8
1788680978,D0,58.5445,675,8
1788680979,D0,58.52133333333333,675,9
1788680980,D0,58.519,675,8
1788680981,D0,58.524375,675,8
1788680982,D0,58.44875,675,8
1788680983,D0,58.558,675,9
1788680984,D0,58.498000000000005,675,8
1788680985,D0,58.513875,675,8
1788680986,D0,58.52911111111111,675,9
1788680987,D0,58.490375,675,8
1788680988,D0,58.55375,675,8
1788680989,D0,43.900875,675,8
1788680990,D0,52.17188888888889,675,9
1788680991,D0,58.642375,675,8
1788680992,D0,58.617,675,8
1788680993,D0,58.627,675,9
1788680994,D0,58.634125,675,8
1788680995,D0,58.711625,675,8
1788680996,D0,58.718444444444444,675,9
1788680997,D0,58.639375,675,8
1788680998,D0,58.6065,675,8
1788680999,D0,58.562111111111115,675,9
1788681000,D0,58.560625,675,8
1788681001,D0,58.623000000000005,675,8
1788681002,D0,58.594875,675,8
1788681003,D0,58.65833333333333,675,9
1788681004,D0,58.6665,675,8
1788681005,D0,51.97611111111111,675,9
1788681006,D0,28.70011111111111,541.6666666666666,9
1788681007,D0,26.766375,525,8
1788681008,D0,51.286875,525,8
1788681009,D0,57.29544444444444,525,9
1788681010,D0,57.307625,525,8
1788681011,D0,57.316625,525,8
1788681012,D0,57.36025,525,8
1788681013,D0,57.297250000000005,525,8
1788681014,D0,57.365875,525,8
1788681015,D0,57.34977777777778,525,9
1788681016,D0,57.24725,525,8
1788681017,D0,57.2955,525,8
1788681018,D0,57.28477777777778,525,9
1788681019,D0,57.263875,525,8
1788681020,D0,57.31,525,8
1788681021,D0,57.29555555555555,525,9
1788681022,D0,57.38475,525,8
1788681023,D0,57.07977777777778,525,9
1788681024,D0,41.069375,525,8
1788681025,D0,50.998875,525,8
1788681026,D0,57.387375,525,8
1788681027,D0,57.2815,525,8
1788681028,D0,57.35066666666667,525,9
1788681029,D0,57.37825,525,8
1788681030,D0,57.358000000000004,525,8
1788681031,D0,57.435,525,8
1788681032,D0,57.322,525,8
1788681033,D0,57.24122222222222,525,9
1788681034,D0,57.250625,525,8
1788681035,D0,57.21675,525,8
1788681036,D0,57.29675,525,8
1788681037,D0,57.268125,525,8
1788681038,D0,57.25644444444444,525,9
1788681039,D0,57.358125,525,8
1788681040,D0,57.31,525,9
1788681041,D0,44.335375,525,8
1788681042,D0,51.480222222222224,525,9
1788681043,D0,57.385625,525,8
1788681044,D0,57.32255555555555,525,9
1788681045,D0,57.401375,525,8
1788681046,D0,57.462375,525,8
1788681047,D0,57.369125,525,8
1788681048,D0,57.427,525,9
1788681049,D0,57.451625,525,8
1788681050,D0,57.360625,525,8
1788681051,D0,57.362625,525,8
1788681052,D0,57.37122222222222,525,9
1788681053,D0,57.33725,525,8
1788681054,D0,57.27175,525,8
1788681055,D0,57.340444444444444,525,9
1788681056,D0,57.380625,525,8
1788681057,D0,57.349333333333334,525,9
1788681058,D0,42.50355555555555,516.6666666666666,9
1788681059,D0,25.892444444444443,450,9
1788681060,D0,28.471125,450,8
1788681061,D0,55.33277777777778,450,9
1788681062,D0,56.397,450,8
1788681063,D0,56.589,450,8
1788681064,D0,56.443777777777775,450,9
1788681065,D0,56.320875,450,8
1788681066,D0,56.358875,450,8
1788681067,D0,56.325,450,9
1788681068,D0,56.52275,450,8
1788681069,D0,56.344500000000004,450,8
1788681070,D0,56.33611111111111,450,9
1788681071,D0,56.39975,450,8
1788681072,D0,56.490875,450,8
1788681073,D0,56.44777777777778,450,9
1788681074,D0,56.185,450,8
1788681075,D0,56.31,450,8
1788681076,D0,56.32577777777777,450,9
1788681077,D0,45.635444444444445,450,9
1788681078,D0,47.74575,450,8
1788681079,D0,56.458,450,9
1788681080,D0,56.545249999999996,450,8
1788681081,D0,56.629555555555555,450,9
1788681082,D0,56.376625000000004,450,8
1788681083,D0,56.184555555555555,450,9
1788681084,D0,56.3225,450,8
1788681085,D0,56.3925,450,8
1788681086,D0,56.39,450,8
1788681087,D0,56.473,450,9
1788681088,D0,56.404875,450,8
1788681089,D0,56.380875,450,8
1788681090,D0,56.397999999999996,450,9
1788681091,D0,56.478125,450,8
1788681092,D0,56.481625,450,8
1788681093,D0,56.3255,450,8
1788681094,D0,52.733444444444444,450,9
1788681095,D0,42.33625,450,8
1788681096,D0,55.824625,450,8
1788681097,D0,56.51433333333333,450,9
1788681098,D0,56.55475,450,8
1788681099,D0,56.517875000000004,450,8
1788681100,D0,56.400555555555556,450,9
1788681101,D0,56.516875,450,8
1788681102,D0,56.70088888888889,450,9
1788681103,D0,56.49575,450,8
1788681104,D0,56.317125000000004,450,8
1788681105,D0,56.405375,450,8
1788681106,D0,56.38766666666667,450,9
1788681107,D0,56.29825,450,8
1788681108,D0,56.3925,450,8
1788681109,D0,56.42033333333333,450,9
1788681110,D0,56.48375,450,8
1788681111,D0,56.545875,450,8
1788681112,D0,43.24133333333333,500,9
1788681113,D0,25.774,900,9
1788681114,D0,33.940888888888885,900,9
1788681115,D0,59.614000000000004,900,8
1788681116,D0,60.028125,900,8
1788681117,D0,60.021125,900,8
1788681118,D0,60.06875,900,8
1788681119,D0,60.025875,900,8
1788681120,D0,60.018,900,8
1788681121,D0,60.1205,900,8
1788681122,D0,60.11025,900,8
1788681123,D0,60.080222222222226,900,9
1788681124,D0,60.127,900,8
1788681125,D0,60.147777777777776,900,9
1788681126,D0,60.219125,900,8
1788681127,D0,60.2055,900,8
1788681128,D0,60.251555555555555,900,9
1788681129,D0,58.439750000000004,900,8
1788681130,D0,42.480875,900,8
1788681131,D0,57.95775,900,8
1788681132,D0,60.220625,900,8
1788681133,D0,60.1955,900,8
1788681134,D0,60.170249999999996,900,8
1788681135,D0,60.16133333333333,900,9
1788681136,D0,60.217625,900,8
1788681137,D0,60.18325,900,8
1788681138,D0,60.174625,900,8
1788681139,D0,60.202,900,8
1788681140,D0,60.197625,900,8
1788681141,D0,60.206875,900,8
1788681142,D0,60.233125,900,8
1788681143,D0,60.25425,900,8
1788681144,D0,60.29233333333333,900,9
1788681145,D0,59.2265,900,8
1788681146,D0,43.752,900,9
1788681147,D0,57.682875,900,8
1788681148,D0,60.244125,900,8
1788681149,D0,60.315333333333335,900,9
1788681150,D0,60.29375,900,8
1788681151,D0,60.237,900,8
1788681152,D0,60.24825,900,8
1788681153,D0,60.274,900,8
1788681154,D0,60.22233333333333,900,9
1788681155,D0,60.25725,900,8
1788681156,D0,60.272375000000004,900,8
1788681157,D0,60.272125,900,8
1788681158,D0,60.230666666666664,900,9
1788681159,D0,60.281375,900,8
1788681160,D0,60.220125,900,8
1788681161,D0,59.17766666666667,900,9
1788681162,D0,35.55,983.3333333333334,9
1788681163,D0,25.330222222222222,1050,9
1788681164,D0,43.714125,1050,8
1788681165,D0,61.221333333333334,1050,9
1788681166,D0,61.220124999999996,1050,8
1788681167,D0,61.32111111111111,1050,9
1788681168,D0,61.303,1050,8
1788681169,D0,61.355125,1050,8
1788681170,D0,61.295875,1050,8
1788681171,D0,61.26188888888889,1050,9
1788681172,D0,61.327749999999995,1050,8
1788681173,D0,61.348625,1050,8
1788681174,D0,61.21955555555555,1050,9
1788681175,D0,61.255875,1050,8
1788681176,D0,61.3675,1050,8
1788681177,D0,61.402875,1050,8
1788681178,D0,61.33288888888889,1050,9
1788681179,D0,50.69175,1050,8
1788681180,D0,52.876625,1050,8
1788681181,D0,61.34188888888889,1050,9
1788681182,D0,61.403999999999996,1050,8
1788681183,D0,61.34177777777778,1050,9
1788681184,D0,61.33444444444444,1050,9
1788681185,D0,61.41375,1050,8
1788681186,D0,61.34155555555556,1050,9
1788681187,D0,61.376375,1050,8
1788681188,D0,61.32025,1050,8
1788681189,D0,61.33011111111111,1050,9
1788681190,D0,61.35025,1050,8
1788681191,D0,61.439875,1050,8
1788681192,D0,61.415,1050,8
1788681193,D0,61.3795,1050,8
1788681194,D0,61.03411111111111,1050,9
1788681195,D0,46.2765,1050,8
1788681196,D0,55.87588888888889,1050,9
1788681197,D0,61.456625,1050,8
1788681198,D0,61.417125,1050,8
1788681199,D0,61.43911111111111,1050,9
1788681200,D0,61.407875,1050,8
1788681201,D0,61.43275,1050,8
1788681202,D0,61.458,1050,8
1788681203,D0,61.356625,1050,8
1788681204,D0,61.361666666666665,1050,9
1788681205,D0,61.48625,1050,8
1788681206,D0,61.481625,1050,8
1788681207,D0,61.437444444444445,1050,9
1788681208,D0,61.481875,1050,8
1788681209,D0,61.49777777777778,1050,9
1788681210,D0,58.913875,1050,8
1788681211,D0,34.449,1012.5,8
1788681212,D0,25.78688888888889,975,9
1788681213,D0,44.083375,975,8
1788681214,D0,60.669,975,8
1788681215,D0,60.770375,975,8
1788681216,D0,60.76411111111111,975,9
1788681217,D0,60.798625,975,8
1788681218,D0,60.86233333333333,975,9
1788681219,D0,60.857,975,8
1788681220,D0,60.90825,975,8
1788681221,D0,60.78944444444445,975,9
1788681222,D0,60.73325,975,8
1788681223,D0,60.714999999999996,975,8
1788681224,D0,60.744875,975,8
1788681225,D0,60.76225,975,8
1788681226,D0,60.74625,975,8
1788681227,D0,60.800375,975,8
1788681228,D0,51.59755555555556,975,9
1788681229,D0,47.17375,975,8
1788681230,D0,60.9035,975,8
1788681231,D0,60.92677777777778,975,9
1788681232,D0,60.940375,975,8
1788681233,D0,60.94025,975,8
1788681234,D0,60.928333333333335,975,9
1788681235,D0,60.8695,975,8
1788681236,D0,60.858625,975,8
1788681237,D0,60.784,975,8
1788681238,D0,60.80266666666667,975,9
1788681239,D0,60.855375,975,8
1788681240,D0,60.884875,975,8
1788681241,D0,60.88725,975,8
1788681242,D0,60.86675,975,8
1788681243,D0,60.801875,975,8
1788681244,D0,52.476124999999996,975,8
1788681245,D0,47.72811111111111,975,9
1788681246,D0,60.75575,975,8
1788681247,D0,60.798375,975,8
1788681248,D0,60.831625,975,8
1788681249,D0,60.922375,975,8
1788681250,D0,60.94511111111111,975,9
1788681251,D0,60.963,975,8
1788681252,D0,61.03425,975,8
1788681253,D0,60.949777777777776,975,9
1788681254,D0,60.863125000000004,975,8
1788681255,D0,60.850375,975,8
1788681256,D0,60.791375,975,8
1788681257,D0,60.83433333333333,975,9
1788681258,D0,60.879374999999996,975,8
1788681259,D0,60.88925,975,8
1788681260,D0,51.548625,975,8
1788681261,D0,27.962888888888887,975,9
1788681262,D0,24.042624999999997,975,8
1788681263,D0,23.52225,975,8
1788681264,D0,23.397666666666666,975,9
1788681265,D0,23.306,975,9
1788681266,D0,23.250666666666664,975,9
1788681267,D0,23.278111111111112,975,9
1788681268,D0,23.405,975,10
1788681269,D0,23.477555555555558,975,9
1788681270,D0,23.35322222222222,975,9
1788681271,D0,23.20722222222222,975,9
1788681272,D0,23.148333333333333,975,9
1788681273,D0,23.142125,975,8
1788681274,D0,23.058,975,9
1788681275,D0,23.019125,975,8
1788681276,D0,23.017,975,8
1788681277,D0,22.941555555555556,975,9
1788681278,D0,22.962875,975,8
1788681279,D0,22.936,975,8
1788681280,D0,22.849555555555554,975,9
1788681281,D0,22.87,975,8
1788681282,D0,22.87675,975,8
1788681283,D0,22.79688888888889,975,9
1788681284,D0,22.7695,975,8
1788681285,D0,22.730375000000002,975,8
1788681286,D0,22.63877777777778,975,9
1788681287,D0,22.665625,975,8
1788681288,D0,22.671,975,9
1788681289,D0,22.72877777777778,975,9
1788681290,D0,22.88088888888889,975,9
1788681291,D0,22.899,975,9
1788681292,D0,22.81277777777778,975,9
1788681293,D0,22.758444444444443,975,9
1788681294,D0,22.709444444444443,975,9
1788681295,D0,22.660444444444444,975,9
1788681296,D0,22.65588888888889,975,9
1788681297,D0,22.655125,975,8
1788681298,D0,22.559,975,9
1788681299,D0,22.490125,975,8
1788681300,D0,22.477625,975,8
1788681301,D0,22.439666666666664,975,9
1788681302,D0,22.44322222222222,975,9
1788681303,D0,22.415666666666667,975,9
1788681304,D0,22.368444444444442,975,9
1788681305,D0,22.319444444444443,975,9
1788681306,D0,22.31488888888889,975,9
1788681307,D0,22.343,975,8
1788681308,D0,22.28922222222222,975,9
1788681309,D0,22.4955,975,8
1788681310,D0,22.444222222222223,975,9
1788681311,D0,22.491777777777777,975,9
1788681312,D0,22.59411111111111,975,9
1788681313,D0,22.486888888888892,975,9
1788681314,D0,22.384888888888888,975,9
1788681315,D0,22.245375,975,8
1788681316,D0,22.189666666666664,975,9
1788681317,D0,22.179,975,9
1788681318,D0,22.166555555555554,975,9
1788681319,D0,22.191875000000003,975,8
1788681320,D0,22.196,975,8
1788681321,D0,22.157888888888888,975,9
1788681322,D0,22.16122222222222,975,9
1788681323,D0,22.17722222222222,975,9
1788681324,D0,22.179,975,9
1788681325,D0,22.174555555555553,975,9
1788681326,D0,22.168666666666667,975,9
1788681327,D0,22.173333333333332,975,9
1788681328,D0,22.21666666666667,975,9
1788681329,D0,22.16075,975,8
1788681330,D0,22.096,975,8
1788681331,D0,22.088,975,9
1788681332,D0,22.050375000000003,975,8
1788681333,D0,22.045,975,8
1788681334,D0,22.04111111111111,975,9
1788681335,D0,22.044375000000002,975,8
1788681336,D0,22.015666666666668,975,9
1788681337,D0,22.02622222222222,975,9
1788681338,D0,22.076,975,9
1788681339,D0,22.08111111111111,975,9
1788681340,D0,22.12011111111111,975,9
1788681341,D0,22.125,975,9
1788681342,D0,22.129444444444445,975,9
1788681343,D0,22.230625,975,8
1788681344,D0,22.095000000000002,975,8
1788681345,D0,21.92677777777778,975,9
1788681346,D0,22.11525,975,8
1788681347,D0,22.06975,975,8
1788681348,D0,21.930444444444444,975,9
1788681349,D0,22.107125,975,8
1788681350,D0,22.0275,975,8
1788681351,D0,21.839333333333332,975,9
1788681352,D0,22.094375,975,8
1788681353,D0,22.0275,975,8
1788681354,D0,21.839333333333332,975,9
1788681355,D0,22.094375,975,8
1788681356,D0,21.99075,975,8
1788681357,D0,21.828444444444443,975,9
1788681358,D0,21.812333333333335,975,9
1788681359,D0,21.795222222222222,975,9
1788681360,D0,21.789,975,9
1788681361,D0,21.789,975,9
1788681362,D0,21.789,975,9
1788681363,D0,21.789,975,9
1788681364,D0,21.789,975,9
1788681365,D0,21.922875,975,8
1788681366,D0,21.8615,975,8
1788681367,D0,21.724666666666668,975,9
1788681368,D0,21.998625,975,8
1788681369,D0,21.87375,975,8
1788681370,D0,21.724666666666668,975,9
1788681371,D0,21.9225,975,8
1788681372,D0,21.8351,975,10
1788681373,D0,21.643,975,9
1788681374,D0,21.643,975,9
1788681375,D0,21.638555555555556,975,9
1788681376,D0,21.638,975,9
1788681377,D0,21.63711111111111,975,9
1788681378,D0,21.633444444444443,975,9
1788681379,D0,21.805444444444447,975,9
1788681380,D0,21.957666666666668,975,9
1788681381,D0,21.836625,975,8
1788681382,D0,21.718125,975,8
1788681383,D0,21.704,975,9
1788681384,D0,21.619125,975,8
1788681385,D0,21.649874999999998,975,8
1788681386,D0,21.660444444444444,975,9
1788681387,D0,21.57175,975,8
1788681388,D0,21.559,975,8
1788681389,D0,21.563444444444446,975,9
1788681390,D0,21.809874999999998,975,8
1788681391,D0,21.71966666666667,975,9
1788681392,D0,21.5815,975,8
1788681393,D0,21.605999999999998,975,8
1788681394,D0,21.60811111111111,975,9
1788681395,D0,21.81525,975,8
1788681396,D0,21.715222222222224,975,9
1788681397,D0,21.631444444444444,975,9
1788681398,D0,21.67988888888889,975,9
1788681399,D0,21.68611111111111,975,9
1788681400,D0,21.643333333333334,975,9
1788681401,D0,21.594444444444445,975,9
1788681402,D0,21.59433333333333,975,9
1788681403,D0,21.589666666666666,975,9
1788681404,D0,21.589,975,9
1788681405,D0,21.632555555555555,975,9
1788681406,D0,21.582,975,8
1788681407,D0,21.641375,975,8
1788681408,D0,21.56388888888889,975,9
1788681409,D0,21.436555555555557,975,9
1788681410,D0,21.44066666666667,975,9
1788681411,D0,21.491,975,9
1788681412,D0,21.454125,975,8
1788681413,D0,21.448,975,9
1788681414,D0,21.48611111111111,975,9
1788681415,D0,21.525875,975,8
1788681416,D0,21.518333333333334,975,9
1788681417,D0,21.430125,975,8
1788681418,D0,21.469555555555555,975,9
1788681419,D0,21.576444444444444,975,9
1788681420,D0,21.637,975,9
1788681421,D0,21.72922222222222,975,9
1788681422,D0,21.782666666666668,975,9
1788681423,D0,21.78888888888889,975,9
1788681424,D0,21.61566666666667,975,9
1788681425,D0,21.41622222222222,975,9
1788681426,D0,21.380875,975,8
1788681427,D0,21.413125,975,8
1788681428,D0,21.41711111111111,975,9
1788681429,D0,21.369,975,8
1788681430,D0,21.37788888888889,975,9
1788681431,D0,21.392333333333333,975,9
1788681432,D0,21.39933333333333,975,9
1788681433,D0,21.4,975,9
1788681434,D0,21.4,975,9
1788681435,D0,21.442666666666668,975,9
1788681436,D0,21.491555555555557,975,9
1788681437,D0,21.441,975,8
1788681438,D0,21.419874999999998,975,8
1788681439,D0,21.418,975,9
1788681440,D0,21.375125,975,8
1788681441,D0,21.411875,975,8
1788681442,D0,21.418,975,9
1788681443,D0,21.332250000000002,975,8
1788681444,D0,21.328888888888887,975,9
1788681445,D0,21.386888888888887,975,9
1788681446,D0,21.355777777777778,975,9
1788681447,D0,21.351,975,9
1788681448,D0,21.38922222222222,975,9
1788681449,D0,21.394,975,9
1788681450,D0,21.39933333333333,975,9
1788681451,D0,21.5435,975,8
1788681452,D0,21.47688888888889,975,9
1788681453,D0,21.333875000000003,975,8
1788681454,D0,21.524124999999998,975,8
1788681455,D0,21.46688888888889,975,9
1788681456,D0,21.332625,975,8
1788681457,D0,21.532875,975,8
1788681458,D0,21.47688888888889,975,9
1788681459,D0,21.338250000000002,975,8
1788681460,D0,21.44775,975,8
1788681461,D0,21.509555555555558,975,9
1788681462,D0,21.344375,975,8
1788681463,D0,21.448625,975,8
1788681464,D0,21.423444444444442,975,9
1788681465,D0,21.33088888888889,975,9
1788681466,D0,21.290666666666667,975,9
1788681467,D0,21.256777777777778,975,9
1788681468,D0,21.253,975,9
1788681469,D0,21.295666666666666,975,9
1788681470,D0,21.258333333333333,975,9
1788681471,D0,21.253,975,9
1788681472,D0,21.28275,975,8
1788681473,D0,21.529375,975,8
1788681474,D0,21.43422222222222,975,9
1788681475,D0,21.29025,975,8
1788681476,D0,21.5275,975,8
1788681477,D0,21.43422222222222,975,9
1788681478,D0,21.29025,975,8
1788681479,D0,21.44533333333333,975,9
1788681480,D0,21.39322222222222,975,9
1788681481,D0,21.267555555555557,975,9
1788681482,D0,21.21033333333333,975,9
1788681483,D0,21.247666666666667,975,9
1788681484,D0,21.296555555555557,975,9
1788681485,D0,21.258444444444443,975,9
1788681486,D0,21.253,975,9
1788681487,D0,21.426333333333332,975,9
1788681488,D0,21.578666666666667,975,9
1788681489,D0,21.411250000000003,975,8
1788681490,D0,21.45675,975,8
1788681491,D0,21.390777777777778,975,9
1788681492,D0,21.284125,975,8
1788681493,D0,21.44533333333333,975,9
1788681494,D0,21.33925,975,8
1788681495,D0,21.23525,975,8
1788681496,D0,21.30922222222222,975,9
1788681497,D0,21.273625,975,8
1788681498,D0,21.182125000000003,975,8
1788681499,D0,21.259777777777778,975,9
1788681500,D0,21.313875,975,8
1788681501,D0,21.315555555555555,975,9
1788681502,D0,21.26775,975,8
1788681503,D0,21.223375,975,8
1788681504,D0,21.267777777777777,975,9
1788681505,D0,21.333555555555556,975,9
1788681506,D0,21.343888888888888,975,9
1788681507,D0,21.349666666666664,975,9
1788681508,D0,21.38911111111111,975,9
1788681509,D0,21.35111111111111,975,9
1788681510,D0,21.302333333333333,975,9
1788681511,D0,21.301444444444446,975,9
1788681512,D0,21.34022222222222,975,9
1788681513,D0,21.375222222222224,975,9
1788681514,D0,21.272,975,8
1788681515,D0,21.175,975,8
1788681516,D0,21.217666666666666,975,9
1788681517,D0,21.238,975,9
1788681518,D0,21.204,975,9
1788681519,D0,21.2,975,9
1788681520,D0,21.151,975,9
1788681521,D0,21.102,975,9
1788681522,D0,21.15,975,8
1788681523,D0,21.422,975,9
1788681524,D0,21.315,975,8
1788681525,D0,21.169,975,8
1788681526,D0,21.265,975,9
1788681527,D0,21.472555555555555,975,9
1788681528,D0,21.40988888888889,975,9
1788681529,D0,21.269222222222222,975,9
1788681530,D0,21.166777777777778,975,9
1788681531,D0,21.112444444444442,975,9
1788681532,D0,21.150555555555556,975,9
1788681533,D0,21.199555555555555,975,9
1788681534,D0,21.19,975,8
1788681535,D0,21.134,975,8
1788681536,D0,21.168666666666667,975,9
1788681537,D0,21.223,975,9
1788681538,D0,21.19,975,9
1788681539,D0,21.205,975,9
1788681540,D0,21.156,975,9
1788681541,D0,21.156,975,9
1788681542,D0,21.205,975,8
1788681543,D0,21.20411111111111,975,9
1788681544,D0,21.20488888888889,975,9
1788681545,D0,21.148125,975,8
1788681546,D0,21.170222222222222,975,9
1788681547,D0,21.216874999999998,975,8
1788681548,D0,21.181,975,8
1788681549,D0,21.217666666666666,975,9
1788681550,D0,21.17575,975,8
1788681551,D0,21.08277777777778,975,9
1788681552,D0,21.133333333333333,975,9
1788681553,D0,21.197,975,9
1788681554,D0,21.20488888888889,975,9
1788681555,D0,21.205,975,9
1788681556,D0,21.16144444444444,975,9
1788681557,D0,21.112444444444442,975,9
1788681558,D0,21.149874999999998,975,8
1788681559,D0,21.185750000000002,975,8
1788681560,D0,21.21933333333333,975,9
1788681561,D0,21.223,975,8
1788681562,D0,21.138125000000002,975,8
1788681563,D0,21.16422222222222,975,9
1788681564,D0,21.2075,975,8
1788681565,D0,21.171,975,8
1788681566,D0,21.207666666666668,975,9
1788681567,D0,21.170125000000002,975,8
1788681568,D0,21.07825,975,8
1788681569,D0,21.153111111111112,975,9
1788681570,D0,21.206875,975,8
1788681571,D0,21.171,975,8
1788681572,D0,21.207666666666668,975,9
1788681573,D0,21.182777777777776,975,9
1788681574,D0,21.110555555555557,975,9
1788681575,D0,21.106444444444445,975,9
1788681576,D0,21.107,975,9
1788681577,D0,21.107,975,9
1788681578,D0,21.107,975,9
1788681579,D0,21.107,975,9
1788681580,D0,21.092,975,8
1788681581,D0,21.126,975,9
1788681582,D0,21.223,975,8
1788681583,D0,21.223,975,8
1788681584,D0,21.126,975,9
1788681585,D0,21.121,975,8
1788681586,D0,21.12,975,8
1788681587,D0,21.126,975,9
1788681588,D0,21.141,975,9
1788681589,D0,21.107,975,9
1788681590,D0,21.058,975,9
1788681591,D0,21.01,975,9
1788681592,D0,21.058,975,9
1788681593,D0,21.107,975,9
1788681594,D0,21.107,975,9
1788681595,D0,21.107,975,9
1788681596,D0,21.063444444444443,975,9
1788681597,D0,21.043,975,8
1788681598,D0,21.073222222222224,975,9
1788681599,D0,21.174,975,8
1788681600,D0,21.174,975,8
1788681601,D0,21.08777777777778,975,9
1788681602,D0,21.169,975,8
1788681603,D0,21.169,975,8
1788681604,D0,21.087222222222223,975,9
1788681605,D0,21.169,975,8
1788681606,D0,21.164,975,8
1788681607,D0,21.08222222222222,975,9
1788681608,D0,21.174,975,8
1788681609,D0,21.174,975,9
1788681610,D0,21.174,975,8
1788681611,D0,21.174,975,8
1788681612,D0,21.10111111111111,975,9
1788681613,D0,21.105333333333334,975,9
1788681614,D0,21.107,975,9
1788681615,D0,21.063444444444443,975,9
1788681616,D0,21.015333333333334,975,9
1788681617,D0,21.052666666666667,975,9
1788681618,D0,21.101555555555557,975,9
1788681619,D0,21.107,975,9
1788681620,D0,21.107,975,9
1788681621,D0,21.093874999999997,975,8
1788681622,D0,21.122222222222224,975,9
1788681623,D0,21.121,975,8
1788681624,D0,21.073,975,9
1788681625,D0,21.087,975,9
1788681626,D0,21.102,975,9
1788681627,D0,21.102,975,9
1788681628,D0,21.107,975,9
1788681629,D0,21.107,975,9
1788681630,D0,21.189,975,8
1788681631,D0,21.175874999999998,975,8
1788681632,D0,21.08777777777778,975,9
1788681633,D0,21.126,975,8
1788681634,D0,21.139333333333333,975,9
1788681635,D0,21.06722222222222,975,9
1788681636,D0,21.01088888888889,975,9
1788681637,D0,21.047666666666668,975,9
1788681638,D0,21.10011111111111,975,9
1788681639,D0,21.106,975,9
1788681640,D0,21.10688888888889,975,9
1788681641,D0,21.093,975,8
1788681642,D0,21.078555555555557,975,9
1788681643,D0,21.076125,975,8
1788681644,D0,21.07688888888889,975,9
1788681645,D0,21.089444444444446,975,9
1788681646,D0,21.10522222222222,975,9
1788681647,D0,21.107,975,9
1788681648,D0,21.107,975,9
1788681649,D0,21.107,975,9
1788681650,D0,21.107,975,9
1788681651,D0,21.15,975,8
1788681652,D0,21.13222222222222,975,9
1788681653,D0,21.072,975,8
1788681654,D0,21.077,975,9
1788681655,D0,21.126,975,8
1788681656,D0,21.126,975,8
1788681657,D0,21.028,975,9
1788681658,D0,21.072,975,8
1788681659,D0,21.136,975,9
1788681660,D0,21.107,975,9
1788681661,D0,21.107,975,9
1788681662,D0,21.107,975,9
1788681663,D0,21.107,975,9
1788681664,D0,21.107,975,9
1788681665,D0,21.107,975,9
1788681666,D0,21.359,975,8
1788681667,D0,21.218,975,8
1788681668,D0,21.077,975,9
1788681669,D0,21.272,975,8
1788681670,D0,21.174,975,8
1788681671,D0,21.077,975,9
1788681672,D0,21.262,975,8
1788681673,D0,21.169,975,8
1788681674,D0,21.077,975,9
1788681675,D0,21.126,975,8
1788681676,D0,21.126,975,8
1788681677,D0,21.082444444444445,975,9
1788681678,D0,21.126,975,8
1788681679,D0,21.126,975,8
1788681680,D0,21.082444444444445,975,9
1788681681,D0,21.092,975,9
1788681682,D0,21.107,975,9
1788681683,D0,21.107,975,9
1788681684,D0,21.106,975,9
1788681685,D0,21.058,975,9
1788681686,D0,21.01,975,9
1788681687,D0,21.01,975,9
1788681688,D0,21.369,975,8
1788681689,D0,21.223,975,8
1788681690,D0,21.08788888888889,975,9
1788681691,D0,21.359,975,8
1788681692,D0,21.218,975,8
1788681693,D0,21.04911111111111,975,9
1788681694,D0,21.272,975,8
1788681695,D0,21.155555555555555,975,9
1788681696,D0,21.06722222222222,975,9
1788681697,D0,21.1021,975,10
1788681698,D0,21.107,975,9
1788681699,D0,21.106,975,9
1788681700,D0,21.107,975,9
1788681701,D0,21.058,975,9
1788681702,D0,21.302,975,9
1788681703,D0,21.204,975,9
1788681704,D0,21.086,975,8
1788681705,D0,21.121,975,8
1788681706,D0,21.125444444444444,975,9
1788681707,D0,21.077,975,8
1788681708,D0,21.121,975,8
1788681709,D0,21.077444444444442,975,9
1788681710,D0,21.272,975,8
1788681711,D0,21.18625,975,8
1788681712,D0,21.08777777777778,975,9
1788681713,D0,21.126,975,8
1788681714,D0,21.126,975,9
1788681715,D0,21.077,975,8
1788681716,D0,21.126,975,8
1788681717,D0,21.126,975,9
1788681718,D0,21.077,975,8
1788681719,D0,21.042333333333335,975,9
1788681720,D0,21.051333333333336,975,9
1788681721,D0,21.101,975,9
1788681722,D0,21.107,975,9
1788681723,D0,21.107,975,9
1788681724,D0,21.107,975,9
1788681725,D0,21.107,975,9
1788681726,D0,21.107,975,9
1788681727,D0,21.101666666666667,975,9
1788681728,D0,21.08875,975,8
1788681729,D0,21.072,975,9
1788681730,D0,21.121,975,8
1788681731,D0,21.122222222222224,975,9
1788681732,D0,21.093666666666664,975,9
1788681733,D0,21.10688888888889,975,9
1788681734,D0,21.10066666666667,975,9
1788681735,D0,21.058,975,8
1788681736,D0,21.01,975,9
1788681737,D0,21.005,975,9
1788681738,D0,21.082,975,8
1788681739,D0,21.121,975,9
1788681740,D0,21.126,975,8
1788681741,D0,21.141,975,9
1788681742,D0,21.106,975,9
1788681743,D0,21.107,975,9
1788681744,D0,21.058,975,9
1788681745,D0,21.058,975,9
1788681746,D0,21.102,975,9
1788681747,D0,21.102,975,9
1788681748,D0,21.156,975,8
1788681749,D0,21.141,975,9
1788681750,D0,21.077,975,8
1788681751,D0,21.077,975,8
1788681752,D0,21.077,975,9
1788681753,D0,21.043,975,9
1788681754,D0,21.01,975,9
1788681755,D0,21.009,975,9
1788681756,D0,21.058,975,9
1788681757,D0,21.058,975,9
1788681758,D0,21.058,975,9
1788681759,D0,21.102,975,9
1788681760,D0,21.087,975,8
1788681761,D0,21.125,975,8
1788681762,D0,21.082333333333334,975,9
1788681763,D0,20.98,975,8
1788681764,D0,21.077,975,8
1788681765,D0,21.119666666666667,975,9
1788681766,D0,21.077,975,8
1788681767,D0,21.090333333333334,975,9
1788681768,D0,21.105333333333334,975,9
1788681769,D0,21.107,975,9
1788681770,D0,21.063444444444443,975,9
1788681771,D0,21.014444444444443,975,9
1788681772,D0,21.00988888888889,975,9
1788681773,D0,21.00911111111111,975,9
1788681774,D0,21.087,975,8
1788681775,D0,21.11188888888889,975,9
1788681776,D0,21.072,975,8
1788681777,D0,21.121,975,8
1788681778,D0,21.121,975,9
1788681779,D0,21.028,975,8
1788681780,D0,21.028,975,8
1788681781,D0,21.028,975,9
1788681782,D0,21.028,975,8
1788681783,D0,21.359,975,8
1788681784,D0,21.229222222222223,975,9
1788681785,D0,21.072,975,8
1788681786,D0,21.121,975,8
1788681787,D0,21.116555555555554,975,9
1788681788,D0,21.033,975,9
1788681789,D0,21.005,975,9
1788681790,D0,21.01,975,9
1788681791,D0,21.01,975,9
1788681792,D0,21.01,975,9
1788681793,D0,21.009,975,9
1788681794,D0,21.061777777777777,975,9
1788681795,D0,21.092,975,8
1788681796,D0,21.126,975,8
1788681797,D0,21.115111111111112,975,9
1788681798,D0,21.028,975,8
1788681799,D0,21.272,975,8
1788681800,D0,21.109555555555556,975,9
1788681801,D0,21.018,975,8
1788681802,D0,21.118222222222222,975,9
1788681803,D0,21.12677777777778,975,9
1788681804,D0,21.053,975,9
1788681805,D0,21.004,975,9
1788681806,D0,21.01,975,9
1788681807,D0,21.058,975,9
1788681808,D0,21.253,975,9
1788681809,D0,21.351,975,9
1788681810,D0,21.253,975,9
1788681811,D0,21.197777777777777,975,9
1788681812,D0,21.14,975,8
1788681813,D0,21.077,975,8
1788681814,D0,21.07611111111111,975,9
1788681815,D0,21.077,975,8
1788681816,D0,21.028,975,8
1788681817,D0,20.975,975,9
1788681818,D0,20.975,975,8
1788681819,D0,21.028,975,8
1788681820,D0,21.07611111111111,975,9
1788681821,D0,21.077,975,8
1788681822,D0,21.077,975,8
1788681823,D0,21.077,975,9
1788681824,D0,21.077,975,8
1788681825,D0,21.072,975,8
1788681826,D0,21.023,975,9
1788681827,D0,21.14,975,9
1788681828,D0,21.204,975,9
1788681829,D0,21.302,975,9
1788681830,D0,21.35,975,9
1788681831,D0,21.351,975,9
1788681832,D0,21.351,975,9
1788681833,D0,21.4,975,9
1788681834,D0,21.4,975,9
1788681835,D0,21.4,975,9
1788681836,D0,21.19,975,8
1788681837,D0,21.028,975,9
1788681838,D0,21.028,975,8
1788681839,D0,21.029666666666664,975,9
1788681840,D0,21.044666666666664,975,9
1788681841,D0,21.063444444444443,975,9
1788681842,D0,21.101555555555557,975,9
1788681843,D0,21.052666666666667,975,9
1788681844,D0,21.01,975,8
1788681845,D0,20.995,975,9
1788681846,D0,20.979,975,8
1788681847,D0,21.028,975,8
1788681848,D0,21.077,975,9
1788681849,D0,21.043,975,9
1788681850,D0,21.01,975,9
1788681851,D0,21.01,975,9
1788681852,D0,21.01,975,9
1788681853,D0,21.01,975,9
1788681854,D0,21.01,975,9
1788681855,D0,21.01,975,9
1788681856,D0,21.01,975,8
1788681857,D0,21.092,975,9
1788681858,D0,21.12,975,8
1788681859,D0,21.071,975,8
1788681860,D0,21.136,975,9
1788681861,D0,21.243,975,9
1788681862,D0,21.345,975,9
1788681863,D0,21.394,975,9
1788681864,D0,21.302,975,9
1788681865,D0,21.156,975,9
1788681866,D0,21.01,975,9
1788681867,D0,21.01,975,8
1788681868,D0,21.046777777777777,975,9
1788681869,D0,21.077,975,8
1788681870,D0,21.077,975,8
1788681871,D0,21.077,975,9
1788681872,D0,21.077,975,8
1788681873,D0,21.121,975,8
1788681874,D0,21.067,975,9
1788681875,D0,21.179,975,9
1788681876,D0,21.205,975,9
1788681877,D0,21.107,975,9
1788681878,D0,21.01,975,9
1788681879,D0,21.01,975,9
1788681880,D0,21.01,975,9
1788681881,D0,21.01,975,8
1788681882,D0,21.041333333333334,975,9
1788681883,D0,21.028,975,8
1788681884,D0,21.028,975,9
1788681885,D0,21.028,975,8
1788681886,D0,20.98,975,8
1788681887,D0,21.082333333333334,975,9
1788681888,D0,21.125,975,8
1788681889,D0,21.023,975,8
1788681890,D0,21.077333333333332,975,9
1788681891,D0,21.12,975,8
1788681892,D0,21.067,975,8
1788681893,D0,21.110555555555557,975,9
1788681894,D0,21.067,975,8
1788681895,D0,20.977222222222224,975,9
1788681896,D0,21.002000000000002,975,9
1788681897,D0,21.063444444444443,975,9
1788681898,D0,21.107,975,9
1788681899,D0,21.107,975,9
1788681900,D0,21.107,975,9
1788681901,D0,21.107,975,9
1788681902,D0,21.107,975,8
1788681903,D0,21.133888888888887,975,9
1788681904,D0,21.077,975,8
1788681905,D0,20.98,975,8
1788681906,D0,21.028,975,9
1788681907,D0,21.028,975,8
1788681908,D0,21.032888888888888,975,9
1788681909,D0,21.072,975,8
1788681910,D0,21.033,975,9
1788681911,D0,21.005,975,9
1788681912,D0,21.01,975,9
1788681913,D0,21.01,975,9
1788681914,D0,21.01,975,9
1788681915,D0,21.01,975,9
1788681916,D0,21.01,975,9
1788681917,D0,21.01,975,9
1788681918,D0,21.01,975,9
1788681919,D0,21.01366666666667,975,9
1788681920,D0,21.043,975,8
1788681921,D0,21.028,975,8
1788681922,D0,21.072,975,9
1788681923,D0,21.072,975,8
1788681924,D0,21.027444444444445,975,9
1788681925,D0,21.023,975,8
1788681926,D0,20.969,975,8
1788681927,D0,21.024,975,9
1788681928,D0,21.072,975,8
1788681929,D0,21.077,975,8
1788681930,D0,21.072,975,9
1788681931,D0,21.072,975,8
1788681932,D0,21.028,975,8
1788681933,D0,20.98,975,9
1788681934,D0,20.98,975,8
1788681935,D0,20.99,975,9
1788681936,D0,20.999,975,9
1788681937,D0,21.005,975,9
1788681938,D0,21.01,975,9
1788681939,D0,21.01,975,9
1788681940,D0,21.01,975,9
1788681941,D0,21.01,975,9
1788681942,D0,21.01,975,9
1788681943,D0,21.01,975,9
1788681944,D0,20.995,975,8
1788681945,D0,21.028,975,9
1788681946,D0,21.077,975,8
1788681947,D0,21.077,975,9
1788681948,D0,21.043,975,9
1788681949,D0,21.01,975,9
1788681950,D0,21.01,975,9
1788681951,D0,21.01,975,9
1788681952,D0,21.01366666666667,975,9
1788681953,D0,21.043,975,8
1788681954,D0,21.021375,975,8
1788681955,D0,20.98577777777778,975,9
1788681956,D0,21.0745,975,8
1788681957,D0,21.08233333333333,975,9
1788681958,D0,21.005,975,9
1788681959,D0,21.005555555555556,975,9
1788681960,D0,21.01,975,9
1788681961,D0,21.01,975,9
1788681962,D0,21.00988888888889,975,9
1788681963,D0,21.007444444444445,975,9
1788681964,D0,20.995,975,8
1788681965,D0,20.985333333333333,975,9
1788681966,D0,21.028,975,8
1788681967,D0,21.034555555555553,975,9
1788681968,D0,21.110333333333333,975,9
1788681969,D0,21.297,975,8
1788681970,D0,21.4,975,9
1788681971,D0,21.253,975,9
1788681972,D0,21.058,975,9
1788681973,D0,21.01,975,9
1788681974,D0,21.01,975,9
1788681975,D0,21.00411111111111,975,9
1788681976,D0,21.077,975,8
1788681977,D0,21.077,975,8
1788681978,D0,20.99077777777778,975,9
1788681979,D0,21.083125000000003,975,8
1788681980,D0,21.126,975,8
1788681981,D0,21.077222222222222,975,9
1788681982,D0,21.093555555555554,975,9
1788681983,D0,21.151444444444444,975,9
1788681984,D0,21.20088888888889,975,9
1788681985,D0,21.259333333333334,975,9
1788681986,D0,21.343555555555557,975,9
1788681987,D0,21.292,975,8
1788681988,D0,21.199,975,9
1788681989,D0,21.089444444444446,975,9
1788681990,D0,21.077,975,8
1788681991,D0,21.077,975,8
1788681992,D0,21.066555555555556,975,9
1788681993,D0,21.023,975,8
1788681994,D0,20.98,975,8
1788681995,D0,21.03333333333333,975,9
1788681996,D0,21.076,975,8
1788681997,D0,21.077,975,8
1788681998,D0,21.077,975,9
1788681999,D0,21.077,975,8
1788682000,D0,21.072,975,8
1788682001,D0,21.121555555555556,975,9
1788682002,D0,21.126,975,8
1788682003,D0,21.077,975,9
1788682004,D0,21.03933333333333,975,9
1788682005,D0,21.01,975,9
1788682006,D0,21.01,975,9
1788682007,D0,21.053,975,9
1788682008,D0,21.053,975,9
1788682009,D0,21.053,975,9
1788682010,D0,21.046888888888887,975,9
1788682011,D0,21.038,975,8
1788682012,D0,21.071,975,8
1788682013,D0,21.023,975,9
1788682014,D0,21.023,975,8
1788682015,D0,21.023,975,8
1788682016,D0,20.980333333333334,975,9
1788682017,D0,21.023,975,8
1788682018,D0,21.043,975,9
1788682019,D0,21.01,975,9
1788682020,D0,21.009,975,9
1788682021,D0,21.01,975,9
1788682022,D0,21.01,975,9
1788682023,D0,21.01,975,9
1788682024,D0,21.01,975,9
1788682025,D0,21.01,975,9
1788682026,D0,21.008333333333336,975,9
1788682027,D0,21.00411111111111,975,9
1788682028,D0,21.083125000000003,975,8
1788682029,D0,21.11375,975,8
1788682030,D0,21.033444444444445,975,9
1788682031,D0,21.077,975,8
1788682032,D0,21.070875,975,8
1788682033,D0,21.038777777777778,975,9
1788682034,D0,21.119,975,8
1788682035,D0,21.06475,975,8
1788682036,D0,20.983888888888888,975,9
1788682037,D0,21.023,975,8
1788682038,D0,21.01822222222222,975,9
1788682039,D0,20.986,975,8
1788682040,D0,21.0335,975,8
1788682041,D0,21.071444444444445,975,9
1788682042,D0,21.063375,975,8
1788682043,D0,21.034777777777776,975,9
1788682044,D0,21.00911111111111,975,9
1788682045,D0,21.00988888888889,975,9
1788682046,D0,21.009,975,9
1788682047,D0,21.00911111111111,975,9
1788682048,D0,21.01,975,9
1788682049,D0,21.01,975,9
1788682050,D0,21.01,975,9
1788682051,D0,21.019111111111112,975,9
1788682052,D0,21.096249999999998,975,8
1788682053,D0,21.126,975,8
1788682054,D0,21.024666666666665,975,9
1788682055,D0,21.045555555555556,975,9
1788682056,D0,21.10066666666667,975,9
1788682057,D0,21.058,975,9
1788682058,D0,21.063444444444443,975,9
1788682059,D0,21.11188888888889,975,9
1788682060,D0,21.151,975,8
1788682061,D0,21.080444444444446,975,9
1788682062,D0,21.0335,975,8
1788682063,D0,21.072,975,8
1788682064,D0,21.063777777777776,975,9
1788682065,D0,21.034222222222223,975,9
1788682066,D0,21.00411111111111,975,9
1788682067,D0,21.005555555555556,975,9
1788682068,D0,21.01,975,9
1788682069,D0,21.009333333333334,975,9
1788682070,D0,21.004,975,9
1788682071,D0,21.019222222222222,975,9
1788682072,D0,21.141,975,8
1788682073,D0,21.174,975,8
1788682074,D0,21.077,975,9
1788682075,D0,21.073222222222224,975,9
1788682076,D0,21.03933333333333,975,9
1788682077,D0,21.01,975,9
1788682078,D0,21.01,975,9
1788682079,D0,21.01,975,9
1788682080,D0,21.01,975,9
1788682081,D0,21.01,975,9
1788682082,D0,21.01,975,8
1788682083,D0,21.046777777777777,975,9
1788682084,D0,21.083125000000003,975,8
1788682085,D0,21.126,975,8
1788682086,D0,21.12055555555556,975,9
1788682087,D0,21.083000000000002,975,8
1788682088,D0,21.125,975,8
1788682089,D0,21.116777777777777,975,9
1788682090,D0,21.038777777777778,975,9
1788682091,D0,21.005,975,9
1788682092,D0,21.005555555555556,975,9
1788682093,D0,21.00888888888889,975,9
1788682094,D0,21.005,975,9
1788682095,D0,21.00611111111111,975,9
1788682096,D0,21.014125,975,8
1788682097,D0,21.039666666666665,975,9
1788682098,D0,21.034125,975,8
1788682099,D0,21.083125000000003,975,8
1788682100,D0,21.10311111111111,975,9
1788682101,D0,21.022375,975,8
1788682102,D0,21.018625,975,8
1788682103,D0,21.013444444444445,975,9
1788682104,D0,20.986,975,8
1788682105,D0,21.034125,975,8
1788682106,D0,21.07588888888889,975,9
1788682107,D0,21.078125,975,8
1788682108,D0,21.115499999999997,975,8
1788682109,D0,21.055444444444447,975,9
1788682110,D0,20.992125,975,8
1788682111,D0,21.100333333333335,975,9
1788682112,D0,21.294,975,9
1788682113,D0,21.35,975,9
1788682114,D0,21.35011111111111,975,9
1788682115,D0,21.345555555555556,975,9
1788682116,D0,21.302,975,9
1788682117,D0,21.296555555555557,975,9
1788682118,D0,21.232875,975,8
1788682119,D0,21.084888888888887,975,9
1788682120,D0,21.034125,975,8
1788682121,D0,21.070875,975,8
1788682122,D0,21.027444444444445,975,9
1788682123,D0,21.029125,975,8
1788682124,D0,21.06222222222222,975,9
1788682125,D0,21.023875,975,8
1788682126,D0,20.996666666666666,975,9
1788682127,D0,21.009,975,10
1788682128,D0,21.00488888888889,975,9
1788682129,D0,21.00466666666667,975,9
1788682130,D0,21.01,975,9
1788682131,D0,21.01,975,9
1788682132,D0,21.01,975,9
1788682133,D0,21.01,975,9
1788682134,D0,21.008125,975,8
1788682135,D0,20.99866666666667,975,9
1788682136,D0,21.028,975,8
1788682137,D0,21.022666666666666,975,9
1788682138,D0,20.986,975,8
1788682139,D0,21.034125,975,8
1788682140,D0,21.077,975,9
1788682141,D0,21.083125000000003,975,8
1788682142,D0,21.126,975,8
1788682143,D0,21.115111111111112,975,9
1788682144,D0,21.034125,975,8
1788682145,D0,21.083000000000002,975,8
1788682146,D0,21.11422222222222,975,9
1788682147,D0,21.028,975,8
1788682148,D0,21.028,975,8
1788682149,D0,21.023777777777777,975,9
1788682150,D0,20.991666666666664,975,9
1788682151,D0,21.005444444444443,975,9
1788682152,D0,21.00911111111111,975,9
1788682153,D0,21.01,975,9
1788682154,D0,21.01,975,9
1788682155,D0,21.01,975,9
1788682156,D0,21.01,975,9
1788682157,D0,21.01,975,9
1788682158,D0,21.00888888888889,975,9
1788682159,D0,21.004125000000002,975,8
1788682160,D0,21.033,975,8
1788682161,D0,21.022666666666666,975,9
1788682162,D0,20.98,975,8
1788682163,D0,21.043,975,9
1788682164,D0,21.058,975,9
1788682165,D0,21.058,975,9
1788682166,D0,21.106,975,9
1788682167,D0,21.107,975,9
1788682168,D0,21.099888888888888,975,9
1788682169,D0,21.035125,975,8
1788682170,D0,20.98,975,8
1788682171,D0,20.981666666666666,975,9
1788682172,D0,20.996666666666666,975,9
1788682173,D0,21.00988888888889,975,9
1788682174,D0,21.00911111111111,975,9
1788682175,D0,21.01,975,9
1788682176,D0,21.01,975,9
1788682177,D0,21.01,975,9
1788682178,D0,21.01,975,9
1788682179,D0,21.008750000000003,975,8
1788682180,D0,20.998125,975,8
1788682181,D0,20.983888888888888,975,9
1788682182,D0,20.986,975,8
1788682183,D0,21.031333333333333,975,9
1788682184,D0,21.035666666666668,975,9
1788682185,D0,21.01,975,9
1788682186,D0,21.01,975,9
1788682187,D0,21.01,975,9
1788682188,D0,21.01,975,9
1788682189,D0,21.01,975,9
1788682190,D0,21.014125,975,8
1788682191,D0,21.041125,975,8
1788682192,D0,21.022666666666666,975,9
1788682193,D0,20.992125,975,8
1788682194,D0,21.083000000000002,975,8
1788682195,D0,21.119666666666667,975,9
1788682196,D0,21.083125000000003,975,8
1788682197,D0,21.121666666666666,975,9
1788682198,D0,21.07777777777778,975,9
1788682199,D0,21.00466666666667,975,9
1788682200,D0,21.01,975,9
1788682201,D0,21.01,975,9
1788682202,D0,21.01,975,9
1788682203,D0,21.01,975,9
1788682204,D0,21.014125,975,8
1788682205,D0,21.041333333333334,975,9
1788682206,D0,21.028,975,8
1788682207,D0,21.034125,975,8
1788682208,D0,21.077,975,9
1788682209,D0,21.083125000000003,975,8
1788682210,D0,21.119875,975,8
1788682211,D0,21.066222222222223,975,9
1788682212,D0,20.98,975,8
1788682213,D0,20.98,975,8
1788682214,D0,20.98,975,9
1788682215,D0,20.986,975,8
1788682216,D0,21.034125,975,8
1788682217,D0,21.071555555555555,975,9
1788682218,D0,21.035375,975,8
1788682219,D0,21.10488888888889,975,9
1788682220,D0,21.253444444444444,975,9
1788682221,D0,21.291,975,9
1788682222,D0,21.237555555555556,975,9
1788682223,D0,21.194666666666667,975,9
1788682224,D0,21.200555555555553,975,9
1788682225,D0,21.197888888888887,975,9
1788682226,D0,21.133,975,8
1788682227,D0,21.077,975,9
1788682228,D0,21.083125000000003,975,8
1788682229,D0,21.12055555555556,975,9
1788682230,D0,21.064875,975,8
1788682231,D0,20.986,975,8
1788682232,D0,21.029666666666664,975,9
1788682233,D0,21.03933333333333,975,9
1788682234,D0,21.01,975,9
1788682235,D0,21.01,975,9
1788682236,D0,21.01,975,9
1788682237,D0,21.01,975,9
1788682238,D0,21.01,975,9
1788682239,D0,21.01,975,9
1788682240,D0,21.01,975,9
1788682241,D0,21.01,975,9
1788682242,D0,21.01,975,8
1788682243,D0,20.993333333333336,975,9
1788682244,D0,20.986,975,8
1788682245,D0,21.028,975,9
1788682246,D0,21.021874999999998,975,8
1788682247,D0,20.99125,975,8
1788682248,D0,21.077,975,9
1788682249,D0,21.064875,975,8
1788682250,D0,20.992125,975,8
1788682251,D0,21.077,975,9
1788682252,D0,21.064875,975,8
1788682253,D0,20.986,975,8
1788682254,D0,21.028,975,9
1788682255,D0,21.028,975,8
1788682256,D0,21.028,975,9
1788682257,D0,21.035999999999998,975,8
1788682258,D0,21.104555555555553,975,9
1788682259,D0,21.205,975,9
1788682260,D0,21.205,975,9
1788682261,D0,21.205,975,9
1788682262,D0,21.205,975,9
1788682263,D0,21.199555555555555,975,9
1788682264,D0,21.155444444444445,975,9
1788682265,D0,21.15588888888889,975,9
1788682266,D0,21.183,975,9
1788682267,D0,21.08575,975,8
1788682268,D0,21.077,975,9
1788682269,D0,21.064875,975,8
1788682270,D0,20.983333333333334,975,9
1788682271,D0,20.998333333333335,975,9
1788682272,D0,21.01,975,9
1788682273,D0,21.009777777777778,975,9
1788682274,D0,20.998333333333335,975,9
1788682275,D0,20.959125,975,8
1788682276,D0,20.94977777777778,975,9
1788682277,D0,20.98,975,8
1788682278,D0,20.98,975,9
1788682279,D0,20.981875000000002,975,8
1788682280,D0,20.996666666666666,975,9
1788682281,D0,21.01,975,9
1788682282,D0,21.009444444444444,975,9
1788682283,D0,21.00488888888889,975,9
1788682284,D0,21.00466666666667,975,9
1788682285,D0,21.01,975,9
1788682286,D0,21.008333333333336,975,9
1788682287,D0,20.993125,975,8
1788682288,D0,20.98,975,9
1788682289,D0,20.980625,975,8
1788682290,D0,20.999,975,9
1788682291,D0,21.070888888888888,975,9
1788682292,D0,21.163125,975,8
1788682293,D0,21.259444444444444,975,9
1788682294,D0,21.356444444444442,975,9
1788682295,D0,21.38911111111111,975,9
1788682296,D0,21.285777777777778,975,9
1788682297,D0,21.137999999999998,975,9
1788682298,D0,20.99825,975,8
1788682299,D0,21.028,975,9
1788682300,D0,21.022,975,8
1788682301,D0,20.992125,975,8
1788682302,D0,21.082444444444445,975,9
1788682303,D0,21.11375,975,8
1788682304,D0,21.02911111111111,975,9
1788682305,D0,21.062,975,9
1788682306,D0,21.15688888888889,975,9
1788682307,D0,21.19611111111111,975,9
1788682308,D0,21.210666666666665,975,9
1788682309,D0,21.26025,975,8
1788682310,D0,21.352,975,9
1788682311,D0,21.376666666666665,975,9
1788682312,D0,21.154,975,9
1788682313,D0,21.028,975,8
1788682314,D0,21.022,975,8
1788682315,D0,20.990666666666666,975,9
1788682316,D0,21.028,975,8
1788682317,D0,21.022,975,8
1788682318,D0,20.990666666666666,975,9
1788682319,D0,21.028,975,8
1788682320,D0,21.022,975,8
1788682321,D0,20.98,975,9
1788682322,D0,20.98,975,8
1788682323,D0,20.986,975,8
1788682324,D0,21.038888888888888,975,9
1788682325,D0,21.06475,975,8
1788682326,D0,21.020666666666667,975,9
1788682327,D0,20.998333333333335,975,9
1788682328,D0,21.01,975,9
1788682329,D0,21.01,975,9
1788682330,D0,21.009777777777778,975,9
1788682331,D0,21.009222222222224,975,9
1788682332,D0,21.01,975,9
1788682333,D0,21.008125,975,8
1788682334,D0,20.991666666666667,975,9
1788682335,D0,20.98,975,8
1788682336,D0,20.98,975,8
1788682337,D0,20.979777777777777,975,9
1788682338,D0,20.979125,975,8
1788682339,D0,20.990666666666666,975,9
1788682340,D0,21.029874999999997,975,8
1788682341,D0,21.038777777777778,975,9
1788682342,D0,21.00488888888889,975,9
1788682343,D0,20.999222222222222,975,9
1788682344,D0,20.955555555555556,975,9
1788682345,D0,20.917444444444442,975,9
1788682346,D0,20.970599999999997,975,10
1788682347,D0,21.07188888888889,975,9
1788682348,D0,21.29288888888889,975,9
1788682349,D0,21.276625,975,8
1788682350,D0,21.10522222222222,975,9
1788682351,D0,20.979875,975,8
1788682352,D0,20.979125,975,8
1788682353,D0,20.98,975,9
1788682354,D0,20.98,975,8
1788682355,D0,20.98,975,8
1788682356,D0,20.98,975,9
1788682357,D0,20.98,975,8
1788682358,D0,20.98,975,8
1788682359,D0,20.990666666666666,975,9
1788682360,D0,21.028,975,8
1788682361,D0,21.038888888888888,975,9
1788682362,D0,21.077,975,8
1788682363,D0,21.064875,975,8
1788682364,D0,20.98,975,9
1788682365,D0,21.003777777777778,975,9
1788682366,D0,21.112111111111112,975,9
1788682367,D0,21.2,975,9
1788682368,D0,21.198888888888888,975,9
1788682369,D0,21.19611111111111,975,9
1788682370,D0,21.2,975,9
1788682371,D0,21.198888888888888,975,9
1788682372,D0,21.19611111111111,975,9
1788682373,D0,21.211777777777776,975,9
1788682374,D0,21.238875,975,8
1788682375,D0,21.12,975,8
1788682376,D0,20.990666666666666,975,9
1788682377,D0,21.029874999999997,975,8
1788682378,D0,21.03388888888889,975,9
1788682379,D0,20.960444444444445,975,9
1788682380,D0,20.961444444444442,975,9
1788682381,D0,21.005555555555556,975,9
1788682382,D0,21.00988888888889,975,9
1788682383,D0,21.00725,975,8
1788682384,D0,20.99866666666667,975,9
1788682385,D0,21.028,975,8
1788682386,D0,21.020666666666667,975,9
1788682387,D0,20.998333333333335,975,9
1788682388,D0,21.00888888888889,975,9
1788682389,D0,20.99275,975,8
1788682390,D0,20.95711111111111,975,9
1788682391,D0,20.971888888888888,975,9
1788682392,D0,21.01,975,9
1788682393,D0,21.01,975,9
1788682394,D0,21.028222222222222,975,9
1788682395,D0,21.08825,975,8
1788682396,D0,21.054000000000002,975,8
1788682397,D0,21.006555555555554,975,9
1788682398,D0,21.094,975,9
1788682399,D0,21.117555555555555,975,9
1788682400,D0,21.032555555555557,975,9
1788682401,D0,20.961,975,9
1788682402,D0,20.971888888888888,975,9
1788682403,D0,21.01,975,9
1788682404,D0,21.01,975,8
1788682405,D0,21.017333333333333,975,9
1788682406,D0,21.03925,975,8
1788682407,D0,21.017333333333333,975,9
1788682408,D0,20.992,975,8
1788682409,D0,21.028,975,8
1788682410,D0,21.017333333333333,975,9
1788682411,D0,20.98,975,8
1788682412,D0,20.983333333333334,975,9
1788682413,D0,20.998333333333335,975,9
1788682414,D0,21.01,975,9
1788682415,D0,21.009777777777778,975,9
1788682416,D0,21.009222222222224,975,9
1788682417,D0,21.01,975,9
1788682418,D0,21.01,975,9
1788682419,D0,21.018250000000002,975,8
1788682420,D0,21.041125,975,8
1788682421,D0,21.017333333333333,975,9
1788682422,D0,20.98,975,8
1788682423,D0,20.98,975,8
1788682424,D0,20.990666666666666,975,9
1788682425,D0,21.028,975,8
1788682426,D0,21.022,975,8
1788682427,D0,21.001555555555555,975,9
1788682428,D0,21.077,975,8
1788682429,D0,21.064875,975,8
1788682430,D0,21.001555555555555,975,9
1788682431,D0,21.077,975,8
1788682432,D0,21.064875,975,8
1788682433,D0,20.983333333333334,975,9
1788682434,D0,21.009,975,9
1788682435,D0,21.06888888888889,975,9
1788682436,D0,21.107,975,9
1788682437,D0,21.107,975,9
1788682438,D0,21.107,975,9
1788682439,D0,21.107,975,9
1788682440,D0,21.114555555555555,975,9
1788682441,D0,21.133,975,8
1788682442,D0,21.064875,975,8
1788682443,D0,21.001555555555555,975,9
1788682444,D0,21.077,975,8
1788682445,D0,21.066111111111113,975,9
1788682446,D0,21.028,975,8
1788682447,D0,21.017125,975,8
1788682448,D0,20.942666666666664,975,9
1788682449,D0,20.962,975,9
1788682450,D0,21.01,975,10
1788682451,D0,21.01,975,9
1788682452,D0,21.01,975,9
1788682453,D0,21.01,975,9
1788682454,D0,21.01,975,9
1788682455,D0,21.01,975,9
1788682456,D0,20.993666666666666,975,9
1788682457,D0,20.95725,975,8
1788682458,D0,20.954250000000002,975,8
1788682459,D0,20.980333333333334,975,9
1788682460,D0,20.985,975,8
1788682461,D0,20.98375,975,8
1788682462,D0,20.98,975,9
1788682463,D0,20.992,975,8
1788682464,D0,21.028,975,8
1788682465,D0,21.017333333333333,975,9
1788682466,D0,20.992,975,8
1788682467,D0,21.028,975,8
1788682468,D0,21.017333333333333,975,9
1788682469,D0,20.98,975,8
1788682470,D0,20.98,975,8
1788682471,D0,20.98,975,9
1788682472,D0,20.98375,975,8
1788682473,D0,20.997222222222224,975,9
1788682474,D0,21.005,975,9
1788682475,D0,21.00611111111111,975,9
1788682476,D0,21.01,975,9
1788682477,D0,21.01,975,9
1788682478,D0,21.01,975,9
1788682479,D0,21.01,975,9
1788682480,D0,20.999111111111112,975,9
1788682481,D0,20.957444444444445,975,9
1788682482,D0,20.95375,975,8
1788682483,D0,20.98,975,9
1788682484,D0,20.992,975,8
1788682485,D0,21.073555555555554,975,9
1788682486,D0,21.248333333333335,975,9
1788682487,D0,21.268444444444444,975,9
1788682488,D0,21.118555555555556,975,9
1788682489,D0,21.005,975,9
1788682490,D0,21.001666666666665,975,9
1788682491,D0,21.01175,975,8
1788682492,D0,21.077,975,8
1788682493,D0,21.055444444444447,975,9
1788682494,D0,20.97125,975,8
1788682495,D0,20.948333333333334,975,9
1788682496,D0,20.971111111111114,975,9
1788682497,D0,21.01,975,9
1788682498,D0,21.020666666666667,975,9
1788682499,D0,21.06888888888889,975,9
1788682500,D0,21.107,975,9
1788682501,D0,21.12522222222222,975,9
1788682502,D0,21.173000000000002,975,8
1788682503,D0,21.092777777777776,975,9
1788682504,D0,20.992,975,8
1788682505,D0,21.020444444444443,975,9
1788682506,D0,20.97577777777778,975,9
1788682507,D0,20.912,975,9
1788682508,D0,20.922888888888888,975,9
1788682509,D0,20.971888888888888,975,9
1788682510,D0,21.00888888888889,975,9
1788682511,D0,21.005,975,9
1788682512,D0,21.014499999999998,975,8
1788682513,D0,21.041125,975,8
1788682514,D0,21.01711111111111,975,9
1788682515,D0,20.97925,975,8
1788682516,D0,20.98,975,9
1788682517,D0,20.98,975,8
1788682518,D0,20.98,975,8
1788682519,D0,20.983333333333334,975,9
1788682520,D0,20.998333333333335,975,9
1788682521,D0,21.00888888888889,975,9
1788682522,D0,21.003666666666664,975,9
1788682523,D0,21.000333333333334,975,9
1788682524,D0,21.00611111111111,975,9
1788682525,D0,21.01,975,9
1788682526,D0,21.008125,975,8
1788682527,D0,20.991666666666667,975,9
1788682528,D0,20.992,975,8
1788682529,D0,21.028,975,8
1788682530,D0,21.017333333333333,975,9
1788682531,D0,20.992,975,8
1788682532,D0,21.028,975,8
1788682533,D0,21.017333333333333,975,9
1788682534,D0,21.00425,975,8
1788682535,D0,21.077,975,8
1788682536,D0,21.044666666666668,975,9
1788682537,D0,20.992,975,8
1788682538,D0,21.028,975,8
1788682539,D0,21.012,975,9
1788682540,D0,20.992,975,8
1788682541,D0,21.016666666666666,975,9
1788682542,D0,20.966666666666665,975,9
1788682543,D0,20.92833333333333,975,9
1788682544,D0,20.977,975,9
1788682545,D0,21.009333333333334,975,9
1788682546,D0,21.009666666666668,975,9
1788682547,D0,21.009222222222224,975,9
1788682548,D0,21.00466666666667,975,9
1788682549,D0,20.99025,975,8
1788682550,D0,20.97925,975,8
1788682551,D0,20.979666666666667,975,9
1788682552,D0,20.97925,975,8
1788682553,D0,20.98,975,8
1788682554,D0,20.98,975,9
1788682555,D0,21.008,975,8
1788682556,D0,21.116,975,9
1788682557,D0,21.2,975,9
1788682558,D0,21.20111111111111,975,9
1788682559,D0,21.19411111111111,975,9
1788682560,D0,21.14511111111111,975,9
1788682561,D0,21.105888888888888,975,9
1788682562,D0,21.0873,975,10
1788682563,D0,21.054666666666666,975,9
1788682564,D0,21.058,975,8
1788682565,D0,21.044,975,9
1788682566,D0,21.00325,975,8
1788682567,D0,21.028,975,8
1788682568,D0,21.017333333333333,975,9
1788682569,D0,20.992,975,8
1788682570,D0,21.028,975,8
1788682571,D0,21.01711111111111,975,9
1788682572,D0,21.0035,975,8
1788682573,D0,21.077,975,8
1788682574,D0,21.055444444444447,975,9
1788682575,D0,21.00425,975,8
1788682576,D0,21.077,975,8
1788682577,D0,21.055444444444447,975,9
1788682578,D0,20.992,975,8
1788682579,D0,21.028,975,9
1788682580,D0,21.03175,975,8
1788682581,D0,21.06811111111111,975,9
1788682582,D0,21.165777777777777,975,9
1788682583,D0,21.198888888888888,975,9
1788682584,D0,21.195,975,9
1788682585,D0,21.195,975,9
1788682586,D0,21.19611111111111,975,9
1788682587,D0,21.200888888888887,975,9
1788682588,D0,21.224444444444444,975,9
1788682589,D0,21.27111111111111,975,9
1788682590,D0,21.15725,975,8
1788682591,D0,21.077,975,9
1788682592,D0,21.052750000000003,975,8
1788682593,D0,20.972444444444445,975,9
1788682594,D0,20.938444444444446,975,9
1788682595,D0,20.922666666666665,975,9
1788682596,D0,20.971111111111114,975,9
1788682597,D0,21.01,975,9
1788682598,D0,21.014125,975,8
1788682599,D0,21.039666666666665,975,9
1788682600,D0,21.016,975,8
1788682601,D0,20.979875,975,8
1788682602,D0,20.982555555555557,975,9
1788682603,D0,20.998333333333335,975,9
1788682604,D0,21.01,975,9
1788682605,D0,20.999111111111112,975,9
1788682606,D0,20.944666666666667,975,9
1788682607,D0,20.912,975,9
1788682608,D0,20.92833333333333,975,9
1788682609,D0,20.97233333333333,975,9
1788682610,D0,20.99125,975,8
1788682611,D0,20.992,975,8
1788682612,D0,21.028,975,9
1788682613,D0,21.03175,975,8
1788682614,D0,21.06811111111111,975,9
1788682615,D0,21.177555555555553,975,9
1788682616,D0,21.27477777777778,975,9
1788682617,D0,21.351,975,9
1788682618,D0,21.318555555555555,975,9
1788682619,D0,21.17233333333333,975,9
1788682620,D0,21.03311111111111,975,9
1788682621,D0,20.97875,975,8
1788682622,D0,21.077,975,9
1788682623,D0,21.052750000000003,975,8
1788682624,D0,21.00425,975,8
1788682625,D0,21.077,975,9
1788682626,D0,21.052500000000002,975,8
1788682627,D0,21.000333333333334,975,9
1788682628,D0,21.070999999999998,975,8
1788682629,D0,21.16611111111111,975,9
1788682630,D0,21.215666666666664,975,9
1788682631,D0,21.26388888888889,975,9
1788682632,D0,21.31288888888889,975,9
1788682633,D0,21.318555555555555,975,9
1788682634,D0,21.179888888888886,975,9
1788682635,D0,21.064,975,8
1788682636,D0,20.98,975,9
1788682637,D0,20.98,975,8
1788682638,D0,20.997666666666667,975,9
1788682639,D0,21.033,975,8
1788682640,D0,21.019750000000002,975,8
1788682641,D0,20.98,975,9
1788682642,D0,20.98,975,8
1788682643,D0,20.98,975,8
1788682644,D0,20.996,975,9
1788682645,D0,21.028,975,8
1788682646,D0,21.016,975,8
1788682647,D0,20.98,975,9
1788682648,D0,20.98,975,8
1788682649,D0,20.972444444444445,975,9
1788682650,D0,20.949333333333335,975,9
1788682651,D0,20.971888888888888,975,9
1788682652,D0,21.01,975,9
1788682653,D0,21.01,975,9
1788682654,D0,21.01,975,9
1788682655,D0,21.01,975,9
1788682656,D0,21.00625,975,8
1788682657,D0,20.990000000000002,975,9
1788682658,D0,20.98,975,8
1788682659,D0,20.98,975,8
1788682660,D0,20.98,975,9
1788682661,D0,20.98,975,8
1788682662,D0,20.98,975,8
1788682663,D0,20.983333333333334,975,9
1788682664,D0,20.998333333333335,975,9
1788682665,D0,21.01,975,9
1788682666,D0,21.01,975,9
1788682667,D0,21.01,975,9
1788682668,D0,21.01,975,9
1788682669,D0,21.01,975,9
1788682670,D0,21.01,975,9
1788682671,D0,21.01,975,9
1788682672,D0,21.005000000000003,975,9
1788682673,D0,21.00325,975,8
1788682674,D0,21.028,975,9
1788682675,D0,21.009999999999998,975,8
1788682676,D0,20.98,975,9
1788682677,D0,20.98,975,8
1788682678,D0,20.97975,975,8
1788682679,D0,20.99533333333333,975,9
1788682680,D0,21.028,975,8
1788682681,D0,21.016,975,8
1788682682,D0,20.997666666666667,975,9
1788682683,D0,21.033,975,8
1788682684,D0,21.0195,975,8
1788682685,D0,20.979333333333333,975,9
1788682686,D0,20.981875,975,8
1788682687,D0,20.985,975,8
1788682688,D0,20.97611111111111,975,9
1788682689,D0,20.937666666666665,975,9
1788682690,D0,20.922666666666665,975,9
1788682691,D0,20.971111111111114,975,9
1788682692,D0,21.01,975,9
1788682693,D0,21.01,975,9
1788682694,D0,21.01,975,9
1788682695,D0,21.020666666666667,975,9
1788682696,D0,21.058,975,9
1788682697,D0,21.038666666666668,975,9
1788682698,D0,20.99625,975,8
1788682699,D0,20.98375,975,8
1788682700,D0,20.968666666666667,975,9
1788682701,D0,20.951,975,9
1788682702,D0,20.977333333333334,975,9
1788682703,D0,21.008333333333333,975,9
1788682704,D0,21.005,975,9
1788682705,D0,21.005,975,9
1788682706,D0,21.00125,975,8
1788682707,D0,21.019,975,9
1788682708,D0,21.077,975,8
1788682709,D0,21.0565,975,8
1788682710,D0,20.998333333333335,975,9
1788682711,D0,21.009777777777778,975,9
1788682712,D0,20.998333333333335,975,9
1788682713,D0,20.95011111111111,975,9
1788682714,D0,20.912,975,9
1788682715,D0,20.912,975,9
1788682716,D0,20.922666666666665,975,9
1788682717,D0,21.004,975,9
1788682718,D0,21.08825,975,8
1788682719,D0,21.054000000000002,975,8
1788682720,D0,21.017333333333333,975,9
1788682721,D0,21.085333333333335,975,9
1788682722,D0,21.064666666666668,975,9
1788682723,D0,21.01,975,9
1788682724,D0,21.01,975,8
1788682725,D0,20.993666666666666,975,9
1788682726,D0,20.944666666666667,975,9
1788682727,D0,20.912,975,9
1788682728,D0,20.923333333333332,975,9
1788682729,D0,20.958750000000002,975,8
1788682730,D0,20.98,975,8
1788682731,D0,20.996,975,9
1788682732,D0,21.028,975,8
1788682733,D0,21.016,975,8
1788682734,D0,20.996,975,9
1788682735,D0,21.031333333333333,975,9
1788682736,D0,21.027,975,9
1788682737,D0,20.990333333333332,975,9
1788682738,D0,20.944666666666667,975,9
1788682739,D0,20.912,975,8
1788682740,D0,20.912,975,9
1788682741,D0,20.922888888888888,975,9
1788682742,D0,20.971999999999998,975,9
1788682743,D0,20.988374999999998,975,8
1788682744,D0,20.9805,975,8
1788682745,D0,21.001,975,9
1788682746,D0,21.031125,975,8
1788682747,D0,21.015749999999997,975,8
1788682748,D0,20.99533333333333,975,9
1788682749,D0,21.028,975,8
1788682750,D0,21.016,975,8
1788682751,D0,20.98,975,9
1788682752,D0,20.98,975,8
1788682753,D0,20.98,975,8
1788682754,D0,20.98,975,9
1788682755,D0,20.98,975,8
1788682756,D0,21.017333333333333,975,9
1788682757,D0,21.145666666666667,975,9
1788682758,D0,21.269,975,9
1788682759,D0,21.301333333333332,975,9
1788682760,D0,21.285666666666668,975,9
1788682761,D0,21.236666666666668,975,9
1788682762,D0,21.18766666666667,975,9
1788682763,D0,21.127000000000002,975,8
1788682764,D0,21.022,975,9
1788682765,D0,20.98,975,8
1788682766,D0,20.979666666666667,975,9
1788682767,D0,20.979375,975,8
1788682768,D0,20.98,975,8
1788682769,D0,20.98,975,9
1788682770,D0,20.983375000000002,975,8
1788682771,D0,20.994333333333334,975,9
1788682772,D0,21.022666666666666,975,9
1788682773,D0,21.058,975,9
1788682774,D0,21.047333333333334,975,9
1788682775,D0,20.999111111111112,975,9
1788682776,D0,20.961,975,9
1788682777,D0,20.961,975,9
1788682778,D0,20.95011111111111,975,9
1788682779,D0,20.912,975,9
1788682780,D0,20.955666666666666,975,9
1788682781,D0,21.0515,975,8
1788682782,D0,21.044666666666668,975,9
1788682783,D0,20.998,975,8
1788682784,D0,21.028,975,8
1788682785,D0,21.012,975,9
1788682786,D0,20.998,975,8
1788682787,D0,21.028,975,8
1788682788,D0,21.012,975,9
1788682789,D0,20.98,975,8
1788682790,D0,20.98,975,8
1788682791,D0,21.010666666666665,975,9
1788682792,D0,21.072,975,8
1788682793,D0,21.049,975,8
1788682794,D0,21.012333333333334,975,9
1788682795,D0,21.082,975,9
1788682796,D0,21.064666666666668,975,9
1788682797,D0,21.008333333333333,975,9
1788682798,D0,21.005,975,9
1788682799,D0,21.006666666666668,975,9
1788682800,D0,21.01,975,9
1788682801,D0,21.01,975,9
1788682802,D0,20.993666666666666,975,9
1788682803,D0,20.944666666666667,975,9
1788682804,D0,20.9205,975,8
1788682805,D0,20.954500000000003,975,8
1788682806,D0,20.98,975,9
1788682807,D0,20.9825,975,8
1788682808,D0,21.003999999999998,975,9
1788682809,D0,21.064777777777778,975,9
1788682810,D0,21.10622222222222,975,9
1788682811,D0,21.107,975,9
1788682812,D0,21.105,975,9
1788682813,D0,21.077375,975,8
1788682814,D0,21.034666666666666,975,9
1788682815,D0,21.028,975,8
1788682816,D0,21.009999999999998,975,8
1788682817,D0,20.985,975,9
1788682818,D0,21.0,975,9
1788682819,D0,21.01,975,9
1788682820,D0,21.01,975,9
1788682821,D0,21.01,975,9
1788682822,D0,21.01,975,9
1788682823,D0,21.01,975,9
1788682824,D0,21.037333333333333,975,9
1788682825,D0,21.086375,975,8
1788682826,D0,21.052750000000003,975,8
1788682827,D0,20.996,975,9
1788682828,D0,21.016666666666666,975,9
1788682829,D0,20.983,975,9
1788682830,D0,20.977,975,9
1788682831,D0,21.009333333333334,975,9
1788682832,D0,21.01,975,9
1788682833,D0,21.01,975,9
1788682834,D0,21.01,975,9
1788682835,D0,21.022375,975,8
1788682836,D0,21.03925,975,8
1788682837,D0,21.011666666666667,975,9
1788682838,D0,20.979,975,8
1788682839,D0,20.978,975,8
1788682840,D0,20.973333333333333,975,9
1788682841,D0,20.97,975,8
1788682842,D0,20.976666666666667,975,9
1788682843,D0,20.996333333333332,975,9
1788682844,D0,21.009,975,9
1788682845,D0,21.009333333333334,975,9
1788682846,D0,21.009666666666668,975,9
1788682847,D0,21.009333333333334,975,9
1788682848,D0,21.01,975,9
1788682849,D0,21.00625,975,8
1788682850,D0,20.990000000000002,975,9
1788682851,D0,20.998,975,8
1788682852,D0,21.028,975,8
1788682853,D0,21.012,975,9
1788682854,D0,21.016375,975,8
1788682855,D0,21.077,975,8
1788682856,D0,21.043000000000003,975,9
1788682857,D0,21.009500000000003,975,8
1788682858,D0,21.06825,975,8
1788682859,D0,21.041333333333334,975,9
1788682860,D0,21.016375,975,8
1788682861,D0,21.07575,975,8
1788682862,D0,21.039666666666665,975,9
1788682863,D0,20.994875,975,8
1788682864,D0,21.016666666666666,975,9
1788682865,D0,20.966666666666665,975,9
1788682866,D0,20.91,975,9
1788682867,D0,20.922666666666665,975,9
1788682868,D0,20.974,975,9
1788682869,D0,21.01,975,9
1788682870,D0,21.075,975,9
1788682871,D0,21.17675,975,8
1788682872,D0,21.054666666666666,975,9
1788682873,D0,21.016375,975,8
1788682874,D0,21.077,975,8
1788682875,D0,21.044666666666668,975,9
1788682876,D0,20.998,975,8
1788682877,D0,21.028,975,8
1788682878,D0,21.020666666666667,975,9
1788682879,D0,20.9995,975,10
1788682880,D0,21.01,975,9
1788682881,D0,21.01,975,9
1788682882,D0,21.01,975,9
1788682883,D0,21.01,975,9
1788682884,D0,21.01,975,9
1788682885,D0,21.01,975,9
1788682886,D0,21.01,975,9
1788682887,D0,21.004375000000003,975,8
1788682888,D0,20.988333333333333,975,9
1788682889,D0,20.998,975,8
1788682890,D0,21.028,975,8
1788682891,D0,21.012,975,9
1788682892,D0,21.016375,975,8
1788682893,D0,21.077,975,8
1788682894,D0,21.044666666666668,975,9
1788682895,D0,20.998,975,8
1788682896,D0,21.028,975,9
1788682897,D0,21.009999999999998,975,8
1788682898,D0,20.998,975,8
1788682899,D0,21.028,975,9
1788682900,D0,21.009999999999998,975,8
1788682901,D0,20.98,975,8
1788682902,D0,20.968666666666667,975,9
1788682903,D0,20.93088888888889,975,9
1788682904,D0,20.933777777777777,975,9
1788682905,D0,20.977333333333334,975,9
1788682906,D0,21.01,975,9
1788682907,D0,21.01,975,9
1788682908,D0,21.01,975,9
1788682909,D0,21.01,975,9
1788682910,D0,21.01,975,9
1788682911,D0,21.003333333333334,975,9
1788682912,D0,20.989375000000003,975,8
1788682913,D0,20.98,975,8
1788682914,D0,20.98,975,9
1788682915,D0,20.985625,975,8
1788682916,D0,21.016000000000002,975,9
1788682917,D0,21.074333333333332,975,9
1788682918,D0,21.12333333333333,975,9
1788682919,D0,21.17233333333333,975,9
1788682920,D0,21.232333333333333,975,9
1788682921,D0,21.25875,975,8
1788682922,D0,21.109333333333332,975,9
1788682923,D0,20.998,975,8
1788682924,D0,21.032999999999998,975,9
1788682925,D0,21.032,975,9
1788682926,D0,21.008000000000003,975,9
1788682927,D0,21.004333333333335,975,9
1788682928,D0,21.006666666666668,975,9
1788682929,D0,21.01,975,9
1788682930,D0,21.01,975,9
1788682931,D0,21.006,975,8
1788682932,D0,20.989333333333335,975,9
1788682933,D0,21.016375,975,8
1788682934,D0,21.077,975,8
1788682935,D0,21.031666666666666,975,9
1788682936,D0,20.945666666666664,975,9
1788682937,D0,20.957666666666665,975,9
1788682938,D0,20.961,975,9
1788682939,D0,20.982777777777777,975,9
1788682940,D0,21.01,975,9
1788682941,D0,21.00777777777778,975,9
1788682942,D0,20.999375,975,8
1788682943,D0,20.982888888888887,975,9
1788682944,D0,21.01075,975,8
1788682945,D0,21.073875,975,8
1788682946,D0,21.03388888888889,975,9
1788682947,D0,21.014499999999998,975,8
1788682948,D0,21.072,975,8
1788682949,D0,21.031111111111112,975,9
1788682950,D0,20.986666666666668,975,9
1788682951,D0,21.00166666666667,975,9
1788682952,D0,21.01,975,9
1788682953,D0,21.01,975,9
1788682954,D0,21.01,975,9
1788682955,D0,21.01,975,9
1788682956,D0,21.003333333333334,975,9
1788682957,D0,20.989375000000003,975,8
1788682958,D0,20.998,975,8
1788682959,D0,21.028,975,9
1788682960,D0,21.009999999999998,975,8
1788682961,D0,21.016375,975,8
1788682962,D0,21.077,975,9
1788682963,D0,21.040625000000002,975,8
1788682964,D0,21.016375,975,8
1788682965,D0,21.077,975,9
1788682966,D0,21.040625000000002,975,8
1788682967,D0,20.998,975,8
1788682968,D0,21.028,975,9
1788682969,D0,21.009999999999998,975,8
1788682970,D0,20.998,975,8
1788682971,D0,21.032999999999998,975,9
1788682972,D0,21.032,975,9
1788682973,D0,21.01,975,9
1788682974,D0,21.01,975,9
1788682975,D0,21.01,975,9
1788682976,D0,21.01,975,9
1788682977,D0,21.008333333333333,975,9
1788682978,D0,20.99833333333333,975,9
1788682979,D0,20.98625,975,8
1788682980,D0,20.996125,975,8
1788682981,D0,21.023,975,9
1788682982,D0,21.006875,975,8
1788682983,D0,20.998,975,8
1788682984,D0,21.026333333333334,975,9
1788682985,D0,21.049222222222223,975,9
1788682986,D0,21.13222222222222,975,9
1788682987,D0,21.175444444444445,975,9
1788682988,D0,21.12922222222222,975,9
1788682989,D0,21.102,975,9
1788682990,D0,21.082444444444445,975,9
1788682991,D0,21.042,975,9
1788682992,D0,21.009666666666668,975,9
1788682993,D0,21.009333333333334,975,9
1788682994,D0,21.005000000000003,975,9
1788682995,D0,20.989375000000003,975,8
1788682996,D0,20.992,975,8
1788682997,D0,21.028,975,9
1788682998,D0,21.009999999999998,975,8
1788682999,D0,20.992,975,8
1788683000,D0,21.042333333333332,975,9
1788683001,D0,21.053,975,8
1788683002,D0,21.01225,975,8
1788683003,D0,20.98,975,9
1788683004,D0,21.034375,975,8
1788683005,D0,21.123333333333335,975,9
1788683006,D0,21.065625,975,8
1788683007,D0,21.013250000000003,975,8
1788683008,D0,21.077,975,9
1788683009,D0,21.040625000000002,975,8
1788683010,D0,20.984666666666666,975,9
1788683011,D0,20.999333333333333,975,9
1788683012,D0,21.01,975,9
1788683013,D0,21.01,975,9
1788683014,D0,21.01,975,9
1788683015,D0,21.01,975,9
1788683016,D0,21.01,975,9
1788683017,D0,21.01,975,9
1788683018,D0,21.01,975,9
1788683019,D0,21.04075,975,8
1788683020,D0,21.085333333333335,975,9
1788683021,D0,21.0285,975,8
1788683022,D0,21.029777777777777,975,9
1788683023,D0,21.163555555555554,975,9
1788683024,D0,21.296555555555557,975,9
1788683025,D0,21.372777777777777,975,9
1788683026,D0,21.334666666666667,975,9
1788683027,D0,21.159625000000002,975,8
1788683028,D0,20.976,975,9
1788683029,D0,20.955624999999998,975,8
1788683030,D0,21.00133333333333,975,9
1788683031,D0,21.028,975,8
1788683032,D0,21.013333333333332,975,9
1788683033,D0,21.00166666666667,975,9
1788683034,D0,21.01,975,9
1788683035,D0,21.01,975,9
1788683036,D0,21.01,975,9
1788683037,D0,21.01,975,9
1788683038,D0,21.01,975,9
1788683039,D0,21.02466666666667,975,9
1788683040,D0,21.0355,975,8
1788683041,D0,21.009999999999998,975,8
1788683042,D0,21.00133333333333,975,9
1788683043,D0,21.034666666666666,975,9
1788683044,D0,21.028333333333332,975,9
1788683045,D0,21.01,975,8
1788683046,D0,21.01,975,9
1788683047,D0,20.991666666666667,975,9
1788683048,D0,20.955,975,9
1788683049,D0,20.956666666666667,975,9
1788683050,D0,20.955333333333336,975,9
1788683051,D0,20.958750000000002,975,8
1788683052,D0,21.00133333333333,975,9
1788683053,D0,21.028,975,8
1788683054,D0,21.008125,975,8
1788683055,D0,20.994111111111113,975,9
1788683056,D0,21.019875,975,8
1788683057,D0,21.008333333333333,975,9
1788683058,D0,20.977249999999998,975,8
1788683059,D0,20.941333333333333,975,9
1788683060,D0,20.92833333333333,975,9
1788683061,D0,20.977333333333334,975,9
1788683062,D0,21.01,975,9
1788683063,D0,21.01,975,9
1788683064,D0,21.006666666666668,975,9
1788683065,D0,21.03075,975,8
1788683066,D0,21.096666666666668,975,9
1788683067,D0,21.08925,975,8
1788683068,D0,21.026125,975,8
1788683069,D0,21.021333333333335,975,9
1788683070,D0,21.0,975,8
1788683071,D0,21.00825,975,8
1788683072,D0,21.072,975,9
1788683073,D0,21.035625,975,8
1788683074,D0,21.020333333333333,975,9
1788683075,D0,21.077,975,8
1788683076,D0,21.05675,975,8
1788683077,D0,21.03933333333333,975,9
1788683078,D0,21.0555,975,8
1788683079,D0,21.016666666666666,975,9
1788683080,D0,20.999333333333333,975,9
1788683081,D0,21.01,975,9
1788683082,D0,21.031333333333333,975,9
1788683083,D0,21.079777777777778,975,9
1788683084,D0,21.107,975,9
1788683085,D0,21.08522222222222,975,9
1788683086,D0,21.034375,975,8
1788683087,D0,21.009666666666668,975,9
1788683088,D0,21.028,975,8
1788683089,D0,21.009999999999998,975,8
1788683090,D0,20.98,975,9
1788683091,D0,20.98,975,8
1788683092,D0,20.98,975,8
1788683093,D0,20.986666666666668,975,9
1788683094,D0,21.00166666666667,975,9
1788683095,D0,21.01,975,9
1788683096,D0,21.01,975,9
1788683097,D0,21.00777777777778,975,9
1788683098,D0,21.004555555555555,975,9
1788683099,D0,21.006666666666668,975,9
1788683100,D0,21.01,975,10
1788683101,D0,21.01,975,8
1788683102,D0,21.003333333333334,975,9
1788683103,D0,21.031444444444446,975,9
1788683104,D0,21.077,975,8
1788683105,D0,21.03875,975,8
1788683106,D0,21.01811111111111,975,9
1788683107,D0,21.072,975,8
1788683108,D0,21.035625,975,8
1788683109,D0,21.020333333333333,975,9
1788683110,D0,21.1015,975,8
1788683111,D0,21.08925,975,8
1788683112,D0,21.028,975,9
1788683113,D0,21.0255,975,8
1788683114,D0,21.003125,975,8
1788683115,D0,20.993555555555556,975,9
1788683116,D0,21.0255,975,8
1788683117,D0,21.008125,975,8
1788683118,D0,20.981666666666666,975,9
1788683119,D0,20.996666666666666,975,9
1788683120,D0,21.008333333333333,975,9
1788683121,D0,21.005,975,9
1788683122,D0,21.006666666666668,975,9
1788683123,D0,21.01,975,10
1788683124,D0,21.01,975,9
1788683125,D0,21.01,975,8
1788683126,D0,21.01,975,9
1788683127,D0,21.02466666666667,975,9
1788683128,D0,21.037374999999997,975,8
1788683129,D0,21.009625,975,8
1788683130,D0,20.983888888888888,975,9
1788683131,D0,21.018,975,9
1788683132,D0,21.077,975,9
1788683133,D0,21.107,975,9
1788683134,D0,21.128777777777778,975,9
1788683135,D0,21.177777777777777,975,9
1788683136,D0,21.162625,975,8
1788683137,D0,21.085333333333335,975,9
1788683138,D0,21.077,975,8
1788683139,D0,21.03388888888889,975,9
1788683140,D0,20.985625,975,8
1788683141,D0,21.0,975,9
1788683142,D0,21.01,975,9
1788683143,D0,21.01,975,9
1788683144,D0,21.01,975,9
1788683145,D0,21.01,975,9
1788683146,D0,21.009666666666668,975,9
1788683147,D0,21.04588888888889,975,9
1788683148,D0,21.10475,975,8
1788683149,D0,21.082444444444445,975,9
1788683150,D0,21.028,975,8
1788683151,D0,21.034666666666666,975,9
1788683152,D0,21.028333333333332,975,9
1788683153,D0,21.01,975,9
1788683154,D0,21.01,975,9
1788683155,D0,21.01,975,9
1788683156,D0,21.01,975,9
1788683157,D0,21.01,975,9
1788683158,D0,21.0025,975,8
1788683159,D0,20.9875,975,8
1788683160,D0,21.020888888888887,975,9
1788683161,D0,21.0965,975,8
1788683162,D0,21.0745,975,8
1788683163,D0,21.049777777777777,975,9
1788683164,D0,21.1015,975,8
1788683165,D0,21.067333333333334,975,9
1788683166,D0,20.97888888888889,975,9
1788683167,D0,20.982222222222223,975,9
1788683168,D0,21.009555555555558,975,9
1788683169,D0,21.009444444444444,975,9
1788683170,D0,21.01,975,9
1788683171,D0,21.01,975,9
1788683172,D0,21.0025,975,8
1788683173,D0,20.988333333333333,975,9
1788683174,D0,21.003999999999998,975,8
1788683175,D0,21.028,975,8
1788683176,D0,21.00622222222222,975,9
1788683177,D0,20.977,975,8
1788683178,D0,20.975,975,8
1788683179,D0,20.977222222222224,975,9
1788683180,D0,21.003999999999998,975,8
1788683181,D0,21.028,975,8
1788683182,D0,21.00622222222222,975,9
1788683183,D0,21.0035,975,8
1788683184,D0,21.052500000000002,975,8
1788683185,D0,21.055222222222223,975,9
1788683186,D0,21.0035,975,8
1788683187,D0,20.964333333333332,975,9
1788683188,D0,20.952666666666666,975,9
1788683189,D0,20.982777777777777,975,9
1788683190,D0,21.01,975,9
1788683191,D0,21.01,975,9
1788683192,D0,21.01,975,9
1788683193,D0,21.031333333333333,975,9
1788683194,D0,21.052374999999998,975,8
1788683195,D0,21.015,975,9
1788683196,D0,20.98,975,8
1788683197,D0,20.98,975,8
1788683198,D0,20.999111111111112,975,9
1788683199,D0,21.023,975,8
1788683200,D0,21.003888888888888,975,9
1788683201,D0,20.986666666666668,975,9
1788683202,D0,21.00166666666667,975,9
1788683203,D0,21.01,975,9
1788683204,D0,21.01,975,9
1788683205,D0,21.01,975,9
1788683206,D0,21.009555555555558,975,9
1788683207,D0,21.006777777777778,975,9
1788683208,D0,21.002222222222223,975,9
1788683209,D0,21.002222222222223,975,9
1788683210,D0,21.000555555555554,975,9
1788683211,D0,21.0335,975,8
1788683212,D0,21.072,975,8
1788683213,D0,21.031111111111112,975,9
1788683214,D0,21.0015,975,8
1788683215,D0,21.021125,975,8
1788683216,D0,20.996666666666666,975,9
1788683217,D0,20.97,975,8
1788683218,D0,20.971875,975,8
1788683219,D0,20.977222222222224,975,9
1788683220,D0,20.996125,975,8
1788683221,D0,21.023,975,8
1788683222,D0,21.003888888888888,975,9
1788683223,D0,20.998,975,8
1788683224,D0,21.028,975,8
1788683225,D0,21.004444444444445,975,9
1788683226,D0,20.957666666666668,975,9
1788683227,D0,20.91711111111111,975,9
1788683228,D0,20.902,975,9
1788683229,D0,20.929222222222222,975,9
1788683230,D0,20.980999999999998,975,9
1788683231,D0,21.00777777777778,975,9
1788683232,D0,21.01,975,9
1788683233,D0,21.01,975,9
1788683234,D0,21.01,975,9
1788683235,D0,21.024,975,8
1788683236,D0,21.0305,975,8
1788683237,D0,21.00166666666667,975,9
1788683238,D0,20.98,975,8
1788683239,D0,20.99388888888889,975,9
1788683240,D0,21.028555555555556,975,9
1788683241,D0,21.079777777777778,975,9
1788683242,D0,21.107,975,9
1788683243,D0,21.104333333333333,975,9
1788683244,D0,21.073,975,9
1788683245,D0,21.0575,975,8
1788683246,D0,21.077,975,8
1788683247,D0,21.03388888888889,975,9
1788683248,D0,20.960555555555555,975,9
1788683249,D0,20.926111111111112,975,9
1788683250,D0,20.938222222222223,975,9
1788683251,D0,20.98777777777778,975,9
1788683252,D0,21.01,975,9
1788683253,D0,21.01,975,9
1788683254,D0,21.01,975,9
1788683255,D0,21.0265,975,8
1788683256,D0,21.0355,975,8
1788683257,D0,21.006666666666668,975,9
1788683258,D0,20.98,975,8
1788683259,D0,20.986666666666668,975,9
1788683260,D0,20.97988888888889,975,9
1788683261,D0,20.961,975,9
1788683262,D0,20.980555555555554,975,9
1788683263,D0,21.002777777777776,975,9
1788683264,D0,21.00177777777778,975,9
1788683265,D0,21.004444444444445,975,9
1788683266,D0,20.999375,975,8
1788683267,D0,20.983333333333334,975,9
1788683268,D0,21.0235,975,8
1788683269,D0,21.073875,975,8
1788683270,D0,21.03388888888889,975,9
1788683271,D0,21.0285,975,8
1788683272,D0,21.077,975,8
1788683273,D0,21.038333333333334,975,9
1788683274,D0,20.996666666666666,975,9
1788683275,D0,21.00722222222222,975,9
1788683276,D0,21.01,975,9
1788683277,D0,21.01,975,9
1788683278,D0,21.01,975,9
1788683279,D0,21.01,975,9
1788683280,D0,21.004,975,8
1788683281,D0,20.985555555555557,975,9
1788683282,D0,21.0235,975,8
1788683283,D0,21.090374999999998,975,8
1788683284,D0,21.077444444444442,975,9
1788683285,D0,21.0475,975,8
1788683286,D0,21.09,975,8
1788683287,D0,21.07911111111111,975,9
1788683288,D0,21.052500000000002,975,8
1788683289,D0,21.077,975,8
1788683290,D0,21.03388888888889,975,9
1788683291,D0,21.0285,975,8
1788683292,D0,21.075125,975,8
1788683293,D0,21.02888888888889,975,9
1788683294,D0,21.0235,975,8
1788683295,D0,21.078666666666667,975,9
1788683296,D0,21.139444444444443,975,9
1788683297,D0,21.22411111111111,975,9
1788683298,D0,21.288888888888888,975,9
1788683299,D0,21.361777777777778,975,9
1788683300,D0,21.35033333333333,975,9
1788683301,D0,21.316666666666666,975,9
1788683302,D0,21.2545,975,8
1788683303,D0,21.066222222222223,975,9
1788683304,D0,21.0285,975,8
1788683305,D0,21.1015,975,8
1788683306,D0,21.06877777777778,975,9
1788683307,D0,21.0475,975,8
1788683308,D0,21.072,975,9
1788683309,D0,21.05311111111111,975,9
1788683310,D0,21.076333333333334,975,9
1788683311,D0,21.077,975,9
1788683312,D0,21.026333333333334,975,9
1788683313,D0,21.00777777777778,975,9
1788683314,D0,21.01,975,9
1788683315,D0,21.01,975,9
1788683316,D0,21.01,975,9
1788683317,D0,21.009444444444444,975,9
1788683318,D0,21.026,975,8
1788683319,D0,21.034666666666666,975,9
1788683320,D0,21.003999999999998,975,8
1788683321,D0,20.9775,975,8
1788683322,D0,20.974444444444444,975,9
1788683323,D0,20.977,975,8
1788683324,D0,20.98,975,8
1788683325,D0,20.98,975,9
1788683326,D0,20.977,975,8
1788683327,D0,20.9985,975,8
1788683328,D0,21.044777777777778,975,9
1788683329,D0,21.045,975,8
1788683330,D0,21.018,975,8
1788683331,D0,21.018,975,9
1788683332,D0,20.994,975,8
1788683333,D0,20.97833333333333,975,9
1788683334,D0,20.99611111111111,975,9
1788683335,D0,21.00777777777778,975,9
1788683336,D0,21.006666666666668,975,9
1788683337,D0,21.004555555555555,975,9
1788683338,D0,21.00722222222222,975,9
1788683339,D0,21.009555555555558,975,9
1788683340,D0,21.03666666666667,975,9
1788683341,D0,21.08522222222222,975,9
1788683342,D0,21.099,975,8
1788683343,D0,21.063,975,9
1788683344,D0,21.003999999999998,975,8
1788683345,D0,20.98,975,9
1788683346,D0,21.058,975,8
1788683347,D0,21.164,975,9
1788683348,D0,21.134111111111114,975,9
1788683349,D0,21.031666666666666,975,9
1788683350,D0,21.00722222222222,975,9
1788683351,D0,21.02466666666667,975,9
1788683352,D0,21.0845,975,8
1788683353,D0,21.104222222222223,975,9
1788683354,D0,21.0285,975,8
1788683355,D0,20.984444444444446,975,9
1788683356,D0,20.994444444444444,975,9
1788683357,D0,21.023555555555557,975,9
1788683358,D0,21.077,975,9
1788683359,D0,21.107,975,9
1788683360,D0,21.107,975,9
1788683361,D0,21.107,975,9
1788683362,D0,21.148,975,8
1788683363,D0,21.161,975,9
1788683364,D0,21.053,975,8
1788683365,D0,21.0285,975,8
1788683366,D0,21.083666666666666,975,9
1788683367,D0,21.04588888888889,975,9
1788683368,D0,21.009,975,9
1788683369,D0,21.009555555555558,975,9
1788683370,D0,21.01,975,9
1788683371,D0,21.01,975,9
1788683372,D0,21.009444444444444,975,9
1788683373,D0,21.026,975,8
1788683374,D0,21.034666666666666,975,9
1788683375,D0,21.003999999999998,975,8
1788683376,D0,20.98,975,8
1788683377,D0,21.006666666666668,975,9
1788683378,D0,21.028,975,8
1788683379,D0,21.028,975,8
1788683380,D0,21.025222222222222,975,9
1788683381,D0,21.004666666666665,975,9
1788683382,D0,21.00111111111111,975,9
1788683383,D0,21.01,975,9
1788683384,D0,21.01,975,9
1788683385,D0,21.01,975,9
1788683386,D0,21.01,975,9
1788683387,D0,21.028333333333332,975,9
1788683388,D0,21.0355,975,8
1788683389,D0,21.052500000000002,975,8
1788683390,D0,21.077,975,9
1788683391,D0,21.028,975,8
1788683392,D0,21.028,975,8
1788683393,D0,21.077,975,9
1788683394,D0,21.0285,975,8
1788683395,D0,21.026,975,8
1788683396,D0,21.069222222222223,975,9
1788683397,D0,21.0425,975,8
1788683398,D0,21.067,975,8
1788683399,D0,21.115444444444442,975,9
1788683400,D0,21.0935,975,8
1788683401,D0,21.0965,975,8
1788683402,D0,21.105888888888888,975,9
1788683403,D0,21.031,975,9
1788683404,D0,20.961,975,9
1788683405,D0,20.982777777777777,975,9
1788683406,D0,21.01,975,9
1788683407,D0,21.01,975,9
1788683408,D0,21.01,975,9
1788683409,D0,21.003333333333334,975,9
1788683410,D0,20.9875,975,8
1788683411,D0,21.003888888888888,975,9
1788683412,D0,21.023,975,8
1788683413,D0,21.0015,975,8
1788683414,D0,20.977222222222224,975,9
1788683415,D0,20.975,975,8
1788683416,D0,21.09111111111111,975,9
1788683417,D0,21.273444444444443,975,9
1788683418,D0,21.31833333333333,975,9
1788683419,D0,21.267,975,9
1788683420,D0,21.191888888888887,975,9
1788683421,D0,21.126555555555555,975,9
1788683422,D0,21.107,975,9
1788683423,D0,21.08522222222222,975,9
1788683424,D0,21.03666666666667,975,9
1788683425,D0,21.01,975,9
1788683426,D0,21.0025,975,8
1788683427,D0,21.0335,975,8
1788683428,D0,21.072,975,9
1788683429,D0,21.0235,975,8
1788683430,D0,21.021,975,8
1788683431,D0,21.067,975,9
1788683432,D0,21.021,975,8
1788683433,D0,21.0235,975,8
1788683434,D0,21.069777777777777,975,9
1788683435,D0,21.021,975,8
1788683436,D0,21.026000000000003,975,8
1788683437,D0,21.077,975,9
1788683438,D0,21.052500000000002,975,8
1788683439,D0,21.0985,975,8
1788683440,D0,21.147666666666666,975,9
1788683441,D0,21.10211111111111,975,9
1788683442,D0,21.176444444444446,975,9
1788683443,D0,21.250222222222224,975,9
1788683444,D0,21.226333333333333,975,9
1788683445,D0,21.205,975,9
1788683446,D0,21.205,975,9
1788683447,D0,21.205,975,9
1788683448,D0,21.231666666666666,975,9
1788683449,D0,21.30688888888889,975,9
1788683450,D0,21.25,975,8
1788683451,D0,21.131,975,8
1788683452,D0,21.09922222222222,975,9
1788683453,D0,21.05975,975,8
1788683454,D0,20.977444444444444,975,9
1788683455,D0,20.949333333333332,975,9
1788683456,D0,20.980444444444444,975,9
1788683457,D0,21.002777777777776,975,9
1788683458,D0,21.00722222222222,975,9
1788683459,D0,21.02788888888889,975,9
1788683460,D0,21.06425,975,8
1788683461,D0,21.052500000000002,975,8
1788683462,D0,21.028,975,9
1788683463,D0,21.117444444444445,975,9
1788683464,D0,21.170666666666666,975,9
1788683465,D0,21.07488888888889,975,9
1788683466,D0,21.01,975,9
1788683467,D0,21.01,975,9
1788683468,D0,21.01,975,9
1788683469,D0,21.01,975,9
1788683470,D0,21.000625,975,8
1788683471,D0,20.9875,975,8
1788683472,D0,21.006666666666668,975,9
1788683473,D0,21.028,975,8
1788683474,D0,21.009666666666668,975,9
1788683475,D0,21.027222222222225,975,9
1788683476,D0,21.107444444444443,975,9
1788683477,D0,21.207666666666668,975,9
1788683478,D0,21.304111111111112,975,9
1788683479,D0,21.37222222222222,975,9
1788683480,D0,21.288999999999998,975,9
1788683481,D0,21.1485,975,8
1788683482,D0,21.036,975,8
1788683483,D0,21.006666666666668,975,9
1788683484,D0,21.028,975,8
1788683485,D0,21.003999999999998,975,8
1788683486,D0,20.98,975,9
1788683487,D0,20.98,975,8
1788683488,D0,21.06888888888889,975,9
1788683489,D0,21.25722222222222,975,9
1788683490,D0,21.296555555555557,975,9
1788683491,D0,21.14188888888889,975,9
1788683492,D0,21.026333333333334,975,9
1788683493,D0,21.00722222222222,975,9
1788683494,D0,21.009555555555558,975,9
1788683495,D0,21.0025,975,8
1788683496,D0,20.9875,975,8
1788683497,D0,20.98,975,9
1788683498,D0,20.977,975,8
1788683499,D0,20.9985,975,8
1788683500,D0,21.047,975,9
1788683501,D0,21.077,975,8
1788683502,D0,21.0745,975,8
1788683503,D0,21.072,975,9
1788683504,D0,21.049999999999997,975,8
1788683505,D0,21.003999999999998,975,8
1788683506,D0,20.98,975,9
1788683507,D0,20.98,975,8
1788683508,D0,20.9795,975,8
1788683509,D0,21.000777777777778,975,9
1788683510,D0,21.087999999999997,975,9
1788683511,D0,21.144333333333332,975,9
1788683512,D0,21.153777777777776,975,9
1788683513,D0,21.156,975,9
1788683514,D0,21.128777777777778,975,9
1788683515,D0,21.107,975,9
1788683516,D0,21.098666666666666,975,9
1788683517,D0,21.052,975,8
1788683518,D0,20.998555555555555,975,9
1788683519,D0,21.001875000000002,975,8
1788683520,D0,21.021125,975,8
1788683521,D0,20.999111111111112,975,9
1788683522,D0,21.006875,975,8
1788683523,D0,21.023,975,9
1788683524,D0,21.000999999999998,975,9
1788683525,D0,21.0,975,9
1788683526,D0,21.008333333333333,975,9
1788683527,D0,21.006666666666668,975,9
1788683528,D0,21.005,975,9
1788683529,D0,21.00777777777778,975,9
1788683530,D0,21.01,975,9
1788683531,D0,21.01,975,9
1788683532,D0,21.01,975,9
1788683533,D0,20.9975,975,8
1788683534,D0,20.981666666666666,975,9
1788683535,D0,20.978125000000002,975,8
1788683536,D0,20.98,975,8
1788683537,D0,20.979444444444443,975,9
1788683538,D0,21.009625,975,8
1788683539,D0,21.058625,975,8
1788683540,D0,21.049777777777777,975,9
1788683541,D0,21.024874999999998,975,8
1788683542,D0,21.053625,975,8
1788683543,D0,21.047555555555554,975,9
1788683544,D0,20.998,975,8
1788683545,D0,20.98,975,8
1788683546,D0,20.98,975,9
1788683547,D0,21.009999999999998,975,8
1788683548,D0,21.033555555555555,975,9
1788683549,D0,21.019666666666666,975,9
1788683550,D0,21.00777777777778,975,9
1788683551,D0,21.01,975,9
1788683552,D0,21.01,975,9
1788683553,D0,21.01,975,9
1788683554,D0,21.01,975,9
1788683555,D0,21.009444444444444,975,9
1788683556,D0,21.009555555555558,975,9
1788683557,D0,21.0025,975,8
1788683558,D0,21.010555555555555,975,9
1788683559,D0,21.053625,975,8
1788683560,D0,21.049999999999997,975,8
1788683561,D0,21.060777777777776,975,9
1788683562,D0,21.173666666666666,975,9
1788683563,D0,21.270222222222223,975,9
1788683564,D0,21.292,975,9
1788683565,D0,21.322,975,9
1788683566,D0,21.267666666666667,975,9
1788683567,D0,21.1,975,8
1788683568,D0,20.9875,975,8
1788683569,D0,21.031111111111112,975,9
1788683570,D0,21.080333333333332,975,9
1788683571,D0,21.044222222222224,975,9
1788683572,D0,21.01,975,9
1788683573,D0,21.01,975,9
1788683574,D0,21.01,975,9
1788683575,D0,21.01,975,9
1788683576,D0,21.009500000000003,975,8
1788683577,D0,21.009444444444444,975,9
1788683578,D0,21.00166666666667,975,9
1788683579,D0,21.076875,975,8
1788683580,D0,21.15,975,8
1788683581,D0,21.098444444444443,975,9
1788683582,D0,21.019666666666666,975,9
1788683583,D0,21.00777777777778,975,9
1788683584,D0,21.009444444444444,975,9
1788683585,D0,21.009666666666668,975,9
1788683586,D0,21.01,975,9
1788683587,D0,21.01,975,9
1788683588,D0,21.00375,975,8
1788683589,D0,20.991666666666667,975,9
1788683590,D0,21.011875,975,8
1788683591,D0,21.058625,975,8
1788683592,D0,21.077,975,9
1788683593,D0,21.077,975,8
1788683594,D0,21.046375,975,8
1788683595,D0,21.00133333333333,975,9
1788683596,D0,20.989333333333335,975,9
1788683597,D0,21.00466666666667,975,9
1788683598,D0,21.009333333333334,975,9
1788683599,D0,21.006333333333334,975,9
1788683600,D0,21.005,975,9
1788683601,D0,21.040333333333333,975,9
1788683602,D0,21.054875,975,8
1788683603,D0,21.04188888888889,975,9
1788683604,D0,21.02675,975,8
1788683605,D0,20.996125,975,8
1788683606,D0,20.98,975,9
1788683607,D0,20.98,975,8
1788683608,D0,20.98,975,9
1788683609,D0,21.070625,975,8
1788683610,D0,21.155625,975,8
1788683611,D0,21.11733333333333,975,9
1788683612,D0,21.132625,975,8
1788683613,D0,21.172125,975,8
1788683614,D0,21.092888888888886,975,9
1788683615,D0,21.058625,975,8
1788683616,D0,21.077,975,8
1788683617,D0,21.13977777777778,975,9
1788683618,D0,21.27888888888889,975,9
1788683619,D0,21.34722222222222,975,9
1788683620,D0,21.36888888888889,975,9
1788683621,D0,21.388555555555556,975,9
1788683622,D0,21.364555555555555,975,9
1788683623,D0,21.32111111111111,975,9
1788683624,D0,21.212,975,9
1788683625,D0,21.04,975,8
1788683626,D0,20.98,975,8
1788683627,D0,20.98,975,9
1788683628,D0,21.009999999999998,975,8
1788683629,D0,21.055222222222223,975,9
1788683630,D0,21.137625,975,8
1788683631,D0,21.15288888888889,975,9
1788683632,D0,21.060444444444443,975,9
1788683633,D0,21.002777777777776,975,9
1788683634,D0,21.00777777777778,975,9
1788683635,D0,21.00722222222222,975,9
1788683636,D0,21.004444444444445,975,9
1788683637,D0,21.007333333333335,975,9
1788683638,D0,21.01,975,9
1788683639,D0,21.009444444444444,975,9
1788683640,D0,21.009555555555558,975,9
1788683641,D0,21.030625,975,8
1788683642,D0,21.06188888888889,975,9
1788683643,D0,21.077,975,8
1788683644,D0,21.046375,975,8
1788683645,D0,21.00133333333333,975,9
1788683646,D0,20.98,975,8
1788683647,D0,21.006875,975,8
1788683648,D0,21.020222222222223,975,9
1788683649,D0,21.021125,975,8
1788683650,D0,21.05675,975,8
1788683651,D0,21.077,975,9
1788683652,D0,21.077,975,8
1788683653,D0,21.077,975,8
1788683654,D0,21.049777777777777,975,9
1788683655,D0,21.058625,975,8
1788683656,D0,21.085333333333335,975,9
1788683657,D0,21.046444444444443,975,9
1788683658,D0,21.01,975,9
1788683659,D0,21.00722222222222,975,9
1788683660,D0,21.001666666666665,975,9
1788683661,D0,21.003333333333334,975,9
1788683662,D0,21.008333333333333,975,9
1788683663,D0,21.01,975,9
1788683664,D0,21.01,975,9
1788683665,D0,20.9975,975,8
1788683666,D0,20.98,975,9
1788683667,D0,21.069375,975,8
1788683668,D0,21.126,975,9
1788683669,D0,21.070666666666668,975,9
1788683670,D0,21.085666666666665,975,9
1788683671,D0,21.107,975,9
1788683672,D0,21.107,975,9
1788683673,D0,21.107,975,9
1788683674,D0,21.067,975,8
1788683675,D0,21.000500000000002,975,8
1788683676,D0,20.975,975,9
1788683677,D0,20.975,975,8
1788683678,D0,20.981666666666666,975,9
1788683679,D0,20.994333333333334,975,9
1788683680,D0,21.003,975,9
1788683681,D0,21.008333333333333,975,9
1788683682,D0,21.01,975,9
1788683683,D0,21.01,975,9
1788683684,D0,21.009333333333334,975,9
1788683685,D0,21.00025,975,8
1788683686,D0,20.986666666666668,975,9
1788683687,D0,21.070625,975,8
1788683688,D0,21.125625,975,8
1788683689,D0,21.053222222222225,975,9
1788683690,D0,21.003333333333334,975,9
1788683691,D0,21.01,975,9
1788683692,D0,21.01,975,9
1788683693,D0,21.01,975,9
1788683694,D0,21.01,975,9
1788683695,D0,21.01,975,9
1788683696,D0,21.00111111111111,975,9
1788683697,D0,20.98525,975,8
1788683698,D0,21.006875,975,8
1788683699,D0,21.023,975,9
1788683700,D0,21.026125,975,8
1788683701,D0,21.058,975,8
1788683702,D0,21.046555555555557,975,9
1788683703,D0,20.99925,975,8
1788683704,D0,20.995555555555555,975,9
1788683705,D0,21.007333333333335,975,9
1788683706,D0,21.00722222222222,975,9
1788683707,D0,21.005,975,9
1788683708,D0,21.00777777777778,975,9
1788683709,D0,21.01,975,9
1788683710,D0,21.028333333333332,975,9
1788683711,D0,21.06425,975,8
1788683712,D0,21.077,975,8
1788683713,D0,21.049777777777777,975,9
1788683714,D0,21.028,975,8
1788683715,D0,21.028,975,8
1788683716,D0,21.00133333333333,975,9
1788683717,D0,20.98,975,8
1788683718,D0,21.009999999999998,975,8
1788683719,D0,21.055222222222223,975,9
1788683720,D0,21.073875,975,8
1788683721,D0,21.071375,975,8
1788683722,D0,21.071555555555555,975,9
1788683723,D0,21.041375,975,8
1788683724,D0,21.025777777777776,975,9
1788683725,D0,21.13533333333333,975,9
1788683726,D0,21.264333333333333,975,9
1788683727,D0,21.302,975,9
1788683728,D0,21.302,975,9
1788683729,D0,21.334666666666667,975,9
1788683730,D0,21.383666666666667,975,9
1788683731,D0,21.399375,975,8
1788683732,D0,21.30677777777778,975,9
1788683733,D0,21.132375,975,8
1788683734,D0,21.072,975,8
1788683735,D0,21.068666666666665,975,9
1788683736,D0,21.034,975,8
1788683737,D0,20.996125,975,8
1788683738,D0,20.98,975,9
1788683739,D0,21.022,975,9
1788683740,D0,21.085666666666665,975,9
1788683741,D0,21.074333333333332,975,9
1788683742,D0,21.026,975,9
1788683743,D0,21.006666666666668,975,9
1788683744,D0,21.005,975,9
1788683745,D0,21.008333333333333,975,9
1788683746,D0,21.01,975,9
1788683747,D0,21.01,975,9
1788683748,D0,21.0,975,9
1788683749,D0,20.98375,975,8
1788683750,D0,21.070625,975,8
1788683751,D0,21.157666666666668,975,9
1788683752,D0,21.113375,975,8
1788683753,D0,21.077,975,9
1788683754,D0,21.077,975,8
1788683755,D0,21.134500000000003,975,8
1788683756,D0,21.133666666666667,975,9
1788683757,D0,21.01025,975,8
1788683758,D0,21.035625,975,8
1788683759,D0,21.072,975,9
1788683760,D0,21.003,975,8
1788683761,D0,21.0375,975,8
1788683762,D0,21.104666666666667,975,9
1788683763,D0,21.062875,975,8
1788683764,D0,21.009666666666668,975,9
1788683765,D0,21.003333333333334,975,9
1788683766,D0,21.01,975,9
1788683767,D0,21.01,975,9
1788683768,D0,21.00722222222222,975,9
1788683769,D0,21.002222222222223,975,9
1788683770,D0,21.002777777777776,975,9
1788683771,D0,21.00777777777778,975,9
1788683772,D0,21.00166666666667,975,9
1788683773,D0,21.04625,975,8
1788683774,D0,21.077,975,9
1788683775,D0,21.016375,975,8
1788683776,D0,20.990000000000002,975,9
1788683777,D0,21.004333333333335,975,9
1788683778,D0,21.009,975,9
1788683779,D0,21.005666666666666,975,9
1788683780,D0,21.03666666666667,975,9
1788683781,D0,21.121666666666666,975,9
1788683782,D0,21.116,975,8
1788683783,D0,21.022,975,8
1788683784,D0,21.012,975,9
1788683785,D0,21.037374999999997,975,8
1788683786,D0,21.02466666666667,975,9
1788683787,D0,21.01,975,9
1788683788,D0,21.01,975,9
1788683789,D0,21.01,975,9
1788683790,D0,21.01,975,9
1788683791,D0,21.01,975,9
1788683792,D0,21.01,975,9
1788683793,D0,21.000625,975,8
1788683794,D0,21.017,975,9
1788683795,D0,21.058625,975,8
1788683796,D0,21.051000000000002,975,9
1788683797,D0,21.016,975,9
1788683798,D0,21.008333333333333,975,9
1788683799,D0,21.01,975,9
1788683800,D0,21.01,975,9
1788683801,D0,21.01,975,9
1788683802,D0,21.01,975,8
1788683803,D0,21.003333333333334,975,9
1788683804,D0,21.08125,975,8
1788683805,D0,21.159333333333333,975,9
1788683806,D0,21.1005,975,8
1788683807,D0,21.10725,975,8
1788683808,D0,21.09,975,9
1788683809,D0,20.9955,975,8
1788683810,D0,21.034666666666666,975,9
1788683811,D0,21.082555555555555,975,9
1788683812,D0,21.02711111111111,975,9
1788683813,D0,21.01,975,9
1788683814,D0,21.01,975,9
1788683815,D0,21.01,975,8
1788683816,D0,21.01,975,9
1788683817,D0,21.01,975,9
1788683818,D0,21.06125,975,8
1788683819,D0,21.082,975,9
1788683820,D0,21.0035,975,8
1788683821,D0,21.04025,975,8
1788683822,D0,21.10966666666667,975,9
1788683823,D0,21.0855,975,8
1788683824,D0,21.1295,975,8
1788683825,D0,21.167333333333335,975,9
1788683826,D0,21.0955,975,8
1788683827,D0,21.099125,975,8
1788683828,D0,21.116,975,9
1788683829,D0,21.05475,975,8
1788683830,D0,21.050666666666668,975,9
1788683831,D0,21.07075,975,8
1788683832,D0,21.020666666666667,975,9
1788683833,D0,21.005000000000003,975,9
1788683834,D0,21.01,975,9
1788683835,D0,21.01,975,9
1788683836,D0,21.009333333333334,975,9
1788683837,D0,21.041666666666668,975,9
1788683838,D0,21.12333333333333,975,9
1788683839,D0,21.116,975,8
1788683840,D0,21.017333333333333,975,9
1788683841,D0,20.98,975,8
1788683842,D0,20.98,975,8
1788683843,D0,21.012,975,9
1788683844,D0,21.028,975,8
1788683845,D0,21.089333333333332,975,9
1788683846,D0,21.153000000000002,975,8
1788683847,D0,21.080000000000002,975,9
1788683848,D0,21.019333333333336,975,9
1788683849,D0,21.01,975,9
1788683850,D0,21.01,975,9
1788683851,D0,21.009444444444444,975,9
1788683852,D0,21.009600000000002,975,10
1788683853,D0,21.01,975,9
1788683854,D0,21.009333333333334,975,9
1788683855,D0,21.009625,975,8
1788683856,D0,21.032,975,9
1788683857,D0,21.06425,975,8
1788683858,D0,21.046375,975,8
1788683859,D0,20.996,975,9
1788683860,D0,20.98,975,8
1788683861,D0,21.044666666666668,975,9
1788683862,D0,21.077,975,8
1788683863,D0,21.016375,975,8
1788683864,D0,21.073333333333334,975,9
1788683865,D0,21.153000000000002,975,8
1788683866,D0,21.075875,975,8
1788683867,D0,21.023,975,9
1788683868,D0,21.0505,975,8
1788683869,D0,21.0395,975,8
1788683870,D0,20.991,975,9
1788683871,D0,20.981666666666666,975,9
1788683872,D0,20.99833333333333,975,9
1788683873,D0,21.008333333333333,975,9
1788683874,D0,21.01,975,9
1788683875,D0,21.01,975,9
1788683876,D0,21.01,975,9
1788683877,D0,21.01,975,9
1788683878,D0,21.01,975,9
1788683879,D0,21.01,975,9
1788683880,D0,21.000625,975,8
1788683881,D0,20.985625,975,8
1788683882,D0,21.012,975,9
1788683883,D0,21.058625,975,8
1788683884,D0,21.05811111111111,975,9
1788683885,D0,21.02466666666667,975,9
1788683886,D0,21.03666666666667,975,9
1788683887,D0,21.08522222222222,975,9
1788683888,D0,21.079777777777778,975,9
1788683889,D0,21.080666666666666,975,9
1788683890,D0,21.082625,975,8
1788683891,D0,21.016375,975,8
1788683892,D0,21.077333333333335,975,9
1788683893,D0,21.136,975,9
1788683894,D0,21.05366666666667,975,9
1788683895,D0,21.01,975,9
1788683896,D0,21.006,975,9
1788683897,D0,21.004666666666665,975,9
1788683898,D0,21.00888888888889,975,9
1788683899,D0,21.01,975,9
1788683900,D0,20.99875,975,8
1788683901,D0,20.98375,975,8
1788683902,D0,21.073999999999998,975,9
1788683903,D0,21.157,975,8
1788683904,D0,21.085,975,9
1788683905,D0,21.021,975,9
1788683906,D0,21.006666666666668,975,9
1788683907,D0,21.005,975,9
1788683908,D0,21.007666666666665,975,9
1788683909,D0,21.009666666666668,975,9
1788683910,D0,21.01,975,9
1788683911,D0,20.99875,975,8
1788683912,D0,20.985625,975,8
1788683913,D0,21.076666666666668,975,9
1788683914,D0,21.161749999999998,975,8
1788683915,D0,21.11025,975,8
1788683916,D0,21.133333333333333,975,9
1788683917,D0,21.16775,975,8
1788683918,D0,21.081666666666667,975,9
1788683919,D0,21.016,975,9
1788683920,D0,21.007666666666665,975,9
1788683921,D0,21.009666666666668,975,9
1788683922,D0,21.01,975,9
1788683923,D0,21.01,975,9
1788683924,D0,21.042,975,9
1788683925,D0,21.04675,975,8
1788683926,D0,21.003625,975,8
1788683927,D0,21.077333333333335,975,9
1788683928,D0,21.126,975,8
1788683929,D0,21.034750000000003,975,8
1788683930,D0,21.044666666666668,975,9
1788683931,D0,21.07325,975,8
1788683932,D0,21.011375,975,8
1788683933,D0,21.072333333333333,975,9
1788683934,D0,21.157,975,8
1788683935,D0,21.075,975,9
1788683936,D0,21.02425,975,8
1788683937,D0,21.023,975,8
1788683938,D0,20.994333333333334,975,9
1788683939,D0,20.98,975,8
1788683940,D0,21.087333333333333,975,9
1788683941,D0,21.281,975,9
1788683942,D0,21.379666666666665,975,9
1788683943,D0,21.36133333333333,975,9
1788683944,D0,21.313,975,9
1788683945,D0,21.293666666666667,975,9
1788683946,D0,21.262666666666668,975,9
1788683947,D0,21.147375,975,8
1788683948,D0,21.012333333333334,975,9
1788683949,D0,20.97875,975,8
1788683950,D0,20.98,975,8
1788683951,D0,21.076666666666668,975,9
1788683952,D0,21.155625,975,8
1788683953,D0,21.076666666666664,975,9
1788683954,D0,21.005333333333333,975,9
1788683955,D0,21.00466666666667,975,9
1788683956,D0,21.01,975,9
1788683957,D0,21.01,975,9
1788683958,D0,21.01,975,9
1788683959,D0,21.006666666666668,975,9
1788683960,D0,21.005,975,9
1788683961,D0,21.040333333333333,975,9
1788683962,D0,21.058,975,9
1788683963,D0,21.048625,975,8
1788683964,D0,21.065,975,9
1788683965,D0,21.1495,975,8
1788683966,D0,21.174,975,8
1788683967,D0,21.060444444444443,975,9
1788683968,D0,21.06475,975,8
1788683969,D0,21.077,975,8
1788683970,D0,21.001555555555555,975,9
1788683971,D0,21.08875,975,8
1788683972,D0,21.161749999999998,975,8
1788683973,D0,21.060444444444443,975,9
1788683974,D0,21.100749999999998,975,8
1788683975,D0,21.161749999999998,975,8
1788683976,D0,21.060444444444443,975,9
1788683977,D0,21.061,975,8
1788683978,D0,21.072,975,9
1788683979,D0,21.01211111111111,975,9
1788683980,D0,21.006666666666668,975,9
1788683981,D0,21.01,975,9
1788683982,D0,21.01,975,9
1788683983,D0,21.01,975,9
1788683984,D0,21.01,975,9
1788683985,D0,21.01,975,9
1788683986,D0,21.01,975,9
1788683987,D0,20.99875,975,8
1788683988,D0,20.983333333333334,975,9
1788683989,D0,21.052750000000003,975,8
1788683990,D0,21.077,975,8
1788683991,D0,21.162333333333333,975,9
1788683992,D0,21.139666666666667,975,9
1788683993,D0,21.042333333333335,975,9
1788683994,D0,21.009333333333334,975,9
1788683995,D0,21.009666666666668,975,9
1788683996,D0,21.01,975,9
1788683997,D0,21.03475,975,8
1788683998,D0,21.03175,975,8
1788683999,D0,20.996,975,9
1788684000,D0,21.025111111111112,975,9
1788684001,D0,21.087777777777777,975,9
1788684002,D0,21.105888888888888,975,9
1788684003,D0,21.107,975,9
1788684004,D0,21.107,975,9
1788684005,D0,21.10311111111111,975,9
1788684006,D0,21.102,975,9
1788684007,D0,21.141750000000002,975,8
1788684008,D0,21.10775,975,8
1788684009,D0,21.017333333333333,975,9
1788684010,D0,21.016,975,8
1788684011,D0,21.035777777777778,975,9
1788684012,D0,21.012333333333334,975,9
1788684013,D0,21.005,975,9
1788684014,D0,21.005,975,9
1788684015,D0,21.00888888888889,975,9
1788684016,D0,21.01,975,9
1788684017,D0,21.009222222222224,975,9
1788684018,D0,21.00225,975,8
1788684019,D0,20.99,975,9
1788684020,D0,21.09,975,8
1788684021,D0,21.161749999999998,975,8
1788684022,D0,21.109333333333336,975,9
1788684023,D0,21.14975,975,8
1788684024,D0,21.174,975,8
1788684025,D0,21.109333333333336,975,9
1788684026,D0,21.054333333333332,975,9
1788684027,D0,21.021,975,9
1788684028,D0,21.01,975,9
1788684029,D0,21.01,975,9
1788684030,D0,21.009222222222224,975,9
1788684031,D0,21.041666666666668,975,9
1788684032,D0,21.0855,975,8
1788684033,D0,21.092,975,9
1788684034,D0,21.1485,975,8
1788684035,D0,21.169,975,8
1788684036,D0,21.071666666666665,975,9
1788684037,D0,21.05975,975,8
1788684038,D0,21.072,975,8
1788684039,D0,21.007333333333335,975,9
1788684040,D0,21.008125,975,8
1788684041,D0,21.060666666666666,975,9
1788684042,D0,21.14975,975,8
1788684043,D0,21.170875,975,8
1788684044,D0,21.071666666666665,975,9
1788684045,D0,21.05975,975,8
1788684046,D0,21.068875,975,8
1788684047,D0,21.015,975,9
1788684048,D0,21.004555555555555,975,9
1788684049,D0,21.009,975,9
1788684050,D0,21.009,975,9
1788684051,D0,21.009777777777778,975,9
1788684052,D0,21.009333333333334,975,9
1788684053,D0,21.009666666666668,975,9
1788684054,D0,20.997555555555557,975,9
1788684055,D0,21.0525,975,8
1788684056,D0,21.072,975,8
1788684057,D0,21.000444444444444,975,9
1788684058,D0,20.97925,975,8
1788684059,D0,20.979777777777777,975,9
1788684060,D0,21.085749999999997,975,8
1788684061,D0,21.128777777777778,975,9
1788684062,D0,21.032999999999998,975,9
1788684063,D0,21.00888888888889,975,9
1788684064,D0,21.009222222222224,975,9
1788684065,D0,21.009777777777778,975,9
1788684066,D0,21.01,975,9
1788684067,D0,21.01,975,9
1788684068,D0,21.01,975,9
1788684069,D0,21.01,975,9
1788684070,D0,21.01,975,9
1788684071,D0,21.03475,975,8
1788684072,D0,21.031333333333333,975,9
1788684073,D0,20.992,975,8
1788684074,D0,21.016,975,8
1788684075,D0,21.028,975,9
1788684076,D0,21.061,975,8
1788684077,D0,21.072,975,8
1788684078,D0,21.007333333333335,975,9
1788684079,D0,21.0845,975,8
1788684080,D0,21.162222222222223,975,9
1788684081,D0,21.0645,975,8
1788684082,D0,21.1015,975,8
1788684083,D0,21.126,975,9
1788684084,D0,21.0165,975,8
1788684085,D0,21.017333333333333,975,9
1788684086,D0,21.039666666666665,975,9
1788684087,D0,20.981499999999997,975,8
1788684088,D0,20.961,975,9
1788684089,D0,20.993666666666666,975,9
1788684090,D0,21.01,975,9
1788684091,D0,21.01,975,9
1788684092,D0,21.01,975,10
1788684093,D0,21.01,975,8
1788684094,D0,21.01,975,9
1788684095,D0,20.996666666666666,975,9
1788684096,D0,20.97875,975,8
1788684097,D0,20.975,975,8
1788684098,D0,20.975,975,9
1788684099,D0,20.990555555555556,975,9
1788684100,D0,21.006666666666668,975,9
1788684101,D0,21.01,975,9
1788684102,D0,21.047333333333334,975,9
1788684103,D0,21.09611111111111,975,9
1788684104,D0,21.1685,975,8
1788684105,D0,21.179,975,9
1788684106,D0,21.0645,975,8
1788684107,D0,20.990666666666666,975,9
1788684108,D0,21.029,975,9
1788684109,D0,21.054666666666666,975,9
1788684110,D0,21.01988888888889,975,9
1788684111,D0,21.009777777777778,975,9
1788684112,D0,21.01,975,9
1788684113,D0,21.01,975,9
1788684114,D0,21.01,975,8
1788684115,D0,21.0,975,9
1788684116,D0,21.01975,975,8
1788684117,D0,21.028,975,8
1788684118,D0,20.996,975,9
1788684119,D0,21.022,975,9
1788684120,D0,21.085666666666665,975,9
1788684121,D0,21.139666666666667,975,9
1788684122,D0,21.231444444444445,975,9
1788684123,D0,21.328444444444447,975,9
1788684124,D0,21.38888888888889,975,9
1788684125,D0,21.323777777777778,975,9
1788684126,D0,21.203125,975,8
1788684127,D0,21.141750000000002,975,8
1788684128,D0,21.08788888888889,975,9
1788684129,D0,20.992125,975,8
1788684130,D0,21.085749999999997,975,8
1788684131,D0,21.158333333333335,975,9
1788684132,D0,21.045624999999998,975,8
1788684133,D0,21.035777777777778,975,9
1788684134,D0,21.12511111111111,975,9
1788684135,D0,21.23011111111111,975,9
1788684136,D0,21.287222222222223,975,9
1788684137,D0,21.293111111111113,975,9
1788684138,D0,21.292,975,9
1788684139,D0,21.21966666666667,975,9
1788684140,D0,21.082,975,8
1788684141,D0,21.10525,975,8
1788684142,D0,21.126,975,9
1788684143,D0,21.0165,975,8
1788684144,D0,21.085749999999997,975,8
1788684145,D0,21.154444444444444,975,9
1788684146,D0,21.05825,975,8
1788684147,D0,21.0635,975,8
1788684148,D0,21.077,975,9
1788684149,D0,21.0035,975,8
1788684150,D0,21.0855,975,8
1788684151,D0,21.121,975,9
1788684152,D0,21.05125,975,8
1788684153,D0,21.1375,975,8
1788684154,D0,21.174,975,9
1788684155,D0,21.11022222222222,975,9
1788684156,D0,21.065555555555555,975,9
1788684157,D0,21.020666666666667,975,9
1788684158,D0,21.01,975,9
1788684159,D0,21.01,975,9
1788684160,D0,21.047333333333334,975,9
1788684161,D0,21.058,975,9
1788684162,D0,21.119500000000002,975,8
1788684163,D0,21.128333333333334,975,9
1788684164,D0,21.01625,975,8
1788684165,D0,21.017333333333333,975,9
1788684166,D0,21.02425,975,8
1788684167,D0,20.983249999999998,975,8
1788684168,D0,20.97,975,9
1788684169,D0,21.220444444444446,975,9
1788684170,D0,21.292,975,9
1788684171,D0,21.329333333333334,975,9
1788684172,D0,21.34,975,9
1788684173,D0,21.268444444444444,975,9
1788684174,D0,21.176444444444442,975,9
1788684175,D0,21.114,975,9
1788684176,D0,21.069333333333333,975,9
1788684177,D0,21.024333333333335,975,9
1788684178,D0,21.035666666666668,975,9
1788684179,D0,21.03175,975,8
1788684180,D0,20.992,975,8
1788684181,D0,21.013444444444445,975,9
1788684182,D0,21.023,975,8
1788684183,D0,21.02675,975,8
1788684184,D0,21.060666666666666,975,9
1788684185,D0,21.04025,975,8
1788684186,D0,20.992,975,8
1788684187,D0,20.98,975,9
1788684188,D0,20.98,975,8
1788684189,D0,20.98,975,8
1788684190,D0,21.012,975,9
1788684191,D0,21.028,975,8
1788684192,D0,20.992,975,8
1788684193,D0,21.012,975,9
1788684194,D0,21.187444444444445,975,9
1788684195,D0,21.35822222222222,975,9
1788684196,D0,21.355888888888888,975,9
1788684197,D0,21.30377777777778,975,9
1788684198,D0,21.253888888888888,975,9
1788684199,D0,21.209555555555553,975,9
1788684200,D0,21.203888888888887,975,9
1788684201,D0,21.242333333333335,975,9
1788684202,D0,21.328444444444447,975,9
1788684203,D0,21.21,975,8
1788684204,D0,21.028750000000002,975,8
1788684205,D0,21.012333333333334,975,9
1788684206,D0,20.997222222222224,975,9
1788684207,D0,20.92111111111111,975,9
1788684208,D0,20.955555555555556,975,9
1788684209,D0,21.004555555555555,975,9
1788684210,D0,21.01,975,9
1788684211,D0,21.01,975,8
1788684212,D0,21.073777777777778,975,9
1788684213,D0,21.121750000000002,975,8
1788684214,D0,21.04025,975,8
1788684215,D0,21.103444444444445,975,9
1788684216,D0,21.136666666666667,975,9
1788684217,D0,21.03888888888889,975,9
1788684218,D0,20.971888888888888,975,9
1788684219,D0,20.961,975,9
1788684220,D0,20.999111111111112,975,9
1788684221,D0,21.01,975,9
1788684222,D0,21.01,975,9
1788684223,D0,21.038875,975,8
1788684224,D0,21.03175,975,8
1788684225,D0,21.104222222222223,975,9
1788684226,D0,21.168,975,8
1788684227,D0,21.11022222222222,975,9
1788684228,D0,21.065555555555555,975,9
1788684229,D0,21.020666666666667,975,9
1788684230,D0,21.009222222222224,975,9
1788684231,D0,21.009777777777778,975,9
1788684232,D0,21.01,975,9
1788684233,D0,21.01,975,9
1788684234,D0,21.03475,975,8
1788684235,D0,21.03175,975,8
1788684236,D0,21.028,975,9
1788684237,D0,21.028,975,8
1788684238,D0,20.992,975,8
1788684239,D0,20.98,975,9
1788684240,D0,20.98,975,8
1788684241,D0,20.987777777777776,975,9
1788684242,D0,20.997777777777777,975,9
1788684243,D0,21.003888888888888,975,9
1788684244,D0,21.00888888888889,975,9
1788684245,D0,21.01,975,9
1788684246,D0,21.01,975,9
1788684247,D0,21.009222222222224,975,9
1788684248,D0,20.9985,975,8
1788684249,D0,20.98375,975,8
1788684250,D0,20.98,975,9
1788684251,D0,20.98,975,8
1788684252,D0,21.01225,975,8
1788684253,D0,21.052333333333333,975,9
1788684254,D0,21.034,975,8
1788684255,D0,20.99075,975,8
1788684256,D0,21.012,975,9
1788684257,D0,21.02425,975,8
1788684258,D0,20.987000000000002,975,8
1788684259,D0,20.977666666666668,975,9
1788684260,D0,20.979,975,8
1788684261,D0,20.97975,975,8
1788684262,D0,21.012,975,9
1788684263,D0,21.153222222222222,975,9
1788684264,D0,21.310333333333332,975,9
1788684265,D0,21.34111111111111,975,9
1788684266,D0,21.302666666666667,975,9
1788684267,D0,21.25777777777778,975,9
1788684268,D0,21.20988888888889,975,9
1788684269,D0,21.157777777777778,975,9
1788684270,D0,21.0515,975,8
1788684271,D0,20.990750000000002,975,8
1788684272,D0,21.012333333333334,975,9
1788684273,D0,21.027375,975,8
1788684274,D0,21.028,975,9
1788684275,D0,21.070875,975,8
1788684276,D0,21.034125,975,8
1788684277,D0,21.0016,975,10
1788684278,D0,21.008333333333336,975,9
1788684279,D0,21.01,975,9
1788684280,D0,21.01,975,9
1788684281,D0,21.01,975,9
1788684282,D0,21.01,975,9
1788684283,D0,21.01,975,9
1788684284,D0,21.01,975,9
1788684285,D0,21.01,975,9
1788684286,D0,20.996875000000003,975,8
1788684287,D0,20.983333333333334,975,9
1788684288,D0,20.98,975,8
1788684289,D0,20.98,975,8
1788684290,D0,20.976111111111113,975,9
1788684291,D0,20.975,975,8
1788684292,D0,20.979375,975,8
1788684293,D0,21.093555555555557,975,9
1788684294,D0,21.12525,975,8
1788684295,D0,21.121111111111112,975,9
1788684296,D0,21.12,975,8
1788684297,D0,21.015,975,8
1788684298,D0,21.092777777777776,975,9
1788684299,D0,21.125875,975,8
1788684300,D0,21.012,975,8
1788684301,D0,21.058,975,9
1788684302,D0,21.245333333333335,975,9
1788684303,D0,21.29511111111111,975,9
1788684304,D0,21.300666666666665,975,9
1788684305,D0,21.339333333333336,975,9
1788684306,D0,21.38888888888889,975,9
1788684307,D0,21.4,975,9
1788684308,D0,21.36188888888889,975,9
1788684309,D0,21.31288888888889,975,9
1788684310,D0,21.176777777777776,975,9
1788684311,D0,21.000125,975,8
1788684312,D0,20.98,975,8
1788684313,D0,20.98,975,9
1788684314,D0,20.99088888888889,975,9
1788684315,D0,21.006444444444444,975,9
1788684316,D0,21.01,975,9
1788684317,D0,21.01,975,9
1788684318,D0,21.01,975,9
1788684319,D0,21.01,975,8
1788684320,D0,20.99875,975,8
1788684321,D0,21.05877777777778,975,9
1788684322,D0,21.077,975,8
1788684323,D0,21.013222222222222,975,9
1788684324,D0,21.006666666666668,975,9
1788684325,D0,21.009222222222224,975,9
1788684326,D0,21.009,975,9
1788684327,D0,21.009777777777778,975,9
1788684328,D0,21.009222222222224,975,9
1788684329,D0,21.00988888888889,975,9
1788684330,D0,21.01,975,9
1788684331,D0,20.996875000000003,975,8
1788684332,D0,20.980999999999998,975,8
1788684333,D0,20.97988888888889,975,9
1788684334,D0,21.022,975,8
1788684335,D0,21.191333333333333,975,9
1788684336,D0,21.363999999999997,975,9
1788684337,D0,21.323777777777778,975,9
1788684338,D0,21.188444444444443,975,9
1788684339,D0,21.041666666666668,975,9
1788684340,D0,21.009,975,9
1788684341,D0,21.009777777777778,975,9
1788684342,D0,20.996875000000003,975,8
1788684343,D0,20.981666666666666,975,9
1788684344,D0,21.107750000000003,975,8
1788684345,D0,21.126,975,8
1788684346,D0,21.012444444444444,975,9
1788684347,D0,21.107750000000003,975,8
1788684348,D0,21.125125,975,8
1788684349,D0,21.057333333333332,975,9
1788684350,D0,21.049666666666667,975,9
1788684351,D0,21.019555555555556,975,9
1788684352,D0,21.01,975,9
1788684353,D0,21.01,975,9
1788684354,D0,21.01,975,9
1788684355,D0,21.01,975,9
1788684356,D0,21.038875,975,8
1788684357,D0,21.031333333333333,975,9
1788684358,D0,21.1085,975,8
1788684359,D0,21.1585,975,8
1788684360,D0,21.092444444444443,975,9
1788684361,D0,21.118375,975,8
1788684362,D0,21.083000000000002,975,8
1788684363,D0,21.001555555555555,975,9
1788684364,D0,21.107750000000003,975,8
1788684365,D0,21.168,975,8
1788684366,D0,21.060444444444443,975,9
1788684367,D0,21.1085,975,8
1788684368,D0,21.1585,975,8
1788684369,D0,21.050444444444445,975,9
1788684370,D0,21.031333333333336,975,9
1788684371,D0,21.137888888888888,975,9
1788684372,D0,21.19811111111111,975,9
1788684373,D0,21.204,975,9
1788684374,D0,21.20488888888889,975,9
1788684375,D0,21.205,975,9
1788684376,D0,21.200555555555553,975,9
1788684377,D0,21.2665,975,8
1788684378,D0,21.231749999999998,975,8
1788684379,D0,21.07,975,9
1788684380,D0,21.066499999999998,975,8
1788684381,D0,21.06811111111111,975,9
1788684382,D0,21.11425,975,8
1788684383,D0,21.121,975,8
1788684384,D0,21.003555555555554,975,9
1788684385,D0,20.985555555555553,975,9
1788684386,D0,21.001666666666665,975,9
1788684387,D0,21.005,975,9
1788684388,D0,21.00888888888889,975,9
1788684389,D0,21.01,975,9
1788684390,D0,21.01,975,9
1788684391,D0,21.01,975,9
1788684392,D0,21.01,975,9
1788684393,D0,20.971888888888888,975,9
1788684394,D0,20.9435,975,8
1788684395,D0,20.967444444444446,975,9
1788684396,D0,21.021375,975,8
1788684397,D0,21.028,975,9
1788684398,D0,21.028,975,8
1788684399,D0,21.070875,975,8
1788684400,D0,21.033444444444445,975,9
1788684401,D0,20.981625,975,8
1788684402,D0,20.975,975,8
1788684403,D0,20.979444444444447,975,9
1788684404,D0,20.98,975,8
1788684405,D0,20.979125,975,8
1788684406,D0,20.97988888888889,975,9
1788684407,D0,20.98,975,8
1788684408,D0,21.022,975,8
1788684409,D0,21.03688888888889,975,9
1788684410,D0,21.008666666666667,975,9
1788684411,D0,21.005,975,9
1788684412,D0,20.999666666666666,975,9
1788684413,D0,20.96077777777778,975,9
1788684414,D0,20.959999999999997,975,5
1788678410,D1,23.06,1500,3
1788678411,D1,23.2928,1500,10
1788678412,D1,23.38911111111111,1500,9
1788678413,D1,23.211,1500,9
1788678414,D1,23.19511111111111,1500,9
1788678415,D1,23.2275,1500,10
1788678416,D1,32.497125,1500,8
1788678417,D1,65.7431111111111,1500,9
1788678418,D1,67.13125,1500,8
1788678419,D1,66.75655555555555,1500,9
1788678420,D1,56.282555555555554,1500,9
1788678421,D1,66.8078888888889,1500,9
1788678422,D1,67.344625,1500,8
1788678423,D1,64.33866666666667,1500,9
1788678424,D1,35.462625,1500,8
1788678425,D1,26.635333333333335,1500,9
1788678426,D1,23.58211111111111,1500,9
1788678427,D1,23.30911111111111,1500,9
1788678428,D1,23.304555555555556,1500,9
1788678429,D1,41.160875,1500,8
1788678430,D1,66.7975,1500,8
1788678431,D1,67.28477777777778,1500,9
1788678432,D1,64.402,1500,8
1788678433,D1,35.64622222222222,1500,9
1788678434,D1,26.05575,1500,8
1788678435,D1,23.312333333333335,1500,9
1788678436,D1,23.31211111111111,1500,9
1788678437,D1,23.360333333333333,1500,9
1788678438,D1,34.59175,1500,8
1788678439,D1,65.274,1500,8
1788678440,D1,67.31677777777777,1500,9
1788678441,D1,67.362,1500,9
1788678442,D1,44.72125,1500,8
1788678443,D1,27.333222222222222,1500,9
1788678444,D1,23.394111111111112,1500,9
1788678445,D1,23.357125,1500,8
1788678446,D1,23.37188888888889,1500,9
1788678447,D1,32.340875,1500,8
1788678448,D1,66.19622222222222,1500,9
1788678449,D1,67.474625,1500,8
1788678450,D1,67.524125,1500,8
1788678451,D1,67.55144444444444,1500,9
1788678452,D1,67.583125,1500,8
1788678453,D1,67.651625,1500,8
1788678454,D1,56.77177777777778,1500,9
1788678455,D1,30.53077777777778,1500,9
1788678456,D1,24.147333333333332,1500,9
1788678457,D1,23.485,1500,9
1788678458,D1,23.488,1500,8
1788678459,D1,26.923,1500,9
1788678460,D1,58.305875,1500,8
1788678461,D1,67.582,1500,8
1788678462,D1,67.61077777777778,1500,9
1788678463,D1,67.687,1500,8
1788678464,D1,67.71787499999999,1500,8
1788678465,D1,67.74955555555556,1500,9
1788678466,D1,67.755375,1500,8
1788678467,D1,67.792125,1500,8
1788678468,D1,67.876,1500,9
1788678469,D1,67.897625,1500,8
1788678470,D1,67.93177777777778,1500,9
1788678471,D1,67.94925,1500,8
1788678472,D1,67.941625,1500,8
1788678473,D1,67.66588888888889,1500,9
1788678474,D1,41.78575,1500,8
1788678475,D1,27.707555555555555,1500,9
1788678476,D1,23.83877777777778,1500,9
1788678477,D1,23.754,1500,8
1788678478,D1,23.75,1500,9
1788678479,D1,34.097375,1500,8
1788678480,D1,66.30688888888889,1500,9
1788678481,D1,67.982375,1500,8
1788678482,D1,68.05488888888888,1500,9
1788678483,D1,68.101125,1500,8
1788678484,D1,68.10525,1500,8
1788678485,D1,68.09388888888888,1500,9
1788678486,D1,57.83775,1500,8
1788678487,D1,29.748222222222225,1500,9
1788678488,D1,25.070500000000003,1500,8
1788678489,D1,23.878,1500,9
1788678490,D1,23.764555555555553,1500,9
1788678491,D1,24.249375,1500,8
1788678492,D1,47.78066666666667,1500,9
1788678493,D1,67.9215,1500,8
1788678494,D1,67.97875,1500,8
1788678495,D1,68.03433333333334,1500,9
1788678496,D1,68.0825,1500,8
1788678497,D1,68.14344444444444,1500,9
1788678498,D1,68.13775,1500,8
1788678499,D1,68.121625,1500,8
1788678500,D1,68.10325,1500,8
1788678501,D1,68.1451111111111,1500,9
1788678502,D1,68.19975,1500,8
1788678503,D1,68.2585,1500,8
1788678504,D1,68.256125,1500,8
1788678505,D1,68.28288888888889,1500,9
1788678506,D1,66.711,1500,8
1788678507,D1,39.4295,1500,8
1788678508,D1,27.983,1500,9
1788678509,D1,24.057444444444446,1500,9
1788678510,D1,24.049222222222223,1500,9
1788678511,D1,24.02525,1500,8
1788678512,D1,37.6055,1500,8
1788678513,D1,67.86466666666666,1500,9
1788678514,D1,68.345875,1500,8
1788678515,D1,65.5265,1500,8
1788678516,D1,36.34733333333333,1500,9
1788678517,D1,26.439500000000002,1500,8
1788678518,D1,24.066000000000003,1500,9
1788678519,D1,24.056375,1500,8
1788678520,D1,24.064333333333334,1500,9
1788678521,D1,41.258875,1500,8
1788678522,D1,68.204125,1500,8
1788678523,D1,68.32133333333333,1500,9
1788678524,D1,65.3505,1500,8
1788678525,D1,36.8655,1500,8
1788678526,D1,27.102333333333334,1500,9
1788678527,D1,24.516875,1500,8
1788678528,D1,24.406333333333333,1500,9
1788678529,D1,24.42388888888889,1500,9
1788678530,D1,37.65475,1500,8
1788678531,D1,66.6265,1500,8
1788678532,D1,68.19055555555555,1500,9
1788678533,D1,67.78925,1500,8
1788678534,D1,44.133375,1500,8
1788678535,D1,27.69922222222222,1500,9
1788678536,D1,24.127333333333333,1500,9
1788678537,D1,24.071666666666665,1500,9
1788678538,D1,24.07875,1500,8
1788678539,D1,33.89511111111111,1500,9
1788678540,D1,66.62049999999999,1500,8
1788678541,D1,68.324,1500,8
1788678542,D1,68.36566666666667,1500,9
1788678543,D1,68.411625,1500,8
1788678544,D1,68.461125,1500,8
1788678545,D1,68.496375,1500,8
1788678546,D1,61.88155555555556,1500,9
1788678547,D1,31.55475,1500,8
1788678548,D1,26.11311111111111,1500,9
1788678549,D1,24.249333333333333,1500,9
1788678550,D1,24.269000000000002,1500,9
1788678551,D1,26.733999999999998,1500,9
1788678552,D1,55.868,1500,8
1788678553,D1,68.404625,1500,8
1788678554,D1,68.43675,1500,8
1788678555,D1,68.519375,1500,8
1788678556,D1,68.556625,1500,8
1788678557,D1,68.54733333333334,1500,9
1788678558,D1,68.5475,1500,8
1788678559,D1,68.55225,1500,8
1788678560,D1,68.56700000000001,1500,8
1788678561,D1,68.6035,1500,8
1788678562,D1,68.664,1500,9
1788678563,D1,68.7265,1500,8
1788678564,D1,68.79766666666667,1500,9
1788678565,D1,68.327125,1500,8
1788678566,D1,44.919,1500,8
1788678567,D1,27.925444444444445,1500,9
1788678568,D1,24.439444444444444,1500,9
1788678569,D1,24.427875,1500,8
1788678570,D1,24.374333333333336,1500,9
1788678571,D1,31.840375,1500,8
1788678572,D1,66.575625,1500,8
1788678573,D1,68.60244444444444,1500,9
1788678574,D1,68.655125,1500,8
1788678575,D1,68.70949999999999,1500,8
1788678576,D1,68.751625,1500,8
1788678577,D1,68.79811111111111,1500,9
1788678578,D1,62.809875000000005,1500,8
1788678579,D1,32.787333333333336,1500,9
1788678580,D1,26.07025,1500,8
1788678581,D1,24.468666666666667,1500,9
1788678582,D1,24.482,1500,8
1788678583,D1,24.819222222222223,1500,9
1788678584,D1,48.2215,1500,8
1788678585,D1,68.533375,1500,8
1788678586,D1,68.586375,1500,8
1788678587,D1,68.652,1500,9
1788678588,D1,68.67125,1500,8
1788678589,D1,68.717875,1500,8
1788678590,D1,68.85233333333333,1500,9
1788678591,D1,68.883375,1500,8
1788678592,D1,68.786,1500,8
1788678593,D1,68.811125,1500,8
1788678594,D1,68.86888888888889,1500,9
1788678595,D1,68.91875,1500,8
1788678596,D1,68.968875,1500,8
1788678597,D1,68.99975,1500,8
1788678598,D1,68.11544444444445,1500,9
1788678599,D1,41.973625,1500,8
1788678600,D1,28.131555555555554,1500,9
1788678601,D1,24.62775,1500,8
1788678602,D1,24.557444444444446,1500,9
1788678603,D1,24.464444444444442,1500,9
1788678604,D1,24.407,1500,9
1788678605,D1,24.43188888888889,1500,9
1788678606,D1,24.157777777777778,1366.6666666666667,9
1788678607,D1,23.413333333333334,900,9
1788678608,D1,40.074,900,8
1788678609,D1,59.1185,900,8
1788678610,D1,59.149,900,8
1788678611,D1,53.83511111111111,900,9
1788678612,D1,28.39,900,8
1788678613,D1,23.251125000000002,900,8
1788678614,D1,21.647111111111112,900,9
1788678615,D1,21.62,900,9
1788678616,D1,21.710625,900,8
1788678617,D1,21.765,900,8
1788678618,D1,21.686666666666667,900,9
1788678619,D1,22.358444444444444,1166.6666666666667,9
1788678620,D1,26.511666666666667,1500,9
1788678621,D1,56.303,1500,8
1788678622,D1,68.53344444444444,1500,9
1788678623,D1,68.56775,1500,8
1788678624,D1,56.63488888888889,1500,9
1788678625,D1,30.137625,1500,8
1788678626,D1,25.28622222222222,1500,9
1788678627,D1,24.287666666666667,1500,9
1788678628,D1,24.237666666666666,1500,9
1788678629,D1,24.493625,1500,8
1788678630,D1,49.470666666666666,1500,9
1788678631,D1,68.452125,1500,8
1788678632,D1,68.50275,1500,8
1788678633,D1,65.02988888888889,1500,9
1788678634,D1,35.288333333333334,1500,9
1788678635,D1,26.717555555555556,1500,9
1788678636,D1,24.309444444444445,1500,9
1788678637,D1,24.275,1500,8
1788678638,D1,24.28322222222222,1500,9
1788678639,D1,43.955625,1500,8
1788678640,D1,68.60655555555556,1500,9
1788678641,D1,68.629375,1500,8
1788678642,D1,68.65275,1500,8
1788678643,D1,68.70644444444444,1500,9
1788678644,D1,68.76625,1500,8
1788678645,D1,68.797625,1500,8
1788678646,D1,47.214444444444446,1500,9
1788678647,D1,28.93922222222222,1500,9
1788678648,D1,24.694222222222223,1500,9
1788678649,D1,24.49377777777778,1500,9
1788678650,D1,24.377666666666666,1500,9
1788678651,D1,31.975125,1500,8
1788678652,D1,65.7325,1500,8
1788678653,D1,68.66655555555556,1500,9
1788678654,D1,68.749625,1500,8
1788678655,D1,68.77125000000001,1500,8
1788678656,D1,68.78822222222222,1500,9
1788678657,D1,68.83825,1500,8
1788678658,D1,68.88625,1500,8
1788678659,D1,68.87022222222222,1500,9
1788678660,D1,68.8655,1500,8
1788678661,D1,68.95466666666667,1500,9
1788678662,D1,68.98425,1500,8
1788678663,D1,69.00133333333333,1500,9
1788678664,D1,69.047375,1500,8
1788678665,D1,64.75155555555556,1500,9
1788678666,D1,35.829,1500,8
1788678667,D1,27.218,1500,9
1788678668,D1,24.559333333333335,1500,9
1788678669,D1,24.551000000000002,1500,8
1788678670,D1,24.520777777777777,1500,9
1788678671,D1,43.403333333333336,1500,9
1788678672,D1,68.886,1500,8
1788678673,D1,68.902375,1500,8
1788678674,D1,68.895875,1500,8
1788678675,D1,68.92422222222223,1500,9
1788678676,D1,69.01311111111112,1500,9
1788678677,D1,69.05275,1500,8
1788678678,D1,53.928333333333335,1500,9
1788678679,D1,29.352222222222224,1500,9
1788678680,D1,24.468,1500,8
1788678681,D1,24.511555555555557,1500,9
1788678682,D1,24.517,1500,8
1788678683,D1,26.35522222222222,1500,9
1788678684,D1,57.193,1500,8
1788678685,D1,68.74525,1500,8
1788678686,D1,68.76311111111112,1500,9
1788678687,D1,68.79475,1500,8
1788678688,D1,68.85925,1500,8
1788678689,D1,68.87944444444445,1500,9
1788678690,D1,68.9345,1500,8
1788678691,D1,68.937375,1500,8
1788678692,D1,68.991875,1500,8
1788678693,D1,69.03066666666666,1500,9
1788678694,D1,69.02925,1500,8
1788678695,D1,69.080125,1500,8
1788678696,D1,69.1185,1500,8
1788678697,D1,69.1108888888889,1500,9
1788678698,D1,64.136375,1500,8
1788678699,D1,34.090125,1500,8
1788678700,D1,26.666444444444444,1500,9
1788678701,D1,24.73611111111111,1500,9
1788678702,D1,24.694375,1500,8
1788678703,D1,24.64933333333333,1500,9
1788678704,D1,24.725,1500,8
1788678705,D1,24.822,1233.3333333333333,9
1788678706,D1,26.691777777777776,900,9
1788678707,D1,50.036875,900,8
1788678708,D1,59.212625,900,8
1788678709,D1,59.318,900,8
1788678710,D1,48.77588888888889,900,9
1788678711,D1,25.804624999999998,900,8
1788678712,D1,22.55911111111111,900,9
1788678713,D1,21.777625,900,8
1788678714,D1,21.7765,900,8
1788678715,D1,21.737666666666666,900,9
1788678716,D1,21.69677777777778,900,9
1788678717,D1,21.821625,900,8
1788678718,D1,22.87988888888889,1366.6666666666667,9
1788678719,D1,33.6575,1500,8
1788678720,D1,64.908625,1500,8
1788678721,D1,68.742,1500,9
1788678722,D1,68.714875,1500,8
1788678723,D1,46.117,1500,9
1788678724,D1,28.242375,1500,8
1788678725,D1,24.44366666666667,1500,9
1788678726,D1,24.379555555555555,1500,9
1788678727,D1,24.336,1500,8
1788678728,D1,27.223888888888887,1500,9
1788678729,D1,60.84725,1500,8
1788678730,D1,68.5838888888889,1500,9
1788678731,D1,68.702375,1500,8
1788678732,D1,58.765125,1500,8
1788678733,D1,30.145,1500,9
1788678734,D1,25.415555555555557,1500,9
1788678735,D1,24.44977777777778,1500,9
1788678736,D1,24.466,1500,9
1788678737,D1,28.393874999999998,1500,8
1788678738,D1,57.144875,1500,8
1788678739,D1,68.707,1500,8
1788678740,D1,68.75066666666666,1500,9
1788678741,D1,68.823375,1500,8
1788678742,D1,68.89987500000001,1500,8
1788678743,D1,68.8945,1500,8
1788678744,D1,63.318333333333335,1500,9
1788678745,D1,34.2255,1500,8
1788678746,D1,26.634999999999998,1500,9
1788678747,D1,24.5125,1500,8
1788678748,D1,24.42811111111111,1500,9
1788678749,D1,25.348222222222223,1500,9
1788678750,D1,49.36975,1500,8
1788678751,D1,68.797625,1500,8
1788678752,D1,68.79288888888888,1500,9
1788678753,D1,68.88525,1500,8
1788678754,D1,68.89,1500,8
1788678755,D1,68.945125,1500,8
1788678756,D1,68.9931111111111,1500,9
1788678757,D1,69.00875,1500,8
1788678758,D1,69.02925,1500,8
1788678759,D1,69.074125,1500,8
1788678760,D1,69.09766666666667,1500,9
1788678761,D1,69.133375,1500,8
1788678762,D1,69.128875,1500,8
1788678763,D1,69.22675,1500,8
1788678764,D1,56.78011111111111,1500,9
1788678765,D1,29.997333333333334,1500,9
1788678766,D1,25.12911111111111,1500,9
1788678767,D1,24.62925,1500,8
1788678768,D1,24.57911111111111,1500,9
1788678769,D1,28.333875,1500,8
1788678770,D1,58.292375,1500,8
1788678771,D1,68.97044444444444,1500,9
1788678772,D1,69.10025,1500,8
1788678773,D1,69.1215,1500,8
1788678774,D1,69.165375,1500,8
1788678775,D1,69.16344444444445,1500,9
1788678776,D1,67.71074999999999,1500,8
1788678777,D1,38.50666666666667,1500,9
1788678778,D1,27.665333333333333,1500,9
1788678779,D1,24.746499999999997,1500,8
1788678780,D1,24.669666666666664,1500,9
1788678781,D1,24.636125,1500,8
1788678782,D1,32.523625,1500,8
1788678783,D1,66.20188888888889,1500,9
1788678784,D1,68.90587500000001,1500,8
1788678785,D1,68.986125,1500,8
1788678786,D1,69.030375,1500,8
1788678787,D1,69.05844444444445,1500,9
1788678788,D1,69.100375,1500,8
1788678789,D1,69.128625,1500,8
1788678790,D1,69.165,1500,8
1788678791,D1,69.21644444444445,1500,9
1788678792,D1,69.297,1500,8
1788678793,D1,69.3231111111111,1500,9
1788678794,D1,69.34525,1500,8
1788678795,D1,69.38988888888889,1500,9
1788678796,D1,69.463,1500,8
1788678797,D1,51.675333333333334,1500,9
1788678798,D1,29.292,1500,8
1788678799,D1,24.931,1500,9
1788678800,D1,24.876,1500,9
1788678801,D1,24.827,1500,9
1788678802,D1,24.996,1500,8
1788678803,D1,24.996,1500,9
1788678804,D1,24.055,975,8
1788678805,D1,32.387,900,9
1788678806,D1,59.100249999999996,900,8
1788678807,D1,59.474,900,8
1788678808,D1,57.3,900,9
1788678809,D1,33.187444444444445,900,9
1788678810,D1,24.366125,900,8
1788678811,D1,21.904333333333334,900,9
1788678812,D1,21.847125000000002,900,8
1788678813,D1,21.82588888888889,900,9
1788678814,D1,31.331,900,8
1788678815,D1,57.5095,900,8
1788678816,D1,58.811125,900,8
1788678817,D1,58.483111111111114,900,9
1788678818,D1,38.88075,900,8
1788678819,D1,25.03211111111111,900,9
1788678820,D1,21.745625,900,8
1788678821,D1,21.862555555555556,900,9
1788678822,D1,21.867,900,8
1788678823,D1,21.885,900,9
1788678824,D1,22.01511111111111,900,9
1788678825,D1,22.248333333333335,966.6666666666666,9
1788678826,D1,25.006333333333334,1500,9
1788678827,D1,40.332875,1500,8
1788678828,D1,67.95075,1500,8
1788678829,D1,68.72677777777777,1500,9
1788678830,D1,67.28637499999999,1500,8
1788678831,D1,39.02711111111111,1500,9
1788678832,D1,27.161,1500,8
1788678833,D1,24.513333333333332,1500,9
1788678834,D1,24.488,1500,8
1788678835,D1,24.485777777777777,1500,9
1788678836,D1,35.922,1500,8
1788678837,D1,67.56122222222223,1500,9
1788678838,D1,68.844,1500,8
1788678839,D1,68.89566666666667,1500,9
1788678840,D1,68.916625,1500,8
1788678841,D1,68.95766666666667,1500,9
1788678842,D1,68.993875,1500,8
1788678843,D1,56.404555555555554,1500,9
1788678844,D1,30.273222222222223,1500,9
1788678845,D1,25.199625,1500,8
1788678846,D1,24.484555555555556,1500,9
1788678847,D1,24.469,1500,9
1788678848,D1,27.338,1500,8
1788678849,D1,57.89833333333333,1500,9
1788678850,D1,68.90775,1500,8
1788678851,D1,68.963375,1500,8
1788678852,D1,69.01144444444445,1500,9
1788678853,D1,69.09188888888889,1500,9
1788678854,D1,69.11625000000001,1500,8
1788678855,D1,69.10625,1500,8
1788678856,D1,69.10475,1500,8
1788678857,D1,69.12055555555555,1500,9
1788678858,D1,69.1385,1500,8
1788678859,D1,69.22622222222222,1500,9
1788678860,D1,69.28037499999999,1500,8
1788678861,D1,69.26875,1500,8
1788678862,D1,68.81277777777778,1500,9
1788678863,D1,42.7065,1500,8
1788678864,D1,28.181,1500,9
1788678865,D1,24.79525,1500,8
1788678866,D1,24.775111111111112,1500,9
1788678867,D1,24.832,1500,9
1788678868,D1,33.533,1500,8
1788678869,D1,68.05988888888889,1500,9
1788678870,D1,69.08687499999999,1500,8
1788678871,D1,69.1378888888889,1500,9
1788678872,D1,69.217125,1500,8
1788678873,D1,69.28675,1500,8
1788678874,D1,69.28133333333334,1500,9
1788678875,D1,60.362875,1500,8
1788678876,D1,31.79625,1500,8
1788678877,D1,26.275333333333332,1500,9
1788678878,D1,24.743666666666666,1500,9
1788678879,D1,24.7165,1500,8
1788678880,D1,25.284333333333333,1500,9
1788678881,D1,48.307625,1500,8
1788678882,D1,69.016,1500,9
1788678883,D1,69.09625,1500,8
1788678884,D1,69.142625,1500,8
1788678885,D1,69.15022222222223,1500,9
1788678886,D1,69.19999999999999,1500,8
1788678887,D1,69.22025,1500,8
1788678888,D1,69.29477777777778,1500,9
1788678889,D1,69.337,1500,8
1788678890,D1,69.34224999999999,1500,8
1788678891,D1,69.34333333333333,1500,9
1788678892,D1,69.41,1500,8
1788678893,D1,69.41875,1500,8
1788678894,D1,69.46288888888888,1500,9
1788678895,D1,67.974,1500,8
1788678896,D1,40.89325,1500,8
1788678897,D1,28.1087,1500,10
1788678898,D1,25.215999999999998,1500,9
1788678899,D1,25.09075,1500,8
1788678900,D1,24.878333333333334,1500,9
1788678901,D1,24.736625,1500,8
1788678902,D1,24.208666666666666,1300,9
1788678903,D1,23.80775,900,8
1788678904,D1,43.950625,900,8
1788678905,D1,59.464124999999996,900,8
1788678906,D1,59.518,900,9
1788678907,D1,53.207625,900,8
1788678908,D1,28.182666666666666,900,9
1788678909,D1,23.2865,900,8
1788678910,D1,21.927374999999998,900,8
1788678911,D1,22.018333333333334,900,9
1788678912,D1,22.29775,900,8
1788678913,D1,42.11355555555556,900,9
1788678914,D1,58.854875,900,8
1788678915,D1,58.889625,900,8
1788678916,D1,55.928555555555555,900,9
1788678917,D1,30.863,900,8
1788678918,D1,23.84422222222222,900,9
1788678919,D1,21.851374999999997,900,8
1788678920,D1,21.8395,900,8
1788678921,D1,21.807333333333332,900,9
1788678922,D1,21.8345,900,8
1788678923,D1,21.888555555555556,900,9
1788678924,D1,22.497,1125,8
1788678925,D1,26.71211111111111,1500,9
1788678926,D1,55.463375,1500,8
1788678927,D1,68.708375,1500,8
1788678928,D1,68.81811111111111,1500,9
1788678929,D1,61.73133333333333,1500,9
1788678930,D1,31.837875,1500,8
1788678931,D1,26.082666666666668,1500,9
1788678932,D1,24.653624999999998,1500,8
1788678933,D1,24.60033333333333,1500,9
1788678934,D1,26.839,1500,9
1788678935,D1,53.86325,1500,8
1788678936,D1,68.839,1500,8
1788678937,D1,68.9325,1500,8
1788678938,D1,69.00011111111111,1500,9
1788678939,D1,69.062125,1500,8
1788678940,D1,69.064375,1500,8
1788678941,D1,67.86644444444445,1500,9
1788678942,D1,41.088625,1500,8
1788678943,D1,28.456666666666667,1500,9
1788678944,D1,24.567,1500,9
1788678945,D1,24.503333333333334,1500,9
1788678946,D1,24.4475,1500,8
1788678947,D1,37.458222222222226,1500,9
1788678948,D1,68.65075,1500,8
1788678949,D1,68.978875,1500,8
1788678950,D1,69.02375,1500,8
1788678951,D1,69.06777777777778,1500,9
1788678952,D1,69.105875,1500,8
1788678953,D1,69.169625,1500,8
1788678954,D1,69.24487500000001,1500,8
1788678955,D1,69.21166666666666,1500,9
1788678956,D1,69.25075,1500,8
1788678957,D1,69.2945,1500,8
1788678958,D1,69.331,1500,9
1788678959,D1,69.39775,1500,8
1788678960,D1,69.44575,1500,8
1788678961,D1,64.09011111111111,1500,9
1788678962,D1,33.739125,1500,8
1788678963,D1,26.776333333333334,1500,9
1788678964,D1,24.820555555555558,1500,9
1788678965,D1,24.839,1500,8
1788678966,D1,25.213124999999998,1500,8
1788678967,D1,48.02988888888889,1500,9
1788678968,D1,69.145875,1500,8
1788678969,D1,69.191375,1500,8
1788678970,D1,69.25588888888889,1500,9
1788678971,D1,69.3075,1500,8
1788678972,D1,69.314875,1500,8
1788678973,D1,69.40133333333334,1500,9
1788678974,D1,45.986222222222224,1500,9
1788678975,D1,29.589624999999998,1500,8
1788678976,D1,24.72522222222222,1500,9
1788678977,D1,24.736125,1500,8
1788678978,D1,24.897000000000002,1500,9
1788678979,D1,27.42925,1500,8
1788678980,D1,60.251,1500,8
1788678981,D1,69.04233333333333,1500,9
1788678982,D1,69.127875,1500,8
1788678983,D1,69.23425,1500,8
1788678984,D1,69.26666666666667,1500,9
1788678985,D1,69.263375,1500,8
1788678986,D1,69.29125,1500,8
1788678987,D1,69.326875,1500,8
1788678988,D1,69.42511111111112,1500,9
1788678989,D1,69.455875,1500,8
1788678990,D1,69.438875,1500,8
1788678991,D1,69.43877777777777,1500,9
1788678992,D1,69.481125,1500,8
1788678993,D1,69.56700000000001,1500,8
1788678994,D1,64.29866666666666,1500,9
1788678995,D1,33.993375,1500,8
1788678996,D1,27.2305,1500,8
1788678997,D1,24.94511111111111,1500,9
1788678998,D1,24.909333333333333,1500,9
1788678999,D1,24.88575,1500,8
1788679000,D1,24.846,1500,8
1788679001,D1,24.821333333333335,1500,9
1788679002,D1,23.897,1166.6666666666667,9
1788679003,D1,26.11725,900,8
1788679004,D1,49.897,900,8
1788679005,D1,59.54644444444445,900,9
1788679006,D1,59.578125,900,8
1788679007,D1,46.476125,900,8
1788679008,D1,25.99888888888889,900,9
1788679009,D1,21.963,900,8
1788679010,D1,22.04566666666667,900,9
1788679011,D1,22.007,900,8
1788679012,D1,23.51388888888889,900,9
1788679013,D1,49.861875,900,8
1788679014,D1,58.898624999999996,900,8
1788679015,D1,58.9045,900,8
1788679016,D1,51.803000000000004,900,9
1788679017,D1,27.62725,900,8
1788679018,D1,23.204666666666668,900,9
1788679019,D1,21.927,900,8
1788679020,D1,21.959,900,8
1788679021,D1,21.862333333333332,900,9
1788679022,D1,21.92275,900,8
1788679023,D1,21.884125,900,8
1788679024,D1,38.66744444444444,900,9
1788679025,D1,58.29,900,8
1788679026,D1,58.271375,900,8
1788679027,D1,58.102375,900,8
1788679028,D1,37.15133333333333,900,9
1788679029,D1,25.57625,900,8
1788679030,D1,21.712,900,9
1788679031,D1,21.668,900,8
1788679032,D1,21.668,900,8
1788679033,D1,21.700333333333333,900,9
1788679034,D1,21.7785,1050,8
1788679035,D1,24.409777777777776,1500,9
1788679036,D1,51.054375,1500,8
1788679037,D1,68.698875,1500,8
1788679038,D1,68.77088888888889,1500,9
1788679039,D1,68.846375,1500,8
1788679040,D1,68.915625,1500,8
1788679041,D1,68.91233333333334,1500,9
1788679042,D1,68.97,1500,8
1788679043,D1,45.01777777777777,1500,9
1788679044,D1,28.41125,1500,8
1788679045,D1,24.600777777777775,1500,9
1788679046,D1,24.491,1500,9
1788679047,D1,24.427,1500,8
1788679048,D1,33.78077777777778,1500,9
1788679049,D1,67.63875,1500,8
1788679050,D1,68.87377777777778,1500,9
1788679051,D1,68.905625,1500,8
1788679052,D1,68.914125,1500,8
1788679053,D1,68.94966666666666,1500,9
1788679054,D1,68.982125,1500,8
1788679055,D1,69.005875,1500,8
1788679056,D1,69.01088888888889,1500,9
1788679057,D1,69.051625,1500,8
1788679058,D1,69.053625,1500,8
1788679059,D1,69.135,1500,8
1788679060,D1,69.12977777777778,1500,9
1788679061,D1,69.155125,1500,8
1788679062,D1,64.2505,1500,8
1788679063,D1,34.03633333333333,1500,9
1788679064,D1,26.668333333333333,1500,9
1788679065,D1,24.649,1500,9
1788679066,D1,24.550250000000002,1500,8
1788679067,D1,25.563444444444446,1500,9
1788679068,D1,49.21125,1500,8
1788679069,D1,68.97025000000001,1500,8
1788679070,D1,68.987,1500,9
1788679071,D1,69.0215,1500,8
1788679072,D1,69.101,1500,8
1788679073,D1,69.101,1500,9
1788679074,D1,69.108,1500,8
1788679075,D1,51.09211111111111,1500,9
1788679076,D1,28.769666666666666,1500,9
1788679077,D1,24.719,1500,8
1788679078,D1,24.899,1500,9
1788679079,D1,24.776666666666667,1500,9
1788679080,D1,27.8335,1500,8
1788679081,D1,59.922000000000004,1500,8
1788679082,D1,68.78611111111111,1500,9
1788679083,D1,68.85612499999999,1500,8
1788679084,D1,68.906375,1500,8
1788679085,D1,68.97011111111111,1500,9
1788679086,D1,68.98,1500,8
1788679087,D1,68.998875,1500,8
1788679088,D1,69.02177777777777,1500,9
1788679089,D1,69.01825,1500,8
1788679090,D1,69.0695,1500,8
1788679091,D1,69.127,1500,9
1788679092,D1,69.098125,1500,8
1788679093,D1,69.06375,1500,8
1788679094,D1,69.11788888888888,1500,9
1788679095,D1,63.12025,1500,8
1788679096,D1,33.12522222222222,1500,9
1788679097,D1,26.109,1500,9
1788679098,D1,24.765,1500,9
1788679099,D1,24.83475,1500,8
1788679100,D1,24.65522222222222,1500,9
1788679101,D1,24.487000000000002,1500,8
1788679102,D1,24.501,1166.6666666666667,9
1788679103,D1,27.199624999999997,900,8
1788679104,D1,52.81525,900,8
1788679105,D1,59.15575,900,8
1788679106,D1,59.205375000000004,900,8
1788679107,D1,44.21688888888889,900,9
1788679108,D1,25.367,900,8
1788679109,D1,21.77,900,8
1788679110,D1,21.727,900,9
1788679111,D1,21.818,900,8
1788679112,D1,23.327,900,8
1788679113,D1,49.282625,900,8
1788679114,D1,58.538375,900,8
1788679115,D1,58.562555555555555,900,9
1788679116,D1,50.527875,900,8
1788679117,D1,26.909374999999997,900,8
1788679118,D1,22.494888888888887,900,9
1788679119,D1,21.54625,900,8
1788679120,D1,21.641750000000002,900,8
1788679121,D1,21.678,900,9
1788679122,D1,21.576888888888888,900,9
1788679123,D1,23.253625,900,8
1788679124,D1,47.069375,900,8
1788679125,D1,57.79888888888889,900,9
1788679126,D1,57.879625000000004,900,8
1788679127,D1,52.39075,900,8
1788679128,D1,28.7465,900,8
1788679129,D1,23.28011111111111,900,9
1788679130,D1,21.505375,900,8
1788679131,D1,21.544625,900,8
1788679132,D1,21.581,900,9
1788679133,D1,21.47225,900,8
1788679134,D1,21.564666666666668,1300,9
1788679135,D1,30.533125,1500,8
1788679136,D1,61.773875000000004,1500,8
1788679137,D1,68.387125,1500,8
1788679138,D1,68.45011111111111,1500,9
1788679139,D1,68.491,1500,8
1788679140,D1,68.5255,1500,8
1788679141,D1,68.5555,1500,8
1788679142,D1,65.58725,1500,8
1788679143,D1,35.289,1500,9
1788679144,D1,26.444499999999998,1500,8
1788679145,D1,24.24888888888889,1500,9
1788679146,D1,24.342222222222222,1500,9
1788679147,D1,25.36888888888889,1500,9
1788679148,D1,47.613125,1500,8
1788679149,D1,68.45587499999999,1500,8
1788679150,D1,68.51177777777778,1500,9
1788679151,D1,68.548125,1500,8
1788679152,D1,68.536875,1500,8
1788679153,D1,68.626875,1500,8
1788679154,D1,68.641875,1500,8
1788679155,D1,68.61566666666667,1500,9
1788679156,D1,68.661,1500,8
1788679157,D1,68.689375,1500,8
1788679158,D1,68.72562500000001,1500,8
1788679159,D1,68.76855555555555,1500,9
1788679160,D1,68.793375,1500,8
1788679161,D1,68.818875,1500,8
1788679162,D1,55.99155555555556,1500,9
1788679163,D1,29.332,1500,8
1788679164,D1,25.482555555555557,1500,9
1788679165,D1,24.47625,1500,8
1788679166,D1,24.431666666666665,1500,9
1788679167,D1,29.421499999999998,1500,8
1788679168,D1,61.206375,1500,8
1788679169,D1,68.677375,1500,8
1788679170,D1,68.74777777777777,1500,9
1788679171,D1,68.8495,1500,8
1788679172,D1,68.86775,1500,8
1788679173,D1,68.82377777777778,1500,9
1788679174,D1,66.663,1500,8
1788679175,D1,38.93888888888889,1500,9
1788679176,D1,28.3485,1500,8
1788679177,D1,24.61588888888889,1500,9
1788679178,D1,24.714222222222222,1500,9
1788679179,D1,24.531625000000002,1500,8
1788679180,D1,35.25022222222222,1500,9
1788679181,D1,66.803375,1500,8
1788679182,D1,68.6375,1500,8
1788679183,D1,68.66266666666667,1500,9
1788679184,D1,68.688125,1500,8
1788679185,D1,68.73225,1500,8
1788679186,D1,68.75566666666667,1500,9
1788679187,D1,68.760125,1500,8
1788679188,D1,68.80925,1500,8
1788679189,D1,68.89355555555555,1500,9
1788679190,D1,68.938875,1500,8
1788679191,D1,68.868375,1500,8
1788679192,D1,68.95044444444444,1500,9
1788679193,D1,68.952375,1500,8
1788679194,D1,68.972875,1500,8
1788679195,D1,53.93677777777778,1500,9
1788679196,D1,30.07611111111111,1500,9
1788679197,D1,25.220666666666666,1500,9
1788679198,D1,24.681,1500,8
1788679199,D1,24.622333333333334,1500,9
1788679200,D1,24.518,1500,8
1788679201,D1,24.474444444444444,1500,9
1788679202,D1,23.462,900,8
1788679203,D1,30.8795,900,8
1788679204,D1,56.456875,900,8
1788679205,D1,59.23755555555556,900,9
1788679206,D1,58.246,900,8
1788679207,D1,36.36775,900,8
1788679208,D1,26.445,900,8
1788679209,D1,21.756333333333334,900,9
1788679210,D1,21.781750000000002,900,8
1788679211,D1,21.8365,900,8
1788679212,D1,32.04288888888889,900,9
1788679213,D1,58.151625,900,8
1788679214,D1,58.626,900,8
1788679215,D1,58.389,900,8
1788679216,D1,38.74975,900,8
1788679217,D1,25.30011111111111,900,9
1788679218,D1,21.714750000000002,900,8
1788679219,D1,21.714000000000002,900,9
1788679220,D1,21.832666666666665,900,9
1788679221,D1,21.74225,900,8
1788679222,D1,21.576888888888888,900,9
1788679223,D1,25.876625,900,8
1788679224,D1,53.013374999999996,900,8
1788679225,D1,57.9535,900,8
1788679226,D1,58.001,900,8
1788679227,D1,51.17322222222222,900,9
1788679228,D1,26.773500000000002,900,8
1788679229,D1,22.8865,900,8
1788679230,D1,21.635333333333335,900,9
1788679231,D1,21.678,900,8
1788679232,D1,21.587375,900,8
1788679233,D1,21.565,900,9
1788679234,D1,22.336000000000002,1275,8
1788679235,D1,30.261111111111113,1500,9
1788679236,D1,61.883874999999996,1500,8
1788679237,D1,68.573,1500,8
1788679238,D1,68.620625,1500,8
1788679239,D1,68.67155555555556,1500,9
1788679240,D1,68.711375,1500,8
1788679241,D1,68.722625,1500,8
1788679242,D1,65.754125,1500,8
1788679243,D1,37.19855555555556,1500,9
1788679244,D1,26.775666666666666,1500,9
1788679245,D1,24.283,1500,9
1788679246,D1,24.2785,1500,8
1788679247,D1,25.28811111111111,1500,9
1788679248,D1,49.46825,1500,8
1788679249,D1,68.594375,1500,8
1788679250,D1,68.6555,1500,8
1788679251,D1,68.69866666666667,1500,9
1788679252,D1,68.767125,1500,8
1788679253,D1,68.82325,1500,8
1788679254,D1,68.84049999999999,1500,8
1788679255,D1,68.866625,1500,8
1788679256,D1,68.87733333333334,1500,9
1788679257,D1,68.8875,1500,8
1788679258,D1,68.91325,1500,8
1788679259,D1,69.00425,1500,8
1788679260,D1,69.00687500000001,1500,8
1788679261,D1,69.07444444444444,1500,9
1788679262,D1,54.554874999999996,1500,8
1788679263,D1,29.531875,1500,8
1788679264,D1,25.618444444444442,1500,9
1788679265,D1,24.587125,1500,8
1788679266,D1,24.53011111111111,1500,9
1788679267,D1,29.761875,1500,8
1788679268,D1,60.623125,1500,8
1788679269,D1,68.93555555555555,1500,9
1788679270,D1,68.935125,1500,8
1788679271,D1,68.969125,1500,8
1788679272,D1,68.983125,1500,8
1788679273,D1,69.038,1500,8
1788679274,D1,66.11655555555555,1500,9
1788679275,D1,36.974375,1500,8
1788679276,D1,27.305999999999997,1500,9
1788679277,D1,24.700499999999998,1500,8
1788679278,D1,24.738222222222223,1500,9
1788679279,D1,24.787875,1500,8
1788679280,D1,38.293375,1500,8
1788679281,D1,67.45144444444445,1500,9
1788679282,D1,68.7715,1500,8
1788679283,D1,68.84525,1500,8
1788679284,D1,68.92675,1500,8
1788679285,D1,68.929625,1500,8
1788679286,D1,68.99177777777778,1500,9
1788679287,D1,69.014,1500,8
1788679288,D1,69.03825,1500,8
1788679289,D1,69.071875,1500,8
1788679290,D1,69.08125,1500,8
1788679291,D1,69.14022222222222,1500,9
1788679292,D1,69.1955,1500,8
1788679293,D1,69.279,1500,8
1788679294,D1,69.27955555555556,1500,9
1788679295,D1,50.47911111111111,1500,9
1788679296,D1,30.611,1500,9
1788679297,D1,24.803,1500,8
1788679298,D1,24.668444444444443,1500,9
1788679299,D1,24.712,1500,9
1788679300,D1,24.712,1500,8
1788679301,D1,24.485333333333333,1433.3333333333333,9
1788679302,D1,23.276374999999998,900,8
1788679303,D1,35.278666666666666,900,9
1788679304,D1,59.302,900,8
1788679305,D1,59.33475,900,8
1788679306,D1,55.3815,900,8
1788679307,D1,30.62125,900,8
1788679308,D1,23.612666666666666,900,9
1788679309,D1,21.7255,900,8
1788679310,D1,21.717,900,9
1788679311,D1,21.708125,900,8
1788679312,D1,35.00775,900,8
1788679313,D1,58.2205,900,8
1788679314,D1,58.742777777777775,900,9
1788679315,D1,57.56925,900,8
1788679316,D1,34.695,900,8
1788679317,D1,24.316666666666666,900,9
1788679318,D1,21.942,900,8
1788679319,D1,21.862,900,9
1788679320,D1,21.84975,900,8
1788679321,D1,21.748666666666665,900,9
1788679322,D1,21.75925,900,8
1788679323,D1,33.6075,900,8
1788679324,D1,57.574,900,8
1788679325,D1,58.10711111111111,900,9
1788679326,D1,58.11425,900,8
1788679327,D1,41.5845,900,8
1788679328,D1,24.720444444444446,900,9
1788679329,D1,21.716125,900,8
1788679330,D1,21.717,900,8
1788679331,D1,21.65722222222222,900,9
1788679332,D1,21.571,900,8
1788679333,D1,21.595125000000003,900,8
1788679334,D1,39.095666666666666,900,9
1788679335,D1,58.889625,900,8
1788679336,D1,58.93475,900,8
1788679337,D1,58.959125,900,8
1788679338,D1,58.9865,900,8
1788679339,D1,59.044555555555554,900,9
1788679340,D1,59.073875,900,8
1788679341,D1,45.318,900,9
1788679342,D1,25.19,900,9
1788679343,D1,21.623,900,8
1788679344,D1,21.571,900,8
1788679345,D1,21.48477777777778,900,9
1788679346,D1,21.474,900,8
1788679347,D1,21.528,900,8
1788679348,D1,21.613333333333333,900,9
1788679349,D1,23.134,1433.3333333333333,9
1788679350,D1,41.80825,1500,8
1788679351,D1,68.4305,1500,8
1788679352,D1,68.5025,1500,8
1788679353,D1,68.55422222222222,1500,9
1788679354,D1,68.587625,1500,8
1788679355,D1,68.599875,1500,8
1788679356,D1,68.685,1500,8
1788679357,D1,68.68,1500,9
1788679358,D1,68.664875,1500,8
1788679359,D1,68.65425,1500,8
1788679360,D1,68.72177777777777,1500,9
1788679361,D1,68.762625,1500,8
1788679362,D1,68.771,1500,8
1788679363,D1,68.7821111111111,1500,9
1788679364,D1,58.3285,1500,8
1788679365,D1,31.44388888888889,1500,9
1788679366,D1,25.076,1500,8
1788679367,D1,24.327111111111112,1500,9
1788679368,D1,24.355333333333334,1500,9
1788679369,D1,26.867125,1500,8
1788679370,D1,55.057875,1500,8
1788679371,D1,68.60633333333334,1500,9
1788679372,D1,68.665125,1500,8
1788679373,D1,68.666375,1500,8
1788679374,D1,68.69925,1500,8
1788679375,D1,68.73655555555555,1500,9
1788679376,D1,68.777,1500,8
1788679377,D1,43.815555555555555,1500,9
1788679378,D1,28.135625,1500,8
1788679379,D1,24.496000000000002,1500,9
1788679380,D1,24.397333333333336,1500,9
1788679381,D1,24.372875,1500,8
1788679382,D1,29.65722222222222,1500,9
1788679383,D1,62.75025,1500,8
1788679384,D1,68.458625,1500,8
1788679385,D1,68.48655555555555,1500,9
1788679386,D1,68.546875,1500,8
1788679387,D1,68.61311111111111,1500,9
1788679388,D1,68.624625,1500,8
1788679389,D1,68.63666666666667,1500,9
1788679390,D1,68.61825,1500,8
1788679391,D1,68.599125,1500,8
1788679392,D1,68.62,1500,9
1788679393,D1,68.693,1500,8
1788679394,D1,68.6555,1500,8
1788679395,D1,68.72133333333333,1500,9
1788679396,D1,68.76050000000001,1500,8
1788679397,D1,61.1915,1500,8
1788679398,D1,32.032333333333334,1500,9
1788679399,D1,26.078,1500,9
1788679400,D1,24.529249999999998,1500,8
1788679401,D1,24.495333333333335,1500,9
1788679402,D1,24.337666666666667,1500,9
1788679403,D1,24.350444444444445,1500,9
1788679404,D1,23.358,1050,8
1788679405,D1,27.7535,900,8
1788679406,D1,53.81977777777778,900,9
1788679407,D1,58.89475,900,8
1788679408,D1,58.523375,900,8
1788679409,D1,38.236125,900,8
1788679410,D1,24.29411111111111,900,9
1788679411,D1,21.562124999999998,900,8
1788679412,D1,21.684555555555555,900,9
1788679413,D1,21.546750000000003,900,8
1788679414,D1,24.881375,900,8
1788679415,D1,53.802375,900,8
1788679416,D1,58.294,900,9
1788679417,D1,58.325874999999996,900,8
1788679418,D1,45.69375,900,8
1788679419,D1,25.870444444444445,900,9
1788679420,D1,21.523,900,8
1788679421,D1,21.43588888888889,900,9
1788679422,D1,21.377,900,8
1788679423,D1,21.377,900,9
1788679424,D1,21.329,900,8
1788679425,D1,24.716875,900,8
1788679426,D1,51.90233333333333,900,9
1788679427,D1,57.58025,900,8
1788679428,D1,57.64,900,8
1788679429,D1,49.22877777777778,900,9
1788679430,D1,26.081625,900,8
1788679431,D1,22.25488888888889,900,9
1788679432,D1,21.423,900,9
1788679433,D1,21.299777777777777,900,9
1788679434,D1,21.272,900,9
1788679435,D1,21.256999999999998,900,8
1788679436,D1,29.120874999999998,900,8
1788679437,D1,55.7055,900,8
1788679438,D1,58.46375,900,8
1788679439,D1,58.52122222222222,900,9
1788679440,D1,58.528375,900,8
1788679441,D1,58.5465,900,8
1788679442,D1,58.54325,900,8
1788679443,D1,54.370875,900,8
1788679444,D1,29.00177777777778,900,9
1788679445,D1,22.663,900,8
1788679446,D1,21.308500000000002,900,8
1788679447,D1,21.253333333333334,900,9
1788679448,D1,21.232,900,8
1788679449,D1,21.232,900,9
1788679450,D1,21.232,900,8
1788679451,D1,22.090888888888887,1233.3333333333333,9
1788679452,D1,29.967375,1500,8
1788679453,D1,59.95322222222222,1500,9
1788679454,D1,68.0355,1500,8
1788679455,D1,68.064625,1500,8
1788679456,D1,68.100875,1500,8
1788679457,D1,68.14933333333333,1500,9
1788679458,D1,68.160625,1500,8
1788679459,D1,68.218125,1500,8
1788679460,D1,68.20511111111111,1500,9
1788679461,D1,68.21487499999999,1500,8
1788679462,D1,68.268875,1500,8
1788679463,D1,68.350875,1500,8
1788679464,D1,68.34966666666666,1500,9
1788679465,D1,68.3525,1500,8
1788679466,D1,67.1075,1500,8
1788679467,D1,39.17455555555556,1500,9
1788679468,D1,25.007666666666665,1500,9
1788679469,D1,24.079749999999997,1500,8
1788679470,D1,24.017666666666667,1500,9
1788679471,D1,23.985,1500,9
1788679472,D1,39.203875,1500,8
1788679473,D1,67.867875,1500,8
1788679474,D1,68.21375,1500,8
1788679475,D1,68.27666666666667,1500,9
1788679476,D1,68.297375,1500,8
1788679477,D1,68.31275,1500,8
1788679478,D1,68.32333333333334,1500,9
1788679479,D1,55.214555555555556,1500,9
1788679480,D1,30.129555555555555,1500,9
1788679481,D1,23.989,1500,8
1788679482,D1,24.033444444444445,1500,9
1788679483,D1,24.039,1500,8
1788679484,D1,24.921555555555557,1500,9
1788679485,D1,53.438250000000004,1500,8
1788679486,D1,68.0365,1500,8
1788679487,D1,68.09425,1500,8
1788679488,D1,68.114875,1500,8
1788679489,D1,68.16588888888889,1500,9
1788679490,D1,68.2205,1500,8
1788679491,D1,68.24275,1500,8
1788679492,D1,68.235375,1500,8
1788679493,D1,68.23025,1500,8
1788679494,D1,68.23377777777777,1500,9
1788679495,D1,68.28925000000001,1500,8
1788679496,D1,68.234875,1500,8
1788679497,D1,68.315375,1500,8
1788679498,D1,68.38588888888889,1500,9
1788679499,D1,66.96025,1500,8
1788679500,D1,39.077125,1500,8
1788679501,D1,27.075,1500,9
1788679502,D1,24.140666666666668,1500,9
1788679503,D1,24.140125,1500,8
1788679504,D1,24.227,1500,9
1788679505,D1,24.154625,1500,8
1788679506,D1,23.665666666666667,1300,9
1788679507,D1,23.623624999999997,900,8
1788679508,D1,41.08475,900,8
1788679509,D1,58.637875,900,8
1788679510,D1,58.614444444444445,900,9
1788679511,D1,48.156625,900,8
1788679512,D1,26.234,900,8
1788679513,D1,22.21977777777778,900,9
1788679514,D1,21.393125,900,8
1788679515,D1,21.351,900,8
1788679516,D1,22.878555555555554,900,9
1788679517,D1,48.29775,900,8
1788679518,D1,58.037375,900,8
1788679519,D1,58.086125,900,8
1788679520,D1,52.677,900,8
1788679521,D1,28.580624999999998,900,8
1788679522,D1,22.920333333333332,900,9
1788679523,D1,21.308374999999998,900,8
1788679524,D1,21.332666666666665,900,9
1788679525,D1,21.494,900,9
1788679526,D1,21.493375,900,8
1788679527,D1,21.370125,900,8
1788679528,D1,36.34155555555556,900,9
1788679529,D1,57.421625,900,8
1788679530,D1,57.583625,900,8
1788679531,D1,56.9755,900,8
1788679532,D1,36.605375,900,8
1788679533,D1,25.521333333333335,900,9
1788679534,D1,21.274125,900,8
1788679535,D1,21.2775,900,8
1788679536,D1,21.388666666666666,900,9
1788679537,D1,21.339125,900,8
1788679538,D1,22.015375,900,8
1788679539,D1,40.2445,900,8
1788679540,D1,58.40588888888889,900,9
1788679541,D1,58.467124999999996,900,8
1788679542,D1,58.467875,900,8
1788679543,D1,58.52025,900,8
1788679544,D1,58.533,900,8
1788679545,D1,58.558375,900,8
1788679546,D1,45.565875,900,8
1788679547,D1,25.276999999999997,900,9
1788679548,D1,21.25,900,8
1788679549,D1,21.29,900,8
1788679550,D1,21.29,900,9
1788679551,D1,21.242,900,8
1788679552,D1,21.242,900,8
1788679553,D1,22.44377777777778,1433.3333333333333,9
1788679554,D1,34.8645,1500,8
1788679555,D1,65.140625,1500,8
1788679556,D1,68.1375,1500,8
1788679557,D1,68.15011111111112,1500,9
1788679558,D1,68.1935,1500,8
1788679559,D1,68.225875,1500,8
1788679560,D1,68.28175,1500,8
1788679561,D1,68.286125,1500,8
1788679562,D1,68.28877777777778,1500,9
1788679563,D1,68.3635,1500,8
1788679564,D1,68.456125,1500,8
1788679565,D1,68.42675,1500,8
1788679566,D1,68.477375,1500,8
1788679567,D1,68.481,1500,8
1788679568,D1,62.77222222222222,1500,9
1788679569,D1,32.51325,1500,8
1788679570,D1,26.035444444444444,1500,9
1788679571,D1,24.066777777777776,1500,9
1788679572,D1,24.087,1500,9
1788679573,D1,24.54225,1500,8
1788679574,D1,48.730000000000004,1500,8
1788679575,D1,68.31555555555556,1500,9
1788679576,D1,68.4215,1500,8
1788679577,D1,68.469125,1500,8
1788679578,D1,68.54725,1500,8
1788679579,D1,68.553,1500,8
1788679580,D1,68.41077777777778,1500,9
1788679581,D1,47.110125000000004,1500,8
1788679582,D1,29.858555555555554,1500,9
1788679583,D1,24.17,1500,8
1788679584,D1,24.185555555555556,1500,9
1788679585,D1,24.135875,1500,8
1788679586,D1,28.15,1500,9
1788679587,D1,61.382,1500,8
1788679588,D1,68.3765,1500,8
1788679589,D1,68.448125,1500,8
1788679590,D1,68.47711111111111,1500,9
1788679591,D1,68.49362500000001,1500,8
1788679592,D1,68.54975,1500,8
1788679593,D1,68.616125,1500,8
1788679594,D1,68.58566666666667,1500,9
1788679595,D1,68.606,1500,8
1788679596,D1,68.625125,1500,8
1788679597,D1,68.671875,1500,8
1788679598,D1,68.70100000000001,1500,9
1788679599,D1,68.729,1500,8
1788679600,D1,68.788875,1500,8
1788679601,D1,62.889250000000004,1500,8
1788679602,D1,32.87811111111111,1500,9
1788679603,D1,25.917666666666666,1500,9
1788679604,D1,24.39675,1500,8
1788679605,D1,24.372,1500,9
1788679606,D1,24.49325,1500,8
1788679607,D1,24.534,1500,9
1788679608,D1,24.7605,1125,8
1788679609,D1,27.056874999999998,900,8
1788679610,D1,50.49775,900,8
1788679611,D1,58.9365,900,8
1788679612,D1,58.99711111111111,900,9
1788679613,D1,43.1325,900,8
1788679614,D1,25.835,900,8
1788679615,D1,21.63,900,9
1788679616,D1,21.581,900,8
1788679617,D1,21.533,900,8
1788679618,D1,23.366888888888887,900,9
1788679619,D1,49.71875,900,8
1788679620,D1,58.40555555555556,900,9
1788679621,D1,58.445375,900,8
1788679622,D1,49.71225,900,8
1788679623,D1,26.927875,900,8
1788679624,D1,22.66777777777778,900,9
1788679625,D1,21.673250000000003,900,8
1788679626,D1,21.52025,900,8
1788679627,D1,21.559444444444445,900,9
1788679628,D1,21.544249999999998,900,8
1788679629,D1,23.585444444444445,900,9
1788679630,D1,49.25825,900,8
1788679631,D1,57.8375,900,8
1788679632,D1,57.904125,900,8
1788679633,D1,53.021625,900,8
1788679634,D1,28.409666666666666,900,9
1788679635,D1,22.87325,900,8
1788679636,D1,21.503666666666668,900,9
1788679637,D1,21.459,900,8
1788679638,D1,21.437875,900,8
1788679639,D1,21.403333333333332,900,9
1788679640,D1,24.878875,900,8
1788679641,D1,49.735375,900,8
1788679642,D1,58.740875,900,8
1788679643,D1,58.794875,900,8
1788679644,D1,58.84275,900,8
1788679645,D1,58.913777777777774,900,9
1788679646,D1,58.888875,900,8
1788679647,D1,58.131875,900,8
1788679648,D1,36.345625,900,8
1788679649,D1,24.419333333333334,900,9
1788679650,D1,21.68375,900,8
1788679651,D1,21.532666666666668,900,9
1788679652,D1,21.436,900,8
1788679653,D1,21.417625,900,8
1788679654,D1,21.387,900,9
1788679655,D1,21.912375,1050,8
1788679656,D1,25.765666666666668,1500,9
1788679657,D1,51.260999999999996,1500,8
1788679658,D1,68.365125,1500,8
1788679659,D1,68.448375,1500,8
1788679660,D1,68.53133333333334,1500,9
1788679661,D1,68.52012500000001,1500,8
1788679662,D1,68.57825,1500,8
1788679663,D1,68.631,1500,9
1788679664,D1,68.638875,1500,8
1788679665,D1,68.665375,1500,8
1788679666,D1,68.70011111111111,1500,9
1788679667,D1,68.70975,1500,8
1788679668,D1,68.7635,1500,8
1788679669,D1,68.784375,1500,8
1788679670,D1,68.78975,1500,8
1788679671,D1,51.81333333333333,1500,9
1788679672,D1,29.652,1500,8
1788679673,D1,24.45,1500,9
1788679674,D1,24.385,1500,8
1788679675,D1,24.288,1500,9
1788679676,D1,28.432375,1500,8
1788679677,D1,61.655499999999996,1500,8
1788679678,D1,68.6565,1500,8
1788679679,D1,68.705,1500,8
1788679680,D1,68.74177777777777,1500,9
1788679681,D1,68.7915,1500,8
1788679682,D1,68.841875,1500,8
1788679683,D1,65.861875,1500,8
1788679684,D1,36.45777777777778,1500,9
1788679685,D1,26.6615,1500,8
1788679686,D1,24.44177777777778,1500,9
1788679687,D1,24.469,1500,8
1788679688,D1,24.609333333333336,1500,9
1788679689,D1,36.224875,1500,8
1788679690,D1,67.08975,1500,8
1788679691,D1,68.649125,1500,8
1788679692,D1,68.66925,1500,8
1788679693,D1,68.71177777777777,1500,9
1788679694,D1,68.73525000000001,1500,8
1788679695,D1,68.7875,1500,8
1788679696,D1,68.81087500000001,1500,8
1788679697,D1,68.791,1500,8
1788679698,D1,68.8621111111111,1500,9
1788679699,D1,68.94862499999999,1500,8
1788679700,D1,68.92225,1500,8
1788679701,D1,68.943,1500,8
1788679702,D1,68.9935,1500,8
1788679703,D1,69.042,1500,9
1788679704,D1,51.576875,1500,8
1788679705,D1,29.052,1500,8
1788679706,D1,25.192375,1500,8
1788679707,D1,24.789444444444445,1500,9
1788679708,D1,24.76,1500,8
1788679709,D1,24.722666666666665,1500,9
1788679710,D1,24.676,1500,8
1788679711,D1,23.430666666666664,966.6666666666666,9
1788679712,D1,31.584555555555553,900,9
1788679713,D1,58.828625,900,8
1788679714,D1,59.230875,900,8
1788679715,D1,58.122375,900,8
1788679716,D1,34.86566666666667,900,9
1788679717,D1,24.3985,900,8
1788679718,D1,21.96875,900,8
1788679719,D1,21.823666666666668,900,9
1788679720,D1,21.781750000000002,900,8
1788679721,D1,29.496750000000002,900,8
1788679722,D1,56.638625,900,8
1788679723,D1,58.6535,900,8
1788679724,D1,58.664125,900,8
1788679725,D1,41.60644444444444,900,9
1788679726,D1,25.239,900,8
1788679727,D1,21.63877777777778,900,9
1788679728,D1,21.645,900,8
1788679729,D1,21.645,900,8
1788679730,D1,21.769666666666666,900,9
1788679731,D1,21.72475,900,8
1788679732,D1,29.67425,900,8
1788679733,D1,56.514875,900,8
1788679734,D1,58.045375,900,8
1788679735,D1,58.08422222222222,900,9
1788679736,D1,44.06475,900,8
1788679737,D1,25.147,900,8
1788679738,D1,22.02788888888889,900,9
1788679739,D1,21.629,900,8
1788679740,D1,21.581,900,8
1788679741,D1,21.537444444444443,900,9
1788679742,D1,21.532,900,8
1788679743,D1,30.396125,900,8
1788679744,D1,56.434333333333335,900,9
1788679745,D1,58.940999999999995,900,8
1788679746,D1,58.9955,900,8
1788679747,D1,59.03475,900,8
1788679748,D1,59.04975,900,8
1788679749,D1,59.079625,900,8
1788679750,D1,54.461,900,8
1788679751,D1,28.995555555555555,900,9
1788679752,D1,22.980875,900,8
1788679753,D1,21.693,900,8
1788679754,D1,21.699333333333332,900,9
1788679755,D1,21.587375,900,8
1788679756,D1,21.623625,900,8
1788679757,D1,21.686888888888888,900,9
1788679758,D1,22.34788888888889,1233.3333333333333,9
1788679759,D1,31.557666666666666,1500,9
1788679760,D1,62.460875,1500,8
1788679761,D1,68.5765,1500,8
1788679762,D1,68.60175,1500,8
1788679763,D1,68.653125,1500,8
1788679764,D1,68.69877777777778,1500,9
1788679765,D1,68.71362500000001,1500,8
1788679766,D1,68.7465,1500,8
1788679767,D1,68.76625,1500,8
1788679768,D1,68.822,1500,8
1788679769,D1,68.8578888888889,1500,9
1788679770,D1,68.889375,1500,8
1788679771,D1,68.89812500000001,1500,8
1788679772,D1,68.929375,1500,8
1788679773,D1,65.24733333333333,1500,9
1788679774,D1,36.8255,1500,8
1788679775,D1,27.447777777777777,1500,9
1788679776,D1,24.5265,1500,8
1788679777,D1,24.496222222222222,1500,9
1788679778,D1,24.4715,1500,8
1788679779,D1,40.758875,1500,8
1788679780,D1,68.64488888888889,1500,9
1788679781,D1,68.819875,1500,8
1788679782,D1,68.873625,1500,8
1788679783,D1,68.89212500000001,1500,8
1788679784,D1,68.957625,1500,8
1788679785,D1,68.98922222222222,1500,9
1788679786,D1,53.96175,1500,8
1788679787,D1,29.27922222222222,1500,9
1788679788,D1,24.632,1500,8
1788679789,D1,24.573333333333334,1500,9
1788679790,D1,24.735750000000003,1500,8
1788679791,D1,26.401666666666667,1500,9
1788679792,D1,57.1945,1500,8
1788679793,D1,68.715,1500,8
1788679794,D1,68.77625,1500,8
1788679795,D1,68.85075,1500,8
1788679796,D1,68.90522222222222,1500,9
1788679797,D1,68.92699999999999,1500,8
1788679798,D1,68.953,1500,8
1788679799,D1,68.945375,1500,8
1788679800,D1,68.97933333333333,1500,9
1788679801,D1,68.973125,1500,8
1788679802,D1,69.02612500000001,1500,8
1788679803,D1,69.10787499999999,1500,8
1788679804,D1,69.17733333333334,1500,9
1788679805,D1,69.242125,1500,8
1788679806,D1,64.79511111111111,1500,9
1788679807,D1,34.662124999999996,1500,8
1788679808,D1,27.291777777777778,1500,9
1788679809,D1,24.91788888888889,1500,9
1788679810,D1,24.749222222222222,1500,9
1788679811,D1,24.663,1500,8
1788679812,D1,24.659666666666666,1500,9
1788679813,D1,23.87922222222222,1233.3333333333333,9
1788679814,D1,25.301875,900,8
1788679815,D1,47.638,900,8
1788679816,D1,59.302375,900,8
1788679817,D1,59.35666666666667,900,9
1788679818,D1,47.185,900,8
1788679819,D1,25.9835,900,8
1788679820,D1,22.27722222222222,900,9
1788679821,D1,21.777625,900,8
1788679822,D1,21.735666666666667,900,9
1788679823,D1,22.887875,900,8
1788679824,D1,46.395375,900,8
1788679825,D1,58.67075,900,8
1788679826,D1,58.7265,900,8
1788679827,D1,53.221777777777774,900,9
1788679828,D1,27.843875,900,8
1788679829,D1,23.156333333333333,900,9
1788679830,D1,22.041333333333334,900,9
1788679831,D1,21.958333333333332,900,9
1788679832,D1,21.825375,900,8
1788679833,D1,21.674375,900,8
1788679834,D1,23.372,900,9
1788679835,D1,47.98,900,8
1788679836,D1,57.912,900,8
1788679837,D1,57.916875,900,8
1788679838,D1,53.13511111111111,900,9
1788679839,D1,28.758625,900,8
1788679840,D1,23.272777777777776,900,9
1788679841,D1,21.526,900,8
1788679842,D1,21.523,900,9
1788679843,D1,21.523,900,8
1788679844,D1,21.523,900,8
1788679845,D1,25.76377777777778,900,9
1788679846,D1,50.552875,900,8
1788679847,D1,58.848,900,8
1788679848,D1,58.876000000000005,900,8
1788679849,D1,58.894111111111116,900,9
1788679850,D1,58.924125000000004,900,8
1788679851,D1,58.955625,900,8
1788679852,D1,58.576125000000005,900,8
1788679853,D1,34.937222222222225,900,9
1788679854,D1,23.923000000000002,900,9
1788679855,D1,21.487000000000002,900,9
1788679856,D1,21.502000000000002,900,8
1788679857,D1,21.54725,900,8
1788679858,D1,21.62,916.6666666666666,9
1788679859,D1,24.1345,975,8
1788679860,D1,45.983374999999995,975,8
1788679861,D1,59.17666666666667,975,9
1788679862,D1,59.245125,975,8
1788679863,D1,59.2825,975,8
1788679864,D1,59.288000000000004,975,8
1788679865,D1,59.269111111111116,975,9
1788679866,D1,59.319,975,8
1788679867,D1,59.282625,975,8
1788679868,D1,59.294625,975,8
1788679869,D1,59.31725,975,8
1788679870,D1,59.291777777777774,975,9
1788679871,D1,59.3095,975,8
1788679872,D1,59.341750000000005,975,8
1788679873,D1,59.329625,975,8
1788679874,D1,46.205666666666666,975,9
1788679875,D1,25.398,975,8
1788679876,D1,22.04688888888889,975,9
1788679877,D1,21.625,975,8
1788679878,D1,21.60011111111111,975,9
1788679879,D1,21.564,975,10
1788679880,D1,21.564,975,8
1788679881,D1,21.733888888888888,975,9
1788679882,D1,22.869,1500,8
1788679883,D1,39.13611111111111,1500,9
1788679884,D1,68.27612500000001,1500,8
1788679885,D1,68.36525,1500,8
1788679886,D1,68.41588888888889,1500,9
1788679887,D1,68.451875,1500,8
1788679888,D1,68.4565,1500,8
1788679889,D1,68.475,1500,9
1788679890,D1,56.786,1500,8
1788679891,D1,30.002444444444443,1500,9
1788679892,D1,24.762875,1500,8
1788679893,D1,24.134,1500,9
1788679894,D1,24.130777777777777,1500,9
1788679895,D1,24.2305,1500,8
1788679896,D1,48.22533333333333,1500,9
1788679897,D1,68.240875,1500,8
1788679898,D1,68.29487499999999,1500,8
1788679899,D1,68.31355555555555,1500,9
1788679900,D1,68.343375,1500,8
1788679901,D1,68.403125,1500,8
1788679902,D1,68.42877777777778,1500,9
1788679903,D1,68.473125,1500,8
1788679904,D1,68.47800000000001,1500,8
1788679905,D1,68.47155555555555,1500,9
1788679906,D1,68.497375,1500,8
1788679907,D1,68.531375,1500,8
1788679908,D1,68.576,1500,8
1788679909,D1,68.58687499999999,1500,8
1788679910,D1,67.14844444444445,1500,9
1788679911,D1,41.207375,1500,8
1788679912,D1,27.749111111111112,1500,9
1788679913,D1,24.311,1500,8
1788679914,D1,24.275,1500,9
1788679915,D1,24.259249999999998,1500,8
1788679916,D1,24.202333333333332,1500,9
1788679917,D1,23.651999999999997,1350,8
1788679918,D1,23.694375,900,8
1788679919,D1,44.52811111111111,900,9
1788679920,D1,58.83325,900,8
1788679921,D1,58.835875,900,8
1788679922,D1,51.6225,900,8
1788679923,D1,27.359555555555556,900,9
1788679924,D1,22.55575,900,8
1788679925,D1,21.57625,900,8
1788679926,D1,21.435333333333332,900,9
1788679927,D1,22.21075,900,8
1788679928,D1,44.47833333333333,900,9
1788679929,D1,58.16175,900,8
1788679930,D1,58.24075,900,8
1788679931,D1,54.926874999999995,900,8
1788679932,D1,30.373250000000002,900,8
1788679933,D1,23.350555555555555,900,9
1788679934,D1,21.3545,900,8
1788679935,D1,21.3655,900,8
1788679936,D1,21.387,900,9
1788679937,D1,21.411,900,8
1788679938,D1,21.895888888888887,900,9
1788679939,D1,41.630375,900,8
1788679940,D1,57.565125,900,8
1788679941,D1,57.5285,900,8
1788679942,D1,56.70675,900,8
1788679943,D1,35.115625,900,8
1788679944,D1,24.077666666666666,900,9
1788679945,D1,21.34275,900,8
1788679946,D1,21.332333333333334,900,9
1788679947,D1,21.397,900,8
1788679948,D1,21.36075,900,8
1788679949,D1,22.417444444444445,900,9
1788679950,D1,43.23975,900,8
1788679951,D1,58.474625,900,8
1788679952,D1,58.492625,900,8
1788679953,D1,58.544,900,8
1788679954,D1,58.58866666666667,900,9
1788679955,D1,58.58,900,8
1788679956,D1,58.333749999999995,900,8
1788679957,D1,39.270875000000004,900,8
1788679958,D1,25.20075,900,8
1788679959,D1,21.348666666666666,900,9
1788679960,D1,21.29,900,8
1788679961,D1,21.293333333333333,900,9
1788679962,D1,21.311125,900,8
1788679963,D1,21.61975,975,8
1788679964,D1,42.040333333333336,975,9
1788679965,D1,58.94925,975,8
1788679966,D1,58.974,975,8
1788679967,D1,59.0035,975,8
1788679968,D1,59.00075,975,8
1788679969,D1,59.099875,975,8
1788679970,D1,59.07966666666667,975,9
1788679971,D1,59.10475,975,8
1788679972,D1,59.073125,975,8
1788679973,D1,59.02025,975,8
1788679974,D1,59.1,975,8
1788679975,D1,59.13825,975,8
1788679976,D1,59.17766666666667,975,9
1788679977,D1,59.203375,975,8
1788679978,D1,49.776666666666664,975,9
1788679979,D1,26.46775,975,8
1788679980,D1,22.368444444444446,975,9
1788679981,D1,21.612250000000003,975,8
1788679982,D1,21.62975,975,8
1788679983,D1,21.516444444444446,975,9
1788679984,D1,21.55675,975,8
1788679985,D1,21.584888888888887,975,9
1788679986,D1,22.487444444444446,1325,9
1788679987,D1,31.416,1500,8
1788679988,D1,61.8585,1500,8
1788679989,D1,68.30111111111111,1500,9
1788679990,D1,68.3405,1500,8
1788679991,D1,68.38612499999999,1500,8
1788679992,D1,68.44024999999999,1500,8
1788679993,D1,68.48455555555556,1500,9
1788679994,D1,64.717375,1500,8
1788679995,D1,36.169333333333334,1500,9
1788679996,D1,27.253999999999998,1500,8
1788679997,D1,24.125222222222224,1500,9
1788679998,D1,24.066333333333333,1500,9
1788679999,D1,24.0705,1500,8
1788680000,D1,37.485,1500,9
1788680001,D1,67.269875,1500,8
1788680002,D1,68.34088888888888,1500,9
1788680003,D1,68.3935,1500,8
1788680004,D1,68.482625,1500,8
1788680005,D1,68.475875,1500,8
1788680006,D1,68.46133333333333,1500,9
1788680007,D1,68.5,1500,8
1788680008,D1,68.496375,1500,8
1788680009,D1,68.559,1500,8
1788680010,D1,68.60025,1500,8
1788680011,D1,68.659,1500,8
1788680012,D1,68.65544444444444,1500,9
1788680013,D1,68.75025,1500,8
1788680014,D1,68.754875,1500,8
1788680015,D1,49.770125,1500,8
1788680016,D1,28.267777777777777,1500,9
1788680017,D1,24.442,1500,8
1788680018,D1,24.56822222222222,1500,9
1788680019,D1,24.482,1500,8
1788680020,D1,24.288,1500,9
1788680021,D1,24.288,1500,8
1788680022,D1,24.283555555555555,1433.3333333333333,9
1788680023,D1,23.08,900,8
1788680024,D1,32.543,900,8
1788680025,D1,58.6395,900,8
1788680026,D1,58.9465,900,8
1788680027,D1,57.00622222222222,900,9
1788680028,D1,32.599111111111114,900,9
1788680029,D1,25.10275,900,8
1788680030,D1,21.605777777777778,900,9
1788680031,D1,21.6565,900,8
1788680032,D1,21.56025,900,8
1788680033,D1,30.71175,900,8
1788680034,D1,57.547222222222224,900,9
1788680035,D1,58.388625000000005,900,8
1788680036,D1,58.068,900,8
1788680037,D1,37.34877777777778,900,9
1788680038,D1,24.7425,900,8
1788680039,D1,21.454,900,8
1788680040,D1,21.484,900,9
1788680041,D1,21.45975,900,8
1788680042,D1,21.387,900,8
1788680043,D1,21.410444444444444,900,9
1788680044,D1,28.913874999999997,900,8
1788680045,D1,56.109125,900,8
1788680046,D1,57.800625,900,8
1788680047,D1,57.7465,900,8
1788680048,D1,39.85011111111111,900,9
1788680049,D1,24.72725,900,8
1788680050,D1,21.44475,900,8
1788680051,D1,21.387,900,9
1788680052,D1,21.394111111111112,900,9
1788680053,D1,21.44622222222222,900,9
1788680054,D1,21.430625,900,8
1788680055,D1,35.51625,900,8
1788680056,D1,58.603875,900,8
1788680057,D1,58.711375000000004,900,8
1788680058,D1,58.6965,900,8
1788680059,D1,58.7965,900,8
1788680060,D1,58.81088888888889,900,9
1788680061,D1,58.821875,900,8
1788680062,D1,51.2665,900,8
1788680063,D1,27.1585,900,8
1788680064,D1,22.653666666666666,900,9
1788680065,D1,21.4465,900,8
1788680066,D1,21.43725,900,8
1788680067,D1,21.436,900,9
1788680068,D1,21.472,956.25,8
1788680069,D1,30.73775,975,8
1788680070,D1,56.82277777777778,975,9
1788680071,D1,59.12425,975,8
1788680072,D1,59.1525,975,8
1788680073,D1,59.237875,975,8
1788680074,D1,59.230625,975,8
1788680075,D1,59.337625,975,8
1788680076,D1,59.27455555555556,975,9
1788680077,D1,59.2825,975,8
1788680078,D1,59.25375,975,8
1788680079,D1,59.254875,975,8
1788680080,D1,59.30911111111111,975,9
1788680081,D1,59.32175,975,8
1788680082,D1,59.313625,975,8
1788680083,D1,57.55875,975,8
1788680084,D1,35.183875,975,8
1788680085,D1,25.607333333333333,975,9
1788680086,D1,21.79911111111111,975,9
1788680087,D1,21.735,975,8
1788680088,D1,21.708625,975,8
1788680089,D1,21.634888888888888,975,9
1788680090,D1,21.677999999999997,975,8
1788680091,D1,22.44611111111111,1208.3333333333333,9
1788680092,D1,25.655875,1500,8
1788680093,D1,52.474,1500,8
1788680094,D1,68.38877777777778,1500,9
1788680095,D1,68.414125,1500,8
1788680096,D1,68.505,1500,8
1788680097,D1,68.593125,1500,8
1788680098,D1,68.60988888888889,1500,9
1788680099,D1,68.129625,1500,8
1788680100,D1,43.42733333333333,1500,9
1788680101,D1,27.735444444444447,1500,9
1788680102,D1,24.28522222222222,1500,9
1788680103,D1,24.273875,1500,8
1788680104,D1,24.379555555555555,1500,9
1788680105,D1,27.497,1500,8
1788680106,D1,60.92775,1500,8
1788680107,D1,68.41388888888889,1500,9
1788680108,D1,68.483375,1500,8
1788680109,D1,68.53512500000001,1500,8
1788680110,D1,68.560125,1500,8
1788680111,D1,68.57477777777778,1500,9
1788680112,D1,68.60925,1500,8
1788680113,D1,68.683375,1500,8
1788680114,D1,68.67655555555555,1500,9
1788680115,D1,68.65825000000001,1500,8
1788680116,D1,68.71575,1500,8
1788680117,D1,68.731875,1500,8
1788680118,D1,68.7881111111111,1500,9
1788680119,D1,68.80275,1500,8
1788680120,D1,59.88475,1500,8
1788680121,D1,32.15211111111111,1500,9
1788680122,D1,26.12525,1500,8
1788680123,D1,24.538777777777778,1500,9
1788680124,D1,24.4575,1500,8
1788680125,D1,24.404999999999998,1500,9
1788680126,D1,24.4114,1500,10
1788680127,D1,24.901888888888887,1033.3333333333333,9
1788680128,D1,28.967625,900,8
1788680129,D1,54.22955555555556,900,9
1788680130,D1,59.060375,900,8
1788680131,D1,58.745375,900,8
1788680132,D1,38.17711111111111,900,9
1788680133,D1,25.2415,900,8
1788680134,D1,21.662999999999997,900,8
1788680135,D1,21.775,900,9
1788680136,D1,21.75075,900,8
1788680137,D1,26.517666666666667,900,9
1788680138,D1,54.997625,900,8
1788680139,D1,58.49725,900,8
1788680140,D1,58.537,900,8
1788680141,D1,45.29277777777778,900,9
1788680142,D1,25.775,900,8
1788680143,D1,21.63,900,8
1788680144,D1,21.586444444444442,900,9
1788680145,D1,21.552124999999997,900,8
1788680146,D1,21.505333333333333,900,9
1788680147,D1,21.629,900,8
1788680148,D1,22.356375,900,8
1788680149,D1,48.01533333333333,900,9
1788680150,D1,57.8385,900,8
1788680151,D1,57.836125,900,8
1788680152,D1,54.31366666666667,900,9
1788680153,D1,29.581875,900,8
1788680154,D1,23.320999999999998,900,8
1788680155,D1,21.540111111111113,900,9
1788680156,D1,21.557000000000002,900,8
1788680157,D1,21.63,900,8
1788680158,D1,21.543777777777777,900,9
1788680159,D1,24.379125000000002,900,8
1788680160,D1,47.015875,900,8
1788680161,D1,58.8115,900,8
1788680162,D1,58.80266666666667,900,9
1788680163,D1,58.87825,900,8
1788680164,D1,58.868625,900,8
1788680165,D1,58.858375,900,8
1788680166,D1,58.224333333333334,900,9
1788680167,D1,37.186375,900,8
1788680168,D1,25.627499999999998,900,8
1788680169,D1,21.52922222222222,900,9
1788680170,D1,21.49875,900,8
1788680171,D1,21.45,900,8
1788680172,D1,21.555555555555554,916.6666666666666,9
1788680173,D1,22.929624999999998,975,8
1788680174,D1,43.00725,975,8
1788680175,D1,59.14122222222222,975,9
1788680176,D1,59.2115,975,8
1788680177,D1,59.22844444444444,975,9
1788680178,D1,59.2475,975,8
1788680179,D1,59.233000000000004,975,8
1788680180,D1,59.289375,975,8
1788680181,D1,59.262625,975,8
1788680182,D1,59.22022222222222,975,9
1788680183,D1,59.2045,975,8
1788680184,D1,59.2875,975,8
1788680185,D1,59.307500000000005,975,8
1788680186,D1,59.29522222222222,975,9
1788680187,D1,59.334375,975,8
1788680188,D1,51.304249999999996,975,8
1788680189,D1,27.05825,975,8
1788680190,D1,22.87066666666667,975,9
1788680191,D1,21.589,975,8
1788680192,D1,21.57988888888889,975,9
1788680193,D1,21.581,975,9
1788680194,D1,21.661499999999997,1087.5,8
1788680195,D1,26.189875,1125,8
1788680196,D1,52.05155555555555,1125,9
1788680197,D1,59.892375,1125,8
1788680198,D1,59.926125,1125,8
1788680199,D1,60.027625,1125,8
1788680200,D1,60.01611111111111,1125,9
1788680201,D1,60.0475,1125,8
1788680202,D1,58.22325,1125,8
1788680203,D1,34.02411111111111,1125,9
1788680204,D1,24.885125,1125,8
1788680205,D1,21.891375,1125,8
1788680206,D1,22.007,1125,9
1788680207,D1,21.934625,1125,8
1788680208,D1,21.803,1125,9
1788680209,D1,21.75922222222222,1125,9
1788680210,D1,22.160625,1218.75,8
1788680211,D1,24.23288888888889,1500,9
1788680212,D1,49.03075,1500,8
1788680213,D1,68.10612499999999,1500,8
1788680214,D1,68.166,1500,9
1788680215,D1,68.23475,1500,8
1788680216,D1,68.250625,1500,8
1788680217,D1,68.26,1500,9
1788680218,D1,68.254,1500,8
1788680219,D1,68.29675,1500,8
1788680220,D1,68.31988888888888,1500,9
1788680221,D1,68.32275,1500,8
1788680222,D1,68.343625,1500,8
1788680223,D1,68.38733333333333,1500,9
1788680224,D1,68.41987499999999,1500,8
1788680225,D1,68.48875,1500,8
1788680226,D1,67.22277777777778,1500,9
1788680227,D1,40.591,1500,8
1788680228,D1,27.128,1500,9
1788680229,D1,24.23225,1500,8
1788680230,D1,24.216333333333335,1500,9
1788680231,D1,24.15475,1500,8
1788680232,D1,24.082,1500,9
1788680233,D1,23.695666666666668,1300,9
1788680234,D1,23.252625,900,8
1788680235,D1,45.528375,900,8
1788680236,D1,58.686125,900,8
1788680237,D1,58.75475,900,8
1788680238,D1,50.52377777777778,900,9
1788680239,D1,26.27475,900,8
1788680240,D1,22.158666666666665,900,9
1788680241,D1,21.34375,900,8
1788680242,D1,21.305666666666667,900,9
1788680243,D1,22.235500000000002,900,8
1788680244,D1,44.332750000000004,900,8
1788680245,D1,58.0465,900,8
1788680246,D1,58.098888888888894,900,9
1788680247,D1,53.989125,900,8
1788680248,D1,29.472375,900,8
1788680249,D1,23.29288888888889,900,9
1788680250,D1,21.282,900,8
1788680251,D1,21.28,900,9
1788680252,D1,21.256,900,8
1788680253,D1,21.232,900,9
1788680254,D1,21.6425,900,8
1788680255,D1,39.818375,900,8
1788680256,D1,57.42733333333334,900,9
1788680257,D1,57.477125,900,8
1788680258,D1,57.12825,900,8
1788680259,D1,35.39875,900,8
1788680260,D1,23.984,900,9
1788680261,D1,21.238,900,8
1788680262,D1,21.232,900,9
1788680263,D1,21.213625,900,8
1788680264,D1,21.215333333333334,900,9
1788680265,D1,22.740875000000003,900,8
1788680266,D1,43.476625,900,8
1788680267,D1,58.315,900,8
1788680268,D1,58.306444444444445,900,9
1788680269,D1,58.382,900,8
1788680270,D1,58.410125,900,8
1788680271,D1,58.433125,900,8
1788680272,D1,58.477777777777774,900,9
1788680273,D1,40.79055555555556,900,9
1788680274,D1,24.791,900,8
1788680275,D1,21.234,900,8
1788680276,D1,21.183,900,9
1788680277,D1,21.135,900,8
1788680278,D1,21.236444444444444,908.3333333333334,9
1788680279,D1,21.543125,975,8
1788680280,D1,41.62025,975,8
1788680281,D1,58.70475,975,8
1788680282,D1,58.7125,975,8
1788680283,D1,58.80077777777778,975,9
1788680284,D1,58.789375,975,8
1788680285,D1,58.762625,975,8
1788680286,D1,58.813,975,8
1788680287,D1,58.772333333333336,975,9
1788680288,D1,58.779125,975,8
1788680289,D1,58.81725,975,8
1788680290,D1,58.837,975,8
1788680291,D1,58.85888888888889,975,9
1788680292,D1,58.879,975,8
1788680293,D1,58.885875,975,8
1788680294,D1,51.914625,975,8
1788680295,D1,27.622222222222224,975,9
1788680296,D1,22.544,975,8
1788680297,D1,21.506,975,8
1788680298,D1,21.377333333333333,975,9
1788680299,D1,21.43775,975,8
1788680300,D1,21.546750000000003,1068.75,8
1788680301,D1,27.622666666666667,1125,9
1788680302,D1,55.75075,1125,8
1788680303,D1,59.568625,1125,8
1788680304,D1,59.618,1125,9
1788680305,D1,59.63625,1125,8
1788680306,D1,59.648375,1125,8
1788680307,D1,59.64933333333333,1125,9
1788680308,D1,57.075625,1125,8
1788680309,D1,32.9945,1125,8
1788680310,D1,23.69033333333333,1125,9
1788680311,D1,21.698625,1125,8
1788680312,D1,21.64666666666667,1125,9
1788680313,D1,21.62,1125,8
1788680314,D1,21.72488888888889,1125,9
1788680315,D1,21.838,1125,8
1788680316,D1,22.174222222222223,1291.6666666666667,9
1788680317,D1,24.567375000000002,1500,8
1788680318,D1,48.327625,1500,8
1788680319,D1,67.73022222222222,1500,9
1788680320,D1,67.7995,1500,8
1788680321,D1,67.86888888888889,1500,9
1788680322,D1,67.903,1500,8
1788680323,D1,67.91325,1500,8
1788680324,D1,67.94144444444444,1500,9
1788680325,D1,67.999125,1500,8
1788680326,D1,68.04225,1500,8
1788680327,D1,68.00244444444445,1500,9
1788680328,D1,68.028125,1500,8
1788680329,D1,68.031,1500,8
1788680330,D1,68.11077777777777,1500,9
1788680331,D1,68.1315,1500,8
1788680332,D1,65.435375,1500,8
1788680333,D1,36.17733333333333,1500,9
1788680334,D1,27.150125,1500,8
1788680335,D1,23.929111111111112,1500,9
1788680336,D1,23.866666666666667,1500,9
1788680337,D1,23.826222222222224,1500,9
1788680338,D1,23.7845,1500,8
1788680339,D1,23.838222222222225,1300,9
1788680340,D1,24.0355,900,8
1788680341,D1,42.71125,900,8
1788680342,D1,58.41188888888889,900,9
1788680343,D1,58.366125,900,8
1788680344,D1,50.8665,900,8
1788680345,D1,26.614666666666665,900,9
1788680346,D1,22.047,900,8
1788680347,D1,21.13877777777778,900,9
1788680348,D1,21.135,900,8
1788680349,D1,21.894875,900,8
1788680350,D1,43.72311111111111,900,9
1788680351,D1,57.77125,900,8
1788680352,D1,57.81275,900,8
1788680353,D1,54.99075,900,8
1788680354,D1,29.85322222222222,900,9
1788680355,D1,22.9,900,8
1788680356,D1,21.165222222222223,900,9
1788680357,D1,21.183,900,8
1788680358,D1,21.16166666666667,900,9
1788680359,D1,21.110500000000002,900,8
1788680360,D1,21.537333333333333,900,9
1788680361,D1,43.545375,900,8
1788680362,D1,57.1295,900,8
1788680363,D1,57.282000000000004,900,8
1788680364,D1,55.42355555555555,900,9
1788680365,D1,32.309125,900,8
1788680366,D1,23.383333333333333,900,9
1788680367,D1,21.043,900,8
1788680368,D1,21.044333333333334,900,9
1788680369,D1,21.063666666666666,900,9
1788680370,D1,21.072000000000003,900,9
1788680371,D1,22.304375,900,8
1788680372,D1,43.38625,900,8
1788680373,D1,58.144125,900,8
1788680374,D1,58.182375,900,8
1788680375,D1,58.20655555555555,900,9
1788680376,D1,58.25275,900,8
1788680377,D1,58.253,900,8
1788680378,D1,58.2705,900,8
1788680379,D1,42.768,900,8
1788680380,D1,24.323555555555554,900,9
1788680381,D1,21.144,900,8
1788680382,D1,21.096,900,8
1788680383,D1,21.04711111111111,900,9
1788680384,D1,21.048,900,8
1788680385,D1,21.096,975,9
1788680386,D1,30.14775,975,8
1788680387,D1,57.8855,975,8
1788680388,D1,58.45925,975,8
1788680389,D1,58.541875,975,8
1788680390,D1,58.5875,975,8
1788680391,D1,58.60366666666667,975,9
1788680392,D1,58.5845,975,8
1788680393,D1,58.6185,975,8
1788680394,D1,58.589749999999995,975,8
1788680395,D1,58.634875,975,8
1788680396,D1,58.63025,975,8
1788680397,D1,58.652249999999995,975,8
1788680398,D1,58.669875,975,8
1788680399,D1,58.730777777777774,975,9
1788680400,D1,56.21525,975,8
1788680401,D1,31.248875,975,8
1788680402,D1,23.386666666666667,975,9
1788680403,D1,21.467,975,8
1788680404,D1,21.322555555555557,975,9
1788680405,D1,21.29,975,8
1788680406,D1,21.37475,1031.25,8
1788680407,D1,24.162125,1125,8
1788680408,D1,51.03133333333333,1125,9
1788680409,D1,59.447375,1125,8
1788680410,D1,59.477625,1125,8
1788680411,D1,59.50825,1125,8
1788680412,D1,59.538375,1125,8
1788680413,D1,59.572625,1125,8
1788680414,D1,58.45777777777778,1125,9
1788680415,D1,35.18275,1125,8
1788680416,D1,24.094333333333335,1125,9
1788680417,D1,21.58925,1125,8
1788680418,D1,21.594666666666665,1125,9
1788680419,D1,21.776,1125,9
1788680420,D1,21.801333333333332,1125,9
1788680421,D1,21.726,1125,8
1788680422,D1,22.096333333333334,1208.3333333333333,9
1788680423,D1,23.183625,1500,8
1788680424,D1,41.92888888888889,1500,9
1788680425,D1,67.681375,1500,8
1788680426,D1,67.725375,1500,8
1788680427,D1,67.76677777777778,1500,9
1788680428,D1,67.843375,1500,8
1788680429,D1,67.86075,1500,8
1788680430,D1,67.90855555555555,1500,9
1788680431,D1,67.922125,1500,8
1788680432,D1,67.90025,1500,8
1788680433,D1,67.95777777777778,1500,9
1788680434,D1,68.065,1500,8
1788680435,D1,68.05175,1500,8
1788680436,D1,68.00766666666667,1500,9
1788680437,D1,68.09025,1500,8
1788680438,D1,68.098625,1500,8
1788680439,D1,45.78388888888889,1500,9
1788680440,D1,28.332250000000002,1500,8
1788680441,D1,24.04211111111111,1500,9
1788680442,D1,24.026875,1500,8
1788680443,D1,23.963555555555555,1500,9
1788680444,D1,24.039,1500,8
1788680445,D1,24.006777777777778,1433.3333333333333,9
1788680446,D1,23.72475,900,8
1788680447,D1,31.8205,900,8
1788680448,D1,57.98525,900,8
1788680449,D1,58.438125,900,8
1788680450,D1,54.735,900,9
1788680451,D1,29.47075,900,8
1788680452,D1,22.787777777777777,900,9
1788680453,D1,21.25,900,8
1788680454,D1,21.3625,900,8
1788680455,D1,21.298333333333336,900,9
1788680456,D1,34.481875,900,8
1788680457,D1,57.43775,900,8
1788680458,D1,57.8955,900,8
1788680459,D1,57.12977777777778,900,9
1788680460,D1,35.03375,900,8
1788680461,D1,24.772750000000002,900,8
1788680462,D1,21.397666666666666,900,9
1788680463,D1,21.3025,900,8
1788680464,D1,21.21725,900,8
1788680465,D1,21.29,900,9
1788680466,D1,21.351444444444443,900,9
1788680467,D1,32.546375,900,8
1788680468,D1,56.728875,900,8
1788680469,D1,57.336444444444446,900,9
1788680470,D1,57.375750000000004,900,8
1788680471,D1,40.693375,900,8
1788680472,D1,24.31822222222222,900,9
1788680473,D1,21.151125,900,8
1788680474,D1,21.145,900,8
1788680475,D1,21.159666666666666,900,9
1788680476,D1,21.285,900,8
1788680477,D1,21.276555555555557,900,9
1788680478,D1,35.40025,900,8
1788680479,D1,58.26975,900,8
1788680480,D1,58.323875,900,8
1788680481,D1,58.351625,900,8
1788680482,D1,58.38444444444444,900,9
1788680483,D1,58.391375,900,8
1788680484,D1,58.421,900,8
1788680485,D1,49.211999999999996,900,8
1788680486,D1,25.91477777777778,900,9
1788680487,D1,21.69225,900,8
1788680488,D1,21.244,900,8
1788680489,D1,21.242,900,9
1788680490,D1,21.199125000000002,900,8
1788680491,D1,21.455555555555556,958.3333333333334,9
1788680492,D1,34.001375,975,8
1788680493,D1,58.453125,975,8
1788680494,D1,58.779624999999996,975,8
1788680495,D1,58.833875,975,8
1788680496,D1,58.830666666666666,975,9
1788680497,D1,58.827,975,8
1788680498,D1,58.876000000000005,975,8
1788680499,D1,58.95775,975,8
1788680500,D1,58.88575,975,8
1788680501,D1,58.902,975,9
1788680502,D1,58.948125,975,8
1788680503,D1,58.95,975,8
1788680504,D1,58.96475,975,8
1788680505,D1,59.001666666666665,975,9
1788680506,D1,56.433,975,8
1788680507,D1,32.069625,975,8
1788680508,D1,24.389875,975,8
1788680509,D1,21.45711111111111,975,9
1788680510,D1,21.503500000000003,975,8
1788680511,D1,21.573500000000003,975,8
1788680512,D1,21.544333333333334,1041.6666666666667,9
1788680513,D1,26.956625000000003,1125,8
1788680514,D1,51.542375,1125,8
1788680515,D1,59.757777777777775,1125,9
1788680516,D1,59.80825,1125,8
1788680517,D1,59.82922222222222,1125,9
1788680518,D1,59.843875,1125,8
1788680519,D1,59.855625,1125,8
1788680520,D1,58.602375,1125,8
1788680521,D1,34.70988888888889,1125,9
1788680522,D1,24.096125,1125,8
1788680523,D1,21.784333333333333,1125,9
1788680524,D1,21.865125,1125,8
1788680525,D1,21.862,1125,8
1788680526,D1,21.862,1125,9
1788680527,D1,21.8095,1125,8
1788680528,D1,22.15866666666667,1208.3333333333333,9
1788680529,D1,23.566875,1500,8
1788680530,D1,39.116749999999996,1500,8
1788680531,D1,67.50166666666667,1500,9
1788680532,D1,68.0385,1500,8
1788680533,D1,68.1215,1500,8
1788680534,D1,68.12977777777778,1500,9
1788680535,D1,68.1775,1500,8
1788680536,D1,68.20125,1500,8
1788680537,D1,68.19655555555555,1500,9
1788680538,D1,68.173625,1500,8
1788680539,D1,68.247,1500,8
1788680540,D1,68.30111111111111,1500,9
1788680541,D1,68.35374999999999,1500,8
1788680542,D1,68.35612499999999,1500,8
1788680543,D1,68.30711111111111,1500,9
1788680544,D1,68.273375,1500,8
1788680545,D1,47.06075,1500,8
1788680546,D1,29.99888888888889,1500,9
1788680547,D1,24.19811111111111,1500,9
1788680548,D1,24.2915,1500,8
1788680549,D1,24.23788888888889,1500,9
1788680550,D1,24.081,1500,8
1788680551,D1,24.08188888888889,1433.3333333333333,9
1788680552,D1,23.70775,900,8
1788680553,D1,32.39575,900,8
1788680554,D1,58.63525,900,8
1788680555,D1,58.70022222222222,900,9
1788680556,D1,56.509,900,8
1788680557,D1,32.866,900,8
1788680558,D1,24.489555555555555,900,9
1788680559,D1,21.369,900,8
1788680560,D1,21.4115,900,8
1788680561,D1,21.453111111111113,900,9
1788680562,D1,37.171125,900,8
1788680563,D1,58.070750000000004,900,8
1788680564,D1,58.101875,900,8
1788680565,D1,56.43844444444444,900,9
1788680566,D1,33.094,900,8
1788680567,D1,24.002375,900,8
1788680568,D1,21.338333333333335,900,9
1788680569,D1,21.339,900,8
1788680570,D1,21.387333333333334,900,9
1788680571,D1,21.466,900,8
1788680572,D1,21.39375,900,8
1788680573,D1,27.950333333333333,900,9
1788680574,D1,55.03125,900,8
1788680575,D1,57.603,900,8
1788680576,D1,57.459875000000004,900,8
1788680577,D1,46.07355555555556,900,9
1788680578,D1,25.418499999999998,900,8
1788680579,D1,21.740111111111112,900,9
1788680580,D1,21.29525,900,8
1788680581,D1,21.248,900,8
1788680582,D1,21.242,900,9
1788680583,D1,21.242,900,8
1788680584,D1,29.277,900,8
1788680585,D1,55.95011111111111,900,9
1788680586,D1,58.41475,900,8
1788680587,D1,58.452875,900,8
1788680588,D1,58.49375,900,8
1788680589,D1,58.496,900,8
1788680590,D1,58.519,900,8
1788680591,D1,51.83444444444444,900,9
1788680592,D1,27.420375,900,8
1788680593,D1,22.542666666666666,900,9
1788680594,D1,21.29725,900,8
1788680595,D1,21.214000000000002,900,9
1788680596,D1,21.193,900,8
1788680597,D1,21.28425,946.875,8
1788680598,D1,30.798666666666666,975,9
1788680599,D1,58.082125,975,8
1788680600,D1,58.826125,975,8
1788680601,D1,58.89025,975,8
1788680602,D1,58.867625,975,8
1788680603,D1,58.952777777777776,975,9
1788680604,D1,58.9875,975,8
1788680605,D1,58.97575,975,8
1788680606,D1,58.954375,975,8
1788680607,D1,58.907222222222224,975,9
1788680608,D1,58.93675,975,8
1788680609,D1,58.959875,975,8
1788680610,D1,59.00322222222222,975,9
1788680611,D1,59.036500000000004,975,8
1788680612,D1,57.91222222222222,975,9
1788680613,D1,34.416555555555554,975,9
1788680614,D1,23.861,975,9
1788680615,D1,21.4474,975,10
1788680616,D1,21.401333333333334,975,9
1788680617,D1,21.36275,975,8
1788680618,D1,21.397333333333332,1025,9
1788680619,D1,25.239875,1125,8
1788680620,D1,50.910125,1125,8
1788680621,D1,59.70933333333333,1125,9
1788680622,D1,59.7505,1125,8
1788680623,D1,59.790625,1125,8
1788680624,D1,59.818625,1125,8
1788680625,D1,59.836222222222226,1125,9
1788680626,D1,59.43875,1125,8
1788680627,D1,36.934333333333335,1125,9
1788680628,D1,24.500999999999998,1125,8
1788680629,D1,21.724874999999997,1125,8
1788680630,D1,21.70722222222222,1125,9
1788680631,D1,21.673624999999998,1125,8
1788680632,D1,21.683333333333334,1125,9
1788680633,D1,21.714222222222222,1125,9
1788680634,D1,21.9615,1218.75,8
1788680635,D1,23.190875000000002,1500,8
1788680636,D1,36.06811111111111,1500,9
1788680637,D1,66.945125,1500,8
1788680638,D1,67.97375,1500,8
1788680639,D1,68.04088888888889,1500,9
1788680640,D1,68.10925,1500,8
1788680641,D1,68.1465,1500,8
1788680642,D1,68.1558888888889,1500,9
1788680643,D1,68.197625,1500,8
1788680644,D1,68.21187499999999,1500,8
1788680645,D1,68.245,1500,9
1788680646,D1,68.288375,1500,8
1788680647,D1,68.28311111111111,1500,9
1788680648,D1,68.271625,1500,8
1788680649,D1,68.35375,1500,8
1788680650,D1,68.2881111111111,1500,9
1788680651,D1,46.18475,1500,8
1788680652,D1,29.597555555555555,1500,9
1788680653,D1,24.151222222222223,1500,9
1788680654,D1,24.124875,1500,8
1788680655,D1,24.060444444444446,1500,9
1788680656,D1,24.009249999999998,1500,8
1788680657,D1,24.179,1433.3333333333333,9
1788680658,D1,23.82925,900,8
1788680659,D1,32.39175,900,8
1788680660,D1,58.577875,900,8
1788680661,D1,58.638888888888886,900,9
1788680662,D1,55.789375,900,8
1788680663,D1,29.337888888888887,900,9
1788680664,D1,21.782888888888888,900,9
1788680665,D1,21.56988888888889,900,9
1788680666,D1,21.363,900,8
1788680667,D1,21.28875,900,8
1788680668,D1,34.07811111111111,900,9
1788680669,D1,57.59425,900,8
1788680670,D1,58.072875,900,8
1788680671,D1,57.728125,900,8
1788680672,D1,36.63077777777778,900,9
1788680673,D1,24.197499999999998,900,8
1788680674,D1,21.256875,900,8
1788680675,D1,21.240666666666666,900,9
1788680676,D1,21.24825,900,8
1788680677,D1,21.275444444444446,900,9
1788680678,D1,21.26475,900,8
1788680679,D1,25.663875,900,8
1788680680,D1,53.20188888888889,900,9
1788680681,D1,57.460875,900,8
1788680682,D1,57.3775,900,8
1788680683,D1,48.05011111111111,900,9
1788680684,D1,25.2265,900,8
1788680685,D1,22.201,900,8
1788680686,D1,21.261555555555557,900,9
1788680687,D1,21.193,900,8
1788680688,D1,21.235875,900,8
1788680689,D1,21.198444444444444,900,9
1788680690,D1,28.28325,900,8
1788680691,D1,55.085,900,8
1788680692,D1,58.324875,900,8
1788680693,D1,58.386125,900,8
1788680694,D1,58.42425,900,8
1788680695,D1,58.43955555555556,900,9
1788680696,D1,58.487249999999996,900,8
1788680697,D1,54.839,900,8
1788680698,D1,30.440444444444445,900,9
1788680699,D1,23.625999999999998,900,8
1788680700,D1,21.265,900,8
1788680701,D1,21.209777777777777,900,9
1788680702,D1,21.1635,900,8
1788680703,D1,21.185499999999998,928.125,8
1788680704,D1,22.176,975,9
1788680705,D1,42.606125,975,8
1788680706,D1,58.74225,975,8
1788680707,D1,58.732875,975,8
1788680708,D1,58.83455555555556,975,9
1788680709,D1,58.810375,975,8
1788680710,D1,58.792875,975,8
1788680711,D1,58.847,975,9
1788680712,D1,58.871625,975,8
1788680713,D1,58.90775,975,8
1788680714,D1,58.887,975,9
1788680715,D1,58.87875,975,8
1788680716,D1,58.9015,975,8
1788680717,D1,58.9255,975,8
1788680718,D1,58.92025,975,8
1788680719,D1,47.90588888888889,975,9
1788680720,D1,25.805125,975,8
1788680721,D1,21.913333333333334,975,9
1788680722,D1,21.389625,975,8
1788680723,D1,21.461875,975,8
1788680724,D1,21.474,975,9
1788680725,D1,21.432,1106.25,8
1788680726,D1,26.31825,1125,8
1788680727,D1,52.404875000000004,1125,8
1788680728,D1,59.596222222222224,1125,9
1788680729,D1,59.639125,1125,8
1788680730,D1,59.627625,1125,8
1788680731,D1,59.677875,1125,8
1788680732,D1,59.720333333333336,1125,9
1788680733,D1,58.4885,1125,8
1788680734,D1,34.93675,1125,8
1788680735,D1,24.195,1125,9
1788680736,D1,21.631333333333334,1125,9
1788680737,D1,21.601625000000002,1125,8
1788680738,D1,21.555,1125,9
1788680739,D1,21.541,1125,8
1788680740,D1,21.56975,1125,8
1788680741,D1,21.919999999999998,1250,9
1788680742,D1,24.078125,1500,8
1788680743,D1,50.33122222222222,1500,9
1788680744,D1,67.822625,1500,8
1788680745,D1,67.82388888888889,1500,9
1788680746,D1,67.87049999999999,1500,8
1788680747,D1,67.921625,1500,8
1788680748,D1,67.94588888888889,1500,9
1788680749,D1,67.95525,1500,8
1788680750,D1,68.0245,1500,8
1788680751,D1,67.97544444444445,1500,9
1788680752,D1,68.011875,1500,8
1788680753,D1,68.08575,1500,8
1788680754,D1,68.11877777777778,1500,9
1788680755,D1,68.171125,1500,8
1788680756,D1,68.141125,1500,8
1788680757,D1,65.783,1500,9
1788680758,D1,37.20175,1500,8
1788680759,D1,27.508,1500,9
1788680760,D1,23.983666666666668,1500,9
1788680761,D1,23.907,1500,9
1788680762,D1,23.965333333333334,1500,9
1788680763,D1,23.881555555555558,1500,9
1788680764,D1,23.89975,1350,8
1788680765,D1,23.9435,900,8
1788680766,D1,41.85322222222222,900,9
1788680767,D1,58.398624999999996,900,8
1788680768,D1,58.447874999999996,900,8
1788680769,D1,52.6115,900,8
1788680770,D1,27.485222222222223,900,9
1788680771,D1,22.18075,900,8
1788680772,D1,21.2515,900,8
1788680773,D1,21.296666666666667,900,9
1788680774,D1,21.28075,900,8
1788680775,D1,38.554,900,8
1788680776,D1,57.785111111111114,900,9
1788680777,D1,57.913375,900,8
1788680778,D1,56.005125,900,8
1788680779,D1,32.18588888888889,900,9
1788680780,D1,23.7135,900,8
1788680781,D1,21.14,900,8
1788680782,D1,21.134555555555558,900,9
1788680783,D1,21.207,900,8
1788680784,D1,21.28,900,8
1788680785,D1,21.235555555555557,900,9
1788680786,D1,35.30825,900,8
1788680787,D1,57.18075,900,8
1788680788,D1,57.147125,900,8
1788680789,D1,55.97811111111111,900,9
1788680790,D1,33.79325,900,8
1788680791,D1,24.585,900,8
1788680792,D1,21.366111111111113,900,9
1788680793,D1,21.204333333333334,900,9
1788680794,D1,21.1035,900,8
1788680795,D1,21.089333333333332,900,9
1788680796,D1,21.458875,900,8
1788680797,D1,38.649875,900,8
1788680798,D1,58.18325,900,8
1788680799,D1,58.177625,900,8
1788680800,D1,58.221222222222224,900,9
1788680801,D1,58.288625,900,8
1788680802,D1,58.279875,900,8
1788680803,D1,58.32525,900,8
1788680804,D1,46.76722222222222,900,9
1788680805,D1,25.13475,900,8
1788680806,D1,21.504625,900,8
1788680807,D1,21.081555555555553,900,9
1788680808,D1,21.10377777777778,900,9
1788680809,D1,21.080222222222226,900,9
1788680810,D1,21.120125,965.625,8
1788680811,D1,34.68388888888889,975,9
1788680812,D1,58.440875,975,8
1788680813,D1,58.573875,975,8
1788680814,D1,58.609875,975,8
1788680815,D1,58.658875,975,8
1788680816,D1,58.67444444444444,975,9
1788680817,D1,58.643125,975,8
1788680818,D1,58.67,975,8
1788680819,D1,58.624874999999996,975,8
1788680820,D1,58.62277777777778,975,9
1788680821,D1,58.663125,975,8
1788680822,D1,58.6875,975,8
1788680823,D1,58.703625,975,8
1788680824,D1,58.697624999999995,975,8
1788680825,D1,55.334666666666664,975,9
1788680826,D1,30.3705,975,8
1788680827,D1,23.246777777777776,975,9
1788680828,D1,21.337,975,8
1788680829,D1,21.425,975,9
1788680830,D1,21.401,975,8
1788680831,D1,21.441888888888887,1041.6666666666667,9
1788680832,D1,25.225625,1125,8
1788680833,D1,51.004222222222225,1125,9
1788680834,D1,59.431,1125,8
1788680835,D1,59.47925,1125,8
1788680836,D1,59.528125,1125,8
1788680837,D1,59.54822222222222,1125,9
1788680838,D1,59.541,1125,8
1788680839,D1,58.24225,1125,8
1788680840,D1,34.315777777777775,1125,9
1788680841,D1,23.955333333333332,1125,9
1788680842,D1,21.6215,1125,8
1788680843,D1,21.60366666666667,1125,9
1788680844,D1,21.555,1125,9
1788680845,D1,21.522666666666666,1125,9
1788680846,D1,21.522375,1125,8
1788680847,D1,21.788249999999998,1218.75,8
1788680848,D1,23.790555555555557,1500,9
1788680849,D1,48.873625000000004,1500,8
1788680850,D1,67.581,1500,8
1788680851,D1,67.65966666666667,1500,9
1788680852,D1,67.702125,1500,8
1788680853,D1,67.745,1500,8
1788680854,D1,67.77166666666666,1500,9
1788680855,D1,67.834625,1500,8
1788680856,D1,67.88,1500,9
1788680857,D1,67.922625,1500,8
1788680858,D1,67.962125,1500,8
1788680859,D1,67.90544444444444,1500,9
1788680860,D1,67.97775,1500,8
1788680861,D1,68.000625,1500,8
1788680862,D1,68.01755555555556,1500,9
1788680863,D1,66.57350000000001,1500,8
1788680864,D1,39.54633333333334,1500,9
1788680865,D1,27.088,1500,8
1788680866,D1,23.857,1500,9
1788680867,D1,23.839333333333332,1500,9
1788680868,D1,23.82775,1500,8
1788680869,D1,23.775,1500,9
1788680870,D1,23.40475,1350,8
1788680871,D1,23.856666666666666,900,9
1788680872,D1,44.557875,900,8
1788680873,D1,58.315374999999996,900,8
1788680874,D1,58.339,900,8
1788680875,D1,49.85422222222222,900,9
1788680876,D1,26.09125,900,8
1788680877,D1,21.96188888888889,900,9
1788680878,D1,21.137,900,8
1788680879,D1,21.134222222222224,900,9
1788680880,D1,21.401375,900,8
1788680881,D1,44.286625,900,8
1788680882,D1,57.70233333333333,900,9
1788680883,D1,57.79625,900,8
1788680884,D1,53.683,900,8
1788680885,D1,29.600749999999998,900,8
1788680886,D1,22.692444444444444,900,9
1788680887,D1,21.143500000000003,900,8
1788680888,D1,21.11611111111111,900,9
1788680889,D1,21.1495,900,8
1788680890,D1,21.189666666666668,900,9
1788680891,D1,21.590375,900,8
1788680892,D1,39.88875,900,8
1788680893,D1,57.29633333333333,900,9
1788680894,D1,57.207625,900,8
1788680895,D1,56.397375000000004,900,8
1788680896,D1,34.776625,900,8
1788680897,D1,23.397333333333332,900,9
1788680898,D1,21.044,900,8
1788680899,D1,21.086333333333332,900,9
1788680900,D1,21.183,900,8
1788680901,D1,21.136333333333333,900,9
1788680902,D1,22.3155,900,8
1788680903,D1,42.168125,900,8
1788680904,D1,58.17588888888889,900,9
1788680905,D1,58.2095,900,8
1788680906,D1,58.2445,900,8
1788680907,D1,58.292500000000004,900,8
1788680908,D1,58.245444444444445,900,9
1788680909,D1,57.929875,900,8
1788680910,D1,38.71375,900,8
1788680911,D1,24.31377777777778,900,9
1788680912,D1,21.062875000000002,900,8
1788680913,D1,21.054,900,8
1788680914,D1,21.096,900,9
1788680915,D1,21.096,909.375,8
1788680916,D1,21.3825,975,8
1788680917,D1,39.94425,975,8
1788680918,D1,58.50422222222222,975,9
1788680919,D1,58.53525,975,8
1788680920,D1,58.573,975,8
1788680921,D1,58.63075,975,8
1788680922,D1,58.60275,975,8
1788680923,D1,58.65725,975,8
1788680924,D1,58.669125,975,8
1788680925,D1,58.58933333333333,975,9
1788680926,D1,58.636250000000004,975,8
1788680927,D1,58.659375000000004,975,8
1788680928,D1,58.6955,975,8
1788680929,D1,58.721375,975,8
1788680930,D1,58.69625,975,8
1788680931,D1,49.75622222222222,975,9
1788680932,D1,26.219875000000002,975,8
1788680933,D1,22.240499999999997,975,8
1788680934,D1,21.30088888888889,975,9
1788680935,D1,21.254,975,8
1788680936,D1,21.242,975,8
1788680937,D1,21.354777777777777,1075,9
1788680938,D1,30.439,1125,8
1788680939,D1,58.4715,1125,8
1788680940,D1,59.47375,1125,8
1788680941,D1,59.4985,1125,8
1788680942,D1,59.592875,1125,8
1788680943,D1,59.60788888888889,1125,9
1788680944,D1,59.635375,1125,8
1788680945,D1,56.651375,1125,8
1788680946,D1,31.37,1125,8
1788680947,D1,23.726555555555557,1125,9
1788680948,D1,21.636,1125,8
1788680949,D1,21.6535,1125,8
1788680950,D1,21.726,1125,9
1788680951,D1,21.605375000000002,1125,8
1788680952,D1,21.6055,1125,8
1788680953,D1,22.295222222222222,1291.6666666666667,9
1788680954,D1,24.947,1500,9
1788680955,D1,51.3985,1500,8
1788680956,D1,67.791125,1500,8
1788680957,D1,67.81266666666667,1500,9
1788680958,D1,67.78937499999999,1500,8
1788680959,D1,67.915875,1500,8
1788680960,D1,67.95100000000001,1500,8
1788680961,D1,67.95233333333333,1500,9
1788680962,D1,68.00275,1500,8
1788680963,D1,68.03975,1500,8
1788680964,D1,68.032875,1500,8
1788680965,D1,68.08588888888889,1500,9
1788680966,D1,68.046875,1500,8
1788680967,D1,68.134125,1500,8
1788680968,D1,68.1455,1500,8
1788680969,D1,64.41733333333333,1500,9
1788680970,D1,35.81975,1500,8
1788680971,D1,27.262,1500,9
1788680972,D1,24.038,1500,8
1788680973,D1,24.014,1500,9
1788680974,D1,24.005,1500,8
1788680975,D1,24.060888888888886,1500,9
1788680976,D1,24.118000000000002,1275,8
1788680977,D1,24.926875000000003,900,8
1788680978,D1,44.121,900,8
1788680979,D1,58.461125,900,8
1788680980,D1,58.48166666666667,900,9
1788680981,D1,49.697125,900,8
1788680982,D1,26.11225,900,8
1788680983,D1,22.064222222222224,900,9
1788680984,D1,21.256,900,8
1788680985,D1,21.25125,900,8
1788680986,D1,22.02411111111111,900,9
1788680987,D1,42.795,900,8
1788680988,D1,57.975375,900,8
1788680989,D1,58.04375,900,8
1788680990,D1,53.69466666666666,900,9
1788680991,D1,28.789250000000003,900,8
1788680992,D1,23.1575,900,8
1788680993,D1,21.283,900,9
1788680994,D1,21.2925,900,8
1788680995,D1,21.241500000000002,900,8
1788680996,D1,21.193,900,9
1788680997,D1,21.758000000000003,900,8
1788680998,D1,40.674875,900,8
1788680999,D1,57.335625,900,8
1788681000,D1,57.35944444444444,900,9
1788681001,D1,55.271125,900,8
1788681002,D1,31.801875,900,8
1788681003,D1,23.42366666666667,900,9
1788681004,D1,21.185000000000002,900,8
1788681005,D1,21.224222222222224,900,9
1788681006,D1,21.24188888888889,900,9
1788681007,D1,21.21925,900,8
1788681008,D1,22.32425,900,8
1788681009,D1,44.24,900,9
1788681010,D1,58.3855,900,8
1788681011,D1,58.467125,900,8
1788681012,D1,58.467125,900,8
1788681013,D1,58.479625,900,8
1788681014,D1,58.558,900,8
1788681015,D1,58.56725,900,8
1788681016,D1,39.065,900,9
1788681017,D1,24.747999999999998,900,8
1788681018,D1,21.339,900,9
1788681019,D1,21.332874999999998,900,8
1788681020,D1,21.302125,900,8
1788681021,D1,21.397666666666666,908.3333333333334,9
1788681022,D1,21.423,975,8
1788681023,D1,29.687625,975,8
1788681024,D1,57.75644444444444,975,9
1788681025,D1,58.896375,975,8
1788681026,D1,58.980625,975,8
1788681027,D1,58.947125,975,8
1788681028,D1,59.035111111111114,975,9
1788681029,D1,59.039625,975,8
1788681030,D1,59.060375,975,8
1788681031,D1,58.997,975,8
1788681032,D1,59.00425,975,8
1788681033,D1,59.037,975,8
1788681034,D1,59.06066666666667,975,9
1788681035,D1,59.109,975,8
1788681036,D1,59.104625,975,8
1788681037,D1,56.60125,975,8
1788681038,D1,30.860333333333333,975,9
1788681039,D1,23.367,975,8
1788681040,D1,21.536555555555555,975,9
1788681041,D1,21.5135,975,8
1788681042,D1,21.467333333333332,975,9
1788681043,D1,21.5135,1031.25,8
1788681044,D1,26.560555555555556,1125,9
1788681045,D1,53.462,1125,8
1788681046,D1,59.76725,1125,8
1788681047,D1,59.880125,1125,8
1788681048,D1,59.921625,1125,8
1788681049,D1,59.92455555555556,1125,9
1788681050,D1,59.97575,1125,8
1788681051,D1,59.569874999999996,1125,8
1788681052,D1,36.288333333333334,1125,9
1788681053,D1,24.6025,1125,8
1788681054,D1,21.83125,1125,8
1788681055,D1,21.819444444444446,1125,9
1788681056,D1,21.81025,1125,8
1788681057,D1,21.881888888888888,1125,9
1788681058,D1,21.816666666666666,1125,9
1788681059,D1,22.086333333333332,1250,9
1788681060,D1,23.47775,1500,8
1788681061,D1,46.330222222222226,1500,9
1788681062,D1,68.098,1500,8
1788681063,D1,68.19775,1500,8
1788681064,D1,68.23333333333333,1500,9
1788681065,D1,68.265,1500,8
1788681066,D1,68.26775,1500,8
1788681067,D1,68.32066666666667,1500,9
1788681068,D1,68.424375,1500,8
1788681069,D1,68.443,1500,8
1788681070,D1,68.4558888888889,1500,9
1788681071,D1,68.529875,1500,8
1788681072,D1,68.5515,1500,8
1788681073,D1,68.54077777777778,1500,9
1788681074,D1,68.588875,1500,8
1788681075,D1,68.12325,1500,8
1788681076,D1,42.480333333333334,1500,9
1788681077,D1,27.71011111111111,1500,9
1788681078,D1,24.32525,1500,8
1788681079,D1,24.229666666666667,1500,9
1788681080,D1,24.25775,1500,8
1788681081,D1,24.42777777777778,1500,9
1788681082,D1,24.37275,1350,8
1788681083,D1,24.58711111111111,900,9
1788681084,D1,43.17125,900,8
1788681085,D1,58.841625,900,8
1788681086,D1,58.88125,900,8
1788681087,D1,54.70125,900,8
1788681088,D1,29.258333333333333,900,9
1788681089,D1,22.84225,900,8
1788681090,D1,21.461555555555556,900,9
1788681091,D1,21.53725,900,8
1788681092,D1,21.54375,900,8
1788681093,D1,36.537125,900,8
1788681094,D1,57.852222222222224,900,9
1788681095,D1,58.299,900,8
1788681096,D1,57.223875,900,8
1788681097,D1,33.90111111111111,900,9
1788681098,D1,24.1315,900,8
1788681099,D1,21.451,900,8
1788681100,D1,21.429666666666666,900,9
1788681101,D1,21.451749999999997,900,8
1788681102,D1,21.543,900,9
1788681103,D1,21.502125,900,8
1788681104,D1,33.33375,900,8
1788681105,D1,56.875875,900,8
1788681106,D1,57.717625,900,8
1788681107,D1,57.4,900,9
1788681108,D1,35.971625,900,8
1788681109,D1,24.529666666666667,900,9
1788681110,D1,21.668999999999997,900,8
1788681111,D1,21.51875,900,8
1788681112,D1,21.362111111111112,900,9
1788681113,D1,21.399333333333335,900,9
1788681114,D1,21.788444444444444,900,9
1788681115,D1,36.657875000000004,900,8
1788681116,D1,58.60975,900,8
1788681117,D1,58.644625,900,8
1788681118,D1,58.66975,900,8
1788681119,D1,58.7645,900,8
1788681120,D1,58.730375,900,8
1788681121,D1,58.75025,900,8
1788681122,D1,51.1885,900,8
1788681123,D1,26.85211111111111,900,9
1788681124,D1,22.339750000000002,900,8
1788681125,D1,21.45025,900,8
1788681126,D1,21.483333333333334,900,9
1788681127,D1,21.457250000000002,900,8
1788681128,D1,21.442,956.25,8
1788681129,D1,30.11788888888889,975,9
1788681130,D1,56.349000000000004,975,8
1788681131,D1,59.101625,975,8
1788681132,D1,59.143875,975,8
1788681133,D1,59.16375,975,8
1788681134,D1,59.18625,975,8
1788681135,D1,59.151125,975,8
1788681136,D1,59.11811111111111,975,9
1788681137,D1,59.19525,975,8
1788681138,D1,59.21575,975,8
1788681139,D1,59.27075,975,8
1788681140,D1,59.278,975,8
1788681141,D1,59.274375,975,8
1788681142,D1,59.296875,975,8
1788681143,D1,58.144,975,8
1788681144,D1,33.98233333333334,975,9
1788681145,D1,24.154625,975,8
1788681146,D1,21.637666666666668,975,9
1788681147,D1,21.616625,975,8
1788681148,D1,21.622374999999998,975,8
1788681149,D1,21.731666666666666,1025,9
1788681150,D1,24.369500000000002,1125,8
1788681151,D1,48.282875,1125,8
1788681152,D1,59.99175,1125,8
1788681153,D1,60.021125,1125,8
1788681154,D1,60.05411111111111,1125,9
1788681155,D1,60.097125,1125,8
1788681156,D1,60.125125,1125,8
1788681157,D1,59.78175,1125,8
1788681158,D1,37.64111111111111,1125,9
1788681159,D1,25.096999999999998,1125,8
1788681160,D1,21.927,1125,8
1788681161,D1,21.923222222222222,1125,9
1788681162,D1,21.913,1125,9
1788681163,D1,21.840444444444444,1125,9
1788681164,D1,21.81525,1125,8
1788681165,D1,22.093777777777778,1208.3333333333333,9
1788681166,D1,23.390625,1500,8
1788681167,D1,35.0295,1500,8
1788681168,D1,66.9011111111111,1500,9
1788681169,D1,68.263125,1500,8
1788681170,D1,68.33924999999999,1500,8
1788681171,D1,68.36111111111111,1500,9
1788681172,D1,68.43662499999999,1500,8
1788681173,D1,68.468875,1500,8
1788681174,D1,68.482375,1500,8
1788681175,D1,68.50699999999999,1500,9
1788681176,D1,68.517625,1500,8
1788681177,D1,68.5705,1500,8
1788681178,D1,68.6018888888889,1500,9
1788681179,D1,68.660625,1500,8
1788681180,D1,68.71012499999999,1500,8
1788681181,D1,68.66133333333333,1500,9
1788681182,D1,51.74325,1500,8
1788681183,D1,28.764,1500,9
1788681184,D1,24.362,1500,8
1788681185,D1,24.37622222222222,1500,9
1788681186,D1,24.372,1500,9
1788681187,D1,24.282,1500,8
1788681188,D1,24.185,1500,8
1788681189,D1,24.142999999999997,900,9
1788681190,D1,31.9985,900,8
1788681191,D1,58.458625,900,8
1788681192,D1,58.95125,900,8
1788681193,D1,57.684125,900,8
1788681194,D1,33.46011111111111,900,9
1788681195,D1,23.840625,900,8
1788681196,D1,21.616,900,9
1788681197,D1,21.678,900,8
1788681198,D1,21.60525,900,8
1788681199,D1,29.34,900,8
1788681200,D1,56.565444444444445,900,9
1788681201,D1,58.3425,900,8
1788681202,D1,58.013875,900,8
1788681203,D1,39.267375,900,8
1788681204,D1,24.62711111111111,900,9
1788681205,D1,21.469,900,8
1788681206,D1,21.581,900,8
1788681207,D1,21.564888888888888,900,9
1788681208,D1,21.436,900,8
1788681209,D1,21.454875,900,8
1788681210,D1,29.30677777777778,900,9
1788681211,D1,56.459375,900,8
1788681212,D1,57.746125,900,8
1788681213,D1,57.763444444444445,900,9
1788681214,D1,44.69075,900,8
1788681215,D1,25.3645,900,8
1788681216,D1,22.061777777777777,900,9
1788681217,D1,21.581,900,8
1788681218,D1,21.408555555555555,900,9
1788681219,D1,21.387,900,8
1788681220,D1,21.387,900,8
1788681221,D1,31.447,900,8
1788681222,D1,58.280375,900,8
1788681223,D1,58.67477777777778,900,9
1788681224,D1,58.735749999999996,900,8
1788681225,D1,58.770875,900,8
1788681226,D1,58.787625,900,8
1788681227,D1,58.781125,900,8
1788681228,D1,50.90511111111111,900,9
1788681229,D1,26.857,900,8
1788681230,D1,22.8645,900,8
1788681231,D1,21.450666666666667,900,9
1788681232,D1,21.50875,900,8
1788681233,D1,21.533,900,8
1788681234,D1,21.500333333333334,950,9
1788681235,D1,29.234375,975,8
1788681236,D1,53.960875,975,8
1788681237,D1,59.1135,975,8
1788681238,D1,59.136125,975,8
1788681239,D1,59.18725,975,8
1788681240,D1,59.189,975,9
1788681241,D1,59.270375,975,8
1788681242,D1,59.281,975,8
1788681243,D1,59.2065,975,8
1788681244,D1,59.2375,975,8
1788681245,D1,59.26925,975,8
1788681246,D1,59.272333333333336,975,9
1788681247,D1,59.30675,975,8
1788681248,D1,59.365,975,8
1788681249,D1,58.372375,975,8
1788681250,D1,35.918625,975,8
1788681251,D1,24.972666666666665,975,9
1788681252,D1,21.782625,975,8
1788681253,D1,21.704,975,8
1788681254,D1,21.669,975,9
1788681255,D1,21.789499999999997,1012.5,8
1788681256,D1,23.062375,1125,8
1788681257,D1,43.248777777777775,1125,9
1788681258,D1,59.95525,1125,8
1788681259,D1,60.019,1125,8
1788681260,D1,60.09825,1125,8
1788681261,D1,60.11088888888889,1125,9
1788681262,D1,60.142624999999995,1125,8
1788681263,D1,60.144,1125,8
1788681264,D1,45.842444444444446,1125,9
1788681265,D1,22.512,1125,9
1788681266,D1,22.43,1125,9
1788681267,D1,22.341,1125,9
1788681268,D1,22.147,1125,9
1788681269,D1,22.001,1125,10
1788681270,D1,21.952,1125,9
1788681271,D1,21.904,1125,9
1788681272,D1,21.708444444444446,975,9
1788681273,D1,27.7545,975,8
1788681274,D1,55.729625,975,8
1788681275,D1,58.279333333333334,975,9
1788681276,D1,58.29275,975,8
1788681277,D1,58.41522222222222,975,9
1788681278,D1,58.481,975,8
1788681279,D1,58.483375,975,8
1788681280,D1,58.51255555555555,975,9
1788681281,D1,58.476749999999996,975,8
1788681282,D1,58.47125,975,8
1788681283,D1,58.51122222222222,975,9
1788681284,D1,58.473124999999996,975,8
1788681285,D1,58.463125,975,8
1788681286,D1,58.45655555555555,975,9
1788681287,D1,58.495125,975,8
1788681288,D1,55.32233333333333,975,9
1788681289,D1,31.66188888888889,975,9
1788681290,D1,24.240666666666666,975,9
1788681291,D1,21.643666666666665,975,9
1788681292,D1,21.612,975,9
1788681293,D1,21.612,975,9
1788681294,D1,21.592888888888886,975,9
1788681295,D1,21.569,975,9
1788681296,D1,21.54722222222222,950,9
1788681297,D1,23.292125,900,8
1788681298,D1,45.47511111111111,900,9
1788681299,D1,58.792125,900,8
1788681300,D1,58.847875,900,8
1788681301,D1,51.56355555555555,900,9
1788681302,D1,27.337777777777777,900,9
1788681303,D1,22.685333333333336,900,9
1788681304,D1,21.476000000000003,900,9
1788681305,D1,21.472,900,9
1788681306,D1,22.18422222222222,900,9
1788681307,D1,46.369625,900,8
1788681308,D1,58.28622222222222,900,9
1788681309,D1,58.36225,900,8
1788681310,D1,52.82388888888889,900,9
1788681311,D1,27.615444444444442,900,9
1788681312,D1,22.59133333333333,900,9
1788681313,D1,21.405375,900,8
1788681314,D1,21.444222222222223,900,9
1788681315,D1,21.439333333333334,900,9
1788681316,D1,21.390777777777778,900,9
1788681317,D1,21.862777777777776,900,9
1788681318,D1,43.269888888888886,900,9
1788681319,D1,57.71225,900,8
1788681320,D1,57.794,900,8
1788681321,D1,55.903666666666666,900,9
1788681322,D1,32.57522222222222,900,9
1788681323,D1,23.730333333333334,900,9
1788681324,D1,21.389666666666667,900,9
1788681325,D1,21.379,900,9
1788681326,D1,21.362666666666666,900,9
1788681327,D1,21.33,900,9
1788681328,D1,22.121875,900,8
1788681329,D1,42.12155555555556,900,9
1788681330,D1,58.686,900,8
1788681331,D1,58.74825,900,8
1788681332,D1,58.797222222222224,900,9
1788681333,D1,58.796625,900,8
1788681334,D1,58.830875,900,8
1788681335,D1,58.87244444444445,900,9
1788681336,D1,42.43633333333334,900,9
1788681337,D1,25.124,900,9
1788681338,D1,21.475,900,9
1788681339,D1,21.467,900,9
1788681340,D1,21.467,900,9
1788681341,D1,21.477777777777778,900,9
1788681342,D1,21.755666666666666,975,9
1788681343,D1,40.721375,975,8
1788681344,D1,59.12075,975,8
1788681345,D1,59.19277777777778,975,9
1788681346,D1,59.216375,975,8
1788681347,D1,59.25575,975,8
1788681348,D1,59.25377777777778,975,9
1788681349,D1,59.33125,975,8
1788681350,D1,59.33575,975,8
1788681351,D1,59.29922222222222,975,9
1788681352,D1,59.28225,975,8
1788681353,D1,59.346375,975,8
1788681354,D1,59.361,975,9
1788681355,D1,59.36575,975,8
1788681356,D1,59.3965,975,8
1788681357,D1,55.61066666666667,975,9
1788681358,D1,29.092222222222222,975,9
1788681359,D1,23.293444444444447,975,9
1788681360,D1,21.637333333333334,975,9
1788681361,D1,21.612,975,9
1788681362,D1,21.665888888888887,975,9
1788681363,D1,22.060666666666666,1058.3333333333333,9
1788681364,D1,27.25,1125,9
1788681365,D1,53.707875,1125,8
1788681366,D1,60.099625,1125,8
1788681367,D1,60.11633333333333,1125,9
1788681368,D1,60.168625,1125,8
1788681369,D1,60.199,1125,8
1788681370,D1,60.181444444444445,1125,9
1788681371,D1,58.0815,1125,8
1788681372,D1,33.75577777777778,1125,9
1788681373,D1,24.239,1125,10
1788681374,D1,22.032666666666668,1125,9
1788681375,D1,21.95788888888889,1125,9
1788681376,D1,21.904,1125,9
1788681377,D1,21.904,1125,9
1788681378,D1,21.88266666666667,1125,9
1788681379,D1,21.771555555555558,1058.3333333333333,9
1788681380,D1,22.095111111111112,975,9
1788681381,D1,42.168125,975,8
1788681382,D1,58.336875,975,8
1788681383,D1,58.361222222222224,975,9
1788681384,D1,58.365625,975,8
1788681385,D1,58.39125,975,8
1788681386,D1,58.41155555555556,975,9
1788681387,D1,58.42975,975,8
1788681388,D1,58.4815,975,8
1788681389,D1,58.425,975,9
1788681390,D1,58.373,975,8
1788681391,D1,58.45488888888889,975,9
1788681392,D1,58.4885,975,8
1788681393,D1,58.524625,975,8
1788681394,D1,58.574555555555555,975,9
1788681395,D1,58.635125,975,8
1788681396,D1,50.891777777777776,975,9
1788681397,D1,26.432666666666666,975,9
1788681398,D1,22.555555555555554,975,9
1788681399,D1,21.721666666666668,975,9
1788681400,D1,21.671666666666667,975,9
1788681401,D1,21.66488888888889,975,9
1788681402,D1,21.62788888888889,975,9
1788681403,D1,21.57888888888889,975,9
1788681404,D1,21.534555555555556,916.6666666666666,9
1788681405,D1,28.698875,900,8
1788681406,D1,54.03944444444444,900,9
1788681407,D1,58.85975,900,8
1788681408,D1,58.352555555555554,900,9
1788681409,D1,37.218555555555554,900,9
1788681410,D1,26.048750000000002,900,8
1788681411,D1,21.475555555555555,900,9
1788681412,D1,21.472,900,9
1788681413,D1,21.466555555555555,900,9
1788681414,D1,26.138,900,9
1788681415,D1,54.31375,900,8
1788681416,D1,58.31733333333333,900,9
1788681417,D1,58.403625,900,8
1788681418,D1,43.59511111111111,900,9
1788681419,D1,25.037,900,9
1788681420,D1,21.669,900,9
1788681421,D1,21.709,900,9
1788681422,D1,21.807,900,9
1788681423,D1,21.807,900,9
1788681424,D1,21.66,900,9
1788681425,D1,23.319777777777777,900,9
1788681426,D1,49.3385,900,8
1788681427,D1,57.665625,900,8
1788681428,D1,57.80688888888889,900,9
1788681429,D1,53.844,900,8
1788681430,D1,29.401555555555557,900,9
1788681431,D1,23.040777777777777,900,9
1788681432,D1,21.442555555555554,900,9
1788681433,D1,21.398555555555557,900,9
1788681434,D1,21.379,900,9
1788681435,D1,21.379,900,9
1788681436,D1,26.233,900,9
1788681437,D1,52.349125,900,8
1788681438,D1,58.703375,900,8
1788681439,D1,58.784666666666666,900,9
1788681440,D1,58.762875,900,8
1788681441,D1,58.802625,900,8
1788681442,D1,58.815555555555555,900,9
1788681443,D1,56.651375,900,8
1788681444,D1,33.84,900,9
1788681445,D1,24.425333333333334,900,9
1788681446,D1,21.406666666666666,900,9
1788681447,D1,21.428,900,9
1788681448,D1,21.41166666666667,900,9
1788681449,D1,21.409666666666666,925,9
1788681450,D1,24.031222222222222,975,9
1788681451,D1,46.924625,975,8
1788681452,D1,59.157444444444444,975,9
1788681453,D1,59.194375,975,8
1788681454,D1,59.217875,975,8
1788681455,D1,59.27111111111111,975,9
1788681456,D1,59.2235,975,8
1788681457,D1,59.269625,975,8
1788681458,D1,59.23988888888889,975,9
1788681459,D1,59.27925,975,8
1788681460,D1,59.322625,975,8
1788681461,D1,59.31733333333334,975,9
1788681462,D1,59.3035,975,8
1788681463,D1,59.383375,975,8
1788681464,D1,59.407111111111114,975,9
1788681465,D1,44.27711111111111,975,9
1788681466,D1,25.302,975,9
1788681467,D1,21.669,975,9
1788681468,D1,21.661,975,9
1788681469,D1,21.661,975,9
1788681470,D1,21.617,975,9
1788681471,D1,21.837333333333333,1108.3333333333333,9
1788681472,D1,36.215375,1125,8
1788681473,D1,59.57525,1125,8
1788681474,D1,60.071222222222225,1125,9
1788681475,D1,60.13475,1125,8
1788681476,D1,60.189125,1125,8
1788681477,D1,60.18855555555556,1125,9
1788681478,D1,60.214,1125,8
1788681479,D1,52.01444444444444,1125,9
1788681480,D1,27.654444444444444,1125,9
1788681481,D1,22.72877777777778,1125,9
1788681482,D1,21.893666666666668,1125,9
1788681483,D1,21.904,1125,9
1788681484,D1,21.872,1125,9
1788681485,D1,21.856,1125,9
1788681486,D1,21.856,1125,9
1788681487,D1,21.726000000000003,1025,9
1788681488,D1,23.454,975,9
1788681489,D1,47.680125000000004,975,8
1788681490,D1,58.275125,975,8
1788681491,D1,58.33111111111111,975,9
1788681492,D1,58.384875,975,8
1788681493,D1,58.35733333333334,975,9
1788681494,D1,58.430625,975,8
1788681495,D1,58.497375,975,8
1788681496,D1,58.47844444444444,975,9
1788681497,D1,58.45625,975,8
1788681498,D1,58.445875,975,8
1788681499,D1,58.449555555555555,975,9
1788681500,D1,58.46,975,8
1788681501,D1,58.50988888888889,975,9
1788681502,D1,58.53525,975,8
1788681503,D1,58.6015,975,8
1788681504,D1,43.35655555555556,975,9
1788681505,D1,25.258,975,9
1788681506,D1,21.864,975,9
1788681507,D1,21.807,975,9
1788681508,D1,21.763,975,9
1788681509,D1,21.763,975,9
1788681510,D1,21.709,975,9
1788681511,D1,21.666,975,9
1788681512,D1,21.621222222222222,900,9
1788681513,D1,34.13466666666667,900,9
1788681514,D1,58.780375,900,8
1788681515,D1,58.816125,900,8
1788681516,D1,57.12388888888889,900,9
1788681517,D1,32.641777777777776,900,9
1788681518,D1,24.399444444444445,900,9
1788681519,D1,21.558888888888887,900,9
1788681520,D1,21.479111111111113,900,9
1788681521,D1,21.433111111111113,900,9
1788681522,D1,28.746125,900,8
1788681523,D1,55.8165,900,8
1788681524,D1,58.29844444444444,900,9
1788681525,D1,58.337125,900,8
1788681526,D1,40.65233333333333,900,9
1788681527,D1,24.677,900,9
1788681528,D1,21.666333333333334,900,9
1788681529,D1,21.714444444444442,900,9
1788681530,D1,21.758,900,9
1788681531,D1,21.74722222222222,900,9
1788681532,D1,21.661444444444445,900,9
1788681533,D1,25.289875,900,8
1788681534,D1,53.90222222222222,900,9
1788681535,D1,57.78525,900,8
1788681536,D1,57.669111111111114,900,9
1788681537,D1,43.04088888888889,900,9
1788681538,D1,25.153,900,9
1788681539,D1,21.485,900,9
1788681540,D1,21.423,900,8
1788681541,D1,21.423,900,9
1788681542,D1,21.466555555555555,900,9
1788681543,D1,21.467555555555556,900,9
1788681544,D1,28.125888888888888,900,9
1788681545,D1,55.495875,900,8
1788681546,D1,58.68177777777778,900,9
1788681547,D1,58.758250000000004,900,8
1788681548,D1,58.74025,900,8
1788681549,D1,58.803777777777775,900,9
1788681550,D1,58.82325,900,8
1788681551,D1,55.108666666666664,900,9
1788681552,D1,28.820333333333334,900,9
1788681553,D1,23.024666666666665,900,9
1788681554,D1,21.376555555555555,900,9
1788681555,D1,21.369,900,9
1788681556,D1,21.369,900,8
1788681557,D1,21.390777777777778,933.3333333333334,9
1788681558,D1,26.173666666666666,975,9
1788681559,D1,51.539500000000004,975,8
1788681560,D1,59.15188888888889,975,9
1788681561,D1,59.2125,975,8
1788681562,D1,59.23575,975,8
1788681563,D1,59.21977777777778,975,9
1788681564,D1,59.288375,975,8
1788681565,D1,59.35175,975,8
1788681566,D1,59.26433333333333,975,9
1788681567,D1,59.296625,975,8
1788681568,D1,59.311749999999996,975,8
1788681569,D1,59.30144444444444,975,9
1788681570,D1,59.327999999999996,975,8
1788681571,D1,59.357749999999996,975,8
1788681572,D1,59.36566666666667,975,9
1788681573,D1,38.684777777777775,975,9
1788681574,D1,24.862777777777776,975,9
1788681575,D1,21.584444444444443,975,9
1788681576,D1,21.617444444444445,975,9
1788681577,D1,21.656111111111112,975,9
1788681578,D1,21.633222222222223,991.6666666666666,9
1788681579,D1,22.047777777777778,1125,9
1788681580,D1,43.328875,1125,8
1788681581,D1,59.944375,1125,8
1788681582,D1,60.09377777777778,1125,9
1788681583,D1,60.11575,1125,8
1788681584,D1,60.165375,1125,8
1788681585,D1,60.15522222222222,1125,9
1788681586,D1,60.198125,1125,8
1788681587,D1,47.56011111111111,1125,9
1788681588,D1,26.29133333333333,1125,9
1788681589,D1,22.39933333333333,1125,9
1788681590,D1,21.953888888888887,1125,9
1788681591,D1,21.909444444444443,1125,9
1788681592,D1,21.861333333333334,1125,9
1788681593,D1,21.856,1125,9
1788681594,D1,21.812444444444445,1125,9
1788681595,D1,21.677222222222223,991.6666666666666,9
1788681596,D1,25.50588888888889,975,9
1788681597,D1,55.073,975,8
1788681598,D1,58.27875,975,8
1788681599,D1,58.334,975,9
1788681600,D1,58.3535,975,8
1788681601,D1,58.36425,975,8
1788681602,D1,58.422555555555554,975,9
1788681603,D1,58.47475,975,8
1788681604,D1,58.494625,975,8
1788681605,D1,58.431444444444445,975,9
1788681606,D1,58.412625,975,8
1788681607,D1,58.452222222222225,975,9
1788681608,D1,58.483125,975,8
1788681609,D1,58.527875,975,8
1788681610,D1,58.57222222222222,975,9
1788681611,D1,58.25025,975,8
1788681612,D1,37.56077777777778,975,9
1788681613,D1,24.552555555555553,975,9
1788681614,D1,21.95922222222222,975,9
1788681615,D1,21.953,975,9
1788681616,D1,21.953,975,9
1788681617,D1,21.94211111111111,975,9
1788681618,D1,21.893333333333334,975,9
1788681619,D1,21.856,958.3333333333334,9
1788681620,D1,22.966222222222225,900,9
1788681621,D1,41.500125,900,8
1788681622,D1,58.82088888888889,900,9
1788681623,D1,58.8115,900,8
1788681624,D1,50.99633333333333,900,9
1788681625,D1,26.950111111111113,900,9
1788681626,D1,22.493333333333332,900,9
1788681627,D1,21.758,900,9
1788681628,D1,21.79611111111111,900,9
1788681629,D1,23.259555555555554,900,9
1788681630,D1,48.158,900,8
1788681631,D1,58.272625,900,8
1788681632,D1,58.32811111111111,900,9
1788681633,D1,53.127125,900,8
1788681634,D1,28.83066666666667,900,9
1788681635,D1,23.184333333333335,900,9
1788681636,D1,21.437,900,9
1788681637,D1,21.421333333333333,900,9
1788681638,D1,21.459,900,9
1788681639,D1,21.440333333333335,900,9
1788681640,D1,22.717444444444446,900,9
1788681641,D1,44.468125,900,8
1788681642,D1,57.693222222222225,900,9
1788681643,D1,57.739125,900,8
1788681644,D1,55.24111111111111,900,9
1788681645,D1,30.424777777777777,900,9
1788681646,D1,23.365333333333332,900,9
1788681647,D1,21.38122222222222,900,9
1788681648,D1,21.371777777777776,900,9
1788681649,D1,21.369,900,9
1788681650,D1,21.371222222222222,900,9
1788681651,D1,22.919375,900,8
1788681652,D1,45.602111111111114,900,9
1788681653,D1,58.688375,900,8
1788681654,D1,58.72325,900,8
1788681655,D1,58.73566666666667,900,9
1788681656,D1,58.767875000000004,900,8
1788681657,D1,58.76525,900,8
1788681658,D1,58.44277777777778,900,9
1788681659,D1,37.25066666666667,900,9
1788681660,D1,24.247999999999998,900,9
1788681661,D1,21.46311111111111,900,9
1788681662,D1,21.40711111111111,900,9
1788681663,D1,21.37011111111111,900,9
1788681664,D1,21.384888888888888,916.6666666666666,9
1788681665,D1,22.19725,975,8
1788681666,D1,44.338,975,9
1788681667,D1,59.1025,975,8
1788681668,D1,59.14033333333333,975,9
1788681669,D1,59.201875,975,8
1788681670,D1,59.189375,975,8
1788681671,D1,59.25388888888889,975,9
1788681672,D1,59.3705,975,8
1788681673,D1,59.3065,975,8
1788681674,D1,59.26533333333333,975,9
1788681675,D1,59.2615,975,8
1788681676,D1,59.281,975,8
1788681677,D1,59.33255555555556,975,9
1788681678,D1,59.336375000000004,975,8
1788681679,D1,59.322125,975,8
1788681680,D1,49.31033333333333,975,9
1788681681,D1,26.633666666666667,975,9
1788681682,D1,22.521,975,9
1788681683,D1,21.66277777777778,975,9
1788681684,D1,21.62677777777778,975,9
1788681685,D1,21.617,975,9
1788681686,D1,21.764777777777777,1091.6666666666667,9
1788681687,D1,34.35577777777778,1125,9
1788681688,D1,59.952,1125,8
1788681689,D1,60.087125,1125,8
1788681690,D1,60.091,1125,9
1788681691,D1,60.125875,1125,8
1788681692,D1,60.1705,1125,8
1788681693,D1,60.190888888888885,1125,9
1788681694,D1,53.414500000000004,1125,8
1788681695,D1,28.10822222222222,1125,9
1788681696,D1,23.246,1125,9
1788681697,D1,21.926,1125,9
1788681698,D1,21.904,1125,10
1788681699,D1,21.904,1125,9
1788681700,D1,21.828555555555553,1125,9
1788681701,D1,21.807,1125,9
1788681702,D1,21.731555555555556,1025,9
1788681703,D1,22.735,975,8
1788681704,D1,45.99677777777778,975,9
1788681705,D1,58.244125000000004,975,8
1788681706,D1,58.251875,975,8
1788681707,D1,58.32033333333333,975,9
1788681708,D1,58.388375,975,8
1788681709,D1,58.45,975,9
1788681710,D1,58.497749999999996,975,8
1788681711,D1,58.55775,975,8
1788681712,D1,58.474333333333334,975,9
1788681713,D1,58.446375,975,8
1788681714,D1,58.455,975,8
1788681715,D1,58.43022222222222,975,9
1788681716,D1,58.443375,975,8
1788681717,D1,58.48844444444445,975,9
1788681718,D1,58.550875000000005,975,8
1788681719,D1,40.58244444444444,975,9
1788681720,D1,25.96688888888889,975,9
1788681721,D1,21.76511111111111,975,9
1788681722,D1,21.752555555555556,975,9
1788681723,D1,21.703666666666667,975,9
1788681724,D1,21.66088888888889,975,9
1788681725,D1,21.654666666666667,975,9
1788681726,D1,21.60122222222222,975,9
1788681727,D1,21.516666666666666,900,9
1788681728,D1,35.960375,900,8
1788681729,D1,58.776444444444444,900,9
1788681730,D1,58.85,900,8
1788681731,D1,55.175555555555555,900,9
1788681732,D1,29.188,900,9
1788681733,D1,23.233666666666668,900,9
1788681734,D1,21.495,900,8
1788681735,D1,21.53677777777778,900,9
1788681736,D1,21.593222222222224,900,9
1788681737,D1,31.999333333333333,900,9
1788681738,D1,57.431,900,8
1788681739,D1,58.26811111111111,900,9
1788681740,D1,58.31725,900,8
1788681741,D1,38.35977777777778,900,9
1788681742,D1,24.570999999999998,900,9
1788681743,D1,21.467555555555556,900,9
1788681744,D1,21.467000000000002,900,9
1788681745,D1,21.42711111111111,900,9
1788681746,D1,21.428,900,9
1788681747,D1,21.438222222222223,900,9
1788681748,D1,30.637125,900,8
1788681749,D1,56.43655555555556,900,9
1788681750,D1,57.808,900,8
1788681751,D1,57.636,900,8
1788681752,D1,43.212555555555554,900,9
1788681753,D1,24.906,900,9
1788681754,D1,21.377,900,9
1788681755,D1,21.369,900,9
1788681756,D1,21.369,900,9
1788681757,D1,21.32,900,9
1788681758,D1,21.325,900,9
1788681759,D1,31.896444444444445,900,9
1788681760,D1,58.162875,900,8
1788681761,D1,58.6565,900,8
1788681762,D1,58.70677777777778,900,9
1788681763,D1,58.72,900,8
1788681764,D1,58.773,900,8
1788681765,D1,58.80822222222222,900,9
1788681766,D1,52.608125,900,8
1788681767,D1,28.15533333333333,900,9
1788681768,D1,23.076,900,9
1788681769,D1,21.661,900,9
1788681770,D1,21.693,900,9
1788681771,D1,21.712333333333333,900,9
1788681772,D1,21.649333333333335,941.6666666666666,9
1788681773,D1,28.493333333333336,975,9
1788681774,D1,54.1655,975,8
1788681775,D1,59.128375,975,8
1788681776,D1,59.162,975,9
1788681777,D1,59.1965,975,8
1788681778,D1,59.1995,975,8
1788681779,D1,59.291777777777774,975,9
1788681780,D1,59.30025,975,8
1788681781,D1,59.223625,975,8
1788681782,D1,59.242555555555555,975,9
1788681783,D1,59.31875,975,8
1788681784,D1,59.301375,975,8
1788681785,D1,59.30811111111111,975,9
1788681786,D1,59.3415,975,8
1788681787,D1,58.59777777777778,975,9
1788681788,D1,35.85611111111111,975,9
1788681789,D1,24.441444444444446,975,9
1788681790,D1,21.675333333333334,975,9
1788681791,D1,21.664666666666665,975,9
1788681792,D1,21.649333333333335,975,9
1788681793,D1,21.65511111111111,1008.3333333333334,9
1788681794,D1,22.17725,1125,8
1788681795,D1,45.335,1125,9
1788681796,D1,60.02275,1125,8
1788681797,D1,60.077666666666666,1125,9
1788681798,D1,60.1025,1125,8
1788681799,D1,60.142875,1125,8
1788681800,D1,60.152,1125,9
1788681801,D1,60.16075,1125,8
1788681802,D1,44.16455555555555,1125,9
1788681803,D1,25.651,1125,9
1788681804,D1,21.953,1125,9
1788681805,D1,21.909,1125,9
1788681806,D1,21.861,1125,9
1788681807,D1,21.855,1125,9
1788681808,D1,21.807,1125,9
1788681809,D1,22.147,1125,9
1788681810,D1,22.029333333333334,975,9
1788681811,D1,28.697333333333333,975,9
1788681812,D1,55.857625,975,8
1788681813,D1,58.24,975,8
1788681814,D1,58.31366666666667,975,9
1788681815,D1,58.33725,975,8
1788681816,D1,58.38175,975,8
1788681817,D1,58.44166666666667,975,9
1788681818,D1,58.507375,975,8
1788681819,D1,58.501,975,8
1788681820,D1,58.440444444444445,975,9
1788681821,D1,58.40175,975,8
1788681822,D1,58.399375,975,8
1788681823,D1,58.452777777777776,975,9
1788681824,D1,58.457375,975,8
1788681825,D1,58.501375,975,8
1788681826,D1,56.37466666666666,975,9
1788681827,D1,31.96922222222222,975,9
1788681828,D1,23.71588888888889,975,9
1788681829,D1,21.735666666666667,975,9
1788681830,D1,21.68766666666667,975,9
1788681831,D1,21.661,975,9
1788681832,D1,21.661,975,9
1788681833,D1,21.639222222222223,975,9
1788681834,D1,21.57111111111111,941.6666666666666,9
1788681835,D1,23.575555555555557,900,9
1788681836,D1,44.382374999999996,900,8
1788681837,D1,58.769125,900,8
1788681838,D1,58.8,900,9
1788681839,D1,48.656444444444446,900,9
1788681840,D1,25.96922222222222,900,9
1788681841,D1,22.01188888888889,900,9
1788681842,D1,21.563125,900,8
1788681843,D1,21.563777777777776,900,9
1788681844,D1,21.706777777777777,900,9
1788681845,D1,42.73444444444444,900,9
1788681846,D1,58.248625000000004,900,8
1788681847,D1,58.278125,900,8
1788681848,D1,55.05444444444444,900,9
1788681849,D1,30.573,900,9
1788681850,D1,23.42711111111111,900,9
1788681851,D1,21.474222222222224,900,9
1788681852,D1,21.474222222222224,900,9
1788681853,D1,21.477,900,9
1788681854,D1,21.474222222222224,900,9
1788681855,D1,21.542666666666666,900,9
1788681856,D1,33.596000000000004,900,8
1788681857,D1,56.7805,900,8
1788681858,D1,57.699444444444445,900,9
1788681859,D1,57.763625000000005,900,8
1788681860,D1,39.41566666666667,900,9
1788681861,D1,24.73477777777778,900,9
1788681862,D1,21.744555555555554,900,9
1788681863,D1,21.703666666666667,900,9
1788681864,D1,21.650222222222222,900,9
1788681865,D1,21.55311111111111,900,9
1788681866,D1,21.461444444444446,900,9
1788681867,D1,33.083625,900,8
1788681868,D1,58.254333333333335,900,9
1788681869,D1,58.62925,900,8
1788681870,D1,58.69825,900,8
1788681871,D1,58.72966666666667,900,9
1788681872,D1,58.7295,900,8
1788681873,D1,58.797375,900,8
1788681874,D1,51.14333333333333,900,9
1788681875,D1,27.584111111111113,900,9
1788681876,D1,22.511,900,9
1788681877,D1,21.37688888888889,900,9
1788681878,D1,21.37322222222222,900,9
1788681879,D1,21.335666666666665,900,9
1788681880,D1,21.37511111111111,958.3333333333334,9
1788681881,D1,31.546,975,8
1788681882,D1,58.59888888888889,975,9
1788681883,D1,59.0745,975,8
1788681884,D1,59.14911111111111,975,9
1788681885,D1,59.174125000000004,975,8
1788681886,D1,59.161500000000004,975,8
1788681887,D1,59.162444444444446,975,9
1788681888,D1,59.1905,975,8
1788681889,D1,59.210625,975,8
1788681890,D1,59.23444444444444,975,9
1788681891,D1,59.201375,975,8
1788681892,D1,59.211125,975,8
1788681893,D1,59.270777777777774,975,9
1788681894,D1,59.293375,975,8
1788681895,D1,57.66775,975,8
1788681896,D1,33.49433333333333,975,9
1788681897,D1,24.251666666666665,975,9
1788681898,D1,21.65,975,9
1788681899,D1,21.5928,975,10
1788681900,D1,21.564,975,9
1788681901,D1,21.628444444444444,1041.6666666666667,9
1788681902,D1,23.521625,1125,8
1788681903,D1,48.05277777777778,1125,9
1788681904,D1,59.997125,1125,8
1788681905,D1,60.0415,1125,8
1788681906,D1,60.07188888888889,1125,9
1788681907,D1,60.107875,1125,8
1788681908,D1,60.139375,1125,8
1788681909,D1,59.806444444444445,1125,9
1788681910,D1,38.27511111111111,1125,9
1788681911,D1,24.781,1125,9
1788681912,D1,21.953,1125,9
1788681913,D1,21.94211111111111,1125,9
1788681914,D1,21.904,1125,9
1788681915,D1,21.904,1125,9
1788681916,D1,21.89922222222222,1125,9
1788681917,D1,21.84466666666667,1108.3333333333333,9
1788681918,D1,21.72811111111111,975,9
1788681919,D1,34.623555555555555,975,9
1788681920,D1,57.8,975,8
1788681921,D1,58.300625000000004,975,8
1788681922,D1,58.32022222222222,975,9
1788681923,D1,58.283500000000004,975,8
1788681924,D1,58.36011111111111,975,9
1788681925,D1,58.33375,975,8
1788681926,D1,58.36975,975,8
1788681927,D1,58.35011111111111,975,9
1788681928,D1,58.377875,975,8
1788681929,D1,58.413624999999996,975,8
1788681930,D1,58.43888888888889,975,9
1788681931,D1,58.4615,975,8
1788681932,D1,58.500875,975,8
1788681933,D1,58.52777777777778,975,9
1788681934,D1,54.859125,975,8
1788681935,D1,30.80988888888889,975,9
1788681936,D1,23.649,975,9
1788681937,D1,21.665444444444447,975,9
1788681938,D1,21.661,975,9
1788681939,D1,21.661,975,9
1788681940,D1,21.639222222222223,975,9
1788681941,D1,21.592888888888886,975,9
1788681942,D1,21.527666666666665,941.6666666666666,9
1788681943,D1,26.04911111111111,900,9
1788681944,D1,52.977000000000004,900,8
1788681945,D1,58.76288888888889,900,9
1788681946,D1,58.826750000000004,900,8
1788681947,D1,41.71911111111111,900,9
1788681948,D1,26.41911111111111,900,9
1788681949,D1,21.47611111111111,900,9
1788681950,D1,21.471555555555558,900,9
1788681951,D1,21.428,900,9
1788681952,D1,24.011375,900,8
1788681953,D1,51.36844444444444,900,9
1788681954,D1,58.246,900,8
1788681955,D1,58.311375,900,8
1788681956,D1,50.37422222222222,900,9
1788681957,D1,26.03366666666667,900,9
1788681958,D1,22.247555555555557,900,9
1788681959,D1,21.478555555555555,900,9
1788681960,D1,21.477,900,9
1788681961,D1,21.438111111111112,900,9
1788681962,D1,21.427,900,9
1788681963,D1,21.951222222222224,900,9
1788681964,D1,42.403375000000004,900,8
1788681965,D1,57.550777777777775,900,9
1788681966,D1,57.632625,900,8
1788681967,D1,55.63077777777778,900,9
1788681968,D1,32.732124999999996,900,8
1788681969,D1,23.719,900,9
1788681970,D1,21.406,900,9
1788681971,D1,21.442666666666668,900,9
1788681972,D1,21.470333333333333,900,9
1788681973,D1,21.467,900,9
1788681974,D1,22.615333333333332,900,9
1788681975,D1,42.632125,900,8
1788681976,D1,58.595333333333336,900,9
1788681977,D1,58.679625,900,8
1788681978,D1,58.6665,900,8
1788681979,D1,58.745777777777775,900,9
1788681980,D1,58.7405,900,8
1788681981,D1,58.504,900,9
1788681982,D1,36.35677777777778,900,9
1788681983,D1,24.910555555555554,900,9
1788681984,D1,21.661,900,9
1788681985,D1,21.661,900,8
1788681986,D1,21.661,900,9
1788681987,D1,21.67177777777778,900,9
1788681988,D1,22.51211111111111,975,9
1788681989,D1,43.13466666666667,975,9
1788681990,D1,59.061,975,8
1788681991,D1,59.112375,975,8
1788681992,D1,59.126444444444445,975,9
1788681993,D1,59.218,975,8
1788681994,D1,59.125875,975,8
1788681995,D1,59.13411111111111,975,9
1788681996,D1,59.17875,975,8
1788681997,D1,59.186625,975,8
1788681998,D1,59.239,975,9
1788681999,D1,59.281,975,8
1788682000,D1,59.24525,975,8
1788682001,D1,59.29911111111111,975,9
1788682002,D1,59.308125,975,8
1788682003,D1,50.66855555555556,975,9
1788682004,D1,26.492555555555555,975,9
1788682005,D1,22.482111111111113,975,9
1788682006,D1,21.622888888888887,975,9
1788682007,D1,21.574666666666666,975,9
1788682008,D1,21.564,975,9
1788682009,D1,21.638666666666666,1091.6666666666667,9
1788682010,D1,29.802125,1125,8
1788682011,D1,56.879666666666665,1125,9
1788682012,D1,59.978,1125,8
1788682013,D1,60.006375,1125,8
1788682014,D1,60.07211111111111,1125,9
1788682015,D1,60.127625,1125,8
1788682016,D1,60.128,1125,8
1788682017,D1,54.432,1125,9
1788682018,D1,29.528444444444442,1125,9
1788682019,D1,23.816777777777776,1125,9
1788682020,D1,22.302777777777777,1125,9
1788682021,D1,22.211888888888886,1125,9
1788682022,D1,22.09311111111111,1125,9
1788682023,D1,21.996111111111112,1125,9
1788682024,D1,21.89911111111111,1125,9
1788682025,D1,21.77488888888889,1058.3333333333333,9
1788682026,D1,22.359444444444446,975,9
1788682027,D1,43.64522222222222,975,9
1788682028,D1,58.323,975,8
1788682029,D1,58.349375,975,8
1788682030,D1,58.32355555555556,975,9
1788682031,D1,58.318,975,8
1788682032,D1,58.366125,975,8
1788682033,D1,58.376555555555555,975,9
1788682034,D1,58.36575,975,8
1788682035,D1,58.337125,975,8
1788682036,D1,58.37,975,9
1788682037,D1,58.364375,975,8
1788682038,D1,58.43325,975,8
1788682039,D1,58.504666666666665,975,9
1788682040,D1,58.566375,975,8
1788682041,D1,58.55225,975,8
1788682042,D1,46.87144444444444,975,9
1788682043,D1,26.072888888888887,975,9
1788682044,D1,22.03933333333333,975,9
1788682045,D1,21.608555555555554,975,9
1788682046,D1,21.655555555555555,975,9
1788682047,D1,21.62188888888889,975,9
1788682048,D1,21.57877777777778,975,9
1788682049,D1,21.574,975,9
1788682050,D1,21.52422222222222,908.3333333333334,9
1788682051,D1,34.00655555555556,900,9
1788682052,D1,58.718,900,8
1788682053,D1,58.7565,900,8
1788682054,D1,56.58566666666667,900,9
1788682055,D1,31.837555555555554,900,9
1788682056,D1,23.462,900,9
1788682057,D1,21.477,900,9
1788682058,D1,21.454777777777778,900,9
1788682059,D1,21.41122222222222,900,9
1788682060,D1,30.92025,900,8
1788682061,D1,57.06077777777778,900,9
1788682062,D1,58.222625,900,8
1788682063,D1,58.2415,900,8
1788682064,D1,41.087777777777774,900,9
1788682065,D1,24.570777777777778,900,9
1788682066,D1,21.375999999999998,900,9
1788682067,D1,21.368666666666666,900,9
1788682068,D1,21.374555555555556,900,9
1788682069,D1,21.379,900,9
1788682070,D1,21.378444444444444,900,9
1788682071,D1,25.289555555555555,900,9
1788682072,D1,52.5025,900,8
1788682073,D1,57.623875,900,8
1788682074,D1,57.57977777777778,900,9
1788682075,D1,51.21933333333333,900,9
1788682076,D1,27.060333333333336,900,9
1788682077,D1,22.535666666666668,900,9
1788682078,D1,21.37077777777778,900,9
1788682079,D1,21.369,900,9
1788682080,D1,21.368222222222222,900,9
1788682081,D1,21.368,900,8
1788682082,D1,26.90522222222222,900,9
1788682083,D1,52.847375,900,8
1788682084,D1,58.62788888888889,900,9
1788682085,D1,58.673125,900,8
1788682086,D1,58.670500000000004,900,8
1788682087,D1,58.70922222222222,900,9
1788682088,D1,58.718625,900,8
1788682089,D1,55.32022222222222,900,9
1788682090,D1,29.874444444444443,900,9
1788682091,D1,23.37011111111111,900,9
1788682092,D1,21.470555555555556,900,9
1788682093,D1,21.496444444444442,900,9
1788682094,D1,21.546666666666667,900,9
1788682095,D1,21.619111111111113,933.3333333333334,9
1788682096,D1,25.499625,975,8
1788682097,D1,48.647999999999996,975,8
1788682098,D1,59.06477777777778,975,9
1788682099,D1,59.132875,975,8
1788682100,D1,59.121,975,8
1788682101,D1,59.18533333333333,975,9
1788682102,D1,59.158875,975,8
1788682103,D1,59.157125,975,8
1788682104,D1,59.190222222222225,975,9
1788682105,D1,59.182125,975,8
1788682106,D1,59.193777777777775,975,9
1788682107,D1,59.24775,975,8
1788682108,D1,59.25675,975,8
1788682109,D1,59.278666666666666,975,9
1788682110,D1,59.319375,975,8
1788682111,D1,41.86077777777778,975,9
1788682112,D1,24.804111111111112,975,9
1788682113,D1,21.655555555555555,975,9
1788682114,D1,21.612,975,9
1788682115,D1,21.612,975,9
1788682116,D1,21.612,975,9
1788682117,D1,21.77788888888889,1125,9
1788682118,D1,39.68175,1125,8
1788682119,D1,59.952,1125,9
1788682120,D1,60.0295,1125,8
1788682121,D1,60.05675,1125,8
1788682122,D1,60.08888888888889,1125,9
1788682123,D1,60.092,1125,8
1788682124,D1,60.126125,1125,8
1788682125,D1,51.711777777777776,1125,9
1788682126,D1,26.775555555555556,1125,9
1788682127,D1,22.859,1125,9
1788682128,D1,21.9758,1125,10
1788682129,D1,21.909444444444443,1125,9
1788682130,D1,21.904,1125,9
1788682131,D1,21.861333333333334,1125,9
1788682132,D1,21.856,1125,9
1788682133,D1,21.68266666666667,991.6666666666666,9
1788682134,D1,25.253875,975,8
1788682135,D1,52.04233333333333,975,9
1788682136,D1,58.27075,975,8
1788682137,D1,58.303375,975,8
1788682138,D1,58.32566666666667,975,9
1788682139,D1,58.298125,975,8
1788682140,D1,58.36555555555556,975,9
1788682141,D1,58.335875,975,8
1788682142,D1,58.357375,975,8
1788682143,D1,58.303555555555555,975,9
1788682144,D1,58.33825,975,8
1788682145,D1,58.397125,975,8
1788682146,D1,58.44188888888889,975,9
1788682147,D1,58.45675,975,8
1788682148,D1,58.520375,975,8
1788682149,D1,57.83411111111111,975,9
1788682150,D1,35.57966666666667,975,9
1788682151,D1,24.408555555555555,975,9
1788682152,D1,21.668000000000003,975,9
1788682153,D1,21.651222222222223,975,9
1788682154,D1,21.607444444444447,975,9
1788682155,D1,21.57288888888889,975,9
1788682156,D1,21.567888888888888,975,9
1788682157,D1,21.554222222222222,958.3333333333334,9
1788682158,D1,22.20888888888889,900,9
1788682159,D1,40.461124999999996,900,8
1788682160,D1,58.717125,900,8
1788682161,D1,58.78288888888889,900,9
1788682162,D1,55.427875,900,8
1788682163,D1,30.598222222222223,900,9
1788682164,D1,23.397,900,9
1788682165,D1,21.467,900,9
1788682166,D1,21.447444444444443,900,9
1788682167,D1,21.46033333333333,900,9
1788682168,D1,37.93811111111111,900,9
1788682169,D1,58.204,900,8
1788682170,D1,58.25425,900,8
1788682171,D1,57.23288888888889,900,9
1788682172,D1,33.858444444444444,900,9
1788682173,D1,23.74833333333333,900,9
1788682174,D1,21.399,900,9
1788682175,D1,21.424666666666667,900,9
1788682176,D1,21.41166666666667,900,9
1788682177,D1,21.379,900,9
1788682178,D1,21.520222222222223,900,9
1788682179,D1,37.17325,900,8
1788682180,D1,57.604375,900,8
1788682181,D1,57.651444444444444,900,9
1788682182,D1,57.373875,900,8
1788682183,D1,37.75577777777778,900,9
1788682184,D1,24.116999999999997,900,9
1788682185,D1,21.38522222222222,900,9
1788682186,D1,21.379,900,9
1788682187,D1,21.379,900,9
1788682188,D1,21.379,900,9
1788682189,D1,21.763222222222222,900,9
1788682190,D1,36.65875,900,8
1788682191,D1,58.635374999999996,900,8
1788682192,D1,58.654333333333334,900,9
1788682193,D1,58.680375,900,8
1788682194,D1,58.703375,900,8
1788682195,D1,58.714333333333336,900,9
1788682196,D1,58.78525,900,8
1788682197,D1,48.318111111111115,900,9
1788682198,D1,26.143333333333334,900,9
1788682199,D1,22.198777777777778,900,9
1788682200,D1,21.378666666666664,900,9
1788682201,D1,21.374,900,9
1788682202,D1,21.37788888888889,900,9
1788682203,D1,21.43211111111111,958.3333333333334,9
1788682204,D1,32.74075,975,8
1788682205,D1,58.748333333333335,975,9
1788682206,D1,59.09575,975,8
1788682207,D1,59.131,975,8
1788682208,D1,59.185,975,9
1788682209,D1,59.181875,975,8
1788682210,D1,59.194625,975,8
1788682211,D1,59.17577777777778,975,9
1788682212,D1,59.17775,975,8
1788682213,D1,59.2055,975,8
1788682214,D1,59.269444444444446,975,9
1788682215,D1,59.27,975,8
1788682216,D1,59.313500000000005,975,8
1788682217,D1,59.33677777777778,975,9
1788682218,D1,56.7585,975,8
1788682219,D1,31.309333333333335,975,9
1788682220,D1,23.62322222222222,975,9
1788682221,D1,21.594777777777775,975,9
1788682222,D1,21.612,975,9
1788682223,D1,21.590666666666667,975,9
1788682224,D1,21.650222222222222,1041.6666666666667,9
1788682225,D1,25.297333333333334,1125,9
1788682226,D1,50.969750000000005,1125,8
1788682227,D1,60.00488888888889,1125,9
1788682228,D1,59.99975,1125,8
1788682229,D1,60.086124999999996,1125,8
1788682230,D1,60.10677777777778,1125,9
1788682231,D1,60.126625000000004,1125,8
1788682232,D1,59.394666666666666,1125,9
1788682233,D1,36.205777777777776,1125,9
1788682234,D1,24.784555555555556,1125,9
1788682235,D1,21.862222222222222,1125,9
1788682236,D1,21.845111111111112,1125,9
1788682237,D1,21.807,1125,9
1788682238,D1,21.817888888888888,1125,9
1788682239,D1,21.84488888888889,1125,9
1788682240,D1,21.764,1091.6666666666667,9
1788682241,D1,21.647555555555556,975,9
1788682242,D1,33.2395,975,8
1788682243,D1,58.16877777777778,975,9
1788682244,D1,58.298625,975,8
1788682245,D1,58.409444444444446,975,9
1788682246,D1,58.428375,975,8
1788682247,D1,58.4395,975,8
1788682248,D1,58.446111111111115,975,9
1788682249,D1,58.443625,975,8
1788682250,D1,58.412375,975,8
1788682251,D1,58.44144444444444,975,9
1788682252,D1,58.466499999999996,975,8
1788682253,D1,58.502625,975,8
1788682254,D1,58.47666666666667,975,9
1788682255,D1,58.424875,975,8
1788682256,D1,58.407777777777774,975,9
1788682257,D1,52.648125,975,8
1788682258,D1,28.94488888888889,975,9
1788682259,D1,23.257,975,9
1788682260,D1,21.637333333333334,975,9
1788682261,D1,21.58533333333333,975,9
1788682262,D1,21.564,975,9
1788682263,D1,21.53677777777778,975,9
1788682264,D1,21.515,975,9
1788682265,D1,21.517777777777777,933.3333333333334,9
1788682266,D1,25.445888888888888,900,9
1788682267,D1,50.158,900,8
1788682268,D1,58.75933333333333,900,9
1788682269,D1,58.791375,900,8
1788682270,D1,43.07544444444444,900,9
1788682271,D1,25.043,900,9
1788682272,D1,21.573,900,9
1788682273,D1,21.52,900,9
1788682274,D1,21.52,900,9
1788682275,D1,23.957875,900,8
1788682276,D1,50.63944444444444,900,9
1788682277,D1,58.206375,900,8
1788682278,D1,58.265249999999995,900,8
1788682279,D1,50.37155555555555,900,9
1788682280,D1,26.07933333333333,900,9
1788682281,D1,22.244777777777777,900,9
1788682282,D1,21.432777777777776,900,9
1788682283,D1,21.38877777777778,900,9
1788682284,D1,21.379,900,9
1788682285,D1,21.379,900,9
1788682286,D1,23.63511111111111,900,9
1788682287,D1,48.0145,900,8
1788682288,D1,57.569125,900,8
1788682289,D1,57.72922222222222,900,9
1788682290,D1,52.75725,900,8
1788682291,D1,28.876444444444445,900,9
1788682292,D1,23.179444444444446,900,9
1788682293,D1,21.352555555555554,900,9
1788682294,D1,21.322222222222223,900,9
1788682295,D1,21.32,900,9
1788682296,D1,21.322777777777777,900,9
1788682297,D1,25.345444444444443,900,9
1788682298,D1,52.435874999999996,900,8
1788682299,D1,58.64922222222222,900,9
1788682300,D1,58.65875,900,8
1788682301,D1,58.6855,900,8
1788682302,D1,58.745777777777775,900,9
1788682303,D1,58.733625,900,8
1788682304,D1,56.565777777777775,900,9
1788682305,D1,31.159111111111113,900,9
1788682306,D1,23.472666666666665,900,9
1788682307,D1,21.397625,900,8
1788682308,D1,21.418666666666667,900,9
1788682309,D1,21.422333333333334,900,9
1788682310,D1,21.455333333333332,916.6666666666666,9
1788682311,D1,23.579,975,9
1788682312,D1,46.95033333333333,975,9
1788682313,D1,59.075,975,8
1788682314,D1,59.109125,975,8
1788682315,D1,59.14355555555556,975,9
1788682316,D1,59.184625,975,8
1788682317,D1,59.275875,975,8
1788682318,D1,59.294000000000004,975,9
1788682319,D1,59.204,975,8
1788682320,D1,59.188,975,8
1788682321,D1,59.211111111111116,975,9
1788682322,D1,59.244625,975,8
1788682323,D1,59.292625,975,8
1788682324,D1,59.281888888888886,975,9
1788682325,D1,59.271750000000004,975,8
1788682326,D1,43.787333333333336,975,9
1788682327,D1,26.084,975,9
1788682328,D1,21.766,975,9
1788682329,D1,21.758,975,9
1788682330,D1,21.709,975,9
1788682331,D1,21.666,975,9
1788682332,D1,21.843,1108.3333333333333,9
1788682333,D1,34.533375,1125,8
1788682334,D1,59.584777777777774,1125,9
1788682335,D1,60.01475,1125,8
1788682336,D1,60.033875,1125,8
1788682337,D1,60.06588888888889,1125,9
1788682338,D1,60.12675,1125,8
1788682339,D1,60.126875,1125,8
1788682340,D1,54.36577777777778,1125,9
1788682341,D1,27.923555555555556,1125,9
1788682342,D1,23.186,1125,9
1788682343,D1,21.958000000000002,1125,9
1788682344,D1,21.92,1125,9
1788682345,D1,21.872,1125,9
1788682346,D1,21.856,1125,9
1788682347,D1,21.8217,1125,10
1788682348,D1,21.692666666666668,1008.3333333333334,9
1788682349,D1,22.9905,975,8
1788682350,D1,46.38333333333333,975,9
1788682351,D1,58.228,975,8
1788682352,D1,58.289874999999995,975,8
1788682353,D1,58.33866666666667,975,9
1788682354,D1,58.39575,975,8
1788682355,D1,58.423249999999996,975,8
1788682356,D1,58.46122222222222,975,9
1788682357,D1,58.472375,975,8
1788682358,D1,58.408375,975,8
1788682359,D1,58.458888888888886,975,9
1788682360,D1,58.473875,975,8
1788682361,D1,58.434375,975,8
1788682362,D1,58.407,975,9
1788682363,D1,58.384,975,8
1788682364,D1,58.419555555555554,975,9
1788682365,D1,38.687444444444445,975,9
1788682366,D1,24.950777777777777,975,9
1788682367,D1,21.584444444444443,975,9
1788682368,D1,21.612,975,9
1788682369,D1,21.606666666666666,975,9
1788682370,D1,21.564,975,9
1788682371,D1,21.558555555555557,975,9
1788682372,D1,21.51022222222222,975,9
1788682373,D1,21.60066666666667,900,9
1788682374,D1,39.881375,900,8
1788682375,D1,58.716125,900,8
1788682376,D1,58.75888888888889,900,9
1788682377,D1,55.448875,900,8
1788682378,D1,30.664444444444445,900,9
1788682379,D1,23.437555555555555,900,9
1788682380,D1,21.447444444444443,900,9
1788682381,D1,21.403,900,9
1788682382,D1,21.401222222222223,900,9
1788682383,D1,33.614625000000004,900,8
1788682384,D1,57.35433333333333,900,9
1788682385,D1,58.241,900,8
1788682386,D1,57.169222222222224,900,9
1788682387,D1,35.407125,900,8
1788682388,D1,24.180777777777777,900,9
1788682389,D1,21.38522222222222,900,9
1788682390,D1,21.377333333333333,900,9
1788682391,D1,21.374,900,9
1788682392,D1,21.374,900,9
1788682393,D1,21.47122222222222,900,9
1788682394,D1,34.93355555555556,900,9
1788682395,D1,57.54375,900,8
1788682396,D1,57.664125,900,8
1788682397,D1,57.31533333333333,900,9
1788682398,D1,35.53688888888889,900,9
1788682399,D1,24.46388888888889,900,9
1788682400,D1,21.38522222222222,900,9
1788682401,D1,21.368111111111112,900,9
1788682402,D1,21.33,900,9
1788682403,D1,21.33,900,9
1788682404,D1,21.336125,900,8
1788682405,D1,38.36655555555556,900,9
1788682406,D1,58.578375,900,8
1788682407,D1,58.597875,900,8
1788682408,D1,58.660111111111114,900,9
1788682409,D1,58.68475,900,8
1788682410,D1,58.735,900,8
1788682411,D1,58.73255555555556,900,9
1788682412,D1,46.46277777777778,900,9
1788682413,D1,25.41,900,9
1788682414,D1,21.79222222222222,900,9
1788682415,D1,21.37988888888889,900,9
1788682416,D1,21.379,900,9
1788682417,D1,21.336125,900,8
1788682418,D1,21.388555555555556,958.3333333333334,9
1788682419,D1,34.55522222222222,975,9
1788682420,D1,59.01775,975,8
1788682421,D1,59.050125,975,8
1788682422,D1,59.09388888888889,975,9
1788682423,D1,59.143125,975,8
1788682424,D1,59.148666666666664,975,9
1788682425,D1,59.106375,975,8
1788682426,D1,59.152125,975,8
1788682427,D1,59.17366666666667,975,9
1788682428,D1,59.192375,975,8
1788682429,D1,59.24225,975,8
1788682430,D1,59.22555555555556,975,9
1788682431,D1,59.238125000000004,975,8
1788682432,D1,59.2805,975,8
1788682433,D1,55.59777777777778,975,9
1788682434,D1,30.702555555555556,975,9
1788682435,D1,23.26988888888889,975,9
1788682436,D1,21.598222222222223,975,9
1788682437,D1,21.61422222222222,975,9
1788682438,D1,21.57611111111111,975,9
1788682439,D1,21.589888888888886,1041.6666666666667,9
1788682440,D1,26.526555555555557,1125,9
1788682441,D1,53.396375,1125,8
1788682442,D1,59.940125,1125,8
1788682443,D1,60.04922222222222,1125,9
1788682444,D1,60.072625,1125,8
1788682445,D1,60.09744444444444,1125,9
1788682446,D1,60.090375,1125,8
1788682447,D1,58.832750000000004,1125,8
1788682448,D1,34.89522222222222,1125,9
1788682449,D1,24.406333333333333,1125,9
1788682450,D1,21.867333333333335,1125,9
1788682451,D1,21.8364,1125,10
1788682452,D1,21.807,1125,9
1788682453,D1,21.828777777777777,1125,9
1788682454,D1,21.836444444444446,1125,9
1788682455,D1,21.727555555555558,1075,9
1788682456,D1,21.736444444444444,975,9
1788682457,D1,36.39775,975,8
1788682458,D1,58.252625,975,8
1788682459,D1,58.242333333333335,975,9
1788682460,D1,58.280875,975,8
1788682461,D1,58.271625,975,8
1788682462,D1,58.314,975,9
1788682463,D1,58.33475,975,8
1788682464,D1,58.32775,975,8
1788682465,D1,58.336,975,9
1788682466,D1,58.30675,975,8
1788682467,D1,58.350125,975,8
1788682468,D1,58.370444444444445,975,9
1788682469,D1,58.455125,975,8
1788682470,D1,58.476625,975,8
1788682471,D1,58.525333333333336,975,9
1788682472,D1,53.641,975,8
1788682473,D1,29.912444444444446,975,9
1788682474,D1,23.494,975,9
1788682475,D1,21.605333333333334,975,9
1788682476,D1,21.620333333333335,975,9
1788682477,D1,21.59,975,9
1788682478,D1,21.574,975,9
1788682479,D1,21.538,975,9
1788682480,D1,21.484,925,9
1788682481,D1,25.785666666666668,900,9
1788682482,D1,53.036375,900,8
1788682483,D1,58.727,900,9
1788682484,D1,58.768125,900,8
1788682485,D1,41.18211111111111,900,9
1788682486,D1,24.60122222222222,900,9
1788682487,D1,21.46211111111111,900,9
1788682488,D1,21.41811111111111,900,9
1788682489,D1,21.378444444444444,900,9
1788682490,D1,24.800444444444445,900,9
1788682491,D1,53.690625,900,8
1788682492,D1,58.217,900,8
1788682493,D1,58.236,900,9
1788682494,D1,47.889625,900,8
1788682495,D1,26.108444444444444,900,9
1788682496,D1,22.188333333333333,900,9
1788682497,D1,21.38077777777778,900,9
1788682498,D1,21.379,900,9
1788682499,D1,21.379,900,9
1788682500,D1,21.340888888888887,900,9
1788682501,D1,24.179777777777776,900,9
1788682502,D1,50.314375,900,8
1788682503,D1,57.69166666666667,900,9
1788682504,D1,57.553625,900,8
1788682505,D1,50.91744444444444,900,9
1788682506,D1,27.353555555555555,900,9
1788682507,D1,22.621444444444446,900,9
1788682508,D1,21.647111111111112,900,9
1788682509,D1,21.662111111111113,900,9
1788682510,D1,21.589444444444442,900,9
1788682511,D1,21.42275,900,8
1788682512,D1,24.474,900,9
1788682513,D1,47.4395,900,8
1788682514,D1,58.59588888888889,900,9
1788682515,D1,58.63225,900,8
1788682516,D1,58.67675,900,8
1788682517,D1,58.73111111111111,900,9
1788682518,D1,58.71675,900,8
1788682519,D1,56.46566666666667,900,9
1788682520,D1,32.03677777777778,900,9
1788682521,D1,23.369333333333334,900,9
1788682522,D1,21.44688888888889,900,9
1788682523,D1,21.403444444444442,900,9
1788682524,D1,21.379,900,9
1788682525,D1,21.397375,928.125,8
1788682526,D1,24.532,975,9
1788682527,D1,49.67711111111111,975,9
1788682528,D1,59.0315,975,8
1788682529,D1,59.06875,975,8
1788682530,D1,59.150444444444446,975,9
1788682531,D1,59.106375,975,8
1788682532,D1,59.240125,975,8
1788682533,D1,59.27733333333333,975,9
1788682534,D1,59.234375,975,8
1788682535,D1,59.191,975,8
1788682536,D1,59.18022222222222,975,9
1788682537,D1,59.224375,975,8
1788682538,D1,59.256375,975,8
1788682539,D1,59.25833333333333,975,9
1788682540,D1,59.279625,975,8
1788682541,D1,46.410222222222224,975,9
1788682542,D1,25.58211111111111,975,9
1788682543,D1,22.061777777777777,975,9
1788682544,D1,21.66188888888889,975,9
1788682545,D1,21.617444444444445,975,9
1788682546,D1,21.573777777777778,975,9
1788682547,D1,21.741444444444447,1108.3333333333333,9
1788682548,D1,29.260666666666665,1125,9
1788682549,D1,59.364125,1125,8
1788682550,D1,59.952375,1125,8
1788682551,D1,60.02033333333333,1125,9
1788682552,D1,60.078125,1125,8
1788682553,D1,60.102125,1125,8
1788682554,D1,60.087,1125,9
1788682555,D1,55.9915,1125,8
1788682556,D1,29.793888888888887,1125,9
1788682557,D1,23.730777777777778,1125,9
1788682558,D1,21.92577777777778,1125,9
1788682559,D1,21.877333333333333,1125,9
1788682560,D1,21.856,1125,9
1788682561,D1,21.856,1125,9
1788682562,D1,21.828222222222223,1125,9
1788682563,D1,21.701,1058.3333333333333,9
1788682564,D1,22.050444444444445,975,9
1788682565,D1,42.583666666666666,975,9
1788682566,D1,58.238125,975,8
1788682567,D1,58.304874999999996,975,8
1788682568,D1,58.4,975,9
1788682569,D1,58.4125,975,8
1788682570,D1,58.434125,975,8
1788682571,D1,58.42777777777778,975,9
1788682572,D1,58.411875,975,8
1788682573,D1,58.383874999999996,975,8
1788682574,D1,58.42,975,9
1788682575,D1,58.450625,975,8
1788682576,D1,58.4775,975,8
1788682577,D1,58.48088888888889,975,9
1788682578,D1,58.455,975,8
1788682579,D1,58.4295,975,8
1788682580,D1,49.577666666666666,975,9
1788682581,D1,26.303,975,9
1788682582,D1,22.45288888888889,975,9
1788682583,D1,21.628777777777778,975,9
1788682584,D1,21.575777777777777,975,9
1788682585,D1,21.564,975,9
1788682586,D1,21.564,975,9
1788682587,D1,21.567888888888888,975,9
1788682588,D1,21.496666666666666,916.6666666666666,9
1788682589,D1,29.139333333333333,900,9
1788682590,D1,56.2205,900,8
1788682591,D1,58.761625,900,8
1788682592,D1,58.221,900,9
1788682593,D1,36.65244444444444,900,9
1788682594,D1,25.541333333333334,900,9
1788682595,D1,21.383333333333333,900,9
1788682596,D1,21.378333333333334,900,9
1788682597,D1,21.378666666666668,900,9
1788682598,D1,25.931125,900,8
1788682599,D1,54.016,900,9
1788682600,D1,58.211125,900,8
1788682601,D1,58.275625,900,8
1788682602,D1,45.30522222222222,900,9
1788682603,D1,25.568,900,9
1788682604,D1,21.377,900,9
1788682605,D1,21.374,900,9
1788682606,D1,21.33,900,9
1788682607,D1,21.33,900,9
1788682608,D1,21.379,900,9
1788682609,D1,25.531555555555556,900,9
1788682610,D1,53.9345,900,8
1788682611,D1,57.682874999999996,900,8
1788682612,D1,57.67811111111111,900,9
1788682613,D1,50.410875,900,8
1788682614,D1,27.050444444444445,900,9
1788682615,D1,22.536,900,9
1788682616,D1,21.378666666666668,900,9
1788682617,D1,21.379,900,9
1788682618,D1,21.346333333333334,900,9
1788682619,D1,21.298,900,9
1788682620,D1,27.683333333333334,900,9
1788682621,D1,53.194625,900,8
1788682622,D1,58.56788888888889,900,9
1788682623,D1,58.63,900,8
1788682624,D1,58.667125,900,8
1788682625,D1,58.65855555555555,900,9
1788682626,D1,58.68325,900,8
1788682627,D1,55.07055555555556,900,9
1788682628,D1,29.423625,900,8
1788682629,D1,23.541,900,9
1788682630,D1,21.476444444444443,900,9
1788682631,D1,21.477,900,9
1788682632,D1,21.477,900,9
1788682633,D1,21.49833333333333,925,9
1788682634,D1,25.01877777777778,975,9
1788682635,D1,48.381,975,8
1788682636,D1,59.032,975,9
1788682637,D1,59.059,975,8
1788682638,D1,59.13675,975,8
1788682639,D1,59.105222222222224,975,9
1788682640,D1,59.190875,975,8
1788682641,D1,59.2185,975,8
1788682642,D1,59.17022222222222,975,9
1788682643,D1,59.204125000000005,975,8
1788682644,D1,59.198125000000005,975,8
1788682645,D1,59.17777777777778,975,9
1788682646,D1,59.22625,975,8
1788682647,D1,59.26075,975,8
1788682648,D1,59.29622222222222,975,9
1788682649,D1,40.264,975,9
1788682650,D1,25.74111111111111,975,9
1788682651,D1,21.76511111111111,975,9
1788682652,D1,21.75311111111111,975,9
1788682653,D1,21.708555555555556,975,9
1788682654,D1,21.67533333333333,975,9
1788682655,D1,21.814888888888888,1125,9
1788682656,D1,38.676,1125,8
1788682657,D1,59.952375,1125,8
1788682658,D1,60.00488888888889,1125,9
1788682659,D1,60.028125,1125,8
1788682660,D1,60.05075,1125,8
1788682661,D1,60.089666666666666,1125,9
1788682662,D1,60.1245,1125,8
1788682663,D1,50.934666666666665,1125,9
1788682664,D1,24.01522222222222,1125,9
1788682665,D1,22.278777777777776,1125,9
1788682666,D1,22.263777777777776,1125,9
1788682667,D1,22.130444444444443,1125,9
1788682668,D1,22.022555555555556,1125,9
1788682669,D1,21.925555555555555,1125,9
1788682670,D1,21.866666666666667,1125,9
1788682671,D1,21.708222222222222,1008.3333333333334,9
1788682672,D1,24.684333333333335,975,9
1788682673,D1,51.515,975,8
1788682674,D1,58.186,975,9
1788682675,D1,58.281875,975,8
1788682676,D1,58.35277777777778,975,9
1788682677,D1,58.43375,975,8
1788682678,D1,58.46125,975,8
1788682679,D1,58.44888888888889,975,9
1788682680,D1,58.4695,975,8
1788682681,D1,58.42075,975,8
1788682682,D1,58.431111111111115,975,9
1788682683,D1,58.42175,975,8
1788682684,D1,58.436,975,8
1788682685,D1,58.38988888888888,975,9
1788682686,D1,58.403999999999996,975,8
1788682687,D1,58.02625,975,8
1788682688,D1,37.458777777777776,975,9
1788682689,D1,24.369666666666667,975,9
1788682690,D1,21.66777777777778,975,9
1788682691,D1,21.661333333333335,975,9
1788682692,D1,21.65511111111111,975,9
1788682693,D1,21.61588888888889,975,9
1788682694,D1,21.61311111111111,975,9
1788682695,D1,21.596555555555558,958.3333333333334,9
1788682696,D1,22.42711111111111,900,9
1788682697,D1,42.93522222222222,900,9
1788682698,D1,58.771875,900,8
1788682699,D1,58.774125,900,8
1788682700,D1,53.54,900,9
1788682701,D1,28.77588888888889,900,9
1788682702,D1,23.042555555555555,900,9
1788682703,D1,21.439777777777778,900,9
1788682704,D1,21.393555555555555,900,9
1788682705,D1,21.692888888888888,900,9
1788682706,D1,40.152375,900,8
1788682707,D1,58.204125,900,8
1788682708,D1,58.23888888888889,900,9
1788682709,D1,55.832875,900,8
1788682710,D1,31.06822222222222,900,9
1788682711,D1,23.46688888888889,900,9
1788682712,D1,21.375777777777778,900,9
1788682713,D1,21.35388888888889,900,9
1788682714,D1,21.327777777777776,900,9
1788682715,D1,21.325,900,9
1788682716,D1,21.447111111111113,900,9
1788682717,D1,37.698,900,8
1788682718,D1,57.63322222222222,900,9
1788682719,D1,57.543375,900,8
1788682720,D1,55.51288888888889,900,9
1788682721,D1,32.219,900,9
1788682722,D1,23.562125,900,8
1788682723,D1,21.354333333333333,900,9
1788682724,D1,21.326666666666664,900,9
1788682725,D1,21.33,900,9
1788682726,D1,21.31233333333333,900,9
1788682727,D1,22.148111111111113,900,9
1788682728,D1,41.89533333333333,900,9
1788682729,D1,58.568,900,8
1788682730,D1,58.625375,900,8
1788682731,D1,58.599444444444444,900,9
1788682732,D1,58.678625,900,8
1788682733,D1,58.685375,900,8
1788682734,D1,58.66777777777778,900,9
1788682735,D1,42.01755555555555,900,9
1788682736,D1,25.109,900,9
1788682737,D1,21.378,900,8
1788682738,D1,21.33088888888889,900,9
1788682739,D1,21.329444444444444,900,9
1788682740,D1,21.33,900,9
1788682741,D1,21.38922222222222,966.6666666666666,9
1788682742,D1,38.681222222222225,975,9
1788682743,D1,59.023625,975,8
1788682744,D1,59.080625,975,8
1788682745,D1,59.11033333333333,975,9
1788682746,D1,59.17825,975,8
1788682747,D1,59.109,975,8
1788682748,D1,59.150222222222226,975,9
1788682749,D1,59.139,975,8
1788682750,D1,59.1785,975,8
1788682751,D1,59.218444444444444,975,9
1788682752,D1,59.206,975,8
1788682753,D1,59.179125,975,8
1788682754,D1,59.25277777777778,975,9
1788682755,D1,59.274249999999995,975,8
1788682756,D1,53.23422222222222,975,9
1788682757,D1,27.505666666666666,975,9
1788682758,D1,22.859333333333336,975,9
1788682759,D1,21.638,975,9
1788682760,D1,21.59,975,9
1788682761,D1,21.574,975,9
1788682762,D1,21.700000000000003,1075,9
1788682763,D1,29.320375,1125,8
1788682764,D1,55.272444444444446,1125,9
1788682765,D1,60.000625,1125,8
1788682766,D1,60.011125,1125,8
1788682767,D1,60.059666666666665,1125,9
1788682768,D1,60.092,1125,8
1788682769,D1,60.153125,1125,8
1788682770,D1,56.522555555555556,1125,9
1788682771,D1,31.896,1125,9
1788682772,D1,24.26588888888889,1125,9
1788682773,D1,21.930666666666667,1125,9
1788682774,D1,21.860888888888887,1125,9
1788682775,D1,21.807,1125,9
1788682776,D1,21.806555555555555,1125,9
1788682777,D1,21.808222222222224,1125,9
1788682778,D1,21.74877777777778,1058.3333333333333,9
1788682779,D1,22.281777777777776,975,9
1788682780,D1,43.60955555555555,975,9
1788682781,D1,58.234875,975,8
1788682782,D1,58.25125,975,8
1788682783,D1,58.297111111111114,975,9
1788682784,D1,58.38725,975,8
1788682785,D1,58.430375,975,8
1788682786,D1,58.47266666666667,975,9
1788682787,D1,58.496625,975,8
1788682788,D1,58.468333333333334,975,9
1788682789,D1,58.44025,975,8
1788682790,D1,58.405499999999996,975,8
1788682791,D1,58.36866666666667,975,9
1788682792,D1,58.412375,975,8
1788682793,D1,58.418,975,8
1788682794,D1,58.443666666666665,975,9
1788682795,D1,43.75633333333333,975,9
1788682796,D1,25.232,975,9
1788682797,D1,21.669,975,9
1788682798,D1,21.66,975,9
1788682799,D1,21.661,975,9
1788682800,D1,21.612,975,9
1788682801,D1,21.564,975,9
1788682802,D1,21.569,975,9
1788682803,D1,21.47533333333333,908.3333333333334,9
1788682804,D1,35.676125,900,8
1788682805,D1,58.723875,900,8
1788682806,D1,58.761,900,9
1788682807,D1,56.3165,900,8
1788682808,D1,31.868222222222222,900,9
1788682809,D1,23.47088888888889,900,9
1788682810,D1,21.467,900,9
1788682811,D1,21.468777777777778,900,9
1788682812,D1,21.47833333333333,900,9
1788682813,D1,30.304625,900,8
1788682814,D1,56.60722222222222,900,9
1788682815,D1,58.220375000000004,900,8
1788682816,D1,58.257125,900,8
1788682817,D1,41.18811111111111,900,9
1788682818,D1,24.583666666666666,900,9
1788682819,D1,21.483555555555554,900,9
1788682820,D1,21.472,900,9
1788682821,D1,21.472555555555555,900,9
1788682822,D1,21.477,900,9
1788682823,D1,21.48488888888889,900,9
1788682824,D1,30.016666666666666,900,9
1788682825,D1,56.343125,900,8
1788682826,D1,57.7345,900,8
1788682827,D1,57.595444444444446,900,9
1788682828,D1,40.51211111111111,900,9
1788682829,D1,25.451777777777778,900,9
1788682830,D1,21.37211111111111,900,9
1788682831,D1,21.325,900,9
1788682832,D1,21.324444444444445,900,9
1788682833,D1,21.320555555555554,900,9
1788682834,D1,21.346666666666668,900,9
1788682835,D1,30.77925,900,8
1788682836,D1,58.1595,900,8
1788682837,D1,58.63455555555556,900,9
1788682838,D1,58.623875,900,8
1788682839,D1,58.691125,900,8
1788682840,D1,58.701,900,9
1788682841,D1,58.733375,900,8
1788682842,D1,52.24688888888889,900,9
1788682843,D1,28.11011111111111,900,9
1788682844,D1,22.843444444444444,900,9
1788682845,D1,21.698333333333334,900,9
1788682846,D1,21.709,900,9
1788682847,D1,21.604000000000003,900,9
1788682848,D1,21.574,958.3333333333334,9
1788682849,D1,27.113374999999998,975,8
1788682850,D1,53.06725,975,8
1788682851,D1,59.05822222222222,975,9
1788682852,D1,59.07925,975,8
1788682853,D1,59.133375,975,8
1788682854,D1,59.09155555555555,975,9
1788682855,D1,59.12225,975,8
1788682856,D1,59.14325,975,8
1788682857,D1,59.11211111111111,975,9
1788682858,D1,59.15875,975,8
1788682859,D1,59.22222222222222,975,9
1788682860,D1,59.228625,975,8
1788682861,D1,59.23675,975,8
1788682862,D1,59.28966666666667,975,9
1788682863,D1,58.442625,975,8
1788682864,D1,35.565555555555555,975,9
1788682865,D1,24.427888888888887,975,9
1788682866,D1,21.578,975,9
1788682867,D1,21.55311111111111,975,9
1788682868,D1,21.515,975,9
1788682869,D1,21.547222222222224,1008.3333333333334,9
1788682870,D1,23.075444444444443,1125,9
1788682871,D1,47.01925,1125,8
1788682872,D1,59.92677777777778,1125,9
1788682873,D1,59.988625,1125,8
1788682874,D1,60.00025,1125,8
1788682875,D1,60.038666666666664,1125,9
1788682876,D1,60.057625,1125,8
1788682877,D1,60.118875,1125,8
1788682878,D1,45.55211111111111,1125,9
1788682879,D1,22.098,1125,9
1788682880,D1,22.327299999999997,1125,10
1788682881,D1,22.17888888888889,1125,9
1788682882,D1,22.05,1125,9
1788682883,D1,21.953,1125,9
1788682884,D1,21.861,1125,9
1788682885,D1,21.865,1125,9
1788682886,D1,21.70888888888889,975,9
1788682887,D1,29.527250000000002,975,8
1788682888,D1,57.03066666666667,975,9
1788682889,D1,58.148125,975,8
1788682890,D1,58.238375,975,8
1788682891,D1,58.31455555555556,975,9
1788682892,D1,58.385999999999996,975,8
1788682893,D1,58.39175,975,8
1788682894,D1,58.45988888888889,975,9
1788682895,D1,58.395,975,8
1788682896,D1,58.406875,975,8
1788682897,D1,58.407000000000004,975,9
1788682898,D1,58.411500000000004,975,8
1788682899,D1,58.3705,975,8
1788682900,D1,58.398555555555554,975,9
1788682901,D1,58.432,975,8
1788682902,D1,55.876555555555555,975,9
1788682903,D1,30.446444444444445,975,9
1788682904,D1,23.604,975,9
1788682905,D1,21.667666666666666,975,9
1788682906,D1,21.644222222222222,975,9
1788682907,D1,21.61477777777778,975,9
1788682908,D1,21.636,975,9
1788682909,D1,21.644222222222222,975,9
1788682910,D1,21.57166666666667,941.6666666666666,9
1788682911,D1,25.0155,900,8
1788682912,D1,49.62877777777778,900,9
1788682913,D1,58.74425,900,8
1788682914,D1,58.75125,900,8
1788682915,D1,44.916111111111114,900,9
1788682916,D1,25.011,900,9
1788682917,D1,21.377,900,9
1788682918,D1,21.374,900,9
1788682919,D1,21.379,900,9
1788682920,D1,23.245444444444445,900,9
1788682921,D1,49.4975,900,8
1788682922,D1,58.21933333333333,900,9
1788682923,D1,58.2585,900,8
1788682924,D1,49.565111111111115,900,9
1788682925,D1,26.894444444444446,900,9
1788682926,D1,22.35688888888889,900,9
1788682927,D1,21.374888888888886,900,9
1788682928,D1,21.374,900,9
1788682929,D1,21.37011111111111,900,9
1788682930,D1,21.334777777777777,900,9
1788682931,D1,23.312875,900,8
1788682932,D1,46.70988888888889,900,9
1788682933,D1,57.4965,900,8
1788682934,D1,57.704875,900,8
1788682935,D1,53.98755555555556,900,9
1788682936,D1,29.201,900,9
1788682937,D1,22.92688888888889,900,9
1788682938,D1,21.346,900,9
1788682939,D1,21.33,900,9
1788682940,D1,21.33,900,9
1788682941,D1,21.294666666666668,900,9
1788682942,D1,25.022,900,8
1788682943,D1,48.75366666666667,900,9
1788682944,D1,58.589625,900,8
1788682945,D1,58.627375,900,8
1788682946,D1,58.66977777777778,900,9
1788682947,D1,58.69625,900,8
1788682948,D1,58.708125,900,8
1788682949,D1,57.60411111111111,900,9
1788682950,D1,34.717333333333336,900,9
1788682951,D1,23.758333333333333,900,9
1788682952,D1,21.382666666666665,900,9
1788682953,D1,21.374,900,9
1788682954,D1,21.375666666666667,900,9
1788682955,D1,21.395333333333333,925,9
1788682956,D1,23.489875,975,8
1788682957,D1,48.515,975,9
1788682958,D1,59.031,975,8
1788682959,D1,59.067625,975,8
1788682960,D1,59.132444444444445,975,9
1788682961,D1,59.112,975,8
1788682962,D1,59.191625,975,8
1788682963,D1,59.23466666666666,975,9
1788682964,D1,59.191125,975,8
1788682965,D1,59.1675,975,8
1788682966,D1,59.23222222222222,975,9
1788682967,D1,59.228,975,8
1788682968,D1,59.218625,975,8
1788682969,D1,59.248888888888885,975,9
1788682970,D1,59.256625,975,8
1788682971,D1,43.83222222222222,975,9
1788682972,D1,25.248,975,9
1788682973,D1,21.66,975,9
1788682974,D1,21.612,975,9
1788682975,D1,21.564,975,9
1788682976,D1,21.564,975,9
1788682977,D1,21.72377777777778,1108.3333333333333,9
1788682978,D1,33.9465,1125,8
1788682979,D1,59.84866666666667,1125,9
1788682980,D1,59.977375,1125,8
1788682981,D1,59.989111111111114,1125,9
1788682982,D1,60.020125,1125,8
1788682983,D1,60.0635,1125,8
1788682984,D1,60.086444444444446,1125,9
1788682985,D1,51.59075,1125,8
1788682986,D1,27.9759,1125,10
1788682987,D1,22.358,1125,9
1788682988,D1,21.85977777777778,1125,9
1788682989,D1,21.856,1125,9
1788682990,D1,21.856,1125,9
1788682991,D1,21.817111111111114,1125,9
1788682992,D1,21.768666666666665,1125,9
1788682993,D1,21.68177777777778,1025,9
1788682994,D1,25.006555555555554,975,9
1788682995,D1,51.962875000000004,975,8
1788682996,D1,58.271625,975,8
1788682997,D1,58.346666666666664,975,9
1788682998,D1,58.367375,975,8
1788682999,D1,58.35125,975,8
1788683000,D1,58.35277777777778,975,9
1788683001,D1,58.350625,975,8
1788683002,D1,58.338125,975,8
1788683003,D1,58.331,975,9
1788683004,D1,58.356125,975,8
1788683005,D1,58.40288888888889,975,9
1788683006,D1,58.49725,975,8
1788683007,D1,58.5205,975,8
1788683008,D1,58.464444444444446,975,9
1788683009,D1,58.012625,975,8
1788683010,D1,36.37433333333333,975,9
1788683011,D1,24.45266666666667,975,9
1788683012,D1,21.668111111111113,975,9
1788683013,D1,21.654333333333334,975,9
1788683014,D1,21.606333333333335,975,9
1788683015,D1,21.55922222222222,975,9
1788683016,D1,21.525,975,9
1788683017,D1,21.525,966.6666666666666,9
1788683018,D1,21.915,900,9
1788683019,D1,39.8225,900,8
1788683020,D1,58.736666666666665,900,9
1788683021,D1,58.76675,900,8
1788683022,D1,53.19411111111111,900,9
1788683023,D1,27.957666666666668,900,9
1788683024,D1,22.944666666666667,900,9
1788683025,D1,21.567125,900,8
1788683026,D1,21.541777777777778,900,9
1788683027,D1,21.540666666666667,900,9
1788683028,D1,34.151555555555554,900,9
1788683029,D1,57.7445,900,8
1788683030,D1,58.260625,900,8
1788683031,D1,57.17655555555555,900,9
1788683032,D1,35.07411111111111,900,9
1788683033,D1,23.820666666666668,900,9
1788683034,D1,21.398,900,9
1788683035,D1,21.422,900,9
1788683036,D1,21.420666666666666,900,9
1788683037,D1,21.436,900,9
1788683038,D1,21.475555555555555,900,9
1788683039,D1,25.475,900,8
1788683040,D1,53.12722222222222,900,9
1788683041,D1,57.61025,900,8
1788683042,D1,57.75277777777778,900,9
1788683043,D1,47.83125,900,8
1788683044,D1,25.91177777777778,900,9
1788683045,D1,22.150111111111112,900,9
1788683046,D1,21.41888888888889,900,9
1788683047,D1,21.423333333333336,900,9
1788683048,D1,21.422777777777778,900,9
1788683049,D1,21.460333333333335,900,9
1788683050,D1,28.350444444444445,900,9
1788683051,D1,55.574875,900,8
1788683052,D1,58.62466666666667,900,9
1788683053,D1,58.663000000000004,900,8
1788683054,D1,58.657125,900,8
1788683055,D1,58.73,900,9
1788683056,D1,58.74725,900,8
1788683057,D1,56.22175,900,8
1788683058,D1,30.992555555555555,900,9
1788683059,D1,23.39477777777778,900,9
1788683060,D1,21.383444444444446,900,9
1788683061,D1,21.357222222222223,900,9
1788683062,D1,21.327777777777776,900,9
1788683063,D1,21.366333333333333,933.3333333333334,9
1788683064,D1,23.37488888888889,975,9
1788683065,D1,46.639125,975,8
1788683066,D1,59.05588888888889,975,9
1788683067,D1,59.096875,975,8
1788683068,D1,59.0895,975,8
1788683069,D1,59.16833333333333,975,9
1788683070,D1,59.19475,975,8
1788683071,D1,59.186625,975,8
1788683072,D1,59.15888888888889,975,9
1788683073,D1,59.179625,975,8
1788683074,D1,59.200125,975,8
1788683075,D1,59.18344444444445,975,9
1788683076,D1,59.248625000000004,975,8
1788683077,D1,59.272777777777776,975,9
1788683078,D1,59.2555,975,8
1788683079,D1,45.81977777777778,975,9
1788683080,D1,25.629,975,9
1788683081,D1,21.996444444444446,975,9
1788683082,D1,21.57133333333333,975,9
1788683083,D1,21.521,975,9
1788683084,D1,21.519444444444446,975,9
1788683085,D1,21.758444444444443,1108.3333333333333,9
1788683086,D1,34.617125,1125,8
1788683087,D1,59.61933333333333,1125,9
1788683088,D1,60.00525,1125,8
1788683089,D1,60.007875,1125,8
1788683090,D1,60.04322222222222,1125,9
1788683091,D1,60.078375,1125,8
1788683092,D1,60.0925,1125,8
1788683093,D1,53.980333333333334,1125,9
1788683094,D1,27.887777777777778,1125,9
1788683095,D1,23.161666666666665,1125,9
1788683096,D1,21.920333333333332,1125,9
1788683097,D1,21.904,1125,9
1788683098,D1,21.904,1125,9
1788683099,D1,21.839333333333332,1125,9
1788683100,D1,22.099,1125,9
1788683101,D1,22.115000000000002,1025,9
1788683102,D1,23.618,975,9
1788683103,D1,51.126374999999996,975,8
1788683104,D1,58.284555555555556,975,9
1788683105,D1,58.264,975,8
1788683106,D1,58.249875,975,8
1788683107,D1,58.31433333333333,975,9
1788683108,D1,58.311375,975,8
1788683109,D1,58.316,975,8
1788683110,D1,58.358111111111114,975,9
1788683111,D1,58.2815,975,8
1788683112,D1,58.32822222222222,975,9
1788683113,D1,58.342375000000004,975,8
1788683114,D1,58.39025,975,8
1788683115,D1,58.45777777777778,975,9
1788683116,D1,58.47975,975,8
1788683117,D1,58.3625,975,8
1788683118,D1,40.422666666666665,975,9
1788683119,D1,26.454777777777778,975,9
1788683120,D1,21.668,975,9
1788683121,D1,21.66011111111111,975,9
1788683122,D1,21.655555555555555,975,9
1788683123,D1,21.606555555555556,975,9
1788683124,D1,21.563,975,9
1788683125,D1,21.557666666666666,966.6666666666666,9
1788683126,D1,21.776222222222223,900,9
1788683127,D1,38.406333333333336,900,9
1788683128,D1,58.751875,900,8
1788683129,D1,58.752,900,8
1788683130,D1,55.309333333333335,900,9
1788683131,D1,30.671222222222223,900,9
1788683132,D1,23.454444444444444,900,9
1788683133,D1,21.473666666666666,900,9
1788683134,D1,21.472,900,9
1788683135,D1,21.795555555555556,900,9
1788683136,D1,39.468,900,8
1788683137,D1,58.17611111111111,900,9
1788683138,D1,58.286375,900,8
1788683139,D1,56.328,900,8
1788683140,D1,33.291333333333334,900,9
1788683141,D1,24.20311111111111,900,9
1788683142,D1,21.383444444444446,900,9
1788683143,D1,21.379,900,9
1788683144,D1,21.379,900,9
1788683145,D1,21.37677777777778,900,9
1788683146,D1,21.38288888888889,900,9
1788683147,D1,34.51455555555555,900,9
1788683148,D1,57.504,900,8
1788683149,D1,57.655375,900,8
1788683150,D1,57.79966666666667,900,9
1788683151,D1,38.20955555555555,900,9
1788683152,D1,24.474888888888888,900,9
1788683153,D1,21.37211111111111,900,9
1788683154,D1,21.324444444444445,900,9
1788683155,D1,21.32,900,9
1788683156,D1,21.31522222222222,900,9
1788683157,D1,21.309444444444445,900,9
1788683158,D1,38.5645,900,8
1788683159,D1,58.537125,900,8
1788683160,D1,58.620222222222225,900,9
1788683161,D1,58.647375000000004,900,8
1788683162,D1,58.735875,900,8
1788683163,D1,58.717999999999996,900,9
1788683164,D1,58.746125,900,8
1788683165,D1,47.069,900,9
1788683166,D1,25.375111111111114,900,9
1788683167,D1,21.795333333333332,900,9
1788683168,D1,21.424333333333333,900,9
1788683169,D1,21.471555555555558,900,9
1788683170,D1,21.472555555555555,900,9
1788683171,D1,21.514666666666667,958.3333333333334,9
1788683172,D1,25.80475,975,8
1788683173,D1,52.626222222222225,975,9
1788683174,D1,59.065,975,8
1788683175,D1,59.1015,975,8
1788683176,D1,59.11655555555556,975,9
1788683177,D1,59.174125000000004,975,8
1788683178,D1,59.151,975,8
1788683179,D1,59.14511111111111,975,9
1788683180,D1,59.1505,975,8
1788683181,D1,59.203875000000004,975,8
1788683182,D1,59.214333333333336,975,9
1788683183,D1,59.256,975,8
1788683184,D1,59.269375,975,8
1788683185,D1,59.284,975,9
1788683186,D1,59.2875,975,8
1788683187,D1,40.029555555555554,975,9
1788683188,D1,24.838777777777775,975,9
1788683189,D1,21.57911111111111,975,9
1788683190,D1,21.564,975,9
1788683191,D1,21.558555555555557,975,9
1788683192,D1,21.531222222222222,991.6666666666666,9
1788683193,D1,22.000444444444444,1125,9
1788683194,D1,43.374625,1125,8
1788683195,D1,59.92966666666667,1125,9
1788683196,D1,59.9835,1125,8
1788683197,D1,60.025,1125,8
1788683198,D1,60.05477777777778,1125,9
1788683199,D1,60.1165,1125,8
1788683200,D1,60.114,1125,9
1788683201,D1,43.647,1125,9
1788683202,D1,22.117,1125,9
1788683203,D1,22.342,1125,9
1788683204,D1,22.244,1125,9
1788683205,D1,22.049,1125,9
1788683206,D1,21.953,1125,9
1788683207,D1,21.904,1125,9
1788683208,D1,21.856,1125,9
1788683209,D1,21.71088888888889,975,9
1788683210,D1,27.0805,975,8
1788683211,D1,55.431555555555555,975,9
1788683212,D1,58.3185,975,8
1788683213,D1,58.35225,975,8
1788683214,D1,58.330555555555556,975,9
1788683215,D1,58.3445,975,8
1788683216,D1,58.37455555555555,975,9
1788683217,D1,58.362125,975,8
1788683218,D1,58.335,975,8
1788683219,D1,58.343444444444444,975,9
1788683220,D1,58.410875000000004,975,8
1788683221,D1,58.437625,975,8
1788683222,D1,58.483555555555554,975,9
1788683223,D1,58.539125,975,8
1788683224,D1,58.473749999999995,975,8
1788683225,D1,56.23455555555555,975,9
1788683226,D1,31.817666666666668,975,9
1788683227,D1,23.614444444444445,975,9
1788683228,D1,21.638666666666666,975,9
1788683229,D1,21.590666666666667,975,9
1788683230,D1,21.564,975,9
1788683231,D1,21.54222222222222,975,9
1788683232,D1,21.517222222222223,975,9
1788683233,D1,21.49822222222222,950,9
1788683234,D1,23.507,900,9
1788683235,D1,44.323,900,8
1788683236,D1,58.731,900,8
1788683237,D1,58.800555555555555,900,9
1788683238,D1,49.982875,900,8
1788683239,D1,26.913777777777778,900,9
1788683240,D1,22.34433333333333,900,9
1788683241,D1,21.47088888888889,900,9
1788683242,D1,21.433888888888887,900,9
1788683243,D1,21.68311111111111,900,9
1788683244,D1,43.82922222222222,900,9
1788683245,D1,58.201125,900,8
1788683246,D1,58.233375,900,8
1788683247,D1,54.961555555555556,900,9
1788683248,D1,30.446444444444445,900,9
1788683249,D1,23.313111111111112,900,9
1788683250,D1,21.403,900,9
1788683251,D1,21.422555555555554,900,9
1788683252,D1,21.40288888888889,900,9
1788683253,D1,21.379,900,9
1788683254,D1,21.418555555555557,900,9
1788683255,D1,32.991375,900,8
1788683256,D1,56.751999999999995,900,8
1788683257,D1,57.681222222222225,900,9
1788683258,D1,57.62975,900,8
1788683259,D1,42.15844444444444,900,9
1788683260,D1,24.817,900,9
1788683261,D1,21.467,900,9
1788683262,D1,21.423,900,9
1788683263,D1,21.423,900,9
1788683264,D1,21.423,900,9
1788683265,D1,21.38422222222222,900,9
1788683266,D1,37.8265,900,8
1788683267,D1,58.62088888888889,900,9
1788683268,D1,58.617625000000004,900,8
1788683269,D1,58.679875,900,8
1788683270,D1,58.70388888888889,900,9
1788683271,D1,58.727625,900,8
1788683272,D1,58.727375,900,8
1788683273,D1,48.446,900,9
1788683274,D1,26.998,900,9
1788683275,D1,22.046666666666667,900,9
1788683276,D1,21.467888888888886,900,9
1788683277,D1,21.471444444444444,900,9
1788683278,D1,21.514666666666667,900,9
1788683279,D1,21.660888888888888,958.3333333333334,9
1788683280,D1,31.775125,975,8
1788683281,D1,58.55155555555555,975,9
1788683282,D1,59.085875,975,8
1788683283,D1,59.125125,975,8
1788683284,D1,59.13177777777778,975,9
1788683285,D1,59.217,975,8
1788683286,D1,59.188500000000005,975,8
1788683287,D1,59.208,975,9
1788683288,D1,59.167500000000004,975,8
1788683289,D1,59.169125,975,8
1788683290,D1,59.22522222222222,975,9
1788683291,D1,59.24825,975,8
1788683292,D1,59.294125,975,8
1788683293,D1,59.307,975,9
1788683294,D1,55.495125,975,8
1788683295,D1,30.944777777777777,975,9
1788683296,D1,23.665555555555557,975,9
1788683297,D1,21.638666666666666,975,9
1788683298,D1,21.590666666666667,975,9
1788683299,D1,21.563555555555556,975,9
1788683300,D1,21.628333333333334,1025,9
1788683301,D1,26.022666666666666,1125,9
1788683302,D1,53.449875,1125,8
1788683303,D1,59.94155555555555,1125,9
1788683304,D1,60.045,1125,8
1788683305,D1,60.038375,1125,8
1788683306,D1,60.08133333333333,1125,9
1788683307,D1,60.1065,1125,8
1788683308,D1,58.976333333333336,1125,9
1788683309,D1,34.07077777777778,1125,9
1788683310,D1,24.503333333333334,1125,9
1788683311,D1,22.240000000000002,1125,9
1788683312,D1,22.163333333333334,1125,9
1788683313,D1,22.049666666666667,1125,9
1788683314,D1,21.920666666666666,1125,9
1788683315,D1,21.839666666666666,1125,9
1788683316,D1,21.758333333333333,1075,9
1788683317,D1,21.721666666666668,975,9
1788683318,D1,36.6895,975,8
1788683319,D1,58.19177777777778,975,9
1788683320,D1,58.250750000000004,975,8
1788683321,D1,58.239375,975,8
1788683322,D1,58.29511111111111,975,9
1788683323,D1,58.2955,975,8
1788683324,D1,58.356500000000004,975,8
1788683325,D1,58.416555555555554,975,9
1788683326,D1,58.3845,975,8
1788683327,D1,58.326750000000004,975,8
1788683328,D1,58.35344444444444,975,9
1788683329,D1,58.36675,975,8
1788683330,D1,58.390875,975,8
1788683331,D1,58.45711111111111,975,9
1788683332,D1,58.502625,975,8
1788683333,D1,50.766777777777776,975,9
1788683334,D1,26.29511111111111,975,9
1788683335,D1,22.381888888888888,975,9
1788683336,D1,21.60511111111111,975,9
1788683337,D1,21.612,975,9
1788683338,D1,21.573888888888888,975,9
1788683339,D1,21.567666666666664,975,9
1788683340,D1,21.534777777777776,975,9
1788683341,D1,21.448777777777778,916.6666666666666,9
1788683342,D1,31.143874999999998,900,8
1788683343,D1,56.53422222222222,900,9
1788683344,D1,58.778875,900,8
1788683345,D1,58.6965,900,8
1788683346,D1,38.13388888888889,900,9
1788683347,D1,26.238555555555557,900,9
1788683348,D1,21.465,900,9
1788683349,D1,21.41211111111111,900,9
1788683350,D1,21.374,900,9
1788683351,D1,26.86088888888889,900,9
1788683352,D1,54.50375,900,8
1788683353,D1,58.2555,900,8
1788683354,D1,58.260888888888886,900,9
1788683355,D1,43.18566666666667,900,9
1788683356,D1,24.993,900,9
1788683357,D1,21.377,900,9
1788683358,D1,21.374,900,9
1788683359,D1,21.374,900,9
1788683360,D1,21.374,900,9
1788683361,D1,21.34022222222222,900,9
1788683362,D1,25.72075,900,8
1788683363,D1,53.742333333333335,900,9
1788683364,D1,57.643,900,8
1788683365,D1,57.64525,900,8
1788683366,D1,47.52466666666667,900,9
1788683367,D1,25.215333333333334,900,9
1788683368,D1,21.755444444444443,900,9
1788683369,D1,21.325444444444443,900,9
1788683370,D1,21.324444444444445,900,9
1788683371,D1,21.329444444444444,900,9
1788683372,D1,21.287333333333333,900,9
1788683373,D1,28.683,900,8
1788683374,D1,53.818333333333335,900,9
1788683375,D1,58.604,900,8
1788683376,D1,58.63825,900,8
1788683377,D1,58.67733333333334,900,9
1788683378,D1,58.714625,900,8
1788683379,D1,58.741749999999996,900,8
1788683380,D1,55.05288888888889,900,9
1788683381,D1,30.23911111111111,900,9
1788683382,D1,22.971666666666668,900,9
1788683383,D1,21.372555555555554,900,9
1788683384,D1,21.369,900,9
1788683385,D1,21.371777777777776,900,9
1788683386,D1,21.404,941.6666666666666,9
1788683387,D1,26.88125,975,8
1788683388,D1,52.300444444444445,975,9
1788683389,D1,59.04175,975,8
1788683390,D1,59.087555555555554,975,9
1788683391,D1,59.13775,975,8
1788683392,D1,59.171875,975,8
1788683393,D1,59.135777777777776,975,9
1788683394,D1,59.187125,975,8
1788683395,D1,59.1935,975,8
1788683396,D1,59.15544444444444,975,9
1788683397,D1,59.197875,975,8
1788683398,D1,59.26825,975,8
1788683399,D1,59.28411111111111,975,9
1788683400,D1,59.293125,975,8
1788683401,D1,58.957499999999996,975,8
1788683402,D1,37.898555555555554,975,9
1788683403,D1,24.872666666666667,975,9
1788683404,D1,21.656333333333333,975,9
1788683405,D1,21.601333333333333,975,9
1788683406,D1,21.564,975,9
1788683407,D1,21.585555555555555,991.6666666666666,9
1788683408,D1,21.70277777777778,1125,9
1788683409,D1,33.05811111111111,1125,9
1788683410,D1,59.933,1125,8
1788683411,D1,59.974125,1125,8
1788683412,D1,60.038111111111114,1125,9
1788683413,D1,60.08625,1125,8
1788683414,D1,60.07575,1125,8
1788683415,D1,60.09722222222222,1125,9
1788683416,D1,52.025999999999996,1125,9
1788683417,D1,26.764888888888887,1125,9
1788683418,D1,22.77322222222222,1125,9
1788683419,D1,21.916666666666668,1125,9
1788683420,D1,21.866666666666667,1125,9
1788683421,D1,21.856,1125,9
1788683422,D1,21.822666666666667,1125,9
1788683423,D1,21.777333333333335,1125,9
1788683424,D1,21.669666666666668,1025,9
1788683425,D1,24.481444444444445,975,9
1788683426,D1,50.946125,975,8
1788683427,D1,58.167375,975,8
1788683428,D1,58.25588888888889,975,9
1788683429,D1,58.296625,975,8
1788683430,D1,58.3085,975,8
1788683431,D1,58.35611111111111,975,9
1788683432,D1,58.41525,975,8
1788683433,D1,58.469,975,8
1788683434,D1,58.42911111111111,975,9
1788683435,D1,58.425,975,8
1788683436,D1,58.36475,975,8
1788683437,D1,58.36577777777778,975,9
1788683438,D1,58.38875,975,8
1788683439,D1,58.422375,975,8
1788683440,D1,58.45033333333333,975,9
1788683441,D1,38.52444444444444,975,9
1788683442,D1,24.805111111111113,975,9
1788683443,D1,21.671222222222223,975,9
1788683444,D1,21.61111111111111,975,9
1788683445,D1,21.564444444444444,975,9
1788683446,D1,21.56866666666667,975,9
1788683447,D1,21.574,975,9
1788683448,D1,21.563111111111112,966.6666666666666,9
1788683449,D1,21.497666666666667,900,9
1788683450,D1,36.692625,900,8
1788683451,D1,58.6875,900,8
1788683452,D1,58.736222222222224,900,9
1788683453,D1,57.085625,900,8
1788683454,D1,32.69222222222222,900,9
1788683455,D1,23.801666666666666,900,9
1788683456,D1,21.472333333333335,900,9
1788683457,D1,21.467,900,9
1788683458,D1,21.458111111111112,900,9
1788683459,D1,36.69777777777778,900,9
1788683460,D1,58.210499999999996,900,8
1788683461,D1,58.2485,900,8
1788683462,D1,56.743,900,9
1788683463,D1,33.97844444444444,900,9
1788683464,D1,24.457,900,9
1788683465,D1,21.383444444444446,900,9
1788683466,D1,21.379,900,9
1788683467,D1,21.379,900,9
1788683468,D1,21.357222222222223,900,9
1788683469,D1,21.393,900,9
1788683470,D1,36.115625,900,8
1788683471,D1,57.48375,900,8
1788683472,D1,57.58444444444444,900,9
1788683473,D1,57.691625,900,8
1788683474,D1,38.45788888888889,900,9
1788683475,D1,24.502333333333333,900,9
1788683476,D1,21.370666666666665,900,9
1788683477,D1,21.320555555555554,900,9
1788683478,D1,21.330444444444442,900,9
1788683479,D1,21.368,900,9
1788683480,D1,21.714111111111112,900,9
1788683481,D1,36.634750000000004,900,8
1788683482,D1,58.543125,900,8
1788683483,D1,58.64888888888889,900,9
1788683484,D1,58.65075,900,8
1788683485,D1,58.703375,900,8
1788683486,D1,58.71622222222222,900,9
1788683487,D1,58.71325,900,8
1788683488,D1,48.60722222222222,900,9
1788683489,D1,26.089222222222222,900,9
1788683490,D1,22.189444444444444,900,9
1788683491,D1,21.419888888888888,900,9
1788683492,D1,21.427,900,9
1788683493,D1,21.423888888888886,900,9
1788683494,D1,21.508444444444443,958.3333333333334,9
1788683495,D1,37.2345,975,8
1788683496,D1,59.023625,975,8
1788683497,D1,59.10188888888889,975,9
1788683498,D1,59.127375,975,8
1788683499,D1,59.191625,975,8
1788683500,D1,59.14911111111111,975,9
1788683501,D1,59.13475,975,8
1788683502,D1,59.187375,975,8
1788683503,D1,59.178777777777775,975,9
1788683504,D1,59.17425,975,8
1788683505,D1,59.225375,975,8
1788683506,D1,59.24288888888889,975,9
1788683507,D1,59.27375,975,8
1788683508,D1,59.31225,975,8
1788683509,D1,55.60455555555556,975,9
1788683510,D1,29.159222222222223,975,9
1788683511,D1,23.37677777777778,975,9
1788683512,D1,21.738333333333333,975,9
1788683513,D1,21.709,975,9
1788683514,D1,21.709,975,9
1788683515,D1,21.763444444444442,1041.6666666666667,9
1788683516,D1,26.909222222222223,1125,9
1788683517,D1,51.922375,1125,8
1788683518,D1,60.041000000000004,1125,8
1788683519,D1,60.086888888888886,1125,9
1788683520,D1,60.110875,1125,8
1788683521,D1,60.10375,1125,8
1788683522,D1,60.10122222222222,1125,9
1788683523,D1,58.288777777777774,1125,9
1788683524,D1,33.94255555555556,1125,9
1788683525,D1,24.525666666666666,1125,9
1788683526,D1,21.883333333333333,1125,9
1788683527,D1,21.904,1125,9
1788683528,D1,21.871666666666666,1125,9
1788683529,D1,21.807,1125,9
1788683530,D1,21.807,1125,9
1788683531,D1,21.759999999999998,1075,9
1788683532,D1,21.715,975,9
1788683533,D1,39.715625,975,8
1788683534,D1,58.1865,975,8
1788683535,D1,58.35733333333334,975,9
1788683536,D1,58.3795,975,8
1788683537,D1,58.41775,975,8
1788683538,D1,58.46622222222222,975,9
1788683539,D1,58.44775,975,8
1788683540,D1,58.425625,975,8
1788683541,D1,58.42511111111111,975,9
1788683542,D1,58.440125,975,8
1788683543,D1,58.50125,975,8
1788683544,D1,58.51711111111111,975,9
1788683545,D1,58.475125,975,8
1788683546,D1,58.43425,975,8
1788683547,D1,58.45977777777778,975,9
1788683548,D1,48.98388888888889,975,9
1788683549,D1,26.162666666666667,975,9
1788683550,D1,22.491333333333333,975,9
1788683551,D1,21.630555555555556,975,9
1788683552,D1,21.617,975,9
1788683553,D1,21.62088888888889,975,9
1788683554,D1,21.584666666666667,975,9
1788683555,D1,21.574,975,9
1788683556,D1,21.497777777777777,916.6666666666666,9
1788683557,D1,25.922625,900,8
1788683558,D1,52.86311111111111,900,9
1788683559,D1,58.7755,900,8
1788683560,D1,58.829625,900,8
1788683561,D1,42.50611111111111,900,9
1788683562,D1,25.039,900,9
1788683563,D1,21.475,900,9
1788683564,D1,21.418,900,9
1788683565,D1,21.369,900,9
1788683566,D1,23.894777777777776,900,9
1788683567,D1,52.355375,900,8
1788683568,D1,58.273875000000004,900,8
1788683569,D1,58.31733333333333,900,9
1788683570,D1,47.17911111111111,900,9
1788683571,D1,27.82,900,9
1788683572,D1,21.467,900,9
1788683573,D1,21.423,900,9
1788683574,D1,21.374,900,8
1788683575,D1,21.369555555555554,900,9
1788683576,D1,21.32988888888889,900,9
1788683577,D1,24.317333333333334,900,9
1788683578,D1,51.416375,900,8
1788683579,D1,57.68788888888889,900,9
1788683580,D1,57.647125,900,8
1788683581,D1,50.32955555555556,900,9
1788683582,D1,27.027333333333335,900,9
1788683583,D1,22.52166666666667,900,9
1788683584,D1,21.336333333333332,900,9
1788683585,D1,21.323333333333334,900,9
1788683586,D1,21.325,900,9
1788683587,D1,21.325,900,9
1788683588,D1,26.57425,900,8
1788683589,D1,51.196666666666665,900,9
1788683590,D1,58.63225,900,8
1788683591,D1,58.692750000000004,900,8
1788683592,D1,58.688,900,9
1788683593,D1,58.7405,900,8
1788683594,D1,58.741625,900,8
1788683595,D1,57.26155555555555,900,9
1788683596,D1,32.85744444444445,900,9
1788683597,D1,23.779,900,9
1788683598,D1,21.382666666666665,900,9
1788683599,D1,21.375333333333334,900,9
1788683600,D1,21.378333333333334,900,9
1788683601,D1,21.395333333333333,933.3333333333334,9
1788683602,D1,26.273625,975,8
1788683603,D1,52.534444444444446,975,9
1788683604,D1,59.093875,975,8
1788683605,D1,59.1255,975,8
1788683606,D1,59.18288888888889,975,9
1788683607,D1,59.16725,975,8
1788683608,D1,59.233625,975,8
1788683609,D1,59.288444444444444,975,9
1788683610,D1,59.237249999999996,975,8
1788683611,D1,59.218555555555554,975,9
1788683612,D1,59.243375,975,8
1788683613,D1,59.2475,975,8
1788683614,D1,59.28344444444444,975,9
1788683615,D1,59.298875,975,8
1788683616,D1,59.297,975,8
1788683617,D1,41.92366666666666,975,9
1788683618,D1,24.857444444444447,975,9
1788683619,D1,21.655555555555555,975,9
1788683620,D1,21.606666666666666,975,9
1788683621,D1,21.564,975,9
1788683622,D1,21.564,975,9
1788683623,D1,21.758,1125,9
1788683624,D1,33.40822222222222,1125,9
1788683625,D1,59.510625000000005,1125,8
1788683626,D1,60.000750000000004,1125,8
1788683627,D1,60.07044444444445,1125,9
1788683628,D1,60.139125,1125,8
1788683629,D1,60.077888888888886,1125,9
1788683630,D1,60.12825,1125,8
1788683631,D1,52.92644444444444,1125,9
1788683632,D1,27.983333333333334,1125,9
1788683633,D1,23.140666666666668,1125,9
1788683634,D1,21.861666666666668,1125,9
1788683635,D1,21.856,1125,9
1788683636,D1,21.823333333333334,1125,9
1788683637,D1,21.807,1125,9
1788683638,D1,21.807,1125,9
1788683639,D1,21.712333333333333,1025,9
1788683640,D1,23.757666666666665,975,9
1788683641,D1,51.278375,975,8
1788683642,D1,58.165375,975,8
1788683643,D1,58.28022222222222,975,9
1788683644,D1,58.369875,975,8
1788683645,D1,58.431375,975,8
1788683646,D1,58.46377777777778,975,9
1788683647,D1,58.507375,975,8
1788683648,D1,58.482875,975,8
1788683649,D1,58.47911111111111,975,9
1788683650,D1,58.503,975,8
1788683651,D1,58.488749999999996,975,8
1788683652,D1,58.49077777777778,975,9
1788683653,D1,58.439625,975,8
1788683654,D1,58.434333333333335,975,9
1788683655,D1,58.433125000000004,975,8
1788683656,D1,41.91922222222222,975,9
1788683657,D1,25.248,975,9
1788683658,D1,21.766,975,9
1788683659,D1,21.709,975,9
1788683660,D1,21.66,975,9
1788683661,D1,21.661,975,9
1788683662,D1,21.617,975,9
1788683663,D1,21.617,975,9
1788683664,D1,21.563666666666666,900,9
1788683665,D1,40.974625,900,8
1788683666,D1,58.78766666666667,900,9
1788683667,D1,58.80925,900,8
1788683668,D1,52.20744444444444,900,9
1788683669,D1,27.43488888888889,900,9
1788683670,D1,22.709666666666667,900,9
1788683671,D1,21.473000000000003,900,9
1788683672,D1,21.475333333333335,900,9
1788683673,D1,21.694444444444446,900,9
1788683674,D1,39.939375,900,8
1788683675,D1,58.214625,900,8
1788683676,D1,58.28,900,9
1788683677,D1,57.065,900,8
1788683678,D1,33.49155555555556,900,9
1788683679,D1,23.790333333333333,900,9
1788683680,D1,21.456,900,9
1788683681,D1,21.418,900,9
1788683682,D1,21.418,900,9
1788683683,D1,21.418,900,9
1788683684,D1,21.443555555555555,900,9
1788683685,D1,28.17225,900,8
1788683686,D1,55.39966666666667,900,9
1788683687,D1,57.556875,900,8
1788683688,D1,57.81575,900,8
1788683689,D1,45.555,900,9
1788683690,D1,27.052,900,9
1788683691,D1,21.467,900,9
1788683692,D1,21.472,900,9
1788683693,D1,21.52,900,9
1788683694,D1,21.563,900,9
1788683695,D1,21.568,900,9
1788683696,D1,31.746444444444446,900,9
1788683697,D1,58.535875000000004,900,8
1788683698,D1,58.62975,900,8
1788683699,D1,58.70788888888889,900,9
1788683700,D1,58.69475,900,8
1788683701,D1,58.7175,900,8
1788683702,D1,58.772666666666666,900,9
1788683703,D1,52.505625,900,8
1788683704,D1,27.686666666666667,900,9
1788683705,D1,22.605,900,9
1788683706,D1,21.374666666666666,900,9
1788683707,D1,21.373666666666665,900,9
1788683708,D1,21.370666666666665,900,9
1788683709,D1,21.410999999999998,950,9
1788683710,D1,32.38344444444444,975,9
1788683711,D1,58.777625,975,8
1788683712,D1,59.0935,975,8
1788683713,D1,59.14044444444444,975,9
1788683714,D1,59.154875,975,8
1788683715,D1,59.246874999999996,975,8
1788683716,D1,59.20166666666667,975,9
1788683717,D1,59.236625000000004,975,8
1788683718,D1,59.202749999999995,975,8
1788683719,D1,59.21366666666667,975,9
1788683720,D1,59.27575,975,8
1788683721,D1,59.268375,975,8
1788683722,D1,59.254555555555555,975,9
1788683723,D1,59.320125000000004,975,8
1788683724,D1,57.80166666666667,975,9
1788683725,D1,32.87788888888889,975,9
1788683726,D1,24.009333333333334,975,9
1788683727,D1,21.674,975,9
1788683728,D1,21.648,975,9
1788683729,D1,21.596,975,9
1788683730,D1,21.628666666666668,1025,9
1788683731,D1,24.30275,1125,8
1788683732,D1,48.63655555555555,1125,9
1788683733,D1,59.957875,1125,8
1788683734,D1,60.0045,1125,8
1788683735,D1,60.06666666666667,1125,9
1788683736,D1,60.098125,1125,8
1788683737,D1,60.1355,1125,8
1788683738,D1,59.03344444444444,1125,9
1788683739,D1,35.714888888888886,1125,9
1788683740,D1,24.471,1125,9
1788683741,D1,21.936666666666667,1125,9
1788683742,D1,21.893333333333334,1125,9
1788683743,D1,21.866666666666667,1125,9
1788683744,D1,21.94711111111111,1125,9
1788683745,D1,22.119555555555554,1125,9
1788683746,D1,22.130333333333333,1108.3333333333333,9
1788683747,D1,21.882444444444445,975,9
1788683748,D1,36.327666666666666,975,9
1788683749,D1,58.210875,975,8
1788683750,D1,58.369875,975,8
1788683751,D1,58.406555555555556,975,9
1788683752,D1,58.398375,975,8
1788683753,D1,58.3985,975,8
1788683754,D1,58.36977777777778,975,9
1788683755,D1,58.40375,975,8
1788683756,D1,58.38344444444444,975,9
1788683757,D1,58.41725,975,8
1788683758,D1,58.449125,975,8
1788683759,D1,58.504,975,9
1788683760,D1,58.516999999999996,975,8
1788683761,D1,58.577875,975,8
1788683762,D1,58.49077777777778,975,9
1788683763,D1,54.335875,975,8
1788683764,D1,28.655444444444445,975,9
1788683765,D1,23.19077777777778,975,9
1788683766,D1,21.601,975,9
1788683767,D1,21.617,975,9
1788683768,D1,21.590333333333334,975,9
1788683769,D1,21.57177777777778,975,9
1788683770,D1,21.544,975,9
1788683771,D1,21.493333333333332,933.3333333333334,9
1788683772,D1,26.984444444444446,900,9
1788683773,D1,53.6935,900,8
1788683774,D1,58.784555555555556,900,9
1788683775,D1,58.660375,900,8
1788683776,D1,40.63155555555556,900,9
1788683777,D1,26.448444444444444,900,9
1788683778,D1,21.477777777777778,900,9
1788683779,D1,21.422555555555558,900,9
1788683780,D1,21.379,900,9
1788683781,D1,24.407125,900,8
1788683782,D1,53.26211111111111,900,9
1788683783,D1,58.246375,900,8
1788683784,D1,58.33475,900,8
1788683785,D1,46.577222222222225,900,9
1788683786,D1,25.48822222222222,900,9
1788683787,D1,21.792333333333332,900,9
1788683788,D1,21.369888888888887,900,9
1788683789,D1,21.373444444444445,900,9
1788683790,D1,21.374,900,9
1788683791,D1,21.374,900,9
1788683792,D1,23.84311111111111,900,9
1788683793,D1,50.303125,900,8
1788683794,D1,57.683125000000004,900,8
1788683795,D1,57.74188888888889,900,9
1788683796,D1,50.08277777777778,900,9
1788683797,D1,26.71588888888889,900,9
1788683798,D1,22.322,900,9
1788683799,D1,21.33288888888889,900,9
1788683800,D1,21.32,900,8
1788683801,D1,21.323333333333334,900,9
1788683802,D1,21.328333333333333,900,9
1788683803,D1,26.671333333333333,900,9
1788683804,D1,53.25025,900,8
1788683805,D1,58.626777777777775,900,9
1788683806,D1,58.65425,900,8
1788683807,D1,58.70975,900,8
1788683808,D1,58.73733333333333,900,9
1788683809,D1,58.696625,900,8
1788683810,D1,55.01555555555556,900,9
1788683811,D1,29.682555555555556,900,9
1788683812,D1,22.993444444444442,900,9
1788683813,D1,21.372999999999998,900,8
1788683814,D1,21.37077777777778,900,9
1788683815,D1,21.351666666666667,900,9
1788683816,D1,21.344555555555555,933.3333333333334,9
1788683817,D1,25.099222222222224,975,9
1788683818,D1,50.4585,975,8
1788683819,D1,59.07711111111111,975,9
1788683820,D1,59.102125,975,8
1788683821,D1,59.16025,975,8
1788683822,D1,59.138666666666666,975,9
1788683823,D1,59.242999999999995,975,8
1788683824,D1,59.263875,975,8
1788683825,D1,59.223444444444446,975,9
1788683826,D1,59.17325,975,8
1788683827,D1,59.227000000000004,975,8
1788683828,D1,59.26455555555555,975,9
1788683829,D1,59.28125,975,8
1788683830,D1,59.2965,975,8
1788683831,D1,59.32211111111111,975,9
1788683832,D1,42.68933333333334,975,9
1788683833,D1,25.246,975,9
1788683834,D1,21.581,975,9
1788683835,D1,21.612,975,9
1788683836,D1,21.612,975,9
1788683837,D1,21.564,975,9
1788683838,D1,21.71,1125,9
1788683839,D1,31.149,1125,8
1788683840,D1,59.461333333333336,1125,9
1788683841,D1,59.9985,1125,8
1788683842,D1,60.07175,1125,8
1788683843,D1,60.07488888888889,1125,9
1788683844,D1,60.0855,1125,8
1788683845,D1,60.063375,1125,8
1788683846,D1,54.168,1125,9
1788683847,D1,28.214000000000002,1125,9
1788683848,D1,23.276,1125,9
1788683849,D1,21.920333333333332,1125,9
1788683850,D1,21.839333333333332,1125,9
1788683851,D1,21.807,1125,9
1788683852,D1,21.807,1125,9
1788683853,D1,21.807,1125,10
1788683854,D1,21.76888888888889,1025,9
1788683855,D1,22.640125,975,8
1788683856,D1,45.641666666666666,975,9
1788683857,D1,58.200874999999996,975,8
1788683858,D1,58.23325,975,8
1788683859,D1,58.254888888888885,975,9
1788683860,D1,58.288,975,8
1788683861,D1,58.344625,975,8
1788683862,D1,58.401,975,9
1788683863,D1,58.476875,975,8
1788683864,D1,58.419111111111114,975,9
1788683865,D1,58.399625,975,8
1788683866,D1,58.347625,975,8
1788683867,D1,58.333555555555556,975,9
1788683868,D1,58.407125,975,8
1788683869,D1,58.482,975,8
1788683870,D1,58.52455555555556,975,9
1788683871,D1,42.69455555555555,975,9
1788683872,D1,25.293,975,9
1788683873,D1,21.864,975,9
1788683874,D1,21.856,975,9
1788683875,D1,21.812,975,9
1788683876,D1,21.763,975,9
1788683877,D1,21.709,975,9
1788683878,D1,21.661,975,9
1788683879,D1,21.609,908.3333333333334,9
1788683880,D1,36.541625,900,8
1788683881,D1,58.723124999999996,900,8
1788683882,D1,58.81188888888889,900,9
1788683883,D1,56.4275,900,8
1788683884,D1,31.030666666666665,900,9
1788683885,D1,23.744888888888887,900,9
1788683886,D1,21.682333333333332,900,9
1788683887,D1,21.730777777777778,900,9
1788683888,D1,21.75433333333333,900,9
1788683889,D1,34.98811111111111,900,9
1788683890,D1,57.800875,900,8
1788683891,D1,58.256125,900,8
1788683892,D1,57.649,900,9
1788683893,D1,36.685,900,9
1788683894,D1,25.234666666666666,900,9
1788683895,D1,21.497666666666667,900,9
1788683896,D1,21.541333333333334,900,9
1788683897,D1,21.572333333333333,900,9
1788683898,D1,21.585,900,9
1788683899,D1,21.584875,900,8
1788683900,D1,30.82788888888889,900,9
1788683901,D1,57.010375,900,8
1788683902,D1,57.66988888888889,900,9
1788683903,D1,57.583,900,8
1788683904,D1,38.803,900,9
1788683905,D1,24.513,900,9
1788683906,D1,21.381555555555554,900,9
1788683907,D1,21.423444444444442,900,9
1788683908,D1,21.467555555555556,900,9
1788683909,D1,21.47788888888889,900,9
1788683910,D1,21.720666666666666,900,9
1788683911,D1,40.79425,900,8
1788683912,D1,58.567375,900,8
1788683913,D1,58.648,900,9
1788683914,D1,58.721000000000004,900,8
1788683915,D1,58.714625,900,8
1788683916,D1,58.78022222222222,900,9
1788683917,D1,58.80175,900,8
1788683918,D1,47.19144444444444,900,9
1788683919,D1,25.40688888888889,900,9
1788683920,D1,21.782777777777778,900,9
1788683921,D1,21.369888888888887,900,9
1788683922,D1,21.369,900,9
1788683923,D1,21.325444444444443,900,9
1788683924,D1,21.41488888888889,966.6666666666666,9
1788683925,D1,34.2595,975,8
1788683926,D1,58.98675,975,8
1788683927,D1,59.071555555555555,975,9
1788683928,D1,59.1525,975,8
1788683929,D1,59.172375,975,8
1788683930,D1,59.21688888888889,975,9
1788683931,D1,59.156125,975,8
1788683932,D1,59.217749999999995,975,8
1788683933,D1,59.14888888888889,975,9
1788683934,D1,59.230624999999996,975,8
1788683935,D1,59.25544444444444,975,9
1788683936,D1,59.237,975,8
1788683937,D1,59.274625,975,8
1788683938,D1,59.31433333333334,975,9
1788683939,D1,55.453625,975,8
1788683940,D1,30.87388888888889,975,9
1788683941,D1,23.579333333333334,975,9
1788683942,D1,21.594777777777775,975,9
1788683943,D1,21.612,975,9
1788683944,D1,21.59022222222222,975,9
1788683945,D1,21.649666666666665,1041.6666666666667,9
1788683946,D1,26.02911111111111,1125,9
1788683947,D1,53.3345,1125,8
1788683948,D1,59.97666666666667,1125,9
1788683949,D1,60.042500000000004,1125,8
1788683950,D1,60.06275,1125,8
1788683951,D1,60.065,1125,9
1788683952,D1,60.09975,1125,8
1788683953,D1,59.00377777777778,1125,9
1788683954,D1,34.40477777777778,1125,9
1788683955,D1,24.503,1125,9
1788683956,D1,22.307666666666666,1125,9
1788683957,D1,22.244333333333334,1125,9
1788683958,D1,22.114666666666665,1125,9
1788683959,D1,22.017333333333333,1125,9
1788683960,D1,21.921666666666667,1125,9
1788683961,D1,21.812333333333335,1075,9
1788683962,D1,21.746777777777776,975,9
1788683963,D1,36.62575,975,8
1788683964,D1,58.16925,975,8
1788683965,D1,58.226444444444446,975,9
1788683966,D1,58.281625,975,8
1788683967,D1,58.328875,975,8
1788683968,D1,58.376555555555555,975,9
1788683969,D1,58.41375,975,8
1788683970,D1,58.459875,975,8
1788683971,D1,58.38911111111111,975,9
1788683972,D1,58.39575,975,8
1788683973,D1,58.39625,975,8
1788683974,D1,58.388666666666666,975,9
1788683975,D1,58.377,975,8
1788683976,D1,58.406375,975,8
1788683977,D1,58.45433333333333,975,9
1788683978,D1,50.54877777777778,975,9
1788683979,D1,26.307777777777776,975,9
1788683980,D1,22.384555555555554,975,9
1788683981,D1,21.60511111111111,975,9
1788683982,D1,21.612,975,9
1788683983,D1,21.574666666666666,975,9
1788683984,D1,21.567888888888888,975,9
1788683985,D1,21.569,975,9
1788683986,D1,21.48888888888889,916.6666666666666,9
1788683987,D1,30.537875,900,8
1788683988,D1,56.32333333333333,900,9
1788683989,D1,58.797375,900,8
1788683990,D1,58.390125,900,8
1788683991,D1,38.16777777777778,900,9
1788683992,D1,24.202222222222222,900,9
1788683993,D1,21.40288888888889,900,9
1788683994,D1,21.438111111111112,900,9
1788683995,D1,21.46611111111111,900,9
1788683996,D1,26.540333333333333,900,9
1788683997,D1,54.662375,900,8
1788683998,D1,58.2295,900,8
1788683999,D1,58.31711111111111,900,9
1788684000,D1,42.824,900,9
1788684001,D1,24.971,900,9
1788684002,D1,21.477,900,9
1788684003,D1,21.428,900,9
1788684004,D1,21.379,900,9
1788684005,D1,21.378,900,8
1788684006,D1,21.378,900,9
1788684007,D1,24.940666666666665,900,9
1788684008,D1,52.07525,900,8
1788684009,D1,57.69433333333333,900,9
1788684010,D1,57.68875,900,8
1788684011,D1,47.663333333333334,900,9
1788684012,D1,25.398777777777777,900,9
1788684013,D1,21.79122222222222,900,9
1788684014,D1,21.336222222222222,900,9
1788684015,D1,21.325555555555553,900,9
1788684016,D1,21.320555555555554,900,9
1788684017,D1,21.324444444444445,900,9
1788684018,D1,28.213625,900,8
1788684019,D1,53.77766666666667,900,9
1788684020,D1,58.616125,900,8
1788684021,D1,58.64,900,8
1788684022,D1,58.721444444444444,900,9
1788684023,D1,58.714,900,8
1788684024,D1,58.77375,900,8
1788684025,D1,54.98888888888889,900,9
1788684026,D1,29.996333333333332,900,9
1788684027,D1,23.087,900,9
1788684028,D1,21.470555555555556,900,9
1788684029,D1,21.467,900,9
1788684030,D1,21.496444444444442,900,9
1788684031,D1,21.576666666666668,941.6666666666666,9
1788684032,D1,25.319375,975,8
1788684033,D1,49.60433333333334,975,9
1788684034,D1,59.080375000000004,975,8
1788684035,D1,59.105625,975,8
1788684036,D1,59.175,975,9
1788684037,D1,59.13575,975,8
1788684038,D1,59.22575,975,8
1788684039,D1,59.245555555555555,975,9
1788684040,D1,59.185125,975,8
1788684041,D1,59.19488888888889,975,9
1788684042,D1,59.212875000000004,975,8
1788684043,D1,59.201,975,8
1788684044,D1,59.22266666666667,975,9
1788684045,D1,59.224375,975,8
1788684046,D1,59.3065,975,8
1788684047,D1,41.62544444444444,975,9
1788684048,D1,25.34722222222222,975,9
1788684049,D1,21.662666666666667,975,9
1788684050,D1,21.606555555555556,975,9
1788684051,D1,21.56311111111111,975,9
1788684052,D1,21.57477777777778,975,9
1788684053,D1,21.725333333333335,1125,9
1788684054,D1,37.94522222222222,1125,9
1788684055,D1,59.921875,1125,8
1788684056,D1,59.97425,1125,8
1788684057,D1,60.025666666666666,1125,9
1788684058,D1,60.092875,1125,8
1788684059,D1,60.08822222222222,1125,9
1788684060,D1,60.110125,1125,8
1788684061,D1,49.976,1125,9
1788684062,D1,26.72211111111111,1125,9
1788684063,D1,22.756444444444444,1125,9
1788684064,D1,21.952,1125,9
1788684065,D1,21.914666666666665,1125,9
1788684066,D1,21.904,1125,9
1788684067,D1,21.904,1125,9
1788684068,D1,21.866666666666667,1125,9
1788684069,D1,21.744222222222223,1008.3333333333334,9
1788684070,D1,27.607333333333333,975,9
1788684071,D1,55.47775,975,8
1788684072,D1,58.211444444444446,975,9
1788684073,D1,58.314875,975,8
1788684074,D1,58.344625,975,8
1788684075,D1,58.37466666666666,975,9
1788684076,D1,58.432375,975,8
1788684077,D1,58.48425,975,8
1788684078,D1,58.501111111111115,975,9
1788684079,D1,58.4705,975,8
1788684080,D1,58.426375,975,8
1788684081,D1,58.40833333333333,975,9
1788684082,D1,58.391125,975,8
1788684083,D1,58.388333333333335,975,9
1788684084,D1,58.424875,975,8
1788684085,D1,57.636,975,8
1788684086,D1,35.59422222222222,975,9
1788684087,D1,24.415777777777777,975,9
1788684088,D1,21.665555555555557,975,9
1788684089,D1,21.611333333333334,975,9
1788684090,D1,21.573777777777778,975,9
1788684091,D1,21.573222222222224,975,9
1788684092,D1,21.574,975,9
1788684093,D1,21.563111111111112,958.3333333333334,9
1788684094,D1,22.606666666666666,900,9
1788684095,D1,42.484,900,9
1788684096,D1,58.72375,900,8
1788684097,D1,58.789375,900,8
1788684098,D1,52.006,900,9
1788684099,D1,27.793555555555557,900,9
1788684100,D1,22.776666666666667,900,9
1788684101,D1,21.416666666666668,900,9
1788684102,D1,21.460333333333335,900,9
1788684103,D1,21.757666666666665,900,9
1788684104,D1,44.034625,900,8
1788684105,D1,58.228,900,9
1788684106,D1,58.221625,900,8
1788684107,D1,53.86333333333333,900,9
1788684108,D1,29.949,900,9
1788684109,D1,23.242666666666665,900,9
1788684110,D1,21.375,900,9
1788684111,D1,21.374,900,9
1788684112,D1,21.370874999999998,900,8
1788684113,D1,21.371777777777776,900,9
1788684114,D1,21.551555555555556,900,9
1788684115,D1,39.73522222222222,900,9
1788684116,D1,57.59975,900,8
1788684117,D1,57.701,900,8
1788684118,D1,55.650222222222226,900,9
1788684119,D1,32.65188888888889,900,9
1788684120,D1,23.740666666666666,900,9
1788684121,D1,21.308666666666664,900,9
1788684122,D1,21.328333333333333,900,9
1788684123,D1,21.325,900,9
1788684124,D1,21.326666666666664,900,9
1788684125,D1,22.381,900,9
1788684126,D1,39.873875,900,8
1788684127,D1,58.59775,900,8
1788684128,D1,58.67044444444444,900,9
1788684129,D1,58.699,900,8
1788684130,D1,58.71925,900,8
1788684131,D1,58.748222222222225,900,9
1788684132,D1,58.728625,900,8
1788684133,D1,44.718333333333334,900,9
1788684134,D1,27.288,900,9
1788684135,D1,21.378,900,9
1788684136,D1,21.369,900,9
1788684137,D1,21.373,900,9
1788684138,D1,21.325,900,9
1788684139,D1,21.39488888888889,975,9
1788684140,D1,41.039625,975,8
1788684141,D1,59.027125,975,8
1788684142,D1,59.08577777777778,975,9
1788684143,D1,59.151125,975,8
1788684144,D1,59.187125,975,8
1788684145,D1,59.23688888888889,975,9
1788684146,D1,59.192750000000004,975,8
1788684147,D1,59.238125,975,8
1788684148,D1,59.12833333333333,975,9
1788684149,D1,59.201125,975,8
1788684150,D1,59.232,975,8
1788684151,D1,59.23122222222222,975,9
1788684152,D1,59.261375,975,8
1788684153,D1,59.29325,975,8
1788684154,D1,53.690222222222225,975,9
1788684155,D1,27.582666666666668,975,9
1788684156,D1,22.953666666666667,975,9
1788684157,D1,21.763666666666666,975,9
1788684158,D1,21.72533333333333,975,9
1788684159,D1,21.680333333333333,975,9
1788684160,D1,21.762666666666668,1058.3333333333333,9
1788684161,D1,23.71966666666667,1125,9
1788684162,D1,46.73225,1125,8
1788684163,D1,59.98488888888889,1125,9
1788684164,D1,59.989375,1125,8
1788684165,D1,60.06425,1125,8
1788684166,D1,60.092777777777776,1125,9
1788684167,D1,60.103125,1125,8
1788684168,D1,59.70633333333333,1125,9
1788684169,D1,37.04577777777778,1125,9
1788684170,D1,24.705555555555556,1125,9
1788684171,D1,21.953,1125,9
1788684172,D1,21.94322222222222,1125,9
1788684173,D1,21.89811111111111,1125,9
1788684174,D1,21.848222222222223,1125,9
1788684175,D1,21.807,1125,9
1788684176,D1,21.774555555555555,1091.6666666666667,9
1788684177,D1,21.687444444444445,975,9
1788684178,D1,38.468444444444444,975,9
1788684179,D1,58.177375,975,8
1788684180,D1,58.269875,975,8
1788684181,D1,58.37244444444445,975,9
1788684182,D1,58.41775,975,8
1788684183,D1,58.4215,975,8
1788684184,D1,58.43288888888889,975,9
1788684185,D1,58.443625,975,8
1788684186,D1,58.43125,975,8
1788684187,D1,58.39677777777778,975,9
1788684188,D1,58.453875,975,8
1788684189,D1,58.45925,975,8
1788684190,D1,58.47566666666667,975,9
1788684191,D1,58.4165,975,8
1788684192,D1,58.400875,975,8
1788684193,D1,52.939,975,9
1788684194,D1,27.46488888888889,975,9
1788684195,D1,22.861666666666668,975,9
1788684196,D1,21.631,975,9
1788684197,D1,21.58,975,9
1788684198,D1,21.566666666666666,975,9
1788684199,D1,21.568666666666665,975,9
1788684200,D1,21.597666666666665,975,9
1788684201,D1,21.549999999999997,925,9
1788684202,D1,27.81688888888889,900,9
1788684203,D1,53.391625,900,8
1788684204,D1,58.72225,900,8
1788684205,D1,58.61577777777778,900,9
1788684206,D1,40.05877777777778,900,9
1788684207,D1,25.694222222222223,900,9
1788684208,D1,21.460874999999998,900,8
1788684209,D1,21.412555555555556,900,9
1788684210,D1,21.369,900,9
1788684211,D1,23.92811111111111,900,9
1788684212,D1,52.565125,900,8
1788684213,D1,58.22588888888889,900,9
1788684214,D1,58.229875,900,8
1788684215,D1,48.63655555555555,900,9
1788684216,D1,26.08211111111111,900,9
1788684217,D1,22.177,900,9
1788684218,D1,21.374666666666666,900,9
1788684219,D1,21.37788888888889,900,9
1788684220,D1,21.337,900,9
1788684221,D1,21.325,900,9
1788684222,D1,21.619875,900,8
1788684223,D1,42.861666666666665,900,9
1788684224,D1,57.642625,900,8
1788684225,D1,57.716625,900,8
1788684226,D1,55.76166666666667,900,9
1788684227,D1,32.505,900,9
1788684228,D1,23.680333333333333,900,9
1788684229,D1,21.379,900,9
1788684230,D1,21.379,900,9
1788684231,D1,21.379,900,9
1788684232,D1,21.362666666666666,900,9
1788684233,D1,22.370666666666665,900,9
1788684234,D1,44.411,900,8
1788684235,D1,58.55625,900,8
1788684236,D1,58.590666666666664,900,9
1788684237,D1,58.639624999999995,900,8
1788684238,D1,58.686375,900,8
1788684239,D1,58.702888888888886,900,9
1788684240,D1,58.75875,900,8
1788684241,D1,40.42144444444445,900,9
1788684242,D1,25.292,900,9
1788684243,D1,21.488000000000003,900,9
1788684244,D1,21.52488888888889,900,9
1788684245,D1,21.569333333333333,900,9
1788684246,D1,21.622777777777777,900,9
1788684247,D1,21.91622222222222,975,9
1788684248,D1,40.7325,975,8
1788684249,D1,59.012,975,8
1788684250,D1,59.07566666666666,975,9
1788684251,D1,59.111,975,8
1788684252,D1,59.185625,975,8
1788684253,D1,59.16688888888889,975,9
1788684254,D1,59.129125,975,8
1788684255,D1,59.195,975,8
1788684256,D1,59.199888888888886,975,9
1788684257,D1,59.21625,975,8
1788684258,D1,59.251125,975,8
1788684259,D1,59.24922222222222,975,9
1788684260,D1,59.231,975,8
1788684261,D1,59.254625000000004,975,8
1788684262,D1,54.56633333333333,975,9
1788684263,D1,29.570222222222224,975,9
1788684264,D1,23.41466666666667,975,9
1788684265,D1,21.628333333333334,975,9
1788684266,D1,21.58,975,9
1788684267,D1,21.567333333333334,975,9
1788684268,D1,21.665666666666667,1075,9
1788684269,D1,28.71611111111111,1125,9
1788684270,D1,58.797875,1125,8
1788684271,D1,59.9765,1125,8
1788684272,D1,59.998777777777775,1125,9
1788684273,D1,60.062875,1125,8
1788684274,D1,60.094125,1125,8
1788684275,D1,60.09011111111111,1125,9
1788684276,D1,56.661375,1125,8
1788684277,D1,29.767555555555557,1125,9
1788684278,D1,22.215,1125,10
1788684279,D1,22.283555555555555,1125,9
1788684280,D1,22.162888888888887,1125,9
1788684281,D1,22.017444444444443,1125,9
1788684282,D1,21.89911111111111,1125,9
1788684283,D1,21.828777777777777,1125,9
1788684284,D1,21.728666666666665,1041.6666666666667,9
1788684285,D1,22.65877777777778,975,9
1788684286,D1,45.390625,975,8
1788684287,D1,58.20175,975,8
1788684288,D1,58.26011111111111,975,9
1788684289,D1,58.3045,975,8
1788684290,D1,58.301125,975,8
1788684291,D1,58.33433333333333,975,9
1788684292,D1,58.3025,975,8
1788684293,D1,58.309111111111115,975,9
1788684294,D1,58.26975,975,8
1788684295,D1,58.33844444444444,975,9
1788684296,D1,58.363749999999996,975,8
1788684297,D1,58.406875,975,8
1788684298,D1,58.461666666666666,975,9
1788684299,D1,58.48075,975,8
1788684300,D1,58.53425,975,8
1788684301,D1,48.18611111111111,975,9
1788684302,D1,25.606333333333332,975,9
1788684303,D1,22.23911111111111,975,9
1788684304,D1,21.85688888888889,975,9
1788684305,D1,21.812444444444445,975,9
1788684306,D1,21.71988888888889,975,9
1788684307,D1,21.666333333333334,975,9
1788684308,D1,21.661,975,9
1788684309,D1,21.57922222222222,908.3333333333334,9
1788684310,D1,35.565333333333335,900,9
1788684311,D1,58.659375,900,8
1788684312,D1,58.763875,900,8
1788684313,D1,55.86311111111111,900,9
1788684314,D1,30.953666666666667,900,9
1788684315,D1,23.709555555555553,900,9
1788684316,D1,21.665,900,9
1788684317,D1,21.684444444444445,900,9
1788684318,D1,21.708111111111112,900,9
1788684319,D1,30.39975,900,8
1788684320,D1,56.671125,900,8
1788684321,D1,58.25277777777778,900,9
1788684322,D1,58.262125,900,8
1788684323,D1,39.75877777777778,900,9
1788684324,D1,24.61477777777778,900,9
1788684325,D1,21.661,900,9
1788684326,D1,21.66688888888889,900,9
1788684327,D1,21.714,900,9
1788684328,D1,21.698444444444444,900,9
1788684329,D1,21.56255555555556,900,9
1788684330,D1,23.613666666666667,900,9
1788684331,D1,51.341625,900,8
1788684332,D1,57.70375,900,8
1788684333,D1,57.68577777777778,900,9
1788684334,D1,51.56,900,8
1788684335,D1,27.64588888888889,900,9
1788684336,D1,22.569666666666667,900,9
1788684337,D1,21.319666666666667,900,9
1788684338,D1,21.326666666666664,900,9
1788684339,D1,21.321666666666665,900,9
1788684340,D1,21.32,900,9
1788684341,D1,27.354555555555557,900,9
1788684342,D1,53.106875,900,8
1788684343,D1,58.570750000000004,900,8
1788684344,D1,58.63,900,9
1788684345,D1,58.7245,900,8
1788684346,D1,58.698625,900,8
1788684347,D1,58.71388888888889,900,9
1788684348,D1,56.25775,900,8
1788684349,D1,32.25288888888889,900,9
1788684350,D1,23.444777777777777,900,9
1788684351,D1,21.35388888888889,900,9
1788684352,D1,21.327222222222222,900,9
1788684353,D1,21.327777777777776,900,9
1788684354,D1,21.344555555555555,925,9
1788684355,D1,24.77411111111111,975,9
1788684356,D1,50.00025,975,8
1788684357,D1,59.030625,975,8
1788684358,D1,59.11522222222222,975,9
1788684359,D1,59.155125,975,8
1788684360,D1,59.15888888888889,975,9
1788684361,D1,59.262625,975,8
1788684362,D1,59.31525,975,8
1788684363,D1,59.19533333333333,975,9
1788684364,D1,59.206125,975,8
1788684365,D1,59.218,975,8
1788684366,D1,59.218444444444444,975,9
1788684367,D1,59.266999999999996,975,8
1788684368,D1,59.285375,975,8
1788684369,D1,59.32111111111111,975,9
1788684370,D1,40.06733333333333,975,9
1788684371,D1,24.861,975,9
1788684372,D1,21.584444444444443,975,9
1788684373,D1,21.612,975,9
1788684374,D1,21.60722222222222,975,9
1788684375,D1,21.58511111111111,975,9
1788684376,D1,21.779,1125,9
1788684377,D1,36.416375,1125,8
1788684378,D1,60.013875,1125,8
1788684379,D1,60.026555555555554,1125,9
1788684380,D1,60.02125,1125,8
1788684381,D1,60.06377777777778,1125,9
1788684382,D1,60.138125,1125,8
1788684383,D1,60.13475,1125,8
1788684384,D1,51.913222222222224,1125,9
1788684385,D1,27.494222222222223,1125,9
1788684386,D1,23.105666666666668,1125,9
1788684387,D1,21.893666666666668,1125,9
1788684388,D1,21.904,1125,9
1788684389,D1,21.904,1125,9
1788684390,D1,21.904,1125,9
1788684391,D1,21.839333333333332,1125,9
1788684392,D1,21.709666666666667,1025,9
1788684393,D1,24.056555555555555,975,9
1788684394,D1,49.172375,975,8
1788684395,D1,58.25911111111111,975,9
1788684396,D1,58.312875,975,8
1788684397,D1,58.39425,975,8
1788684398,D1,58.422,975,9
1788684399,D1,58.40875,975,8
1788684400,D1,58.391625,975,8
1788684401,D1,58.42333333333333,975,9
1788684402,D1,58.359,975,8
1788684403,D1,58.414125,975,8
1788684404,D1,58.494,975,9
1788684405,D1,58.472375,975,8
1788684406,D1,58.47825,975,8
1788684407,D1,58.412444444444446,975,9
1788684408,D1,58.0,975,8
1788684409,D1,38.53111111111111,975,9
1788684410,D1,24.830888888888886,975,9
1788684411,D1,21.585333333333335,975,9
1788684412,D1,21.612,975,9
1788684413,D1,21.60722222222222,975,9
1788684414,D1,21.569,975,7
