step,gpu_type,gpu_freq_mhz,mem_freq_mhz,tp_degree,input_len,output_len,request_rate,run,num_prompts,benchmark_duration_s,request_throughput_rps,output_token_throughput_tps,total_token_throughput_tps,mean_ttft_ms,median_ttft_ms,p99_ttft_ms,mean_tpot_ms,median_tpot_ms,p99_tpot_ms,mean_itl_ms,median_itl_ms,p99_itl_ms,avg_power_w,min_power_w,max_power_w,energy_j,avg_gpu_util_pct,avg_mem_util_pct,monitor_samples
step2a,L4,2040,6251,1,32,32,1,1,500,501.96,1.00,31.87,62.75,150.40,158.73,195.25,57.82,57.98,59.55,57.82,57.65,64.70,63.11,28.52,77.56,0,77.5,0.0,10448
step2a,L4,2040,6251,1,32,32,1,2,500,501.95,1.00,31.88,62.76,147.14,154.80,194.55,57.81,58.02,59.38,57.81,57.68,64.26,64.85,31.60,73.85,-0.015,81.4,0.0,9950
step2a,L4,2040,6251,1,32,32,1,3,500,501.95,1.00,31.88,62.76,146.44,153.97,191.15,57.81,58.02,59.39,57.81,57.68,64.25,64.87,31.84,74.00,-0.015,81.3,0.0,9949
step2a,L4,2040,6251,1,32,32,10,1,500,52.04,9.61,307.47,605.34,184.08,184.93,222.77,65.50,66.01,67.64,65.50,66.04,70.76,63.13,31.70,72.67,0,78.2,0.0,1332
step2a,L4,2040,6251,1,32,32,10,2,500,52.04,9.61,307.46,605.31,183.63,182.86,223.97,65.51,66.04,67.68,65.51,65.99,70.81,65.28,31.88,72.70,-0.015,84.0,0.0,1242
step2a,L4,2040,6251,1,32,32,10,3,500,52.04,9.61,307.47,605.33,183.29,182.94,221.92,65.51,66.04,67.67,65.51,66.01,71.36,64.87,31.74,73.12,0,82.5,0.0,1264
step2a,L4,2040,6251,1,32,32,50,1,500,13.14,38.06,1217.78,2397.51,376.66,389.36,548.57,130.37,134.61,156.55,130.37,142.18,196.11,54.46,31.99,72.91,0,47.2,0.0,517
step2a,L4,2040,6251,1,32,32,50,2,500,13.13,38.07,1218.15,2398.24,367.51,379.27,545.10,127.84,131.11,154.47,127.84,119.64,196.50,55.03,32.02,74.13,-0.015,49.8,0.0,499
step2a,L4,2040,6251,1,32,32,50,3,500,13.10,38.18,1221.72,2405.27,360.66,370.81,525.03,125.70,128.16,150.93,125.70,115.01,193.34,53.88,31.54,72.95,-0.015,47.7,0.0,519
step2a,L4,2040,6251,1,32,128,1,1,500,507.60,0.99,126.08,156.62,167.84,167.97,200.86,59.28,59.24,60.73,59.28,58.95,65.99,71.05,31.36,73.11,-0.015,97.8,0.0,10089
step2a,L4,2040,6251,1,32,128,1,2,500,507.58,0.99,126.09,156.62,166.24,165.87,201.55,59.29,59.24,60.73,59.29,58.93,66.16,70.71,31.89,73.61,-0.015,96.9,0.0,10181
step2a,L4,2040,6251,1,32,128,1,3,500,507.58,0.99,126.09,156.63,166.55,165.41,199.15,59.28,59.23,60.73,59.28,58.93,66.06,70.81,31.99,73.47,0,97.2,0.0,10154
step2a,L4,2040,6251,1,32,128,10,1,500,59.83,8.36,1069.66,1328.72,282.00,293.55,349.08,94.55,98.29,99.53,94.55,94.64,114.79,65.74,32.17,73.41,-0.015,80.6,0.0,1542
step2a,L4,2040,6251,1,32,128,10,2,500,59.86,8.35,1069.15,1328.09,281.54,293.72,352.08,94.60,98.29,99.66,94.60,95.22,114.19,65.69,31.88,73.65,-0.015,80.6,0.0,1542
step2a,L4,2040,6251,1,32,128,10,3,500,59.84,8.36,1069.54,1328.56,282.18,295.02,349.86,94.56,98.19,99.61,94.56,94.59,113.84,66.64,32.17,73.16,-0.015,82.7,0.0,1501
step2a,L4,2040,6251,1,32,128,50,1,500,40.22,12.43,1591.31,1976.70,519.18,575.80,707.25,139.65,141.24,148.94,139.65,127.89,257.21,63.89,32.02,73.83,-0.015,65.2,0.0,1163
step2a,L4,2040,6251,1,32,128,50,2,500,40.11,12.46,1595.43,1981.82,523.42,578.66,707.49,139.39,141.22,148.10,139.39,127.60,258.75,63.88,31.92,73.17,0,65.2,0.0,1162
step2a,L4,2040,6251,1,32,128,50,3,500,40.19,12.44,1592.28,1977.91,525.85,579.34,705.75,139.68,141.41,148.75,139.68,127.54,259.76,63.72,31.80,74.59,-0.015,64.8,0.0,1167
step2a,L4,2040,6251,1,32,512,1,1,500,616.02,0.81,415.57,440.73,213.66,215.92,222.09,72.28,72.60,72.64,72.28,72.45,75.06,71.27,31.93,73.33,0,98.3,0.0,12733
step2a,L4,2040,6251,1,32,512,1,2,500,616.00,0.81,415.58,440.75,213.64,216.09,221.15,72.28,72.60,72.64,72.28,72.45,74.82,71.01,31.75,73.33,0,97.6,0.0,12824
step2a,L4,2040,6251,1,32,512,1,3,500,616.02,0.81,415.57,440.74,214.06,216.11,222.44,72.28,72.60,72.64,72.28,72.45,74.84,71,31.84,73.33,0,97.6,0.0,12823
step2a,L4,2040,6251,1,32,512,10,1,500,269.86,1.85,948.64,1006.07,876.11,341.36,7790.59,117.82,117.21,141.90,117.82,111.92,239.22,70.01,31.84,74.01,0,86.3,0.0,6126
step2a,L4,2040,6251,1,32,512,10,2,500,269.77,1.85,948.95,1006.41,873.44,343.44,7691.86,117.75,117.24,141.93,117.75,111.85,224.12,69.94,31.70,73.77,0,86.1,0.0,6131
step2a,L4,2040,6251,1,32,512,10,3,500,269.62,1.85,949.48,1006.96,874.64,342.82,7659.02,117.70,117.23,141.68,117.70,111.91,225.26,70.27,31.79,73.17,0,86.9,0.0,6072
step2a,L4,2040,6251,1,32,512,50,1,500,260.77,1.92,981.70,1041.14,12012.40,554.98,46818.89,198.66,198.12,326.88,198.66,139.08,624.34,70.28,31.68,74.38,0,78.7,0.0,5913
step2a,L4,2040,6251,1,32,512,50,2,500,260.57,1.92,982.47,1041.95,11984.93,555.85,46724.46,198.56,197.70,326.91,198.56,138.93,619.19,70.27,31.68,74.63,0,78.8,0.0,5914
step2a,L4,2040,6251,1,32,512,50,3,500,260.62,1.92,982.26,1041.74,11950.02,546.90,46563.08,198.41,197.78,326.02,198.41,138.90,615.64,70.3,31.59,73.52,0,78.9,0.0,5909
step2a,L4,2040,6251,1,32,1024,1,1,500,1314.84,0.38,389.40,401.19,231.87,234.84,250.23,78.88,79.20,79.42,78.88,78.92,84.79,71.48,31.36,73.18,0,98.9,0.0,27006
step2a,L4,2040,6251,1,32,1024,1,2,500,1314.86,0.38,389.39,401.18,231.68,234.64,249.78,78.88,79.21,79.42,78.88,78.94,84.86,71.57,31.73,73.47,0,99.0,0.0,26949
step2a,L4,2040,6251,1,32,1024,1,3,500,1314.73,0.38,389.43,401.22,231.54,234.57,249.72,78.88,79.19,79.44,78.88,78.91,84.82,71.48,31.65,73.75,0,98.9,0.0,27000
step2a,L4,2040,6251,1,32,1024,10,1,500,796.30,0.63,642.98,662.44,15360.49,2191.47,88762.35,166.49,174.35,221.59,166.49,116.94,380.98,71.23,31.70,74.09,0,87.0,0.0,16997
step2a,L4,2040,6251,1,32,1024,10,2,500,795.00,0.63,644.02,663.52,15054.27,2064.87,85031.40,166.51,174.47,221.02,166.51,116.95,378.85,71.21,31.26,74.03,0,87.0,0.0,16967
step2a,L4,2040,6251,1,32,1024,10,3,500,795.78,0.63,643.39,662.87,15124.02,2210.55,87337.05,166.72,174.25,221.30,166.72,117.00,377.23,71.27,31.45,74.35,0,87.0,0.0,16963
step2a,L4,2040,6251,1,32,1024,50,1,500,816.90,0.61,626.76,645.74,45553.26,703.16,192011.64,278.41,300.02,429.56,278.41,119.05,386.55,71.27,31.40,74.44,0,85.2,0.0,17383
step2a,L4,2040,6251,1,32,1024,50,2,500,817.82,0.61,626.06,645.01,48698.17,700.19,192467.86,275.50,297.20,429.90,275.50,118.87,383.98,71.35,31.40,74.29,0,85.3,0.0,17372
step2a,L4,2040,6251,1,32,1024,50,3,500,817.15,0.61,626.57,645.54,44725.62,690.82,192302.25,279.27,300.54,430.13,279.27,118.90,385.09,71.31,31.49,73.95,0,85.3,0.0,17365
step2a,L4,2040,6251,1,128,32,1,1,500,501.96,1.00,31.88,158.38,171.55,180.25,253.64,59.67,59.69,65.13,59.67,58.10,84.10,65.01,31.49,75.99,-0.015,81.5,0.0,9960
step2a,L4,2040,6251,1,128,32,1,2,500,501.95,1.00,31.88,158.38,169.62,178.31,249.61,59.67,59.72,65.10,59.67,58.11,84.58,64.93,32.13,75.99,-0.015,81.7,0.0,9958
step2a,L4,2040,6251,1,128,32,1,3,500,501.95,1.00,31.88,158.38,170.26,179.22,250.77,59.68,59.71,65.09,59.68,58.11,84.31,64.97,31.88,74.82,-0.015,81.7,0.0,9959
step2a,L4,2040,6251,1,128,32,10,1,500,52.33,9.55,305.73,1519.09,323.22,311.20,561.73,101.10,101.47,130.27,101.10,90.35,205.52,64.36,31.74,76.28,-0.015,71.6,0.0,1301
step2a,L4,2040,6251,1,128,32,10,2,500,52.34,9.55,305.70,1518.94,325.39,317.38,566.58,101.76,102.90,133.05,101.76,89.55,245.24,65.43,32.17,74.73,-0.015,73.6,0.0,1255
step2a,L4,2040,6251,1,128,32,10,3,500,52.31,9.56,305.85,1519.70,324.84,320.22,588.67,100.93,102.34,130.55,100.93,89.67,209.30,64.47,32.04,75.34,-0.015,71.5,0.0,1294
step2a,L4,2040,6251,1,128,32,50,1,500,27.10,18.45,590.41,2933.61,2475.54,2425.54,5561.68,310.69,356.50,395.22,310.69,146.57,638.97,59.88,32.12,74.50,0,41.7,0.0,812
step2a,L4,2040,6251,1,128,32,50,2,500,27.07,18.47,591.08,2936.94,2461.44,2275.04,5590.94,310.57,356.66,394.17,310.57,147.40,638.43,61.06,32.09,74.45,0,43.4,0.0,779
step2a,L4,2040,6251,1,128,32,50,3,500,26.95,18.55,593.60,2949.46,2447.19,2252.80,5559.43,309.17,355.55,391.70,309.17,147.13,632.29,60.17,31.65,73.42,0,42.0,0.0,795
step2a,L4,2040,6251,1,128,128,1,1,500,507.70,0.98,126.06,251.13,192.04,190.61,260.72,61.68,61.52,64.93,61.68,60.16,87.84,71.05,31.74,74.51,-0.015,97.9,0.0,10085
step2a,L4,2040,6251,1,128,128,1,2,500,507.69,0.98,126.06,251.14,193.07,192.05,261.03,61.65,61.49,64.88,61.65,60.12,87.76,70.87,31.88,74.73,-0.015,97.4,0.0,10144
step2a,L4,2040,6251,1,128,128,1,3,500,507.70,0.98,126.06,251.13,193.29,192.14,263.36,61.67,61.54,64.87,61.67,60.14,87.51,70.92,31.68,74.73,-0.015,97.5,0.0,10137
step2a,L4,2040,6251,1,128,128,10,1,500,73.18,6.83,874.59,1742.34,444.88,430.80,697.75,123.76,129.11,131.52,123.76,105.39,268.14,65.66,32.09,74.13,0,72.2,0.0,1861
step2a,L4,2040,6251,1,128,128,10,2,500,73.00,6.85,876.71,1746.58,429.42,419.36,668.27,123.50,128.82,131.09,123.50,108.47,264.73,66.51,31.88,73.88,0,73.5,0.0,1809
step2a,L4,2040,6251,1,128,128,10,3,500,73.12,6.84,875.25,1743.66,435.75,421.03,679.13,123.69,129.08,131.40,123.69,105.80,271.03,66.44,32.04,74.21,-0.015,73.8,0.0,1814
step2a,L4,2040,6251,1,128,128,50,1,500,70.09,7.13,913.18,1819.22,3423.74,4323.90,5659.03,210.98,208.15,313.16,210.98,149.08,638.01,66.39,31.88,72.91,-0.015,62.8,0.0,1753
step2a,L4,2040,6251,1,128,128,50,2,500,70.07,7.14,913.40,1819.66,3423.63,4322.08,5666.03,210.93,208.21,313.02,210.93,149.44,639.01,66.53,32.07,73.44,0,62.8,0.0,1752
step2a,L4,2040,6251,1,128,128,50,3,500,70.05,7.14,913.58,1820.03,3422.62,4318.23,5664.08,210.87,207.98,312.59,210.87,149.03,640.25,66.52,31.98,75.13,-0.015,62.7,0.0,1756
step2a,L4,2040,6251,1,128,512,1,1,500,648.07,0.77,395.02,493.00,252.97,246.03,345.27,76.23,76.67,76.81,76.23,75.00,100.66,71.01,31.84,73.60,0,97.3,0.0,13455
step2a,L4,2040,6251,1,128,512,1,2,500,648.03,0.77,395.05,493.04,251.49,246.17,350.65,76.22,76.68,76.74,76.22,75.00,100.66,71.13,31.88,73.94,0,97.7,0.0,13399
step2a,L4,2040,6251,1,128,512,1,3,500,648.15,0.77,394.97,492.94,252.74,245.84,347.40,76.24,76.69,76.81,76.24,74.99,100.90,71.15,32.02,74.25,0,97.7,0.0,13406
step2a,L4,2040,6251,1,128,512,10,1,500,323.77,1.54,790.68,986.80,3910.62,659.66,34075.25,137.07,130.16,198.89,137.07,118.42,390.91,70.55,31.78,73.92,0,84.2,0.0,7145
step2a,L4,2040,6251,1,128,512,10,2,500,323.55,1.55,791.23,987.49,3890.82,643.54,33998.07,137.01,130.05,199.23,137.01,118.33,407.76,70.25,31.31,73.83,0,83.5,0.0,7188
step2a,L4,2040,6251,1,128,512,10,3,500,323.81,1.54,790.60,986.70,3901.53,644.46,34243.45,137.08,130.27,199.31,137.08,118.32,390.12,70.56,31.88,74.75,0,84.1,0.0,7141
step2a,L4,2040,6251,1,128,512,50,1,500,338.70,1.48,755.84,943.32,28079.83,5659.47,83311.21,220.75,212.62,384.25,220.75,129.47,614.94,70.58,31.63,73.85,0,79.4,0.0,7441
step2a,L4,2040,6251,1,128,512,50,2,500,338.76,1.48,755.70,943.15,28111.23,5663.66,83310.60,220.86,212.72,384.78,220.86,129.18,619.23,70.37,31.69,74.36,0,78.8,0.0,7496
step2a,L4,2040,6251,1,128,512,50,3,500,338.71,1.48,755.80,943.27,28091.86,5660.84,83285.64,220.81,212.70,384.53,220.81,129.15,615.39,70.27,31.41,74.12,0,78.8,0.0,7501
step2a,L4,2040,6251,1,128,1024,1,1,500,1364.71,0.37,375.17,421.70,270.33,271.99,363.88,81.95,82.32,82.66,81.95,81.52,108.96,71.46,31.55,73.50,0,98.6,0.0,28021
step2a,L4,2040,6251,1,128,1024,1,2,500,1364.73,0.37,375.17,421.70,269.88,272.15,364.33,81.95,82.31,82.66,81.95,81.55,108.91,71.55,31.83,73.91,0,98.8,0.0,27968
step2a,L4,2040,6251,1,128,1024,1,3,500,1365.29,0.37,375.01,421.52,269.96,272.22,363.90,81.99,82.38,82.67,81.99,81.59,109.32,71.54,31.74,74.07,0,98.8,0.0,27972
step2a,L4,2040,6251,1,128,1024,10,1,500,915.68,0.55,559.15,628.50,25782.13,12950.71,94682.95,184.11,192.66,276.50,184.11,116.94,405.58,71.42,31.83,74.71,0,86.7,0.0,19295
step2a,L4,2040,6251,1,128,1024,10,2,500,917.02,0.55,558.33,627.58,25634.93,12769.35,95147.15,184.23,193.66,276.54,184.23,116.81,413.55,71.39,31.39,74.72,0,86.7,0.0,19326
step2a,L4,2040,6251,1,128,1024,10,3,500,917.16,0.55,558.25,627.48,25955.14,12802.95,95971.04,183.74,192.27,276.11,183.74,116.71,407.59,71.37,31.44,73.92,0,86.8,0.0,19325
step2a,L4,2040,6251,1,128,1024,50,1,500,917.21,0.55,558.22,627.45,103927.49,5733.01,279507.43,266.41,233.40,512.09,266.41,117.18,422.37,71.38,31.30,73.96,0,86.1,0.0,19335
step2a,L4,2040,6251,1,128,1024,50,2,500,917.96,0.54,557.76,626.93,104161.21,5726.84,277077.12,266.21,233.48,511.33,266.21,117.27,420.46,71.4,31.22,74.28,0,86.0,0.0,19333
step2a,L4,2040,6251,1,128,1024,50,3,500,918.77,0.54,557.27,626.38,104463.15,5761.59,279962.66,266.73,233.71,512.95,266.73,117.31,422.64,71.39,31.49,73.54,0,85.9,0.0,19347
step2a,L4,2040,6251,1,512,32,1,1,500,502.14,1.00,31.86,540.69,311.23,299.77,598.06,70.18,68.34,102.95,70.18,59.60,200.98,65.79,31.35,75.69,-0.015,77.9,0.0,10013
step2a,L4,2040,6251,1,512,32,1,2,500,502.13,1.00,31.86,540.69,309.49,298.45,597.81,70.19,68.36,103.31,70.19,59.60,202.08,65.78,31.30,75.72,-0.015,77.9,0.0,10005
step2a,L4,2040,6251,1,512,32,1,3,500,502.15,1.00,31.86,540.67,308.62,296.23,588.49,70.16,68.37,103.32,70.16,59.58,202.28,65.7,31.45,75.15,-0.015,77.9,0.0,10017
step2a,L4,2040,6251,1,512,32,10,1,500,91.39,5.47,175.08,2970.87,7055.86,7583.11,9550.52,450.31,481.02,514.59,450.31,545.24,644.19,66.81,31.88,72.99,-0.015,47.6,0.0,2084
step2a,L4,2040,6251,1,512,32,10,2,500,91.09,5.49,175.66,2980.69,7012.81,7614.66,9424.85,449.31,479.82,513.86,449.31,542.38,642.95,66.86,31.58,73.25,-0.015,47.5,0.0,2079
step2a,L4,2040,6251,1,512,32,10,3,500,91.09,5.49,175.66,2980.70,7024.21,7573.87,9433.87,448.86,479.74,512.00,448.86,544.88,642.20,66.65,31.58,73.19,-0.015,47.4,0.0,2086
step2a,L4,2040,6251,1,512,32,50,1,500,90.79,5.51,176.24,2990.51,24929.97,30141.91,38334.35,447.21,478.51,514.56,447.21,605.44,643.74,66.94,31.60,75.38,-0.015,47.1,0.0,2067
step2a,L4,2040,6251,1,512,32,50,2,500,90.88,5.50,176.06,2987.50,24958.72,30147.07,38412.44,447.63,478.56,514.69,447.63,606.13,646.00,66.9,31.63,73.39,-0.015,47.1,0.0,2069
step2a,L4,2040,6251,1,512,32,50,3,500,90.86,5.50,176.09,2988.02,24951.97,30158.50,38375.44,447.55,478.69,515.04,447.55,605.32,642.72,66.82,31.73,72.94,-0.015,47.1,0.0,2072
step2a,L4,2040,6251,1,512,128,1,1,500,508.16,0.98,125.94,628.73,349.29,321.37,642.71,74.56,73.65,91.15,74.56,63.94,208.68,70.83,31.70,75.56,-0.015,90.7,0.0,10233
step2a,L4,2040,6251,1,512,128,1,2,500,508.16,0.98,125.95,628.74,347.52,321.92,612.38,74.55,73.57,91.19,74.55,63.92,209.88,70.61,31.45,75.24,0,90.3,0.0,10289
step2a,L4,2040,6251,1,512,128,1,3,500,508.13,0.98,125.95,628.77,346.69,321.45,640.94,74.58,73.56,91.21,74.58,63.92,209.03,70.79,31.64,74.93,-0.015,90.7,0.0,10228
step2a,L4,2040,6251,1,512,128,10,1,500,168.89,2.96,378.94,1891.75,13802.51,9570.89,24989.89,203.24,205.95,310.28,203.24,118.68,641.40,69.03,31.49,74.84,-0.015,64.3,0.0,3709
step2a,L4,2040,6251,1,512,128,10,2,500,168.14,2.97,380.63,1900.19,13694.09,9445.40,24974.41,202.61,206.00,307.91,202.61,118.40,636.91,69.03,31.38,73.59,-0.015,64.8,0.0,3696
step2a,L4,2040,6251,1,512,128,10,3,500,168.64,2.96,379.50,1894.55,13771.04,9512.99,24947.66,202.95,205.98,309.32,202.95,118.65,640.25,69.05,31.54,74.02,-0.015,64.6,0.0,3701
step2a,L4,2040,6251,1,512,128,50,1,500,168.44,2.97,379.95,1896.78,45504.69,59165.16,64794.93,203.06,204.08,313.97,203.06,118.49,639.91,69.02,31.53,74.01,-0.015,64.3,0.0,3702
step2a,L4,2040,6251,1,512,128,50,2,500,168.53,2.97,379.76,1895.82,45526.65,59215.32,64806.79,203.17,203.96,314.03,203.17,118.53,640.94,68.45,31.50,73.99,0,63.4,0.0,3759
step2a,L4,2040,6251,1,512,128,50,3,500,168.66,2.96,379.47,1894.37,45549.77,59229.42,64844.28,203.33,203.95,314.06,203.33,118.58,641.03,68.46,31.65,73.37,0,63.4,0.0,3761
step2a,L4,2040,6251,1,512,512,1,1,500,785.32,0.64,325.98,651.33,426.19,391.03,793.68,93.04,93.95,94.15,93.04,85.63,225.75,71.23,31.77,75.13,0,93.4,0.0,16139
step2a,L4,2040,6251,1,512,512,1,2,500,785.28,0.64,326.00,651.36,426.32,390.83,789.34,93.03,93.94,94.12,93.03,85.64,226.19,71.24,31.69,74.62,0,93.4,0.0,16144
step2a,L4,2040,6251,1,512,32,1,1,500,502.14,1.00,31.86,540.68,305.97,295.55,593.34,69.78,68.13,102.77,69.78,59.52,199.44,65.12,28.24,75.61,-0.015,77.2,0.0,10134
step2a,L4,2040,6251,1,512,32,1,2,500,502.15,1.00,31.86,540.67,309.23,298.08,597.18,70.09,68.33,102.71,70.09,59.59,201.86,65.51,31.63,76.27,0,77.7,0.0,10062
step2a,L4,2040,6251,1,512,32,1,3,500,502.14,1.00,31.86,540.69,309.91,297.98,606.90,70.18,68.39,103.12,70.18,59.60,202.52,65.66,31.49,75.85,-0.015,77.7,0.0,10055
step2a,L4,2040,6251,1,512,32,10,1,500,91.10,5.49,175.63,2980.29,7014.22,7609.08,9439.78,449.35,480.43,513.22,449.35,542.87,643.62,65.93,31.63,73.77,-0.015,46.3,0.0,2131
step2a,L4,2040,6251,1,512,32,10,2,500,91.23,5.48,175.39,2976.10,7027.37,7633.43,9483.43,450.00,480.43,514.02,450.00,542.06,643.28,66.9,31.58,73.74,-0.015,47.3,0.0,2078
step2a,L4,2040,6251,1,512,32,10,3,500,91.18,5.48,175.47,2977.51,7022.66,7613.23,9468.06,449.76,480.47,513.47,449.76,543.43,642.07,66.9,31.77,74.07,-0.015,47.5,0.0,2078
step2a,L4,2040,6251,1,512,32,50,1,500,90.59,5.52,176.62,2997.06,24860.42,30130.39,38161.02,446.22,476.61,513.92,446.22,605.17,642.62,65.94,31.83,73.29,-0.015,45.9,0.0,2123
step2a,L4,2040,6251,1,512,32,50,2,500,90.66,5.51,176.47,2994.55,24885.85,30145.31,38212.29,446.66,477.94,514.49,446.66,603.68,642.67,65.96,31.39,73.88,0,46.1,0.0,2122
step2a,L4,2040,6251,1,512,32,50,3,500,90.79,5.51,176.24,2990.54,24929.96,30155.37,38317.60,447.24,478.66,515.10,447.24,605.42,642.81,66.71,31.56,72.78,-0.015,47.1,0.0,2077
step2a,L4,2040,6251,1,512,128,1,1,500,508.17,0.98,125.94,628.73,349.12,323.05,640.67,74.57,73.56,91.28,74.57,63.93,209.25,70.86,31.58,75.52,-0.015,90.9,0.0,10230
step2a,L4,2040,6251,1,512,128,1,2,500,508.15,0.98,125.95,628.75,347.80,322.48,641.50,74.45,73.37,91.04,74.45,63.89,207.93,70.78,31.86,75.31,-0.015,90.9,0.0,10236
step2a,L4,2040,6251,1,512,128,1,3,500,508.15,0.98,125.95,628.76,344.99,319.95,618.38,74.46,73.59,91.09,74.46,63.88,207.71,70.76,31.54,75.56,0,90.9,0.0,10234
step2a,L4,2040,6251,1,512,128,10,1,500,168.99,2.96,378.73,1890.68,13780.65,9516.41,25109.86,203.59,207.18,309.61,203.59,118.68,640.12,68.6,31.44,74.03,-0.015,63.5,0.0,3756
step2a,L4,2040,6251,1,512,128,10,2,500,168.89,2.96,378.94,1891.75,13770.20,9490.67,25064.34,203.48,207.16,309.32,203.48,118.61,639.51,68.42,31.34,73.81,-0.015,63.4,0.0,3770
step2a,L4,2040,6251,1,512,128,10,3,500,168.93,2.96,378.85,1891.30,13822.68,9745.24,25031.08,203.16,205.21,310.08,203.16,118.74,640.60,69.03,31.68,73.30,-0.015,64.3,0.0,3709
step2a,L4,2040,6251,1,512,128,50,1,500,168.23,2.97,380.43,1899.19,45422.71,59051.20,64669.43,202.83,203.67,313.63,202.83,118.43,639.59,68.95,31.44,75.58,0,64.4,0.0,3704
step2a,L4,2040,6251,1,512,128,50,2,500,168.22,2.97,380.47,1899.35,45447.46,59152.76,64743.99,202.82,203.66,313.90,202.82,118.43,640.86,68.48,31.39,73.96,0,63.4,0.0,3757
step2a,L4,2040,6251,1,512,128,50,3,500,168.23,2.97,380.42,1899.14,45433.53,59086.72,64681.19,202.83,203.61,313.53,202.83,118.44,639.99,69.04,31.39,73.84,-0.015,64.3,0.0,3699
step2a,L4,2040,6251,1,512,512,1,1,500,784.96,0.64,326.13,651.63,425.27,390.34,787.16,92.99,93.94,94.07,92.99,85.64,225.06,71.23,31.53,74.53,0,93.5,0.0,16125
step2a,L4,2040,6251,1,512,512,1,2,500,785.14,0.64,326.06,651.47,435.27,390.85,804.41,93.00,93.96,94.13,93.00,85.63,224.86,71.23,31.57,74.60,0,93.5,0.0,16129
step2a,L4,2040,6251,1,512,512,1,3,500,784.78,0.64,326.21,651.77,435.06,390.22,806.06,92.95,93.93,94.01,92.95,85.60,224.88,71.21,31.57,75.03,0,93.5,0.0,16124
step2a,L4,2040,6251,1,512,512,10,1,500,588.03,0.85,435.35,869.86,53368.67,73262.69,84012.42,163.63,138.40,261.30,163.63,114.94,626.80,71.06,31.57,74.16,0,82.4,0.0,12333
step2a,L4,2040,6251,1,512,512,10,2,500,587.47,0.85,435.77,870.68,53440.58,73265.13,84053.60,163.25,138.25,260.65,163.25,114.92,627.63,70.88,31.20,73.92,0,82.2,0.0,12374
step2a,L4,2040,6251,1,512,512,10,3,500,587.08,0.85,436.05,871.26,53319.24,73245.31,84022.25,163.47,138.47,261.03,163.47,114.97,628.30,70.91,31.15,74.10,0,82.2,0.0,12360
step2a,L4,2040,6251,1,512,512,50,1,500,587.90,0.85,435.45,870.04,155536.11,182320.43,230056.24,162.96,137.54,261.01,162.96,114.98,628.06,71.05,31.34,74.11,0,82.4,0.0,12331
step2a,L4,2040,6251,1,512,512,50,2,500,587.73,0.85,435.58,870.30,155453.55,182294.28,230136.61,162.92,137.45,261.20,162.92,114.90,625.56,71.04,31.23,74.15,0,82.4,0.0,12338
step2a,L4,2040,6251,1,512,512,50,3,500,587.92,0.85,435.43,870.01,155542.78,182364.23,230144.36,162.96,137.52,261.10,162.96,114.93,627.46,71.04,31.39,73.95,0,82.4,0.0,12329
step2a,L4,2040,6251,1,512,1024,1,1,500,1588.87,0.31,322.24,483.05,440.20,414.18,813.36,95.70,96.36,96.84,95.70,92.45,230.42,71.52,31.29,75.66,0,96.5,0.0,32446
step2a,L4,2040,6251,1,512,1024,1,2,500,1589.30,0.31,322.16,482.92,443.35,415.25,811.15,95.73,96.39,96.95,95.73,92.46,230.47,71.4,31.48,73.94,0,96.2,0.0,32538
step2a,L4,2040,6251,1,512,1024,1,3,500,1588.14,0.31,322.39,483.27,443.90,416.29,814.23,95.65,96.30,96.87,95.65,92.34,230.72,71.57,31.67,74.19,0,96.6,0.0,32370
step2a,L4,2040,6251,1,512,1024,10,1,500,1368.43,0.37,374.15,560.86,142067.36,147318.32,254835.03,171.49,170.48,295.82,171.49,110.08,610.69,71.55,31.78,74.34,0,89.5,0.0,28157
step2a,L4,2040,6251,1,512,1024,10,2,500,1367.79,0.37,374.33,561.12,143837.63,149311.24,253472.38,169.47,162.25,295.57,169.47,110.06,610.00,71.46,31.29,74.13,0,89.3,0.0,28202
step2a,L4,2040,6251,1,512,1024,10,3,500,1367.81,0.37,374.32,561.12,143037.19,148729.95,255260.03,170.54,165.27,295.77,170.54,110.06,610.17,71.48,31.34,74.87,0,89.3,0.0,28196
step2a,L4,2040,6251,1,512,1024,50,1,500,1366.37,0.37,374.72,561.71,374510.30,487349.97,610491.32,169.96,165.67,296.92,169.96,110.02,608.56,71.54,31.44,74.03,0,89.5,0.0,28123
step2a,L4,2040,6251,1,512,1024,50,2,500,1365.61,0.37,374.93,562.02,374276.66,487115.26,610758.58,170.17,165.96,296.97,170.17,110.09,611.00,71.52,31.34,73.86,0,89.4,0.0,28118
step2a,L4,2040,6251,1,512,1024,50,3,500,1365.85,0.37,374.86,561.92,374365.08,487305.71,610975.00,170.19,166.00,297.01,170.19,110.09,612.88,71.53,31.44,73.96,0,89.5,0.0,28111
step2a,L4,2040,6251,1,1024,32,1,1,500,502.38,1.00,31.85,1050.00,550.96,459.86,1379.17,91.63,86.76,177.56,91.63,61.69,364.99,66.72,31.29,76.01,-0.015,72.9,0.0,10084
step2a,L4,2040,6251,1,1024,32,1,2,500,502.35,1.00,31.85,1050.07,550.00,456.29,1391.10,91.62,86.71,177.69,91.63,61.71,354.79,66.58,31.49,75.18,0,72.3,0.0,10124
step2a,L4,2040,6251,1,1024,32,1,3,500,502.36,0.99,31.79,1047.95,550.12,456.33,1351.26,91.29,86.14,172.66,91.29,61.69,575.26,61.36,29.78,76.27,0,61.8,0.0,11839
step2a,L4,2040,6251,1,1024,32,10,1,500,171.96,2.91,93.05,3067.65,25650.98,29392.27,30533.96,444.49,459.89,502.15,444.49,611.94,636.26,60.03,30.13,74.91,-0.015,38.2,0.0,4801
step2a,L4,2040,6251,1,1024,32,10,2,500,174.71,2.86,91.58,3019.28,26097.54,29877.89,31011.68,451.60,466.76,511.13,451.60,621.96,643.00,68.63,31.00,74.31,0,49.0,0.0,3754
step2a,L4,2040,6251,1,1024,32,10,3,500,174.87,2.86,91.50,3016.61,26132.84,29903.17,31020.80,451.68,467.68,520.48,451.68,624.41,642.90,67.77,31.10,74.15,-0.015,47.7,0.0,3844
step2a,L4,2040,6251,1,1024,32,50,1,500,175.04,2.86,91.41,3013.66,57335.94,73528.24,81001.38,452.33,468.23,522.08,452.33,626.74,642.46,68.65,31.29,75.01,-0.015,48.7,0.0,3761
step2a,L4,2040,6251,1,1024,32,50,2,500,174.96,2.86,91.45,3014.93,57310.07,73507.33,80965.08,452.14,468.03,521.36,452.14,626.76,641.96,68.74,31.38,73.25,0,48.9,0.0,3749
step2a,L4,2040,6251,1,1024,32,50,3,500,174.97,2.86,91.45,3014.85,57301.61,73548.70,80937.86,452.17,468.18,521.95,452.17,626.78,642.19,68.64,31.57,73.16,-0.015,48.8,0.0,3762
step2a,L4,2040,6251,1,1024,128,1,1,500,508.86,0.98,125.77,1130.96,612.35,496.68,1418.34,101.43,98.92,146.09,101.43,71.26,365.28,70.54,31.34,75.33,-0.015,82.7,0.0,10390
step2a,L4,2040,6251,1,1024,128,1,2,500,508.85,0.98,125.77,1130.97,615.33,501.50,1436.29,101.51,99.07,146.00,101.51,71.21,365.77,70.7,31.39,75.22,-0.015,82.9,0.0,10337
step2a,L4,2040,6251,1,1024,128,1,3,500,508.85,0.98,125.77,1130.97,613.10,501.13,1413.39,101.70,99.05,145.91,101.70,71.26,364.87,70.51,31.39,75.92,0,82.6,0.0,10392
step2a,L4,2040,6251,1,1024,128,10,1,500,307.79,1.62,207.93,1869.78,45464.15,53800.01,54594.78,193.69,193.97,278.49,193.69,111.63,640.81,70.03,31.33,73.75,-0.015,67.3,0.0,6454
step2a,L4,2040,6251,1,1024,128,10,2,500,307.27,1.63,208.28,1872.94,45404.22,53776.70,54561.85,193.14,193.64,278.11,193.14,111.59,640.32,70.03,31.34,74.76,-0.015,67.3,0.0,6449
step2a,L4,2040,6251,1,1024,128,10,3,500,307.28,1.63,208.28,1872.88,45387.22,53882.35,54617.57,193.47,194.21,279.62,193.47,111.55,640.05,70.03,31.28,74.16,-0.015,67.5,0.0,6450
step2a,L4,2040,6251,1,1024,128,50,1,500,307.67,1.63,208.02,1870.52,98149.43,120336.64,138379.44,194.01,194.29,280.38,194.01,111.60,640.44,70.06,31.24,75.64,0,67.4,0.0,6455
step2a,L4,2040,6251,1,1024,128,50,2,500,307.84,1.62,207.90,1869.49,98239.55,120395.39,138586.06,194.12,194.55,280.32,194.12,111.59,640.40,69.72,31.29,75.21,0,66.8,0.0,6517
step2a,L4,2040,6251,1,1024,128,50,3,500,308.30,1.62,207.59,1866.70,98416.36,120723.96,138750.56,194.39,195.04,280.56,194.39,111.60,640.99,70.04,31.24,73.28,-0.015,67.3,0.0,6466
step2a,L4,2040,6251,1,1024,512,1,1,500,962.84,0.52,265.88,797.12,627.33,567.50,1104.20,114.77,116.30,116.40,114.77,99.94,374.35,71.29,31.19,73.81,0,90.4,0.0,19670
step2a,L4,2040,6251,1,1024,512,1,2,500,962.85,0.52,265.88,797.11,627.92,568.01,1101.13,114.77,116.25,116.50,114.77,99.93,375.10,71.17,31.19,73.90,0,90.1,0.0,19733
step2a,L4,2040,6251,1,1024,512,1,3,500,962.88,0.52,265.87,797.08,627.46,567.84,1103.62,114.77,116.29,116.46,114.77,99.94,374.81,70.61,30.79,73.75,0,88.9,0.0,19995
step2a,L4,2040,6251,1,1024,512,10,1,500,936.22,0.53,273.44,819.79,138668.38,146075.65,203937.32,143.48,128.91,237.66,143.48,107.76,630.37,71.17,31.34,74.87,0,85.8,0.0,19228
step2a,L4,2040,6251,1,1024,512,10,2,500,936.10,0.53,273.48,819.89,138657.00,145982.39,203985.51,143.46,128.88,237.69,143.46,107.74,631.04,71.31,31.48,73.58,0,86.1,0.0,19156
step2a,L4,2040,6251,1,1024,512,10,3,500,936.51,0.53,273.35,819.53,138705.43,146103.08,204412.66,143.56,128.96,239.52,143.56,107.73,629.93,71.18,31.20,73.61,0,85.8,0.0,19228
step2a,L4,2040,6251,1,1024,512,50,1,500,936.19,0.53,273.45,819.82,292858.84,357690.60,418185.04,143.25,128.99,237.91,143.25,107.72,628.58,71.34,31.24,73.83,0,86.1,0.0,19147
step2a,L4,2040,6251,1,1024,512,50,2,500,936.57,0.53,273.34,819.48,293121.89,357774.47,418911.73,143.31,128.96,238.31,143.31,107.74,630.03,71.28,31.24,73.53,0,86.0,0.0,19173
step2a,L4,2040,6251,1,1024,512,50,3,500,936.61,0.53,273.33,819.44,293131.60,357795.11,418922.38,143.31,128.93,238.35,143.31,107.76,629.59,71.3,31.15,73.50,0,86.0,0.0,19169
step2a,L4,2040,6251,1,1024,1024,1,1,500,1998.95,0.25,256.13,512.02,4889.05,4291.97,46696.82,117.78,111.48,165.97,117.78,103.69,611.81,71.63,31.16,73.89,0,93.5,0.0,40464
step2a,L4,2040,6251,1,1024,1024,1,2,500,1999.40,0.25,256.08,511.90,4928.45,4293.09,46898.91,117.76,111.49,165.99,117.76,103.69,611.71,71.29,30.80,74.30,0,92.7,0.0,40825
step2a,L4,2040,6251,1,1024,1024,1,3,500,1998.70,0.25,256.17,512.08,4895.92,4287.61,46826.04,117.75,111.48,165.95,117.75,103.67,611.19,71.63,31.68,74.22,0,93.4,0.0,40468
step2a,L4,2040,6251,1,1024,1024,10,1,500,1992.10,0.25,257.01,513.78,309878.02,376659.08,394521.87,144.89,119.78,230.06,144.89,106.27,633.23,71.62,31.34,73.69,0,91.2,0.0,40363
step2a,L4,2040,6251,1,1024,1024,10,2,500,1991.82,0.25,257.05,513.85,309839.68,376620.13,394799.51,144.82,119.81,229.60,144.82,106.27,632.45,71.61,31.29,73.28,0,91.2,0.0,40357
step2a,L4,2040,6251,1,1024,1024,10,3,500,1992.22,0.25,257.00,513.75,309910.18,376562.00,394411.42,144.90,119.74,230.10,144.90,106.28,634.25,71.63,31.29,74.54,0,91.2,0.0,40369
step2a,L4,2040,6251,1,1024,1024,50,1,500,1990.85,0.25,257.18,514.10,639713.19,805498.33,901831.27,144.73,119.38,229.52,144.73,106.19,633.02,71.45,30.95,74.95,0,90.9,0.0,40489
step2a,L4,2040,6251,1,1024,1024,50,2,500,1992.65,0.25,256.94,513.64,640473.81,806052.78,903184.38,144.85,119.81,229.56,144.85,106.25,634.65,71.62,31.20,73.39,0,91.2,0.0,40368
step2a,L4,2040,6251,1,1024,1024,50,3,500,1990.95,0.25,257.16,514.08,639734.86,805626.17,901983.18,144.74,119.44,229.56,144.74,106.19,633.61,71.62,31.39,73.52,0,91.3,0.0,40339
step2a,L4,2040,6251,1,2048,32,1,1,500,503.70,0.99,31.76,2063.73,1794.72,1423.34,5164.15,199.35,156.09,467.02,199.35,74.96,641.66,68.88,31.44,75.27,-0.015,61.6,0.0,10215
step2a,L4,2040,6251,1,2048,32,1,2,500,503.70,0.99,31.76,2063.73,1792.63,1421.52,5144.31,199.27,156.54,466.98,199.27,75.20,641.44,68.88,31.00,75.76,-0.015,61.5,0.0,10217
step2a,L4,2040,6251,1,2048,32,1,3,500,503.71,0.99,31.76,2063.71,1786.61,1404.64,5166.42,198.66,155.78,467.05,198.66,74.92,641.65,68.84,31.10,75.07,-0.015,61.6,0.0,10223
step2a,L4,2040,6251,1,2048,32,10,1,500,347.49,1.44,46.04,2991.47,64973.42,74132.54,75400.12,450.23,453.42,488.12,450.23,637.72,647.31,69.9,31.29,73.54,-0.015,49.7,0.0,7183
step2a,L4,2040,6251,1,2048,32,10,2,500,347.46,1.44,46.05,2991.67,64970.05,74135.25,75400.59,450.19,453.43,488.13,450.19,637.65,646.42,69.88,31.34,74.97,-0.015,49.7,0.0,7195
step2a,L4,2040,6251,1,2048,32,10,3,500,346.79,1.44,46.14,2997.48,64806.12,73955.55,75213.84,450.62,452.13,487.01,450.62,635.52,647.43,69.79,31.20,73.24,-0.015,49.7,0.0,7190
step2a,L4,2040,6251,1,2048,32,50,1,500,347.15,1.44,46.09,2994.42,123247.90,162743.83,166886.20,450.01,453.38,487.80,450.01,638.05,643.62,69.4,31.00,73.62,0,49.3,0.0,7259
step2a,L4,2040,6251,1,2048,32,50,2,500,347.08,1.44,46.10,2994.96,123200.69,162688.73,166765.25,449.96,453.41,487.76,449.96,637.88,644.33,69.49,31.10,73.72,-0.015,49.2,0.0,7258
step2a,L4,2040,6251,1,2048,32,50,3,500,347.31,1.44,46.07,2993.04,123290.46,162745.23,166921.08,450.23,453.41,487.83,450.23,638.33,644.38,69.72,31.49,73.74,-0.015,49.6,0.0,7204
step2a,L4,2040,6251,1,2048,128,1,1,500,573.25,0.87,111.65,1897.09,10033.76,10335.37,14290.77,190.47,196.42,196.90,190.47,104.19,646.38,70.48,31.29,73.53,-0.015,69.9,0.0,11709
step2a,L4,2040,6251,1,2048,128,1,2,500,573.41,0.87,111.61,1896.56,10123.38,10441.06,14935.96,189.84,196.42,196.64,189.84,104.38,646.06,70.53,31.20,74.84,-0.015,69.9,0.0,11705
step2a,L4,2040,6251,1,2048,128,1,3,500,573.00,0.87,111.69,1897.90,10030.76,10333.78,14288.59,190.39,196.27,196.65,190.39,104.18,646.22,70.52,31.20,74.46,-0.015,69.9,0.0,11701
step2a,L4,2040,6251,1,2048,128,10,1,500,580.27,0.86,110.29,1874.12,107005.76,118243.36,127360.12,191.69,192.40,227.24,191.69,104.01,642.69,70.41,31.15,73.46,-0.015,68.2,0.0,11894
step2a,L4,2040,6251,1,2048,128,10,2,500,580.28,0.86,110.29,1874.10,107008.03,118264.97,127380.14,191.69,192.50,227.27,191.69,103.99,642.45,70.43,31.05,73.34,-0.015,68.1,0.0,11899
step2a,L4,2040,6251,1,2048,128,10,3,500,580.25,0.86,110.30,1874.20,107000.43,118223.24,127353.49,191.68,192.39,227.22,191.68,104.00,642.29,70.61,31.39,73.79,-0.015,68.6,0.0,11837
step2a,L4,2040,6251,1,2048,128,50,1,500,580.22,0.86,110.30,1874.27,202828.85,266928.74,282881.41,191.73,192.41,227.87,191.73,104.00,642.54,70.61,31.20,73.53,-0.015,68.6,0.0,11835
step2a,L4,2040,6251,1,2048,128,50,2,500,579.91,0.86,110.36,1875.30,202774.52,266775.70,282944.93,191.61,192.35,227.52,191.61,103.84,642.31,70.69,31.54,73.67,0,68.4,0.0,11826
step2a,L4,2040,6251,1,2048,128,50,3,500,580.11,0.86,110.32,1874.65,202757.27,266938.66,282720.67,191.70,192.50,227.87,191.70,103.97,642.00,70.38,31.02,73.28,0,68.2,0.0,11904
step2a,L4,2040,6251,1,2048,512,1,1,500,1623.84,0.31,157.65,787.95,32620.44,19400.70,63122.90,132.19,125.96,218.23,132.19,103.65,640.94,71.45,31.20,73.77,0,87.1,0.0,32626
step2a,L4,2040,6251,1,2048,512,1,2,500,1620.49,0.31,157.98,789.58,32634.90,19340.65,62916.77,131.76,125.61,217.75,131.76,103.45,640.86,71.38,31.20,73.79,0,86.9,0.0,32632
step2a,L4,2040,6251,1,2048,512,1,3,500,1620.70,0.31,157.96,789.47,32560.01,19382.48,62966.83,131.92,125.71,217.70,131.92,103.43,640.99,71.38,31.19,74.10,0,87.0,0.0,32632
step2a,L4,2040,6251,1,2048,512,10,1,500,1622.39,0.31,157.79,788.65,297694.53,337670.57,390933.04,132.61,125.64,218.61,132.61,103.49,640.64,71.39,31.20,73.19,0,86.8,0.0,32662
step2a,L4,2040,6251,1,2048,512,10,2,500,1622.57,0.31,157.77,788.57,297701.88,337729.51,391059.65,132.63,125.64,218.75,132.63,103.51,640.69,71.47,31.29,74.70,0,86.9,0.0,32608
step2a,L4,2040,6251,1,2048,512,10,3,500,1622.66,0.31,157.77,788.52,297743.14,337625.89,390955.46,132.63,125.65,218.66,132.63,103.50,640.60,71.47,31.20,74.02,0,87.0,0.0,32596
step2a,L4,2040,6251,1,2048,512,50,1,500,1622.33,0.31,157.80,788.68,560265.49,738797.15,793516.85,132.62,125.62,218.62,132.62,103.49,640.67,71.46,31.19,75.24,0,86.9,0.0,32606
step2a,L4,2040,6251,1,2048,512,50,2,500,1621.78,0.31,157.85,788.95,560115.84,738342.40,793414.33,132.57,125.57,218.47,132.57,103.46,640.50,71.39,31.05,74.70,0,86.8,0.0,32664
step2a,L4,2040,6251,1,2048,512,50,3,500,1622.01,0.31,157.83,788.84,560144.81,738718.40,793409.51,132.59,125.63,218.61,132.59,103.48,640.55,71.4,31.20,73.26,0,86.8,0.0,32666
step2a,L4,2040,6251,1,2048,1024,1,1,500,3188.07,0.16,160.60,481.64,69257.46,90426.17,119525.15,127.18,112.88,216.27,127.18,102.71,637.24,71.66,27.71,74.59,0,92.3,0.0,63763
step2a,L4,2040,6251,1,2048,1024,1,2,500,3187.66,0.16,160.62,481.70,69375.22,92035.19,119545.65,127.04,112.87,215.87,127.04,102.72,637.56,71.66,31.24,73.96,0,92.3,0.0,63828
step2a,L4,2040,6251,1,2048,1024,1,3,500,3188.93,0.16,160.56,481.51,69397.11,92267.29,119518.28,127.10,112.93,216.05,127.10,102.75,638.60,71.69,31.34,73.69,0,92.3,0.0,63793
step2a,L4,2040,6251,1,2048,1024,10,1,500,3186.38,0.16,160.68,481.89,592760.82,695307.00,715043.25,127.86,112.78,216.50,127.86,102.76,638.28,71.7,31.28,73.81,0,92.3,0.0,63740
step2a,L4,2040,6251,1,2048,1024,10,2,500,3186.70,0.16,160.67,481.85,592829.56,695340.90,715093.51,127.87,112.77,216.47,127.87,102.76,638.37,71.67,31.14,73.59,0,92.2,0.0,63797
step2a,L4,2040,6251,1,2048,1024,10,3,500,3186.82,0.16,160.66,481.83,592847.84,695353.22,714925.78,127.88,112.81,216.52,127.88,102.76,638.36,71.69,31.10,73.74,0,92.3,0.0,63750
step2a,L4,2040,6251,1,2048,1024,50,1,500,3186.30,0.16,160.69,481.91,1110428.47,1435682.78,1545338.77,127.83,112.75,216.52,127.83,102.77,637.81,71.69,31.10,73.53,0,92.3,0.0,63742
step2a,L4,2040,6251,1,2048,1024,50,2,500,3184.68,0.16,160.77,482.15,1109725.73,1434730.82,1544378.79,127.78,112.73,216.47,127.78,102.73,636.63,71.64,31.14,73.77,0,92.2,0.0,63786
step2a,L4,2040,6251,1,2048,1024,50,3,500,3186.64,0.16,160.67,481.86,1110421.76,1435714.01,1545011.46,127.85,112.80,216.51,127.85,102.77,638.33,71.66,31.19,74.37,0,92.2,0.0,63802
step2b,L4,2040,6251,1,512,32,1,1,500,502.15,1.00,31.86,540.68,302.64,291.89,572.15,69.81,68.17,103.28,69.81,59.51,200.25,65.74,27.71,75.97,-0.015,78.6,0.0,9933
step2b,L4,2040,6251,1,512,32,1,2,500,502.14,1.00,31.86,540.69,309.24,298.82,594.16,70.17,68.40,102.70,70.17,59.60,201.99,65.83,31.84,75.71,-0.015,78.0,0.0,10008
step2b,L4,2040,6251,1,512,32,1,3,500,502.13,1.00,31.86,540.70,321.69,297.94,670.98,70.16,68.35,102.72,70.72,59.58,201.33,65.78,31.68,75.78,-0.015,78.1,0.0,9888
step2b,L4,2040,6251,1,512,32,10,1,500,90.80,5.51,176.22,2990.17,6982.63,7575.01,9335.33,447.94,478.67,512.90,447.94,540.22,642.46,66.59,31.29,73.88,-0.015,47.6,0.0,2079
step2b,L4,2040,6251,1,512,32,10,2,500,90.97,5.50,175.89,2984.66,7002.51,7594.46,9445.01,448.62,478.51,512.82,448.62,540.53,641.70,66.84,31.58,74.25,-0.015,47.6,0.0,2074
step2b,L4,2040,6251,1,512,32,10,3,500,90.86,5.50,176.10,2988.13,6993.82,7591.79,9403.46,448.10,478.51,512.53,448.10,540.38,642.12,66.75,31.73,73.57,-0.015,47.4,0.0,2074
step2b,L4,2040,6251,1,512,512,1,1,500,785.28,0.64,326.00,651.36,435.79,390.61,806.94,93.01,93.99,94.10,93.02,85.62,225.42,71.19,31.58,74.46,0,93.4,0.0,16143
step2b,L4,2040,6251,1,512,512,1,2,500,784.80,0.64,326.20,651.76,425.29,390.05,791.16,92.97,93.88,94.08,92.97,85.62,225.19,71.27,31.53,75.08,0,93.5,0.0,16108
step2b,L4,2040,6251,1,512,512,1,3,500,785.05,0.64,326.09,651.55,425.66,390.19,789.65,93.00,93.91,94.17,93.00,85.65,225.57,71.23,31.68,74.70,0,93.5,0.0,16123
step2b,L4,2040,6251,1,512,512,10,1,500,588.38,0.85,435.10,869.34,53533.49,73540.95,84172.80,163.51,138.47,260.90,163.51,114.98,630.55,71.05,31.54,75.68,0,82.3,0.0,12343
step2b,L4,2040,6251,1,512,512,10,2,500,588.55,0.85,434.97,869.08,53424.83,73196.52,84166.80,163.77,138.28,261.42,163.77,114.98,629.60,70.87,31.20,73.52,0,82.0,0.0,12390
step2b,L4,2040,6251,1,512,512,10,3,500,588.05,0.85,435.33,869.82,53369.51,73284.31,84015.45,163.64,138.23,261.26,163.64,114.89,627.29,71.04,31.34,74.06,0,82.4,0.0,12331
step2b,L4,2040,6251,1,2048,32,1,1,500,503.71,0.99,31.76,2063.67,1797.40,1420.36,5188.71,199.56,156.20,467.00,199.56,75.30,641.18,68.84,31.29,76.19,0,61.5,0.0,10218
step2b,L4,2040,6251,1,2048,32,1,2,500,503.69,0.99,31.77,2063.79,1791.84,1424.38,5183.98,199.17,156.37,467.08,199.17,74.90,641.93,68.87,31.15,75.10,-0.015,61.6,0.0,10212
step2b,L4,2040,6251,1,2048,32,1,3,500,503.70,0.99,31.76,2063.71,1806.05,1426.41,5202.60,200.04,156.18,467.13,200.04,75.37,641.90,68.69,31.49,75.51,-0.015,61.2,0.0,10282
step2b,L4,2040,6251,1,2048,32,10,1,500,347.47,1.44,46.05,2991.58,64971.96,74135.79,75399.62,450.22,453.42,488.12,450.22,637.51,648.22,69.76,31.05,73.17,-0.015,49.6,0.0,7199
step2b,L4,2040,6251,1,2048,32,10,2,500,346.81,1.44,46.13,2997.30,64819.64,73945.58,75233.70,450.65,452.10,487.23,450.65,636.14,648.00,69.82,31.15,74.78,-0.015,49.8,0.0,7192
step2b,L4,2040,6251,1,2048,32,10,3,500,347.25,1.44,46.08,2993.53,64921.79,74135.17,75402.24,449.93,453.44,488.09,449.93,637.57,646.87,69.71,31.15,73.45,0,49.5,0.0,7222
step2b,L4,2040,6251,1,2048,512,1,1,500,1621.17,0.31,157.91,789.25,32574.05,19312.10,63019.55,131.95,125.61,217.79,131.95,103.45,641.03,71.44,31.19,75.15,0,87.1,0.0,32567
step2b,L4,2040,6251,1,2048,512,1,2,500,1620.17,0.31,158.01,789.73,32634.20,19380.19,62881.00,131.71,125.58,217.66,131.71,103.43,640.79,71.49,31.19,73.58,0,87.2,0.0,32537
step2b,L4,2040,6251,1,2048,512,1,3,500,1621.23,0.31,157.90,789.22,32574.53,19392.58,62984.82,131.96,125.72,217.56,131.96,103.46,641.00,71.46,31.33,73.78,0,87.1,0.0,32568
step2b,L4,2040,6251,1,2048,512,10,1,500,1622.30,0.31,157.80,788.70,297681.17,337587.64,390760.99,132.60,125.63,218.60,132.60,103.50,640.64,71.47,31.24,73.98,0,86.9,0.0,32583
step2b,L4,2040,6251,1,2048,512,10,2,500,1622.47,0.31,157.78,788.61,297717.35,337566.27,390814.66,132.61,125.59,218.54,132.61,103.50,640.70,71.47,31.48,73.45,0,86.9,0.0,32590
step2b,L4,2040,6251,1,2048,512,10,3,500,1622.84,0.31,157.75,788.43,297768.37,337730.90,391057.84,132.65,125.68,218.70,132.65,103.51,640.66,71.47,31.20,73.33,0,86.9,0.0,32600
step2b,L4,2040,6251,2,512,32,1,1,500,501.09,1.00,31.93,541.82,142.01,150.38,258.33,32.91,32.56,42.75,32.91,30.51,102.05,115.27,27.10,75.03,-0.03,60.1,0.0,20009
step2b,L4,2040,6251,2,512,32,1,2,500,501.11,1.00,31.93,541.80,142.66,151.38,252.09,32.92,32.57,42.66,32.92,30.53,102.53,115.15,30.92,75.51,-0.03,59.7,0.0,20097
step2b,L4,2040,6251,2,512,32,1,3,500,501.10,1.00,31.93,541.81,143.27,151.69,258.73,32.94,32.63,42.56,32.94,30.54,102.47,115.82,31.39,75.20,-0.03,59.6,0.0,20079
step2b,L4,2040,6251,2,512,32,10,1,500,51.81,9.65,308.85,5240.72,930.30,942.41,1847.41,239.98,244.32,357.34,239.98,269.49,379.82,128.27,30.92,75.29,-0.015,40.7,0.0,2579
step2b,L4,2040,6251,2,512,32,10,2,500,51.76,9.66,309.11,5245.25,915.83,924.40,1817.67,234.88,243.98,349.95,234.88,254.65,376.04,128.54,31.10,74.57,-0.03,41.5,0.0,2556
step2b,L4,2040,6251,2,512,32,10,3,500,51.73,9.67,309.31,5248.52,895.79,895.70,1792.36,231.34,239.26,348.80,231.34,256.56,375.86,129.67,30.97,74.96,-0.03,42.6,0.0,2504
step2b,L4,2040,6251,2,512,512,1,1,500,518.36,0.96,493.87,986.77,202.03,193.53,337.56,44.01,44.75,49.23,44.01,41.47,115.66,142.11,30.82,74.20,-0.015,93.6,0.0,21290
step2b,L4,2040,6251,2,512,512,1,2,500,518.36,0.96,493.87,986.77,201.90,195.32,318.15,44.03,44.74,49.22,44.03,41.49,115.60,141.75,30.77,73.95,0,93.2,0.0,21373
step2b,L4,2040,6251,2,512,512,1,3,500,518.36,0.96,493.86,986.76,203.01,196.79,338.35,44.05,44.77,49.25,44.05,41.50,115.49,141.84,30.77,74.14,0,93.3,0.0,21340
step2b,L4,2040,6251,2,512,512,10,1,500,277.78,1.80,921.58,1841.36,971.44,1048.48,1642.01,130.94,136.75,138.79,130.94,117.45,386.69,140.49,30.77,74.46,0,88.4,0.0,11963
step2b,L4,2040,6251,2,512,512,10,2,500,277.94,1.80,921.07,1840.34,973.06,1059.09,1641.84,131.01,136.90,138.82,131.01,117.43,388.53,140.46,30.82,73.81,0,88.4,0.0,11958
step2b,L4,2040,6251,2,512,512,10,3,500,277.80,1.80,921.52,1841.23,978.16,1070.13,1618.37,130.93,136.76,138.82,130.93,117.31,388.17,140.48,30.84,74.82,0,88.4,0.0,11946
step2b,L4,2040,6251,2,2048,32,1,1,500,501.50,1.00,31.90,2072.80,580.50,456.86,1587.50,57.11,52.08,139.93,57.11,32.98,351.46,122.79,30.68,74.73,-0.03,54.5,0.0,20310
step2b,L4,2040,6251,2,2048,32,1,2,500,501.48,1.00,31.91,2072.86,578.88,454.41,1590.80,57.18,51.96,139.47,57.18,33.01,350.62,122.7,30.53,75.24,-0.03,54.3,0.0,20332
step2b,L4,2040,6251,2,2048,32,1,3,500,501.49,1.00,31.90,2072.82,580.24,456.23,1602.78,57.30,52.15,140.43,57.30,33.00,351.18,123.15,30.82,76.25,-0.03,54.2,0.0,20333
step2b,L4,2040,6251,2,2048,32,10,1,500,192.40,2.60,83.16,5402.93,32324.90,37244.91,37562.12,367.76,378.55,381.90,367.76,378.64,386.59,137.61,30.68,74.68,-0.03,44.8,0.0,8184
step2b,L4,2040,6251,2,2048,32,10,2,500,192.07,2.60,83.30,5412.20,32259.67,37154.19,37515.21,367.13,378.07,381.13,367.13,378.02,384.38,137.14,30.68,74.56,-0.03,44.5,0.0,8241
step2b,L4,2040,6251,2,2048,32,10,3,500,191.94,2.60,83.36,5415.65,32237.76,37095.90,37467.58,366.86,377.77,379.90,366.86,377.80,384.39,137,30.53,74.20,-0.03,44.4,0.0,8244
step2b,L4,2040,6251,2,2048,512,1,1,500,751.84,0.67,340.50,1701.84,692.48,597.97,1219.73,88.92,91.02,91.35,88.92,72.24,385.44,142.2,30.48,73.74,0,85.4,0.0,30770
step2b,L4,2040,6251,2,2048,512,1,2,500,752.10,0.66,340.38,1701.24,692.82,598.36,1221.63,88.95,91.05,91.36,88.95,72.27,386.18,142.17,30.53,74.61,-0.015,85.3,0.0,30742
step2b,L4,2040,6251,2,2048,512,1,3,500,752.26,0.66,340.31,1700.87,692.81,598.41,1219.86,88.97,91.06,91.48,88.97,72.26,386.34,142.15,30.53,73.92,0,85.3,0.0,30771
step2b,L4,2040,6251,2,2048,512,10,1,500,892.55,0.56,286.82,1433.53,61829.01,26859.21,159168.85,300.45,304.50,503.82,300.45,252.78,541.59,142.33,30.58,74.44,0,88.8,0.0,36040
step2b,L4,2040,6251,2,2048,512,10,2,500,892.34,0.56,286.89,1433.87,61808.06,26837.71,159138.76,300.38,304.35,503.75,300.38,252.77,541.49,141.83,30.43,74.97,0,88.2,0.0,36276
step2b,L4,2040,6251,2,2048,512,10,3,500,892.42,0.56,286.86,1433.74,61818.73,26842.17,159140.49,300.41,304.45,503.76,300.41,252.78,541.72,142.38,30.48,74.79,0,88.8,0.0,36018
step2b,L4,2040,6251,4,512,32,1,1,500,500.58,1.00,31.96,542.37,85.58,70.92,155.16,17.38,16.61,21.56,17.38,16.39,64.39,192.4,26.67,74.73,-0.06,39.5,0.0,40223
step2b,L4,2040,6251,4,512,32,1,2,500,500.54,1.00,31.97,542.41,44.11,34.62,67.54,16.42,16.40,17.00,16.42,16.29,20.04,190.89,27.04,74.53,-0.06,40.6,0.0,40364
step2b,L4,2040,6251,4,512,32,1,3,500,500.54,1.00,31.97,542.41,44.10,34.55,66.68,16.42,16.40,17.01,16.42,16.32,20.34,191.12,27.04,74.70,-0.045,40.6,0.0,40401
step2b,L4,2040,6251,4,512,32,10,1,500,50.61,9.88,316.15,5364.64,62.87,62.58,79.35,18.38,18.25,20.09,18.38,17.89,23.63,253.34,27.04,73.43,-0.015,78.6,0.0,4977
step2b,L4,2040,6251,4,512,32,10,2,500,50.61,9.88,316.14,5364.42,62.67,62.28,78.02,18.40,18.28,20.10,18.40,17.91,23.79,257.42,27.28,73.87,-0.06,81.1,0.0,4828
step2b,L4,2040,6251,4,512,32,10,3,500,50.61,9.88,316.13,5364.30,63.04,62.50,80.66,18.37,18.24,20.06,18.38,17.93,23.71,255.36,27.23,73.59,-0.06,79.9,0.0,4904
step2b,L4,2040,6251,4,512,512,1,1,500,509.56,0.98,501.39,1001.79,67.23,66.96,87.90,19.63,19.73,22.13,19.63,19.68,24.16,284.04,27.18,74.19,0,94.0,0.0,41339
step2b,L4,2040,6251,4,512,512,1,2,500,509.56,0.98,502.40,1003.81,66.66,65.97,82.59,19.61,19.69,22.15,19.61,19.65,23.89,283.39,27.18,73.86,0,93.7,0.0,41512
step2b,L4,2040,6251,4,512,512,1,3,500,509.55,0.98,502.40,1003.82,67.02,66.62,84.57,19.62,19.69,22.14,19.62,19.65,23.78,283.37,27.14,73.93,-0.015,93.7,0.0,41530
step2b,L4,2040,6251,4,512,512,10,1,500,139.19,3.59,1839.20,3674.80,180.53,197.76,226.60,62.98,67.80,68.34,62.98,66.14,79.13,273.87,27.14,73.52,0,87.2,0.0,12615
step2b,L4,2040,6251,4,512,512,10,2,500,139.13,3.59,1840.00,3676.41,180.62,198.52,227.59,62.95,67.72,68.29,62.95,66.09,78.91,273.94,27.18,73.64,0,87.3,0.0,12589
step2b,L4,2040,6251,4,512,512,10,3,500,139.14,3.59,1839.84,3676.09,180.25,197.57,226.87,62.95,67.72,68.28,62.95,66.05,78.83,274.06,27.18,73.63,0,87.5,0.0,12587
step2b,L4,2040,6251,4,2048,32,1,1,500,500.85,1.00,31.95,2075.48,297.90,275.33,678.77,24.93,24.21,67.19,24.93,18.04,216.94,209.84,27.09,74.39,-0.06,40.0,0.0,40721
step2b,L4,2040,6251,4,2048,32,1,2,500,500.85,1.00,31.95,2075.47,300.02,276.27,686.12,24.87,24.22,60.71,24.87,18.06,217.18,210.33,26.99,74.16,-0.06,40.3,0.0,40745
step2b,L4,2040,6251,4,2048,32,1,3,500,500.85,1.00,31.95,2075.46,299.76,275.01,686.14,24.88,24.24,60.89,24.88,18.07,217.03,210.42,27.18,74.74,-0.06,40.2,0.0,40751
step2b,L4,2040,6251,4,2048,32,10,1,500,117.59,4.25,136.07,8839.99,18944.79,22658.65,23080.26,226.04,233.04,234.47,226.04,233.06,236.80,262.87,27.09,74.50,-0.045,37.0,0.0,10618
step2b,L4,2040,6251,4,2048,32,10,2,500,117.05,4.27,136.69,8880.45,18842.23,22535.95,22973.26,224.99,231.92,233.12,224.99,232.02,239.86,261.3,27.04,73.38,0,37.0,0.0,10651
step2b,L4,2040,6251,4,2048,32,10,3,500,117.34,4.26,136.36,8858.85,18889.71,22609.85,23042.09,225.57,232.55,233.97,225.57,232.61,239.97,263.87,27.09,73.26,-0.015,37.3,0.0,10554
step2b,L4,2040,6251,4,2048,512,1,1,500,511.94,0.98,500.05,2499.30,379.22,329.48,778.51,36.61,36.32,50.19,36.61,29.00,231.04,281.4,27.14,73.76,0,76.0,0.0,42215
step2b,L4,2040,6251,4,2048,512,1,2,500,511.96,0.98,500.04,2499.21,385.75,332.60,786.88,36.70,36.60,50.26,36.70,29.03,231.33,281.49,27.09,74.36,0,76.0,0.0,42201
step2b,L4,2040,6251,4,2048,512,1,3,500,511.96,0.98,500.04,2499.21,386.45,333.51,793.22,36.76,36.66,50.26,36.76,29.15,231.82,281.54,27.09,74.36,0,76.3,0.0,42180
step2b,L4,2040,6251,4,2048,512,10,1,500,452.25,1.11,566.06,2829.18,3980.56,1761.91,22895.48,210.42,221.53,222.94,210.42,176.18,369.51,281.13,27.09,73.50,0,84.8,0.0,37136
step2b,L4,2040,6251,4,2048,512,10,2,500,452.35,1.11,565.93,2828.53,3980.34,1761.33,22897.72,210.47,221.58,223.00,210.47,176.36,369.50,281.35,27.09,73.72,0,85.0,0.0,37105
step2b,L4,2040,6251,4,2048,512,10,3,500,452.44,1.11,565.82,2828.01,3981.28,1762.55,22898.88,210.51,221.68,223.01,210.51,176.39,369.45,281.17,27.09,73.43,0,84.9,0.0,37172
step2b,L4,2040,6251,8,512,32,1,1,500,500.38,1.00,31.98,542.59,67.79,61.98,118.93,10.58,10.01,13.18,10.58,10.15,50.48,329.83,26.12,71.65,-0.045,23.1,0.0,80742
step2b,L4,2040,6251,8,512,32,1,2,500,500.34,1.00,31.98,542.63,31.49,28.08,47.10,10.08,9.97,10.59,10.08,10.07,13.00,326.72,26.55,72.42,-0.015,24.1,0.0,81071
step2b,L4,2040,6251,8,512,32,1,3,500,500.34,1.00,31.98,542.63,31.64,27.97,47.97,10.08,9.98,10.60,10.08,10.01,12.81,326.3,26.57,73.62,-0.03,24.2,0.0,81069
step2b,L4,2040,6251,8,512,32,10,1,500,50.38,9.92,317.59,5389.15,44.56,44.45,59.73,10.88,10.82,12.31,10.88,10.66,18.60,473.53,26.55,72.61,-0.045,64.4,0.0,9894
step2b,L4,2040,6251,8,512,32,10,2,500,50.37,9.93,317.64,5389.87,44.16,44.14,57.88,10.87,10.83,12.37,10.87,10.60,18.95,484.15,26.80,72.42,-0.045,66.4,0.0,9603
step2b,L4,2040,6251,8,512,32,10,3,500,50.38,9.93,317.62,5389.57,44.56,44.63,61.78,10.87,10.83,12.25,10.88,10.56,18.95,485.58,26.89,72.73,-0.045,66.2,0.0,9633
step2b,L4,2040,6251,8,512,512,1,1,500,505.61,0.99,506.32,1011.66,47.36,46.90,62.44,11.29,11.11,12.31,11.29,11.02,14.38,541.93,26.95,72.68,0,79.1,0.0,82188
step2b,L4,2040,6251,8,512,512,1,2,500,505.60,0.99,506.33,1011.67,46.67,46.07,60.67,11.28,11.09,12.34,11.28,11.02,14.12,541.14,26.80,72.90,0,79.2,0.0,82170
step2b,L4,2040,6251,8,512,512,1,3,500,505.60,0.99,506.33,1011.67,46.61,45.74,63.13,11.28,11.10,12.29,11.28,11.02,13.50,541.04,26.80,72.74,0,79.2,0.0,82134
step2b,L4,2040,6251,8,512,512,10,1,500,90.29,5.54,2835.34,5665.15,122.44,126.84,176.46,39.22,42.73,43.16,39.22,41.57,48.52,531.49,26.79,73.39,0,64.2,0.0,17007
step2b,L4,2040,6251,8,512,512,10,2,500,90.19,5.54,2838.31,5671.07,122.65,125.96,176.03,39.17,42.61,42.99,39.17,41.53,48.61,531.75,26.89,73.76,0,64.2,0.0,16963
step2b,L4,2040,6251,8,512,512,10,3,500,90.32,5.54,2834.36,5663.19,128.31,129.83,177.32,39.18,42.60,43.05,39.21,41.38,50.18,530.62,26.89,73.55,0,63.9,0.0,17067
step2b,L4,2040,6251,8,2048,32,1,1,500,500.51,1.00,31.97,2076.88,171.04,155.18,317.51,13.83,11.56,27.78,13.83,11.39,135.24,349.64,26.66,71.55,0,23.1,0.0,81617
step2b,L4,2040,6251,8,2048,32,1,2,500,500.39,1.00,31.97,2077.36,43.74,40.29,64.20,11.35,11.25,11.91,11.35,11.27,14.20,329.26,26.57,70.15,0,23.8,0.0,81578
step2b,L4,2040,6251,8,2048,32,1,3,500,500.39,1.00,31.98,2077.38,43.71,40.49,62.29,11.36,11.25,11.95,11.36,11.27,14.21,328.25,26.58,69.65,0,23.9,0.0,81417
step2b,L4,2040,6251,8,2048,32,10,1,500,50.44,9.91,317.23,20609.97,56.81,56.15,76.22,12.27,12.17,13.83,12.28,11.99,21.36,462.42,26.51,72.30,0,57.7,0.0,10483
step2b,L4,2040,6251,8,2048,32,10,2,500,50.43,9.91,317.27,20612.37,57.67,57.19,80.77,12.29,12.19,14.04,12.30,11.96,21.15,474.99,26.75,72.48,0,59.8,0.0,10093
step2b,L4,2040,6251,8,2048,32,10,3,500,50.43,9.91,317.27,20612.54,56.90,56.78,76.59,12.32,12.22,14.15,12.33,12.00,21.28,472.94,26.94,72.95,0,58.9,0.0,10269
step2b,L4,2040,6251,8,2048,512,1,1,500,506.71,0.99,505.22,2525.14,144.27,70.11,454.22,14.49,13.70,22.50,14.50,12.89,24.62,547.8,26.89,73.12,0,71.8,0.0,82939
step2b,L4,2040,6251,8,2048,512,1,2,500,506.69,0.99,505.24,2525.20,252.99,232.05,531.95,16.14,15.74,22.38,16.16,13.43,170.18,545.03,26.65,73.91,0,67.4,0.0,83238
step2b,L4,2040,6251,8,2048,512,1,3,500,506.69,0.99,505.24,2525.19,252.83,232.88,534.02,16.14,15.69,22.38,16.20,13.38,170.17,545.33,26.55,74.02,0,67.5,0.0,83052
step2b,L4,2040,6251,8,2048,512,10,1,500,274.19,1.82,933.65,4666.40,2444.10,1208.38,13144.04,126.44,133.46,134.79,126.44,98.15,247.32,547.04,26.60,73.80,0,75.2,0.0,46192
step2b,L4,2040,6251,8,2048,512,10,2,500,274.35,1.82,933.10,4663.70,2443.62,1208.31,13145.64,126.52,133.53,134.81,126.52,98.23,247.73,546.48,26.75,73.87,0,75.2,0.0,46293
step2b,L4,2040,6251,8,2048,512,10,3,500,274.48,1.82,932.68,4661.58,2445.06,1208.68,13154.33,126.58,133.57,134.86,126.58,98.22,247.98,546.75,26.75,73.43,0,75.2,0.0,46274
step2c,L4,2040,6251,4,512,32,1,1,500,500.58,1.00,31.96,542.37,85.68,70.98,154.91,17.37,16.61,21.53,17.37,16.38,64.36,190.99,26.37,79.79,-0.06,39.8,0.0,40286
step2c,L4,2040,6251,4,512,32,1,2,500,500.54,1.00,31.97,542.41,43.89,34.99,67.69,16.41,16.40,17.02,16.41,16.30,20.15,190.75,27.08,74.11,-0.045,40.5,0.0,40356
step2c,L4,2040,6251,4,512,32,1,3,500,500.54,1.00,31.97,542.41,44.60,34.78,69.41,16.41,16.39,16.98,16.41,16.31,20.31,190.64,27.07,74.48,-0.045,40.8,0.0,40431
step2c,L4,2040,6251,4,512,512,1,1,500,509.57,0.98,502.39,1003.79,68.66,68.25,86.21,19.63,19.72,22.06,19.63,19.67,23.75,283.36,27.04,73.41,0,93.7,0.0,41508
step2c,L4,2040,6251,4,512,512,1,2,500,509.55,0.98,502.41,1003.83,68.35,67.72,85.75,19.60,19.67,22.08,19.60,19.64,23.70,283.36,27.18,73.55,0,93.8,0.0,41479
step2c,L4,2040,6251,4,512,512,1,3,500,509.56,0.98,502.39,1003.81,68.08,68.44,83.19,19.60,19.69,22.04,19.60,19.65,23.72,283.35,27.18,73.69,0,93.7,0.0,41540
step2c,L4,2040,6251,4,2048,32,1,1,500,500.85,1.00,31.95,2075.46,297.54,274.77,676.99,24.92,24.23,67.06,24.93,18.04,216.96,210.05,27.09,74.25,-0.045,40.0,0.0,40726
step2c,L4,2040,6251,4,2048,32,1,2,500,500.84,1.00,31.95,2075.50,299.59,275.51,683.94,24.88,24.22,60.81,24.88,18.06,217.09,210.32,27.09,74.18,-0.045,40.1,0.0,40782
step2c,L4,2040,6251,4,2048,32,1,3,500,500.84,1.00,31.95,2075.52,299.21,275.11,683.98,24.86,24.22,60.83,24.87,18.05,216.92,210.14,27.09,74.83,-0.06,40.0,0.0,40787
step2c,L4,2040,6251,4,2048,512,1,1,500,511.95,0.98,500.05,2499.26,382.68,333.67,786.20,36.55,36.26,50.11,36.55,28.92,230.62,281.42,27.09,74.82,-0.015,75.8,0.0,42220
step2c,L4,2040,6251,4,2048,512,1,2,500,511.96,0.98,500.03,2499.20,385.68,335.95,780.78,36.63,36.44,50.24,36.63,29.00,230.44,281.56,27.04,74.42,0,76.0,0.0,42193
step2c,L4,2040,6251,4,2048,512,1,3,500,511.98,0.98,500.02,2499.13,384.76,333.60,787.88,36.66,36.57,50.18,36.66,29.02,231.06,281.38,27.04,74.36,0,76.1,0.0,42231
step2c,L4,1830,6251,4,512,32,1,1,500,500.54,1.00,31.97,542.41,74.88,70.85,148.34,17.16,16.54,21.62,17.16,16.45,64.20,183.24,25.15,74.33,0,40.0,0.0,40459
step2c,L4,1830,6251,4,512,32,1,2,500,500.54,1.00,31.97,542.41,44.40,34.83,67.24,16.46,16.43,17.06,16.46,16.32,20.35,180.3,25.20,73.46,0,40.7,0.0,40410
step2c,L4,1830,6251,4,512,32,1,3,500,500.54,1.00,31.97,542.41,44.70,35.17,68.26,16.46,16.44,17.07,16.46,16.35,20.14,180.33,25.20,73.47,0,40.8,0.0,40385
step2c,L4,1830,6251,4,512,512,1,1,500,509.58,0.98,502.38,1003.77,69.37,68.89,88.09,19.62,19.69,22.10,19.62,19.65,24.54,277.86,25.15,72.84,0,93.8,0.0,41520
step2c,L4,1830,6251,4,512,512,1,2,500,509.57,0.98,502.39,1003.79,68.39,68.65,85.86,19.62,19.72,22.04,19.62,19.67,24.06,277.93,25.34,72.80,0,93.8,0.0,41496
step2c,L4,1830,6251,4,512,512,1,3,500,509.55,0.98,502.40,1003.82,68.84,68.63,86.32,19.59,19.67,22.09,19.59,19.63,23.75,277.78,25.29,73.02,0,93.8,0.0,41537
step2c,L4,1830,6251,4,2048,32,1,1,500,500.85,1.00,31.95,2075.48,297.16,275.16,677.59,24.93,24.22,64.06,24.93,18.17,215.78,201.1,25.22,73.90,0,40.0,0.0,40771
step2c,L4,1830,6251,4,2048,32,1,2,500,500.83,1.00,31.95,2075.54,299.23,275.04,684.57,24.88,24.22,60.63,24.88,18.17,215.66,201.38,25.15,73.49,0,40.2,0.0,40713
step2c,L4,1830,6251,4,2048,32,1,3,500,500.85,1.00,31.95,2075.47,299.69,274.66,685.05,24.88,24.23,60.77,24.88,18.17,216.10,201.68,25.22,73.86,0,40.1,0.0,40717
step2c,L4,1830,6251,4,2048,512,1,1,500,511.99,0.98,500.01,2499.09,384.86,337.45,796.03,36.77,36.65,50.33,36.77,29.13,230.91,280.75,25.15,73.73,0,76.2,0.0,42207
step2c,L4,1830,6251,4,2048,512,1,2,500,511.96,0.98,500.04,2499.20,385.08,336.04,794.75,36.79,36.69,50.39,36.79,29.15,231.10,280.62,25.19,73.71,0,76.3,0.0,42183
step2c,L4,1830,6251,4,2048,512,1,3,500,511.97,0.98,500.03,2499.16,387.97,335.68,788.30,36.78,36.68,50.35,36.78,29.13,231.29,280.81,25.20,73.91,0,76.4,0.0,42171
step2c,L4,1620,6251,4,512,32,1,1,500,500.55,1.00,31.96,542.40,76.05,71.58,149.37,17.38,16.78,21.72,17.38,16.62,64.43,171.69,23.74,69.44,0,40.2,0.0,40442
step2c,L4,1620,6251,4,512,32,1,2,500,500.55,1.00,31.96,542.40,45.39,35.84,68.43,16.70,16.67,17.34,16.70,16.57,20.51,167.3,23.69,67.88,0,41.2,0.0,40364
step2c,L4,1620,6251,4,512,32,1,3,500,500.55,1.00,31.96,542.40,45.33,35.61,69.65,16.71,16.68,17.33,16.71,16.54,20.42,167.24,23.74,67.76,0,40.9,0.0,40375
step2c,L4,1620,6251,4,512,512,1,1,500,509.71,0.98,502.24,1003.50,68.98,68.23,87.39,19.90,19.97,22.39,19.90,19.91,24.02,259.75,23.73,70.65,0,93.0,0.0,41511
step2c,L4,1620,6251,4,512,512,1,2,500,509.71,0.98,502.25,1003.51,68.29,67.77,84.51,19.90,19.98,22.41,19.90,19.92,24.12,259.91,23.74,70.72,0,92.8,0.0,41553
step2c,L4,1620,6251,4,512,512,1,3,500,509.70,0.98,502.26,1003.53,68.87,67.93,86.11,19.91,19.98,22.40,19.91,19.93,24.01,260.13,23.74,71.00,0,92.8,0.0,41556
step2c,L4,1620,6251,4,2048,32,1,1,500,500.85,1.00,31.95,2075.48,297.88,276.31,675.29,25.31,24.52,66.98,25.31,18.56,215.80,191.47,23.74,72.71,0,40.0,0.0,40625
step2c,L4,1620,6251,4,2048,32,1,2,500,500.85,1.00,31.95,2075.47,300.06,276.02,690.32,25.24,24.55,60.66,25.24,18.56,215.55,191.4,23.74,72.31,0,40.1,0.0,40720
step2c,L4,1620,6251,4,2048,32,1,3,500,500.85,1.00,31.95,2075.48,300.15,276.25,685.03,25.24,24.55,60.77,25.24,18.53,215.74,191.7,23.75,72.57,0,40.1,0.0,40638
step2c,L4,1620,6251,4,2048,512,1,1,500,512.05,0.98,499.95,2498.77,385.41,335.51,798.15,36.85,36.74,50.40,36.85,29.19,231.07,276.38,23.74,75.73,0,76.3,0.0,42216
step2c,L4,1620,6251,4,2048,512,1,2,500,512.03,0.98,499.97,2498.86,386.47,336.76,795.03,36.81,36.75,50.33,36.81,29.16,231.06,276.42,23.64,74.22,0,76.2,0.0,42199
step2c,L4,1620,6251,4,2048,512,1,3,500,512.03,0.98,499.97,2498.86,385.63,336.08,795.34,36.82,36.69,50.35,36.82,29.12,230.92,276.23,23.64,74.00,0,76.2,0.0,42234
step2c,L4,1410,6251,4,512,32,1,1,500,500.56,1.00,31.96,542.39,77.91,73.60,151.53,17.74,17.15,22.19,17.74,16.94,66.00,159.1,22.29,65.84,0,40.7,0.0,40354
step2c,L4,1410,6251,4,512,32,1,2,500,500.56,1.00,31.96,542.39,46.20,36.23,70.55,17.05,17.03,17.69,17.05,16.91,20.96,154.89,22.28,61.87,0,41.4,0.0,40392
step2c,L4,1410,6251,4,512,32,1,3,500,500.56,1.00,31.96,542.39,45.69,35.95,69.05,17.05,17.02,17.69,17.05,16.89,21.02,155.18,22.28,61.64,0,41.6,0.0,40362
step2c,L4,1410,6251,4,512,512,1,1,500,509.99,0.98,501.98,1002.97,70.47,70.65,89.68,20.62,20.59,23.49,20.62,20.53,24.96,237.23,22.28,64.16,0,90.3,0.0,41539
step2c,L4,1410,6251,4,512,512,1,2,500,509.98,0.98,501.98,1002.98,70.24,69.97,86.15,20.62,20.59,23.48,20.62,20.53,24.82,237.95,22.38,64.09,0,90.2,0.0,41541
step2c,L4,1410,6251,4,512,512,1,3,500,509.98,0.98,501.98,1002.98,69.32,68.93,86.70,20.62,20.59,23.49,20.62,20.54,24.66,237.71,22.37,64.21,0,90.2,0.0,41571
step2c,L4,1410,6251,4,2048,32,1,1,500,500.88,1.00,31.94,2075.35,302.87,280.91,695.07,26.14,25.17,68.05,26.15,19.13,218.65,179.87,22.37,70.17,0,39.7,0.0,40715
step2c,L4,1410,6251,4,2048,32,1,2,500,500.88,1.00,31.94,2075.34,304.93,280.57,702.61,26.08,25.19,61.73,26.08,19.13,218.65,179.43,22.29,69.14,0,39.6,0.0,40708
step2c,L4,1410,6251,4,2048,32,1,3,500,500.88,1.00,31.94,2075.34,304.73,280.63,703.24,26.09,25.18,61.73,26.09,19.12,218.47,179.28,22.29,70.47,0,39.8,0.0,40731
step2c,L4,1410,6251,4,2048,512,1,1,500,512.58,0.98,499.44,2496.22,389.67,340.57,807.90,38.37,38.61,51.22,38.37,30.23,232.74,257.08,22.38,71.56,0,74.3,0.0,42271
step2c,L4,1410,6251,4,2048,512,1,2,500,512.58,0.98,499.44,2496.21,392.37,340.21,810.75,38.44,38.72,51.23,38.44,30.25,232.96,257.11,22.32,71.52,0,74.2,0.0,42304
step2c,L4,1410,6251,4,2048,512,1,3,500,512.58,0.98,499.43,2496.17,392.76,341.48,807.11,38.44,38.74,51.23,38.44,30.28,233.10,256.69,22.37,71.71,0,74.2,0.0,42287
step2c,L4,1200,6251,4,512,32,1,1,500,500.58,1.00,31.96,542.38,83.43,78.99,162.21,18.32,17.65,23.22,18.32,17.43,71.96,148.85,21.31,58.49,0,40.4,0.0,40425
step2c,L4,1200,6251,4,512,32,1,2,500,500.58,1.00,31.96,542.38,47.17,36.90,70.73,17.52,17.50,18.19,17.52,17.35,21.68,145.24,21.31,57.06,0,41.6,0.0,40312
step2c,L4,1200,6251,4,512,32,1,3,500,500.57,1.00,31.96,542.38,47.59,36.48,73.85,17.50,17.48,18.19,17.50,17.37,22.16,145.01,21.31,57.05,0,41.5,0.0,40356
step2c,L4,1200,6251,4,512,512,1,1,500,510.39,0.98,501.57,1002.17,73.54,73.15,92.51,21.69,21.52,24.83,21.69,21.45,25.98,217.14,21.31,58.68,0,86.6,0.0,41584
step2c,L4,1200,6251,4,512,512,1,2,500,510.39,0.98,501.58,1002.18,72.75,72.84,93.75,21.70,21.53,24.84,21.70,21.46,26.17,217.48,21.41,58.47,0,86.4,0.0,41638
step2c,L4,1200,6251,4,512,512,1,3,500,510.39,0.98,501.58,1002.18,72.95,72.77,92.23,21.69,21.52,24.83,21.69,21.45,26.27,218.04,21.41,58.70,0,86.6,0.0,41600
step2c,L4,1200,6251,4,2048,32,1,1,500,500.92,1.00,31.94,2075.17,333.26,300.67,756.48,28.02,26.58,70.64,28.02,19.95,236.02,166.41,21.32,62.05,0,38.8,0.0,40665
step2c,L4,1200,6251,4,2048,32,1,2,500,500.92,1.00,31.94,2075.17,335.46,301.04,801.08,27.97,26.59,66.43,27.97,19.96,235.79,165.48,21.21,61.03,0,38.9,0.0,40671
step2c,L4,1200,6251,4,2048,32,1,3,500,500.93,1.00,31.94,2075.15,335.66,301.23,802.00,28.00,26.60,66.43,28.00,19.95,235.89,165.45,21.26,60.60,0,38.9,0.0,40729
step2c,L4,1200,6251,4,2048,512,1,1,500,513.65,0.97,498.39,2490.99,435.39,376.71,892.93,44.03,46.48,54.47,44.03,35.82,252.97,231.61,21.31,63.33,0,69.3,0.0,42366
step2c,L4,1200,6251,4,2048,512,1,2,500,513.65,0.97,498.40,2491.01,443.17,377.53,908.55,44.13,46.59,54.51,44.13,35.85,252.92,231.51,21.36,62.99,0,69.3,0.0,42346
step2c,L4,1200,6251,4,2048,512,1,3,500,513.64,0.97,498.40,2491.03,440.03,376.82,897.80,44.05,46.50,54.48,44.05,35.80,252.73,232.41,21.31,63.67,0,69.5,0.0,42351
step2c,L4,990,6251,4,512,32,1,1,500,500.60,1.00,31.96,542.35,92.90,88.40,186.51,19.23,18.40,24.97,19.23,18.16,83.21,142.63,20.43,55.56,0,39.8,0.0,40298
step2c,L4,990,6251,4,512,32,1,2,500,500.60,1.00,31.96,542.35,49.09,37.56,73.81,18.24,18.23,18.96,18.24,18.03,22.82,139.02,20.43,54.10,0,41.0,0.0,40302
step2c,L4,990,6251,4,512,32,1,3,500,500.60,1.00,31.96,542.35,48.23,37.73,72.49,18.23,18.22,18.97,18.23,17.97,22.81,138.98,20.43,54.08,0,41.0,0.0,40303
step2c,L4,990,6251,4,512,512,1,1,500,511.02,0.98,500.96,1000.95,78.14,77.74,99.02,23.36,22.93,26.84,23.36,22.85,27.89,202.34,20.43,55.60,0,81.3,0.0,41650
step2c,L4,990,6251,4,512,512,1,2,500,511.01,0.98,500.97,1000.96,76.26,75.77,98.39,23.34,22.91,26.83,23.34,22.83,27.94,203.58,20.58,55.99,0,81.3,0.0,41709
step2c,L4,990,6251,4,512,512,1,3,500,511.01,0.98,500.96,1000.95,76.44,75.83,98.83,23.34,22.91,26.83,23.34,22.84,27.80,203.56,20.58,55.98,0,81.3,0.0,41690
step2c,L4,990,6251,4,2048,32,1,1,500,500.99,1.00,31.94,2074.90,395.22,340.97,1021.76,31.94,29.04,81.13,31.94,21.13,270.00,156.94,20.48,55.35,0,37.0,0.0,40635
step2c,L4,990,6251,4,2048,32,1,2,500,500.99,1.00,31.94,2074.90,395.97,341.03,1022.99,31.94,29.06,79.78,31.94,21.13,270.12,156.22,20.43,54.99,0,37.0,0.0,40647
step2c,L4,990,6251,4,2048,32,1,3,500,500.99,1.00,31.94,2074.91,395.81,340.89,1020.50,31.89,29.07,79.78,31.89,21.14,269.89,156.17,20.43,55.22,0,37.1,0.0,40581
step2c,L4,990,6251,4,2048,512,1,1,500,515.78,0.97,496.33,2480.70,534.42,426.56,961.97,54.92,58.32,59.90,54.92,44.45,289.49,212.43,20.39,58.69,0,62.5,0.0,42528
step2c,L4,990,6251,4,2048,512,1,2,500,515.77,0.97,496.35,2480.77,535.02,426.46,964.58,54.97,58.48,59.91,54.97,44.40,289.09,212.5,20.53,58.31,0,62.2,0.0,42601
step2c,L4,990,6251,4,2048,512,1,3,500,515.78,0.97,496.34,2480.73,538.80,426.38,963.41,54.95,58.46,59.89,54.95,44.42,289.15,212.54,20.53,58.64,0,62.2,0.0,42599
step2c,L4,780,6251,4,512,32,1,1,500,500.63,1.00,31.96,542.32,108.28,104.34,230.72,20.67,19.54,27.89,20.67,19.25,101.44,139.95,20.14,53.41,0,38.7,0.0,40324
step2c,L4,780,6251,4,512,32,1,2,500,500.63,1.00,31.96,542.32,51.49,39.72,78.04,19.25,19.24,20.18,19.25,18.90,24.62,136.81,20.14,52.30,0,40.5,0.0,40248
step2c,L4,780,6251,4,512,32,1,3,500,500.63,1.00,31.96,542.32,51.78,39.83,77.42,19.26,19.25,20.16,19.26,18.94,24.67,136.8,20.14,52.29,0,40.5,0.0,40282
step2c,L4,780,6251,4,512,512,1,1,500,512.03,0.98,499.97,998.97,85.58,84.72,113.74,26.24,25.68,30.84,26.24,25.22,32.87,191.41,20.14,52.88,0,73.8,0.0,41795
step2c,L4,780,6251,4,512,512,1,2,500,512.03,0.97,498.98,996.98,85.12,84.26,112.03,26.26,25.70,30.88,26.26,25.20,32.82,192.63,20.34,53.84,0,73.7,0.0,41841
step2c,L4,780,6251,4,512,512,1,3,500,512.01,0.98,499.99,999.00,85.41,84.80,112.46,26.27,25.70,30.89,26.27,25.22,32.87,192.7,20.29,53.77,0,73.8,0.0,41841
step2c,L4,780,6251,4,2048,32,1,1,500,501.12,1.00,31.93,2074.36,505.03,403.47,1401.67,39.38,32.68,102.18,39.38,22.98,327.69,152.25,20.24,51.15,0,34.0,0.0,40633
step2c,L4,780,6251,4,2048,32,1,2,500,501.12,1.00,31.93,2074.37,503.41,402.60,1401.18,39.10,32.70,102.15,39.10,22.99,327.04,150.72,20.14,50.35,0,33.9,0.0,41108
step2c,L4,780,6251,4,2048,32,1,3,500,501.12,1.00,31.86,2070.22,503.22,403.31,1401.39,38.97,32.69,102.20,38.97,22.98,327.11,150.44,20.14,50.60,0,33.5,0.0,41270
step2c,L4,780,6251,4,2048,512,1,1,500,574.66,0.87,445.48,2226.52,619.30,503.76,1097.73,66.76,68.51,69.11,66.76,50.80,348.90,195.41,20.14,54.71,0,53.7,0.0,47902
step2c,L4,780,6251,4,2048,512,1,2,500,575.14,0.87,445.11,2224.67,613.10,503.84,1097.56,66.83,68.99,69.14,66.83,50.82,348.84,196.26,20.24,54.81,0,53.7,0.0,47937
step2c,L4,780,6251,4,2048,512,1,3,500,575.18,0.87,445.08,2224.52,613.39,504.12,1097.76,66.84,69.00,69.15,66.84,50.84,348.55,195.61,20.24,54.70,0,53.4,0.0,48227
step2c,L4,570,6251,4,512,32,1,1,500,500.69,1.00,31.96,542.25,134.32,127.80,311.41,23.41,21.66,36.37,23.46,21.54,130.49,126.47,19.85,49.98,0,30.1,0.0,49585
step2c,L4,570,6251,4,512,32,1,2,500,500.69,1.00,31.96,542.25,56.68,53.36,84.71,21.14,21.17,22.41,21.14,20.78,27.70,132.02,19.95,49.77,0,37.5,0.0,42251
step2c,L4,570,6251,4,512,32,1,3,500,500.69,1.00,31.96,542.25,64.28,60.29,92.75,21.24,21.18,22.41,21.26,20.77,27.74,132.85,19.95,49.73,0,38.4,0.0,41042
step2c,L4,570,6251,4,512,512,1,1,500,513.78,0.97,498.26,995.56,100.99,100.20,133.48,32.12,31.94,38.55,32.13,33.16,40.04,175.16,19.95,49.46,0,61.5,0.0,42990
step2c,L4,570,6251,4,512,512,1,2,500,513.79,0.97,498.25,995.53,101.18,99.82,134.54,32.12,31.94,38.55,32.12,33.15,40.17,176.05,20.04,50.63,0,61.4,0.0,43052
step2c,L4,570,6251,4,512,512,1,3,500,513.80,0.97,498.25,995.53,99.93,99.71,129.77,32.12,31.92,38.49,32.12,33.13,40.09,175.89,20.04,50.66,0,61.3,0.0,43121
step2c,L4,570,6251,4,2048,32,1,1,500,501.33,1.00,31.92,2073.48,690.23,497.91,2133.41,57.85,46.37,190.79,57.85,26.33,412.04,146.58,20.04,47.34,0,30.1,0.0,40730
step2c,L4,570,6251,4,2048,32,1,2,500,501.33,1.00,31.92,2073.48,690.09,498.80,2134.56,57.71,49.85,180.97,57.71,26.36,412.47,146.04,19.95,46.87,0,30.0,0.0,40717
step2c,L4,570,6251,4,2048,32,1,3,500,501.33,1.00,31.85,2069.33,688.06,499.36,2135.78,57.63,49.72,181.04,57.63,26.34,412.37,146.11,19.95,46.82,0,30.0,0.0,40675
step2c,L4,570,6251,4,2048,512,1,1,500,702.71,0.71,364.30,1820.80,740.27,625.56,1370.21,82.79,84.88,85.09,82.79,62.18,434.32,178.63,19.95,49.65,0,45.1,0.0,57554
step2c,L4,570,6251,4,2048,512,1,2,500,703.08,0.71,364.11,1819.85,741.45,625.65,1370.31,82.83,84.94,85.09,82.83,62.17,434.01,179.16,20.09,49.49,0,45.0,0.0,57606
step2c,L4,570,6251,4,2048,512,1,3,500,703.11,0.71,364.10,1819.78,741.28,625.73,1371.15,82.84,84.95,85.09,82.84,62.18,434.34,179.42,20.14,49.84,0,45.1,0.0,57514
step2c,L4,360,6251,4,512,32,1,1,500,500.86,1.00,31.95,542.07,204.19,187.31,525.06,30.88,27.47,55.65,30.88,26.74,200.22,130.77,19.85,46.05,0,32.2,0.0,42127
step2c,L4,360,6251,4,512,32,1,2,500,500.84,1.00,31.88,541.01,68.26,75.65,101.23,25.77,26.00,27.89,25.77,26.61,35.21,131.58,19.75,46.09,0,37.3,0.0,40369
step2c,L4,360,6251,4,512,32,1,3,500,500.86,1.00,31.88,540.99,68.29,76.15,101.61,25.77,25.98,27.97,25.77,26.57,35.24,131.52,19.75,46.18,0,37.1,0.0,40423
step2c,L4,360,6251,4,512,512,1,1,500,519.44,0.96,492.84,984.71,152.94,161.10,184.94,50.66,52.97,55.38,50.66,52.62,62.07,153.55,19.85,45.85,0,43.6,0.0,42912
step2c,L4,360,6251,4,512,512,1,2,500,519.44,0.96,492.84,984.72,152.21,159.01,182.98,50.64,52.94,55.42,50.64,52.56,62.25,153.99,19.90,46.68,0,43.6,0.0,42936
step2c,L4,360,6251,4,512,512,1,3,500,519.44,0.96,492.84,984.72,152.43,158.28,185.05,50.65,52.93,55.41,50.65,52.59,62.37,152.25,19.85,46.47,0,42.6,0.0,43949
step2c,L4,360,6251,4,2048,32,1,1,500,502.72,0.99,31.83,2067.77,1599.67,1277.32,4373.15,161.14,103.98,578.68,161.31,45.02,649.64,135.29,19.85,41.80,0,21.1,0.0,41339
step2c,L4,360,6251,4,2048,32,1,2,500,502.72,0.99,31.76,2063.63,1566.75,1263.35,4373.69,160.77,107.69,578.73,160.77,45.07,649.20,134.85,19.75,41.44,0,21.1,0.0,41495
step2c,L4,360,6251,4,2048,32,1,3,500,502.72,0.99,31.76,2063.63,1562.78,1247.10,4373.73,160.51,107.07,578.76,160.51,44.83,649.59,135.85,19.85,41.52,0,21.5,0.0,40859
step2c,L4,360,6251,4,2048,512,1,1,500,1018.78,0.49,251.28,1255.91,1305.33,936.28,2616.42,121.05,123.34,124.63,121.05,89.78,656.29,152.54,19.76,43.02,0,31.5,0.0,83441
step2c,L4,360,6251,4,2048,512,1,2,500,1019.42,0.49,251.12,1255.13,1306.72,935.99,2616.70,121.13,123.42,124.64,121.13,89.77,656.29,152.14,19.85,43.09,0,31.2,0.0,84179
step2c,L4,360,6251,4,2048,512,1,3,500,1019.36,0.49,251.14,1255.20,1306.20,935.73,2615.42,121.12,123.41,124.63,121.12,89.77,656.67,153.33,19.85,43.09,0,31.7,0.0,82855
step2c,L4,210,6251,4,512,32,1,1,500,501.37,1.00,31.91,541.52,394.77,405.95,1088.28,60.14,50.98,138.18,60.14,41.50,343.96,128.42,19.75,44.46,0,27.1,0.0,40559
step2c,L4,210,6251,4,512,32,1,2,500,501.37,1.00,31.91,541.52,111.70,122.08,157.24,41.18,41.51,45.08,41.18,41.24,53.58,132.65,19.65,44.24,0,34.0,0.0,40555
step2c,L4,210,6251,4,512,32,1,3,500,501.37,1.00,31.91,541.52,111.76,122.17,157.23,41.17,41.49,45.11,41.17,41.24,53.72,132.66,19.66,44.27,0,34.0,0.0,40624
step2c,L4,210,6251,4,512,512,1,1,500,732.60,0.68,349.44,698.20,266.23,270.70,292.40,86.87,88.05,88.23,86.87,87.39,100.26,131.33,19.70,43.43,0,26.4,0.0,60393
step2c,L4,210,6251,4,512,512,1,2,500,733.32,0.68,349.10,697.51,266.50,271.18,288.19,86.96,88.13,88.29,86.96,87.52,100.40,131.27,19.75,43.35,0,26.4,0.0,60546
step2c,L4,210,6251,4,512,512,1,3,500,732.62,0.68,349.43,698.18,266.36,270.80,292.50,86.88,88.06,88.23,86.88,87.39,100.23,131.36,19.75,44.01,0,26.4,0.0,60418
step2c,L4,210,6251,4,2048,32,1,1,500,565.73,0.88,28.28,1837.46,4096.30,4386.85,6615.62,953.97,1018.73,1079.85,953.97,1097.21,1103.93,119.5,19.75,38.98,0,9.4,0.0,46041
step2c,L4,210,6251,4,2048,32,1,2,500,564.55,0.89,28.34,1841.29,4125.51,4387.45,6636.19,954.20,1019.33,1079.69,954.20,1097.51,1103.98,119.46,19.66,38.98,0,9.3,0.0,45913
step2c,L4,210,6251,4,2048,32,1,3,500,564.55,0.89,28.34,1841.29,4125.55,4387.29,6633.67,954.21,1019.54,1079.75,954.21,1097.53,1103.79,119.47,19.65,38.92,0,9.3,0.0,45824
step2c,L4,210,6251,4,2048,512,1,1,500,1675.25,0.30,152.81,763.77,2996.33,3469.09,4430.88,198.99,202.04,205.98,198.99,146.76,1112.11,130.55,19.66,39.05,0,19.8,0.0,135321
step2c,L4,210,6251,4,2048,512,1,2,500,1676.19,0.30,152.73,763.34,3000.28,3469.53,4431.24,199.09,202.07,205.98,199.09,146.73,1112.90,130.6,19.75,39.33,0,19.8,0.0,135445
step2c,L4,210,6251,4,2048,512,1,3,500,1676.23,0.30,152.72,763.32,3000.35,3469.23,4431.96,199.10,202.08,205.99,199.10,146.76,1112.76,130.6,19.70,39.34,0,19.8,0.0,135490
step2c,L4,2040,6251,8,512,32,1,1,500,500.38,1.00,31.98,542.59,67.97,61.94,119.91,10.59,10.01,13.15,10.60,10.04,50.51,328.82,26.13,70.93,-0.015,23.3,0.0,80732
step2c,L4,2040,6251,8,512,32,1,2,500,500.35,1.00,31.98,542.63,32.46,29.50,47.71,10.05,9.97,10.57,10.05,10.09,12.71,326.76,26.56,73.69,0,24.2,0.0,81126
step2c,L4,2040,6251,8,512,32,1,3,500,500.34,1.00,31.98,542.63,32.58,29.98,47.52,10.04,9.97,10.59,10.04,10.04,12.46,326.53,26.55,72.07,0,24.4,0.0,81115
step2c,L4,2040,6251,8,512,512,1,1,500,505.61,0.99,506.32,1011.65,45.76,45.20,60.40,11.26,11.09,12.28,11.26,11.02,13.33,541.79,26.55,72.64,0,79.3,0.0,82139
step2c,L4,2040,6251,8,512,512,1,2,500,505.61,0.99,506.32,1011.65,46.54,45.98,59.07,11.26,11.09,12.28,11.26,11.07,13.41,542.3,26.80,72.83,0,79.3,0.0,82116
step2c,L4,2040,6251,8,512,512,1,3,500,505.60,0.99,506.32,1011.66,47.06,46.27,62.57,11.26,11.09,12.28,11.26,11.01,13.51,542.1,26.84,72.73,0,79.3,0.0,82151
step2c,L4,2040,6251,8,2048,32,1,1,500,500.52,1.00,31.97,2076.86,170.97,155.10,318.26,13.83,11.55,27.83,13.83,11.39,135.70,349.4,26.74,71.17,0,22.9,0.0,81662
step2c,L4,2040,6251,8,2048,32,1,2,500,500.39,1.00,31.97,2077.37,42.81,39.62,61.75,11.35,11.24,11.90,11.35,11.25,13.96,328.3,26.57,70.11,0,23.8,0.0,81555
step2c,L4,2040,6251,8,2048,32,1,3,500,500.39,1.00,31.97,2077.36,42.89,39.74,61.60,11.36,11.25,11.90,11.36,11.27,14.17,323.19,26.46,70.02,0,22.9,0.0,84910
step2c,L4,2040,6251,8,2048,512,1,1,500,506.70,0.99,505.23,2525.18,143.76,66.86,457.15,14.45,13.65,22.43,14.45,12.90,24.17,546.05,26.51,73.07,0,71.8,0.0,83180
step2c,L4,2040,6251,8,2048,512,1,2,500,506.68,0.99,505.25,2525.24,254.25,233.76,540.34,16.07,15.66,22.26,16.08,13.32,170.49,546.3,26.70,73.38,0,67.8,0.0,82916
step2c,L4,2040,6251,8,2048,512,1,3,500,506.71,0.99,505.22,2525.11,254.76,233.87,532.58,16.12,15.69,22.41,16.13,13.32,170.41,547.09,26.65,73.97,0,67.5,0.0,83144
step2c,L4,1830,6251,8,512,32,1,1,500,500.35,1.00,31.98,542.62,35.93,28.36,82.63,10.33,10.19,11.78,10.33,10.30,13.19,297.66,24.66,65.22,0,23.9,0.0,81114
step2c,L4,1830,6251,8,512,32,1,2,500,500.35,1.00,31.98,542.62,32.19,28.25,50.56,10.30,10.19,10.80,10.30,10.30,13.02,296.38,24.59,64.76,0,24.1,0.0,81083
step2c,L4,1830,6251,8,512,32,1,3,500,500.35,1.00,31.98,542.62,32.61,28.69,50.67,10.30,10.20,10.83,10.30,10.30,13.06,296.21,24.59,66.02,0,23.8,0.0,81054
step2c,L4,1830,6251,8,512,512,1,1,500,505.73,0.99,506.20,1011.41,44.79,44.44,60.52,11.51,11.35,12.52,11.52,11.27,13.62,491.4,24.59,69.22,0,77.6,0.0,82290
step2c,L4,1830,6251,8,512,512,1,2,500,505.72,0.99,506.20,1011.42,47.28,47.04,59.78,11.52,11.36,12.52,11.52,11.29,13.80,492.41,24.97,68.94,0,77.6,0.0,82315
step2c,L4,1830,6251,8,512,512,1,3,500,505.73,0.99,506.20,1011.41,48.92,47.93,65.29,11.52,11.35,12.53,11.52,11.30,14.02,492.75,24.97,68.60,0,77.7,0.0,82170
step2c,L4,1830,6251,8,2048,32,1,1,500,500.52,1.00,31.97,2076.84,171.92,155.97,319.29,14.21,11.90,28.03,14.21,11.73,136.17,322.2,24.79,64.81,0,22.9,0.0,81464
step2c,L4,1830,6251,8,2048,32,1,2,500,500.41,1.00,31.97,2077.32,43.86,40.42,62.15,11.72,11.59,12.30,11.72,11.63,14.55,297.22,24.66,62.93,0,23.6,0.0,81568
step2c,L4,1830,6251,8,2048,32,1,3,500,500.41,1.00,31.97,2077.32,43.52,40.04,63.17,11.72,11.62,12.30,11.72,11.64,14.38,296.39,24.58,61.91,0,23.7,0.0,81729
step2c,L4,1830,6251,8,2048,512,1,1,500,506.85,0.99,505.08,2524.41,144.81,66.64,458.81,14.71,13.82,22.56,14.71,13.18,23.74,504.53,24.54,72.81,0,70.5,0.0,83156
step2c,L4,1830,6251,8,2048,512,1,2,500,506.85,0.99,505.08,2524.43,248.76,229.37,527.53,16.40,15.97,22.53,16.41,13.55,170.95,506.99,24.72,73.47,0,66.5,0.0,83187
step2c,L4,1830,6251,8,2048,512,1,3,500,506.84,0.99,505.09,2524.45,253.36,233.51,536.57,16.38,15.96,22.43,16.38,13.49,171.27,507.97,24.87,72.96,0,66.5,0.0,83226
step2c,L4,1620,6251,8,512,32,1,1,500,500.36,1.00,31.98,542.61,37.05,29.38,84.68,10.63,10.49,12.13,10.63,10.52,13.45,278.01,23.29,59.76,0,23.8,0.0,81034
step2c,L4,1620,6251,8,512,32,1,2,500,500.36,1.00,31.98,542.61,31.68,28.46,49.41,10.59,10.48,11.14,10.59,10.51,13.21,276.5,23.19,59.12,0,23.8,0.0,80938
step2c,L4,1620,6251,8,512,32,1,3,500,500.36,1.00,31.98,542.61,33.05,28.95,48.85,10.60,10.49,11.14,10.60,10.53,13.32,276.75,23.23,59.02,0,23.9,0.0,80929
step2c,L4,1620,6251,8,512,512,1,1,500,505.90,0.99,506.03,1011.06,49.77,49.01,64.65,11.89,11.74,12.92,11.89,11.63,14.31,452.72,23.23,63.10,0,75.3,0.0,82420
validation,L4,1200,6251,1,128,32,10,1,500,52.30,9.56,305.91,1520.00,289.38,280.51,488.52,91.96,91.58,116.24,91.96,82.90,184.96,56.97,21.98,73.55,0,69.0,0.0,1424
validation,L4,1200,6251,1,128,32,10,2,500,52.33,9.56,305.76,1519.27,295.03,285.87,521.31,94.03,93.73,122.86,94.03,84.71,189.35,58.38,22.76,74.01,0,69.5,0.0,1398
validation,L4,1200,6251,1,128,32,10,3,500,52.33,9.55,305.74,1519.15,299.64,288.68,528.88,96.00,96.35,125.68,96.00,86.16,204.29,59.82,23.29,73.50,0,71.0,0.0,1353
validation,L4,570,6251,1,512,512,1,1,500,1059.72,0.47,241.57,482.68,657.02,580.02,1304.33,126.54,128.14,128.32,126.54,114.06,354.87,55.92,22.71,60.13,0,73.5,0.0,21748
validation,L4,570,6251,1,512,512,1,2,500,1059.74,0.47,241.57,482.66,648.76,579.34,1296.77,126.56,128.16,128.30,126.56,114.06,354.83,55.98,23.15,60.07,0,73.3,0.0,21795
validation,L4,570,6251,1,512,512,1,3,500,1059.76,0.47,241.56,482.66,657.39,579.70,1305.16,126.54,128.15,128.32,126.54,114.09,354.73,55.97,23.20,60.11,0,73.3,0.0,21789
validation,L4,360,6251,1,32,32,50,1,500,32.76,15.26,488.46,961.66,2273.98,2415.84,3770.54,406.55,428.46,471.15,406.55,316.15,1419.30,36.65,23.05,55.33,0,21.2,0.0,1053
validation,L4,360,6251,1,32,32,50,2,500,28.28,17.68,565.72,1113.76,1187.84,1303.19,1670.91,361.40,379.43,405.07,361.40,317.68,674.39,36.44,22.47,54.63,0,23.8,0.0,926
validation,L4,360,6251,1,32,32,50,3,500,28.55,17.51,560.41,1103.31,1226.53,1333.11,1731.53,364.39,381.79,412.92,364.39,317.55,679.23,35.99,22.23,54.30,0,23.6,0.0,937
validation,L4,360,6251,1,32,128,10,1,500,113.76,4.40,562.57,698.82,634.20,683.14,881.29,200.30,210.22,215.48,200.30,179.91,273.64,43.23,22.08,54.17,0,44.2,0.0,2751
validation,L4,360,6251,1,32,128,10,2,500,114.73,4.36,557.83,692.93,667.77,695.35,883.74,202.80,213.35,215.25,202.80,177.73,349.27,43.07,22.18,54.42,0,43.2,0.0,2795
validation,L4,360,6251,1,32,128,10,3,500,114.35,4.37,559.67,695.21,659.78,692.16,889.31,201.99,212.65,214.26,201.99,178.76,277.63,43.08,22.17,54.61,0,43.5,0.0,2787
validation,L4,360,6251,1,32,512,1,1,500,1048.55,0.48,244.15,258.93,362.95,371.74,381.05,125.38,126.45,126.53,125.38,126.87,130.81,48.71,22.23,58.09,0,65.2,0.0,21626
validation,L4,360,6251,1,32,512,1,2,500,1048.56,0.48,244.14,258.93,363.02,371.78,381.34,125.39,126.45,126.54,125.39,126.86,130.79,48.78,22.67,58.63,0,65.2,0.0,21617
validation,L4,360,6251,1,32,512,1,3,500,1048.54,0.48,244.15,258.93,362.63,371.63,381.85,125.38,126.45,126.53,125.38,126.88,130.86,48.73,22.57,58.40,0,65.1,0.0,21654
validation,L4,360,6251,1,128,1024,1,1,500,2582.89,0.19,198.23,222.81,562.12,571.12,843.39,156.57,157.86,158.21,156.57,155.21,245.70,47.36,22.67,58.41,0,57.5,0.0,52548
validation,L4,360,6251,1,128,1024,1,2,500,2582.85,0.19,198.23,222.82,561.83,570.48,842.91,156.57,157.86,158.21,156.57,155.19,245.59,47.39,22.56,58.32,0,57.5,0.0,52522
validation,L4,360,6251,1,128,1024,1,3,500,2582.86,0.19,198.23,222.81,561.81,570.62,843.14,156.57,157.86,158.21,156.57,155.17,245.60,47.36,22.52,58.22,0,57.5,0.0,52541
validation,L4,360,6251,1,512,32,1,1,500,503.27,0.99,31.73,538.40,944.28,787.93,2457.06,147.74,131.52,293.56,147.74,78.72,886.69,46.39,22.47,57.61,0,54.5,0.0,10328
validation,L4,360,6251,1,512,32,1,2,500,503.26,0.99,31.73,538.41,944.86,795.90,2459.89,147.78,131.40,293.56,147.78,78.74,886.51,46.52,22.42,57.51,0,54.5,0.0,10221
validation,L4,360,6251,1,512,32,1,3,500,503.26,0.99,31.79,539.49,944.70,781.27,2457.25,147.68,131.19,293.56,147.68,78.68,886.96,46.35,22.28,57.50,0,54.4,0.0,10301
validation,L4,360,6251,1,512,128,1,1,500,515.55,0.97,124.14,619.73,1249.11,1215.52,2346.18,230.11,239.40,243.99,230.11,149.58,919.80,44.82,22.28,56.80,0,42.5,0.0,10683
validation,L4,360,6251,1,512,128,1,2,500,515.58,0.97,124.13,619.69,1263.73,1221.14,2344.01,230.07,239.24,244.04,230.07,149.60,918.71,44.97,22.28,56.77,0,42.7,0.0,10631
validation,L4,360,6251,1,512,128,1,3,500,515.55,0.97,124.14,619.73,1248.97,1214.30,2345.60,230.11,239.40,243.99,230.11,149.61,920.12,44.81,22.17,56.70,0,42.4,0.0,10689
validation,L4,360,6251,1,1024,32,1,1,500,506.69,0.99,31.58,1041.07,3606.93,3554.22,8626.94,664.51,788.46,935.43,664.51,191.75,1628.61,42.03,22.22,56.11,0,25.9,0.0,10416
validation,L4,360,6251,1,1024,32,1,2,500,506.69,0.99,31.58,1041.08,3603.72,3555.14,8621.76,664.67,788.49,935.46,664.67,191.69,1628.36,42.06,22.08,56.15,0,25.9,0.0,10370
validation,L4,360,6251,1,1024,32,1,3,500,506.69,0.99,31.58,1041.07,3607.80,3554.16,8629.28,664.64,788.50,935.31,664.64,191.81,1628.01,42.2,22.08,55.99,0,26.1,0.0,10298
validation,L4,210,6251,1,32,32,1,1,500,503.49,0.99,31.78,62.56,324.34,323.42,444.05,109.95,109.17,129.39,109.95,104.94,163.09,45.21,21.89,55.89,0,63.2,0.0,10349
validation,L4,210,6251,1,32,32,1,2,500,503.49,0.99,31.78,62.56,329.03,332.40,445.66,110.78,109.83,130.50,110.78,104.96,166.13,45.45,22.18,55.98,0,63.6,0.0,10266
validation,L4,210,6251,1,32,32,1,3,500,503.49,0.99,31.78,62.56,328.96,331.95,446.37,110.78,109.81,130.49,110.78,104.98,166.19,45.56,22.28,56.05,0,63.7,0.0,10253
validation,L4,210,6251,1,32,32,10,1,500,59.09,8.46,270.76,533.06,1040.26,1164.75,1392.39,358.99,388.15,412.54,358.99,384.24,584.53,35.07,22.28,46.19,0,23.2,0.0,1555
validation,L4,210,6251,1,32,32,10,2,500,59.26,8.44,270.01,531.59,1025.30,1164.43,1545.47,356.56,383.62,413.99,356.56,383.91,582.80,34.66,21.89,45.53,0,23.3,0.0,1559
validation,L4,210,6251,1,32,32,10,3,500,59.26,8.44,270.00,531.57,1025.33,1165.10,1540.63,356.58,383.76,413.99,356.58,384.38,582.67,34.79,21.79,45.66,0,23.9,0.0,1525
validation,L4,210,6251,1,32,128,1,1,500,516.45,0.97,123.92,153.94,454.03,453.64,574.66,170.36,178.79,186.14,170.36,177.86,191.47,40.63,21.69,54.49,0,45.1,0.0,10697
validation,L4,210,6251,1,32,128,1,2,500,516.45,0.97,123.92,153.94,454.40,454.79,590.70,170.56,179.02,186.86,170.56,178.03,207.91,40.56,21.89,54.91,0,44.7,0.0,10794
validation,L4,210,6251,1,32,128,1,3,500,516.44,0.97,123.93,153.94,453.64,450.37,589.55,170.53,178.93,186.49,170.53,177.98,207.11,40.49,21.89,54.47,0,44.9,0.0,10754
validation,L4,210,6251,1,32,512,1,1,500,1771.68,0.28,144.50,153.24,623.62,642.83,674.15,213.53,215.00,215.29,213.53,215.13,231.34,38.94,21.81,55.13,0,38.6,0.0,36317
validation,L4,210,6251,1,32,512,1,2,500,1771.68,0.28,144.50,153.24,623.47,642.77,674.76,213.53,215.00,215.29,213.53,215.16,231.29,38.96,21.78,54.48,0,38.7,0.0,36264
validation,L4,210,6251,1,32,512,1,3,500,1771.68,0.28,144.50,153.24,623.51,642.79,674.35,213.53,215.00,215.29,213.53,215.15,231.30,38.96,21.79,54.62,0,38.7,0.0,36283
validation,L4,210,6251,1,32,1024,1,1,500,4100.09,0.12,124.88,128.66,721.96,741.75,876.66,249.28,250.99,251.31,249.28,250.48,301.06,38.28,21.79,54.96,0,35.5,0.0,83309
validation,L4,210,6251,1,32,1024,1,2,500,4100.17,0.12,124.87,128.65,722.08,742.35,877.48,249.28,250.99,251.32,249.38,250.43,300.93,38.22,21.79,55.08,0,35.5,0.0,82777
validation,L4,210,6251,1,32,1024,1,3,500,4100.11,0.12,124.87,128.66,721.05,742.24,876.43,249.28,250.99,251.32,249.28,250.40,301.17,38.19,21.69,54.76,0,35.5,0.0,83203
validation,L4,210,6251,1,128,32,1,1,500,503.83,0.99,31.76,157.79,560.27,504.50,1117.30,139.81,135.08,205.04,139.81,110.07,498.55,43.37,21.69,55.27,0,53.2,0.0,10353
validation,L4,210,6251,1,128,32,1,2,500,503.87,0.99,31.75,157.78,557.19,504.04,1100.97,139.41,135.07,204.14,139.41,110.06,498.69,43.52,22.03,55.30,0,53.5,0.0,10335
validation,L4,210,6251,1,128,32,1,3,500,503.87,0.99,31.75,157.78,557.99,506.11,1100.80,139.41,135.07,204.13,139.41,110.06,498.83,43.47,21.98,55.26,0,53.5,0.0,10346
validation,L4,210,6251,1,128,32,10,1,500,124.72,4.01,128.29,637.43,6307.45,6725.49,11277.79,754.89,765.26,965.47,754.89,354.27,2681.51,33.87,22.08,45.27,0,15.2,0.0,2837
validation,L4,210,6251,1,128,32,10,2,500,124.46,4.02,128.56,638.78,6298.04,6114.68,11290.96,752.86,761.07,964.20,752.86,354.24,2681.30,33.59,21.59,44.78,0,15.3,0.0,2816
validation,L4,210,6251,1,128,32,10,3,500,124.73,4.01,128.28,637.38,6307.56,6726.56,11277.81,754.96,765.30,965.46,754.96,354.47,2680.90,33.34,21.50,45.29,0,15.1,0.0,2854
validation,L4,210,6251,1,128,128,1,1,500,520.12,0.96,123.05,245.13,832.36,742.82,1260.42,227.63,233.90,238.18,227.63,200.81,533.70,38.68,21.50,54.04,0,36.0,0.0,10831
validation,L4,210,6251,1,128,128,1,2,500,520.10,0.96,123.05,245.15,838.47,768.01,1260.25,227.98,234.47,238.58,227.98,200.82,533.91,38.72,21.69,54.21,0,35.8,0.0,10847
validation,L4,210,6251,1,128,128,1,3,500,520.10,0.96,123.05,245.15,828.27,742.76,1260.57,227.70,233.91,237.78,227.70,200.73,533.69,38.79,21.69,54.09,0,35.9,0.0,10854
validation,L4,210,6251,1,128,512,1,1,500,1949.79,0.26,131.30,163.86,863.80,848.98,1285.01,235.21,237.16,237.47,235.21,230.03,380.79,38.53,21.79,54.60,0,36.3,0.0,39786
validation,L4,210,6251,1,128,512,1,2,500,1950.90,0.26,131.22,163.77,869.81,849.39,1283.77,235.34,237.28,237.67,235.34,229.98,381.22,38.5,21.69,54.11,0,36.2,0.0,39803
validation,L4,210,6251,1,128,512,1,3,500,1949.82,0.26,131.29,163.86,863.82,848.72,1285.52,235.21,237.16,237.48,235.21,230.00,380.73,38.51,21.78,54.58,0,36.3,0.0,39753
validation,L4,210,6251,1,512,32,1,1,500,507.47,0.99,31.53,535.00,3229.17,3124.77,7284.96,638.90,739.84,898.96,638.90,254.01,2635.56,35.74,21.69,53.53,0,20.0,0.0,10391
validation,L4,210,6251,1,512,32,1,2,500,507.47,0.98,31.40,532.86,3092.47,2872.32,6999.74,634.65,747.70,893.32,634.65,253.84,2611.22,35.69,21.57,53.63,0,20.2,0.0,10416
validation,L4,210,6251,1,512,32,1,3,500,507.48,0.98,31.47,533.93,3243.37,3144.50,7282.51,638.55,739.85,899.19,638.55,254.05,2635.26,35.59,21.55,53.38,0,20.0,0.0,10461
validation,L4,1620,6251,2,128,128,10,1,500,54.70,9.14,1170.03,2330.92,159.59,157.42,252.10,48.65,49.64,52.19,48.65,45.38,86.87,128.55,23.59,75.30,0,78.7,0.0,2666
validation,L4,1620,6251,2,128,128,10,2,500,54.59,9.16,1172.46,2335.77,124.10,122.84,155.58,41.45,41.80,43.89,41.45,41.57,47.09,128.91,24.80,72.57,0,84.0,0.0,2674
validation,L4,1620,6251,2,128,128,10,3,500,54.60,9.16,1172.09,2335.03,125.41,125.07,155.36,41.61,41.95,44.05,41.61,41.75,47.03,129.2,25.57,72.63,0,83.8,0.0,2678
validation,L4,1620,6251,2,512,1024,1,1,500,837.63,0.60,611.25,916.28,222.14,214.33,361.34,49.83,50.36,50.45,49.83,48.10,121.40,142.26,25.95,73.59,0,94.9,0.0,34510
validation,L4,1620,6251,2,512,1024,1,2,500,838.30,0.60,610.76,915.55,229.86,214.87,365.12,49.87,50.33,50.41,49.87,48.07,121.61,142.24,26.10,73.89,0,94.8,0.0,34561
validation,L4,1620,6251,2,512,1024,1,3,500,838.95,0.60,610.29,914.83,227.85,215.19,366.84,49.91,50.37,50.48,49.91,48.10,121.82,141.45,25.91,73.66,0,94.0,0.0,34893
validation,L4,780,6251,2,1024,128,1,1,500,505.13,0.99,126.70,1139.31,406.68,346.25,891.21,50.92,49.56,70.68,50.92,39.30,269.31,110.46,22.05,60.67,0,77.7,0.0,20414
validation,L4,780,6251,2,1024,128,1,2,500,505.13,0.99,126.70,1139.32,405.94,345.19,889.30,50.92,49.53,70.68,50.92,39.29,269.30,110.98,22.38,60.94,0,77.5,0.0,20406
validation,L4,780,6251,2,1024,128,1,3,500,505.13,0.99,126.70,1139.31,405.15,345.53,891.57,50.92,49.53,70.70,50.92,39.28,269.16,111.15,22.43,60.88,0,77.8,0.0,20362
validation,L4,780,6251,2,1024,512,1,1,500,636.34,0.79,402.30,1206.12,469.67,411.68,858.81,74.80,76.18,76.35,74.80,62.62,289.17,113.85,22.44,60.38,0,69.8,0.0,26171
validation,L4,780,6251,2,1024,512,1,2,500,636.33,0.79,402.31,1206.13,469.36,411.58,858.57,74.80,76.18,76.35,74.80,62.62,289.20,113.57,22.24,60.87,0,69.8,0.0,26196
validation,L4,780,6251,2,1024,512,1,3,500,636.35,0.79,402.29,1206.09,469.34,411.50,858.95,74.80,76.18,76.35,74.80,62.62,289.22,113.71,22.23,60.44,0,69.8,0.0,26172
validation,L4,360,6251,2,32,32,50,1,500,18.65,26.81,857.76,1688.72,763.04,788.99,1350.67,223.75,241.05,275.94,223.75,215.14,570.87,69.81,21.86,51.23,0,19.8,0.0,1238
validation,L4,360,6251,2,32,32,50,2,500,16.72,29.90,956.73,1883.56,560.66,656.90,828.99,190.44,200.96,231.49,190.44,212.29,323.37,71.09,21.56,50.88,0,23.6,0.0,1060
validation,L4,360,6251,2,32,32,50,3,500,16.64,30.04,961.34,1892.64,553.66,655.34,758.75,189.42,199.64,229.92,189.42,212.41,270.98,69.47,21.42,50.52,0,22.9,0.0,1096
validation,L4,360,6251,2,32,128,10,1,500,66.84,7.48,957.54,1189.44,322.96,356.79,393.81,109.73,117.64,119.37,109.73,105.35,134.74,83.61,21.27,51.02,0,42.0,0.0,3175
validation,L4,360,6251,2,32,128,10,2,500,66.84,7.48,957.52,1189.42,323.07,357.20,396.06,109.73,117.64,119.36,109.73,105.29,134.49,82.1,21.27,51.46,0,40.5,0.0,3291
validation,L4,360,6251,2,32,128,10,3,500,66.84,7.48,957.55,1189.46,322.78,357.73,395.59,109.73,117.64,119.37,109.73,105.29,134.68,83.15,21.27,51.59,0,41.8,0.0,3207
validation,L4,1620,6251,4,32,512,10,1,500,86.49,5.78,2959.73,3138.94,117.75,116.18,162.29,37.06,38.49,38.54,37.06,37.73,45.08,253.22,23.64,71.70,0,64.5,0.0,8231
validation,L4,1620,6251,4,32,512,10,2,500,86.12,5.81,2972.47,3152.45,114.16,113.80,157.72,36.86,38.29,38.33,36.86,37.70,43.48,254.13,23.98,72.64,0,63.7,0.0,8327
validation,L4,1620,6251,4,32,512,10,3,500,86.27,5.80,2967.29,3146.95,111.53,113.56,152.43,36.94,38.38,38.42,36.94,37.72,43.43,255.15,23.88,72.64,0,63.6,0.0,8348
validation,L4,1620,6251,4,128,512,10,1,500,94.09,5.31,2720.70,3395.56,129.22,129.68,181.23,40.91,42.65,42.74,40.91,40.79,59.36,259.79,23.84,73.08,0,63.1,0.0,8987
validation,L4,1620,6251,4,128,512,10,2,500,91.83,5.44,2787.69,3479.17,120.95,122.94,166.60,39.68,41.32,41.38,39.68,40.57,47.81,258.75,23.84,74.28,0,64.3,0.0,8827
validation,L4,1620,6251,4,128,512,10,3,500,91.88,5.44,2786.16,3477.26,118.01,122.39,163.71,39.71,41.36,41.41,39.71,40.70,46.37,258.38,23.89,72.70,0,64.3,0.0,8838
validation,L4,1620,6251,4,128,1024,1,1,500,521.08,0.96,982.57,1104.43,76.61,76.08,93.72,23.64,23.96,25.20,23.64,24.08,27.10,265.1,23.84,72.04,0,87.1,0.0,43153
validation,L4,1620,6251,4,128,1024,1,2,500,521.14,0.96,982.47,1104.32,84.05,83.53,101.38,23.93,24.28,25.50,23.93,24.25,34.22,265.01,23.74,72.32,0,86.3,0.0,43198
validation,L4,1620,6251,4,128,1024,1,3,500,521.07,0.96,982.59,1104.46,84.66,83.77,107.81,23.85,24.21,25.43,23.85,24.18,34.14,265.36,23.74,71.96,0,86.4,0.0,43215
validation,L4,1620,6251,4,1024,128,1,1,500,502.41,1.00,127.39,1145.48,167.59,161.90,290.24,20.13,19.74,27.52,20.13,17.71,120.33,243.1,23.74,71.52,0,79.9,0.0,40590
validation,L4,1620,6251,4,1024,128,1,2,500,502.41,1.00,127.39,1145.48,167.18,162.22,294.46,20.10,19.72,27.48,20.10,17.73,120.47,243.69,23.74,70.95,0,79.8,0.0,40544
validation,L4,1620,6251,4,1024,128,1,3,500,502.41,1.00,127.39,1145.47,166.56,161.79,297.36,20.11,19.70,27.56,20.11,17.71,120.52,243.71,23.74,71.18,0,80.0,0.0,40547
validation,L4,1620,6251,4,1024,1024,1,1,500,577.03,0.87,887.30,1773.74,208.04,195.07,300.75,33.83,34.43,34.61,33.83,31.35,134.90,278.13,23.74,73.13,0,77.5,0.0,47850
validation,L4,1620,6251,4,1024,1024,1,2,500,576.25,0.87,888.50,1776.13,204.95,194.99,299.90,33.78,34.39,34.51,33.78,31.29,134.95,278.22,23.69,74.22,0,77.7,0.0,47790
validation,L4,1620,6251,4,1024,1024,1,3,500,576.96,0.87,887.41,1773.95,208.13,195.08,299.89,33.82,34.41,34.54,33.82,31.34,135.05,277.96,23.74,73.04,0,77.5,0.0,47836
validation,L4,1200,6251,4,1024,32,1,1,500,500.60,1.00,31.96,1053.73,162.96,145.19,328.92,21.13,18.66,33.36,21.13,18.33,130.06,155.09,21.21,60.39,0,39.1,0.0,40474
validation,L4,1200,6251,4,1024,32,1,2,500,500.60,1.00,31.96,1053.73,51.66,40.73,76.89,18.25,18.24,18.92,18.25,18.08,22.55,145.12,21.21,55.86,0,41.2,0.0,40417
validation,L4,1200,6251,4,1024,32,1,3,500,500.60,1.00,31.96,1053.73,51.51,40.80,77.98,18.26,18.24,18.93,18.26,18.05,22.53,144.88,21.21,55.83,0,41.2,0.0,40467
validation,L4,1200,6251,4,1024,512,1,1,500,511.34,0.98,500.65,1500.97,201.53,192.83,365.27,27.82,27.38,35.19,27.82,24.21,137.57,222.33,21.21,61.25,0,77.0,0.0,41867
validation,L4,1200,6251,4,1024,512,1,2,500,511.34,0.98,500.64,1500.95,202.56,192.16,343.64,27.84,27.37,35.16,27.84,24.21,137.45,223.37,21.36,61.83,0,77.1,0.0,41886
validation,L4,1200,6251,4,1024,512,1,3,500,511.34,0.98,500.65,1500.97,202.41,191.96,343.68,27.86,27.40,35.20,27.86,24.21,137.49,223.68,21.41,61.78,0,76.8,0.0,41867
validation,L4,780,6251,4,32,512,10,1,500,116.69,4.28,2193.88,2326.72,152.26,161.33,182.15,51.77,53.58,53.77,51.77,52.13,63.68,177.49,20.34,52.28,0,48.2,0.0,10850
validation,L4,780,6251,4,32,512,10,2,500,116.62,4.29,2195.08,2327.98,151.44,160.90,179.88,51.69,53.62,53.70,51.69,52.05,63.09,177.43,20.33,52.26,0,48.3,0.0,10837
validation,L4,780,6251,4,32,512,10,3,500,116.69,4.29,2193.93,2326.76,151.53,161.28,181.11,51.72,53.65,53.73,51.72,52.07,63.11,176.77,20.29,52.47,0,48.2,0.0,10866
validation,L4,780,6251,4,32,1024,1,1,500,543.94,0.92,941.28,969.78,97.08,98.09,103.91,31.79,32.16,32.20,31.79,32.04,36.39,190.18,20.29,55.18,0,66.5,0.0,45127
validation,L4,780,6251,4,32,1024,1,2,500,543.96,0.92,941.25,969.75,96.79,97.87,105.39,31.79,32.16,32.20,31.79,32.03,36.32,190.21,20.34,55.58,0,66.4,0.0,45179
validation,L4,780,6251,4,32,1024,1,3,500,543.77,0.92,941.58,970.08,96.64,98.05,104.15,31.78,32.15,32.19,31.78,32.01,36.36,190.27,20.34,55.61,0,66.5,0.0,45149
validation,L4,780,6251,4,512,1024,1,1,500,658.86,0.76,777.10,1164.88,202.60,188.84,346.98,38.90,39.42,39.57,38.90,36.95,117.20,192.1,20.34,54.01,0,61.2,0.0,54380
validation,L4,780,6251,4,512,1024,1,2,500,658.69,0.76,777.30,1165.19,202.15,188.78,346.55,38.89,39.41,39.57,38.89,36.95,117.11,192.13,20.34,53.97,0,61.2,0.0,54294
validation,L4,780,6251,4,512,1024,1,3,500,658.83,0.76,777.13,1164.94,202.96,188.77,346.83,38.90,39.42,39.57,38.90,36.96,117.13,191.96,20.29,53.92,0,61.1,0.0,54371
validation,L4,570,6251,4,32,512,1,1,500,512.47,0.98,499.55,529.79,87.80,87.34,114.51,27.10,26.65,31.34,27.10,26.01,35.89,180.65,20.14,53.39,0,68.1,0.0,41876
validation,L4,570,6251,4,32,512,1,2,500,512.47,0.97,498.54,528.73,85.47,85.52,111.01,26.98,26.49,31.30,26.98,25.96,34.32,181.06,20.14,53.31,0,68.4,0.0,41818
validation,L4,570,6251,4,32,512,1,3,500,512.48,0.98,499.53,529.78,84.49,84.36,110.73,27.00,26.49,31.30,27.00,25.97,34.70,180.86,20.15,53.47,0,68.3,0.0,41894
validation,L4,570,6251,4,128,32,1,1,500,500.66,1.00,31.96,158.79,69.23,63.59,108.60,20.36,20.30,22.81,20.36,19.67,41.93,135.84,20.04,52.28,0,39.4,0.0,40272
validation,L4,570,6251,4,128,32,1,2,500,500.64,1.00,31.96,158.80,51.70,44.35,79.26,19.98,19.99,21.24,19.98,19.49,26.58,135.34,19.95,51.32,0,40.1,0.0,40214
validation,L4,570,6251,4,128,32,1,3,500,500.64,1.00,31.96,158.80,52.04,45.64,79.67,19.98,19.98,21.25,19.98,19.49,26.47,135.15,19.95,51.32,0,40.0,0.0,40261
validation,L4,570,6251,4,128,512,1,1,500,512.68,0.98,499.33,623.19,87.56,86.95,115.95,27.84,27.35,32.57,27.84,26.60,35.73,179.21,20.00,51.08,0,67.3,0.0,41905
validation,L4,570,6251,4,128,512,1,2,500,512.70,0.98,499.31,623.17,87.32,86.64,113.54,27.86,27.38,32.62,27.86,26.58,35.89,180.5,20.14,52.67,0,67.3,0.0,41967
validation,L4,570,6251,4,128,512,1,3,500,512.69,0.97,498.33,621.94,87.95,87.99,114.14,27.85,27.31,32.62,27.85,26.58,35.77,180.46,20.14,52.63,0,67.3,0.0,41933
validation,L4,570,6251,4,512,1024,1,1,500,777.70,0.64,658.35,986.89,241.05,232.15,426.45,46.22,46.65,47.34,46.22,44.15,147.87,175.29,20.14,51.28,0,51.8,0.0,63947
validation,L4,570,6251,4,512,1024,1,2,500,782.55,0.64,654.27,980.77,267.56,234.55,526.60,46.50,47.10,47.30,46.50,44.12,148.61,175.69,20.14,51.23,0,51.7,0.0,64315
validation,L4,570,6251,4,512,1024,1,3,500,782.54,0.64,654.28,980.78,267.67,234.81,525.82,46.50,47.10,47.30,46.50,44.13,148.64,175.74,20.14,51.07,0,51.8,0.0,64290
validation,L4,360,6251,4,32,32,10,1,500,50.93,9.82,314.18,618.54,102.34,100.14,149.54,32.34,31.35,42.04,32.34,29.28,60.60,149.39,19.95,45.49,0,47.1,0.0,4992
validation,L4,360,6251,4,32,32,10,2,500,50.93,9.82,314.14,618.46,98.89,97.16,136.59,31.08,30.73,39.00,31.08,29.05,46.70,151.78,19.95,45.21,0,49.8,0.0,4854
validation,L4,360,6251,4,32,32,10,3,500,50.93,9.82,314.15,618.48,97.36,96.00,136.09,31.09,30.72,38.98,31.09,29.19,47.94,150.96,19.95,44.98,0,49.7,0.0,4874
validation,L4,360,6251,4,128,128,1,1,500,503.27,0.99,127.17,253.34,97.46,94.73,155.99,26.52,26.33,30.90,26.52,25.72,61.97,167.6,19.85,49.69,0,63.9,0.0,40534
validation,L4,360,6251,4,128,128,1,2,500,503.29,0.99,127.16,253.34,82.23,83.64,104.81,26.06,26.02,30.02,26.06,25.57,33.55,168.57,19.95,49.48,0,64.7,0.0,40604
validation,L4,360,6251,4,128,128,1,3,500,503.27,0.99,127.17,253.34,82.15,83.27,104.77,26.06,26.01,30.02,26.06,25.56,33.54,168.51,19.95,49.54,0,64.7,0.0,40611
validation,L4,360,6251,4,512,128,1,1,500,503.75,0.99,127.05,634.24,234.39,219.29,430.85,33.62,32.59,46.10,33.62,28.15,163.03,160.13,19.95,47.54,0,53.6,0.0,40782
validation,L4,360,6251,4,512,128,1,2,500,503.53,0.99,127.10,634.52,89.66,90.50,117.45,28.27,27.95,33.40,28.27,27.96,35.53,164.85,19.95,48.09,0,61.2,0.0,40773
validation,L4,360,6251,4,512,128,1,3,500,503.53,0.99,127.10,634.52,90.35,91.13,118.32,28.27,27.94,33.41,28.27,27.88,35.74,164.87,19.95,47.74,0,61.1,0.0,40773
validation,L4,210,6251,4,32,32,1,1,500,501.23,1.00,31.92,62.85,97.33,105.82,143.25,36.97,37.28,40.76,36.97,37.27,49.75,136.29,19.76,47.24,0,36.0,0.0,40486
validation,L4,210,6251,4,32,32,1,2,500,501.23,1.00,31.92,62.85,98.21,107.55,142.37,36.96,37.28,40.76,36.96,37.26,49.91,135.7,19.75,46.69,0,36.0,0.0,40489
validation,L4,210,6251,4,32,32,1,3,500,501.23,1.00,31.92,62.85,97.42,106.61,142.42,36.96,37.28,40.75,36.96,37.26,49.86,135.68,19.75,46.60,0,36.0,0.0,40499
validation,L4,210,6251,4,32,128,1,1,500,505.15,0.99,126.69,157.38,123.78,123.36,160.14,41.76,41.06,47.02,41.76,40.62,55.29,144.69,19.75,46.77,0,42.7,0.0,41017
validation,L4,210,6251,4,32,128,1,2,500,505.15,0.99,126.69,157.38,124.88,124.50,160.29,41.75,41.05,47.01,41.75,40.62,55.68,144.91,19.75,46.84,0,42.7,0.0,41030
validation,L4,210,6251,4,32,128,1,3,500,505.15,0.99,126.69,157.38,126.10,126.07,160.02,41.75,41.06,47.01,41.75,40.62,55.32,144.87,19.75,47.14,0,42.6,0.0,41062
validation,L4,1620,6251,8,128,32,10,1,500,50.39,9.92,317.52,1577.65,58.61,56.05,91.74,12.65,12.45,16.60,12.65,10.73,36.67,393.92,22.88,58.94,0,58.7,0.0,9500
validation,L4,1620,6251,8,128,32,10,2,500,50.37,9.93,317.64,1578.26,42.00,42.17,54.24,10.97,10.93,12.35,10.97,10.69,17.05,402.31,23.29,60.42,0,65.3,0.0,9534
validation,L4,1620,6251,8,128,32,10,3,500,50.37,9.93,317.63,1578.24,41.97,42.11,55.21,10.96,10.91,12.33,10.96,10.65,18.79,405.22,23.53,60.77,0,65.3,0.0,9531
validation,L4,1620,6251,8,128,512,10,1,500,71.03,7.04,3604.29,4498.33,111.45,120.28,127.89,29.65,31.04,31.10,29.65,30.71,34.54,418.06,23.62,60.95,0,42.9,0.0,13792
validation,L4,1620,6251,8,128,512,10,2,500,72.66,6.88,3523.31,4397.25,113.36,121.11,140.45,30.38,31.10,33.23,30.38,31.05,38.13,416.53,23.62,61.14,0,42.2,0.0,13980
validation,L4,1620,6251,8,128,512,10,3,500,71.00,7.04,3605.70,4500.08,111.71,120.80,128.96,29.63,31.02,31.10,29.63,30.66,36.28,418.2,23.58,61.68,0,42.7,0.0,13863
validation,L4,1620,6251,8,1024,128,1,1,500,501.55,1.00,127.60,1147.45,112.00,109.96,186.76,12.37,12.14,15.54,12.38,11.39,81.31,393.95,23.53,62.22,0,54.2,0.0,81041
validation,L4,1620,6251,8,1024,128,1,2,500,501.49,1.00,127.62,1147.58,46.12,47.54,64.89,11.39,11.41,11.79,11.39,11.36,14.10,389.42,23.57,62.33,0,57.1,0.0,81296
validation,L4,1620,6251,8,1024,128,1,3,500,501.48,1.00,127.62,1147.60,46.35,47.77,64.20,11.39,11.41,11.79,11.39,11.35,14.19,389.46,23.62,61.82,0,57.1,0.0,81345
validation,L4,1620,6251,8,2048,32,1,1,500,500.50,1.00,31.97,2076.93,127.51,117.74,223.22,13.60,12.28,20.56,13.60,12.15,94.03,291.82,23.34,58.75,0,22.4,0.0,81594
validation,L4,1620,6251,8,2048,32,1,2,500,500.42,1.00,31.97,2077.26,45.14,41.18,67.35,12.16,12.06,12.72,12.17,12.09,15.23,276.76,23.28,57.03,0,23.3,0.0,81643
validation,L4,1620,6251,8,2048,32,1,3,500,500.42,1.00,31.97,2077.26,44.56,40.92,62.96,12.18,12.08,12.73,12.18,12.06,15.20,276.23,23.29,56.62,0,23.4,0.0,81562
validation,L4,1620,6251,8,2048,128,1,1,500,501.64,1.00,127.58,2167.91,54.96,55.68,73.82,12.48,12.51,12.88,12.48,12.45,15.40,384.44,23.24,62.87,0,55.0,0.0,81715
validation,L4,1620,6251,8,2048,128,1,2,500,501.63,1.00,127.58,2167.92,53.89,55.23,71.90,12.48,12.51,12.87,12.48,12.45,15.36,386.19,23.57,62.81,0,55.0,0.0,81708
validation,L4,1620,6251,8,2048,128,1,3,500,501.63,1.00,127.58,2167.91,53.46,54.50,70.38,12.48,12.52,12.90,12.48,12.46,15.09,386.97,23.62,63.29,0,55.0,0.0,81746
validation,L4,780,6251,8,32,512,10,1,500,99.35,5.03,2576.79,2732.80,127.10,134.48,174.22,43.47,45.39,45.45,43.47,44.67,50.56,283.81,20.28,46.08,0,29.3,0.0,18589
validation,L4,780,6251,8,32,512,10,2,500,99.44,5.03,2574.43,2730.31,126.34,134.01,149.79,43.52,45.42,45.47,43.52,44.76,49.78,282.05,20.24,44.61,0,29.5,0.0,18479
validation,L4,780,6251,8,32,512,10,3,500,99.41,5.03,2575.22,2731.15,126.59,134.24,147.62,43.50,45.41,45.45,43.50,44.75,49.94,280.35,20.14,44.63,0,29.3,0.0,18572
validation,L4,780,6251,8,2048,128,1,1,500,502.49,1.00,127.37,2164.22,345.05,302.21,769.79,24.17,22.88,42.28,24.17,17.34,254.55,297.58,20.14,45.04,0,39.2,0.0,81741
validation,L4,780,6251,8,2048,128,1,2,500,502.23,1.00,127.43,2165.33,66.88,68.90,85.09,17.19,17.29,18.21,17.19,17.19,21.42,291.09,20.14,44.08,0,45.5,0.0,81650
validation,L4,780,6251,8,2048,128,1,3,500,502.23,1.00,127.43,2165.34,67.00,69.16,83.89,17.19,17.28,18.19,17.19,17.22,21.36,290.98,20.14,44.25,0,45.5,0.0,81620
validation,L4,570,6251,8,32,32,50,1,500,10.79,46.33,1482.54,2918.75,134.63,137.26,181.29,43.23,45.52,48.85,43.23,45.35,60.11,212.31,20.04,39.35,0,13.2,0.0,3613
validation,L4,570,6251,8,32,32,50,2,500,10.80,46.29,1481.22,2916.16,136.75,139.01,177.98,43.29,45.43,49.09,43.29,45.31,59.09,218.03,19.95,40.44,0,15.1,0.0,3151
validation,L4,570,6251,8,32,32,50,3,500,10.80,46.30,1481.60,2916.91,135.36,138.36,177.45,43.39,45.73,49.21,43.39,45.35,57.35,217.89,19.95,38.70,0,15.4,0.0,3118
validation,L4,570,6251,8,128,128,10,1,500,52.41,9.54,1221.09,2432.64,86.17,85.29,117.84,25.77,26.16,30.22,25.77,26.04,39.08,270.63,19.95,40.82,0,33.9,0.0,10083
validation,L4,570,6251,8,128,128,10,2,500,52.41,9.54,1221.22,2432.91,85.41,84.54,118.42,25.70,26.13,30.19,25.70,26.03,38.70,269.13,19.95,41.12,0,33.4,0.0,10276
validation,L4,570,6251,8,128,128,10,3,500,52.41,9.54,1221.17,2432.79,86.31,85.17,118.32,25.69,26.13,30.19,25.69,26.04,38.59,269,19.95,40.85,0,33.2,0.0,10303
validation,L4,570,6251,8,512,128,1,1,500,502.06,1.00,127.47,636.38,73.72,60.80,174.21,16.25,16.12,19.64,16.25,15.93,21.39,286.88,20.00,42.77,0,46.1,0.0,80847
validation,L4,570,6251,8,512,128,1,2,500,502.06,1.00,127.47,636.37,56.10,58.06,72.75,15.88,16.00,16.95,15.88,15.91,20.98,287.8,20.04,42.82,0,46.8,0.0,81050
validation,L4,570,6251,8,512,128,1,3,500,502.06,1.00,127.47,636.38,56.35,58.26,72.83,15.88,15.99,16.99,15.88,15.91,21.00,287.73,20.04,42.80,0,46.8,0.0,81097
validation,L4,570,6251,8,512,1024,1,1,500,524.18,0.95,976.76,1464.18,92.00,91.89,111.52,29.71,30.44,30.62,29.71,30.06,33.80,297.94,20.04,42.29,0,38.8,0.0,87132
validation,L4,570,6251,8,512,1024,1,2,500,524.23,0.95,976.67,1464.06,92.06,91.97,111.57,29.75,30.45,30.63,29.75,30.10,33.98,298.04,20.04,42.46,0,38.7,0.0,87249
validation,L4,570,6251,8,512,1024,1,3,500,524.19,0.95,976.75,1464.17,92.63,92.26,122.31,29.71,30.41,30.69,29.71,30.06,34.15,298.14,20.04,42.47,0,38.8,0.0,87227
validation,L4,570,6251,8,1024,32,1,1,500,500.63,1.00,31.96,1053.67,137.33,125.43,247.62,18.79,16.99,29.09,18.79,16.69,107.97,224.8,19.91,40.52,0,19.9,0.0,81039
validation,L4,570,6251,8,1024,32,1,2,500,500.55,1.00,31.96,1053.83,49.96,40.53,74.87,16.74,16.67,17.83,16.74,16.56,22.39,221.99,19.90,39.98,0,21.7,0.0,80843
validation,L4,570,6251,8,1024,32,1,3,500,500.55,1.00,31.96,1053.83,49.33,40.33,73.66,16.74,16.66,17.80,16.74,16.57,22.06,221.95,19.90,40.23,0,21.7,0.0,80971
validation,L4,360,6251,8,32,32,50,1,500,11.94,41.87,1339.83,2637.79,276.00,286.72,397.17,94.07,98.64,111.36,94.07,96.29,130.45,198.76,19.80,35.85,0,8.0,0.0,3794
validation,L4,360,6251,8,32,32,50,2,500,11.93,41.91,1341.25,2640.58,274.20,285.49,396.48,93.94,98.86,110.49,93.94,97.82,140.12,203.41,19.75,34.85,0,9.2,0.0,3375
validation,L4,360,6251,8,32,32,50,3,500,11.93,41.92,1341.41,2640.90,272.36,281.72,394.99,93.86,98.06,110.76,93.86,98.58,144.69,201.68,19.75,34.58,0,8.9,0.0,3463
validation,L4,360,6251,8,32,128,10,1,500,54.25,9.22,1179.75,1465.47,170.45,175.27,242.27,56.63,59.91,68.32,56.63,57.52,79.76,227.35,19.71,36.61,0,17.6,0.0,10607
validation,L4,360,6251,8,32,128,10,2,500,54.22,9.22,1180.40,1466.27,170.35,175.26,240.47,56.37,59.48,67.70,56.37,57.18,75.12,227.17,19.80,36.70,0,17.5,0.0,10688
validation,L4,360,6251,8,32,128,10,3,500,54.27,9.21,1179.30,1464.91,170.50,174.56,238.94,56.68,60.03,68.15,56.68,57.67,80.34,228.57,19.80,36.81,0,17.9,0.0,10428
validation,L4,360,6251,8,128,128,10,1,500,54.76,9.13,1168.79,2328.46,189.48,197.35,262.61,63.73,68.32,75.37,63.73,69.97,87.10,225.62,19.80,36.40,0,16.8,0.0,10858
validation,L4,360,6251,8,128,128,10,2,500,54.76,9.13,1168.82,2328.50,187.94,195.66,265.30,63.68,68.19,75.39,63.68,69.76,87.10,226.32,19.80,36.70,0,17.0,0.0,10729
validation,L4,360,6251,8,128,128,10,3,500,54.76,9.13,1168.76,2328.39,178.04,183.43,246.44,63.57,68.21,75.34,63.57,69.82,86.76,226.91,19.80,36.75,0,17.2,0.0,10598
validation,L4,210,6251,8,128,32,10,1,500,51.16,9.77,312.76,1554.05,133.63,131.68,191.64,44.25,43.63,55.87,44.25,46.15,67.52,223.14,19.70,32.07,0,18.4,0.0,9768
validation,L4,210,6251,8,128,32,10,2,500,51.16,9.77,312.77,1554.09,135.98,133.44,200.21,44.43,44.03,56.01,44.43,45.95,78.83,221.55,19.66,32.47,0,17.9,0.0,9995
validation,L4,210,6251,8,128,32,10,3,500,51.16,9.77,312.77,1554.08,135.19,132.82,193.05,44.34,43.74,56.03,44.34,45.94,68.77,223.27,19.70,32.98,0,18.4,0.0,9763
step2a,L4,2040,6251,1,3072,32,1,1,500,526.34,0.95,30.40,2947.69,6004.63,6336.03,7699.37,440.92,464.98,483.80,440.92,634.17,655.54,68.89,28.45,75.21,38967.5,93.3,49.0,10349
step2a,L4,2040,6251,1,3072,32,1,2,500,529.06,0.95,30.24,2932.55,6066.97,6356.53,7639.17,444.15,465.87,484.39,444.15,637.91,660.99,69.74,30.51,74.52,38926.4,95.3,49.9,10207
step2a,L4,2040,6251,1,3072,32,1,3,500,529.45,0.94,30.22,2930.38,6067.28,6357.67,7657.10,444.63,466.02,485.29,444.63,638.06,662.11,69.58,31.21,74.21,39076.1,94.7,49.3,10277
step2a,L4,2040,6251,1,3072,32,10,1,500,517.84,0.97,30.90,2996.07,6574.34,6401.27,11662.17,451.73,464.50,482.98,451.73,634.72,653.53,64.11,29.77,74.81,40819.2,81.7,42.1,11696
step2a,L4,2040,6251,1,3072,32,10,2,500,520.50,0.96,30.74,2980.77,6616.98,6420.68,12341.40,453.78,465.07,483.70,453.78,637.91,659.21,69.91,30.80,75.09,38332.8,95.7,49.2,10034
step2a,L4,2040,6251,1,3072,32,10,3,500,520.31,0.96,30.75,2981.88,6611.16,6424.36,12091.18,453.71,465.08,483.50,453.71,638.14,659.76,69.72,31.31,73.22,38382.1,95.2,48.9,10079
step2a,L4,2040,6251,1,3072,32,50,1,500,519.91,0.96,30.77,2984.16,6642.86,6401.88,13337.76,453.38,465.00,483.45,453.38,638.10,659.50,69.85,31.34,74.91,38295.4,95.6,49.2,10042
step2a,L4,2040,6251,1,3072,32,50,2,500,519.91,0.96,30.77,2984.19,6642.22,6405.05,13329.16,453.38,464.97,483.34,453.38,638.05,657.28,69.64,30.90,73.31,38375.1,95.1,49.0,10067
step2a,L4,2040,6251,1,3072,32,50,3,500,520.45,0.96,30.74,2981.05,6653.44,6430.22,13593.97,453.74,465.05,483.99,453.74,638.29,659.71,69.6,31.01,73.63,38450.2,95.0,48.8,10107
step2a,L4,2040,6251,1,3072,128,1,1,500,837.37,0.60,76.43,1910.15,9247.93,9335.51,13080.30,184.68,186.71,191.89,184.68,96.40,654.26,70.35,30.95,73.52,61711.1,96.6,67.4,15859
step2a,L4,2040,6251,1,3072,128,1,2,500,837.62,0.60,76.41,1909.59,9284.68,9446.78,13170.24,184.47,186.61,191.94,184.47,96.41,654.49,70.68,31.24,75.01,61548.8,97.3,67.7,15762
step2a,L4,2040,6251,1,3072,128,1,3,500,838.31,0.60,76.34,1908.00,9285.16,9442.65,13077.27,184.67,186.86,191.91,184.67,96.62,654.10,70.62,31.19,73.78,61609.6,97.2,67.8,15784
step2a,L4,2040,6251,1,3072,128,10,1,500,839.07,0.60,76.28,1906.28,10168.07,7036.75,17467.58,181.44,182.14,190.76,181.44,96.64,643.78,70.39,30.71,73.26,61770.4,96.9,67.2,15887
step2a,L4,2040,6251,1,3072,128,10,2,500,839.00,0.60,76.28,1906.43,10167.45,7036.73,17479.10,181.42,182.14,190.76,181.42,96.62,644.25,70.46,30.95,73.69,61732.6,97.0,67.3,15887
step2a,L4,2040,6251,1,3072,128,10,3,500,839.37,0.60,76.25,1905.60,10171.65,7036.92,17500.71,181.51,182.15,190.81,181.51,96.67,644.31,70.4,30.95,74.46,61795.3,96.9,67.2,15913
step2a,L4,2040,6251,1,3072,128,50,1,500,838.96,0.60,76.29,1906.53,10199.13,7036.74,17462.58,181.46,182.15,190.79,181.46,96.68,643.84,70.43,31.06,74.52,61755,97.0,67.3,15893
step2a,L4,2040,6251,1,3072,128,50,2,500,839.62,0.60,76.22,1905.02,10208.54,7037.44,17535.92,181.59,182.15,190.83,181.59,96.66,648.68,70.56,31.07,73.48,61789.1,97.2,67.4,15894
step2a,L4,2040,6251,1,3072,128,50,3,500,839.17,0.60,76.27,1906.04,10201.99,7036.82,17577.35,181.50,182.15,190.81,181.50,96.67,644.59,70.38,31.15,73.90,61817.1,96.8,67.1,15925
step2a,L4,2040,6251,1,3072,512,1,1,500,2226.03,0.22,115.00,804.80,24876.24,10540.63,57223.64,121.66,118.16,177.70,121.66,96.53,643.50,71.44,31.05,73.12,163407,98.9,86.3,41019
step2a,L4,2040,6251,1,3072,512,1,2,500,2226.32,0.22,114.99,804.69,24966.64,10496.08,57301.98,121.53,118.16,178.64,121.53,96.56,643.00,71.36,30.90,74.08,163545,98.7,86.2,41109
step2a,L4,2040,6251,1,3072,512,1,3,500,2229.28,0.22,114.84,803.62,24905.60,10646.82,57180.57,121.85,118.37,178.11,121.85,96.69,643.95,71.34,30.87,73.76,163846,98.6,86.1,41151
step2a,L4,2040,6251,1,3072,512,10,1,500,2222.24,0.22,115.20,806.17,25885.29,8952.93,57743.33,120.34,116.92,179.35,120.34,96.59,642.50,71.21,30.89,73.49,163579,98.3,85.9,41214
step2a,L4,2040,6251,1,3072,512,10,2,500,2222.36,0.22,115.19,806.12,25889.46,8953.32,57821.14,120.34,116.94,179.31,120.34,96.57,642.62,71.48,31.04,74.28,163163,99.0,86.4,40937
step2a,L4,2040,6251,1,3072,512,10,3,500,2217.94,0.23,115.42,807.73,25840.47,8952.90,57634.41,120.09,116.71,178.93,120.09,96.30,642.47,71.5,31.44,75.94,162738,99.1,86.5,40823
step2a,L4,2040,6251,1,3072,512,50,1,500,2217.37,0.23,115.45,807.94,25872.88,8952.99,57635.05,120.06,116.63,178.87,120.06,96.29,642.23,71.14,30.61,73.31,163305,98.2,85.7,41171
step2a,L4,2040,6251,1,3072,512,50,2,500,2217.85,0.23,115.43,807.77,25880.09,8952.73,57633.99,120.08,116.68,178.93,120.08,96.30,642.42,71.47,31.14,73.19,162770,99.0,86.4,40839
step2a,L4,2040,6251,1,3072,512,50,3,500,2218.34,0.23,115.40,807.58,25888.75,8952.65,57658.06,120.11,116.68,178.94,120.11,96.32,642.41,71.43,30.90,73.35,162896,98.9,86.3,40881
step2a,L4,2040,6251,1,3072,1024,1,1,500,4295.93,0.12,119.18,476.61,50985.88,18552.07,110958.25,116.10,107.79,192.50,116.10,96.65,640.26,71.73,31.10,73.60,314822,99.5,91.9,78456
step2a,L4,2040,6251,1,3072,1024,1,2,500,4296.53,0.12,119.17,476.55,50958.57,18907.67,111001.78,116.15,107.69,192.56,116.15,96.66,640.19,71.68,31.00,73.56,315007,99.4,91.8,78505
step2a,L4,2040,6251,1,3072,1024,1,3,500,4295.60,0.12,119.19,476.65,50983.49,18465.24,110906.10,116.09,107.76,192.54,116.09,96.63,640.33,71.69,31.00,73.66,314911,99.4,91.9,78530
step2a,L4,2040,6251,1,3072,1024,10,1,500,4296.85,0.12,119.16,476.51,51417.51,18981.83,111232.21,116.09,107.68,192.76,116.09,96.63,640.10,71.66,30.95,73.29,315183,99.3,91.7,78598
step2a,L4,2040,6251,1,3072,1024,10,2,500,4296.09,0.12,119.18,476.60,51397.09,18982.42,111250.56,116.08,107.66,192.99,116.38,96.63,640.12,71.66,31.00,74.02,315061,99.4,91.8,78459
step2a,L4,2040,6251,1,3072,1024,10,3,500,4296.49,0.12,119.17,476.55,51401.55,18975.88,111228.00,116.09,107.68,192.95,116.09,96.64,640.08,71.71,31.20,73.28,314930,99.5,91.9,78483
step2a,L4,2040,6251,1,3072,1024,50,1,500,4295.01,0.12,119.21,476.72,51356.03,18717.65,111122.76,116.12,107.73,192.79,116.12,96.63,640.19,71.67,30.80,74.55,315002,99.4,91.8,78553
step2a,L4,2040,6251,1,3072,1024,50,2,500,4295.28,0.12,119.20,476.69,51356.64,18723.96,111126.49,116.13,107.74,192.82,116.13,96.63,640.51,71.65,31.01,73.51,315062,99.3,91.7,78584
step2a,L4,2040,6251,1,3072,1024,50,3,500,4296.12,0.12,119.18,476.59,51364.49,18748.37,111183.62,116.15,107.73,192.90,116.15,96.66,640.02,71.67,30.85,74.04,315037,99.4,91.8,78544
step2a,L4,2040,6251,1,4096,32,1,1,500,702.45,0.71,22.78,2937.57,6635.74,6814.56,7793.71,452.34,453.77,475.68,452.34,638.78,678.53,70.31,31.10,73.81,51623.2,96.2,49.3,13427
step2a,L4,2040,6251,1,4096,32,1,2,500,703.91,0.71,22.73,2931.49,6658.60,6824.75,7895.80,452.95,454.75,476.51,452.95,639.02,679.69,70.51,31.10,73.53,51634.5,96.6,49.4,13368
step2a,L4,2040,6251,1,4096,32,1,3,500,701.50,0.71,22.81,2941.56,6623.94,6837.07,7960.03,451.51,452.65,475.69,451.51,638.38,679.82,70.24,30.61,73.52,51565.4,96.1,49.3,13392
step2a,L4,2040,6251,1,4096,32,10,1,500,698.71,0.72,22.90,2953.30,6911.33,6697.25,10860.46,450.21,451.39,474.73,450.21,638.08,680.11,70.25,31.03,73.67,51415.5,96.1,49.2,13350
step2a,L4,2040,6251,1,4096,32,10,2,500,698.27,0.72,22.91,2955.15,6907.09,6699.26,10880.84,449.93,451.30,474.03,449.93,637.65,674.69,70.16,31.06,73.21,51423.9,96.0,49.2,13389
step2a,L4,2040,6251,1,4096,32,10,3,500,698.43,0.72,22.91,2954.48,6909.79,6698.47,10942.17,449.99,450.75,477.47,449.99,637.68,680.97,70.55,31.05,74.81,51216.8,96.9,49.7,13245
step2a,L4,2040,6251,1,4096,32,50,1,500,697.09,0.72,22.95,2960.15,6954.02,6721.77,11899.01,447.95,449.66,474.87,447.95,637.17,673.85,70.33,30.61,73.25,51215.1,96.5,49.5,13284
step2a,L4,2040,6251,1,4096,32,50,2,500,697.23,0.72,22.95,2959.56,6952.98,6677.33,11706.07,448.12,449.61,475.06,448.12,637.05,674.94,70.12,30.87,73.81,51384.7,95.8,49.2,13384
step2a,L4,2040,6251,1,4096,32,50,3,500,697.34,0.72,22.94,2959.12,6955.31,6695.37,11879.08,448.13,449.63,476.47,448.13,637.15,675.12,70.09,30.82,73.17,51394.3,95.8,49.1,13373
step2a,L4,2040,6251,1,4096,128,1,1,500,1131.79,0.44,56.55,1865.62,10044.34,7626.13,16793.43,184.46,185.33,190.02,184.46,97.48,666.91,70.82,30.53,73.81,83034,97.4,67.7,21235
step2a,L4,2040,6251,1,4096,128,1,2,500,1131.00,0.44,56.59,1866.93,10037.29,7576.69,16773.44,184.33,185.26,189.64,184.33,97.44,664.97,70.86,31.24,73.62,82932.6,97.6,67.9,21193
step2a,L4,2040,6251,1,4096,128,1,3,500,1130.14,0.44,56.63,1868.35,10028.98,7599.00,16727.28,184.19,185.41,189.51,184.19,97.39,665.04,70.8,30.53,74.17,82871.9,97.5,67.9,21177
step2a,L4,2040,6251,1,4096,128,10,1,500,1133.12,0.44,56.48,1863.43,10383.51,7198.30,17590.19,184.07,184.71,189.71,184.07,97.52,673.63,70.91,30.66,73.78,83132.1,97.6,67.7,21254
step2a,L4,2040,6251,1,4096,128,10,2,500,1133.66,0.44,56.45,1862.56,10391.46,7193.76,17648.04,184.12,184.70,189.75,184.12,97.55,674.64,70.91,30.95,74.06,83223.8,97.5,67.6,21278
step2a,L4,2040,6251,1,4096,128,10,3,200,457.73,0.44,55.93,1845.18,10435.66,7123.82,24760.20,182.15,184.66,190.69,182.15,97.72,675.13,69.85,29.95,73.36,34523.1,95.1,66.4,8949
step2a,L4,2040,6251,1,4096,128,50,1,200,456.72,0.44,56.05,1849.28,10480.30,7055.89,26079.98,181.64,184.04,189.39,181.64,97.76,664.53,69.96,30.99,74.94,34454.7,95.3,66.6,8927
step2a,L4,2040,6251,1,4096,128,50,2,200,458.11,0.44,55.88,1843.66,10518.79,7058.49,26258.72,182.16,184.78,191.15,182.16,97.81,679.77,69.97,31.10,73.24,34568.4,95.2,66.4,8953
step2a,L4,2040,6251,1,4096,128,50,3,200,458.14,0.44,55.88,1843.55,10515.39,7088.48,26096.42,182.20,184.71,190.56,182.20,97.82,677.20,70.03,31.10,74.11,34558.2,95.3,66.4,8944
step2a,L4,2040,6251,1,4096,512,1,1,200,1175.53,0.17,87.11,783.82,23075.71,7329.25,54925.19,120.69,121.67,123.43,120.69,97.54,656.68,71.08,31.24,73.38,88581.4,97.9,85.2,22341
step2a,L4,2040,6251,1,4096,512,1,2,200,1175.77,0.17,87.09,783.65,23083.23,7256.34,54927.68,120.71,121.59,122.83,120.71,97.52,658.72,71.09,31.10,73.44,88602.8,97.9,85.2,22370
step2a,L4,2040,6251,1,4096,512,1,3,200,1176.18,0.17,87.06,783.39,23088.91,7344.49,54917.37,120.76,121.69,123.08,120.76,97.58,657.73,71.11,30.90,74.14,88633.9,98.0,85.3,22377
step2a,L4,2040,6251,1,4096,512,10,1,200,1172.54,0.17,87.33,785.82,23660.24,6461.17,63121.49,120.29,120.98,122.58,120.29,97.47,652.43,71.17,31.05,73.77,88367.6,98.1,85.4,22284
step2a,L4,2040,6251,1,4096,512,10,2,200,1174.88,0.17,87.16,784.25,23711.72,6497.31,63085.95,120.53,121.42,122.82,120.53,97.57,658.88,71.15,30.95,74.04,88564.5,98.0,85.2,22347
step2a,L4,2040,6251,1,4096,512,10,3,200,1174.77,0.17,87.17,784.33,23711.92,6474.56,63284.74,120.51,121.21,122.80,120.51,97.56,659.77,71.23,31.14,73.36,88506.5,98.2,85.3,22300
step2a,L4,2040,6251,1,4096,512,50,1,200,1175.43,0.17,87.12,783.89,23778.47,6512.04,64476.52,120.59,121.39,122.92,120.59,97.60,661.24,71.37,31.20,73.17,88438.5,98.5,85.6,22227
step2a,L4,2040,6251,1,4096,512,50,2,200,1173.66,0.17,87.25,785.07,23736.24,6500.64,64236.59,120.41,121.25,122.80,120.41,97.50,657.21,71.11,31.00,73.56,88520.6,97.9,85.1,22341
step2a,L4,2040,6251,1,4096,512,50,3,200,1172.88,0.17,87.31,785.59,23717.79,6445.95,64436.22,120.33,121.13,122.43,120.33,97.53,651.89,71.13,30.86,73.40,88434.7,98.0,85.3,22324
step2a,L4,2040,6251,1,4096,1024,1,1,200,2139.77,0.09,95.71,478.46,41166.74,7161.12,106667.72,110.62,111.26,112.10,110.62,97.54,654.90,71.53,31.00,74.27,161193,98.9,90.7,40333
step2a,L4,2040,6251,1,4096,1024,1,2,200,2137.18,0.09,95.83,479.04,41112.86,7244.51,106371.72,110.49,111.10,111.72,110.49,97.44,647.95,71.51,31.34,73.90,161005,98.9,90.8,40307
step2a,L4,2040,6251,1,4096,1024,1,3,200,2136.97,0.09,95.84,479.09,41105.22,7314.16,106250.10,110.48,111.00,111.77,110.48,97.46,646.34,71.39,31.00,73.52,161182,98.6,90.5,40406
step2a,L4,2040,6251,1,4096,1024,10,1,200,2135.65,0.09,95.90,479.39,41730.85,6399.60,115085.50,110.36,110.91,111.65,110.36,97.49,643.99,71.51,31.20,73.35,160948,98.9,90.8,40276
step2a,L4,2040,6251,1,4096,1024,10,2,200,2135.78,0.09,95.89,479.36,41735.23,6524.50,115161.65,110.37,110.91,111.69,110.37,97.47,650.22,71.52,31.00,75.39,160934,98.9,90.8,40256
step2a,L4,2040,6251,1,4096,1024,10,3,200,2137.67,0.09,95.81,478.93,41778.80,6476.64,115543.45,110.47,110.93,111.96,110.47,97.53,651.60,71.62,31.29,73.22,160914,99.2,91.0,40183
step2a,L4,2040,6251,1,4096,1024,50,1,200,2134.18,0.09,95.96,479.72,41746.90,6398.60,116293.92,110.29,110.82,111.61,110.29,97.45,643.97,71.51,31.23,73.71,160811,99.0,90.8,40234
step2a,L4,2040,6251,1,4096,1024,50,2,200,2135.50,0.09,95.90,479.42,41776.54,6399.54,116357.66,110.36,110.85,111.75,110.36,97.50,644.30,71.48,30.90,73.34,160963,98.9,90.7,40278
step2a,L4,2040,6251,1,4096,1024,50,3,200,2136.22,0.09,95.87,479.26,41793.27,6424.53,116499.51,110.40,110.91,111.95,110.40,97.52,644.71,71.51,31.10,73.41,160990,98.9,90.8,40278
step2a,L4,2040,6251,1,5120,32,1,1,200,344.02,0.58,18.60,2994.62,3525.74,3400.89,5740.10,534.39,547.68,574.35,534.39,646.91,698.48,69.26,31.00,73.50,25794.2,93.2,45.7,6836
step2a,L4,2040,6251,1,5120,32,1,2,200,343.06,0.58,18.66,3003.01,3522.78,3383.32,6002.48,532.64,545.28,569.03,532.64,644.39,695.60,69.18,31.00,73.91,25753.2,93.0,45.6,6831
step2a,L4,2040,6251,1,5120,32,1,3,200,345.11,0.58,18.54,2985.15,4332.70,3780.66,16529.74,509.20,541.64,574.23,515.52,641.91,694.64,69.08,31.07,73.71,25822.6,93.1,45.7,6656
step2a,L4,2040,6251,1,5120,32,10,1,200,340.26,0.59,18.81,3027.68,4047.67,3438.74,13578.71,522.93,541.31,567.20,531.77,642.45,691.84,69.08,30.80,73.88,25570.7,93.0,45.6,6620
step2a,L4,2040,6251,1,5120,32,10,2,200,341.65,0.59,18.73,3015.34,3751.42,3416.70,13559.52,536.29,546.89,579.15,536.29,646.03,697.04,69.3,30.71,74.87,25668.3,93.3,45.8,6800
step2a,L4,2040,6251,1,5120,32,10,3,200,340.73,0.59,18.78,3023.50,3743.92,3393.45,13595.51,534.75,546.57,570.76,534.75,644.27,696.27,69.15,30.90,74.96,25609.2,93.1,45.6,6782
step2a,L4,2040,6251,1,5120,32,50,1,200,341.40,0.59,18.75,3017.59,3758.66,3406.40,14357.93,536.68,546.24,571.49,536.68,646.21,695.98,69.26,30.80,74.82,25662,93.2,45.6,6800
step2a,L4,2040,6251,1,5120,32,50,2,200,340.28,0.59,18.81,3027.54,3748.95,3369.07,14408.28,534.82,544.33,572.90,534.82,645.19,692.84,69.73,31.00,74.48,25443.1,94.4,46.3,6691
step2a,L4,2040,6251,1,5120,32,50,3,200,341.93,0.58,18.72,3012.89,3771.51,3402.48,14590.62,537.30,548.28,574.46,537.30,646.04,698.68,70.13,31.32,73.41,25487.8,95.2,46.5,6669
step2a,L4,2040,6251,1,5120,128,1,1,200,520.78,0.38,49.16,2015.04,4411.50,3415.44,11639.43,204.76,207.86,214.25,204.76,97.63,681.46,70.12,30.90,73.77,39132.6,95.3,62.9,10145
step2a,L4,2040,6251,1,5120,128,1,2,200,521.71,0.38,49.07,2011.46,4425.43,3438.66,11621.91,205.09,208.26,214.26,205.09,97.65,682.57,70.19,31.00,73.69,39181.8,95.5,62.9,10142
step2a,L4,2040,6251,1,5120,128,1,3,200,520.68,0.38,49.17,2015.44,4415.96,3437.90,11634.72,204.67,207.35,214.60,204.67,97.63,680.67,70.08,30.95,73.48,39131.7,95.3,62.9,10140
step2a,L4,2040,6251,1,5120,128,10,1,200,516.99,0.39,49.52,2029.82,4680.42,3855.15,13638.20,203.93,206.44,213.86,203.93,97.71,681.08,70.11,30.61,73.70,38870.1,95.5,63.1,10067
step2a,L4,2040,6251,1,5120,128,10,2,200,516.90,0.39,49.53,2030.20,4683.86,3871.40,13643.66,203.83,206.55,213.64,203.83,97.71,678.55,70.13,31.10,73.79,38881.9,95.4,63.0,10075
step2a,L4,2040,6251,1,5120,128,10,3,200,517.08,0.39,49.51,2029.46,4680.88,3852.63,13645.28,203.97,206.42,214.64,203.97,97.83,680.11,70.52,30.99,74.00,38722.1,96.4,63.7,9960
step2a,L4,2040,6251,1,5120,128,50,1,200,517.32,0.39,49.49,2028.51,4722.55,3874.86,14441.89,203.98,206.58,213.58,203.98,97.69,680.47,70.14,31.00,73.45,39056.6,95.5,63.0,10071
step2a,L4,2040,6251,1,5120,128,50,2,200,516.44,0.39,49.57,2032.00,4713.39,3873.05,14451.16,203.63,206.44,211.63,203.63,97.66,678.29,70.12,30.90,73.98,38842.2,95.4,63.1,10039
step2a,L4,2040,6251,1,5120,128,50,3,200,517.21,0.39,49.50,2028.95,4719.69,3871.84,14409.89,203.95,206.42,213.68,203.95,97.68,681.22,70.15,30.76,74.65,38910.1,95.5,63.1,10085
step2a,L4,2040,6251,1,5120,512,1,1,200,1237.29,0.16,82.76,910.21,7815.06,3872.31,50403.28,125.89,126.70,128.79,125.89,97.46,663.19,71.15,31.07,73.96,93092.3,98.0,82.8,23504
step2a,L4,2040,6251,1,5120,512,1,2,200,1236.27,0.16,82.83,910.97,7779.20,3613.67,50421.93,125.87,126.58,129.34,125.87,97.52,662.61,71.35,31.10,73.81,92827.7,98.5,83.2,23386
step2a,L4,2040,6251,1,5120,512,1,3,200,1237.00,0.16,82.78,910.43,7786.15,3619.83,50462.23,125.94,126.78,129.66,125.94,97.51,664.89,71.14,30.90,73.62,93099,97.9,82.8,23521
step2a,L4,2040,6251,1,5120,512,10,1,200,1235.91,0.16,82.85,911.23,8159.00,3862.90,52131.62,125.79,126.58,128.36,125.79,97.45,663.55,71.17,30.83,73.41,93024.6,98.0,82.8,23491
step2a,L4,2040,6251,1,5120,512,10,2,200,1238.98,0.16,82.65,908.97,8180.47,3867.57,52223.03,126.10,126.82,129.40,126.10,97.55,669.44,71.21,31.10,73.52,93233.8,98.1,82.8,23531
step2a,L4,2040,6251,1,5120,512,10,3,200,1238.33,0.16,82.69,909.45,8180.33,3873.71,52141.20,126.03,126.91,129.13,126.03,97.51,667.16,71.18,31.10,73.59,93209.5,98.0,82.7,23529
step2a,L4,2040,6251,1,5120,512,50,1,200,1236.62,0.16,82.81,910.71,8193.67,3875.97,52323.97,125.86,126.74,128.22,125.86,97.54,663.00,71.14,31.39,74.71,93122,98.0,82.8,23542
step2a,L4,2040,6251,1,5120,512,50,2,200,1236.50,0.16,82.81,910.79,8201.25,3871.46,52380.28,125.83,126.55,129.16,125.83,97.47,663.34,71.36,31.00,74.40,92909.7,98.5,83.2,23401
step2a,L4,2040,6251,1,5120,512,50,3,200,1237.27,0.16,82.76,910.23,8201.23,3876.11,52324.84,125.92,126.78,128.62,125.92,97.52,664.77,71.22,30.95,74.63,93100.8,98.1,82.8,23502
step2a,L4,2040,6251,1,5120,1024,1,1,200,2193.32,0.09,93.37,560.16,12415.37,3416.83,100631.46,112.78,113.34,114.74,112.78,97.48,658.38,71.53,31.15,74.25,165080,98.9,89.4,41352
step2a,L4,2040,6251,1,5120,1024,1,2,200,2193.73,0.09,93.36,560.05,12426.57,3419.14,100593.77,112.79,113.45,114.68,112.79,97.46,659.42,71.55,30.76,73.96,165086,99.0,89.4,41325
step2a,L4,2040,6251,1,5120,1024,1,3,200,2193.74,0.09,93.36,560.05,12418.56,3427.75,100575.56,112.80,113.34,114.82,112.80,97.49,659.39,71.49,31.00,74.31,165166,98.8,89.3,41397
step2a,L4,2040,6251,1,5120,1024,10,1,200,2190.44,0.09,93.50,560.89,12724.42,3858.67,102453.48,112.68,113.28,114.52,112.68,97.44,658.34,71.55,31.34,75.79,164903,98.9,89.4,41299
step2a,L4,2040,6251,1,5120,1024,10,2,200,2190.59,0.09,93.49,560.85,12728.24,3867.52,102226.56,112.68,113.24,114.62,112.68,97.45,659.09,71.68,31.38,73.63,164701,99.3,89.7,41163
step2a,L4,2040,6251,1,5120,1024,10,3,200,2190.47,0.09,93.50,560.88,12727.12,3858.35,102547.50,112.68,113.13,114.73,112.68,97.45,658.07,71.55,31.05,74.48,164908,98.9,89.4,41297
step2a,L4,2040,6251,1,5120,1024,50,1,200,2192.39,0.09,93.41,560.39,12764.38,3854.76,102744.65,112.79,113.30,114.71,112.79,97.51,660.27,71.51,30.71,73.95,165101,98.9,89.3,41360
step2a,L4,2040,6251,1,5120,1024,50,2,200,2191.49,0.09,93.45,560.62,12760.56,3866.49,102569.30,112.74,113.33,114.58,112.74,97.47,659.43,71.54,31.34,73.47,165009,98.9,89.4,41327
step2a,L4,2040,6251,1,5120,1024,50,3,200,2189.66,0.09,93.53,561.09,12743.28,3851.80,102488.20,112.65,113.19,114.40,112.65,97.44,658.92,71.54,31.00,74.28,164858,98.9,89.4,41155
step2a,L4,2040,6251,1,6144,32,1,1,200,405.87,0.49,15.77,3042.86,3842.52,3898.03,7899.56,518.61,526.26,565.31,518.61,640.94,680.28,69.32,31.00,73.54,30284.9,93.9,45.5,7981
step2a,L4,2040,6251,1,6144,32,1,2,200,406.97,0.49,15.73,3034.61,3847.88,3898.87,7716.78,520.20,527.84,573.09,520.20,641.63,691.24,69.43,31.00,73.64,30357.5,94.1,45.4,8000
step2a,L4,2040,6251,1,6144,32,1,3,200,406.01,0.49,15.76,3041.78,3839.32,3898.25,7705.78,518.93,526.28,564.57,518.93,641.06,686.16,69.58,31.20,73.74,30192.1,94.6,45.8,7934
step2a,L4,2040,6251,1,6144,32,10,1,200,404.34,0.49,15.83,3054.35,3835.98,3897.89,13503.05,525.89,527.02,581.97,525.89,641.56,680.87,69.57,30.90,73.76,30159.6,94.5,45.7,7930
step2a,L4,2040,6251,1,6144,32,10,2,200,404.22,0.49,15.83,3055.25,3834.71,3881.81,13497.58,525.74,527.44,582.02,525.74,641.41,683.86,69.52,31.00,73.67,30157.8,94.4,45.6,7933
step2a,L4,2040,6251,1,6144,32,10,3,200,405.00,0.49,15.80,3049.39,3842.30,3895.02,13522.48,526.75,527.63,582.21,526.75,641.73,694.16,69.54,31.24,73.63,30232.7,94.3,45.5,7957
step2a,L4,2040,6251,1,6144,32,50,1,200,405.04,0.49,15.80,3049.06,3854.87,3896.84,13822.23,527.18,528.83,585.60,527.18,641.94,695.28,69.56,31.00,73.68,30227.2,94.4,45.4,7949
step2a,L4,2040,6251,1,6144,32,50,2,200,404.24,0.49,15.83,3055.13,3851.43,3882.17,13996.06,526.00,526.91,582.39,526.00,641.48,691.63,69.5,30.85,73.80,30175.6,94.3,45.5,7943
step2a,L4,2040,6251,1,6144,32,50,3,200,405.30,0.49,15.79,3047.11,3857.55,3898.33,13820.52,527.52,528.64,591.07,527.52,641.70,692.04,69.69,31.05,73.57,30212.6,94.6,45.5,7939
step2a,L4,2040,6251,1,6144,128,1,1,200,584.41,0.34,43.80,2146.09,3662.57,3880.13,7339.37,198.52,198.98,212.56,198.52,92.92,678.72,70.21,30.96,73.98,43695.7,95.9,61.3,11269
step2a,L4,2040,6251,1,6144,128,1,2,200,584.56,0.34,43.79,2145.56,3666.51,3881.04,7545.26,198.55,198.77,212.56,198.55,92.94,678.46,70.12,30.85,73.33,43763.8,95.6,61.0,11298
step2a,L4,2040,6251,1,6144,128,1,3,200,584.78,0.34,43.78,2144.73,3663.79,3883.67,7302.58,198.66,199.15,212.74,198.66,92.96,679.13,70.17,30.75,73.97,43739.3,95.8,61.2,11277
step2a,L4,2040,6251,1,6144,128,10,1,200,608.15,0.33,42.09,2062.32,5413.94,3916.43,17867.29,192.52,199.31,240.03,198.99,93.00,682.04,70.54,30.98,74.56,45253.3,96.6,61.1,10500
step2a,L4,2040,6251,1,6144,128,10,2,200,583.46,0.34,43.88,2149.59,3840.52,3896.18,13420.79,198.85,199.28,214.21,198.85,92.99,680.00,70.29,31.05,73.60,43671.3,96.0,61.2,11242
step2a,L4,2040,6251,1,6144,128,10,3,200,582.50,0.34,43.95,2153.13,3831.00,3880.76,13372.16,198.55,199.14,212.59,198.55,92.99,678.73,70.19,31.20,73.65,43624.5,95.8,61.3,11240
step2a,L4,2040,6251,1,6144,128,50,1,200,582.70,0.34,43.93,2152.38,3850.40,3879.89,13879.46,198.66,199.29,213.99,198.66,92.96,680.54,70.26,30.85,73.62,43612.9,96.0,61.3,11237
step2a,L4,2040,6251,1,6144,128,50,2,200,583.66,0.34,43.86,2148.84,3859.05,3883.89,13883.62,198.97,199.73,214.74,198.97,92.99,683.78,70.63,30.94,73.31,43527,96.8,61.7,11152
step2a,L4,2040,6251,1,6144,128,50,3,200,677.45,0.29,37.60,1842.09,7350.24,3961.88,29578.73,206.18,200.95,376.25,231.33,93.14,696.56,69.41,30.95,73.77,48038.3,94.1,58.2,10453
step2a,L4,2040,6251,1,6144,512,1,1,200,1297.75,0.15,78.91,1025.62,3672.99,3880.13,7898.48,119.12,119.09,122.67,119.12,92.86,661.46,71.19,30.90,73.65,97438,98.1,81.8,24437
step2a,L4,2040,6251,1,6144,512,1,2,200,1301.19,0.15,78.70,1022.91,3950.70,3879.85,15899.93,118.73,119.30,122.76,120.83,92.84,662.85,71.28,30.04,74.07,97443.4,98.4,81.6,23287
step2a,L4,2040,6251,1,6144,512,1,3,200,1297.35,0.15,78.93,1025.94,3664.96,3879.63,7503.93,119.09,119.13,122.96,119.09,92.84,660.68,71.17,31.10,73.89,97425.5,98.1,81.8,24469
step2a,L4,2040,6251,1,6144,512,10,1,200,1296.37,0.15,78.99,1026.71,3838.21,3881.26,13499.62,119.18,119.38,122.93,119.18,92.89,662.38,71.28,31.02,73.67,97295,98.3,82.0,24362
step2a,L4,2040,6251,1,6144,512,10,2,200,1296.06,0.15,79.01,1026.96,3838.23,3894.19,13486.89,119.15,119.13,122.75,119.15,92.86,664.50,71.26,30.80,73.81,97287.3,98.3,81.9,24371
step2a,L4,2040,6251,1,6144,512,10,3,200,1294.29,0.15,79.12,1028.36,3830.46,3878.91,13702.44,118.99,118.99,122.43,118.99,92.82,659.78,71.14,31.10,73.35,97262,98.1,81.8,24426
step2a,L4,2040,6251,1,6144,512,50,1,200,1295.71,0.15,79.03,1027.24,3853.64,3880.62,14013.95,119.13,119.14,122.93,119.13,92.85,660.93,71.34,31.29,73.63,97169,98.5,82.1,24337
step2a,L4,2040,6251,1,6144,512,50,2,200,1296.00,0.15,79.01,1027.00,3858.42,3880.79,13991.86,119.15,119.30,122.99,119.15,92.82,663.71,71.21,31.24,73.97,97348.3,98.2,81.8,24440
step2a,L4,2040,6251,1,6144,512,50,3,200,1296.93,0.15,78.96,1026.27,3862.04,3897.84,14001.14,119.24,119.36,123.01,119.24,92.88,673.28,71.3,31.10,75.05,97345.7,98.4,81.9,24375
step2a,L4,2040,6251,1,6144,1024,1,1,200,2248.26,0.09,91.09,637.56,3669.10,3881.35,7550.23,105.96,105.95,107.93,105.96,92.83,647.49,71.56,31.00,73.44,169032,98.9,89.2,42007
step2a,L4,2040,6251,1,6144,1024,1,2,200,2247.39,0.09,91.13,637.81,3660.70,3880.38,7532.05,105.93,105.96,107.62,105.93,92.83,645.76,71.58,30.95,73.44,168884,99.1,89.3,41913
step2a,L4,2040,6251,1,6144,1024,1,3,200,2247.68,0.09,91.12,637.73,3664.38,3880.20,7522.59,105.94,105.97,107.76,105.94,92.83,645.75,71.54,31.05,73.57,168991,98.9,89.2,42000
step2a,L4,2040,6251,1,6144,1024,10,1,200,2246.28,0.09,91.17,638.12,3843.32,3882.19,13828.71,105.96,105.95,107.81,105.96,92.83,645.65,71.6,31.42,74.10,168852,99.1,89.3,41861
step2a,L4,2040,6251,1,6144,1024,10,2,200,2245.55,0.09,91.20,638.33,3839.17,3878.87,13772.29,105.92,105.94,107.84,105.92,92.81,646.70,71.47,31.14,73.86,168998,98.8,89.0,42024
step2a,L4,2040,6251,1,6144,1024,10,3,200,2246.99,0.09,91.14,637.92,3837.16,3896.91,13506.51,106.00,106.00,107.65,106.00,92.86,645.38,71.55,31.00,74.15,168981,99.0,89.2,41891
step2a,L4,2040,6251,1,6144,1024,50,1,200,2246.44,0.09,91.17,638.08,3855.18,3882.14,14026.36,105.97,105.98,107.87,106.43,92.84,647.63,71.51,30.90,73.39,168991,98.9,89.0,41639
step2a,L4,2040,6251,1,6144,1024,50,2,200,2257.63,0.09,90.71,634.91,4474.71,3897.71,17394.58,105.79,106.18,108.92,105.93,92.95,649.70,71.52,31.29,73.54,169641,98.9,89.1,41577
step2a,L4,2040,6251,1,6144,1024,50,3,200,2263.67,0.09,90.47,633.22,5255.12,3881.75,25149.64,105.41,106.02,111.40,109.66,92.86,646.74,71.39,30.80,74.84,169903,98.6,88.5,39850
step2a,L4,2040,6251,1,7168,32,1,1,200,477.24,0.42,13.41,3016.94,3488.48,3369.90,8447.73,495.74,504.39,535.71,495.74,632.86,678.33,70.06,31.47,73.81,35510.4,95.4,46.2,9289
step2a,L4,2040,6251,1,7168,32,1,2,200,489.91,0.41,13.00,2924.23,3878.12,3372.66,11611.57,500.92,504.37,824.80,512.63,634.60,684.99,69.15,30.80,73.69,36028,93.2,44.9,9271
step2a,L4,2040,6251,1,7168,32,1,3,200,488.07,0.41,13.11,2950.01,3823.65,3374.86,13958.62,496.47,504.51,632.57,496.47,632.92,679.01,69.92,30.51,74.64,35942.9,95.4,46.0,9102
step2a,L4,2040,6251,1,7168,32,10,1,200,475.48,0.42,13.46,3028.11,3411.59,3369.69,11136.80,501.63,505.28,542.47,501.63,632.46,679.62,69.64,30.71,74.78,35564,94.5,45.7,9344
step2a,L4,2040,6251,1,7168,32,10,2,200,476.60,0.42,13.43,3020.96,3422.68,3376.64,11259.92,502.73,506.86,543.59,502.73,633.95,680.81,70,31.10,73.83,35509.3,95.3,46.0,9292
step2a,L4,2040,6251,1,7168,32,10,3,200,487.39,0.41,13.13,2954.11,4267.77,3382.16,16631.01,486.69,503.45,593.95,486.69,633.69,679.95,69.77,31.05,74.88,35979.9,94.9,45.8,9158
step2a,L4,2040,6251,1,7168,32,50,1,200,502.77,0.40,12.73,2863.75,4699.13,3391.88,17933.24,489.90,503.37,831.38,491.16,632.25,681.87,69.45,30.72,73.63,36618,94.1,45.3,9179
step2a,L4,2040,6251,1,7168,32,50,2,200,475.73,0.42,13.45,3026.52,3460.60,3367.17,11405.32,500.83,504.57,541.69,500.83,632.51,682.96,69.93,30.76,73.62,35510,95.0,45.8,9304
step2a,L4,2040,6251,1,7168,32,50,3,200,485.31,0.41,13.19,2966.77,4210.36,3393.32,16091.02,486.39,505.61,616.39,490.99,633.55,681.23,67.05,30.46,74.77,37015,88.2,42.5,9827
step2a,L4,2040,6251,1,7168,128,1,1,200,693.62,0.29,36.91,2103.45,3882.93,3377.35,14232.02,184.46,187.68,208.09,184.81,84.90,674.48,70.32,30.61,74.03,52230,96.0,61.1,13064
step2a,L4,2040,6251,1,7168,128,1,2,200,682.76,0.29,37.50,2136.93,3346.16,3373.21,8204.82,186.99,187.85,196.81,186.99,84.88,673.73,70.65,31.04,73.59,51291,96.8,61.6,13110
step2a,L4,2040,6251,1,7168,128,1,3,200,688.05,0.29,37.21,2120.49,3883.40,3377.08,14104.21,184.32,186.91,200.40,188.42,84.96,667.85,70.32,31.00,73.98,51645.9,96.1,61.1,12888
step2a,L4,2040,6251,1,7168,128,10,1,200,680.96,0.29,37.59,2142.56,3426.47,3374.12,11180.48,187.05,188.00,197.38,187.05,84.97,674.15,70.36,31.00,74.75,51341.2,96.2,61.2,13161
step2a,L4,2040,6251,1,7168,128,10,2,200,743.50,0.27,34.26,1952.52,6252.30,3392.79,26696.40,182.85,186.76,278.34,189.25,84.86,662.64,69.97,31.20,75.03,53675.2,95.6,59.9,12359
step2a,L4,2040,6251,1,7168,128,10,3,200,679.14,0.29,37.69,2148.32,3417.44,3351.94,11324.55,186.54,187.24,196.16,186.54,84.92,673.04,70.49,32.00,73.97,51200.5,96.4,61.5,13115
step2a,L4,2040,6251,1,7168,128,50,1,200,679.47,0.29,37.68,2147.26,3463.15,3362.13,11445.14,186.40,187.37,196.43,186.40,84.95,672.40,70.28,30.71,73.42,51575.4,95.9,60.7,13028
step2a,L4,2040,6251,1,7168,128,50,2,200,682.23,0.29,37.52,2138.57,3411.90,3333.89,12426.88,186.11,187.76,196.09,186.71,84.89,667.12,70.64,30.53,74.29,51539.8,96.8,62.0,12822
step2a,L4,2040,6251,1,7168,128,50,3,200,677.96,0.30,37.76,2152.06,3451.99,3351.97,11446.26,186.01,187.08,196.32,186.01,84.93,665.01,70.33,30.90,74.44,51161.9,96.0,61.3,13128
step2a,L4,2040,6251,1,7168,512,1,1,200,1495.01,0.13,68.49,1027.29,3332.97,3360.49,8257.77,110.08,110.28,112.60,110.08,84.83,655.05,71.4,31.00,73.81,113718,98.6,82.2,28194
step2a,L4,2040,6251,1,7168,512,1,2,200,1496.32,0.13,68.43,1026.38,3342.35,3364.73,8263.89,110.16,110.38,112.56,110.16,84.84,657.50,71.18,30.71,73.56,114066,98.1,81.7,28383
step2a,L4,2040,6251,1,7168,512,1,3,200,1497.80,0.13,68.37,1025.37,3350.77,3370.82,8295.38,110.26,110.40,113.11,110.26,84.86,657.86,71.34,31.10,74.09,114021,98.4,81.9,28310
step2a,L4,2040,6251,1,7168,512,10,1,200,1493.16,0.13,68.58,1028.56,3415.96,3357.07,11371.37,110.08,110.23,112.50,110.08,84.84,654.29,71.24,31.34,73.53,113833,98.2,81.9,28350
step2a,L4,2040,6251,1,7168,512,10,2,200,1493.55,0.13,68.56,1028.29,3418.01,3355.76,11308.63,110.11,110.23,112.56,110.11,84.84,655.21,71.3,30.82,74.11,113744,98.4,82.0,28261
step2a,L4,2040,6251,1,7168,512,10,3,200,1492.34,0.13,68.62,1029.12,3411.74,3367.22,11286.82,110.03,110.23,112.11,110.03,84.81,656.04,71.26,30.71,74.55,113679,98.3,82.0,28265
step2a,L4,2040,6251,1,7168,512,50,1,200,1490.96,0.13,68.68,1030.08,3449.70,3352.42,11538.84,109.87,110.15,112.02,109.87,84.79,652.04,71.25,30.86,73.77,113629,98.3,82.0,28250
step2a,L4,2040,6251,1,7168,512,50,2,200,1493.59,0.13,68.56,1028.26,3471.68,3368.52,11760.90,110.04,110.27,112.51,110.04,84.81,656.08,71.35,30.96,73.62,113716,98.5,82.0,28242
step2a,L4,2040,6251,1,7168,512,50,3,200,1493.89,0.13,68.55,1028.06,3474.47,3357.60,11742.26,110.06,110.25,112.61,110.06,84.80,656.08,71.28,30.90,73.42,113858,98.3,81.8,28312
step2a,L4,2040,6251,1,7168,1024,1,1,200,2579.48,0.08,79.40,635.09,3333.94,3365.19,8355.61,97.39,97.48,98.61,97.39,84.79,643.02,71.55,31.00,74.92,197286,99.0,89.3,48523
step2a,L4,2040,6251,1,7168,1024,1,2,200,2580.84,0.08,79.35,634.75,3345.83,3367.60,8353.66,97.43,97.53,98.62,97.43,84.79,645.37,71.53,30.71,74.26,197442,98.9,89.2,48576
step2a,L4,2040,6251,1,7168,1024,1,3,200,2580.42,0.08,79.37,634.86,3362.02,3372.12,8555.97,97.40,97.51,98.61,97.44,84.73,645.79,71.54,30.89,73.48,197387,99.0,89.1,48165
step2a,L4,2040,6251,1,7168,1024,10,1,200,2575.82,0.08,79.51,635.99,3414.00,3365.60,11351.26,97.32,97.43,98.47,97.63,84.73,644.74,71.56,30.71,73.64,196988,99.1,89.3,47702
step2a,L4,2040,6251,1,7168,1024,10,2,200,2581.93,0.08,79.32,634.49,3878.17,3371.54,18344.57,97.10,97.47,98.55,97.54,84.75,645.23,71.48,30.90,74.06,197451,98.9,89.1,47514
step2a,L4,2040,6251,1,7168,1024,10,3,200,2578.49,0.08,79.43,635.33,3784.01,3368.26,11366.91,97.07,97.43,98.80,97.11,84.78,644.20,71.58,31.14,74.29,197224,99.1,89.2,47950
step2a,L4,2040,6251,1,7168,1024,50,1,200,2582.87,0.08,79.29,634.26,3652.16,3353.40,13874.45,97.22,97.47,98.64,97.46,84.78,642.86,71.55,30.65,73.53,197590,99.0,89.3,47893
step2a,L4,2040,6251,1,7168,1024,50,2,200,2579.08,0.08,79.41,635.19,3476.08,3365.70,11921.74,97.40,97.55,98.70,98.20,84.80,645.81,71.61,30.80,73.81,197263,99.1,89.2,47819
step2a,L4,2040,6251,1,7168,1024,50,3,200,2560.95,0.08,78.77,630.09,3520.74,3365.67,14292.57,97.24,97.60,99.36,98.03,84.79,646.17,71.61,31.23,73.75,195933,99.1,89.4,47238
step2b,L4,2040,6251,1,4096,32,1,1,200,280.88,0.71,22.79,2938.65,6279.39,6401.23,8277.56,436.37,449.50,478.63,436.37,635.25,678.80,69.09,28.82,73.45,20945.2,93.9,48.9,5536
step2b,L4,2040,6251,1,4096,32,1,2,200,282.86,0.71,22.63,2918.02,6338.90,6636.88,8128.58,443.58,453.56,477.49,443.58,638.50,681.37,68.85,31.15,73.29,21319,92.4,47.8,5668
step2b,L4,2040,6251,1,4096,32,1,3,200,282.83,0.71,22.63,2918.33,6329.93,6640.45,8132.56,442.91,453.25,476.87,442.91,638.06,680.00,68.79,30.90,73.99,21324.6,92.3,47.7,5673
step2b,L4,2040,6251,1,4096,32,10,1,200,279.37,0.72,22.91,2954.45,7030.44,6545.91,15656.75,440.66,450.11,469.17,440.66,636.65,670.85,69.44,31.13,74.75,20919,94.2,48.7,5505
step2b,L4,2040,6251,1,4096,32,10,2,200,281.19,0.71,22.76,2935.35,7073.08,6673.09,15609.88,443.67,452.68,481.45,443.67,637.48,683.99,69.5,31.32,73.51,21075.5,94.1,48.3,5547
step2b,L4,2040,6251,1,4096,32,10,3,200,280.31,0.71,22.83,2944.55,7052.96,6593.33,15660.59,442.18,450.81,477.59,442.18,637.51,678.53,69.54,31.08,73.56,20957.6,94.5,48.7,5507
step2b,L4,2040,6251,1,4096,128,1,1,200,459.85,0.43,55.67,1836.69,9815.41,7957.52,16218.49,183.56,185.09,190.11,183.56,97.56,674.11,70.01,30.95,73.64,34632.5,95.3,66.4,8960
step2b,L4,2040,6251,1,4096,128,1,2,200,458.89,0.44,55.79,1840.53,9765.27,7932.74,16212.16,183.40,186.08,191.01,183.40,97.62,667.78,69.93,30.89,73.48,34565.1,95.2,66.6,8944
step2b,L4,2040,6251,1,4096,128,1,3,200,458.97,0.44,55.78,1840.19,9793.26,7907.86,16226.68,183.22,185.80,190.55,183.22,97.62,668.24,69.93,31.10,73.21,34578.8,95.2,66.7,8953
step2b,L4,2040,6251,1,4096,128,10,1,200,459.45,0.44,55.72,1838.27,10490.28,7123.26,25273.92,182.73,185.00,191.53,182.73,97.72,678.29,70.01,30.90,74.81,34673.5,95.2,66.2,8985
step2b,L4,2040,6251,1,4096,128,10,2,200,457.89,0.44,55.91,1844.53,10445.81,7163.87,25089.21,182.17,184.55,189.63,182.17,97.85,669.65,69.93,31.00,73.13,34556.8,95.1,66.4,8955
step2b,L4,2040,6251,1,4096,128,10,3,200,457.76,0.44,55.92,1845.08,10442.41,7091.53,25025.34,182.12,184.55,189.67,182.12,97.70,667.90,70,31.29,73.91,34533,95.2,66.4,8940
step2b,L4,2040,6251,2,4096,32,1,1,200,203.80,0.98,31.40,4050.04,2049.76,1637.94,5331.47,177.48,145.90,384.98,177.48,52.28,395.61,131.58,27.59,74.66,28914.8,85.2,47.0,7973
step2b,L4,2040,6251,2,4096,32,1,2,200,561.99,0.36,11.39,1468.72,6322.16,4307.61,21862.06,318.04,309.98,391.85,319.13,372.97,404.43,133.68,29.27,75.96,49238.8,87.0,44.6,7220
step2b,L4,2040,6251,2,4096,32,1,3,200,203.81,0.98,31.24,4029.50,1984.40,1641.69,5275.55,177.37,144.36,386.41,177.37,52.23,401.18,127.95,29.80,74.45,29868.3,80.5,44.2,8480
step2b,L4,2040,6251,2,4096,32,10,1,200,156.93,1.27,40.78,5259.75,11842.57,12094.04,18067.00,374.02,389.04,390.73,374.02,388.32,400.93,134.01,30.64,73.86,24113.2,88.2,41.0,6580
step2b,L4,2040,6251,2,4096,32,10,2,200,156.64,1.28,40.86,5269.34,11818.74,12063.15,18030.18,373.33,388.29,390.00,373.33,387.27,400.92,135.33,30.34,74.37,23868.3,89.8,41.9,6452
step2b,L4,2040,6251,2,4096,32,10,3,200,156.92,1.27,40.79,5260.16,11841.38,12075.90,18067.54,373.98,389.20,390.82,373.98,387.65,401.46,135.42,30.63,74.30,23905.9,90.0,41.9,6456
step2b,L4,2040,6251,2,4096,128,1,1,200,241.83,0.83,105.86,3492.60,1876.76,1939.73,3961.13,232.63,269.45,277.68,232.63,120.41,467.85,138.03,30.38,74.05,36641.3,93.0,65.3,9523
step2b,L4,2040,6251,2,4096,128,1,2,200,241.89,0.83,105.83,3491.73,1874.01,1941.11,3927.01,232.68,269.62,277.72,232.68,120.32,467.14,138.18,30.61,74.63,36628.4,93.2,65.5,9504
step2b,L4,2040,6251,2,4096,128,1,3,200,241.91,0.83,105.82,3491.31,1888.47,1938.25,3973.54,232.72,269.53,277.92,232.72,120.27,467.19,138.16,30.80,74.53,36658.3,93.0,65.3,9532
step2b,L4,2040,6251,2,4096,128,10,1,200,236.83,0.84,108.09,3566.22,3408.65,2270.35,18847.12,255.33,272.05,280.11,255.33,120.60,466.72,138.05,30.63,74.29,36017.1,93.0,65.5,9358
step2b,L4,2040,6251,2,4096,128,10,2,200,236.86,0.84,108.08,3565.79,3411.77,2269.91,18893.82,255.35,271.73,280.28,255.35,120.49,467.53,138.38,30.68,75.26,35972.4,93.3,65.7,9320
step2b,L4,2040,6251,2,4096,128,10,3,200,236.32,0.85,108.33,3574.02,3399.72,2264.22,18789.17,254.77,271.55,279.54,254.77,120.48,465.44,138.23,30.43,74.65,35872.5,93.3,65.8,9299
step2b,L4,2040,6251,4,4096,32,1,1,200,201.79,0.99,31.72,4090.40,743.08,531.11,1929.16,49.59,33.06,189.63,49.59,20.26,233.72,227.6,26.75,74.01,49373.8,65.8,38.3,16009
step2b,L4,2040,6251,4,4096,32,1,2,200,201.79,0.99,31.72,4090.47,751.29,533.04,1953.99,50.20,33.39,191.39,50.29,20.40,236.81,228.48,27.35,73.63,50080.5,65.6,37.8,16195
step2b,L4,2040,6251,4,4096,32,1,3,200,201.79,0.99,31.72,4090.34,750.46,533.93,1946.36,50.09,33.29,190.91,50.11,20.37,235.59,228.15,27.34,73.77,50002.2,65.7,37.8,16191
step2b,L4,2040,6251,4,4096,32,10,1,200,95.70,2.09,66.88,8624.83,18795.80,22258.60,22438.50,227.61,236.85,237.61,227.61,236.77,242.00,258.99,27.32,73.04,29401.4,85.3,34.9,8335
step2b,L4,2040,6251,4,4096,32,10,2,200,95.43,2.10,67.07,8649.54,18734.82,22200.16,22351.95,226.96,236.26,236.64,226.96,236.01,242.02,258.38,27.52,73.61,29446,84.5,34.7,8368
step2b,L4,2040,6251,4,4096,32,10,3,200,95.30,2.10,67.16,8661.22,18706.65,22156.19,22308.55,226.64,235.84,236.40,226.64,235.57,241.07,257.49,27.18,73.47,29413.5,84.2,34.6,8398
step2b,L4,2040,6251,4,4096,128,1,1,200,203.91,0.98,125.55,4142.05,801.28,679.60,1996.30,44.35,37.47,100.59,44.36,22.04,240.88,266.23,27.52,73.44,59717.4,88.7,59.7,16330
step2b,L4,2040,6251,4,4096,128,1,2,200,203.89,0.98,125.56,4142.40,802.13,692.06,2000.06,44.26,37.38,100.50,44.26,22.00,240.19,264.34,27.28,73.46,59962.7,87.6,59.0,16520
step2b,L4,2040,6251,4,4096,128,1,3,200,203.89,0.98,125.56,4142.48,800.60,696.33,2004.70,44.16,37.23,100.25,44.16,22.04,239.43,265.87,27.18,73.48,59681.1,88.6,59.9,16344
step2b,L4,2040,6251,4,4096,128,10,1,200,142.03,1.41,180.24,5946.63,5151.41,2031.90,26907.37,289.84,325.62,334.58,289.84,338.74,345.19,268.1,27.18,73.26,43662.5,89.3,60.5,11819
step2b,L4,2040,6251,4,4096,128,10,2,200,141.97,1.41,180.31,5948.96,5145.64,2029.41,26874.30,289.77,325.41,334.79,289.77,338.62,345.95,267.27,27.23,73.58,43640.9,89.0,60.2,11858
step2b,L4,2040,6251,4,4096,128,10,3,200,142.06,1.41,180.21,5945.58,5150.88,2033.74,26898.25,289.92,325.64,334.84,289.92,338.75,344.91,268.09,27.23,73.48,43588.7,89.4,60.5,11807
step2b,L4,2040,6251,8,4096,32,1,1,200,201.03,0.99,31.84,4105.83,506.24,401.79,1231.05,24.19,18.87,81.67,24.19,13.28,174.51,386.8,26.22,69.43,83114.5,54.4,24.8,32190
step2b,L4,2040,6251,8,4096,32,1,2,200,200.45,1.00,31.93,4117.73,54.45,51.64,73.70,13.06,12.94,13.59,13.06,12.97,15.67,329.51,26.85,68.10,70497.4,32.8,22.7,32526
step2b,L4,2040,6251,8,4096,32,1,3,200,200.45,1.00,31.93,4117.71,54.69,51.49,77.07,13.06,12.94,13.61,13.06,12.97,15.81,328.3,26.78,68.04,70626.1,32.7,22.6,32718
step2b,L4,2040,6251,8,4096,32,10,1,200,20.50,9.75,312.16,40258.56,69.56,69.42,94.81,14.28,14.12,15.88,14.29,13.99,19.49,396.81,26.75,72.59,15333.3,53.3,38.2,5704
step2b,L4,2040,6251,8,4096,32,10,2,200,20.49,9.76,312.29,40276.22,69.93,69.56,92.09,14.29,14.12,15.93,14.31,14.03,19.72,421.73,27.14,72.73,14320.3,60.5,43.4,5014
step2b,L4,2040,6251,8,4096,32,10,3,200,20.50,9.75,312.12,40254.34,70.00,69.53,91.52,14.32,14.15,15.93,14.34,13.99,19.59,416.94,27.04,72.71,14587.9,59.0,42.2,5163
step2b,L4,2040,6251,8,4096,128,1,1,200,201.77,0.99,126.88,4186.05,62.77,64.22,76.47,13.40,13.42,14.02,13.40,13.37,15.99,461.95,27.14,73.16,99617,77.3,54.3,32028
step2b,L4,2040,6251,8,4096,128,1,2,200,201.76,0.99,126.88,4186.06,62.17,62.76,76.12,13.40,13.42,14.00,13.41,13.38,16.34,453.81,26.80,73.71,100694,75.2,52.9,32984
step2b,L4,2040,6251,8,4096,128,1,3,200,201.77,0.99,126.88,4186.04,63.00,64.30,77.41,13.40,13.42,13.99,13.40,13.37,16.13,455.63,26.89,72.57,100351,75.7,53.1,32739
step2b,L4,2040,6251,8,4096,128,10,1,200,33.30,6.01,768.76,25363.08,262.82,280.84,458.60,99.50,114.28,135.29,99.50,111.00,156.91,459.79,26.75,73.55,24091.6,66.7,61.8,7630
step2b,L4,2040,6251,8,4096,128,10,2,200,33.31,6.00,768.54,25355.69,258.90,258.12,461.43,99.63,114.72,135.41,99.63,111.57,158.13,478.67,27.14,73.77,23192.5,72.4,67.1,7028
step2b,L4,2040,6251,8,4096,128,10,3,200,33.32,6.00,768.39,25350.90,265.89,284.49,488.73,99.67,114.84,135.42,99.67,111.13,158.64,473.08,27.23,75.17,23522.8,70.4,65.2,7222
step2c,L4,2040,6251,4,4096,32,1,1,200,201.80,0.99,31.72,4090.26,743.32,531.76,1927.63,49.70,33.13,189.93,49.70,20.29,234.73,228.91,26.65,73.99,49369.4,66.6,38.5,15914
step2c,L4,2040,6251,4,4096,32,1,2,200,201.80,0.99,31.71,4090.24,750.67,534.67,1947.51,50.18,33.36,191.36,50.19,20.35,236.73,228.49,27.36,73.95,50035.6,65.8,37.9,16165
step2c,L4,2040,6251,4,4096,32,1,3,200,201.79,0.99,31.72,4090.39,747.96,536.46,1942.73,50.00,33.24,191.30,50.02,20.35,235.59,227.74,27.09,73.74,49995.1,65.7,37.7,16198
step2c,L4,1830,6251,4,4096,32,1,1,200,201.80,0.99,31.71,4090.18,744.87,534.25,1931.18,49.87,33.16,190.02,49.87,20.30,234.14,226.51,26.70,73.86,49849.9,65.3,37.7,16255
step2c,L4,1830,6251,4,4096,32,1,2,200,201.80,0.99,31.71,4090.16,752.45,536.73,1955.84,50.17,33.34,192.04,50.19,20.38,236.64,228.35,27.46,73.37,50017.1,65.6,37.9,16157
step2c,L4,1830,6251,4,4096,32,1,3,200,201.79,0.99,31.72,4090.46,750.06,533.39,1951.65,50.22,33.31,191.46,50.24,20.37,236.09,227.93,27.25,73.58,50042.6,65.4,37.7,16209
step2c,L4,1620,6251,4,4096,32,1,1,200,201.81,0.99,31.71,4090.06,744.69,532.34,1927.51,49.68,33.10,190.39,49.68,20.30,234.95,226.12,26.75,73.93,49740.1,65.2,37.6,16227
step2c,L4,1620,6251,4,4096,32,1,2,200,201.79,0.99,31.72,4090.41,750.46,534.75,1950.86,50.17,33.35,191.23,50.18,20.35,236.99,227.93,27.27,73.60,50081.9,65.4,37.6,16226
step2c,L4,1620,6251,4,4096,32,1,3,200,201.80,0.99,31.72,4090.25,750.03,532.23,1952.17,50.21,33.34,191.43,50.22,20.42,236.88,228.18,27.23,73.57,50073.9,65.2,37.7,16215
step2c,L4,1410,6251,4,4096,32,1,1,200,201.80,0.99,31.72,4090.25,744.36,534.83,1931.67,49.77,33.15,189.98,49.79,20.30,234.60,226.36,26.82,73.63,49903.6,65.3,37.6,16295
step2c,L4,1410,6251,4,4096,32,1,2,200,201.78,0.99,31.72,4090.50,753.01,534.51,1957.12,50.31,33.39,192.00,50.32,20.42,237.47,228.97,27.41,73.46,50067.5,65.9,37.8,16149
step2c,L4,1410,6251,4,4096,32,1,3,200,201.80,0.99,31.72,4090.26,748.91,534.09,1946.71,50.11,33.25,191.19,50.16,20.40,236.09,227.13,27.18,73.45,50143.7,65.3,37.6,16320
step2c,L4,1200,6251,4,4096,32,1,1,200,201.80,0.99,31.71,4090.24,744.70,530.67,1930.70,49.90,33.12,190.62,49.92,20.29,234.32,225.99,26.81,73.50,49886.5,65.3,37.5,16280
step2c,L4,1200,6251,4,4096,32,1,2,200,201.78,0.99,31.72,4090.55,752.53,534.31,1955.63,50.37,33.36,191.84,50.37,20.41,237.56,227.65,27.50,73.38,50288.3,65.3,37.4,16300
step2c,L4,1200,6251,4,4096,32,1,3,200,201.79,0.99,31.72,4090.43,750.68,533.52,1950.85,50.08,33.29,192.02,50.08,20.39,237.05,227.45,27.18,73.44,50087,65.5,37.7,16286
step2c,L4,990,6251,4,4096,32,1,1,200,201.80,0.99,31.71,4090.10,745.26,534.36,1929.35,49.73,33.12,189.94,49.75,20.25,234.31,226.92,26.75,73.49,49602.7,65.7,38.0,16128
step2c,L4,990,6251,4,4096,32,1,2,200,201.80,0.99,31.71,4090.10,751.44,536.18,1950.65,50.07,33.32,191.23,50.08,20.40,236.10,227.48,27.32,73.38,50163.7,64.9,37.5,16281
step2c,L4,990,6251,4,4096,32,1,3,200,201.80,0.99,31.71,4090.18,751.21,533.07,1955.85,50.14,33.34,192.15,50.16,20.37,237.36,228.04,27.28,73.66,49951.6,65.6,37.8,16158
step2c,L4,780,6251,4,4096,32,1,1,200,201.80,0.99,31.71,4090.20,745.41,535.03,1929.02,49.84,33.13,190.42,49.86,20.34,235.55,226.83,26.75,73.69,49746.7,65.3,37.8,16182
step2c,L4,780,6251,4,4096,32,1,2,200,201.78,0.99,31.72,4090.58,750.51,536.15,1954.49,50.21,33.33,191.35,50.23,20.35,236.47,228.33,27.36,73.35,49961.8,65.8,38.0,16156
step2c,L4,780,6251,4,4096,32,1,3,200,201.80,0.99,31.71,4090.14,749.12,535.04,1950.20,49.97,33.27,190.98,49.99,20.36,236.75,226.94,27.18,74.25,50215,65.0,37.4,16342
step2c,L4,570,6251,4,4096,32,1,1,200,201.79,0.99,31.72,4090.48,743.43,531.52,1928.13,49.67,33.09,189.77,49.69,20.25,234.51,226.92,26.75,73.95,49614.5,65.5,38.1,16154
step2c,L4,570,6251,4,4096,32,1,2,200,201.80,0.99,31.72,4090.26,751.92,533.96,1952.58,50.40,33.36,191.71,50.40,20.43,236.63,228.77,27.28,73.87,50046.8,65.7,37.9,16145
step2c,L4,570,6251,4,4096,32,1,3,200,201.80,0.99,31.71,4090.12,748.89,535.43,1945.02,49.97,33.28,190.86,49.99,20.35,235.69,227.59,27.23,73.38,50087,65.3,37.7,16256
step2c,L4,360,6251,4,4096,32,1,1,200,201.81,0.99,31.71,4090.07,743.92,531.55,1919.25,49.62,33.05,189.91,49.62,20.26,234.99,226.2,26.70,73.66,49841.3,65.0,37.6,16264
step2c,L4,360,6251,4,4096,32,1,2,200,201.81,0.99,31.71,4090.02,753.28,534.10,1954.98,50.29,33.33,192.21,50.29,20.44,236.59,228.22,27.37,74.62,50255.6,65.4,37.5,16256
step2c,L4,360,6251,4,4096,32,1,3,200,201.79,0.99,31.72,4090.39,749.48,533.83,1947.17,50.12,33.31,191.54,50.14,20.38,236.55,228.38,27.28,74.01,50014.3,65.5,37.8,16163
step2c,L4,210,6251,4,4096,32,1,1,200,201.81,0.99,31.71,4090.08,743.78,532.75,1927.65,49.72,33.09,189.85,49.72,20.31,233.99,226.5,26.70,73.75,49820.5,65.0,37.6,16250
step2c,L4,210,6251,4,4096,32,1,2,200,201.80,0.99,31.71,4090.15,748.29,533.28,1941.67,50.06,33.31,190.72,50.08,20.36,236.05,228.68,27.23,73.55,49882.5,65.9,38.0,16101
step2c,L4,210,6251,4,4096,32,1,3,200,201.80,0.99,31.71,4090.22,750.65,534.37,1946.40,50.06,33.26,191.87,50.08,20.35,236.59,228.42,27.33,73.29,49901.1,65.8,37.9,16130
step2c,L4,2040,6251,8,4096,32,1,1,200,201.03,0.99,31.84,4105.89,504.34,400.47,1225.37,24.25,18.87,81.60,24.25,13.29,174.12,365.04,25.96,70.16,90019.2,47.4,21.6,36895
step2c,L4,2040,6251,8,4096,32,1,2,200,200.45,1.00,31.93,4117.73,54.74,51.89,72.95,13.06,12.94,13.61,13.06,12.96,15.96,328.01,26.77,68.11,70491.1,32.6,22.6,32646
step2c,L4,2040,6251,8,4096,32,1,3,200,200.45,1.00,31.93,4117.73,54.86,52.12,74.28,13.06,12.94,13.61,13.07,12.98,15.85,327.38,26.77,67.57,70276,32.5,22.5,32624
step2c,L4,1830,6251,8,4096,32,1,1,200,200.45,1.00,31.93,4117.72,54.70,51.93,74.51,13.06,12.94,13.58,13.06,12.96,15.97,321.42,26.18,66.80,68945.4,32.5,22.5,32622
step2c,L4,1830,6251,8,4096,32,1,2,200,200.44,1.00,31.93,4117.92,52.84,51.61,74.20,13.06,12.95,13.60,13.06,12.95,16.00,325.43,26.75,67.17,69969.5,32.5,22.5,32665
step2c,L4,1830,6251,8,4096,32,1,3,200,200.45,1.00,31.93,4117.75,46.93,45.29,68.58,13.06,12.94,13.61,13.06,12.95,15.71,327.91,26.70,67.81,69784.7,32.7,22.7,32362
step2c,L4,1620,6251,8,4096,32,1,1,200,200.45,1.00,31.93,4117.78,54.07,51.05,73.88,13.06,12.94,13.60,13.06,12.96,16.13,322.07,26.23,66.21,68832.1,32.8,22.8,32481
step2c,L4,1620,6251,8,4096,32,1,2,200,200.45,1.00,31.93,4117.74,53.65,50.11,75.88,13.06,12.95,13.61,13.06,12.97,15.94,325.48,26.67,67.14,70245,32.4,22.4,32810
step2c,L4,1620,6251,8,4096,32,1,3,200,200.45,1.00,31.93,4117.77,53.84,51.06,73.93,13.06,12.96,13.61,13.07,12.96,15.96,326.89,26.71,67.72,70276.1,32.5,22.5,32708
step2c,L4,1410,6251,8,4096,32,1,1,200,200.45,1.00,31.93,4117.73,54.23,50.99,74.27,13.07,12.96,13.67,13.08,12.94,15.79,321.57,26.22,66.82,69079.9,32.3,22.4,32670
step2c,L4,1410,6251,8,4096,32,1,2,200,200.45,1.00,31.93,4117.74,54.51,51.39,74.30,13.06,12.95,13.61,13.06,12.96,15.78,325.82,26.65,67.52,69886.2,32.6,22.6,32620
step2c,L4,1410,6251,8,4096,32,1,3,200,200.45,1.00,31.93,4117.73,54.30,51.32,75.16,13.06,12.95,13.61,13.06,12.96,15.73,327.72,26.78,67.31,69717.5,33.0,22.9,32343
step2c,L4,1200,6251,8,4096,32,1,1,200,200.45,1.00,31.93,4117.73,54.18,51.31,75.25,13.06,12.94,13.62,13.06,12.96,16.02,321.25,26.23,66.56,68991.1,32.5,22.5,32681
step2c,L4,1200,6251,8,4096,32,1,2,200,200.45,1.00,31.93,4117.74,54.51,51.35,72.76,13.06,12.95,13.60,13.06,12.96,16.06,325.36,26.70,67.23,69965.5,32.7,22.6,32718
step2c,L4,1200,6251,8,4096,32,1,3,200,200.45,1.00,31.93,4117.70,54.47,51.67,74.72,13.07,12.96,13.61,13.07,12.98,15.88,326.71,26.68,67.42,69833.2,32.7,22.6,32467
step2c,L4,990,6251,8,4096,32,1,1,200,200.45,1.00,31.93,4117.74,53.87,50.33,73.64,13.06,12.95,13.61,13.06,12.96,15.93,320.62,26.26,66.90,68933.6,32.7,22.6,32654
step2c,L4,990,6251,8,4096,32,1,2,200,200.45,1.00,31.93,4117.72,54.53,51.63,74.49,13.06,12.93,13.61,13.06,12.99,15.96,325.28,26.60,67.04,69758.3,32.7,22.6,32626
step2c,L4,990,6251,8,4096,32,1,3,200,200.45,1.00,31.93,4117.73,54.02,51.15,76.15,13.06,12.95,13.62,13.06,12.94,15.75,326.52,26.60,68.20,70053.3,32.6,22.6,32649
step2c,L4,780,6251,8,4096,32,1,1,200,200.45,1.00,31.93,4117.76,54.25,51.37,73.99,13.05,12.95,13.60,13.06,12.96,16.03,321.46,26.28,66.21,69140.4,32.5,22.5,32707
step2c,L4,780,6251,8,4096,32,1,2,200,200.45,1.00,31.93,4117.73,54.18,51.28,74.44,13.06,12.95,13.60,13.07,12.97,16.06,325.77,26.71,67.69,69735.4,32.8,22.7,32526
step2c,L4,780,6251,8,4096,32,1,3,200,200.45,1.00,31.93,4117.76,54.14,51.19,75.79,13.06,12.93,13.61,13.07,12.97,15.77,327.13,26.65,67.69,70003.3,32.7,22.6,32570
step2c,L4,570,6251,8,4096,32,1,1,200,200.45,1.00,31.93,4117.76,53.95,50.97,73.16,13.06,12.95,13.59,13.06,12.97,15.88,321.42,26.39,66.24,69010.2,32.6,22.6,32643
step2c,L4,570,6251,8,4096,32,1,2,200,200.45,1.00,31.93,4117.79,53.92,51.00,74.02,13.05,12.93,13.59,13.06,12.94,16.03,325.44,26.60,67.23,69846.4,32.6,22.6,32617
step2c,L4,570,6251,8,4096,32,1,3,200,200.45,1.00,31.93,4117.73,54.19,51.37,74.39,13.06,12.95,13.60,13.07,12.97,15.83,326.71,26.65,67.11,69929.8,32.8,22.7,32548
step2c,L4,360,6251,8,4096,32,1,1,200,200.45,1.00,31.93,4117.76,53.78,50.18,73.32,13.06,12.94,13.60,13.06,12.96,15.87,321.84,26.36,66.75,68756.9,32.7,22.7,32473
step2c,L4,360,6251,8,4096,32,1,2,200,200.45,1.00,31.93,4117.74,53.29,49.74,74.51,13.06,12.96,13.61,13.06,12.98,15.99,326.07,26.65,66.86,69545.7,32.9,22.8,32442
step2c,L4,360,6251,8,4096,32,1,3,200,200.45,1.00,31.93,4117.72,53.60,49.97,72.45,13.06,12.95,13.58,13.06,12.97,15.87,326.93,26.68,67.43,70000.5,32.8,22.7,32557
step2c,L4,210,6251,8,4096,32,1,1,200,200.45,1.00,31.93,4117.71,54.81,51.64,74.96,13.06,12.95,13.59,13.06,12.96,16.15,321.97,26.37,66.58,68835.8,32.7,22.7,32515
step2c,L4,210,6251,8,4096,32,1,2,200,200.45,1.00,31.93,4117.75,54.43,51.44,73.96,13.05,12.93,13.61,13.06,12.96,15.94,325.95,26.65,67.39,69839,32.7,22.7,32576
step2c,L4,210,6251,8,4096,32,1,3,200,200.45,1.00,31.93,4117.75,54.32,51.38,75.05,13.06,12.94,13.60,13.07,12.97,16.08,326.93,26.67,67.66,69987.5,32.7,22.6,32561
step2a,L4,2040,6251,1,8192,32,1,1,200,539.35,0.37,11.87,3049.22,4364.55,4467.25,9858.23,462.40,464.10,508.66,462.40,637.90,677.97,69.37,28.97,74.01,40242.6,93.8,45.3,9673
step2a,L4,2040,6251,1,8192,32,1,2,200,540.67,0.37,11.84,3041.80,4378.51,4481.42,10030.09,463.45,464.35,510.98,463.45,638.48,678.33,70.31,31.18,74.17,40104.6,95.7,46.1,9513
step2a,L4,2040,6251,1,8192,32,1,3,200,541.14,0.37,11.83,3039.15,4382.81,4477.70,10043.98,463.85,465.48,509.69,463.85,638.52,678.82,70.42,31.05,74.02,40097.3,96.0,46.2,9496
step2a,L4,2040,6251,1,8192,32,10,1,200,540.74,0.37,11.84,3041.40,4171.12,4466.24,10627.36,474.04,468.96,529.91,474.04,639.56,682.48,70.41,31.19,74.03,40117.1,96.0,46.1,9503
step2a,L4,2040,6251,1,8192,32,10,2,200,540.23,0.37,11.85,3044.25,4168.26,4470.28,10631.31,473.57,468.51,528.45,473.57,639.55,679.44,70.45,31.24,74.67,40067.7,96.0,46.3,9489
step2a,L4,2040,6251,1,8192,32,10,3,200,540.58,0.37,11.84,3042.27,4170.63,4465.51,10635.72,473.88,470.67,531.82,473.88,639.12,682.77,70.37,31.00,74.56,40112.6,95.9,46.1,9507
step2a,L4,2040,6251,1,8192,32,50,1,200,539.17,0.37,11.87,3050.22,4165.57,4485.13,10753.80,472.81,465.95,518.61,472.81,639.39,678.21,70.35,30.75,74.32,40022,95.8,46.1,9488
step2a,L4,2040,6251,1,8192,32,50,2,200,539.34,0.37,11.87,3049.28,4167.34,4466.84,10801.58,472.94,466.41,519.58,472.94,639.16,679.48,70.47,31.14,74.44,39977.1,96.2,46.3,9456
step2a,L4,2040,6251,1,8192,32,50,3,200,540.12,0.37,11.85,3044.89,4174.53,4458.82,10760.29,473.58,469.32,528.54,473.58,638.81,681.81,70.45,31.23,74.35,40060.3,96.1,46.2,9484
step2a,L4,2040,6251,1,8192,128,1,1,200,763.78,0.26,33.52,2178.38,4127.16,4466.36,8750.84,175.77,174.97,188.66,175.77,79.50,671.41,70.88,31.15,74.90,57114,97.0,61.1,13249
step2a,L4,2040,6251,1,8192,128,1,2,200,762.02,0.26,33.59,2183.41,4112.73,4463.77,8771.61,175.40,174.66,188.50,175.40,79.51,664.12,70.8,31.23,74.01,57007.3,96.9,61.2,13237
step2a,L4,2040,6251,1,8192,128,1,3,200,761.30,0.26,33.63,2185.46,4106.93,4445.59,8774.42,175.24,174.53,188.83,175.24,79.49,668.23,70.93,31.14,74.73,56884.5,97.2,61.5,13183
step2a,L4,2040,6251,1,8192,128,10,1,200,760.72,0.26,33.65,2187.15,4171.44,4466.01,10810.00,175.52,174.51,189.20,175.52,79.50,667.43,70.74,31.05,75.07,57009.8,96.7,60.9,13250
step2a,L4,2040,6251,1,8192,128,10,2,200,761.53,0.26,33.62,2184.81,4178.33,4483.35,10861.31,175.69,174.58,188.91,175.69,79.53,668.03,70.83,30.75,74.40,57010.7,96.9,61.0,13235
step2a,L4,2040,6251,1,8192,128,10,3,200,758.48,0.26,33.75,2193.61,4149.39,4459.32,10647.18,175.08,173.89,187.39,175.08,79.56,660.11,70.8,30.85,74.50,56784.4,96.9,61.3,13179
step2a,L4,2040,6251,1,8192,128,50,1,200,758.97,0.26,33.73,2192.19,4159.78,4465.65,10815.81,175.21,173.59,187.27,175.21,79.60,659.55,70.88,31.15,74.35,56795.6,97.1,61.3,13170
step2a,L4,2040,6251,1,8192,128,50,2,200,760.27,0.26,33.67,2188.44,4172.20,4462.84,10800.14,175.47,174.59,189.30,175.47,79.55,674.78,70.83,31.19,73.99,56917.5,97.0,61.2,13204
step2a,L4,2040,6251,1,8192,128,50,3,200,760.70,0.26,33.65,2187.18,4177.69,4464.82,11055.49,175.55,174.54,189.15,175.55,79.60,672.31,70.86,31.29,75.12,56947.5,97.0,61.1,13211
step2a,L4,2040,6251,1,8192,512,1,1,200,1642.70,0.12,62.34,1059.60,4095.95,4465.18,8635.41,103.13,102.88,106.29,103.13,79.46,652.60,71.48,31.14,74.02,124209,98.6,81.7,28008
step2a,L4,2040,6251,1,8192,512,1,2,200,1644.60,0.12,62.26,1058.37,4110.91,4466.17,8686.86,103.24,103.08,106.75,103.24,79.47,654.89,71.43,31.24,73.94,124385,98.5,81.5,28062
step2a,L4,2040,6251,1,8192,512,1,3,200,1643.48,0.12,62.31,1059.09,4104.67,4465.39,8600.27,103.17,103.02,106.65,103.17,79.45,655.60,71.43,31.42,73.92,124307,98.5,81.6,28042
step2a,L4,2040,6251,1,8192,512,10,1,200,1641.37,0.12,62.39,1060.46,4154.21,4465.81,10720.11,103.17,102.93,106.30,103.17,79.47,653.42,71.45,31.29,74.54,124143,98.7,81.7,27984
step2a,L4,2040,6251,1,8192,512,10,2,200,1642.58,0.12,62.34,1059.67,4164.59,4465.80,10820.49,103.23,103.03,106.72,103.23,79.48,654.88,71.43,31.33,74.34,124269,98.6,81.6,28030
step2a,L4,2040,6251,1,8192,512,10,3,200,1641.62,0.12,62.38,1060.29,4156.31,4466.28,10749.41,103.18,102.96,106.35,103.18,79.48,653.28,71.41,31.23,75.00,124204,98.6,81.7,28020
step2a,L4,2040,6251,1,8192,512,50,1,200,1642.37,0.12,62.35,1059.81,4168.38,4467.49,10914.44,103.23,102.99,106.73,103.23,79.49,654.18,71.43,31.23,75.09,124251,98.6,81.6,28022
step2a,L4,2040,6251,1,8192,512,50,2,200,1642.99,0.12,62.33,1059.41,4177.10,4466.10,11133.26,103.25,103.17,106.82,103.25,79.48,655.11,71.43,31.17,74.55,124319,98.5,81.6,28044
step2a,L4,2040,6251,1,8192,512,50,3,200,1642.43,0.12,62.35,1059.77,4171.06,4467.24,10917.00,103.23,103.02,106.84,103.23,79.48,655.33,71.43,31.38,74.46,124246,98.6,81.6,28021
step2a,L4,2040,6251,1,8192,1024,1,1,200,2819.76,0.07,72.63,653.60,4106.65,4465.52,8824.86,91.24,91.18,92.86,91.24,79.45,645.79,71.66,31.23,74.92,214070,99.2,89.2,47785
step2a,L4,2040,6251,1,8192,1024,1,2,200,2821.90,0.07,72.58,653.11,4121.00,4465.84,8804.47,91.30,91.33,93.16,91.30,79.46,647.33,71.64,31.19,74.30,214265,99.1,89.1,47833
step2a,L4,2040,6251,1,8192,1024,1,3,200,2820.95,0.07,72.60,653.33,4115.52,4465.88,8790.14,91.27,91.31,93.13,91.27,79.45,647.25,71.66,31.48,74.36,214157,99.2,89.2,47798
step2a,L4,2040,6251,1,8192,1024,10,1,200,2819.40,0.07,72.64,653.69,4172.92,4466.26,10841.10,91.28,91.30,93.14,91.28,79.45,646.76,71.63,31.14,74.94,214122,99.2,89.1,47811
step2a,L4,2040,6251,1,8192,1024,10,2,200,2819.41,0.07,72.64,653.68,4175.56,4466.37,10893.48,91.28,91.29,93.15,91.28,79.44,647.48,71.64,31.19,74.82,214122,99.1,89.1,47800
step2a,L4,2040,6251,1,8192,1024,10,3,200,2818.35,0.07,72.67,653.93,4163.07,4466.66,10833.63,91.25,91.19,93.04,91.25,79.45,646.34,71.67,31.37,74.52,213988,99.2,89.2,47746
step2a,L4,2040,6251,1,8192,1024,50,1,200,2817.77,0.07,72.68,654.06,4169.94,4466.89,11230.16,91.24,91.18,92.81,91.24,79.44,646.12,71.63,31.29,74.84,214036,99.1,89.1,47785
step2a,L4,2040,6251,1,8192,1024,50,2,200,2818.41,0.07,72.66,653.91,4176.65,4466.11,11246.88,91.25,91.26,93.10,91.25,79.44,646.81,71.64,31.24,74.61,214051,99.2,89.2,47770
step2a,L4,2040,6251,1,8192,1024,50,3,200,2819.42,0.07,72.64,653.68,4180.80,4467.63,11041.54,91.28,91.29,93.15,91.28,79.45,648.58,71.66,31.53,75.03,214122,99.2,89.2,47795
step2b,L4,2040,6251,1,8192,32,1,1,200,539.27,0.37,11.87,3049.66,4363.47,4465.54,9902.36,462.35,463.47,502.08,462.35,638.16,678.62,70.48,29.98,74.14,39871.5,96.3,46.5,9427
step2b,L4,2040,6251,1,8192,32,1,2,200,540.43,0.37,11.84,3043.15,4376.07,4467.91,10026.32,463.26,464.23,504.51,463.26,638.25,676.95,70.44,31.15,73.83,40034.8,96.0,46.3,9476
step2b,L4,2040,6251,1,8192,32,1,3,200,541.21,0.37,11.83,3038.76,4385.95,4484.76,10168.40,463.83,464.77,509.93,463.83,638.44,677.59,70.46,30.98,74.09,40101.1,96.0,46.2,9492
step2b,L4,2040,6251,1,8192,32,10,1,200,539.83,0.37,11.86,3046.52,4162.74,4465.20,10610.03,473.30,467.61,521.89,473.30,639.40,680.79,70.57,31.05,74.48,39981.2,96.4,46.4,9450
step2b,L4,2040,6251,1,8192,32,10,2,200,542.99,0.37,11.79,3028.77,4189.92,4467.15,10631.48,475.98,471.66,530.25,475.98,639.99,681.62,70.4,31.19,74.63,40319.8,95.8,45.8,9560
step2b,L4,2040,6251,1,8192,32,10,3,200,540.53,0.37,11.84,3042.56,4169.71,4467.24,10609.89,473.85,467.76,528.85,473.85,639.47,681.38,70.24,31.14,75.06,40159.2,95.6,45.9,9537
step2b,L4,2040,6251,1,8192,128,1,1,200,762.04,0.26,33.59,2183.34,4108.54,4464.87,8569.75,175.44,174.77,189.94,175.44,79.52,671.30,70.56,30.76,74.37,57133,96.3,60.8,13309
step2b,L4,2040,6251,1,8192,128,1,2,200,762.39,0.26,33.58,2182.36,4113.10,4467.16,8597.04,175.49,174.81,188.48,175.49,79.46,666.95,70.76,31.19,74.32,57044.3,96.8,61.0,13248
step2b,L4,2040,6251,1,8192,128,1,3,200,762.36,0.26,33.58,2182.42,4113.58,4465.47,8775.15,175.48,174.20,189.51,175.48,79.54,666.65,70.9,31.15,73.85,56994.4,97.1,61.2,13214
step2b,L4,2040,6251,1,8192,128,10,1,200,759.20,0.26,33.72,2191.51,4155.24,4465.68,10650.56,175.23,173.75,187.18,175.23,79.57,660.10,70.84,31.15,74.90,56816.5,97.0,61.3,13178
step2b,L4,2040,6251,1,8192,128,10,2,200,758.38,0.26,33.76,2193.89,4150.92,4463.13,10816.88,175.04,173.73,187.09,175.04,79.54,659.28,70.82,31.19,75.58,56763.1,97.0,61.3,13167
step2b,L4,2040,6251,1,8192,128,10,3,200,759.97,0.26,33.69,2189.30,4162.41,4466.42,10682.62,175.38,174.04,189.25,175.38,79.58,660.91,70.97,31.57,75.11,56825.5,97.3,61.4,13160
step2b,L4,2040,6251,2,8192,32,1,1,200,305.44,0.65,20.95,5384.41,10145.69,11018.65,11398.75,369.69,380.08,381.62,369.69,381.88,397.77,138.67,27.52,74.49,45148.2,94.0,39.1,10903
step2b,L4,2040,6251,2,8192,32,1,2,200,307.26,0.65,20.83,5352.54,10247.37,11046.08,11439.53,371.83,381.30,383.12,371.83,383.44,397.22,138.56,30.76,74.69,45627.7,93.4,38.7,11035
step2b,L4,2040,6251,2,8192,32,1,3,200,307.18,0.65,20.83,5353.94,10241.86,11049.70,11443.65,371.74,381.08,382.95,371.74,383.40,397.92,138.35,30.80,74.34,45666.7,93.2,38.6,11065
step2b,L4,2040,6251,2,8192,32,10,1,200,305.07,0.66,20.98,5390.83,11019.84,11034.08,17003.93,372.81,380.66,381.83,372.81,383.69,397.53,138.71,30.71,74.76,45373.1,93.7,38.7,10960
step2b,L4,2040,6251,2,8192,32,10,2,200,305.58,0.65,20.94,5381.94,11038.18,11046.89,17007.86,373.42,381.13,383.37,373.42,383.69,398.72,138.92,30.63,74.30,45423.2,93.9,38.7,10958
step2b,L4,2040,6251,2,8192,32,10,3,200,305.41,0.65,20.96,5384.87,11031.88,11047.74,17010.68,373.23,381.04,382.69,373.23,384.16,397.88,138.42,30.48,74.15,45482.3,93.4,38.5,11001
step2b,L4,2040,6251,2,8192,128,1,1,200,377.33,0.53,67.85,4409.43,2704.20,2758.82,5177.67,194.23,199.02,207.36,194.81,58.40,408.85,139.47,30.48,74.38,56341.6,94.6,50.0,13519
step2b,L4,2040,6251,2,8192,128,1,2,200,376.60,0.53,67.98,4417.97,2693.77,2761.94,4959.72,193.88,199.30,207.55,193.88,58.09,409.27,138.74,26.93,74.11,56166.3,94.3,49.7,13538
step2b,L4,2040,6251,2,8192,128,1,3,200,377.41,0.53,67.83,4408.44,2758.89,2762.30,5230.44,193.85,199.09,207.17,193.85,58.07,408.74,139.29,30.03,74.07,56345.6,94.6,50.0,13532
step2b,L4,2040,6251,2,8192,128,10,1,200,376.09,0.53,68.07,4423.97,3194.78,2764.10,17202.12,194.54,199.29,207.86,194.54,58.16,409.39,139.77,30.25,74.24,56159.2,95.0,50.0,13442
step2b,L4,2040,6251,2,8192,128,10,2,200,375.65,0.53,68.15,4429.10,3189.49,2761.96,17147.01,194.33,199.24,207.32,194.33,58.12,408.36,139.54,30.31,74.12,56162.1,94.8,50.0,13469
step2b,L4,2040,6251,2,8192,128,10,3,200,376.08,0.53,68.07,4424.07,3194.10,2764.13,17184.61,194.54,199.34,207.74,194.54,58.17,409.09,139.48,30.31,75.12,56284,94.5,49.8,13514
step2b,L4,2040,6251,4,8192,32,1,1,200,207.81,0.96,30.80,7913.93,4885.89,4721.27,11503.95,191.39,235.43,236.32,191.39,232.77,243.13,257.7,26.34,72.79,58492.3,86.5,33.7,15396
step2b,L4,2040,6251,4,8192,32,1,2,200,207.75,0.96,30.81,7916.13,4922.90,4747.45,11610.17,191.44,235.43,236.27,191.44,233.11,243.16,257.29,27.00,73.85,58807.1,86.0,33.6,15517
step2b,L4,2040,6251,4,8192,32,1,3,200,207.83,0.96,30.79,7913.15,4896.71,4739.50,11538.79,191.31,235.55,236.22,191.31,232.98,243.14,256.87,27.07,73.17,59011,85.3,33.3,15619
step2b,L4,2040,6251,4,8192,32,10,1,200,188.54,1.06,33.95,8722.93,20489.63,21861.80,23662.21,230.13,235.19,235.59,230.13,236.53,242.54,264.73,27.07,72.72,55409.8,90.4,33.5,14176
step2b,L4,2040,6251,4,8192,32,10,2,200,188.90,1.06,33.88,8706.09,20530.37,21909.79,23696.01,230.57,235.67,236.10,230.57,236.91,243.33,263,27.07,73.06,55664.2,89.6,33.0,14332
step2b,L4,2040,6251,4,8192,32,10,3,200,188.57,1.06,33.94,8721.38,20493.00,21871.42,23664.32,230.17,235.24,235.67,230.17,236.38,242.47,264.35,27.17,72.42,55444.2,90.3,33.4,14197
step2b,L4,2040,6251,4,8192,128,1,1,200,232.78,0.86,109.98,7147.54,2079.70,1922.53,6042.95,219.90,260.97,266.31,219.90,273.91,284.95,270.1,26.93,73.78,69150.5,92.0,50.2,17241
step2b,L4,2040,6251,4,8192,128,1,2,200,232.67,0.86,110.03,7150.94,2074.18,1922.70,5986.34,219.75,260.85,266.48,219.75,273.79,284.48,269.3,27.06,73.65,69416.6,91.2,49.8,17357
step2b,L4,2040,6251,4,8192,128,1,3,200,232.68,0.86,110.02,7150.55,2072.90,1923.15,5968.88,219.78,260.98,266.38,219.78,273.92,284.17,270.88,26.97,74.62,69099.1,92.2,50.5,17173
step2b,L4,2040,6251,4,8192,128,10,1,200,225.79,0.89,113.38,7368.71,3613.19,1927.20,24179.97,242.45,261.00,264.60,242.45,275.02,282.39,271.18,27.21,73.52,67276.6,92.4,50.6,16690
step2b,L4,2040,6251,4,8192,128,10,2,200,226.08,0.88,113.23,7359.36,3617.84,1930.03,24212.54,242.76,261.30,264.97,242.76,275.20,282.73,269.89,27.16,74.29,67688.1,91.5,50.0,16887
step2b,L4,2040,6251,4,8192,128,10,3,200,225.93,0.89,113.31,7364.39,3614.59,1928.20,24179.68,242.60,261.05,264.81,242.60,275.02,282.94,269.7,27.06,73.22,67652.3,91.4,50.1,16878
step2b,L4,2040,6251,8,8192,32,1,1,200,202.85,0.99,31.55,8107.65,1754.63,1348.78,4815.42,88.20,76.15,178.77,88.20,14.99,209.08,444.29,26.82,69.53,97660,73.5,24.9,30544
step2b,L4,2040,6251,8,8192,32,1,2,200,202.85,0.99,31.55,8107.53,1755.80,1322.63,4845.94,87.41,72.86,178.01,87.45,14.85,182.75,444.27,27.21,70.05,99429.2,72.1,24.5,31113
step2b,L4,2040,6251,8,8192,32,1,3,200,202.84,0.99,31.55,8107.74,1752.79,1323.28,4837.27,87.02,72.88,177.86,87.02,14.95,182.80,443.5,27.06,69.77,99522.6,71.8,24.5,31232
step2b,L4,2040,6251,8,8192,32,10,1,200,142.31,1.41,44.97,11556.78,32387.04,38659.41,38694.79,173.49,177.44,177.68,173.49,177.97,181.14,484.22,26.96,69.67,79193.9,87.3,25.4,22446
step2b,L4,2040,6251,8,8192,32,10,2,200,142.33,1.41,44.97,11555.21,32389.27,38667.57,38694.59,173.52,177.47,177.75,173.52,178.00,181.45,483.28,26.72,69.45,79229.7,87.0,25.3,22474
step2b,L4,2040,6251,8,8192,32,10,3,200,142.14,1.41,45.03,11570.12,32344.01,38606.53,38644.16,173.29,177.23,177.47,173.29,177.59,181.21,482.28,26.91,69.66,79010.6,87.0,25.3,22440
step2b,L4,2040,6251,8,8192,128,1,1,200,204.28,0.98,125.32,8144.90,1825.66,1428.95,4840.43,63.82,50.73,178.87,63.82,19.12,202.84,487.81,26.96,74.94,110727,85.8,35.3,31059
step2b,L4,2040,6251,8,8192,128,1,2,200,204.31,0.98,125.30,8143.48,1821.68,1422.47,4840.87,63.27,50.67,178.58,63.30,19.51,200.87,487.13,26.90,74.20,110785,85.6,35.3,31150
step2b,L4,2040,6251,8,8192,128,1,3,200,204.27,0.98,125.33,8145.18,1822.86,1421.91,4840.24,63.24,50.54,178.59,63.25,18.56,200.75,486.35,26.91,74.14,110973,85.3,35.1,31242
step2b,L4,2040,6251,8,8192,128,10,1,200,162.23,1.23,157.80,10255.85,23336.95,24988.04,39804.54,184.62,199.93,200.13,184.62,200.42,206.13,505.61,26.91,74.11,93558.4,88.6,36.9,25142
step2b,L4,2040,6251,8,8192,128,10,2,200,162.19,1.23,157.84,10258.43,23330.60,24982.86,39796.47,184.58,199.88,200.11,184.58,200.38,206.40,502.55,26.83,73.44,93499.2,88.1,36.8,25287
step2b,L4,2040,6251,8,8192,128,10,3,200,162.27,1.23,157.76,10253.00,23344.47,24994.74,39832.88,184.67,199.99,200.18,184.67,200.36,206.65,504.1,26.96,73.03,93720.3,88.2,36.8,25234
step2c,L4,2040,6251,4,8192,32,1,1,200,207.75,0.96,30.81,7916.36,4867.93,4696.35,11485.13,191.45,235.23,236.06,191.45,232.77,243.13,257.8,26.68,73.30,58721.3,86.2,33.6,15460
step2c,L4,2040,6251,4,8192,32,1,2,200,207.75,0.96,30.81,7916.10,4876.65,4715.86,11509.48,191.09,235.36,235.97,191.09,232.84,243.11,256.32,27.11,73.23,58947.2,85.1,33.2,15631
step2c,L4,2040,6251,4,8192,32,1,3,200,207.78,0.96,30.80,7915.10,4966.65,4766.39,11692.37,191.78,235.56,236.42,192.61,233.38,243.65,255.94,27.07,73.01,59157.7,84.8,33.1,15715
step2c,L4,1830,6251,4,8192,32,1,1,200,207.74,0.96,30.81,7916.64,4893.32,4731.47,11544.27,191.17,235.27,236.01,191.17,232.69,242.77,256.42,27.02,73.11,59000.7,85.1,33.3,15655
step2c,L4,1830,6251,4,8192,32,1,2,200,207.72,0.96,30.81,7917.38,4899.60,4722.77,11574.55,191.18,235.17,236.03,191.18,232.82,242.77,256.35,27.02,73.26,59101.9,85.0,33.2,15676
step2c,L4,1830,6251,4,8192,32,1,3,200,207.72,0.96,30.81,7917.55,4841.08,4635.02,11448.08,190.59,235.09,235.73,190.59,232.42,242.63,256.73,27.02,73.18,58949.1,85.2,33.3,15612
step2c,L4,1620,6251,4,8192,32,1,1,200,207.77,0.96,30.80,7915.65,4932.34,4750.87,11625.43,191.45,235.48,236.33,191.45,232.98,243.69,256.24,27.06,74.41,59000.9,85.2,33.4,15655
step2c,L4,1620,6251,4,8192,32,1,2,200,207.74,0.96,30.81,7916.58,4932.33,4745.89,11634.17,191.35,235.37,236.22,191.35,232.99,243.25,256.37,26.97,72.96,58986.8,85.3,33.3,15635
step2c,L4,1620,6251,4,8192,32,1,3,200,207.71,0.96,30.81,7917.83,4866.95,4695.38,11502.74,191.06,235.17,235.99,191.06,232.83,242.92,255.93,26.91,73.14,58957.9,85.0,33.2,15639
step2c,L4,1410,6251,4,8192,32,1,1,200,207.74,0.96,30.81,7916.47,4886.37,4607.68,11466.84,189.82,235.22,373.31,189.82,232.01,242.72,255.24,27.07,72.81,58717.7,85.0,33.4,15068
step2c,L4,1410,6251,4,8192,32,1,2,200,207.74,0.96,30.81,7916.61,4922.07,4744.84,11609.67,191.31,235.30,236.13,191.31,232.82,243.44,256.74,26.93,72.92,58931.7,85.4,33.4,15606
step2c,L4,1410,6251,4,8192,32,1,3,200,207.75,0.96,30.81,7916.19,4880.14,4716.46,11520.59,190.91,235.28,235.95,190.91,232.77,242.86,255.71,27.02,73.88,58987.8,84.9,33.1,15683
step2c,L4,1200,6251,4,8192,32,1,1,200,207.76,0.96,30.65,7876.28,4928.35,4758.90,11617.20,189.39,235.44,236.37,189.39,232.80,243.66,256.19,26.98,73.09,59151.8,85.0,33.4,15700
step2c,L4,1200,6251,4,8192,32,1,2,200,207.74,0.96,30.81,7916.54,4896.46,4734.37,11558.34,191.09,235.40,236.12,191.09,232.75,243.00,256.74,27.01,73.16,59121.3,85.1,33.2,15654
step2c,L4,1200,6251,4,8192,32,1,3,200,207.74,0.96,30.81,7916.55,4894.81,4736.06,11549.64,191.21,235.34,236.01,191.31,232.72,243.46,255.78,26.98,72.97,59068.1,84.8,33.2,15705
step2c,L4,990,6251,4,8192,32,1,1,200,207.75,0.96,30.81,7916.11,4921.13,4750.88,11602.89,191.21,235.36,236.20,191.21,232.83,243.50,256.9,27.02,73.22,59020.9,85.2,33.4,15630
step2c,L4,990,6251,4,8192,32,1,2,200,207.75,0.96,30.81,7916.10,4941.27,4757.69,11644.74,191.26,235.39,236.28,191.26,233.03,242.96,256.67,27.12,72.95,59141.7,85.1,33.2,15673
step2c,L4,990,6251,4,8192,32,1,3,200,207.75,0.96,30.81,7916.20,4967.21,4759.60,11704.20,191.55,235.45,236.58,191.55,233.12,243.63,256.61,27.02,73.31,59089.1,85.2,33.3,15637
step2c,L4,780,6251,4,8192,32,1,1,200,207.75,0.96,30.81,7916.24,4911.32,4745.53,11584.10,191.21,235.39,236.17,191.21,232.85,243.80,256.47,26.92,73.20,58879.2,85.5,33.5,15598
step2c,L4,780,6251,4,8192,32,1,2,200,207.78,0.96,30.65,7875.63,4788.82,4494.27,11633.86,191.22,235.59,236.30,191.22,233.09,243.19,255.77,27.06,73.39,58968.1,84.7,33.1,15664
step2c,L4,780,6251,4,8192,32,1,3,200,207.76,0.96,30.81,7915.97,4953.57,4750.48,11668.27,191.69,235.48,236.46,191.69,233.13,244.36,256.85,27.06,72.99,59216.5,85.2,33.4,15662
step2c,L4,570,6251,4,8192,32,1,1,200,207.76,0.96,30.80,7915.68,4876.24,4713.04,11511.36,191.35,235.41,236.07,191.35,232.86,243.11,256.39,26.92,73.47,59052.6,85.1,33.3,15647
step2c,L4,570,6251,4,8192,32,1,2,200,207.77,0.96,30.80,7915.35,4878.88,4715.38,11515.29,191.10,235.45,235.95,191.13,232.79,243.45,256.44,26.92,74.07,59104.1,85.0,33.2,15662
step2c,L4,570,6251,4,8192,32,1,3,200,207.76,0.96,30.80,7915.72,4907.33,4746.54,11578.49,191.15,235.45,236.07,191.15,233.06,242.83,256.42,27.07,72.95,58942.4,85.3,33.4,15637
step2c,L4,360,6251,4,8192,32,1,1,200,207.78,0.96,30.80,7915.03,4934.62,4764.35,11620.08,191.70,235.66,236.38,191.70,233.18,243.42,256.42,26.98,73.34,59178.6,85.1,33.3,15696
step2c,L4,360,6251,4,8192,32,1,2,200,207.76,0.96,30.80,7915.73,4954.05,4760.10,11674.03,191.58,235.54,236.40,191.58,233.20,244.05,256.43,27.16,72.62,59129.3,85.2,33.3,15667
step2c,L4,360,6251,4,8192,32,1,3,200,207.72,0.96,30.81,7917.39,4915.53,4731.11,11604.72,191.49,235.26,236.14,191.49,232.99,242.96,255.88,27.02,73.02,59068.3,85.0,33.2,15691
step2c,L4,210,6251,4,8192,32,1,1,200,207.77,0.96,30.80,7915.51,4921.90,4756.22,11601.53,191.26,235.56,236.21,191.26,232.85,243.44,255.92,26.93,73.21,59021.9,85.0,33.2,15675
step2c,L4,210,6251,4,8192,32,1,2,200,207.73,0.96,30.81,7916.90,4926.86,4737.84,11621.92,191.37,235.26,236.29,191.37,232.87,242.95,256.03,27.12,73.06,59112,84.8,33.1,15700
step2c,L4,210,6251,4,8192,32,1,3,200,207.75,0.96,30.81,7916.23,4898.36,4739.88,11556.14,191.23,235.33,236.18,191.23,232.84,242.98,257.58,26.97,73.37,58820.5,85.9,33.5,15512
step2c,L4,2040,6251,8,8192,32,1,1,200,202.85,0.98,31.39,8066.89,1747.10,1328.41,4812.33,88.04,76.03,178.51,88.04,14.86,209.26,441.4,26.67,70.27,97915.7,72.7,24.9,30862
step2c,L4,2040,6251,8,8192,32,1,2,200,202.85,0.99,31.55,8107.64,1754.61,1322.90,4839.73,87.48,73.38,178.00,87.48,14.79,183.03,443.38,27.20,69.81,99814.4,71.7,24.5,31279
step2c,L4,2040,6251,8,8192,32,1,3,200,202.84,0.99,31.55,8107.84,1750.19,1323.23,4832.23,87.03,72.86,177.70,87.03,14.77,182.52,444.86,27.01,69.86,99151.1,72.3,24.8,30982
step2c,L4,1830,6251,8,8192,32,1,1,200,202.84,0.99,31.55,8107.68,1751.15,1323.11,4834.32,87.05,72.91,177.89,87.05,14.83,182.61,443.97,26.86,69.35,99641.7,71.9,24.6,31196
step2c,L4,1830,6251,8,8192,32,1,2,200,202.84,0.99,31.55,8107.86,1746.50,1320.57,4821.36,86.92,72.39,177.52,86.92,14.78,182.74,442.39,26.96,69.73,99495.1,71.6,24.6,31293
step2c,L4,1830,6251,8,8192,32,1,3,200,202.84,0.99,31.55,8107.77,1747.72,1321.54,4824.29,86.97,72.43,177.63,86.97,14.83,182.79,442.33,27.01,69.67,99720.4,71.5,24.5,31369
step2c,L4,1620,6251,8,8192,32,1,1,200,202.84,0.99,31.55,8108.02,1750.07,1320.78,4830.04,86.99,72.44,177.75,86.99,14.91,182.78,443.66,26.86,69.35,99588.3,71.7,24.6,31233
step2c,L4,1620,6251,8,8192,32,1,2,200,202.84,0.99,31.55,8107.82,1747.79,1321.50,4821.68,86.94,72.78,177.66,86.94,14.85,182.63,442.42,26.91,69.61,99399,71.7,24.6,31264
step2c,L4,1620,6251,8,8192,32,1,3,200,202.84,0.99,31.55,8107.96,1750.06,1322.46,4826.79,87.00,72.84,177.80,87.03,14.79,182.66,442.94,26.91,70.16,99632.7,71.6,24.6,31299
step2c,L4,1410,6251,8,8192,32,1,1,200,202.84,0.98,31.39,8067.32,1658.69,1303.96,4646.57,86.51,72.32,177.71,86.51,14.80,182.46,441.28,26.86,69.75,99316.5,71.2,24.4,31306
step2c,L4,1410,6251,8,8192,32,1,2,200,202.84,0.99,31.55,8107.73,1746.90,1321.02,4824.62,87.07,73.29,177.68,87.07,14.82,182.68,442.37,27.01,69.98,99446.2,71.6,24.6,31278
step2c,L4,1410,6251,8,8192,32,1,3,200,202.83,0.99,31.55,8108.12,1750.11,1322.47,4827.48,87.00,72.81,177.91,87.00,14.83,182.76,442.85,26.91,70.55,99377.7,71.8,24.6,31198
step2c,L4,1200,6251,8,8192,32,1,1,200,202.84,0.99,31.55,8107.74,1748.41,1325.23,4827.65,87.02,72.84,177.73,87.02,14.90,182.62,442.94,26.91,70.74,99512.9,71.7,24.6,31259
step2c,L4,1200,6251,8,8192,32,1,2,200,202.84,0.99,31.55,8107.86,1751.49,1323.91,4830.62,87.06,72.88,177.88,87.06,14.74,182.68,442.63,27.01,70.20,99782.5,71.4,24.5,31325
step2c,L4,1200,6251,8,8192,32,1,3,200,202.84,0.99,31.55,8107.98,1750.24,1322.31,4822.81,86.98,72.82,177.69,86.98,14.83,182.59,443.57,26.96,70.14,99276,72.0,24.7,31138
step2c,L4,990,6251,8,8192,32,1,1,200,202.84,0.99,31.55,8107.77,1748.10,1322.55,4826.05,87.03,72.94,177.75,87.03,14.90,182.84,443.28,26.86,70.06,99331.3,71.9,24.6,31133
step2c,L4,990,6251,8,8192,32,1,2,200,202.84,0.99,31.55,8107.73,1750.00,1323.22,4828.65,87.00,72.45,177.75,87.00,14.86,182.84,442.19,26.96,69.71,99680.7,71.4,24.4,31360
step2c,L4,990,6251,8,8192,32,1,3,200,202.84,0.99,31.55,8107.84,1747.35,1321.65,4827.97,87.03,72.89,177.70,87.03,14.70,182.67,442.08,26.91,70.48,99591.3,71.4,24.5,31303
step2c,L4,780,6251,8,8192,32,1,1,200,202.84,0.99,31.55,8107.78,1746.89,1320.62,4824.66,86.96,72.82,177.83,86.96,14.75,185.00,442.1,26.91,70.07,99398.4,71.6,24.6,31259
step2c,L4,780,6251,8,8192,32,1,2,200,202.83,0.99,31.55,8108.38,1737.19,1311.55,4815.29,87.02,72.82,177.69,87.02,14.87,182.31,442.24,27.01,70.64,99534.3,71.6,24.6,31296
step2c,L4,780,6251,8,8192,32,1,3,200,202.83,0.99,31.55,8108.19,1738.08,1307.67,4812.32,86.97,72.37,177.71,86.97,14.88,182.87,442.21,26.91,69.79,99379.6,71.7,24.6,31235
step2c,L4,570,6251,8,8192,32,1,1,200,202.83,0.99,31.55,8108.28,1737.92,1310.30,4815.56,87.02,72.84,177.69,87.02,14.96,183.32,443.21,26.79,69.86,99423.6,71.8,24.6,31204
step2c,L4,570,6251,8,8192,32,1,2,200,202.83,0.99,31.55,8108.20,1736.87,1309.38,4808.09,86.83,72.40,177.57,86.83,14.91,182.70,443.33,26.96,69.65,99392.5,71.9,24.7,31171
step2c,L4,570,6251,8,8192,32,1,3,200,202.84,0.99,31.55,8107.94,1742.50,1310.44,4817.30,87.16,72.37,177.84,87.18,14.82,183.27,443.38,26.91,69.58,99427.7,71.8,24.6,31200
step2c,L4,360,6251,8,8192,32,1,1,200,202.84,0.99,31.55,8107.85,1744.64,1322.13,4826.63,87.25,72.80,177.69,87.25,14.93,182.78,442.83,26.86,70.06,99550.8,71.6,24.6,31252
step2c,L4,360,6251,8,8192,32,1,2,200,202.84,0.99,31.55,8108.02,1744.88,1324.45,4819.79,86.81,73.20,177.54,86.81,14.92,182.47,441.18,26.89,70.18,99422.4,71.5,24.6,31327
step2c,L4,360,6251,8,8192,32,1,3,200,202.84,0.99,31.55,8107.80,1744.21,1318.48,4822.06,87.17,72.82,177.56,87.17,14.90,182.90,443.63,26.96,70.66,99032.1,72.1,24.8,31047
step2c,L4,210,6251,8,8192,32,1,1,200,202.84,0.99,31.55,8107.82,1744.18,1321.74,4813.21,86.93,72.79,177.49,87.03,14.92,183.70,442.88,26.96,69.86,99200,71.9,24.7,31175
step2c,L4,210,6251,8,8192,32,1,2,200,202.84,0.99,31.55,8107.90,1748.71,1322.73,4824.87,86.91,72.82,177.75,86.91,14.85,182.68,442.92,26.98,70.24,99414,71.8,24.6,31218
step2c,L4,210,6251,8,8192,32,1,3,200,202.84,0.99,31.55,8107.74,1747.62,1321.94,4823.53,87.00,72.87,177.67,87.00,14.78,182.60,443.22,26.91,69.58,99509.4,71.7,24.6,31204
step2d,L4,2040,6251,4,8192,512,1,1,200,379.79,0.53,269.62,4583.05,1706.80,1755.46,3058.98,103.62,109.88,111.26,103.62,59.67,285.71,277.31,26.53,73.61,114132,95.2,68.8,27569
step2d,L4,2040,6251,4,8192,512,1,2,200,379.35,0.53,269.94,4588.41,1696.68,1750.37,3047.91,103.51,109.73,110.97,103.51,59.56,285.40,276.29,27.01,73.73,114607,94.4,68.3,27798
step2d,L4,2040,6251,4,8192,512,1,3,200,379.41,0.53,269.89,4587.63,1700.83,1749.04,3033.02,103.52,109.73,110.96,103.52,59.60,285.63,276.07,27.01,74.12,114696,94.2,68.2,27853
step2d,L4,2040,6251,4,8192,512,10,1,200,373.79,0.54,273.95,4656.67,3681.68,1977.02,24192.72,103.19,109.09,110.77,103.19,59.60,280.11,276.67,26.91,73.70,113056,94.7,68.2,27354
step2d,L4,2040,6251,4,8192,512,10,2,200,374.18,0.53,273.66,4651.75,3606.71,1928.89,24220.23,103.46,109.71,110.99,103.46,59.66,280.30,276.44,27.02,74.15,113288,94.5,68.0,27461
step2d,L4,2040,6251,4,8192,512,10,3,200,374.14,0.53,273.69,4652.27,3606.75,1928.10,24234.79,103.44,109.63,110.92,103.44,59.68,280.48,276.48,27.07,74.20,113220,94.6,68.2,27417
step2d,L4,2040,6251,4,8192,1024,1,1,200,577.52,0.35,354.62,3191.24,1720.54,1758.30,3044.56,80.48,84.70,85.34,80.57,59.59,283.29,280.4,27.11,74.41,175418,96.3,78.1,41826
step2d,L4,2040,6251,4,8192,1024,1,2,200,577.52,0.35,354.62,3191.21,1703.55,1749.41,3053.00,80.51,84.72,85.39,80.51,59.60,283.15,280.11,27.01,74.16,175490,96.2,78.1,41886
step2d,L4,2040,6251,4,8192,1024,1,3,200,577.52,0.35,354.62,3191.23,1697.68,1750.08,3035.36,80.51,84.73,85.42,80.53,59.61,283.51,280.28,27.11,74.34,175460,96.3,78.1,41838
step2d,L4,2040,6251,4,8192,1024,10,1,200,571.75,0.35,358.20,3223.44,3607.86,1927.91,24234.14,80.39,84.60,85.24,80.39,59.56,279.46,280.86,27.07,75.21,173810,96.6,78.2,41310
step2d,L4,2040,6251,4,8192,1024,10,2,200,571.94,0.35,358.08,3222.39,3610.22,1928.24,24264.16,80.42,84.61,85.25,80.42,59.61,279.53,280.41,27.02,74.59,173909,96.4,78.1,41454
step2d,L4,2040,6251,4,8192,1024,10,3,200,571.97,0.35,358.06,3222.20,3609.10,1928.32,24248.80,80.43,84.64,85.27,80.55,59.57,279.41,280.41,27.02,75.17,173894,96.5,78.2,41405
step2d,L4,2040,6251,8,8192,512,1,1,200,254.02,0.79,403.12,6852.25,1346.03,1385.82,2922.32,65.50,73.97,75.26,65.50,34.80,204.18,526.93,26.71,74.36,147555,93.1,52.0,37813
step2d,L4,2040,6251,8,8192,512,1,2,200,253.78,0.79,403.50,6858.76,1344.09,1388.83,2902.19,65.35,73.88,75.17,65.35,34.71,204.10,528.53,27.06,73.75,148299,92.8,51.9,37904
step2d,L4,2040,6251,8,8192,512,1,3,200,253.51,0.79,403.93,6866.01,1340.93,1388.01,2899.74,65.22,73.78,75.09,65.23,34.66,204.20,524.89,26.96,73.63,148708,91.8,51.5,38276
step2d,L4,2040,6251,8,8192,512,10,1,200,264.42,0.76,387.27,6582.82,7557.89,2098.06,42134.69,139.38,154.79,158.21,139.38,85.36,238.59,532.36,26.96,73.53,156400,92.4,59.9,39511
step2d,L4,2040,6251,8,8192,512,10,2,200,264.43,0.76,387.25,6582.41,7555.47,2097.93,42118.75,139.39,154.75,158.23,139.39,85.43,238.60,535.25,27.01,73.01,156188,93.1,60.4,39190
step2d,L4,2040,6251,8,8192,512,10,3,200,264.44,0.76,387.23,6582.20,7561.12,2099.27,42154.24,139.38,154.74,158.25,139.38,85.23,238.90,533.22,27.01,73.72,156290,92.7,60.1,39342
step2d,L4,2040,6251,8,8192,1024,1,1,200,364.60,0.55,561.71,5054.88,1239.07,1088.33,1850.87,51.57,54.49,55.07,51.57,34.77,207.36,543.88,27.14,75.88,216790,95.0,62.5,53643
step2d,L4,2040,6251,8,8192,1024,1,2,200,364.71,0.55,561.54,5053.34,1237.20,1087.85,1859.73,51.59,54.53,55.07,51.59,34.79,207.48,541.14,27.06,74.59,217652,94.2,61.9,54140
step2d,L4,2040,6251,8,8192,1024,1,3,200,364.78,0.55,561.43,5052.31,1238.12,1088.38,1874.99,51.60,54.52,55.14,51.60,34.80,207.57,541.76,26.95,74.38,217588,94.3,62.1,54063
step2d,L4,2040,6251,8,8192,1024,10,1,200,403.29,0.50,507.83,4569.93,7562.74,2098.29,42174.78,109.71,119.67,121.62,109.71,84.72,238.65,546.62,26.96,73.25,240826,94.9,71.9,58484
step2d,L4,2040,6251,8,8192,1024,10,2,200,403.49,0.50,507.57,4567.62,7571.21,2102.34,42220.29,109.76,119.80,121.56,109.83,84.78,238.39,546.8,26.96,74.03,240917,94.9,72.0,58510
step2d,L4,2040,6251,8,8192,1024,10,3,200,403.30,0.50,507.80,4569.75,7570.23,2100.38,42205.02,109.70,119.72,121.58,109.70,84.70,237.95,547.16,27.06,73.96,240813,95.0,71.9,58417
step_hr_tp4,L4,2040,6251,4,1024,32,20,1,500,59.36,8.42,269.53,8886.04,6996.82,7842.65,8327.07,216.97,230.11,231.29,216.97,230.05,237.41,244.19,26.49,72.39,18155.7,80.3,34.1,5031
step_hr_tp4,L4,2040,6251,4,1024,32,20,2,500,25.68,19.47,623.04,20540.91,81.85,81.06,109.48,23.37,23.09,27.88,23.37,23.44,30.46,229.16,27.36,73.40,8938.43,66.1,59.5,2640
step_hr_tp4,L4,2040,6251,4,1024,32,20,3,500,25.69,19.47,622.89,20535.83,81.51,80.61,108.40,23.43,23.23,28.07,23.43,23.44,31.31,232.91,27.51,72.98,8792.92,68.3,61.5,2550
step_hr_tp4,L4,2040,6251,4,1024,32,30,1,500,17.43,28.68,917.91,30262.26,99.67,98.27,135.47,29.16,29.39,34.58,29.16,29.20,39.64,214.85,27.51,73.72,6586.39,57.7,47.4,2086
step_hr_tp4,L4,2040,6251,4,1024,32,30,2,500,17.42,28.70,918.50,30281.66,97.70,97.47,130.41,29.23,29.54,34.74,29.23,29.42,38.80,218.99,27.56,74.02,6451.32,59.5,48.7,1998
step_hr_tp4,L4,2040,6251,4,1024,32,30,3,500,17.43,28.68,917.90,30262.02,97.70,97.11,128.37,29.20,29.39,34.72,29.20,29.53,38.50,216.5,27.41,73.99,6552.71,58.0,47.5,2056
step_hr_tp4,L4,2040,6251,4,1024,32,50,1,500,11.76,42.53,1360.91,44867.38,180.10,165.61,340.28,59.26,52.21,91.51,59.57,51.67,148.71,203.06,27.50,73.85,4814.73,50.4,43.8,1612
step_hr_tp4,L4,2040,6251,4,1024,32,50,2,500,11.67,42.83,1370.68,45189.63,176.13,164.40,313.37,57.90,51.91,88.48,57.90,51.60,100.17,199.86,27.46,73.42,4898.31,48.7,42.2,1673
step_hr_tp4,L4,2040,6251,4,1024,32,50,3,500,11.66,42.88,1372.23,45240.71,177.85,165.32,332.41,57.58,51.93,87.85,57.93,51.04,130.45,201.47,27.56,73.22,4850.38,49.7,42.9,1641
step_hr_tp4,L4,2040,6251,4,2048,32,20,1,500,117.61,4.25,136.04,8838.44,19428.44,22186.92,22446.33,226.42,233.62,234.81,226.42,233.57,241.59,262.26,27.37,72.56,34804.1,88.7,36.6,8941
step_hr_tp4,L4,2040,6251,4,2048,32,20,2,500,117.42,4.26,136.26,8852.62,19401.36,21919.88,22361.42,225.90,232.81,233.92,225.90,232.90,240.15,258.39,27.07,72.11,35149.6,86.4,36.0,9167
step_hr_tp4,L4,2040,6251,4,2048,32,20,3,500,117.44,4.26,136.24,8851.22,19404.46,21920.56,22372.28,225.93,232.85,233.97,225.93,232.94,245.76,259.45,27.31,72.67,34960.8,87.2,36.3,9074
step_hr_tp4,L4,2040,6251,4,2048,32,30,1,500,117.45,4.26,136.23,8850.84,19659.99,21941.85,23906.15,226.07,232.94,234.10,226.07,233.05,238.97,261.55,27.11,72.58,34798.4,88.5,36.8,8960
step_hr_tp4,L4,2040,6251,4,2048,32,30,2,500,117.49,4.26,136.18,8847.50,19667.53,21954.42,23913.51,226.16,233.03,234.22,226.16,233.15,236.77,261.25,27.21,72.27,34758.5,88.6,36.9,8947
step_hr_tp4,L4,2040,6251,4,2048,32,30,3,500,117.50,4.26,136.16,8846.47,19669.99,21956.85,23913.90,226.19,233.09,234.26,226.19,233.14,237.01,259.91,27.16,72.43,34923.9,87.6,36.6,9060
step_hr_tp4,L4,2040,6251,4,2048,32,50,1,500,117.57,4.25,136.09,8841.48,19883.81,21986.05,25423.96,226.42,233.29,234.55,226.42,233.41,240.60,259.49,27.30,72.71,35151.2,86.9,36.2,9127
step_hr_tp4,L4,2040,6251,4,2048,32,50,2,500,117.54,4.25,136.12,8843.46,19881.09,21975.32,25437.31,226.33,233.22,234.46,226.33,233.31,241.87,260.36,27.07,73.10,35010.2,87.3,36.5,9064
step_hr_tp4,L4,2040,6251,4,2048,32,50,3,500,117.50,4.26,136.17,8847.08,19872.08,21959.05,25430.90,226.24,233.10,234.28,226.24,233.20,241.01,259.79,27.16,72.59,35020.1,87.3,36.5,9079
step_hr_tp4,L4,2040,6251,4,4096,32,20,1,500,239.33,2.09,66.85,8622.11,21106.93,22337.20,23773.63,234.11,237.83,238.89,234.11,237.83,243.03,266.13,27.02,72.49,69878.1,91.2,37.1,17724
step_hr_tp4,L4,2040,6251,4,4096,32,20,2,500,238.88,2.09,66.98,8638.16,21069.55,22300.69,23722.52,233.68,237.48,238.49,233.68,237.43,242.78,267.25,27.02,72.82,69678.5,91.7,37.4,17581
step_hr_tp4,L4,2040,6251,4,4096,32,20,3,500,238.96,2.09,66.96,8635.39,21076.03,22317.48,23724.40,233.76,237.56,238.34,233.76,237.41,242.60,266.96,26.88,72.86,69995.2,91.2,37.1,17692
step_hr_tp4,L4,2040,6251,4,4096,32,30,1,500,238.85,2.09,66.99,8639.38,21134.45,22309.85,24648.47,233.73,237.49,238.33,233.73,237.36,242.67,268.58,27.07,73.39,69562.4,92.3,37.7,17448
step_hr_tp4,L4,2040,6251,4,4096,32,30,2,500,238.87,2.09,66.98,8638.58,21137.93,22314.03,24666.40,233.71,237.47,238.36,233.71,237.39,242.64,268.64,27.02,72.92,69846.9,91.9,37.6,17545
step_hr_tp4,L4,2040,6251,4,4096,32,30,3,500,238.96,2.09,66.96,8635.43,21146.08,22314.07,24691.95,233.80,237.58,238.52,233.80,237.54,243.30,268.79,26.96,72.83,69740,92.2,37.6,17496
step_hr_tp4,L4,2040,6251,4,4096,32,50,1,500,238.86,2.09,66.98,8638.86,21192.79,22311.05,25443.74,233.75,237.49,238.51,233.75,237.38,242.68,267.08,26.93,72.39,69641.2,91.7,37.5,17587
step_hr_tp4,L4,2040,6251,4,4096,32,50,2,500,238.64,2.10,67.05,8647.02,21172.10,22293.98,25433.82,233.52,237.28,238.05,233.52,237.21,242.31,269.7,27.07,73.01,69705.6,92.5,37.9,17426
step_hr_tp4,L4,2040,6251,4,4096,32,50,3,500,238.87,2.09,66.98,8638.61,21193.52,22317.10,25452.32,233.75,237.51,238.39,233.75,237.40,242.78,268.58,27.15,72.62,69721.4,92.1,37.7,17535
step_hr_tp4,L4,1830,6251,4,1024,32,20,1,500,59.80,8.36,267.58,8821.62,7036.40,7910.58,8464.56,219.12,232.50,233.08,219.12,232.41,238.20,246.86,27.12,72.20,18511.5,79.9,34.3,5070
step_hr_tp4,L4,1830,6251,4,1024,32,20,2,500,25.68,19.47,623.13,20543.74,80.58,79.57,107.09,23.46,23.27,28.04,23.51,23.64,31.84,225.8,27.22,73.05,9113.84,63.4,57.0,2741
step_hr_tp4,L4,1830,6251,4,1024,32,20,3,500,25.69,19.47,622.92,20536.82,81.25,80.78,105.75,23.49,23.25,28.02,23.49,23.48,30.89,233.29,27.27,73.21,8825.5,67.9,61.1,2555
step_hr_tp4,L4,1830,6251,4,1024,32,30,1,500,17.42,28.70,918.43,30279.35,98.18,98.03,133.66,29.25,29.54,34.61,29.34,29.25,49.21,211.9,27.16,74.18,6712.56,54.9,45.0,2162
step_hr_tp4,L4,1830,6251,4,1024,32,30,2,500,17.43,28.69,918.02,30266.07,98.77,98.63,128.75,29.29,29.70,34.68,29.30,29.60,37.99,217.62,27.46,73.43,6507.17,59.0,48.4,2029
step_hr_tp4,L4,1830,6251,4,1024,32,30,3,500,17.42,28.70,918.30,30275.09,98.15,98.23,130.95,29.39,29.64,34.84,29.39,29.85,39.02,214.42,27.46,73.46,6623.89,56.8,46.5,2103
step_hr_tp4,L4,1830,6251,4,1024,32,50,1,500,11.76,42.50,1360.02,44838.21,185.49,171.70,340.95,60.53,54.35,92.61,60.53,53.19,103.14,202.25,27.30,73.36,4885.43,49.7,44.0,1649
step_hr_tp4,L4,1830,6251,4,1024,32,50,2,500,11.79,42.40,1356.82,44732.54,184.82,171.07,325.87,61.76,55.02,95.04,61.76,54.17,107.55,198.44,27.35,74.02,5004.88,47.1,41.8,1726
step_hr_tp4,L4,1830,6251,4,1024,32,50,3,500,11.77,42.49,1359.55,44822.65,184.76,171.71,330.49,60.90,54.60,93.47,60.90,53.44,104.06,201.73,27.46,73.88,4886.72,49.5,43.8,1656
step_hr_tp4,L4,1830,6251,4,2048,32,20,1,500,117.82,4.24,135.80,8822.51,19465.01,22227.38,22488.11,226.82,234.02,235.34,226.82,234.04,241.38,261.69,27.27,72.62,34937.5,88.3,37.0,8997
step_hr_tp4,L4,1830,6251,4,2048,32,20,2,500,117.68,4.25,135.96,8833.41,19445.76,21971.81,22409.23,226.40,233.35,234.38,226.40,233.38,241.59,259.55,27.11,72.12,35008.8,87.2,36.8,9092
step_hr_tp4,L4,1830,6251,4,2048,32,20,3,500,117.62,4.25,136.03,8837.67,19435.10,21966.86,22402.58,226.29,233.20,234.38,226.29,233.31,241.41,260.2,27.20,72.57,35004,87.6,37.0,9060
step_hr_tp4,L4,1830,6251,4,2048,32,30,1,500,117.76,4.25,135.88,8827.64,19713.85,22002.29,23974.13,226.68,233.59,234.74,226.68,233.65,240.22,259.05,27.17,72.24,34859.6,87.5,36.9,9071
step_hr_tp4,L4,1830,6251,4,2048,32,30,2,500,117.71,4.25,135.93,8830.97,19706.30,21999.50,23957.94,226.59,233.52,234.80,226.59,233.59,241.66,261.43,27.30,72.40,34883.5,88.5,37.3,8983
step_hr_tp4,L4,1830,6251,4,2048,32,30,3,500,117.63,4.25,136.02,8836.99,19691.69,21975.05,23948.62,226.43,233.35,234.44,226.43,233.38,240.72,259.8,27.21,72.83,35019.2,87.4,36.9,9086
step_hr_tp4,L4,1830,6251,4,2048,32,50,1,500,117.62,4.25,136.03,8837.74,19893.65,21980.06,25459.62,226.49,233.41,234.46,226.49,233.43,240.78,259.26,27.30,72.58,35057.2,87.0,36.7,9114
step_hr_tp4,L4,1830,6251,4,2048,32,50,2,500,117.75,4.25,135.88,8827.90,19916.26,22018.96,25478.50,226.74,233.61,234.99,226.74,233.74,239.31,260.03,27.07,72.89,35095.7,87.4,36.8,9094
step_hr_tp4,L4,1830,6251,4,2048,32,50,3,500,117.65,4.25,135.99,8835.23,19900.03,21992.54,25467.64,226.55,233.46,234.61,226.55,233.52,238.25,259.29,27.12,72.70,34995,87.2,36.8,9094
step_hr_tp4,L4,1830,6251,4,4096,32,20,1,500,238.97,2.09,66.96,8635.11,21077.35,22307.89,23753.00,233.75,237.51,238.36,233.75,237.48,243.05,268.24,27.07,73.04,69768.8,91.9,37.7,17540
step_hr_tp4,L4,1830,6251,4,4096,32,20,2,500,239.02,2.09,66.94,8633.16,21082.15,22317.66,23740.58,233.81,237.62,238.46,233.81,237.52,242.72,267.62,26.92,72.66,69841.7,91.7,37.6,17596
step_hr_tp4,L4,1830,6251,4,4096,32,20,3,500,238.89,2.09,66.98,8637.74,21070.22,22308.46,23723.30,233.69,237.49,238.37,233.69,237.41,242.74,266.96,26.87,72.41,69748.9,91.5,37.6,17624
step_hr_tp4,L4,1830,6251,4,4096,32,30,1,500,239.17,2.09,66.90,8627.90,21163.23,22340.27,24675.91,234.04,237.82,238.84,234.04,237.73,243.14,267.47,27.02,72.62,69690.2,91.8,37.7,17572
step_hr_tp4,L4,1830,6251,4,4096,32,30,2,500,239.06,2.09,66.93,8631.66,21155.93,22320.53,24710.26,233.90,237.66,238.57,233.90,237.67,242.79,267.85,27.11,72.50,69812.8,91.8,37.6,17585
step_hr_tp4,L4,1830,6251,4,4096,32,30,3,500,238.96,2.09,66.96,8635.25,21146.49,22317.00,24697.38,233.80,237.59,238.48,233.80,237.49,242.63,267.84,26.93,72.47,69911.7,91.5,37.6,17612
step_hr_tp4,L4,1830,6251,4,4096,32,50,1,500,238.94,2.09,66.96,8635.91,21200.67,22314.78,25441.14,233.83,237.58,238.56,233.83,237.46,242.50,267.57,26.97,72.81,69728.7,91.8,37.7,17568
step_hr_tp4,L4,1830,6251,4,4096,32,50,2,500,239.00,2.09,66.94,8633.75,21204.11,22322.57,25420.94,233.89,237.70,238.63,233.89,237.56,242.71,267.59,26.88,73.33,69924.1,91.5,37.6,17618
step_hr_tp4,L4,1830,6251,4,4096,32,50,3,500,238.91,2.09,66.97,8637.06,21198.25,22306.97,25453.47,233.80,237.48,238.65,233.80,237.37,242.93,268.92,27.02,72.91,70039,91.8,37.7,17565
step_hr_tp4,L4,1620,6251,4,1024,32,20,1,500,59.81,8.36,267.52,8819.93,7035.24,7914.04,8488.94,219.25,232.69,233.28,219.25,232.65,236.93,246.68,27.07,72.31,18470.9,80.3,34.7,5060
step_hr_tp4,L4,1620,6251,4,1024,32,20,2,500,25.68,19.47,623.07,20541.85,80.59,80.20,107.95,23.46,23.23,28.16,23.46,23.36,31.61,229.9,27.36,73.31,8954.79,65.9,59.1,2637
step_hr_tp4,L4,1620,6251,4,1024,32,20,3,500,25.68,19.47,622.96,20538.21,81.45,81.25,109.38,23.51,23.25,28.35,23.51,23.56,31.31,231.82,27.37,73.61,8866.97,67.3,60.3,2587
step_hr_tp4,L4,1620,6251,4,1024,32,30,1,500,17.42,28.70,918.42,30279.03,98.16,96.93,128.65,29.28,29.50,34.70,29.28,29.37,39.60,214.59,27.46,73.37,6575.9,57.5,47.2,2076
step_hr_tp4,L4,1620,6251,4,1024,32,30,2,500,17.42,28.71,918.73,30289.45,98.33,98.58,130.38,29.26,29.63,34.64,29.26,29.48,38.98,218.2,27.30,73.75,6498.56,58.7,48.0,2026
step_hr_tp4,L4,1620,6251,4,1024,32,30,3,500,17.43,28.68,917.91,30262.50,98.50,97.56,132.90,29.41,29.60,34.88,29.41,29.72,38.86,215.79,27.56,74.43,6577.13,57.6,47.0,2072
step_hr_tp4,L4,1620,6251,4,1024,32,50,1,500,11.77,42.48,1359.48,44820.26,183.92,169.95,324.31,61.19,54.76,93.86,61.19,55.00,105.74,202.53,27.50,74.17,4871.79,50.4,44.9,1639
step_hr_tp4,L4,1620,6251,4,1024,32,50,2,500,11.80,42.39,1356.35,44717.07,186.32,172.76,347.48,61.13,54.89,93.78,61.13,54.59,115.24,200.53,27.46,73.47,4940.74,48.7,43.2,1681
step_hr_tp4,L4,1620,6251,4,1024,32,50,3,500,11.87,42.14,1348.39,44454.60,191.99,174.57,347.86,63.72,56.94,97.82,63.72,57.59,111.58,202.42,27.17,74.65,4906.11,49.8,44.4,1654
step_hr_tp4,L4,1620,6251,4,2048,32,20,1,500,117.84,4.24,135.78,8821.55,19467.13,22232.46,22497.90,226.86,234.10,235.25,226.86,234.06,241.15,261.92,27.27,72.75,34937.3,88.4,37.3,8976
step_hr_tp4,L4,1620,6251,4,2048,32,20,2,500,117.75,4.25,135.88,8827.73,19457.82,21986.93,22430.95,226.56,233.54,234.55,226.56,233.59,237.96,259.45,27.02,72.36,35079.6,87.2,36.8,9113
step_hr_tp4,L4,1620,6251,4,2048,32,20,3,500,117.72,4.25,135.92,8830.52,19451.72,21979.52,22424.51,226.48,233.44,234.49,226.48,233.48,242.28,258.95,27.21,72.25,34926.8,87.2,36.9,9080
step_hr_tp4,L4,1620,6251,4,2048,32,30,1,500,117.67,4.25,135.97,8833.88,19698.77,21993.15,23941.57,226.52,233.45,234.62,226.52,233.49,242.09,260.06,26.98,72.66,35021,87.6,37.1,9068
step_hr_tp4,L4,1620,6251,4,2048,32,30,2,500,117.79,4.24,135.83,8824.93,19718.94,22014.71,23967.48,226.76,233.70,234.89,226.76,233.73,240.64,259.54,27.20,72.79,35117.8,87.1,36.8,9115
step_hr_tp4,L4,1620,6251,4,2048,32,30,3,500,117.71,4.25,135.92,8830.83,19705.93,21992.18,23963.96,226.60,233.51,234.58,226.60,233.57,239.87,259.02,27.21,72.54,35024.9,87.2,36.9,9104
step_hr_tp4,L4,1620,6251,4,2048,32,50,1,500,117.63,4.25,136.02,8837.00,19896.55,21987.91,25459.53,226.51,233.41,234.60,226.51,233.50,240.26,261.78,27.16,72.48,34911.5,88.3,37.4,8989
step_hr_tp4,L4,1620,6251,4,2048,32,50,2,500,117.70,4.25,135.94,8831.73,19908.14,22004.02,25469.74,226.64,233.53,234.78,226.64,233.60,238.97,260.26,27.21,72.26,34989.9,87.6,37.1,9054
step_hr_tp4,L4,1620,6251,4,2048,32,50,3,500,117.72,4.25,135.91,8830.03,19911.20,22008.50,25464.87,226.69,233.61,234.80,226.69,233.68,239.81,259.65,27.12,72.48,35243.1,86.9,36.8,9149
step_hr_tp4,L4,1620,6251,4,4096,32,20,1,500,239.17,2.09,66.90,8627.75,21096.52,22322.00,23771.98,233.96,237.65,238.84,233.96,237.73,242.99,268.43,27.26,72.83,70111.7,91.6,37.7,17622
step_hr_tp4,L4,1620,6251,4,4096,32,20,2,500,238.99,2.09,66.95,8634.14,21078.75,22316.22,23720.02,233.80,237.61,238.59,233.80,237.49,243.07,267.5,27.02,72.86,69808.7,91.6,37.7,17607
step_hr_tp4,L4,1620,6251,4,4096,32,20,3,500,239.02,2.09,66.94,8633.31,21080.83,22315.98,23719.32,233.82,237.65,238.58,233.82,237.54,242.69,267.22,27.02,72.86,70071,91.1,37.5,17712
step_hr_tp4,L4,1620,6251,4,4096,32,30,1,500,239.13,2.09,66.91,8629.35,21161.26,22327.64,24685.44,233.97,237.75,238.78,233.97,237.70,242.81,267.8,27.01,72.45,69812.3,91.8,37.8,17583
step_hr_tp4,L4,1620,6251,4,4096,32,30,2,500,239.01,2.09,66.94,8633.39,21151.84,22312.16,24672.98,233.86,237.63,238.92,233.86,237.53,243.33,268.53,27.12,73.03,70364.8,91.2,37.5,17681
step_hr_tp4,L4,1620,6251,4,4096,32,30,3,500,239.08,2.09,66.92,8631.16,21155.75,22325.63,24678.92,233.93,237.62,241.23,234.17,237.52,242.50,268.56,27.02,72.98,70143,91.5,37.7,17634
step_hr_tp4,L4,1620,6251,4,4096,32,50,1,500,239.02,2.09,66.94,8633.21,21207.54,22325.11,25447.79,233.90,237.70,238.62,233.90,237.58,242.42,268.75,27.01,72.98,69808.5,92.1,37.9,17499
step_hr_tp4,L4,1620,6251,4,4096,32,50,2,500,239.25,2.09,66.87,8624.78,21228.03,22344.71,25459.66,234.14,237.91,238.92,234.14,237.86,242.94,267.57,27.11,72.60,70080.6,91.4,37.6,17673
step_hr_tp4,L4,1620,6251,4,4096,32,50,3,500,238.93,2.09,66.97,8636.58,21199.11,22316.52,25435.09,233.81,237.59,238.61,233.81,237.49,242.65,267.65,27.01,73.09,69815.3,91.6,37.7,17580
step_hr_tp4,L4,1410,6251,4,1024,32,20,1,500,59.82,8.36,267.45,8817.53,7039.61,7914.38,8470.24,219.25,232.61,233.23,219.25,232.52,238.17,245.67,27.12,73.23,18546.4,79.3,34.2,5101
step_hr_tp4,L4,1410,6251,4,1024,32,20,2,500,25.68,19.47,622.96,20538.27,80.94,79.97,106.91,23.49,23.24,27.97,23.49,23.51,31.39,229.34,27.12,73.22,8960.06,65.6,58.9,2647
step_hr_tp4,L4,1410,6251,4,1024,32,20,3,500,25.68,19.47,622.94,20537.51,81.30,81.17,107.72,23.51,23.27,28.08,23.51,23.63,31.75,235.34,27.21,73.38,8746.36,69.4,62.4,2511
step_hr_tp4,L4,1410,6251,4,1024,32,30,1,500,17.42,28.70,918.37,30277.45,98.58,98.00,132.70,29.23,29.44,34.67,29.23,29.35,38.30,216.95,27.17,74.22,6530.84,58.6,48.3,2048
step_hr_tp4,L4,1410,6251,4,1024,32,30,2,500,17.42,28.70,918.35,30277.01,98.16,98.20,132.40,29.33,29.62,34.75,29.33,29.57,39.20,219.03,27.50,74.12,6457.36,59.8,49.0,1998
step_hr_tp4,L4,1410,6251,4,1024,32,30,3,500,17.42,28.70,918.28,30274.61,97.98,97.28,134.46,29.34,29.58,34.84,29.34,29.63,38.89,215.68,27.51,73.48,6611.62,57.0,46.6,2089
step_hr_tp4,L4,1410,6251,4,1024,32,50,1,500,11.86,42.16,1348.97,44474.00,190.84,173.58,343.79,63.67,57.14,97.59,63.67,56.00,107.36,202.83,27.46,74.00,4885.84,50.5,45.2,1638
step_hr_tp4,L4,1410,6251,4,1024,32,50,2,500,11.85,42.21,1350.68,44530.28,187.07,171.69,336.42,63.23,56.62,97.18,63.23,56.54,110.05,199.58,27.46,74.51,4993.17,48.3,43.2,1706
step_hr_tp4,L4,1410,6251,4,1024,32,50,3,500,11.89,42.05,1345.63,44363.75,192.42,175.16,348.43,64.47,58.16,98.84,64.47,56.96,113.53,203,27.37,74.29,4887.69,50.5,45.2,1637
step_hr_tp4,L4,1410,6251,4,2048,32,20,1,500,117.97,4.24,135.63,8811.90,19489.25,22253.37,22517.60,227.11,234.32,235.64,227.11,234.30,242.37,263.05,27.40,72.55,34960.2,88.8,37.4,8950
step_hr_tp4,L4,1410,6251,4,2048,32,20,2,500,117.91,4.24,135.69,8815.69,19487.14,22022.32,22461.99,226.87,233.85,235.06,226.87,233.91,242.12,259.55,27.01,71.77,34989,87.5,37.1,9081
step_hr_tp4,L4,1410,6251,4,2048,32,20,3,500,117.76,4.25,135.87,8827.34,19459.85,21996.11,22429.31,226.56,233.53,234.75,226.56,233.61,237.77,260.39,27.15,72.30,34953.9,87.8,37.2,9031
step_hr_tp4,L4,1410,6251,4,2048,32,30,1,500,117.75,4.25,135.88,8827.76,19712.50,22003.29,23960.85,226.68,233.67,234.71,226.68,233.68,237.50,258.96,27.26,72.82,35165.5,86.8,36.7,9154
step_hr_tp4,L4,1410,6251,4,2048,32,30,2,500,117.73,4.25,135.90,8829.45,19708.42,21999.15,23954.64,226.62,233.57,234.72,226.62,233.64,240.58,260.45,27.25,72.46,35085.7,87.5,37.0,9076
step_hr_tp4,L4,1410,6251,4,2048,32,30,3,500,117.69,4.25,135.94,8832.17,19702.26,21990.61,23951.87,226.55,233.49,234.61,226.55,233.56,238.63,260.29,27.01,72.68,35177.2,87.2,37.0,9098
step_hr_tp4,L4,1410,6251,4,2048,32,50,1,500,117.68,4.25,135.96,8832.97,19906.12,22006.64,25469.98,226.61,233.53,234.79,226.61,233.58,237.34,261.75,27.17,72.28,34898.6,88.5,37.4,8977
step_hr_tp4,L4,1410,6251,4,2048,32,50,2,500,117.71,4.25,135.92,8830.85,19909.64,22009.77,25469.06,226.67,233.59,234.84,226.67,233.65,241.73,260.02,27.16,72.18,35141.5,87.4,37.0,9096
step_hr_tp4,L4,1410,6251,4,2048,32,50,3,500,117.70,4.25,135.94,8831.62,19908.20,21996.13,25481.83,226.63,233.54,234.65,226.63,233.59,237.03,260.22,27.12,73.01,35035.2,87.6,37.1,9067
step_hr_tp4,L4,1410,6251,4,4096,32,20,1,500,239.32,2.09,66.86,8622.39,21107.80,22354.30,23757.51,234.11,237.94,238.79,234.11,237.87,242.89,268.98,27.30,72.98,69828.7,92.2,37.9,17504
step_hr_tp4,L4,1410,6251,4,4096,32,20,2,500,239.06,2.09,66.93,8631.68,21085.28,22321.99,23734.63,233.86,237.67,238.61,233.86,237.57,242.92,269.83,27.07,73.26,69840.1,92.5,38.0,17454
step_hr_tp4,L4,1410,6251,4,4096,32,20,3,500,239.11,2.09,66.92,8630.06,21088.30,22330.03,23718.74,233.90,237.75,238.63,233.90,237.61,242.45,267.05,26.97,72.57,69733.9,91.6,37.8,17617
step_hr_tp4,L4,1410,6251,4,4096,32,30,1,500,239.32,2.09,66.86,8622.32,21178.21,22351.97,24697.84,234.16,237.98,238.89,234.16,237.83,243.70,267.11,27.11,72.56,69706.4,91.8,37.8,17607
step_hr_tp4,L4,1410,6251,4,4096,32,30,2,500,239.08,2.09,66.92,8630.88,21158.30,22326.26,24714.92,233.92,237.65,238.57,233.92,237.70,242.84,269.38,27.07,72.63,69738.8,92.5,38.0,17460
step_hr_tp4,L4,1410,6251,4,4096,32,30,3,500,239.05,2.09,66.93,8631.95,21153.26,22328.59,24668.50,233.93,237.75,238.54,233.93,237.54,242.89,269.05,27.01,72.87,69867.2,92.1,37.9,17507
step_hr_tp4,L4,1410,6251,4,4096,32,50,1,500,239.12,2.09,66.91,8629.48,21216.54,22336.11,25455.17,234.01,237.81,238.59,234.01,237.74,242.57,268.25,27.01,72.65,70063.3,91.6,37.7,17620
step_hr_tp4,L4,1410,6251,4,4096,32,50,2,500,238.95,2.09,66.96,8635.83,21200.89,22317.49,25447.98,233.83,237.54,238.58,233.83,237.47,242.77,270.54,26.96,73.51,69925.4,92.5,38.1,17420
step_hr_tp4,L4,1410,6251,4,4096,32,50,3,500,238.98,2.09,66.95,8634.55,21202.81,22328.99,25415.97,233.87,237.68,238.61,233.87,237.54,242.66,267.98,27.02,73.24,69817.6,91.8,37.8,17571
step_hr_tp4,L4,1200,6251,4,1024,32,20,1,500,59.82,8.36,267.46,8817.79,7037.43,7916.08,8493.94,219.29,232.67,233.33,219.29,232.71,237.62,247.65,26.97,72.40,18472.8,80.5,34.9,5042
step_hr_tp4,L4,1200,6251,4,1024,32,20,2,500,25.68,19.47,622.99,20539.25,79.28,79.44,106.27,23.46,23.27,28.23,23.46,23.54,31.17,230.99,27.21,73.07,8897.38,66.6,59.9,2606
step_hr_tp4,L4,1200,6251,4,1024,32,20,3,500,25.68,19.47,622.98,20538.84,81.72,81.48,107.66,23.48,23.28,28.14,23.51,23.54,30.94,232.97,27.16,73.00,8806.96,68.3,61.5,2552
step_hr_tp4,L4,1200,6251,4,1024,32,30,1,500,17.42,28.70,918.35,30276.75,97.45,96.59,126.13,29.20,29.39,34.68,29.20,29.45,38.23,216.41,27.07,73.86,6530.68,58.0,47.6,2052
step_hr_tp4,L4,1200,6251,4,1024,32,30,2,500,17.43,28.69,918.15,30270.37,97.69,97.89,133.25,29.35,29.66,34.77,29.35,29.60,38.84,218.32,27.22,74.07,6473.67,59.6,48.8,2008
step_hr_tp4,L4,1200,6251,4,1024,32,30,3,500,17.43,28.68,917.76,30257.39,98.37,97.20,129.43,29.28,29.57,34.78,29.28,29.54,38.50,219.01,27.50,73.30,6463.06,59.5,48.8,1999
step_hr_tp4,L4,1200,6251,4,1024,32,50,1,500,11.84,42.24,1351.55,44558.77,188.67,174.59,340.29,63.13,56.44,96.87,63.13,55.28,110.29,202.72,27.40,73.96,4863.4,50.7,45.4,1628
step_hr_tp4,L4,1200,6251,4,1024,32,50,2,500,11.76,42.53,1361.03,44871.50,184.80,169.48,324.78,60.78,54.58,93.41,60.78,54.94,104.27,201.54,27.46,73.70,4871.84,49.4,43.9,1648
step_hr_tp4,L4,1200,6251,4,1024,32,50,3,500,11.83,42.27,1352.57,44592.44,190.72,171.84,355.72,62.86,55.99,96.69,62.86,55.44,118.83,199.33,27.46,74.39,4956.71,48.6,43.5,1694
step_hr_tp4,L4,1200,6251,4,2048,32,20,1,500,117.97,4.24,135.62,8811.36,19490.20,22255.68,22515.01,227.12,234.36,235.71,227.12,234.33,240.56,258.28,27.12,72.47,35363.8,86.1,36.2,9237
step_hr_tp4,L4,1200,6251,4,2048,32,20,2,500,117.72,4.25,135.91,8830.20,19452.50,21977.53,22421.10,226.49,233.46,234.55,226.49,233.51,237.15,260.41,27.01,72.48,35145.9,87.3,37.1,9102
step_hr_tp4,L4,1200,6251,4,2048,32,20,3,500,117.71,4.25,135.93,8831.00,19449.86,21977.47,22427.96,226.47,233.43,234.52,226.47,233.48,238.00,260.05,27.21,72.62,34962,87.7,37.2,9058
step_hr_tp4,L4,1200,6251,4,2048,32,30,1,500,117.92,4.24,135.69,8815.42,19740.57,22039.27,23984.72,227.01,233.98,235.11,227.01,234.04,240.72,259.52,27.01,72.08,35071.3,87.5,37.0,9103
step_hr_tp4,L4,1200,6251,4,2048,32,30,2,500,117.83,4.24,135.79,8822.31,19725.24,22020.59,23973.48,226.82,233.78,234.97,226.82,233.82,237.63,259.62,27.02,72.28,35204.9,87.0,36.8,9131
step_hr_tp4,L4,1200,6251,4,2048,32,30,3,500,117.89,4.24,135.72,8817.37,19735.56,22028.24,23987.40,226.95,233.87,234.96,226.95,233.97,240.17,258.49,27.36,72.37,35057.8,87.0,36.8,9136
step_hr_tp4,L4,1200,6251,4,2048,32,50,1,500,117.85,4.24,135.76,8820.36,19934.88,22030.79,25502.26,226.94,233.94,235.06,226.94,233.95,241.18,260.03,27.30,72.43,35167,87.3,36.9,9103
step_hr_tp4,L4,1200,6251,4,2048,32,50,2,500,117.83,4.24,135.79,8822.08,19930.45,22025.85,25504.62,226.89,233.83,235.00,226.89,233.87,237.68,261.38,27.36,72.03,34974.6,88.2,37.4,9006
step_hr_tp4,L4,1200,6251,4,2048,32,50,3,500,117.77,4.25,135.86,8826.72,19917.94,22013.60,25477.60,226.78,233.69,234.79,226.78,233.75,242.61,259.76,27.21,72.80,35059.7,87.3,37.0,9093
step_hr_tp4,L4,1200,6251,4,4096,32,20,1,500,239.13,2.09,66.91,8629.34,21092.30,22325.68,23768.21,233.91,237.69,238.63,233.91,237.57,242.94,267.37,27.11,72.91,70006.1,91.3,37.6,17649
step_hr_tp4,L4,1200,6251,4,4096,32,20,2,500,239.25,2.09,66.87,8624.69,21102.03,22343.48,23743.43,234.05,237.87,238.81,234.05,237.72,243.16,267.67,27.02,72.39,69890.5,91.7,37.8,17613
step_hr_tp4,L4,1200,6251,4,4096,32,20,3,500,239.14,2.09,66.91,8628.89,21092.52,22328.61,23735.25,233.93,237.77,238.66,233.93,237.68,243.01,267.54,26.93,72.69,69944.3,91.4,37.6,17641
step_hr_tp4,L4,1200,6251,4,4096,32,30,1,500,239.13,2.09,66.91,8629.37,21161.18,22325.67,24698.77,233.96,237.70,238.80,233.96,237.67,242.87,268.41,27.01,72.36,69888.1,91.8,37.8,17566
step_hr_tp4,L4,1200,6251,4,4096,32,30,2,500,238.94,2.09,66.96,8636.17,21143.40,22315.81,24652.17,233.81,237.57,238.63,233.81,237.50,242.78,268.39,27.02,73.24,70039.1,91.6,37.8,17601
step_hr_tp4,L4,1200,6251,4,4096,32,30,3,500,239.00,2.09,66.95,8633.89,21149.20,22321.61,24679.18,233.84,237.65,238.55,233.84,237.54,242.58,268.16,27.11,73.40,70056.5,91.5,37.7,17622
step_hr_tp4,L4,1200,6251,4,4096,32,50,1,500,239.02,2.09,66.94,8633.29,21206.63,22332.24,25435.54,233.90,237.73,238.64,233.90,237.58,242.75,268.66,27.07,72.57,69954.1,91.8,37.8,17559
step_hr_tp4,L4,1200,6251,4,4096,32,50,2,500,239.17,2.09,66.90,8627.78,21220.76,22338.80,25463.95,234.05,237.86,238.67,234.05,237.73,243.06,267.92,27.07,72.64,69807.5,91.8,37.9,17566
step_hr_tp4,L4,1200,6251,4,4096,32,50,3,500,239.08,2.09,66.92,8631.06,21213.15,22327.11,25425.64,233.96,237.75,238.88,233.96,237.69,243.14,268.91,27.01,73.23,70089.8,91.7,37.8,17576
step_hr_tp4,L4,990,6251,4,1024,32,20,1,500,59.85,8.35,267.33,8813.54,7042.80,7916.92,8474.74,219.33,232.64,233.31,219.33,232.58,238.98,248.73,27.25,72.52,18438,80.9,35.1,5002
step_hr_tp4,L4,990,6251,4,1024,32,20,2,500,25.68,19.47,622.95,20538.00,81.35,80.96,107.67,23.46,23.26,28.22,23.46,23.60,30.97,230.01,27.07,73.53,8921,66.1,59.3,2623
step_hr_tp4,L4,990,6251,4,1024,32,20,3,500,25.68,19.47,622.94,20537.56,81.53,81.19,109.11,23.47,23.29,28.10,23.47,23.54,31.09,232.34,27.25,73.19,8832.49,67.7,60.9,2570
step_hr_tp4,L4,990,6251,4,1024,32,30,1,500,17.43,28.69,918.12,30269.18,98.02,98.29,130.81,29.06,29.23,34.47,29.06,29.29,37.98,214,27.31,74.32,6594.2,57.3,47.4,2092
step_hr_tp4,L4,990,6251,4,1024,32,30,2,500,17.42,28.70,918.46,30280.60,97.76,97.47,134.94,29.23,29.53,34.65,29.23,29.35,39.22,217.35,27.30,74.49,6506.57,58.7,48.3,2036
step_hr_tp4,L4,990,6251,4,1024,32,30,3,500,17.42,28.70,918.31,30275.48,98.65,98.67,129.45,29.34,29.67,34.80,29.34,29.53,39.46,215.78,27.46,74.14,6553.46,57.7,47.2,2059
step_hr_tp4,L4,990,6251,4,1024,32,50,1,500,11.93,41.90,1340.75,44202.93,196.58,179.20,363.27,65.77,59.23,100.88,65.77,57.57,113.34,202.32,27.50,74.37,4915.37,50.0,45.0,1656
step_hr_tp4,L4,990,6251,4,1024,32,50,2,500,11.88,42.07,1346.26,44384.43,192.66,173.33,353.49,64.32,58.05,98.47,64.32,57.33,109.06,198.81,27.22,74.74,5025.95,47.8,42.9,1725
step_hr_tp4,L4,990,6251,4,1024,32,50,3,500,11.83,42.26,1352.21,44580.77,187.89,169.68,340.53,62.71,56.19,95.82,62.71,55.52,106.73,201.69,27.50,73.60,4908.06,49.6,44.4,1658
step_hr_tp4,L4,990,6251,4,2048,32,20,1,500,118.00,4.24,135.59,8809.42,19495.24,22258.88,22525.51,227.17,234.40,235.84,227.17,234.38,243.05,261.84,27.25,73.00,34915.4,88.6,37.4,8979
step_hr_tp4,L4,990,6251,4,2048,32,20,2,500,117.73,4.25,135.91,8829.89,19452.91,21979.57,22421.14,226.49,233.44,234.52,226.49,233.56,240.11,258.93,27.01,72.08,35209.5,86.7,36.8,9156
step_hr_tp4,L4,990,6251,4,2048,32,20,3,500,117.89,4.24,135.73,8817.90,19480.51,22016.35,22464.29,226.81,233.82,234.97,226.81,233.84,239.39,259.34,27.11,72.35,35283.2,86.7,36.7,9166
step_hr_tp4,L4,990,6251,4,2048,32,30,1,500,117.86,4.24,135.76,8819.86,19730.76,22023.74,23986.28,226.89,233.85,235.00,226.89,233.88,238.27,260.95,27.21,72.33,35023.3,88.0,37.2,9035
step_hr_tp4,L4,990,6251,4,2048,32,30,2,500,117.78,4.25,135.85,8825.84,19717.11,22009.65,23964.97,226.73,233.66,234.83,226.73,233.72,239.27,259.85,27.16,72.28,35047.5,87.4,37.0,9085
step_hr_tp4,L4,990,6251,4,2048,32,30,3,500,117.81,4.24,135.81,8823.32,19723.44,22023.19,23967.14,226.79,233.75,234.99,226.79,233.84,237.06,257.6,27.01,72.28,35212.1,86.2,36.5,9221
step_hr_tp4,L4,990,6251,4,2048,32,50,1,500,117.76,4.25,135.87,8827.12,19918.96,22020.54,25490.48,226.76,233.67,234.92,226.76,233.73,239.65,258.38,27.12,72.75,35189.6,86.6,36.7,9177
step_hr_tp4,L4,990,6251,4,2048,32,50,2,500,117.77,4.25,135.86,8826.41,19921.48,22018.34,25498.43,226.77,233.72,234.93,226.77,233.75,240.22,260.13,27.12,72.27,35157.1,87.4,37.0,9104
step_hr_tp4,L4,990,6251,4,2048,32,50,3,500,117.76,4.25,135.87,8827.20,19917.50,22012.26,25477.17,226.76,233.70,234.83,226.76,233.77,238.08,259,27.06,72.56,35240.7,86.6,36.7,9162
step_hr_tp4,L4,990,6251,4,4096,32,20,1,500,239.34,2.09,66.85,8621.76,21110.84,22341.89,23779.05,234.13,237.85,239.06,234.13,237.84,243.12,267.19,27.12,72.92,70157,91.2,37.5,17707
step_hr_tp4,L4,990,6251,4,4096,32,20,2,500,239.16,2.09,66.90,8628.15,21094.24,22331.94,23750.84,233.96,237.78,238.69,233.96,237.75,242.56,267.73,27.07,72.93,69963.8,91.6,37.7,17619
step_hr_tp4,L4,990,6251,4,4096,32,20,3,500,239.01,2.09,66.94,8633.41,21080.53,22316.27,23722.19,233.80,237.58,238.59,233.80,237.59,243.29,267.93,27.07,72.89,70223.3,91.2,37.6,17692
step_hr_tp4,L4,990,6251,4,4096,32,30,1,500,239.12,2.09,66.91,8629.61,21159.36,22331.96,24678.32,233.99,237.76,238.71,233.99,237.72,242.81,267.75,27.11,72.45,69958.1,91.6,37.7,17621
step_hr_tp4,L4,990,6251,4,4096,32,30,2,500,239.00,2.09,66.95,8634.02,21148.17,22316.95,24678.92,233.84,237.62,238.53,233.84,237.55,242.49,267.32,27.01,72.42,69978.5,91.3,37.6,17660
step_hr_tp4,L4,990,6251,4,4096,32,30,3,500,239.17,2.09,66.90,8627.78,21163.83,22342.63,24700.34,234.01,237.80,238.71,234.01,237.74,242.94,266.48,26.92,72.74,70012.8,91.0,37.5,17718
step_hr_tp4,L4,990,6251,4,4096,32,50,1,500,238.85,2.09,66.99,8639.43,21191.66,22308.53,25437.09,233.74,237.48,238.46,233.74,237.43,242.67,268.16,26.93,73.50,70163.1,91.3,37.7,17653
step_hr_tp4,L4,990,6251,4,4096,32,50,2,500,239.10,2.09,66.92,8630.33,21214.09,22333.79,25438.34,233.98,237.77,238.69,233.98,237.65,243.32,269.19,27.07,73.39,69802.9,92.3,38.0,17480
step_hr_tp4,L4,990,6251,4,4096,32,50,3,500,239.08,2.09,66.92,8630.83,21212.06,22332.46,25433.70,234.01,237.75,238.67,234.01,237.68,242.77,267.41,27.11,72.73,70078.7,91.2,37.5,17690
step_hr_tp4,L4,780,6251,4,1024,32,20,1,500,59.85,8.35,267.33,8813.37,7042.18,7919.05,8471.69,219.37,232.71,233.38,219.37,232.75,240.42,245.47,27.11,72.99,18622.1,79.0,34.2,5128
step_hr_tp4,L4,780,6251,4,1024,32,20,2,500,25.69,19.46,622.76,20531.73,81.16,80.95,107.48,23.53,23.30,28.24,23.53,23.55,31.83,229.84,27.40,73.31,8938.52,66.2,59.4,2630
step_hr_tp4,L4,780,6251,4,1024,32,20,3,500,25.69,19.46,622.74,20530.86,80.74,80.34,105.17,23.41,23.19,27.94,23.41,23.44,30.97,232.57,27.07,73.29,8854.03,67.2,60.4,2579
step_hr_tp4,L4,780,6251,4,1024,32,30,1,500,17.42,28.70,918.48,30281.11,98.24,96.51,136.35,29.23,29.55,34.55,29.23,29.38,38.45,213.61,27.22,74.12,6605.23,56.6,46.4,2102
step_hr_tp4,L4,780,6251,4,1024,32,30,2,500,17.42,28.71,918.64,30286.41,98.06,97.35,131.59,29.27,29.60,34.70,29.27,29.62,38.28,216.68,27.40,73.80,6512.34,58.4,47.8,2040
step_hr_tp4,L4,780,6251,4,1024,32,30,3,500,17.42,28.70,918.45,30279.99,97.87,97.20,131.54,29.34,29.53,34.84,29.34,29.54,39.04,212.83,27.35,74.41,6649.55,56.1,45.9,2124
step_hr_tp4,L4,780,6251,4,1024,32,50,1,500,11.82,42.29,1353.20,44613.20,187.89,172.43,347.81,62.93,56.48,96.69,62.93,55.55,116.15,201.59,27.41,74.03,4886.66,49.9,44.7,1650
step_hr_tp4,L4,780,6251,4,1024,32,50,2,500,11.86,42.17,1349.48,44490.81,191.50,174.90,347.32,63.65,57.21,97.31,63.65,56.72,110.90,198.15,27.17,73.36,5010.97,47.7,42.8,1722
step_hr_tp4,L4,780,6251,4,1024,32,50,3,500,11.84,42.22,1351.02,44541.42,188.85,175.46,343.02,63.31,56.75,97.23,63.31,55.36,115.59,201.09,27.32,73.91,4908.86,49.8,44.6,1661
step_hr_tp4,L4,780,6251,4,2048,32,20,1,500,118.04,4.24,135.55,8806.59,19501.18,22268.63,22526.99,227.25,234.48,235.80,227.25,234.45,242.14,261.85,27.37,72.44,34967.5,88.5,37.4,8992
step_hr_tp4,L4,780,6251,4,2048,32,20,2,500,117.76,4.25,135.87,8827.32,19459.45,21985.98,22426.32,226.56,233.54,234.60,226.56,233.55,238.16,260.34,27.07,72.39,35174.8,87.4,37.1,9100
step_hr_tp4,L4,780,6251,4,2048,32,20,3,500,117.70,4.25,135.93,8831.42,19449.11,21976.03,22427.85,226.46,233.43,234.46,226.46,233.50,239.66,259.71,27.02,72.63,35007.5,87.4,37.0,9070
step_hr_tp4,L4,780,6251,4,2048,32,30,1,500,117.92,4.24,135.69,8815.49,19739.75,22044.34,23977.12,227.00,233.94,235.39,227.00,234.02,239.20,259.78,27.00,72.40,35319.5,86.7,36.6,9191
step_hr_tp4,L4,780,6251,4,2048,32,30,2,500,117.81,4.24,135.82,8823.86,19719.57,22022.37,23936.38,226.79,233.77,234.93,226.79,233.83,238.74,236.44,26.92,74.89,38037.8,72.7,30.8,10926
step_hr_tp4,L4,780,6251,4,2048,32,30,3,500,117.88,4.24,135.74,8818.55,19734.03,22026.66,23999.06,226.91,233.86,235.02,226.91,233.95,241.50,259.5,27.22,73.34,35134.7,87.2,36.9,9119
step_hr_tp4,L4,780,6251,4,2048,32,50,1,500,117.77,4.25,135.85,8826.29,19919.65,22012.76,25482.96,226.78,233.71,234.85,226.78,233.76,238.56,258.96,27.26,72.55,35018.6,87.3,37.0,9090
step_hr_tp4,L4,780,6251,4,2048,32,50,2,500,117.90,4.24,135.71,8816.73,19942.74,22041.28,25512.52,227.03,234.00,235.17,227.03,234.06,242.79,257.44,27.06,72.11,35203.1,86.2,36.5,9224
step_hr_tp4,L4,780,6251,4,2048,32,50,3,500,117.79,4.24,135.83,8824.74,19922.86,22021.36,25483.76,226.82,233.75,234.93,226.83,233.83,237.64,259.28,27.16,72.93,35255.6,86.8,36.8,9159
step_hr_tp4,L4,780,6251,4,4096,32,20,1,500,239.10,2.09,66.92,8630.14,21090.30,22315.77,23751.66,233.89,237.64,238.69,233.89,237.62,242.86,268.17,27.06,73.59,70315.6,91.2,37.6,17690
step_hr_tp4,L4,780,6251,4,4096,32,20,2,500,239.04,2.09,66.93,8632.40,21081.74,22326.65,23696.74,233.88,237.67,238.55,233.88,237.55,242.85,267.75,27.02,73.71,70121.3,91.3,37.6,17676
step_hr_tp4,L4,780,6251,4,4096,32,20,3,500,239.10,2.09,66.92,8630.31,21087.28,22330.48,23707.93,233.94,237.75,238.62,233.94,237.66,243.21,267.35,26.91,74.62,70073.3,91.2,37.5,17679
step_hr_tp4,L4,780,6251,4,4096,32,30,1,500,239.05,2.09,66.93,8632.20,21152.63,22330.20,24654.17,233.93,237.73,238.56,233.93,237.59,243.14,267.89,27.02,72.48,70110.5,91.4,37.6,17656
step_hr_tp4,L4,780,6251,4,4096,32,30,2,500,239.01,2.09,66.94,8633.71,21148.78,22327.48,24643.44,233.88,237.67,238.61,233.88,237.58,242.79,267.98,27.01,73.06,70269.5,91.1,37.5,17693
step_hr_tp4,L4,780,6251,4,4096,32,30,3,500,239.13,2.09,66.91,8629.15,21159.90,22341.27,24666.71,234.01,237.79,238.66,234.01,237.74,243.00,268.48,27.06,73.47,70033.2,91.8,37.8,17601
step_hr_tp4,L4,780,6251,4,4096,32,50,1,500,239.32,2.09,66.86,8622.29,21233.85,22355.01,25465.71,234.20,238.02,239.01,234.20,237.90,242.90,267.45,27.11,72.82,70007.7,91.5,37.6,17664
step_hr_tp4,L4,780,6251,4,4096,32,50,2,500,239.12,2.09,66.91,8629.53,21216.40,22332.23,25453.48,234.01,237.77,238.80,234.01,237.72,243.46,268.09,27.06,74.74,70084.3,91.5,37.7,17629
step_hr_tp4,L4,780,6251,4,4096,32,50,3,500,238.86,2.09,66.99,8639.11,21191.12,22311.96,25412.22,233.75,237.54,238.40,233.75,237.41,242.40,268.3,27.02,73.78,69885.7,91.8,37.9,17565
step_hr_tp4,L4,570,6251,4,1024,32,20,1,500,59.92,8.34,267.04,8803.90,7050.78,7928.07,8478.90,219.59,232.92,233.70,219.59,232.94,239.62,247.09,27.06,72.08,18565.7,80.0,34.6,5074
step_hr_tp4,L4,570,6251,4,1024,32,20,2,500,25.68,19.47,623.06,20541.38,81.01,80.42,106.12,23.53,23.24,28.30,23.53,23.64,31.41,229.47,27.40,73.43,8997.39,65.3,58.7,2660
step_hr_tp4,L4,570,6251,4,1024,32,20,3,500,25.68,19.47,623.00,20539.47,79.56,79.26,107.11,23.53,23.32,28.02,23.53,23.65,30.71,232.28,27.37,73.30,8866.99,67.4,60.5,2579
step_hr_tp4,L4,570,6251,4,1024,32,30,1,500,17.43,28.69,918.08,30268.05,98.51,97.24,138.32,29.43,29.70,35.20,29.43,29.71,38.82,214.46,27.50,74.12,6639.93,56.7,46.6,2108
step_hr_tp4,L4,570,6251,4,1024,32,30,2,500,17.43,28.68,917.77,30257.59,98.45,98.27,130.92,29.39,29.65,34.84,29.39,29.63,38.91,215.89,27.51,74.16,6591.66,57.6,47.0,2075
step_hr_tp4,L4,570,6251,4,1024,32,30,3,500,17.42,28.70,918.38,30277.88,117.28,100.60,558.32,31.36,30.36,52.54,31.36,30.20,46.16,209.43,27.36,74.56,6635.19,54.5,44.0,2155
step_hr_tp4,L4,570,6251,4,1024,32,50,1,500,11.86,42.17,1349.34,44486.21,191.45,173.83,347.66,63.55,57.08,97.33,63.55,55.97,111.54,190.96,27.41,72.93,5416.09,41.8,37.4,1970
step_hr_tp4,L4,570,6251,4,1024,32,50,2,500,11.80,42.38,1356.01,44706.05,183.74,169.91,329.95,61.90,55.46,94.93,62.22,54.69,113.18,197.25,27.11,73.22,5024.35,47.3,42.1,1737
step_hr_tp4,L4,570,6251,4,1024,32,50,3,500,11.83,42.25,1352.06,44575.78,188.68,174.56,345.31,63.29,56.40,97.40,63.29,55.83,119.04,168.32,27.12,74.01,6689.73,29.5,26.4,2783
step_hr_tp4,L4,570,6251,4,2048,32,20,1,500,117.90,4.24,135.71,8816.61,19476.65,22240.41,22501.30,226.99,234.21,235.42,226.99,234.19,241.86,263.42,27.31,72.82,34980.8,88.8,37.5,8942
step_hr_tp4,L4,570,6251,4,2048,32,20,2,500,117.89,4.24,135.72,8817.56,19481.97,22019.45,22452.04,226.82,233.81,235.02,226.82,233.89,237.31,258.71,27.02,72.30,35326.7,86.5,36.7,9209
step_hr_tp4,L4,570,6251,4,2048,32,20,3,500,117.91,4.24,135.70,8816.06,19485.19,22020.21,22466.01,226.85,233.84,235.01,226.85,233.86,239.12,260.85,27.12,73.54,34938.5,88.1,37.3,9017
step_hr_tp4,L4,570,6251,4,2048,32,30,1,500,117.68,4.25,135.96,8833.33,19699.18,21980.85,23954.82,226.53,233.44,234.48,226.53,233.51,241.53,259.7,27.01,72.61,35146.9,87.2,37.0,9110
step_hr_tp4,L4,570,6251,4,2048,32,30,2,500,117.93,4.24,135.67,8814.60,19741.65,22047.27,23968.85,227.02,233.96,235.23,227.02,234.05,237.81,259.31,27.21,72.92,35261.3,86.8,36.7,9173
step_hr_tp4,L4,570,6251,4,2048,32,30,3,500,117.87,4.24,135.74,8818.74,19733.00,22024.64,23989.23,226.90,233.80,235.00,226.90,233.91,240.93,258.86,27.07,72.23,35089,87.0,36.9,9129
step_hr_tp4,L4,570,6251,4,2048,32,50,1,500,117.82,4.24,135.80,8822.74,19927.87,22028.41,25483.90,226.88,233.82,234.97,226.88,233.88,237.75,259.01,27.25,72.65,35297.6,86.5,36.6,9178
step_hr_tp4,L4,570,6251,4,2048,32,50,2,500,117.74,4.25,135.89,8828.62,19915.89,22007.84,25493.98,226.71,233.61,234.82,226.71,233.71,236.54,259.11,27.12,71.98,35028.7,87.2,37.0,9103
step_hr_tp4,L4,570,6251,4,2048,32,50,3,500,117.73,4.25,135.90,8829.44,19912.79,22009.95,25471.83,226.70,233.62,234.79,226.70,233.72,241.73,260.36,27.12,72.40,35032.6,87.6,37.1,9054
step_hr_tp4,L4,570,6251,4,4096,32,20,1,500,239.24,2.09,66.88,8625.09,21101.91,22338.08,23764.21,234.03,237.84,238.68,234.03,237.70,243.23,268.69,27.06,72.70,69918.9,92.0,37.9,17553
step_hr_tp4,L4,570,6251,4,4096,32,20,2,500,239.22,2.09,66.88,8625.95,21522.77,22336.04,34796.40,233.32,237.84,631.76,244.61,237.38,246.13,267.2,26.99,72.74,69891.8,91.2,37.6,16069
step_hr_tp4,L4,570,6251,4,4096,32,20,3,500,239.10,2.09,66.92,8630.15,21088.85,22323.89,23723.63,233.90,237.70,238.76,233.90,237.59,243.06,268.74,26.97,72.66,69933,91.9,37.9,17559
step_hr_tp4,L4,570,6251,4,4096,32,30,1,500,239.28,2.09,66.87,8623.83,21173.29,22352.74,24678.02,234.15,237.93,239.03,234.15,237.82,243.06,267.18,27.11,72.51,69795.6,91.6,37.7,17625
step_hr_tp4,L4,570,6251,4,4096,32,30,2,500,239.18,2.09,66.90,8627.51,21164.51,22341.75,24677.57,234.05,237.86,238.80,234.05,237.75,242.80,267.76,27.07,72.38,70015.1,91.4,37.6,17653
step_hr_tp4,L4,570,6251,4,4096,32,30,3,500,239.16,2.09,66.90,8628.07,21162.95,22336.91,24671.45,234.03,237.81,238.88,234.03,237.63,242.86,267.5,26.97,73.13,69911.2,91.5,37.7,17629
step_hr_tp4,L4,570,6251,4,4096,32,50,1,500,239.03,2.09,66.94,8632.73,21207.85,22334.11,25448.85,233.92,237.70,238.62,233.92,237.56,246.08,269.07,27.07,72.91,69722.6,92.3,38.0,17471
step_hr_tp4,L4,570,6251,4,4096,32,50,2,500,239.11,2.09,66.91,8629.87,21215.32,22329.66,25447.60,234.00,237.78,238.78,234.00,237.68,242.82,267.96,27.02,72.66,69934.7,91.7,37.8,17603
step_hr_tp4,L4,570,6251,4,4096,32,50,3,500,238.95,2.09,66.96,8635.52,21208.99,22322.35,28009.97,233.12,237.61,420.55,243.31,237.34,242.81,269.44,26.98,72.92,69775.4,92.3,38.0,17271
step_hr_tp4,L4,360,6251,4,1024,32,20,1,500,59.88,8.35,267.22,8809.92,7046.31,7921.05,8482.00,219.44,232.77,233.36,219.44,232.78,238.60,245.8,27.02,72.35,18510.9,79.9,34.6,5081
step_hr_tp4,L4,360,6251,4,1024,32,20,2,500,25.69,19.46,622.83,20534.03,81.59,80.81,106.87,23.49,23.31,28.06,23.51,23.52,31.11,227.33,27.11,73.46,9028.82,64.7,58.1,2688
step_hr_tp4,L4,360,6251,4,1024,32,20,3,500,25.69,19.47,622.92,20536.75,81.30,80.85,106.42,23.52,23.31,28.15,23.52,23.64,30.88,233.33,27.26,73.58,8831.96,68.0,61.1,2559
step_hr_tp4,L4,360,6251,4,1024,32,30,1,500,17.43,28.69,918.14,30270.06,98.34,97.41,128.93,29.24,29.54,34.58,29.24,29.55,38.23,216.49,27.21,74.28,6529.62,58.3,47.9,2051
step_hr_tp4,L4,360,6251,4,1024,32,30,2,500,17.43,28.69,917.98,30264.76,98.34,97.67,130.92,29.27,29.48,34.79,29.27,29.47,38.86,220.53,27.46,74.23,6394.05,60.8,50.0,1961
step_hr_tp4,L4,360,6251,4,1024,32,30,3,500,17.42,28.70,918.45,30280.01,100.82,99.69,139.07,29.45,29.77,34.80,29.55,29.60,52.77,215.2,27.46,73.85,6597.48,56.9,46.5,2085
step_hr_tp4,L4,360,6251,4,1024,32,50,1,500,11.82,42.29,1353.23,44614.28,187.52,174.47,340.93,62.31,55.75,95.50,62.31,55.75,104.14,202.43,27.56,72.94,4853.4,50.5,45.1,1629
step_hr_tp4,L4,360,6251,4,1024,32,50,2,500,11.89,42.04,1345.41,44356.55,191.90,171.58,353.02,64.75,57.92,99.19,64.76,57.14,120.91,199.71,27.46,74.04,4974.1,48.9,43.9,1692
step_hr_tp4,L4,360,6251,4,1024,32,50,3,500,11.84,42.23,1351.28,44550.14,187.05,170.85,334.03,62.88,56.40,96.36,62.88,54.93,108.64,202.81,27.32,73.85,4862.27,50.9,45.6,1624
step_hr_tp4,L4,360,6251,4,2048,32,20,1,500,117.90,4.24,135.71,8817.09,19477.37,22241.12,22508.39,226.98,234.20,235.53,226.98,234.19,242.44,265.49,27.41,75.03,34912.6,89.7,37.8,8860
step_hr_tp4,L4,360,6251,4,2048,32,20,2,500,117.83,4.24,135.79,8822.25,19471.23,22009.38,22442.09,226.69,233.65,234.85,226.69,233.71,237.70,259.14,27.30,72.54,35058.8,87.2,37.0,9115
step_hr_tp4,L4,360,6251,4,2048,32,20,3,500,117.81,4.24,135.82,8823.81,19466.88,22004.60,22444.34,226.66,233.61,234.83,226.66,233.71,237.76,260.32,27.21,72.78,34932.4,87.9,37.3,9035
step_hr_tp4,L4,360,6251,4,2048,32,30,1,500,117.72,4.25,135.92,8830.59,19706.14,22001.34,23946.61,226.60,233.55,234.70,226.60,233.60,239.99,259.83,27.16,72.33,35202.2,87.0,36.9,9131
step_hr_tp4,L4,360,6251,4,2048,32,30,2,500,117.76,4.25,135.86,8826.94,19713.98,22006.98,23962.82,226.70,233.60,234.81,226.70,233.72,236.93,259.76,27.25,72.30,35071.4,87.3,37.0,9092
step_hr_tp4,L4,360,6251,4,2048,32,30,3,500,117.95,4.24,135.65,8813.27,19745.34,22049.08,23987.16,227.06,234.00,235.33,227.06,234.06,237.89,260.05,27.11,72.44,35178.4,87.3,37.0,9106
step_hr_tp4,L4,360,6251,4,2048,32,50,1,500,117.71,4.25,135.93,8831.22,19908.22,22004.46,25469.11,226.66,233.53,234.77,226.66,233.62,237.85,260.1,27.02,72.78,35154.7,87.2,37.0,9092
step_hr_tp4,L4,360,6251,4,2048,32,50,2,500,117.72,4.25,135.92,8830.28,19910.92,22003.47,25479.39,226.68,233.56,234.77,226.68,233.65,237.28,259.42,27.21,72.63,35131.1,87.0,36.8,9122
step_hr_tp4,L4,360,6251,4,2048,32,50,3,500,117.92,4.24,135.69,8815.65,20123.71,22054.12,31969.16,226.50,233.93,540.16,226.50,233.90,239.96,259.7,27.17,72.76,35288.1,87.0,36.8,9161
step_hr_tp4,L4,360,6251,4,4096,32,20,1,500,239.32,2.09,66.86,8622.28,21111.72,22342.34,24230.09,234.02,237.90,239.14,236.38,237.84,242.82,266.84,27.16,72.94,70327.2,90.8,37.4,17777
step_hr_tp4,L4,360,6251,4,4096,32,20,2,500,239.19,2.09,66.89,8626.94,21096.62,22336.08,23740.16,233.99,237.81,238.77,233.99,237.66,242.90,268.12,27.07,72.52,70127.5,91.4,37.6,17642
step_hr_tp4,L4,360,6251,4,4096,32,20,3,500,239.20,2.09,66.89,8626.85,21096.98,22338.61,23742.27,233.99,237.80,238.69,233.99,237.65,242.83,267.71,27.12,73.12,69998,91.5,37.7,17623
step_hr_tp4,L4,360,6251,4,4096,32,30,1,500,238.98,2.09,66.95,8634.51,21147.43,22319.68,24675.05,233.82,237.60,238.52,233.82,237.56,242.42,267.77,27.11,72.79,70121.9,91.3,37.6,17667
step_hr_tp4,L4,360,6251,4,4096,32,30,2,500,239.22,2.09,66.88,8625.79,21168.83,22345.10,24686.95,234.09,237.89,238.83,234.09,237.69,243.65,267.71,27.02,72.75,70009.8,91.5,37.7,17651
step_hr_tp4,L4,360,6251,4,4096,32,30,3,500,239.21,2.09,66.89,8626.18,21168.85,22339.78,24700.51,234.05,237.86,238.75,234.05,237.75,242.83,268.11,26.97,72.56,69955.1,91.8,37.8,17592
step_hr_tp4,L4,360,6251,4,4096,32,50,1,500,239.08,2.09,66.92,8631.08,21206.80,22337.73,28582.71,233.49,237.71,440.96,240.47,237.54,243.18,267.86,27.01,74.12,70004.9,91.4,37.6,17034
step_hr_tp4,L4,360,6251,4,4096,32,50,2,500,239.15,2.09,66.90,8628.56,21217.28,22328.29,25463.35,234.03,237.76,238.57,234.03,237.69,242.79,268.05,27.16,72.74,69884.2,91.8,37.8,17586
step_hr_tp4,L4,360,6251,4,4096,32,50,3,500,239.23,2.09,66.88,8625.49,21225.64,22343.47,25458.31,234.12,237.91,239.00,234.12,237.75,242.97,267.11,27.11,72.82,69952.2,91.3,37.6,17655
step_hr_tp4,L4,210,6251,4,1024,32,20,1,500,59.93,8.34,266.97,8801.63,7051.86,7932.16,8520.71,219.69,233.06,233.81,219.69,233.07,242.56,247.21,27.16,72.47,18486.3,80.5,34.8,5049
step_hr_tp4,L4,210,6251,4,1024,32,20,2,500,25.68,19.47,623.02,20540.27,81.12,81.05,106.84,23.56,23.28,28.14,23.56,23.55,31.20,221.76,27.26,73.76,9299.01,61.0,54.5,2844
step_hr_tp4,L4,210,6251,4,1024,32,20,3,500,25.69,19.46,622.73,20530.70,81.96,81.08,108.08,23.57,23.36,28.23,23.57,23.65,30.97,231.97,27.17,73.52,8891.5,67.2,60.1,2591
step_hr_tp4,L4,210,6251,4,1024,32,30,1,500,17.42,28.70,918.43,30279.34,97.69,97.18,132.26,29.37,29.64,34.78,29.37,29.69,38.22,214.28,27.41,73.84,6622.66,56.6,46.2,2101
step_hr_tp4,L4,210,6251,4,1024,32,30,2,500,17.43,28.68,917.81,30259.20,98.65,98.08,133.70,29.42,29.66,34.89,29.42,29.74,38.12,217.81,27.40,74.58,6531.65,58.9,48.1,2035
step_hr_tp4,L4,210,6251,4,1024,32,30,3,500,17.43,28.68,917.74,30256.61,98.77,97.87,135.71,29.47,29.81,34.87,29.47,29.80,38.33,215.7,27.46,74.44,6622.31,57.0,46.5,2093
step_hr_tp4,L4,210,6251,4,1024,32,50,1,500,11.87,42.13,1348.31,44451.95,192.42,174.88,350.71,63.78,57.04,97.65,63.78,57.35,110.19,202.86,27.35,73.69,4935.13,49.6,44.5,1666
step_hr_tp4,L4,210,6251,4,1024,32,50,2,500,11.85,42.21,1350.75,44532.60,191.82,175.88,347.03,63.40,56.96,96.84,63.40,56.98,106.93,196.34,27.41,73.82,5090.4,46.5,41.7,1767
step_hr_tp4,L4,210,6251,4,1024,32,50,3,500,11.88,42.09,1346.77,44401.42,192.15,172.79,356.13,64.37,58.00,98.33,64.37,56.29,126.93,201.84,27.22,73.49,4931.27,49.7,44.5,1666
step_hr_tp4,L4,210,6251,4,2048,32,20,1,500,117.91,4.24,135.69,8815.70,19480.83,22245.19,22506.45,227.01,234.21,235.52,227.01,234.22,240.40,260.82,27.36,72.45,34986.2,88.0,37.1,9029
step_hr_tp4,L4,210,6251,4,2048,32,20,2,500,117.68,4.25,135.97,8833.58,19444.23,21966.64,22421.09,226.39,233.31,234.36,226.39,233.40,241.45,258.76,27.02,72.61,35112.3,86.7,36.8,9150
step_hr_tp4,L4,210,6251,4,2048,32,20,3,500,118.00,4.24,135.60,8809.54,19498.14,22042.83,22487.46,227.03,234.01,235.33,227.03,234.11,239.01,257.37,27.07,71.99,35213.5,86.3,36.5,9227
step_hr_tp4,L4,210,6251,4,2048,32,30,1,500,117.86,4.24,135.76,8819.85,19731.51,22024.26,23997.61,226.88,233.80,234.95,226.88,233.87,237.15,257.18,27.06,72.39,35285.8,86.0,36.5,9243
step_hr_tp4,L4,210,6251,4,2048,32,30,2,500,117.82,4.24,135.80,8822.89,19722.81,22021.49,23959.95,226.80,233.73,234.96,226.80,233.85,241.23,259.55,27.16,72.43,35230.6,86.9,36.8,9150
step_hr_tp4,L4,210,6251,4,2048,32,30,3,500,117.85,4.24,135.76,8820.37,19714.72,22035.14,26374.89,226.66,233.90,375.91,226.66,233.81,239.14,257.11,27.01,72.38,35276.4,85.9,36.4,9215
step_hr_tp4,L4,210,6251,4,2048,32,50,1,500,117.90,4.24,135.71,8817.00,19942.46,22040.83,25514.35,227.03,233.99,235.18,227.03,234.00,242.32,258.46,27.17,73.58,35188.1,86.8,36.7,9178
step_hr_tp4,L4,210,6251,4,2048,32,50,2,500,117.87,4.24,135.74,8818.88,19936.94,22037.63,25502.49,226.97,233.91,235.11,226.97,233.96,237.01,259.09,27.02,72.89,35243.9,86.8,36.8,9172
step_hr_tp4,L4,210,6251,4,2048,32,50,3,500,117.66,4.25,135.98,8834.59,19901.40,21996.85,25465.40,226.57,233.45,234.68,226.57,233.53,237.75,260.83,27.22,72.39,35070.2,87.6,37.2,9061
step_hr_tp4,L4,210,6251,4,4096,32,20,1,500,239.16,2.09,66.90,8628.02,21094.98,22330.28,23763.89,233.96,237.77,238.70,233.96,237.67,242.75,268,27.12,75.00,69784.9,91.9,37.9,17547
step_hr_tp4,L4,210,6251,4,4096,32,20,2,500,239.03,2.09,66.94,8632.93,21082.10,22325.08,23740.77,233.82,237.61,238.52,233.82,237.49,242.40,268.39,27.02,72.94,69994.8,91.8,37.8,17583
step_hr_tp4,L4,210,6251,4,4096,32,20,3,500,239.05,2.09,66.93,8632.07,21084.42,22318.71,23742.24,233.84,237.63,238.58,233.84,237.62,242.65,267.79,27.01,72.36,70011.6,91.5,37.7,17628
step_hr_tp4,L4,210,6251,4,4096,32,30,1,500,238.91,2.09,66.97,8637.21,21140.84,22312.33,24676.86,233.75,237.53,238.49,233.75,237.44,242.46,268.05,26.93,73.17,70225.1,91.2,37.6,17675
step_hr_tp4,L4,210,6251,4,4096,32,30,2,500,238.99,2.09,66.95,8634.26,21147.60,22318.85,24672.80,233.86,237.63,238.53,233.86,237.58,242.66,268.66,27.01,72.67,69842.4,92.0,37.9,17535
step_hr_tp4,L4,210,6251,4,4096,32,30,3,500,239.07,2.09,66.93,8631.48,21154.56,22331.70,24675.71,233.95,237.71,238.69,233.95,237.62,244.18,267.6,27.07,73.22,70187.6,91.1,37.5,17705
step_hr_tp4,L4,210,6251,4,4096,32,50,1,500,238.87,2.09,66.98,8638.74,21193.02,22311.75,25426.78,233.75,237.51,238.57,233.75,237.45,243.23,266.89,27.01,72.98,70152.1,90.9,37.5,17741
step_hr_tp4,L4,210,6251,4,4096,32,50,2,500,239.11,2.09,66.92,8630.09,21215.01,22328.85,25468.17,233.99,237.75,238.65,233.99,237.65,242.81,267.9,27.07,72.63,70160.6,91.3,37.6,17663
step_hr_tp4,L4,210,6251,4,4096,32,50,3,500,239.03,2.09,66.94,8632.68,21208.22,22329.81,25446.25,233.92,237.70,238.67,233.92,237.54,242.72,267.28,26.98,72.68,70240.4,91.0,37.5,17718
step_hr_tp8,L4,2040,6251,8,1024,32,20,1,500,45.33,11.03,352.95,11636.30,5172.14,5978.89,6160.84,165.43,175.74,176.22,165.43,175.66,184.59,450.4,26.62,69.83,26082.4,78.8,24.9,8005
step_hr_tp8,L4,2040,6251,8,1024,32,20,2,500,25.41,19.68,629.66,20758.96,53.16,52.19,73.92,12.57,12.46,14.86,12.57,12.18,18.50,430.42,27.14,72.34,16879.1,64.1,49.5,5326
step_hr_tp8,L4,2040,6251,8,1024,32,20,3,500,25.41,19.68,629.77,20762.79,52.30,51.33,71.83,12.58,12.48,14.63,12.58,12.16,18.94,440.36,27.20,72.45,16687,66.7,51.4,5121
step_hr_tp8,L4,2040,6251,8,1024,32,30,1,500,17.10,29.25,935.93,30856.46,61.59,60.23,91.76,14.71,14.56,18.26,14.74,14.24,23.06,411.18,27.30,73.84,12450,56.3,40.0,4124
step_hr_tp8,L4,2040,6251,8,1024,32,30,2,500,17.10,29.25,935.93,30856.47,61.08,59.58,90.98,14.71,14.54,18.34,14.75,14.48,25.49,419.06,27.40,73.79,12277.8,58.1,41.3,3989
step_hr_tp8,L4,2040,6251,8,1024,32,30,3,500,17.09,29.26,936.19,30864.91,61.08,60.22,91.07,14.72,14.62,18.40,14.73,14.33,23.69,412.09,27.55,73.26,12533.9,55.8,39.6,4146
step_hr_tp8,L4,2040,6251,8,1024,32,50,1,500,10.50,47.63,1524.16,50249.67,86.01,86.88,120.73,21.98,22.64,26.75,21.98,22.04,32.50,381.55,27.49,73.00,8621.92,46.7,27.2,3115
step_hr_tp8,L4,2040,6251,8,1024,32,50,2,500,10.50,47.63,1524.16,50249.67,85.73,86.69,119.66,21.96,22.53,26.92,21.96,21.77,31.91,378.34,27.35,73.37,8726.33,45.9,26.8,3187
step_hr_tp8,L4,2040,6251,8,1024,32,50,3,500,10.49,47.66,1525.05,50279.05,85.61,87.39,118.15,22.15,22.71,26.84,22.15,22.16,31.48,390.47,27.11,73.43,8328.77,49.4,28.6,2938
step_hr_tp8,L4,2040,6251,8,2048,32,20,1,500,51.87,9.64,308.45,20039.88,5990.80,6879.34,7088.10,190.07,201.91,202.70,190.07,201.95,207.43,470.67,27.16,72.24,31232.3,78.2,33.7,9022
step_hr_tp8,L4,2040,6251,8,2048,32,20,2,500,25.46,19.64,628.45,40829.30,63.24,61.49,90.83,14.18,13.87,18.17,14.23,13.64,23.55,428.47,27.15,73.15,18069.1,59.8,44.8,5734
step_hr_tp8,L4,2040,6251,8,2048,32,20,3,500,25.45,19.65,628.78,40851.23,62.22,60.64,85.05,14.16,13.91,17.98,14.18,13.64,21.15,440.13,27.20,73.55,17555.2,63.3,47.4,5418
step_hr_tp8,L4,2040,6251,8,2048,32,30,1,500,17.14,29.17,933.40,60641.71,75.23,73.71,105.81,17.81,17.82,23.85,17.81,17.38,29.03,407.96,27.15,74.30,13181.2,52.9,36.4,4413
step_hr_tp8,L4,2040,6251,8,2048,32,30,2,500,17.15,29.16,933.13,60624.23,76.21,73.83,111.08,17.87,17.98,24.07,17.87,17.70,27.57,411.77,27.16,73.49,13084.3,53.8,36.9,4328
step_hr_tp8,L4,2040,6251,8,2048,32,30,3,500,17.14,29.17,933.46,60645.57,75.82,73.93,110.79,17.85,17.95,23.95,17.85,17.63,28.20,406.72,27.16,73.53,13296,52.1,35.9,4465
step_hr_tp8,L4,2040,6251,8,2048,32,50,1,500,12.51,39.96,1278.66,83072.85,276.80,279.41,467.32,93.95,101.60,131.54,93.95,96.44,162.80,388.7,27.16,73.82,10517.5,46.6,41.3,3706
step_hr_tp8,L4,2040,6251,8,2048,32,50,2,500,12.41,40.28,1289.12,83752.25,269.31,282.21,453.57,90.97,97.70,126.04,90.97,94.34,147.71,390.7,27.38,73.18,10397.6,46.8,41.8,3656
step_hr_tp8,L4,2040,6251,8,2048,32,50,3,500,12.40,40.33,1290.47,83840.41,264.47,273.69,436.61,90.29,96.96,125.68,90.29,93.92,150.26,391.69,27.11,73.41,10370.9,47.1,42.3,3633
step_hr_tp8,L4,2040,6251,8,4096,32,20,1,500,168.42,2.97,95.00,12252.38,31514.28,38939.96,39646.37,178.75,179.40,201.97,178.75,179.60,203.95,492.96,27.23,69.60,92708.2,89.5,28.0,25707
step_hr_tp8,L4,2040,6251,8,4096,32,20,2,500,178.41,2.80,89.68,11565.98,34080.48,38886.06,39384.28,176.17,179.03,179.83,176.17,179.04,182.22,487.09,26.96,68.44,98129.7,88.5,27.1,27545
step_hr_tp8,L4,2040,6251,8,4096,32,20,3,500,178.29,2.80,89.74,11573.62,34063.89,38872.75,39362.60,176.05,178.97,179.80,176.05,178.96,181.79,488.32,26.96,69.27,97789.2,89.0,27.3,27388
step_hr_tp8,L4,2040,6251,8,4096,32,30,1,500,178.27,2.80,89.75,11575.23,34318.30,38881.83,39531.04,176.09,178.97,179.86,176.09,178.95,182.37,487.27,27.01,69.12,98206.4,88.4,27.2,27548
step_hr_tp8,L4,2040,6251,8,4096,32,30,2,500,178.32,2.80,89.72,11571.60,34329.94,38887.90,39539.52,176.14,179.02,179.93,176.14,179.01,182.58,490.25,26.96,68.84,97862.6,89.2,27.5,27300
step_hr_tp8,L4,2040,6251,8,4096,32,30,3,500,178.36,2.80,89.70,11569.11,34338.95,38900.49,39574.60,176.18,179.06,179.86,176.18,179.07,182.56,488.26,26.86,69.02,98103.7,88.7,27.4,27504
step_hr_tp8,L4,2040,6251,8,4096,32,50,1,500,178.29,2.80,89.74,11573.67,34528.42,38885.40,40218.58,176.15,179.02,179.90,176.15,178.98,182.39,490.26,26.91,69.26,97868.5,89.3,27.6,27302
step_hr_tp8,L4,2040,6251,8,4096,32,50,2,500,178.28,2.80,89.75,11574.70,34526.05,38889.32,40210.56,176.13,178.99,179.93,176.13,179.00,182.66,490.13,26.96,69.11,98013.9,89.1,27.6,27350
step_hr_tp8,L4,2040,6251,8,4096,32,50,3,500,178.39,2.80,89.69,11567.04,34550.20,38914.00,40248.09,176.25,179.12,179.96,176.25,179.08,182.55,489.58,26.91,68.69,98162.7,88.9,27.5,27427
step_hr_tp8,L4,1830,6251,8,1024,32,20,1,500,30.36,16.47,527.00,17374.41,3199.21,3317.62,6182.26,117.56,158.12,177.34,117.56,173.15,182.63,422.75,26.91,72.62,19551,65.7,24.1,6420
step_hr_tp8,L4,1830,6251,8,1024,32,20,2,500,25.41,19.68,629.75,20762.13,53.00,51.97,75.89,12.58,12.49,14.60,12.59,12.21,18.93,447.78,27.06,72.61,16650.6,67.9,52.5,5031
step_hr_tp8,L4,1830,6251,8,1024,32,20,3,500,25.41,19.68,629.67,20759.37,52.88,52.14,74.98,12.59,12.49,14.59,12.59,12.23,18.52,441.03,27.16,72.60,17051,65.2,50.2,5242
step_hr_tp8,L4,1830,6251,8,1024,32,30,1,500,17.09,29.25,936.11,30862.29,61.24,60.09,89.88,14.70,14.50,18.26,14.70,14.33,23.90,419.18,27.30,73.89,12326.1,57.9,41.3,3998
step_hr_tp8,L4,1830,6251,8,1024,32,30,2,500,17.10,29.24,935.73,30849.75,59.93,59.03,79.97,14.76,14.64,18.49,14.76,14.45,23.05,410.56,27.11,73.04,12677.7,55.0,39.1,4214
step_hr_tp8,L4,1830,6251,8,1024,32,30,3,500,17.09,29.26,936.16,30864.03,61.41,60.57,89.73,14.72,14.45,18.49,14.74,14.45,23.38,422.97,27.16,73.03,12275.5,58.7,42.0,3950
step_hr_tp8,L4,1830,6251,8,1024,32,50,1,500,10.50,47.61,1523.65,50232.74,87.97,88.07,121.59,22.23,22.86,27.25,22.23,21.94,33.74,374.1,27.30,73.91,8967.35,44.0,25.7,3319
step_hr_tp8,L4,1830,6251,8,1024,32,50,2,500,10.49,47.66,1525.23,50285.00,86.39,86.89,118.94,22.07,22.67,26.95,22.11,21.78,33.82,380.45,27.25,73.56,8718.71,46.2,26.8,3159
step_hr_tp8,L4,1830,6251,8,1024,32,50,3,500,10.49,47.66,1525.28,50286.46,84.80,85.74,115.05,22.03,22.58,26.73,22.03,22.09,31.58,380.12,27.35,73.92,8675.41,46.3,27.0,3140
step_hr_tp8,L4,1830,6251,8,2048,32,20,1,500,51.75,9.66,309.16,20085.45,5964.99,6871.72,7079.88,189.99,201.91,202.76,189.99,201.85,210.32,468.31,27.16,71.68,31386.8,77.3,33.2,9104
step_hr_tp8,L4,1830,6251,8,2048,32,20,2,500,25.45,19.65,628.80,40852.11,61.66,60.37,86.36,14.18,13.89,18.19,14.20,13.67,21.85,441.22,27.15,73.20,17596.1,63.2,47.5,5409
step_hr_tp8,L4,1830,6251,8,2048,32,20,3,500,25.45,19.64,628.63,40841.36,62.32,60.90,87.60,14.18,13.92,18.22,14.19,13.68,21.77,439.33,27.30,73.13,17659.2,62.7,47.1,5457
step_hr_tp8,L4,1830,6251,8,2048,32,30,1,500,17.14,29.17,933.39,60641.42,75.65,73.11,111.18,17.90,17.97,23.97,17.90,17.57,29.02,405.95,27.16,73.79,13382,51.6,35.6,4511
step_hr_tp8,L4,1830,6251,8,2048,32,30,2,500,17.15,29.16,933.21,60629.75,74.01,72.72,105.98,17.95,17.98,24.00,17.95,17.56,28.96,412.27,27.21,73.27,13085.9,53.8,37.0,4333
step_hr_tp8,L4,1830,6251,8,2048,32,30,3,500,17.15,29.16,933.13,60624.59,75.24,73.85,109.74,17.91,17.91,24.21,17.91,17.64,28.96,416.37,27.45,73.35,12986.2,54.6,37.5,4258
step_hr_tp8,L4,1830,6251,8,2048,32,50,1,500,12.41,40.29,1289.18,83756.68,268.74,274.52,447.00,91.07,97.97,126.04,91.07,94.63,142.73,388.06,27.20,73.14,10472.6,46.0,41.5,3694
step_hr_tp8,L4,1830,6251,8,2048,32,50,2,500,12.44,40.19,1286.07,83554.06,271.15,276.32,453.52,91.97,99.29,128.03,91.97,93.63,147.82,382.19,27.35,73.19,10709.4,44.6,40.1,3840
step_hr_tp8,L4,1830,6251,8,2048,32,50,3,500,12.41,40.28,1288.90,83738.12,268.30,278.88,458.06,90.90,97.65,125.99,90.90,94.10,150.36,388.2,27.23,73.20,10475.3,46.3,41.7,3691
step_hr_tp8,L4,1830,6251,8,4096,32,20,1,500,168.67,2.96,94.86,12233.90,31564.07,38990.71,39720.87,179.01,179.70,202.03,179.01,179.92,204.04,492.21,27.09,69.47,93027.4,89.1,28.5,25816
step_hr_tp8,L4,1830,6251,8,4096,32,20,2,500,178.57,2.80,89.60,11555.46,34119.28,38934.75,39422.97,176.34,179.25,180.10,176.34,179.22,183.81,489.36,26.99,68.59,98057.7,89.0,27.8,27431
step_hr_tp8,L4,1830,6251,8,4096,32,20,3,500,178.60,2.80,89.58,11553.51,34124.76,38939.59,39429.26,176.37,179.29,180.13,176.37,179.28,182.65,486.69,26.96,68.59,98289.6,88.3,27.6,27654
step_hr_tp8,L4,1830,6251,8,4096,32,30,1,500,178.55,2.80,89.61,11556.81,34376.38,38944.43,39613.64,176.35,179.25,180.09,176.35,179.22,182.76,489.78,26.86,68.61,98156.3,89.0,27.8,27405
step_hr_tp8,L4,1830,6251,8,4096,32,30,2,500,178.49,2.80,89.64,11560.60,34362.51,38927.17,39581.81,176.32,179.19,180.07,176.32,179.18,182.61,488.48,26.96,69.35,98263.1,88.7,27.7,27538
step_hr_tp8,L4,1830,6251,8,4096,32,30,3,500,178.53,2.80,89.62,11558.43,34370.24,38930.63,39587.90,176.32,179.23,180.06,176.32,179.21,182.42,487.34,26.96,68.96,98215.9,88.5,27.7,27563
step_hr_tp8,L4,1830,6251,8,4096,32,50,1,500,178.63,2.80,89.57,11551.82,34594.73,38965.27,40289.00,176.48,179.38,180.23,176.48,179.34,184.36,488.52,27.00,68.66,98445.1,88.5,27.7,27565
step_hr_tp8,L4,1830,6251,8,4096,32,50,2,500,178.62,2.80,89.58,11552.48,34595.05,38969.90,40297.16,176.47,179.36,180.20,176.47,179.33,182.83,488.28,27.06,68.87,98495.2,88.5,27.7,27607
step_hr_tp8,L4,1830,6251,8,4096,32,50,3,500,178.47,2.80,89.65,11561.96,34563.76,38927.86,40264.57,176.32,179.19,180.03,176.32,179.18,182.50,487.95,26.86,68.98,98351.1,88.5,27.7,27568
step_hr_tp8,L4,1620,6251,8,1024,32,20,1,500,30.40,16.45,526.32,17352.08,3196.41,3311.96,6191.30,118.42,158.34,177.58,118.42,173.01,183.06,419.71,26.96,72.78,19723.9,64.8,24.2,6512
step_hr_tp8,L4,1620,6251,8,1024,32,20,2,500,25.41,19.68,629.70,20760.34,53.18,52.18,76.56,12.58,12.49,14.62,12.60,12.23,18.60,443.39,27.11,72.60,16773.4,66.8,51.6,5108
step_hr_tp8,L4,1620,6251,8,1024,32,20,3,500,25.41,19.68,629.70,20760.43,52.98,52.31,71.45,12.59,12.52,14.56,12.60,12.17,18.77,442.4,27.24,72.50,16994.3,65.7,50.7,5204
step_hr_tp8,L4,1620,6251,8,1024,32,30,1,500,17.10,29.25,935.93,30856.35,60.61,59.44,82.53,14.73,14.52,18.36,14.73,14.35,23.62,418.25,27.25,72.96,12414.2,57.4,40.9,4038
step_hr_tp8,L4,1620,6251,8,1024,32,30,2,500,17.10,29.25,935.91,30855.94,60.38,58.56,88.21,14.73,14.50,18.31,14.75,14.40,23.43,411.25,27.35,73.04,12653.2,55.3,39.5,4196
step_hr_tp8,L4,1620,6251,8,1024,32,30,3,500,17.10,29.25,935.86,30854.29,61.27,59.82,87.34,14.74,14.57,18.43,14.76,14.49,23.37,419.14,27.13,73.22,12355.5,57.7,41.1,4003
step_hr_tp8,L4,1620,6251,8,1024,32,50,1,500,10.49,47.67,1525.49,50293.57,86.56,87.95,118.91,22.13,22.85,26.97,22.13,22.10,32.48,374.44,27.16,73.13,8923.18,44.1,25.8,3287
step_hr_tp8,L4,1620,6251,8,1024,32,50,2,500,10.49,47.65,1524.94,50275.31,82.43,82.45,114.67,22.17,22.87,26.82,22.17,22.28,31.60,379.41,27.25,73.59,8682.85,46.4,27.0,3143
step_hr_tp8,L4,1620,6251,8,1024,32,50,3,500,10.50,47.63,1524.16,50249.67,87.41,88.44,117.36,22.12,22.82,26.84,22.12,21.92,31.68,379.85,27.16,73.49,8716.9,46.1,26.9,3161
step_hr_tp8,L4,1620,6251,8,2048,32,20,1,500,51.73,9.67,309.31,20095.18,5959.57,6870.18,7079.78,189.96,201.84,202.72,189.96,201.75,209.71,466.25,27.16,72.05,31450.7,76.7,33.0,9159
step_hr_tp8,L4,1620,6251,8,2048,32,20,2,500,25.45,19.64,628.61,40840.25,62.99,61.76,90.18,14.20,13.95,18.14,14.21,13.68,21.60,441.76,27.40,73.16,17594.1,63.3,47.5,5405
step_hr_tp8,L4,1620,6251,8,2048,32,20,3,500,25.45,19.65,628.80,40852.05,62.23,60.79,86.63,14.19,13.93,18.18,14.23,13.64,21.65,440.45,27.25,72.91,17550.3,63.2,47.5,5409
step_hr_tp8,L4,1620,6251,8,2048,32,30,1,500,17.14,29.17,933.51,60649.08,77.80,75.62,112.19,18.03,18.08,24.04,18.21,17.96,35.16,409.79,27.01,73.55,13186.3,52.6,36.3,4406
step_hr_tp8,L4,1620,6251,8,2048,32,30,2,500,17.14,29.17,933.31,60635.89,78.80,76.40,123.14,18.32,18.18,24.48,18.42,17.88,30.69,420.22,27.01,73.98,12615.3,56.1,38.5,4093
step_hr_tp8,L4,1620,6251,8,2048,32,30,3,500,17.15,29.16,933.20,60628.73,76.53,74.67,114.36,17.91,17.98,24.04,17.91,17.75,28.47,405.38,27.11,73.33,13408.5,51.4,35.6,4526
step_hr_tp8,L4,1620,6251,8,2048,32,50,1,500,12.43,40.24,1287.55,83650.77,269.19,283.54,466.04,91.51,98.93,127.24,91.51,94.48,155.68,388.16,27.30,73.12,10462.3,46.7,42.0,3693
step_hr_tp8,L4,1620,6251,8,2048,32,50,2,500,12.43,40.24,1287.71,83661.17,268.10,275.88,459.42,91.13,98.44,126.86,91.13,95.64,146.53,380.83,27.25,73.06,10760.6,44.0,39.6,3884
step_hr_tp8,L4,1620,6251,8,2048,32,50,3,500,12.43,40.21,1286.70,83595.44,268.92,280.27,464.85,91.48,99.07,127.51,91.48,95.22,146.72,387.59,27.16,73.76,10479.3,46.5,41.8,3702
step_hr_tp8,L4,1620,6251,8,4096,32,20,1,500,168.69,2.96,94.85,12232.33,31567.49,38999.39,39716.20,179.04,179.72,201.98,179.04,179.87,204.51,491.64,27.16,69.13,92786.2,89.3,28.7,25793
step_hr_tp8,L4,1620,6251,8,4096,32,20,2,500,178.59,2.80,89.59,11554.30,34122.21,38935.84,39418.29,176.35,179.26,180.06,176.35,179.25,183.15,487.32,26.91,69.07,98091.6,88.6,27.8,27524
step_hr_tp8,L4,1620,6251,8,4096,32,20,3,500,178.53,2.80,89.62,11558.15,34111.17,38928.82,39415.29,176.29,179.20,180.05,176.29,179.18,182.56,487.5,26.91,68.62,98471.9,88.3,27.7,27658
step_hr_tp8,L4,1620,6251,8,4096,32,30,1,500,178.61,2.80,89.58,11552.91,34386.03,38961.03,39613.91,176.44,179.34,180.18,176.44,179.33,183.07,488.21,26.91,69.16,98402.5,88.5,27.8,27574
step_hr_tp8,L4,1620,6251,8,4096,32,30,2,500,178.54,2.80,89.62,11557.70,34372.06,38932.26,39599.59,176.36,179.24,180.06,176.36,179.21,182.91,490.88,26.96,69.24,98139.1,89.2,28.0,27348
step_hr_tp8,L4,1620,6251,8,4096,32,30,3,500,178.52,2.80,89.63,11559.22,34366.63,38930.74,39587.66,176.33,179.22,180.06,176.33,179.19,182.57,488.2,27.01,68.51,98412.7,88.5,27.8,27590
step_hr_tp8,L4,1620,6251,8,4096,32,50,1,500,178.57,2.80,89.60,11555.62,34583.44,38953.43,40277.66,176.43,179.30,180.12,176.43,179.28,182.95,489.1,27.01,69.28,98641.1,88.5,27.8,27621
step_hr_tp8,L4,1620,6251,8,4096,32,50,2,500,178.49,2.80,89.64,11560.65,34568.22,38932.17,40270.48,176.35,179.22,180.05,176.35,179.20,183.14,492.84,27.05,68.86,97815.4,89.9,28.2,27135
step_hr_tp8,L4,1620,6251,8,4096,32,50,3,500,178.54,2.80,89.61,11557.51,34577.13,38949.12,40264.08,176.39,179.28,180.18,176.39,179.25,182.58,487.66,26.91,69.36,98608.2,88.2,27.7,27684
step_hr_tp8,L4,1410,6251,8,1024,32,20,1,500,30.40,16.45,526.31,17351.74,3201.12,3327.58,6195.16,118.10,158.30,177.62,118.10,173.51,183.03,424.85,27.05,72.83,19535.6,66.2,24.8,6361
step_hr_tp8,L4,1410,6251,8,1024,32,20,2,500,25.42,19.67,629.52,20754.35,53.74,52.86,75.48,12.57,12.48,14.66,12.57,12.22,18.64,442.95,26.99,72.56,16697.9,67.0,51.8,5097
step_hr_tp8,L4,1410,6251,8,1024,32,20,3,500,25.41,19.68,629.71,20760.61,53.14,52.31,73.29,12.62,12.54,14.61,12.69,12.24,21.69,434.33,26.96,72.44,17026.5,64.1,49.4,5316
step_hr_tp8,L4,1410,6251,8,1024,32,30,1,500,17.09,29.26,936.33,30869.61,61.41,60.73,87.15,14.71,14.51,18.52,14.71,14.44,22.96,416.93,27.11,73.08,12240.3,58.0,41.5,3993
step_hr_tp8,L4,1410,6251,8,1024,32,30,2,500,17.09,29.25,936.13,30863.00,61.05,59.79,93.63,14.69,14.49,18.42,14.70,14.31,23.25,409.22,27.11,73.26,12517,55.7,39.9,4157
step_hr_tp8,L4,1410,6251,8,1024,32,30,3,500,17.10,29.25,935.94,30856.63,61.25,59.64,86.75,14.71,14.46,18.46,14.72,14.40,23.66,418.54,27.25,73.19,12279.6,58.0,41.4,3992
step_hr_tp8,L4,1410,6251,8,1024,32,50,1,500,10.50,47.63,1524.04,50245.61,87.76,87.56,118.81,22.02,22.88,26.68,22.06,21.86,33.37,372.35,27.11,73.65,8865.4,44.2,26.0,3281
step_hr_tp8,L4,1410,6251,8,1024,32,50,2,500,10.49,47.67,1525.55,50295.56,85.64,86.24,120.76,22.11,22.62,27.12,22.11,22.09,31.36,377.7,27.11,73.96,8650.27,46.2,27.1,3142
step_hr_tp8,L4,1410,6251,8,1024,32,50,3,500,10.49,47.66,1525.10,50280.63,86.34,86.63,115.98,21.98,22.61,26.64,21.98,21.96,31.60,379.21,27.16,73.41,8649.85,46.4,27.3,3136
step_hr_tp8,L4,1410,6251,8,2048,32,20,1,500,51.71,9.67,309.43,20103.41,5956.57,6868.47,7078.87,189.89,201.64,202.64,189.89,201.75,212.18,466.34,27.06,72.02,31424.1,76.8,33.1,9144
step_hr_tp8,L4,1410,6251,8,2048,32,20,2,500,25.46,19.64,628.48,40831.30,62.78,61.53,88.84,14.17,13.89,18.17,14.18,13.65,21.93,435.02,27.21,73.07,17888.8,61.4,46.2,5587
step_hr_tp8,L4,1410,6251,8,2048,32,20,3,500,25.46,19.64,628.55,40836.27,62.68,61.14,90.82,14.17,13.91,18.08,14.17,13.67,21.41,443.78,27.21,73.02,17434.2,64.4,48.3,5331
step_hr_tp8,L4,1410,6251,8,2048,32,30,1,500,17.15,29.16,933.11,60622.74,76.93,74.79,113.14,17.97,18.02,24.50,17.97,17.61,29.18,407,27.20,73.70,13306,52.0,35.9,4463
step_hr_tp8,L4,1410,6251,8,2048,32,30,2,500,17.14,29.17,933.36,60639.12,76.25,74.21,110.17,17.98,18.05,24.18,17.98,17.57,29.89,412.76,27.34,73.68,13081.3,53.8,37.1,4320
step_hr_tp8,L4,1410,6251,8,2048,32,30,3,500,17.15,29.16,933.18,60627.81,76.93,75.30,113.77,17.98,18.03,24.32,17.98,17.78,29.34,407.1,27.45,73.76,13403.4,51.7,35.7,4504
step_hr_tp8,L4,1410,6251,8,2048,32,50,1,500,12.92,38.69,1238.24,80446.62,376.86,380.07,1063.44,113.00,127.79,151.12,114.33,114.37,190.04,384.24,27.16,73.33,10493.3,44.9,40.7,3738
step_hr_tp8,L4,1410,6251,8,2048,32,50,2,500,12.42,40.27,1288.48,83711.04,269.29,278.04,451.25,90.99,97.89,126.21,90.99,94.32,145.66,382.03,27.28,73.12,10694.9,44.3,39.9,3839
step_hr_tp8,L4,1410,6251,8,2048,32,50,3,500,12.43,40.21,1286.85,83605.23,267.78,276.69,465.94,91.62,98.29,127.38,91.62,94.65,146.33,387.89,27.25,73.06,10455.9,46.5,41.9,3679
step_hr_tp8,L4,1410,6251,8,4096,32,20,1,500,168.81,2.96,94.78,12223.90,31589.42,39023.68,39743.40,179.15,179.84,202.09,179.15,180.00,204.31,492.47,27.06,70.01,93082.1,89.2,28.7,25805
step_hr_tp8,L4,1410,6251,8,4096,32,20,2,500,178.58,2.80,89.60,11555.01,34121.17,38933.03,39426.79,176.34,179.25,180.09,176.34,179.22,183.00,488.15,27.00,69.39,98213.1,88.7,27.9,27540
step_hr_tp8,L4,1410,6251,8,4096,32,20,3,500,178.65,2.80,89.56,11550.75,34133.47,38951.99,39440.49,176.41,179.32,180.16,176.41,179.30,182.82,487.39,26.96,69.29,98539.9,88.3,27.7,27664
step_hr_tp8,L4,1410,6251,8,4096,32,30,1,500,178.67,2.80,89.55,11549.49,34396.78,38970.41,39626.37,176.48,179.39,180.20,176.48,179.35,182.46,489.8,26.96,69.45,98245.4,89.0,27.9,27439
step_hr_tp8,L4,1410,6251,8,4096,32,30,2,500,178.66,2.80,89.55,11549.72,34397.14,38963.15,39628.64,176.46,179.36,180.22,176.46,179.32,183.48,492.04,27.05,68.56,97795.8,89.9,28.2,27166
step_hr_tp8,L4,1410,6251,8,4096,32,30,3,500,178.56,2.80,89.61,11556.26,34376.06,38938.49,39602.71,176.39,179.27,180.10,176.39,179.25,182.71,491.83,27.00,69.25,97921.8,89.7,28.2,27225
step_hr_tp8,L4,1410,6251,8,4096,32,50,1,500,178.58,2.80,89.59,11554.74,34587.02,38962.96,40277.60,176.44,179.32,180.17,176.44,179.29,183.92,489.62,26.86,69.14,98455.8,88.7,27.8,27538
step_hr_tp8,L4,1410,6251,8,4096,32,50,2,500,178.52,2.80,89.62,11558.69,34573.86,38936.34,40273.81,176.38,179.25,180.07,176.38,179.22,182.66,491.04,26.96,69.29,98172.6,89.2,28.1,27371
step_hr_tp8,L4,1410,6251,8,4096,32,50,3,500,178.62,2.80,89.58,11552.64,34593.34,38972.63,40278.01,176.47,179.35,180.24,176.47,179.34,186.50,487.2,26.96,69.08,98734.9,88.1,27.7,27748
step_hr_tp8,L4,1200,6251,8,1024,32,20,1,500,30.42,16.44,525.99,17341.14,3199.91,3318.66,6196.60,118.41,158.47,177.71,118.41,174.41,184.20,423.42,26.95,72.45,19612.1,65.9,24.7,6403
step_hr_tp8,L4,1200,6251,8,1024,32,20,2,500,25.41,19.68,629.71,20760.89,53.15,52.06,73.37,12.58,12.48,14.60,12.58,12.21,18.70,445.44,27.06,72.72,16760.2,67.2,51.9,5092
step_hr_tp8,L4,1200,6251,8,1024,32,20,3,500,25.41,19.67,629.56,20755.75,54.10,53.20,78.17,12.60,12.50,14.65,12.61,12.23,18.64,439.69,27.21,72.65,17064.4,65.0,50.2,5253
step_hr_tp8,L4,1200,6251,8,1024,32,30,1,500,17.09,29.25,936.10,30862.12,62.17,60.93,87.42,14.71,14.59,18.46,14.72,14.37,23.98,421.01,27.30,72.95,12317,58.2,41.8,3984
step_hr_tp8,L4,1200,6251,8,1024,32,30,2,500,17.09,29.26,936.19,30864.95,62.86,60.23,98.96,14.80,14.54,18.53,14.82,14.43,24.39,411.01,27.25,72.95,12664.5,55.0,39.1,4208
step_hr_tp8,L4,1200,6251,8,1024,32,30,3,500,17.10,29.25,935.91,30855.90,61.54,60.45,86.20,14.73,14.58,18.41,14.74,14.47,23.31,419.37,27.16,73.03,12396.2,57.6,41.0,4024
step_hr_tp8,L4,1200,6251,8,1024,32,50,1,500,10.49,47.66,1525.10,50280.78,88.24,87.81,121.29,22.24,22.86,26.97,22.24,22.41,32.60,374.16,27.21,73.04,8888.39,44.3,25.8,3273
step_hr_tp8,L4,1200,6251,8,1024,32,50,2,500,10.49,47.67,1525.29,50286.82,86.84,86.80,118.21,22.12,22.81,27.12,22.12,22.12,32.45,379.51,27.21,73.91,8724.65,46.2,27.0,3156
step_hr_tp8,L4,1200,6251,8,1024,32,50,3,500,10.50,47.64,1524.53,50261.84,88.00,88.39,117.84,22.09,22.81,27.25,22.14,22.01,31.66,382.53,27.06,73.27,8634.65,46.7,27.4,3113
step_hr_tp8,L4,1200,6251,8,2048,32,20,1,500,51.74,9.66,309.24,20091.07,5961.94,6871.69,7081.41,189.96,201.81,202.77,189.96,201.86,208.42,465.96,27.11,72.34,31599,76.2,32.8,9214
step_hr_tp8,L4,1200,6251,8,2048,32,20,2,500,25.45,19.65,628.73,40847.88,62.76,61.06,89.15,14.20,13.92,18.11,14.21,13.76,20.91,433.93,27.30,72.83,17917,60.9,45.8,5621
step_hr_tp8,L4,1200,6251,8,2048,32,20,3,500,25.45,19.65,628.74,40848.74,63.13,62.13,90.98,14.17,13.90,18.00,14.19,13.68,21.44,438.68,27.20,73.18,17606.3,63.2,47.5,5453
step_hr_tp8,L4,1200,6251,8,2048,32,30,1,500,17.15,29.16,933.19,60627.88,75.93,73.48,112.10,17.95,18.04,23.95,17.95,17.72,28.15,412.23,27.20,73.04,13047.2,54.0,37.4,4317
step_hr_tp8,L4,1200,6251,8,2048,32,30,2,500,17.14,29.17,933.40,60641.97,77.28,75.77,116.61,17.91,18.03,23.77,17.93,17.67,28.41,412.15,27.11,73.35,13122.7,53.9,37.3,4346
step_hr_tp8,L4,1200,6251,8,2048,32,30,3,500,17.15,29.16,933.02,60617.19,76.25,74.55,107.78,18.00,18.04,24.08,18.00,17.65,28.55,405.71,27.25,73.55,13373.8,51.4,35.5,4503
step_hr_tp8,L4,1200,6251,8,2048,32,50,1,500,12.43,40.22,1287.13,83623.22,267.80,275.23,459.41,91.47,98.79,127.18,91.47,94.78,146.40,389.61,27.40,73.42,10444.6,46.4,41.8,3674
step_hr_tp8,L4,1200,6251,8,2048,32,50,2,500,12.46,40.14,1284.49,83451.74,273.85,280.82,458.65,92.11,99.10,127.97,92.11,95.09,146.17,382.33,27.11,73.47,10738.2,44.4,40.0,3856
step_hr_tp8,L4,1200,6251,8,2048,32,50,3,500,12.45,40.16,1284.99,83483.96,273.70,283.98,459.69,91.96,99.05,127.83,91.96,95.02,145.91,387.7,27.20,73.71,10524.2,46.1,41.4,3727
step_hr_tp8,L4,1200,6251,8,4096,32,20,1,500,168.77,2.96,94.80,12226.72,31581.99,39021.18,39732.40,179.12,179.80,202.11,179.12,179.94,203.99,492.3,27.16,69.83,92936.8,89.3,28.8,25777
step_hr_tp8,L4,1200,6251,8,4096,32,20,2,500,178.67,2.80,89.55,11549.54,34138.06,38953.96,39445.74,176.43,179.34,180.18,176.43,179.31,183.05,487.52,26.91,68.82,98311.9,88.5,27.8,27614
step_hr_tp8,L4,1200,6251,8,4096,32,20,3,500,178.53,2.80,89.62,11557.99,34111.15,38920.74,39407.65,176.30,179.20,180.02,176.30,179.19,182.70,488.85,26.91,68.91,98186.5,88.8,27.9,27485
step_hr_tp8,L4,1200,6251,8,4096,32,30,1,500,178.69,2.80,89.54,11547.91,34402.43,38968.68,39632.28,176.49,179.39,180.26,176.49,179.36,183.13,488.05,26.96,69.01,98276.3,88.7,27.9,27566
step_hr_tp8,L4,1200,6251,8,4096,32,30,2,500,178.54,2.80,89.62,11557.54,34372.90,38936.23,39589.74,176.34,179.25,180.03,176.34,179.23,182.80,488.06,26.85,68.88,98438.5,88.5,27.8,27626
step_hr_tp8,L4,1200,6251,8,4096,32,30,3,500,178.57,2.80,89.60,11555.83,34375.94,38944.22,39597.80,176.39,179.29,180.09,176.39,179.26,182.93,487.82,26.86,69.13,98353.4,88.5,27.8,27601
step_hr_tp8,L4,1200,6251,8,4096,32,50,1,500,178.63,2.80,89.57,11552.12,34595.38,38972.63,40288.66,176.49,179.38,180.24,176.49,179.34,182.50,488.01,26.95,69.02,98536.6,88.4,27.8,27669
step_hr_tp8,L4,1200,6251,8,4096,32,50,2,500,178.59,2.80,89.59,11554.58,34585.73,38955.32,40279.39,176.45,179.32,180.18,176.45,179.30,183.38,487.69,26.96,69.00,98565.4,88.2,27.8,27666
step_hr_tp8,L4,1200,6251,8,4096,32,50,3,500,178.56,2.80,89.61,11556.44,34580.62,38946.38,40278.95,176.41,179.30,180.16,176.41,179.29,184.11,488.02,26.86,68.81,98593.8,88.3,27.8,27645
step_hr_tp8,L4,990,6251,8,1024,32,20,1,500,30.42,16.43,525.91,17338.52,3205.63,3319.42,6195.72,117.92,158.68,177.84,117.92,173.40,186.09,424.43,26.96,72.70,19591,66.1,24.7,6393
step_hr_tp8,L4,990,6251,8,1024,32,20,2,500,25.41,19.68,629.63,20758.22,53.47,52.60,73.34,12.60,12.51,14.58,12.60,12.17,18.75,443.9,27.30,72.49,16806.4,66.8,51.5,5119
step_hr_tp8,L4,990,6251,8,1024,32,20,3,500,25.41,19.68,629.71,20760.85,53.85,52.38,77.85,12.73,12.55,18.14,12.77,12.29,19.22,440.1,27.30,72.53,17011.8,64.8,50.0,5244
step_hr_tp8,L4,990,6251,8,1024,32,30,1,500,17.09,29.25,935.98,30858.25,61.88,60.57,86.10,14.75,14.61,18.50,14.76,14.42,24.26,419.48,27.24,73.33,12334.8,57.8,41.2,3998
step_hr_tp8,L4,990,6251,8,1024,32,30,2,500,17.09,29.25,936.08,30861.44,62.27,60.66,94.18,14.75,14.58,18.51,14.77,14.45,23.96,413.02,27.30,72.99,12567.7,55.9,39.9,4141
step_hr_tp8,L4,990,6251,8,1024,32,30,3,500,17.10,29.25,935.85,30853.73,61.39,60.03,85.84,14.75,14.57,18.31,14.76,14.46,23.59,419.31,27.25,72.92,12333.8,57.9,41.2,3993
step_hr_tp8,L4,990,6251,8,1024,32,50,1,500,10.49,47.66,1525.18,50283.21,86.30,86.69,117.64,22.24,22.96,27.18,22.24,22.09,31.06,376.46,27.16,73.99,8853.38,44.8,26.3,3253
step_hr_tp8,L4,990,6251,8,1024,32,50,2,500,10.49,47.66,1525.05,50278.91,86.98,87.91,116.23,22.18,22.83,26.99,22.18,22.06,31.28,379.57,27.11,73.53,8704.91,45.9,26.8,3155
step_hr_tp8,L4,990,6251,8,1024,32,50,3,500,10.49,47.67,1525.42,50291.19,87.34,86.95,120.25,22.10,22.82,27.52,22.10,22.16,32.14,380.04,27.30,73.61,8695.21,46.3,27.1,3150
step_hr_tp8,L4,990,6251,8,2048,32,20,1,500,51.75,9.66,309.18,20086.96,5962.33,6873.04,7084.26,190.04,201.90,202.69,190.04,201.75,213.25,465.86,27.06,72.35,31435.8,76.8,33.0,9163
step_hr_tp8,L4,990,6251,8,2048,32,20,2,500,25.46,19.64,628.50,40832.58,62.90,62.02,87.63,14.21,13.93,18.31,14.21,13.73,21.30,431.98,27.30,73.15,18038.4,60.3,45.3,5693
step_hr_tp8,L4,990,6251,8,2048,32,20,3,500,25.46,19.64,628.50,40833.00,62.85,61.44,88.12,14.18,13.93,18.19,14.20,13.70,21.30,439.92,27.30,72.90,17658.7,63.0,47.2,5450
step_hr_tp8,L4,990,6251,8,2048,32,30,1,500,17.14,29.16,933.24,60631.23,77.53,75.70,115.17,18.00,18.07,24.44,18.00,17.70,29.08,414,27.30,73.45,13075.9,54.0,37.3,4306
step_hr_tp8,L4,990,6251,8,2048,32,30,2,500,17.14,29.17,933.42,60643.06,77.36,76.40,112.93,18.00,18.12,24.35,18.00,17.79,28.62,413.29,27.35,73.89,13089.4,54.0,37.3,4309
step_hr_tp8,L4,990,6251,8,2048,32,30,3,500,17.14,29.17,933.51,60649.04,76.75,74.83,110.05,17.96,17.99,24.14,17.96,17.68,28.50,412.35,27.40,73.41,13105.2,53.6,37.0,4324
step_hr_tp8,L4,990,6251,8,2048,32,50,1,500,12.44,40.19,1285.93,83545.39,270.68,280.53,451.97,91.91,99.44,127.66,91.91,96.05,146.14,388.86,27.39,73.36,10522.2,46.2,41.7,3713
step_hr_tp8,L4,990,6251,8,2048,32,50,2,500,12.43,40.22,1286.99,83614.44,270.04,277.54,454.68,91.28,98.11,126.92,91.28,94.68,145.27,380.48,27.21,73.64,10848.2,43.8,39.4,3919
step_hr_tp8,L4,990,6251,8,2048,32,50,3,500,12.44,40.19,1286.00,83549.64,270.97,281.04,448.62,91.83,98.74,127.63,91.83,95.20,147.65,388.52,27.25,73.34,10491.1,46.2,41.6,3695
step_hr_tp8,L4,990,6251,8,4096,32,20,1,500,168.73,2.96,94.83,12229.55,31574.59,39000.30,39727.06,179.07,179.77,202.15,179.07,179.90,204.19,493.41,26.96,70.20,92852.9,89.6,28.8,25716
step_hr_tp8,L4,990,6251,8,4096,32,20,2,500,178.64,2.80,89.56,11551.08,34132.71,38947.55,39433.06,176.40,179.32,180.16,176.40,179.31,182.97,486.32,26.96,68.81,98394.8,88.2,27.7,27693
step_hr_tp8,L4,990,6251,8,4096,32,20,3,500,178.60,2.80,89.59,11554.01,34122.90,38940.55,39426.29,176.36,179.28,180.13,176.36,179.24,182.67,489.28,27.01,68.75,98242.7,88.8,28.0,27485
step_hr_tp8,L4,990,6251,8,4096,32,30,1,500,178.59,2.80,89.59,11554.57,34381.82,38943.04,39600.38,176.39,179.29,180.09,176.39,179.27,182.80,487.41,27.01,68.07,98335.9,88.5,27.8,27631
step_hr_tp8,L4,990,6251,8,4096,32,30,2,500,178.63,2.80,89.57,11551.61,34391.02,38956.08,39621.84,176.43,179.33,180.20,176.43,179.36,182.71,488.4,26.86,69.08,98400.5,88.6,27.9,27551
step_hr_tp8,L4,990,6251,8,4096,32,30,3,500,178.66,2.80,89.56,11550.10,34396.22,38975.38,39638.63,176.48,179.37,180.22,176.48,179.33,182.93,488.69,26.95,68.94,98546.4,88.5,27.8,27592
step_hr_tp8,L4,990,6251,8,4096,32,50,1,500,178.59,2.80,89.59,11554.65,34586.83,38962.23,40276.72,176.43,179.35,180.21,176.43,179.33,189.91,488,27.01,68.79,98488.9,88.4,27.8,27627
step_hr_tp8,L4,990,6251,8,4096,32,50,2,500,178.53,2.80,89.62,11558.56,34574.56,38939.16,40272.68,176.39,179.28,180.10,176.39,179.25,182.98,489.15,27.05,68.53,97995.5,89.0,28.0,27420
step_hr_tp8,L4,990,6251,8,4096,32,50,3,500,178.57,2.80,89.60,11555.97,34581.51,38952.73,40271.13,176.42,179.30,180.20,176.42,179.25,182.83,490.19,27.00,69.25,98616.4,88.7,27.9,27533
step_hr_tp8,L4,780,6251,8,1024,32,20,1,500,30.42,16.44,525.95,17339.84,3202.89,3329.58,6200.09,118.38,158.45,177.91,118.38,173.06,183.35,419.34,27.05,72.60,19767.3,64.7,24.2,6520
step_hr_tp8,L4,780,6251,8,1024,32,20,2,500,25.41,19.68,629.73,20761.56,53.27,52.30,74.53,12.59,12.51,14.71,12.59,12.18,18.56,444.37,27.21,73.26,16772.6,67.0,51.8,5098
step_hr_tp8,L4,780,6251,8,1024,32,20,3,500,25.41,19.68,629.69,20760.03,52.47,51.95,73.70,12.60,12.50,14.51,12.60,12.19,18.46,438.08,27.25,72.63,17129.7,64.5,49.8,5300
step_hr_tp8,L4,780,6251,8,1024,32,30,1,500,17.09,29.26,936.20,30865.36,61.78,60.36,86.72,14.75,14.53,18.73,14.75,14.39,23.76,418.59,27.20,73.10,12345.1,57.7,41.2,4007
step_hr_tp8,L4,780,6251,8,1024,32,30,2,500,17.09,29.25,936.05,30860.30,60.49,58.98,88.79,14.81,14.72,18.49,14.94,14.49,26.75,414.59,27.35,73.16,12554,56.0,39.9,4130
step_hr_tp8,L4,780,6251,8,1024,32,30,3,500,17.09,29.26,936.20,30865.18,58.81,57.70,92.63,14.74,14.56,18.54,14.74,14.38,23.31,424.22,27.40,73.39,12251,59.0,42.2,3929
step_hr_tp8,L4,780,6251,8,1024,32,50,1,500,10.50,47.63,1524.20,50251.03,88.74,89.07,122.51,22.07,22.80,26.90,22.07,21.86,31.68,377.42,27.16,73.10,8837.88,45.0,26.6,3234
step_hr_tp8,L4,780,6251,8,1024,32,50,2,500,10.50,47.63,1524.13,50248.53,88.82,88.55,121.95,22.15,22.97,26.98,22.15,22.19,33.34,382.32,27.30,74.32,8675.78,46.6,27.2,3137
step_hr_tp8,L4,780,6251,8,1024,32,50,3,500,10.49,47.65,1524.78,50270.25,88.16,88.46,123.04,22.12,22.79,26.81,22.12,22.09,32.60,379.42,27.16,73.19,8663.94,46.3,27.1,3137
step_hr_tp8,L4,780,6251,8,2048,32,20,1,500,51.74,9.66,309.22,20089.81,5962.07,6871.98,7080.43,189.99,201.85,202.73,189.99,201.83,213.46,468.9,27.10,72.18,31407.7,77.2,33.2,9103
step_hr_tp8,L4,780,6251,8,2048,32,20,2,500,25.45,19.64,628.63,40840.99,62.51,60.65,90.84,14.20,13.92,18.20,14.20,13.72,21.66,434.64,27.10,73.04,17877.9,61.2,46.0,5598
step_hr_tp8,L4,780,6251,8,2048,32,20,3,500,25.45,19.65,628.67,40843.79,59.96,58.69,85.27,14.18,13.93,17.99,14.18,13.70,21.06,439.06,27.20,73.04,17587.6,63.0,47.3,5432
step_hr_tp8,L4,780,6251,8,2048,32,30,1,500,17.14,29.17,933.40,60641.84,76.81,74.56,112.54,17.97,18.01,24.18,17.97,17.73,29.84,409.31,27.15,73.37,13166.1,53.0,36.6,4392
step_hr_tp8,L4,780,6251,8,2048,32,30,2,500,17.15,29.16,933.14,60624.87,76.17,74.49,109.69,17.97,18.04,24.23,17.97,17.67,29.48,411.82,27.16,73.20,13072.8,53.8,37.1,4331
step_hr_tp8,L4,780,6251,8,2048,32,30,3,500,17.15,29.16,933.22,60629.92,76.33,74.67,109.49,17.97,18.07,23.96,17.97,17.68,27.60,405.12,27.40,73.04,13410.3,51.5,35.6,4529
step_hr_tp8,L4,780,6251,8,2048,32,50,1,500,12.44,40.20,1286.43,83577.47,270.58,276.17,457.12,91.62,98.64,127.73,91.62,94.55,146.34,388,27.35,73.19,10525.4,46.0,41.4,3722
step_hr_tp8,L4,780,6251,8,2048,32,50,2,500,12.41,40.28,1289.11,83751.86,268.78,275.35,447.86,90.83,98.13,125.85,90.83,94.59,144.90,380.97,27.30,73.06,10702.9,44.5,40.2,3853
step_hr_tp8,L4,780,6251,8,2048,32,50,3,500,12.43,40.22,1287.00,83615.00,266.30,279.79,473.44,91.48,97.93,127.25,91.48,97.85,161.40,387.94,27.20,73.51,10479.8,46.2,41.7,3691
step_hr_tp8,L4,780,6251,8,4096,32,20,1,500,168.77,2.96,94.80,12226.66,31582.72,39016.72,39734.49,179.11,179.81,202.17,179.11,179.98,204.25,496.84,27.20,69.55,92354.5,90.8,29.2,25359
step_hr_tp8,L4,780,6251,8,4096,32,20,2,500,178.77,2.80,89.50,11542.61,34160.08,38986.99,39482.06,176.53,179.45,180.25,176.53,179.40,182.85,487.98,26.94,68.89,98432.3,88.6,27.9,27568
step_hr_tp8,L4,780,6251,8,4096,32,20,3,500,178.59,2.80,89.59,11554.15,34122.68,38939.44,39424.64,176.36,179.28,180.11,176.36,179.28,182.50,488.72,26.86,68.87,98130.9,88.9,28.0,27500
step_hr_tp8,L4,780,6251,8,4096,32,30,1,500,178.68,2.80,89.54,11548.39,34399.86,38971.46,39630.10,176.51,179.41,180.25,176.51,179.36,182.94,487.15,26.91,68.52,98201.6,88.6,27.8,27586
step_hr_tp8,L4,780,6251,8,4096,32,30,2,500,178.64,2.80,89.57,11551.37,34390.59,38963.10,39616.45,176.45,179.35,180.20,176.45,179.33,182.76,488.41,26.91,68.83,98257.6,88.7,27.9,27553
step_hr_tp8,L4,780,6251,8,4096,32,30,3,500,178.58,2.80,89.60,11555.30,34378.42,38944.40,39605.14,176.40,179.30,180.16,176.40,179.24,182.54,487.67,26.91,69.12,98237.9,88.6,27.9,27595
step_hr_tp8,L4,780,6251,8,4096,32,50,1,500,178.58,2.80,89.60,11555.09,34584.53,38950.61,40281.74,176.43,179.32,180.14,176.43,179.30,183.01,488.87,26.96,69.02,98374.8,88.7,27.9,27554
step_hr_tp8,L4,780,6251,8,4096,32,50,2,500,178.58,2.80,89.60,11555.20,34583.84,38950.02,40281.69,176.44,179.32,180.17,176.44,179.33,182.74,489.18,27.00,68.74,98126.8,88.9,28.0,27454
step_hr_tp8,L4,780,6251,8,4096,32,50,3,500,178.62,2.80,89.58,11552.76,34593.09,38967.68,40290.91,176.47,179.37,180.24,176.47,179.30,182.67,489.02,26.96,68.91,98319.3,88.8,27.9,27539
step_hr_tp8,L4,570,6251,8,1024,32,20,1,500,30.41,16.44,526.10,17344.86,3202.25,3330.14,6196.94,118.17,158.41,177.76,118.17,173.38,182.80,424.33,26.96,72.71,19557.5,66.0,24.8,6384
step_hr_tp8,L4,570,6251,8,1024,32,20,2,500,25.42,19.67,629.52,20754.51,52.99,52.06,73.89,12.57,12.47,14.62,12.58,12.22,18.63,446,27.01,72.56,16756.9,67.1,52.0,5092
step_hr_tp8,L4,570,6251,8,1024,32,20,3,500,25.41,19.68,629.66,20758.99,53.05,51.93,76.44,12.69,12.52,15.91,12.76,12.25,21.77,438.29,27.15,74.04,17077.3,64.4,49.8,5282
step_hr_tp8,L4,570,6251,8,1024,32,30,1,500,17.09,29.25,936.08,30861.42,61.98,60.29,89.19,14.74,14.51,18.42,14.75,14.33,24.19,427.87,27.35,72.96,12054.1,60.4,43.1,3829
step_hr_tp8,L4,570,6251,8,1024,32,30,2,500,17.09,29.26,936.30,30868.54,61.06,59.62,87.49,14.76,14.65,18.46,14.76,14.30,24.27,411.91,27.29,73.11,12607,55.5,39.7,4177
step_hr_tp8,L4,570,6251,8,1024,32,30,3,500,17.09,29.25,936.06,30860.67,61.24,59.39,89.96,14.76,14.58,18.39,14.77,14.54,23.66,423.72,27.20,73.39,12285.4,58.8,41.9,3950
step_hr_tp8,L4,570,6251,8,1024,32,50,1,500,10.49,47.65,1524.80,50270.90,86.32,87.58,121.31,22.09,22.74,27.08,22.14,22.31,32.80,374.01,27.30,73.39,8938.59,44.3,25.8,3291
step_hr_tp8,L4,570,6251,8,1024,32,50,2,500,10.49,47.67,1525.49,50293.52,87.21,88.07,115.92,22.22,22.99,26.62,22.22,22.31,31.57,382.41,27.11,73.51,8656.26,46.7,27.2,3118
step_hr_tp8,L4,570,6251,8,1024,32,50,3,500,10.50,47.63,1524.20,50251.09,84.74,85.83,116.48,22.13,22.68,27.13,22.13,22.19,31.73,384.59,27.21,73.53,8621.75,46.9,27.5,3103
step_hr_tp8,L4,570,6251,8,2048,32,20,1,500,51.75,9.66,309.17,20086.15,5962.12,6871.69,7081.71,190.03,201.81,202.81,190.03,201.81,210.93,465.08,27.10,72.01,31553.4,76.2,32.8,9223
step_hr_tp8,L4,570,6251,8,2048,32,20,2,500,25.45,19.65,628.65,40842.50,63.10,61.51,90.28,14.18,13.89,18.08,14.20,13.65,21.33,432.01,27.06,73.10,17955.9,60.7,45.6,5652
step_hr_tp8,L4,570,6251,8,2048,32,20,3,500,25.45,19.64,628.57,40837.10,63.25,62.19,87.07,14.19,13.94,18.21,14.21,13.68,21.88,443.31,27.25,73.13,17576.8,63.7,47.8,5387
step_hr_tp8,L4,570,6251,8,2048,32,30,1,500,17.14,29.17,933.33,60637.27,76.76,75.13,110.16,17.98,17.97,24.28,17.98,17.58,29.57,407.77,27.25,73.66,13379,51.8,35.6,4491
step_hr_tp8,L4,570,6251,8,2048,32,30,2,500,17.14,29.17,933.44,60644.27,73.51,71.82,103.21,17.98,17.98,24.24,18.01,17.69,30.72,411.72,27.35,73.45,13155.3,53.3,36.8,4360
step_hr_tp8,L4,570,6251,8,2048,32,30,3,500,17.14,29.17,933.31,60635.98,86.31,75.81,414.59,19.50,18.39,39.92,19.50,18.11,34.53,404.25,27.35,73.68,13318.4,51.5,35.1,4530
step_hr_tp8,L4,570,6251,8,2048,32,50,1,500,12.45,40.15,1284.89,83477.46,269.87,278.02,458.74,92.12,98.83,127.96,92.12,95.52,145.40,388.72,27.13,73.91,10496.4,46.3,41.7,3693
step_hr_tp8,L4,570,6251,8,2048,32,50,2,500,12.44,40.21,1286.61,83589.56,273.29,281.37,459.34,91.31,98.21,126.74,91.31,93.87,145.74,383.1,27.15,73.19,10691.4,44.5,40.2,3821
step_hr_tp8,L4,570,6251,8,2048,32,50,3,500,12.71,39.34,1258.92,81790.52,287.99,277.01,682.69,98.52,99.32,144.22,98.52,96.71,440.95,385.75,27.16,73.37,10599.2,45.7,40.9,3756
step_hr_tp8,L4,570,6251,8,4096,32,20,1,500,168.80,2.96,94.79,12224.86,31587.27,39012.51,39746.84,179.15,179.85,202.25,179.15,180.01,203.92,492.35,27.15,69.76,93038.9,89.2,28.7,25834
step_hr_tp8,L4,570,6251,8,4096,32,20,2,500,178.72,2.80,89.53,11546.12,34147.37,38971.97,39458.17,176.48,179.39,180.26,176.48,179.38,182.94,488.48,26.89,69.17,98613.1,88.4,27.8,27659
step_hr_tp8,L4,570,6251,8,4096,32,20,3,500,178.75,2.80,89.51,11544.17,34154.62,38978.37,39473.54,176.51,179.43,180.24,176.51,179.41,182.77,487.8,26.82,69.40,98292.4,88.6,27.9,27584
step_hr_tp8,L4,570,6251,8,4096,32,30,1,500,178.60,2.80,89.59,11553.96,34382.75,38947.06,39608.59,176.42,179.31,180.17,176.42,179.28,182.94,488.03,27.01,68.79,98299,88.6,27.9,27571
step_hr_tp8,L4,570,6251,8,4096,32,30,2,500,178.64,2.80,89.57,11551.14,34391.26,38962.68,39617.98,176.46,179.36,180.21,176.46,179.31,182.72,487.46,26.95,68.68,98467,88.4,27.8,27682
step_hr_tp8,L4,570,6251,8,4096,32,30,3,500,178.70,2.80,89.53,11546.97,34405.31,38974.40,39635.76,176.51,179.40,180.26,176.51,179.39,183.09,489.14,27.01,69.67,98306.4,88.9,27.9,27511
step_hr_tp8,L4,570,6251,8,4096,32,50,1,500,178.57,2.80,89.60,11555.92,34582.26,38947.13,40282.25,176.42,179.30,180.13,176.42,179.27,182.75,489.81,26.99,68.65,98187,89.1,28.0,27452
step_hr_tp8,L4,570,6251,8,4096,32,50,2,500,178.71,2.80,89.53,11546.72,34611.73,38990.90,40310.03,176.56,179.46,180.32,176.56,179.44,183.04,489.07,26.96,68.80,98631.7,88.5,27.8,27621
step_hr_tp8,L4,570,6251,8,4096,32,50,3,500,178.60,2.80,89.59,11553.89,34587.76,38956.37,40291.46,176.46,179.34,180.20,176.46,179.36,182.69,490.44,26.96,69.21,97972.2,89.4,28.1,27321
step_hr_tp8,L4,360,6251,8,1024,32,20,1,500,30.42,16.44,526.03,17342.46,3201.64,3321.83,6196.45,118.17,158.39,177.77,118.17,173.17,183.02,423.75,27.10,73.08,19629.6,65.8,24.7,6429
step_hr_tp8,L4,360,6251,8,1024,32,20,2,500,25.41,19.68,629.75,20761.98,52.94,52.36,74.18,12.58,12.49,14.62,12.58,12.17,18.38,445.89,27.25,72.84,16741.2,67.1,51.9,5080
step_hr_tp8,L4,360,6251,8,1024,32,20,3,500,25.41,19.67,629.55,20755.46,53.44,52.62,78.40,12.60,12.51,14.63,12.61,12.22,18.60,438.91,27.20,72.70,17142.7,64.6,49.9,5290
step_hr_tp8,L4,360,6251,8,1024,32,30,1,500,17.09,29.25,936.03,30859.75,61.52,60.24,91.25,14.70,14.47,18.15,14.71,14.35,23.87,419.2,27.21,73.55,12377.2,57.8,41.4,4012
step_hr_tp8,L4,360,6251,8,1024,32,30,2,500,17.09,29.26,936.24,30866.68,62.45,60.54,116.96,14.83,14.58,19.18,14.86,14.47,25.24,411.19,27.25,73.19,12635,55.1,39.3,4190
step_hr_tp8,L4,360,6251,8,1024,32,30,3,500,17.09,29.26,936.23,30866.48,61.16,59.58,91.86,14.76,14.54,18.31,14.77,14.48,23.23,423.14,27.25,73.19,12345,58.3,41.5,3976
step_hr_tp8,L4,360,6251,8,1024,32,50,1,500,10.50,47.62,1523.98,50243.74,88.00,87.46,118.95,22.15,22.90,27.00,22.15,22.18,32.07,375.21,27.45,73.43,8923.03,44.5,26.0,3275
step_hr_tp8,L4,360,6251,8,1024,32,50,2,500,10.49,47.65,1524.68,50266.65,87.12,86.93,118.17,22.04,22.85,27.08,22.04,22.04,33.26,381.2,27.21,73.95,8718.58,46.3,27.2,3142
step_hr_tp8,L4,360,6251,8,1024,32,50,3,500,10.50,47.64,1524.49,50260.43,87.41,87.98,122.19,22.16,22.80,26.78,22.16,21.96,32.83,382.68,27.11,73.61,8612.66,46.8,27.5,3103
step_hr_tp8,L4,360,6251,8,2048,32,20,1,500,51.76,9.66,309.10,20081.52,5963.90,6874.50,7083.87,190.08,201.86,202.83,190.08,201.83,211.91,468.91,27.21,72.65,31419.2,77.2,33.3,9118
step_hr_tp8,L4,360,6251,8,2048,32,20,2,500,25.45,19.64,628.59,40838.49,62.76,61.56,90.30,14.23,13.96,18.18,14.27,13.86,22.55,428.28,27.25,73.10,18228.7,59.0,44.2,5809
step_hr_tp8,L4,360,6251,8,2048,32,20,3,500,25.45,19.65,628.70,40845.61,62.66,60.61,90.00,14.18,13.91,18.13,14.20,13.69,22.00,442.73,27.30,72.88,17520.3,63.9,48.1,5378
step_hr_tp8,L4,360,6251,8,2048,32,30,1,500,17.15,29.16,933.06,60619.55,77.19,74.95,114.25,18.01,18.06,24.42,18.01,17.80,30.06,407.08,27.30,73.24,13311.7,52.0,36.0,4461
step_hr_tp8,L4,360,6251,8,2048,32,30,2,500,17.15,29.16,933.06,60619.55,76.41,74.90,109.23,17.94,18.02,23.99,17.94,17.70,29.18,412.96,27.35,73.59,13100,53.7,37.1,4327
step_hr_tp8,L4,360,6251,8,2048,32,30,3,500,17.14,29.16,933.23,60630.86,76.75,75.27,109.79,18.01,18.08,24.05,18.01,17.61,28.38,405.79,27.25,73.83,13416.3,51.5,35.6,4528
step_hr_tp8,L4,360,6251,8,2048,32,50,1,500,12.45,40.17,1285.59,83523.01,271.47,277.56,463.52,91.85,98.62,127.55,91.85,94.59,146.28,400.01,27.35,73.73,10098.9,49.4,44.6,3457
step_hr_tp8,L4,360,6251,8,2048,32,50,2,500,12.42,40.25,1288.15,83689.20,270.40,279.09,462.02,91.00,97.95,126.87,91.00,95.29,163.02,383.38,27.45,73.67,10692.7,44.6,40.3,3825
step_hr_tp8,L4,360,6251,8,2048,32,50,3,500,12.44,40.20,1286.43,83577.76,268.86,276.55,444.31,91.83,98.91,127.30,91.83,94.50,146.80,373.88,27.16,73.33,11119.3,41.7,37.5,4100
step_hr_tp8,L4,360,6251,8,4096,32,20,1,500,168.76,2.96,94.81,12227.33,31568.42,38979.06,39584.83,179.13,179.89,202.24,179.13,180.01,204.40,493.3,27.25,69.71,93016.2,89.4,28.7,25767
step_hr_tp8,L4,360,6251,8,4096,32,20,2,500,178.73,2.80,89.52,11545.41,34150.59,38971.57,39470.33,176.49,179.41,180.23,176.49,179.37,182.85,489.71,26.96,68.94,98366.4,88.9,27.9,27475
step_hr_tp8,L4,360,6251,8,4096,32,20,3,500,178.58,2.80,89.59,11554.78,34121.15,38931.37,39423.44,176.35,179.27,180.08,176.35,179.23,182.63,488.66,26.91,69.13,98239.9,88.7,27.9,27528
step_hr_tp8,L4,360,6251,8,4096,32,30,1,500,178.70,2.80,89.54,11547.47,34403.50,38973.75,39631.50,176.49,179.41,180.24,176.49,179.41,183.07,489.72,27.01,69.03,98410.1,88.9,27.9,27485
step_hr_tp8,L4,360,6251,8,4096,32,30,2,500,178.66,2.80,89.56,11549.90,34394.94,38966.05,39618.12,176.48,179.38,180.22,176.48,179.36,183.50,489.83,26.91,69.54,98393.6,88.9,27.9,27471
step_hr_tp8,L4,360,6251,8,4096,32,30,3,500,178.67,2.80,89.55,11548.99,34398.22,38972.89,39630.36,176.49,179.40,180.22,176.49,179.38,182.77,488.49,26.91,69.06,98571.2,88.5,27.8,27613
step_hr_tp8,L4,360,6251,8,4096,32,50,1,500,178.64,2.80,89.57,11551.34,34596.51,38962.27,40303.08,176.50,179.39,180.20,176.50,179.34,183.27,490.33,26.91,68.81,98182.9,89.2,28.0,27399
step_hr_tp8,L4,360,6251,8,4096,32,50,2,500,178.65,2.80,89.56,11550.80,34597.64,38968.95,40295.19,176.50,179.40,180.20,176.50,179.36,182.80,488.57,27.05,70.91,98444.7,88.6,27.9,27548
step_hr_tp8,L4,360,6251,8,4096,32,50,3,500,178.56,2.80,89.61,11556.54,34579.81,38949.73,40271.49,176.42,179.31,180.13,176.42,179.27,182.52,488.02,26.91,68.91,98398.4,88.5,27.8,27625
step_hr_tp8,L4,210,6251,8,1024,32,20,1,500,30.42,16.44,525.97,17340.59,3201.01,3322.32,6194.45,118.24,158.44,177.67,118.24,173.54,183.68,419.86,27.06,72.58,19722.2,64.8,24.3,6498
step_hr_tp8,L4,210,6251,8,1024,32,20,2,500,25.41,19.68,629.62,20757.94,52.84,51.53,74.88,12.58,12.47,14.59,12.61,12.19,18.88,443.28,27.06,72.49,16783.8,66.8,51.6,5123
step_hr_tp8,L4,210,6251,8,1024,32,20,3,500,25.41,19.68,629.71,20760.62,54.04,52.82,106.37,12.62,12.51,14.71,12.62,12.19,18.73,436.02,27.06,72.61,17125.3,64.0,49.4,5344
step_hr_tp8,L4,210,6251,8,1024,32,30,1,500,17.10,29.25,935.86,30854.18,60.69,59.39,86.26,14.71,14.50,18.34,14.72,14.35,23.55,418.53,27.16,72.80,12294.5,58.0,41.4,3988
step_hr_tp8,L4,210,6251,8,1024,32,30,2,500,17.10,29.24,935.66,30847.61,61.62,60.99,85.19,14.80,14.80,18.46,14.89,14.45,26.09,413.89,27.21,73.41,12521.5,56.1,40.0,4129
step_hr_tp8,L4,210,6251,8,1024,32,30,3,500,17.09,29.26,936.21,30865.66,59.82,58.38,85.91,14.74,14.52,18.51,14.75,14.41,23.01,419.65,27.16,73.31,12326.1,57.9,41.4,3982
step_hr_tp8,L4,210,6251,8,1024,32,50,1,500,10.49,47.66,1525.23,50284.83,86.90,87.37,118.66,22.24,23.01,27.69,22.28,22.28,34.15,374.6,27.21,73.75,8922.64,44.1,25.8,3294
step_hr_tp8,L4,210,6251,8,1024,32,50,2,500,10.49,47.68,1525.83,50304.82,83.67,83.98,115.86,22.12,22.77,26.92,22.12,22.01,32.95,386.03,27.30,73.34,8486.06,48.0,28.2,3026
step_hr_tp8,L4,210,6251,8,1024,32,50,3,500,10.49,47.64,1524.59,50263.94,84.47,84.95,114.59,22.17,22.91,27.01,22.17,22.28,30.75,380.49,27.35,73.79,8649.31,46.6,27.2,3125
step_hr_tp8,L4,210,6251,8,2048,32,20,1,500,51.74,9.66,309.26,20091.91,5960.88,6870.51,7080.66,189.97,201.87,202.66,189.97,201.80,211.43,468.48,27.30,71.92,31367.7,77.2,33.2,9096
step_hr_tp8,L4,210,6251,8,2048,32,20,2,500,25.46,19.64,628.52,40833.94,62.79,61.26,96.45,14.19,13.89,18.18,14.21,13.69,22.07,427.8,27.15,73.24,18210.7,59.0,44.4,5805
step_hr_tp8,L4,210,6251,8,2048,32,20,3,500,25.46,19.64,628.52,40833.84,62.61,61.25,89.84,14.20,13.88,18.04,14.21,13.70,21.49,439.78,27.20,73.33,17540.1,63.2,47.5,5408
step_hr_tp8,L4,210,6251,8,2048,32,30,1,500,17.14,29.17,933.32,60636.53,76.36,74.27,114.60,17.94,18.02,24.36,17.94,17.63,29.04,405.27,27.06,73.77,13329.9,51.9,36.0,4496
step_hr_tp8,L4,210,6251,8,2048,32,30,2,500,17.14,29.17,933.43,60643.47,76.64,74.02,109.25,17.95,17.98,24.18,17.95,17.55,28.12,411.31,27.21,73.35,13111,53.5,37.0,4356
step_hr_tp8,L4,210,6251,8,2048,32,30,3,500,17.14,29.17,933.50,60648.26,76.74,74.79,109.86,17.99,18.07,24.11,17.99,17.69,28.78,405.32,27.11,73.45,13386.3,51.4,35.5,4523
step_hr_tp8,L4,210,6251,8,2048,32,50,1,500,12.45,40.17,1285.47,83515.15,268.20,278.99,458.31,91.91,98.93,128.01,91.91,96.46,145.06,388.74,27.35,73.53,10496.5,46.4,41.8,3702
step_hr_tp8,L4,210,6251,8,2048,32,50,2,500,12.44,40.19,1286.02,83551.26,270.97,276.49,456.13,91.77,98.45,127.37,91.77,94.74,144.31,381.91,27.25,73.26,10724.4,44.4,40.0,3845
step_hr_tp8,L4,210,6251,8,2048,32,50,3,500,12.44,40.19,1285.96,83547.11,270.20,278.97,468.90,92.09,99.25,127.65,92.09,95.28,154.79,389.99,27.30,73.34,10433.6,46.8,42.1,3664
step_hr_tp8,L4,210,6251,8,4096,32,20,1,500,168.74,2.96,94.82,12228.90,31576.27,39009.74,39725.20,179.08,179.75,202.11,179.08,179.93,203.97,493.01,27.30,69.88,92865.7,89.5,28.8,25736
step_hr_tp8,L4,210,6251,8,4096,32,20,2,500,178.68,2.80,89.55,11548.74,34139.41,38960.32,39440.62,176.43,179.35,180.19,176.43,179.36,182.62,487.56,26.90,69.22,98302,88.6,27.9,27622
step_hr_tp8,L4,210,6251,8,4096,32,20,3,500,178.64,2.80,89.57,11551.15,34131.44,38949.84,39434.17,176.40,179.33,180.15,176.40,179.30,183.01,488.04,26.81,69.23,98411.8,88.5,27.8,27581
step_hr_tp8,L4,210,6251,8,4096,32,30,1,500,178.64,2.80,89.57,11551.39,34390.23,38960.73,39613.18,176.46,179.34,180.20,176.46,179.36,182.83,488.46,26.86,69.07,98494.5,88.6,27.9,27594
step_hr_tp8,L4,210,6251,8,4096,32,30,2,500,178.68,2.80,89.55,11548.63,34399.90,38972.83,39639.59,176.50,179.41,180.22,176.50,179.38,183.23,489.49,26.91,68.67,98337.5,88.9,27.9,27519
step_hr_tp8,L4,210,6251,8,4096,32,30,3,500,178.60,2.80,89.58,11553.54,34383.97,38951.43,39613.38,176.43,179.33,180.14,176.43,179.29,182.56,489.84,26.96,68.96,98400.8,88.8,27.9,27517
step_hr_tp8,L4,210,6251,8,4096,32,50,1,500,178.67,2.80,89.55,11549.35,34602.97,38975.77,40302.22,176.52,179.41,180.27,176.52,179.37,182.81,491.99,26.96,69.13,98106.8,89.5,28.1,27289
step_hr_tp8,L4,210,6251,8,4096,32,50,2,500,178.68,2.80,89.55,11548.56,34605.37,38984.65,40298.55,176.53,179.41,180.30,176.53,179.41,182.72,488.29,27.00,69.00,98478.3,88.6,27.9,27570
step_hr_tp8,L4,210,6251,8,4096,32,50,3,500,178.64,2.80,89.57,11551.30,34596.91,38966.71,40299.49,176.50,179.39,180.19,176.50,179.36,182.85,489.48,27.06,69.75,98481.6,88.8,27.9,27536
step_hr_tp2,L4,2040,6251,2,1024,32,20,1,500,96.32,5.19,166.11,5476.51,11357.60,12336.50,16453.59,352.17,372.61,376.46,352.17,373.16,380.24,133.67,29.40,74.23,14677.8,88.5,42.6,3669
step_hr_tp2,L4,2040,6251,2,1024,32,20,2,500,97.02,5.15,164.92,5437.26,11445.97,12419.62,16683.36,354.85,376.14,377.18,354.85,375.97,383.71,132.07,30.59,73.67,14992.5,86.0,41.1,3802
step_hr_tp2,L4,2040,6251,2,1024,32,20,3,500,96.89,5.16,165.14,5444.52,11431.51,12398.59,16678.32,354.34,375.50,376.76,354.34,375.41,381.08,132.44,31.03,74.54,14951.5,86.2,41.4,3784
step_hr_tp2,L4,2040,6251,2,1024,32,30,1,500,96.74,5.17,165.38,5452.50,11665.35,12389.37,18450.30,353.91,374.88,376.70,353.91,374.88,383.01,132.3,30.73,74.04,14959.7,86.0,41.5,3796
step_hr_tp2,L4,2040,6251,2,1024,32,30,2,500,96.63,5.17,165.58,5459.04,11651.72,12368.57,18450.48,353.47,374.65,375.88,353.47,374.27,379.96,132.37,30.35,74.43,14931.7,86.2,41.6,3784
step_hr_tp2,L4,2040,6251,2,1024,32,30,3,500,96.71,5.17,165.44,5454.27,11660.11,12385.20,18437.02,353.80,375.02,376.77,353.80,374.78,382.96,132.19,30.55,74.97,14944.4,86.2,41.8,3790
step_hr_tp2,L4,2040,6251,2,2048,32,20,1,500,192.14,2.60,83.27,5410.21,11733.25,12099.32,18014.95,367.51,378.54,380.91,367.51,378.50,384.01,133.93,30.25,75.25,29234.5,88.2,41.7,7302
step_hr_tp2,L4,2040,6251,2,2048,32,20,2,500,191.85,2.61,83.40,5418.25,11714.83,12083.00,17977.86,366.96,378.07,380.40,366.96,377.98,384.78,135.64,30.21,74.19,28882.3,90.4,43.0,7124
step_hr_tp2,L4,2040,6251,2,2048,32,20,3,500,192.07,2.60,83.30,5411.99,11728.60,12097.21,17983.98,367.40,378.55,381.18,367.40,378.42,384.91,135.22,30.40,73.85,29009.7,89.8,42.8,7184
step_hr_tp2,L4,2040,6251,2,2048,32,30,1,500,191.85,2.61,83.40,5418.35,11781.18,12087.05,18866.28,367.09,378.46,380.70,367.09,378.20,383.31,129.48,29.82,74.06,29927.3,83.0,39.6,7772
step_hr_tp2,L4,2040,6251,2,2048,32,30,2,500,192.11,2.60,83.29,5411.02,11797.42,12110.66,18907.27,367.60,378.77,381.33,367.60,378.67,385.24,129.02,29.92,73.85,30102,82.1,39.3,7853
step_hr_tp2,L4,2040,6251,2,2048,32,30,3,500,192.39,2.60,83.17,5403.23,11815.18,12121.75,18947.29,368.12,379.33,381.71,368.12,379.08,385.79,133.37,30.21,74.14,29376.8,87.4,41.8,7390
step_hr_tp2,L4,2040,6251,2,4096,32,20,1,500,391.77,1.28,40.84,5267.16,12126.95,12097.39,17567.07,382.69,388.98,390.84,382.69,388.55,400.77,125.97,29.54,74.49,62364.4,78.5,36.8,16705
step_hr_tp2,L4,2040,6251,2,4096,32,20,2,500,391.82,1.28,40.84,5266.49,12131.66,12098.39,17609.58,382.66,388.86,390.78,383.06,388.40,401.52,133.27,29.58,74.12,59579.6,87.4,41.0,14869
step_hr_tp2,L4,2040,6251,2,4096,32,20,3,500,391.87,1.28,40.83,5265.84,12132.61,12092.31,17609.03,382.77,388.96,390.51,382.77,388.21,401.47,131.27,29.45,74.46,60298.4,85.0,39.9,15398
step_hr_tp2,L4,2040,6251,2,4096,32,30,1,500,391.86,1.28,40.83,5265.96,12152.25,12086.67,18188.57,382.76,388.71,391.06,382.76,388.19,401.26,138.02,30.06,74.05,58180,93.0,43.6,14112
step_hr_tp2,L4,2040,6251,2,4096,32,30,2,500,391.68,1.28,40.85,5268.29,12147.28,12094.88,18188.15,382.58,388.57,390.82,382.58,387.86,400.98,138.42,29.87,74.02,58012.2,93.6,44.0,14028
step_hr_tp2,L4,2040,6251,2,4096,32,30,3,500,392.01,1.28,40.82,5263.88,12318.90,12088.71,21236.95,377.03,388.58,647.70,393.72,387.61,401.62,138.8,30.02,74.15,57873.7,94.0,44.1,13031
step_hr_tp2,L4,1830,6251,2,1024,32,20,1,500,96.98,5.16,164.98,5439.04,11437.73,12421.41,16628.28,354.77,375.93,378.07,354.77,375.77,385.03,131.59,30.06,74.49,15011.5,85.5,42.0,3827
step_hr_tp2,L4,1830,6251,2,1024,32,20,2,500,97.16,5.15,164.67,5429.10,11462.55,12443.42,16697.17,355.44,377.02,378.00,355.44,376.60,382.38,132.33,30.50,74.66,15001.5,86.2,42.2,3800
step_hr_tp2,L4,1830,6251,2,1024,32,20,3,500,97.07,5.15,164.82,5434.01,11451.81,12427.33,16687.20,355.07,376.25,377.55,355.07,376.19,382.16,133.76,30.84,74.11,14866.2,87.8,43.0,3723
step_hr_tp2,L4,1830,6251,2,1024,32,30,1,500,97.19,5.14,164.63,5427.71,11718.07,12443.31,18524.77,355.60,376.89,378.65,355.60,376.99,390.28,132.17,30.69,73.98,15021.5,86.0,42.1,3814
step_hr_tp2,L4,1830,6251,2,1024,32,30,2,500,97.11,5.15,164.75,5431.74,11711.37,12439.32,18514.28,355.31,376.60,378.14,355.31,376.31,385.93,132.53,30.78,77.64,15016.4,86.0,42.0,3805
step_hr_tp2,L4,1830,6251,2,1024,32,30,3,500,97.18,5.15,164.65,5428.16,11719.66,12444.88,18538.78,355.55,377.07,378.02,355.55,376.66,382.08,132.4,30.83,74.23,14999.2,86.2,42.2,3798
step_hr_tp2,L4,1830,6251,2,2048,32,20,1,500,192.29,2.60,83.21,5405.88,11742.72,12111.18,18046.81,367.79,378.82,380.69,367.79,378.68,386.01,136.7,30.74,74.15,28816.4,91.7,44.1,7051
step_hr_tp2,L4,1830,6251,2,2048,32,20,2,500,191.93,2.61,83.36,5416.01,11719.17,12088.31,18002.80,367.12,378.14,380.06,367.12,378.01,383.15,136.81,30.22,74.20,28739.9,91.7,44.2,7030
step_hr_tp2,L4,1830,6251,2,2048,32,20,3,500,192.16,2.60,83.26,5409.55,11734.74,12101.03,18029.01,367.54,378.66,381.10,367.54,378.47,386.82,136.82,30.35,73.99,28795.2,91.5,44.2,7048
step_hr_tp2,L4,1830,6251,2,2048,32,30,1,500,191.89,2.61,83.38,5417.06,11785.88,12084.67,18955.81,367.14,378.04,380.62,367.14,378.00,383.40,136.41,30.33,73.88,28809.1,91.2,44.0,7072
step_hr_tp2,L4,1830,6251,2,2048,32,30,2,500,192.17,2.60,83.26,5409.14,11803.33,12109.66,18969.18,367.69,378.86,381.05,367.69,378.73,383.75,137.12,30.11,74.46,28763.6,91.8,44.2,7028
step_hr_tp2,L4,1830,6251,2,2048,32,30,3,500,191.80,2.61,83.42,5419.80,11779.08,12085.51,18924.92,366.97,378.09,379.90,366.97,377.85,383.36,136.38,30.21,73.80,28814.4,91.0,43.9,7076
step_hr_tp2,L4,1830,6251,2,4096,32,20,1,500,391.74,1.28,40.84,5267.47,12127.43,12076.56,17674.92,382.63,388.84,390.05,382.63,388.58,400.32,139.42,30.16,74.06,57821.9,94.5,44.4,13897
step_hr_tp2,L4,1830,6251,2,4096,32,20,2,500,391.87,1.28,40.83,5265.73,12133.73,12096.84,17670.35,382.77,388.73,390.54,382.77,388.68,400.58,139.3,30.11,74.71,57837.3,94.4,44.3,13904
step_hr_tp2,L4,1830,6251,2,4096,32,20,3,500,391.91,1.28,40.83,5265.20,12135.39,12098.13,17663.05,382.80,388.80,390.87,382.80,388.52,400.94,139.29,29.92,74.26,57866.3,94.4,44.3,13916
step_hr_tp2,L4,1830,6251,2,4096,32,30,1,500,391.83,1.28,40.83,5266.38,12151.53,12086.41,18186.51,382.73,388.84,390.73,382.73,388.37,401.29,139.39,29.88,78.13,57806.1,94.5,44.4,13886
step_hr_tp2,L4,1830,6251,2,4096,32,30,2,500,391.75,1.28,40.84,5267.42,12149.21,12085.60,18176.27,382.65,388.72,390.59,382.65,388.05,400.76,139.13,29.92,74.18,57853,94.3,44.3,13915
step_hr_tp2,L4,1830,6251,2,4096,32,30,3,500,391.80,1.28,40.84,5266.71,12150.72,12088.45,18174.88,382.70,388.74,391.02,382.70,388.04,401.14,139.2,29.91,75.31,57834.2,94.4,44.3,13907
step_hr_tp2,L4,1620,6251,2,1024,32,20,1,500,96.80,5.17,165.30,5449.64,11413.93,12394.52,16592.32,354.06,375.13,377.39,354.06,375.11,382.07,132.24,30.11,74.64,14918.7,86.2,42.4,3782
step_hr_tp2,L4,1620,6251,2,1024,32,20,2,500,97.26,5.14,164.50,5423.36,11474.85,12452.52,16714.47,355.81,377.17,378.48,355.81,376.85,382.33,132,30.55,74.77,15027.9,86.0,42.0,3812
step_hr_tp2,L4,1620,6251,2,1024,32,20,3,500,97.18,5.15,164.65,5428.18,11467.03,12439.77,16724.55,355.42,376.88,377.75,355.42,376.37,385.26,132.86,30.84,74.32,14963.6,86.8,42.5,3772
step_hr_tp2,L4,1620,6251,2,1024,32,30,1,500,97.08,5.15,164.80,5433.40,11707.62,12429.46,18527.25,355.18,376.25,378.05,355.18,376.09,383.45,132.95,30.69,73.39,14895,87.4,42.9,3741
step_hr_tp2,L4,1620,6251,2,1024,32,30,2,500,97.15,5.15,164.69,5429.72,11714.99,12438.92,18532.87,355.46,376.78,378.12,355.46,376.41,383.72,132.3,30.79,74.76,14999.7,86.2,42.2,3799
step_hr_tp2,L4,1620,6251,2,1024,32,30,3,500,97.03,5.15,164.90,5436.45,11699.05,12423.71,18512.90,355.01,375.99,377.77,355.01,376.07,381.65,132.88,30.74,73.46,14919.8,87.1,42.8,3756
step_hr_tp2,L4,1620,6251,2,2048,32,20,1,500,192.63,2.60,83.06,5396.34,11763.54,12130.05,18087.82,368.47,379.45,381.98,368.47,379.38,385.27,136.33,30.45,73.66,28841.5,91.6,44.0,7057
step_hr_tp2,L4,1620,6251,2,2048,32,20,2,500,192.19,2.60,83.25,5408.79,11735.28,12108.17,18025.68,367.61,378.72,380.96,367.61,378.57,384.51,136.81,30.21,73.55,28726.4,92.0,44.4,7012
step_hr_tp2,L4,1620,6251,2,2048,32,20,3,500,191.76,2.61,83.44,5420.80,11708.14,12076.15,17973.55,366.79,377.87,379.56,366.79,377.74,383.26,136.74,30.21,74.00,28705.4,91.7,44.4,7020
step_hr_tp2,L4,1620,6251,2,2048,32,30,1,500,192.32,2.60,83.20,5405.09,11811.73,12114.22,18970.35,367.98,379.10,381.40,367.98,378.96,385.02,136.48,30.35,73.51,28791.4,91.7,44.1,7040
step_hr_tp2,L4,1620,6251,2,2048,32,30,2,500,192.15,2.60,83.27,5409.76,11800.92,12105.77,18958.98,367.66,378.79,380.73,367.66,378.63,386.32,136.72,30.16,74.91,28796.4,91.5,44.0,7051
step_hr_tp2,L4,1620,6251,2,2048,32,30,3,500,191.94,2.61,83.36,5415.89,11785.43,12100.92,18842.75,367.29,378.84,380.64,367.29,378.46,383.95,119.9,29.54,74.34,31977.4,71.4,34.5,9027
step_hr_tp2,L4,1620,6251,2,4096,32,20,1,500,391.89,1.28,40.83,5265.55,12131.10,12095.62,17594.75,382.81,388.93,391.23,382.81,388.88,401.18,127.15,29.50,74.06,61886.9,80.0,37.5,16417
step_hr_tp2,L4,1620,6251,2,4096,32,20,2,500,391.62,1.28,40.86,5269.19,12124.74,12086.32,17545.16,382.53,388.99,390.19,382.53,388.55,399.83,124.08,29.25,73.98,62991.7,76.5,36.0,17158
step_hr_tp2,L4,1620,6251,2,4096,32,20,3,500,391.46,1.28,40.87,5271.27,12120.34,12093.76,17517.44,382.38,388.74,390.53,382.38,388.09,399.85,113.78,28.87,74.26,68049.7,64.3,30.2,20388
step_hr_tp2,L4,1620,6251,2,4096,32,30,1,500,391.28,1.28,40.89,5273.65,12133.48,12081.46,18019.64,382.23,388.67,390.27,382.23,387.65,400.37,119.27,29.15,74.09,65128.1,70.8,33.3,18509
step_hr_tp2,L4,1620,6251,2,4096,32,30,2,500,391.64,1.28,40.85,5268.92,12145.25,12090.58,18143.33,382.56,388.52,390.84,382.56,388.26,400.39,137.78,29.83,74.19,58217,92.7,43.5,14158
step_hr_tp2,L4,1620,6251,2,4096,32,30,3,500,391.68,1.28,40.85,5268.38,12146.66,12081.42,18183.33,382.59,388.65,390.27,382.59,388.04,400.81,140.01,30.16,74.29,57578.4,95.3,44.8,13759
step_hr_tp2,L4,1410,6251,2,1024,32,20,1,500,96.71,5.17,165.45,5454.72,11403.81,12381.90,16587.56,353.71,374.84,376.85,353.71,374.82,382.95,132.93,30.25,75.07,14868.4,86.9,42.8,3750
step_hr_tp2,L4,1410,6251,2,1024,32,20,2,500,97.07,5.15,164.83,5434.12,11449.14,12432.47,16663.71,355.12,376.57,378.12,355.12,376.28,383.31,132.99,30.46,74.89,14925.1,87.2,42.8,3760
step_hr_tp2,L4,1410,6251,2,1024,32,20,3,500,97.02,5.15,164.92,5437.05,11445.64,12416.23,16698.73,354.84,376.04,377.42,354.84,375.87,382.42,132.5,30.50,74.37,14958.9,86.6,42.6,3781
step_hr_tp2,L4,1410,6251,2,1024,32,30,1,500,96.73,5.17,165.41,5453.40,11659.94,12377.78,18445.47,353.90,374.95,377.19,353.90,374.82,380.38,133.04,30.64,74.74,14879.1,86.9,42.8,3752
step_hr_tp2,L4,1410,6251,2,1024,32,30,2,500,96.94,5.16,165.05,5441.52,11687.87,12419.88,18457.89,354.66,375.89,377.42,354.66,375.81,385.75,132.8,30.50,73.60,14900.8,86.9,42.6,3760
step_hr_tp2,L4,1410,6251,2,1024,32,30,3,500,97.08,5.15,164.81,5433.48,11704.55,12438.57,18491.67,355.24,376.69,378.14,355.24,376.46,382.66,131.82,30.45,73.61,15024.6,85.8,42.0,3817
step_hr_tp2,L4,1410,6251,2,2048,32,20,1,500,192.17,2.60,83.26,5409.30,11735.03,12102.65,18034.56,367.56,378.55,380.76,367.56,378.49,385.04,136.6,30.54,73.60,28775.6,91.6,44.1,7039
step_hr_tp2,L4,1410,6251,2,2048,32,20,2,500,192.23,2.60,83.23,5407.65,11737.34,12105.67,17995.25,367.71,378.87,380.83,367.71,378.74,385.14,136.76,30.16,73.62,28760.3,91.8,44.4,7029
step_hr_tp2,L4,1410,6251,2,2048,32,20,3,500,191.70,2.61,83.46,5422.40,11704.78,12070.39,17976.60,366.68,377.70,379.33,366.68,377.56,384.55,136.99,30.25,75.18,28669.2,92.0,44.4,7002
step_hr_tp2,L4,1410,6251,2,2048,32,30,1,500,192.04,2.60,83.32,5412.94,11794.55,12098.84,18955.84,367.43,378.50,380.53,367.43,378.48,384.58,136.71,30.40,74.47,28807.8,91.3,44.1,7057
step_hr_tp2,L4,1410,6251,2,2048,32,30,2,500,191.53,2.61,83.54,5427.46,11759.18,12060.90,18780.53,366.49,378.21,379.67,366.49,377.60,383.29,104.44,29.15,74.49,36891.8,53.0,25.6,12128
step_hr_tp2,L4,1410,6251,2,2048,32,30,3,500,192.31,2.60,83.20,5405.20,11811.31,12116.08,18972.37,367.97,379.06,381.01,367.97,378.98,384.01,136.79,30.37,73.88,28798.7,91.7,44.2,7043
step_hr_tp2,L4,1410,6251,2,4096,32,20,1,500,392.12,1.28,40.80,5262.44,12139.33,12096.89,17697.35,383.01,389.10,390.59,383.01,388.93,401.10,139.45,30.21,74.26,57802.1,94.7,44.5,13869
step_hr_tp2,L4,1410,6251,2,4096,32,20,2,500,391.85,1.28,40.83,5265.98,12133.41,12085.40,17656.02,382.75,389.02,390.14,382.75,388.75,400.47,139.74,29.92,74.15,57686,95.0,44.6,13816
step_hr_tp2,L4,1410,6251,2,4096,32,20,3,500,391.73,1.28,40.84,5267.60,12129.25,12093.93,17652.02,382.63,388.65,390.57,382.63,388.35,400.36,139.41,29.96,74.22,57763.8,94.6,44.5,13866
step_hr_tp2,L4,1410,6251,2,4096,32,30,1,500,391.60,1.28,40.86,5269.39,12144.19,12086.71,18166.90,382.50,388.47,390.22,382.50,388.26,400.80,139.69,29.96,73.90,57662,95.0,44.6,13819
step_hr_tp2,L4,1410,6251,2,4096,32,30,2,500,391.95,1.28,40.82,5264.77,12155.31,12100.78,18168.51,382.85,388.80,391.12,382.85,388.24,400.77,136.88,29.92,73.94,58542.2,91.7,43.0,14336
step_hr_tp2,L4,1410,6251,2,4096,32,30,3,500,391.80,1.28,40.84,5266.77,12150.88,12097.10,18197.62,382.69,388.71,390.79,382.69,388.02,400.76,139.45,30.30,74.02,57738.9,94.8,44.5,13846
step_hr_tp2,L4,1200,6251,2,1024,32,20,1,500,96.80,5.17,165.29,5449.30,11415.01,12393.66,16601.39,354.07,375.29,377.29,354.07,375.02,381.42,132.11,30.03,73.70,14929.8,86.3,42.5,3785
step_hr_tp2,L4,1200,6251,2,1024,32,20,2,500,97.24,5.14,164.54,5424.82,11472.24,12450.87,16705.69,355.69,376.96,378.41,355.69,376.91,382.29,132.35,30.34,73.92,14984.3,86.5,42.4,3789
step_hr_tp2,L4,1200,6251,2,1024,32,20,3,500,97.28,5.14,164.48,5422.66,11478.26,12453.72,16721.56,355.82,377.26,378.73,355.82,376.96,382.75,133.05,30.79,73.72,14942.3,87.3,42.9,3759
step_hr_tp2,L4,1200,6251,2,1024,32,30,1,500,97.04,5.15,164.89,5436.16,11702.75,12423.62,18528.14,354.99,376.21,377.52,354.99,376.03,383.25,132.89,30.74,73.71,14925.1,87.0,42.7,3764
step_hr_tp2,L4,1200,6251,2,1024,32,30,2,500,97.24,5.14,164.53,5424.50,11725.43,12458.23,18519.90,355.84,377.18,378.75,355.84,376.93,382.82,133.22,30.59,75.05,14928.3,87.3,42.7,3755
step_hr_tp2,L4,1200,6251,2,1024,32,30,3,500,97.22,5.14,164.58,5426.06,11724.03,12447.66,18547.20,355.69,376.98,378.19,355.69,376.78,383.93,133.18,30.97,75.46,14928.4,87.4,42.8,3752
step_hr_tp2,L4,1200,6251,2,2048,32,20,1,500,189.73,2.64,84.33,5478.82,11579.40,11917.18,17598.39,362.85,374.64,377.61,362.85,374.04,381.47,136.77,27.48,73.96,28288.1,92.1,43.8,6920
step_hr_tp2,L4,1200,6251,2,2048,32,20,2,500,191.78,2.61,83.43,5420.29,11712.43,12074.53,18000.54,366.80,377.84,380.25,366.80,377.72,382.82,136.83,30.44,74.00,28728.3,91.7,43.4,7030
step_hr_tp2,L4,1200,6251,2,2048,32,20,3,500,191.50,2.61,83.55,5428.22,11693.42,12054.30,17965.52,366.26,377.22,379.44,366.26,377.19,381.92,136.32,30.30,74.01,28776.8,91.0,43.2,7071
step_hr_tp2,L4,1200,6251,2,2048,32,30,1,500,191.73,2.61,83.45,5421.56,11777.43,12070.16,18950.23,366.82,377.63,380.26,366.82,377.65,382.71,136.37,30.54,74.06,28796.2,91.1,43.3,7070
step_hr_tp2,L4,1200,6251,2,2048,32,30,2,500,191.69,2.61,83.47,5422.72,11773.15,12074.29,18923.98,366.75,377.78,380.08,366.75,377.75,382.77,136.61,30.16,74.66,28763.9,91.3,43.5,7053
step_hr_tp2,L4,1200,6251,2,2048,32,30,3,500,191.60,2.61,83.51,5425.28,11768.33,12075.11,18921.03,366.57,377.66,379.42,366.57,377.58,382.03,136.41,30.21,73.99,28801.7,90.9,43.5,7078
step_hr_tp2,L4,1200,6251,2,4096,32,20,1,500,391.45,1.28,40.87,5271.38,12118.89,12065.03,17676.08,382.34,388.61,389.68,382.35,387.93,400.12,139.96,30.36,74.44,57638.3,95.1,44.3,13796
step_hr_tp2,L4,1200,6251,2,4096,32,20,2,500,391.68,1.28,40.85,5268.34,12128.03,12093.65,17662.98,382.57,388.57,390.47,382.57,388.27,400.91,139.45,30.16,74.08,57799.8,94.5,44.2,13885
step_hr_tp2,L4,1200,6251,2,4096,32,20,3,500,391.63,1.28,40.85,5269.01,12126.51,12080.99,17669.19,382.51,388.59,390.12,382.51,388.28,400.22,139.5,29.96,74.24,57754.2,94.7,44.4,13862
step_hr_tp2,L4,1200,6251,2,4096,32,30,1,500,391.89,1.28,40.83,5265.54,12153.16,12085.61,18162.30,382.79,388.92,390.47,382.79,388.26,400.93,139.2,30.16,76.28,57867.3,94.3,44.2,13915
step_hr_tp2,L4,1200,6251,2,4096,32,30,2,500,391.84,1.28,40.83,5266.20,12151.61,12090.07,18172.53,382.74,388.81,390.67,382.74,388.12,401.22,139.45,30.06,76.04,57759.8,94.8,44.4,13854
step_hr_tp2,L4,1200,6251,2,4096,32,30,3,500,391.95,1.28,40.82,5264.70,12155.48,12093.32,18187.55,382.84,388.91,391.08,382.84,388.21,400.80,139.12,30.06,76.90,57854.7,94.4,44.2,13911
step_hr_tp2,L4,990,6251,2,1024,32,20,1,500,96.74,5.17,165.40,5453.04,11406.50,12378.54,16590.89,353.83,374.61,377.19,353.83,374.91,381.48,132.17,30.16,73.48,14924.8,86.0,42.2,3787
step_hr_tp2,L4,990,6251,2,1024,32,20,2,500,97.11,5.15,164.77,5432.14,11454.28,12432.73,16691.88,355.20,376.46,378.03,355.20,376.32,385.14,132.23,30.59,73.93,14969.7,86.5,42.4,3788
step_hr_tp2,L4,990,6251,2,1024,32,20,3,500,97.24,5.14,164.54,5424.77,11471.04,12450.20,16708.43,355.69,377.14,378.89,355.69,376.70,384.16,132.22,30.64,74.61,14998.7,86.3,42.1,3798
step_hr_tp2,L4,990,6251,2,1024,32,30,1,500,97.16,5.15,164.68,5429.15,11716.34,12440.36,18520.69,355.50,376.84,378.20,355.50,376.48,381.48,132.36,30.69,74.86,14987.6,86.5,42.5,3788
step_hr_tp2,L4,990,6251,2,1024,32,30,2,500,97.00,5.15,164.95,5438.15,11694.13,12419.34,18491.55,354.92,375.97,377.91,354.92,376.00,386.57,132.29,30.54,74.99,14975,86.3,42.4,3792
step_hr_tp2,L4,990,6251,2,1024,32,30,3,500,97.09,5.15,164.80,5433.30,11706.89,12434.04,18508.64,355.21,376.66,378.06,355.21,376.18,381.99,132.49,30.68,73.53,14974.7,86.5,42.4,3786
step_hr_tp2,L4,990,6251,2,2048,32,20,1,500,192.44,2.60,83.14,5401.72,11752.46,12116.66,18074.90,368.08,379.03,381.49,368.08,379.01,384.90,136.23,30.59,73.80,28876.8,91.2,43.9,7081
step_hr_tp2,L4,990,6251,2,2048,32,20,2,500,192.21,2.60,83.24,5408.02,11737.12,12107.93,18024.19,367.66,378.77,380.67,367.66,378.54,384.62,136.89,30.40,73.86,28743.8,92.0,44.2,7016
step_hr_tp2,L4,990,6251,2,2048,32,20,3,500,191.93,2.61,83.37,5416.13,11719.03,12087.59,18002.93,367.11,378.23,379.98,367.11,378.15,384.31,136.59,30.50,74.22,28775,91.5,44.1,7048
step_hr_tp2,L4,990,6251,2,2048,32,30,1,500,192.33,2.60,83.19,5404.80,11812.14,12117.89,18971.68,367.99,379.03,381.29,367.99,379.01,384.03,137.04,30.20,73.66,28758.6,92.0,44.2,7022
step_hr_tp2,L4,990,6251,2,2048,32,30,2,500,192.00,2.60,83.33,5414.03,11791.74,12095.98,18954.17,367.36,378.46,380.10,367.36,378.42,384.06,137.15,30.16,73.82,28709.8,91.9,44.2,7008
step_hr_tp2,L4,990,6251,2,2048,32,30,3,500,192.19,2.60,83.25,5408.83,11803.20,12108.31,18977.10,367.72,378.78,380.88,367.72,378.73,384.32,137.17,30.16,73.87,28737.1,92.0,44.3,7016
step_hr_tp2,L4,990,6251,2,4096,32,20,1,500,392.33,1.27,40.78,5259.58,12145.65,12109.35,17672.58,383.22,389.28,391.09,383.22,389.29,401.41,137.56,29.96,74.32,58377.5,92.5,43.4,14216
step_hr_tp2,L4,990,6251,2,4096,32,20,2,500,392.28,1.27,40.79,5260.32,12146.46,12107.86,17665.88,383.17,389.25,391.32,383.17,388.87,401.47,138.32,29.82,74.90,58155.6,93.3,43.8,14081
step_hr_tp2,L4,990,6251,2,4096,32,20,3,500,392.08,1.28,40.81,5262.99,12140.02,12106.92,17678.21,382.97,388.95,390.99,382.97,388.67,400.79,139.73,30.11,74.25,57709.1,95.1,44.6,13817
step_hr_tp2,L4,990,6251,2,4096,32,30,1,500,391.71,1.28,40.85,5267.91,12147.48,12075.66,18176.37,382.62,388.87,390.00,382.62,388.22,400.33,139.75,30.25,74.17,57669.4,95.0,44.6,13810
step_hr_tp2,L4,990,6251,2,4096,32,30,2,500,392.00,1.28,40.82,5264.07,12156.60,12103.23,18175.42,382.90,388.84,391.22,382.90,388.48,401.05,139.65,30.30,74.62,57759.1,94.8,44.5,13846
step_hr_tp2,L4,990,6251,2,4096,32,30,3,500,391.95,1.28,40.82,5264.69,12155.51,12088.93,18183.92,382.84,389.08,390.56,382.84,388.32,400.73,139.76,30.31,73.94,57695.5,95.1,44.6,13812
step_hr_tp2,L4,780,6251,2,1024,32,20,1,500,96.72,5.17,165.42,5453.70,11401.61,12377.06,16576.87,353.85,374.55,377.68,353.85,374.70,381.60,132.9,30.31,74.72,14855,87.2,43.0,3742
step_hr_tp2,L4,780,6251,2,1024,32,20,2,500,97.00,5.15,164.94,5438.03,11443.19,12419.97,16673.87,354.79,376.08,377.51,354.79,375.71,383.73,133.73,30.74,73.97,14853.6,87.9,43.1,3720
step_hr_tp2,L4,780,6251,2,1024,32,20,3,500,96.91,5.16,165.11,5443.39,11430.69,12397.21,16683.30,354.43,375.35,377.15,354.43,375.37,381.75,133.3,30.72,74.48,14869.4,87.5,43.0,3736
step_hr_tp2,L4,780,6251,2,1024,32,30,1,500,96.97,5.16,165.00,5439.73,11689.11,12421.57,18467.23,354.86,375.91,377.68,354.86,375.99,382.87,133.09,30.45,74.47,14902.7,87.2,42.8,3750
step_hr_tp2,L4,780,6251,2,1024,32,30,2,500,97.26,5.14,164.51,5423.66,11723.75,12472.42,18488.42,355.96,377.17,379.44,355.96,377.17,382.80,127.94,30.37,74.10,15412.1,81.0,39.7,4045
step_hr_tp2,L4,780,6251,2,1024,32,30,3,500,97.29,5.14,164.45,5421.67,11733.67,12460.39,18565.46,356.00,377.42,378.41,356.00,377.17,383.73,133.01,30.82,73.66,14956.4,87.2,42.6,3762
step_hr_tp2,L4,780,6251,2,2048,32,20,1,500,192.37,2.60,83.17,5403.68,11747.57,12112.43,18070.75,367.95,378.93,380.76,367.95,378.92,383.88,136.7,30.50,73.81,28776.9,91.9,44.2,7028
step_hr_tp2,L4,780,6251,2,2048,32,20,2,500,192.40,2.60,83.16,5402.80,11747.94,12116.97,18028.64,368.04,379.16,381.26,368.04,379.15,385.89,136.5,30.35,74.42,28819.1,91.6,44.1,7051
step_hr_tp2,L4,780,6251,2,2048,32,20,3,500,192.35,2.60,83.18,5404.32,11744.13,12116.36,17998.62,367.95,379.15,381.25,367.95,378.98,387.99,136.5,30.34,73.93,28807.3,91.6,44.1,7051
step_hr_tp2,L4,780,6251,2,2048,32,30,1,500,192.01,2.60,83.33,5413.72,11791.96,12095.71,18951.99,367.38,378.30,380.39,367.38,378.31,384.37,136.95,30.45,74.40,28722.8,91.9,44.4,7014
step_hr_tp2,L4,780,6251,2,2048,32,30,2,500,192.39,2.60,83.17,5403.19,11816.05,12123.69,18981.87,368.11,379.24,381.23,368.11,379.11,384.76,137.1,30.40,74.44,28760.8,92.1,44.4,7016
step_hr_tp2,L4,780,6251,2,2048,32,30,3,500,192.28,2.60,83.21,5406.29,11809.20,12116.56,18966.59,367.90,378.98,381.11,367.90,378.82,384.59,136.97,30.40,74.47,28748.4,92.0,44.3,7013
step_hr_tp2,L4,780,6251,2,4096,32,20,1,500,392.12,1.28,40.80,5262.47,12139.27,12087.49,17705.27,382.99,389.23,390.39,382.99,388.71,400.69,139.63,30.25,73.99,57758.8,94.9,44.5,13843
step_hr_tp2,L4,780,6251,2,4096,32,20,2,500,392.31,1.27,40.78,5259.89,12147.49,12122.88,17666.41,383.20,389.21,391.51,383.20,389.05,401.34,137.59,29.92,74.35,58372.9,92.5,43.4,14214
step_hr_tp2,L4,780,6251,2,4096,32,20,3,500,391.90,1.28,40.83,5265.31,12134.67,12086.79,17663.13,382.79,389.10,390.29,382.79,388.39,400.50,139.55,29.96,74.27,57722.4,94.9,44.5,13838
step_hr_tp2,L4,780,6251,2,4096,32,30,1,500,392.04,1.28,40.81,5263.52,12158.38,12103.97,18191.12,382.93,388.91,390.77,382.93,388.86,400.71,139.3,30.21,74.02,57842.9,94.5,44.4,13900
step_hr_tp2,L4,780,6251,2,4096,32,30,2,500,392.12,1.28,40.80,5262.40,12160.46,12106.58,18178.28,383.02,389.01,391.15,383.02,388.40,400.81,139.45,30.01,74.90,57815.6,94.7,44.5,13877
step_hr_tp2,L4,780,6251,2,4096,32,30,3,500,392.09,1.28,40.81,5262.85,12160.12,12086.99,18218.34,382.97,389.04,390.75,382.97,388.47,401.39,139.6,30.08,74.18,57762.3,94.9,44.5,13847
step_hr_tp2,L4,570,6251,2,1024,32,20,1,500,96.82,5.16,165.25,5448.19,11418.96,12399.04,16616.51,354.14,375.12,377.10,354.14,375.35,383.75,132.4,30.11,73.52,14910.8,86.5,42.5,3774
step_hr_tp2,L4,570,6251,2,1024,32,20,2,500,97.17,5.15,164.66,5428.74,11462.23,12440.41,16693.36,355.44,376.86,378.55,355.44,376.53,385.02,132.84,30.39,75.21,14927,87.1,42.7,3762
step_hr_tp2,L4,570,6251,2,1024,32,20,3,500,97.38,5.13,164.31,5417.07,11488.31,12468.95,16744.22,356.23,377.73,379.03,356.23,377.40,383.41,132.34,30.59,73.80,15005.5,86.5,42.2,3794
step_hr_tp2,L4,570,6251,2,1024,32,30,1,500,97.22,5.14,164.57,5425.67,11724.45,12450.48,18550.58,355.72,377.01,378.35,355.72,376.87,381.71,133.43,30.72,73.51,14915.3,87.8,43.0,3740
step_hr_tp2,L4,570,6251,2,1024,32,30,2,500,97.33,5.14,164.38,5419.46,11737.55,12474.43,18547.13,356.15,377.55,379.05,356.15,377.25,383.84,132.15,30.74,73.80,15023.7,86.3,42.2,3804
step_hr_tp2,L4,570,6251,2,1024,32,30,3,500,97.13,5.15,164.72,5430.61,11714.01,12433.82,18544.63,355.38,376.62,377.69,355.38,376.46,380.74,132.26,30.54,76.75,14999.7,86.3,42.3,3797
step_hr_tp2,L4,570,6251,2,2048,32,20,1,500,192.40,2.60,83.16,5402.86,11748.72,12118.83,18045.83,368.01,379.05,381.01,368.01,379.01,384.55,136.21,30.35,73.19,28832.8,91.5,44.0,7060
step_hr_tp2,L4,570,6251,2,2048,32,20,2,500,192.26,2.60,83.22,5406.83,11739.71,12109.32,18031.42,367.75,378.89,380.59,367.75,378.69,384.88,136.38,30.50,73.46,28796.1,91.7,44.1,7045
step_hr_tp2,L4,570,6251,2,2048,32,20,3,500,192.35,2.60,83.18,5404.12,11745.33,12112.76,18020.26,367.94,379.10,381.30,367.94,378.95,384.68,136.51,30.30,73.59,28803.9,91.6,44.0,7050
step_hr_tp2,L4,570,6251,2,2048,32,30,1,500,192.32,2.60,83.20,5405.17,11811.99,12119.19,18975.48,367.95,379.10,381.32,367.95,378.90,386.48,137.12,30.69,73.88,28742.4,92.2,44.5,7004
step_hr_tp2,L4,570,6251,2,2048,32,30,2,500,192.11,2.60,83.28,5410.86,11797.97,12103.97,18941.07,367.59,378.68,380.67,367.59,378.59,383.60,136.55,30.50,73.85,28808.5,91.4,44.0,7058
step_hr_tp2,L4,570,6251,2,2048,32,30,3,500,191.94,2.60,83.36,5415.72,11787.98,12090.19,18960.98,367.23,378.26,380.20,367.23,378.31,383.44,137.19,30.25,74.03,28680.9,92.2,44.5,6992
step_hr_tp2,L4,570,6251,2,4096,32,20,1,500,391.99,1.28,40.82,5264.11,12135.34,12091.00,17689.12,382.88,389.11,390.23,382.88,388.64,400.47,139.5,30.07,74.12,57779,94.7,44.5,13864
step_hr_tp2,L4,570,6251,2,4096,32,20,2,500,392.23,1.27,40.79,5260.97,12145.20,12107.75,17687.64,383.11,389.16,391.24,383.11,389.06,400.77,139.95,30.16,74.07,57720.2,95.2,44.6,13810
step_hr_tp2,L4,570,6251,2,4096,32,20,3,500,391.99,1.28,40.82,5264.21,12137.39,12084.80,17675.35,382.87,389.07,390.07,382.87,388.77,400.82,139.47,29.98,74.24,57779.2,94.7,44.5,13867
step_hr_tp2,L4,570,6251,2,4096,32,30,1,500,391.97,1.28,40.82,5264.46,12156.12,12101.78,18200.97,382.86,388.74,391.08,382.86,388.58,401.01,139.57,30.06,74.01,57772.4,94.8,44.5,13856
step_hr_tp2,L4,570,6251,2,4096,32,30,2,500,391.98,1.28,40.82,5264.35,12156.25,12088.86,18153.84,382.87,389.11,391.03,382.87,388.51,401.31,136.98,29.64,74.35,58539,91.6,43.0,14333
step_hr_tp2,L4,570,6251,2,4096,32,30,3,500,391.67,1.28,40.85,5268.44,12146.58,12078.18,18188.11,382.57,388.71,390.54,382.57,388.01,400.45,139.76,30.06,74.94,57713.8,94.9,44.5,13834
step_hr_tp2,L4,360,6251,2,1024,32,20,1,500,96.82,5.16,165.25,5448.00,11419.83,12389.90,16626.72,354.14,375.26,377.19,354.14,375.00,384.69,132.73,30.40,74.97,14882.5,87.0,42.9,3754
step_hr_tp2,L4,360,6251,2,1024,32,20,2,500,97.21,5.14,164.58,5426.15,11467.69,12447.95,16702.72,355.61,377.07,378.45,355.61,376.70,382.92,133.19,30.40,73.94,14898.8,87.6,43.0,3740
step_hr_tp2,L4,360,6251,2,1024,32,20,3,500,97.39,5.13,164.29,5416.51,11490.25,12464.79,16750.06,356.28,377.65,378.92,356.28,377.52,383.21,132.68,30.89,74.00,14986.1,86.9,42.5,3778
step_hr_tp2,L4,360,6251,2,1024,32,30,1,500,97.16,5.15,164.68,5429.30,11716.97,12442.61,18534.64,355.47,376.82,377.96,355.47,376.50,384.03,132.89,30.73,73.43,14950,87.0,42.6,3766
step_hr_tp2,L4,360,6251,2,1024,32,30,2,500,97.23,5.14,164.55,5425.10,11725.56,12454.15,18545.17,355.76,377.15,378.18,355.76,376.78,383.26,133,30.78,74.44,14923.6,87.3,42.9,3752
step_hr_tp2,L4,360,6251,2,1024,32,30,3,500,97.09,5.15,164.80,5433.34,11705.71,12437.16,18499.09,355.23,376.40,378.21,355.23,376.30,384.01,133.03,30.44,74.25,14906.9,87.3,42.8,3748
step_hr_tp2,L4,360,6251,2,2048,32,20,1,500,192.62,2.60,83.07,5396.74,11762.38,12132.05,18071.97,368.44,379.55,381.67,368.44,379.45,385.71,137.02,30.69,74.16,28720.5,92.7,44.7,6981
step_hr_tp2,L4,360,6251,2,2048,32,20,2,500,192.63,2.60,83.06,5396.32,11763.15,12130.12,18059.42,368.49,379.47,382.00,368.49,379.38,385.54,136.37,30.35,74.83,28837.5,91.6,44.0,7053
step_hr_tp2,L4,360,6251,2,2048,32,20,3,500,192.05,2.60,83.31,5412.61,11727.62,12094.70,18008.98,367.33,378.43,380.70,367.33,378.34,384.16,137.25,30.35,74.41,28630,92.6,44.7,6957
step_hr_tp2,L4,360,6251,2,2048,32,30,1,500,192.23,2.60,83.23,5407.60,11805.86,12109.37,18960.20,367.81,378.82,381.24,367.81,378.86,383.86,137.04,30.16,74.26,28688.5,92.5,44.6,6983
step_hr_tp2,L4,360,6251,2,2048,32,30,2,500,192.16,2.60,83.27,5409.67,11802.40,12102.58,18962.33,367.64,378.72,381.00,367.64,378.60,385.84,136.66,30.35,74.57,28741.6,91.9,44.3,7023
step_hr_tp2,L4,360,6251,2,2048,32,30,3,500,192.14,2.60,83.27,5410.26,11799.87,12103.60,18963.99,367.62,378.75,380.89,367.62,378.59,384.92,136.84,30.35,73.83,28736.8,91.9,44.3,7018
step_hr_tp2,L4,360,6251,2,4096,32,20,1,500,391.98,1.28,40.82,5264.34,12135.38,12087.45,17709.52,382.85,388.97,390.54,382.85,388.20,400.67,139.51,30.35,74.54,57751.6,94.8,44.5,13850
step_hr_tp2,L4,360,6251,2,4096,32,20,2,500,392.28,1.27,40.79,5260.31,12146.30,12107.98,17673.38,383.16,389.17,390.97,383.16,389.08,401.01,139.35,30.26,74.33,57836.6,94.7,44.4,13884
step_hr_tp2,L4,360,6251,2,4096,32,20,3,500,391.89,1.28,40.83,5265.54,12134.31,12083.89,17683.32,382.77,389.05,390.27,382.77,388.35,401.16,139.77,30.11,76.03,57662.7,95.1,44.6,13799
step_hr_tp2,L4,360,6251,2,4096,32,30,1,500,392.21,1.27,40.79,5261.17,12163.78,12105.93,18197.38,383.11,389.12,391.04,383.11,389.21,401.02,139.31,30.30,74.64,57862.7,94.5,44.4,13905
step_hr_tp2,L4,360,6251,2,4096,32,30,2,500,392.03,1.28,40.81,5263.59,12158.17,12098.13,18173.76,382.92,389.03,390.76,382.92,388.62,400.96,139.32,30.16,74.44,57829.1,94.5,44.4,13896
step_hr_tp2,L4,360,6251,2,4096,32,30,3,500,391.96,1.28,40.82,5264.59,12155.62,12086.57,18174.02,382.85,388.93,390.60,382.85,388.24,400.86,139.16,30.08,75.33,57853.9,94.4,44.4,13913
step_hr_tp2,L4,210,6251,2,1024,32,20,1,500,96.71,5.17,165.45,5454.66,11402.10,12380.77,16596.57,353.77,374.85,376.97,353.77,374.75,383.49,131.9,30.29,74.33,14949.8,86.0,42.4,3797
step_hr_tp2,L4,210,6251,2,1024,32,20,2,500,97.06,5.15,164.85,5434.85,11446.49,12426.85,16665.68,355.05,376.08,378.27,355.05,376.10,382.51,132.37,30.59,74.79,14969.6,86.5,42.5,3786
step_hr_tp2,L4,210,6251,2,1024,32,20,3,500,97.35,5.14,164.35,5418.51,11485.95,12467.10,16723.22,356.13,377.57,378.74,356.13,377.17,386.58,132.25,30.55,74.40,15044.4,86.2,42.3,3812
step_hr_tp2,L4,210,6251,2,1024,32,30,1,500,97.37,5.13,164.32,5417.37,11742.11,12475.01,18553.98,356.30,377.85,378.89,356.30,377.53,384.05,132.44,30.84,74.26,15004.5,86.6,42.3,3790
step_hr_tp2,L4,210,6251,2,1024,32,30,2,500,97.18,5.15,164.65,5428.21,11717.31,12441.15,18531.99,355.61,376.76,378.31,355.61,376.60,384.16,132.32,30.78,74.93,15000.1,86.2,42.1,3798
step_hr_tp2,L4,210,6251,2,1024,32,30,3,500,96.93,5.16,165.07,5442.10,11687.86,12409.82,18497.42,354.62,375.77,377.29,354.62,375.66,381.15,132.01,30.73,74.39,14977.8,86.0,42.1,3798
step_hr_tp2,L4,210,6251,2,2048,32,20,1,500,192.67,2.60,83.04,5395.16,11766.19,12133.98,18047.53,368.58,379.63,382.05,368.58,379.55,386.11,136.31,30.30,73.69,28886.8,91.5,44.0,7072
step_hr_tp2,L4,210,6251,2,2048,32,20,2,500,191.82,2.61,83.41,5419.28,11711.56,12078.92,17989.19,366.89,377.96,379.47,366.89,377.87,382.55,136.41,30.06,74.44,28732.4,91.6,44.2,7035
step_hr_tp2,L4,210,6251,2,2048,32,20,3,500,192.13,2.60,83.28,5410.45,11731.51,12096.74,18018.44,367.50,378.51,380.61,367.50,378.54,384.84,136.43,30.40,73.76,28770.9,91.7,44.3,7039
step_hr_tp2,L4,210,6251,2,2048,32,30,1,500,192.15,2.60,83.27,5409.70,11800.85,12108.07,18935.59,367.67,378.83,381.08,367.67,378.63,384.54,136.47,30.21,73.83,28792.9,91.5,44.0,7052
step_hr_tp2,L4,210,6251,2,2048,32,30,2,500,191.96,2.60,83.35,5415.15,11789.06,12097.21,18954.49,367.27,378.31,380.15,367.27,378.23,382.85,136.21,29.96,74.30,28809.2,91.2,44.0,7068
step_hr_tp2,L4,210,6251,2,2048,32,30,3,500,192.30,2.60,83.20,5405.69,11810.49,12115.40,18975.72,367.92,378.97,381.27,367.92,378.94,384.77,136.39,30.30,74.49,28839.8,91.4,44.0,7064
step_hr_tp2,L4,210,6251,2,4096,32,20,1,500,391.92,1.28,40.82,5265.11,12133.44,12082.61,17696.56,382.80,388.92,390.55,382.80,388.24,400.34,139.27,30.06,74.64,57854.4,94.4,44.2,13908
step_hr_tp2,L4,210,6251,2,4096,32,20,2,500,391.87,1.28,40.83,5265.72,12133.78,12091.66,17653.13,382.77,388.84,390.53,382.77,388.33,401.06,139.39,29.93,74.45,57821.7,94.5,44.4,13895
step_hr_tp2,L4,210,6251,2,4096,32,20,3,500,391.74,1.28,40.84,5267.52,12129.63,12082.46,17661.13,382.62,388.89,390.01,382.62,388.70,399.96,139.73,29.96,74.08,57705.1,94.9,44.5,13828
step_hr_tp2,L4,210,6251,2,4096,32,30,1,500,392.11,1.28,40.80,5262.57,12160.73,12106.00,18187.79,383.00,389.05,390.99,383.00,388.97,400.99,139.5,30.01,74.29,57821.1,94.7,44.4,13880
step_hr_tp2,L4,210,6251,2,4096,32,30,2,500,392.05,1.28,40.81,5263.33,12159.10,12105.21,18190.40,382.94,389.00,391.01,382.94,388.75,401.39,139.49,30.11,76.34,57837.8,94.6,44.4,13883
step_hr_tp2,L4,210,6251,2,4096,32,30,3,500,391.95,1.28,40.82,5264.72,12155.39,12099.37,18166.39,382.85,388.95,391.03,382.85,388.61,401.05,139.57,30.16,74.81,57783.3,94.8,44.5,13857
