unix_ns,monotonic_ns,window_id,request_id,attempt,event,http_status,detail
1785511229940812769,1136574936269241,phase2-full-grid-rerun-20260731-l40s-l40s-tp1-f2520-i128-o32-r10-rep1-seg1-attempt2,phase2-full-grid-rerun-20260731-l40s-l40s-tp1-f2520-i128-o32-r10-rep1-seg1-attempt2-00000-273e4c0cc65b,0,client_ready,,
1785511229943236971,1136574938693253,phase2-full-grid-rerun-20260731-l40s-l40s-tp1-f2520-i128-o32-r10-rep1-seg1-attempt2,phase2-full-grid-rerun-20260731-l40s-l40s-tp1-f2520-i128-o32-r10-rep1-seg1-attempt2-00000-273e4c0cc65b,0,semaphore_acquired,,
1785511229944340086,1136574939796409,phase2-full-grid-rerun-20260731-l40s-l40s-tp1-f2520-i128-o32-r10-rep1-seg1-attempt2,phase2-full-grid-rerun-20260731-l40s-l40s-tp1-f2520-i128-o32-r10-rep1-seg1-attempt2-00000-273e4c0cc65b,1,attempt_send,,
1785511229998785573,1136574994242814,phase2-full-grid-rerun-20260731-l40s-l40s-tp1-f2520-i128-o32-r10-rep1-seg1-attempt2,phase2-full-grid-rerun-20260731-l40s-l40s-tp1-f2520-i128-o32-r10-rep1-seg1-attempt2-00000-273e4c0cc65b,1,response_headers,200,response_request_id=phase2-full-grid-rerun-20260731-l40s-l40s-tp1-f2520-i128-o32-r10-rep1-seg1-attempt2-00000-273e4c0cc65b
1785511230032765285,1136575028222617,phase2-full-grid-rerun-20260731-l40s-l40s-tp1-f2520-i128-o32-r10-rep1-seg1-attempt2,phase2-full-grid-rerun-20260731-l40s-l40s-tp1-f2520-i128-o32-r10-rep1-seg1-attempt2-00001-89964f709d4d,0,client_ready,,
1785511230036262024,1136575031719229,phase2-full-grid-rerun-20260731-l40s-l40s-tp1-f2520-i128-o32-r10-rep1-seg1-attempt2,phase2-full-grid-rerun-20260731-l40s-l40s-tp1-f2520-i128-o32-r10-rep1-seg1-attempt2-00001-89964f709d4d,0,semaphore_acquired,,
1785511230037890788,1136575033347867,phase2-full-grid-rerun-20260731-l40s-l40s-tp1-f2520-i128-o32-r10-rep1-seg1-attempt2,phase2-full-grid-rerun-20260731-l40s-l40s-tp1-f2520-i128-o32-r10-rep1-seg1-attempt2-00001-89964f709d4d,1,attempt_send,,
1785511230039933739,1136575035390736,phase2-full-grid-rerun-20260731-l40s-l40s-tp1-f2520-i128-o32-r10-rep1-seg1-attempt2,phase2-full-grid-rerun-20260731-l40s-l40s-tp1-f2520-i128-o32-r10-rep1-seg1-attempt2-00000-273e4c0cc65b,1,first_token,,
1785511230046276273,1136575041732911,phase2-full-grid-rerun-20260731-l40s-l40s-tp1-f2520-i128-o32-r10-rep1-seg1-attempt2,phase2-full-grid-rerun-20260731-l40s-l40s-tp1-f2520-i128-o32-r10-rep1-seg1-attempt2-00001-89964f709d4d,1,response_headers,200,response_request_id=phase2-full-grid-rerun-20260731-l40s-l40s-tp1-f2520-i128-o32-r10-rep1-seg1-attempt2-00001-89964f709d4d
1785511230099521477,1136575094978478,phase2-full-grid-rerun-20260731-l40s-l40s-tp1-f2520-i128-o32-r10-rep1-seg1-attempt2,phase2-full-grid-rerun-20260731-l40s-l40s-tp1-f2520-i128-o32-r10-rep1-seg1-attempt2-00001-89964f709d4d,1,first_token,,
1785511230134192487,1136575129649425,phase2-full-grid-rerun-20260731-l40s-l40s-tp1-f2520-i128-o32-r10-rep1-seg1-attempt2,phase2-full-grid-rerun-20260731-l40s-l40s-tp1-f2520-i128-o32-r10-rep1-seg1-attempt2-00002-5318ce849501,0,client_ready,,
1785511230137442241,1136575132899505,phase2-full-grid-rerun-20260731-l40s-l40s-tp1-f2520-i128-o32-r10-rep1-seg1-attempt2,phase2-full-grid-rerun-20260731-l40s-l40s-tp1-f2520-i128-o32-r10-rep1-seg1-attempt2-00002-5318ce849501,0,semaphore_acquired,,
1785511230139174232,1136575134631004,phase2-full-grid-rerun-20260731-l40s-l40s-tp1-f2520-i128-o32-r10-rep1-seg1-attempt2,phase2-full-grid-rerun-20260731-l40s-l40s-tp1-f2520-i128-o32-r10-rep1-seg1-attempt2-00002-5318ce849501,1,attempt_send,,
1785511230146613603,1136575142070467,phase2-full-grid-rerun-20260731-l40s-l40s-tp1-f2520-i128-o32-r10-rep1-seg1-attempt2,phase2-full-grid-rerun-20260731-l40s-l40s-tp1-f2520-i128-o32-r10-rep1-seg1-attempt2-00002-5318ce849501,1,response_headers,200,response_request_id=phase2-full-grid-rerun-20260731-l40s-l40s-tp1-f2520-i128-o32-r10-rep1-seg1-attempt2-00002-5318ce849501
1785511230206915654,1136575202372614,phase2-full-grid-rerun-20260731-l40s-l40s-tp1-f2520-i128-o32-r10-rep1-seg1-attempt2,phase2-full-grid-rerun-20260731-l40s-l40s-tp1-f2520-i128-o32-r10-rep1-seg1-attempt2-00002-5318ce849501,1,first_token,,
1785511230232312329,1136575227769262,phase2-full-grid-rerun-20260731-l40s-l40s-tp1-f2520-i128-o32-r10-rep1-seg1-attempt2,phase2-full-grid-rerun-20260731-l40s-l40s-tp1-f2520-i128-o32-r10-rep1-seg1-attempt2-00003-2438004ceb69,0,client_ready,,
1785511230235165733,1136575230623005,phase2-full-grid-rerun-20260731-l40s-l40s-tp1-f2520-i128-o32-r10-rep1-seg1-attempt2,phase2-full-grid-rerun-20260731-l40s-l40s-tp1-f2520-i128-o32-r10-rep1-seg1-attempt2-00003-2438004ceb69,0,semaphore_acquired,,
1785511230236856712,1136575232313446,phase2-full-grid-rerun-20260731-l40s-l40s-tp1-f2520-i128-o32-r10-rep1-seg1-attempt2,phase2-full-grid-rerun-20260731-l40s-l40s-tp1-f2520-i128-o32-r10-rep1-seg1-attempt2-00003-2438004ceb69,1,attempt_send,,
1785511230244821931,1136575240278643,phase2-full-grid-rerun-20260731-l40s-l40s-tp1-f2520-i128-o32-r10-rep1-seg1-attempt2,phase2-full-grid-rerun-20260731-l40s-l40s-tp1-f2520-i128-o32-r10-rep1-seg1-attempt2-00003-2438004ceb69,1,response_headers,200,response_request_id=phase2-full-grid-rerun-20260731-l40s-l40s-tp1-f2520-i128-o32-r10-rep1-seg1-attempt2-00003-2438004ceb69
1785511230314724278,1136575310181300,phase2-full-grid-rerun-20260731-l40s-l40s-tp1-f2520-i128-o32-r10-rep1-seg1-attempt2,phase2-full-grid-rerun-20260731-l40s-l40s-tp1-f2520-i128-o32-r10-rep1-seg1-attempt2-00003-2438004ceb69,1,first_token,,
1785511230332369390,1136575327826488,phase2-full-grid-rerun-20260731-l40s-l40s-tp1-f2520-i128-o32-r10-rep1-seg1-attempt2,phase2-full-grid-rerun-20260731-l40s-l40s-tp1-f2520-i128-o32-r10-rep1-seg1-attempt2-00004-d75152e7fff8,0,client_ready,,
1785511230335677661,1136575331134955,phase2-full-grid-rerun-20260731-l40s-l40s-tp1-f2520-i128-o32-r10-rep1-seg1-attempt2,phase2-full-grid-rerun-20260731-l40s-l40s-tp1-f2520-i128-o32-r10-rep1-seg1-attempt2-00004-d75152e7fff8,0,semaphore_acquired,,
1785511230337764937,1136575333221577,phase2-full-grid-rerun-20260731-l40s-l40s-tp1-f2520-i128-o32-r10-rep1-seg1-attempt2,phase2-full-grid-rerun-20260731-l40s-l40s-tp1-f2520-i128-o32-r10-rep1-seg1-attempt2-00004-d75152e7fff8,1,attempt_send,,
1785511230345906196,1136575341362875,phase2-full-grid-rerun-20260731-l40s-l40s-tp1-f2520-i128-o32-r10-rep1-seg1-attempt2,phase2-full-grid-rerun-20260731-l40s-l40s-tp1-f2520-i128-o32-r10-rep1-seg1-attempt2-00004-d75152e7fff8,1,response_headers,200,response_request_id=phase2-full-grid-rerun-20260731-l40s-l40s-tp1-f2520-i128-o32-r10-rep1-seg1-attempt2-00004-d75152e7fff8
1785511230402840623,1136575398297627,phase2-full-grid-rerun-20260731-l40s-l40s-tp1-f2520-i128-o32-r10-rep1-seg1-attempt2,phase2-full-grid-rerun-20260731-l40s-l40s-tp1-f2520-i128-o32-r10-rep1-seg1-attempt2-00004-d75152e7fff8,1,first_token,,
1785511230433209226,1136575428666284,phase2-full-grid-rerun-20260731-l40s-l40s-tp1-f2520-i128-o32-r10-rep1-seg1-attempt2,phase2-full-grid-rerun-20260731-l40s-l40s-tp1-f2520-i128-o32-r10-rep1-seg1-attempt2-00005-7ac758ee0b29,0,client_ready,,
1785511230436047855,1136575431505057,phase2-full-grid-rerun-20260731-l40s-l40s-tp1-f2520-i128-o32-r10-rep1-seg1-attempt2,phase2-full-grid-rerun-20260731-l40s-l40s-tp1-f2520-i128-o32-r10-rep1-seg1-attempt2-00005-7ac758ee0b29,0,semaphore_acquired,,
1785511230437936460,1136575433393138,phase2-full-grid-rerun-20260731-l40s-l40s-tp1-f2520-i128-o32-r10-rep1-seg1-attempt2,phase2-full-grid-rerun-20260731-l40s-l40s-tp1-f2520-i128-o32-r10-rep1-seg1-attempt2-00005-7ac758ee0b29,1,attempt_send,,
1785511230446859271,1136575442315926,phase2-full-grid-rerun-20260731-l40s-l40s-tp1-f2520-i128-o32-r10-rep1-seg1-attempt2,phase2-full-grid-rerun-20260731-l40s-l40s-tp1-f2520-i128-o32-r10-rep1-seg1-attempt2-00005-7ac758ee0b29,1,response_headers,200,response_request_id=phase2-full-grid-rerun-20260731-l40s-l40s-tp1-f2520-i128-o32-r10-rep1-seg1-attempt2-00005-7ac758ee0b29
1785511230511463369,1136575506920242,phase2-full-grid-rerun-20260731-l40s-l40s-tp1-f2520-i128-o32-r10-rep1-seg1-attempt2,phase2-full-grid-rerun-20260731-l40s-l40s-tp1-f2520-i128-o32-r10-rep1-seg1-attempt2-00005-7ac758ee0b29,1,first_token,,
1785511230532638477,1136575528095381,phase2-full-grid-rerun-20260731-l40s-l40s-tp1-f2520-i128-o32-r10-rep1-seg1-attempt2,phase2-full-grid-rerun-20260731-l40s-l40s-tp1-f2520-i128-o32-r10-rep1-seg1-attempt2-00006-f93e8a9af12c,0,client_ready,,
1785511230535273168,1136575530730400,phase2-full-grid-rerun-20260731-l40s-l40s-tp1-f2520-i128-o32-r10-rep1-seg1-attempt2,phase2-full-grid-rerun-20260731-l40s-l40s-tp1-f2520-i128-o32-r10-rep1-seg1-attempt2-00006-f93e8a9af12c,0,semaphore_acquired,,
1785511230537145308,1136575532602523,phase2-full-grid-rerun-20260731-l40s-l40s-tp1-f2520-i128-o32-r10-rep1-seg1-attempt2,phase2-full-grid-rerun-20260731-l40s-l40s-tp1-f2520-i128-o32-r10-rep1-seg1-attempt2-00006-f93e8a9af12c,1,attempt_send,,
1785511230544426489,1136575539883404,phase2-full-grid-rerun-20260731-l40s-l40s-tp1-f2520-i128-o32-r10-rep1-seg1-attempt2,phase2-full-grid-rerun-20260731-l40s-l40s-tp1-f2520-i128-o32-r10-rep1-seg1-attempt2-00006-f93e8a9af12c,1,response_headers,200,response_request_id=phase2-full-grid-rerun-20260731-l40s-l40s-tp1-f2520-i128-o32-r10-rep1-seg1-attempt2-00006-f93e8a9af12c
1785511230599081727,1136575594538799,phase2-full-grid-rerun-20260731-l40s-l40s-tp1-f2520-i128-o32-r10-rep1-seg1-attempt2,phase2-full-grid-rerun-20260731-l40s-l40s-tp1-f2520-i128-o32-r10-rep1-seg1-attempt2-00006-f93e8a9af12c,1,first_token,,
1785511230632871817,1136575628328848,phase2-full-grid-rerun-20260731-l40s-l40s-tp1-f2520-i128-o32-r10-rep1-seg1-attempt2,phase2-full-grid-rerun-20260731-l40s-l40s-tp1-f2520-i128-o32-r10-rep1-seg1-attempt2-00007-d936291fbef0,0,client_ready,,
1785511230636445949,1136575631903216,phase2-full-grid-rerun-20260731-l40s-l40s-tp1-f2520-i128-o32-r10-rep1-seg1-attempt2,phase2-full-grid-rerun-20260731-l40s-l40s-tp1-f2520-i128-o32-r10-rep1-seg1-attempt2-00007-d936291fbef0,0,semaphore_acquired,,
1785511230638519426,1136575633976207,phase2-full-grid-rerun-20260731-l40s-l40s-tp1-f2520-i128-o32-r10-rep1-seg1-attempt2,phase2-full-grid-rerun-20260731-l40s-l40s-tp1-f2520-i128-o32-r10-rep1-seg1-attempt2-00007-d936291fbef0,1,attempt_send,,
1785511230647014485,1136575642471136,phase2-full-grid-rerun-20260731-l40s-l40s-tp1-f2520-i128-o32-r10-rep1-seg1-attempt2,phase2-full-grid-rerun-20260731-l40s-l40s-tp1-f2520-i128-o32-r10-rep1-seg1-attempt2-00007-d936291fbef0,1,response_headers,200,response_request_id=phase2-full-grid-rerun-20260731-l40s-l40s-tp1-f2520-i128-o32-r10-rep1-seg1-attempt2-00007-d936291fbef0
1785511230710648487,1136575706105372,phase2-full-grid-rerun-20260731-l40s-l40s-tp1-f2520-i128-o32-r10-rep1-seg1-attempt2,phase2-full-grid-rerun-20260731-l40s-l40s-tp1-f2520-i128-o32-r10-rep1-seg1-attempt2-00007-d936291fbef0,1,first_token,,
1785511230723875261,1136575719332453,phase2-full-grid-rerun-20260731-l40s-l40s-tp1-f2520-i128-o32-r10-rep1-seg1-attempt2,phase2-full-grid-rerun-20260731-l40s-l40s-tp1-f2520-i128-o32-r10-rep1-seg1-attempt2-00000-273e4c0cc65b,1,request_complete,200,
1785511230732588450,1136575728045215,phase2-full-grid-rerun-20260731-l40s-l40s-tp1-f2520-i128-o32-r10-rep1-seg1-attempt2,phase2-full-grid-rerun-20260731-l40s-l40s-tp1-f2520-i128-o32-r10-rep1-seg1-attempt2-00008-2fa45bd8435b,0,client_ready,,
1785511230734455296,1136575729911915,phase2-full-grid-rerun-20260731-l40s-l40s-tp1-f2520-i128-o32-r10-rep1-seg1-attempt2,phase2-full-grid-rerun-20260731-l40s-l40s-tp1-f2520-i128-o32-r10-rep1-seg1-attempt2-00008-2fa45bd8435b,0,semaphore_acquired,,
1785511230736106681,1136575731563202,phase2-full-grid-rerun-20260731-l40s-l40s-tp1-f2520-i128-o32-r10-rep1-seg1-attempt2,phase2-full-grid-rerun-20260731-l40s-l40s-tp1-f2520-i128-o32-r10-rep1-seg1-attempt2-00008-2fa45bd8435b,1,attempt_send,,
1785511230743741287,1136575739198713,phase2-full-grid-rerun-20260731-l40s-l40s-tp1-f2520-i128-o32-r10-rep1-seg1-attempt2,phase2-full-grid-rerun-20260731-l40s-l40s-tp1-f2520-i128-o32-r10-rep1-seg1-attempt2-00008-2fa45bd8435b,1,response_headers,200,response_request_id=phase2-full-grid-rerun-20260731-l40s-l40s-tp1-f2520-i128-o32-r10-rep1-seg1-attempt2-00008-2fa45bd8435b
1785511230780411939,1136575775869467,phase2-full-grid-rerun-20260731-l40s-l40s-tp1-f2520-i128-o32-r10-rep1-seg1-attempt2,phase2-full-grid-rerun-20260731-l40s-l40s-tp1-f2520-i128-o32-r10-rep1-seg1-attempt2-00001-89964f709d4d,1,request_complete,200,
1785511230795701252,1136575791158294,phase2-full-grid-rerun-20260731-l40s-l40s-tp1-f2520-i128-o32-r10-rep1-seg1-attempt2,phase2-full-grid-rerun-20260731-l40s-l40s-tp1-f2520-i128-o32-r10-rep1-seg1-attempt2-00008-2fa45bd8435b,1,first_token,,
1785511230833110221,1136575828567198,phase2-full-grid-rerun-20260731-l40s-l40s-tp1-f2520-i128-o32-r10-rep1-seg1-attempt2,phase2-full-grid-rerun-20260731-l40s-l40s-tp1-f2520-i128-o32-r10-rep1-seg1-attempt2-00009-a55638eb32e9,0,client_ready,,
1785511230836465819,1136575831923032,phase2-full-grid-rerun-20260731-l40s-l40s-tp1-f2520-i128-o32-r10-rep1-seg1-attempt2,phase2-full-grid-rerun-20260731-l40s-l40s-tp1-f2520-i128-o32-r10-rep1-seg1-attempt2-00009-a55638eb32e9,0,semaphore_acquired,,
1785511230838411797,1136575833868632,phase2-full-grid-rerun-20260731-l40s-l40s-tp1-f2520-i128-o32-r10-rep1-seg1-attempt2,phase2-full-grid-rerun-20260731-l40s-l40s-tp1-f2520-i128-o32-r10-rep1-seg1-attempt2-00009-a55638eb32e9,1,attempt_send,,
1785511230845437209,1136575840893923,phase2-full-grid-rerun-20260731-l40s-l40s-tp1-f2520-i128-o32-r10-rep1-seg1-attempt2,phase2-full-grid-rerun-20260731-l40s-l40s-tp1-f2520-i128-o32-r10-rep1-seg1-attempt2-00009-a55638eb32e9,1,response_headers,200,response_request_id=phase2-full-grid-rerun-20260731-l40s-l40s-tp1-f2520-i128-o32-r10-rep1-seg1-attempt2-00009-a55638eb32e9
1785511230888179114,1136575883636649,phase2-full-grid-rerun-20260731-l40s-l40s-tp1-f2520-i128-o32-r10-rep1-seg1-attempt2,phase2-full-grid-rerun-20260731-l40s-l40s-tp1-f2520-i128-o32-r10-rep1-seg1-attempt2-00002-5318ce849501,1,request_complete,200,
1785511230909745112,1136575905202134,phase2-full-grid-rerun-20260731-l40s-l40s-tp1-f2520-i128-o32-r10-rep1-seg1-attempt2,phase2-full-grid-rerun-20260731-l40s-l40s-tp1-f2520-i128-o32-r10-rep1-seg1-attempt2-00009-a55638eb32e9,1,first_token,,
1785511230933135073,1136575928592128,phase2-full-grid-rerun-20260731-l40s-l40s-tp1-f2520-i128-o32-r10-rep1-seg1-attempt2,phase2-full-grid-rerun-20260731-l40s-l40s-tp1-f2520-i128-o32-r10-rep1-seg1-attempt2-00010-b0c52e6c772c,0,client_ready,,
1785511230936507908,1136575931965117,phase2-full-grid-rerun-20260731-l40s-l40s-tp1-f2520-i128-o32-r10-rep1-seg1-attempt2,phase2-full-grid-rerun-20260731-l40s-l40s-tp1-f2520-i128-o32-r10-rep1-seg1-attempt2-00010-b0c52e6c772c,0,semaphore_acquired,,
1785511230938582451,1136575934039247,phase2-full-grid-rerun-20260731-l40s-l40s-tp1-f2520-i128-o32-r10-rep1-seg1-attempt2,phase2-full-grid-rerun-20260731-l40s-l40s-tp1-f2520-i128-o32-r10-rep1-seg1-attempt2-00010-b0c52e6c772c,1,attempt_send,,
1785511230947969662,1136575943426643,phase2-full-grid-rerun-20260731-l40s-l40s-tp1-f2520-i128-o32-r10-rep1-seg1-attempt2,phase2-full-grid-rerun-20260731-l40s-l40s-tp1-f2520-i128-o32-r10-rep1-seg1-attempt2-00010-b0c52e6c772c,1,response_headers,200,response_request_id=phase2-full-grid-rerun-20260731-l40s-l40s-tp1-f2520-i128-o32-r10-rep1-seg1-attempt2-00010-b0c52e6c772c
1785511230997818511,1136575993276089,phase2-full-grid-rerun-20260731-l40s-l40s-tp1-f2520-i128-o32-r10-rep1-seg1-attempt2,phase2-full-grid-rerun-20260731-l40s-l40s-tp1-f2520-i128-o32-r10-rep1-seg1-attempt2-00003-2438004ceb69,1,request_complete,200,
1785511231013152083,1136576008609068,phase2-full-grid-rerun-20260731-l40s-l40s-tp1-f2520-i128-o32-r10-rep1-seg1-attempt2,phase2-full-grid-rerun-20260731-l40s-l40s-tp1-f2520-i128-o32-r10-rep1-seg1-attempt2-00010-b0c52e6c772c,1,first_token,,
1785511231032854113,1136576028311175,phase2-full-grid-rerun-20260731-l40s-l40s-tp1-f2520-i128-o32-r10-rep1-seg1-attempt2,phase2-full-grid-rerun-20260731-l40s-l40s-tp1-f2520-i128-o32-r10-rep1-seg1-attempt2-00011-eaf9789e967f,0,client_ready,,
1785511231036265259,1136576031722456,phase2-full-grid-rerun-20260731-l40s-l40s-tp1-f2520-i128-o32-r10-rep1-seg1-attempt2,phase2-full-grid-rerun-20260731-l40s-l40s-tp1-f2520-i128-o32-r10-rep1-seg1-attempt2-00011-eaf9789e967f,0,semaphore_acquired,,
1785511231038404466,1136576033861636,phase2-full-grid-rerun-20260731-l40s-l40s-tp1-f2520-i128-o32-r10-rep1-seg1-attempt2,phase2-full-grid-rerun-20260731-l40s-l40s-tp1-f2520-i128-o32-r10-rep1-seg1-attempt2-00011-eaf9789e967f,1,attempt_send,,
1785511231045385442,1136576040842184,phase2-full-grid-rerun-20260731-l40s-l40s-tp1-f2520-i128-o32-r10-rep1-seg1-attempt2,phase2-full-grid-rerun-20260731-l40s-l40s-tp1-f2520-i128-o32-r10-rep1-seg1-attempt2-00011-eaf9789e967f,1,response_headers,200,response_request_id=phase2-full-grid-rerun-20260731-l40s-l40s-tp1-f2520-i128-o32-r10-rep1-seg1-attempt2-00011-eaf9789e967f
1785511231086510929,1136576081968514,phase2-full-grid-rerun-20260731-l40s-l40s-tp1-f2520-i128-o32-r10-rep1-seg1-attempt2,phase2-full-grid-rerun-20260731-l40s-l40s-tp1-f2520-i128-o32-r10-rep1-seg1-attempt2-00004-d75152e7fff8,1,request_complete,200,
1785511231101064077,1136576096521084,phase2-full-grid-rerun-20260731-l40s-l40s-tp1-f2520-i128-o32-r10-rep1-seg1-attempt2,phase2-full-grid-rerun-20260731-l40s-l40s-tp1-f2520-i128-o32-r10-rep1-seg1-attempt2-00011-eaf9789e967f,1,first_token,,
1785511231132808477,1136576128265499,phase2-full-grid-rerun-20260731-l40s-l40s-tp1-f2520-i128-o32-r10-rep1-seg1-attempt2,phase2-full-grid-rerun-20260731-l40s-l40s-tp1-f2520-i128-o32-r10-rep1-seg1-attempt2-00012-8750f537a130,0,client_ready,,
1785511231135930829,1136576131388041,phase2-full-grid-rerun-20260731-l40s-l40s-tp1-f2520-i128-o32-r10-rep1-seg1-attempt2,phase2-full-grid-rerun-20260731-l40s-l40s-tp1-f2520-i128-o32-r10-rep1-seg1-attempt2-00012-8750f537a130,0,semaphore_acquired,,
1785511231137601647,1136576133058446,phase2-full-grid-rerun-20260731-l40s-l40s-tp1-f2520-i128-o32-r10-rep1-seg1-attempt2,phase2-full-grid-rerun-20260731-l40s-l40s-tp1-f2520-i128-o32-r10-rep1-seg1-attempt2-00012-8750f537a130,1,attempt_send,,
1785511231145922053,1136576141379108,phase2-full-grid-rerun-20260731-l40s-l40s-tp1-f2520-i128-o32-r10-rep1-seg1-attempt2,phase2-full-grid-rerun-20260731-l40s-l40s-tp1-f2520-i128-o32-r10-rep1-seg1-attempt2-00012-8750f537a130,1,response_headers,200,response_request_id=phase2-full-grid-rerun-20260731-l40s-l40s-tp1-f2520-i128-o32-r10-rep1-seg1-attempt2-00012-8750f537a130
1785511231195091133,1136576190548641,phase2-full-grid-rerun-20260731-l40s-l40s-tp1-f2520-i128-o32-r10-rep1-seg1-attempt2,phase2-full-grid-rerun-20260731-l40s-l40s-tp1-f2520-i128-o32-r10-rep1-seg1-attempt2-00005-7ac758ee0b29,1,request_complete,200,
1785511231210029251,1136576205486128,phase2-full-grid-rerun-20260731-l40s-l40s-tp1-f2520-i128-o32-r10-rep1-seg1-attempt2,phase2-full-grid-rerun-20260731-l40s-l40s-tp1-f2520-i128-o32-r10-rep1-seg1-attempt2-00012-8750f537a130,1,first_token,,
1785511231232937434,1136576228394643,phase2-full-grid-rerun-20260731-l40s-l40s-tp1-f2520-i128-o32-r10-rep1-seg1-attempt2,phase2-full-grid-rerun-20260731-l40s-l40s-tp1-f2520-i128-o32-r10-rep1-seg1-attempt2-00013-01ae52cba689,0,client_ready,,
1785511231236097904,1136576231555102,phase2-full-grid-rerun-20260731-l40s-l40s-tp1-f2520-i128-o32-r10-rep1-seg1-attempt2,phase2-full-grid-rerun-20260731-l40s-l40s-tp1-f2520-i128-o32-r10-rep1-seg1-attempt2-00013-01ae52cba689,0,semaphore_acquired,,
1785511231238320464,1136576233777903,phase2-full-grid-rerun-20260731-l40s-l40s-tp1-f2520-i128-o32-r10-rep1-seg1-attempt2,phase2-full-grid-rerun-20260731-l40s-l40s-tp1-f2520-i128-o32-r10-rep1-seg1-attempt2-00013-01ae52cba689,1,attempt_send,,
1785511231245120426,1136576240577320,phase2-full-grid-rerun-20260731-l40s-l40s-tp1-f2520-i128-o32-r10-rep1-seg1-attempt2,phase2-full-grid-rerun-20260731-l40s-l40s-tp1-f2520-i128-o32-r10-rep1-seg1-attempt2-00013-01ae52cba689,1,response_headers,200,response_request_id=phase2-full-grid-rerun-20260731-l40s-l40s-tp1-f2520-i128-o32-r10-rep1-seg1-attempt2-00013-01ae52cba689
1785511231281401508,1136576276859083,phase2-full-grid-rerun-20260731-l40s-l40s-tp1-f2520-i128-o32-r10-rep1-seg1-attempt2,phase2-full-grid-rerun-20260731-l40s-l40s-tp1-f2520-i128-o32-r10-rep1-seg1-attempt2-00006-f93e8a9af12c,1,request_complete,200,
1785511231298529608,1136576293986573,phase2-full-grid-rerun-20260731-l40s-l40s-tp1-f2520-i128-o32-r10-rep1-seg1-attempt2,phase2-full-grid-rerun-20260731-l40s-l40s-tp1-f2520-i128-o32-r10-rep1-seg1-attempt2-00013-01ae52cba689,1,first_token,,
1785511231334061417,1136576329518732,phase2-full-grid-rerun-20260731-l40s-l40s-tp1-f2520-i128-o32-r10-rep1-seg1-attempt2,phase2-full-grid-rerun-20260731-l40s-l40s-tp1-f2520-i128-o32-r10-rep1-seg1-attempt2-00014-ee3e5c709ccc,0,client_ready,,
1785511231337246822,1136576332703996,phase2-full-grid-rerun-20260731-l40s-l40s-tp1-f2520-i128-o32-r10-rep1-seg1-attempt2,phase2-full-grid-rerun-20260731-l40s-l40s-tp1-f2520-i128-o32-r10-rep1-seg1-attempt2-00014-ee3e5c709ccc,0,semaphore_acquired,,
1785511231339289144,1136576334746381,phase2-full-grid-rerun-20260731-l40s-l40s-tp1-f2520-i128-o32-r10-rep1-seg1-attempt2,phase2-full-grid-rerun-20260731-l40s-l40s-tp1-f2520-i128-o32-r10-rep1-seg1-attempt2-00014-ee3e5c709ccc,1,attempt_send,,
1785511231345915648,1136576341372500,phase2-full-grid-rerun-20260731-l40s-l40s-tp1-f2520-i128-o32-r10-rep1-seg1-attempt2,phase2-full-grid-rerun-20260731-l40s-l40s-tp1-f2520-i128-o32-r10-rep1-seg1-attempt2-00014-ee3e5c709ccc,1,response_headers,200,response_request_id=phase2-full-grid-rerun-20260731-l40s-l40s-tp1-f2520-i128-o32-r10-rep1-seg1-attempt2-00014-ee3e5c709ccc
1785511231391556423,1136576387014180,phase2-full-grid-rerun-20260731-l40s-l40s-tp1-f2520-i128-o32-r10-rep1-seg1-attempt2,phase2-full-grid-rerun-20260731-l40s-l40s-tp1-f2520-i128-o32-r10-rep1-seg1-attempt2-00007-d936291fbef0,1,request_complete,200,
1785511231407462890,1136576402919883,phase2-full-grid-rerun-20260731-l40s-l40s-tp1-f2520-i128-o32-r10-rep1-seg1-attempt2,phase2-full-grid-rerun-20260731-l40s-l40s-tp1-f2520-i128-o32-r10-rep1-seg1-attempt2-00014-ee3e5c709ccc,1,first_token,,
1785511231433047259,1136576428504328,phase2-full-grid-rerun-20260731-l40s-l40s-tp1-f2520-i128-o32-r10-rep1-seg1-attempt2,phase2-full-grid-rerun-20260731-l40s-l40s-tp1-f2520-i128-o32-r10-rep1-seg1-attempt2-00015-fc43c20fdd34,0,client_ready,,
1785511231436251608,1136576431708793,phase2-full-grid-rerun-20260731-l40s-l40s-tp1-f2520-i128-o32-r10-rep1-seg1-attempt2,phase2-full-grid-rerun-20260731-l40s-l40s-tp1-f2520-i128-o32-r10-rep1-seg1-attempt2-00015-fc43c20fdd34,0,semaphore_acquired,,
1785511231438503228,1136576433960454,phase2-full-grid-rerun-20260731-l40s-l40s-tp1-f2520-i128-o32-r10-rep1-seg1-attempt2,phase2-full-grid-rerun-20260731-l40s-l40s-tp1-f2520-i128-o32-r10-rep1-seg1-attempt2-00015-fc43c20fdd34,1,attempt_send,,
1785511231445368042,1136576440824814,phase2-full-grid-rerun-20260731-l40s-l40s-tp1-f2520-i128-o32-r10-rep1-seg1-attempt2,phase2-full-grid-rerun-20260731-l40s-l40s-tp1-f2520-i128-o32-r10-rep1-seg1-attempt2-00015-fc43c20fdd34,1,response_headers,200,response_request_id=phase2-full-grid-rerun-20260731-l40s-l40s-tp1-f2520-i128-o32-r10-rep1-seg1-attempt2-00015-fc43c20fdd34
1785511231480020417,1136576475477854,phase2-full-grid-rerun-20260731-l40s-l40s-tp1-f2520-i128-o32-r10-rep1-seg1-attempt2,phase2-full-grid-rerun-20260731-l40s-l40s-tp1-f2520-i128-o32-r10-rep1-seg1-attempt2-00008-2fa45bd8435b,1,request_complete,200,
1785511231516045349,1136576511502364,phase2-full-grid-rerun-20260731-l40s-l40s-tp1-f2520-i128-o32-r10-rep1-seg1-attempt2,phase2-full-grid-rerun-20260731-l40s-l40s-tp1-f2520-i128-o32-r10-rep1-seg1-attempt2-00015-fc43c20fdd34,1,first_token,,
1785511231533803309,1136576529260367,phase2-full-grid-rerun-20260731-l40s-l40s-tp1-f2520-i128-o32-r10-rep1-seg1-attempt2,phase2-full-grid-rerun-20260731-l40s-l40s-tp1-f2520-i128-o32-r10-rep1-seg1-attempt2-00016-4604ae85ac65,0,client_ready,,
1785511231536812303,1136576532269498,phase2-full-grid-rerun-20260731-l40s-l40s-tp1-f2520-i128-o32-r10-rep1-seg1-attempt2,phase2-full-grid-rerun-20260731-l40s-l40s-tp1-f2520-i128-o32-r10-rep1-seg1-attempt2-00016-4604ae85ac65,0,semaphore_acquired,,
1785511231538866853,1136576534323532,phase2-full-grid-rerun-20260731-l40s-l40s-tp1-f2520-i128-o32-r10-rep1-seg1-attempt2,phase2-full-grid-rerun-20260731-l40s-l40s-tp1-f2520-i128-o32-r10-rep1-seg1-attempt2-00016-4604ae85ac65,1,attempt_send,,
1785511231545882882,1136576541339507,phase2-full-grid-rerun-20260731-l40s-l40s-tp1-f2520-i128-o32-r10-rep1-seg1-attempt2,phase2-full-grid-rerun-20260731-l40s-l40s-tp1-f2520-i128-o32-r10-rep1-seg1-attempt2-00016-4604ae85ac65,1,response_headers,200,response_request_id=phase2-full-grid-rerun-20260731-l40s-l40s-tp1-f2520-i128-o32-r10-rep1-seg1-attempt2-00016-4604ae85ac65
1785511231588257905,1136576583715556,phase2-full-grid-rerun-20260731-l40s-l40s-tp1-f2520-i128-o32-r10-rep1-seg1-attempt2,phase2-full-grid-rerun-20260731-l40s-l40s-tp1-f2520-i128-o32-r10-rep1-seg1-attempt2-00009-a55638eb32e9,1,request_complete,200,
1785511231603458193,1136576598915218,phase2-full-grid-rerun-20260731-l40s-l40s-tp1-f2520-i128-o32-r10-rep1-seg1-attempt2,phase2-full-grid-rerun-20260731-l40s-l40s-tp1-f2520-i128-o32-r10-rep1-seg1-attempt2-00016-4604ae85ac65,1,first_token,,
1785511231633122116,1136576628579274,phase2-full-grid-rerun-20260731-l40s-l40s-tp1-f2520-i128-o32-r10-rep1-seg1-attempt2,phase2-full-grid-rerun-20260731-l40s-l40s-tp1-f2520-i128-o32-r10-rep1-seg1-attempt2-00017-2de1d2c25218,0,client_ready,,
1785511231636251810,1136576631709220,phase2-full-grid-rerun-20260731-l40s-l40s-tp1-f2520-i128-o32-r10-rep1-seg1-attempt2,phase2-full-grid-rerun-20260731-l40s-l40s-tp1-f2520-i128-o32-r10-rep1-seg1-attempt2-00017-2de1d2c25218,0,semaphore_acquired,,
1785511231638311574,1136576633768806,phase2-full-grid-rerun-20260731-l40s-l40s-tp1-f2520-i128-o32-r10-rep1-seg1-attempt2,phase2-full-grid-rerun-20260731-l40s-l40s-tp1-f2520-i128-o32-r10-rep1-seg1-attempt2-00017-2de1d2c25218,1,attempt_send,,
1785511231646920664,1136576642377489,phase2-full-grid-rerun-20260731-l40s-l40s-tp1-f2520-i128-o32-r10-rep1-seg1-attempt2,phase2-full-grid-rerun-20260731-l40s-l40s-tp1-f2520-i128-o32-r10-rep1-seg1-attempt2-00017-2de1d2c25218,1,response_headers,200,response_request_id=phase2-full-grid-rerun-20260731-l40s-l40s-tp1-f2520-i128-o32-r10-rep1-seg1-attempt2-00017-2de1d2c25218
1785511231696934737,1136576692392380,phase2-full-grid-rerun-20260731-l40s-l40s-tp1-f2520-i128-o32-r10-rep1-seg1-attempt2,phase2-full-grid-rerun-20260731-l40s-l40s-tp1-f2520-i128-o32-r10-rep1-seg1-attempt2-00010-b0c52e6c772c,1,request_complete,200,
1785511231712505101,1136576707962069,phase2-full-grid-rerun-20260731-l40s-l40s-tp1-f2520-i128-o32-r10-rep1-seg1-attempt2,phase2-full-grid-rerun-20260731-l40s-l40s-tp1-f2520-i128-o32-r10-rep1-seg1-attempt2-00017-2de1d2c25218,1,first_token,,
1785511231734285944,1136576729742971,phase2-full-grid-rerun-20260731-l40s-l40s-tp1-f2520-i128-o32-r10-rep1-seg1-attempt2,phase2-full-grid-rerun-20260731-l40s-l40s-tp1-f2520-i128-o32-r10-rep1-seg1-attempt2-00018-51c3eb004537,0,client_ready,,
1785511231737185836,1136576732643034,phase2-full-grid-rerun-20260731-l40s-l40s-tp1-f2520-i128-o32-r10-rep1-seg1-attempt2,phase2-full-grid-rerun-20260731-l40s-l40s-tp1-f2520-i128-o32-r10-rep1-seg1-attempt2-00018-51c3eb004537,0,semaphore_acquired,,
1785511231739403090,1136576734860125,phase2-full-grid-rerun-20260731-l40s-l40s-tp1-f2520-i128-o32-r10-rep1-seg1-attempt2,phase2-full-grid-rerun-20260731-l40s-l40s-tp1-f2520-i128-o32-r10-rep1-seg1-attempt2-00018-51c3eb004537,1,attempt_send,,
1785511231745927271,1136576741384005,phase2-full-grid-rerun-20260731-l40s-l40s-tp1-f2520-i128-o32-r10-rep1-seg1-attempt2,phase2-full-grid-rerun-20260731-l40s-l40s-tp1-f2520-i128-o32-r10-rep1-seg1-attempt2-00018-51c3eb004537,1,response_headers,200,response_request_id=phase2-full-grid-rerun-20260731-l40s-l40s-tp1-f2520-i128-o32-r10-rep1-seg1-attempt2-00018-51c3eb004537
1785511231784681598,1136576780139286,phase2-full-grid-rerun-20260731-l40s-l40s-tp1-f2520-i128-o32-r10-rep1-seg1-attempt2,phase2-full-grid-rerun-20260731-l40s-l40s-tp1-f2520-i128-o32-r10-rep1-seg1-attempt2-00011-eaf9789e967f,1,request_complete,200,
1785511231800141456,1136576795598368,phase2-full-grid-rerun-20260731-l40s-l40s-tp1-f2520-i128-o32-r10-rep1-seg1-attempt2,phase2-full-grid-rerun-20260731-l40s-l40s-tp1-f2520-i128-o32-r10-rep1-seg1-attempt2-00018-51c3eb004537,1,first_token,,
1785511231833083488,1136576828540716,phase2-full-grid-rerun-20260731-l40s-l40s-tp1-f2520-i128-o32-r10-rep1-seg1-attempt2,phase2-full-grid-rerun-20260731-l40s-l40s-tp1-f2520-i128-o32-r10-rep1-seg1-attempt2-00019-9375aecb2a41,0,client_ready,,
1785511231836152275,1136576831609503,phase2-full-grid-rerun-20260731-l40s-l40s-tp1-f2520-i128-o32-r10-rep1-seg1-attempt2,phase2-full-grid-rerun-20260731-l40s-l40s-tp1-f2520-i128-o32-r10-rep1-seg1-attempt2-00019-9375aecb2a41,0,semaphore_acquired,,
1785511231837781991,1136576833238836,phase2-full-grid-rerun-20260731-l40s-l40s-tp1-f2520-i128-o32-r10-rep1-seg1-attempt2,phase2-full-grid-rerun-20260731-l40s-l40s-tp1-f2520-i128-o32-r10-rep1-seg1-attempt2-00019-9375aecb2a41,1,attempt_send,,
1785511231845148618,1136576840605353,phase2-full-grid-rerun-20260731-l40s-l40s-tp1-f2520-i128-o32-r10-rep1-seg1-attempt2,phase2-full-grid-rerun-20260731-l40s-l40s-tp1-f2520-i128-o32-r10-rep1-seg1-attempt2-00019-9375aecb2a41,1,response_headers,200,response_request_id=phase2-full-grid-rerun-20260731-l40s-l40s-tp1-f2520-i128-o32-r10-rep1-seg1-attempt2-00019-9375aecb2a41
1785511231893446439,1136576888904051,phase2-full-grid-rerun-20260731-l40s-l40s-tp1-f2520-i128-o32-r10-rep1-seg1-attempt2,phase2-full-grid-rerun-20260731-l40s-l40s-tp1-f2520-i128-o32-r10-rep1-seg1-attempt2-00012-8750f537a130,1,request_complete,200,
1785511231909219460,1136576904676493,phase2-full-grid-rerun-20260731-l40s-l40s-tp1-f2520-i128-o32-r10-rep1-seg1-attempt2,phase2-full-grid-rerun-20260731-l40s-l40s-tp1-f2520-i128-o32-r10-rep1-seg1-attempt2-00019-9375aecb2a41,1,first_token,,
1785511231932189900,1136576927646922,phase2-full-grid-rerun-20260731-l40s-l40s-tp1-f2520-i128-o32-r10-rep1-seg1-attempt2,phase2-full-grid-rerun-20260731-l40s-l40s-tp1-f2520-i128-o32-r10-rep1-seg1-attempt2-00020-4e74d8a858f8,0,client_ready,,
1785511231935032250,1136576930489475,phase2-full-grid-rerun-20260731-l40s-l40s-tp1-f2520-i128-o32-r10-rep1-seg1-attempt2,phase2-full-grid-rerun-20260731-l40s-l40s-tp1-f2520-i128-o32-r10-rep1-seg1-attempt2-00020-4e74d8a858f8,0,semaphore_acquired,,
1785511231937218237,1136576932675787,phase2-full-grid-rerun-20260731-l40s-l40s-tp1-f2520-i128-o32-r10-rep1-seg1-attempt2,phase2-full-grid-rerun-20260731-l40s-l40s-tp1-f2520-i128-o32-r10-rep1-seg1-attempt2-00020-4e74d8a858f8,1,attempt_send,,
1785511231944014661,1136576939471561,phase2-full-grid-rerun-20260731-l40s-l40s-tp1-f2520-i128-o32-r10-rep1-seg1-attempt2,phase2-full-grid-rerun-20260731-l40s-l40s-tp1-f2520-i128-o32-r10-rep1-seg1-attempt2-00020-4e74d8a858f8,1,response_headers,200,response_request_id=phase2-full-grid-rerun-20260731-l40s-l40s-tp1-f2520-i128-o32-r10-rep1-seg1-attempt2-00020-4e74d8a858f8
1785511231982005486,1136576977462884,phase2-full-grid-rerun-20260731-l40s-l40s-tp1-f2520-i128-o32-r10-rep1-seg1-attempt2,phase2-full-grid-rerun-20260731-l40s-l40s-tp1-f2520-i128-o32-r10-rep1-seg1-attempt2-00013-01ae52cba689,1,request_complete,200,
1785511231997199948,1136576992656886,phase2-full-grid-rerun-20260731-l40s-l40s-tp1-f2520-i128-o32-r10-rep1-seg1-attempt2,phase2-full-grid-rerun-20260731-l40s-l40s-tp1-f2520-i128-o32-r10-rep1-seg1-attempt2-00020-4e74d8a858f8,1,first_token,,
1785511232032965259,1136577028422591,phase2-full-grid-rerun-20260731-l40s-l40s-tp1-f2520-i128-o32-r10-rep1-seg1-attempt2,phase2-full-grid-rerun-20260731-l40s-l40s-tp1-f2520-i128-o32-r10-rep1-seg1-attempt2-00021-1153eea1960f,0,client_ready,,
1785511232035687051,1136577031144240,phase2-full-grid-rerun-20260731-l40s-l40s-tp1-f2520-i128-o32-r10-rep1-seg1-attempt2,phase2-full-grid-rerun-20260731-l40s-l40s-tp1-f2520-i128-o32-r10-rep1-seg1-attempt2-00021-1153eea1960f,0,semaphore_acquired,,
1785511232037135322,1136577032592321,phase2-full-grid-rerun-20260731-l40s-l40s-tp1-f2520-i128-o32-r10-rep1-seg1-attempt2,phase2-full-grid-rerun-20260731-l40s-l40s-tp1-f2520-i128-o32-r10-rep1-seg1-attempt2-00021-1153eea1960f,1,attempt_send,,
1785511232043482401,1136577038939191,phase2-full-grid-rerun-20260731-l40s-l40s-tp1-f2520-i128-o32-r10-rep1-seg1-attempt2,phase2-full-grid-rerun-20260731-l40s-l40s-tp1-f2520-i128-o32-r10-rep1-seg1-attempt2-00021-1153eea1960f,1,response_headers,200,response_request_id=phase2-full-grid-rerun-20260731-l40s-l40s-tp1-f2520-i128-o32-r10-rep1-seg1-attempt2-00021-1153eea1960f
1785511232090316889,1136577085774529,phase2-full-grid-rerun-20260731-l40s-l40s-tp1-f2520-i128-o32-r10-rep1-seg1-attempt2,phase2-full-grid-rerun-20260731-l40s-l40s-tp1-f2520-i128-o32-r10-rep1-seg1-attempt2-00014-ee3e5c709ccc,1,request_complete,200,
1785511232106700317,1136577102157460,phase2-full-grid-rerun-20260731-l40s-l40s-tp1-f2520-i128-o32-r10-rep1-seg1-attempt2,phase2-full-grid-rerun-20260731-l40s-l40s-tp1-f2520-i128-o32-r10-rep1-seg1-attempt2-00021-1153eea1960f,1,first_token,,
1785511232132844221,1136577128301583,phase2-full-grid-rerun-20260731-l40s-l40s-tp1-f2520-i128-o32-r10-rep1-seg1-attempt2,phase2-full-grid-rerun-20260731-l40s-l40s-tp1-f2520-i128-o32-r10-rep1-seg1-attempt2-00022-e32b284156ce,0,client_ready,,
1785511232135904405,1136577131361620,phase2-full-grid-rerun-20260731-l40s-l40s-tp1-f2520-i128-o32-r10-rep1-seg1-attempt2,phase2-full-grid-rerun-20260731-l40s-l40s-tp1-f2520-i128-o32-r10-rep1-seg1-attempt2-00022-e32b284156ce,0,semaphore_acquired,,
1785511232138036647,1136577133493508,phase2-full-grid-rerun-20260731-l40s-l40s-tp1-f2520-i128-o32-r10-rep1-seg1-attempt2,phase2-full-grid-rerun-20260731-l40s-l40s-tp1-f2520-i128-o32-r10-rep1-seg1-attempt2-00022-e32b284156ce,1,attempt_send,,
1785511232144573232,1136577140030150,phase2-full-grid-rerun-20260731-l40s-l40s-tp1-f2520-i128-o32-r10-rep1-seg1-attempt2,phase2-full-grid-rerun-20260731-l40s-l40s-tp1-f2520-i128-o32-r10-rep1-seg1-attempt2-00022-e32b284156ce,1,response_headers,200,response_request_id=phase2-full-grid-rerun-20260731-l40s-l40s-tp1-f2520-i128-o32-r10-rep1-seg1-attempt2-00022-e32b284156ce
1785511232199239117,1136577194696735,phase2-full-grid-rerun-20260731-l40s-l40s-tp1-f2520-i128-o32-r10-rep1-seg1-attempt2,phase2-full-grid-rerun-20260731-l40s-l40s-tp1-f2520-i128-o32-r10-rep1-seg1-attempt2-00015-fc43c20fdd34,1,request_complete,200,
1785511232214630305,1136577210087224,phase2-full-grid-rerun-20260731-l40s-l40s-tp1-f2520-i128-o32-r10-rep1-seg1-attempt2,phase2-full-grid-rerun-20260731-l40s-l40s-tp1-f2520-i128-o32-r10-rep1-seg1-attempt2-00022-e32b284156ce,1,first_token,,
1785511232232528625,1136577227985587,phase2-full-grid-rerun-20260731-l40s-l40s-tp1-f2520-i128-o32-r10-rep1-seg1-attempt2,phase2-full-grid-rerun-20260731-l40s-l40s-tp1-f2520-i128-o32-r10-rep1-seg1-attempt2-00023-1c8cd0a99f7f,0,client_ready,,
1785511232235637904,1136577231095127,phase2-full-grid-rerun-20260731-l40s-l40s-tp1-f2520-i128-o32-r10-rep1-seg1-attempt2,phase2-full-grid-rerun-20260731-l40s-l40s-tp1-f2520-i128-o32-r10-rep1-seg1-attempt2-00023-1c8cd0a99f7f,0,semaphore_acquired,,
1785511232237639141,1136577233095816,phase2-full-grid-rerun-20260731-l40s-l40s-tp1-f2520-i128-o32-r10-rep1-seg1-attempt2,phase2-full-grid-rerun-20260731-l40s-l40s-tp1-f2520-i128-o32-r10-rep1-seg1-attempt2-00023-1c8cd0a99f7f,1,attempt_send,,
1785511232244756402,1136577240213183,phase2-full-grid-rerun-20260731-l40s-l40s-tp1-f2520-i128-o32-r10-rep1-seg1-attempt2,phase2-full-grid-rerun-20260731-l40s-l40s-tp1-f2520-i128-o32-r10-rep1-seg1-attempt2-00023-1c8cd0a99f7f,1,response_headers,200,response_request_id=phase2-full-grid-rerun-20260731-l40s-l40s-tp1-f2520-i128-o32-r10-rep1-seg1-attempt2-00023-1c8cd0a99f7f
1785511232288267324,1136577283725099,phase2-full-grid-rerun-20260731-l40s-l40s-tp1-f2520-i128-o32-r10-rep1-seg1-attempt2,phase2-full-grid-rerun-20260731-l40s-l40s-tp1-f2520-i128-o32-r10-rep1-seg1-attempt2-00016-4604ae85ac65,1,request_complete,200,
1785511232303123140,1136577298580090,phase2-full-grid-rerun-20260731-l40s-l40s-tp1-f2520-i128-o32-r10-rep1-seg1-attempt2,phase2-full-grid-rerun-20260731-l40s-l40s-tp1-f2520-i128-o32-r10-rep1-seg1-attempt2-00023-1c8cd0a99f7f,1,first_token,,
1785511232332749783,1136577328206976,phase2-full-grid-rerun-20260731-l40s-l40s-tp1-f2520-i128-o32-r10-rep1-seg1-attempt2,phase2-full-grid-rerun-20260731-l40s-l40s-tp1-f2520-i128-o32-r10-rep1-seg1-attempt2-00024-35d7a8f00656,0,client_ready,,
1785511232335798035,1136577331255240,phase2-full-grid-rerun-20260731-l40s-l40s-tp1-f2520-i128-o32-r10-rep1-seg1-attempt2,phase2-full-grid-rerun-20260731-l40s-l40s-tp1-f2520-i128-o32-r10-rep1-seg1-attempt2-00024-35d7a8f00656,0,semaphore_acquired,,
1785511232337826742,1136577333283604,phase2-full-grid-rerun-20260731-l40s-l40s-tp1-f2520-i128-o32-r10-rep1-seg1-attempt2,phase2-full-grid-rerun-20260731-l40s-l40s-tp1-f2520-i128-o32-r10-rep1-seg1-attempt2-00024-35d7a8f00656,1,attempt_send,,
1785511232346551411,1136577342008237,phase2-full-grid-rerun-20260731-l40s-l40s-tp1-f2520-i128-o32-r10-rep1-seg1-attempt2,phase2-full-grid-rerun-20260731-l40s-l40s-tp1-f2520-i128-o32-r10-rep1-seg1-attempt2-00024-35d7a8f00656,1,response_headers,200,response_request_id=phase2-full-grid-rerun-20260731-l40s-l40s-tp1-f2520-i128-o32-r10-rep1-seg1-attempt2-00024-35d7a8f00656
1785511232395301605,1136577390759110,phase2-full-grid-rerun-20260731-l40s-l40s-tp1-f2520-i128-o32-r10-rep1-seg1-attempt2,phase2-full-grid-rerun-20260731-l40s-l40s-tp1-f2520-i128-o32-r10-rep1-seg1-attempt2-00017-2de1d2c25218,1,request_complete,200,
1785511232412223867,1136577407680782,phase2-full-grid-rerun-20260731-l40s-l40s-tp1-f2520-i128-o32-r10-rep1-seg1-attempt2,phase2-full-grid-rerun-20260731-l40s-l40s-tp1-f2520-i128-o32-r10-rep1-seg1-attempt2-00024-35d7a8f00656,1,first_token,,
1785511232433330627,1136577428787699,phase2-full-grid-rerun-20260731-l40s-l40s-tp1-f2520-i128-o32-r10-rep1-seg1-attempt2,phase2-full-grid-rerun-20260731-l40s-l40s-tp1-f2520-i128-o32-r10-rep1-seg1-attempt2-00025-37dd070fabdb,0,client_ready,,
1785511232436291019,1136577431748277,phase2-full-grid-rerun-20260731-l40s-l40s-tp1-f2520-i128-o32-r10-rep1-seg1-attempt2,phase2-full-grid-rerun-20260731-l40s-l40s-tp1-f2520-i128-o32-r10-rep1-seg1-attempt2-00025-37dd070fabdb,0,semaphore_acquired,,
1785511232438410994,1136577433868005,phase2-full-grid-rerun-20260731-l40s-l40s-tp1-f2520-i128-o32-r10-rep1-seg1-attempt2,phase2-full-grid-rerun-20260731-l40s-l40s-tp1-f2520-i128-o32-r10-rep1-seg1-attempt2-00025-37dd070fabdb,1,attempt_send,,
1785511232445125848,1136577440582615,phase2-full-grid-rerun-20260731-l40s-l40s-tp1-f2520-i128-o32-r10-rep1-seg1-attempt2,phase2-full-grid-rerun-20260731-l40s-l40s-tp1-f2520-i128-o32-r10-rep1-seg1-attempt2-00025-37dd070fabdb,1,response_headers,200,response_request_id=phase2-full-grid-rerun-20260731-l40s-l40s-tp1-f2520-i128-o32-r10-rep1-seg1-attempt2-00025-37dd070fabdb
1785511232483852658,1136577479310118,phase2-full-grid-rerun-20260731-l40s-l40s-tp1-f2520-i128-o32-r10-rep1-seg1-attempt2,phase2-full-grid-rerun-20260731-l40s-l40s-tp1-f2520-i128-o32-r10-rep1-seg1-attempt2-00018-51c3eb004537,1,request_complete,200,
1785511232499488389,1136577494945357,phase2-full-grid-rerun-20260731-l40s-l40s-tp1-f2520-i128-o32-r10-rep1-seg1-attempt2,phase2-full-grid-rerun-20260731-l40s-l40s-tp1-f2520-i128-o32-r10-rep1-seg1-attempt2-00025-37dd070fabdb,1,first_token,,
1785511232533066698,1136577528523875,phase2-full-grid-rerun-20260731-l40s-l40s-tp1-f2520-i128-o32-r10-rep1-seg1-attempt2,phase2-full-grid-rerun-20260731-l40s-l40s-tp1-f2520-i128-o32-r10-rep1-seg1-attempt2-00026-2c921ef0c6c7,0,client_ready,,
1785511232536367797,1136577531825022,phase2-full-grid-rerun-20260731-l40s-l40s-tp1-f2520-i128-o32-r10-rep1-seg1-attempt2,phase2-full-grid-rerun-20260731-l40s-l40s-tp1-f2520-i128-o32-r10-rep1-seg1-attempt2-00026-2c921ef0c6c7,0,semaphore_acquired,,
1785511232538361711,1136577533818490,phase2-full-grid-rerun-20260731-l40s-l40s-tp1-f2520-i128-o32-r10-rep1-seg1-attempt2,phase2-full-grid-rerun-20260731-l40s-l40s-tp1-f2520-i128-o32-r10-rep1-seg1-attempt2-00026-2c921ef0c6c7,1,attempt_send,,
1785511232545107657,1136577540564445,phase2-full-grid-rerun-20260731-l40s-l40s-tp1-f2520-i128-o32-r10-rep1-seg1-attempt2,phase2-full-grid-rerun-20260731-l40s-l40s-tp1-f2520-i128-o32-r10-rep1-seg1-attempt2-00026-2c921ef0c6c7,1,response_headers,200,response_request_id=phase2-full-grid-rerun-20260731-l40s-l40s-tp1-f2520-i128-o32-r10-rep1-seg1-attempt2-00026-2c921ef0c6c7
1785511232593718062,1136577589175723,phase2-full-grid-rerun-20260731-l40s-l40s-tp1-f2520-i128-o32-r10-rep1-seg1-attempt2,phase2-full-grid-rerun-20260731-l40s-l40s-tp1-f2520-i128-o32-r10-rep1-seg1-attempt2-00019-9375aecb2a41,1,request_complete,200,
1785511232608364026,1136577603820996,phase2-full-grid-rerun-20260731-l40s-l40s-tp1-f2520-i128-o32-r10-rep1-seg1-attempt2,phase2-full-grid-rerun-20260731-l40s-l40s-tp1-f2520-i128-o32-r10-rep1-seg1-attempt2-00026-2c921ef0c6c7,1,first_token,,
1785511232632782257,1136577628239396,phase2-full-grid-rerun-20260731-l40s-l40s-tp1-f2520-i128-o32-r10-rep1-seg1-attempt2,phase2-full-grid-rerun-20260731-l40s-l40s-tp1-f2520-i128-o32-r10-rep1-seg1-attempt2-00027-b3cf274a9d5d,0,client_ready,,
1785511232635985920,1136577631443115,phase2-full-grid-rerun-20260731-l40s-l40s-tp1-f2520-i128-o32-r10-rep1-seg1-attempt2,phase2-full-grid-rerun-20260731-l40s-l40s-tp1-f2520-i128-o32-r10-rep1-seg1-attempt2-00027-b3cf274a9d5d,0,semaphore_acquired,,
1785511232638229643,1136577633687085,phase2-full-grid-rerun-20260731-l40s-l40s-tp1-f2520-i128-o32-r10-rep1-seg1-attempt2,phase2-full-grid-rerun-20260731-l40s-l40s-tp1-f2520-i128-o32-r10-rep1-seg1-attempt2-00027-b3cf274a9d5d,1,attempt_send,,
1785511232645034024,1136577640491036,phase2-full-grid-rerun-20260731-l40s-l40s-tp1-f2520-i128-o32-r10-rep1-seg1-attempt2,phase2-full-grid-rerun-20260731-l40s-l40s-tp1-f2520-i128-o32-r10-rep1-seg1-attempt2-00027-b3cf274a9d5d,1,response_headers,200,response_request_id=phase2-full-grid-rerun-20260731-l40s-l40s-tp1-f2520-i128-o32-r10-rep1-seg1-attempt2-00027-b3cf274a9d5d
1785511232681841399,1136577677298771,phase2-full-grid-rerun-20260731-l40s-l40s-tp1-f2520-i128-o32-r10-rep1-seg1-attempt2,phase2-full-grid-rerun-20260731-l40s-l40s-tp1-f2520-i128-o32-r10-rep1-seg1-attempt2-00020-4e74d8a858f8,1,request_complete,200,
1785511232717148952,1136577712605904,phase2-full-grid-rerun-20260731-l40s-l40s-tp1-f2520-i128-o32-r10-rep1-seg1-attempt2,phase2-full-grid-rerun-20260731-l40s-l40s-tp1-f2520-i128-o32-r10-rep1-seg1-attempt2-00027-b3cf274a9d5d,1,first_token,,
1785511232732353729,1136577727810938,phase2-full-grid-rerun-20260731-l40s-l40s-tp1-f2520-i128-o32-r10-rep1-seg1-attempt2,phase2-full-grid-rerun-20260731-l40s-l40s-tp1-f2520-i128-o32-r10-rep1-seg1-attempt2-00028-e8c20709a2b2,0,client_ready,,
1785511232735532329,1136577730989534,phase2-full-grid-rerun-20260731-l40s-l40s-tp1-f2520-i128-o32-r10-rep1-seg1-attempt2,phase2-full-grid-rerun-20260731-l40s-l40s-tp1-f2520-i128-o32-r10-rep1-seg1-attempt2-00028-e8c20709a2b2,0,semaphore_acquired,,
1785511232737960960,1136577733418438,phase2-full-grid-rerun-20260731-l40s-l40s-tp1-f2520-i128-o32-r10-rep1-seg1-attempt2,phase2-full-grid-rerun-20260731-l40s-l40s-tp1-f2520-i128-o32-r10-rep1-seg1-attempt2-00028-e8c20709a2b2,1,attempt_send,,
1785511232745189538,1136577740646507,phase2-full-grid-rerun-20260731-l40s-l40s-tp1-f2520-i128-o32-r10-rep1-seg1-attempt2,phase2-full-grid-rerun-20260731-l40s-l40s-tp1-f2520-i128-o32-r10-rep1-seg1-attempt2-00028-e8c20709a2b2,1,response_headers,200,response_request_id=phase2-full-grid-rerun-20260731-l40s-l40s-tp1-f2520-i128-o32-r10-rep1-seg1-attempt2-00028-e8c20709a2b2
1785511232790091998,1136577785549639,phase2-full-grid-rerun-20260731-l40s-l40s-tp1-f2520-i128-o32-r10-rep1-seg1-attempt2,phase2-full-grid-rerun-20260731-l40s-l40s-tp1-f2520-i128-o32-r10-rep1-seg1-attempt2-00021-1153eea1960f,1,request_complete,200,
1785511232805215918,1136577800672859,phase2-full-grid-rerun-20260731-l40s-l40s-tp1-f2520-i128-o32-r10-rep1-seg1-attempt2,phase2-full-grid-rerun-20260731-l40s-l40s-tp1-f2520-i128-o32-r10-rep1-seg1-attempt2-00028-e8c20709a2b2,1,first_token,,
1785511232832215431,1136577827672523,phase2-full-grid-rerun-20260731-l40s-l40s-tp1-f2520-i128-o32-r10-rep1-seg1-attempt2,phase2-full-grid-rerun-20260731-l40s-l40s-tp1-f2520-i128-o32-r10-rep1-seg1-attempt2-00029-4fc2c0af2530,0,client_ready,,
1785511232836384164,1136577831841386,phase2-full-grid-rerun-20260731-l40s-l40s-tp1-f2520-i128-o32-r10-rep1-seg1-attempt2,phase2-full-grid-rerun-20260731-l40s-l40s-tp1-f2520-i128-o32-r10-rep1-seg1-attempt2-00029-4fc2c0af2530,0,semaphore_acquired,,
1785511232838383469,1136577833840515,phase2-full-grid-rerun-20260731-l40s-l40s-tp1-f2520-i128-o32-r10-rep1-seg1-attempt2,phase2-full-grid-rerun-20260731-l40s-l40s-tp1-f2520-i128-o32-r10-rep1-seg1-attempt2-00029-4fc2c0af2530,1,attempt_send,,
1785511232848187146,1136577843643891,phase2-full-grid-rerun-20260731-l40s-l40s-tp1-f2520-i128-o32-r10-rep1-seg1-attempt2,phase2-full-grid-rerun-20260731-l40s-l40s-tp1-f2520-i128-o32-r10-rep1-seg1-attempt2-00029-4fc2c0af2530,1,response_headers,200,response_request_id=phase2-full-grid-rerun-20260731-l40s-l40s-tp1-f2520-i128-o32-r10-rep1-seg1-attempt2-00029-4fc2c0af2530
1785511232899788025,1136577895245580,phase2-full-grid-rerun-20260731-l40s-l40s-tp1-f2520-i128-o32-r10-rep1-seg1-attempt2,phase2-full-grid-rerun-20260731-l40s-l40s-tp1-f2520-i128-o32-r10-rep1-seg1-attempt2-00022-e32b284156ce,1,request_complete,200,
1785511232914683323,1136577910140441,phase2-full-grid-rerun-20260731-l40s-l40s-tp1-f2520-i128-o32-r10-rep1-seg1-attempt2,phase2-full-grid-rerun-20260731-l40s-l40s-tp1-f2520-i128-o32-r10-rep1-seg1-attempt2-00029-4fc2c0af2530,1,first_token,,
1785511232932844496,1136577928301891,phase2-full-grid-rerun-20260731-l40s-l40s-tp1-f2520-i128-o32-r10-rep1-seg1-attempt2,phase2-full-grid-rerun-20260731-l40s-l40s-tp1-f2520-i128-o32-r10-rep1-seg1-attempt2-00030-6ae5b0dd4e41,0,client_ready,,
1785511232935904499,1136577931361695,phase2-full-grid-rerun-20260731-l40s-l40s-tp1-f2520-i128-o32-r10-rep1-seg1-attempt2,phase2-full-grid-rerun-20260731-l40s-l40s-tp1-f2520-i128-o32-r10-rep1-seg1-attempt2-00030-6ae5b0dd4e41,0,semaphore_acquired,,
1785511232937931682,1136577933388608,phase2-full-grid-rerun-20260731-l40s-l40s-tp1-f2520-i128-o32-r10-rep1-seg1-attempt2,phase2-full-grid-rerun-20260731-l40s-l40s-tp1-f2520-i128-o32-r10-rep1-seg1-attempt2-00030-6ae5b0dd4e41,1,attempt_send,,
1785511232945070579,1136577940527631,phase2-full-grid-rerun-20260731-l40s-l40s-tp1-f2520-i128-o32-r10-rep1-seg1-attempt2,phase2-full-grid-rerun-20260731-l40s-l40s-tp1-f2520-i128-o32-r10-rep1-seg1-attempt2-00030-6ae5b0dd4e41,1,response_headers,200,response_request_id=phase2-full-grid-rerun-20260731-l40s-l40s-tp1-f2520-i128-o32-r10-rep1-seg1-attempt2-00030-6ae5b0dd4e41
1785511232986701829,1136577982159334,phase2-full-grid-rerun-20260731-l40s-l40s-tp1-f2520-i128-o32-r10-rep1-seg1-attempt2,phase2-full-grid-rerun-20260731-l40s-l40s-tp1-f2520-i128-o32-r10-rep1-seg1-attempt2-00023-1c8cd0a99f7f,1,request_complete,200,
1785511233002385081,1136577997842139,phase2-full-grid-rerun-20260731-l40s-l40s-tp1-f2520-i128-o32-r10-rep1-seg1-attempt2,phase2-full-grid-rerun-20260731-l40s-l40s-tp1-f2520-i128-o32-r10-rep1-seg1-attempt2-00030-6ae5b0dd4e41,1,first_token,,
1785511233033084470,1136578028541638,phase2-full-grid-rerun-20260731-l40s-l40s-tp1-f2520-i128-o32-r10-rep1-seg1-attempt2,phase2-full-grid-rerun-20260731-l40s-l40s-tp1-f2520-i128-o32-r10-rep1-seg1-attempt2-00031-f3a54db3d6f0,0,client_ready,,
1785511233035731292,1136578031188520,phase2-full-grid-rerun-20260731-l40s-l40s-tp1-f2520-i128-o32-r10-rep1-seg1-attempt2,phase2-full-grid-rerun-20260731-l40s-l40s-tp1-f2520-i128-o32-r10-rep1-seg1-attempt2-00031-f3a54db3d6f0,0,semaphore_acquired,,
1785511233037072451,1136578032529339,phase2-full-grid-rerun-20260731-l40s-l40s-tp1-f2520-i128-o32-r10-rep1-seg1-attempt2,phase2-full-grid-rerun-20260731-l40s-l40s-tp1-f2520-i128-o32-r10-rep1-seg1-attempt2-00031-f3a54db3d6f0,1,attempt_send,,
1785511233045243334,1136578040700119,phase2-full-grid-rerun-20260731-l40s-l40s-tp1-f2520-i128-o32-r10-rep1-seg1-attempt2,phase2-full-grid-rerun-20260731-l40s-l40s-tp1-f2520-i128-o32-r10-rep1-seg1-attempt2-00031-f3a54db3d6f0,1,response_headers,200,response_request_id=phase2-full-grid-rerun-20260731-l40s-l40s-tp1-f2520-i128-o32-r10-rep1-seg1-attempt2-00031-f3a54db3d6f0
1785511233095968507,1136578091426116,phase2-full-grid-rerun-20260731-l40s-l40s-tp1-f2520-i128-o32-r10-rep1-seg1-attempt2,phase2-full-grid-rerun-20260731-l40s-l40s-tp1-f2520-i128-o32-r10-rep1-seg1-attempt2-00024-35d7a8f00656,1,request_complete,200,
1785511233111084466,1136578106541574,phase2-full-grid-rerun-20260731-l40s-l40s-tp1-f2520-i128-o32-r10-rep1-seg1-attempt2,phase2-full-grid-rerun-20260731-l40s-l40s-tp1-f2520-i128-o32-r10-rep1-seg1-attempt2-00031-f3a54db3d6f0,1,first_token,,
1785511233133034657,1136578128491852,phase2-full-grid-rerun-20260731-l40s-l40s-tp1-f2520-i128-o32-r10-rep1-seg1-attempt2,phase2-full-grid-rerun-20260731-l40s-l40s-tp1-f2520-i128-o32-r10-rep1-seg1-attempt2-00032-5507dd6f56b9,0,client_ready,,
1785511233135900245,1136578131357440,phase2-full-grid-rerun-20260731-l40s-l40s-tp1-f2520-i128-o32-r10-rep1-seg1-attempt2,phase2-full-grid-rerun-20260731-l40s-l40s-tp1-f2520-i128-o32-r10-rep1-seg1-attempt2-00032-5507dd6f56b9,0,semaphore_acquired,,
1785511233138059547,1136578133517042,phase2-full-grid-rerun-20260731-l40s-l40s-tp1-f2520-i128-o32-r10-rep1-seg1-attempt2,phase2-full-grid-rerun-20260731-l40s-l40s-tp1-f2520-i128-o32-r10-rep1-seg1-attempt2-00032-5507dd6f56b9,1,attempt_send,,
1785511233145288729,1136578140745847,phase2-full-grid-rerun-20260731-l40s-l40s-tp1-f2520-i128-o32-r10-rep1-seg1-attempt2,phase2-full-grid-rerun-20260731-l40s-l40s-tp1-f2520-i128-o32-r10-rep1-seg1-attempt2-00032-5507dd6f56b9,1,response_headers,200,response_request_id=phase2-full-grid-rerun-20260731-l40s-l40s-tp1-f2520-i128-o32-r10-rep1-seg1-attempt2-00032-5507dd6f56b9
1785511233182697265,1136578178155012,phase2-full-grid-rerun-20260731-l40s-l40s-tp1-f2520-i128-o32-r10-rep1-seg1-attempt2,phase2-full-grid-rerun-20260731-l40s-l40s-tp1-f2520-i128-o32-r10-rep1-seg1-attempt2-00025-37dd070fabdb,1,request_complete,200,
1785511233199033074,1136578194490122,phase2-full-grid-rerun-20260731-l40s-l40s-tp1-f2520-i128-o32-r10-rep1-seg1-attempt2,phase2-full-grid-rerun-20260731-l40s-l40s-tp1-f2520-i128-o32-r10-rep1-seg1-attempt2-00032-5507dd6f56b9,1,first_token,,
1785511233233866814,1136578229323937,phase2-full-grid-rerun-20260731-l40s-l40s-tp1-f2520-i128-o32-r10-rep1-seg1-attempt2,phase2-full-grid-rerun-20260731-l40s-l40s-tp1-f2520-i128-o32-r10-rep1-seg1-attempt2-00033-82629d9787f5,0,client_ready,,
1785511233236363753,1136578231820961,phase2-full-grid-rerun-20260731-l40s-l40s-tp1-f2520-i128-o32-r10-rep1-seg1-attempt2,phase2-full-grid-rerun-20260731-l40s-l40s-tp1-f2520-i128-o32-r10-rep1-seg1-attempt2-00033-82629d9787f5,0,semaphore_acquired,,
1785511233237889439,1136578233346307,phase2-full-grid-rerun-20260731-l40s-l40s-tp1-f2520-i128-o32-r10-rep1-seg1-attempt2,phase2-full-grid-rerun-20260731-l40s-l40s-tp1-f2520-i128-o32-r10-rep1-seg1-attempt2-00033-82629d9787f5,1,attempt_send,,
1785511233244151071,1136578239607942,phase2-full-grid-rerun-20260731-l40s-l40s-tp1-f2520-i128-o32-r10-rep1-seg1-attempt2,phase2-full-grid-rerun-20260731-l40s-l40s-tp1-f2520-i128-o32-r10-rep1-seg1-attempt2-00033-82629d9787f5,1,response_headers,200,response_request_id=phase2-full-grid-rerun-20260731-l40s-l40s-tp1-f2520-i128-o32-r10-rep1-seg1-attempt2-00033-82629d9787f5
1785511233292557902,1136578288015760,phase2-full-grid-rerun-20260731-l40s-l40s-tp1-f2520-i128-o32-r10-rep1-seg1-attempt2,phase2-full-grid-rerun-20260731-l40s-l40s-tp1-f2520-i128-o32-r10-rep1-seg1-attempt2-00026-2c921ef0c6c7,1,request_complete,200,
1785511233307383351,1136578302840363,phase2-full-grid-rerun-20260731-l40s-l40s-tp1-f2520-i128-o32-r10-rep1-seg1-attempt2,phase2-full-grid-rerun-20260731-l40s-l40s-tp1-f2520-i128-o32-r10-rep1-seg1-attempt2-00033-82629d9787f5,1,first_token,,
1785511233332278870,1136578327735995,phase2-full-grid-rerun-20260731-l40s-l40s-tp1-f2520-i128-o32-r10-rep1-seg1-attempt2,phase2-full-grid-rerun-20260731-l40s-l40s-tp1-f2520-i128-o32-r10-rep1-seg1-attempt2-00034-3ffca2f25f61,0,client_ready,,
1785511233335209174,1136578330666369,phase2-full-grid-rerun-20260731-l40s-l40s-tp1-f2520-i128-o32-r10-rep1-seg1-attempt2,phase2-full-grid-rerun-20260731-l40s-l40s-tp1-f2520-i128-o32-r10-rep1-seg1-attempt2-00034-3ffca2f25f61,0,semaphore_acquired,,
1785511233337292754,1136578332749875,phase2-full-grid-rerun-20260731-l40s-l40s-tp1-f2520-i128-o32-r10-rep1-seg1-attempt2,phase2-full-grid-rerun-20260731-l40s-l40s-tp1-f2520-i128-o32-r10-rep1-seg1-attempt2-00034-3ffca2f25f61,1,attempt_send,,
1785511233344264953,1136578339721778,phase2-full-grid-rerun-20260731-l40s-l40s-tp1-f2520-i128-o32-r10-rep1-seg1-attempt2,phase2-full-grid-rerun-20260731-l40s-l40s-tp1-f2520-i128-o32-r10-rep1-seg1-attempt2-00034-3ffca2f25f61,1,response_headers,200,response_request_id=phase2-full-grid-rerun-20260731-l40s-l40s-tp1-f2520-i128-o32-r10-rep1-seg1-attempt2-00034-3ffca2f25f61
1785511233401531903,1136578396989448,phase2-full-grid-rerun-20260731-l40s-l40s-tp1-f2520-i128-o32-r10-rep1-seg1-attempt2,phase2-full-grid-rerun-20260731-l40s-l40s-tp1-f2520-i128-o32-r10-rep1-seg1-attempt2-00027-b3cf274a9d5d,1,request_complete,200,
1785511233416606268,1136578412063281,phase2-full-grid-rerun-20260731-l40s-l40s-tp1-f2520-i128-o32-r10-rep1-seg1-attempt2,phase2-full-grid-rerun-20260731-l40s-l40s-tp1-f2520-i128-o32-r10-rep1-seg1-attempt2-00034-3ffca2f25f61,1,first_token,,
1785511233432536956,1136578427994104,phase2-full-grid-rerun-20260731-l40s-l40s-tp1-f2520-i128-o32-r10-rep1-seg1-attempt2,phase2-full-grid-rerun-20260731-l40s-l40s-tp1-f2520-i128-o32-r10-rep1-seg1-attempt2-00035-7a91574dd35a,0,client_ready,,
1785511233436164832,1136578431622120,phase2-full-grid-rerun-20260731-l40s-l40s-tp1-f2520-i128-o32-r10-rep1-seg1-attempt2,phase2-full-grid-rerun-20260731-l40s-l40s-tp1-f2520-i128-o32-r10-rep1-seg1-attempt2-00035-7a91574dd35a,0,semaphore_acquired,,
1785511233438460018,1136578433917290,phase2-full-grid-rerun-20260731-l40s-l40s-tp1-f2520-i128-o32-r10-rep1-seg1-attempt2,phase2-full-grid-rerun-20260731-l40s-l40s-tp1-f2520-i128-o32-r10-rep1-seg1-attempt2-00035-7a91574dd35a,1,attempt_send,,
1785511233445519163,1136578440975935,phase2-full-grid-rerun-20260731-l40s-l40s-tp1-f2520-i128-o32-r10-rep1-seg1-attempt2,phase2-full-grid-rerun-20260731-l40s-l40s-tp1-f2520-i128-o32-r10-rep1-seg1-attempt2-00035-7a91574dd35a,1,response_headers,200,response_request_id=phase2-full-grid-rerun-20260731-l40s-l40s-tp1-f2520-i128-o32-r10-rep1-seg1-attempt2-00035-7a91574dd35a
1785511233490330183,1136578485787715,phase2-full-grid-rerun-20260731-l40s-l40s-tp1-f2520-i128-o32-r10-rep1-seg1-attempt2,phase2-full-grid-rerun-20260731-l40s-l40s-tp1-f2520-i128-o32-r10-rep1-seg1-attempt2-00028-e8c20709a2b2,1,request_complete,200,
1785511233504205693,1136578499662561,phase2-full-grid-rerun-20260731-l40s-l40s-tp1-f2520-i128-o32-r10-rep1-seg1-attempt2,phase2-full-grid-rerun-20260731-l40s-l40s-tp1-f2520-i128-o32-r10-rep1-seg1-attempt2-00035-7a91574dd35a,1,first_token,,
1785511233533161623,1136578528618832,phase2-full-grid-rerun-20260731-l40s-l40s-tp1-f2520-i128-o32-r10-rep1-seg1-attempt2,phase2-full-grid-rerun-20260731-l40s-l40s-tp1-f2520-i128-o32-r10-rep1-seg1-attempt2-00036-12a0776985e9,0,client_ready,,
1785511233537364825,1136578532821990,phase2-full-grid-rerun-20260731-l40s-l40s-tp1-f2520-i128-o32-r10-rep1-seg1-attempt2,phase2-full-grid-rerun-20260731-l40s-l40s-tp1-f2520-i128-o32-r10-rep1-seg1-attempt2-00036-12a0776985e9,0,semaphore_acquired,,
1785511233539614846,1136578535072105,phase2-full-grid-rerun-20260731-l40s-l40s-tp1-f2520-i128-o32-r10-rep1-seg1-attempt2,phase2-full-grid-rerun-20260731-l40s-l40s-tp1-f2520-i128-o32-r10-rep1-seg1-attempt2-00036-12a0776985e9,1,attempt_send,,
1785511233548383821,1136578543840663,phase2-full-grid-rerun-20260731-l40s-l40s-tp1-f2520-i128-o32-r10-rep1-seg1-attempt2,phase2-full-grid-rerun-20260731-l40s-l40s-tp1-f2520-i128-o32-r10-rep1-seg1-attempt2-00036-12a0776985e9,1,response_headers,200,response_request_id=phase2-full-grid-rerun-20260731-l40s-l40s-tp1-f2520-i128-o32-r10-rep1-seg1-attempt2-00036-12a0776985e9
1785511233598472984,1136578593930584,phase2-full-grid-rerun-20260731-l40s-l40s-tp1-f2520-i128-o32-r10-rep1-seg1-attempt2,phase2-full-grid-rerun-20260731-l40s-l40s-tp1-f2520-i128-o32-r10-rep1-seg1-attempt2-00029-4fc2c0af2530,1,request_complete,200,
1785511233612502590,1136578607959455,phase2-full-grid-rerun-20260731-l40s-l40s-tp1-f2520-i128-o32-r10-rep1-seg1-attempt2,phase2-full-grid-rerun-20260731-l40s-l40s-tp1-f2520-i128-o32-r10-rep1-seg1-attempt2-00036-12a0776985e9,1,first_token,,
1785511233632535256,1136578627992383,phase2-full-grid-rerun-20260731-l40s-l40s-tp1-f2520-i128-o32-r10-rep1-seg1-attempt2,phase2-full-grid-rerun-20260731-l40s-l40s-tp1-f2520-i128-o32-r10-rep1-seg1-attempt2-00037-d6ecd047b321,0,client_ready,,
1785511233636169197,1136578631626393,phase2-full-grid-rerun-20260731-l40s-l40s-tp1-f2520-i128-o32-r10-rep1-seg1-attempt2,phase2-full-grid-rerun-20260731-l40s-l40s-tp1-f2520-i128-o32-r10-rep1-seg1-attempt2-00037-d6ecd047b321,0,semaphore_acquired,,
1785511233638394012,1136578633851073,phase2-full-grid-rerun-20260731-l40s-l40s-tp1-f2520-i128-o32-r10-rep1-seg1-attempt2,phase2-full-grid-rerun-20260731-l40s-l40s-tp1-f2520-i128-o32-r10-rep1-seg1-attempt2-00037-d6ecd047b321,1,attempt_send,,
1785511233645410997,1136578640867695,phase2-full-grid-rerun-20260731-l40s-l40s-tp1-f2520-i128-o32-r10-rep1-seg1-attempt2,phase2-full-grid-rerun-20260731-l40s-l40s-tp1-f2520-i128-o32-r10-rep1-seg1-attempt2-00037-d6ecd047b321,1,response_headers,200,response_request_id=phase2-full-grid-rerun-20260731-l40s-l40s-tp1-f2520-i128-o32-r10-rep1-seg1-attempt2-00037-d6ecd047b321
1785511233686463521,1136578681921101,phase2-full-grid-rerun-20260731-l40s-l40s-tp1-f2520-i128-o32-r10-rep1-seg1-attempt2,phase2-full-grid-rerun-20260731-l40s-l40s-tp1-f2520-i128-o32-r10-rep1-seg1-attempt2-00030-6ae5b0dd4e41,1,request_complete,200,
1785511233701516204,1136578696973302,phase2-full-grid-rerun-20260731-l40s-l40s-tp1-f2520-i128-o32-r10-rep1-seg1-attempt2,phase2-full-grid-rerun-20260731-l40s-l40s-tp1-f2520-i128-o32-r10-rep1-seg1-attempt2-00037-d6ecd047b321,1,first_token,,
1785511233732524772,1136578727982054,phase2-full-grid-rerun-20260731-l40s-l40s-tp1-f2520-i128-o32-r10-rep1-seg1-attempt2,phase2-full-grid-rerun-20260731-l40s-l40s-tp1-f2520-i128-o32-r10-rep1-seg1-attempt2-00038-dc4793e921cf,0,client_ready,,
1785511233735853958,1136578731311159,phase2-full-grid-rerun-20260731-l40s-l40s-tp1-f2520-i128-o32-r10-rep1-seg1-attempt2,phase2-full-grid-rerun-20260731-l40s-l40s-tp1-f2520-i128-o32-r10-rep1-seg1-attempt2-00038-dc4793e921cf,0,semaphore_acquired,,
1785511233738276126,1136578733733169,phase2-full-grid-rerun-20260731-l40s-l40s-tp1-f2520-i128-o32-r10-rep1-seg1-attempt2,phase2-full-grid-rerun-20260731-l40s-l40s-tp1-f2520-i128-o32-r10-rep1-seg1-attempt2-00038-dc4793e921cf,1,attempt_send,,
1785511233745373371,1136578740830266,phase2-full-grid-rerun-20260731-l40s-l40s-tp1-f2520-i128-o32-r10-rep1-seg1-attempt2,phase2-full-grid-rerun-20260731-l40s-l40s-tp1-f2520-i128-o32-r10-rep1-seg1-attempt2-00038-dc4793e921cf,1,response_headers,200,response_request_id=phase2-full-grid-rerun-20260731-l40s-l40s-tp1-f2520-i128-o32-r10-rep1-seg1-attempt2-00038-dc4793e921cf
1785511233794355444,1136578789813039,phase2-full-grid-rerun-20260731-l40s-l40s-tp1-f2520-i128-o32-r10-rep1-seg1-attempt2,phase2-full-grid-rerun-20260731-l40s-l40s-tp1-f2520-i128-o32-r10-rep1-seg1-attempt2-00031-f3a54db3d6f0,1,request_complete,200,
1785511233808925976,1136578804382684,phase2-full-grid-rerun-20260731-l40s-l40s-tp1-f2520-i128-o32-r10-rep1-seg1-attempt2,phase2-full-grid-rerun-20260731-l40s-l40s-tp1-f2520-i128-o32-r10-rep1-seg1-attempt2-00038-dc4793e921cf,1,first_token,,
1785511233832295368,1136578827752400,phase2-full-grid-rerun-20260731-l40s-l40s-tp1-f2520-i128-o32-r10-rep1-seg1-attempt2,phase2-full-grid-rerun-20260731-l40s-l40s-tp1-f2520-i128-o32-r10-rep1-seg1-attempt2-00039-3f00792027d5,0,client_ready,,
1785511233834918233,1136578830374808,phase2-full-grid-rerun-20260731-l40s-l40s-tp1-f2520-i128-o32-r10-rep1-seg1-attempt2,phase2-full-grid-rerun-20260731-l40s-l40s-tp1-f2520-i128-o32-r10-rep1-seg1-attempt2-00039-3f00792027d5,0,semaphore_acquired,,
1785511233836760197,1136578832217041,phase2-full-grid-rerun-20260731-l40s-l40s-tp1-f2520-i128-o32-r10-rep1-seg1-attempt2,phase2-full-grid-rerun-20260731-l40s-l40s-tp1-f2520-i128-o32-r10-rep1-seg1-attempt2-00039-3f00792027d5,1,attempt_send,,
1785511233842965265,1136578838421860,phase2-full-grid-rerun-20260731-l40s-l40s-tp1-f2520-i128-o32-r10-rep1-seg1-attempt2,phase2-full-grid-rerun-20260731-l40s-l40s-tp1-f2520-i128-o32-r10-rep1-seg1-attempt2-00039-3f00792027d5,1,response_headers,200,response_request_id=phase2-full-grid-rerun-20260731-l40s-l40s-tp1-f2520-i128-o32-r10-rep1-seg1-attempt2-00039-3f00792027d5
1785511233879435299,1136578874892250,phase2-full-grid-rerun-20260731-l40s-l40s-tp1-f2520-i128-o32-r10-rep1-seg1-attempt2,phase2-full-grid-rerun-20260731-l40s-l40s-tp1-f2520-i128-o32-r10-rep1-seg1-attempt2-00032-5507dd6f56b9,1,request_complete,200,
1785511233896121809,1136578891578496,phase2-full-grid-rerun-20260731-l40s-l40s-tp1-f2520-i128-o32-r10-rep1-seg1-attempt2,phase2-full-grid-rerun-20260731-l40s-l40s-tp1-f2520-i128-o32-r10-rep1-seg1-attempt2-00039-3f00792027d5,1,first_token,,
1785511233932479628,1136578927936636,phase2-full-grid-rerun-20260731-l40s-l40s-tp1-f2520-i128-o32-r10-rep1-seg1-attempt2,phase2-full-grid-rerun-20260731-l40s-l40s-tp1-f2520-i128-o32-r10-rep1-seg1-attempt2-00040-8c15987ecacf,0,client_ready,,
1785511233934499952,1136578929956533,phase2-full-grid-rerun-20260731-l40s-l40s-tp1-f2520-i128-o32-r10-rep1-seg1-attempt2,phase2-full-grid-rerun-20260731-l40s-l40s-tp1-f2520-i128-o32-r10-rep1-seg1-attempt2-00040-8c15987ecacf,0,semaphore_acquired,,
1785511233936200583,1136578931657380,phase2-full-grid-rerun-20260731-l40s-l40s-tp1-f2520-i128-o32-r10-rep1-seg1-attempt2,phase2-full-grid-rerun-20260731-l40s-l40s-tp1-f2520-i128-o32-r10-rep1-seg1-attempt2-00040-8c15987ecacf,1,attempt_send,,
1785511233943479655,1136578938936212,phase2-full-grid-rerun-20260731-l40s-l40s-tp1-f2520-i128-o32-r10-rep1-seg1-attempt2,phase2-full-grid-rerun-20260731-l40s-l40s-tp1-f2520-i128-o32-r10-rep1-seg1-attempt2-00040-8c15987ecacf,1,response_headers,200,response_request_id=phase2-full-grid-rerun-20260731-l40s-l40s-tp1-f2520-i128-o32-r10-rep1-seg1-attempt2-00040-8c15987ecacf
1785511233988698524,1136578984155456,phase2-full-grid-rerun-20260731-l40s-l40s-tp1-f2520-i128-o32-r10-rep1-seg1-attempt2,phase2-full-grid-rerun-20260731-l40s-l40s-tp1-f2520-i128-o32-r10-rep1-seg1-attempt2-00033-82629d9787f5,1,request_complete,200,
1785511234005269260,1136579000726022,phase2-full-grid-rerun-20260731-l40s-l40s-tp1-f2520-i128-o32-r10-rep1-seg1-attempt2,phase2-full-grid-rerun-20260731-l40s-l40s-tp1-f2520-i128-o32-r10-rep1-seg1-attempt2-00040-8c15987ecacf,1,first_token,,
1785511234032374609,1136579027831365,phase2-full-grid-rerun-20260731-l40s-l40s-tp1-f2520-i128-o32-r10-rep1-seg1-attempt2,phase2-full-grid-rerun-20260731-l40s-l40s-tp1-f2520-i128-o32-r10-rep1-seg1-attempt2-00041-1d7fcd0667f5,0,client_ready,,
1785511234034599625,1136579030056142,phase2-full-grid-rerun-20260731-l40s-l40s-tp1-f2520-i128-o32-r10-rep1-seg1-attempt2,phase2-full-grid-rerun-20260731-l40s-l40s-tp1-f2520-i128-o32-r10-rep1-seg1-attempt2-00041-1d7fcd0667f5,0,semaphore_acquired,,
1785511234036136261,1136579031592846,phase2-full-grid-rerun-20260731-l40s-l40s-tp1-f2520-i128-o32-r10-rep1-seg1-attempt2,phase2-full-grid-rerun-20260731-l40s-l40s-tp1-f2520-i128-o32-r10-rep1-seg1-attempt2-00041-1d7fcd0667f5,1,attempt_send,,
1785511234042292479,1136579037749104,phase2-full-grid-rerun-20260731-l40s-l40s-tp1-f2520-i128-o32-r10-rep1-seg1-attempt2,phase2-full-grid-rerun-20260731-l40s-l40s-tp1-f2520-i128-o32-r10-rep1-seg1-attempt2-00041-1d7fcd0667f5,1,response_headers,200,response_request_id=phase2-full-grid-rerun-20260731-l40s-l40s-tp1-f2520-i128-o32-r10-rep1-seg1-attempt2-00041-1d7fcd0667f5
1785511234101188781,1136579096645486,phase2-full-grid-rerun-20260731-l40s-l40s-tp1-f2520-i128-o32-r10-rep1-seg1-attempt2,phase2-full-grid-rerun-20260731-l40s-l40s-tp1-f2520-i128-o32-r10-rep1-seg1-attempt2-00034-3ffca2f25f61,1,request_complete,200,
1785511234102687594,1136579098144186,phase2-full-grid-rerun-20260731-l40s-l40s-tp1-f2520-i128-o32-r10-rep1-seg1-attempt2,phase2-full-grid-rerun-20260731-l40s-l40s-tp1-f2520-i128-o32-r10-rep1-seg1-attempt2-00041-1d7fcd0667f5,1,first_token,,
1785511234133571603,1136579129028732,phase2-full-grid-rerun-20260731-l40s-l40s-tp1-f2520-i128-o32-r10-rep1-seg1-attempt2,phase2-full-grid-rerun-20260731-l40s-l40s-tp1-f2520-i128-o32-r10-rep1-seg1-attempt2-00042-139bcc383c30,0,client_ready,,
1785511234135683498,1136579131139958,phase2-full-grid-rerun-20260731-l40s-l40s-tp1-f2520-i128-o32-r10-rep1-seg1-attempt2,phase2-full-grid-rerun-20260731-l40s-l40s-tp1-f2520-i128-o32-r10-rep1-seg1-attempt2-00042-139bcc383c30,0,semaphore_acquired,,
1785511234137376433,1136579132832933,phase2-full-grid-rerun-20260731-l40s-l40s-tp1-f2520-i128-o32-r10-rep1-seg1-attempt2,phase2-full-grid-rerun-20260731-l40s-l40s-tp1-f2520-i128-o32-r10-rep1-seg1-attempt2-00042-139bcc383c30,1,attempt_send,,
1785511234143376415,1136579138833097,phase2-full-grid-rerun-20260731-l40s-l40s-tp1-f2520-i128-o32-r10-rep1-seg1-attempt2,phase2-full-grid-rerun-20260731-l40s-l40s-tp1-f2520-i128-o32-r10-rep1-seg1-attempt2-00042-139bcc383c30,1,response_headers,200,response_request_id=phase2-full-grid-rerun-20260731-l40s-l40s-tp1-f2520-i128-o32-r10-rep1-seg1-attempt2-00042-139bcc383c30
1785511234184597486,1136579180054504,phase2-full-grid-rerun-20260731-l40s-l40s-tp1-f2520-i128-o32-r10-rep1-seg1-attempt2,phase2-full-grid-rerun-20260731-l40s-l40s-tp1-f2520-i128-o32-r10-rep1-seg1-attempt2-00035-7a91574dd35a,1,request_complete,200,
1785511234201911814,1136579197368365,phase2-full-grid-rerun-20260731-l40s-l40s-tp1-f2520-i128-o32-r10-rep1-seg1-attempt2,phase2-full-grid-rerun-20260731-l40s-l40s-tp1-f2520-i128-o32-r10-rep1-seg1-attempt2-00042-139bcc383c30,1,first_token,,
1785511234233354136,1136579228810984,phase2-full-grid-rerun-20260731-l40s-l40s-tp1-f2520-i128-o32-r10-rep1-seg1-attempt2,phase2-full-grid-rerun-20260731-l40s-l40s-tp1-f2520-i128-o32-r10-rep1-seg1-attempt2-00043-2fdcedcc3657,0,client_ready,,
1785511234235706533,1136579231163040,phase2-full-grid-rerun-20260731-l40s-l40s-tp1-f2520-i128-o32-r10-rep1-seg1-attempt2,phase2-full-grid-rerun-20260731-l40s-l40s-tp1-f2520-i128-o32-r10-rep1-seg1-attempt2-00043-2fdcedcc3657,0,semaphore_acquired,,
1785511234237325267,1136579232781876,phase2-full-grid-rerun-20260731-l40s-l40s-tp1-f2520-i128-o32-r10-rep1-seg1-attempt2,phase2-full-grid-rerun-20260731-l40s-l40s-tp1-f2520-i128-o32-r10-rep1-seg1-attempt2-00043-2fdcedcc3657,1,attempt_send,,
1785511234245249963,1136579240706598,phase2-full-grid-rerun-20260731-l40s-l40s-tp1-f2520-i128-o32-r10-rep1-seg1-attempt2,phase2-full-grid-rerun-20260731-l40s-l40s-tp1-f2520-i128-o32-r10-rep1-seg1-attempt2-00043-2fdcedcc3657,1,response_headers,200,response_request_id=phase2-full-grid-rerun-20260731-l40s-l40s-tp1-f2520-i128-o32-r10-rep1-seg1-attempt2-00043-2fdcedcc3657
1785511234292899844,1136579288356553,phase2-full-grid-rerun-20260731-l40s-l40s-tp1-f2520-i128-o32-r10-rep1-seg1-attempt2,phase2-full-grid-rerun-20260731-l40s-l40s-tp1-f2520-i128-o32-r10-rep1-seg1-attempt2-00036-12a0776985e9,1,request_complete,200,
1785511234310082283,1136579305538948,phase2-full-grid-rerun-20260731-l40s-l40s-tp1-f2520-i128-o32-r10-rep1-seg1-attempt2,phase2-full-grid-rerun-20260731-l40s-l40s-tp1-f2520-i128-o32-r10-rep1-seg1-attempt2-00043-2fdcedcc3657,1,first_token,,
1785511234332194437,1136579327651412,phase2-full-grid-rerun-20260731-l40s-l40s-tp1-f2520-i128-o32-r10-rep1-seg1-attempt2,phase2-full-grid-rerun-20260731-l40s-l40s-tp1-f2520-i128-o32-r10-rep1-seg1-attempt2-00044-382d1969eb52,0,client_ready,,
1785511234333892325,1136579329348727,phase2-full-grid-rerun-20260731-l40s-l40s-tp1-f2520-i128-o32-r10-rep1-seg1-attempt2,phase2-full-grid-rerun-20260731-l40s-l40s-tp1-f2520-i128-o32-r10-rep1-seg1-attempt2-00044-382d1969eb52,0,semaphore_acquired,,
1785511234335109016,1136579330565457,phase2-full-grid-rerun-20260731-l40s-l40s-tp1-f2520-i128-o32-r10-rep1-seg1-attempt2,phase2-full-grid-rerun-20260731-l40s-l40s-tp1-f2520-i128-o32-r10-rep1-seg1-attempt2-00044-382d1969eb52,1,attempt_send,,
1785511234340513936,1136579335970583,phase2-full-grid-rerun-20260731-l40s-l40s-tp1-f2520-i128-o32-r10-rep1-seg1-attempt2,phase2-full-grid-rerun-20260731-l40s-l40s-tp1-f2520-i128-o32-r10-rep1-seg1-attempt2-00044-382d1969eb52,1,response_headers,200,response_request_id=phase2-full-grid-rerun-20260731-l40s-l40s-tp1-f2520-i128-o32-r10-rep1-seg1-attempt2-00044-382d1969eb52
1785511234381040056,1136579376497104,phase2-full-grid-rerun-20260731-l40s-l40s-tp1-f2520-i128-o32-r10-rep1-seg1-attempt2,phase2-full-grid-rerun-20260731-l40s-l40s-tp1-f2520-i128-o32-r10-rep1-seg1-attempt2-00037-d6ecd047b321,1,request_complete,200,
1785511234398037907,1136579393494602,phase2-full-grid-rerun-20260731-l40s-l40s-tp1-f2520-i128-o32-r10-rep1-seg1-attempt2,phase2-full-grid-rerun-20260731-l40s-l40s-tp1-f2520-i128-o32-r10-rep1-seg1-attempt2-00044-382d1969eb52,1,first_token,,
1785511234433784554,1136579429241519,phase2-full-grid-rerun-20260731-l40s-l40s-tp1-f2520-i128-o32-r10-rep1-seg1-attempt2,phase2-full-grid-rerun-20260731-l40s-l40s-tp1-f2520-i128-o32-r10-rep1-seg1-attempt2-00045-ee7491fc44d1,0,client_ready,,
1785511234435515317,1136579430971829,phase2-full-grid-rerun-20260731-l40s-l40s-tp1-f2520-i128-o32-r10-rep1-seg1-attempt2,phase2-full-grid-rerun-20260731-l40s-l40s-tp1-f2520-i128-o32-r10-rep1-seg1-attempt2-00045-ee7491fc44d1,0,semaphore_acquired,,
1785511234437187538,1136579432644163,phase2-full-grid-rerun-20260731-l40s-l40s-tp1-f2520-i128-o32-r10-rep1-seg1-attempt2,phase2-full-grid-rerun-20260731-l40s-l40s-tp1-f2520-i128-o32-r10-rep1-seg1-attempt2-00045-ee7491fc44d1,1,attempt_send,,
1785511234443388458,1136579438845063,phase2-full-grid-rerun-20260731-l40s-l40s-tp1-f2520-i128-o32-r10-rep1-seg1-attempt2,phase2-full-grid-rerun-20260731-l40s-l40s-tp1-f2520-i128-o32-r10-rep1-seg1-attempt2-00045-ee7491fc44d1,1,response_headers,200,response_request_id=phase2-full-grid-rerun-20260731-l40s-l40s-tp1-f2520-i128-o32-r10-rep1-seg1-attempt2-00045-ee7491fc44d1
1785511234490053338,1136579485510149,phase2-full-grid-rerun-20260731-l40s-l40s-tp1-f2520-i128-o32-r10-rep1-seg1-attempt2,phase2-full-grid-rerun-20260731-l40s-l40s-tp1-f2520-i128-o32-r10-rep1-seg1-attempt2-00038-dc4793e921cf,1,request_complete,200,
1785511234507638077,1136579503094742,phase2-full-grid-rerun-20260731-l40s-l40s-tp1-f2520-i128-o32-r10-rep1-seg1-attempt2,phase2-full-grid-rerun-20260731-l40s-l40s-tp1-f2520-i128-o32-r10-rep1-seg1-attempt2-00045-ee7491fc44d1,1,first_token,,
1785511234532605392,1136579528062063,phase2-full-grid-rerun-20260731-l40s-l40s-tp1-f2520-i128-o32-r10-rep1-seg1-attempt2,phase2-full-grid-rerun-20260731-l40s-l40s-tp1-f2520-i128-o32-r10-rep1-seg1-attempt2-00046-e1340831b326,0,client_ready,,
1785511234534470733,1136579529927266,phase2-full-grid-rerun-20260731-l40s-l40s-tp1-f2520-i128-o32-r10-rep1-seg1-attempt2,phase2-full-grid-rerun-20260731-l40s-l40s-tp1-f2520-i128-o32-r10-rep1-seg1-attempt2-00046-e1340831b326,0,semaphore_acquired,,
1785511234536029363,1136579531485902,phase2-full-grid-rerun-20260731-l40s-l40s-tp1-f2520-i128-o32-r10-rep1-seg1-attempt2,phase2-full-grid-rerun-20260731-l40s-l40s-tp1-f2520-i128-o32-r10-rep1-seg1-attempt2-00046-e1340831b326,1,attempt_send,,
1785511234542164000,1136579537620548,phase2-full-grid-rerun-20260731-l40s-l40s-tp1-f2520-i128-o32-r10-rep1-seg1-attempt2,phase2-full-grid-rerun-20260731-l40s-l40s-tp1-f2520-i128-o32-r10-rep1-seg1-attempt2-00046-e1340831b326,1,response_headers,200,response_request_id=phase2-full-grid-rerun-20260731-l40s-l40s-tp1-f2520-i128-o32-r10-rep1-seg1-attempt2-00046-e1340831b326
1785511234578109533,1136579573566485,phase2-full-grid-rerun-20260731-l40s-l40s-tp1-f2520-i128-o32-r10-rep1-seg1-attempt2,phase2-full-grid-rerun-20260731-l40s-l40s-tp1-f2520-i128-o32-r10-rep1-seg1-attempt2-00039-3f00792027d5,1,request_complete,200,
1785511234595248736,1136579590705407,phase2-full-grid-rerun-20260731-l40s-l40s-tp1-f2520-i128-o32-r10-rep1-seg1-attempt2,phase2-full-grid-rerun-20260731-l40s-l40s-tp1-f2520-i128-o32-r10-rep1-seg1-attempt2-00046-e1340831b326,1,first_token,,
1785511234632496765,1136579627953584,phase2-full-grid-rerun-20260731-l40s-l40s-tp1-f2520-i128-o32-r10-rep1-seg1-attempt2,phase2-full-grid-rerun-20260731-l40s-l40s-tp1-f2520-i128-o32-r10-rep1-seg1-attempt2-00047-3cb5dd83874b,0,client_ready,,
1785511234634540266,1136579629996778,phase2-full-grid-rerun-20260731-l40s-l40s-tp1-f2520-i128-o32-r10-rep1-seg1-attempt2,phase2-full-grid-rerun-20260731-l40s-l40s-tp1-f2520-i128-o32-r10-rep1-seg1-attempt2-00047-3cb5dd83874b,0,semaphore_acquired,,
1785511234636121848,1136579631578357,phase2-full-grid-rerun-20260731-l40s-l40s-tp1-f2520-i128-o32-r10-rep1-seg1-attempt2,phase2-full-grid-rerun-20260731-l40s-l40s-tp1-f2520-i128-o32-r10-rep1-seg1-attempt2-00047-3cb5dd83874b,1,attempt_send,,
1785511234642285217,1136579637741902,phase2-full-grid-rerun-20260731-l40s-l40s-tp1-f2520-i128-o32-r10-rep1-seg1-attempt2,phase2-full-grid-rerun-20260731-l40s-l40s-tp1-f2520-i128-o32-r10-rep1-seg1-attempt2-00047-3cb5dd83874b,1,response_headers,200,response_request_id=phase2-full-grid-rerun-20260731-l40s-l40s-tp1-f2520-i128-o32-r10-rep1-seg1-attempt2-00047-3cb5dd83874b
1785511234687120896,1136579682578078,phase2-full-grid-rerun-20260731-l40s-l40s-tp1-f2520-i128-o32-r10-rep1-seg1-attempt2,phase2-full-grid-rerun-20260731-l40s-l40s-tp1-f2520-i128-o32-r10-rep1-seg1-attempt2-00040-8c15987ecacf,1,request_complete,200,
1785511234704138110,1136579699594755,phase2-full-grid-rerun-20260731-l40s-l40s-tp1-f2520-i128-o32-r10-rep1-seg1-attempt2,phase2-full-grid-rerun-20260731-l40s-l40s-tp1-f2520-i128-o32-r10-rep1-seg1-attempt2-00047-3cb5dd83874b,1,first_token,,
1785511234732340880,1136579727797447,phase2-full-grid-rerun-20260731-l40s-l40s-tp1-f2520-i128-o32-r10-rep1-seg1-attempt2,phase2-full-grid-rerun-20260731-l40s-l40s-tp1-f2520-i128-o32-r10-rep1-seg1-attempt2-00048-752d82369001,0,client_ready,,
1785511234734256052,1136579729712492,phase2-full-grid-rerun-20260731-l40s-l40s-tp1-f2520-i128-o32-r10-rep1-seg1-attempt2,phase2-full-grid-rerun-20260731-l40s-l40s-tp1-f2520-i128-o32-r10-rep1-seg1-attempt2-00048-752d82369001,0,semaphore_acquired,,
1785511234735497460,1136579730953998,phase2-full-grid-rerun-20260731-l40s-l40s-tp1-f2520-i128-o32-r10-rep1-seg1-attempt2,phase2-full-grid-rerun-20260731-l40s-l40s-tp1-f2520-i128-o32-r10-rep1-seg1-attempt2-00048-752d82369001,1,attempt_send,,
1785511234741275238,1136579736731733,phase2-full-grid-rerun-20260731-l40s-l40s-tp1-f2520-i128-o32-r10-rep1-seg1-attempt2,phase2-full-grid-rerun-20260731-l40s-l40s-tp1-f2520-i128-o32-r10-rep1-seg1-attempt2-00048-752d82369001,1,response_headers,200,response_request_id=phase2-full-grid-rerun-20260731-l40s-l40s-tp1-f2520-i128-o32-r10-rep1-seg1-attempt2-00048-752d82369001
1785511234774339213,1136579769796592,phase2-full-grid-rerun-20260731-l40s-l40s-tp1-f2520-i128-o32-r10-rep1-seg1-attempt2,phase2-full-grid-rerun-20260731-l40s-l40s-tp1-f2520-i128-o32-r10-rep1-seg1-attempt2-00041-1d7fcd0667f5,1,request_complete,200,
1785511234792036687,1136579787493426,phase2-full-grid-rerun-20260731-l40s-l40s-tp1-f2520-i128-o32-r10-rep1-seg1-attempt2,phase2-full-grid-rerun-20260731-l40s-l40s-tp1-f2520-i128-o32-r10-rep1-seg1-attempt2-00048-752d82369001,1,first_token,,
1785511234832286171,1136579827743020,phase2-full-grid-rerun-20260731-l40s-l40s-tp1-f2520-i128-o32-r10-rep1-seg1-attempt2,phase2-full-grid-rerun-20260731-l40s-l40s-tp1-f2520-i128-o32-r10-rep1-seg1-attempt2-00049-4089a057aae6,0,client_ready,,
1785511234833926764,1136579829383317,phase2-full-grid-rerun-20260731-l40s-l40s-tp1-f2520-i128-o32-r10-rep1-seg1-attempt2,phase2-full-grid-rerun-20260731-l40s-l40s-tp1-f2520-i128-o32-r10-rep1-seg1-attempt2-00049-4089a057aae6,0,semaphore_acquired,,
1785511234835274979,1136579830731534,phase2-full-grid-rerun-20260731-l40s-l40s-tp1-f2520-i128-o32-r10-rep1-seg1-attempt2,phase2-full-grid-rerun-20260731-l40s-l40s-tp1-f2520-i128-o32-r10-rep1-seg1-attempt2-00049-4089a057aae6,1,attempt_send,,
1785511234840951852,1136579836408607,phase2-full-grid-rerun-20260731-l40s-l40s-tp1-f2520-i128-o32-r10-rep1-seg1-attempt2,phase2-full-grid-rerun-20260731-l40s-l40s-tp1-f2520-i128-o32-r10-rep1-seg1-attempt2-00049-4089a057aae6,1,response_headers,200,response_request_id=phase2-full-grid-rerun-20260731-l40s-l40s-tp1-f2520-i128-o32-r10-rep1-seg1-attempt2-00049-4089a057aae6
1785511234884275366,1136579879732434,phase2-full-grid-rerun-20260731-l40s-l40s-tp1-f2520-i128-o32-r10-rep1-seg1-attempt2,phase2-full-grid-rerun-20260731-l40s-l40s-tp1-f2520-i128-o32-r10-rep1-seg1-attempt2-00042-139bcc383c30,1,request_complete,200,
1785511234900576296,1136579896032991,phase2-full-grid-rerun-20260731-l40s-l40s-tp1-f2520-i128-o32-r10-rep1-seg1-attempt2,phase2-full-grid-rerun-20260731-l40s-l40s-tp1-f2520-i128-o32-r10-rep1-seg1-attempt2-00049-4089a057aae6,1,first_token,,
1785511234933016595,1136579928473480,phase2-full-grid-rerun-20260731-l40s-l40s-tp1-f2520-i128-o32-r10-rep1-seg1-attempt2,phase2-full-grid-rerun-20260731-l40s-l40s-tp1-f2520-i128-o32-r10-rep1-seg1-attempt2-00050-6c5c3542bf28,0,client_ready,,
1785511234935041358,1136579930498020,phase2-full-grid-rerun-20260731-l40s-l40s-tp1-f2520-i128-o32-r10-rep1-seg1-attempt2,phase2-full-grid-rerun-20260731-l40s-l40s-tp1-f2520-i128-o32-r10-rep1-seg1-attempt2-00050-6c5c3542bf28,0,semaphore_acquired,,
1785511234936879444,1136579932336846,phase2-full-grid-rerun-20260731-l40s-l40s-tp1-f2520-i128-o32-r10-rep1-seg1-attempt2,phase2-full-grid-rerun-20260731-l40s-l40s-tp1-f2520-i128-o32-r10-rep1-seg1-attempt2-00050-6c5c3542bf28,1,attempt_send,,
1785511234944623863,1136579940080488,phase2-full-grid-rerun-20260731-l40s-l40s-tp1-f2520-i128-o32-r10-rep1-seg1-attempt2,phase2-full-grid-rerun-20260731-l40s-l40s-tp1-f2520-i128-o32-r10-rep1-seg1-attempt2-00050-6c5c3542bf28,1,response_headers,200,response_request_id=phase2-full-grid-rerun-20260731-l40s-l40s-tp1-f2520-i128-o32-r10-rep1-seg1-attempt2-00050-6c5c3542bf28
1785511234993242690,1136579988699740,phase2-full-grid-rerun-20260731-l40s-l40s-tp1-f2520-i128-o32-r10-rep1-seg1-attempt2,phase2-full-grid-rerun-20260731-l40s-l40s-tp1-f2520-i128-o32-r10-rep1-seg1-attempt2-00043-2fdcedcc3657,1,request_complete,200,
1785511235009649207,1136580005105882,phase2-full-grid-rerun-20260731-l40s-l40s-tp1-f2520-i128-o32-r10-rep1-seg1-attempt2,phase2-full-grid-rerun-20260731-l40s-l40s-tp1-f2520-i128-o32-r10-rep1-seg1-attempt2-00050-6c5c3542bf28,1,first_token,,
1785511235032364080,1136580027821015,phase2-full-grid-rerun-20260731-l40s-l40s-tp1-f2520-i128-o32-r10-rep1-seg1-attempt2,phase2-full-grid-rerun-20260731-l40s-l40s-tp1-f2520-i128-o32-r10-rep1-seg1-attempt2-00051-fc46723f859c,0,client_ready,,
1785511235035084368,1136580030541000,phase2-full-grid-rerun-20260731-l40s-l40s-tp1-f2520-i128-o32-r10-rep1-seg1-attempt2,phase2-full-grid-rerun-20260731-l40s-l40s-tp1-f2520-i128-o32-r10-rep1-seg1-attempt2-00051-fc46723f859c,0,semaphore_acquired,,
1785511235036804582,1136580032261180,phase2-full-grid-rerun-20260731-l40s-l40s-tp1-f2520-i128-o32-r10-rep1-seg1-attempt2,phase2-full-grid-rerun-20260731-l40s-l40s-tp1-f2520-i128-o32-r10-rep1-seg1-attempt2-00051-fc46723f859c,1,attempt_send,,
1785511235042850316,1136580038306978,phase2-full-grid-rerun-20260731-l40s-l40s-tp1-f2520-i128-o32-r10-rep1-seg1-attempt2,phase2-full-grid-rerun-20260731-l40s-l40s-tp1-f2520-i128-o32-r10-rep1-seg1-attempt2-00051-fc46723f859c,1,response_headers,200,response_request_id=phase2-full-grid-rerun-20260731-l40s-l40s-tp1-f2520-i128-o32-r10-rep1-seg1-attempt2-00051-fc46723f859c
1785511235081525038,1136580076982073,phase2-full-grid-rerun-20260731-l40s-l40s-tp1-f2520-i128-o32-r10-rep1-seg1-attempt2,phase2-full-grid-rerun-20260731-l40s-l40s-tp1-f2520-i128-o32-r10-rep1-seg1-attempt2-00044-382d1969eb52,1,request_complete,200,
1785511235096953995,1136580092410634,phase2-full-grid-rerun-20260731-l40s-l40s-tp1-f2520-i128-o32-r10-rep1-seg1-attempt2,phase2-full-grid-rerun-20260731-l40s-l40s-tp1-f2520-i128-o32-r10-rep1-seg1-attempt2-00051-fc46723f859c,1,first_token,,
1785511235133279651,1136580128736436,phase2-full-grid-rerun-20260731-l40s-l40s-tp1-f2520-i128-o32-r10-rep1-seg1-attempt2,phase2-full-grid-rerun-20260731-l40s-l40s-tp1-f2520-i128-o32-r10-rep1-seg1-attempt2-00052-3a5396f74519,0,client_ready,,
1785511235135969809,1136580131426471,phase2-full-grid-rerun-20260731-l40s-l40s-tp1-f2520-i128-o32-r10-rep1-seg1-attempt2,phase2-full-grid-rerun-20260731-l40s-l40s-tp1-f2520-i128-o32-r10-rep1-seg1-attempt2-00052-3a5396f74519,0,semaphore_acquired,,
1785511235137665807,1136580133122569,phase2-full-grid-rerun-20260731-l40s-l40s-tp1-f2520-i128-o32-r10-rep1-seg1-attempt2,phase2-full-grid-rerun-20260731-l40s-l40s-tp1-f2520-i128-o32-r10-rep1-seg1-attempt2-00052-3a5396f74519,1,attempt_send,,
1785511235143419549,1136580138876154,phase2-full-grid-rerun-20260731-l40s-l40s-tp1-f2520-i128-o32-r10-rep1-seg1-attempt2,phase2-full-grid-rerun-20260731-l40s-l40s-tp1-f2520-i128-o32-r10-rep1-seg1-attempt2-00052-3a5396f74519,1,response_headers,200,response_request_id=phase2-full-grid-rerun-20260731-l40s-l40s-tp1-f2520-i128-o32-r10-rep1-seg1-attempt2-00052-3a5396f74519
1785511235189854851,1136580185311927,phase2-full-grid-rerun-20260731-l40s-l40s-tp1-f2520-i128-o32-r10-rep1-seg1-attempt2,phase2-full-grid-rerun-20260731-l40s-l40s-tp1-f2520-i128-o32-r10-rep1-seg1-attempt2-00045-ee7491fc44d1,1,request_complete,200,
1785511235205474156,1136580200930723,phase2-full-grid-rerun-20260731-l40s-l40s-tp1-f2520-i128-o32-r10-rep1-seg1-attempt2,phase2-full-grid-rerun-20260731-l40s-l40s-tp1-f2520-i128-o32-r10-rep1-seg1-attempt2-00052-3a5396f74519,1,first_token,,
1785511235232962711,1136580228419682,phase2-full-grid-rerun-20260731-l40s-l40s-tp1-f2520-i128-o32-r10-rep1-seg1-attempt2,phase2-full-grid-rerun-20260731-l40s-l40s-tp1-f2520-i128-o32-r10-rep1-seg1-attempt2-00053-71a6f9d74f6e,0,client_ready,,
1785511235235242099,1136580230698664,phase2-full-grid-rerun-20260731-l40s-l40s-tp1-f2520-i128-o32-r10-rep1-seg1-attempt2,phase2-full-grid-rerun-20260731-l40s-l40s-tp1-f2520-i128-o32-r10-rep1-seg1-attempt2-00053-71a6f9d74f6e,0,semaphore_acquired,,
1785511235236516188,1136580231972933,phase2-full-grid-rerun-20260731-l40s-l40s-tp1-f2520-i128-o32-r10-rep1-seg1-attempt2,phase2-full-grid-rerun-20260731-l40s-l40s-tp1-f2520-i128-o32-r10-rep1-seg1-attempt2-00053-71a6f9d74f6e,1,attempt_send,,
1785511235242297307,1136580237753912,phase2-full-grid-rerun-20260731-l40s-l40s-tp1-f2520-i128-o32-r10-rep1-seg1-attempt2,phase2-full-grid-rerun-20260731-l40s-l40s-tp1-f2520-i128-o32-r10-rep1-seg1-attempt2-00053-71a6f9d74f6e,1,response_headers,200,response_request_id=phase2-full-grid-rerun-20260731-l40s-l40s-tp1-f2520-i128-o32-r10-rep1-seg1-attempt2-00053-71a6f9d74f6e
1785511235277049565,1136580272506390,phase2-full-grid-rerun-20260731-l40s-l40s-tp1-f2520-i128-o32-r10-rep1-seg1-attempt2,phase2-full-grid-rerun-20260731-l40s-l40s-tp1-f2520-i128-o32-r10-rep1-seg1-attempt2-00046-e1340831b326,1,request_complete,200,
1785511235294368986,1136580289825560,phase2-full-grid-rerun-20260731-l40s-l40s-tp1-f2520-i128-o32-r10-rep1-seg1-attempt2,phase2-full-grid-rerun-20260731-l40s-l40s-tp1-f2520-i128-o32-r10-rep1-seg1-attempt2-00053-71a6f9d74f6e,1,first_token,,
1785511235332503970,1136580327960823,phase2-full-grid-rerun-20260731-l40s-l40s-tp1-f2520-i128-o32-r10-rep1-seg1-attempt2,phase2-full-grid-rerun-20260731-l40s-l40s-tp1-f2520-i128-o32-r10-rep1-seg1-attempt2-00054-99d40606d428,0,client_ready,,
1785511235334665962,1136580330122460,phase2-full-grid-rerun-20260731-l40s-l40s-tp1-f2520-i128-o32-r10-rep1-seg1-attempt2,phase2-full-grid-rerun-20260731-l40s-l40s-tp1-f2520-i128-o32-r10-rep1-seg1-attempt2-00054-99d40606d428,0,semaphore_acquired,,
1785511235336133800,1136580331590378,phase2-full-grid-rerun-20260731-l40s-l40s-tp1-f2520-i128-o32-r10-rep1-seg1-attempt2,phase2-full-grid-rerun-20260731-l40s-l40s-tp1-f2520-i128-o32-r10-rep1-seg1-attempt2-00054-99d40606d428,1,attempt_send,,
1785511235342030709,1136580337487284,phase2-full-grid-rerun-20260731-l40s-l40s-tp1-f2520-i128-o32-r10-rep1-seg1-attempt2,phase2-full-grid-rerun-20260731-l40s-l40s-tp1-f2520-i128-o32-r10-rep1-seg1-attempt2-00054-99d40606d428,1,response_headers,200,response_request_id=phase2-full-grid-rerun-20260731-l40s-l40s-tp1-f2520-i128-o32-r10-rep1-seg1-attempt2-00054-99d40606d428
1785511235385601954,1136580381058957,phase2-full-grid-rerun-20260731-l40s-l40s-tp1-f2520-i128-o32-r10-rep1-seg1-attempt2,phase2-full-grid-rerun-20260731-l40s-l40s-tp1-f2520-i128-o32-r10-rep1-seg1-attempt2-00047-3cb5dd83874b,1,request_complete,200,
1785511235402821027,1136580398277653,phase2-full-grid-rerun-20260731-l40s-l40s-tp1-f2520-i128-o32-r10-rep1-seg1-attempt2,phase2-full-grid-rerun-20260731-l40s-l40s-tp1-f2520-i128-o32-r10-rep1-seg1-attempt2-00054-99d40606d428,1,first_token,,
1785511235432169505,1136580427626050,phase2-full-grid-rerun-20260731-l40s-l40s-tp1-f2520-i128-o32-r10-rep1-seg1-attempt2,phase2-full-grid-rerun-20260731-l40s-l40s-tp1-f2520-i128-o32-r10-rep1-seg1-attempt2-00055-cdb828d9c4d0,0,client_ready,,
1785511235433380169,1136580428836594,phase2-full-grid-rerun-20260731-l40s-l40s-tp1-f2520-i128-o32-r10-rep1-seg1-attempt2,phase2-full-grid-rerun-20260731-l40s-l40s-tp1-f2520-i128-o32-r10-rep1-seg1-attempt2-00055-cdb828d9c4d0,0,semaphore_acquired,,
1785511235434709020,1136580430165585,phase2-full-grid-rerun-20260731-l40s-l40s-tp1-f2520-i128-o32-r10-rep1-seg1-attempt2,phase2-full-grid-rerun-20260731-l40s-l40s-tp1-f2520-i128-o32-r10-rep1-seg1-attempt2-00055-cdb828d9c4d0,1,attempt_send,,
1785511235440342128,1136580435798713,phase2-full-grid-rerun-20260731-l40s-l40s-tp1-f2520-i128-o32-r10-rep1-seg1-attempt2,phase2-full-grid-rerun-20260731-l40s-l40s-tp1-f2520-i128-o32-r10-rep1-seg1-attempt2-00055-cdb828d9c4d0,1,response_headers,200,response_request_id=phase2-full-grid-rerun-20260731-l40s-l40s-tp1-f2520-i128-o32-r10-rep1-seg1-attempt2-00055-cdb828d9c4d0
1785511235473081690,1136580468538778,phase2-full-grid-rerun-20260731-l40s-l40s-tp1-f2520-i128-o32-r10-rep1-seg1-attempt2,phase2-full-grid-rerun-20260731-l40s-l40s-tp1-f2520-i128-o32-r10-rep1-seg1-attempt2-00048-752d82369001,1,request_complete,200,
1785511235490880186,1136580486336768,phase2-full-grid-rerun-20260731-l40s-l40s-tp1-f2520-i128-o32-r10-rep1-seg1-attempt2,phase2-full-grid-rerun-20260731-l40s-l40s-tp1-f2520-i128-o32-r10-rep1-seg1-attempt2-00055-cdb828d9c4d0,1,first_token,,
1785511235532200520,1136580527657553,phase2-full-grid-rerun-20260731-l40s-l40s-tp1-f2520-i128-o32-r10-rep1-seg1-attempt2,phase2-full-grid-rerun-20260731-l40s-l40s-tp1-f2520-i128-o32-r10-rep1-seg1-attempt2-00056-767e9cf27449,0,client_ready,,
1785511235533963387,1136580529420035,phase2-full-grid-rerun-20260731-l40s-l40s-tp1-f2520-i128-o32-r10-rep1-seg1-attempt2,phase2-full-grid-rerun-20260731-l40s-l40s-tp1-f2520-i128-o32-r10-rep1-seg1-attempt2-00056-767e9cf27449,0,semaphore_acquired,,
1785511235535287120,1136580530743928,phase2-full-grid-rerun-20260731-l40s-l40s-tp1-f2520-i128-o32-r10-rep1-seg1-attempt2,phase2-full-grid-rerun-20260731-l40s-l40s-tp1-f2520-i128-o32-r10-rep1-seg1-attempt2-00056-767e9cf27449,1,attempt_send,,
1785511235541186389,1136580536643035,phase2-full-grid-rerun-20260731-l40s-l40s-tp1-f2520-i128-o32-r10-rep1-seg1-attempt2,phase2-full-grid-rerun-20260731-l40s-l40s-tp1-f2520-i128-o32-r10-rep1-seg1-attempt2-00056-767e9cf27449,1,response_headers,200,response_request_id=phase2-full-grid-rerun-20260731-l40s-l40s-tp1-f2520-i128-o32-r10-rep1-seg1-attempt2-00056-767e9cf27449
1785511235582608841,1136580578065864,phase2-full-grid-rerun-20260731-l40s-l40s-tp1-f2520-i128-o32-r10-rep1-seg1-attempt2,phase2-full-grid-rerun-20260731-l40s-l40s-tp1-f2520-i128-o32-r10-rep1-seg1-attempt2-00049-4089a057aae6,1,request_complete,200,
1785511235599817154,1136580595273839,phase2-full-grid-rerun-20260731-l40s-l40s-tp1-f2520-i128-o32-r10-rep1-seg1-attempt2,phase2-full-grid-rerun-20260731-l40s-l40s-tp1-f2520-i128-o32-r10-rep1-seg1-attempt2-00056-767e9cf27449,1,first_token,,
1785511235632216603,1136580627673528,phase2-full-grid-rerun-20260731-l40s-l40s-tp1-f2520-i128-o32-r10-rep1-seg1-attempt2,phase2-full-grid-rerun-20260731-l40s-l40s-tp1-f2520-i128-o32-r10-rep1-seg1-attempt2-00057-a6435b4dc17d,0,client_ready,,
1785511235634622795,1136580630079324,phase2-full-grid-rerun-20260731-l40s-l40s-tp1-f2520-i128-o32-r10-rep1-seg1-attempt2,phase2-full-grid-rerun-20260731-l40s-l40s-tp1-f2520-i128-o32-r10-rep1-seg1-attempt2-00057-a6435b4dc17d,0,semaphore_acquired,,
1785511235636365402,1136580631822030,phase2-full-grid-rerun-20260731-l40s-l40s-tp1-f2520-i128-o32-r10-rep1-seg1-attempt2,phase2-full-grid-rerun-20260731-l40s-l40s-tp1-f2520-i128-o32-r10-rep1-seg1-attempt2-00057-a6435b4dc17d,1,attempt_send,,
1785511235644394620,1136580639851279,phase2-full-grid-rerun-20260731-l40s-l40s-tp1-f2520-i128-o32-r10-rep1-seg1-attempt2,phase2-full-grid-rerun-20260731-l40s-l40s-tp1-f2520-i128-o32-r10-rep1-seg1-attempt2-00057-a6435b4dc17d,1,response_headers,200,response_request_id=phase2-full-grid-rerun-20260731-l40s-l40s-tp1-f2520-i128-o32-r10-rep1-seg1-attempt2-00057-a6435b4dc17d
1785511235691860034,1136580687317116,phase2-full-grid-rerun-20260731-l40s-l40s-tp1-f2520-i128-o32-r10-rep1-seg1-attempt2,phase2-full-grid-rerun-20260731-l40s-l40s-tp1-f2520-i128-o32-r10-rep1-seg1-attempt2-00050-6c5c3542bf28,1,request_complete,200,
1785511235708813419,1136580704270130,phase2-full-grid-rerun-20260731-l40s-l40s-tp1-f2520-i128-o32-r10-rep1-seg1-attempt2,phase2-full-grid-rerun-20260731-l40s-l40s-tp1-f2520-i128-o32-r10-rep1-seg1-attempt2-00057-a6435b4dc17d,1,first_token,,
1785511235732594721,1136580728051356,phase2-full-grid-rerun-20260731-l40s-l40s-tp1-f2520-i128-o32-r10-rep1-seg1-attempt2,phase2-full-grid-rerun-20260731-l40s-l40s-tp1-f2520-i128-o32-r10-rep1-seg1-attempt2-00058-4ed5fc75dec6,0,client_ready,,
1785511235733968960,1136580729425601,phase2-full-grid-rerun-20260731-l40s-l40s-tp1-f2520-i128-o32-r10-rep1-seg1-attempt2,phase2-full-grid-rerun-20260731-l40s-l40s-tp1-f2520-i128-o32-r10-rep1-seg1-attempt2-00058-4ed5fc75dec6,0,semaphore_acquired,,
1785511235735283926,1136580730740728,phase2-full-grid-rerun-20260731-l40s-l40s-tp1-f2520-i128-o32-r10-rep1-seg1-attempt2,phase2-full-grid-rerun-20260731-l40s-l40s-tp1-f2520-i128-o32-r10-rep1-seg1-attempt2-00058-4ed5fc75dec6,1,attempt_send,,
1785511235741140747,1136580736597427,phase2-full-grid-rerun-20260731-l40s-l40s-tp1-f2520-i128-o32-r10-rep1-seg1-attempt2,phase2-full-grid-rerun-20260731-l40s-l40s-tp1-f2520-i128-o32-r10-rep1-seg1-attempt2-00058-4ed5fc75dec6,1,response_headers,200,response_request_id=phase2-full-grid-rerun-20260731-l40s-l40s-tp1-f2520-i128-o32-r10-rep1-seg1-attempt2-00058-4ed5fc75dec6
1785511235778926003,1136580774383058,phase2-full-grid-rerun-20260731-l40s-l40s-tp1-f2520-i128-o32-r10-rep1-seg1-attempt2,phase2-full-grid-rerun-20260731-l40s-l40s-tp1-f2520-i128-o32-r10-rep1-seg1-attempt2-00051-fc46723f859c,1,request_complete,200,
1785511235796070174,1136580791526859,phase2-full-grid-rerun-20260731-l40s-l40s-tp1-f2520-i128-o32-r10-rep1-seg1-attempt2,phase2-full-grid-rerun-20260731-l40s-l40s-tp1-f2520-i128-o32-r10-rep1-seg1-attempt2-00058-4ed5fc75dec6,1,first_token,,
1785511235832912140,1136580828369028,phase2-full-grid-rerun-20260731-l40s-l40s-tp1-f2520-i128-o32-r10-rep1-seg1-attempt2,phase2-full-grid-rerun-20260731-l40s-l40s-tp1-f2520-i128-o32-r10-rep1-seg1-attempt2-00059-860b61d47976,0,client_ready,,
1785511235834672623,1136580830129131,phase2-full-grid-rerun-20260731-l40s-l40s-tp1-f2520-i128-o32-r10-rep1-seg1-attempt2,phase2-full-grid-rerun-20260731-l40s-l40s-tp1-f2520-i128-o32-r10-rep1-seg1-attempt2-00059-860b61d47976,0,semaphore_acquired,,
1785511235836072862,1136580831529414,phase2-full-grid-rerun-20260731-l40s-l40s-tp1-f2520-i128-o32-r10-rep1-seg1-attempt2,phase2-full-grid-rerun-20260731-l40s-l40s-tp1-f2520-i128-o32-r10-rep1-seg1-attempt2-00059-860b61d47976,1,attempt_send,,
1785511235841677053,1136580837133653,phase2-full-grid-rerun-20260731-l40s-l40s-tp1-f2520-i128-o32-r10-rep1-seg1-attempt2,phase2-full-grid-rerun-20260731-l40s-l40s-tp1-f2520-i128-o32-r10-rep1-seg1-attempt2-00059-860b61d47976,1,response_headers,200,response_request_id=phase2-full-grid-rerun-20260731-l40s-l40s-tp1-f2520-i128-o32-r10-rep1-seg1-attempt2-00059-860b61d47976
1785511235886455170,1136580881912432,phase2-full-grid-rerun-20260731-l40s-l40s-tp1-f2520-i128-o32-r10-rep1-seg1-attempt2,phase2-full-grid-rerun-20260731-l40s-l40s-tp1-f2520-i128-o32-r10-rep1-seg1-attempt2-00052-3a5396f74519,1,request_complete,200,
1785511235904440885,1136580899897586,phase2-full-grid-rerun-20260731-l40s-l40s-tp1-f2520-i128-o32-r10-rep1-seg1-attempt2,phase2-full-grid-rerun-20260731-l40s-l40s-tp1-f2520-i128-o32-r10-rep1-seg1-attempt2-00059-860b61d47976,1,first_token,,
1785511235932413260,1136580927869907,phase2-full-grid-rerun-20260731-l40s-l40s-tp1-f2520-i128-o32-r10-rep1-seg1-attempt2,phase2-full-grid-rerun-20260731-l40s-l40s-tp1-f2520-i128-o32-r10-rep1-seg1-attempt2-00060-69a73475cd71,0,client_ready,,
1785511235933521838,1136580928978277,phase2-full-grid-rerun-20260731-l40s-l40s-tp1-f2520-i128-o32-r10-rep1-seg1-attempt2,phase2-full-grid-rerun-20260731-l40s-l40s-tp1-f2520-i128-o32-r10-rep1-seg1-attempt2-00060-69a73475cd71,0,semaphore_acquired,,
1785511235934740919,1136580930197537,phase2-full-grid-rerun-20260731-l40s-l40s-tp1-f2520-i128-o32-r10-rep1-seg1-attempt2,phase2-full-grid-rerun-20260731-l40s-l40s-tp1-f2520-i128-o32-r10-rep1-seg1-attempt2-00060-69a73475cd71,1,attempt_send,,
1785511235940416382,1136580935873063,phase2-full-grid-rerun-20260731-l40s-l40s-tp1-f2520-i128-o32-r10-rep1-seg1-attempt2,phase2-full-grid-rerun-20260731-l40s-l40s-tp1-f2520-i128-o32-r10-rep1-seg1-attempt2-00060-69a73475cd71,1,response_headers,200,response_request_id=phase2-full-grid-rerun-20260731-l40s-l40s-tp1-f2520-i128-o32-r10-rep1-seg1-attempt2-00060-69a73475cd71
1785511235975126157,1136580970583106,phase2-full-grid-rerun-20260731-l40s-l40s-tp1-f2520-i128-o32-r10-rep1-seg1-attempt2,phase2-full-grid-rerun-20260731-l40s-l40s-tp1-f2520-i128-o32-r10-rep1-seg1-attempt2-00053-71a6f9d74f6e,1,request_complete,200,
1785511235992685005,1136580988141714,phase2-full-grid-rerun-20260731-l40s-l40s-tp1-f2520-i128-o32-r10-rep1-seg1-attempt2,phase2-full-grid-rerun-20260731-l40s-l40s-tp1-f2520-i128-o32-r10-rep1-seg1-attempt2-00060-69a73475cd71,1,first_token,,
1785511236033417825,1136581028874674,phase2-full-grid-rerun-20260731-l40s-l40s-tp1-f2520-i128-o32-r10-rep1-seg1-attempt2,phase2-full-grid-rerun-20260731-l40s-l40s-tp1-f2520-i128-o32-r10-rep1-seg1-attempt2-00061-8df71bbf449d,0,client_ready,,
1785511236035067248,1136581030523730,phase2-full-grid-rerun-20260731-l40s-l40s-tp1-f2520-i128-o32-r10-rep1-seg1-attempt2,phase2-full-grid-rerun-20260731-l40s-l40s-tp1-f2520-i128-o32-r10-rep1-seg1-attempt2-00061-8df71bbf449d,0,semaphore_acquired,,
1785511236036261789,1136581031718384,phase2-full-grid-rerun-20260731-l40s-l40s-tp1-f2520-i128-o32-r10-rep1-seg1-attempt2,phase2-full-grid-rerun-20260731-l40s-l40s-tp1-f2520-i128-o32-r10-rep1-seg1-attempt2-00061-8df71bbf449d,1,attempt_send,,
1785511236042014757,1136581037471379,phase2-full-grid-rerun-20260731-l40s-l40s-tp1-f2520-i128-o32-r10-rep1-seg1-attempt2,phase2-full-grid-rerun-20260731-l40s-l40s-tp1-f2520-i128-o32-r10-rep1-seg1-attempt2-00061-8df71bbf449d,1,response_headers,200,response_request_id=phase2-full-grid-rerun-20260731-l40s-l40s-tp1-f2520-i128-o32-r10-rep1-seg1-attempt2-00061-8df71bbf449d
1785511236084188002,1136581079644921,phase2-full-grid-rerun-20260731-l40s-l40s-tp1-f2520-i128-o32-r10-rep1-seg1-attempt2,phase2-full-grid-rerun-20260731-l40s-l40s-tp1-f2520-i128-o32-r10-rep1-seg1-attempt2-00054-99d40606d428,1,request_complete,200,
1785511236102361048,1136581097817753,phase2-full-grid-rerun-20260731-l40s-l40s-tp1-f2520-i128-o32-r10-rep1-seg1-attempt2,phase2-full-grid-rerun-20260731-l40s-l40s-tp1-f2520-i128-o32-r10-rep1-seg1-attempt2-00061-8df71bbf449d,1,first_token,,
1785511236133450102,1136581128906950,phase2-full-grid-rerun-20260731-l40s-l40s-tp1-f2520-i128-o32-r10-rep1-seg1-attempt2,phase2-full-grid-rerun-20260731-l40s-l40s-tp1-f2520-i128-o32-r10-rep1-seg1-attempt2-00062-23ab0ecf9264,0,client_ready,,
1785511236135474503,1136581130931020,phase2-full-grid-rerun-20260731-l40s-l40s-tp1-f2520-i128-o32-r10-rep1-seg1-attempt2,phase2-full-grid-rerun-20260731-l40s-l40s-tp1-f2520-i128-o32-r10-rep1-seg1-attempt2-00062-23ab0ecf9264,0,semaphore_acquired,,
1785511236137174423,1136581132630918,phase2-full-grid-rerun-20260731-l40s-l40s-tp1-f2520-i128-o32-r10-rep1-seg1-attempt2,phase2-full-grid-rerun-20260731-l40s-l40s-tp1-f2520-i128-o32-r10-rep1-seg1-attempt2-00062-23ab0ecf9264,1,attempt_send,,
1785511236145315277,1136581140771932,phase2-full-grid-rerun-20260731-l40s-l40s-tp1-f2520-i128-o32-r10-rep1-seg1-attempt2,phase2-full-grid-rerun-20260731-l40s-l40s-tp1-f2520-i128-o32-r10-rep1-seg1-attempt2-00062-23ab0ecf9264,1,response_headers,200,response_request_id=phase2-full-grid-rerun-20260731-l40s-l40s-tp1-f2520-i128-o32-r10-rep1-seg1-attempt2-00062-23ab0ecf9264
1785511236171444788,1136581166901667,phase2-full-grid-rerun-20260731-l40s-l40s-tp1-f2520-i128-o32-r10-rep1-seg1-attempt2,phase2-full-grid-rerun-20260731-l40s-l40s-tp1-f2520-i128-o32-r10-rep1-seg1-attempt2-00055-cdb828d9c4d0,1,request_complete,200,
1785511236211113260,1136581206570088,phase2-full-grid-rerun-20260731-l40s-l40s-tp1-f2520-i128-o32-r10-rep1-seg1-attempt2,phase2-full-grid-rerun-20260731-l40s-l40s-tp1-f2520-i128-o32-r10-rep1-seg1-attempt2-00062-23ab0ecf9264,1,first_token,,
1785511236232208227,1136581227664909,phase2-full-grid-rerun-20260731-l40s-l40s-tp1-f2520-i128-o32-r10-rep1-seg1-attempt2,phase2-full-grid-rerun-20260731-l40s-l40s-tp1-f2520-i128-o32-r10-rep1-seg1-attempt2-00063-ef6ab5c084e4,0,client_ready,,
1785511236233959225,1136581229415690,phase2-full-grid-rerun-20260731-l40s-l40s-tp1-f2520-i128-o32-r10-rep1-seg1-attempt2,phase2-full-grid-rerun-20260731-l40s-l40s-tp1-f2520-i128-o32-r10-rep1-seg1-attempt2-00063-ef6ab5c084e4,0,semaphore_acquired,,
1785511236235560730,1136581231017334,phase2-full-grid-rerun-20260731-l40s-l40s-tp1-f2520-i128-o32-r10-rep1-seg1-attempt2,phase2-full-grid-rerun-20260731-l40s-l40s-tp1-f2520-i128-o32-r10-rep1-seg1-attempt2-00063-ef6ab5c084e4,1,attempt_send,,
1785511236241043369,1136581236500028,phase2-full-grid-rerun-20260731-l40s-l40s-tp1-f2520-i128-o32-r10-rep1-seg1-attempt2,phase2-full-grid-rerun-20260731-l40s-l40s-tp1-f2520-i128-o32-r10-rep1-seg1-attempt2-00063-ef6ab5c084e4,1,response_headers,200,response_request_id=phase2-full-grid-rerun-20260731-l40s-l40s-tp1-f2520-i128-o32-r10-rep1-seg1-attempt2-00063-ef6ab5c084e4
1785511236282174958,1136581277631949,phase2-full-grid-rerun-20260731-l40s-l40s-tp1-f2520-i128-o32-r10-rep1-seg1-attempt2,phase2-full-grid-rerun-20260731-l40s-l40s-tp1-f2520-i128-o32-r10-rep1-seg1-attempt2-00056-767e9cf27449,1,request_complete,200,
1785511236298665860,1136581294122477,phase2-full-grid-rerun-20260731-l40s-l40s-tp1-f2520-i128-o32-r10-rep1-seg1-attempt2,phase2-full-grid-rerun-20260731-l40s-l40s-tp1-f2520-i128-o32-r10-rep1-seg1-attempt2-00063-ef6ab5c084e4,1,first_token,,
1785511236334107459,1136581329564301,phase2-full-grid-rerun-20260731-l40s-l40s-tp1-f2520-i128-o32-r10-rep1-seg1-attempt2,phase2-full-grid-rerun-20260731-l40s-l40s-tp1-f2520-i128-o32-r10-rep1-seg1-attempt2-00064-d0ce1544deb3,0,client_ready,,
1785511236336403189,1136581331859684,phase2-full-grid-rerun-20260731-l40s-l40s-tp1-f2520-i128-o32-r10-rep1-seg1-attempt2,phase2-full-grid-rerun-20260731-l40s-l40s-tp1-f2520-i128-o32-r10-rep1-seg1-attempt2-00064-d0ce1544deb3,0,semaphore_acquired,,
1785511236337834018,1136581333290501,phase2-full-grid-rerun-20260731-l40s-l40s-tp1-f2520-i128-o32-r10-rep1-seg1-attempt2,phase2-full-grid-rerun-20260731-l40s-l40s-tp1-f2520-i128-o32-r10-rep1-seg1-attempt2-00064-d0ce1544deb3,1,attempt_send,,
1785511236343920914,1136581339377513,phase2-full-grid-rerun-20260731-l40s-l40s-tp1-f2520-i128-o32-r10-rep1-seg1-attempt2,phase2-full-grid-rerun-20260731-l40s-l40s-tp1-f2520-i128-o32-r10-rep1-seg1-attempt2-00064-d0ce1544deb3,1,response_headers,200,response_request_id=phase2-full-grid-rerun-20260731-l40s-l40s-tp1-f2520-i128-o32-r10-rep1-seg1-attempt2-00064-d0ce1544deb3
1785511236390440760,1136581385897721,phase2-full-grid-rerun-20260731-l40s-l40s-tp1-f2520-i128-o32-r10-rep1-seg1-attempt2,phase2-full-grid-rerun-20260731-l40s-l40s-tp1-f2520-i128-o32-r10-rep1-seg1-attempt2-00057-a6435b4dc17d,1,request_complete,200,
1785511236407718517,1136581403175099,phase2-full-grid-rerun-20260731-l40s-l40s-tp1-f2520-i128-o32-r10-rep1-seg1-attempt2,phase2-full-grid-rerun-20260731-l40s-l40s-tp1-f2520-i128-o32-r10-rep1-seg1-attempt2-00064-d0ce1544deb3,1,first_token,,
1785511236432757896,1136581428214445,phase2-full-grid-rerun-20260731-l40s-l40s-tp1-f2520-i128-o32-r10-rep1-seg1-attempt2,phase2-full-grid-rerun-20260731-l40s-l40s-tp1-f2520-i128-o32-r10-rep1-seg1-attempt2-00065-732c5799ff2d,0,client_ready,,
1785511236434359852,1136581429816370,phase2-full-grid-rerun-20260731-l40s-l40s-tp1-f2520-i128-o32-r10-rep1-seg1-attempt2,phase2-full-grid-rerun-20260731-l40s-l40s-tp1-f2520-i128-o32-r10-rep1-seg1-attempt2-00065-732c5799ff2d,0,semaphore_acquired,,
1785511236435849045,1136581431305532,phase2-full-grid-rerun-20260731-l40s-l40s-tp1-f2520-i128-o32-r10-rep1-seg1-attempt2,phase2-full-grid-rerun-20260731-l40s-l40s-tp1-f2520-i128-o32-r10-rep1-seg1-attempt2-00065-732c5799ff2d,1,attempt_send,,
1785511236441714150,1136581437170823,phase2-full-grid-rerun-20260731-l40s-l40s-tp1-f2520-i128-o32-r10-rep1-seg1-attempt2,phase2-full-grid-rerun-20260731-l40s-l40s-tp1-f2520-i128-o32-r10-rep1-seg1-attempt2-00065-732c5799ff2d,1,response_headers,200,response_request_id=phase2-full-grid-rerun-20260731-l40s-l40s-tp1-f2520-i128-o32-r10-rep1-seg1-attempt2-00065-732c5799ff2d
1785511236477308875,1136581472766240,phase2-full-grid-rerun-20260731-l40s-l40s-tp1-f2520-i128-o32-r10-rep1-seg1-attempt2,phase2-full-grid-rerun-20260731-l40s-l40s-tp1-f2520-i128-o32-r10-rep1-seg1-attempt2-00058-4ed5fc75dec6,1,request_complete,200,
1785511236495763683,1136581491220298,phase2-full-grid-rerun-20260731-l40s-l40s-tp1-f2520-i128-o32-r10-rep1-seg1-attempt2,phase2-full-grid-rerun-20260731-l40s-l40s-tp1-f2520-i128-o32-r10-rep1-seg1-attempt2-00065-732c5799ff2d,1,first_token,,
1785511236532755630,1136581528212491,phase2-full-grid-rerun-20260731-l40s-l40s-tp1-f2520-i128-o32-r10-rep1-seg1-attempt2,phase2-full-grid-rerun-20260731-l40s-l40s-tp1-f2520-i128-o32-r10-rep1-seg1-attempt2-00066-2806f9fd4df2,0,client_ready,,
1785511236534627925,1136581530084576,phase2-full-grid-rerun-20260731-l40s-l40s-tp1-f2520-i128-o32-r10-rep1-seg1-attempt2,phase2-full-grid-rerun-20260731-l40s-l40s-tp1-f2520-i128-o32-r10-rep1-seg1-attempt2-00066-2806f9fd4df2,0,semaphore_acquired,,
1785511236535992760,1136581531449428,phase2-full-grid-rerun-20260731-l40s-l40s-tp1-f2520-i128-o32-r10-rep1-seg1-attempt2,phase2-full-grid-rerun-20260731-l40s-l40s-tp1-f2520-i128-o32-r10-rep1-seg1-attempt2-00066-2806f9fd4df2,1,attempt_send,,
1785511236542081918,1136581537538476,phase2-full-grid-rerun-20260731-l40s-l40s-tp1-f2520-i128-o32-r10-rep1-seg1-attempt2,phase2-full-grid-rerun-20260731-l40s-l40s-tp1-f2520-i128-o32-r10-rep1-seg1-attempt2-00066-2806f9fd4df2,1,response_headers,200,response_request_id=phase2-full-grid-rerun-20260731-l40s-l40s-tp1-f2520-i128-o32-r10-rep1-seg1-attempt2-00066-2806f9fd4df2
1785511236587436504,1136581582893543,phase2-full-grid-rerun-20260731-l40s-l40s-tp1-f2520-i128-o32-r10-rep1-seg1-attempt2,phase2-full-grid-rerun-20260731-l40s-l40s-tp1-f2520-i128-o32-r10-rep1-seg1-attempt2-00059-860b61d47976,1,request_complete,200,
1785511236603801644,1136581599258309,phase2-full-grid-rerun-20260731-l40s-l40s-tp1-f2520-i128-o32-r10-rep1-seg1-attempt2,phase2-full-grid-rerun-20260731-l40s-l40s-tp1-f2520-i128-o32-r10-rep1-seg1-attempt2-00066-2806f9fd4df2,1,first_token,,
1785511236632868131,1136581628324929,phase2-full-grid-rerun-20260731-l40s-l40s-tp1-f2520-i128-o32-r10-rep1-seg1-attempt2,phase2-full-grid-rerun-20260731-l40s-l40s-tp1-f2520-i128-o32-r10-rep1-seg1-attempt2-00067-22dd9f27098e,0,client_ready,,
1785511236635321339,1136581630777757,phase2-full-grid-rerun-20260731-l40s-l40s-tp1-f2520-i128-o32-r10-rep1-seg1-attempt2,phase2-full-grid-rerun-20260731-l40s-l40s-tp1-f2520-i128-o32-r10-rep1-seg1-attempt2-00067-22dd9f27098e,0,semaphore_acquired,,
1785511236637088749,1136581632545167,phase2-full-grid-rerun-20260731-l40s-l40s-tp1-f2520-i128-o32-r10-rep1-seg1-attempt2,phase2-full-grid-rerun-20260731-l40s-l40s-tp1-f2520-i128-o32-r10-rep1-seg1-attempt2-00067-22dd9f27098e,1,attempt_send,,
1785511236643084344,1136581638540979,phase2-full-grid-rerun-20260731-l40s-l40s-tp1-f2520-i128-o32-r10-rep1-seg1-attempt2,phase2-full-grid-rerun-20260731-l40s-l40s-tp1-f2520-i128-o32-r10-rep1-seg1-attempt2-00067-22dd9f27098e,1,response_headers,200,response_request_id=phase2-full-grid-rerun-20260731-l40s-l40s-tp1-f2520-i128-o32-r10-rep1-seg1-attempt2-00067-22dd9f27098e
1785511236674496827,1136581669953595,phase2-full-grid-rerun-20260731-l40s-l40s-tp1-f2520-i128-o32-r10-rep1-seg1-attempt2,phase2-full-grid-rerun-20260731-l40s-l40s-tp1-f2520-i128-o32-r10-rep1-seg1-attempt2-00060-69a73475cd71,1,request_complete,200,
1785511236712867466,1136581708324194,phase2-full-grid-rerun-20260731-l40s-l40s-tp1-f2520-i128-o32-r10-rep1-seg1-attempt2,phase2-full-grid-rerun-20260731-l40s-l40s-tp1-f2520-i128-o32-r10-rep1-seg1-attempt2-00067-22dd9f27098e,1,first_token,,
1785511236732335601,1136581727792225,phase2-full-grid-rerun-20260731-l40s-l40s-tp1-f2520-i128-o32-r10-rep1-seg1-attempt2,phase2-full-grid-rerun-20260731-l40s-l40s-tp1-f2520-i128-o32-r10-rep1-seg1-attempt2-00068-94c51d0408b2,0,client_ready,,
1785511236734519943,1136581729976433,phase2-full-grid-rerun-20260731-l40s-l40s-tp1-f2520-i128-o32-r10-rep1-seg1-attempt2,phase2-full-grid-rerun-20260731-l40s-l40s-tp1-f2520-i128-o32-r10-rep1-seg1-attempt2-00068-94c51d0408b2,0,semaphore_acquired,,
1785511236736237496,1136581731694135,phase2-full-grid-rerun-20260731-l40s-l40s-tp1-f2520-i128-o32-r10-rep1-seg1-attempt2,phase2-full-grid-rerun-20260731-l40s-l40s-tp1-f2520-i128-o32-r10-rep1-seg1-attempt2-00068-94c51d0408b2,1,attempt_send,,
1785511236742302427,1136581737758973,phase2-full-grid-rerun-20260731-l40s-l40s-tp1-f2520-i128-o32-r10-rep1-seg1-attempt2,phase2-full-grid-rerun-20260731-l40s-l40s-tp1-f2520-i128-o32-r10-rep1-seg1-attempt2-00068-94c51d0408b2,1,response_headers,200,response_request_id=phase2-full-grid-rerun-20260731-l40s-l40s-tp1-f2520-i128-o32-r10-rep1-seg1-attempt2-00068-94c51d0408b2
1785511236784681007,1136581780138092,phase2-full-grid-rerun-20260731-l40s-l40s-tp1-f2520-i128-o32-r10-rep1-seg1-attempt2,phase2-full-grid-rerun-20260731-l40s-l40s-tp1-f2520-i128-o32-r10-rep1-seg1-attempt2-00061-8df71bbf449d,1,request_complete,200,
1785511236800386698,1136581795843295,phase2-full-grid-rerun-20260731-l40s-l40s-tp1-f2520-i128-o32-r10-rep1-seg1-attempt2,phase2-full-grid-rerun-20260731-l40s-l40s-tp1-f2520-i128-o32-r10-rep1-seg1-attempt2-00068-94c51d0408b2,1,first_token,,
1785511236832213502,1136581827670277,phase2-full-grid-rerun-20260731-l40s-l40s-tp1-f2520-i128-o32-r10-rep1-seg1-attempt2,phase2-full-grid-rerun-20260731-l40s-l40s-tp1-f2520-i128-o32-r10-rep1-seg1-attempt2-00069-e8a7e9983ef0,0,client_ready,,
1785511236834468349,1136581829924770,phase2-full-grid-rerun-20260731-l40s-l40s-tp1-f2520-i128-o32-r10-rep1-seg1-attempt2,phase2-full-grid-rerun-20260731-l40s-l40s-tp1-f2520-i128-o32-r10-rep1-seg1-attempt2-00069-e8a7e9983ef0,0,semaphore_acquired,,
1785511236836137942,1136581831594388,phase2-full-grid-rerun-20260731-l40s-l40s-tp1-f2520-i128-o32-r10-rep1-seg1-attempt2,phase2-full-grid-rerun-20260731-l40s-l40s-tp1-f2520-i128-o32-r10-rep1-seg1-attempt2-00069-e8a7e9983ef0,1,attempt_send,,
1785511236844839417,1136581840296096,phase2-full-grid-rerun-20260731-l40s-l40s-tp1-f2520-i128-o32-r10-rep1-seg1-attempt2,phase2-full-grid-rerun-20260731-l40s-l40s-tp1-f2520-i128-o32-r10-rep1-seg1-attempt2-00069-e8a7e9983ef0,1,response_headers,200,response_request_id=phase2-full-grid-rerun-20260731-l40s-l40s-tp1-f2520-i128-o32-r10-rep1-seg1-attempt2-00069-e8a7e9983ef0
1785511236892585650,1136581888042695,phase2-full-grid-rerun-20260731-l40s-l40s-tp1-f2520-i128-o32-r10-rep1-seg1-attempt2,phase2-full-grid-rerun-20260731-l40s-l40s-tp1-f2520-i128-o32-r10-rep1-seg1-attempt2-00062-23ab0ecf9264,1,request_complete,200,
1785511236910042351,1136581905498962,phase2-full-grid-rerun-20260731-l40s-l40s-tp1-f2520-i128-o32-r10-rep1-seg1-attempt2,phase2-full-grid-rerun-20260731-l40s-l40s-tp1-f2520-i128-o32-r10-rep1-seg1-attempt2-00069-e8a7e9983ef0,1,first_token,,
1785511236932959532,1136581928416163,phase2-full-grid-rerun-20260731-l40s-l40s-tp1-f2520-i128-o32-r10-rep1-seg1-attempt2,phase2-full-grid-rerun-20260731-l40s-l40s-tp1-f2520-i128-o32-r10-rep1-seg1-attempt2-00070-5b70a88da177,0,client_ready,,
1785511236934483145,1136581929939574,phase2-full-grid-rerun-20260731-l40s-l40s-tp1-f2520-i128-o32-r10-rep1-seg1-attempt2,phase2-full-grid-rerun-20260731-l40s-l40s-tp1-f2520-i128-o32-r10-rep1-seg1-attempt2-00070-5b70a88da177,0,semaphore_acquired,,
1785511236935984850,1136581931441317,phase2-full-grid-rerun-20260731-l40s-l40s-tp1-f2520-i128-o32-r10-rep1-seg1-attempt2,phase2-full-grid-rerun-20260731-l40s-l40s-tp1-f2520-i128-o32-r10-rep1-seg1-attempt2-00070-5b70a88da177,1,attempt_send,,
1785511236941742774,1136581937199498,phase2-full-grid-rerun-20260731-l40s-l40s-tp1-f2520-i128-o32-r10-rep1-seg1-attempt2,phase2-full-grid-rerun-20260731-l40s-l40s-tp1-f2520-i128-o32-r10-rep1-seg1-attempt2-00070-5b70a88da177,1,response_headers,200,response_request_id=phase2-full-grid-rerun-20260731-l40s-l40s-tp1-f2520-i128-o32-r10-rep1-seg1-attempt2-00070-5b70a88da177
1785511236981481153,1136581976938070,phase2-full-grid-rerun-20260731-l40s-l40s-tp1-f2520-i128-o32-r10-rep1-seg1-attempt2,phase2-full-grid-rerun-20260731-l40s-l40s-tp1-f2520-i128-o32-r10-rep1-seg1-attempt2-00063-ef6ab5c084e4,1,request_complete,200,
1785511236997738862,1136581993195600,phase2-full-grid-rerun-20260731-l40s-l40s-tp1-f2520-i128-o32-r10-rep1-seg1-attempt2,phase2-full-grid-rerun-20260731-l40s-l40s-tp1-f2520-i128-o32-r10-rep1-seg1-attempt2-00070-5b70a88da177,1,first_token,,
1785511237033042037,1136582028498876,phase2-full-grid-rerun-20260731-l40s-l40s-tp1-f2520-i128-o32-r10-rep1-seg1-attempt2,phase2-full-grid-rerun-20260731-l40s-l40s-tp1-f2520-i128-o32-r10-rep1-seg1-attempt2-00071-8b1b28157425,0,client_ready,,
1785511237035454372,1136582030910877,phase2-full-grid-rerun-20260731-l40s-l40s-tp1-f2520-i128-o32-r10-rep1-seg1-attempt2,phase2-full-grid-rerun-20260731-l40s-l40s-tp1-f2520-i128-o32-r10-rep1-seg1-attempt2-00071-8b1b28157425,0,semaphore_acquired,,
1785511237037212862,1136582032669307,phase2-full-grid-rerun-20260731-l40s-l40s-tp1-f2520-i128-o32-r10-rep1-seg1-attempt2,phase2-full-grid-rerun-20260731-l40s-l40s-tp1-f2520-i128-o32-r10-rep1-seg1-attempt2-00071-8b1b28157425,1,attempt_send,,
1785511237043163759,1136582038620394,phase2-full-grid-rerun-20260731-l40s-l40s-tp1-f2520-i128-o32-r10-rep1-seg1-attempt2,phase2-full-grid-rerun-20260731-l40s-l40s-tp1-f2520-i128-o32-r10-rep1-seg1-attempt2-00071-8b1b28157425,1,response_headers,200,response_request_id=phase2-full-grid-rerun-20260731-l40s-l40s-tp1-f2520-i128-o32-r10-rep1-seg1-attempt2-00071-8b1b28157425
1785511237089845991,1136582085303056,phase2-full-grid-rerun-20260731-l40s-l40s-tp1-f2520-i128-o32-r10-rep1-seg1-attempt2,phase2-full-grid-rerun-20260731-l40s-l40s-tp1-f2520-i128-o32-r10-rep1-seg1-attempt2-00064-d0ce1544deb3,1,request_complete,200,
1785511237106791857,1136582102248525,phase2-full-grid-rerun-20260731-l40s-l40s-tp1-f2520-i128-o32-r10-rep1-seg1-attempt2,phase2-full-grid-rerun-20260731-l40s-l40s-tp1-f2520-i128-o32-r10-rep1-seg1-attempt2-00071-8b1b28157425,1,first_token,,
1785511237132236544,1136582127693238,phase2-full-grid-rerun-20260731-l40s-l40s-tp1-f2520-i128-o32-r10-rep1-seg1-attempt2,phase2-full-grid-rerun-20260731-l40s-l40s-tp1-f2520-i128-o32-r10-rep1-seg1-attempt2-00072-a82369c93799,0,client_ready,,
1785511237134135075,1136582129591627,phase2-full-grid-rerun-20260731-l40s-l40s-tp1-f2520-i128-o32-r10-rep1-seg1-attempt2,phase2-full-grid-rerun-20260731-l40s-l40s-tp1-f2520-i128-o32-r10-rep1-seg1-attempt2-00072-a82369c93799,0,semaphore_acquired,,
1785511237135409726,1136582130866316,phase2-full-grid-rerun-20260731-l40s-l40s-tp1-f2520-i128-o32-r10-rep1-seg1-attempt2,phase2-full-grid-rerun-20260731-l40s-l40s-tp1-f2520-i128-o32-r10-rep1-seg1-attempt2-00072-a82369c93799,1,attempt_send,,
1785511237140959389,1136582136415991,phase2-full-grid-rerun-20260731-l40s-l40s-tp1-f2520-i128-o32-r10-rep1-seg1-attempt2,phase2-full-grid-rerun-20260731-l40s-l40s-tp1-f2520-i128-o32-r10-rep1-seg1-attempt2-00072-a82369c93799,1,response_headers,200,response_request_id=phase2-full-grid-rerun-20260731-l40s-l40s-tp1-f2520-i128-o32-r10-rep1-seg1-attempt2-00072-a82369c93799
1785511237177104128,1136582172561179,phase2-full-grid-rerun-20260731-l40s-l40s-tp1-f2520-i128-o32-r10-rep1-seg1-attempt2,phase2-full-grid-rerun-20260731-l40s-l40s-tp1-f2520-i128-o32-r10-rep1-seg1-attempt2-00065-732c5799ff2d,1,request_complete,200,
1785511237194602349,1136582190059040,phase2-full-grid-rerun-20260731-l40s-l40s-tp1-f2520-i128-o32-r10-rep1-seg1-attempt2,phase2-full-grid-rerun-20260731-l40s-l40s-tp1-f2520-i128-o32-r10-rep1-seg1-attempt2-00072-a82369c93799,1,first_token,,
1785511237232780170,1136582228237135,phase2-full-grid-rerun-20260731-l40s-l40s-tp1-f2520-i128-o32-r10-rep1-seg1-attempt2,phase2-full-grid-rerun-20260731-l40s-l40s-tp1-f2520-i128-o32-r10-rep1-seg1-attempt2-00073-d24a7c0390dd,0,client_ready,,
1785511237235016584,1136582230473169,phase2-full-grid-rerun-20260731-l40s-l40s-tp1-f2520-i128-o32-r10-rep1-seg1-attempt2,phase2-full-grid-rerun-20260731-l40s-l40s-tp1-f2520-i128-o32-r10-rep1-seg1-attempt2-00073-d24a7c0390dd,0,semaphore_acquired,,
1785511237236348209,1136582231804591,phase2-full-grid-rerun-20260731-l40s-l40s-tp1-f2520-i128-o32-r10-rep1-seg1-attempt2,phase2-full-grid-rerun-20260731-l40s-l40s-tp1-f2520-i128-o32-r10-rep1-seg1-attempt2-00073-d24a7c0390dd,1,attempt_send,,
1785511237242232327,1136582237688920,phase2-full-grid-rerun-20260731-l40s-l40s-tp1-f2520-i128-o32-r10-rep1-seg1-attempt2,phase2-full-grid-rerun-20260731-l40s-l40s-tp1-f2520-i128-o32-r10-rep1-seg1-attempt2-00073-d24a7c0390dd,1,response_headers,200,response_request_id=phase2-full-grid-rerun-20260731-l40s-l40s-tp1-f2520-i128-o32-r10-rep1-seg1-attempt2-00073-d24a7c0390dd
1785511237285508714,1136582280965712,phase2-full-grid-rerun-20260731-l40s-l40s-tp1-f2520-i128-o32-r10-rep1-seg1-attempt2,phase2-full-grid-rerun-20260731-l40s-l40s-tp1-f2520-i128-o32-r10-rep1-seg1-attempt2-00066-2806f9fd4df2,1,request_complete,200,
1785511237303342794,1136582298799500,phase2-full-grid-rerun-20260731-l40s-l40s-tp1-f2520-i128-o32-r10-rep1-seg1-attempt2,phase2-full-grid-rerun-20260731-l40s-l40s-tp1-f2520-i128-o32-r10-rep1-seg1-attempt2-00073-d24a7c0390dd,1,first_token,,
1785511237332602941,1136582328059600,phase2-full-grid-rerun-20260731-l40s-l40s-tp1-f2520-i128-o32-r10-rep1-seg1-attempt2,phase2-full-grid-rerun-20260731-l40s-l40s-tp1-f2520-i128-o32-r10-rep1-seg1-attempt2-00074-7ab69a387952,0,client_ready,,
1785511237334665547,1136582330121979,phase2-full-grid-rerun-20260731-l40s-l40s-tp1-f2520-i128-o32-r10-rep1-seg1-attempt2,phase2-full-grid-rerun-20260731-l40s-l40s-tp1-f2520-i128-o32-r10-rep1-seg1-attempt2-00074-7ab69a387952,0,semaphore_acquired,,
1785511237336002421,1136582331458936,phase2-full-grid-rerun-20260731-l40s-l40s-tp1-f2520-i128-o32-r10-rep1-seg1-attempt2,phase2-full-grid-rerun-20260731-l40s-l40s-tp1-f2520-i128-o32-r10-rep1-seg1-attempt2-00074-7ab69a387952,1,attempt_send,,
1785511237341755391,1136582337211971,phase2-full-grid-rerun-20260731-l40s-l40s-tp1-f2520-i128-o32-r10-rep1-seg1-attempt2,phase2-full-grid-rerun-20260731-l40s-l40s-tp1-f2520-i128-o32-r10-rep1-seg1-attempt2-00074-7ab69a387952,1,response_headers,200,response_request_id=phase2-full-grid-rerun-20260731-l40s-l40s-tp1-f2520-i128-o32-r10-rep1-seg1-attempt2-00074-7ab69a387952
1785511237394685512,1136582390142515,phase2-full-grid-rerun-20260731-l40s-l40s-tp1-f2520-i128-o32-r10-rep1-seg1-attempt2,phase2-full-grid-rerun-20260731-l40s-l40s-tp1-f2520-i128-o32-r10-rep1-seg1-attempt2-00067-22dd9f27098e,1,request_complete,200,
1785511237412031260,1136582407487888,phase2-full-grid-rerun-20260731-l40s-l40s-tp1-f2520-i128-o32-r10-rep1-seg1-attempt2,phase2-full-grid-rerun-20260731-l40s-l40s-tp1-f2520-i128-o32-r10-rep1-seg1-attempt2-00074-7ab69a387952,1,first_token,,
1785511237432503720,1136582427960273,phase2-full-grid-rerun-20260731-l40s-l40s-tp1-f2520-i128-o32-r10-rep1-seg1-attempt2,phase2-full-grid-rerun-20260731-l40s-l40s-tp1-f2520-i128-o32-r10-rep1-seg1-attempt2-00075-5975961c0464,0,client_ready,,
1785511237433769162,1136582429225624,phase2-full-grid-rerun-20260731-l40s-l40s-tp1-f2520-i128-o32-r10-rep1-seg1-attempt2,phase2-full-grid-rerun-20260731-l40s-l40s-tp1-f2520-i128-o32-r10-rep1-seg1-attempt2-00075-5975961c0464,0,semaphore_acquired,,
1785511237435198373,1136582430654939,phase2-full-grid-rerun-20260731-l40s-l40s-tp1-f2520-i128-o32-r10-rep1-seg1-attempt2,phase2-full-grid-rerun-20260731-l40s-l40s-tp1-f2520-i128-o32-r10-rep1-seg1-attempt2-00075-5975961c0464,1,attempt_send,,
1785511237441007678,1136582436464273,phase2-full-grid-rerun-20260731-l40s-l40s-tp1-f2520-i128-o32-r10-rep1-seg1-attempt2,phase2-full-grid-rerun-20260731-l40s-l40s-tp1-f2520-i128-o32-r10-rep1-seg1-attempt2-00075-5975961c0464,1,response_headers,200,response_request_id=phase2-full-grid-rerun-20260731-l40s-l40s-tp1-f2520-i128-o32-r10-rep1-seg1-attempt2-00075-5975961c0464
1785511237483449504,1136582478906484,phase2-full-grid-rerun-20260731-l40s-l40s-tp1-f2520-i128-o32-r10-rep1-seg1-attempt2,phase2-full-grid-rerun-20260731-l40s-l40s-tp1-f2520-i128-o32-r10-rep1-seg1-attempt2-00068-94c51d0408b2,1,request_complete,200,
1785511237499413074,1136582494869656,phase2-full-grid-rerun-20260731-l40s-l40s-tp1-f2520-i128-o32-r10-rep1-seg1-attempt2,phase2-full-grid-rerun-20260731-l40s-l40s-tp1-f2520-i128-o32-r10-rep1-seg1-attempt2-00075-5975961c0464,1,first_token,,
1785511237532167107,1136582527623965,phase2-full-grid-rerun-20260731-l40s-l40s-tp1-f2520-i128-o32-r10-rep1-seg1-attempt2,phase2-full-grid-rerun-20260731-l40s-l40s-tp1-f2520-i128-o32-r10-rep1-seg1-attempt2-00076-7c1fd264429b,0,client_ready,,
1785511237534109924,1136582529566602,phase2-full-grid-rerun-20260731-l40s-l40s-tp1-f2520-i128-o32-r10-rep1-seg1-attempt2,phase2-full-grid-rerun-20260731-l40s-l40s-tp1-f2520-i128-o32-r10-rep1-seg1-attempt2-00076-7c1fd264429b,0,semaphore_acquired,,
1785511237535514093,1136582530970591,phase2-full-grid-rerun-20260731-l40s-l40s-tp1-f2520-i128-o32-r10-rep1-seg1-attempt2,phase2-full-grid-rerun-20260731-l40s-l40s-tp1-f2520-i128-o32-r10-rep1-seg1-attempt2-00076-7c1fd264429b,1,attempt_send,,
1785511237543054450,1136582538511195,phase2-full-grid-rerun-20260731-l40s-l40s-tp1-f2520-i128-o32-r10-rep1-seg1-attempt2,phase2-full-grid-rerun-20260731-l40s-l40s-tp1-f2520-i128-o32-r10-rep1-seg1-attempt2-00076-7c1fd264429b,1,response_headers,200,response_request_id=phase2-full-grid-rerun-20260731-l40s-l40s-tp1-f2520-i128-o32-r10-rep1-seg1-attempt2-00076-7c1fd264429b
1785511237591104415,1136582586561447,phase2-full-grid-rerun-20260731-l40s-l40s-tp1-f2520-i128-o32-r10-rep1-seg1-attempt2,phase2-full-grid-rerun-20260731-l40s-l40s-tp1-f2520-i128-o32-r10-rep1-seg1-attempt2-00069-e8a7e9983ef0,1,request_complete,200,
1785511237608189183,1136582603645751,phase2-full-grid-rerun-20260731-l40s-l40s-tp1-f2520-i128-o32-r10-rep1-seg1-attempt2,phase2-full-grid-rerun-20260731-l40s-l40s-tp1-f2520-i128-o32-r10-rep1-seg1-attempt2-00076-7c1fd264429b,1,first_token,,
1785511237633029274,1136582628485876,phase2-full-grid-rerun-20260731-l40s-l40s-tp1-f2520-i128-o32-r10-rep1-seg1-attempt2,phase2-full-grid-rerun-20260731-l40s-l40s-tp1-f2520-i128-o32-r10-rep1-seg1-attempt2-00077-47901a3d4845,0,client_ready,,
1785511237635592648,1136582631049779,phase2-full-grid-rerun-20260731-l40s-l40s-tp1-f2520-i128-o32-r10-rep1-seg1-attempt2,phase2-full-grid-rerun-20260731-l40s-l40s-tp1-f2520-i128-o32-r10-rep1-seg1-attempt2-00077-47901a3d4845,0,semaphore_acquired,,
1785511237637292471,1136582632749201,phase2-full-grid-rerun-20260731-l40s-l40s-tp1-f2520-i128-o32-r10-rep1-seg1-attempt2,phase2-full-grid-rerun-20260731-l40s-l40s-tp1-f2520-i128-o32-r10-rep1-seg1-attempt2-00077-47901a3d4845,1,attempt_send,,
1785511237643222871,1136582638679610,phase2-full-grid-rerun-20260731-l40s-l40s-tp1-f2520-i128-o32-r10-rep1-seg1-attempt2,phase2-full-grid-rerun-20260731-l40s-l40s-tp1-f2520-i128-o32-r10-rep1-seg1-attempt2-00077-47901a3d4845,1,response_headers,200,response_request_id=phase2-full-grid-rerun-20260731-l40s-l40s-tp1-f2520-i128-o32-r10-rep1-seg1-attempt2-00077-47901a3d4845
1785511237679806230,1136582675263365,phase2-full-grid-rerun-20260731-l40s-l40s-tp1-f2520-i128-o32-r10-rep1-seg1-attempt2,phase2-full-grid-rerun-20260731-l40s-l40s-tp1-f2520-i128-o32-r10-rep1-seg1-attempt2-00070-5b70a88da177,1,request_complete,200,
1785511237696933409,1136582692390144,phase2-full-grid-rerun-20260731-l40s-l40s-tp1-f2520-i128-o32-r10-rep1-seg1-attempt2,phase2-full-grid-rerun-20260731-l40s-l40s-tp1-f2520-i128-o32-r10-rep1-seg1-attempt2-00077-47901a3d4845,1,first_token,,
1785511237733025722,1136582728482635,phase2-full-grid-rerun-20260731-l40s-l40s-tp1-f2520-i128-o32-r10-rep1-seg1-attempt2,phase2-full-grid-rerun-20260731-l40s-l40s-tp1-f2520-i128-o32-r10-rep1-seg1-attempt2-00078-6ec9fe3a76d0,0,client_ready,,
1785511237735199383,1136582730655888,phase2-full-grid-rerun-20260731-l40s-l40s-tp1-f2520-i128-o32-r10-rep1-seg1-attempt2,phase2-full-grid-rerun-20260731-l40s-l40s-tp1-f2520-i128-o32-r10-rep1-seg1-attempt2-00078-6ec9fe3a76d0,0,semaphore_acquired,,
1785511237736642784,1136582732099459,phase2-full-grid-rerun-20260731-l40s-l40s-tp1-f2520-i128-o32-r10-rep1-seg1-attempt2,phase2-full-grid-rerun-20260731-l40s-l40s-tp1-f2520-i128-o32-r10-rep1-seg1-attempt2-00078-6ec9fe3a76d0,1,attempt_send,,
1785511237742232797,1136582737689556,phase2-full-grid-rerun-20260731-l40s-l40s-tp1-f2520-i128-o32-r10-rep1-seg1-attempt2,phase2-full-grid-rerun-20260731-l40s-l40s-tp1-f2520-i128-o32-r10-rep1-seg1-attempt2-00078-6ec9fe3a76d0,1,response_headers,200,response_request_id=phase2-full-grid-rerun-20260731-l40s-l40s-tp1-f2520-i128-o32-r10-rep1-seg1-attempt2-00078-6ec9fe3a76d0
1785511237788110850,1136582783567926,phase2-full-grid-rerun-20260731-l40s-l40s-tp1-f2520-i128-o32-r10-rep1-seg1-attempt2,phase2-full-grid-rerun-20260731-l40s-l40s-tp1-f2520-i128-o32-r10-rep1-seg1-attempt2-00071-8b1b28157425,1,request_complete,200,
1785511237805463580,1136582800920220,phase2-full-grid-rerun-20260731-l40s-l40s-tp1-f2520-i128-o32-r10-rep1-seg1-attempt2,phase2-full-grid-rerun-20260731-l40s-l40s-tp1-f2520-i128-o32-r10-rep1-seg1-attempt2-00078-6ec9fe3a76d0,1,first_token,,
1785511237832791683,1136582828248441,phase2-full-grid-rerun-20260731-l40s-l40s-tp1-f2520-i128-o32-r10-rep1-seg1-attempt2,phase2-full-grid-rerun-20260731-l40s-l40s-tp1-f2520-i128-o32-r10-rep1-seg1-attempt2-00079-30359d3b1343,0,client_ready,,
1785511237834808864,1136582830265609,phase2-full-grid-rerun-20260731-l40s-l40s-tp1-f2520-i128-o32-r10-rep1-seg1-attempt2,phase2-full-grid-rerun-20260731-l40s-l40s-tp1-f2520-i128-o32-r10-rep1-seg1-attempt2-00079-30359d3b1343,0,semaphore_acquired,,
1785511237836065658,1136582831522500,phase2-full-grid-rerun-20260731-l40s-l40s-tp1-f2520-i128-o32-r10-rep1-seg1-attempt2,phase2-full-grid-rerun-20260731-l40s-l40s-tp1-f2520-i128-o32-r10-rep1-seg1-attempt2-00079-30359d3b1343,1,attempt_send,,
1785511237841755150,1136582837211930,phase2-full-grid-rerun-20260731-l40s-l40s-tp1-f2520-i128-o32-r10-rep1-seg1-attempt2,phase2-full-grid-rerun-20260731-l40s-l40s-tp1-f2520-i128-o32-r10-rep1-seg1-attempt2-00079-30359d3b1343,1,response_headers,200,response_request_id=phase2-full-grid-rerun-20260731-l40s-l40s-tp1-f2520-i128-o32-r10-rep1-seg1-attempt2-00079-30359d3b1343
1785511237875454253,1136582870911635,phase2-full-grid-rerun-20260731-l40s-l40s-tp1-f2520-i128-o32-r10-rep1-seg1-attempt2,phase2-full-grid-rerun-20260731-l40s-l40s-tp1-f2520-i128-o32-r10-rep1-seg1-attempt2-00072-a82369c93799,1,request_complete,200,
1785511237893385321,1136582888841989,phase2-full-grid-rerun-20260731-l40s-l40s-tp1-f2520-i128-o32-r10-rep1-seg1-attempt2,phase2-full-grid-rerun-20260731-l40s-l40s-tp1-f2520-i128-o32-r10-rep1-seg1-attempt2-00079-30359d3b1343,1,first_token,,
1785511237933780280,1136582929237301,phase2-full-grid-rerun-20260731-l40s-l40s-tp1-f2520-i128-o32-r10-rep1-seg1-attempt2,phase2-full-grid-rerun-20260731-l40s-l40s-tp1-f2520-i128-o32-r10-rep1-seg1-attempt2-00080-606fab0578f1,0,client_ready,,
1785511237935629853,1136582931086321,phase2-full-grid-rerun-20260731-l40s-l40s-tp1-f2520-i128-o32-r10-rep1-seg1-attempt2,phase2-full-grid-rerun-20260731-l40s-l40s-tp1-f2520-i128-o32-r10-rep1-seg1-attempt2-00080-606fab0578f1,0,semaphore_acquired,,
1785511237936964682,1136582932421367,phase2-full-grid-rerun-20260731-l40s-l40s-tp1-f2520-i128-o32-r10-rep1-seg1-attempt2,phase2-full-grid-rerun-20260731-l40s-l40s-tp1-f2520-i128-o32-r10-rep1-seg1-attempt2-00080-606fab0578f1,1,attempt_send,,
1785511237942618012,1136582938074727,phase2-full-grid-rerun-20260731-l40s-l40s-tp1-f2520-i128-o32-r10-rep1-seg1-attempt2,phase2-full-grid-rerun-20260731-l40s-l40s-tp1-f2520-i128-o32-r10-rep1-seg1-attempt2-00080-606fab0578f1,1,response_headers,200,response_request_id=phase2-full-grid-rerun-20260731-l40s-l40s-tp1-f2520-i128-o32-r10-rep1-seg1-attempt2-00080-606fab0578f1
1785511237985641542,1136582981098700,phase2-full-grid-rerun-20260731-l40s-l40s-tp1-f2520-i128-o32-r10-rep1-seg1-attempt2,phase2-full-grid-rerun-20260731-l40s-l40s-tp1-f2520-i128-o32-r10-rep1-seg1-attempt2-00073-d24a7c0390dd,1,request_complete,200,
1785511238002135774,1136582997592462,phase2-full-grid-rerun-20260731-l40s-l40s-tp1-f2520-i128-o32-r10-rep1-seg1-attempt2,phase2-full-grid-rerun-20260731-l40s-l40s-tp1-f2520-i128-o32-r10-rep1-seg1-attempt2-00080-606fab0578f1,1,first_token,,
1785511238033581166,1136583029038241,phase2-full-grid-rerun-20260731-l40s-l40s-tp1-f2520-i128-o32-r10-rep1-seg1-attempt2,phase2-full-grid-rerun-20260731-l40s-l40s-tp1-f2520-i128-o32-r10-rep1-seg1-attempt2-00081-3d6b8d9a3fe5,0,client_ready,,
1785511238035751237,1136583031207940,phase2-full-grid-rerun-20260731-l40s-l40s-tp1-f2520-i128-o32-r10-rep1-seg1-attempt2,phase2-full-grid-rerun-20260731-l40s-l40s-tp1-f2520-i128-o32-r10-rep1-seg1-attempt2-00081-3d6b8d9a3fe5,0,semaphore_acquired,,
1785511238036982517,1136583032439323,phase2-full-grid-rerun-20260731-l40s-l40s-tp1-f2520-i128-o32-r10-rep1-seg1-attempt2,phase2-full-grid-rerun-20260731-l40s-l40s-tp1-f2520-i128-o32-r10-rep1-seg1-attempt2-00081-3d6b8d9a3fe5,1,attempt_send,,
1785511238045238283,1136583040694951,phase2-full-grid-rerun-20260731-l40s-l40s-tp1-f2520-i128-o32-r10-rep1-seg1-attempt2,phase2-full-grid-rerun-20260731-l40s-l40s-tp1-f2520-i128-o32-r10-rep1-seg1-attempt2-00081-3d6b8d9a3fe5,1,response_headers,200,response_request_id=phase2-full-grid-rerun-20260731-l40s-l40s-tp1-f2520-i128-o32-r10-rep1-seg1-attempt2-00081-3d6b8d9a3fe5
1785511238092859021,1136583088315996,phase2-full-grid-rerun-20260731-l40s-l40s-tp1-f2520-i128-o32-r10-rep1-seg1-attempt2,phase2-full-grid-rerun-20260731-l40s-l40s-tp1-f2520-i128-o32-r10-rep1-seg1-attempt2-00074-7ab69a387952,1,request_complete,200,
1785511238111390954,1136583106847717,phase2-full-grid-rerun-20260731-l40s-l40s-tp1-f2520-i128-o32-r10-rep1-seg1-attempt2,phase2-full-grid-rerun-20260731-l40s-l40s-tp1-f2520-i128-o32-r10-rep1-seg1-attempt2-00081-3d6b8d9a3fe5,1,first_token,,
1785511238132134353,1136583127590995,phase2-full-grid-rerun-20260731-l40s-l40s-tp1-f2520-i128-o32-r10-rep1-seg1-attempt2,phase2-full-grid-rerun-20260731-l40s-l40s-tp1-f2520-i128-o32-r10-rep1-seg1-attempt2-00082-73f46ef4fa7c,0,client_ready,,
1785511238134433310,1136583129890330,phase2-full-grid-rerun-20260731-l40s-l40s-tp1-f2520-i128-o32-r10-rep1-seg1-attempt2,phase2-full-grid-rerun-20260731-l40s-l40s-tp1-f2520-i128-o32-r10-rep1-seg1-attempt2-00082-73f46ef4fa7c,0,semaphore_acquired,,
1785511238136246437,1136583131703192,phase2-full-grid-rerun-20260731-l40s-l40s-tp1-f2520-i128-o32-r10-rep1-seg1-attempt2,phase2-full-grid-rerun-20260731-l40s-l40s-tp1-f2520-i128-o32-r10-rep1-seg1-attempt2-00082-73f46ef4fa7c,1,attempt_send,,
1785511238142049545,1136583137506199,phase2-full-grid-rerun-20260731-l40s-l40s-tp1-f2520-i128-o32-r10-rep1-seg1-attempt2,phase2-full-grid-rerun-20260731-l40s-l40s-tp1-f2520-i128-o32-r10-rep1-seg1-attempt2-00082-73f46ef4fa7c,1,response_headers,200,response_request_id=phase2-full-grid-rerun-20260731-l40s-l40s-tp1-f2520-i128-o32-r10-rep1-seg1-attempt2-00082-73f46ef4fa7c
1785511238181610611,1136583177067683,phase2-full-grid-rerun-20260731-l40s-l40s-tp1-f2520-i128-o32-r10-rep1-seg1-attempt2,phase2-full-grid-rerun-20260731-l40s-l40s-tp1-f2520-i128-o32-r10-rep1-seg1-attempt2-00075-5975961c0464,1,request_complete,200,
1785511238198852655,1136583194309323,phase2-full-grid-rerun-20260731-l40s-l40s-tp1-f2520-i128-o32-r10-rep1-seg1-attempt2,phase2-full-grid-rerun-20260731-l40s-l40s-tp1-f2520-i128-o32-r10-rep1-seg1-attempt2-00082-73f46ef4fa7c,1,first_token,,
1785511238232286558,1136583227743551,phase2-full-grid-rerun-20260731-l40s-l40s-tp1-f2520-i128-o32-r10-rep1-seg1-attempt2,phase2-full-grid-rerun-20260731-l40s-l40s-tp1-f2520-i128-o32-r10-rep1-seg1-attempt2-00083-03120bb60305,0,client_ready,,
1785511238234793491,1136583230250091,phase2-full-grid-rerun-20260731-l40s-l40s-tp1-f2520-i128-o32-r10-rep1-seg1-attempt2,phase2-full-grid-rerun-20260731-l40s-l40s-tp1-f2520-i128-o32-r10-rep1-seg1-attempt2-00083-03120bb60305,0,semaphore_acquired,,
1785511238236191617,1136583231648450,phase2-full-grid-rerun-20260731-l40s-l40s-tp1-f2520-i128-o32-r10-rep1-seg1-attempt2,phase2-full-grid-rerun-20260731-l40s-l40s-tp1-f2520-i128-o32-r10-rep1-seg1-attempt2-00083-03120bb60305,1,attempt_send,,
1785511238243770528,1136583239227240,phase2-full-grid-rerun-20260731-l40s-l40s-tp1-f2520-i128-o32-r10-rep1-seg1-attempt2,phase2-full-grid-rerun-20260731-l40s-l40s-tp1-f2520-i128-o32-r10-rep1-seg1-attempt2-00083-03120bb60305,1,response_headers,200,response_request_id=phase2-full-grid-rerun-20260731-l40s-l40s-tp1-f2520-i128-o32-r10-rep1-seg1-attempt2-00083-03120bb60305
1785511238289906072,1136583285363236,phase2-full-grid-rerun-20260731-l40s-l40s-tp1-f2520-i128-o32-r10-rep1-seg1-attempt2,phase2-full-grid-rerun-20260731-l40s-l40s-tp1-f2520-i128-o32-r10-rep1-seg1-attempt2-00076-7c1fd264429b,1,request_complete,200,
1785511238307038633,1136583302495313,phase2-full-grid-rerun-20260731-l40s-l40s-tp1-f2520-i128-o32-r10-rep1-seg1-attempt2,phase2-full-grid-rerun-20260731-l40s-l40s-tp1-f2520-i128-o32-r10-rep1-seg1-attempt2-00083-03120bb60305,1,first_token,,
1785511238332924540,1136583328381221,phase2-full-grid-rerun-20260731-l40s-l40s-tp1-f2520-i128-o32-r10-rep1-seg1-attempt2,phase2-full-grid-rerun-20260731-l40s-l40s-tp1-f2520-i128-o32-r10-rep1-seg1-attempt2-00084-33595acafcae,0,client_ready,,
1785511238334999056,1136583330455458,phase2-full-grid-rerun-20260731-l40s-l40s-tp1-f2520-i128-o32-r10-rep1-seg1-attempt2,phase2-full-grid-rerun-20260731-l40s-l40s-tp1-f2520-i128-o32-r10-rep1-seg1-attempt2-00084-33595acafcae,0,semaphore_acquired,,
1785511238336379653,1136583331836313,phase2-full-grid-rerun-20260731-l40s-l40s-tp1-f2520-i128-o32-r10-rep1-seg1-attempt2,phase2-full-grid-rerun-20260731-l40s-l40s-tp1-f2520-i128-o32-r10-rep1-seg1-attempt2-00084-33595acafcae,1,attempt_send,,
1785511238341978952,1136583337435755,phase2-full-grid-rerun-20260731-l40s-l40s-tp1-f2520-i128-o32-r10-rep1-seg1-attempt2,phase2-full-grid-rerun-20260731-l40s-l40s-tp1-f2520-i128-o32-r10-rep1-seg1-attempt2-00084-33595acafcae,1,response_headers,200,response_request_id=phase2-full-grid-rerun-20260731-l40s-l40s-tp1-f2520-i128-o32-r10-rep1-seg1-attempt2-00084-33595acafcae
1785511238378479755,1136583373936808,phase2-full-grid-rerun-20260731-l40s-l40s-tp1-f2520-i128-o32-r10-rep1-seg1-attempt2,phase2-full-grid-rerun-20260731-l40s-l40s-tp1-f2520-i128-o32-r10-rep1-seg1-attempt2-00077-47901a3d4845,1,request_complete,200,
1785511238395177586,1136583390634261,phase2-full-grid-rerun-20260731-l40s-l40s-tp1-f2520-i128-o32-r10-rep1-seg1-attempt2,phase2-full-grid-rerun-20260731-l40s-l40s-tp1-f2520-i128-o32-r10-rep1-seg1-attempt2-00084-33595acafcae,1,first_token,,
1785511238432314801,1136583427771785,phase2-full-grid-rerun-20260731-l40s-l40s-tp1-f2520-i128-o32-r10-rep1-seg1-attempt2,phase2-full-grid-rerun-20260731-l40s-l40s-tp1-f2520-i128-o32-r10-rep1-seg1-attempt2-00085-6a984efbdd6f,0,client_ready,,
1785511238435034691,1136583430491166,phase2-full-grid-rerun-20260731-l40s-l40s-tp1-f2520-i128-o32-r10-rep1-seg1-attempt2,phase2-full-grid-rerun-20260731-l40s-l40s-tp1-f2520-i128-o32-r10-rep1-seg1-attempt2-00085-6a984efbdd6f,0,semaphore_acquired,,
1785511238436375418,1136583431832286,phase2-full-grid-rerun-20260731-l40s-l40s-tp1-f2520-i128-o32-r10-rep1-seg1-attempt2,phase2-full-grid-rerun-20260731-l40s-l40s-tp1-f2520-i128-o32-r10-rep1-seg1-attempt2-00085-6a984efbdd6f,1,attempt_send,,
1785511238441998743,1136583437455435,phase2-full-grid-rerun-20260731-l40s-l40s-tp1-f2520-i128-o32-r10-rep1-seg1-attempt2,phase2-full-grid-rerun-20260731-l40s-l40s-tp1-f2520-i128-o32-r10-rep1-seg1-attempt2-00085-6a984efbdd6f,1,response_headers,200,response_request_id=phase2-full-grid-rerun-20260731-l40s-l40s-tp1-f2520-i128-o32-r10-rep1-seg1-attempt2-00085-6a984efbdd6f
1785511238486597481,1136583482054552,phase2-full-grid-rerun-20260731-l40s-l40s-tp1-f2520-i128-o32-r10-rep1-seg1-attempt2,phase2-full-grid-rerun-20260731-l40s-l40s-tp1-f2520-i128-o32-r10-rep1-seg1-attempt2-00078-6ec9fe3a76d0,1,request_complete,200,
1785511238504699425,1136583500156220,phase2-full-grid-rerun-20260731-l40s-l40s-tp1-f2520-i128-o32-r10-rep1-seg1-attempt2,phase2-full-grid-rerun-20260731-l40s-l40s-tp1-f2520-i128-o32-r10-rep1-seg1-attempt2-00085-6a984efbdd6f,1,first_token,,
1785511238532084675,1136583527541527,phase2-full-grid-rerun-20260731-l40s-l40s-tp1-f2520-i128-o32-r10-rep1-seg1-attempt2,phase2-full-grid-rerun-20260731-l40s-l40s-tp1-f2520-i128-o32-r10-rep1-seg1-attempt2-00086-56fc63003653,0,client_ready,,
1785511238534266388,1136583529722833,phase2-full-grid-rerun-20260731-l40s-l40s-tp1-f2520-i128-o32-r10-rep1-seg1-attempt2,phase2-full-grid-rerun-20260731-l40s-l40s-tp1-f2520-i128-o32-r10-rep1-seg1-attempt2-00086-56fc63003653,0,semaphore_acquired,,
1785511238535599407,1136583531056276,phase2-full-grid-rerun-20260731-l40s-l40s-tp1-f2520-i128-o32-r10-rep1-seg1-attempt2,phase2-full-grid-rerun-20260731-l40s-l40s-tp1-f2520-i128-o32-r10-rep1-seg1-attempt2-00086-56fc63003653,1,attempt_send,,
1785511238541366435,1136583536823199,phase2-full-grid-rerun-20260731-l40s-l40s-tp1-f2520-i128-o32-r10-rep1-seg1-attempt2,phase2-full-grid-rerun-20260731-l40s-l40s-tp1-f2520-i128-o32-r10-rep1-seg1-attempt2-00086-56fc63003653,1,response_headers,200,response_request_id=phase2-full-grid-rerun-20260731-l40s-l40s-tp1-f2520-i128-o32-r10-rep1-seg1-attempt2-00086-56fc63003653
1785511238574569480,1136583570026256,phase2-full-grid-rerun-20260731-l40s-l40s-tp1-f2520-i128-o32-r10-rep1-seg1-attempt2,phase2-full-grid-rerun-20260731-l40s-l40s-tp1-f2520-i128-o32-r10-rep1-seg1-attempt2-00079-30359d3b1343,1,request_complete,200,
1785511238592308428,1136583587765118,phase2-full-grid-rerun-20260731-l40s-l40s-tp1-f2520-i128-o32-r10-rep1-seg1-attempt2,phase2-full-grid-rerun-20260731-l40s-l40s-tp1-f2520-i128-o32-r10-rep1-seg1-attempt2-00086-56fc63003653,1,first_token,,
1785511238632485550,1136583627942472,phase2-full-grid-rerun-20260731-l40s-l40s-tp1-f2520-i128-o32-r10-rep1-seg1-attempt2,phase2-full-grid-rerun-20260731-l40s-l40s-tp1-f2520-i128-o32-r10-rep1-seg1-attempt2-00087-060408e354a4,0,client_ready,,
1785511238634698881,1136583630155390,phase2-full-grid-rerun-20260731-l40s-l40s-tp1-f2520-i128-o32-r10-rep1-seg1-attempt2,phase2-full-grid-rerun-20260731-l40s-l40s-tp1-f2520-i128-o32-r10-rep1-seg1-attempt2-00087-060408e354a4,0,semaphore_acquired,,
1785511238636064136,1136583631520781,phase2-full-grid-rerun-20260731-l40s-l40s-tp1-f2520-i128-o32-r10-rep1-seg1-attempt2,phase2-full-grid-rerun-20260731-l40s-l40s-tp1-f2520-i128-o32-r10-rep1-seg1-attempt2-00087-060408e354a4,1,attempt_send,,
1785511238641845518,1136583637302116,phase2-full-grid-rerun-20260731-l40s-l40s-tp1-f2520-i128-o32-r10-rep1-seg1-attempt2,phase2-full-grid-rerun-20260731-l40s-l40s-tp1-f2520-i128-o32-r10-rep1-seg1-attempt2-00087-060408e354a4,1,response_headers,200,response_request_id=phase2-full-grid-rerun-20260731-l40s-l40s-tp1-f2520-i128-o32-r10-rep1-seg1-attempt2-00087-060408e354a4
1785511238683569047,1136583679025992,phase2-full-grid-rerun-20260731-l40s-l40s-tp1-f2520-i128-o32-r10-rep1-seg1-attempt2,phase2-full-grid-rerun-20260731-l40s-l40s-tp1-f2520-i128-o32-r10-rep1-seg1-attempt2-00080-606fab0578f1,1,request_complete,200,
1785511238701186605,1136583696643294,phase2-full-grid-rerun-20260731-l40s-l40s-tp1-f2520-i128-o32-r10-rep1-seg1-attempt2,phase2-full-grid-rerun-20260731-l40s-l40s-tp1-f2520-i128-o32-r10-rep1-seg1-attempt2-00087-060408e354a4,1,first_token,,
1785511238732497273,1136583727954228,phase2-full-grid-rerun-20260731-l40s-l40s-tp1-f2520-i128-o32-r10-rep1-seg1-attempt2,phase2-full-grid-rerun-20260731-l40s-l40s-tp1-f2520-i128-o32-r10-rep1-seg1-attempt2-00088-fbbad44b42fa,0,client_ready,,
1785511238734981295,1136583730437908,phase2-full-grid-rerun-20260731-l40s-l40s-tp1-f2520-i128-o32-r10-rep1-seg1-attempt2,phase2-full-grid-rerun-20260731-l40s-l40s-tp1-f2520-i128-o32-r10-rep1-seg1-attempt2-00088-fbbad44b42fa,0,semaphore_acquired,,
1785511238736372019,1136583731828904,phase2-full-grid-rerun-20260731-l40s-l40s-tp1-f2520-i128-o32-r10-rep1-seg1-attempt2,phase2-full-grid-rerun-20260731-l40s-l40s-tp1-f2520-i128-o32-r10-rep1-seg1-attempt2-00088-fbbad44b42fa,1,attempt_send,,
1785511238744423491,1136583739880196,phase2-full-grid-rerun-20260731-l40s-l40s-tp1-f2520-i128-o32-r10-rep1-seg1-attempt2,phase2-full-grid-rerun-20260731-l40s-l40s-tp1-f2520-i128-o32-r10-rep1-seg1-attempt2-00088-fbbad44b42fa,1,response_headers,200,response_request_id=phase2-full-grid-rerun-20260731-l40s-l40s-tp1-f2520-i128-o32-r10-rep1-seg1-attempt2-00088-fbbad44b42fa
1785511238792377233,1136583787834365,phase2-full-grid-rerun-20260731-l40s-l40s-tp1-f2520-i128-o32-r10-rep1-seg1-attempt2,phase2-full-grid-rerun-20260731-l40s-l40s-tp1-f2520-i128-o32-r10-rep1-seg1-attempt2-00081-3d6b8d9a3fe5,1,request_complete,200,
1785511238809938591,1136583805395313,phase2-full-grid-rerun-20260731-l40s-l40s-tp1-f2520-i128-o32-r10-rep1-seg1-attempt2,phase2-full-grid-rerun-20260731-l40s-l40s-tp1-f2520-i128-o32-r10-rep1-seg1-attempt2-00088-fbbad44b42fa,1,first_token,,
1785511238832636014,1136583828092916,phase2-full-grid-rerun-20260731-l40s-l40s-tp1-f2520-i128-o32-r10-rep1-seg1-attempt2,phase2-full-grid-rerun-20260731-l40s-l40s-tp1-f2520-i128-o32-r10-rep1-seg1-attempt2-00089-7e3dfadded7d,0,client_ready,,
1785511238834764283,1136583830220721,phase2-full-grid-rerun-20260731-l40s-l40s-tp1-f2520-i128-o32-r10-rep1-seg1-attempt2,phase2-full-grid-rerun-20260731-l40s-l40s-tp1-f2520-i128-o32-r10-rep1-seg1-attempt2-00089-7e3dfadded7d,0,semaphore_acquired,,
1785511238836080916,1136583831537617,phase2-full-grid-rerun-20260731-l40s-l40s-tp1-f2520-i128-o32-r10-rep1-seg1-attempt2,phase2-full-grid-rerun-20260731-l40s-l40s-tp1-f2520-i128-o32-r10-rep1-seg1-attempt2-00089-7e3dfadded7d,1,attempt_send,,
1785511238841683893,1136583837140518,phase2-full-grid-rerun-20260731-l40s-l40s-tp1-f2520-i128-o32-r10-rep1-seg1-attempt2,phase2-full-grid-rerun-20260731-l40s-l40s-tp1-f2520-i128-o32-r10-rep1-seg1-attempt2-00089-7e3dfadded7d,1,response_headers,200,response_request_id=phase2-full-grid-rerun-20260731-l40s-l40s-tp1-f2520-i128-o32-r10-rep1-seg1-attempt2-00089-7e3dfadded7d
1785511238880440946,1136583875897941,phase2-full-grid-rerun-20260731-l40s-l40s-tp1-f2520-i128-o32-r10-rep1-seg1-attempt2,phase2-full-grid-rerun-20260731-l40s-l40s-tp1-f2520-i128-o32-r10-rep1-seg1-attempt2-00082-73f46ef4fa7c,1,request_complete,200,
1785511238898092251,1136583893549033,phase2-full-grid-rerun-20260731-l40s-l40s-tp1-f2520-i128-o32-r10-rep1-seg1-attempt2,phase2-full-grid-rerun-20260731-l40s-l40s-tp1-f2520-i128-o32-r10-rep1-seg1-attempt2-00089-7e3dfadded7d,1,first_token,,
1785511238933147329,1136583928604302,phase2-full-grid-rerun-20260731-l40s-l40s-tp1-f2520-i128-o32-r10-rep1-seg1-attempt2,phase2-full-grid-rerun-20260731-l40s-l40s-tp1-f2520-i128-o32-r10-rep1-seg1-attempt2-00090-511cb127b0b8,0,client_ready,,
1785511238935569046,1136583931025541,phase2-full-grid-rerun-20260731-l40s-l40s-tp1-f2520-i128-o32-r10-rep1-seg1-attempt2,phase2-full-grid-rerun-20260731-l40s-l40s-tp1-f2520-i128-o32-r10-rep1-seg1-attempt2-00090-511cb127b0b8,0,semaphore_acquired,,
1785511238936954875,1136583932411645,phase2-full-grid-rerun-20260731-l40s-l40s-tp1-f2520-i128-o32-r10-rep1-seg1-attempt2,phase2-full-grid-rerun-20260731-l40s-l40s-tp1-f2520-i128-o32-r10-rep1-seg1-attempt2-00090-511cb127b0b8,1,attempt_send,,
1785511238942837348,1136583938294046,phase2-full-grid-rerun-20260731-l40s-l40s-tp1-f2520-i128-o32-r10-rep1-seg1-attempt2,phase2-full-grid-rerun-20260731-l40s-l40s-tp1-f2520-i128-o32-r10-rep1-seg1-attempt2-00090-511cb127b0b8,1,response_headers,200,response_request_id=phase2-full-grid-rerun-20260731-l40s-l40s-tp1-f2520-i128-o32-r10-rep1-seg1-attempt2-00090-511cb127b0b8
1785511238990198724,1136583985655724,phase2-full-grid-rerun-20260731-l40s-l40s-tp1-f2520-i128-o32-r10-rep1-seg1-attempt2,phase2-full-grid-rerun-20260731-l40s-l40s-tp1-f2520-i128-o32-r10-rep1-seg1-attempt2-00083-03120bb60305,1,request_complete,200,
1785511239006572670,1136584002029420,phase2-full-grid-rerun-20260731-l40s-l40s-tp1-f2520-i128-o32-r10-rep1-seg1-attempt2,phase2-full-grid-rerun-20260731-l40s-l40s-tp1-f2520-i128-o32-r10-rep1-seg1-attempt2-00090-511cb127b0b8,1,first_token,,
1785511239033020679,1136584028477362,phase2-full-grid-rerun-20260731-l40s-l40s-tp1-f2520-i128-o32-r10-rep1-seg1-attempt2,phase2-full-grid-rerun-20260731-l40s-l40s-tp1-f2520-i128-o32-r10-rep1-seg1-attempt2-00091-8e94c6185a1a,0,client_ready,,
1785511239035434859,1136584030891302,phase2-full-grid-rerun-20260731-l40s-l40s-tp1-f2520-i128-o32-r10-rep1-seg1-attempt2,phase2-full-grid-rerun-20260731-l40s-l40s-tp1-f2520-i128-o32-r10-rep1-seg1-attempt2-00091-8e94c6185a1a,0,semaphore_acquired,,
1785511239037144101,1136584032600736,phase2-full-grid-rerun-20260731-l40s-l40s-tp1-f2520-i128-o32-r10-rep1-seg1-attempt2,phase2-full-grid-rerun-20260731-l40s-l40s-tp1-f2520-i128-o32-r10-rep1-seg1-attempt2-00091-8e94c6185a1a,1,attempt_send,,
1785511239043264314,1136584038721046,phase2-full-grid-rerun-20260731-l40s-l40s-tp1-f2520-i128-o32-r10-rep1-seg1-attempt2,phase2-full-grid-rerun-20260731-l40s-l40s-tp1-f2520-i128-o32-r10-rep1-seg1-attempt2-00091-8e94c6185a1a,1,response_headers,200,response_request_id=phase2-full-grid-rerun-20260731-l40s-l40s-tp1-f2520-i128-o32-r10-rep1-seg1-attempt2-00091-8e94c6185a1a
1785511239078298923,1136584073755885,phase2-full-grid-rerun-20260731-l40s-l40s-tp1-f2520-i128-o32-r10-rep1-seg1-attempt2,phase2-full-grid-rerun-20260731-l40s-l40s-tp1-f2520-i128-o32-r10-rep1-seg1-attempt2-00084-33595acafcae,1,request_complete,200,
1785511239094039587,1136584089496209,phase2-full-grid-rerun-20260731-l40s-l40s-tp1-f2520-i128-o32-r10-rep1-seg1-attempt2,phase2-full-grid-rerun-20260731-l40s-l40s-tp1-f2520-i128-o32-r10-rep1-seg1-attempt2-00091-8e94c6185a1a,1,first_token,,
1785511239132797608,1136584128254658,phase2-full-grid-rerun-20260731-l40s-l40s-tp1-f2520-i128-o32-r10-rep1-seg1-attempt2,phase2-full-grid-rerun-20260731-l40s-l40s-tp1-f2520-i128-o32-r10-rep1-seg1-attempt2-00092-36f59f4a3ef9,0,client_ready,,
1785511239135359160,1136584130815652,phase2-full-grid-rerun-20260731-l40s-l40s-tp1-f2520-i128-o32-r10-rep1-seg1-attempt2,phase2-full-grid-rerun-20260731-l40s-l40s-tp1-f2520-i128-o32-r10-rep1-seg1-attempt2-00092-36f59f4a3ef9,0,semaphore_acquired,,
1785511239137143606,1136584132600386,phase2-full-grid-rerun-20260731-l40s-l40s-tp1-f2520-i128-o32-r10-rep1-seg1-attempt2,phase2-full-grid-rerun-20260731-l40s-l40s-tp1-f2520-i128-o32-r10-rep1-seg1-attempt2-00092-36f59f4a3ef9,1,attempt_send,,
1785511239143453635,1136584138910296,phase2-full-grid-rerun-20260731-l40s-l40s-tp1-f2520-i128-o32-r10-rep1-seg1-attempt2,phase2-full-grid-rerun-20260731-l40s-l40s-tp1-f2520-i128-o32-r10-rep1-seg1-attempt2-00092-36f59f4a3ef9,1,response_headers,200,response_request_id=phase2-full-grid-rerun-20260731-l40s-l40s-tp1-f2520-i128-o32-r10-rep1-seg1-attempt2-00092-36f59f4a3ef9
1785511239186999102,1136584182456067,phase2-full-grid-rerun-20260731-l40s-l40s-tp1-f2520-i128-o32-r10-rep1-seg1-attempt2,phase2-full-grid-rerun-20260731-l40s-l40s-tp1-f2520-i128-o32-r10-rep1-seg1-attempt2-00085-6a984efbdd6f,1,request_complete,200,
1785511239202959575,1136584198416042,phase2-full-grid-rerun-20260731-l40s-l40s-tp1-f2520-i128-o32-r10-rep1-seg1-attempt2,phase2-full-grid-rerun-20260731-l40s-l40s-tp1-f2520-i128-o32-r10-rep1-seg1-attempt2-00092-36f59f4a3ef9,1,first_token,,
1785511239232679279,1136584228135903,phase2-full-grid-rerun-20260731-l40s-l40s-tp1-f2520-i128-o32-r10-rep1-seg1-attempt2,phase2-full-grid-rerun-20260731-l40s-l40s-tp1-f2520-i128-o32-r10-rep1-seg1-attempt2-00093-79f81c918ddc,0,client_ready,,
1785511239235048151,1136584230504589,phase2-full-grid-rerun-20260731-l40s-l40s-tp1-f2520-i128-o32-r10-rep1-seg1-attempt2,phase2-full-grid-rerun-20260731-l40s-l40s-tp1-f2520-i128-o32-r10-rep1-seg1-attempt2-00093-79f81c918ddc,0,semaphore_acquired,,
1785511239236748256,1136584232204987,phase2-full-grid-rerun-20260731-l40s-l40s-tp1-f2520-i128-o32-r10-rep1-seg1-attempt2,phase2-full-grid-rerun-20260731-l40s-l40s-tp1-f2520-i128-o32-r10-rep1-seg1-attempt2-00093-79f81c918ddc,1,attempt_send,,
1785511239242947965,1136584238404685,phase2-full-grid-rerun-20260731-l40s-l40s-tp1-f2520-i128-o32-r10-rep1-seg1-attempt2,phase2-full-grid-rerun-20260731-l40s-l40s-tp1-f2520-i128-o32-r10-rep1-seg1-attempt2-00093-79f81c918ddc,1,response_headers,200,response_request_id=phase2-full-grid-rerun-20260731-l40s-l40s-tp1-f2520-i128-o32-r10-rep1-seg1-attempt2-00093-79f81c918ddc
1785511239274266083,1136584269722889,phase2-full-grid-rerun-20260731-l40s-l40s-tp1-f2520-i128-o32-r10-rep1-seg1-attempt2,phase2-full-grid-rerun-20260731-l40s-l40s-tp1-f2520-i128-o32-r10-rep1-seg1-attempt2-00086-56fc63003653,1,request_complete,200,
1785511239312691892,1136584308148801,phase2-full-grid-rerun-20260731-l40s-l40s-tp1-f2520-i128-o32-r10-rep1-seg1-attempt2,phase2-full-grid-rerun-20260731-l40s-l40s-tp1-f2520-i128-o32-r10-rep1-seg1-attempt2-00093-79f81c918ddc,1,first_token,,
1785511239332533189,1136584327989864,phase2-full-grid-rerun-20260731-l40s-l40s-tp1-f2520-i128-o32-r10-rep1-seg1-attempt2,phase2-full-grid-rerun-20260731-l40s-l40s-tp1-f2520-i128-o32-r10-rep1-seg1-attempt2-00094-6c661297c85f,0,client_ready,,
1785511239334961502,1136584330418050,phase2-full-grid-rerun-20260731-l40s-l40s-tp1-f2520-i128-o32-r10-rep1-seg1-attempt2,phase2-full-grid-rerun-20260731-l40s-l40s-tp1-f2520-i128-o32-r10-rep1-seg1-attempt2-00094-6c661297c85f,0,semaphore_acquired,,
1785511239336737079,1136584332193757,phase2-full-grid-rerun-20260731-l40s-l40s-tp1-f2520-i128-o32-r10-rep1-seg1-attempt2,phase2-full-grid-rerun-20260731-l40s-l40s-tp1-f2520-i128-o32-r10-rep1-seg1-attempt2-00094-6c661297c85f,1,attempt_send,,
1785511239343072879,1136584338529540,phase2-full-grid-rerun-20260731-l40s-l40s-tp1-f2520-i128-o32-r10-rep1-seg1-attempt2,phase2-full-grid-rerun-20260731-l40s-l40s-tp1-f2520-i128-o32-r10-rep1-seg1-attempt2-00094-6c661297c85f,1,response_headers,200,response_request_id=phase2-full-grid-rerun-20260731-l40s-l40s-tp1-f2520-i128-o32-r10-rep1-seg1-attempt2-00094-6c661297c85f
1785511239383151712,1136584378608776,phase2-full-grid-rerun-20260731-l40s-l40s-tp1-f2520-i128-o32-r10-rep1-seg1-attempt2,phase2-full-grid-rerun-20260731-l40s-l40s-tp1-f2520-i128-o32-r10-rep1-seg1-attempt2-00087-060408e354a4,1,request_complete,200,
1785511239400223747,1136584395680354,phase2-full-grid-rerun-20260731-l40s-l40s-tp1-f2520-i128-o32-r10-rep1-seg1-attempt2,phase2-full-grid-rerun-20260731-l40s-l40s-tp1-f2520-i128-o32-r10-rep1-seg1-attempt2-00094-6c661297c85f,1,first_token,,
1785511239432366499,1136584427823454,phase2-full-grid-rerun-20260731-l40s-l40s-tp1-f2520-i128-o32-r10-rep1-seg1-attempt2,phase2-full-grid-rerun-20260731-l40s-l40s-tp1-f2520-i128-o32-r10-rep1-seg1-attempt2-00095-68ab8ddee93c,0,client_ready,,
1785511239435138945,1136584430595438,phase2-full-grid-rerun-20260731-l40s-l40s-tp1-f2520-i128-o32-r10-rep1-seg1-attempt2,phase2-full-grid-rerun-20260731-l40s-l40s-tp1-f2520-i128-o32-r10-rep1-seg1-attempt2-00095-68ab8ddee93c,0,semaphore_acquired,,
1785511239436821633,1136584432278195,phase2-full-grid-rerun-20260731-l40s-l40s-tp1-f2520-i128-o32-r10-rep1-seg1-attempt2,phase2-full-grid-rerun-20260731-l40s-l40s-tp1-f2520-i128-o32-r10-rep1-seg1-attempt2-00095-68ab8ddee93c,1,attempt_send,,
1785511239444446029,1136584439902716,phase2-full-grid-rerun-20260731-l40s-l40s-tp1-f2520-i128-o32-r10-rep1-seg1-attempt2,phase2-full-grid-rerun-20260731-l40s-l40s-tp1-f2520-i128-o32-r10-rep1-seg1-attempt2-00095-68ab8ddee93c,1,response_headers,200,response_request_id=phase2-full-grid-rerun-20260731-l40s-l40s-tp1-f2520-i128-o32-r10-rep1-seg1-attempt2-00095-68ab8ddee93c
1785511239492446876,1136584487903904,phase2-full-grid-rerun-20260731-l40s-l40s-tp1-f2520-i128-o32-r10-rep1-seg1-attempt2,phase2-full-grid-rerun-20260731-l40s-l40s-tp1-f2520-i128-o32-r10-rep1-seg1-attempt2-00088-fbbad44b42fa,1,request_complete,200,
1785511239508795268,1136584504251988,phase2-full-grid-rerun-20260731-l40s-l40s-tp1-f2520-i128-o32-r10-rep1-seg1-attempt2,phase2-full-grid-rerun-20260731-l40s-l40s-tp1-f2520-i128-o32-r10-rep1-seg1-attempt2-00095-68ab8ddee93c,1,first_token,,
1785511239532619657,1136584528076519,phase2-full-grid-rerun-20260731-l40s-l40s-tp1-f2520-i128-o32-r10-rep1-seg1-attempt2,phase2-full-grid-rerun-20260731-l40s-l40s-tp1-f2520-i128-o32-r10-rep1-seg1-attempt2-00096-9bf1b30ea85f,0,client_ready,,
1785511239534953328,1136584530409818,phase2-full-grid-rerun-20260731-l40s-l40s-tp1-f2520-i128-o32-r10-rep1-seg1-attempt2,phase2-full-grid-rerun-20260731-l40s-l40s-tp1-f2520-i128-o32-r10-rep1-seg1-attempt2-00096-9bf1b30ea85f,0,semaphore_acquired,,
1785511239536633919,1136584532090589,phase2-full-grid-rerun-20260731-l40s-l40s-tp1-f2520-i128-o32-r10-rep1-seg1-attempt2,phase2-full-grid-rerun-20260731-l40s-l40s-tp1-f2520-i128-o32-r10-rep1-seg1-attempt2-00096-9bf1b30ea85f,1,attempt_send,,
1785511239542767896,1136584538224671,phase2-full-grid-rerun-20260731-l40s-l40s-tp1-f2520-i128-o32-r10-rep1-seg1-attempt2,phase2-full-grid-rerun-20260731-l40s-l40s-tp1-f2520-i128-o32-r10-rep1-seg1-attempt2-00096-9bf1b30ea85f,1,response_headers,200,response_request_id=phase2-full-grid-rerun-20260731-l40s-l40s-tp1-f2520-i128-o32-r10-rep1-seg1-attempt2-00096-9bf1b30ea85f
1785511239580684256,1136584576141675,phase2-full-grid-rerun-20260731-l40s-l40s-tp1-f2520-i128-o32-r10-rep1-seg1-attempt2,phase2-full-grid-rerun-20260731-l40s-l40s-tp1-f2520-i128-o32-r10-rep1-seg1-attempt2-00089-7e3dfadded7d,1,request_complete,200,
1785511239597125358,1136584592582076,phase2-full-grid-rerun-20260731-l40s-l40s-tp1-f2520-i128-o32-r10-rep1-seg1-attempt2,phase2-full-grid-rerun-20260731-l40s-l40s-tp1-f2520-i128-o32-r10-rep1-seg1-attempt2-00096-9bf1b30ea85f,1,first_token,,
1785511239633007845,1136584628464764,phase2-full-grid-rerun-20260731-l40s-l40s-tp1-f2520-i128-o32-r10-rep1-seg1-attempt2,phase2-full-grid-rerun-20260731-l40s-l40s-tp1-f2520-i128-o32-r10-rep1-seg1-attempt2-00097-fcd57594aa9a,0,client_ready,,
1785511239635486287,1136584630942804,phase2-full-grid-rerun-20260731-l40s-l40s-tp1-f2520-i128-o32-r10-rep1-seg1-attempt2,phase2-full-grid-rerun-20260731-l40s-l40s-tp1-f2520-i128-o32-r10-rep1-seg1-attempt2-00097-fcd57594aa9a,0,semaphore_acquired,,
1785511239637168350,1136584632624995,phase2-full-grid-rerun-20260731-l40s-l40s-tp1-f2520-i128-o32-r10-rep1-seg1-attempt2,phase2-full-grid-rerun-20260731-l40s-l40s-tp1-f2520-i128-o32-r10-rep1-seg1-attempt2-00097-fcd57594aa9a,1,attempt_send,,
1785511239643081307,1136584638538012,phase2-full-grid-rerun-20260731-l40s-l40s-tp1-f2520-i128-o32-r10-rep1-seg1-attempt2,phase2-full-grid-rerun-20260731-l40s-l40s-tp1-f2520-i128-o32-r10-rep1-seg1-attempt2-00097-fcd57594aa9a,1,response_headers,200,response_request_id=phase2-full-grid-rerun-20260731-l40s-l40s-tp1-f2520-i128-o32-r10-rep1-seg1-attempt2-00097-fcd57594aa9a
1785511239689137775,1136584684594857,phase2-full-grid-rerun-20260731-l40s-l40s-tp1-f2520-i128-o32-r10-rep1-seg1-attempt2,phase2-full-grid-rerun-20260731-l40s-l40s-tp1-f2520-i128-o32-r10-rep1-seg1-attempt2-00090-511cb127b0b8,1,request_complete,200,
1785511239705824037,1136584701280659,phase2-full-grid-rerun-20260731-l40s-l40s-tp1-f2520-i128-o32-r10-rep1-seg1-attempt2,phase2-full-grid-rerun-20260731-l40s-l40s-tp1-f2520-i128-o32-r10-rep1-seg1-attempt2-00097-fcd57594aa9a,1,first_token,,
1785511239732515364,1136584727972043,phase2-full-grid-rerun-20260731-l40s-l40s-tp1-f2520-i128-o32-r10-rep1-seg1-attempt2,phase2-full-grid-rerun-20260731-l40s-l40s-tp1-f2520-i128-o32-r10-rep1-seg1-attempt2-00098-e99b407b8ea3,0,client_ready,,
1785511239735090170,1136584730546562,phase2-full-grid-rerun-20260731-l40s-l40s-tp1-f2520-i128-o32-r10-rep1-seg1-attempt2,phase2-full-grid-rerun-20260731-l40s-l40s-tp1-f2520-i128-o32-r10-rep1-seg1-attempt2-00098-e99b407b8ea3,0,semaphore_acquired,,
1785511239737036899,1136584732493501,phase2-full-grid-rerun-20260731-l40s-l40s-tp1-f2520-i128-o32-r10-rep1-seg1-attempt2,phase2-full-grid-rerun-20260731-l40s-l40s-tp1-f2520-i128-o32-r10-rep1-seg1-attempt2-00098-e99b407b8ea3,1,attempt_send,,
1785511239743217125,1136584738673949,phase2-full-grid-rerun-20260731-l40s-l40s-tp1-f2520-i128-o32-r10-rep1-seg1-attempt2,phase2-full-grid-rerun-20260731-l40s-l40s-tp1-f2520-i128-o32-r10-rep1-seg1-attempt2-00098-e99b407b8ea3,1,response_headers,200,response_request_id=phase2-full-grid-rerun-20260731-l40s-l40s-tp1-f2520-i128-o32-r10-rep1-seg1-attempt2-00098-e99b407b8ea3
1785511239776663838,1136584772120653,phase2-full-grid-rerun-20260731-l40s-l40s-tp1-f2520-i128-o32-r10-rep1-seg1-attempt2,phase2-full-grid-rerun-20260731-l40s-l40s-tp1-f2520-i128-o32-r10-rep1-seg1-attempt2-00091-8e94c6185a1a,1,request_complete,200,
1785511239814460304,1136584809917199,phase2-full-grid-rerun-20260731-l40s-l40s-tp1-f2520-i128-o32-r10-rep1-seg1-attempt2,phase2-full-grid-rerun-20260731-l40s-l40s-tp1-f2520-i128-o32-r10-rep1-seg1-attempt2-00098-e99b407b8ea3,1,first_token,,
1785511239832761123,1136584828217900,phase2-full-grid-rerun-20260731-l40s-l40s-tp1-f2520-i128-o32-r10-rep1-seg1-attempt2,phase2-full-grid-rerun-20260731-l40s-l40s-tp1-f2520-i128-o32-r10-rep1-seg1-attempt2-00099-bc4453f945e7,0,client_ready,,
1785511239834917647,1136584830374055,phase2-full-grid-rerun-20260731-l40s-l40s-tp1-f2520-i128-o32-r10-rep1-seg1-attempt2,phase2-full-grid-rerun-20260731-l40s-l40s-tp1-f2520-i128-o32-r10-rep1-seg1-attempt2-00099-bc4453f945e7,0,semaphore_acquired,,
1785511239836659854,1136584832116545,phase2-full-grid-rerun-20260731-l40s-l40s-tp1-f2520-i128-o32-r10-rep1-seg1-attempt2,phase2-full-grid-rerun-20260731-l40s-l40s-tp1-f2520-i128-o32-r10-rep1-seg1-attempt2-00099-bc4453f945e7,1,attempt_send,,
1785511239842823243,1136584838279927,phase2-full-grid-rerun-20260731-l40s-l40s-tp1-f2520-i128-o32-r10-rep1-seg1-attempt2,phase2-full-grid-rerun-20260731-l40s-l40s-tp1-f2520-i128-o32-r10-rep1-seg1-attempt2-00099-bc4453f945e7,1,response_headers,200,response_request_id=phase2-full-grid-rerun-20260731-l40s-l40s-tp1-f2520-i128-o32-r10-rep1-seg1-attempt2-00099-bc4453f945e7
1785511239885298184,1136584880755179,phase2-full-grid-rerun-20260731-l40s-l40s-tp1-f2520-i128-o32-r10-rep1-seg1-attempt2,phase2-full-grid-rerun-20260731-l40s-l40s-tp1-f2520-i128-o32-r10-rep1-seg1-attempt2-00092-36f59f4a3ef9,1,request_complete,200,
1785511239901884001,1136584897340746,phase2-full-grid-rerun-20260731-l40s-l40s-tp1-f2520-i128-o32-r10-rep1-seg1-attempt2,phase2-full-grid-rerun-20260731-l40s-l40s-tp1-f2520-i128-o32-r10-rep1-seg1-attempt2-00099-bc4453f945e7,1,first_token,,
1785511239933921315,1136584929378353,phase2-full-grid-rerun-20260731-l40s-l40s-tp1-f2520-i128-o32-r10-rep1-seg1-attempt2,phase2-full-grid-rerun-20260731-l40s-l40s-tp1-f2520-i128-o32-r10-rep1-seg1-attempt2-00100-c67442a5d34d,0,client_ready,,
1785511239936127049,1136584931583579,phase2-full-grid-rerun-20260731-l40s-l40s-tp1-f2520-i128-o32-r10-rep1-seg1-attempt2,phase2-full-grid-rerun-20260731-l40s-l40s-tp1-f2520-i128-o32-r10-rep1-seg1-attempt2-00100-c67442a5d34d,0,semaphore_acquired,,
1785511239937494696,1136584932951211,phase2-full-grid-rerun-20260731-l40s-l40s-tp1-f2520-i128-o32-r10-rep1-seg1-attempt2,phase2-full-grid-rerun-20260731-l40s-l40s-tp1-f2520-i128-o32-r10-rep1-seg1-attempt2-00100-c67442a5d34d,1,attempt_send,,
1785511239944770676,1136584940227299,phase2-full-grid-rerun-20260731-l40s-l40s-tp1-f2520-i128-o32-r10-rep1-seg1-attempt2,phase2-full-grid-rerun-20260731-l40s-l40s-tp1-f2520-i128-o32-r10-rep1-seg1-attempt2-00100-c67442a5d34d,1,response_headers,200,response_request_id=phase2-full-grid-rerun-20260731-l40s-l40s-tp1-f2520-i128-o32-r10-rep1-seg1-attempt2-00100-c67442a5d34d
1785511239994465211,1136584989922129,phase2-full-grid-rerun-20260731-l40s-l40s-tp1-f2520-i128-o32-r10-rep1-seg1-attempt2,phase2-full-grid-rerun-20260731-l40s-l40s-tp1-f2520-i128-o32-r10-rep1-seg1-attempt2-00093-79f81c918ddc,1,request_complete,200,
1785511240010685998,1136585006142640,phase2-full-grid-rerun-20260731-l40s-l40s-tp1-f2520-i128-o32-r10-rep1-seg1-attempt2,phase2-full-grid-rerun-20260731-l40s-l40s-tp1-f2520-i128-o32-r10-rep1-seg1-attempt2-00100-c67442a5d34d,1,first_token,,
1785511240032335146,1136585027791871,phase2-full-grid-rerun-20260731-l40s-l40s-tp1-f2520-i128-o32-r10-rep1-seg1-attempt2,phase2-full-grid-rerun-20260731-l40s-l40s-tp1-f2520-i128-o32-r10-rep1-seg1-attempt2-00101-482839d56b74,0,client_ready,,
1785511240034252104,1136585029708522,phase2-full-grid-rerun-20260731-l40s-l40s-tp1-f2520-i128-o32-r10-rep1-seg1-attempt2,phase2-full-grid-rerun-20260731-l40s-l40s-tp1-f2520-i128-o32-r10-rep1-seg1-attempt2-00101-482839d56b74,0,semaphore_acquired,,
1785511240035521607,1136585030978378,phase2-full-grid-rerun-20260731-l40s-l40s-tp1-f2520-i128-o32-r10-rep1-seg1-attempt2,phase2-full-grid-rerun-20260731-l40s-l40s-tp1-f2520-i128-o32-r10-rep1-seg1-attempt2-00101-482839d56b74,1,attempt_send,,
1785511240041164251,1136585036620979,phase2-full-grid-rerun-20260731-l40s-l40s-tp1-f2520-i128-o32-r10-rep1-seg1-attempt2,phase2-full-grid-rerun-20260731-l40s-l40s-tp1-f2520-i128-o32-r10-rep1-seg1-attempt2-00101-482839d56b74,1,response_headers,200,response_request_id=phase2-full-grid-rerun-20260731-l40s-l40s-tp1-f2520-i128-o32-r10-rep1-seg1-attempt2-00101-482839d56b74
1785511240081900851,1136585077357869,phase2-full-grid-rerun-20260731-l40s-l40s-tp1-f2520-i128-o32-r10-rep1-seg1-attempt2,phase2-full-grid-rerun-20260731-l40s-l40s-tp1-f2520-i128-o32-r10-rep1-seg1-attempt2-00094-6c661297c85f,1,request_complete,200,
1785511240099399139,1136585094855817,phase2-full-grid-rerun-20260731-l40s-l40s-tp1-f2520-i128-o32-r10-rep1-seg1-attempt2,phase2-full-grid-rerun-20260731-l40s-l40s-tp1-f2520-i128-o32-r10-rep1-seg1-attempt2-00101-482839d56b74,1,first_token,,
1785511240132329622,1136585127786643,phase2-full-grid-rerun-20260731-l40s-l40s-tp1-f2520-i128-o32-r10-rep1-seg1-attempt2,phase2-full-grid-rerun-20260731-l40s-l40s-tp1-f2520-i128-o32-r10-rep1-seg1-attempt2-00102-d50027374c1e,0,client_ready,,
1785511240134803942,1136585130260577,phase2-full-grid-rerun-20260731-l40s-l40s-tp1-f2520-i128-o32-r10-rep1-seg1-attempt2,phase2-full-grid-rerun-20260731-l40s-l40s-tp1-f2520-i128-o32-r10-rep1-seg1-attempt2-00102-d50027374c1e,0,semaphore_acquired,,
1785511240136224021,1136585131680663,phase2-full-grid-rerun-20260731-l40s-l40s-tp1-f2520-i128-o32-r10-rep1-seg1-attempt2,phase2-full-grid-rerun-20260731-l40s-l40s-tp1-f2520-i128-o32-r10-rep1-seg1-attempt2-00102-d50027374c1e,1,attempt_send,,
1785511240143479716,1136585138936348,phase2-full-grid-rerun-20260731-l40s-l40s-tp1-f2520-i128-o32-r10-rep1-seg1-attempt2,phase2-full-grid-rerun-20260731-l40s-l40s-tp1-f2520-i128-o32-r10-rep1-seg1-attempt2-00102-d50027374c1e,1,response_headers,200,response_request_id=phase2-full-grid-rerun-20260731-l40s-l40s-tp1-f2520-i128-o32-r10-rep1-seg1-attempt2-00102-d50027374c1e
1785511240190564398,1136585186021563,phase2-full-grid-rerun-20260731-l40s-l40s-tp1-f2520-i128-o32-r10-rep1-seg1-attempt2,phase2-full-grid-rerun-20260731-l40s-l40s-tp1-f2520-i128-o32-r10-rep1-seg1-attempt2-00095-68ab8ddee93c,1,request_complete,200,
1785511240207980363,1136585203437155,phase2-full-grid-rerun-20260731-l40s-l40s-tp1-f2520-i128-o32-r10-rep1-seg1-attempt2,phase2-full-grid-rerun-20260731-l40s-l40s-tp1-f2520-i128-o32-r10-rep1-seg1-attempt2-00102-d50027374c1e,1,first_token,,
1785511240232101645,1136585227558248,phase2-full-grid-rerun-20260731-l40s-l40s-tp1-f2520-i128-o32-r10-rep1-seg1-attempt2,phase2-full-grid-rerun-20260731-l40s-l40s-tp1-f2520-i128-o32-r10-rep1-seg1-attempt2-00103-18c9fd9f63bb,0,client_ready,,
1785511240234144011,1136585229600673,phase2-full-grid-rerun-20260731-l40s-l40s-tp1-f2520-i128-o32-r10-rep1-seg1-attempt2,phase2-full-grid-rerun-20260731-l40s-l40s-tp1-f2520-i128-o32-r10-rep1-seg1-attempt2-00103-18c9fd9f63bb,0,semaphore_acquired,,
1785511240235702096,1136585231158693,phase2-full-grid-rerun-20260731-l40s-l40s-tp1-f2520-i128-o32-r10-rep1-seg1-attempt2,phase2-full-grid-rerun-20260731-l40s-l40s-tp1-f2520-i128-o32-r10-rep1-seg1-attempt2-00103-18c9fd9f63bb,1,attempt_send,,
1785511240241673448,1136585237130047,phase2-full-grid-rerun-20260731-l40s-l40s-tp1-f2520-i128-o32-r10-rep1-seg1-attempt2,phase2-full-grid-rerun-20260731-l40s-l40s-tp1-f2520-i128-o32-r10-rep1-seg1-attempt2-00103-18c9fd9f63bb,1,response_headers,200,response_request_id=phase2-full-grid-rerun-20260731-l40s-l40s-tp1-f2520-i128-o32-r10-rep1-seg1-attempt2-00103-18c9fd9f63bb
1785511240278788787,1136585274245832,phase2-full-grid-rerun-20260731-l40s-l40s-tp1-f2520-i128-o32-r10-rep1-seg1-attempt2,phase2-full-grid-rerun-20260731-l40s-l40s-tp1-f2520-i128-o32-r10-rep1-seg1-attempt2-00096-9bf1b30ea85f,1,request_complete,200,
1785511240295887411,1136585291344076,phase2-full-grid-rerun-20260731-l40s-l40s-tp1-f2520-i128-o32-r10-rep1-seg1-attempt2,phase2-full-grid-rerun-20260731-l40s-l40s-tp1-f2520-i128-o32-r10-rep1-seg1-attempt2-00103-18c9fd9f63bb,1,first_token,,
1785511240333063488,1136585328520553,phase2-full-grid-rerun-20260731-l40s-l40s-tp1-f2520-i128-o32-r10-rep1-seg1-attempt2,phase2-full-grid-rerun-20260731-l40s-l40s-tp1-f2520-i128-o32-r10-rep1-seg1-attempt2-00104-0b447bdefaa6,0,client_ready,,
1785511240335774278,1136585331230784,phase2-full-grid-rerun-20260731-l40s-l40s-tp1-f2520-i128-o32-r10-rep1-seg1-attempt2,phase2-full-grid-rerun-20260731-l40s-l40s-tp1-f2520-i128-o32-r10-rep1-seg1-attempt2-00104-0b447bdefaa6,0,semaphore_acquired,,
1785511240337666125,1136585333122696,phase2-full-grid-rerun-20260731-l40s-l40s-tp1-f2520-i128-o32-r10-rep1-seg1-attempt2,phase2-full-grid-rerun-20260731-l40s-l40s-tp1-f2520-i128-o32-r10-rep1-seg1-attempt2-00104-0b447bdefaa6,1,attempt_send,,
1785511240343538034,1136585338994673,phase2-full-grid-rerun-20260731-l40s-l40s-tp1-f2520-i128-o32-r10-rep1-seg1-attempt2,phase2-full-grid-rerun-20260731-l40s-l40s-tp1-f2520-i128-o32-r10-rep1-seg1-attempt2-00104-0b447bdefaa6,1,response_headers,200,response_request_id=phase2-full-grid-rerun-20260731-l40s-l40s-tp1-f2520-i128-o32-r10-rep1-seg1-attempt2-00104-0b447bdefaa6
1785511240387301339,1136585382758407,phase2-full-grid-rerun-20260731-l40s-l40s-tp1-f2520-i128-o32-r10-rep1-seg1-attempt2,phase2-full-grid-rerun-20260731-l40s-l40s-tp1-f2520-i128-o32-r10-rep1-seg1-attempt2-00097-fcd57594aa9a,1,request_complete,200,
1785511240404375558,1136585399832361,phase2-full-grid-rerun-20260731-l40s-l40s-tp1-f2520-i128-o32-r10-rep1-seg1-attempt2,phase2-full-grid-rerun-20260731-l40s-l40s-tp1-f2520-i128-o32-r10-rep1-seg1-attempt2-00104-0b447bdefaa6,1,first_token,,
1785511240432558003,1136585428014749,phase2-full-grid-rerun-20260731-l40s-l40s-tp1-f2520-i128-o32-r10-rep1-seg1-attempt2,phase2-full-grid-rerun-20260731-l40s-l40s-tp1-f2520-i128-o32-r10-rep1-seg1-attempt2-00105-5966a7b89dc7,0,client_ready,,
1785511240434800884,1136585430257403,phase2-full-grid-rerun-20260731-l40s-l40s-tp1-f2520-i128-o32-r10-rep1-seg1-attempt2,phase2-full-grid-rerun-20260731-l40s-l40s-tp1-f2520-i128-o32-r10-rep1-seg1-attempt2-00105-5966a7b89dc7,0,semaphore_acquired,,
1785511240436135420,1136585431592125,phase2-full-grid-rerun-20260731-l40s-l40s-tp1-f2520-i128-o32-r10-rep1-seg1-attempt2,phase2-full-grid-rerun-20260731-l40s-l40s-tp1-f2520-i128-o32-r10-rep1-seg1-attempt2-00105-5966a7b89dc7,1,attempt_send,,
1785511240443233285,1136585438689865,phase2-full-grid-rerun-20260731-l40s-l40s-tp1-f2520-i128-o32-r10-rep1-seg1-attempt2,phase2-full-grid-rerun-20260731-l40s-l40s-tp1-f2520-i128-o32-r10-rep1-seg1-attempt2-00105-5966a7b89dc7,1,response_headers,200,response_request_id=phase2-full-grid-rerun-20260731-l40s-l40s-tp1-f2520-i128-o32-r10-rep1-seg1-attempt2-00105-5966a7b89dc7
1785511240496948845,1136585492406128,phase2-full-grid-rerun-20260731-l40s-l40s-tp1-f2520-i128-o32-r10-rep1-seg1-attempt2,phase2-full-grid-rerun-20260731-l40s-l40s-tp1-f2520-i128-o32-r10-rep1-seg1-attempt2-00098-e99b407b8ea3,1,request_complete,200,
1785511240513755749,1136585509212494,phase2-full-grid-rerun-20260731-l40s-l40s-tp1-f2520-i128-o32-r10-rep1-seg1-attempt2,phase2-full-grid-rerun-20260731-l40s-l40s-tp1-f2520-i128-o32-r10-rep1-seg1-attempt2-00105-5966a7b89dc7,1,first_token,,
1785511240532287616,1136585527744268,phase2-full-grid-rerun-20260731-l40s-l40s-tp1-f2520-i128-o32-r10-rep1-seg1-attempt2,phase2-full-grid-rerun-20260731-l40s-l40s-tp1-f2520-i128-o32-r10-rep1-seg1-attempt2-00106-b3c218ed51a2,0,client_ready,,
1785511240534511957,1136585529968396,phase2-full-grid-rerun-20260731-l40s-l40s-tp1-f2520-i128-o32-r10-rep1-seg1-attempt2,phase2-full-grid-rerun-20260731-l40s-l40s-tp1-f2520-i128-o32-r10-rep1-seg1-attempt2-00106-b3c218ed51a2,0,semaphore_acquired,,
1785511240536099406,1136585531555869,phase2-full-grid-rerun-20260731-l40s-l40s-tp1-f2520-i128-o32-r10-rep1-seg1-attempt2,phase2-full-grid-rerun-20260731-l40s-l40s-tp1-f2520-i128-o32-r10-rep1-seg1-attempt2-00106-b3c218ed51a2,1,attempt_send,,
1785511240542098731,1136585537555320,phase2-full-grid-rerun-20260731-l40s-l40s-tp1-f2520-i128-o32-r10-rep1-seg1-attempt2,phase2-full-grid-rerun-20260731-l40s-l40s-tp1-f2520-i128-o32-r10-rep1-seg1-attempt2-00106-b3c218ed51a2,1,response_headers,200,response_request_id=phase2-full-grid-rerun-20260731-l40s-l40s-tp1-f2520-i128-o32-r10-rep1-seg1-attempt2-00106-b3c218ed51a2
1785511240585003391,1136585580460369,phase2-full-grid-rerun-20260731-l40s-l40s-tp1-f2520-i128-o32-r10-rep1-seg1-attempt2,phase2-full-grid-rerun-20260731-l40s-l40s-tp1-f2520-i128-o32-r10-rep1-seg1-attempt2-00099-bc4453f945e7,1,request_complete,200,
1785511240601253872,1136585596710530,phase2-full-grid-rerun-20260731-l40s-l40s-tp1-f2520-i128-o32-r10-rep1-seg1-attempt2,phase2-full-grid-rerun-20260731-l40s-l40s-tp1-f2520-i128-o32-r10-rep1-seg1-attempt2-00106-b3c218ed51a2,1,first_token,,
1785511240632759930,1136585628216782,phase2-full-grid-rerun-20260731-l40s-l40s-tp1-f2520-i128-o32-r10-rep1-seg1-attempt2,phase2-full-grid-rerun-20260731-l40s-l40s-tp1-f2520-i128-o32-r10-rep1-seg1-attempt2-00107-e7514c3f2cac,0,client_ready,,
1785511240634804816,1136585630261341,phase2-full-grid-rerun-20260731-l40s-l40s-tp1-f2520-i128-o32-r10-rep1-seg1-attempt2,phase2-full-grid-rerun-20260731-l40s-l40s-tp1-f2520-i128-o32-r10-rep1-seg1-attempt2-00107-e7514c3f2cac,0,semaphore_acquired,,
1785511240636152519,1136585631609028,phase2-full-grid-rerun-20260731-l40s-l40s-tp1-f2520-i128-o32-r10-rep1-seg1-attempt2,phase2-full-grid-rerun-20260731-l40s-l40s-tp1-f2520-i128-o32-r10-rep1-seg1-attempt2-00107-e7514c3f2cac,1,attempt_send,,
1785511240644377215,1136585639833820,phase2-full-grid-rerun-20260731-l40s-l40s-tp1-f2520-i128-o32-r10-rep1-seg1-attempt2,phase2-full-grid-rerun-20260731-l40s-l40s-tp1-f2520-i128-o32-r10-rep1-seg1-attempt2-00107-e7514c3f2cac,1,response_headers,200,response_request_id=phase2-full-grid-rerun-20260731-l40s-l40s-tp1-f2520-i128-o32-r10-rep1-seg1-attempt2-00107-e7514c3f2cac
1785511240691888803,1136585687345822,phase2-full-grid-rerun-20260731-l40s-l40s-tp1-f2520-i128-o32-r10-rep1-seg1-attempt2,phase2-full-grid-rerun-20260731-l40s-l40s-tp1-f2520-i128-o32-r10-rep1-seg1-attempt2-00100-c67442a5d34d,1,request_complete,200,
1785511240709658991,1136585705115707,phase2-full-grid-rerun-20260731-l40s-l40s-tp1-f2520-i128-o32-r10-rep1-seg1-attempt2,phase2-full-grid-rerun-20260731-l40s-l40s-tp1-f2520-i128-o32-r10-rep1-seg1-attempt2-00107-e7514c3f2cac,1,first_token,,
1785511240732645101,1136585728101909,phase2-full-grid-rerun-20260731-l40s-l40s-tp1-f2520-i128-o32-r10-rep1-seg1-attempt2,phase2-full-grid-rerun-20260731-l40s-l40s-tp1-f2520-i128-o32-r10-rep1-seg1-attempt2-00108-326ca6f9293d,0,client_ready,,
1785511240734901049,1136585730357437,phase2-full-grid-rerun-20260731-l40s-l40s-tp1-f2520-i128-o32-r10-rep1-seg1-attempt2,phase2-full-grid-rerun-20260731-l40s-l40s-tp1-f2520-i128-o32-r10-rep1-seg1-attempt2-00108-326ca6f9293d,0,semaphore_acquired,,
1785511240736225953,1136585731682453,phase2-full-grid-rerun-20260731-l40s-l40s-tp1-f2520-i128-o32-r10-rep1-seg1-attempt2,phase2-full-grid-rerun-20260731-l40s-l40s-tp1-f2520-i128-o32-r10-rep1-seg1-attempt2-00108-326ca6f9293d,1,attempt_send,,
