request_id,selected_prefill_endpoint_id,selected_decode_endpoint_id,route_timestamp_wall_s,prefill_completion_wall_s,kv_handoff_completion_wall_s,decode_start_wall_s,decode_completion_wall_s,outcome
phase3c-xpyd_feedback_2p2d_fast_canary_prod_hits_r8_257114-0000,P1,D1,1788521295.3090403,1788521295.443004,1788521295.443007,1788521295.4431126,1788521299.04554,completed
phase3c-xpyd_feedback_2p2d_fast_canary_prod_hits_r8_257114-0001,P1,D1,1788521299.0557365,1788521299.2929335,1788521299.2929366,1788521299.2930584,1788521302.9653738,completed
phase3c-xpyd_feedback_2p2d_fast_canary_prod_hits_r8_257114-0002,P1,D1,1788521302.9746516,1788521303.351631,1788521303.3516335,1788521303.3517745,1788521307.098734,completed
phase3c-xpyd_feedback_2p2d_fast_canary_prod_hits_r8_257114-0003,P1,D1,1788521307.1074908,1788521307.2261744,1788521307.2261765,1788521307.2262597,1788521314.4053843,completed
phase3c-xpyd_feedback_2p2d_fast_canary_prod_hits_r8_257114-0004,P1,D1,1788521314.4158654,1788521314.532109,1788521314.5321112,1788521314.5321949,1788521328.893378,completed
phase3c-xpyd_feedback_2p2d_fast_canary_prod_hits_r8_257114-0005,P1,D1,1788521328.9025931,1788521329.0468845,1788521329.0468867,1788521329.0469706,1788521336.2867827,completed
phase3c-xpyd_feedback_2p2d_fast_canary_prod_hits_r8_257114-0006,P1,D1,1788521336.2959595,1788521336.6743343,1788521336.6743362,1788521336.6744196,1788521351.590479,completed
phase3c-xpyd_feedback_2p2d_fast_canary_prod_hits_r8_257114-0007,P1,D1,1788521351.59626,1788521351.6994953,1788521351.6994975,1788521351.6995752,1788521355.2977748,completed
phase3c-xpyd_feedback_2p2d_fast_canary_prod_hits_r8_257114-0008,P1,D1,1788521355.3038263,1788521355.515948,1788521355.5159504,1788521355.5160375,1788521359.18497,completed
phase3c-xpyd_feedback_2p2d_fast_canary_prod_hits_r8_257114-0009,P1,D1,1788521359.1917207,1788521359.5665402,1788521359.5665424,1788521359.5666206,1788521363.3129852,completed
phase3c-xpyd_feedback_2p2d_fast_canary_prod_hits_r8_257114-0010,P1,D1,1788521363.3197286,1788521363.4237466,1788521363.4237485,1788521363.4238238,1788521370.601702,completed
phase3c-xpyd_feedback_2p2d_fast_canary_prod_hits_r8_257114-0011,P1,D1,1788521370.608004,1788521370.7162457,1788521370.716248,1788521370.7163243,1788521385.0762603,completed
phase3c-xpyd_feedback_2p2d_fast_canary_prod_hits_r8_257114-0012,P1,D1,1788521385.082501,1788521385.2109456,1788521385.2109478,1788521385.2110324,1788521392.4505847,completed
phase3c-xpyd_feedback_2p2d_fast_canary_prod_hits_r8_257114-0013,P1,D1,1788521392.456962,1788521392.8367329,1788521392.836735,1788521392.8368168,1788521407.752163,completed
phase3c-xpyd_feedback_2p2d_fast_canary_prod_hits_r8_257114-0014,P1,D1,1788521407.7603598,1788521407.8662808,1788521407.8662827,1788521407.8663695,1788521411.464745,completed
phase3c-xpyd_feedback_2p2d_fast_canary_prod_hits_r8_257114-0015,P1,D1,1788521411.471214,1788521411.6878808,1788521411.6878827,1788521411.687969,1788521415.3578699,completed
phase3c-xpyd_feedback_2p2d_fast_canary_prod_hits_r8_257114-0016,P1,D1,1788521415.3655915,1788521415.736272,1788521415.7362742,1788521415.7363634,1788521419.4857924,completed
phase3c-xpyd_feedback_2p2d_fast_canary_prod_hits_r8_257114-0017,P1,D1,1788521419.4942753,1788521419.5979147,1788521419.5979166,1788521419.5979905,1788521426.7778816,completed
phase3c-xpyd_feedback_2p2d_fast_canary_prod_hits_r8_257114-0018,P1,D1,1788521426.7847753,1788521426.8951342,1788521426.8951366,1788521426.895229,1788521441.2571726,completed
phase3c-xpyd_feedback_2p2d_fast_canary_prod_hits_r8_257114-0019,P1,D1,1788521441.2659984,1788521441.39794,1788521441.3979423,1788521441.398024,1788521448.6368332,completed
phase3c-xpyd_feedback_2p2d_fast_canary_prod_hits_r8_257114-0020,P1,D1,1788521448.6453848,1788521449.014057,1788521449.014059,1788521449.0141435,1788521463.9274569,completed
phase3c-xpyd_feedback_2p2d_fast_canary_prod_hits_r8_257114-0021,P1,D1,1788521463.9355228,1788521464.044933,1788521464.0449352,1788521464.0450215,1788521467.64392,completed
phase3c-xpyd_feedback_2p2d_fast_canary_prod_hits_r8_257114-0022,P1,D1,1788521467.6515553,1788521467.8637087,1788521467.8637106,1788521467.8637884,1788521471.5312297,completed
phase3c-xpyd_feedback_2p2d_fast_canary_prod_hits_r8_257114-0023,P1,D1,1788521471.538465,1788521471.9115996,1788521471.9116018,1788521471.9117446,1788521475.6585565,completed
phase3c-xpyd_feedback_2p2d_fast_canary_prod_hits_r8_257114-0024,P1,D1,1788521475.6666582,1788521475.7691576,1788521475.76916,1788521475.7692478,1788521482.948951,completed
phase3c-xpyd_feedback_2p2d_fast_canary_prod_hits_r8_257114-0025,P1,D1,1788521482.9552538,1788521483.0573726,1788521483.057375,1788521483.0574572,1788521497.417194,completed
phase3c-xpyd_feedback_2p2d_fast_canary_prod_hits_r8_257114-0026,P1,D1,1788521497.4255984,1788521497.5522249,1788521497.552227,1788521497.5523086,1788521504.7940025,completed
phase3c-xpyd_feedback_2p2d_fast_canary_prod_hits_r8_257114-0027,P1,D1,1788521504.8012292,1788521505.172288,1788521505.1722903,1788521505.172371,1788521520.0858967,completed
phase3c-xpyd_feedback_2p2d_fast_canary_prod_hits_r8_257114-0028,P1,D1,1788521522.7371058,1788521522.855533,1788521522.8555353,1788521522.8556175,1788521526.5019412,completed
phase3c-xpyd_feedback_2p2d_fast_canary_prod_hits_r8_257114-0029,P1,D1,1788521530.1442695,1788521530.359954,1788521530.3599563,1788521530.3601656,1788521534.0296936,completed
phase3c-xpyd_feedback_2p2d_fast_canary_prod_hits_r8_257114-0030,P1,D1,1788521534.0384119,1788521534.4109302,1788521534.4109325,1788521534.4110167,1788521538.1580942,completed
phase3c-xpyd_feedback_2p2d_fast_canary_prod_hits_r8_257114-0031,P1,D1,1788521538.1650414,1788521538.2688925,1788521538.2688942,1788521538.26898,1788521545.4489057,completed
phase3c-xpyd_feedback_2p2d_fast_canary_prod_hits_r8_257114-0032,P1,D1,1788521545.4557881,1788521545.5610654,1788521545.5610676,1788521545.5611591,1788521559.9209163,completed
phase3c-xpyd_feedback_2p2d_fast_canary_prod_hits_r8_257114-0033,P1,D1,1788521559.9267936,1788521560.0560975,1788521560.0561001,1788521560.0561724,1788521567.2942245,completed
phase3c-xpyd_feedback_2p2d_fast_canary_prod_hits_r8_257114-0034,P1,D1,1788521567.3025234,1788521567.674164,1788521567.674166,1788521567.6742477,1788521582.58743,completed
phase3c-xpyd_feedback_2p2d_fast_canary_prod_hits_r8_257114-0035,P1,D1,1788521585.2947493,1788521585.4118478,1788521585.4118505,1788521585.411935,1788521589.0564432,completed
phase3c-xpyd_feedback_2p2d_fast_canary_prod_hits_r8_257114-0036,P1,D1,1788521592.699489,1788521592.91569,1788521592.9156923,1788521592.9157758,1788521596.5844543,completed
phase3c-xpyd_feedback_2p2d_fast_canary_prod_hits_r8_257114-0037,P1,D1,1788521596.5912638,1788521596.9722342,1788521596.9722364,1788521596.9723232,1788521600.7182913,completed
phase3c-xpyd_feedback_2p2d_fast_canary_prod_hits_r8_257114-0038,P1,D1,1788521600.7268026,1788521600.8348744,1788521600.8348763,1788521600.8349583,1788521608.0144398,completed
phase3c-xpyd_feedback_2p2d_fast_canary_prod_hits_r8_257114-0039,P1,D1,1788521608.020733,1788521608.1339998,1788521608.1340024,1788521608.1340885,1788521622.4943414,completed
phase3c-xpyd_feedback_2p2d_fast_canary_prod_hits_r8_257114-0040,P1,D1,1788521622.5001879,1788521622.6293771,1788521622.629379,1788521622.6294658,1788521629.868031,completed
phase3c-xpyd_feedback_2p2d_fast_canary_prod_hits_r8_257114-0041,P1,D1,1788521629.875249,1788521630.250439,1788521630.2504413,1788521630.250523,1788521645.1626978,completed
phase3c-xpyd_feedback_2p2d_fast_canary_prod_hits_r8_257114-0042,P1,D1,1788521647.8222072,1788521647.9420576,1788521647.9420598,1788521647.9421458,1788521651.5872338,completed
phase3c-xpyd_feedback_2p2d_fast_canary_prod_hits_r8_257114-0043,P1,D1,1788521655.5000517,1788521655.7133172,1788521655.7133195,1788521655.7134147,1788521659.3836255,completed
phase3c-xpyd_feedback_2p2d_fast_canary_prod_hits_r8_257114-0044,P1,D1,1788521659.390685,1788521659.7563019,1788521659.7563038,1788521659.7563868,1788521663.5016944,completed
phase3c-xpyd_feedback_2p2d_fast_canary_prod_hits_r8_257114-0045,P1,D1,1788521663.5081468,1788521663.6100974,1788521663.6101,1788521663.6101851,1788521670.7908409,completed
phase3c-xpyd_feedback_2p2d_fast_canary_prod_hits_r8_257114-0046,P1,D1,1788521670.797687,1788521670.899645,1788521670.8996472,1788521670.8997667,1788521685.2568517,completed
phase3c-xpyd_feedback_2p2d_fast_canary_prod_hits_r8_257114-0047,P1,D1,1788521685.2657268,1788521685.3919115,1788521685.3919134,1788521685.3919969,1788521692.630351,completed
phase3c-xpyd_feedback_2p2d_fast_canary_prod_hits_r8_257114-0048,P1,D1,1788521692.6408813,1788521693.021627,1788521693.0216298,1788521693.0217679,1788521707.9379654,completed
phase3c-xpyd_feedback_2p2d_fast_canary_prod_hits_r8_257114-0049,P1,D1,1788521710.630058,1788521710.754607,1788521710.754609,1788521710.7547393,1788521714.3996205,completed
phase3c-xpyd_feedback_2p2d_fast_canary_prod_hits_r8_257114-0050,P1,D1,1788521715.9325333,1788521716.2486362,1788521716.2486384,1788521716.248762,1788521720.0890737,completed
phase3c-xpyd_feedback_2p2d_fast_canary_prod_hits_r8_257114-0051,P1,D1,1788521722.806239,1788521723.1880574,1788521723.1880593,1788521723.1881464,1788521726.9343305,completed
phase3c-xpyd_feedback_2p2d_fast_canary_prod_hits_r8_257114-0052,P1,D1,1788521726.939301,1788521727.0522096,1788521727.0522122,1788521727.0522988,1788521734.2315743,completed
phase3c-xpyd_feedback_2p2d_fast_canary_prod_hits_r8_257114-0053,P1,D1,1788521734.2395597,1788521734.3518784,1788521734.3518808,1788521734.3519669,1788521748.7104568,completed
phase3c-xpyd_feedback_2p2d_fast_canary_prod_hits_r8_257114-0054,P1,D1,1788521748.7185347,1788521748.858245,1788521748.8582473,1788521748.858331,1788521756.0932934,completed
phase3c-xpyd_feedback_2p2d_fast_canary_prod_hits_r8_257114-0055,P1,D1,1788521756.1016257,1788521756.4833987,1788521756.4834013,1788521756.483483,1788521771.3964236,completed
phase3c-xpyd_feedback_2p2d_fast_canary_prod_hits_r8_257114-0056,P1,D1,1788521774.0774739,1788521774.2028906,1788521774.2028928,1788521774.2029798,1788521777.845518,completed
phase3c-xpyd_feedback_2p2d_fast_canary_prod_hits_r8_257114-0057,P1,D1,1788521779.3470259,1788521779.666569,1788521779.6665714,1788521779.6666577,1788521783.5074496,completed
phase3c-xpyd_feedback_2p2d_fast_canary_prod_hits_r8_257114-0058,P1,D1,1788521787.4671829,1788521787.8476477,1788521787.84765,1788521787.8477874,1788521791.594846,completed
phase3c-xpyd_feedback_2p2d_fast_canary_prod_hits_r8_257114-0059,P1,D1,1788521791.6016176,1788521791.7057853,1788521791.7057877,1788521791.7058735,1788521798.8857763,completed
phase3c-xpyd_feedback_2p2d_fast_canary_prod_hits_r8_257114-0060,P1,D1,1788521798.8916216,1788521798.9919636,1788521798.991966,1788521798.9920669,1788521813.3531804,completed
phase3c-xpyd_feedback_2p2d_fast_canary_prod_hits_r8_257114-0061,P1,D1,1788521813.359627,1788521813.4851546,1788521813.4851568,1788521813.4852397,1788521820.7222583,completed
phase3c-xpyd_feedback_2p2d_fast_canary_prod_hits_r8_257114-0062,P1,D1,1788521820.730613,1788521821.1034048,1788521821.1034071,1788521821.1034937,1788521836.0173035,completed
phase3c-xpyd_feedback_2p2d_fast_canary_prod_hits_r8_257114-0063,P1,D1,1788521838.7386844,1788521838.8595145,1788521838.859517,1788521838.8596292,1788521842.5068247,completed
phase3c-xpyd_feedback_2p2d_fast_canary_prod_hits_r8_257114-0064,P1,D1,1788521844.0054147,1788521844.3154888,1788521844.315491,1788521844.315588,1788521848.1569488,completed
phase3c-xpyd_feedback_2p2d_fast_canary_prod_hits_r8_257114-0065,P1,D1,1788521852.0602725,1788521852.4414227,1788521852.4414248,1788521852.441517,1788521856.1890554,completed
phase3c-xpyd_feedback_2p2d_fast_canary_prod_hits_r8_257114-0066,P1,D1,1788521856.196745,1788521856.3148098,1788521856.3148124,1788521856.3149147,1788521863.4952853,completed
phase3c-xpyd_feedback_2p2d_fast_canary_prod_hits_r8_257114-0067,P1,D1,1788521863.5032642,1788521863.6151388,1788521863.6151414,1788521863.6152408,1788521877.97572,completed
phase3c-xpyd_feedback_2p2d_fast_canary_prod_hits_r8_257114-0068,P1,D1,1788521877.984048,1788521878.1270518,1788521878.1270537,1788521878.1271353,1788521885.3652985,completed
phase3c-xpyd_feedback_2p2d_fast_canary_prod_hits_r8_257114-0069,P1,D1,1788521885.3740017,1788521885.756634,1788521885.7566364,1788521885.7567644,1788521900.6703813,completed
phase3c-xpyd_feedback_2p2d_fast_canary_prod_hits_r8_257114-0070,P1,D1,1788521903.3390734,1788521903.4748006,1788521903.4748027,1788521903.4748924,1788521907.1194808,completed
phase3c-xpyd_feedback_2p2d_fast_canary_prod_hits_r8_257114-0071,P1,D1,1788521908.6463366,1788521908.9669297,1788521908.9669318,1788521908.9670131,1788521912.8073945,completed
phase3c-xpyd_feedback_2p2d_fast_canary_prod_hits_r8_257114-0072,P1,D1,1788521916.4624166,1788521916.8422716,1788521916.8422732,1788521916.8423655,1788521920.5886333,completed
phase3c-xpyd_feedback_2p2d_fast_canary_prod_hits_r8_257114-0073,P1,D1,1788521920.5951936,1788521920.6987576,1788521920.69876,1788521920.6988428,1788521927.8763788,completed
phase3c-xpyd_feedback_2p2d_fast_canary_prod_hits_r8_257114-0074,P1,D1,1788521927.8836708,1788521927.9930754,1788521927.9930775,1788521927.9931588,1788521942.3523893,completed
phase3c-xpyd_feedback_2p2d_fast_canary_prod_hits_r8_257114-0075,P1,D1,1788521942.3595521,1788521942.501044,1788521942.501046,1788521942.5011222,1788521949.7389643,completed
phase3c-xpyd_feedback_2p2d_fast_canary_prod_hits_r8_257114-0076,P1,D1,1788521949.745985,1788521950.1304903,1788521950.1304927,1788521950.1305816,1788521965.044362,completed
phase3c-xpyd_feedback_2p2d_fast_canary_prod_hits_r8_257114-0077,P1,D1,1788521967.6961923,1788521967.832518,1788521967.8325207,1788521967.832622,1788521971.4784327,completed
phase3c-xpyd_feedback_2p2d_fast_canary_prod_hits_r8_257114-0078,P1,D1,1788521972.935037,1788521973.2573726,1788521973.2573748,1788521973.2574682,1788521977.0970104,completed
phase3c-xpyd_feedback_2p2d_fast_canary_prod_hits_r8_257114-0079,P1,D1,1788521981.0045838,1788521981.389022,1788521981.389025,1788521981.3891308,1788521985.136314,completed
phase3c-xpyd_feedback_2p2d_fast_canary_prod_hits_r8_257114-0080,P1,D1,1788521985.1428654,1788521985.2637174,1788521985.26372,1788521985.2638197,1788521992.4428313,completed
phase3c-xpyd_feedback_2p2d_fast_canary_prod_hits_r8_257114-0081,P1,D1,1788521992.449314,1788521992.5683794,1788521992.5683818,1788521992.5684726,1788522006.928685,completed
phase3c-xpyd_feedback_2p2d_fast_canary_prod_hits_r8_257114-0082,P1,D1,1788522006.9361427,1788522007.082098,1788522007.0821002,1788522007.082188,1788522014.321082,completed
phase3c-xpyd_feedback_2p2d_fast_canary_prod_hits_r8_257114-0083,P1,D1,1788522014.3287122,1788522014.7073607,1788522014.707363,1788522014.7074645,1788522029.6220582,completed
phase3c-xpyd_feedback_2p2d_fast_canary_prod_hits_r8_257114-0084,P1,D1,1788522032.2381434,1788522032.3727367,1788522032.3727388,1788522032.3728356,1788522036.0188954,completed
phase3c-xpyd_feedback_2p2d_fast_canary_prod_hits_r8_257114-0085,P1,D1,1788522037.4966202,1788522037.8214486,1788522037.8214512,1788522037.821548,1788522041.6638567,completed
phase3c-xpyd_feedback_2p2d_fast_canary_prod_hits_r8_257114-0086,P1,D1,1788522045.5010424,1788522045.9161804,1788522045.916183,1788522045.916301,1788522049.7567716,completed
phase3c-xpyd_feedback_2p2d_fast_canary_prod_hits_r8_257114-0087,P1,D1,1788522053.6395204,1788522053.7589123,1788522053.7589147,1788522053.7589986,1788522060.9344687,completed
phase3c-xpyd_feedback_2p2d_fast_canary_prod_hits_r8_257114-0088,P1,D1,1788522060.9405603,1788522061.05891,1788522061.0589125,1788522061.059012,1788522075.4199395,completed
phase3c-xpyd_feedback_2p2d_fast_canary_prod_hits_r8_257114-0089,P1,D1,1788522075.4268873,1788522075.5734222,1788522075.5734236,1788522075.5734851,1788522082.8120713,completed
phase3c-xpyd_feedback_2p2d_fast_canary_prod_hits_r8_257114-0090,P1,D1,1788522082.818471,1788522083.200945,1788522083.2009475,1788522083.2010422,1788522098.116068,completed
phase3c-xpyd_feedback_2p2d_fast_canary_prod_hits_r8_257114-0091,P1,D1,1788522100.799904,1788522100.9368155,1788522100.9368184,1788522100.9369278,1788522104.5839372,completed
phase3c-xpyd_feedback_2p2d_fast_canary_prod_hits_r8_257114-0092,P1,D1,1788522106.0417986,1788522106.3624403,1788522106.3624427,1788522106.3625329,1788522110.2039587,completed
phase3c-xpyd_feedback_2p2d_fast_canary_prod_hits_r8_257114-0093,P1,D1,1788522113.814076,1788522114.2254965,1788522114.2254987,1788522114.2255924,1788522118.065826,completed
phase3c-xpyd_feedback_2p2d_fast_canary_prod_hits_r8_257114-0094,P1,D1,1788522121.975143,1788522122.0949256,1788522122.0949278,1788522122.095015,1788522129.2754693,completed
phase3c-xpyd_feedback_2p2d_fast_canary_prod_hits_r8_257114-0095,P1,D1,1788522129.2833362,1788522129.3979726,1788522129.397975,1788522129.398079,1788522143.7589982,completed
phase3c-xpyd_feedback_2p2d_fast_canary_prod_hits_r8_257114-0096,P1,D1,1788522143.7663515,1788522143.9134862,1788522143.9134886,1788522143.9135852,1788522151.1498215,completed
phase3c-xpyd_feedback_2p2d_fast_canary_prod_hits_r8_257114-0097,P1,D1,1788522151.1581638,1788522151.5402863,1788522151.5402882,1788522151.5403712,1788522166.4504533,completed
phase3c-xpyd_feedback_2p2d_fast_canary_prod_hits_r8_257114-0098,P1,D1,1788522169.1604567,1788522169.2943928,1788522169.2943954,1788522169.2944956,1788522172.9369285,completed
phase3c-xpyd_feedback_2p2d_fast_canary_prod_hits_r8_257114-0099,P1,D1,1788522174.4190137,1788522174.7378387,1788522174.7378414,1788522174.7379375,1788522178.577172,completed
phase3c-xpyd_feedback_2p2d_fast_canary_prod_hits_r8_257114-0100,P1,D1,1788522182.2048445,1788522182.6140387,1788522182.6140409,1788522182.6141338,1788522186.452463,completed
phase3c-xpyd_feedback_2p2d_fast_canary_prod_hits_r8_257114-0101,P1,D1,1788522189.1965463,1788522189.3204885,1788522189.320491,1788522189.320588,1788522196.502464,completed
phase3c-xpyd_feedback_2p2d_fast_canary_prod_hits_r8_257114-0102,P1,D1,1788522196.5111291,1788522196.6294978,1788522196.6295002,1788522196.6296022,1788522210.9859357,completed
phase3c-xpyd_feedback_2p2d_fast_canary_prod_hits_r8_257114-0103,P1,D1,1788522210.99221,1788522211.1381412,1788522211.1381433,1788522211.1382256,1788522218.3726492,completed
phase3c-xpyd_feedback_2p2d_fast_canary_prod_hits_r8_257114-0104,P1,D1,1788522218.379921,1788522218.7630973,1788522218.7630997,1788522218.7631915,1788522233.676234,completed
phase3c-xpyd_feedback_2p2d_fast_canary_prod_hits_r8_257114-0105,P1,D1,1788522237.5875864,1788522237.7078054,1788522237.7078075,1788522237.7078993,1788522241.3575497,completed
phase3c-xpyd_feedback_2p2d_fast_canary_prod_hits_r8_257114-0106,P1,D1,1788522242.8641238,1788522243.1732633,1788522243.1732657,1788522243.1733584,1788522247.0115538,completed
phase3c-xpyd_feedback_2p2d_fast_canary_prod_hits_r8_257114-0107,P1,D1,1788522250.9294991,1788522251.337203,1788522251.3372047,1788522251.3372915,1788522255.1759703,completed
phase3c-xpyd_feedback_2p2d_fast_canary_prod_hits_r8_257114-0108,P1,D1,1788522258.1680543,1788522258.2747872,1788522258.2747893,1788522258.2748902,1788522265.4571977,completed
phase3c-xpyd_feedback_2p2d_fast_canary_prod_hits_r8_257114-0109,P1,D1,1788522265.4639308,1788522265.5691593,1788522265.5691612,1788522265.5692484,1788522279.9269385,completed
phase3c-xpyd_feedback_2p2d_fast_canary_prod_hits_r8_257114-0110,P1,D1,1788522279.9346256,1788522280.0635138,1788522280.0635164,1788522280.063609,1788522287.3000698,completed
phase3c-xpyd_feedback_2p2d_fast_canary_prod_hits_r8_257114-0111,P1,D1,1788522287.306953,1788522287.6904259,1788522287.6904283,1788522287.6905367,1788522302.606575,completed
phase3c-xpyd_feedback_2p2d_fast_canary_prod_hits_r8_257114-0112,P1,D1,1788522305.2881646,1788522305.4159086,1788522305.415911,1788522305.4160132,1788522309.0618722,completed
phase3c-xpyd_feedback_2p2d_fast_canary_prod_hits_r8_257114-0113,P1,D1,1788522310.5241373,1788522310.8412232,1788522310.841226,1788522310.8413332,1788522314.6810157,completed
phase3c-xpyd_feedback_2p2d_fast_canary_prod_hits_r8_257114-0114,P1,D1,1788522317.401311,1788522317.8071468,1788522317.8071492,1788522317.8072457,1788522321.6452277,completed
phase3c-xpyd_feedback_2p2d_fast_canary_prod_hits_r8_257114-0115,P1,D1,1788522325.5123837,1788522325.6407223,1788522325.6407242,1788522325.6408124,1788522332.9094484,completed
phase3c-xpyd_feedback_2p2d_fast_canary_prod_hits_r8_257114-0116,P1,D1,1788522335.6089168,1788522335.7121162,1788522335.7121186,1788522335.7122068,1788522350.0728347,completed
phase3c-xpyd_feedback_2p2d_fast_canary_prod_hits_r8_257114-0117,P1,D1,1788522350.0803282,1788522350.2102664,1788522350.2102687,1788522350.2103608,1788522357.4498746,completed
phase3c-xpyd_feedback_2p2d_fast_canary_prod_hits_r8_257114-0118,P1,D1,1788522357.4574974,1788522357.8370836,1788522357.837086,1788522357.8371694,1788522372.7512171,completed
phase3c-xpyd_feedback_2p2d_fast_canary_prod_hits_r8_257114-0119,P1,D1,1788522375.3756957,1788522375.5074298,1788522375.507432,1788522375.5075197,1788522379.1536381,completed
phase3c-xpyd_feedback_2p2d_fast_canary_prod_hits_r8_257114-0120,P1,D1,1788522380.670786,1788522380.9919088,1788522380.9919112,1788522380.9920073,1788522384.8346448,completed
phase3c-xpyd_feedback_2p2d_fast_canary_prod_hits_r8_257114-0121,P1,D1,1788522388.503381,1788522388.9128413,1788522388.9128432,1788522388.9129443,1788522392.7533906,completed
phase3c-xpyd_feedback_2p2d_fast_canary_prod_hits_r8_257114-0122,P1,D1,1788522396.3896308,1788522396.5323055,1788522396.5323071,1788522396.532391,1788522403.803606,completed
phase3c-xpyd_feedback_2p2d_fast_canary_prod_hits_r8_257114-0123,P1,D1,1788522406.4710577,1788522406.5928235,1788522406.592826,1788522406.5929167,1788522420.9546206,completed
phase3c-xpyd_feedback_2p2d_fast_canary_prod_hits_r8_257114-0124,P1,D1,1788522420.9624999,1788522421.1046023,1788522421.1046045,1788522421.1047254,1788522428.342564,completed
phase3c-xpyd_feedback_2p2d_fast_canary_prod_hits_r8_257114-0125,P1,D1,1788522428.3501134,1788522428.7284331,1788522428.7284355,1788522428.7285175,1788522443.6398993,completed
phase3c-xpyd_feedback_2p2d_fast_canary_prod_hits_r8_257114-0126,P1,D1,1788522446.2404377,1788522446.369378,1788522446.3693798,1788522446.369462,1788522450.0138125,completed
phase3c-xpyd_feedback_2p2d_fast_canary_prod_hits_r8_257114-0127,P1,D1,1788522451.4520378,1788522451.769761,1788522451.7697635,1788522451.7698488,1788522455.6239653,completed
phase3c-xpyd_feedback_2p2d_fast_canary_prod_hits_r8_257114-0128,P1,D1,1788522458.3291934,1788522458.7397807,1788522458.7397826,1788522458.7398636,1788522462.5809696,completed
phase3c-xpyd_feedback_2p2d_fast_canary_prod_hits_r8_257114-0129,P1,D1,1788522466.4900804,1788522466.6205308,1788522466.6205332,1788522466.6206179,1788522473.8925927,completed
phase3c-xpyd_feedback_2p2d_fast_canary_prod_hits_r8_257114-0130,P1,D1,1788522476.8693204,1788522476.9823277,1788522476.9823298,1788522476.9824116,1788522491.3419678,completed
phase3c-xpyd_feedback_2p2d_fast_canary_prod_hits_r8_257114-0131,P1,D1,1788522491.3497021,1788522491.4904234,1788522491.490426,1788522491.4905257,1788522498.730368,completed
phase3c-xpyd_feedback_2p2d_fast_canary_prod_hits_r8_257114-0132,P1,D1,1788522498.7406204,1788522499.1175084,1788522499.1175103,1788522499.117595,1788522514.0304768,completed
phase3c-xpyd_feedback_2p2d_fast_canary_prod_hits_r8_257114-0133,P1,D1,1788522516.766146,1788522516.903723,1788522516.903725,1788522516.903809,1788522520.5494888,completed
phase3c-xpyd_feedback_2p2d_fast_canary_prod_hits_r8_257114-0134,P1,D1,1788522522.0412433,1788522522.3645573,1788522522.3645597,1788522522.364649,1788522526.2050996,completed
phase3c-xpyd_feedback_2p2d_fast_canary_prod_hits_r8_257114-0135,P1,D1,1788522529.8510516,1788522530.2584624,1788522530.2584646,1788522530.2585485,1788522534.0992692,completed
phase3c-xpyd_feedback_2p2d_fast_canary_prod_hits_r8_257114-0136,P1,D1,1788522538.016249,1788522538.1471252,1788522538.1471272,1788522538.1472123,1788522545.4194171,completed
phase3c-xpyd_feedback_2p2d_fast_canary_prod_hits_r8_257114-0137,P1,D1,1788522548.1408472,1788522548.2588649,1788522548.258867,1788522548.258951,1788522562.6196966,completed
phase3c-xpyd_feedback_2p2d_fast_canary_prod_hits_r8_257114-0138,P1,D1,1788522562.6261058,1788522562.7555876,1788522562.7555904,1788522562.7557113,1788522569.9956279,completed
phase3c-xpyd_feedback_2p2d_fast_canary_prod_hits_r8_257114-0139,P1,D1,1788522570.0021641,1788522570.3777173,1788522570.3777199,1788522570.3778064,1788522585.2921891,completed
phase3c-xpyd_feedback_2p2d_fast_canary_prod_hits_r8_257114-0140,P1,D1,1788522588.2726216,1788522588.3930955,1788522588.3930976,1788522588.3931937,1788522592.0399494,completed
phase3c-xpyd_feedback_2p2d_fast_canary_prod_hits_r8_257114-0141,P1,D1,1788522593.6050603,1788522593.9156277,1788522593.91563,1788522593.9157436,1788522597.7567723,completed
phase3c-xpyd_feedback_2p2d_fast_canary_prod_hits_r8_257114-0142,P1,D1,1788522601.6660898,1788522602.073002,1788522602.0730042,1788522602.0731115,1788522605.9142733,completed
phase3c-xpyd_feedback_2p2d_fast_canary_prod_hits_r8_257114-0143,P1,D1,1788522609.8669674,1788522609.9945467,1788522609.9945488,1788522609.994628,1788522617.2676547,completed
phase3c-xpyd_feedback_2p2d_fast_canary_prod_hits_r8_257114-0144,P1,D1,1788522619.9395168,1788522620.0565643,1788522620.0565662,1788522620.056649,1788522634.4156961,completed
phase3c-xpyd_feedback_2p2d_fast_canary_prod_hits_r8_257114-0145,P1,D1,1788522634.4237044,1788522634.5592735,1788522634.5592752,1788522634.5593665,1788522641.7981365,completed
phase3c-xpyd_feedback_2p2d_fast_canary_prod_hits_r8_257114-0146,P1,D1,1788522641.805483,1788522642.1817427,1788522642.1817446,1788522642.1818328,1788522657.09568,completed
phase3c-xpyd_feedback_2p2d_fast_canary_prod_hits_r8_257114-0147,P1,D1,1788522660.0152297,1788522660.144609,1788522660.144612,1788522660.1447437,1788522663.7949362,completed
phase3c-xpyd_feedback_2p2d_fast_canary_prod_hits_r8_257114-0148,P1,D1,1788522665.2602103,1788522665.5650082,1788522665.5650108,1788522665.5651026,1788522669.4052153,completed
phase3c-xpyd_feedback_2p2d_fast_canary_prod_hits_r8_257114-0149,P1,D1,1788522672.257833,1788522672.6646085,1788522672.6646109,1788522672.664729,1788522676.5050423,completed
phase3c-xpyd_feedback_2p2d_fast_canary_prod_hits_r8_257114-0150,P1,D1,1788522680.4018033,1788522680.5294085,1788522680.5294104,1788522680.5294945,1788522687.802119,completed
phase3c-xpyd_feedback_2p2d_fast_canary_prod_hits_r8_257114-0151,P1,D1,1788522690.544617,1788522690.6604457,1788522690.6604478,1788522690.6605353,1788522705.0210843,completed
phase3c-xpyd_feedback_2p2d_fast_canary_prod_hits_r8_257114-0152,P1,D1,1788522705.0278623,1788522705.1604607,1788522705.1604626,1788522705.1605508,1788522712.396889,completed
phase3c-xpyd_feedback_2p2d_fast_canary_prod_hits_r8_257114-0153,P1,D1,1788522712.4034033,1788522712.779543,1788522712.7795453,1788522712.7796419,1788522727.703625,completed
phase3c-xpyd_feedback_2p2d_fast_canary_prod_hits_r8_257114-0154,P1,D1,1788522730.3693883,1788522730.4889355,1788522730.488938,1788522730.489037,1788522734.1347437,completed
phase3c-xpyd_feedback_2p2d_fast_canary_prod_hits_r8_257114-0155,P1,D1,1788522735.6094303,1788522735.9218993,1788522735.921901,1788522735.9219952,1788522739.763741,completed
phase3c-xpyd_feedback_2p2d_fast_canary_prod_hits_r8_257114-0156,P1,D1,1788522743.6884887,1788522744.0932176,1788522744.0932195,1788522744.0932982,1788522747.9325619,completed
phase3c-xpyd_feedback_2p2d_fast_canary_prod_hits_r8_257114-0157,P1,D1,1788522751.8900902,1788522752.0211763,1788522752.0211787,1788522752.0212674,1788522759.2938159,completed
phase3c-xpyd_feedback_2p2d_fast_canary_prod_hits_r8_257114-0158,P1,D1,1788522762.044449,1788522762.1625683,1788522762.1625705,1788522762.1626616,1788522776.524214,completed
phase3c-xpyd_feedback_2p2d_fast_canary_prod_hits_r8_257114-0159,P1,D1,1788522776.531821,1788522776.671052,1788522776.6710548,1788522776.6711555,1788522783.9102125,completed
phase3c-xpyd_feedback_2p2d_fast_canary_prod_hits_r8_257114-0160,P1,D1,1788522783.9156597,1788522784.2904706,1788522784.2904727,1788522784.2905679,1788522799.201875,completed
phase3c-xpyd_feedback_2p2d_fast_canary_prod_hits_r8_257114-0161,P1,D1,1788522802.1445012,1788522802.276691,1788522802.2766938,1788522802.2767835,1788522805.9219723,completed
phase3c-xpyd_feedback_2p2d_fast_canary_prod_hits_r8_257114-0162,P1,D1,1788522807.3995624,1788522807.7160878,1788522807.7160902,1788522807.7161767,1788522811.5573003,completed
phase3c-xpyd_feedback_2p2d_fast_canary_prod_hits_r8_257114-0163,P1,D1,1788522815.4684258,1788522815.8791275,1788522815.87913,1788522815.8792212,1788522819.720168,completed
phase3c-xpyd_feedback_2p2d_fast_canary_prod_hits_r8_257114-0164,P1,D1,1788522823.6541653,1788522823.7899735,1788522823.7899761,1788522823.7900698,1788522831.0656495,completed
phase3c-xpyd_feedback_2p2d_fast_canary_prod_hits_r8_257114-0165,P1,D1,1788522833.716108,1788522833.83131,1788522833.8313124,1788522833.8314126,1788522848.1920273,completed
phase3c-xpyd_feedback_2p2d_fast_canary_prod_hits_r8_257114-0166,P1,D1,1788522848.19831,1788522848.3405373,1788522848.3405395,1788522848.3406231,1788522855.5794003,completed
phase3c-xpyd_feedback_2p2d_fast_canary_prod_hits_r8_257114-0167,P1,D1,1788522855.5871048,1788522855.9641166,1788522855.964119,1788522855.9642162,1788522870.8787904,completed
phase3c-xpyd_feedback_2p2d_fast_canary_prod_hits_r8_257114-0168,P1,D1,1788522873.5566025,1788522873.687546,1788522873.6875482,1788522873.6876357,1788522877.3329587,completed
phase3c-xpyd_feedback_2p2d_fast_canary_prod_hits_r8_257114-0169,P1,D1,1788522878.8036015,1788522879.122147,1788522879.1221502,1788522879.1222765,1788522882.96337,completed
phase3c-xpyd_feedback_2p2d_fast_canary_prod_hits_r8_257114-0170,P1,D1,1788522886.8586125,1788522887.2648904,1788522887.2648923,1788522887.2649841,1788522891.1058097,completed
phase3c-xpyd_feedback_2p2d_fast_canary_prod_hits_r8_257114-0171,P1,D1,1788522895.0214467,1788522895.153628,1788522895.1536307,1788522895.1537693,1788522902.426596,completed
phase3c-xpyd_feedback_2p2d_fast_canary_prod_hits_r8_257114-0172,P1,D1,1788522905.0840874,1788522905.2025669,1788522905.2025695,1788522905.2026596,1788522919.5637538,completed
phase3c-xpyd_feedback_2p2d_fast_canary_prod_hits_r8_257114-0173,P1,D1,1788522919.5702689,1788522919.70902,1788522919.709022,1788522919.7091131,1788522926.9475644,completed
phase3c-xpyd_feedback_2p2d_fast_canary_prod_hits_r8_257114-0174,P1,D1,1788522926.9564106,1788522927.3320494,1788522927.3320518,1788522927.3321471,1788522942.2464654,completed
phase3c-xpyd_feedback_2p2d_fast_canary_prod_hits_r8_257114-0175,P1,D1,1788522944.9269977,1788522945.0584705,1788522945.0584726,1788522945.0585716,1788522948.7048817,completed
phase3c-xpyd_feedback_2p2d_fast_canary_prod_hits_r8_257114-0176,P1,D1,1788522950.2088945,1788522950.5260124,1788522950.5260148,1788522950.5261052,1788522954.3674731,completed
phase3c-xpyd_feedback_2p2d_fast_canary_prod_hits_r8_257114-0177,P1,D1,1788522958.220762,1788522958.6271641,1788522958.6271663,1788522958.6272569,1788522962.4685557,completed
phase3c-xpyd_feedback_2p2d_fast_canary_prod_hits_r8_257114-0178,P1,D1,1788522966.374219,1788522966.507654,1788522966.5076559,1788522966.5077791,1788522973.781,completed
phase3c-xpyd_feedback_2p2d_fast_canary_prod_hits_r8_257114-0179,P1,D1,1788522975.2331314,1788522975.3650239,1788522975.3650262,1788522975.3651423,1788522989.966387,completed
phase3c-xpyd_feedback_2p2d_fast_canary_prod_hits_r8_257114-0180,P1,D1,1788522993.643075,1788522993.7753003,1788522993.7753024,1788522993.7754004,1788523001.027879,completed
phase3c-xpyd_feedback_2p2d_fast_canary_prod_hits_r8_257114-0181,P1,D1,1788523001.0354536,1788523001.4014747,1788523001.401477,1788523001.4015768,1788523016.3165073,completed
phase3c-xpyd_feedback_2p2d_fast_canary_prod_hits_r8_257114-0182,P1,D1,1788523020.2865434,1788523020.4037216,1788523020.4037242,1788523020.40383,1788523024.0499432,completed
phase3c-xpyd_feedback_2p2d_fast_canary_prod_hits_r8_257114-0183,P1,D1,1788523025.5325384,1788523025.8408842,1788523025.8408868,1788523025.8409853,1788523029.683928,completed
phase3c-xpyd_feedback_2p2d_fast_canary_prod_hits_r8_257114-0184,P1,D1,1788523033.574815,1788523033.9800549,1788523033.980058,1788523033.9801743,1788523037.8230581,completed
phase3c-xpyd_feedback_2p2d_fast_canary_prod_hits_r8_257114-0185,P1,D1,1788523041.7578335,1788523041.8715632,1788523041.8715653,1788523041.8717163,1788523049.1447253,completed
phase3c-xpyd_feedback_2p2d_fast_canary_prod_hits_r8_257114-0186,P1,D1,1788523050.6505065,1788523050.767957,1788523050.767959,1788523050.768053,1788523065.3689663,completed
phase3c-xpyd_feedback_2p2d_fast_canary_prod_hits_r8_257114-0187,P1,D1,1788523069.0211875,1788523069.160497,1788523069.1604996,1788523069.16059,1788523076.4010465,completed
phase3c-xpyd_feedback_2p2d_fast_canary_prod_hits_r8_257114-0188,P1,D1,1788523076.4100783,1788523076.7857456,1788523076.785748,1788523076.785834,1788523091.7058573,completed
phase3c-xpyd_feedback_2p2d_fast_canary_prod_hits_r8_257114-0189,P1,D1,1788523094.3472216,1788523094.464299,1788523094.464301,1788523094.4643881,1788523098.1104596,completed
phase3c-xpyd_feedback_2p2d_fast_canary_prod_hits_r8_257114-0190,P1,D1,1788523099.6102333,1788523099.9239504,1788523099.9239526,1788523099.9240353,1788523103.765569,completed
phase3c-xpyd_feedback_2p2d_fast_canary_prod_hits_r8_257114-0191,P1,D1,1788523107.6688821,1788523108.0739489,1788523108.0739512,1788523108.0740337,1788523111.9142992,completed
phase3c-xpyd_feedback_2p2d_fast_canary_prod_hits_r8_257114-0192,P1,D1,1788523115.872722,1788523115.9894428,1788523115.989445,1788523115.989532,1788523123.2621033,completed
phase3c-xpyd_feedback_2p2d_fast_canary_prod_hits_r8_257114-0193,P1,D1,1788523124.745042,1788523124.8635616,1788523124.863564,1788523124.8636458,1788523139.4640422,completed
phase3c-xpyd_feedback_2p2d_fast_canary_prod_hits_r8_257114-0194,P1,D1,1788523143.39865,1788523143.5399694,1788523143.5399714,1788523143.540053,1788523150.7795022,completed
phase3c-xpyd_feedback_2p2d_fast_canary_prod_hits_r8_257114-0195,P1,D1,1788523150.7873824,1788523151.1688285,1788523151.1688313,1788523151.1689482,1788523166.085453,completed
phase3c-xpyd_feedback_2p2d_fast_canary_prod_hits_r8_257114-0196,P1,D1,1788523168.7890599,1788523168.921989,1788523168.921991,1788523168.9220805,1788523172.5667446,completed
phase3c-xpyd_feedback_2p2d_fast_canary_prod_hits_r8_257114-0197,P1,D1,1788523174.015174,1788523174.3320801,1788523174.332082,1788523174.3321738,1788523178.1743855,completed
phase3c-xpyd_feedback_2p2d_fast_canary_prod_hits_r8_257114-0198,P1,D1,1788523182.091793,1788523182.5018337,1788523182.501836,1788523182.5019617,1788523186.3450484,completed
phase3c-xpyd_feedback_2p2d_fast_canary_prod_hits_r8_257114-0199,P1,D1,1788523189.9365156,1788523190.0665128,1788523190.0665152,1788523190.0666027,1788523197.3391905,completed
phase3c-xpyd_feedback_2p2d_fast_canary_prod_hits_r8_257114-0200,P1,D1,1788523198.8747294,1788523199.0067072,1788523199.00671,1788523199.0068033,1788523213.6046166,completed
phase3c-xpyd_feedback_2p2d_fast_canary_prod_hits_r8_257114-0201,P1,D1,1788523217.5867639,1788523217.7263575,1788523217.7263596,1788523217.726454,1788523224.9723954,completed
phase3c-xpyd_feedback_2p2d_fast_canary_prod_hits_r8_257114-0202,P1,D1,1788523224.9791737,1788523225.3561196,1788523225.3561218,1788523225.3562205,1788523240.2707665,completed
phase3c-xpyd_feedback_2p2d_fast_canary_prod_hits_r8_257114-0203,P1,D1,1788523242.954732,1788523243.081437,1788523243.081439,1788523243.0815222,1788523246.7292862,completed
phase3c-xpyd_feedback_2p2d_fast_canary_prod_hits_r8_257114-0204,P1,D1,1788523248.2418046,1788523248.5584433,1788523248.558445,1788523248.5585403,1788523252.4014313,completed
phase3c-xpyd_feedback_2p2d_fast_canary_prod_hits_r8_257114-0205,P1,D1,1788523256.3224432,1788523256.7281096,1788523256.7281115,1788523256.7282007,1788523260.5690906,completed
phase3c-xpyd_feedback_2p2d_fast_canary_prod_hits_r8_257114-0206,P1,D1,1788523264.4080946,1788523264.5363255,1788523264.5363276,1788523264.5364153,1788523271.8090987,completed
phase3c-xpyd_feedback_2p2d_fast_canary_prod_hits_r8_257114-0207,P1,D1,1788523273.2546065,1788523273.3809278,1788523273.38093,1788523273.3810182,1788523287.9797883,completed
phase3c-xpyd_feedback_2p2d_fast_canary_prod_hits_r8_257114-0208,P1,D1,1788523291.9539685,1788523292.0934107,1788523292.093413,1788523292.0935028,1788523299.3335004,completed
phase3c-xpyd_feedback_2p2d_fast_canary_prod_hits_r8_257114-0209,P1,D1,1788523299.3402832,1788523299.7207904,1788523299.7207923,1788523299.7208881,1788523314.6367,completed
phase3c-xpyd_feedback_2p2d_fast_canary_prod_hits_r8_257114-0210,P1,D1,1788523317.3272278,1788523317.461653,1788523317.4616554,1788523317.4617736,1788523321.108607,completed
phase3c-xpyd_feedback_2p2d_fast_canary_prod_hits_r8_257114-0211,P1,D1,1788523322.7033417,1788523323.028163,1788523323.0281653,1788523323.028268,1788523326.8699362,completed
phase3c-xpyd_feedback_2p2d_fast_canary_prod_hits_r8_257114-0212,P1,D1,1788523330.5543623,1788523330.9579916,1788523330.957994,1788523330.9580903,1788523334.7990367,completed
phase3c-xpyd_feedback_2p2d_fast_canary_prod_hits_r8_257114-0213,P1,D1,1788523338.4685855,1788523338.5987453,1788523338.5987475,1788523338.5988355,1788523345.8718636,completed
phase3c-xpyd_feedback_2p2d_fast_canary_prod_hits_r8_257114-0214,P1,D1,1788523347.3445396,1788523347.4755318,1788523347.475534,1788523347.4756224,1788523362.0744612,completed
phase3c-xpyd_feedback_2p2d_fast_canary_prod_hits_r8_257114-0215,P1,D1,1788523362.0830028,1788523362.2819612,1788523362.2819636,1788523362.2820537,1788523369.6690276,completed
phase3c-xpyd_feedback_2p2d_fast_canary_prod_hits_r8_257114-0216,P1,D1,1788523372.332078,1788523372.714265,1788523372.7142673,1788523372.7143576,1788523387.6292589,completed
phase3c-xpyd_feedback_2p2d_fast_canary_prod_hits_r8_257114-0217,P1,D1,1788523390.2368052,1788523390.3566585,1788523390.3566608,1788523390.3567917,1788523394.003467,completed
phase3c-xpyd_feedback_2p2d_fast_canary_prod_hits_r8_257114-0218,P1,D1,1788523395.5281453,1788523395.842959,1788523395.842961,1788523395.84306,1788523399.6859143,completed
phase3c-xpyd_feedback_2p2d_fast_canary_prod_hits_r8_257114-0219,P1,D1,1788523403.6121943,1788523404.0236611,1788523404.023684,1788523404.0238068,1788523407.866237,completed
phase3c-xpyd_feedback_2p2d_fast_canary_prod_hits_r8_257114-0220,P1,D1,1788523411.4962592,1788523411.6162817,1788523411.616284,1788523411.6163735,1788523418.889319,completed
phase3c-xpyd_feedback_2p2d_fast_canary_prod_hits_r8_257114-0221,P1,D1,1788523420.3254845,1788523420.4407423,1788523420.4407442,1788523420.4408336,1788523435.0395103,completed
phase3c-xpyd_feedback_2p2d_fast_canary_prod_hits_r8_257114-0222,P1,D1,1788523435.0485675,1788523435.2190254,1788523435.2190278,1788523435.219114,1788523442.6059656,completed
phase3c-xpyd_feedback_2p2d_fast_canary_prod_hits_r8_257114-0223,P1,D1,1788523445.3792841,1788523445.7551706,1788523445.7551725,1788523445.755267,1788523460.6711266,completed
phase3c-xpyd_feedback_2p2d_fast_canary_prod_hits_r8_257114-0224,P1,D1,1788523463.3636444,1788523463.4797435,1788523463.4797456,1788523463.479836,1788523467.1259103,completed
phase3c-xpyd_feedback_2p2d_fast_canary_prod_hits_r8_257114-0225,P1,D1,1788523468.62374,1788523468.9325962,1788523468.9325986,1788523468.9327784,1788523472.7756088,completed
phase3c-xpyd_feedback_2p2d_fast_canary_prod_hits_r8_257114-0226,P1,D1,1788523476.7187173,1788523477.1231515,1788523477.1231537,1788523477.1232393,1788523480.9622269,completed
phase3c-xpyd_feedback_2p2d_fast_canary_prod_hits_r8_257114-0227,P1,D1,1788523484.9202213,1788523485.0430365,1788523485.0430386,1788523485.0431314,1788523492.3169503,completed
phase3c-xpyd_feedback_2p2d_fast_canary_prod_hits_r8_257114-0228,P1,D1,1788523493.7793686,1788523493.9080794,1788523493.9080818,1788523493.908174,1788523508.5081956,completed
phase3c-xpyd_feedback_2p2d_fast_canary_prod_hits_r8_257114-0229,P1,D1,1788523508.5151935,1788523508.6883876,1788523508.6883898,1788523508.6884813,1788523516.0753758,completed
phase3c-xpyd_feedback_2p2d_fast_canary_prod_hits_r8_257114-0230,P1,D1,1788523518.7364085,1788523519.1144218,1788523519.114424,1788523519.1145217,1788523534.0296216,completed
phase3c-xpyd_feedback_2p2d_fast_canary_prod_hits_r8_257114-0231,P1,D1,1788523537.015819,1788523537.133544,1788523537.1335464,1788523537.1336348,1788523540.7788367,completed
phase3c-xpyd_feedback_2p2d_fast_canary_prod_hits_r8_257114-0232,P1,D1,1788523542.2085881,1788523542.5143712,1788523542.5143728,1788523542.514463,1788523546.3568802,completed
phase3c-xpyd_feedback_2p2d_fast_canary_prod_hits_r8_257114-0233,P1,D1,1788523550.2670465,1788523550.6706336,1788523550.6706355,1788523550.6707776,1788523554.510701,completed
phase3c-xpyd_feedback_2p2d_fast_canary_prod_hits_r8_257114-0234,P1,D1,1788523558.4653344,1788523558.584467,1788523558.5844696,1788523558.5845723,1788523565.858336,completed
phase3c-xpyd_feedback_2p2d_fast_canary_prod_hits_r8_257114-0235,P1,D1,1788523567.342657,1788523567.4634056,1788523567.4634075,1788523567.4635,1788523582.063001,completed
phase3c-xpyd_feedback_2p2d_fast_canary_prod_hits_r8_257114-0236,P1,D1,1788523582.0708094,1788523582.2436595,1788523582.243662,1788523582.2438006,1788523589.6301594,completed
phase3c-xpyd_feedback_2p2d_fast_canary_prod_hits_r8_257114-0237,P1,D1,1788523592.3227239,1788523592.7008865,1788523592.7008889,1788523592.700982,1788523607.617109,completed
phase3c-xpyd_feedback_2p2d_fast_canary_prod_hits_r8_257114-0238,P1,D1,1788523610.244298,1788523610.362196,1788523610.362198,1788523610.3622868,1788523614.0082762,completed
phase3c-xpyd_feedback_2p2d_fast_canary_prod_hits_r8_257114-0239,P1,D1,1788523615.492703,1788523615.8035765,1788523615.8035793,1788523615.803715,1788523619.647647,completed
phase3c-xpyd_feedback_2p2d_fast_canary_prod_hits_r8_257114-0240,P1,D1,1788523622.3322635,1788523622.736458,1788523622.73646,1788523622.7365506,1788523626.5765572,completed
phase3c-xpyd_feedback_2p2d_fast_canary_prod_hits_r8_257114-0241,P1,D1,1788523630.181537,1788523630.300398,1788523630.3004005,1788523630.3004892,1788523637.573338,completed
phase3c-xpyd_feedback_2p2d_fast_canary_prod_hits_r8_257114-0242,P1,D1,1788523639.0294921,1788523639.152933,1788523639.1529353,1788523639.153024,1788523653.7525513,completed
phase3c-xpyd_feedback_2p2d_fast_canary_prod_hits_r8_257114-0243,P1,D1,1788523653.7603948,1788523653.9409542,1788523653.940956,1788523653.9410458,1788523661.3279138,completed
phase3c-xpyd_feedback_2p2d_fast_canary_prod_hits_r8_257114-0244,P1,D1,1788523664.0120397,1788523664.3929744,1788523664.3929765,1788523664.3930714,1788523679.3083296,completed
phase3c-xpyd_feedback_2p2d_fast_canary_prod_hits_r8_257114-0245,P1,D1,1788523681.9790673,1788523682.1136446,1788523682.1136465,1788523682.1137626,1788523685.7592201,completed
phase3c-xpyd_feedback_2p2d_fast_canary_prod_hits_r8_257114-0246,P1,D1,1788523687.247509,1788523687.5661955,1788523687.5661974,1788523687.5662882,1788523691.4084346,completed
phase3c-xpyd_feedback_2p2d_fast_canary_prod_hits_r8_257114-0247,P1,D1,1788523695.252368,1788523695.6589322,1788523695.6589344,1788523695.6590323,1788523699.4987547,completed
phase3c-xpyd_feedback_2p2d_fast_canary_prod_hits_r8_257114-0248,P1,D1,1788523703.4407554,1788523703.5755115,1788523703.5755136,1788523703.5756047,1788523710.848052,completed
phase3c-xpyd_feedback_2p2d_fast_canary_prod_hits_r8_257114-0249,P1,D1,1788523712.3326209,1788523712.4649742,1788523712.4649763,1788523712.465065,1788523727.0640254,completed
phase3c-xpyd_feedback_2p2d_fast_canary_prod_hits_r8_257114-0250,P1,D1,1788523727.0729845,1788523727.2547164,1788523727.2547188,1788523727.2547956,1788523734.6419084,completed
phase3c-xpyd_feedback_2p2d_fast_canary_prod_hits_r8_257114-0251,P1,D1,1788523737.300242,1788523737.6782815,1788523737.6782837,1788523737.6783764,1788523752.5937426,completed
phase3c-xpyd_feedback_2p2d_fast_canary_prod_hits_r8_257114-0252,P1,D1,1788523755.3204308,1788523755.4524212,1788523755.452423,1788523755.452519,1788523759.0984356,completed
phase3c-xpyd_feedback_2p2d_fast_canary_prod_hits_r8_257114-0253,P1,D1,1788523760.552273,1788523760.8688557,1788523760.8688583,1788523760.8689559,1788523764.710688,completed
phase3c-xpyd_feedback_2p2d_fast_canary_prod_hits_r8_257114-0254,P1,D1,1788523768.3336155,1788523768.7370179,1788523768.7370203,1788523768.7371187,1788523772.5768726,completed
phase3c-xpyd_feedback_2p2d_fast_canary_prod_hits_r8_257114-0255,P1,D1,1788523776.5229893,1788523776.6524956,1788523776.652498,1788523776.6525803,1788523783.9243195,completed
phase3c-xpyd_feedback_2p2d_fast_canary_prod_hits_r8_257114-0256,P1,D1,1788523785.4182546,1788523785.5461333,1788523785.5461357,1788523785.546218,1788523800.1450355,completed
phase3c-xpyd_feedback_2p2d_fast_canary_prod_hits_r8_257114-0257,P1,D1,1788523800.15305,1788523800.330614,1788523800.330617,1788523800.3307402,1788523807.71781,completed
phase3c-xpyd_feedback_2p2d_fast_canary_prod_hits_r8_257114-0258,P1,D1,1788523810.498294,1788523810.8791165,1788523810.879119,1788523810.8792105,1788523825.7957187,completed
phase3c-xpyd_feedback_2p2d_fast_canary_prod_hits_r8_257114-0259,P1,D1,1788523828.442987,1788523828.5776193,1788523828.5776212,1788523828.57776,1788523832.2239444,completed
phase3c-xpyd_feedback_2p2d_fast_canary_prod_hits_r8_257114-0260,P1,D1,1788523833.6981368,1788523834.018311,1788523834.0183132,1788523834.0184174,1788523837.860228,completed
phase3c-xpyd_feedback_2p2d_fast_canary_prod_hits_r8_257114-0261,P1,D1,1788523841.7792394,1788523842.1939218,1788523842.1939244,1788523842.1940153,1788523846.0346982,completed
phase3c-xpyd_feedback_2p2d_fast_canary_prod_hits_r8_257114-0262,P1,D1,1788523850.0129251,1788523850.147634,1788523850.147637,1788523850.1477995,1788523857.4216254,completed
phase3c-xpyd_feedback_2p2d_fast_canary_prod_hits_r8_257114-0263,P1,D1,1788523858.8770761,1788523859.0117328,1788523859.0117347,1788523859.0118194,1788523873.6109633,completed
phase3c-xpyd_feedback_2p2d_fast_canary_prod_hits_r8_257114-0264,P1,D1,1788523873.624751,1788523873.8052661,1788523873.8052688,1788523873.8053598,1788523881.190798,completed
phase3c-xpyd_feedback_2p2d_fast_canary_prod_hits_r8_257114-0266,P1,D1,1788523901.8986344,1788523902.0332754,1788523902.0332775,1788523902.0333643,1788523905.6793988,completed
phase3c-xpyd_feedback_2p2d_fast_canary_prod_hits_r8_257114-0267,P1,D1,1788523907.1867337,1788523907.5058753,1788523907.5058775,1788523907.5059617,1788523911.3479328,completed
phase3c-xpyd_feedback_2p2d_fast_canary_prod_hits_r8_257114-0268,P1,D1,1788523915.2242463,1788523915.6295476,1788523915.6295495,1788523915.6296296,1788523919.4699204,completed
phase3c-xpyd_feedback_2p2d_fast_canary_prod_hits_r8_257114-0269,P1,D1,1788523923.0902538,1788523923.226186,1788523923.2261882,1788523923.2262726,1788523930.4988916,completed
phase3c-xpyd_feedback_2p2d_fast_canary_prod_hits_r8_257114-0270,P1,D1,1788523932.0295308,1788523932.1629772,1788523932.1629796,1788523932.1630619,1788523946.7611203,completed
phase3c-xpyd_feedback_2p2d_fast_canary_prod_hits_r8_257114-0271,P1,D1,1788523946.7721136,1788523946.9571197,1788523946.9571223,1788523946.957226,1788523954.34507,completed
phase3c-xpyd_feedback_2p2d_fast_canary_prod_hits_r8_257114-0272,P1,D1,1788523957.0751696,1788523957.4562159,1788523957.456218,1788523957.4563022,1788523972.3701758,completed
phase3c-xpyd_feedback_2p2d_fast_canary_prod_hits_r8_257114-0273,P1,D1,1788523975.0391803,1788523975.1744502,1788523975.174452,1788523975.1745353,1788523978.821314,completed
phase3c-xpyd_feedback_2p2d_fast_canary_prod_hits_r8_257114-0274,P1,D1,1788523980.295725,1788523980.6038587,1788523980.6038609,1788523980.603937,1788523984.4457052,completed
phase3c-xpyd_feedback_2p2d_fast_canary_prod_hits_r8_257114-0275,P1,D1,1788523988.0533383,1788523988.4557452,1788523988.4557474,1788523988.4558196,1788523992.2969532,completed
phase3c-xpyd_feedback_2p2d_fast_canary_prod_hits_r8_257114-0276,P1,D1,1788523996.2587812,1788523996.3777895,1788523996.3777914,1788523996.3778663,1788524003.6508148,completed
phase3c-xpyd_feedback_2p2d_fast_canary_prod_hits_r8_257114-0277,P1,D1,1788524005.1397476,1788524005.2678256,1788524005.2678285,1788524005.2679284,1788524019.8664324,completed
phase3c-xpyd_feedback_2p2d_fast_canary_prod_hits_r8_257114-0278,P1,D1,1788524019.8746996,1788524020.053612,1788524020.0536134,1788524020.053658,1788524027.439638,completed
phase3c-xpyd_feedback_2p2d_fast_canary_prod_hits_r8_257114-0279,P1,D1,1788524031.3464532,1788524031.7245996,1788524031.7246015,1788524031.7247238,1788524046.6393316,completed
phase3c-xpyd_feedback_2p2d_fast_canary_prod_hits_r8_257114-0280,P1,D1,1788524049.6184425,1788524049.739054,1788524049.7390563,1788524049.7391477,1788524053.3852944,completed
phase3c-xpyd_feedback_2p2d_fast_canary_prod_hits_r8_257114-0281,P1,D1,1788524054.8745358,1788524055.183778,1788524055.1837804,1788524055.1838653,1788524059.025753,completed
phase3c-xpyd_feedback_2p2d_fast_canary_prod_hits_r8_257114-0282,P1,D1,1788524061.6566248,1788524062.0790617,1788524062.079065,1788524062.0791862,1788524065.921545,completed
phase3c-xpyd_feedback_2p2d_fast_canary_prod_hits_r8_257114-0283,P1,D1,1788524069.8231053,1788524069.9399645,1788524069.9399667,1788524069.9400513,1788524077.212651,completed
phase3c-xpyd_feedback_2p2d_fast_canary_prod_hits_r8_257114-0284,P1,D1,1788524078.7022855,1788524078.821881,1788524078.821884,1788524078.821989,1788524093.4231198,completed
phase3c-xpyd_feedback_2p2d_fast_canary_prod_hits_r8_257114-0285,P1,D1,1788524093.431318,1788524093.6111305,1788524093.6111324,1788524093.6112266,1788524100.9974272,completed
phase3c-xpyd_feedback_2p2d_fast_canary_prod_hits_r8_257114-0286,P1,D1,1788524103.7830892,1788524104.179167,1788524104.179169,1788524104.1792505,1788524119.093284,completed
phase3c-xpyd_feedback_2p2d_fast_canary_prod_hits_r8_257114-0287,P1,D1,1788524121.8071818,1788524121.9341261,1788524121.934128,1788524121.9342203,1788524125.5796113,completed
phase3c-xpyd_feedback_2p2d_fast_canary_prod_hits_r8_257114-0288,P1,D1,1788524127.0518405,1788524127.3590848,1788524127.3590875,1788524127.3591793,1788524131.2009733,completed
phase3c-xpyd_feedback_2p2d_fast_canary_prod_hits_r8_257114-0289,P1,D1,1788524134.8653333,1788524135.2719364,1788524135.2719388,1788524135.2720318,1788524139.11258,completed
phase3c-xpyd_feedback_2p2d_fast_canary_prod_hits_r8_257114-0290,P1,D1,1788524143.0158415,1788524143.1356432,1788524143.1356454,1788524143.135769,1788524150.4084756,completed
phase3c-xpyd_feedback_2p2d_fast_canary_prod_hits_r8_257114-0291,P1,D1,1788524151.8846152,1788524152.0128524,1788524152.0128546,1788524152.012938,1788524166.6112716,completed
phase3c-xpyd_feedback_2p2d_fast_canary_prod_hits_r8_257114-0292,P1,D1,1788524166.6202602,1788524166.8047493,1788524166.8047514,1788524166.8048437,1788524174.1917024,completed
phase3c-xpyd_feedback_2p2d_fast_canary_prod_hits_r8_257114-0293,P1,D1,1788524176.898982,1788524177.2807775,1788524177.2807798,1788524177.2808678,1788524192.1960938,completed
phase3c-xpyd_feedback_2p2d_fast_canary_prod_hits_r8_257114-0294,P1,D1,1788524195.1643026,1788524195.2838302,1788524195.2838326,1788524195.283915,1788524198.9293497,completed
phase3c-xpyd_feedback_2p2d_fast_canary_prod_hits_r8_257114-0295,P1,D1,1788524200.3742077,1788524200.6874099,1788524200.6874123,1788524200.6875217,1788524204.5316083,completed
phase3c-xpyd_feedback_2p2d_fast_canary_prod_hits_r8_257114-0296,P1,D1,1788524208.4938278,1788524208.9005973,1788524208.9005997,1788524208.9007318,1788524212.7402,completed
phase3c-xpyd_feedback_2p2d_fast_canary_prod_hits_r8_257114-0297,P1,D1,1788524216.6006222,1788524216.7148387,1788524216.714841,1788524216.7149367,1788524223.9892511,completed
phase3c-xpyd_feedback_2p2d_fast_canary_prod_hits_r8_257114-0298,P1,D1,1788524225.4517462,1788524225.5678587,1788524225.567861,1788524225.5679445,1788524240.1663053,completed
phase3c-xpyd_feedback_2p2d_fast_canary_prod_hits_r8_257114-0299,P1,D1,1788524240.1742418,1788524240.3448522,1788524240.3448546,1788524240.3449411,1788524247.7321963,completed
phase3c-xpyd_feedback_2p2d_fast_canary_prod_hits_r8_257114-0300,P1,D1,1788524250.4158332,1788524250.799135,1788524250.7991369,1788524250.7992272,1788524265.717245,completed
phase3c-xpyd_feedback_2p2d_fast_canary_prod_hits_r8_257114-0301,P1,D1,1788524268.345792,1788524268.4620411,1788524268.4620433,1788524268.4621353,1788524272.108701,completed
phase3c-xpyd_feedback_2p2d_fast_canary_prod_hits_r8_257114-0302,P1,D1,1788524273.581743,1788524273.8918974,1788524273.8919,1788524273.8919923,1788524277.734499,completed
phase3c-xpyd_feedback_2p2d_fast_canary_prod_hits_r8_257114-0303,P1,D1,1788524281.6912653,1788524282.09938,1788524282.0993822,1788524282.0994768,1788524285.9393415,completed
phase3c-xpyd_feedback_2p2d_fast_canary_prod_hits_r8_257114-0304,P1,D1,1788524289.8244123,1788524289.9438717,1788524289.9438744,1788524289.9439588,1788524297.2172778,completed
phase3c-xpyd_feedback_2p2d_fast_canary_prod_hits_r8_257114-0305,P1,D1,1788524298.6695478,1788524298.786015,1788524298.7860167,1788524298.7861032,1788524313.3917432,completed
phase3c-xpyd_feedback_2p2d_fast_canary_prod_hits_r8_257114-0306,P1,D1,1788524313.3999286,1788524313.5729134,1788524313.5729158,1788524313.5730011,1788524320.9598029,completed
phase3c-xpyd_feedback_2p2d_fast_canary_prod_hits_r8_257114-0307,P1,D1,1788524323.7215977,1788524324.1023395,1788524324.1023421,1788524324.1024656,1788524339.0201693,completed
phase3c-xpyd_feedback_2p2d_fast_canary_prod_hits_r8_257114-0308,P1,D1,1788524341.6867864,1788524341.810178,1788524341.8101802,1788524341.8102672,1788524345.4557836,completed
phase3c-xpyd_feedback_2p2d_fast_canary_prod_hits_r8_257114-0309,P1,D1,1788524346.9655497,1788524347.2746363,1788524347.274639,1788524347.274788,1788524351.1175203,completed
phase3c-xpyd_feedback_2p2d_fast_canary_prod_hits_r8_257114-0310,P1,D1,1788524354.7453938,1788524355.1499925,1788524355.1499946,1788524355.1500893,1788524358.9897013,completed
phase3c-xpyd_feedback_2p2d_fast_canary_prod_hits_r8_257114-0311,P1,D1,1788524362.9336023,1788524363.0545313,1788524363.054534,1788524363.0546196,1788524370.3276377,completed
phase3c-xpyd_feedback_2p2d_fast_canary_prod_hits_r8_257114-0312,P1,D1,1788524371.8141556,1788524371.9324112,1788524371.9324133,1788524371.9324963,1788524386.5309873,completed
phase3c-xpyd_feedback_2p2d_fast_canary_prod_hits_r8_257114-0313,P1,D1,1788524386.5386913,1788524386.7090065,1788524386.7090092,1788524386.7090933,1788524394.0958774,completed
phase3c-xpyd_feedback_2p2d_fast_canary_prod_hits_r8_257114-0314,P1,D1,1788524397.0628393,1788524397.4431753,1788524397.4431772,1788524397.443268,1788524412.3587027,completed
phase3c-xpyd_feedback_2p2d_fast_canary_prod_hits_r8_257114-0315,P1,D1,1788524415.2944782,1788524415.412129,1788524415.412131,1788524415.412216,1788524419.057782,completed
phase3c-xpyd_feedback_2p2d_fast_canary_prod_hits_r8_257114-0316,P1,D1,1788524420.5228014,1788524420.8315787,1788524420.8315806,1788524420.8317056,1788524424.6732924,completed
phase3c-xpyd_feedback_2p2d_fast_canary_prod_hits_r8_257114-0317,P1,D1,1788524428.5555139,1788524428.9622958,1788524428.9622984,1788524428.9623885,1788524432.8019505,completed
phase3c-xpyd_feedback_2p2d_fast_canary_prod_hits_r8_257114-0318,P1,D1,1788524436.4060385,1788524436.5243042,1788524436.5243065,1788524436.5243957,1788524443.7984653,completed
phase3c-xpyd_feedback_2p2d_fast_canary_prod_hits_r8_257114-0319,P1,D1,1788524445.2553704,1788524445.374948,1788524445.3749504,1788524445.3750372,1788524459.9738665,completed
phase3c-xpyd_feedback_2p2d_fast_canary_prod_hits_r8_257114-0320,P1,D1,1788524459.982336,1788524460.1545787,1788524460.1545808,1788524460.1546924,1788524467.5416267,completed
phase3c-xpyd_feedback_2p2d_fast_canary_prod_hits_r8_257114-0321,P1,D1,1788524470.2232533,1788524470.6008193,1788524470.6008217,1788524470.6009119,1788524485.5177898,completed
phase3c-xpyd_feedback_2p2d_fast_canary_prod_hits_r8_257114-0322,P1,D1,1788524489.4305844,1788524489.547391,1788524489.547393,1788524489.5475006,1788524493.1948729,completed
phase3c-xpyd_feedback_2p2d_fast_canary_prod_hits_r8_257114-0323,P1,D1,1788524494.6508732,1788524494.9605072,1788524494.9605098,1788524494.9606047,1788524498.802616,completed
phase3c-xpyd_feedback_2p2d_fast_canary_prod_hits_r8_257114-0324,P1,D1,1788524502.739237,1788524503.1501567,1788524503.1501594,1788524503.1502569,1788524506.990864,completed
phase3c-xpyd_feedback_2p2d_fast_canary_prod_hits_r8_257114-0325,P1,D1,1788524510.9411657,1788524511.0760975,1788524511.0761,1788524511.0761878,1788524518.3497202,completed
phase3c-xpyd_feedback_2p2d_fast_canary_prod_hits_r8_257114-0326,P1,D1,1788524519.8932528,1788524520.0260093,1788524520.0260115,1788524520.0260978,1788524534.6250722,completed
phase3c-xpyd_feedback_2p2d_fast_canary_prod_hits_r8_257114-0327,P1,D1,1788524534.6327279,1788524534.8138397,1788524534.813842,1788524534.8139307,1788524542.2005112,completed
phase3c-xpyd_feedback_2p2d_fast_canary_prod_hits_r8_257114-0328,P1,D1,1788524544.8906753,1788524545.2797325,1788524545.2797358,1788524545.279851,1788524560.1975942,completed
phase3c-xpyd_feedback_2p2d_fast_canary_prod_hits_r8_257114-0329,P1,D1,1788524562.8961432,1788524563.0278654,1788524563.0278676,1788524563.0279615,1788524566.67472,completed
phase3c-xpyd_feedback_2p2d_fast_canary_prod_hits_r8_257114-0330,P1,D1,1788524568.165932,1788524568.4856586,1788524568.485661,1788524568.4857748,1788524572.3273497,completed
phase3c-xpyd_feedback_2p2d_fast_canary_prod_hits_r8_257114-0331,P1,D1,1788524576.2406485,1788524576.6492503,1788524576.6492527,1788524576.6493456,1788524580.4897032,completed
phase3c-xpyd_feedback_2p2d_fast_canary_prod_hits_r8_257114-0332,P1,D1,1788524584.4050272,1788524584.5365205,1788524584.536523,1788524584.5366092,1788524591.8093307,completed
phase3c-xpyd_feedback_2p2d_fast_canary_prod_hits_r8_257114-0333,P1,D1,1788524593.3292925,1788524593.4617195,1788524593.461722,1788524593.461807,1788524608.060369,completed
phase3c-xpyd_feedback_2p2d_fast_canary_prod_hits_r8_257114-0334,P1,D1,1788524608.0681024,1788524608.25446,1788524608.2544625,1788524608.254549,1788524615.641566,completed
phase3c-xpyd_feedback_2p2d_fast_canary_prod_hits_r8_257114-0335,P1,D1,1788524618.36445,1788524618.7449465,1788524618.7449484,1788524618.7450478,1788524633.6614945,completed
phase3c-xpyd_feedback_2p2d_fast_canary_prod_hits_r8_257114-0336,P1,D1,1788524637.5822055,1788524637.7139904,1788524637.7139924,1788524637.7140834,1788524641.3606942,completed
phase3c-xpyd_feedback_2p2d_fast_canary_prod_hits_r8_257114-0337,P1,D1,1788524642.8298233,1788524643.1465018,1788524643.1465042,1788524643.1465962,1788524646.9880264,completed
phase3c-xpyd_feedback_2p2d_fast_canary_prod_hits_r8_257114-0338,P1,D1,1788524650.6027994,1788524651.0132258,1788524651.0132282,1788524651.0133479,1788524654.8560133,completed
phase3c-xpyd_feedback_2p2d_fast_canary_prod_hits_r8_257114-0339,P1,D1,1788524658.7542722,1788524658.8899856,1788524658.8899882,1788524658.8900886,1788524666.1645467,completed
phase3c-xpyd_feedback_2p2d_fast_canary_prod_hits_r8_257114-0340,P1,D1,1788524667.6975408,1788524667.8311107,1788524667.8311129,1788524667.831212,1788524682.4319127,completed
phase3c-xpyd_feedback_2p2d_fast_canary_prod_hits_r8_257114-0341,P1,D1,1788524682.4414735,1788524682.6275187,1788524682.6275215,1788524682.627621,1788524690.0156345,completed
phase3c-xpyd_feedback_2p2d_fast_canary_prod_hits_r8_257114-0342,P1,D1,1788524692.7382286,1788524693.1428668,1788524693.14287,1788524693.142973,1788524708.5392654,completed
phase3c-xpyd_feedback_2p2d_fast_canary_prod_hits_r8_257114-0343,P1,D1,1788524709.9330518,1788524710.0562987,1788524710.056301,1788524710.056398,1788524713.7038367,completed
phase3c-xpyd_feedback_2p2d_fast_canary_prod_hits_r8_257114-0344,P1,D1,1788524715.2018394,1788524715.5137794,1788524715.513782,1788524715.5138977,1788524719.3581905,completed
phase3c-xpyd_feedback_2p2d_fast_canary_prod_hits_r8_257114-0345,P1,D1,1788524722.0283601,1788524722.4320037,1788524722.4320061,1788524722.4321065,1788524726.2746472,completed
phase3c-xpyd_feedback_2p2d_fast_canary_prod_hits_r8_257114-0346,P1,D1,1788524730.1727378,1788524730.2909791,1788524730.290981,1788524730.291077,1788524737.565817,completed
phase3c-xpyd_feedback_2p2d_fast_canary_prod_hits_r8_257114-0347,P1,D1,1788524739.0295649,1788524739.1471457,1788524739.1471484,1788524739.1472476,1788524753.7475414,completed
phase3c-xpyd_feedback_2p2d_fast_canary_prod_hits_r8_257114-0348,P1,D1,1788524753.7558644,1788524753.9292972,1788524753.9292996,1788524753.9294007,1788524761.3178911,completed
phase3c-xpyd_feedback_2p2d_fast_canary_prod_hits_r8_257114-0349,P1,D1,1788524764.0497088,1788524764.4517975,1788524764.4518006,1788524764.451909,1788524779.8487463,completed
phase3c-xpyd_feedback_2p2d_fast_canary_prod_hits_r8_257114-0350,P1,D1,1788524782.1250882,1788524782.2583272,1788524782.25833,1788524782.258427,1788524785.9045894,completed
phase3c-xpyd_feedback_2p2d_fast_canary_prod_hits_r8_257114-0351,P1,D1,1788524787.3427718,1788524787.6609468,1788524787.66095,1788524787.6610484,1788524791.5043235,completed
phase3c-xpyd_feedback_2p2d_fast_canary_prod_hits_r8_257114-0352,P1,D1,1788524795.4193223,1788524795.828821,1788524795.8288236,1788524795.828931,1788524799.6711142,completed
phase3c-xpyd_feedback_2p2d_fast_canary_prod_hits_r8_257114-0353,P1,D1,1788524803.5745523,1788524803.7075229,1788524803.707525,1788524803.7076242,1788524810.981837,completed
phase3c-xpyd_feedback_2p2d_fast_canary_prod_hits_r8_257114-0354,P1,D1,1788524812.4959142,1788524812.6272495,1788524812.6272519,1788524812.6273477,1788524827.2271981,completed
phase3c-xpyd_feedback_2p2d_fast_canary_prod_hits_r8_257114-0355,P1,D1,1788524827.2353897,1788524827.412027,1788524827.412029,1788524827.412117,1788524834.7988086,completed
phase3c-xpyd_feedback_2p2d_fast_canary_prod_hits_r8_257114-0356,P1,D1,1788524837.5037587,1788524837.9056416,1788524837.905644,1788524837.9057782,1788524853.3015714,completed
phase3c-xpyd_feedback_2p2d_fast_canary_prod_hits_r8_257114-0357,P1,D1,1788524854.7269163,1788524854.8628292,1788524854.8628314,1788524854.8629286,1788524858.509077,completed
phase3c-xpyd_feedback_2p2d_fast_canary_prod_hits_r8_257114-0358,P1,D1,1788524859.9741418,1788524860.2976217,1788524860.2976243,1788524860.2977483,1788524864.1406126,completed
phase3c-xpyd_feedback_2p2d_fast_canary_prod_hits_r8_257114-0359,P1,D1,1788524867.7826245,1788524868.2071168,1788524868.207119,1788524868.2072253,1788524872.0489378,completed
phase3c-xpyd_feedback_2p2d_fast_canary_prod_hits_r8_257114-0360,P1,D1,1788524875.6703415,1788524875.8059936,1788524875.8059957,1788524875.806095,1788524883.0799072,completed
phase3c-xpyd_feedback_2p2d_fast_canary_prod_hits_r8_257114-0361,P1,D1,1788524884.493993,1788524884.6293504,1788524884.6293528,1788524884.629446,1788524899.2290287,completed
phase3c-xpyd_feedback_2p2d_fast_canary_prod_hits_r8_257114-0362,P1,D1,1788524899.2380075,1788524899.4084597,1788524899.4084623,1788524899.408544,1788524906.7955866,completed
phase3c-xpyd_feedback_2p2d_fast_canary_prod_hits_r8_257114-0363,P1,D1,1788524910.6634474,1788524911.057599,1788524911.0576015,1788524911.0577238,1788524926.4537756,completed
phase3c-xpyd_feedback_2p2d_fast_canary_prod_hits_r8_257114-0364,P1,D1,1788524927.8751717,1788524927.9930398,1788524927.9930422,1788524927.9931574,1788524931.6404345,completed
phase3c-xpyd_feedback_2p2d_fast_canary_prod_hits_r8_257114-0365,P1,D1,1788524933.0947502,1788524933.4025095,1788524933.4025116,1788524933.4026139,1788524937.2460306,completed
phase3c-xpyd_feedback_2p2d_fast_canary_prod_hits_r8_257114-0366,P1,D1,1788524941.2245276,1788524941.6328938,1788524941.632896,1788524941.6329956,1788524945.4754193,completed
phase3c-xpyd_feedback_2p2d_fast_canary_prod_hits_r8_257114-0367,P1,D1,1788524949.4123092,1788524949.5314467,1788524949.5314488,1788524949.5315442,1788524956.8064034,completed
phase3c-xpyd_feedback_2p2d_fast_canary_prod_hits_r8_257114-0368,P1,D1,1788524958.27242,1788524958.3982449,1788524958.398247,1788524958.3983428,1788524972.998481,completed
phase3c-xpyd_feedback_2p2d_fast_canary_prod_hits_r8_257114-0369,P1,D1,1788524973.0057702,1788524973.1803007,1788524973.180303,1788524973.1803896,1788524980.5658476,completed
phase3c-xpyd_feedback_2p2d_fast_canary_prod_hits_r8_257114-0370,P1,D1,1788524983.2116013,1788524983.6097531,1788524983.6097553,1788524983.6098557,1788524999.005307,completed
phase3c-xpyd_feedback_2p2d_fast_canary_prod_hits_r8_257114-0371,P1,D1,1788525000.4073703,1788525000.5274258,1788525000.5274284,1788525000.5275233,1788525004.1733756,completed
phase3c-xpyd_feedback_2p2d_fast_canary_prod_hits_r8_257114-0372,P1,D1,1788525005.6085153,1788525005.9192579,1788525005.9192603,1788525005.9193642,1788525009.761937,completed
phase3c-xpyd_feedback_2p2d_fast_canary_prod_hits_r8_257114-0373,P1,D1,1788525013.668578,1788525014.0792663,1788525014.0792687,1788525014.0793717,1788525017.9209673,completed
phase3c-xpyd_feedback_2p2d_fast_canary_prod_hits_r8_257114-0374,P1,D1,1788525021.8496606,1788525021.9824822,1788525021.9824846,1788525021.9825797,1788525029.2562344,completed
phase3c-xpyd_feedback_2p2d_fast_canary_prod_hits_r8_257114-0375,P1,D1,1788525030.7471113,1788525030.879602,1788525030.8796046,1788525030.879713,1788525045.4792218,completed
phase3c-xpyd_feedback_2p2d_fast_canary_prod_hits_r8_257114-0376,P1,D1,1788525045.4879043,1788525045.6618316,1788525045.661834,1788525045.6619196,1788525053.0486336,completed
phase3c-xpyd_feedback_2p2d_fast_canary_prod_hits_r8_257114-0377,P1,D1,1788525055.7510319,1788525056.1441631,1788525056.1441653,1788525056.144268,1788525071.5402515,completed
phase3c-xpyd_feedback_2p2d_fast_canary_prod_hits_r8_257114-0378,P1,D1,1788525072.9413648,1788525073.0623736,1788525073.0623763,1788525073.0624685,1788525076.7084796,completed
phase3c-xpyd_feedback_2p2d_fast_canary_prod_hits_r8_257114-0379,P1,D1,1788525078.2017448,1788525078.5129032,1788525078.5129058,1788525078.5130043,1788525082.355691,completed
phase3c-xpyd_feedback_2p2d_fast_canary_prod_hits_r8_257114-0380,P1,D1,1788525086.262505,1788525086.6654809,1788525086.6654835,1788525086.665582,1788525090.5074172,completed
phase3c-xpyd_feedback_2p2d_fast_canary_prod_hits_r8_257114-0381,P1,D1,1788525094.4628904,1788525094.5825126,1788525094.582515,1788525094.5826101,1788525101.8565643,completed
phase3c-xpyd_feedback_2p2d_fast_canary_prod_hits_r8_257114-0382,P1,D1,1788525103.354265,1788525103.4713793,1788525103.4713817,1788525103.4714756,1788525118.071298,completed
phase3c-xpyd_feedback_2p2d_fast_canary_prod_hits_r8_257114-0383,P1,D1,1788525118.0784802,1788525118.246497,1788525118.2464993,1788525118.2465854,1788525125.633618,completed
phase3c-xpyd_feedback_2p2d_fast_canary_prod_hits_r8_257114-0384,P1,D1,1788525128.3712819,1788525128.7713706,1788525128.771373,1788525128.7714703,1788525144.1722426,completed
phase3c-xpyd_feedback_2p2d_fast_canary_prod_hits_r8_257114-0385,P1,D1,1788525145.5755434,1788525145.6929777,1788525145.69298,1788525145.6930747,1788525149.3395212,completed
phase3c-xpyd_feedback_2p2d_fast_canary_prod_hits_r8_257114-0386,P1,D1,1788525150.8421962,1788525151.1498947,1788525151.1498969,1788525151.1499987,1788525154.9932313,completed
phase3c-xpyd_feedback_2p2d_fast_canary_prod_hits_r8_257114-0387,P1,D1,1788525158.6235557,1788525159.0258596,1788525159.0258625,1788525159.025968,1788525162.8682668,completed
phase3c-xpyd_feedback_2p2d_fast_canary_prod_hits_r8_257114-0388,P1,D1,1788525165.552593,1788525165.6721559,1788525165.6721582,1788525165.6722553,1788525172.9468253,completed
phase3c-xpyd_feedback_2p2d_fast_canary_prod_hits_r8_257114-0389,P1,D1,1788525174.3734474,1788525174.4915817,1788525174.491584,1788525174.4917018,1788525189.0927112,completed
phase3c-xpyd_feedback_2p2d_fast_canary_prod_hits_r8_257114-0390,P1,D1,1788525189.1001446,1788525189.2720501,1788525189.2720523,1788525189.2721505,1788525196.6611052,completed
phase3c-xpyd_feedback_2p2d_fast_canary_prod_hits_r8_257114-0391,P1,D1,1788525200.5769064,1788525200.9738066,1788525200.9738095,1788525200.9739206,1788525216.3701236,completed
phase3c-xpyd_feedback_2p2d_fast_canary_prod_hits_r8_257114-0392,P1,D1,1788525218.6537235,1788525218.7713335,1788525218.7713356,1788525218.771429,1788525222.4190571,completed
phase3c-xpyd_feedback_2p2d_fast_canary_prod_hits_r8_257114-0393,P1,D1,1788525223.936567,1788525224.2470217,1788525224.2470238,1788525224.2471204,1788525228.0905695,completed
phase3c-xpyd_feedback_2p2d_fast_canary_prod_hits_r8_257114-0394,P1,D1,1788525231.9992673,1788525232.4055517,1788525232.4055538,1788525232.4056594,1788525236.2485693,completed
phase3c-xpyd_feedback_2p2d_fast_canary_prod_hits_r8_257114-0395,P1,D1,1788525240.175849,1788525240.295415,1788525240.2954178,1788525240.2955182,1788525247.5700874,completed
phase3c-xpyd_feedback_2p2d_fast_canary_prod_hits_r8_257114-0396,P1,D1,1788525248.9994404,1788525249.1149573,1788525249.1149597,1788525249.1150558,1788525263.7169404,completed
phase3c-xpyd_feedback_2p2d_fast_canary_prod_hits_r8_257114-0397,P1,D1,1788525263.725598,1788525263.8948019,1788525263.8948047,1788525263.8949294,1788525271.2839837,completed
phase3c-xpyd_feedback_2p2d_fast_canary_prod_hits_r8_257114-0398,P1,D1,1788525275.1758144,1788525275.5760834,1788525275.576086,1788525275.576185,1788525290.9734251,completed
phase3c-xpyd_feedback_2p2d_fast_canary_prod_hits_r8_257114-0399,P1,D1,1788525292.3882883,1788525292.5068843,1788525292.5068865,1788525292.5069854,1788525296.1541407,completed
phase3c-xpyd_feedback_2p2d_fast_canary_prod_hits_r8_257114-0400,P1,D1,1788525297.664587,1788525297.9762094,1788525297.9762115,1788525297.9763155,1788525301.8197198,completed
phase3c-xpyd_feedback_2p2d_fast_canary_prod_hits_r8_257114-0401,P1,D1,1788525305.7739232,1788525306.1965506,1788525306.1965532,1788525306.1966581,1788525310.0391502,completed
phase3c-xpyd_feedback_2p2d_fast_canary_prod_hits_r8_257114-0402,P1,D1,1788525313.9728775,1788525314.0931404,1788525314.0931427,1788525314.093243,1788525321.366965,completed
phase3c-xpyd_feedback_2p2d_fast_canary_prod_hits_r8_257114-0403,P1,D1,1788525322.826875,1788525322.9414725,1788525322.9414752,1788525322.9415693,1788525337.5417564,completed
phase3c-xpyd_feedback_2p2d_fast_canary_prod_hits_r8_257114-0404,P1,D1,1788525337.5515132,1788525337.7221665,1788525337.7221687,1788525337.722263,1788525345.1106298,completed
phase3c-xpyd_feedback_2p2d_fast_canary_prod_hits_r8_257114-0405,P1,D1,1788525347.7820187,1788525348.195998,1788525348.196,1788525348.1961079,1788525363.5923405,completed
phase3c-xpyd_feedback_2p2d_fast_canary_prod_hits_r8_257114-0406,P1,D1,1788525365.893401,1788525366.0090468,1788525366.009049,1788525366.0091453,1788525369.6552393,completed
phase3c-xpyd_feedback_2p2d_fast_canary_prod_hits_r8_257114-0407,P1,D1,1788525371.1510653,1788525371.4630663,1788525371.4630692,1788525371.4631689,1788525375.3058636,completed
phase3c-xpyd_feedback_2p2d_fast_canary_prod_hits_r8_257114-0408,P1,D1,1788525378.019398,1788525378.4270856,1788525378.427088,1788525378.4271872,1788525382.2685838,completed
phase3c-xpyd_feedback_2p2d_fast_canary_prod_hits_r8_257114-0409,P1,D1,1788525386.1730692,1788525386.2906027,1788525386.2906053,1788525386.2907236,1788525393.5643919,completed
phase3c-xpyd_feedback_2p2d_fast_canary_prod_hits_r8_257114-0410,P1,D1,1788525395.0372362,1788525395.1600406,1788525395.1600432,1788525395.1601448,1788525409.758698,completed
phase3c-xpyd_feedback_2p2d_fast_canary_prod_hits_r8_257114-0411,P1,D1,1788525409.7683537,1788525409.9405756,1788525409.9405777,1788525409.9407265,1788525417.3282013,completed
phase3c-xpyd_feedback_2p2d_fast_canary_prod_hits_r8_257114-0412,P1,D1,1788525420.059354,1788525420.4582229,1788525420.4582257,1788525420.4583285,1788525435.853838,completed
phase3c-xpyd_feedback_2p2d_fast_canary_prod_hits_r8_257114-0413,P1,D1,1788525437.2640734,1788525437.383792,1788525437.3837945,1788525437.38389,1788525441.0297298,completed
phase3c-xpyd_feedback_2p2d_fast_canary_prod_hits_r8_257114-0414,P1,D1,1788525442.523045,1788525442.8318877,1788525442.8318899,1788525442.831999,1788525446.6749697,completed
phase3c-xpyd_feedback_2p2d_fast_canary_prod_hits_r8_257114-0415,P1,D1,1788525450.6188002,1788525451.0253482,1788525451.0253508,1788525451.0254579,1788525454.8676414,completed
phase3c-xpyd_feedback_2p2d_fast_canary_prod_hits_r8_257114-0416,P1,D1,1788525458.771838,1788525458.8862808,1788525458.886283,1788525458.886386,1788525466.1608953,completed
phase3c-xpyd_feedback_2p2d_fast_canary_prod_hits_r8_257114-0417,P1,D1,1788525467.673812,1788525467.7961862,1788525467.7961884,1788525467.7962868,1788525482.39858,completed
phase3c-xpyd_feedback_2p2d_fast_canary_prod_hits_r8_257114-0418,P1,D1,1788525482.4063587,1788525482.577483,1788525482.5774848,1788525482.5775788,1788525489.9658847,completed
phase3c-xpyd_feedback_2p2d_fast_canary_prod_hits_r8_257114-0419,P1,D1,1788525492.6956494,1788525493.0977662,1788525493.0977688,1788525493.0978785,1788525508.4968064,completed
phase3c-xpyd_feedback_2p2d_fast_canary_prod_hits_r8_257114-0420,P1,D1,1788525510.766193,1788525510.8832474,1788525510.8832495,1788525510.8833447,1788525514.531134,completed
phase3c-xpyd_feedback_2p2d_fast_canary_prod_hits_r8_257114-0421,P1,D1,1788525516.034195,1788525516.3463233,1788525516.3463252,1788525516.346421,1788525520.1897924,completed
phase3c-xpyd_feedback_2p2d_fast_canary_prod_hits_r8_257114-0422,P1,D1,1788525523.7995808,1788525524.2041428,1788525524.204145,1788525524.2042558,1788525528.0474057,completed
phase3c-xpyd_feedback_2p2d_fast_canary_prod_hits_r8_257114-0423,P1,D1,1788525531.6999285,1788525531.8187642,1788525531.8187668,1788525531.8188674,1788525539.0942192,completed
phase3c-xpyd_feedback_2p2d_fast_canary_prod_hits_r8_257114-0424,P1,D1,1788525540.609926,1788525540.7285903,1788525540.7285924,1788525540.728709,1788525555.3306613,completed
phase3c-xpyd_feedback_2p2d_fast_canary_prod_hits_r8_257114-0425,P1,D1,1788525555.3402576,1788525555.5137463,1788525555.513749,1788525555.5138505,1788525562.9034805,completed
phase3c-xpyd_feedback_2p2d_fast_canary_prod_hits_r8_257114-0426,P1,D1,1788525565.6376455,1788525566.0304234,1788525566.0304253,1788525566.0305269,1788525581.4270103,completed
phase3c-xpyd_feedback_2p2d_fast_canary_prod_hits_r8_257114-0427,P1,D1,1788525583.7051325,1788525583.8199127,1788525583.8199148,1788525583.8200083,1788525587.4674017,completed
phase3c-xpyd_feedback_2p2d_fast_canary_prod_hits_r8_257114-0428,P1,D1,1788525588.9545002,1788525589.2640193,1788525589.2640212,1788525589.264121,1788525593.106845,completed
phase3c-xpyd_feedback_2p2d_fast_canary_prod_hits_r8_257114-0429,P1,D1,1788525595.8285704,1788525596.238921,1788525596.2389235,1788525596.2390351,1788525600.0814323,completed
phase3c-xpyd_feedback_2p2d_fast_canary_prod_hits_r8_257114-0430,P1,D1,1788525603.69578,1788525603.819787,1788525603.8197894,1788525603.8198895,1788525611.0964954,completed
phase3c-xpyd_feedback_2p2d_fast_canary_prod_hits_r8_257114-0431,P1,D1,1788525612.602578,1788525612.7210152,1788525612.7210174,1788525612.7211156,1788525627.3203917,completed
phase3c-xpyd_feedback_2p2d_fast_canary_prod_hits_r8_257114-0432,P1,D1,1788525627.32933,1788525627.4990132,1788525627.4990153,1788525627.4991045,1788525634.8865747,completed
phase3c-xpyd_feedback_2p2d_fast_canary_prod_hits_r8_257114-0433,P1,D1,1788525637.6257436,1788525638.0264537,1788525638.026456,1788525638.0265598,1788525653.4224935,completed
phase3c-xpyd_feedback_2p2d_fast_canary_prod_hits_r8_257114-0434,P1,D1,1788525654.8225088,1788525654.9355857,1788525654.9355884,1788525654.9357462,1788525658.5822012,completed
phase3c-xpyd_feedback_2p2d_fast_canary_prod_hits_r8_257114-0435,P1,D1,1788525660.0675917,1788525660.3769913,1788525660.376994,1788525660.377091,1788525664.2202866,completed
phase3c-xpyd_feedback_2p2d_fast_canary_prod_hits_r8_257114-0436,P1,D1,1788525667.8740528,1788525668.28101,1788525668.281012,1788525668.281112,1788525672.1232293,completed
phase3c-xpyd_feedback_2p2d_fast_canary_prod_hits_r8_257114-0437,P1,D1,1788525675.7465966,1788525675.8634977,1788525675.8635,1788525675.8635974,1788525683.1375618,completed
phase3c-xpyd_feedback_2p2d_fast_canary_prod_hits_r8_257114-0438,P1,D1,1788525684.6331615,1788525684.7503364,1788525684.750339,1788525684.7504346,1788525699.3509145,completed
phase3c-xpyd_feedback_2p2d_fast_canary_prod_hits_r8_257114-0439,P1,D1,1788525699.3593864,1788525699.52957,1788525699.5295722,1788525699.5297236,1788525706.9179683,completed
phase3c-xpyd_feedback_2p2d_fast_canary_prod_hits_r8_257114-0440,P1,D1,1788525709.6124575,1788525710.0136478,1788525710.01365,1788525710.0137765,1788525725.4098868,completed
phase3c-xpyd_feedback_2p2d_fast_canary_prod_hits_r8_257114-0441,P1,D1,1788525727.6844966,1788525727.7990007,1788525727.799003,1788525727.7990992,1788525731.4448745,completed
phase3c-xpyd_feedback_2p2d_fast_canary_prod_hits_r8_257114-0442,P1,D1,1788525732.9306486,1788525733.244055,1788525733.2440577,1788525733.2441657,1788525737.0875113,completed
phase3c-xpyd_feedback_2p2d_fast_canary_prod_hits_r8_257114-0443,P1,D1,1788525740.7280812,1788525741.136929,1788525741.1369312,1788525741.1370378,1788525744.9789195,completed
phase3c-xpyd_feedback_2p2d_fast_canary_prod_hits_r8_257114-0444,P1,D1,1788525748.610454,1788525748.7284405,1788525748.7284427,1788525748.7285395,1788525756.0027497,completed
phase3c-xpyd_feedback_2p2d_fast_canary_prod_hits_r8_257114-0445,P1,D1,1788525757.5002046,1788525757.6207252,1788525757.6207275,1788525757.6208234,1788525772.2219021,completed
phase3c-xpyd_feedback_2p2d_fast_canary_prod_hits_r8_257114-0446,P1,D1,1788525772.232159,1788525772.4043531,1788525772.4043553,1788525772.4044542,1788525779.7949135,completed
phase3c-xpyd_feedback_2p2d_fast_canary_prod_hits_r8_257114-0447,P1,D1,1788525783.752692,1788525784.1543489,1788525784.1543508,1788525784.154453,1788525799.5507834,completed
phase3c-xpyd_feedback_2p2d_fast_canary_prod_hits_r8_257114-0448,P1,D1,1788525800.9766932,1788525801.0964777,1788525801.0964797,1788525801.0965655,1788525804.7427742,completed
phase3c-xpyd_feedback_2p2d_fast_canary_prod_hits_r8_257114-0449,P1,D1,1788525806.2333865,1788525806.5421653,1788525806.5421672,1788525806.5422494,1788525810.3841996,completed
phase3c-xpyd_feedback_2p2d_fast_canary_prod_hits_r8_257114-0450,P1,D1,1788525814.0125127,1788525814.4198284,1788525814.4198308,1788525814.419916,1788525818.2617376,completed
phase3c-xpyd_feedback_2p2d_fast_canary_prod_hits_r8_257114-0451,P1,D1,1788525820.991269,1788525821.111147,1788525821.1111493,1788525821.1112459,1788525828.3857515,completed
phase3c-xpyd_feedback_2p2d_fast_canary_prod_hits_r8_257114-0452,P1,D1,1788525829.8658223,1788525829.9970632,1788525829.9970653,1788525829.9971488,1788525844.597597,completed
phase3c-xpyd_feedback_2p2d_fast_canary_prod_hits_r8_257114-0453,P1,D1,1788525844.6052444,1788525844.7930236,1788525844.7930257,1788525844.7931104,1788525852.1804256,completed
phase3c-xpyd_feedback_2p2d_fast_canary_prod_hits_r8_257114-0454,P1,D1,1788525854.9296072,1788525855.3352842,1788525855.3352869,1788525855.3353906,1788525870.7318404,completed
phase3c-xpyd_feedback_2p2d_fast_canary_prod_hits_r8_257114-0455,P1,D1,1788525872.1484973,1788525872.2821462,1788525872.2821484,1788525872.2822416,1788525875.9287188,completed
phase3c-xpyd_feedback_2p2d_fast_canary_prod_hits_r8_257114-0456,P1,D1,1788525877.4495838,1788525877.76703,1788525877.7670326,1788525877.767126,1788525881.611088,completed
phase3c-xpyd_feedback_2p2d_fast_canary_prod_hits_r8_257114-0457,P1,D1,1788525885.533146,1788525885.9395754,1788525885.9395778,1788525885.939693,1788525889.7824926,completed
phase3c-xpyd_feedback_2p2d_fast_canary_prod_hits_r8_257114-0458,P1,D1,1788525893.3749018,1788525893.4911473,1788525893.4911494,1788525893.49125,1788525900.7650902,completed
phase3c-xpyd_feedback_2p2d_fast_canary_prod_hits_r8_257114-0459,P1,D1,1788525902.269807,1788525902.3880243,1788525902.388027,1788525902.388124,1788525916.98873,completed
phase3c-xpyd_feedback_2p2d_fast_canary_prod_hits_r8_257114-0460,P1,D1,1788525916.9959378,1788525917.165898,1788525917.1659007,1788525917.165992,1788525924.5540848,completed
phase3c-xpyd_feedback_2p2d_fast_canary_prod_hits_r8_257114-0461,P1,D1,1788525927.31829,1788525927.7182157,1788525927.718218,1788525927.7183182,1788525943.1147742,completed
phase3c-xpyd_feedback_2p2d_fast_canary_prod_hits_r8_257114-0462,P1,D1,1788525944.5901706,1788525944.7061653,1788525944.7061675,1788525944.7062643,1788525948.3525715,completed
phase3c-xpyd_feedback_2p2d_fast_canary_prod_hits_r8_257114-0463,P1,D1,1788525949.8896382,1788525950.1983633,1788525950.198366,1788525950.1984649,1788525954.0415726,completed
phase3c-xpyd_feedback_2p2d_fast_canary_prod_hits_r8_257114-0464,P1,D1,1788525957.6511257,1788525958.059161,1788525958.0591636,1788525958.0592682,1788525961.9020178,completed
phase3c-xpyd_feedback_2p2d_fast_canary_prod_hits_r8_257114-0465,P1,D1,1788525964.725402,1788525964.839598,1788525964.8396,1788525964.839714,1788525972.1137002,completed
phase3c-xpyd_feedback_2p2d_fast_canary_prod_hits_r8_257114-0466,P1,D1,1788525973.6005566,1788525973.715735,1788525973.7157376,1788525973.7158377,1788525988.3154986,completed
phase3c-xpyd_feedback_2p2d_fast_canary_prod_hits_r8_257114-0467,P1,D1,1788525988.3221374,1788525988.490651,1788525988.4906533,1788525988.4907796,1788525995.8770735,completed
phase3c-xpyd_feedback_2p2d_fast_canary_prod_hits_r8_257114-0468,P1,D1,1788525998.619828,1788525999.01961,1788525999.0196123,1788525999.0197372,1788526014.4142082,completed
phase3c-xpyd_feedback_2p2d_fast_canary_prod_hits_r8_257114-0469,P1,D1,1788526015.8238037,1788526015.959313,1788526015.9593155,1788526015.9594102,1788526019.6055646,completed
phase3c-xpyd_feedback_2p2d_fast_canary_prod_hits_r8_257114-0470,P1,D1,1788526021.1036072,1788526021.4222429,1788526021.422245,1788526021.4223418,1788526025.2651355,completed
phase3c-xpyd_feedback_2p2d_fast_canary_prod_hits_r8_257114-0471,P1,D1,1788526029.2051551,1788526029.6158128,1788526029.6158154,1788526029.6159208,1788526033.4578824,completed
phase3c-xpyd_feedback_2p2d_fast_canary_prod_hits_r8_257114-0472,P1,D1,1788526036.145848,1788526036.277529,1788526036.2775316,1788526036.2776294,1788526043.5515745,completed
phase3c-xpyd_feedback_2p2d_fast_canary_prod_hits_r8_257114-0473,P1,D1,1788526045.0374699,1788526045.1635005,1788526045.163503,1788526045.163599,1788526059.7633607,completed
phase3c-xpyd_feedback_2p2d_fast_canary_prod_hits_r8_257114-0474,P1,D1,1788526059.7709737,1788526059.9510448,1788526059.9510474,1788526059.951145,1788526067.3388321,completed
phase3c-xpyd_feedback_2p2d_fast_canary_prod_hits_r8_257114-0475,P1,D1,1788526070.07466,1788526070.477216,1788526070.4772184,1788526070.4773145,1788526085.8734844,completed
phase3c-xpyd_feedback_2p2d_fast_canary_prod_hits_r8_257114-0476,P1,D1,1788526087.2838178,1788526087.4160838,1788526087.4160857,1788526087.416186,1788526091.0626538,completed
phase3c-xpyd_feedback_2p2d_fast_canary_prod_hits_r8_257114-0477,P1,D1,1788526092.5507588,1788526092.8747034,1788526092.8747056,1788526092.8748105,1788526096.7179544,completed
phase3c-xpyd_feedback_2p2d_fast_canary_prod_hits_r8_257114-0478,P1,D1,1788526100.644448,1788526101.056317,1788526101.0563197,1788526101.0564404,1788526104.899255,completed
phase3c-xpyd_feedback_2p2d_fast_canary_prod_hits_r8_257114-0479,P1,D1,1788526108.8062992,1788526108.9401817,1788526108.9401839,1788526108.9402795,1788526116.214464,completed
phase3c-xpyd_feedback_2p2d_fast_canary_prod_hits_r8_257114-0480,P1,D1,1788526117.6540575,1788526117.794109,1788526117.7941113,1788526117.794206,1788526132.3930583,completed
phase3c-xpyd_feedback_2p2d_fast_canary_prod_hits_r8_257114-0481,P1,D1,1788526132.401037,1788526132.5853922,1788526132.5853941,1788526132.5854905,1788526139.9730804,completed
phase3c-xpyd_feedback_2p2d_fast_canary_prod_hits_r8_257114-0482,P1,D1,1788526142.654204,1788526143.061281,1788526143.0612833,1788526143.0613918,1788526158.4577103,completed
phase3c-xpyd_feedback_2p2d_fast_canary_prod_hits_r8_257114-0483,P1,D1,1788526159.8403625,1788526159.9749997,1788526159.9750018,1788526159.9751012,1788526163.6218605,completed
phase3c-xpyd_feedback_2p2d_fast_canary_prod_hits_r8_257114-0484,P1,D1,1788526165.100091,1788526165.4250705,1788526165.4250731,1788526165.4251735,1788526169.2679825,completed
phase3c-xpyd_feedback_2p2d_fast_canary_prod_hits_r8_257114-0485,P1,D1,1788526171.9736443,1788526172.3858523,1788526172.385855,1788526172.3859558,1788526176.2283359,completed
phase3c-xpyd_feedback_2p2d_fast_canary_prod_hits_r8_257114-0486,P1,D1,1788526179.8946836,1788526180.0305026,1788526180.030505,1788526180.0306003,1788526187.3047712,completed
phase3c-xpyd_feedback_2p2d_fast_canary_prod_hits_r8_257114-0487,P1,D1,1788526188.8379617,1788526188.9718008,1788526188.9718034,1788526188.9719,1788526203.5722017,completed
phase3c-xpyd_feedback_2p2d_fast_canary_prod_hits_r8_257114-0488,P1,D1,1788526203.5815027,1788526203.765891,1788526203.7658935,1788526203.7659886,1788526211.1543787,completed
phase3c-xpyd_feedback_2p2d_fast_canary_prod_hits_r8_257114-0489,P1,D1,1788526213.9300654,1788526214.3366008,1788526214.336603,1788526214.3367279,1788526229.7336566,completed
phase3c-xpyd_feedback_2p2d_fast_canary_prod_hits_r8_257114-0490,P1,D1,1788526232.0387466,1788526232.1752496,1788526232.175252,1788526232.1753504,1788526235.8218453,completed
phase3c-xpyd_feedback_2p2d_fast_canary_prod_hits_r8_257114-0491,P1,D1,1788526237.324335,1788526237.650988,1788526237.6509902,1788526237.6510906,1788526241.4943128,completed
phase3c-xpyd_feedback_2p2d_fast_canary_prod_hits_r8_257114-0492,P1,D1,1788526245.4165037,1788526245.8260474,1788526245.82605,1788526245.8261607,1788526249.6697676,completed
phase3c-xpyd_feedback_2p2d_fast_canary_prod_hits_r8_257114-0493,P1,D1,1788526253.6022418,1788526253.7201865,1788526253.7201884,1788526253.7202897,1788526260.9946153,completed
phase3c-xpyd_feedback_2p2d_fast_canary_prod_hits_r8_257114-0494,P1,D1,1788526262.495373,1788526262.615632,1788526262.6156342,1788526262.6157858,1788526277.2159066,completed
phase3c-xpyd_feedback_2p2d_fast_canary_prod_hits_r8_257114-0495,P1,D1,1788526277.224226,1788526277.3967514,1788526277.3967535,1788526277.3968503,1788526284.789552,completed
phase3c-xpyd_feedback_2p2d_fast_canary_prod_hits_r8_257114-0496,P1,D1,1788526288.729582,1788526289.1308682,1788526289.1308708,1788526289.1309743,1788526304.527112,completed
phase3c-xpyd_feedback_2p2d_fast_canary_prod_hits_r8_257114-0497,P1,D1,1788526306.826325,1788526306.946612,1788526306.946614,1788526306.946744,1788526310.5932791,completed
phase3c-xpyd_feedback_2p2d_fast_canary_prod_hits_r8_257114-0498,P1,D1,1788526312.0934944,1788526312.4040134,1788526312.4040153,1788526312.4041142,1788526316.2468038,completed
phase3c-xpyd_feedback_2p2d_fast_canary_prod_hits_r8_257114-0499,P1,D1,1788526319.9014566,1788526320.31492,1788526320.3149226,1788526320.3150246,1788526324.1574042,completed
phase3c-xpyd_feedback_2p2d_fast_canary_prod_hits_r8_257114-0500,P1,D1,1788526328.0946941,1788526328.2160718,1788526328.2160742,1788526328.2161763,1788526335.489972,completed
phase3c-xpyd_feedback_2p2d_fast_canary_prod_hits_r8_257114-0501,P1,D1,1788526336.9762642,1788526337.0933094,1788526337.0933118,1788526337.0934076,1788526351.692631,completed
phase3c-xpyd_feedback_2p2d_fast_canary_prod_hits_r8_257114-0502,P1,D1,1788526351.7016819,1788526351.8689914,1788526351.8689938,1788526351.8690841,1788526359.2555811,completed
phase3c-xpyd_feedback_2p2d_fast_canary_prod_hits_r8_257114-0503,P1,D1,1788526362.0264368,1788526362.4284494,1788526362.4284518,1788526362.4285543,1788526377.8246093,completed
phase3c-xpyd_feedback_2p2d_fast_canary_prod_hits_r8_257114-0504,P1,D1,1788526380.1311164,1788526380.2663703,1788526380.2663724,1788526380.2664666,1788526383.9124336,completed
phase3c-xpyd_feedback_2p2d_fast_canary_prod_hits_r8_257114-0505,P1,D1,1788526385.376432,1788526385.695569,1788526385.6955714,1788526385.6956882,1788526389.5384243,completed
phase3c-xpyd_feedback_2p2d_fast_canary_prod_hits_r8_257114-0506,P1,D1,1788526393.455932,1788526393.864886,1788526393.864889,1788526393.864998,1788526397.7069318,completed
phase3c-xpyd_feedback_2p2d_fast_canary_prod_hits_r8_257114-0507,P1,D1,1788526401.6549807,1788526401.7961946,1788526401.7961972,1788526401.796297,1788526409.0695827,completed
phase3c-xpyd_feedback_2p2d_fast_canary_prod_hits_r8_257114-0508,P1,D1,1788526410.5537386,1788526410.6840277,1788526410.6840293,1788526410.684126,1788526425.283241,completed
phase3c-xpyd_feedback_2p2d_fast_canary_prod_hits_r8_257114-0509,P1,D1,1788526425.2913718,1788526425.4694266,1788526425.4694293,1788526425.4695232,1788526432.8565624,completed
phase3c-xpyd_feedback_2p2d_fast_canary_prod_hits_r8_257114-0510,P1,D1,1788526435.8276498,1788526436.2284427,1788526436.2284448,1788526436.22855,1788526451.6254854,completed
phase3c-xpyd_feedback_2p2d_fast_canary_prod_hits_r8_257114-0511,P1,D1,1788526453.0629642,1788526453.1822407,1788526453.1822433,1788526453.1823368,1788526456.828662,completed
phase3c-xpyd_feedback_2p2d_fast_canary_prod_hits_r8_257114-0512,P1,D1,1788526458.306339,1788526458.6155305,1788526458.615533,1788526458.6156335,1788526462.4583294,completed
phase3c-xpyd_feedback_2p2d_fast_canary_prod_hits_r8_257114-0513,P1,D1,1788526466.4025543,1788526466.8109584,1788526466.8109612,1788526466.811067,1788526470.6528978,completed
phase3c-xpyd_feedback_2p2d_fast_canary_prod_hits_r8_257114-0514,P1,D1,1788526474.2741148,1788526474.396434,1788526474.3964367,1788526474.3965356,1788526481.6700573,completed
phase3c-xpyd_feedback_2p2d_fast_canary_prod_hits_r8_257114-0515,P1,D1,1788526483.1549737,1788526483.2752986,1788526483.2753012,1788526483.2754028,1788526497.8755584,completed
phase3c-xpyd_feedback_2p2d_fast_canary_prod_hits_r8_257114-0516,P1,D1,1788526497.8835735,1788526498.0583498,1788526498.0583518,1788526498.0584393,1788526505.4449763,completed
phase3c-xpyd_feedback_2p2d_fast_canary_prod_hits_r8_257114-0517,P1,D1,1788526508.151243,1788526508.5529296,1788526508.5529323,1788526508.5530329,1788526523.949253,completed
phase3c-xpyd_feedback_2p2d_fast_canary_prod_hits_r8_257114-0518,P1,D1,1788526525.346628,1788526525.463557,1788526525.4635594,1788526525.4636548,1788526529.1096377,completed
phase3c-xpyd_feedback_2p2d_fast_canary_prod_hits_r8_257114-0519,P1,D1,1788526530.611588,1788526530.9215097,1788526530.9215121,1788526530.9216154,1788526534.7648206,completed
phase3c-xpyd_feedback_2p2d_fast_canary_prod_hits_r8_257114-0520,P1,D1,1788526538.41015,1788526538.8162012,1788526538.8162036,1788526538.8163128,1788526542.657975,completed
phase3c-xpyd_feedback_2p2d_fast_canary_prod_hits_r8_257114-0521,P1,D1,1788526546.3783705,1788526546.4982026,1788526546.498205,1788526546.4983065,1788526553.7718308,completed
phase3c-xpyd_feedback_2p2d_fast_canary_prod_hits_r8_257114-0522,P1,D1,1788526555.265741,1788526555.3851473,1788526555.38515,1788526555.3852496,1788526569.9849772,completed
phase3c-xpyd_feedback_2p2d_fast_canary_prod_hits_r8_257114-0523,P1,D1,1788526570.0234215,1788526570.1933873,1788526570.193389,1788526570.1934836,1788526577.581317,completed
phase3c-xpyd_feedback_2p2d_fast_canary_prod_hits_r8_257114-0524,P1,D1,1788526580.388269,1788526580.7942812,1788526580.7942839,1788526580.7943902,1788526596.1902158,completed
phase3c-xpyd_feedback_2p2d_fast_canary_prod_hits_r8_257114-0525,P1,D1,1788526598.5451894,1788526598.66393,1788526598.6639318,1788526598.6640255,1788526602.31048,completed
phase3c-xpyd_feedback_2p2d_fast_canary_prod_hits_r8_257114-0526,P1,D1,1788526603.8648226,1788526604.176397,1788526604.176399,1788526604.176498,1788526608.0195374,completed
phase3c-xpyd_feedback_2p2d_fast_canary_prod_hits_r8_257114-0527,P1,D1,1788526611.9749386,1788526612.3877914,1788526612.3877945,1788526612.3878963,1788526616.2300472,completed
phase3c-xpyd_feedback_2p2d_fast_canary_prod_hits_r8_257114-0528,P1,D1,1788526620.177025,1788526620.31386,1788526620.3138623,1788526620.3139598,1788526627.5875695,completed
phase3c-xpyd_feedback_2p2d_fast_canary_prod_hits_r8_257114-0529,P1,D1,1788526629.0265517,1788526629.161772,1788526629.1617746,1788526629.161867,1788526643.7614343,completed
phase3c-xpyd_feedback_2p2d_fast_canary_prod_hits_r8_257114-0530,P1,D1,1788526643.770029,1788526643.9546509,1788526643.954653,1788526643.954809,1788526651.3426988,completed
phase3c-xpyd_feedback_2p2d_fast_canary_prod_hits_r8_257114-0531,P1,D1,1788526655.2482207,1788526655.651922,1788526655.6519241,1788526655.652029,1788526671.049326,completed
phase3c-xpyd_feedback_2p2d_fast_canary_prod_hits_r8_257114-0532,P1,D1,1788526673.3296242,1788526673.4664257,1788526673.466428,1788526673.4665272,1788526677.1127424,completed
phase3c-xpyd_feedback_2p2d_fast_canary_prod_hits_r8_257114-0533,P1,D1,1788526678.5745342,1788526678.8953612,1788526678.8953638,1788526678.8954675,1788526682.7387788,completed
phase3c-xpyd_feedback_2p2d_fast_canary_prod_hits_r8_257114-0534,P1,D1,1788526686.3689704,1788526686.7825186,1788526686.7825208,1788526686.7826266,1788526690.6347442,completed
phase3c-xpyd_feedback_2p2d_fast_canary_prod_hits_r8_257114-0535,P1,D1,1788526694.5209312,1788526694.6578305,1788526694.6578329,1788526694.657936,1788526701.9328682,completed
phase3c-xpyd_feedback_2p2d_fast_canary_prod_hits_r8_257114-0536,P1,D1,1788526703.3532865,1788526703.4789712,1788526703.4789732,1788526703.479068,1788526718.0796022,completed
phase3c-xpyd_feedback_2p2d_fast_canary_prod_hits_r8_257114-0537,P1,D1,1788526718.0885403,1788526718.2725635,1788526718.2725658,1788526718.2726607,1788526725.660745,completed
phase3c-xpyd_feedback_2p2d_fast_canary_prod_hits_r8_257114-0538,P1,D1,1788526728.410971,1788526728.8150272,1788526728.8150299,1788526728.8151438,1788526744.211802,completed
phase3c-xpyd_feedback_2p2d_fast_canary_prod_hits_r8_257114-0539,P1,D1,1788526746.4966078,1788526746.6331081,1788526746.6331108,1788526746.6332073,1788526750.2792492,completed
phase3c-xpyd_feedback_2p2d_fast_canary_prod_hits_r8_257114-0540,P1,D1,1788526751.7458198,1788526752.0667398,1788526752.0667422,1788526752.0668485,1788526755.910356,completed
phase3c-xpyd_feedback_2p2d_fast_canary_prod_hits_r8_257114-0541,P1,D1,1788526759.8396885,1788526760.2485297,1788526760.248532,1788526760.2486377,1788526764.0899572,completed
phase3c-xpyd_feedback_2p2d_fast_canary_prod_hits_r8_257114-0542,P1,D1,1788526767.9925702,1788526768.128806,1788526768.128809,1788526768.1289146,1788526775.4035983,completed
phase3c-xpyd_feedback_2p2d_fast_canary_prod_hits_r8_257114-0543,P1,D1,1788526776.8709047,1788526777.0045657,1788526777.0045683,1788526777.0046895,1788526791.605302,completed
phase3c-xpyd_feedback_2p2d_fast_canary_prod_hits_r8_257114-0544,P1,D1,1788526791.6154304,1788526791.799924,1788526791.7999263,1788526791.8000262,1788526799.1876018,completed
phase3c-xpyd_feedback_2p2d_fast_canary_prod_hits_r8_257114-0545,P1,D1,1788526801.9512663,1788526802.3542054,1788526802.3542082,1788526802.3543317,1788526817.7505004,completed
phase3c-xpyd_feedback_2p2d_fast_canary_prod_hits_r8_257114-0546,P1,D1,1788526819.1732333,1788526819.3087728,1788526819.3087752,1788526819.308875,1788526822.9546187,completed
phase3c-xpyd_feedback_2p2d_fast_canary_prod_hits_r8_257114-0547,P1,D1,1788526824.446754,1788526824.7694855,1788526824.7694879,1788526824.7696052,1788526828.6130602,completed
phase3c-xpyd_feedback_2p2d_fast_canary_prod_hits_r8_257114-0548,P1,D1,1788526832.2493885,1788526832.6595855,1788526832.6595876,1788526832.6597111,1788526836.5009928,completed
phase3c-xpyd_feedback_2p2d_fast_canary_prod_hits_r8_257114-0549,P1,D1,1788526839.204832,1788526839.3398983,1788526839.3399007,1788526839.3399975,1788526846.6140318,completed
phase3c-xpyd_feedback_2p2d_fast_canary_prod_hits_r8_257114-0550,P1,D1,1788526848.0948098,1788526848.2289925,1788526848.2289953,1788526848.229091,1788526862.8285446,completed
phase3c-xpyd_feedback_2p2d_fast_canary_prod_hits_r8_257114-0551,P1,D1,1788526862.8366418,1788526863.0071192,1788526863.0071216,1788526863.0072145,1788526870.3961442,completed
phase3c-xpyd_feedback_2p2d_fast_canary_prod_hits_r8_257114-0552,P1,D1,1788526874.3436089,1788526874.7451794,1788526874.7451818,1788526874.74529,1788526890.1423244,completed
phase3c-xpyd_feedback_2p2d_fast_canary_prod_hits_r8_257114-0553,P1,D1,1788526892.4197962,1788526892.539589,1788526892.5395913,1788526892.539746,1788526896.1866982,completed
phase3c-xpyd_feedback_2p2d_fast_canary_prod_hits_r8_257114-0554,P1,D1,1788526897.672013,1788526897.978343,1788526897.9783452,1788526897.9784508,1788526901.8215208,completed
phase3c-xpyd_feedback_2p2d_fast_canary_prod_hits_r8_257114-0555,P1,D1,1788526905.7740676,1788526906.1875188,1788526906.1875215,1788526906.18763,1788526910.0304434,completed
phase3c-xpyd_feedback_2p2d_fast_canary_prod_hits_r8_257114-0556,P1,D1,1788526912.7208579,1788526912.8406117,1788526912.8406138,1788526912.8407319,1788526920.1143882,completed
phase3c-xpyd_feedback_2p2d_fast_canary_prod_hits_r8_257114-0557,P1,D1,1788526921.5819125,1788526921.6940384,1788526921.6940408,1788526921.6941369,1788526936.293421,completed
phase3c-xpyd_feedback_2p2d_fast_canary_prod_hits_r8_257114-0558,P1,D1,1788526936.3020217,1788526936.472653,1788526936.472655,1788526936.472806,1788526943.8597107,completed
phase3c-xpyd_feedback_2p2d_fast_canary_prod_hits_r8_257114-0559,P1,D1,1788526946.5981886,1788526946.9943485,1788526946.9943507,1788526946.9944556,1788526962.3906114,completed
phase3c-xpyd_feedback_2p2d_fast_canary_prod_hits_r8_257114-0560,P1,D1,1788526963.8073554,1788526963.9345474,1788526963.9345496,1788526963.9346483,1788526967.581223,completed
phase3c-xpyd_feedback_2p2d_fast_canary_prod_hits_r8_257114-0561,P1,D1,1788526969.006262,1788526969.3238833,1788526969.323886,1788526969.3239875,1788526973.1671834,completed
phase3c-xpyd_feedback_2p2d_fast_canary_prod_hits_r8_257114-0562,P1,D1,1788526977.0224783,1788526977.4314942,1788526977.4314966,1788526977.4316022,1788526981.2737484,completed
phase3c-xpyd_feedback_2p2d_fast_canary_prod_hits_r8_257114-0563,P1,D1,1788526985.177813,1788526985.2937553,1788526985.293758,1788526985.29386,1788526992.5680048,completed
phase3c-xpyd_feedback_2p2d_fast_canary_prod_hits_r8_257114-0564,P1,D1,1788526993.9913843,1788526994.1042316,1788526994.104234,1788526994.1043296,1788527008.7037644,completed
phase3c-xpyd_feedback_2p2d_fast_canary_prod_hits_r8_257114-0565,P1,D1,1788527008.7118819,1788527008.8826325,1788527008.8826344,1788527008.8827655,1788527016.2699993,completed
phase3c-xpyd_feedback_2p2d_fast_canary_prod_hits_r8_257114-0566,P1,D1,1788527019.000832,1788527019.3956313,1788527019.3956344,1788527019.3957772,1788527034.7949524,completed
phase3c-xpyd_feedback_2p2d_fast_canary_prod_hits_r8_257114-0567,P1,D1,1788527037.0693872,1788527037.1908472,1788527037.1908495,1788527037.1909425,1788527040.8375924,completed
phase3c-xpyd_feedback_2p2d_fast_canary_prod_hits_r8_257114-0568,P1,D1,1788527042.2668185,1788527042.5755692,1788527042.5755718,1788527042.5756953,1788527046.4187255,completed
phase3c-xpyd_feedback_2p2d_fast_canary_prod_hits_r8_257114-0569,P1,D1,1788527050.0476105,1788527050.4563696,1788527050.4563725,1788527050.456492,1788527054.2989511,completed
phase3c-xpyd_feedback_2p2d_fast_canary_prod_hits_r8_257114-0570,P1,D1,1788527057.9286237,1788527058.050525,1788527058.0505278,1788527058.0506263,1788527065.3247924,completed
phase3c-xpyd_feedback_2p2d_fast_canary_prod_hits_r8_257114-0571,P1,D1,1788527066.753542,1788527066.8756173,1788527066.8756196,1788527066.875738,1788527081.4762602,completed
phase3c-xpyd_feedback_2p2d_fast_canary_prod_hits_r8_257114-0572,P1,D1,1788527081.4852903,1788527081.6680403,1788527081.6680422,1788527081.6681387,1788527089.0560994,completed
phase3c-xpyd_feedback_2p2d_fast_canary_prod_hits_r8_257114-0573,P1,D1,1788527091.7650836,1788527092.1712775,1788527092.17128,1788527092.1713886,1788527107.5675955,completed
phase3c-xpyd_feedback_2p2d_fast_canary_prod_hits_r8_257114-0574,P1,D1,1788527109.8537748,1788527109.9827943,1788527109.982797,1788527109.9828968,1788527113.6291828,completed
phase3c-xpyd_feedback_2p2d_fast_canary_prod_hits_r8_257114-0575,P1,D1,1788527115.0498514,1788527115.371346,1788527115.3713481,1788527115.3714485,1788527119.2137957,completed
phase3c-xpyd_feedback_2p2d_fast_canary_prod_hits_r8_257114-0576,P1,D1,1788527123.1912134,1788527123.602779,1788527123.6027815,1788527123.6028924,1788527127.4446502,completed
phase3c-xpyd_feedback_2p2d_fast_canary_prod_hits_r8_257114-0577,P1,D1,1788527131.3664742,1788527131.501038,1788527131.5010405,1788527131.501146,1788527138.7749379,completed
phase3c-xpyd_feedback_2p2d_fast_canary_prod_hits_r8_257114-0578,P1,D1,1788527140.254487,1788527140.3888707,1788527140.388873,1788527140.3889687,1788527154.9893825,completed
phase3c-xpyd_feedback_2p2d_fast_canary_prod_hits_r8_257114-0579,P1,D1,1788527154.9966102,1788527155.1771026,1788527155.1771052,1788527155.1772037,1788527162.5651264,completed
phase3c-xpyd_feedback_2p2d_fast_canary_prod_hits_r8_257114-0580,P1,D1,1788527165.272529,1788527165.6752765,1788527165.6752787,1788527165.6753817,1788527181.0724683,completed
phase3c-xpyd_feedback_2p2d_fast_canary_prod_hits_r8_257114-0581,P1,D1,1788527183.3703928,1788527183.5064304,1788527183.5064325,1788527183.5065289,1788527187.1526,completed
phase3c-xpyd_feedback_2p2d_fast_canary_prod_hits_r8_257114-0582,P1,D1,1788527188.6580765,1788527188.9785805,1788527188.9785829,1788527188.9787061,1788527192.821374,completed
phase3c-xpyd_feedback_2p2d_fast_canary_prod_hits_r8_257114-0583,P1,D1,1788527196.7383273,1788527197.1480074,1788527197.14801,1788527197.1481166,1788527200.991138,completed
phase3c-xpyd_feedback_2p2d_fast_canary_prod_hits_r8_257114-0584,P1,D1,1788527204.9016917,1788527205.0344572,1788527205.0344594,1788527205.0345564,1788527212.3090377,completed
phase3c-xpyd_feedback_2p2d_fast_canary_prod_hits_r8_257114-0585,P1,D1,1788527213.7443435,1788527213.8790157,1788527213.8790178,1788527213.8791168,1788527228.4810948,completed
phase3c-xpyd_feedback_2p2d_fast_canary_prod_hits_r8_257114-0586,P1,D1,1788527228.4885936,1788527228.6569188,1788527228.6569211,1788527228.6570182,1788527236.0463092,completed
phase3c-xpyd_feedback_2p2d_fast_canary_prod_hits_r8_257114-0587,P1,D1,1788527238.7569776,1788527239.1568685,1788527239.1568708,1788527239.1569767,1788527254.5539255,completed
phase3c-xpyd_feedback_2p2d_fast_canary_prod_hits_r8_257114-0588,P1,D1,1788527255.9776616,1788527256.0968978,1788527256.0968997,1788527256.0969958,1788527259.7441838,completed
phase3c-xpyd_feedback_2p2d_fast_canary_prod_hits_r8_257114-0589,P1,D1,1788527261.2152548,1788527261.5229065,1788527261.522909,1788527261.5230057,1788527265.364922,completed
phase3c-xpyd_feedback_2p2d_fast_canary_prod_hits_r8_257114-0590,P1,D1,1788527269.302216,1788527269.7100048,1788527269.7100077,1788527269.710109,1788527273.5526292,completed
phase3c-xpyd_feedback_2p2d_fast_canary_prod_hits_r8_257114-0591,P1,D1,1788527277.1745088,1788527277.3012655,1788527277.3012679,1788527277.301363,1788527284.575654,completed
phase3c-xpyd_feedback_2p2d_fast_canary_prod_hits_r8_257114-0592,P1,D1,1788527286.0304346,1788527286.1468124,1788527286.1468143,1788527286.1469097,1788527300.7470293,completed
phase3c-xpyd_feedback_2p2d_fast_canary_prod_hits_r8_257114-0593,P1,D1,1788527300.7563348,1788527300.9307659,1788527300.9307678,1788527300.9308624,1788527308.318349,completed
phase3c-xpyd_feedback_2p2d_fast_canary_prod_hits_r8_257114-0594,P1,D1,1788527312.2673085,1788527312.6710696,1788527312.671072,1788527312.671179,1788527328.067489,completed
phase3c-xpyd_feedback_2p2d_fast_canary_prod_hits_r8_257114-0595,P1,D1,1788527329.5105402,1788527329.6408236,1788527329.6408253,1788527329.6409216,1788527333.2874024,completed
phase3c-xpyd_feedback_2p2d_fast_canary_prod_hits_r8_257114-0596,P1,D1,1788527334.7231052,1788527335.0335805,1788527335.033583,1788527335.033703,1788527338.8766224,completed
phase3c-xpyd_feedback_2p2d_fast_canary_prod_hits_r8_257114-0597,P1,D1,1788527342.773846,1788527343.1829157,1788527343.182918,1788527343.1830254,1788527347.0258508,completed
phase3c-xpyd_feedback_2p2d_fast_canary_prod_hits_r8_257114-0598,P1,D1,1788527350.9361725,1788527351.0557466,1788527351.0557492,1788527351.0558476,1788527358.3300261,completed
phase3c-xpyd_feedback_2p2d_fast_canary_prod_hits_r8_257114-0599,P1,D1,1788527359.8046231,1788527359.9293528,1788527359.9293547,1788527359.9294486,1788527374.530236,completed
phase3c-xpyd_feedback_2p2d_fast_canary_prod_hits_r8_257114-0600,P1,D1,1788527374.5400531,1788527374.7074103,1788527374.7074125,1788527374.7075093,1788527382.0966167,completed
phase3c-xpyd_feedback_2p2d_fast_canary_prod_hits_r8_257114-0601,P1,D1,1788527386.0045104,1788527386.401574,1788527386.401576,1788527386.4016898,1788527401.7984455,completed
phase3c-xpyd_feedback_2p2d_fast_canary_prod_hits_r8_257114-0602,P1,D1,1788527403.20822,1788527403.3249347,1788527403.3249366,1788527403.3250318,1788527406.971884,completed
phase3c-xpyd_feedback_2p2d_fast_canary_prod_hits_r8_257114-0603,P1,D1,1788527408.4944956,1788527408.8131385,1788527408.8131406,1788527408.8132572,1788527412.6561584,completed
phase3c-xpyd_feedback_2p2d_fast_canary_prod_hits_r8_257114-0604,P1,D1,1788527416.2927344,1788527416.7036288,1788527416.7036314,1788527416.7037585,1788527420.5460994,completed
phase3c-xpyd_feedback_2p2d_fast_canary_prod_hits_r8_257114-0605,P1,D1,1788527424.173229,1788527424.2939343,1788527424.2939367,1788527424.2940314,1788527431.568094,completed
phase3c-xpyd_feedback_2p2d_fast_canary_prod_hits_r8_257114-0606,P1,D1,1788527433.0038078,1788527433.122018,1788527433.1220207,1788527433.1221163,1788527447.723121,completed
phase3c-xpyd_feedback_2p2d_fast_canary_prod_hits_r8_257114-0607,P1,D1,1788527447.7325318,1788527447.9055457,1788527447.9055479,1788527447.9056425,1788527455.2937877,completed
phase3c-xpyd_feedback_2p2d_fast_canary_prod_hits_r8_257114-0608,P1,D1,1788527459.2027366,1788527459.6071925,1788527459.607195,1788527459.6072934,1788527475.0029783,completed
phase3c-xpyd_feedback_2p2d_fast_canary_prod_hits_r8_257114-0609,P1,D1,1788527476.4223082,1788527476.5518832,1788527476.5518854,1788527476.5519786,1788527480.1977503,completed
phase3c-xpyd_feedback_2p2d_fast_canary_prod_hits_r8_257114-0610,P1,D1,1788527481.6897674,1788527482.008954,1788527482.008957,1788527482.0090616,1788527485.8519263,completed
phase3c-xpyd_feedback_2p2d_fast_canary_prod_hits_r8_257114-0611,P1,D1,1788527488.5210848,1788527488.9334512,1788527488.9334536,1788527488.9335527,1788527492.775894,completed
phase3c-xpyd_feedback_2p2d_fast_canary_prod_hits_r8_257114-0612,P1,D1,1788527496.7540085,1788527496.887813,1788527496.8878157,1788527496.8879125,1788527504.1620972,completed
phase3c-xpyd_feedback_2p2d_fast_canary_prod_hits_r8_257114-0613,P1,D1,1788527505.6653862,1788527505.8004367,1788527505.8004391,1788527505.8005326,1788527520.4006,completed
phase3c-xpyd_feedback_2p2d_fast_canary_prod_hits_r8_257114-0614,P1,D1,1788527520.4085314,1788527520.589998,1788527520.5900002,1788527520.5900888,1788527527.977744,completed
phase3c-xpyd_feedback_2p2d_fast_canary_prod_hits_r8_257114-0615,P1,D1,1788527530.6730468,1788527531.0764418,1788527531.0764444,1788527531.076545,1788527546.473598,completed
phase3c-xpyd_feedback_2p2d_fast_canary_prod_hits_r8_257114-0616,P1,D1,1788527547.9087193,1788527548.0449033,1788527548.044906,1788527548.045001,1788527551.6914039,completed
phase3c-xpyd_feedback_2p2d_fast_canary_prod_hits_r8_257114-0617,P1,D1,1788527553.224501,1788527553.5464873,1788527553.5464897,1788527553.5465872,1788527557.3901122,completed
phase3c-xpyd_feedback_2p2d_fast_canary_prod_hits_r8_257114-0618,P1,D1,1788527561.2508583,1788527561.665647,1788527561.6656494,1788527561.6658049,1788527565.5074563,completed
phase3c-xpyd_feedback_2p2d_fast_canary_prod_hits_r8_257114-0619,P1,D1,1788527569.123883,1788527569.2583241,1788527569.2583265,1788527569.2584224,1788527576.532383,completed
phase3c-xpyd_feedback_2p2d_fast_canary_prod_hits_r8_257114-0620,P1,D1,1788527578.0156577,1788527578.1423252,1788527578.1423278,1788527578.142422,1788527592.741752,completed
phase3c-xpyd_feedback_2p2d_fast_canary_prod_hits_r8_257114-0621,P1,D1,1788527592.7495172,1788527592.9228926,1788527592.9228952,1788527592.92299,1788527600.310375,completed
phase3c-xpyd_feedback_2p2d_fast_canary_prod_hits_r8_257114-0622,P1,D1,1788527602.9987934,1788527603.4004588,1788527603.4004612,1788527603.40058,1788527618.7977817,completed
phase3c-xpyd_feedback_2p2d_fast_canary_prod_hits_r8_257114-0623,P1,D1,1788527620.2107615,1788527620.341456,1788527620.3414578,1788527620.3415492,1788527623.9880064,completed
phase3c-xpyd_feedback_2p2d_fast_canary_prod_hits_r8_257114-0624,P1,D1,1788527625.4693248,1788527625.7958906,1788527625.7958932,1788527625.7959974,1788527629.6385128,completed
phase3c-xpyd_feedback_2p2d_fast_canary_prod_hits_r8_257114-0625,P1,D1,1788527633.5624332,1788527633.9761302,1788527633.9761326,1788527633.9762414,1788527637.818771,completed
phase3c-xpyd_feedback_2p2d_fast_canary_prod_hits_r8_257114-0626,P1,D1,1788527641.4547503,1788527641.587833,1788527641.5878353,1788527641.5879295,1788527648.8620474,completed
phase3c-xpyd_feedback_2p2d_fast_canary_prod_hits_r8_257114-0627,P1,D1,1788527650.348675,1788527650.4772913,1788527650.4772935,1788527650.4773884,1788527665.077224,completed
phase3c-xpyd_feedback_2p2d_fast_canary_prod_hits_r8_257114-0628,P1,D1,1788527665.084363,1788527665.2583714,1788527665.2583733,1788527665.258461,1788527672.6462214,completed
phase3c-xpyd_feedback_2p2d_fast_canary_prod_hits_r8_257114-0629,P1,D1,1788527675.350203,1788527675.754186,1788527675.7541885,1788527675.7542863,1788527691.1510658,completed
phase3c-xpyd_feedback_2p2d_fast_canary_prod_hits_r8_257114-0630,P1,D1,1788527692.5630608,1788527692.6949158,1788527692.694918,1788527692.6950111,1788527696.342534,completed
phase3c-xpyd_feedback_2p2d_fast_canary_prod_hits_r8_257114-0631,P1,D1,1788527697.8305712,1788527698.1518805,1788527698.1518834,1788527698.1519816,1788527701.9952223,completed
phase3c-xpyd_feedback_2p2d_fast_canary_prod_hits_r8_257114-0632,P1,D1,1788527705.9013557,1788527706.3106503,1788527706.3106527,1788527706.3107896,1788527710.1525753,completed
phase3c-xpyd_feedback_2p2d_fast_canary_prod_hits_r8_257114-0633,P1,D1,1788527713.777214,1788527713.9155877,1788527713.9155898,1788527713.9157028,1788527721.1898994,completed
phase3c-xpyd_feedback_2p2d_fast_canary_prod_hits_r8_257114-0634,P1,D1,1788527722.6697628,1788527722.801929,1788527722.801931,1788527722.8020306,1788527737.4019864,completed
phase3c-xpyd_feedback_2p2d_fast_canary_prod_hits_r8_257114-0635,P1,D1,1788527737.410865,1788527737.589459,1788527737.589461,1788527737.5895464,1788527744.9777186,completed
phase3c-xpyd_feedback_2p2d_fast_canary_prod_hits_r8_257114-0636,P1,D1,1788527747.6738613,1788527748.0776258,1788527748.0776281,1788527748.0777483,1788527763.4735708,completed
phase3c-xpyd_feedback_2p2d_fast_canary_prod_hits_r8_257114-0637,P1,D1,1788527765.7820365,1788527765.9238486,1788527765.9238513,1788527765.923946,1788527769.5698833,completed
phase3c-xpyd_feedback_2p2d_fast_canary_prod_hits_r8_257114-0638,P1,D1,1788527771.0781527,1788527771.4008164,1788527771.4008186,1788527771.4009154,1788527775.2439349,completed
phase3c-xpyd_feedback_2p2d_fast_canary_prod_hits_r8_257114-0639,P1,D1,1788527779.171579,1788527779.582362,1788527779.5823638,1788527779.5824685,1788527783.4242105,completed
phase3c-xpyd_feedback_2p2d_fast_canary_prod_hits_r8_257114-0640,P1,D1,1788527787.0476587,1788527787.1822343,1788527787.1822367,1788527787.1823342,1788527794.4557471,completed
phase3c-xpyd_feedback_2p2d_fast_canary_prod_hits_r8_257114-0641,P1,D1,1788527795.9556293,1788527796.0895803,1788527796.0895827,1788527796.0896938,1788527810.6892517,completed
phase3c-xpyd_feedback_2p2d_fast_canary_prod_hits_r8_257114-0642,P1,D1,1788527810.6972594,1788527810.8664691,1788527810.8664715,1788527810.8665621,1788527818.254255,completed
phase3c-xpyd_feedback_2p2d_fast_canary_prod_hits_r8_257114-0643,P1,D1,1788527822.1729083,1788527822.5739768,1788527822.5739794,1788527822.5740833,1788527837.9711542,completed
phase3c-xpyd_feedback_2p2d_fast_canary_prod_hits_r8_257114-0644,P1,D1,1788527839.3844392,1788527839.5034895,1788527839.5034919,1788527839.5035868,1788527843.1502888,completed
phase3c-xpyd_feedback_2p2d_fast_canary_prod_hits_r8_257114-0645,P1,D1,1788527844.6547382,1788527844.9613101,1788527844.9613123,1788527844.9614115,1788527848.8045323,completed
phase3c-xpyd_feedback_2p2d_fast_canary_prod_hits_r8_257114-0646,P1,D1,1788527852.7167842,1788527853.123651,1788527853.1236537,1788527853.1238115,1788527856.9660945,completed
phase3c-xpyd_feedback_2p2d_fast_canary_prod_hits_r8_257114-0647,P1,D1,1788527860.9054217,1788527861.023488,1788527861.0234907,1788527861.0235858,1788527868.296733,completed
phase3c-xpyd_feedback_2p2d_fast_canary_prod_hits_r8_257114-0648,P1,D1,1788527869.7305727,1788527869.8511622,1788527869.851164,1788527869.851262,1788527884.4510653,completed
phase3c-xpyd_feedback_2p2d_fast_canary_prod_hits_r8_257114-0649,P1,D1,1788527884.4594805,1788527884.6293144,1788527884.6293166,1788527884.6294048,1788527892.0159159,completed
phase3c-xpyd_feedback_2p2d_fast_canary_prod_hits_r8_257114-0650,P1,D1,1788527895.9225075,1788527896.3227015,1788527896.3227038,1788527896.3228047,1788527911.718453,completed
phase3c-xpyd_feedback_2p2d_fast_canary_prod_hits_r8_257114-0651,P1,D1,1788527913.9930253,1788527914.1119235,1788527914.111926,1788527914.1120214,1788527917.758123,completed
phase3c-xpyd_feedback_2p2d_fast_canary_prod_hits_r8_257114-0652,P1,D1,1788527919.239612,1788527919.5468976,1788527919.5468998,1788527919.5469995,1788527923.3898396,completed
phase3c-xpyd_feedback_2p2d_fast_canary_prod_hits_r8_257114-0653,P1,D1,1788527926.9774752,1788527927.3869078,1788527927.3869102,1788527927.3870142,1788527931.229488,completed
phase3c-xpyd_feedback_2p2d_fast_canary_prod_hits_r8_257114-0654,P1,D1,1788527935.142947,1788527935.2637587,1788527935.2637608,1788527935.2638566,1788527942.5379395,completed
phase3c-xpyd_feedback_2p2d_fast_canary_prod_hits_r8_257114-0655,P1,D1,1788527944.0312648,1788527944.1527462,1788527944.1527486,1788527944.1528428,1788527958.7523437,completed
phase3c-xpyd_feedback_2p2d_fast_canary_prod_hits_r8_257114-0656,P1,D1,1788527958.761166,1788527958.9296257,1788527958.9296281,1788527958.9297695,1788527966.3171268,completed
phase3c-xpyd_feedback_2p2d_fast_canary_prod_hits_r8_257114-0657,P1,D1,1788527969.0490565,1788527969.4493146,1788527969.449317,1788527969.4494154,1788527984.8446467,completed
phase3c-xpyd_feedback_2p2d_fast_canary_prod_hits_r8_257114-0658,P1,D1,1788527986.2537148,1788527986.373926,1788527986.3739285,1788527986.374025,1788527990.0204518,completed
phase3c-xpyd_feedback_2p2d_fast_canary_prod_hits_r8_257114-0659,P1,D1,1788527991.4876304,1788527991.7982738,1788527991.798276,1788527991.7983782,1788527995.6409361,completed
phase3c-xpyd_feedback_2p2d_fast_canary_prod_hits_r8_257114-0660,P1,D1,1788527998.3460677,1788527998.7561224,1788527998.7561252,1788527998.7562225,1788528002.5989156,completed
phase3c-xpyd_feedback_2p2d_fast_canary_prod_hits_r8_257114-0661,P1,D1,1788528006.539506,1788528006.6572597,1788528006.657262,1788528006.6573567,1788528013.9312642,completed
phase3c-xpyd_feedback_2p2d_fast_canary_prod_hits_r8_257114-0662,P1,D1,1788528015.4187825,1788528015.5394301,1788528015.5394325,1788528015.5395265,1788528030.1385958,completed
phase3c-xpyd_feedback_2p2d_fast_canary_prod_hits_r8_257114-0663,P1,D1,1788528030.1458294,1788528030.3241525,1788528030.3241546,1788528030.3242447,1788528037.7115,completed
phase3c-xpyd_feedback_2p2d_fast_canary_prod_hits_r8_257114-0664,P1,D1,1788528040.3736475,1788528040.7776117,1788528040.7776144,1788528040.7777383,1788528056.1799543,completed
phase3c-xpyd_feedback_2p2d_fast_canary_prod_hits_r8_257114-0665,P1,D1,1788528058.4618592,1788528058.5969381,1788528058.5969403,1788528058.597037,1788528062.243886,completed
phase3c-xpyd_feedback_2p2d_fast_canary_prod_hits_r8_257114-0666,P1,D1,1788528063.7013896,1788528064.0208657,1788528064.020868,1788528064.020973,1788528067.8631806,completed
phase3c-xpyd_feedback_2p2d_fast_canary_prod_hits_r8_257114-0667,P1,D1,1788528071.7742355,1788528072.1908512,1788528072.1908538,1788528072.1909602,1788528076.0329146,completed
phase3c-xpyd_feedback_2p2d_fast_canary_prod_hits_r8_257114-0668,P1,D1,1788528079.649596,1788528079.7901642,1788528079.7901664,1788528079.790262,1788528087.0660038,completed
phase3c-xpyd_feedback_2p2d_fast_canary_prod_hits_r8_257114-0669,P1,D1,1788528088.5586135,1788528088.6903389,1788528088.6903408,1788528088.6904354,1788528103.290112,completed
phase3c-xpyd_feedback_2p2d_fast_canary_prod_hits_r8_257114-0670,P1,D1,1788528103.299063,1788528103.4783988,1788528103.4784012,1788528103.4784896,1788528110.8654697,completed
phase3c-xpyd_feedback_2p2d_fast_canary_prod_hits_r8_257114-0671,P1,D1,1788528114.4724436,1788528114.8722863,1788528114.8722887,1788528114.8723912,1788528130.2682528,completed
