unix_ts,workload_seq,target_freq_mhz,rx_bytes,tx_bytes,gpu_util_pct,gpu_power_w,gpu_sm_mhz,gpu_memory_used_mib,gpu_mem_util_pct,gpu_power_limit_w,gpu_mem_clock_mhz,gpu_temperature_c,gpu_memory_total_mib,gpu_pstate
1784880787.586284469,0,360,58613580881,8984357145,0, 15.90, 210, 0, 0, 72.00, 405, 34, 23034, P8
1784880788.213722902,0,360,58613580881,8984357145,0, 16.00, 360, 0, 0, 72.00, 405, 34, 23034, P8
1784880788.841206763,0,360,58613648711,8984429889,0, 16.00, 360, 0, 0, 72.00, 405, 34, 23034, P8
1784880789.486264041,0,360,58613648711,8984429889,0, 16.05, 360, 0, 0, 72.00, 405, 34, 23034, P8
1784880790.110298959,0,360,58613806040,8984627683,0, 16.04, 360, 0, 0, 72.00, 405, 34, 23034, P8
1784880790.735353031,0,360,58614031369,8984904267,0, 16.04, 360, 0, 0, 72.00, 405, 34, 23034, P8
1784880791.358814425,0,360,58614031369,8984904267,0, 16.05, 360, 0, 0, 72.00, 405, 34, 23034, P8
