unix_ts,workload_seq,target_freq_mhz,rx_bytes,tx_bytes,gpu_util_pct,gpu_power_w,gpu_sm_mhz,gpu_memory_used_mib,gpu_mem_util_pct,gpu_power_limit_w,gpu_mem_clock_mhz,gpu_temperature_c,gpu_memory_total_mib,gpu_pstate
1784880787.543981128,0,480,47535327580,41518487561,0, 31.92, 210, 0, 0, 350.00, 405, 25, 46068, P0
1784880788.124670409,0,480,47535363386,41518514953,0, 45.81, 480, 0, 0, 350.00, 9001, 26, 46068, P0
1784880788.710962578,0,480,47535363386,41518514953,0, 45.81, 480, 0, 0, 350.00, 9001, 26, 46068, P0
1784880789.293614543,0,480,47535422420,41518588278,0, 59.75, 480, 0, 0, 350.00, 9001, 26, 46068, P0
1784880789.877120534,0,480,47535650764,41518857314,0, 59.75, 480, 0, 0, 350.00, 9001, 26, 46068, P0
1784880790.459585197,0,480,47535650764,41518857314,0, 59.75, 480, 0, 0, 350.00, 9001, 26, 46068, P0
1784880791.042834748,0,480,47535848418,41519087540,0, 59.75, 480, 0, 0, 350.00, 9001, 26, 46068, P0
1784880791.623940638,0,480,47535848418,41519087540,0, 59.75, 480, 0, 0, 350.00, 9001, 26, 46068, P0
