canary_active_at_end,canary_active_at_start,control_inclusive_ttft_ms,d_mhz,duration_s,end,endpoints,energy_j,frequency_changed,frequency_source,inference,mean_power_w,observed_output_tokens,p_mhz,phase,request_id,service_sequence,settle_wait_s,start,table_hit,table_revision,tpot_ms,ttft_ms,window_index,window_request_index,workload_id
small_light,,221.2510108947754,1500,3.7482781410217285,1788695531.054808,"{""P1"": {""energy_j"": 306.7992653846741, ""clock_match_fraction"": null, ""mean_power_w"": 81.85072020857152, ""samples"": 36}, ""D1"": {""energy_j"": 240.28106168285012, ""clock_match_fraction"": null, ""mean_power_w"": 64.1043841045779, ""samples"": 34}}",547.0803270675242,False,safe_high,"{""start"": 1788695527.313625, ""end"": 1788695531.054808, ""duration_s"": 3.741182804107666, ""energy_j"": 545.8505676910281, ""mean_power_w"": 145.903206625377, ""endpoints"": {""P1"": {""energy_j"": 305.72646951675415, ""clock_match_fraction"": 1.0, ""mean_power_w"": 81.71920099201755, ""samples"": 36}, ""D1"": {""energy_j"": 240.12409817427397, ""clock_match_fraction"": 1.0, ""mean_power_w"": 64.18400563335946, ""samples"": 34}}}",145.95510431314943,64,2520,production,production-00001,1,0.0,1788695527.3065298,False,0,55.92062306361243,214.14906403515488,1,1,small_light
small_light,small_light,180.82332611083984,1500,3.709768056869507,1788695539.8199959,"{""P1"": {""energy_j"": 300.7240455150604, ""clock_match_fraction"": null, ""mean_power_w"": 81.0627621201814, ""samples"": 36}, ""D1"": {""energy_j"": 240.01566709578037, ""clock_match_fraction"": null, ""mean_power_w"": 64.6982947225865, ""samples"": 33}}",540.7397126108408,False,safe_high,"{""start"": 1788695536.1144688, ""end"": 1788695539.8199959, ""duration_s"": 3.7055270671844482, ""energy_j"": 540.3049112744629, ""mean_power_w"": 145.8105423272485, ""endpoints"": {""P1"": {""energy_j"": 300.3749680519104, ""clock_match_fraction"": 1.0, ""mean_power_w"": 81.06133421935648, ""samples"": 36}, ""D1"": {""energy_j"": 239.92994322255254, ""clock_match_fraction"": 1.0, ""mean_power_w"": 64.749208107892, ""samples"": 33}}}",145.76105684276789,64,2520,production,production-00002,2,0.0,1788695536.1102278,False,0,55.947779919878236,176.58061103429645,1,2,small_light
small_light,small_light,172.55854606628418,1500,3.701817750930786,1788695548.6761103,"{""P1"": {""energy_j"": 299.27868098020554, ""clock_match_fraction"": null, ""mean_power_w"": 80.84641144339287, ""samples"": 35}, ""D1"": {""energy_j"": 241.6329238563776, ""clock_match_fraction"": null, ""mean_power_w"": 65.27412750009677, ""samples"": 33}}",540.9116048365831,False,safe_high,"{""start"": 1788695544.976713, ""end"": 1788695548.6761103, ""duration_s"": 3.699397325515747, ""energy_j"": 540.5958694070578, ""mean_power_w"": 146.13079424543596, ""endpoints"": {""P1"": {""energy_j"": 299.01475089788437, ""clock_match_fraction"": 1.0, ""mean_power_w"": 80.82796320241097, ""samples"": 35}, ""D1"": {""energy_j"": 241.5811185091734, ""clock_match_fraction"": 1.0, ""mean_power_w"": 65.302831043025, ""samples"": 33}}}",146.12053894348963,64,2520,production,production-00003,3,0.0,1788695544.9742925,False,0,55.95441028616199,170.13668396975845,1,3,small_light
small_light,small_light,176.9394874572754,1500,3.7058825492858887,1788695557.4861083,"{""P1"": {""energy_j"": 303.6514285206795, ""clock_match_fraction"": null, ""mean_power_w"": 81.93768271992109, ""samples"": 36}, ""D1"": {""energy_j"": 239.9008989147842, ""clock_match_fraction"": null, ""mean_power_w"": 64.7351597694353, ""samples"": 33}}",543.5523274354637,False,safe_high,"{""start"": 1788695553.7840762, ""end"": 1788695557.4861083, ""duration_s"": 3.7020320892333984, ""energy_j"": 543.192383300513, ""mean_power_w"": 146.72816718155326, ""endpoints"": {""P1"": {""energy_j"": 303.36988604068756, ""clock_match_fraction"": 1.0, ""mean_power_w"": 81.9468547890162, ""samples"": 36}, ""D1"": {""energy_j"": 239.82249725982547, ""clock_match_fraction"": 1.0, ""mean_power_w"": 64.78131239253707, ""samples"": 33}}}",146.67284248935638,64,2520,production,production-00004,4,0.0,1788695553.7802258,False,0,55.94249560298132,173.0887679150328,1,4,small_light
small_light,small_light,171.28801345825195,1500,3.7004714012145996,1788695566.3432536,"{""P1"": {""energy_j"": 299.6849232316017, ""clock_match_fraction"": null, ""mean_power_w"": 80.98560716703192, ""samples"": 36}, ""D1"": {""energy_j"": 241.79979826509953, ""clock_match_fraction"": null, ""mean_power_w"": 65.34297175914776, ""samples"": 33}}",541.4847214967012,False,safe_high,"{""start"": 1788695562.6462185, ""end"": 1788695566.3432536, ""duration_s"": 3.697035074234009, ""energy_j"": 541.1629402004182, ""mean_power_w"": 146.37755101972954, ""endpoints"": {""P1"": {""energy_j"": 299.4375074505806, ""clock_match_fraction"": 1.0, ""mean_power_w"": 80.99395906126783, ""samples"": 36}, ""D1"": {""energy_j"": 241.72543274983764, ""clock_match_fraction"": 1.0, ""mean_power_w"": 65.38359195846171, ""samples"": 33}}}",146.3285789261797,64,2520,production,production-00005,5,0.0,1788695562.6427822,False,0,55.94901701561101,167.84703393932432,1,5,small_light
small_light,small_light,171.70071601867676,1500,3.7006237506866455,1788695575.148867,"{""P1"": {""energy_j"": 299.58222395181656, ""clock_match_fraction"": null, ""mean_power_w"": 80.95452121989692, ""samples"": 36}, ""D1"": {""energy_j"": 239.86636414378881, ""clock_match_fraction"": null, ""mean_power_w"": 64.81781999569179, ""samples"": 33}}",539.4485880956054,False,safe_high,"{""start"": 1788695571.4515781, ""end"": 1788695575.148867, ""duration_s"": 3.697288751602173, ""energy_j"": 539.1488987617195, ""mean_power_w"": 145.82277311397067, ""endpoints"": {""P1"": {""energy_j"": 299.34894347190857, ""clock_match_fraction"": 1.0, ""mean_power_w"": 80.96444816277591, ""samples"": 36}, ""D1"": {""energy_j"": 239.7999552898109, ""clock_match_fraction"": 1.0, ""mean_power_w"": 64.85832495119475, ""samples"": 33}}}",145.7723412155887,64,2520,production,production-00006,6,0.0,1788695571.4482431,False,0,55.95037025502987,168.36143203545362,1,6,small_light
small_light,small_light,175.59075355529785,1500,3.7037315368652344,1788695583.9586492,"{""P1"": {""energy_j"": 299.39895898103714, ""clock_match_fraction"": null, ""mean_power_w"": 80.83711143773733, ""samples"": 35}, ""D1"": {""energy_j"": 243.866346988827, ""clock_match_fraction"": null, ""mean_power_w"": 65.84341887674469, ""samples"": 33}}",543.2653059698641,False,safe_high,"{""start"": 1788695580.257612, ""end"": 1788695583.9586492, ""duration_s"": 3.7010371685028076, ""energy_j"": 542.8938472680748, ""mean_power_w"": 146.68694815828974, ""endpoints"": {""P1"": {""energy_j"": 299.08558586239815, ""clock_match_fraction"": 1.0, ""mean_power_w"": 80.81128944278834, ""samples"": 35}, ""D1"": {""energy_j"": 243.8082614056766, ""clock_match_fraction"": 1.0, ""mean_power_w"": 65.8756587155014, ""samples"": 33}}}",146.68053031448204,64,2520,production,production-00007,7,0.0,1788695580.2549176,False,0,55.942686729221826,172.89187700953335,1,7,small_light
small_light,small_light,177.7670383453369,1500,3.7060251235961914,1788695592.821886,"{""P1"": {""energy_j"": 307.46986624598503, ""clock_match_fraction"": null, ""mean_power_w"": 82.96486288998157, ""samples"": 35}, ""D1"": {""energy_j"": 241.69411755353212, ""clock_match_fraction"": null, ""mean_power_w"": 65.21653509974077, ""samples"": 33}}",549.1639837995172,False,safe_high,"{""start"": 1788695589.1199677, ""end"": 1788695592.821886, ""duration_s"": 3.701918363571167, ""energy_j"": 548.7816812470555, ""mean_power_w"": 148.24251302982725, ""endpoints"": {""P1"": {""energy_j"": 307.1761140525341, ""clock_match_fraction"": 1.0, ""mean_power_w"": 82.97754944444735, ""samples"": 35}, ""D1"": {""energy_j"": 241.60556719452143, ""clock_match_fraction"": 1.0, ""mean_power_w"": 65.26496358537992, ""samples"": 33}}}",148.18139798972234,64,2520,production,production-00008,8,0.0,1788695589.115861,False,0,55.94342134870766,173.6539420671761,1,8,small_light
small_light,small_light,175.00972747802734,1500,3.7041454315185547,1788695601.5805125,"{""P1"": {""energy_j"": 300.4233832657337, ""clock_match_fraction"": null, ""mean_power_w"": 81.1046404143403, ""samples"": 36}, ""D1"": {""energy_j"": 241.37924557551742, ""clock_match_fraction"": null, ""mean_power_w"": 65.1646243480676, ""samples"": 33}}",541.8026288412511,False,safe_high,"{""start"": 1788695597.8801432, ""end"": 1788695601.5805125, ""duration_s"": 3.700369358062744, ""energy_j"": 541.453241892159, ""mean_power_w"": 146.32410700093632, ""endpoints"": {""P1"": {""energy_j"": 300.1508345603943, ""clock_match_fraction"": 1.0, ""mean_power_w"": 81.11374987645351, ""samples"": 36}, ""D1"": {""energy_j"": 241.3024073317647, ""clock_match_fraction"": 1.0, ""mean_power_w"": 65.2103571244828, ""samples"": 33}}}",146.2692647624079,64,2520,production,production-00009,9,0.0,1788695597.876367,False,0,55.952171142774795,171.23004200402647,1,9,small_light
small_light,small_light,182.4476718902588,1500,3.711272716522217,1788695610.3972096,"{""P1"": {""energy_j"": 298.7407879829407, ""clock_match_fraction"": null, ""mean_power_w"": 80.49550943884464, ""samples"": 36}, ""D1"": {""energy_j"": 244.22875751554966, ""clock_match_fraction"": null, ""mean_power_w"": 65.80727857272993, ""samples"": 32}}",542.9695454984903,False,safe_high,"{""start"": 1788695606.6928115, ""end"": 1788695610.3972096, ""duration_s"": 3.7043981552124023, ""energy_j"": 542.290830720216, ""mean_power_w"": 146.39107568854791, ""endpoints"": {""P1"": {""energy_j"": 298.2018669247627, ""clock_match_fraction"": 1.0, ""mean_power_w"": 80.4994102767186, ""samples"": 36}, ""D1"": {""energy_j"": 244.0889637954533, ""clock_match_fraction"": 1.0, ""mean_power_w"": 65.8916654118293, ""samples"": 32}}}",146.30278801157456,64,2520,production,production-00010,10,0.0,1788695606.685937,False,0,55.94930093779805,175.56924896780401,1,10,small_light
small_light,small_light,177.96969413757324,1500,3.70803165435791,1788695619.212796,"{""P1"": {""energy_j"": 300.24435886740685, ""clock_match_fraction"": null, ""mean_power_w"": 80.9713580828095, ""samples"": 36}, ""D1"": {""energy_j"": 245.23370745033026, ""clock_match_fraction"": null, ""mean_power_w"": 66.13581822100043, ""samples"": 33}}",545.4780663177371,False,safe_high,"{""start"": 1788695615.5085027, ""end"": 1788695619.212796, ""duration_s"": 3.7042932510375977, ""energy_j"": 544.8445544205606, ""mean_power_w"": 147.08461709070846, ""endpoints"": {""P1"": {""energy_j"": 299.6869351565838, ""clock_match_fraction"": 1.0, ""mean_power_w"": 80.9025945968612, ""samples"": 36}, ""D1"": {""energy_j"": 245.1576192639768, ""clock_match_fraction"": 1.0, ""mean_power_w"": 66.18202249384724, ""samples"": 33}}}",147.10717630380992,64,2520,production,production-00011,11,0.0,1788695615.5047643,False,0,55.956063380036206,174.22683804761618,1,11,small_light
small_light,small_light,208.50253105163574,1500,3.7383408546447754,1788695628.109937,"{""P1"": {""energy_j"": 309.48556447029114, ""clock_match_fraction"": null, ""mean_power_w"": 82.78687698735783, ""samples"": 36}, ""D1"": {""energy_j"": 244.07591377943754, ""clock_match_fraction"": null, ""mean_power_w"": 65.28990353466047, ""samples"": 32}}",553.5614782497287,False,safe_high,"{""start"": 1788695624.376387, ""end"": 1788695628.109937, ""duration_s"": 3.7335500717163086, ""energy_j"": 553.0181879363954, ""mean_power_w"": 148.12127259945214, ""endpoints"": {""P1"": {""energy_j"": 309.13430389761925, ""clock_match_fraction"": 1.0, ""mean_power_w"": 82.79902451007187, ""samples"": 36}, ""D1"": {""energy_j"": 243.88388403877616, ""clock_match_fraction"": 1.0, ""mean_power_w"": 65.32224808938025, ""samples"": 32}}}",148.07678052201828,64,2520,production,production-00012,12,0.0,1788695624.371596,False,0,55.95087172973546,203.70729896239936,1,12,small_light
small_light,small_light,207.34047889709473,1500,3.7357683181762695,1788695636.9027572,"{""P1"": {""energy_j"": 302.81932723522186, ""clock_match_fraction"": null, ""mean_power_w"": 81.05945054511636, ""samples"": 36}, ""D1"": {""energy_j"": 242.88475002348423, ""clock_match_fraction"": null, ""mean_power_w"": 65.01600991735374, ""samples"": 33}}",545.7040772587061,False,safe_high,"{""start"": 1788695633.1721346, ""end"": 1788695636.9027572, ""duration_s"": 3.7306225299835205, ""energy_j"": 545.1482918076217, ""mean_power_w"": 146.12796856990778, ""endpoints"": {""P1"": {""energy_j"": 302.44635140895844, ""clock_match_fraction"": 1.0, ""mean_power_w"": 81.07128206570243, ""samples"": 36}, ""D1"": {""energy_j"": 242.70194039866328, ""clock_match_fraction"": 1.0, ""mean_power_w"": 65.05668650420535, ""samples"": 32}}}",146.0754604624701,64,2520,production,production-00013,13,0.0,1788695633.1669888,False,0,55.94303144422907,202.192471944727,1,13,small_light
small_light,small_light,170.5646514892578,1500,3.698373794555664,1788695645.6569567,"{""P1"": {""energy_j"": 298.9302884042263, ""clock_match_fraction"": null, ""mean_power_w"": 80.82749473411215, ""samples"": 35}, ""D1"": {""energy_j"": 246.21024065464735, ""clock_match_fraction"": null, ""mean_power_w"": 66.57256792623038, ""samples"": 32}}",545.1405290588737,False,safe_high,"{""start"": 1788695641.9625587, ""end"": 1788695645.6569567, ""duration_s"": 3.6943979263305664, ""energy_j"": 544.6663287803531, ""mean_power_w"": 147.43033632041335, ""endpoints"": {""P1"": {""energy_j"": 298.53673389554024, ""clock_match_fraction"": 1.0, ""mean_power_w"": 80.80795297328993, ""samples"": 35}, ""D1"": {""energy_j"": 246.12959488481283, ""clock_match_fraction"": 1.0, ""mean_power_w"": 66.62238334712342, ""samples"": 32}}}",147.40006266034254,64,2520,production,production-00014,14,0.0,1788695641.9585829,False,0,55.949625411322195,166.58415109850466,1,14,small_light
small_light,small_light,171.0822582244873,1500,3.6987686157226562,1788695654.409934,"{""P1"": {""energy_j"": 306.57363188266754, ""clock_match_fraction"": null, ""mean_power_w"": 82.88532312605068, ""samples"": 35}, ""D1"": {""energy_j"": 245.04782992228866, ""clock_match_fraction"": null, ""mean_power_w"": 66.25119205365914, ""samples"": 33}}",551.6214618049562,False,safe_high,"{""start"": 1788695650.7144938, ""end"": 1788695654.409934, ""duration_s"": 3.6954402923583984, ""energy_j"": 550.8882813118398, ""mean_power_w"": 149.07243460298682, ""endpoints"": {""P1"": {""energy_j"": 305.90841242671013, ""clock_match_fraction"": 1.0, ""mean_power_w"": 82.77996347533517, ""samples"": 35}, ""D1"": {""energy_j"": 244.9798688851297, ""clock_match_fraction"": 1.0, ""mean_power_w"": 66.29247112765165, ""samples"": 33}}}",149.13651517970982,64,2520,production,production-00015,15,0.0,1788695650.7111654,False,0,55.950876730050716,167.75397397577763,1,15,small_light
small_light,small_light,174.34096336364746,1500,3.7031164169311523,1788695663.2697992,"{""P1"": {""energy_j"": 308.0836892426014, ""clock_match_fraction"": null, ""mean_power_w"": 83.19578823771265, ""samples"": 36}, ""D1"": {""energy_j"": 243.7025382630527, ""clock_match_fraction"": null, ""mean_power_w"": 65.81012067263441, ""samples"": 32}}",551.7862275056541,False,safe_high,"{""start"": 1788695659.570101, ""end"": 1788695663.2697992, ""duration_s"": 3.6996982097625732, ""energy_j"": 551.3963467776775, ""mean_power_w"": 149.0381959595194, ""endpoints"": {""P1"": {""energy_j"": 307.83629593253136, ""clock_match_fraction"": 1.0, ""mean_power_w"": 83.2057855746798, ""samples"": 36}, ""D1"": {""energy_j"": 243.56005084514618, ""clock_match_fraction"": 1.0, ""mean_power_w"": 65.83241038483962, ""samples"": 32}}}",149.00590891034707,64,2520,production,production-00016,16,0.0,1788695659.5666828,False,0,55.95079638130431,170.91896501369774,1,16,small_light
small_light,small_light,171.96297645568848,1500,3.698996067047119,1788695672.076166,"{""P1"": {""energy_j"": 299.2067318558693, ""clock_match_fraction"": null, ""mean_power_w"": 80.88863205921811, ""samples"": 35}, ""D1"": {""energy_j"": 245.16654727235436, ""clock_match_fraction"": null, ""mean_power_w"": 66.27921274543797, ""samples"": 33}}",544.3732791282237,False,safe_high,"{""start"": 1788695668.380809, ""end"": 1788695672.076166, ""duration_s"": 3.695356845855713, ""energy_j"": 544.0251326449215, ""mean_power_w"": 147.218565171869, ""endpoints"": {""P1"": {""energy_j"": 298.9321251511574, ""clock_match_fraction"": 1.0, ""mean_power_w"": 80.89398064124856, ""samples"": 35}, ""D1"": {""energy_j"": 245.09300749376416, ""clock_match_fraction"": 1.0, ""mean_power_w"": 66.32458453062044, ""samples"": 33}}}",147.16784480465608,64,2520,production,production-00017,17,0.0,1788695668.3771698,False,0,55.931425586874994,168.31814497709274,1,17,small_light
small_light,small_light,175.81772804260254,1500,3.7098827362060547,1788695680.9422028,"{""P1"": {""energy_j"": 300.6668329834938, ""clock_match_fraction"": null, ""mean_power_w"": 81.04483466530628, ""samples"": 35}, ""D1"": {""energy_j"": 245.73914719745517, ""clock_match_fraction"": null, ""mean_power_w"": 66.23906055013549, ""samples"": 32}}",546.405980180949,False,safe_high,"{""start"": 1788695677.2358522, ""end"": 1788695680.9422028, ""duration_s"": 3.706350564956665, ""energy_j"": 545.9414111785591, ""mean_power_w"": 147.2989134758067, ""endpoints"": {""P1"": {""energy_j"": 300.2738136947155, ""clock_match_fraction"": 1.0, ""mean_power_w"": 81.01603138510086, ""samples"": 35}, ""D1"": {""energy_j"": 245.66759748384356, ""clock_match_fraction"": 1.0, ""mean_power_w"": 66.28288209070583, ""samples"": 32}}}",147.28389521544176,64,2520,production,production-00018,18,0.0,1788695677.23232,False,0,55.965047492276106,172.2836410626769,1,18,small_light
small_light,small_light,173.6607551574707,1500,3.7040364742279053,1788695689.7520697,"{""P1"": {""energy_j"": 307.18476155400276, ""clock_match_fraction"": null, ""mean_power_w"": 82.93243430277896, ""samples"": 36}, ""D1"": {""energy_j"": 245.20150205492973, ""clock_match_fraction"": null, ""mean_power_w"": 66.19845775304931, ""samples"": 32}}",552.3862636089325,False,safe_high,"{""start"": 1788695686.0529535, ""end"": 1788695689.7520697, ""duration_s"": 3.6991162300109863, ""energy_j"": 551.8214216791093, ""mean_power_w"": 149.17655660618982, ""endpoints"": {""P1"": {""energy_j"": 306.82571309804916, ""clock_match_fraction"": 1.0, ""mean_power_w"": 82.94568054087284, ""samples"": 36}, ""D1"": {""energy_j"": 244.99570858106017, ""clock_match_fraction"": 1.0, ""mean_power_w"": 66.23087606531696, ""samples"": 32}}}",149.13089205582827,64,2520,production,production-00019,19,0.0,1788695686.0480332,False,0,55.953917492713245,168.73634106013924,1,19,small_light
,small_light,204.10609245300293,1500,3.734626531600952,1788695698.5921197,"{""P1"": {""energy_j"": 302.9444371163845, ""clock_match_fraction"": null, ""mean_power_w"": 81.11773280487002, ""samples"": 37}, ""D1"": {""energy_j"": 245.09246575459838, ""clock_match_fraction"": null, ""mean_power_w"": 65.6270349071645, ""samples"": 33}}",548.0369028709829,False,safe_high,"{""start"": 1788695694.8616085, ""end"": 1788695698.5921197, ""duration_s"": 3.73051118850708, ""energy_j"": 547.5625537447631, ""mean_power_w"": 146.77949644855326, ""endpoints"": {""P1"": {""energy_j"": 302.6421006321907, ""clock_match_fraction"": 1.0, ""mean_power_w"": 81.12617422635464, ""samples"": 36}, ""D1"": {""energy_j"": 244.92045311257243, ""clock_match_fraction"": 1.0, ""mean_power_w"": 65.65332222219861, ""samples"": 33}}}",146.74476771203453,64,2520,production,production-00020,20,0.0,1788695694.8574932,False,0,55.95688649179739,199.9872070737183,1,20,small_light
,,3871.2854385375977,975,7.44600248336792,1788695711.1992912,"{""P1"": {""energy_j"": 475.0628450810909, ""clock_match_fraction"": null, ""mean_power_w"": 63.80105917802677, ""samples"": 69}, ""D1"": {""energy_j"": 296.6922365017235, ""clock_match_fraction"": null, ""mean_power_w"": 39.84584173379511, ""samples"": 67}}",771.7550815828145,True,table,"{""start"": 1788695707.3994808, ""end"": 1788695711.1992912, ""duration_s"": 3.7998104095458984, ""energy_j"": 455.78099217638373, ""mean_power_w"": 119.94835085228699, ""endpoints"": {""P1"": {""energy_j"": 242.3349907696247, ""clock_match_fraction"": 1.0, ""mean_power_w"": 63.77554789597655, ""samples"": 36}, ""D1"": {""energy_j"": 213.44600140675902, ""clock_match_fraction"": 1.0, ""mean_power_w"": 56.17280295631044, ""samples"": 34}}}",103.64690091182189,64,1005,production,production-00021,21,0.5,1788695703.7532887,True,1,56.666086952660294,225.08892603218555,1,21,small_light
,,185.52708625793457,975,3.7602617740631104,1788695720.0711062,"{""P1"": {""energy_j"": 240.15996772050858, ""clock_match_fraction"": null, ""mean_power_w"": 63.86788530975233, ""samples"": 36}, ""D1"": {""energy_j"": 214.29391160979867, ""clock_match_fraction"": null, ""mean_power_w"": 56.98909397423299, ""samples"": 34}}",454.45387933030725,False,table,"{""start"": 1788695716.3149471, ""end"": 1788695720.0711062, ""duration_s"": 3.7561590671539307, ""energy_j"": 454.14637181535363, ""mean_power_w"": 120.90711913312651, ""endpoints"": {""P1"": {""energy_j"": 239.93108823895454, ""clock_match_fraction"": 1.0, ""mean_power_w"": 63.87671127590241, ""samples"": 36}, ""D1"": {""energy_j"": 214.2152835763991, ""clock_match_fraction"": 1.0, ""mean_power_w"": 57.030407857224105, ""samples"": 34}}}",120.85697928398532,64,1005,production,production-00022,22,0.0,1788695716.3108444,True,1,56.66622939696979,181.42092402558774,1,22,small_light
,,181.86259269714355,975,3.756513833999634,1788695728.9890323,"{""P1"": {""energy_j"": 241.18232557177544, ""clock_match_fraction"": null, ""mean_power_w"": 64.20376344388006, ""samples"": 36}, ""D1"": {""energy_j"": 212.8855854086578, ""clock_match_fraction"": null, ""mean_power_w"": 56.67105055806339, ""samples"": 33}}",454.0679109804332,False,table,"{""start"": 1788695725.2360206, ""end"": 1788695728.9890323, ""duration_s"": 3.753011703491211, ""energy_j"": 453.8065521866083, ""mean_power_w"": 120.9179688313943, ""endpoints"": {""P1"": {""energy_j"": 240.98825147747993, ""clock_match_fraction"": 1.0, ""mean_power_w"": 64.21196375521622, ""samples"": 36}, ""D1"": {""energy_j"": 212.81830070912838, ""clock_match_fraction"": 1.0, ""mean_power_w"": 56.70600507617809, ""samples"": 33}}}",120.87481400194345,64,1005,production,production-00023,23,0.0,1788695725.2325184,True,1,56.66403669775242,178.35854704026133,1,23,small_light
,,183.88628959655762,975,3.7583632469177246,1788695737.8079276,"{""P1"": {""energy_j"": 240.68660190701485, ""clock_match_fraction"": null, ""mean_power_w"": 64.0402712814959, ""samples"": 36}, ""D1"": {""energy_j"": 212.35354521125555, ""clock_match_fraction"": null, ""mean_power_w"": 56.50160222948355, ""samples"": 33}}",453.0401471182704,False,table,"{""start"": 1788695734.0521393, ""end"": 1788695737.8079276, ""duration_s"": 3.7557883262634277, ""energy_j"": 452.84634103253484, ""mean_power_w"": 120.57291351215851, ""endpoints"": {""P1"": {""energy_j"": 240.54199254512787, ""clock_match_fraction"": 1.0, ""mean_power_w"": 64.04567341111024, ""samples"": 36}, ""D1"": {""energy_j"": 212.30434848740697, ""clock_match_fraction"": 1.0, ""mean_power_w"": 56.527240101048264, ""samples"": 33}}}",120.54187351097946,64,1005,production,production-00024,24,0.0,1788695734.0495644,True,1,56.66707877794074,181.30756705068052,1,24,small_light
,,190.4304027557373,975,3.7657630443573,1788695746.6333575,"{""P1"": {""energy_j"": 241.36123514175415, ""clock_match_fraction"": null, ""mean_power_w"": 64.09358005236548, ""samples"": 37}, ""D1"": {""energy_j"": 216.28172704949975, ""clock_match_fraction"": null, ""mean_power_w"": 57.43370586568928, ""samples"": 33}}",457.6429621912539,False,table,"{""start"": 1788695742.8721776, ""end"": 1788695746.6333575, ""duration_s"": 3.7611799240112305, ""energy_j"": 457.2087319456041, ""mean_power_w"": 121.55992033957239, ""endpoints"": {""P1"": {""energy_j"": 241.1027229130268, ""clock_match_fraction"": 1.0, ""mean_power_w"": 64.10294848535061, ""samples"": 36}, ""D1"": {""energy_j"": 216.10600903257728, ""clock_match_fraction"": 1.0, ""mean_power_w"": 57.45697185422178, ""samples"": 33}}}",121.52728591805476,64,1005,production,production-00025,25,0.0,1788695742.8675945,True,1,56.673485334844344,185.8446579426527,1,25,small_light
,,186.3105297088623,975,3.7662429809570312,1788695755.5118136,"{""P1"": {""energy_j"": 236.58083286881447, ""clock_match_fraction"": null, ""mean_power_w"": 62.81613641632263, ""samples"": 36}, ""D1"": {""energy_j"": 213.96384927630424, ""clock_match_fraction"": null, ""mean_power_w"": 56.810952017210106, ""samples"": 34}}",450.5446821451187,False,table,"{""start"": 1788695751.7495127, ""end"": 1788695755.5118136, ""duration_s"": 3.762300968170166, ""energy_j"": 450.00606144964695, ""mean_power_w"": 119.60926710988569, ""endpoints"": {""P1"": {""energy_j"": 236.11764898896217, ""clock_match_fraction"": 1.0, ""mean_power_w"": 62.75884119494046, ""samples"": 36}, ""D1"": {""energy_j"": 213.88841246068478, ""clock_match_fraction"": 1.0, ""mean_power_w"": 56.85042591494524, ""samples"": 34}}}",119.62708843353273,64,1005,production,production-00026,26,0.0,1788695751.7455707,True,1,56.67840639713206,182.36497801262885,1,26,small_light
,,195.42574882507324,975,3.7703139781951904,1788695764.392928,"{""P1"": {""energy_j"": 238.06505545973778, ""clock_match_fraction"": null, ""mean_power_w"": 63.141970890630446, ""samples"": 36}, ""D1"": {""energy_j"": 213.25801049545407, ""clock_match_fraction"": null, ""mean_power_w"": 56.56240083154518, ""samples"": 33}}",451.32306595519185,False,table,"{""start"": 1788695760.6280894, ""end"": 1788695764.392928, ""duration_s"": 3.764838457107544, ""energy_j"": 450.522907525301, ""mean_power_w"": 119.66593325532205, ""endpoints"": {""P1"": {""energy_j"": 237.36996176838875, ""clock_match_fraction"": 1.0, ""mean_power_w"": 63.049175807334834, ""samples"": 36}, ""D1"": {""energy_j"": 213.15294575691223, ""clock_match_fraction"": 1.0, ""mean_power_w"": 56.61675744798721, ""samples"": 33}}}",119.70437172217562,64,1005,production,production-00027,27,0.0,1788695760.622614,True,1,56.67416287201738,189.94647299405187,1,27,small_light
,,186.6738796234131,975,3.7605862617492676,1788695773.314405,"{""P1"": {""energy_j"": 234.30910223722458, ""clock_match_fraction"": null, ""mean_power_w"": 62.30653571771381, ""samples"": 36}, ""D1"": {""energy_j"": 215.1393709667027, ""clock_match_fraction"": null, ""mean_power_w"": 57.208997744577424, ""samples"": 33}}",449.4484732039273,False,table,"{""start"": 1788695769.557063, ""end"": 1788695773.314405, ""duration_s"": 3.7573418617248535, ""energy_j"": 449.12856312841177, ""mean_power_w"": 119.53359040963971, ""endpoints"": {""P1"": {""energy_j"": 234.1139809191227, ""clock_match_fraction"": 1.0, ""mean_power_w"": 62.3084056587946, ""samples"": 36}, ""D1"": {""energy_j"": 215.01458220928907, ""clock_match_fraction"": 1.0, ""mean_power_w"": 57.225184750845116, ""samples"": 33}}}",119.51553346229123,64,1005,production,production-00028,28,0.0,1788695769.5538187,True,1,56.670377300756556,183.42233204748482,1,28,small_light
,,186.39421463012695,975,3.7607624530792236,1788695782.1352212,"{""P1"": {""energy_j"": 234.15739634633064, ""clock_match_fraction"": null, ""mean_power_w"": 62.26327753155695, ""samples"": 37}, ""D1"": {""energy_j"": 214.53825609758496, ""clock_match_fraction"": null, ""mean_power_w"": 57.04647894522721, ""samples"": 33}}",448.6956524439156,False,table,"{""start"": 1788695778.3782659, ""end"": 1788695782.1352212, ""duration_s"": 3.75695538520813, ""energy_j"": 448.41006327420473, ""mean_power_w"": 119.35464153758203, ""endpoints"": {""P1"": {""energy_j"": 233.94509330391884, ""clock_match_fraction"": 1.0, ""mean_power_w"": 62.26986198052991, ""samples"": 37}, ""D1"": {""energy_j"": 214.4649699702859, ""clock_match_fraction"": 1.0, ""mean_power_w"": 57.08477955705211, ""samples"": 33}}}",119.30975647678416,64,1005,production,production-00029,29,0.0,1788695778.3744588,True,1,56.66657419143511,182.58369294926524,1,29,small_light
,,183.57348442077637,975,3.7591712474823,1788695791.0572858,"{""P1"": {""energy_j"": 234.1085034608841, ""clock_match_fraction"": null, ""mean_power_w"": 62.276626428678384, ""samples"": 36}, ""D1"": {""energy_j"": 213.79981872066855, ""clock_match_fraction"": null, ""mean_power_w"": 56.87418972037007, ""samples"": 33}}",447.90832218155265,False,table,"{""start"": 1788695787.3020518, ""end"": 1788695791.0572858, ""duration_s"": 3.7552340030670166, ""energy_j"": 447.5146674476564, ""mean_power_w"": 119.1709137385732, ""endpoints"": {""P1"": {""energy_j"": 233.79036942124367, ""clock_match_fraction"": 1.0, ""mean_power_w"": 62.257204006541215, ""samples"": 36}, ""D1"": {""energy_j"": 213.72429802641273, ""clock_match_fraction"": 1.0, ""mean_power_w"": 56.913709732032, ""samples"": 33}}}",119.15081614904845,64,1005,production,production-00030,30,0.0,1788695787.2981145,True,1,56.66627733421231,179.63233997579664,1,30,small_light
,,184.67092514038086,975,3.7603647708892822,1788695799.929481,"{""P1"": {""energy_j"": 234.35483747720718, ""clock_match_fraction"": null, ""mean_power_w"": 62.32236810946003, ""samples"": 36}, ""D1"": {""energy_j"": 212.45751411095262, ""clock_match_fraction"": null, ""mean_power_w"": 56.49917682339868, ""samples"": 34}}",446.8123515881598,False,table,"{""start"": 1788695796.1727881, ""end"": 1788695799.929481, ""duration_s"": 3.756692886352539, ""energy_j"": 446.5371020883322, ""mean_power_w"": 118.86441495138706, ""endpoints"": {""P1"": {""energy_j"": 234.149957716465, ""clock_match_fraction"": 1.0, ""mean_power_w"": 62.32874626698768, ""samples"": 36}, ""D1"": {""energy_j"": 212.38714437186718, ""clock_match_fraction"": 1.0, ""mean_power_w"": 56.53566868439938, ""samples"": 34}}}",118.82154493285871,64,1005,production,production-00031,31,0.0,1788695796.1691163,True,1,56.68699901573183,180.99191400688142,1,31,small_light
,,188.94290924072266,975,3.768437385559082,1788695808.8100228,"{""P1"": {""energy_j"": 235.0676642358303, ""clock_match_fraction"": null, ""mean_power_w"": 62.378020432719985, ""samples"": 36}, ""D1"": {""energy_j"": 214.76273403316736, ""clock_match_fraction"": null, ""mean_power_w"": 56.989863983451954, ""samples"": 33}}",449.83039826899767,False,table,"{""start"": 1788695805.045654, ""end"": 1788695808.8100228, ""duration_s"": 3.764368772506714, ""energy_j"": 449.5111590102315, ""mean_power_w"": 119.4120943445452, ""endpoints"": {""P1"": {""energy_j"": 234.8266437649727, ""clock_match_fraction"": 1.0, ""mean_power_w"": 62.381413181419084, ""samples"": 36}, ""D1"": {""energy_j"": 214.6845152452588, ""clock_match_fraction"": 1.0, ""mean_power_w"": 57.03068116312611, ""samples"": 33}}}",119.36788441617193,64,1005,production,production-00032,32,0.0,1788695805.0415854,True,1,56.68046190551231,184.86868403851986,1,32,small_light
,,189.9430751800537,975,3.7652316093444824,1788695817.6372707,"{""P1"": {""energy_j"": 238.855689316988, ""clock_match_fraction"": null, ""mean_power_w"": 63.43718371114285, ""samples"": 36}, ""D1"": {""energy_j"": 214.4202411286533, ""clock_match_fraction"": null, ""mean_power_w"": 56.94742405659962, ""samples"": 33}}",453.2759304456413,False,table,"{""start"": 1788695813.8769808, ""end"": 1788695817.6372707, ""duration_s"": 3.7602899074554443, ""energy_j"": 452.90901543945074, ""mean_power_w"": 120.44523868797403, ""endpoints"": {""P1"": {""energy_j"": 238.58377224206924, ""clock_match_fraction"": 1.0, ""mean_power_w"": 63.44823886292236, ""samples"": 36}, ""D1"": {""energy_j"": 214.3252431973815, ""clock_match_fraction"": 1.0, ""mean_power_w"": 56.99699982505167, ""samples"": 33}}}",120.38460776774248,64,1005,production,production-00033,33,0.0,1788695813.872039,True,1,56.662839207251274,184.9981879349798,1,33,small_light
,,191.71881675720215,975,3.7677745819091797,1788695826.5676153,"{""P1"": {""energy_j"": 240.8151617348194, ""clock_match_fraction"": null, ""mean_power_w"": 63.91442919411471, ""samples"": 36}, ""D1"": {""energy_j"": 213.17050589993596, ""clock_match_fraction"": null, ""mean_power_w"": 56.57729815458326, ""samples"": 33}}",453.9856676347554,False,table,"{""start"": 1788695822.804004, ""end"": 1788695826.5676153, ""duration_s"": 3.763611316680908, ""energy_j"": 453.6722815781832, ""mean_power_w"": 120.54174658457353, ""endpoints"": {""P1"": {""energy_j"": 240.58147114515305, ""clock_match_fraction"": 1.0, ""mean_power_w"": 63.92303851326483, ""samples"": 36}, ""D1"": {""energy_j"": 213.09081043303013, ""clock_match_fraction"": 1.0, ""mean_power_w"": 56.61870807130871, ""samples"": 33}}}",120.49172734869798,64,1005,production,production-00034,34,0.0,1788695822.7998407,True,1,56.67277271415861,187.55321204662323,1,34,small_light
,,193.3431625366211,975,3.7685134410858154,1788695835.4983127,"{""P1"": {""energy_j"": 241.1963084936142, ""clock_match_fraction"": null, ""mean_power_w"": 64.00303787270524, ""samples"": 37}, ""D1"": {""energy_j"": 215.6370088905096, ""clock_match_fraction"": null, ""mean_power_w"": 57.22070844687726, ""samples"": 33}}",456.8333173841238,False,table,"{""start"": 1788695831.7359836, ""end"": 1788695835.4983127, ""duration_s"": 3.7623291015625, ""energy_j"": 456.2435789741576, ""mean_power_w"": 121.2662599836572, ""endpoints"": {""P1"": {""energy_j"": 240.8444300889969, ""clock_match_fraction"": 1.0, ""mean_power_w"": 64.0147163067085, ""samples"": 36}, ""D1"": {""energy_j"": 215.39914888516068, ""clock_match_fraction"": 1.0, ""mean_power_w"": 57.251543676948714, ""samples"": 33}}}",121.2237463195825,64,1005,production,production-00035,35,0.0,1788695831.7297993,True,1,56.66375555475021,187.15464207343757,1,35,small_light
,,189.06807899475098,975,3.7631471157073975,1788695844.3731902,"{""P1"": {""energy_j"": 240.27972972393036, ""clock_match_fraction"": null, ""mean_power_w"": 63.85074044036211, ""samples"": 36}, ""D1"": {""energy_j"": 213.57173853740096, ""clock_match_fraction"": null, ""mean_power_w"": 56.753491684114955, ""samples"": 34}}",453.8514682613313,False,table,"{""start"": 1788695840.6145167, ""end"": 1788695844.3731902, ""duration_s"": 3.7586734294891357, ""energy_j"": 453.51499577611685, ""mean_power_w"": 120.65825996427597, ""endpoints"": {""P1"": {""energy_j"": 240.02857506275177, ""clock_match_fraction"": 1.0, ""mean_power_w"": 63.859917485668745, ""samples"": 36}, ""D1"": {""energy_j"": 213.48642071336508, ""clock_match_fraction"": 1.0, ""mean_power_w"": 56.798342478607225, ""samples"": 34}}}",120.60423212447706,64,1005,production,production-00036,36,0.0,1788695840.610043,True,1,56.66850565097457,184.59137005265802,1,36,small_light
,,191.44368171691895,975,3.765080451965332,1788695853.2503777,"{""P1"": {""energy_j"": 240.9776748418808, ""clock_match_fraction"": null, ""mean_power_w"": 64.00332686545728, ""samples"": 36}, ""D1"": {""energy_j"": 213.25324933603406, ""clock_match_fraction"": null, ""mean_power_w"": 56.63975897904602, ""samples"": 33}}",454.23092417791486,False,table,"{""start"": 1788695849.490029, ""end"": 1788695853.2503777, ""duration_s"": 3.7603485584259033, ""energy_j"": 453.8751362785697, ""mean_power_w"": 120.70028329197324, ""endpoints"": {""P1"": {""energy_j"": 240.71235311031342, ""clock_match_fraction"": 1.0, ""mean_power_w"": 64.0133087053708, ""samples"": 36}, ""D1"": {""energy_j"": 213.16278316825628, ""clock_match_fraction"": 1.0, ""mean_power_w"": 56.68697458660243, ""samples"": 33}}}",120.6430858445033,64,1005,production,production-00037,37,0.0,1788695849.4852972,True,1,56.661786095771404,186.70633796136826,1,37,small_light
,,188.2932186126709,975,3.762725591659546,1788695862.0739334,"{""P1"": {""energy_j"": 240.38217678666115, ""clock_match_fraction"": null, ""mean_power_w"": 63.88512022229101, ""samples"": 36}, ""D1"": {""energy_j"": 212.42409962043166, ""clock_match_fraction"": null, ""mean_power_w"": 56.454847542241914, ""samples"": 33}}",452.8062764070928,False,table,"{""start"": 1788695858.314438, ""end"": 1788695862.0739334, ""duration_s"": 3.759495258331299, ""energy_j"": 452.56321700289845, ""mean_power_w"": 120.3787173291381, ""endpoints"": {""P1"": {""energy_j"": 240.2011415064335, ""clock_match_fraction"": 1.0, ""mean_power_w"": 63.89185914628601, ""samples"": 36}, ""D1"": {""energy_j"": 212.36207549646497, ""clock_match_fraction"": 1.0, ""mean_power_w"": 56.48685818285209, ""samples"": 33}}}",120.33996776453291,64,1005,production,production-00038,38,0.0,1788695858.3112078,True,1,56.67262371363385,185.0577750010416,1,38,small_light
,,191.00546836853027,975,3.7654078006744385,1788695870.8999617,"{""P1"": {""energy_j"": 235.5158511698246, ""clock_match_fraction"": null, ""mean_power_w"": 62.54723621904654, ""samples"": 37}, ""D1"": {""energy_j"": 216.4895279854536, ""clock_match_fraction"": null, ""mean_power_w"": 57.49431122617774, ""samples"": 33}}",452.0053791552782,False,table,"{""start"": 1788695867.1395433, ""end"": 1788695870.8999617, ""duration_s"": 3.76041841506958, ""energy_j"": 451.2574464902282, ""mean_power_w"": 120.00192443528347, ""endpoints"": {""P1"": {""energy_j"": 234.95947009325027, ""clock_match_fraction"": 1.0, ""mean_power_w"": 62.48226770501621, ""samples"": 37}, ""D1"": {""energy_j"": 216.2979763969779, ""clock_match_fraction"": 1.0, ""mean_power_w"": 57.51965673026726, ""samples"": 33}}}",120.04154744522428,64,1005,production,production-00039,39,0.0,1788695867.134554,True,1,56.66214647695481,186.01424095686525,1,39,small_light
,,189.91446495056152,975,3.763993263244629,1788695879.8263261,"{""P1"": {""energy_j"": 233.90049567818642, ""clock_match_fraction"": null, ""mean_power_w"": 62.14158191042033, ""samples"": 36}, ""D1"": {""energy_j"": 214.29873951151967, ""clock_match_fraction"": null, ""mean_power_w"": 56.93387966555242, ""samples"": 34}}",448.1992351897061,False,table,"{""start"": 1788695876.0662317, ""end"": 1788695879.8263261, ""duration_s"": 3.760094404220581, ""energy_j"": 447.7870006673038, ""mean_power_w"": 119.08929737633123, ""endpoints"": {""P1"": {""energy_j"": 233.56356012821198, ""clock_match_fraction"": 1.0, ""mean_power_w"": 62.11640853113811, ""samples"": 36}, ""D1"": {""energy_j"": 214.22344053909183, ""clock_match_fraction"": 1.0, ""mean_power_w"": 56.972888845193125, ""samples"": 34}}}",119.07546157597275,64,1005,production,production-00040,40,0.0,1788695876.0623329,True,1,56.66729087187421,186.01050705183297,1,40,small_light
,,184.97014045715332,975,3.758673906326294,1788695888.7466762,"{""P1"": {""energy_j"": 233.57542258501053, ""clock_match_fraction"": null, ""mean_power_w"": 62.143039914123804, ""samples"": 36}, ""D1"": {""energy_j"": 212.9938054792583, ""clock_match_fraction"": null, ""mean_power_w"": 56.667274359918395, ""samples"": 33}}",446.5692280642688,False,table,"{""start"": 1788695884.992186, ""end"": 1788695888.7466762, ""duration_s"": 3.7544901371002197, ""energy_j"": 446.1929161809385, ""mean_power_w"": 118.84247924155038, ""endpoints"": {""P1"": {""energy_j"": 233.27909648418427, ""clock_match_fraction"": 1.0, ""mean_power_w"": 62.13336244488243, ""samples"": 36}, ""D1"": {""energy_j"": 212.91381969675422, ""clock_match_fraction"": 1.0, ""mean_power_w"": 56.70911679666795, ""samples"": 33}}}",118.8103142740422,64,1005,production,production-00041,41,0.0,1788695884.9880023,True,1,56.665435538715904,180.7818990200758,1,41,small_light
,,193.10355186462402,975,3.7676403522491455,1788695897.6249444,"{""P1"": {""energy_j"": 234.7157424390316, ""clock_match_fraction"": null, ""mean_power_w"": 62.297809900808275, ""samples"": 37}, ""D1"": {""energy_j"": 213.17526791617274, ""clock_match_fraction"": null, ""mean_power_w"": 56.580577758414435, ""samples"": 34}}",447.89101035520434,False,table,"{""start"": 1788695893.864264, ""end"": 1788695897.6249444, ""duration_s"": 3.7606804370880127, ""energy_j"": 447.353786803782, ""mean_power_w"": 118.95554389358831, ""endpoints"": {""P1"": {""energy_j"": 234.31178018450737, ""clock_match_fraction"": 1.0, ""mean_power_w"": 62.305687522319964, ""samples"": 36}, ""D1"": {""energy_j"": 213.04200661927462, ""clock_match_fraction"": 1.0, ""mean_power_w"": 56.649856371268356, ""samples"": 34}}}",118.87838765922271,64,1005,production,production-00042,42,0.0,1788695893.857304,True,1,56.67201714361057,186.13980000372976,1,42,small_light
,,186.2030029296875,975,3.7609965801239014,1788695906.4970376,"{""P1"": {""energy_j"": 233.7215677201748, ""clock_match_fraction"": null, ""mean_power_w"": 62.14352040502922, ""samples"": 36}, ""D1"": {""energy_j"": 214.54460605606437, ""clock_match_fraction"": null, ""mean_power_w"": 57.04461609720381, ""samples"": 33}}",448.26617377623916,False,table,"{""start"": 1788695902.739588, ""end"": 1788695906.4970376, ""duration_s"": 3.7574496269226074, ""energy_j"": 448.00031588226557, ""mean_power_w"": 119.2298927102804, ""endpoints"": {""P1"": {""energy_j"": 233.52381479740143, ""clock_match_fraction"": 1.0, ""mean_power_w"": 62.14955301707132, ""samples"": 36}, ""D1"": {""energy_j"": 214.47650108486414, ""clock_match_fraction"": 1.0, ""mean_power_w"": 57.080339693209076, ""samples"": 33}}}",119.18813650223304,64,1005,production,production-00043,43,0.0,1788695902.736041,True,1,56.67596469662847,182.65194410923868,1,43,small_light
,,190.29521942138672,975,3.765714645385742,1788695915.3253348,"{""P1"": {""energy_j"": 239.21394258737564, ""clock_match_fraction"": null, ""mean_power_w"": 63.52418202491593, ""samples"": 36}, ""D1"": {""energy_j"": 213.7627567909658, ""clock_match_fraction"": null, ""mean_power_w"": 56.76552179886932, ""samples"": 33}}",452.97669937834144,False,table,"{""start"": 1788695911.5637002, ""end"": 1788695915.3253348, ""duration_s"": 3.761634588241577, ""energy_j"": 452.6772655695677, ""mean_power_w"": 120.34057401125114, ""endpoints"": {""P1"": {""energy_j"": 238.99242269992828, ""clock_match_fraction"": 1.0, ""mean_power_w"": 63.534194269424844, ""samples"": 36}, ""D1"": {""energy_j"": 213.6848428696394, ""clock_match_fraction"": 1.0, ""mean_power_w"": 56.80637974182629, ""samples"": 33}}}",120.28970382378525,64,1005,production,production-00044,44,0.0,1788695911.5596201,True,1,56.67306341245652,186.2110160291195,1,44,small_light
,,186.37990951538086,975,3.7618114948272705,1788695924.2508962,"{""P1"": {""energy_j"": 240.09213107824326, ""clock_match_fraction"": null, ""mean_power_w"": 63.823541240273514, ""samples"": 37}, ""D1"": {""energy_j"": 212.99546472728252, ""clock_match_fraction"": null, ""mean_power_w"": 56.62045134908137, ""samples"": 34}}",453.0875958055258,False,table,"{""start"": 1788695920.4928026, ""end"": 1788695924.2508962, ""duration_s"": 3.7580935955047607, ""energy_j"": 452.80776427686214, ""mean_power_w"": 120.48868735427122, ""endpoints"": {""P1"": {""energy_j"": 239.88374197483063, ""clock_match_fraction"": 1.0, ""mean_power_w"": 63.831231415249285, ""samples"": 37}, ""D1"": {""energy_j"": 212.92402230203152, ""clock_match_fraction"": 1.0, ""mean_power_w"": 56.657455939021936, ""samples"": 34}}}",120.44399258935488,64,1005,production,production-00045,45,0.0,1788695920.4890847,True,1,56.685552808515254,182.66173300798982,1,45,small_light
,,190.50264358520508,975,3.765225887298584,1788695933.1781867,"{""P1"": {""energy_j"": 240.38755637407303, ""clock_match_fraction"": null, ""mean_power_w"": 63.84412610807331, ""samples"": 36}, ""D1"": {""energy_j"": 216.22939094528556, ""clock_match_fraction"": null, ""mean_power_w"": 57.42799965194717, ""samples"": 33}}",456.6169473193586,False,table,"{""start"": 1788695929.4181864, ""end"": 1788695933.1781867, ""duration_s"": 3.760000228881836, ""energy_j"": 456.12283331528306, ""mean_power_w"": 121.30925679515894, ""endpoints"": {""P1"": {""energy_j"": 240.09467089176178, ""clock_match_fraction"": 1.0, ""mean_power_w"": 63.85496177567045, ""samples"": 36}, ""D1"": {""energy_j"": 216.02816242352128, ""clock_match_fraction"": 1.0, ""mean_power_w"": 57.4542950194885, ""samples"": 33}}}",121.27212576002049,64,1005,production,production-00046,46,0.0,1788695929.4129608,True,1,56.66112249332761,185.27108593843877,1,46,small_light
,,186.17486953735352,975,3.7612411975860596,1788695942.1024754,"{""P1"": {""energy_j"": 238.16367962956429, ""clock_match_fraction"": null, ""mean_power_w"": 63.320501695667964, ""samples"": 36}, ""D1"": {""energy_j"": 213.32444610074162, ""clock_match_fraction"": null, ""mean_power_w"": 56.716502583682185, ""samples"": 33}}",451.4881257303059,False,table,"{""start"": 1788695938.345244, ""end"": 1788695942.1024754, ""duration_s"": 3.7572314739227295, ""energy_j"": 450.8243798315525, ""mean_power_w"": 119.98844972968095, ""endpoints"": {""P1"": {""energy_j"": 237.57686537504196, ""clock_match_fraction"": 1.0, ""mean_power_w"": 63.23189482041689, ""samples"": 36}, ""D1"": {""energy_j"": 213.24751445651054, ""clock_match_fraction"": 1.0, ""mean_power_w"": 56.75655490926406, ""samples"": 33}}}",120.03700427935014,64,1005,production,production-00047,47,0.0,1788695938.3412342,True,1,56.677177141878815,182.1611450286582,1,47,small_light
,,194.09608840942383,975,3.769613742828369,1788695950.9845765,"{""P1"": {""energy_j"": 234.6575506925583, ""clock_match_fraction"": null, ""mean_power_w"": 62.24975997580405, ""samples"": 37}, ""D1"": {""energy_j"": 212.54435808956623, ""clock_match_fraction"": null, ""mean_power_w"": 56.38359062488259, ""samples"": 34}}",447.2019087821245,False,table,"{""start"": 1788695947.220457, ""end"": 1788695950.9845765, ""duration_s"": 3.7641193866729736, ""energy_j"": 446.7919164635241, ""mean_power_w"": 118.69759446137923, ""endpoints"": {""P1"": {""energy_j"": 234.3525525033474, ""clock_match_fraction"": 1.0, ""mean_power_w"": 62.2595960513587, ""samples"": 37}, ""D1"": {""energy_j"": 212.4393639601767, ""clock_match_fraction"": 1.0, ""mean_power_w"": 56.43799841002052, ""samples"": 34}}}",118.63335060068664,64,1005,production,production-00048,48,0.0,1788695947.2149627,True,1,56.666605048886844,188.59610601793975,1,48,small_light
,,192.9783821105957,975,3.767871141433716,1788695959.8648977,"{""P1"": {""energy_j"": 234.4784237742424, ""clock_match_fraction"": null, ""mean_power_w"": 62.231009228468686, ""samples"": 36}, ""D1"": {""energy_j"": 216.31785291805863, ""clock_match_fraction"": null, ""mean_power_w"": 57.41115998880666, ""samples"": 33}}",450.79627669230103,False,table,"{""start"": 1788695956.101591, ""end"": 1788695959.8648977, ""duration_s"": 3.7633066177368164, ""energy_j"": 450.35594134777784, ""mean_power_w"": 119.67027592841043, ""endpoints"": {""P1"": {""energy_j"": 234.21415331959724, ""clock_match_fraction"": 1.0, ""mean_power_w"": 62.236266430092094, ""samples"": 36}, ""D1"": {""energy_j"": 216.1417880281806, ""clock_match_fraction"": 1.0, ""mean_power_w"": 57.434009498318346, ""samples"": 33}}}",119.64216921727535,64,1005,production,production-00049,49,0.0,1788695956.0970266,True,1,56.66478942813618,188.4074929403141,1,49,small_light
,,191.66326522827148,975,3.7673866748809814,1788695968.6945307,"{""P1"": {""energy_j"": 234.97654247283936, ""clock_match_fraction"": null, ""mean_power_w"": 62.37123044457938, ""samples"": 37}, ""D1"": {""energy_j"": 214.288374658674, ""clock_match_fraction"": null, ""mean_power_w"": 56.879846204118074, ""samples"": 34}}",449.26491713151336,False,table,"{""start"": 1788695964.9311316, ""end"": 1788695968.6945307, ""duration_s"": 3.763399124145508, ""energy_j"": 448.9666218049824, ""mean_power_w"": 119.29816822363262, ""endpoints"": {""P1"": {""energy_j"": 234.754741191864, ""clock_match_fraction"": 1.0, ""mean_power_w"": 62.37838014195899, ""samples"": 37}, ""D1"": {""energy_j"": 214.2118806131184, ""clock_match_fraction"": 1.0, ""mean_power_w"": 56.919788081673616, ""samples"": 34}}}",119.25107664869745,64,1005,production,production-00050,50,0.0,1788695964.927144,True,1,56.66932492103014,187.6722910674289,1,50,small_light
prefill_medium,,3980.6747436523438,1500,7.572863817214966,1788695981.4332027,"{""P1"": {""energy_j"": 608.6764297485352, ""clock_match_fraction"": null, ""mean_power_w"": 80.37599043638751, ""samples"": 71}, ""D1"": {""energy_j"": 333.31653306633234, ""clock_match_fraction"": null, ""mean_power_w"": 44.01459488927063, ""samples"": 69}}",941.9929628148675,True,safe_high,"{""start"": 1788695977.525329, ""end"": 1788695981.4332027, ""duration_s"": 3.9078736305236816, ""energy_j"": 583.7443699017167, ""mean_power_w"": 149.37647045242122, ""endpoints"": {""P1"": {""energy_j"": 332.64900982379913, ""clock_match_fraction"": 1.0, ""mean_power_w"": 85.1227652873775, ""samples"": 38}, ""D1"": {""energy_j"": 251.09536007791758, ""clock_match_fraction"": 1.0, ""mean_power_w"": 64.2537051650437, ""samples"": 36}}}",124.39058532565815,64,2520,production,production-00051,51,0.5,1788695973.860339,False,0,56.953365221575254,315.6780379358679,2,1,prefill_medium
prefill_medium,prefill_medium,295.49336433410645,1500,3.8879451751708984,1788695990.4306068,"{""P1"": {""energy_j"": 329.19956785440445, ""clock_match_fraction"": null, ""mean_power_w"": 84.67186470548268, ""samples"": 38}, ""D1"": {""energy_j"": 250.74858551844954, ""clock_match_fraction"": null, ""mean_power_w"": 64.4938583804561, ""samples"": 35}}",579.948153372854,False,safe_high,"{""start"": 1788695986.545896, ""end"": 1788695990.4306068, ""duration_s"": 3.8847107887268066, ""energy_j"": 579.5381894297898, ""mean_power_w"": 149.18438487404885, ""endpoints"": {""P1"": {""energy_j"": 328.9244137108326, ""clock_match_fraction"": 1.0, ""mean_power_w"": 84.67153196200633, ""samples"": 37}, ""D1"": {""energy_j"": 250.61377571895719, ""clock_match_fraction"": 1.0, ""mean_power_w"": 64.51285291204253, ""samples"": 35}}}",149.1657230859388,64,2520,production,production-00052,52,0.0,1788695986.5426617,False,0,56.95666280937277,292.2552670352161,2,2,prefill_medium
prefill_medium,prefill_medium,293.01905632019043,1500,3.8859448432922363,1788695999.4249127,"{""P1"": {""energy_j"": 328.75122341513634, ""clock_match_fraction"": null, ""mean_power_w"": 84.60007454367594, ""samples"": 37}, ""D1"": {""energy_j"": 251.1934671998024, ""clock_match_fraction"": null, ""mean_power_w"": 64.64154210356398, ""samples"": 35}}",579.9446906149387,False,safe_high,"{""start"": 1788695995.5417902, ""end"": 1788695999.4249127, ""duration_s"": 3.883122444152832, ""energy_j"": 579.5258578695357, ""mean_power_w"": 149.24223127245963, ""endpoints"": {""P1"": {""energy_j"": 328.44974091649055, ""clock_match_fraction"": 1.0, ""mean_power_w"": 84.58392585870347, ""samples"": 37}, ""D1"": {""energy_j"": 251.07611695304513, ""clock_match_fraction"": 1.0, ""mean_power_w"": 64.65830541375617, ""samples"": 35}}}",149.2416166472399,64,2520,production,production-00053,53,0.0,1788695995.5389678,False,0,56.96482633218346,290.1921890443191,2,3,prefill_medium
prefill_medium,prefill_medium,293.0748462677002,1500,3.885568380355835,1788696008.4198532,"{""P1"": {""energy_j"": 328.0614140033722, ""clock_match_fraction"": null, ""mean_power_w"": 84.43074008475661, ""samples"": 37}, ""D1"": {""energy_j"": 250.27391031384468, ""clock_match_fraction"": null, ""mean_power_w"": 64.41114550425823, ""samples"": 34}}",578.3353243172169,False,safe_high,"{""start"": 1788696004.5375657, ""end"": 1788696008.4198532, ""duration_s"": 3.8822875022888184, ""energy_j"": 577.9129026383162, ""mean_power_w"": 148.85886279612347, ""endpoints"": {""P1"": {""energy_j"": 327.7056679427624, ""clock_match_fraction"": 1.0, ""mean_power_w"": 84.41045846026657, ""samples"": 37}, ""D1"": {""energy_j"": 250.20723469555378, ""clock_match_fraction"": 1.0, ""mean_power_w"": 64.4484043358569, ""samples"": 34}}}",148.84188558901485,64,2520,production,production-00054,54,0.0,1788696004.5342848,False,0,56.96031085718128,289.7894859779626,2,4,prefill_medium
prefill_medium,prefill_medium,291.2733554840088,1500,3.8832736015319824,1788696017.3608491,"{""P1"": {""energy_j"": 337.36801210045815, ""clock_match_fraction"": null, ""mean_power_w"": 86.87721925320012, ""samples"": 38}, ""D1"": {""energy_j"": 254.8006936982274, ""clock_match_fraction"": null, ""mean_power_w"": 65.61492180146836, ""samples"": 35}}",592.1687057986856,False,safe_high,"{""start"": 1788696013.4817681, ""end"": 1788696017.3608491, ""duration_s"": 3.8790810108184814, ""energy_j"": 591.7735374569893, ""mean_power_w"": 152.55508606460523, ""endpoints"": {""P1"": {""energy_j"": 337.0619033873081, ""clock_match_fraction"": 1.0, ""mean_power_w"": 86.89220525358104, ""samples"": 38}, ""D1"": {""energy_j"": 254.71163406968117, ""clock_match_fraction"": 1.0, ""mean_power_w"": 65.66288081102418, ""samples"": 35}}}",152.49214105466848,64,2520,production,production-00055,55,0.0,1788696013.4775755,False,0,56.94498338123103,287.07551304250956,2,5,prefill_medium
prefill_medium,prefill_medium,296.3833808898926,1500,3.8899664878845215,1788696026.4118748,"{""P1"": {""energy_j"": 338.193551838398, ""clock_match_fraction"": null, ""mean_power_w"": 86.93996539345963, ""samples"": 37}, ""D1"": {""energy_j"": 251.79768478497863, ""clock_match_fraction"": null, ""mean_power_w"": 64.73003959525462, ""samples"": 35}}",589.9912366233766,False,safe_high,"{""start"": 1788696022.5258012, ""end"": 1788696026.4118748, ""duration_s"": 3.886073589324951, ""energy_j"": 589.6239762306213, ""mean_power_w"": 151.72743456282433, ""endpoints"": {""P1"": {""energy_j"": 337.9114015698433, ""clock_match_fraction"": 1.0, ""mean_power_w"": 86.95445256057073, ""samples"": 37}, ""D1"": {""energy_j"": 251.71257466077805, ""clock_match_fraction"": 1.0, ""mean_power_w"": 64.77298200225358, ""samples"": 35}}}",151.67000498871425,64,2520,production,production-00056,56,0.0,1788696022.5219083,False,0,56.973723872076896,292.4863580847159,2,6,prefill_medium
prefill_medium,prefill_medium,296.1304187774658,1500,3.889345645904541,1788696035.4620535,"{""P1"": {""energy_j"": 335.75783491134644, ""clock_match_fraction"": null, ""mean_power_w"": 86.32758964606232, ""samples"": 37}, ""D1"": {""energy_j"": 254.90775166079402, ""clock_match_fraction"": null, ""mean_power_w"": 65.54000977753428, ""samples"": 35}}",590.6655865721405,False,safe_high,"{""start"": 1788696031.580307, ""end"": 1788696035.4620535, ""duration_s"": 3.881746530532837, ""energy_j"": 589.9500680975616, ""mean_power_w"": 151.98057458341586, ""endpoints"": {""P1"": {""energy_j"": 335.2095100581646, ""clock_match_fraction"": 1.0, ""mean_power_w"": 86.35533191605668, ""samples"": 37}, ""D1"": {""energy_j"": 254.740558039397, ""clock_match_fraction"": 1.0, ""mean_power_w"": 65.62524266735919, ""samples"": 35}}}",151.8675994235966,64,2520,production,production-00057,57,0.0,1788696031.572708,False,0,56.971626206567244,288.52626204025,2,7,prefill_medium
prefill_medium,prefill_medium,294.66772079467773,1500,3.8870065212249756,1788696044.4652917,"{""P1"": {""energy_j"": 330.15501043200493, ""clock_match_fraction"": null, ""mean_power_w"": 84.93811590724006, ""samples"": 37}, ""D1"": {""energy_j"": 254.18084954097867, ""clock_match_fraction"": null, ""mean_power_w"": 65.3924422696555, ""samples"": 35}}",584.3358599729836,False,safe_high,"{""start"": 1788696040.5829277, ""end"": 1788696044.4652917, ""duration_s"": 3.88236403465271, ""energy_j"": 583.9023919478059, ""mean_power_w"": 150.39867120550375, ""endpoints"": {""P1"": {""energy_j"": 329.8190618753433, ""clock_match_fraction"": 1.0, ""mean_power_w"": 84.9531519794348, ""samples"": 37}, ""D1"": {""energy_j"": 254.08333007246256, ""clock_match_fraction"": 1.0, ""mean_power_w"": 65.44551922606895, ""samples"": 35}}}",150.33055817689555,64,2520,production,production-00058,58,0.0,1788696040.5782852,False,0,56.96066085707455,290.02181405667216,2,8,prefill_medium
prefill_medium,prefill_medium,295.3956127166748,1500,3.8865044116973877,1788696053.4607673,"{""P1"": {""energy_j"": 330.50947177410126, ""clock_match_fraction"": null, ""mean_power_w"": 85.04029244874957, ""samples"": 37}, ""D1"": {""energy_j"": 253.62473949417472, ""clock_match_fraction"": null, ""mean_power_w"": 65.25780306097914, ""samples"": 36}}",584.134211268276,False,safe_high,"{""start"": 1788696049.5783484, ""end"": 1788696053.4607673, ""duration_s"": 3.8824188709259033, ""energy_j"": 583.7498041428626, ""mean_power_w"": 150.35724468432906, ""endpoints"": {""P1"": {""energy_j"": 330.2148469388485, ""clock_match_fraction"": 1.0, ""mean_power_w"": 85.05389498585886, ""samples"": 37}, ""D1"": {""energy_j"": 253.53495720401406, ""clock_match_fraction"": 1.0, ""mean_power_w"": 65.30334969847019, ""samples"": 36}}}",150.2980955097287,64,2520,production,production-00059,59,0.0,1788696049.5742629,False,0,56.956719887989856,291.30434908438474,2,9,prefill_medium
prefill_medium,prefill_medium,292.2542095184326,1500,3.8846521377563477,1788696062.5042002,"{""P1"": {""energy_j"": 331.42560228705406, ""clock_match_fraction"": null, ""mean_power_w"": 85.31667457835105, ""samples"": 37}, ""D1"": {""energy_j"": 254.11813854426146, ""clock_match_fraction"": null, ""mean_power_w"": 65.41593160283125, ""samples"": 34}}",585.5437408313155,False,safe_high,"{""start"": 1788696058.622588, ""end"": 1788696062.5042002, ""duration_s"": 3.8816123008728027, ""energy_j"": 585.1361062526703, ""mean_power_w"": 150.74563374634275, ""endpoints"": {""P1"": {""energy_j"": 331.08134430646896, ""clock_match_fraction"": 1.0, ""mean_power_w"": 85.29479985211904, ""samples"": 37}, ""D1"": {""energy_j"": 254.05476194620132, ""clock_match_fraction"": 1.0, ""mean_power_w"": 65.4508338942237, ""samples"": 34}}}",150.73260618118232,64,2520,production,production-00060,60,0.0,1788696058.619548,False,0,56.958159808779044,289.2069530207664,2,10,prefill_medium
prefill_medium,prefill_medium,291.0280227661133,1500,3.882908344268799,1788696071.4964595,"{""P1"": {""energy_j"": 329.20236402750015, ""clock_match_fraction"": null, ""mean_power_w"": 84.78241947518676, ""samples"": 37}, ""D1"": {""energy_j"": 248.05814577266574, ""clock_match_fraction"": null, ""mean_power_w"": 63.88462558968238, ""samples"": 34}}",577.2605098001659,False,safe_high,"{""start"": 1788696067.6177058, ""end"": 1788696071.4964595, ""duration_s"": 3.878753662109375, ""energy_j"": 576.7132616601884, ""mean_power_w"": 148.68519939638435, ""endpoints"": {""P1"": {""energy_j"": 328.74397215247154, ""clock_match_fraction"": 1.0, ""mean_power_w"": 84.75505298619335, ""samples"": 37}, ""D1"": {""energy_j"": 247.9692895077169, ""clock_match_fraction"": 1.0, ""mean_power_w"": 63.93014641019101, ""samples"": 34}}}",148.66704506486914,64,2520,production,production-00061,61,0.0,1788696067.6135511,False,0,56.96344628582694,286.87215491663665,2,11,prefill_medium
prefill_medium,prefill_medium,291.78452491760254,1500,3.8864121437072754,1788696080.4409328,"{""P1"": {""energy_j"": 338.6230462193489, ""clock_match_fraction"": null, ""mean_power_w"": 87.12998871404669, ""samples"": 38}, ""D1"": {""energy_j"": 254.07543214783072, ""clock_match_fraction"": null, ""mean_power_w"": 65.37531861082196, ""samples"": 34}}",592.6984783671796,False,safe_high,"{""start"": 1788696076.5580196, ""end"": 1788696080.4409328, ""duration_s"": 3.882913112640381, ""energy_j"": 592.3704781681299, ""mean_power_w"": 152.55826256831125, ""endpoints"": {""P1"": {""energy_j"": 338.36687433719635, ""clock_match_fraction"": 1.0, ""mean_power_w"": 87.14253049744573, ""samples"": 38}, ""D1"": {""energy_j"": 254.00360383093357, ""clock_match_fraction"": 1.0, ""mean_power_w"": 65.4157320708655, ""samples"": 34}}}",152.50530732486865,64,2520,production,production-00062,62,0.0,1788696076.5545206,False,0,56.96939719131305,288.2840499514714,2,12,prefill_medium
prefill_medium,prefill_medium,317.74234771728516,1500,3.9108777046203613,1788696089.4608922,"{""P1"": {""energy_j"": 340.1175771355629, ""clock_match_fraction"": null, ""mean_power_w"": 86.9670705207027, ""samples"": 37}, ""D1"": {""energy_j"": 251.3028055652976, ""clock_match_fraction"": null, ""mean_power_w"": 64.25739298071255, ""samples"": 34}}",591.4203827008605,False,safe_high,"{""start"": 1788696085.5543902, ""end"": 1788696089.4608922, ""duration_s"": 3.9065020084381104, ""energy_j"": 590.9938617907465, ""mean_power_w"": 151.28466861509088, ""endpoints"": {""P1"": {""energy_j"": 339.78763285279274, ""clock_match_fraction"": 1.0, ""mean_power_w"": 86.98002256720865, ""samples"": 37}, ""D1"": {""energy_j"": 251.2062289379537, ""clock_match_fraction"": 1.0, ""mean_power_w"": 64.30464604788223, ""samples"": 34}}}",151.22446350141524,64,2520,production,production-00063,63,0.0,1788696085.5500145,False,0,56.954534667071016,313.3630909724161,2,13,prefill_medium
prefill_medium,prefill_medium,318.9198970794678,1500,3.911092758178711,1788696098.483986,"{""P1"": {""energy_j"": 332.6306283771992, ""clock_match_fraction"": null, ""mean_power_w"": 85.0480029351429, ""samples"": 38}, ""D1"": {""energy_j"": 254.29649670049548, ""clock_match_fraction"": null, ""mean_power_w"": 65.019295737418, ""samples"": 35}}",586.9271250776947,False,safe_high,"{""start"": 1788696094.5783358, ""end"": 1788696098.483986, ""duration_s"": 3.9056501388549805, ""energy_j"": 586.4154073894024, ""mean_power_w"": 150.14540128812504, ""endpoints"": {""P1"": {""energy_j"": 332.23719868063927, ""clock_match_fraction"": 1.0, ""mean_power_w"": 85.06578594314166, ""samples"": 38}, ""D1"": {""energy_j"": 254.17820870876312, ""clock_match_fraction"": 1.0, ""mean_power_w"": 65.0796153449834, ""samples"": 35}}}",150.06729867256092,64,2520,production,production-00064,64,0.0,1788696094.5728931,False,0,56.95566307893762,313.47395305056125,2,14,prefill_medium
prefill_medium,prefill_medium,310.73617935180664,1500,3.903456926345825,1788696107.498089,"{""P1"": {""energy_j"": 332.70644876360893, ""clock_match_fraction"": null, ""mean_power_w"": 85.23379533614276, ""samples"": 38}, ""D1"": {""energy_j"": 253.8176089823246, ""clock_match_fraction"": null, ""mean_power_w"": 65.02380166390947, ""samples"": 34}}",586.5240577459335,False,safe_high,"{""start"": 1788696103.599472, ""end"": 1788696107.498089, ""duration_s"": 3.8986170291900635, ""energy_j"": 586.0755105800927, ""mean_power_w"": 150.329079822916, ""endpoints"": {""P1"": {""energy_j"": 332.3566255569458, ""clock_match_fraction"": 1.0, ""mean_power_w"": 85.24987785886545, ""samples"": 38}, ""D1"": {""energy_j"": 253.71888502314687, ""clock_match_fraction"": 1.0, ""mean_power_w"": 65.07920196405054, ""samples"": 34}}}",150.25759700005221,64,2520,production,production-00065,65,0.0,1788696103.5946321,False,0,56.95642079300587,305.8949140831828,2,15,prefill_medium
prefill_medium,prefill_medium,292.5686836242676,1500,3.885199785232544,1788696116.4437563,"{""P1"": {""energy_j"": 329.8426358997822, ""clock_match_fraction"": null, ""mean_power_w"": 84.89721356247831, ""samples"": 38}, ""D1"": {""energy_j"": 250.79174844548106, ""clock_match_fraction"": null, ""mean_power_w"": 64.55054110697945, ""samples"": 34}}",580.6343843452632,False,safe_high,"{""start"": 1788696112.5623536, ""end"": 1788696116.4437563, ""duration_s"": 3.8814027309417725, ""energy_j"": 580.2924669869244, ""mean_power_w"": 149.5058635273655, ""endpoints"": {""P1"": {""energy_j"": 329.579272210598, ""clock_match_fraction"": 1.0, ""mean_power_w"": 84.91241312921677, ""samples"": 38}, ""D1"": {""energy_j"": 250.71319477632642, ""clock_match_fraction"": 1.0, ""mean_power_w"": 64.59345039814873, ""samples"": 34}}}",149.44775466945777,64,2520,production,production-00066,66,0.0,1788696112.5585566,False,0,56.970192524161014,288.76736701931804,2,16,prefill_medium
prefill_medium,prefill_medium,289.6265983581543,1500,3.882071018218994,1788696125.438605,"{""P1"": {""energy_j"": 331.1848520934582, ""clock_match_fraction"": null, ""mean_power_w"": 85.31138419136862, ""samples"": 38}, ""D1"": {""energy_j"": 250.0326778255403, ""clock_match_fraction"": null, ""mean_power_w"": 64.40703342419779, ""samples"": 34}}",581.2175299189985,False,safe_high,"{""start"": 1788696121.5599806, ""end"": 1788696125.438605, ""duration_s"": 3.878624439239502, ""energy_j"": 580.6421227231622, ""mean_power_w"": 149.70310526816849, ""endpoints"": {""P1"": {""energy_j"": 330.68139988183975, ""clock_match_fraction"": 1.0, ""mean_power_w"": 85.25739087713215, ""samples"": 38}, ""D1"": {""energy_j"": 249.96072284132242, ""clock_match_fraction"": 1.0, ""mean_power_w"": 64.44571439103633, ""samples"": 34}}}",149.7184176155664,64,2520,production,production-00067,67,0.0,1788696121.556534,False,0,56.955514174501694,286.1791360192001,2,17,prefill_medium
prefill_medium,prefill_medium,293.02287101745605,1500,3.8860599994659424,1788696134.4340498,"{""P1"": {""energy_j"": 339.323250323534, ""clock_match_fraction"": null, ""mean_power_w"": 87.31806775247085, ""samples"": 38}, ""D1"": {""energy_j"": 250.00233568623662, ""clock_match_fraction"": null, ""mean_power_w"": 64.33311264380741, ""samples"": 34}}",589.3255860097706,False,safe_high,"{""start"": 1788696130.5549667, ""end"": 1788696134.4340498, ""duration_s"": 3.8790831565856934, ""energy_j"": 588.6697653718293, ""mean_power_w"": 151.75487134696203, ""endpoints"": {""P1"": {""energy_j"": 338.8091119527817, ""clock_match_fraction"": 1.0, ""mean_power_w"": 87.34257510761796, ""samples"": 38}, ""D1"": {""energy_j"": 249.8606534190476, ""clock_match_fraction"": 1.0, ""mean_power_w"": 64.41229623934407, ""samples"": 34}}}",151.65118039627825,64,2520,production,production-00068,68,0.0,1788696130.5479898,False,0,56.962373825381434,286.04221099521965,2,18,prefill_medium
prefill_medium,prefill_medium,290.6203269958496,1500,3.8833861351013184,1788696143.4268882,"{""P1"": {""energy_j"": 338.18860736489296, ""clock_match_fraction"": null, ""mean_power_w"": 87.08601091919734, ""samples"": 37}, ""D1"": {""energy_j"": 249.8379437737167, ""clock_match_fraction"": null, ""mean_power_w"": 64.33507642092829, ""samples"": 34}}",588.0265511386096,False,safe_high,"{""start"": 1788696139.5473382, ""end"": 1788696143.4268882, ""duration_s"": 3.879549980163574, ""energy_j"": 587.6675509959459, ""mean_power_w"": 151.47827815100555, ""endpoints"": {""P1"": {""energy_j"": 337.9095512032509, ""clock_match_fraction"": 1.0, ""mean_power_w"": 87.10019278808299, ""samples"": 37}, ""D1"": {""energy_j"": 249.75799979269505, ""clock_match_fraction"": 1.0, ""mean_power_w"": 64.37808536292255, ""samples"": 34}}}",151.42108734012564,64,2520,production,production-00069,69,0.0,1788696139.543502,False,0,56.95800039739836,286.782159935683,2,19,prefill_medium
prefill_medium,prefill_medium,288.6180877685547,1500,3.8797364234924316,1788696152.4180098,"{""P1"": {""energy_j"": 338.871611148119, ""clock_match_fraction"": null, ""mean_power_w"": 87.34397756924841, ""samples"": 37}, ""D1"": {""energy_j"": 254.89046142622828, ""clock_match_fraction"": null, ""mean_power_w"": 65.69788088768745, ""samples"": 34}}",593.7620725743473,False,safe_high,"{""start"": 1788696148.5420454, ""end"": 1788696152.4180098, ""duration_s"": 3.875964403152466, ""energy_j"": 593.3296140059829, ""mean_power_w"": 153.07922165730054, ""endpoints"": {""P1"": {""energy_j"": 338.59669491648674, ""clock_match_fraction"": 1.0, ""mean_power_w"": 87.35805071922061, ""samples"": 37}, ""D1"": {""energy_j"": 254.73291908949614, ""clock_match_fraction"": 1.0, ""mean_power_w"": 65.72117093807992, ""samples"": 34}}}",153.04185845693584,64,2520,production,production-00070,70,0.0,1788696148.5382733,False,0,56.95913590505601,284.84212001785636,2,20,prefill_medium
prefill_medium,prefill_medium,291.9881343841553,1500,3.884314775466919,1788696161.4626462,"{""P1"": {""energy_j"": 337.59881114959717, ""clock_match_fraction"": null, ""mean_power_w"": 86.91335040142715, ""samples"": 38}, ""D1"": {""energy_j"": 253.26417845487595, ""clock_match_fraction"": null, ""mean_power_w"": 65.20176481434412, ""samples"": 35}}",590.8629896044731,False,safe_high,"{""start"": 1788696157.5816298, ""end"": 1788696161.4626462, ""duration_s"": 3.881016492843628, ""energy_j"": 590.5556260868907, ""mean_power_w"": 152.16519362281542, ""endpoints"": {""P1"": {""energy_j"": 337.3607930839062, ""clock_match_fraction"": 1.0, ""mean_power_w"": 86.92588493400638, ""samples"": 38}, ""D1"": {""energy_j"": 253.19483300298452, ""clock_match_fraction"": 1.0, ""mean_power_w"": 65.23930868880905, ""samples"": 35}}}",152.11511521577128,64,2520,production,production-00071,71,0.0,1788696157.5783315,False,0,56.961871142173926,288.6856220429763,2,21,prefill_medium
prefill_medium,prefill_medium,290.75098037719727,1500,3.8831632137298584,1788696170.5058064,"{""P1"": {""energy_j"": 330.98342701792717, ""clock_match_fraction"": null, ""mean_power_w"": 85.23551774688625, ""samples"": 37}, ""D1"": {""energy_j"": 254.3082521483302, ""clock_match_fraction"": null, ""mean_power_w"": 65.48997251755017, ""samples"": 34}}",585.2916791662574,False,safe_high,"{""start"": 1788696166.6264558, ""end"": 1788696170.5058064, ""duration_s"": 3.8793506622314453, ""energy_j"": 584.9170351400971, ""mean_power_w"": 150.77704648737435, ""endpoints"": {""P1"": {""energy_j"": 330.68841537833214, ""clock_match_fraction"": 1.0, ""mean_power_w"": 85.24323892600019, ""samples"": 37}, ""D1"": {""energy_j"": 254.228619761765, ""clock_match_fraction"": 1.0, ""mean_power_w"": 65.53380756137418, ""samples"": 34}}}",150.72549026443642,64,2520,production,production-00072,72,0.0,1788696166.6226432,False,0,56.96005496891245,286.935020936653,2,22,prefill_medium
prefill_medium,prefill_medium,288.76304626464844,1500,3.8822968006134033,1788696179.44818,"{""P1"": {""energy_j"": 330.45374953746796, ""clock_match_fraction"": null, ""mean_power_w"": 85.11810572681003, ""samples"": 38}, ""D1"": {""energy_j"": 252.84599520638585, ""clock_match_fraction"": null, ""mean_power_w"": 65.12794054448288, ""samples"": 35}}",583.2997447438538,False,safe_high,"{""start"": 1788696175.568863, ""end"": 1788696179.44818, ""duration_s"": 3.879317045211792, ""energy_j"": 582.9589051008224, ""mean_power_w"": 150.27359153858376, ""endpoints"": {""P1"": {""energy_j"": 330.2379629313946, ""clock_match_fraction"": 1.0, ""mean_power_w"": 85.12786118860909, ""samples"": 38}, ""D1"": {""energy_j"": 252.72094216942787, ""clock_match_fraction"": 1.0, ""mean_power_w"": 65.14573034997467, ""samples"": 35}}}",150.2460462712929,64,2520,production,production-00073,73,0.0,1788696175.5658832,False,0,56.974115380499924,285.7817090116441,2,23,prefill_medium
prefill_medium,prefill_medium,291.28336906433105,1500,3.8834280967712402,1788696188.4415493,"{""P1"": {""energy_j"": 329.90128779411316, ""clock_match_fraction"": null, ""mean_power_w"": 84.95104829374843, ""samples"": 37}, ""D1"": {""energy_j"": 253.04260521009564, ""clock_match_fraction"": null, ""mean_power_w"": 65.15959582732594, ""samples"": 34}}",582.9438930042088,False,safe_high,"{""start"": 1788696184.5619605, ""end"": 1788696188.4415493, ""duration_s"": 3.8795888423919678, ""energy_j"": 582.3502124994993, ""mean_power_w"": 150.10616747223403, ""endpoints"": {""P1"": {""energy_j"": 329.38451290130615, ""clock_match_fraction"": 1.0, ""mean_power_w"": 84.9019126207775, ""samples"": 37}, ""D1"": {""energy_j"": 252.96569959819317, ""clock_match_fraction"": 1.0, ""mean_power_w"": 65.20425485145655, ""samples"": 34}}}",150.11064412107436,64,2520,production,production-00074,74,0.0,1788696184.5581212,False,0,56.958794142932646,287.43891208432615,2,24,prefill_medium
,,3021.0702419281006,1125,6.663579225540161,1788696200.26746,"{""P1"": {""energy_j"": 454.83617755770683, ""clock_match_fraction"": null, ""mean_power_w"": 68.25703757140174, ""samples"": 63}, ""D1"": {""energy_j"": 289.5363667048514, ""clock_match_fraction"": null, ""mean_power_w"": 43.450577670798396, ""samples"": 60}}",744.3725442625582,True,table,"{""start"": 1788696196.2782538, ""end"": 1788696200.26746, ""duration_s"": 3.989206314086914, ""energy_j"": 498.80761398002505, ""mean_power_w"": 125.03931226083921, ""endpoints"": {""P1"": {""energy_j"": 272.85884645581245, ""clock_match_fraction"": 1.0, ""mean_power_w"": 68.3992817048037, ""samples"": 38}, ""D1"": {""energy_j"": 225.9487675242126, ""clock_match_fraction"": 1.0, ""mean_power_w"": 56.64003055603551, ""samples"": 36}}}",111.70761524220012,64,1200,production,production-00075,75,0.5,1788696193.603881,True,1,57.72677950915836,346.69133194256574,2,25,prefill_medium
,,381.1957836151123,1125,4.0228166580200195,1788696209.4078858,"{""P1"": {""energy_j"": 273.29619550704956, ""clock_match_fraction"": null, ""mean_power_w"": 67.93652774659697, ""samples"": 39}, ""D1"": {""energy_j"": 227.02292119711637, ""clock_match_fraction"": null, ""mean_power_w"": 56.43382249213769, ""samples"": 37}}",500.31911670416594,False,table,"{""start"": 1788696205.3913746, ""end"": 1788696209.4078858, ""duration_s"": 4.0165112018585205, ""energy_j"": 499.83197489753366, ""mean_power_w"": 124.44431243369901, ""endpoints"": {""P1"": {""energy_j"": 272.9383370280266, ""clock_match_fraction"": 1.0, ""mean_power_w"": 67.95408336013915, ""samples"": 39}, ""D1"": {""energy_j"": 226.89363786950707, ""clock_match_fraction"": 1.0, ""mean_power_w"": 56.49022907355987, ""samples"": 36}}}",124.37035023873467,64,1200,production,production-00076,76,0.0,1788696205.3850691,True,1,57.726356731210316,374.8864469816908,2,26,prefill_medium
,,374.7711181640625,1125,4.017474889755249,1788696218.5918772,"{""P1"": {""energy_j"": 267.34454944729805, ""clock_match_fraction"": null, ""mean_power_w"": 66.54541889708864, ""samples"": 38}, ""D1"": {""energy_j"": 224.63629049807787, ""clock_match_fraction"": null, ""mean_power_w"": 55.914796398830276, ""samples"": 36}}",491.9808399453759,False,table,"{""start"": 1788696214.5796602, ""end"": 1788696218.5918772, ""duration_s"": 4.012217044830322, ""energy_j"": 491.47839768603444, ""mean_power_w"": 122.49546627077329, ""endpoints"": {""P1"": {""energy_j"": 266.94678869843483, ""clock_match_fraction"": 1.0, ""mean_power_w"": 66.53348652770207, ""samples"": 38}, ""D1"": {""energy_j"": 224.5316089875996, ""clock_match_fraction"": 1.0, ""mean_power_w"": 55.96197974307123, ""samples"": 36}}}",122.46021529591891,64,1200,production,production-00077,77,0.0,1788696214.5744023,True,1,57.736225921424136,369.5080179022625,2,27,prefill_medium
,,374.6159076690674,1125,4.016446828842163,1788696227.7239819,"{""P1"": {""energy_j"": 274.07807621359825, ""clock_match_fraction"": null, ""mean_power_w"": 68.2389405096663, ""samples"": 38}, ""D1"": {""energy_j"": 224.34886112436652, ""clock_match_fraction"": null, ""mean_power_w"": 55.85754540887087, ""samples"": 36}}",498.4269373379648,False,table,"{""start"": 1788696223.7122383, ""end"": 1788696227.7239819, ""duration_s"": 4.011743545532227, ""energy_j"": 498.07108461111784, ""mean_power_w"": 124.15327125429205, ""endpoints"": {""P1"": {""energy_j"": 273.81539446115494, ""clock_match_fraction"": 1.0, ""mean_power_w"": 68.25346419915, ""samples"": 38}, ""D1"": {""energy_j"": 224.2556901499629, ""clock_match_fraction"": 1.0, ""mean_power_w"": 55.89980705514204, ""samples"": 36}}}",124.09648591853717,64,1200,production,production-00078,78,0.0,1788696223.707535,True,1,57.727974396021594,369.9093620525673,2,28,prefill_medium
,,376.41048431396484,1125,4.016814231872559,1788696236.8014176,"{""P1"": {""energy_j"": 273.8691597878933, ""clock_match_fraction"": null, ""mean_power_w"": 68.18068847067916, ""samples"": 39}, ""D1"": {""energy_j"": 224.19060146436095, ""clock_match_fraction"": null, ""mean_power_w"": 55.813037029558565, ""samples"": 36}}",498.05976125225425,False,table,"{""start"": 1788696232.7900589, ""end"": 1788696236.8014176, ""duration_s"": 4.011358737945557, ""energy_j"": 497.64272682741284, ""mean_power_w"": 124.05839500714508, ""endpoints"": {""P1"": {""energy_j"": 273.5594716966152, ""clock_match_fraction"": 1.0, ""mean_power_w"": 68.19621219834366, ""samples"": 39}, ""D1"": {""energy_j"": 224.08325513079762, ""clock_match_fraction"": 1.0, ""mean_power_w"": 55.862182808801414, ""samples"": 36}}}",123.99372550023772,64,1200,production,production-00079,79,0.0,1788696232.7846034,True,1,57.71520120712618,370.95111003145576,2,29,prefill_medium
,,347.6865291595459,1125,3.9886012077331543,1788696245.9037666,"{""P1"": {""energy_j"": 271.74015486240387, ""clock_match_fraction"": null, ""mean_power_w"": 68.12918632616125, ""samples"": 39}, ""D1"": {""energy_j"": 223.3880147561431, ""clock_match_fraction"": null, ""mean_power_w"": 56.0066056047507, ""samples"": 36}}",495.12816961854696,False,table,"{""start"": 1788696241.918967, ""end"": 1788696245.9037666, ""duration_s"": 3.98479962348938, ""energy_j"": 494.83624836429954, ""mean_power_w"": 124.18096143338444, ""endpoints"": {""P1"": {""energy_j"": 271.52318474650383, ""clock_match_fraction"": 1.0, ""mean_power_w"": 68.13973358809405, ""samples"": 39}, ""D1"": {""energy_j"": 223.3130636177957, ""clock_match_fraction"": 1.0, ""mean_power_w"": 56.04122784529039, ""samples"": 36}}}",124.13579193091195,64,1200,production,production-00080,80,0.0,1788696241.9151654,True,1,57.73304987307046,343.8806659542024,2,30,prefill_medium
,,348.0856418609619,1125,3.9900362491607666,1788696255.0583036,"{""P1"": {""energy_j"": 272.51849433779716, ""clock_match_fraction"": null, ""mean_power_w"": 68.29975401730162, ""samples"": 38}, ""D1"": {""energy_j"": 223.4847304262221, ""clock_match_fraction"": null, ""mean_power_w"": 56.010701775761596, ""samples"": 36}}",496.00322476401925,False,table,"{""start"": 1788696251.0714574, ""end"": 1788696255.0583036, ""duration_s"": 3.9868462085723877, ""energy_j"": 495.7216152623296, ""mean_power_w"": 124.33928707770193, ""endpoints"": {""P1"": {""energy_j"": 272.29984402656555, ""clock_match_fraction"": 1.0, ""mean_power_w"": 68.29956055015998, ""samples"": 38}, ""D1"": {""energy_j"": 223.42177123576403, ""clock_match_fraction"": 1.0, ""mean_power_w"": 56.03972652754194, ""samples"": 36}}}",124.31045579306321,64,1200,production,production-00081,81,0.0,1788696251.0682673,True,1,57.73478907917345,344.89050204865634,2,31,prefill_medium
,,345.22056579589844,1125,3.987149477005005,1788696264.2100468,"{""P1"": {""energy_j"": 272.3588497042656, ""clock_match_fraction"": null, ""mean_power_w"": 68.3091645485163, ""samples"": 38}, ""D1"": {""energy_j"": 223.201909635216, ""clock_match_fraction"": null, ""mean_power_w"": 55.98032151101513, ""samples"": 35}}",495.5607593394816,False,table,"{""start"": 1788696260.2278442, ""end"": 1788696264.2100468, ""duration_s"": 3.9822025299072266, ""energy_j"": 495.18196081370115, ""mean_power_w"": 124.34876355352961, ""endpoints"": {""P1"": {""energy_j"": 272.078340023756, ""clock_match_fraction"": 1.0, ""mean_power_w"": 68.32358173156368, ""samples"": 38}, ""D1"": {""energy_j"": 223.10362078994513, ""clock_match_fraction"": 1.0, ""mean_power_w"": 56.02518182196594, ""samples"": 35}}}",124.28948605953143,64,1200,production,production-00082,82,0.0,1788696260.2228973,True,1,57.743220634403684,340.2688130736351,2,32,prefill_medium
,,346.2705612182617,1125,3.988210678100586,1788696273.3122597,"{""P1"": {""energy_j"": 271.34665644168854, ""clock_match_fraction"": null, ""mean_power_w"": 68.03719220041789, ""samples"": 38}, ""D1"": {""energy_j"": 223.16160773858428, ""clock_match_fraction"": null, ""mean_power_w"": 55.95532075674262, ""samples"": 35}}",494.5082641802728,False,table,"{""start"": 1788696269.328194, ""end"": 1788696273.3122597, ""duration_s"": 3.9840657711029053, ""energy_j"": 493.76961623877287, ""mean_power_w"": 123.9361106486159, ""endpoints"": {""P1"": {""energy_j"": 270.69012475013733, ""clock_match_fraction"": 1.0, ""mean_power_w"": 67.94318675999227, ""samples"": 38}, ""D1"": {""energy_j"": 223.07949148863554, ""clock_match_fraction"": 1.0, ""mean_power_w"": 55.992923888623615, ""samples"": 35}}}",123.99251295716051,64,1200,production,production-00083,83,0.0,1788696269.324049,True,1,57.739768033137636,342.1211160020903,2,33,prefill_medium
,,346.2798595428467,1125,3.987151861190796,1788696282.4138045,"{""P1"": {""energy_j"": 272.0220674276352, ""clock_match_fraction"": null, ""mean_power_w"": 68.2246568221742, ""samples"": 38}, ""D1"": {""energy_j"": 224.82979344576597, ""clock_match_fraction"": null, ""mean_power_w"": 56.38857040639999, ""samples"": 36}}",496.85186087340117,False,table,"{""start"": 1788696278.4305248, ""end"": 1788696282.4138045, ""duration_s"": 3.9832797050476074, ""energy_j"": 496.5603963136673, ""mean_power_w"": 124.66119205347958, ""endpoints"": {""P1"": {""energy_j"": 271.8073186278343, ""clock_match_fraction"": 1.0, ""mean_power_w"": 68.23706562293388, ""samples"": 38}, ""D1"": {""energy_j"": 224.75307768583298, ""clock_match_fraction"": 1.0, ""mean_power_w"": 56.4241264305457, ""samples"": 36}}}",124.61322722857419,64,1200,production,production-00084,84,0.0,1788696278.4266527,True,1,57.73380004786073,342.40212198346853,2,34,prefill_medium
,,345.1657295227051,1125,3.9872848987579346,1788696291.5655334,"{""P1"": {""energy_j"": 271.88638600707054, ""clock_match_fraction"": null, ""mean_power_w"": 68.1883519514156, ""samples"": 39}, ""D1"": {""energy_j"": 225.73666874691844, ""clock_match_fraction"": null, ""mean_power_w"": 56.61413078790454, ""samples"": 36}}",497.623054753989,False,table,"{""start"": 1788696287.5820084, ""end"": 1788696291.5655334, ""duration_s"": 3.983525037765503, ""energy_j"": 497.3352727741003, ""mean_power_w"": 124.84803485836075, ""endpoints"": {""P1"": {""energy_j"": 271.6724908053875, ""clock_match_fraction"": 1.0, ""mean_power_w"": 68.19901675772522, ""samples"": 39}, ""D1"": {""energy_j"": 225.6627819687128, ""clock_match_fraction"": 1.0, ""mean_power_w"": 56.64901810063553, ""samples"": 36}}}",124.80248273932014,64,1200,production,production-00085,85,0.0,1788696287.5782485,True,1,57.740976095258716,341.4004589430988,2,35,prefill_medium
,,344.9680805206299,1125,3.9866437911987305,1788696300.6664329,"{""P1"": {""energy_j"": 265.62437161803246, ""clock_match_fraction"": null, ""mean_power_w"": 66.62856917501595, ""samples"": 38}, ""D1"": {""energy_j"": 223.32797281444073, ""clock_match_fraction"": null, ""mean_power_w"": 56.01904371478571, ""samples"": 36}}",488.9523444324732,False,table,"{""start"": 1788696296.683094, ""end"": 1788696300.6664329, ""duration_s"": 3.9833388328552246, ""energy_j"": 488.69355922564864, ""mean_power_w"": 122.68440615566642, ""endpoints"": {""P1"": {""energy_j"": 265.4310647845268, ""clock_match_fraction"": 1.0, ""mean_power_w"": 66.63532175450614, ""samples"": 38}, ""D1"": {""energy_j"": 223.26249444112182, ""clock_match_fraction"": 1.0, ""mean_power_w"": 56.04908440116029, ""samples"": 36}}}",122.64761288980166,64,1200,production,production-00086,86,0.0,1788696296.679789,True,1,57.7376630630285,341.6570849949494,2,36,prefill_medium
,,344.97618675231934,1125,3.9861254692077637,1788696309.765631,"{""P1"": {""energy_j"": 269.6741306781769, ""clock_match_fraction"": null, ""mean_power_w"": 67.65319675995403, ""samples"": 38}, ""D1"": {""energy_j"": 225.182822547853, ""clock_match_fraction"": null, ""mean_power_w"": 56.49165443670987, ""samples"": 36}}",494.8569532260299,False,table,"{""start"": 1788696305.7834482, ""end"": 1788696309.765631, ""duration_s"": 3.982182741165161, ""energy_j"": 494.53793358802795, ""mean_power_w"": 124.18765429216072, ""endpoints"": {""P1"": {""energy_j"": 269.43310526013374, ""clock_match_fraction"": 1.0, ""mean_power_w"": 67.65965370572104, ""samples"": 38}, ""D1"": {""energy_j"": 225.1048283278942, ""clock_match_fraction"": 1.0, ""mean_power_w"": 56.52800058643968, ""samples"": 36}}}",124.1448511966639,64,1200,production,production-00087,87,0.0,1788696305.7795055,True,1,57.73735914327618,341.03037999011576,2,37,prefill_medium
,,345.3257083892822,1125,3.9873669147491455,1788696318.8167841,"{""P1"": {""energy_j"": 271.3661857545376, ""clock_match_fraction"": null, ""mean_power_w"": 68.05648729008674, ""samples"": 38}, ""D1"": {""energy_j"": 221.8509248904884, ""clock_match_fraction"": null, ""mean_power_w"": 55.63845255119833, ""samples"": 36}}",493.21711064502597,False,table,"{""start"": 1788696314.8327887, ""end"": 1788696318.8167841, ""duration_s"": 3.9839954376220703, ""energy_j"": 492.96203258261085, ""mean_power_w"": 123.73559164436327, ""endpoints"": {""P1"": {""energy_j"": 271.17663607001305, ""clock_match_fraction"": 1.0, ""mean_power_w"": 68.06650266443839, ""samples"": 38}, ""D1"": {""energy_j"": 221.7853965125978, ""clock_match_fraction"": 1.0, ""mean_power_w"": 55.66908897992488, ""samples"": 36}}}",123.69493984128506,64,1200,production,production-00088,88,0.0,1788696314.8294172,True,1,57.733933777651856,341.94863692391664,2,38,prefill_medium
,,348.346471786499,1125,3.9908158779144287,1788696327.8716347,"{""P1"": {""energy_j"": 271.61158046126366, ""clock_match_fraction"": null, ""mean_power_w"": 68.05916102629267, ""samples"": 38}, ""D1"": {""energy_j"": 226.22003918513656, ""clock_match_fraction"": null, ""mean_power_w"": 56.68516065525867, ""samples"": 36}}",497.8316196464002,False,table,"{""start"": 1788696323.8856251, ""end"": 1788696327.8716347, ""duration_s"": 3.9860095977783203, ""energy_j"": 497.46715807169676, ""mean_power_w"": 124.80330161497095, ""endpoints"": {""P1"": {""energy_j"": 271.34202539920807, ""clock_match_fraction"": 1.0, ""mean_power_w"": 68.07360061311589, ""samples"": 38}, ""D1"": {""energy_j"": 226.1251326724887, ""clock_match_fraction"": 1.0, ""mean_power_w"": 56.72970100185507, ""samples"": 36}}}",124.74432168155134,64,1200,production,production-00089,89,0.0,1788696323.8808188,True,1,57.73973209591257,343.5370509978384,2,39,prefill_medium
,,341.08829498291016,1125,3.9827888011932373,1788696337.0179777,"{""P1"": {""energy_j"": 265.8847822844982, ""clock_match_fraction"": null, ""mean_power_w"": 66.7584437831199, ""samples"": 38}, ""D1"": {""energy_j"": 221.42459250986576, ""clock_match_fraction"": null, ""mean_power_w"": 55.595363842423005, ""samples"": 36}}",487.309374794364,False,table,"{""start"": 1788696333.0393994, ""end"": 1788696337.0179777, ""duration_s"": 3.9785783290863037, ""energy_j"": 486.8188656195998, ""mean_power_w"": 122.36000534678419, ""endpoints"": {""P1"": {""energy_j"": 265.56096851825714, ""clock_match_fraction"": 1.0, ""mean_power_w"": 66.74770396671926, ""samples"": 38}, ""D1"": {""energy_j"": 221.25789710134268, ""clock_match_fraction"": 1.0, ""mean_power_w"": 55.612301380064935, ""samples"": 36}}}",122.3538076255429,64,1200,production,production-00090,90,0.0,1788696333.035189,True,1,57.73574707933539,336.873558931984,2,40,prefill_medium
,,342.29469299316406,1125,3.9842751026153564,1788696346.1168277,"{""P1"": {""energy_j"": 272.6223423779011, ""clock_match_fraction"": null, ""mean_power_w"": 68.42457796123225, ""samples"": 39}, ""D1"": {""energy_j"": 224.67112734913826, ""clock_match_fraction"": null, ""mean_power_w"": 56.389461461047134, ""samples"": 36}}",497.29346972703934,False,table,"{""start"": 1788696342.1361418, ""end"": 1788696346.1168277, ""duration_s"": 3.9806859493255615, ""energy_j"": 497.02142076939344, ""mean_power_w"": 124.8582347606705, ""endpoints"": {""P1"": {""energy_j"": 272.42097422480583, ""clock_match_fraction"": 1.0, ""mean_power_w"": 68.43568613368294, ""samples"": 39}, ""D1"": {""energy_j"": 224.6004465445876, ""clock_match_fraction"": 1.0, ""mean_power_w"": 56.422548626987556, ""samples"": 36}}}",124.81403942227938,64,1200,production,production-00091,91,0.0,1788696342.1325526,True,1,57.738972983012594,338.7009360594675,2,41,prefill_medium
,,342.92054176330566,1125,3.9837400913238525,1788696355.2150686,"{""P1"": {""energy_j"": 270.6611591875553, ""clock_match_fraction"": null, ""mean_power_w"": 67.94147032258091, ""samples"": 38}, ""D1"": {""energy_j"": 225.01692489907146, ""clock_match_fraction"": null, ""mean_power_w"": 56.48383673150102, ""samples"": 36}}",495.67808408662677,False,table,"{""start"": 1788696351.2350945, ""end"": 1788696355.2150686, ""duration_s"": 3.9799740314483643, ""energy_j"": 495.39128229767084, ""mean_power_w"": 124.47098357508416, ""endpoints"": {""P1"": {""energy_j"": 270.44827473163605, ""clock_match_fraction"": 1.0, ""mean_power_w"": 67.95227119439681, ""samples"": 38}, ""D1"": {""energy_j"": 224.9430075660348, ""clock_match_fraction"": 1.0, ""mean_power_w"": 56.51871238068735, ""samples"": 36}}}",124.42530705408194,64,1200,production,production-00092,92,0.0,1788696351.2313285,True,1,57.73620976186875,339.1505170147866,2,42,prefill_medium
,,343.98627281188965,1125,3.9856436252593994,1788696364.3150475,"{""P1"": {""energy_j"": 265.0818974673748, ""clock_match_fraction"": null, ""mean_power_w"": 66.50918205215157, ""samples"": 38}, ""D1"": {""energy_j"": 223.2476024441421, ""clock_match_fraction"": null, ""mean_power_w"": 56.01293628694973, ""samples"": 35}}",488.3294999115169,False,table,"{""start"": 1788696360.3333726, ""end"": 1788696364.3150475, ""duration_s"": 3.981674909591675, ""energy_j"": 487.94520638510585, ""mean_power_w"": 122.54772613647285, ""endpoints"": {""P1"": {""energy_j"": 264.77600514888763, ""clock_match_fraction"": 1.0, ""mean_power_w"": 66.49864972930216, ""samples"": 38}, ""D1"": {""energy_j"": 223.1692012362182, ""clock_match_fraction"": 1.0, ""mean_power_w"": 56.04907640717069, ""samples"": 35}}}",122.52211833910131,64,1200,production,production-00093,93,0.0,1788696360.3294039,True,1,57.73619917546591,340.0117459241301,2,43,prefill_medium
,,340.5742645263672,1125,3.9818575382232666,1788696373.4122846,"{""P1"": {""energy_j"": 272.35734510421753, ""clock_match_fraction"": null, ""mean_power_w"": 68.3995704240452, ""samples"": 38}, ""D1"": {""energy_j"": 222.93262203782797, ""clock_match_fraction"": null, ""mean_power_w"": 55.98709142600368, ""samples"": 36}}",495.2899671420455,False,table,"{""start"": 1788696369.433915, ""end"": 1788696373.4122846, ""duration_s"": 3.97836971282959, ""energy_j"": 494.9556894004345, ""mean_power_w"": 124.4116874820064, ""endpoints"": {""P1"": {""energy_j"": 272.0917320549488, ""clock_match_fraction"": 1.0, ""mean_power_w"": 68.3927718375438, ""samples"": 38}, ""D1"": {""energy_j"": 222.8639573454857, ""clock_match_fraction"": 1.0, ""mean_power_w"": 56.0189156444626, ""samples"": 36}}}",124.38666185004887,64,1200,production,production-00094,94,0.0,1788696369.430427,True,1,57.734076159134034,337.08153502084315,2,44,prefill_medium
,,342.37194061279297,1125,3.985948324203491,1788696382.5634754,"{""P1"": {""energy_j"": 271.86510160565376, ""clock_match_fraction"": null, ""mean_power_w"": 68.20587711958869, ""samples"": 38}, ""D1"": {""energy_j"": 223.7129443101585, ""clock_match_fraction"": null, ""mean_power_w"": 56.125400058934, ""samples"": 35}}",495.57804591581225,False,table,"{""start"": 1788696378.5813084, ""end"": 1788696382.5634754, ""duration_s"": 3.9821670055389404, ""energy_j"": 495.28901582211256, ""mean_power_w"": 124.37675645777716, ""endpoints"": {""P1"": {""energy_j"": 271.6508973836899, ""clock_match_fraction"": 1.0, ""mean_power_w"": 68.21685203203201, ""samples"": 38}, ""D1"": {""energy_j"": 223.63811843842268, ""clock_match_fraction"": 1.0, ""mean_power_w"": 56.159904425745154, ""samples"": 35}}}",124.33127717852268,64,1200,production,production-00095,95,0.0,1788696378.577527,True,1,57.74210385667781,338.5849631158635,2,45,prefill_medium
,,349.64489936828613,1125,3.992233991622925,1788696391.6721592,"{""P1"": {""energy_j"": 271.36678582429886, ""clock_match_fraction"": null, ""mean_power_w"": 67.97366747383029, ""samples"": 38}, ""D1"": {""energy_j"": 224.21574933454394, ""clock_match_fraction"": null, ""mean_power_w"": 56.16297787279639, ""samples"": 35}}",495.5825351588428,False,table,"{""start"": 1788696387.6857522, ""end"": 1788696391.6721592, ""duration_s"": 3.9864070415496826, ""energy_j"": 494.55638133361936, ""mean_power_w"": 124.06068326162816, ""endpoints"": {""P1"": {""energy_j"": 270.45574510097504, ""clock_match_fraction"": 1.0, ""mean_power_w"": 67.84448810220785, ""samples"": 38}, ""D1"": {""energy_j"": 224.10063623264432, ""clock_match_fraction"": 1.0, ""mean_power_w"": 56.216195159420316, ""samples"": 35}}}",124.13664534662668,64,1200,production,production-00096,96,0.0,1788696387.6799252,True,1,57.733731667718125,343.81245798431337,2,46,prefill_medium
,,346.4066982269287,1125,3.9886763095855713,1788696400.8268971,"{""P1"": {""energy_j"": 272.17188903689384, ""clock_match_fraction"": null, ""mean_power_w"": 68.23614350024128, ""samples"": 38}, ""D1"": {""energy_j"": 224.93546683341265, ""clock_match_fraction"": null, ""mean_power_w"": 56.393512377238686, ""samples"": 36}}",497.1073558703065,False,table,"{""start"": 1788696396.8420396, ""end"": 1788696400.8268971, ""duration_s"": 3.9848575592041016, ""energy_j"": 496.8118090890348, ""mean_power_w"": 124.6749229320667, ""endpoints"": {""P1"": {""energy_j"": 271.9509873390198, ""clock_match_fraction"": 1.0, ""mean_power_w"": 68.24609996682962, ""samples"": 38}, ""D1"": {""energy_j"": 224.86082175001502, ""clock_match_fraction"": 1.0, ""mean_power_w"": 56.42882296523709, ""samples"": 36}}}",124.62965587747996,64,1200,production,production-00097,97,0.0,1788696396.8382208,True,1,57.73256633371588,342.583280056715,2,47,prefill_medium
,,344.6207046508789,1125,3.9865150451660156,1788696409.928467,"{""P1"": {""energy_j"": 272.02631399035454, ""clock_match_fraction"": null, ""mean_power_w"": 68.23662043373179, ""samples"": 39}, ""D1"": {""energy_j"": 222.62006898224354, ""clock_match_fraction"": null, ""mean_power_w"": 55.84327826686345, ""samples"": 36}}",494.6463829725981,False,table,"{""start"": 1788696405.9462502, ""end"": 1788696409.928467, ""duration_s"": 3.9822168350219727, ""energy_j"": 494.22936756536365, ""mean_power_w"": 124.10910506399802, ""endpoints"": {""P1"": {""energy_j"": 271.7798630595207, ""clock_match_fraction"": 1.0, ""mean_power_w"": 68.24838383217299, ""samples"": 38}, ""D1"": {""energy_j"": 222.44950450584292, ""clock_match_fraction"": 1.0, ""mean_power_w"": 55.86072123182502, ""samples"": 36}}}",124.07989870059524,64,1200,production,production-00098,98,0.0,1788696405.941952,True,1,57.73428696880324,340.319468989037,2,48,prefill_medium
,,348.63829612731934,1125,3.9907689094543457,1788696419.085124,"{""P1"": {""energy_j"": 269.1887840926647, ""clock_match_fraction"": null, ""mean_power_w"": 67.45286189208852, ""samples"": 38}, ""D1"": {""energy_j"": 223.69783567637205, ""clock_match_fraction"": null, ""mean_power_w"": 56.0538183873338, ""samples"": 35}}",492.88661976903677,False,table,"{""start"": 1788696415.1006498, ""end"": 1788696419.085124, ""duration_s"": 3.9844741821289062, ""energy_j"": 491.89183105155826, ""mean_power_w"": 123.45213159060809, ""endpoints"": {""P1"": {""energy_j"": 268.3173218667507, ""clock_match_fraction"": 1.0, ""mean_power_w"": 67.34071036780784, ""samples"": 38}, ""D1"": {""energy_j"": 223.57450918480754, ""clock_match_fraction"": 1.0, ""mean_power_w"": 56.11142122280024, ""samples"": 35}}}",123.50668027942233,64,1200,production,production-00099,99,0.0,1788696415.094355,True,1,57.726827603469175,342.34075294807553,2,49,prefill_medium
,,346.45557403564453,1125,3.9876604080200195,1788696428.1950755,"{""P1"": {""energy_j"": 272.4728329181671, ""clock_match_fraction"": null, ""mean_power_w"": 68.32899621295917, ""samples"": 39}, ""D1"": {""energy_j"": 224.43577713146806, ""clock_match_fraction"": null, ""mean_power_w"": 56.282570271049345, ""samples"": 36}}",496.9086100496352,False,table,"{""start"": 1788696424.2126198, ""end"": 1788696428.1950755, ""duration_s"": 3.9824557304382324, ""energy_j"": 496.44920632243156, ""mean_power_w"": 124.65906463894375, ""endpoints"": {""P1"": {""energy_j"": 272.1152383387089, ""clock_match_fraction"": 1.0, ""mean_power_w"": 68.32850300353876, ""samples"": 38}, ""D1"": {""energy_j"": 224.3339679837227, ""clock_match_fraction"": 1.0, ""mean_power_w"": 56.330561635405, ""samples"": 36}}}",124.6115664840085,64,1200,production,production-00100,100,0.0,1788696424.207415,True,1,57.72989168245759,341.24721598345786,2,50,prefill_medium
,,346.0688591003418,1125,3.987910032272339,1788696437.2989166,"{""P1"": {""energy_j"": 271.58038157224655, ""clock_match_fraction"": null, ""mean_power_w"": 68.10092990425318, ""samples"": 39}, ""D1"": {""energy_j"": 223.9293980114162, ""clock_match_fraction"": null, ""mean_power_w"": 56.15206867739182, ""samples"": 36}}",495.50977958366275,False,table,"{""start"": 1788696433.3157861, ""end"": 1788696437.2989166, ""duration_s"": 3.98313045501709, ""energy_j"": 495.14594285935163, ""mean_power_w"": 124.31075217124095, ""endpoints"": {""P1"": {""energy_j"": 271.3103111088276, ""clock_match_fraction"": 1.0, ""mean_power_w"": 68.11484438504627, ""samples"": 39}, ""D1"": {""energy_j"": 223.83563175052404, ""clock_match_fraction"": 1.0, ""mean_power_w"": 56.19590778619468, ""samples"": 36}}}",124.25299858164499,64,1200,production,production-00101,101,0.0,1788696433.3110065,True,1,57.72780101665015,341.28427400719374,2,51,prefill_medium
,,348.9079475402832,1125,3.990955114364624,1788696446.4556959,"{""P1"": {""energy_j"": 271.2738942503929, ""clock_match_fraction"": null, ""mean_power_w"": 67.97217369696747, ""samples"": 38}, ""D1"": {""energy_j"": 224.4211118258536, ""clock_match_fraction"": null, ""mean_power_w"": 56.232431935427144, ""samples"": 36}}",495.6950060762465,False,table,"{""start"": 1788696442.4700513, ""end"": 1788696446.4556959, ""duration_s"": 3.985644578933716, ""energy_j"": 494.70652014389634, ""mean_power_w"": 124.12208623887024, ""endpoints"": {""P1"": {""energy_j"": 270.39024475216866, ""clock_match_fraction"": 1.0, ""mean_power_w"": 67.84103283602535, ""samples"": 38}, ""D1"": {""energy_j"": 224.3162753917277, ""clock_match_fraction"": 1.0, ""mean_power_w"": 56.28105340284489, ""samples"": 36}}}",124.20460563239462,64,1200,production,production-00102,102,0.0,1788696442.4647408,True,1,57.72547615832457,343.59071101062,2,52,prefill_medium
,,350.5997657775879,1125,3.992110013961792,1788696455.613605,"{""P1"": {""energy_j"": 265.2993600666523, ""clock_match_fraction"": null, ""mean_power_w"": 66.45592409497948, ""samples"": 38}, ""D1"": {""energy_j"": 225.0446320734918, ""clock_match_fraction"": null, ""mean_power_w"": 56.372352286493296, ""samples"": 35}}",490.3439921401441,False,table,"{""start"": 1788696451.6278107, ""end"": 1788696455.613605, ""duration_s"": 3.9857943058013916, ""energy_j"": 489.85379826277494, ""mean_power_w"": 122.89991923310853, ""endpoints"": {""P1"": {""energy_j"": 264.9354567229748, ""clock_match_fraction"": 1.0, ""mean_power_w"": 66.46992704499495, ""samples"": 38}, ""D1"": {""energy_j"": 224.91834153980017, ""clock_match_fraction"": 1.0, ""mean_power_w"": 56.429992188113594, ""samples"": 35}}}",122.82827638147278,64,1200,production,production-00103,103,0.0,1788696451.621495,True,1,57.72979207898653,344.27864803001285,2,53,prefill_medium
,,347.71180152893066,1125,3.9896461963653564,1788696464.6689224,"{""P1"": {""energy_j"": 272.03802013397217, ""clock_match_fraction"": null, ""mean_power_w"": 68.18600115012805, ""samples"": 39}, ""D1"": {""energy_j"": 225.1226889975369, ""clock_match_fraction"": null, ""mean_power_w"": 56.426730070106956, ""samples"": 36}}",497.16070913150907,False,table,"{""start"": 1788696460.683967, ""end"": 1788696464.6689224, ""duration_s"": 3.984955310821533, ""energy_j"": 496.8048983775079, ""mean_power_w"": 124.6701304349351, ""endpoints"": {""P1"": {""energy_j"": 271.7751016020775, ""clock_match_fraction"": 1.0, ""mean_power_w"": 68.20028843586923, ""samples"": 39}, ""D1"": {""energy_j"": 225.02979677543044, ""clock_match_fraction"": 1.0, ""mean_power_w"": 56.46984199906588, ""samples"": 36}}}",124.612731220235,64,1200,production,production-00104,104,0.0,1788696460.6792762,True,1,57.7303105558727,343.0152189685032,2,54,prefill_medium
prefill_heavy,,3174.21293258667,1500,6.838195562362671,1788696476.6773815,"{""P1"": {""energy_j"": 576.3671347498894, ""clock_match_fraction"": null, ""mean_power_w"": 84.28643631109436, ""samples"": 64}, ""D1"": {""energy_j"": 323.3161567822099, ""clock_match_fraction"": null, ""mean_power_w"": 47.28091699537482, ""samples"": 62}}",899.6832915320992,True,safe_high,"{""start"": 1788696472.5301664, ""end"": 1788696476.6773815, ""duration_s"": 4.147215127944946, ""energy_j"": 631.7717650867999, ""mean_power_w"": 152.33638612807127, ""endpoints"": {""P1"": {""energy_j"": 370.1312715411186, ""clock_match_fraction"": 1.0, ""mean_power_w"": 89.24814848573538, ""samples"": 40}, ""D1"": {""energy_j"": 261.64049354568124, ""clock_match_fraction"": 1.0, ""mean_power_w"": 63.0882376423359, ""samples"": 37}}}",131.5673533064692,64,2520,production,production-00105,105,0.5,1788696469.839186,False,0,58.08231042742374,483.23101201094687,3,1,prefill_heavy
prefill_heavy,prefill_heavy,474.97010231018066,1500,4.138351917266846,1788696485.93046,"{""P1"": {""energy_j"": 370.28553462028503, ""clock_match_fraction"": null, ""mean_power_w"": 89.47656990583785, ""samples"": 39}, ""D1"": {""energy_j"": 258.457260068506, ""clock_match_fraction"": null, ""mean_power_w"": 62.45415209618104, ""samples"": 37}}",628.742794688791,False,safe_high,"{""start"": 1788696481.7959597, ""end"": 1788696485.93046, ""duration_s"": 4.13450026512146, ""energy_j"": 628.3062422685325, ""mean_power_w"": 151.9666711764196, ""endpoints"": {""P1"": {""energy_j"": 369.9290729165077, ""clock_match_fraction"": 1.0, ""mean_power_w"": 89.47370883906335, ""samples"": 39}, ""D1"": {""energy_j"": 258.3771693520248, ""clock_match_fraction"": 1.0, ""mean_power_w"": 62.49296233735624, ""samples"": 37}}}",151.93072200201888,64,2520,production,production-00106,106,0.0,1788696481.792108,False,0,58.08001909486299,471.11206699628383,3,2,prefill_heavy
prefill_heavy,prefill_heavy,470.4599380493164,1500,4.134158134460449,1788696495.1257746,"{""P1"": {""energy_j"": 374.98345926404, ""clock_match_fraction"": null, ""mean_power_w"": 90.70370485791281, ""samples"": 39}, ""D1"": {""energy_j"": 262.3809986114502, ""clock_match_fraction"": null, ""mean_power_w"": 63.46660918080572, ""samples"": 37}}",637.3644578754902,False,safe_high,"{""start"": 1788696490.9947584, ""end"": 1788696495.1257746, ""duration_s"": 4.131016254425049, ""energy_j"": 637.0125780589879, ""mean_power_w"": 154.20238963636, ""endpoints"": {""P1"": {""energy_j"": 374.69673469662666, ""clock_match_fraction"": 1.0, ""mean_power_w"": 90.70328258700512, ""samples"": 39}, ""D1"": {""energy_j"": 262.3158433623612, ""clock_match_fraction"": 1.0, ""mean_power_w"": 63.499107049354876, ""samples"": 37}}}",154.17031403871852,64,2520,production,production-00107,107,0.0,1788696490.9916165,False,0,58.08512252452414,467.31350501067936,3,3,prefill_heavy
prefill_heavy,prefill_heavy,472.24998474121094,1500,4.135801792144775,1788696504.373809,"{""P1"": {""energy_j"": 374.9116146862507, ""clock_match_fraction"": null, ""mean_power_w"": 90.65028585226909, ""samples"": 39}, ""D1"": {""energy_j"": 261.6769170425832, ""clock_match_fraction"": null, ""mean_power_w"": 63.2711455223972, ""samples"": 37}}",636.5885317288339,False,safe_high,"{""start"": 1788696500.2411675, ""end"": 1788696504.373809, ""duration_s"": 4.132641553878784, ""energy_j"": 636.3000777438283, ""mean_power_w"": 153.96933642759666, ""endpoints"": {""P1"": {""energy_j"": 374.6859546303749, ""clock_match_fraction"": 1.0, ""mean_power_w"": 90.6650019716094, ""samples"": 39}, ""D1"": {""energy_j"": 261.6141231134534, ""clock_match_fraction"": 1.0, ""mean_power_w"": 63.304334455987245, ""samples"": 37}}}",153.9214313746663,64,2520,production,production-00108,108,0.0,1788696500.2380073,False,0,58.08338380995251,469.0851420164108,3,4,prefill_heavy
prefill_heavy,prefill_heavy,486.9351387023926,1500,4.166829347610474,1788696513.6547735,"{""P1"": {""energy_j"": 379.3028086721897, ""clock_match_fraction"": null, ""mean_power_w"": 91.0291199925685, ""samples"": 40}, ""D1"": {""energy_j"": 259.6949834525585, ""clock_match_fraction"": null, ""mean_power_w"": 62.32436267194005, ""samples"": 37}}",638.9977921247482,False,safe_high,"{""start"": 1788696509.4923437, ""end"": 1788696513.6547735, ""duration_s"": 4.1624298095703125, ""energy_j"": 638.5030993260443, ""mean_power_w"": 153.3967246385728, ""endpoints"": {""P1"": {""energy_j"": 378.98533660173416, ""clock_match_fraction"": 1.0, ""mean_power_w"": 91.04906363354553, ""samples"": 40}, ""D1"": {""energy_j"": 259.51776272431016, ""clock_match_fraction"": 1.0, ""mean_power_w"": 62.34766100502729, ""samples"": 36}}}",153.35348266450856,64,2520,production,production-00109,109,0.0,1788696509.4879441,False,0,58.33702372934019,482.5312780449167,3,5,prefill_heavy
prefill_heavy,prefill_heavy,476.60088539123535,1500,4.139009952545166,1788696522.9577541,"{""P1"": {""energy_j"": 371.5921455323696, ""clock_match_fraction"": null, ""mean_power_w"": 89.77802657948905, ""samples"": 40}, ""D1"": {""energy_j"": 259.68849309161305, ""clock_match_fraction"": null, ""mean_power_w"": 62.741693320144115, ""samples"": 37}}",631.2806386239827,False,safe_high,"{""start"": 1788696518.8226733, ""end"": 1788696522.9577541, ""duration_s"": 4.135080814361572, ""energy_j"": 630.909316137433, ""mean_power_w"": 152.57484544104153, ""endpoints"": {""P1"": {""energy_j"": 371.30820366740227, ""clock_match_fraction"": 1.0, ""mean_power_w"": 89.79466673971876, ""samples"": 40}, ""D1"": {""energy_j"": 259.6011124700308, ""clock_match_fraction"": 1.0, ""mean_power_w"": 62.78017870132277, ""samples"": 37}}}",152.51971989963317,64,2520,production,production-00110,110,0.0,1788696518.8187442,False,0,58.07484892041733,472.67583396751434,3,6,prefill_heavy
prefill_heavy,prefill_heavy,478.55591773986816,1500,4.141284227371216,1788696532.261107,"{""P1"": {""energy_j"": 373.59731489419937, ""clock_match_fraction"": null, ""mean_power_w"": 90.21291328543988, ""samples"": 40}, ""D1"": {""energy_j"": 257.91746187210083, ""clock_match_fraction"": null, ""mean_power_w"": 62.27958471612088, ""samples"": 37}}",631.5147767663002,False,safe_high,"{""start"": 1788696528.1233385, ""end"": 1788696532.261107, ""duration_s"": 4.137768507003784, ""energy_j"": 631.1851933412254, ""mean_power_w"": 152.54241320481106, ""endpoints"": {""P1"": {""energy_j"": 373.3449432849884, ""clock_match_fraction"": 1.0, ""mean_power_w"": 90.22857191093387, ""samples"": 40}, ""D1"": {""energy_j"": 257.840250056237, ""clock_match_fraction"": 1.0, ""mean_power_w"": 62.31384129387719, ""samples"": 37}}}",152.49249800156076,64,2520,production,production-00111,111,0.0,1788696528.1198227,False,0,58.07655031741079,475.0339509919286,3,7,prefill_heavy
prefill_heavy,prefill_heavy,474.29347038269043,1500,4.137770414352417,1788696541.5117984,"{""P1"": {""energy_j"": 369.98182556033134, ""clock_match_fraction"": null, ""mean_power_w"": 89.41574531950813, ""samples"": 39}, ""D1"": {""energy_j"": 262.24925211817026, ""clock_match_fraction"": null, ""mean_power_w"": 63.37936276225554, ""samples"": 36}}",632.2310776785016,False,safe_high,"{""start"": 1788696537.3787205, ""end"": 1788696541.5117984, ""duration_s"": 4.13307785987854, ""energy_j"": 631.6925264745951, ""mean_power_w"": 152.83828369329552, ""endpoints"": {""P1"": {""energy_j"": 369.537942558527, ""clock_match_fraction"": 1.0, ""mean_power_w"": 89.40986719504643, ""samples"": 39}, ""D1"": {""energy_j"": 262.1545839160681, ""clock_match_fraction"": 1.0, ""mean_power_w"": 63.4284164982491, ""samples"": 36}}}",152.79510808176366,64,2520,production,production-00112,112,0.0,1788696537.374028,False,0,58.08288025455401,469.5966730359942,3,8,prefill_heavy
prefill_heavy,prefill_heavy,471.1415767669678,1500,4.133226156234741,1788696550.8089638,"{""P1"": {""energy_j"": 376.9929168224335, ""clock_match_fraction"": null, ""mean_power_w"": 91.21032882600936, ""samples"": 39}, ""D1"": {""energy_j"": 260.1505570150912, ""clock_match_fraction"": null, ""mean_power_w"": 62.94128295464031, ""samples"": 37}}",637.1434738375247,False,safe_high,"{""start"": 1788696546.6795464, ""end"": 1788696550.8089638, ""duration_s"": 4.129417419433594, ""energy_j"": 636.7284100241959, ""mean_power_w"": 154.19327845803778, ""endpoints"": {""P1"": {""energy_j"": 376.65720731019974, ""clock_match_fraction"": 1.0, ""mean_power_w"": 91.21315891621909, ""samples"": 39}, ""D1"": {""energy_j"": 260.0712027139962, ""clock_match_fraction"": 1.0, ""mean_power_w"": 62.98011954181869, ""samples"": 37}}}",154.15161178064966,64,2520,production,production-00113,113,0.0,1788696546.6757376,False,0,58.06884182513588,467.3282370204106,3,9,prefill_heavy
prefill_heavy,prefill_heavy,472.7511405944824,1500,4.136046886444092,1788696560.0068188,"{""P1"": {""energy_j"": 375.4645053446293, ""clock_match_fraction"": null, ""mean_power_w"": 90.77859019809846, ""samples"": 39}, ""D1"": {""energy_j"": 257.70742068067193, ""clock_match_fraction"": null, ""mean_power_w"": 62.30766423981046, ""samples"": 37}}",633.1719260253012,False,safe_high,"{""start"": 1788696555.874628, ""end"": 1788696560.0068188, ""duration_s"": 4.132190704345703, ""energy_j"": 632.7367353364825, ""mean_power_w"": 153.12379815168066, ""endpoints"": {""P1"": {""energy_j"": 375.10678592324257, ""clock_match_fraction"": 1.0, ""mean_power_w"": 90.77673630327705, ""samples"": 39}, ""D1"": {""energy_j"": 257.62994941323996, ""clock_match_fraction"": 1.0, ""mean_power_w"": 62.34706184840359, ""samples"": 37}}}",153.0862544379089,64,2520,production,production-00114,114,0.0,1788696555.870772,False,0,58.078940015374904,468.89029792509973,3,10,prefill_heavy
prefill_heavy,prefill_heavy,476.0916233062744,1500,4.139822483062744,1788696569.2599702,"{""P1"": {""energy_j"": 380.7123017311096, ""clock_match_fraction"": null, ""mean_power_w"": 91.96343642480272, ""samples"": 40}, ""D1"": {""energy_j"": 262.822509996593, ""clock_match_fraction"": null, ""mean_power_w"": 63.48642026847256, ""samples"": 36}}",643.5348117277026,False,safe_high,"{""start"": 1788696565.1240394, ""end"": 1788696569.2599702, ""duration_s"": 4.135930776596069, ""energy_j"": 643.1753702573478, ""mean_power_w"": 155.50922029374254, ""endpoints"": {""P1"": {""energy_j"": 380.4326482117176, ""clock_match_fraction"": 1.0, ""mean_power_w"": 91.98235385477587, ""samples"": 40}, ""D1"": {""energy_j"": 262.7427220456302, ""clock_match_fraction"": 1.0, ""mean_power_w"": 63.52686643896668, ""samples"": 36}}}",155.44985669327528,64,2520,production,production-00115,115,0.0,1788696565.1201477,False,0,58.08111776169094,472.1970349783078,3,11,prefill_heavy
prefill_heavy,prefill_heavy,471.41575813293457,1500,4.134584426879883,1788696578.5082424,"{""P1"": {""energy_j"": 379.00704312324524, ""clock_match_fraction"": null, ""mean_power_w"": 91.66750608821371, ""samples"": 40}, ""D1"": {""energy_j"": 262.14338314160705, ""clock_match_fraction"": null, ""mean_power_w"": 63.402595297692486, ""samples"": 37}}",641.1504262648523,False,safe_high,"{""start"": 1788696574.3776946, ""end"": 1788696578.5082424, ""duration_s"": 4.130547761917114, ""energy_j"": 640.7748068869114, ""mean_power_w"": 155.13070997380456, ""endpoints"": {""P1"": {""energy_j"": 378.7156930267811, ""clock_match_fraction"": 1.0, ""mean_power_w"": 91.68655463047048, ""samples"": 40}, ""D1"": {""energy_j"": 262.0591138601303, ""clock_match_fraction"": 1.0, ""mean_power_w"": 63.44415534333408, ""samples"": 37}}}",155.07010138590618,64,2520,production,production-00116,116,0.0,1788696574.373658,False,0,58.082934363656456,467.3759990837425,3,12,prefill_heavy
prefill_heavy,prefill_heavy,480.6077480316162,1500,4.151100158691406,1788696587.772458,"{""P1"": {""energy_j"": 379.44628179073334, ""clock_match_fraction"": null, ""mean_power_w"": 91.40860670303606, ""samples"": 40}, ""D1"": {""energy_j"": 263.4801878705621, ""clock_match_fraction"": null, ""mean_power_w"": 63.47237546627196, ""samples"": 37}}",642.9264696612954,False,safe_high,"{""start"": 1788696583.625081, ""end"": 1788696587.772458, ""duration_s"": 4.147377014160156, ""energy_j"": 642.5772530995309, ""mean_power_w"": 154.93581868868336, ""endpoints"": {""P1"": {""energy_j"": 379.17831456661224, ""clock_match_fraction"": 1.0, ""mean_power_w"": 91.42605393047342, ""samples"": 40}, ""D1"": {""energy_j"": 263.3989385329187, ""clock_match_fraction"": 1.0, ""mean_power_w"": 63.50976475820995, ""samples"": 37}}}",154.88098216930803,64,2520,production,production-00117,117,0.0,1788696583.621358,False,0,58.19234591982667,476.8802950857207,3,13,prefill_heavy
prefill_heavy,prefill_heavy,474.23505783081055,1500,4.13709831237793,1788696597.024285,"{""P1"": {""energy_j"": 381.48157754540443, ""clock_match_fraction"": null, ""mean_power_w"": 92.20993767637484, ""samples"": 39}, ""D1"": {""energy_j"": 259.5149875357747, ""clock_match_fraction"": null, ""mean_power_w"": 62.72874559430282, ""samples"": 37}}",640.9965650811791,False,safe_high,"{""start"": 1788696592.8905323, ""end"": 1788696597.024285, ""duration_s"": 4.133752822875977, ""energy_j"": 640.6755548939109, ""mean_power_w"": 154.98642089784497, ""endpoints"": {""P1"": {""energy_j"": 381.2344745993614, ""clock_match_fraction"": 1.0, ""mean_power_w"": 92.22478724166315, ""samples"": 39}, ""D1"": {""energy_j"": 259.44108029454947, ""clock_match_fraction"": 1.0, ""mean_power_w"": 62.761633656181814, ""samples"": 37}}}",154.93868327067767,64,2520,production,production-00118,118,0.0,1788696592.8871868,False,0,58.07105920624934,470.88413999881595,3,14,prefill_heavy
prefill_heavy,prefill_heavy,478.191614151001,1500,4.1404643058776855,1788696606.332906,"{""P1"": {""energy_j"": 379.26423817873, ""clock_match_fraction"": null, ""mean_power_w"": 91.59944638101028, ""samples"": 39}, ""D1"": {""energy_j"": 258.2174804098904, ""clock_match_fraction"": null, ""mean_power_w"": 62.36437784123201, ""samples"": 36}}",637.4817185886204,False,safe_high,"{""start"": 1788696602.1967144, ""end"": 1788696606.332906, ""duration_s"": 4.1361916065216064, ""energy_j"": 637.0800486952066, ""mean_power_w"": 154.0257583064361, ""endpoints"": {""P1"": {""energy_j"": 378.9552534222603, ""clock_match_fraction"": 1.0, ""mean_power_w"": 91.61936618815116, ""samples"": 39}, ""D1"": {""energy_j"": 258.12479527294636, ""clock_match_fraction"": 1.0, ""mean_power_w"": 62.406392118284955, ""samples"": 36}}}",153.9638242222423,64,2520,production,production-00119,119,0.0,1788696602.1924417,False,0,58.06706961806095,473.91467599663883,3,15,prefill_heavy
prefill_heavy,prefill_heavy,465.39855003356934,1500,4.128923654556274,1788696615.5235744,"{""P1"": {""energy_j"": 378.5261270701885, ""clock_match_fraction"": null, ""mean_power_w"": 91.67670771836245, ""samples"": 39}, ""D1"": {""energy_j"": 259.90080063045025, ""clock_match_fraction"": null, ""mean_power_w"": 62.94638079433832, ""samples"": 36}}",638.4269277006388,False,safe_high,"{""start"": 1788696611.3979523, ""end"": 1788696615.5235744, ""duration_s"": 4.125622034072876, ""energy_j"": 638.0544417649508, ""mean_power_w"": 154.65654306074515, ""endpoints"": {""P1"": {""energy_j"": 378.285710722208, ""clock_match_fraction"": 1.0, ""mean_power_w"": 91.69180007232963, ""samples"": 39}, ""D1"": {""energy_j"": 259.76873104274273, ""clock_match_fraction"": 1.0, ""mean_power_w"": 62.96474298841553, ""samples"": 36}}}",154.62308851270078,64,2520,production,production-00120,120,0.0,1788696611.3946507,False,0,58.08600250794183,462.09318609908223,3,16,prefill_heavy
prefill_heavy,prefill_heavy,482.58376121520996,1500,4.147980451583862,1788696624.735053,"{""P1"": {""energy_j"": 378.6633844077587, ""clock_match_fraction"": null, ""mean_power_w"": 91.28861353798573, ""samples"": 39}, ""D1"": {""energy_j"": 262.3880109973252, ""clock_match_fraction"": null, ""mean_power_w"": 63.25680992472737, ""samples"": 37}}",641.0513954050839,False,safe_high,"{""start"": 1788696620.5907772, ""end"": 1788696624.735053, ""duration_s"": 4.144275903701782, ""energy_j"": 640.7055600434542, ""mean_power_w"": 154.60012193472886, ""endpoints"": {""P1"": {""energy_j"": 378.3979424238205, ""clock_match_fraction"": 1.0, ""mean_power_w"": 91.3061657130079, ""samples"": 39}, ""D1"": {""energy_j"": 262.3076176196337, ""clock_match_fraction"": 1.0, ""mean_power_w"": 63.29395622172096, ""samples"": 37}}}",154.5454234627131,64,2520,production,production-00121,121,0.0,1788696620.5870726,False,0,58.136298459777166,478.8744340185076,3,17,prefill_heavy
,prefill_heavy,470.6540107727051,1500,4.134411811828613,1788696633.9938204,"{""P1"": {""energy_j"": 373.66031432151794, ""clock_match_fraction"": null, ""mean_power_w"": 90.37810729266742, ""samples"": 40}, ""D1"": {""energy_j"": 259.58562279492617, ""clock_match_fraction"": null, ""mean_power_w"": 62.786590840382146, ""samples"": 37}}",633.2459371164441,False,safe_high,"{""start"": 1788696629.863771, ""end"": 1788696633.9938204, ""duration_s"": 4.130049467086792, ""energy_j"": 632.4984668120742, ""mean_power_w"": 153.14549422533162, ""endpoints"": {""P1"": {""energy_j"": 372.99886870384216, ""clock_match_fraction"": 1.0, ""mean_power_w"": 90.31341432502113, ""samples"": 40}, ""D1"": {""energy_j"": 259.499598108232, ""clock_match_fraction"": 1.0, ""mean_power_w"": 62.832079900310475, ""samples"": 37}}}",153.16469813304957,64,2520,production,production-00122,122,0.0,1788696629.8594086,False,0,58.084537062631355,466.2903720745817,3,18,prefill_heavy
,,3136.5091800689697,1350,6.82343053817749,1788696645.934912,"{""P1"": {""energy_j"": 490.21098017692566, ""clock_match_fraction"": null, ""mean_power_w"": 71.84230533807984, ""samples"": 64}, ""D1"": {""energy_j"": 312.1174908056855, ""clock_match_fraction"": null, ""mean_power_w"": 45.74201921736728, ""samples"": 62}}",802.3284709826112,True,table,"{""start"": 1788696641.7500083, ""end"": 1788696645.934912, ""duration_s"": 4.184903621673584, ""energy_j"": 556.8692537210882, ""mean_power_w"": 133.06620750763926, ""endpoints"": {""P1"": {""energy_j"": 306.71857288479805, ""clock_match_fraction"": 1.0, ""mean_power_w"": 73.29166944163418, ""samples"": 40}, ""D1"": {""energy_j"": 250.15068083629012, ""clock_match_fraction"": 1.0, ""mean_power_w"": 59.77453806600507, ""samples"": 38}}}",117.58432455544711,64,1710,production,production-00123,123,0.5,1788696639.1114814,True,1,58.443988619800955,497.97759496141225,3,19,prefill_heavy
,,498.6002445220947,1350,4.183597564697266,1788696655.268391,"{""P1"": {""energy_j"": 312.57789596915245, ""clock_match_fraction"": null, ""mean_power_w"": 74.71509654915178, ""samples"": 40}, ""D1"": {""energy_j"": 251.04559275135398, ""clock_match_fraction"": null, ""mean_power_w"": 60.00710844412211, ""samples"": 39}}",563.6234887205064,False,table,"{""start"": 1788696651.089782, ""end"": 1788696655.268391, ""duration_s"": 4.1786088943481445, ""energy_j"": 563.2286382839084, ""mean_power_w"": 134.78855105241215, ""endpoints"": {""P1"": {""energy_j"": 312.2881827354431, ""clock_match_fraction"": 1.0, ""mean_power_w"": 74.73496338885276, ""samples"": 40}, ""D1"": {""energy_j"": 250.94045554846525, ""clock_match_fraction"": 1.0, ""mean_power_w"": 60.053587663559384, ""samples"": 38}}}",134.7222049932739,64,1710,production,production-00124,124,0.0,1788696651.0847933,True,1,58.42585193680688,493.6061738990247,3,20,prefill_heavy
,,496.92249298095703,1350,4.18233847618103,1788696664.5678082,"{""P1"": {""energy_j"": 312.3732152581215, ""clock_match_fraction"": null, ""mean_power_w"": 74.68865015041901, ""samples"": 40}, ""D1"": {""energy_j"": 250.35736241936684, ""clock_match_fraction"": null, ""mean_power_w"": 59.86061717510074, ""samples"": 38}}",562.7305776774883,False,table,"{""start"": 1788696660.3906317, ""end"": 1788696664.5678082, ""duration_s"": 4.177176475524902, ""energy_j"": 562.3176405467093, ""mean_power_w"": 134.6166827859598, ""endpoints"": {""P1"": {""energy_j"": 312.06954964995384, ""clock_match_fraction"": 1.0, ""mean_power_w"": 74.70825125020347, ""samples"": 40}, ""D1"": {""energy_j"": 250.24809089675546, ""clock_match_fraction"": 1.0, ""mean_power_w"": 59.90843153575631, ""samples"": 38}}}",134.54926732551974,64,1710,production,production-00125,125,0.0,1788696660.3854697,True,1,58.4303221742933,491.7550890240818,3,21,prefill_heavy
,,497.31898307800293,1350,4.1825501918792725,1788696673.8674004,"{""P1"": {""energy_j"": 312.06411531567574, ""clock_match_fraction"": null, ""mean_power_w"": 74.61096723275935, ""samples"": 40}, ""D1"": {""energy_j"": 250.3721254877746, ""clock_match_fraction"": null, ""mean_power_w"": 59.86111678322246, ""samples"": 38}}",562.4362408034503,False,table,"{""start"": 1788696669.6886456, ""end"": 1788696673.8674004, ""duration_s"": 4.178754806518555, ""energy_j"": 562.1349928230047, ""mean_power_w"": 134.52212892369633, ""endpoints"": {""P1"": {""energy_j"": 311.8435146808624, ""clock_match_fraction"": 1.0, ""mean_power_w"": 74.62594220517776, ""samples"": 40}, ""D1"": {""energy_j"": 250.2914781421423, ""clock_match_fraction"": 1.0, ""mean_power_w"": 59.89618671851857, ""samples"": 38}}}",134.4720840159818,64,1710,production,production-00126,126,0.0,1788696669.6848502,True,1,58.438679301327774,493.51826298516244,3,22,prefill_heavy
,,496.9165325164795,1350,4.182498216629028,1788696683.1667893,"{""P1"": {""energy_j"": 312.357106924057, ""clock_match_fraction"": null, ""mean_power_w"": 74.68194623064484, ""samples"": 40}, ""D1"": {""energy_j"": 249.88899312913418, ""clock_match_fraction"": null, ""mean_power_w"": 59.74634780132373, ""samples"": 38}}",562.2461000531912,False,table,"{""start"": 1788696678.9878318, ""end"": 1788696683.1667893, ""duration_s"": 4.178957462310791, ""energy_j"": 561.505602221936, ""mean_power_w"": 134.3649958837931, ""endpoints"": {""P1"": {""energy_j"": 311.6917419433594, ""clock_match_fraction"": 1.0, ""mean_power_w"": 74.58600494368437, ""samples"": 40}, ""D1"": {""energy_j"": 249.8138602785766, ""clock_match_fraction"": 1.0, ""mean_power_w"": 59.77899094010875, ""samples"": 38}}}",134.42829403196856,64,1710,production,production-00127,127,0.0,1788696678.984291,True,1,58.4357282542254,493.37004602421075,3,23,prefill_heavy
,,499.94492530822754,1350,4.185975551605225,1788696692.5211117,"{""P1"": {""energy_j"": 312.06455585360527, ""clock_match_fraction"": null, ""mean_power_w"": 74.5500187486608, ""samples"": 40}, ""D1"": {""energy_j"": 251.06308334320784, ""clock_match_fraction"": null, ""mean_power_w"": 59.97719772800177, ""samples"": 38}}",563.1276391968131,False,table,"{""start"": 1788696688.340039, ""end"": 1788696692.5211117, ""duration_s"": 4.18107271194458, ""energy_j"": 562.6983010843396, ""mean_power_w"": 134.58228063740933, ""endpoints"": {""P1"": {""energy_j"": 311.73835983872414, ""clock_match_fraction"": 1.0, ""mean_power_w"": 74.55942082713443, ""samples"": 40}, ""D1"": {""energy_j"": 250.95994124561548, ""clock_match_fraction"": 1.0, ""mean_power_w"": 60.022859810274916, ""samples"": 38}}}",134.52721647666257,64,1710,production,production-00128,128,0.0,1788696688.3351362,True,1,58.43776819067046,495.03905803430825,3,24,prefill_heavy
,,498.2452392578125,1350,4.185701131820679,1788696701.82479,"{""P1"": {""energy_j"": 313.82166534662247, ""clock_match_fraction"": null, ""mean_power_w"": 74.97469491093781, ""samples"": 40}, ""D1"": {""energy_j"": 251.18842609226704, ""clock_match_fraction"": null, ""mean_power_w"": 60.01107536863392, ""samples"": 38}}",565.0100914388895,False,table,"{""start"": 1788696697.6445148, ""end"": 1788696701.82479, ""duration_s"": 4.180275201797485, ""energy_j"": 564.5789704546332, ""mean_power_w"": 135.0578474383382, ""endpoints"": {""P1"": {""energy_j"": 313.5050379037857, ""clock_match_fraction"": 1.0, ""mean_power_w"": 74.99626765457475, ""samples"": 40}, ""D1"": {""energy_j"": 251.07393255084753, ""clock_match_fraction"": 1.0, ""mean_power_w"": 60.06157978376345, ""samples"": 38}}}",134.98577027957174,64,1710,production,production-00129,129,0.0,1788696697.6390889,True,1,58.43639399834154,492.8128020837903,3,25,prefill_heavy
,,500.30517578125,1350,4.184941053390503,1788696711.178206,"{""P1"": {""energy_j"": 306.5021187365055, ""clock_match_fraction"": null, ""mean_power_w"": 73.23929174299539, ""samples"": 40}, ""D1"": {""energy_j"": 248.47501454874873, ""clock_match_fraction"": null, ""mean_power_w"": 59.3735996227336, ""samples"": 38}}",554.9771332852542,False,table,"{""start"": 1788696706.998053, ""end"": 1788696711.178206, ""duration_s"": 4.180152893066406, ""energy_j"": 554.398485224694, ""mean_power_w"": 132.62636544808478, ""endpoints"": {""P1"": {""energy_j"": 306.02418407797813, ""clock_match_fraction"": 1.0, ""mean_power_w"": 73.2088495101647, ""samples"": 40}, ""D1"": {""energy_j"": 248.37430114671588, ""clock_match_fraction"": 1.0, ""mean_power_w"": 59.41751593792007, ""samples"": 38}}}",132.61289136572898,64,1710,production,production-00130,130,0.0,1788696706.993265,True,1,58.41108316016044,495.5112779280171,3,26,prefill_heavy
,,499.28855895996094,1350,4.184816360473633,1788696720.480807,"{""P1"": {""energy_j"": 315.1895991563797, ""clock_match_fraction"": null, ""mean_power_w"": 75.31742662196696, ""samples"": 40}, ""D1"": {""energy_j"": 248.12111480906606, ""clock_match_fraction"": null, ""mean_power_w"": 59.29080118129341, ""samples"": 38}}",563.3107139654458,False,table,"{""start"": 1788696716.3007457, ""end"": 1788696720.480807, ""duration_s"": 4.180061340332031, ""energy_j"": 562.9336412772536, ""mean_power_w"": 134.67114366138432, ""endpoints"": {""P1"": {""energy_j"": 314.9122925102711, ""clock_match_fraction"": 1.0, ""mean_power_w"": 75.33676347564241, ""samples"": 40}, ""D1"": {""energy_j"": 248.02134876698256, ""clock_match_fraction"": 1.0, ""mean_power_w"": 59.334380185741885, ""samples"": 38}}}",134.60822780326038,64,1710,production,production-00131,131,0.0,1788696716.2959907,True,1,58.429798793180716,494.530348922126,3,27,prefill_heavy
,,500.42009353637695,1350,4.187135457992554,1788696729.835968,"{""P1"": {""energy_j"": 314.35420098900795, ""clock_match_fraction"": null, ""mean_power_w"": 75.07619568145506, ""samples"": 41}, ""D1"": {""energy_j"": 249.28172187879682, ""clock_match_fraction"": null, ""mean_power_w"": 59.53514625445398, ""samples"": 38}}",563.6359228678048,False,table,"{""start"": 1788696725.6534657, ""end"": 1788696729.835968, ""duration_s"": 4.182502269744873, ""energy_j"": 563.264824539423, ""mean_power_w"": 134.6717319471488, ""endpoints"": {""P1"": {""energy_j"": 314.0813973248005, ""clock_match_fraction"": 1.0, ""mean_power_w"": 75.09413673168407, ""samples"": 41}, ""D1"": {""energy_j"": 249.1834272146225, ""clock_match_fraction"": 1.0, ""mean_power_w"": 59.577595215464726, ""samples"": 38}}}",134.61134193590905,64,1710,production,production-00132,132,0.0,1788696725.6488326,True,1,58.43748368271109,495.7837569527328,3,28,prefill_heavy
,,500.78535079956055,1350,4.1860432624816895,1788696739.1907744,"{""P1"": {""energy_j"": 313.7493200302124, ""clock_match_fraction"": null, ""mean_power_w"": 74.95128462771945, ""samples"": 40}, ""D1"": {""energy_j"": 249.24512199684978, ""clock_match_fraction"": null, ""mean_power_w"": 59.54193647035678, ""samples"": 39}}",562.9944420270622,False,table,"{""start"": 1788696735.0095494, ""end"": 1788696739.1907744, ""duration_s"": 4.181225061416626, ""energy_j"": 562.4021855965257, ""mean_power_w"": 134.50655665160014, ""endpoints"": {""P1"": {""energy_j"": 313.36061829328537, ""clock_match_fraction"": 1.0, ""mean_power_w"": 74.94469053696831, ""samples"": 40}, ""D1"": {""energy_j"": 249.0415673032403, ""clock_match_fraction"": 1.0, ""mean_power_w"": 59.561866114631826, ""samples"": 38}}}",134.49322109807622,64,1710,production,production-00133,133,0.0,1788696735.0047312,True,1,58.423865063574226,495.96422899048775,3,29,prefill_heavy
,,498.8117218017578,1350,4.189250946044922,1788696748.4984474,"{""P1"": {""energy_j"": 314.3727134466171, ""clock_match_fraction"": null, ""mean_power_w"": 75.04270273983393, ""samples"": 40}, ""D1"": {""energy_j"": 248.48769592866302, ""clock_match_fraction"": null, ""mean_power_w"": 59.31554331049579, ""samples"": 38}}",562.8604093752801,False,table,"{""start"": 1788696744.3138897, ""end"": 1788696748.4984474, ""duration_s"": 4.184557676315308, ""energy_j"": 562.4867682605982, ""mean_power_w"": 134.41964761157104, ""endpoints"": {""P1"": {""energy_j"": 314.09834283590317, ""clock_match_fraction"": 1.0, ""mean_power_w"": 75.06130089058325, ""samples"": 40}, ""D1"": {""energy_j"": 248.38842542469501, ""clock_match_fraction"": 1.0, ""mean_power_w"": 59.35834672098779, ""samples"": 38}}}",134.3582460503297,64,1710,production,production-00134,134,0.0,1788696744.3091965,True,1,58.44201933267334,494.11521607544273,3,30,prefill_heavy
,,498.5952377319336,1350,4.185344934463501,1788696757.8015363,"{""P1"": {""energy_j"": 310.2989447116852, ""clock_match_fraction"": null, ""mean_power_w"": 74.139395813373, ""samples"": 40}, ""D1"": {""energy_j"": 246.7878717444837, ""clock_match_fraction"": null, ""mean_power_w"": 58.964762906959365, ""samples"": 38}}",557.0868164561689,False,table,"{""start"": 1788696753.6213496, ""end"": 1788696757.8015363, ""duration_s"": 4.180186748504639, ""energy_j"": 556.3498320057988, ""mean_power_w"": 133.0920998218129, ""endpoints"": {""P1"": {""energy_j"": 309.673067510128, ""clock_match_fraction"": 1.0, ""mean_power_w"": 74.08115621171856, ""samples"": 40}, ""D1"": {""energy_j"": 246.6767644956708, ""clock_match_fraction"": 1.0, ""mean_power_w"": 59.01094361009433, ""samples"": 38}}}",133.10415872033235,64,1710,production,production-00135,135,0.0,1788696753.6161914,True,1,58.436334920337515,493.43225499615073,3,31,prefill_heavy
,,501.94501876831055,1350,4.188444137573242,1788696767.1079316,"{""P1"": {""energy_j"": 312.6073558330536, ""clock_match_fraction"": null, ""mean_power_w"": 74.6356751015847, ""samples"": 40}, ""D1"": {""energy_j"": 251.93745235353708, ""clock_match_fraction"": null, ""mean_power_w"": 60.15060582842297, ""samples"": 37}}",564.5448081865907,False,table,"{""start"": 1788696762.925752, ""end"": 1788696767.1079316, ""duration_s"": 4.182179689407349, ""energy_j"": 563.9057344086468, ""mean_power_w"": 134.83536726958692, ""endpoints"": {""P1"": {""energy_j"": 312.23567485809326, ""clock_match_fraction"": 1.0, ""mean_power_w"": 74.65859863671706, ""samples"": 40}, ""D1"": {""energy_j"": 251.67005955055356, ""clock_match_fraction"": 1.0, ""mean_power_w"": 60.17676863286986, ""samples"": 37}}}",134.78628093000765,64,1710,production,production-00136,136,0.0,1788696762.9194875,True,1,58.43618669776276,495.67434401251376,3,32,prefill_heavy
,,499.1025924682617,1350,4.186095476150513,1788696776.4132965,"{""P1"": {""energy_j"": 312.5560531616211, ""clock_match_fraction"": null, ""mean_power_w"": 74.66529488931872, ""samples"": 40}, ""D1"": {""energy_j"": 251.4839128255844, ""clock_match_fraction"": null, ""mean_power_w"": 60.07600979441736, ""samples"": 39}}",564.0399659872055,False,table,"{""start"": 1788696772.2325764, ""end"": 1788696776.4132965, ""duration_s"": 4.180720090866089, ""energy_j"": 563.6108197681606, ""mean_power_w"": 134.81190022731263, ""endpoints"": {""P1"": {""energy_j"": 312.2400284409523, ""clock_match_fraction"": 1.0, ""mean_power_w"": 74.68570525042442, ""samples"": 40}, ""D1"": {""energy_j"": 251.37079132720828, ""clock_match_fraction"": 1.0, ""mean_power_w"": 60.126194976888215, ""samples"": 39}}}",134.74130468373608,64,1710,production,production-00137,137,0.0,1788696772.227201,True,1,58.43930388985586,493.72456897981465,3,33,prefill_heavy
,,497.53880500793457,1350,4.183899879455566,1788696785.767494,"{""P1"": {""energy_j"": 312.6298457980156, ""clock_match_fraction"": null, ""mean_power_w"": 74.72211448776275, ""samples"": 40}, ""D1"": {""energy_j"": 248.50172870233655, ""clock_match_fraction"": null, ""mean_power_w"": 59.394759880026825, ""samples"": 38}}",561.1315745003521,False,table,"{""start"": 1788696781.5885587, ""end"": 1788696785.767494, ""duration_s"": 4.178935289382935, ""energy_j"": 560.737500347197, ""mean_power_w"": 134.18190556140343, ""endpoints"": {""P1"": {""energy_j"": 312.3400732576847, ""clock_match_fraction"": 1.0, ""mean_power_w"": 74.7415433905427, ""samples"": 40}, ""D1"": {""energy_j"": 248.39742708951235, ""clock_match_fraction"": 1.0, ""mean_power_w"": 59.44036217086074, ""samples"": 38}}}",134.11687436778956,64,1710,production,production-00138,138,0.0,1788696781.583594,True,1,58.4384058565197,492.57144902367145,3,34,prefill_heavy
,,498.81505966186523,1350,4.185147047042847,1788696795.021082,"{""P1"": {""energy_j"": 313.15930303931236, ""clock_match_fraction"": null, ""mean_power_w"": 74.82635604418854, ""samples"": 40}, ""D1"": {""energy_j"": 250.62290755659342, ""clock_match_fraction"": null, ""mean_power_w"": 59.883895294355135, ""samples"": 38}}",563.7822105959058,False,table,"{""start"": 1788696790.8404896, ""end"": 1788696795.021082, ""duration_s"": 4.18059229850769, ""energy_j"": 563.4190476052463, ""mean_power_w"": 134.77014915000564, ""endpoints"": {""P1"": {""energy_j"": 312.89301177859306, ""clock_match_fraction"": 1.0, ""mean_power_w"": 74.84418222037192, ""samples"": 40}, ""D1"": {""energy_j"": 250.52603582665324, ""clock_match_fraction"": 1.0, ""mean_power_w"": 59.92596692963371, ""samples"": 38}}}",134.71025133854369,64,1710,production,production-00139,139,0.0,1788696790.8359349,True,1,58.43393268278017,494.25631191115826,3,35,prefill_heavy
,,497.6019859313965,1350,4.182635307312012,1788696804.3232272,"{""P1"": {""energy_j"": 308.5489614903927, ""clock_match_fraction"": null, ""mean_power_w"": 73.76903287527666, ""samples"": 40}, ""D1"": {""energy_j"": 250.3881030380726, ""clock_match_fraction"": null, ""mean_power_w"": 59.86371859873807, ""samples"": 38}}",558.9370645284653,False,table,"{""start"": 1788696800.145536, ""end"": 1788696804.3232272, ""duration_s"": 4.177691221237183, ""energy_j"": 558.2528502829373, ""mean_power_w"": 133.62712099091328, ""endpoints"": {""P1"": {""energy_j"": 307.96974620223045, ""clock_match_fraction"": 1.0, ""mean_power_w"": 73.71768996154489, ""samples"": 40}, ""D1"": {""energy_j"": 250.28310408070683, ""clock_match_fraction"": 1.0, ""mean_power_w"": 59.9094310293684, ""samples"": 38}}}",133.63275147401473,64,1710,production,production-00140,140,0.0,1788696800.1405919,True,1,58.42394303042619,492.65446106437594,3,36,prefill_heavy
,,501.0714530944824,1350,4.188263416290283,1788696813.6301672,"{""P1"": {""energy_j"": 314.66067987680435, ""clock_match_fraction"": null, ""mean_power_w"": 75.12915225268047, ""samples"": 40}, ""D1"": {""energy_j"": 247.65781083330512, ""clock_match_fraction"": null, ""mean_power_w"": 59.13138363504982, ""samples"": 38}}",562.3184907101095,False,table,"{""start"": 1788696809.447437, ""end"": 1788696813.6301672, ""duration_s"": 4.182730197906494, ""energy_j"": 561.8779882267118, ""mean_power_w"": 134.33283086438095, ""endpoints"": {""P1"": {""energy_j"": 314.3378239274025, ""clock_match_fraction"": 1.0, ""mean_power_w"": 75.1513506859066, ""samples"": 40}, ""D1"": {""energy_j"": 247.54016429930925, ""clock_match_fraction"": 1.0, ""mean_power_w"": 59.181480178474345, ""samples"": 38}}}",134.2605358877303,64,1710,production,production-00141,141,0.0,1788696809.4419038,True,1,58.45719036490967,495.533638051711,3,37,prefill_heavy
,,498.0893135070801,1350,4.184807777404785,1788696822.886519,"{""P1"": {""energy_j"": 312.8900756239891, ""clock_match_fraction"": null, ""mean_power_w"": 74.76808787093881, ""samples"": 40}, ""D1"": {""energy_j"": 249.2464473694563, ""clock_match_fraction"": null, ""mean_power_w"": 59.55983180762173, ""samples"": 38}}",562.1365229934454,False,table,"{""start"": 1788696818.7066333, ""end"": 1788696822.886519, ""duration_s"": 4.179885625839233, ""energy_j"": 561.7451090142131, ""mean_power_w"": 134.39245933946492, ""endpoints"": {""P1"": {""energy_j"": 312.60183224081993, ""clock_match_fraction"": 1.0, ""mean_power_w"": 74.78717367489118, ""samples"": 40}, ""D1"": {""energy_j"": 249.14327677339315, ""clock_match_fraction"": 1.0, ""mean_power_w"": 59.605285664573756, ""samples"": 38}}}",134.32791967856053,64,1710,production,production-00142,142,0.0,1788696818.7017112,True,1,58.43884073057404,493.1620849529281,3,38,prefill_heavy
,,499.2649555206299,1350,4.1852757930755615,1788696832.2428668,"{""P1"": {""energy_j"": 306.9243749678135, ""clock_match_fraction"": null, ""mean_power_w"": 73.33432493878003, ""samples"": 40}, ""D1"": {""energy_j"": 249.86721615865827, ""clock_match_fraction"": null, ""mean_power_w"": 59.70149364399297, ""samples"": 39}}",556.7915911264718,False,table,"{""start"": 1788696828.0624335, ""end"": 1788696832.2428668, ""duration_s"": 4.18043327331543, ""energy_j"": 556.1607552058995, ""mean_power_w"": 133.03902223628077, ""endpoints"": {""P1"": {""energy_j"": 306.3961806297302, ""clock_match_fraction"": 1.0, ""mean_power_w"": 73.29292458404262, ""samples"": 40}, ""D1"": {""energy_j"": 249.76457457616925, ""clock_match_fraction"": 1.0, ""mean_power_w"": 59.746097652238156, ""samples"": 39}}}",133.035818582773,64,1710,production,production-00143,143,0.0,1788696828.057591,True,1,58.43408382497728,494.4189520319924,3,39,prefill_heavy
,,498.04043769836426,1350,4.183724880218506,1788696841.5446374,"{""P1"": {""energy_j"": 313.26355105638504, ""clock_match_fraction"": null, ""mean_power_w"": 74.87670915875903, ""samples"": 40}, ""D1"": {""energy_j"": 249.83242087811232, ""clock_match_fraction"": null, ""mean_power_w"": 59.7153082554186, ""samples"": 38}}",563.0959719344974,False,table,"{""start"": 1788696837.365163, ""end"": 1788696841.5446374, ""duration_s"": 4.179474353790283, ""energy_j"": 562.758352983743, ""mean_power_w"": 134.64811728618182, ""endpoints"": {""P1"": {""energy_j"": 313.01560813188553, ""clock_match_fraction"": 1.0, ""mean_power_w"": 74.89353484081505, ""samples"": 40}, ""D1"": {""energy_j"": 249.74274485185742, ""clock_match_fraction"": 1.0, ""mean_power_w"": 59.75458244536676, ""samples"": 38}}}",134.59201741417763,64,1710,production,production-00144,144,0.0,1788696837.3609126,True,1,58.431686014897885,493.7856860924512,3,40,prefill_heavy
,,501.06215476989746,1350,4.186646461486816,1788696850.8484948,"{""P1"": {""energy_j"": 312.4578077197075, ""clock_match_fraction"": null, ""mean_power_w"": 74.63200215113062, ""samples"": 40}, ""D1"": {""energy_j"": 249.97756927087903, ""clock_match_fraction"": null, ""mean_power_w"": 59.70830629489163, ""samples"": 38}}",562.4353769905865,False,table,"{""start"": 1788696846.6671565, ""end"": 1788696850.8484948, ""duration_s"": 4.181338310241699, ""energy_j"": 562.0138559639454, ""mean_power_w"": 134.41004153798275, ""endpoints"": {""P1"": {""energy_j"": 312.148177087307, ""clock_match_fraction"": 1.0, ""mean_power_w"": 74.6526958420792, ""samples"": 40}, ""D1"": {""energy_j"": 249.8656788766384, ""clock_match_fraction"": 1.0, ""mean_power_w"": 59.757345695903545, ""samples"": 38}}}",134.34030844602225,64,1710,production,production-00145,145,0.0,1788696846.6618483,True,1,58.439571349438104,495.75078301131725,3,41,prefill_heavy
,,499.880313873291,1350,4.186529159545898,1788696860.1523001,"{""P1"": {""energy_j"": 312.7076149880886, ""clock_match_fraction"": null, ""mean_power_w"": 74.69376255867454, ""samples"": 40}, ""D1"": {""energy_j"": 246.75433284789324, ""clock_match_fraction"": null, ""mean_power_w"": 58.94007265786201, ""samples"": 38}}",559.4619478359818,False,table,"{""start"": 1788696855.9705896, ""end"": 1788696860.1523001, ""duration_s"": 4.181710481643677, ""energy_j"": 558.9733595140278, ""mean_power_w"": 133.67098510710764, ""endpoints"": {""P1"": {""energy_j"": 312.32059994339943, ""clock_match_fraction"": 1.0, ""mean_power_w"": 74.6872843814471, ""samples"": 40}, ""D1"": {""energy_j"": 246.6527595706284, ""clock_match_fraction"": 1.0, ""mean_power_w"": 58.98370072566053, ""samples"": 38}}}",133.63383521653654,64,1710,production,production-00146,146,0.0,1788696855.965771,True,1,58.43712282662709,495.0579779688269,3,42,prefill_heavy
,,498.643159866333,1350,4.190852403640747,1788696869.4611735,"{""P1"": {""energy_j"": 314.6326680779457, ""clock_match_fraction"": null, ""mean_power_w"": 75.07605560258166, ""samples"": 40}, ""D1"": {""energy_j"": 250.35521705821157, ""clock_match_fraction"": null, ""mean_power_w"": 59.73849540506814, ""samples"": 38}}",564.9878851361573,False,table,"{""start"": 1788696865.2744067, ""end"": 1788696869.4611735, ""duration_s"": 4.186766862869263, ""energy_j"": 564.6664506867528, ""mean_power_w"": 134.86933215569047, ""endpoints"": {""P1"": {""energy_j"": 314.3939177393913, ""clock_match_fraction"": 1.0, ""mean_power_w"": 75.09229150723043, ""samples"": 40}, ""D1"": {""energy_j"": 250.27253294736147, ""clock_match_fraction"": 1.0, ""mean_power_w"": 59.777040648460044, ""samples"": 38}}}",134.8145510076498,64,1710,production,production-00147,147,0.0,1788696865.2703211,True,1,58.43723101526617,494.5546319941059,3,43,prefill_heavy
,,500.52952766418457,1350,4.186356544494629,1788696878.8164093,"{""P1"": {""energy_j"": 312.336611866951, ""clock_match_fraction"": null, ""mean_power_w"": 74.60822042921713, ""samples"": 40}, ""D1"": {""energy_j"": 246.74825673922896, ""clock_match_fraction"": null, ""mean_power_w"": 58.94105151261455, ""samples"": 38}}",559.08486860618,False,table,"{""start"": 1788696874.6354644, ""end"": 1788696878.8164093, ""duration_s"": 4.180944919586182, ""energy_j"": 558.061810798943, ""mean_power_w"": 133.4774366877281, ""endpoints"": {""P1"": {""energy_j"": 311.4298468530178, ""clock_match_fraction"": 1.0, ""mean_power_w"": 74.48790951396754, ""samples"": 40}, ""D1"": {""energy_j"": 246.63196394592524, ""clock_match_fraction"": 1.0, ""mean_power_w"": 58.989527173760564, ""samples"": 38}}}",133.54927194183168,64,1710,production,production-00148,148,0.0,1788696874.6300528,True,1,58.431738111678335,495.1129389228299,3,44,prefill_heavy
,,500.12707710266113,1350,4.1860058307647705,1788696888.1206474,"{""P1"": {""energy_j"": 311.8431048989296, ""clock_match_fraction"": null, ""mean_power_w"": 74.49657681006067, ""samples"": 40}, ""D1"": {""energy_j"": 247.3389391116798, ""clock_match_fraction"": null, ""mean_power_w"": 59.087098563952964, ""samples"": 38}}",559.1820440106094,False,table,"{""start"": 1788696883.9405851, ""end"": 1788696888.1206474, ""duration_s"": 4.180062294006348, ""energy_j"": 558.5849229618907, ""mean_power_w"": 133.63076520721404, ""endpoints"": {""P1"": {""energy_j"": 311.49662378430367, ""clock_match_fraction"": 1.0, ""mean_power_w"": 74.51961283709774, ""samples"": 40}, ""D1"": {""energy_j"": 247.08829917758703, ""clock_match_fraction"": 1.0, ""mean_power_w"": 59.11115237011629, ""samples"": 38}}}",133.58367537401364,64,1710,production,production-00149,149,0.0,1788696883.9346416,True,1,58.43196237932832,494.1794699989259,3,45,prefill_heavy
,,498.4297752380371,1350,4.18413233757019,1788696897.3726013,"{""P1"": {""energy_j"": 312.03107157349586, ""clock_match_fraction"": null, ""mean_power_w"": 74.57485719839792, ""samples"": 40}, ""D1"": {""energy_j"": 247.77857054769993, ""clock_match_fraction"": null, ""mean_power_w"": 59.21862660099081, ""samples"": 38}}",559.8096421211958,False,table,"{""start"": 1788696893.1925094, ""end"": 1788696897.3726013, ""duration_s"": 4.180091857910156, ""energy_j"": 559.4637471027672, ""mean_power_w"": 133.84006048672626, ""endpoints"": {""P1"": {""energy_j"": 311.77040964365005, ""clock_match_fraction"": 1.0, ""mean_power_w"": 74.58458336356277, ""samples"": 40}, ""D1"": {""energy_j"": 247.69333745911717, ""clock_match_fraction"": 1.0, ""mean_power_w"": 59.25547712316347, ""samples"": 38}}}",133.79348379938872,64,1710,production,production-00150,150,0.0,1788696893.188469,True,1,58.42944161988618,494.3850719137117,3,46,prefill_heavy
,,495.3923225402832,1350,4.182064771652222,1788696906.7236795,"{""P1"": {""energy_j"": 305.95787355303764, ""clock_match_fraction"": null, ""mean_power_w"": 73.15952532035077, ""samples"": 40}, ""D1"": {""energy_j"": 247.67603406310081, ""clock_match_fraction"": null, ""mean_power_w"": 59.22338547742068, ""samples"": 38}}",553.6339076161385,False,table,"{""start"": 1788696902.5469787, ""end"": 1788696906.7236795, ""duration_s"": 4.176700830459595, ""energy_j"": 553.0357951633632, ""mean_power_w"": 132.40972183839855, ""endpoints"": {""P1"": {""energy_j"": 305.47131246328354, ""clock_match_fraction"": 1.0, ""mean_power_w"": 73.13698655061923, ""samples"": 40}, ""D1"": {""energy_j"": 247.56448270007968, ""clock_match_fraction"": 1.0, ""mean_power_w"": 59.272735287779334, ""samples"": 38}}}",132.38291079777144,64,1710,production,production-00151,151,0.0,1788696902.5416148,True,1,58.43884019099826,490.0244469754398,3,47,prefill_heavy
,,497.1199035644531,1350,4.183206081390381,1788696916.025594,"{""P1"": {""energy_j"": 312.1204880774021, ""clock_match_fraction"": null, ""mean_power_w"": 74.6127448671288, ""samples"": 40}, ""D1"": {""energy_j"": 246.21199975535274, ""clock_match_fraction"": null, ""mean_power_w"": 58.857248475197935, ""samples"": 38}}",558.3324878327549,False,table,"{""start"": 1788696911.8470285, ""end"": 1788696916.025594, ""duration_s"": 4.178565502166748, ""energy_j"": 557.9642669409513, ""mean_power_w"": 133.5300994208719, ""endpoints"": {""P1"": {""energy_j"": 311.8497154414654, ""clock_match_fraction"": 1.0, ""mean_power_w"": 74.63080697903604, ""samples"": 40}, ""D1"": {""energy_j"": 246.11455149948597, ""clock_match_fraction"": 1.0, ""mean_power_w"": 58.899292441835854, ""samples"": 38}}}",133.46999334232675,64,1710,production,production-00152,152,0.0,1788696911.842388,True,1,58.43671709520831,492.47635691426694,3,48,prefill_heavy
decode_medium,,2878.9048194885254,1500,9.990548372268677,1788696931.0880308,"{""P1"": {""energy_j"": 791.0968314409256, ""clock_match_fraction"": null, ""mean_power_w"": 79.18452540971798, ""samples"": 93}, ""D1"": {""energy_j"": 549.8678370080888, ""clock_match_fraction"": null, ""mean_power_w"": 55.038804329739065, ""samples"": 88}}",1340.9646684490144,True,safe_high,"{""start"": 1788696923.8002975, ""end"": 1788696931.0880308, ""duration_s"": 7.287733316421509, ""energy_j"": 1069.766675055027, ""mean_power_w"": 146.79004137603567, ""endpoints"": {""P1"": {""energy_j"": 582.3742217421532, ""clock_match_fraction"": 1.0, ""mean_power_w"": 79.91157146624515, ""samples"": 69}, ""D1"": {""energy_j"": 487.39245331287384, ""clock_match_fraction"": 1.0, ""mean_power_w"": 66.87846990979054, ""samples"": 63}}}",134.22332973945703,128,2520,production,production-00153,153,0.5,1788696921.0974824,False,0,55.953011748116964,176.08287604525685,4,1,decode_medium
decode_medium,decode_medium,172.318696975708,1500,7.283273696899414,1788696943.4883013,"{""P1"": {""energy_j"": 589.7940527498722, ""clock_match_fraction"": null, ""mean_power_w"": 80.97925154192068, ""samples"": 68}, ""D1"": {""energy_j"": 488.1728330254555, ""clock_match_fraction"": null, ""mean_power_w"": 67.02656708250262, ""samples"": 62}}",1077.9668857753277,False,safe_high,"{""start"": 1788696936.209127, ""end"": 1788696943.4883013, ""duration_s"": 7.279174327850342, ""energy_j"": 1077.5814056396484, ""mean_power_w"": 148.03621360142307, ""endpoints"": {""P1"": {""energy_j"": 589.4955708384514, ""clock_match_fraction"": 1.0, ""mean_power_w"": 80.98385122925596, ""samples"": 68}, ""D1"": {""energy_j"": 488.08583480119705, ""clock_match_fraction"": 1.0, ""mean_power_w"": 67.05236237216711, ""samples"": 62}}}",148.0058186244233,128,2520,production,production-00154,154,0.0,1788696936.2050276,False,0,55.94988496090454,168.2130079716444,4,2,decode_medium
decode_medium,decode_medium,175.628662109375,1500,7.285974979400635,1788696955.8401902,"{""P1"": {""energy_j"": 582.8214325010777, ""clock_match_fraction"": null, ""mean_power_w"": 79.99223633746574, ""samples"": 68}, ""D1"": {""energy_j"": 490.97154001891613, ""clock_match_fraction"": null, ""mean_power_w"": 67.38583942533727, ""samples"": 63}}",1073.7929725199938,False,safe_high,"{""start"": 1788696948.5568688, ""end"": 1788696955.8401902, ""duration_s"": 7.283321380615234, ""energy_j"": 1073.4942575767636, ""mean_power_w"": 147.39075779820715, ""endpoints"": {""P1"": {""energy_j"": 582.5814037322998, ""clock_match_fraction"": 1.0, ""mean_power_w"": 79.98842468806288, ""samples"": 68}, ""D1"": {""energy_j"": 490.9128538444638, ""clock_match_fraction"": 1.0, ""mean_power_w"": 67.40233311014426, ""samples"": 63}}}",147.378075762803,128,2520,production,production-00155,155,0.0,1788696948.5542152,False,0,55.95128638596516,172.96794499270618,4,3,decode_medium
decode_medium,decode_medium,173.45261573791504,1500,7.284268617630005,1788696968.242835,"{""P1"": {""energy_j"": 580.5245037376881, ""clock_match_fraction"": null, ""mean_power_w"": 79.6956474576807, ""samples"": 68}, ""D1"": {""energy_j"": 492.9913901053369, ""clock_match_fraction"": null, ""mean_power_w"": 67.67891410706042, ""samples"": 62}}",1073.515893843025,False,safe_high,"{""start"": 1788696960.9624028, ""end"": 1788696968.242835, ""duration_s"": 7.280432224273682, ""energy_j"": 1073.0389544218779, ""mean_power_w"": 147.38671020715773, ""endpoints"": {""P1"": {""energy_j"": 580.211887806654, ""clock_match_fraction"": 1.0, ""mean_power_w"": 79.69470354688147, ""samples"": 68}, ""D1"": {""energy_j"": 492.8270666152239, ""clock_match_fraction"": 1.0, ""mean_power_w"": 67.69200666027625, ""samples"": 62}}}",147.37456156474113,128,2520,production,production-00156,156,0.0,1788696960.9585664,False,0,55.94829038540855,169.60983909666538,4,4,decode_medium
decode_medium,decode_medium,176.85961723327637,1500,7.287385940551758,1788696980.5947628,"{""P1"": {""energy_j"": 589.2032634913921, ""clock_match_fraction"": null, ""mean_power_w"": 80.85248514322286, ""samples"": 68}, ""D1"": {""energy_j"": 493.5764398276806, ""clock_match_fraction"": null, ""mean_power_w"": 67.73024564008612, ""samples"": 62}}",1082.7797033190727,False,safe_high,"{""start"": 1788696973.3117049, ""end"": 1788696980.5947628, ""duration_s"": 7.283057928085327, ""energy_j"": 1081.841676119715, ""mean_power_w"": 148.54223140912526, ""endpoints"": {""P1"": {""energy_j"": 588.362138569355, ""clock_match_fraction"": 1.0, ""mean_power_w"": 80.78504171997324, ""samples"": 68}, ""D1"": {""energy_j"": 493.47953755035996, ""clock_match_fraction"": 1.0, ""mean_power_w"": 67.75718968915201, ""samples"": 62}}}",148.582730783309,128,2520,production,production-00157,157,0.0,1788696973.3073769,False,0,55.94652916550431,172.526451991871,4,5,decode_medium
decode_medium,decode_medium,172.78146743774414,1500,7.283962965011597,1788696992.9935937,"{""P1"": {""energy_j"": 582.6702127754688, ""clock_match_fraction"": null, ""mean_power_w"": 79.99357157282597, ""samples"": 69}, ""D1"": {""energy_j"": 494.6229784563184, ""clock_match_fraction"": null, ""mean_power_w"": 67.9057514202409, ""samples"": 63}}",1077.2931912317872,False,safe_high,"{""start"": 1788696985.7135906, ""end"": 1788696992.9935937, ""duration_s"": 7.280003070831299, ""energy_j"": 1076.9231243804097, ""mean_power_w"": 147.9289382026918, ""endpoints"": {""P1"": {""energy_j"": 582.3841590881348, ""clock_match_fraction"": 1.0, ""mean_power_w"": 79.99779030610117, ""samples"": 69}, ""D1"": {""energy_j"": 494.53896529227495, ""clock_match_fraction"": 1.0, ""mean_power_w"": 67.93114789659063, ""samples"": 62}}}",147.89932299306687,128,2520,production,production-00158,158,0.0,1788696985.7096307,False,0,55.95206798468607,168.81818498950452,4,6,decode_medium
decode_medium,decode_medium,172.83892631530762,1500,7.283322334289551,1788697005.3949237,"{""P1"": {""energy_j"": 582.4155889749527, ""clock_match_fraction"": null, ""mean_power_w"": 79.96564785180063, ""samples"": 69}, ""D1"": {""energy_j"": 491.0874926522374, ""clock_match_fraction"": null, ""mean_power_w"": 67.42630218907377, ""samples"": 63}}",1073.50308162719,False,safe_high,"{""start"": 1788696998.1154041, ""end"": 1788697005.3949237, ""duration_s"": 7.279519557952881, ""energy_j"": 1073.1496518924832, ""mean_power_w"": 147.42039544629927, ""endpoints"": {""P1"": {""energy_j"": 582.1408494114876, ""clock_match_fraction"": 1.0, ""mean_power_w"": 79.96967997365955, ""samples"": 69}, ""D1"": {""energy_j"": 491.00880248099566, ""clock_match_fraction"": 1.0, ""mean_power_w"": 67.4507154726397, ""samples"": 63}}}",147.39195004087438,128,2520,production,production-00159,159,0.0,1788696998.1116014,False,0,55.949003795000515,169.03198999352753,4,7,decode_medium
decode_medium,decode_medium,173.15053939819336,1500,7.284925937652588,1788697017.8481407,"{""P1"": {""energy_j"": 583.140505194664, ""clock_match_fraction"": null, ""mean_power_w"": 80.04755438633445, ""samples"": 69}, ""D1"": {""energy_j"": 491.0109142549336, ""clock_match_fraction"": null, ""mean_power_w"": 67.40094799277416, ""samples"": 63}}",1074.1514194495976,False,safe_high,"{""start"": 1788697010.5671077, ""end"": 1788697017.8481407, ""duration_s"": 7.281033039093018, ""energy_j"": 1073.4729330688715, ""mean_power_w"": 147.4341521739052, ""endpoints"": {""P1"": {""energy_j"": 582.5447407066822, ""clock_match_fraction"": 1.0, ""mean_power_w"": 80.00852867703077, ""samples"": 69}, ""D1"": {""energy_j"": 490.9281923621893, ""clock_match_fraction"": 1.0, ""mean_power_w"": 67.42562349687444, ""samples"": 63}}}",147.44850237910862,128,2520,production,production-00160,160,0.0,1788697010.5632148,False,0,55.95595583477329,169.2529630381614,4,8,decode_medium
decode_medium,decode_medium,173.86817932128906,1500,7.2838428020477295,1788697030.249984,"{""P1"": {""energy_j"": 590.322385340929, ""clock_match_fraction"": null, ""mean_power_w"": 81.04545929725033, ""samples"": 69}, ""D1"": {""energy_j"": 494.6110975705087, ""clock_match_fraction"": null, ""mean_power_w"": 67.90524054575384, ""samples"": 63}}",1084.9334829114377,False,safe_high,"{""start"": 1788697022.9698088, ""end"": 1788697030.249984, ""duration_s"": 7.28017520904541, ""energy_j"": 1084.5089743360877, ""mean_power_w"": 148.96742773286778, ""endpoints"": {""P1"": {""energy_j"": 590.0548624992371, ""clock_match_fraction"": 1.0, ""mean_power_w"": 81.04954146791835, ""samples"": 69}, ""D1"": {""energy_j"": 494.45411183685064, ""clock_match_fraction"": 1.0, ""mean_power_w"": 67.91788626494943, ""samples"": 63}}}",148.95069984300417,128,2520,production,production-00161,161,0.0,1788697022.9661412,False,0,55.94669156671157,170.19463307224214,4,9,decode_medium
decode_medium,decode_medium,171.48470878601074,1500,7.281778335571289,1788697042.6997926,"{""P1"": {""energy_j"": 590.8402702212334, ""clock_match_fraction"": null, ""mean_power_w"": 81.1395572610326, ""samples"": 69}, ""D1"": {""energy_j"": 491.6585833467543, ""clock_match_fraction"": null, ""mean_power_w"": 67.51902635445734, ""samples"": 62}}",1082.4988535679877,False,safe_high,"{""start"": 1788697035.422167, ""end"": 1788697042.6997926, ""duration_s"": 7.277625560760498, ""energy_j"": 1082.1108924746513, ""mean_power_w"": 148.69010275950126, ""endpoints"": {""P1"": {""energy_j"": 590.5386375486851, ""clock_match_fraction"": 1.0, ""mean_power_w"": 81.14441071724703, ""samples"": 69}, ""D1"": {""energy_j"": 491.57225492596626, ""clock_match_fraction"": 1.0, ""mean_power_w"": 67.54569204225422, ""samples"": 62}}}",148.65858361548996,128,2520,production,production-00162,162,0.0,1788697035.4180143,False,0,55.9487204648569,167.3269069287926,4,10,decode_medium
decode_medium,decode_medium,181.8857192993164,1500,7.292405128479004,1788697055.1074402,"{""P1"": {""energy_j"": 584.0183010995388, ""clock_match_fraction"": null, ""mean_power_w"": 80.08582776329501, ""samples"": 69}, ""D1"": {""energy_j"": 491.96581710875034, ""clock_match_fraction"": null, ""mean_power_w"": 67.4627654993382, ""samples"": 63}}",1075.9841182082891,False,safe_high,"{""start"": 1788697047.8243802, ""end"": 1788697055.1074402, ""duration_s"": 7.283060073852539, ""energy_j"": 1074.9999006018043, ""mean_power_w"": 147.60277818677375, ""endpoints"": {""P1"": {""energy_j"": 583.2333007752895, ""clock_match_fraction"": 1.0, ""mean_power_w"": 80.08080324219749, ""samples"": 68}, ""D1"": {""energy_j"": 491.7665998265147, ""clock_match_fraction"": 1.0, ""mean_power_w"": 67.52197494457624, ""samples"": 63}}}",147.54859326263323,128,2520,production,production-00163,163,0.0,1788697047.815035,False,0,55.95210017398088,172.53634496591985,4,11,decode_medium
decode_medium,decode_medium,175.40311813354492,1500,7.286003828048706,1788697067.5087585,"{""P1"": {""energy_j"": 582.3171710669994, ""clock_match_fraction"": null, ""mean_power_w"": 79.92271000809399, ""samples"": 68}, ""D1"": {""energy_j"": 491.8618774116039, ""clock_match_fraction"": null, ""mean_power_w"": 67.50777092898281, ""samples"": 63}}",1074.1790484786034,False,safe_high,"{""start"": 1788697060.2259681, ""end"": 1788697067.5087585, ""duration_s"": 7.282790422439575, ""energy_j"": 1073.8410005830228, ""mean_power_w"": 147.44911473414467, ""endpoints"": {""P1"": {""energy_j"": 582.045716971159, ""clock_match_fraction"": 1.0, ""mean_power_w"": 79.92070116116103, ""samples"": 68}, ""D1"": {""energy_j"": 491.79528361186385, ""clock_match_fraction"": 1.0, ""mean_power_w"": 67.52841357298364, ""samples"": 63}}}",147.4304809370768,128,2520,production,production-00164,164,0.0,1788697060.2227547,False,0,55.95074998449505,172.18441690783948,4,12,decode_medium
decode_medium,decode_medium,178.4958839416504,1500,7.289734601974487,1788697079.9156046,"{""P1"": {""energy_j"": 591.3060023784637, ""clock_match_fraction"": null, ""mean_power_w"": 81.1148875321611, ""samples"": 69}, ""D1"": {""energy_j"": 492.3235882744193, ""clock_match_fraction"": null, ""mean_power_w"": 67.5365586205387, ""samples"": 62}}",1083.629590652883,False,safe_high,"{""start"": 1788697072.6294773, ""end"": 1788697079.9156046, ""duration_s"": 7.286127328872681, ""energy_j"": 1083.2910347767174, ""mean_power_w"": 148.67857585798265, ""endpoints"": {""P1"": {""energy_j"": 591.0434131622314, ""clock_match_fraction"": 1.0, ""mean_power_w"": 81.1190069133308, ""samples"": 69}, ""D1"": {""energy_j"": 492.247621614486, ""clock_match_fraction"": 1.0, ""mean_power_w"": 67.55956894465186, ""samples"": 62}}}",148.6514461526998,128,2520,production,production-00165,165,0.0,1788697072.62587,False,0,55.95273505456335,174.8838759958744,4,13,decode_medium
decode_medium,decode_medium,173.2809543609619,1500,7.283062696456909,1788697092.3163981,"{""P1"": {""energy_j"": 583.757996827364, ""clock_match_fraction"": null, ""mean_power_w"": 80.15281773028711, ""samples"": 68}, ""D1"": {""energy_j"": 494.5966791473329, ""clock_match_fraction"": null, ""mean_power_w"": 67.91053431243233, ""samples"": 62}}",1078.3546759746969,False,safe_high,"{""start"": 1788697085.0363185, ""end"": 1788697092.3163981, ""duration_s"": 7.28007960319519, ""energy_j"": 1078.070497278124, ""mean_power_w"": 148.0849875329611, ""endpoints"": {""P1"": {""energy_j"": 583.5373350977898, ""clock_match_fraction"": 1.0, ""mean_power_w"": 80.15535088952574, ""samples"": 68}, ""D1"": {""energy_j"": 494.53316218033433, ""clock_match_fraction"": 1.0, ""mean_power_w"": 67.92963664343536, ""samples"": 62}}}",148.06335204271943,128,2520,production,production-00166,166,0.0,1788697085.0333354,False,0,55.947518290577854,170.2932430198416,4,14,decode_medium
decode_medium,decode_medium,172.8188991546631,1500,7.282989978790283,1788697104.765023,"{""P1"": {""energy_j"": 582.8438105285168, ""clock_match_fraction"": null, ""mean_power_w"": 80.02809453615754, ""samples"": 69}, ""D1"": {""energy_j"": 493.2367973662913, ""clock_match_fraction"": null, ""mean_power_w"": 67.72449211144168, ""samples"": 62}}",1076.080607894808,False,safe_high,"{""start"": 1788697097.486269, ""end"": 1788697104.765023, ""duration_s"": 7.278753995895386, ""energy_j"": 1075.54414665699, ""mean_power_w"": 147.76487119409555, ""endpoints"": {""P1"": {""energy_j"": 582.4833345413208, ""clock_match_fraction"": 1.0, ""mean_power_w"": 80.0251437086338, ""samples"": 68}, ""D1"": {""energy_j"": 493.06081211566925, ""clock_match_fraction"": 1.0, ""mean_power_w"": 67.73972748546176, ""samples"": 62}}}",147.7525866475992,128,2520,production,production-00167,167,0.0,1788697097.482033,False,0,55.94916119676552,168.57814800459892,4,15,decode_medium
decode_medium,decode_medium,168.02430152893066,1500,7.278383016586304,1788697117.1598089,"{""P1"": {""energy_j"": 587.730111181736, ""clock_match_fraction"": null, ""mean_power_w"": 80.75009378352175, ""samples"": 68}, ""D1"": {""energy_j"": 491.34603986144066, ""clock_match_fraction"": null, ""mean_power_w"": 67.50758221183736, ""samples"": 61}}",1079.0761510431767,False,safe_high,"{""start"": 1788697109.8848343, ""end"": 1788697117.1598089, ""duration_s"": 7.274974584579468, ""energy_j"": 1078.3992851004004, ""mean_power_w"": 148.23409656801402, ""endpoints"": {""P1"": {""energy_j"": 587.1232278943062, ""clock_match_fraction"": 1.0, ""mean_power_w"": 80.70450570903886, ""samples"": 68}, ""D1"": {""energy_j"": 491.27605720609426, ""clock_match_fraction"": 1.0, ""mean_power_w"": 67.52959085897517, ""samples"": 61}}}",148.2576759953591,128,2520,production,production-00168,168,0.0,1788697109.8814259,False,0,55.95151888202935,164.6115790354088,4,16,decode_medium
decode_medium,decode_medium,172.8968620300293,1500,7.284900188446045,1788697129.5139835,"{""P1"": {""energy_j"": 588.777760475874, ""clock_match_fraction"": null, ""mean_power_w"": 80.8216647099275, ""samples"": 68}, ""D1"": {""energy_j"": 493.0691776163876, ""clock_match_fraction"": null, ""mean_power_w"": 67.68372453453821, ""samples"": 62}}",1081.8469380922616,False,safe_high,"{""start"": 1788697122.2327144, ""end"": 1788697129.5139835, ""duration_s"": 7.281269073486328, ""energy_j"": 1081.4793759323657, ""mean_power_w"": 148.52896727445687, ""endpoints"": {""P1"": {""energy_j"": 588.4863595366478, ""clock_match_fraction"": 1.0, ""mean_power_w"": 80.82194925051382, ""samples"": 68}, ""D1"": {""energy_j"": 492.99301639571786, ""clock_match_fraction"": 1.0, ""mean_power_w"": 67.70701802394304, ""samples"": 62}}}",148.5053892444657,128,2520,production,production-00169,169,0.0,1788697122.2290833,False,0,55.951526732271994,169.264274998568,4,17,decode_medium
decode_medium,decode_medium,164.37005996704102,1500,7.2753071784973145,1788697141.9085047,"{""P1"": {""energy_j"": 582.5152558088303, ""clock_match_fraction"": null, ""mean_power_w"": 80.06744478508006, ""samples"": 68}, ""D1"": {""energy_j"": 490.81024654209614, ""clock_match_fraction"": null, ""mean_power_w"": 67.462477459745, ""samples"": 62}}",1073.3255023509264,False,safe_high,"{""start"": 1788697134.6374402, ""end"": 1788697141.9085047, ""duration_s"": 7.271064519882202, ""energy_j"": 1072.9421746693552, ""mean_power_w"": 147.56328619220363, ""endpoints"": {""P1"": {""energy_j"": 582.2202117145061, ""clock_match_fraction"": 1.0, ""mean_power_w"": 80.07358621594774, ""samples"": 68}, ""D1"": {""energy_j"": 490.721962954849, ""clock_match_fraction"": 1.0, ""mean_power_w"": 67.4896999762559, ""samples"": 62}}}",147.52992224482506,128,2520,production,production-00170,170,0.0,1788697134.6331975,False,0,55.95046842441432,160.1229280931875,4,18,decode_medium
decode_medium,decode_medium,166.49270057678223,1500,7.277482986450195,1788697154.3027368,"{""P1"": {""energy_j"": 582.41341355443, ""clock_match_fraction"": null, ""mean_power_w"": 80.02951221443104, ""samples"": 69}, ""D1"": {""energy_j"": 495.20958280190825, ""clock_match_fraction"": null, ""mean_power_w"": 68.04682109514091, ""samples"": 62}}",1077.6229963563383,False,safe_high,"{""start"": 1788697147.0293498, ""end"": 1788697154.3027368, ""duration_s"": 7.2733869552612305, ""energy_j"": 1077.2404802180827, ""mean_power_w"": 148.1071317728884, ""endpoints"": {""P1"": {""energy_j"": 582.117329210043, ""clock_match_fraction"": 1.0, ""mean_power_w"": 80.03387318599437, ""samples"": 69}, ""D1"": {""energy_j"": 495.1231510080397, ""clock_match_fraction"": 1.0, ""mean_power_w"": 68.07325858689404, ""samples"": 62}}}",148.07633330957196,128,2520,production,production-00171,171,0.0,1788697147.0252538,False,0,55.95193790568875,162.3955520335585,4,19,decode_medium
decode_medium,decode_medium,174.46231842041016,1500,7.285320520401001,1788697166.7068188,"{""P1"": {""energy_j"": 584.9200507700443, ""clock_match_fraction"": null, ""mean_power_w"": 80.28748345829113, ""samples"": 68}, ""D1"": {""energy_j"": 497.36345786228776, ""clock_match_fraction"": null, ""mean_power_w"": 68.26926234330068, ""samples"": 63}}",1082.283508632332,False,safe_high,"{""start"": 1788697159.4252644, ""end"": 1788697166.7068188, ""duration_s"": 7.281554460525513, ""energy_j"": 1081.9301415123045, ""mean_power_w"": 148.58505108732254, ""endpoints"": {""P1"": {""energy_j"": 584.6445199251175, ""clock_match_fraction"": 1.0, ""mean_power_w"": 80.29116902092406, ""samples"": 68}, ""D1"": {""energy_j"": 497.28562158718705, ""clock_match_fraction"": 1.0, ""mean_power_w"": 68.29388206639847, ""samples"": 63}}}",148.5567458015918,128,2520,production,production-00172,172,0.0,1788697159.4214983,False,0,55.94579799936747,170.6917320843786,4,20,decode_medium
decode_medium,decode_medium,174.4685173034668,1500,7.285282611846924,1788697179.1586473,"{""P1"": {""energy_j"": 582.4328169226646, ""clock_match_fraction"": null, ""mean_power_w"": 79.94649596373168, ""samples"": 68}, ""D1"": {""energy_j"": 493.8876412920654, ""clock_match_fraction"": null, ""mean_power_w"": 67.79251644801433, ""samples"": 62}}",1076.32045821473,False,safe_high,"{""start"": 1788697171.877409, ""end"": 1788697179.1586473, ""duration_s"": 7.281238317489624, ""energy_j"": 1075.8441615700722, ""mean_power_w"": 147.75565840028628, ""endpoints"": {""P1"": {""energy_j"": 582.0417374074459, ""clock_match_fraction"": 1.0, ""mean_power_w"": 79.93719090465348, ""samples"": 68}, ""D1"": {""energy_j"": 493.80242416262627, ""clock_match_fraction"": 1.0, ""mean_power_w"": 67.81846749563282, ""samples"": 62}}}",147.73901241174602,128,2520,production,production-00173,173,0.0,1788697171.8733647,False,0,55.95111693750598,170.41939799673855,4,21,decode_medium
decode_medium,decode_medium,171.19717597961426,1500,7.280897378921509,1788697191.5545828,"{""P1"": {""energy_j"": 582.7282756567001, ""clock_match_fraction"": null, ""mean_power_w"": 80.0352271608335, ""samples"": 68}, ""D1"": {""energy_j"": 495.20687064528465, ""clock_match_fraction"": null, ""mean_power_w"": 68.01453788909708, ""samples"": 62}}",1077.9351463019848,False,safe_high,"{""start"": 1788697184.2772021, ""end"": 1788697191.5545828, ""duration_s"": 7.277380704879761, ""energy_j"": 1077.538638729602, ""mean_power_w"": 148.06682272470252, ""endpoints"": {""P1"": {""energy_j"": 582.4034769833088, ""clock_match_fraction"": 1.0, ""mean_power_w"": 80.02927160218306, ""samples"": 68}, ""D1"": {""energy_j"": 495.1351617462933, ""clock_match_fraction"": 1.0, ""mean_power_w"": 68.03755112251945, ""samples"": 62}}}",148.04976504993058,128,2520,production,production-00174,174,0.0,1788697184.2736855,False,0,55.94880067684695,167.67597303260118,4,22,decode_medium
decode_medium,decode_medium,168.05624961853027,1500,7.277738332748413,1788697203.9493773,"{""P1"": {""energy_j"": 589.9027151167393, ""clock_match_fraction"": null, ""mean_power_w"": 81.05577421797254, ""samples"": 69}, ""D1"": {""energy_j"": 493.9778960198164, ""clock_match_fraction"": null, ""mean_power_w"": 67.87519328594318, ""samples"": 62}}",1083.8806111365557,False,safe_high,"{""start"": 1788697196.6749902, ""end"": 1788697203.9493773, ""duration_s"": 7.2743871212005615, ""energy_j"": 1083.4958102963865, ""mean_power_w"": 148.94667993934956, ""endpoints"": {""P1"": {""energy_j"": 589.6630647480488, ""clock_match_fraction"": 1.0, ""mean_power_w"": 81.06017110768379, ""samples"": 69}, ""D1"": {""energy_j"": 493.8327455483377, ""clock_match_fraction"": 1.0, ""mean_power_w"": 67.88650883166578, ""samples"": 62}}}",148.93096750391572,128,2520,production,production-00175,175,0.0,1788697196.671639,False,0,55.942520377314175,164.70107901841402,4,23,decode_medium
decode_medium,decode_medium,170.93253135681152,1500,7.282448768615723,1788697216.4002926,"{""P1"": {""energy_j"": 583.3706869781017, ""clock_match_fraction"": null, ""mean_power_w"": 80.10639079154019, ""samples"": 68}, ""D1"": {""energy_j"": 495.15938253328204, ""clock_match_fraction"": null, ""mean_power_w"": 67.99352776324494, ""samples"": 62}}",1078.5300695113838,False,safe_high,"{""start"": 1788697209.1213803, ""end"": 1788697216.4002926, ""duration_s"": 7.278912305831909, ""energy_j"": 1078.128831639886, ""mean_power_w"": 148.11674963800326, ""endpoints"": {""P1"": {""energy_j"": 583.116758108139, ""clock_match_fraction"": 1.0, ""mean_power_w"": 80.11042496568372, ""samples"": 68}, ""D1"": {""energy_j"": 495.01207353174686, ""clock_match_fraction"": 1.0, ""mean_power_w"": 68.00632467231954, ""samples"": 62}}}",148.09991855478512,128,2520,production,production-00176,176,0.0,1788697209.1178439,False,0,55.95737515021057,167.39273793064058,4,24,decode_medium
decode_medium,decode_medium,169.22354698181152,1500,7.279910564422607,1788697228.748242,"{""P1"": {""energy_j"": 583.0554042458534, ""clock_match_fraction"": null, ""mean_power_w"": 80.09101198238379, ""samples"": 68}, ""D1"": {""energy_j"": 494.7661550268531, ""clock_match_fraction"": null, ""mean_power_w"": 67.96321886766125, ""samples"": 62}}",1077.8215592727065,False,safe_high,"{""start"": 1788697221.4723618, ""end"": 1788697228.748242, ""duration_s"": 7.2758800983428955, ""energy_j"": 1077.366926588118, ""mean_power_w"": 148.07376042844518, ""endpoints"": {""P1"": {""energy_j"": 582.6868168115616, ""clock_match_fraction"": 1.0, ""mean_power_w"": 80.08471950276783, ""samples"": 68}, ""D1"": {""energy_j"": 494.6801097765565, ""clock_match_fraction"": 1.0, ""mean_power_w"": 67.98904092567736, ""samples"": 62}}}",148.05423085004506,128,2520,production,production-00177,177,0.0,1788697221.4683313,False,0,55.949285527412584,165.192325017415,4,25,decode_medium
,decode_medium,170.50743103027344,1500,7.281789779663086,1788697241.1966183,"{""P1"": {""energy_j"": 592.1325590312481, ""clock_match_fraction"": null, ""mean_power_w"": 81.31689831049269, ""samples"": 68}, ""D1"": {""energy_j"": 493.7028388530016, ""clock_match_fraction"": null, ""mean_power_w"": 67.79965555059518, ""samples"": 62}}",1085.8353978842497,False,safe_high,"{""start"": 1788697233.9183655, ""end"": 1788697241.1966183, ""duration_s"": 7.278252840042114, ""energy_j"": 1085.5014331005514, ""mean_power_w"": 149.14313324326204, ""endpoints"": {""P1"": {""energy_j"": 591.8718373179436, ""clock_match_fraction"": 1.0, ""mean_power_w"": 81.32059304970763, ""samples"": 68}, ""D1"": {""energy_j"": 493.6295957826078, ""clock_match_fraction"": 1.0, ""mean_power_w"": 67.8225401935544, ""samples"": 62}}}",149.11655386108785,128,2520,production,production-00178,178,0.0,1788697233.9148285,False,0,55.9548506766235,166.9664370128885,4,26,decode_medium
,,2871.248960494995,975,10.074015617370605,1788697256.3420846,"{""P1"": {""energy_j"": 641.7865343093872, ""clock_match_fraction"": null, ""mean_power_w"": 63.70712123999053, ""samples"": 93}, ""D1"": {""energy_j"": 498.1915594227612, ""clock_match_fraction"": null, ""mean_power_w"": 49.45312558020363, ""samples"": 88}}",1139.9780937321484,True,table,"{""start"": 1788697248.9662845, ""end"": 1788697256.3420846, ""duration_s"": 7.375800132751465, ""energy_j"": 902.2181382440031, ""mean_power_w"": 122.32139184978702, ""endpoints"": {""P1"": {""energy_j"": 466.0475524067879, ""clock_match_fraction"": 1.0, ""mean_power_w"": 63.18603324639353, ""samples"": 69}, ""D1"": {""energy_j"": 436.1705858372152, ""clock_match_fraction"": 1.0, ""mean_power_w"": 59.13535860339349, ""samples"": 63}}}",113.16024682019416,128,1200,production,production-00179,179,0.5,1788697246.268069,True,1,56.6736510083974,173.0309409322217,4,27,decode_medium
,,180.67407608032227,975,7.383272886276245,1788697268.7966032,"{""P1"": {""energy_j"": 466.71118852496147, ""clock_match_fraction"": null, ""mean_power_w"": 63.21196516960209, ""samples"": 69}, ""D1"": {""energy_j"": 433.96763353422284, ""clock_match_fraction"": null, ""mean_power_w"": 58.7771358608275, ""samples"": 64}}",900.6788220591843,False,table,"{""start"": 1788697261.4174662, ""end"": 1788697268.7966032, ""duration_s"": 7.37913703918457, ""energy_j"": 900.3647174350917, ""mean_power_w"": 122.01490670982122, ""endpoints"": {""P1"": {""energy_j"": 466.4787621498108, ""clock_match_fraction"": 1.0, ""mean_power_w"": 63.21589634027977, ""samples"": 69}, ""D1"": {""energy_j"": 433.88595528528094, ""clock_match_fraction"": 1.0, ""mean_power_w"": 58.79901036954145, ""samples"": 64}}}",121.98910103042958,128,1200,production,production-00180,180,0.0,1788697261.4133303,True,1,56.673229739847265,176.53573502320796,4,28,decode_medium
,,179.96788024902344,975,7.381868839263916,1788697281.2943833,"{""P1"": {""energy_j"": 466.91017013788223, ""clock_match_fraction"": null, ""mean_power_w"": 63.25094367084965, ""samples"": 69}, ""D1"": {""energy_j"": 432.5647403821349, ""clock_match_fraction"": null, ""mean_power_w"": 58.59826959825368, ""samples"": 63}}",899.4749105200171,False,table,"{""start"": 1788697273.9163597, ""end"": 1788697281.2943833, ""duration_s"": 7.378023624420166, ""energy_j"": 899.1870963685215, ""mean_power_w"": 121.87370793885036, ""endpoints"": {""P1"": {""energy_j"": 466.6981789469719, ""clock_match_fraction"": 1.0, ""mean_power_w"": 63.25517546491312, ""samples"": 69}, ""D1"": {""energy_j"": 432.48891742154956, ""clock_match_fraction"": 1.0, ""mean_power_w"": 58.61853247393723, ""samples"": 63}}}",121.84921326910333,128,1200,production,production-00181,181,0.0,1788697273.9125144,True,1,56.67476467769886,176.11815792042762,4,29,decode_medium
,,181.0295581817627,975,7.383444786071777,1788697293.7517107,"{""P1"": {""energy_j"": 466.4092267751694, ""clock_match_fraction"": null, ""mean_power_w"": 63.16959634546324, ""samples"": 69}, ""D1"": {""energy_j"": 431.98987324908376, ""clock_match_fraction"": null, ""mean_power_w"": 58.50790325729731, ""samples"": 64}}",898.3991000242531,False,table,"{""start"": 1788697286.3718584, ""end"": 1788697293.7517107, ""duration_s"": 7.379852294921875, ""energy_j"": 898.127239793539, ""mean_power_w"": 121.69989369726902, ""endpoints"": {""P1"": {""energy_j"": 466.20792359113693, ""clock_match_fraction"": 1.0, ""mean_power_w"": 63.1730697255198, ""samples"": 69}, ""D1"": {""energy_j"": 431.9193162024021, ""clock_match_fraction"": 1.0, ""mean_power_w"": 58.526823971749224, ""samples"": 64}}}",121.67749960276055,128,1200,production,production-00182,182,0.0,1788697286.3682659,True,1,56.671718134559455,177.43176594376564,4,30,decode_medium
,,178.79080772399902,975,7.381284236907959,1788697306.253105,"{""P1"": {""energy_j"": 466.2345098853111, ""clock_match_fraction"": null, ""mean_power_w"": 63.164416234513965, ""samples"": 69}, ""D1"": {""energy_j"": 433.97578728571534, ""clock_match_fraction"": null, ""mean_power_w"": 58.79407611967386, ""samples"": 63}}",900.2102971710265,False,table,"{""start"": 1788697298.8754597, ""end"": 1788697306.253105, ""duration_s"": 7.377645254135132, ""energy_j"": 899.9221833720803, ""mean_power_w"": 121.97959543631873, ""endpoints"": {""P1"": {""energy_j"": 466.01824966073036, ""clock_match_fraction"": 1.0, ""mean_power_w"": 63.16625882757504, ""samples"": 69}, ""D1"": {""energy_j"": 433.90393371134996, ""clock_match_fraction"": 1.0, ""mean_power_w"": 58.8133366087437, ""samples"": 63}}}",121.95849235418783,128,1200,production,production-00183,183,0.0,1788697298.8718207,True,1,56.67055299135262,175.1461890526116,4,31,decode_medium
,,183.02059173583984,975,7.387030363082886,1788697318.7619865,"{""P1"": {""energy_j"": 466.02939671278, ""clock_match_fraction"": null, ""mean_power_w"": 63.087516066238074, ""samples"": 69}, ""D1"": {""energy_j"": 432.600573528558, ""clock_match_fraction"": null, ""mean_power_w"": 58.56217617440759, ""samples"": 64}}",898.629970241338,False,table,"{""start"": 1788697311.381153, ""end"": 1788697318.7619865, ""duration_s"": 7.380833387374878, ""energy_j"": 898.1647189632058, ""mean_power_w"": 121.68879472330885, ""endpoints"": {""P1"": {""energy_j"": 465.6861903369427, ""clock_match_fraction"": 1.0, ""mean_power_w"": 63.09398490602862, ""samples"": 69}, ""D1"": {""energy_j"": 432.47852862626314, ""clock_match_fraction"": 1.0, ""mean_power_w"": 58.59480981728022, ""samples"": 63}}}",121.64969224064566,128,1200,production,production-00184,184,0.0,1788697311.3749561,True,1,56.67067851915252,176.82321509346366,4,32,decode_medium
,,181.32472038269043,975,7.38335657119751,1788697331.2674959,"{""P1"": {""energy_j"": 465.3762936592102, ""clock_match_fraction"": null, ""mean_power_w"": 63.030450875777035, ""samples"": 69}, ""D1"": {""energy_j"": 432.47135531902313, ""clock_match_fraction"": null, ""mean_power_w"": 58.573814111334514, ""samples"": 64}}",897.8476489782333,False,table,"{""start"": 1788697323.8879566, ""end"": 1788697331.2674959, ""duration_s"": 7.379539251327515, ""energy_j"": 897.5609283708036, ""mean_power_w"": 121.62831550890392, ""endpoints"": {""P1"": {""energy_j"": 465.1641270518303, ""clock_match_fraction"": 1.0, ""mean_power_w"": 63.0343048813178, ""samples"": 69}, ""D1"": {""energy_j"": 432.3968013189733, ""clock_match_fraction"": 1.0, ""mean_power_w"": 58.594010627586115, ""samples"": 64}}}",121.60426498711155,128,1200,production,production-00185,185,0.0,1788697323.8841393,True,1,56.67040940176138,177.5017239851877,4,33,decode_medium
,,178.94625663757324,975,7.3806915283203125,1788697343.769845,"{""P1"": {""energy_j"": 465.6606815159321, ""clock_match_fraction"": null, ""mean_power_w"": 63.091741434952844, ""samples"": 69}, ""D1"": {""energy_j"": 432.92394933849573, ""clock_match_fraction"": null, ""mean_power_w"": 58.65628548183207, ""samples"": 64}}",898.5846308544278,False,table,"{""start"": 1788697336.393423, ""end"": 1788697343.769845, ""duration_s"": 7.376421928405762, ""energy_j"": 898.261037517339, ""mean_power_w"": 121.77462816467127, ""endpoints"": {""P1"": {""energy_j"": 465.4208394885063, ""clock_match_fraction"": 1.0, ""mean_power_w"": 63.09574533639726, ""samples"": 69}, ""D1"": {""energy_j"": 432.8401980288327, ""clock_match_fraction"": 1.0, ""mean_power_w"": 58.678882828274006, ""samples"": 64}}}",121.74802691678492,128,1200,production,production-00186,186,0.0,1788697336.3891535,True,1,56.66805050376157,174.67252700589597,4,34,decode_medium
,,184.004545211792,975,7.387385845184326,1788697356.3283854,"{""P1"": {""energy_j"": 459.598413169384, ""clock_match_fraction"": null, ""mean_power_w"": 62.21394452666718, ""samples"": 69}, ""D1"": {""energy_j"": 432.661574319005, ""clock_match_fraction"": null, ""mean_power_w"": 58.56761557960961, ""samples"": 64}}",892.259987488389,False,table,"{""start"": 1788697348.9485524, ""end"": 1788697356.3283854, ""duration_s"": 7.379832983016968, ""energy_j"": 891.6634543128312, ""mean_power_w"": 120.82434065442874, ""endpoints"": {""P1"": {""energy_j"": 459.1501790881157, ""clock_match_fraction"": 1.0, ""mean_power_w"": 62.21687945306445, ""samples"": 69}, ""D1"": {""energy_j"": 432.51327522471547, ""clock_match_fraction"": 1.0, ""mean_power_w"": 58.607461201364295, ""samples"": 64}}}",120.78156010627679,128,1200,production,production-00187,187,0.0,1788697348.9409995,True,1,56.67290368436388,176.44558800384402,4,35,decode_medium
,,181.6258430480957,975,7.383547067642212,1788697368.8334663,"{""P1"": {""energy_j"": 465.44595259428024, ""clock_match_fraction"": null, ""mean_power_w"": 63.038259027840276, ""samples"": 69}, ""D1"": {""energy_j"": 431.32926212623715, ""clock_match_fraction"": null, ""mean_power_w"": 58.41762206900559, ""samples"": 64}}",896.7752147205174,False,table,"{""start"": 1788697361.4543977, ""end"": 1788697368.8334663, ""duration_s"": 7.379068613052368, ""energy_j"": 896.4091085977852, ""mean_power_w"": 121.47998014440248, ""endpoints"": {""P1"": {""energy_j"": 465.1677464544773, ""clock_match_fraction"": 1.0, ""mean_power_w"": 63.038815716074446, ""samples"": 69}, ""D1"": {""energy_j"": 431.2413621433079, ""clock_match_fraction"": 1.0, ""mean_power_w"": 58.44116442832803, ""samples"": 64}}}",121.45588109684586,128,1200,production,production-00188,188,0.0,1788697361.4499192,True,1,56.66927273997553,177.14137502480298,4,36,decode_medium
,,181.61892890930176,975,7.384462356567383,1788697381.3398209,"{""P1"": {""energy_j"": 465.7413050234318, ""clock_match_fraction"": null, ""mean_power_w"": 63.070442035529375, ""samples"": 70}, ""D1"": {""energy_j"": 433.1985896676779, ""clock_match_fraction"": null, ""mean_power_w"": 58.66352467521377, ""samples"": 64}}",898.9398946911097,False,table,"{""start"": 1788697373.959736, ""end"": 1788697381.3398209, ""duration_s"": 7.380084753036499, ""energy_j"": 898.6037360392511, ""mean_power_w"": 121.76062553611258, ""endpoints"": {""P1"": {""energy_j"": 465.49157175421715, ""clock_match_fraction"": 1.0, ""mean_power_w"": 63.07401436856033, ""samples"": 70}, ""D1"": {""energy_j"": 433.11216428503394, ""clock_match_fraction"": 1.0, ""mean_power_w"": 58.68661116755226, ""samples"": 64}}}",121.73396671074315,128,1200,production,production-00189,189,0.0,1788697373.9553585,True,1,56.672646897830305,177.2374779684469,4,37,decode_medium
,,178.87473106384277,975,7.381181001663208,1788697393.8922389,"{""P1"": {""energy_j"": 465.83162915706635, ""clock_match_fraction"": null, ""mean_power_w"": 63.11071751960832, ""samples"": 69}, ""D1"": {""energy_j"": 431.03711261972785, ""clock_match_fraction"": null, ""mean_power_w"": 58.3967677425336, ""samples"": 64}}",896.8687417767942,False,table,"{""start"": 1788697386.5146744, ""end"": 1788697393.8922389, ""duration_s"": 7.377564430236816, ""energy_j"": 896.5371965393424, ""mean_power_w"": 121.52211004283483, ""endpoints"": {""P1"": {""energy_j"": 465.5707223415375, ""clock_match_fraction"": 1.0, ""mean_power_w"": 63.10629025934415, ""samples"": 69}, ""D1"": {""energy_j"": 430.9664741978049, ""clock_match_fraction"": 1.0, ""mean_power_w"": 58.415819783490676, ""samples"": 64}}}",121.50748526214193,128,1200,production,production-00190,190,0.0,1788697386.5110579,True,1,56.668625881448094,175.2631129929796,4,38,decode_medium
,,177.83546447753906,975,7.3803794384002686,1788697406.4471955,"{""P1"": {""energy_j"": 465.9334756433964, ""clock_match_fraction"": null, ""mean_power_w"": 63.1313714331725, ""samples"": 69}, ""D1"": {""energy_j"": 433.43682804331183, ""clock_match_fraction"": null, ""mean_power_w"": 58.72825803347332, ""samples"": 64}}",899.3703036867082,False,table,"{""start"": 1788697399.0710006, ""end"": 1788697406.4471955, ""duration_s"": 7.376194953918457, ""energy_j"": 898.9699524082243, ""mean_power_w"": 121.87448379881343, ""endpoints"": {""P1"": {""energy_j"": 465.6977009177208, ""clock_match_fraction"": 1.0, ""mean_power_w"": 63.135221320354084, ""samples"": 69}, ""D1"": {""energy_j"": 433.27225149050355, ""clock_match_fraction"": 1.0, ""mean_power_w"": 58.73926247845934, ""samples"": 64}}}",121.85962946664581,128,1200,production,production-00191,191,0.0,1788697399.066816,True,1,56.672494984085226,173.64601301960647,4,39,decode_medium
,,179.5825958251953,975,7.381535053253174,1788697418.9487844,"{""P1"": {""energy_j"": 459.15698435902596, ""clock_match_fraction"": null, ""mean_power_w"": 62.20345511421331, ""samples"": 70}, ""D1"": {""energy_j"": 431.83227590098977, ""clock_match_fraction"": null, ""mean_power_w"": 58.50169006657681, ""samples"": 64}}",890.9892602600157,False,table,"{""start"": 1788697411.5713413, ""end"": 1788697418.9487844, ""duration_s"": 7.377443075180054, ""energy_j"": 890.6792419999838, ""mean_power_w"": 120.73007313285788, ""endpoints"": {""P1"": {""energy_j"": 458.927120923996, ""clock_match_fraction"": 1.0, ""mean_power_w"": 62.20679932698707, ""samples"": 70}, ""D1"": {""energy_j"": 431.7521210759878, ""clock_match_fraction"": 1.0, ""mean_power_w"": 58.52327380587081, ""samples"": 64}}}",120.70514518079013,128,1200,production,production-00192,192,0.0,1788697411.5672493,True,1,56.668642307925005,175.4845929099247,4,40,decode_medium
,,181.84661865234375,975,7.3835084438323975,1788697431.5025456,"{""P1"": {""energy_j"": 465.20932310819626, ""clock_match_fraction"": null, ""mean_power_w"": 63.00654040651847, ""samples"": 69}, ""D1"": {""energy_j"": 430.3752270638943, ""clock_match_fraction"": null, ""mean_power_w"": 58.288716040325774, ""samples"": 64}}",895.5845501720905,False,table,"{""start"": 1788697424.122916, ""end"": 1788697431.5025456, ""duration_s"": 7.379629611968994, ""energy_j"": 895.2740252315998, ""mean_power_w"": 121.31693219122518, ""endpoints"": {""P1"": {""energy_j"": 464.97508174180984, ""clock_match_fraction"": 1.0, ""mean_power_w"": 63.00791586987895, ""samples"": 69}, ""D1"": {""energy_j"": 430.29894348978996, ""clock_match_fraction"": 1.0, ""mean_power_w"": 58.30901632134622, ""samples"": 64}}}",121.29525644684425,128,1200,production,production-00193,193,0.0,1788697424.1190372,True,1,56.667997559539856,177.96312388963997,4,41,decode_medium
,,181.5164089202881,975,7.3834311962127686,1788697444.0646765,"{""P1"": {""energy_j"": 458.62603837251663, ""clock_match_fraction"": null, ""mean_power_w"": 62.11557014410355, ""samples"": 69}, ""D1"": {""energy_j"": 431.74706568941474, ""clock_match_fraction"": null, ""mean_power_w"": 58.47512548242795, ""samples"": 64}}",890.3731040619314,False,table,"{""start"": 1788697436.6852484, ""end"": 1788697444.0646765, ""duration_s"": 7.379428148269653, ""energy_j"": 889.9783380962908, ""mean_power_w"": 120.6026158415778, ""endpoints"": {""P1"": {""energy_j"": 458.3091467320919, ""clock_match_fraction"": 1.0, ""mean_power_w"": 62.106322810332856, ""samples"": 69}, ""D1"": {""energy_j"": 431.6691913641989, ""clock_match_fraction"": 1.0, ""mean_power_w"": 58.496293031244946, ""samples"": 64}}}",120.5906956265315,128,1200,production,production-00194,194,0.0,1788697436.6812453,True,1,56.6713162523687,177.50930599868298,4,42,decode_medium
,,179.07071113586426,975,7.383149147033691,1788697456.5711973,"{""P1"": {""energy_j"": 466.0360367000103, ""clock_match_fraction"": null, ""mean_power_w"": 63.12157961582672, ""samples"": 69}, ""D1"": {""energy_j"": 430.81730536744, ""clock_match_fraction"": null, ""mean_power_w"": 58.351429286854966, ""samples"": 64}}",896.8533420674503,False,table,"{""start"": 1788697449.191725, ""end"": 1788697456.5711973, ""duration_s"": 7.379472255706787, ""energy_j"": 896.5107277370989, ""mean_power_w"": 121.48710594362596, ""endpoints"": {""P1"": {""energy_j"": 465.76539075374603, ""clock_match_fraction"": 1.0, ""mean_power_w"": 63.116355020313875, ""samples"": 69}, ""D1"": {""energy_j"": 430.7453369833529, ""clock_match_fraction"": 1.0, ""mean_power_w"": 58.37075092331209, ""samples"": 64}}}",121.47300890268168,128,1200,production,production-00195,195,0.0,1788697449.1880481,True,1,56.67504383430735,175.39027309976518,4,43,decode_medium
,,180.58156967163086,975,7.382391929626465,1788697469.125773,"{""P1"": {""energy_j"": 466.0278782248497, ""clock_match_fraction"": null, ""mean_power_w"": 63.12694891673542, ""samples"": 69}, ""D1"": {""energy_j"": 432.81053019315004, ""clock_match_fraction"": null, ""mean_power_w"": 58.6274115922005, ""samples"": 64}}",898.8384084179997,False,table,"{""start"": 1788697461.7475345, ""end"": 1788697469.125773, ""duration_s"": 7.3782384395599365, ""energy_j"": 898.4408867508173, ""mean_power_w"": 121.76902306838478, ""endpoints"": {""P1"": {""energy_j"": 465.7934545278549, ""clock_match_fraction"": 1.0, ""mean_power_w"": 63.130713156464004, ""samples"": 69}, ""D1"": {""energy_j"": 432.6474322229624, ""clock_match_fraction"": 1.0, ""mean_power_w"": 58.638309911920786, ""samples"": 64}}}",121.75436050893593,128,1200,production,production-00196,196,0.0,1788697461.743381,True,1,56.66943696899501,176.42443999648094,4,44,decode_medium
,,181.9462776184082,975,7.384887218475342,1788697481.6313088,"{""P1"": {""energy_j"": 459.67718333005905, ""clock_match_fraction"": null, ""mean_power_w"": 62.245660594524615, ""samples"": 69}, ""D1"": {""energy_j"": 431.59083438664675, ""clock_match_fraction"": null, ""mean_power_w"": 58.44244084146643, ""samples"": 64}}",891.2680177167058,False,table,"{""start"": 1788697474.2498457, ""end"": 1788697481.6313088, ""duration_s"": 7.381463050842285, ""energy_j"": 890.86861564219, ""mean_power_w"": 120.68997832896211, ""endpoints"": {""P1"": {""energy_j"": 459.34464809298515, ""clock_match_fraction"": 1.0, ""mean_power_w"": 62.229485527340024, ""samples"": 69}, ""D1"": {""energy_j"": 431.5239675492048, ""clock_match_fraction"": 1.0, ""mean_power_w"": 58.46049280162209, ""samples"": 64}}}",120.68810143599104,128,1200,production,production-00197,197,0.0,1788697474.2464216,True,1,56.669224479866365,178.5149300703779,4,45,decode_medium
,,180.78994750976562,975,7.382354497909546,1788697494.1862786,"{""P1"": {""energy_j"": 465.4603042602539, ""clock_match_fraction"": null, ""mean_power_w"": 63.05038648469914, ""samples"": 69}, ""D1"": {""energy_j"": 430.4335497021675, ""clock_match_fraction"": null, ""mean_power_w"": 58.30572750523603, ""samples"": 64}}",895.8938539624214,False,table,"{""start"": 1788697486.8084624, ""end"": 1788697494.1862786, ""duration_s"": 7.377816200256348, ""energy_j"": 895.5397131666541, ""mean_power_w"": 121.38276271175445, ""endpoints"": {""P1"": {""energy_j"": 465.1951685845852, ""clock_match_fraction"": 1.0, ""mean_power_w"": 63.053233634150665, ""samples"": 69}, ""D1"": {""energy_j"": 430.3445445820689, ""clock_match_fraction"": 1.0, ""mean_power_w"": 58.32952907760379, ""samples"": 64}}}",121.35611398993517,128,1200,production,production-00198,198,0.0,1788697486.803924,True,1,56.66828795251855,176.24748009257019,4,46,decode_medium
,,179.95238304138184,975,7.3863770961761475,1788697506.6936083,"{""P1"": {""energy_j"": 465.70693784952164, ""clock_match_fraction"": null, ""mean_power_w"": 63.04943977076575, ""samples"": 70}, ""D1"": {""energy_j"": 434.13544810935855, ""clock_match_fraction"": null, ""mean_power_w"": 58.77515356399906, ""samples"": 64}}",899.8423859588802,False,table,"{""start"": 1788697499.3118563, ""end"": 1788697506.6936083, ""duration_s"": 7.381752014160156, ""energy_j"": 899.3981930762529, ""mean_power_w"": 121.84074882913553, ""endpoints"": {""P1"": {""energy_j"": 465.4444257616997, ""clock_match_fraction"": 1.0, ""mean_power_w"": 63.053381482994006, ""samples"": 70}, ""D1"": {""energy_j"": 433.95376731455326, ""clock_match_fraction"": 1.0, ""mean_power_w"": 58.78736734614154, ""samples"": 64}}}",121.82459333476481,128,1200,production,production-00199,199,0.0,1788697499.3072312,True,1,56.66858179487405,175.32184498850256,4,47,decode_medium
,,179.87346649169922,975,7.382038593292236,1788697519.2477627,"{""P1"": {""energy_j"": 460.55441492795944, ""clock_match_fraction"": null, ""mean_power_w"": 62.38851356676012, ""samples"": 69}, ""D1"": {""energy_j"": 430.8005795478821, ""clock_match_fraction"": null, ""mean_power_w"": 58.357941929392425, ""samples"": 64}}",891.3549944758415,False,table,"{""start"": 1788697511.869581, ""end"": 1788697519.2477627, ""duration_s"": 7.37818169593811, ""energy_j"": 890.9847860373557, ""mean_power_w"": 120.75939882693145, ""endpoints"": {""P1"": {""energy_j"": 460.2594967186451, ""clock_match_fraction"": 1.0, ""mean_power_w"": 62.381155098420855, ""samples"": 69}, ""D1"": {""energy_j"": 430.72528931871057, ""clock_match_fraction"": 1.0, ""mean_power_w"": 58.37824372851058, ""samples"": 64}}}",120.74645549615254,128,1200,production,production-00200,200,0.0,1788697511.865724,True,1,56.67328599228076,176.01134802680463,4,48,decode_medium
,,178.70068550109863,975,7.381436824798584,1788697531.7504728,"{""P1"": {""energy_j"": 465.96954983472824, ""clock_match_fraction"": null, ""mean_power_w"": 63.127215052395044, ""samples"": 70}, ""D1"": {""energy_j"": 429.92228442803025, ""clock_match_fraction"": null, ""mean_power_w"": 58.24371252269865, ""samples"": 63}}",895.8918342627585,False,table,"{""start"": 1788697524.372692, ""end"": 1788697531.7504728, ""duration_s"": 7.3777806758880615, ""energy_j"": 895.613966036588, ""mean_power_w"": 121.39341156665424, ""endpoints"": {""P1"": {""energy_j"": 465.7627203464508, ""clock_match_fraction"": 1.0, ""mean_power_w"": 63.13046440491904, ""samples"": 70}, ""D1"": {""energy_j"": 429.85124569013715, ""clock_match_fraction"": 1.0, ""mean_power_w"": 58.2629471617352, ""samples"": 63}}}",121.37092757509369,128,1200,production,production-00201,201,0.0,1788697524.369036,True,1,56.67205985844517,175.03921501338482,4,49,decode_medium
,,177.65092849731445,975,7.379282712936401,1788697544.305653,"{""P1"": {""energy_j"": 463.80531924963, ""clock_match_fraction"": null, ""mean_power_w"": 62.852358053249084, ""samples"": 69}, ""D1"": {""energy_j"": 431.8993068821728, ""clock_match_fraction"": null, ""mean_power_w"": 58.52862990667413, ""samples"": 64}}",895.7046261318028,False,table,"{""start"": 1788697536.9304957, ""end"": 1788697544.305653, ""duration_s"": 7.375157356262207, ""energy_j"": 895.0173643939197, ""mean_power_w"": 121.3556973986413, ""endpoints"": {""P1"": {""energy_j"": 463.1988666653633, ""clock_match_fraction"": 1.0, ""mean_power_w"": 62.80528594716201, ""samples"": 69}, ""D1"": {""energy_j"": 431.8184977285564, ""clock_match_fraction"": 1.0, ""mean_power_w"": 58.550411451479285, ""samples"": 64}}}",121.3809879599232,128,1200,production,production-00202,202,0.0,1788697536.9263704,True,1,56.66915959803256,173.52108203340322,4,50,decode_medium
,,183.18796157836914,975,7.385144233703613,1788697556.8623083,"{""P1"": {""energy_j"": 465.9150243997574, ""clock_match_fraction"": null, ""mean_power_w"": 63.088141498098175, ""samples"": 69}, ""D1"": {""energy_j"": 430.7208107151091, ""clock_match_fraction"": null, ""mean_power_w"": 58.3225996791541, ""samples"": 64}}",896.6358351148665,False,table,"{""start"": 1788697549.4814732, ""end"": 1788697556.8623083, ""duration_s"": 7.380835056304932, ""energy_j"": 896.2871983274817, ""mean_power_w"": 121.43438940040345, ""endpoints"": {""P1"": {""energy_j"": 465.6498654782772, ""clock_match_fraction"": 1.0, ""mean_power_w"": 63.089049128730366, ""samples"": 69}, ""D1"": {""energy_j"": 430.63733284920454, ""clock_match_fraction"": 1.0, ""mean_power_w"": 58.345340271673074, ""samples"": 64}}}",121.41074117725228,128,1200,production,production-00203,203,0.0,1788697549.477164,True,1,56.66922300038346,178.87250194326043,4,51,decode_medium
,,181.78749084472656,975,7.383981227874756,1788697569.3712947,"{""P1"": {""energy_j"": 465.5475906431675, ""clock_match_fraction"": null, ""mean_power_w"": 63.04831719854745, ""samples"": 70}, ""D1"": {""energy_j"": 430.1303235068917, ""clock_match_fraction"": null, ""mean_power_w"": 58.25181703917888, ""samples"": 64}}",895.6779141500592,False,table,"{""start"": 1788697561.9922976, ""end"": 1788697569.3712947, ""duration_s"": 7.378997087478638, ""energy_j"": 895.2975359633565, ""mean_power_w"": 121.33051759602668, ""endpoints"": {""P1"": {""energy_j"": 465.26413255929947, ""clock_match_fraction"": 1.0, ""mean_power_w"": 63.05248898238523, ""samples"": 70}, ""D1"": {""energy_j"": 430.033403404057, ""clock_match_fraction"": 1.0, ""mean_power_w"": 58.27802861364146, ""samples"": 64}}}",121.30013423772634,128,1200,production,production-00204,204,0.0,1788697561.9873135,True,1,56.67071128319069,176.79829592816532,4,52,decode_medium
,,180.28950691223145,975,7.382623672485352,1788697581.925756,"{""P1"": {""energy_j"": 459.57739305496216, ""clock_match_fraction"": null, ""mean_power_w"": 62.251228485041544, ""samples"": 69}, ""D1"": {""energy_j"": 431.10135189443827, ""clock_match_fraction"": null, ""mean_power_w"": 58.39405758973334, ""samples"": 64}}",890.6787449494004,False,table,"{""start"": 1788697574.5472794, ""end"": 1788697581.925756, ""duration_s"": 7.378476619720459, ""energy_j"": 890.2754860892892, ""mean_power_w"": 120.65844102695254, ""endpoints"": {""P1"": {""energy_j"": 459.2548431754112, ""clock_match_fraction"": 1.0, ""mean_power_w"": 62.24250164972543, ""samples"": 69}, ""D1"": {""energy_j"": 431.02064291387796, ""clock_match_fraction"": 1.0, ""mean_power_w"": 58.41593937722711, ""samples"": 64}}}",120.64528607477489,128,1200,production,production-00205,205,0.0,1788697574.5431323,True,1,56.669870787483504,176.13625701051205,4,53,decode_medium
,,178.21073532104492,975,7.380242109298706,1788697594.431645,"{""P1"": {""energy_j"": 466.0766687989235, ""clock_match_fraction"": null, ""mean_power_w"": 63.1519483909196, ""samples"": 70}, ""D1"": {""energy_j"": 430.7746738791466, ""clock_match_fraction"": null, ""mean_power_w"": 58.36863716657666, ""samples"": 64}}",896.8513426780701,False,table,"{""start"": 1788697587.0551116, ""end"": 1788697594.431645, ""duration_s"": 7.376533269882202, ""energy_j"": 896.5553272180259, ""mean_power_w"": 121.54155541853108, ""endpoints"": {""P1"": {""energy_j"": 465.8527391254902, ""clock_match_fraction"": 1.0, ""mean_power_w"": 63.153343458441356, ""samples"": 69}, ""D1"": {""energy_j"": 430.70258809253573, ""clock_match_fraction"": 1.0, ""mean_power_w"": 58.38821196008972, ""samples"": 64}}}",121.52058555749626,128,1200,production,production-00206,206,0.0,1788697587.0514028,True,1,56.67048237766836,174.49882300570607,4,54,decode_medium
,,181.62918090820312,975,7.383757591247559,1788697606.9377892,"{""P1"": {""energy_j"": 465.9445235133171, ""clock_match_fraction"": null, ""mean_power_w"": 63.103984354203476, ""samples"": 69}, ""D1"": {""energy_j"": 429.64738765358925, ""clock_match_fraction"": null, ""mean_power_w"": 58.18817618862215, ""samples"": 64}}",895.5919111669064,False,table,"{""start"": 1788697599.558077, ""end"": 1788697606.9377892, ""duration_s"": 7.379712104797363, ""energy_j"": 895.2876558043063, ""mean_power_w"": 121.31742310412116, ""endpoints"": {""P1"": {""energy_j"": 465.71899914741516, ""clock_match_fraction"": 1.0, ""mean_power_w"": 63.10801729577812, ""samples"": 69}, ""D1"": {""energy_j"": 429.5686566568911, ""clock_match_fraction"": 1.0, ""mean_power_w"": 58.20940580834304, ""samples"": 64}}}",121.29216054282563,128,1200,production,production-00207,207,0.0,1788697599.5540316,True,1,56.66737429115657,177.5780039606616,4,55,decode_medium
,,180.6163787841797,975,7.382989883422852,1788697619.495739,"{""P1"": {""energy_j"": 459.18383872509, ""clock_match_fraction"": null, ""mean_power_w"": 62.19483515155601, ""samples"": 69}, ""D1"": {""energy_j"": 430.76356157660484, ""clock_match_fraction"": null, ""mean_power_w"": 58.34540861877724, ""samples"": 64}}",889.9474003016949,False,table,"{""start"": 1788697612.1160915, ""end"": 1788697619.495739, ""duration_s"": 7.379647493362427, ""energy_j"": 889.5820891186595, ""mean_power_w"": 120.54533633466748, ""endpoints"": {""P1"": {""energy_j"": 458.8843872845173, ""clock_match_fraction"": 1.0, ""mean_power_w"": 62.182426423112716, ""samples"": 69}, ""D1"": {""energy_j"": 430.6977018341422, ""clock_match_fraction"": 1.0, ""mean_power_w"": 58.36290991155476, ""samples"": 64}}}",120.54024377033326,128,1200,production,production-00208,208,0.0,1788697612.112749,True,1,56.67044267729365,177.27025202475488,4,56,decode_medium
decode_heavy,,3789.256811141968,1500,18.081565856933594,1788697642.7074924,"{""P1"": {""energy_j"": 1429.5687110722065, ""clock_match_fraction"": null, ""mean_power_w"": 79.06221852594814, ""samples"": 168}, ""D1"": {""energy_j"": 1069.3233408220112, ""clock_match_fraction"": null, ""mean_power_w"": 59.13886824198726, ""samples"": 155}}",2498.8920518942177,True,safe_high,"{""start"": 1788697628.2342236, ""end"": 1788697642.7074924, ""duration_s"": 14.473268747329712, ""energy_j"": 2142.640556331724, ""mean_power_w"": 148.0412333756351, ""endpoints"": {""P1"": {""energy_j"": 1155.95533695817, ""clock_match_fraction"": 1.0, ""mean_power_w"": 79.86829769684483, ""samples"": 135}, ""D1"": {""energy_j"": 986.685219373554, ""clock_match_fraction"": 1.0, ""mean_power_w"": 68.17293567879028, ""samples"": 123}}}",138.2010867679354,256,2520,production,production-00209,209,0.5,1788697624.6259265,False,0,56.02119586649625,180.95541500952095,5,1,decode_heavy
decode_heavy,decode_heavy,172.12820053100586,1500,14.465244054794312,1788697662.292519,"{""P1"": {""energy_j"": 1149.542369633913, ""clock_match_fraction"": null, ""mean_power_w"": 79.46926890963258, ""samples"": 134}, ""D1"": {""energy_j"": 989.0498301796615, ""clock_match_fraction"": null, ""mean_power_w"": 68.37422351348812, ""samples"": 122}}",2138.5921998135746,False,safe_high,"{""start"": 1788697647.8309665, ""end"": 1788697662.292519, ""duration_s"": 14.461552619934082, ""energy_j"": 2138.1641980074346, ""mean_power_w"": 147.85163489708208, ""endpoints"": {""P1"": {""energy_j"": 1149.190929532051, ""clock_match_fraction"": 1.0, ""mean_power_w"": 79.46525243409786, ""samples"": 134}, ""D1"": {""energy_j"": 988.9732684753835, ""clock_match_fraction"": 1.0, ""mean_power_w"": 68.38638246298422, ""samples"": 122}}}",147.8434924231207,256,2520,production,production-00210,210,0.0,1788697647.827275,False,0,56.024317242953856,168.4351700823754,5,2,decode_heavy
decode_heavy,decode_heavy,171.53429985046387,1500,14.463940143585205,1788697681.8757544,"{""P1"": {""energy_j"": 1149.0741140842438, ""clock_match_fraction"": null, ""mean_power_w"": 79.44405899618307, ""samples"": 134}, ""D1"": {""energy_j"": 990.0462823063135, ""clock_match_fraction"": null, ""mean_power_w"": 68.44927955163044, ""samples"": 123}}",2139.1203963905573,False,safe_high,"{""start"": 1788697667.4159105, ""end"": 1788697681.8757544, ""duration_s"": 14.459843873977661, ""energy_j"": 2138.6175493448973, ""mean_power_w"": 147.90045922927376, ""endpoints"": {""P1"": {""energy_j"": 1148.656901717186, ""clock_match_fraction"": 1.0, ""mean_power_w"": 79.43771120408437, ""samples"": 134}, ""D1"": {""energy_j"": 989.9606476277113, ""clock_match_fraction"": 1.0, ""mean_power_w"": 68.46274802518941, ""samples"": 123}}}",147.89333854781353,256,2520,production,production-00211,211,0.0,1788697667.4118142,False,0,56.02216989386316,167.4344369675964,5,3,decode_heavy
decode_heavy,decode_heavy,167.5248146057129,1500,14.460545063018799,1788697701.4593537,"{""P1"": {""energy_j"": 1157.7955811321735, ""clock_match_fraction"": null, ""mean_power_w"": 80.06583265613578, ""samples"": 134}, ""D1"": {""energy_j"": 990.4601055048406, ""clock_match_fraction"": null, ""mean_power_w"": 68.49396763320007, ""samples"": 122}}",2148.255686637014,False,safe_high,"{""start"": 1788697687.002837, ""end"": 1788697701.4593537, ""duration_s"": 14.456516742706299, ""energy_j"": 2147.87802824378, ""mean_power_w"": 148.5750728526941, ""endpoints"": {""P1"": {""energy_j"": 1157.504351258278, ""clock_match_fraction"": 1.0, ""mean_power_w"": 80.06799783511266, ""samples"": 134}, ""D1"": {""energy_j"": 990.3736769855022, ""clock_match_fraction"": 1.0, ""mean_power_w"": 68.50707501758143, ""samples"": 122}}}",148.55980028933584,256,2520,production,production-00212,212,0.0,1788697686.9988086,False,0,56.0226515017669,163.49336702842265,5,4,decode_heavy
decode_heavy,decode_heavy,169.87156867980957,1500,14.463513135910034,1788697721.042344,"{""P1"": {""energy_j"": 1150.7792274653912, ""clock_match_fraction"": null, ""mean_power_w"": 79.56429510948033, ""samples"": 134}, ""D1"": {""energy_j"": 993.2768672704697, ""clock_match_fraction"": null, ""mean_power_w"": 68.67466140051135, ""samples"": 122}}",2144.056094735861,False,safe_high,"{""start"": 1788697706.5818462, ""end"": 1788697721.042344, ""duration_s"": 14.460497856140137, ""energy_j"": 2143.7709659412503, ""mean_power_w"": 148.25014928728572, ""endpoints"": {""P1"": {""energy_j"": 1150.5624825954437, ""clock_match_fraction"": 1.0, ""mean_power_w"": 79.56589697268952, ""samples"": 134}, ""D1"": {""energy_j"": 993.2084833458066, ""clock_match_fraction"": 1.0, ""mean_power_w"": 68.68425231459621, ""samples"": 122}}}",148.23895650999168,256,2520,production,production-00213,213,0.0,1788697706.578831,False,0,56.02938042743606,166.85282404068857,5,5,decode_heavy
decode_heavy,decode_heavy,169.51990127563477,1500,14.462459564208984,1788697740.590246,"{""P1"": {""energy_j"": 1150.862284988165, ""clock_match_fraction"": null, ""mean_power_w"": 79.57583424027438, ""samples"": 134}, ""D1"": {""energy_j"": 992.5853540971875, ""clock_match_fraction"": null, ""mean_power_w"": 68.6318499070235, ""samples"": 122}}",2143.4476390853524,False,safe_high,"{""start"": 1788697726.1314206, ""end"": 1788697740.590246, ""duration_s"": 14.45882534980774, ""energy_j"": 2143.023109380156, ""mean_power_w"": 148.21557474644038, ""endpoints"": {""P1"": {""energy_j"": 1150.595951974392, ""clock_match_fraction"": 1.0, ""mean_power_w"": 79.57741546340011, ""samples"": 134}, ""D1"": {""energy_j"": 992.4271574057639, ""clock_match_fraction"": 1.0, ""mean_power_w"": 68.63815928304025, ""samples"": 122}}}",148.20768414729787,256,2520,production,production-00214,214,0.0,1788697726.1277864,False,0,56.021335901802075,165.88179196696728,5,6,decode_heavy
decode_heavy,decode_heavy,173.00724983215332,1500,14.461943626403809,1788697760.1724455,"{""P1"": {""energy_j"": 1150.762500822544, ""clock_match_fraction"": null, ""mean_power_w"": 79.57177337640469, ""samples"": 134}, ""D1"": {""energy_j"": 995.6681965328753, ""clock_match_fraction"": null, ""mean_power_w"": 68.84746768857818, ""samples"": 122}}",2146.4306973554194,False,safe_high,"{""start"": 1788697745.714025, ""end"": 1788697760.1724455, ""duration_s"": 14.458420515060425, ""energy_j"": 2146.0574306994677, ""mean_power_w"": 148.42959011076314, ""endpoints"": {""P1"": {""energy_j"": 1150.4626607000828, ""clock_match_fraction"": 1.0, ""mean_power_w"": 79.57042468793313, ""samples"": 134}, ""D1"": {""energy_j"": 995.5947699993849, ""clock_match_fraction"": 1.0, ""mean_power_w"": 68.85916542283002, ""samples"": 122}}}",148.41924106498286,256,2520,production,production-00215,215,0.0,1788697745.710502,False,0,56.02194044702485,169.47969107422978,5,7,decode_heavy
decode_heavy,decode_heavy,172.6689338684082,1500,14.46694016456604,1788697779.7133381,"{""P1"": {""energy_j"": 1160.5368047058582, ""clock_match_fraction"": null, ""mean_power_w"": 80.21992152482719, ""samples"": 134}, ""D1"": {""energy_j"": 997.9345271401107, ""clock_match_fraction"": null, ""mean_power_w"": 68.98034524151538, ""samples"": 123}}",2158.471331845969,False,safe_high,"{""start"": 1788697765.250451, ""end"": 1788697779.7133381, ""duration_s"": 14.462887048721313, ""energy_j"": 2158.088542174548, ""mean_power_w"": 149.21561199396547, ""endpoints"": {""P1"": {""energy_j"": 1160.2416226267815, ""clock_match_fraction"": 1.0, ""mean_power_w"": 80.22199293393226, ""samples"": 134}, ""D1"": {""energy_j"": 997.8469195477664, ""clock_match_fraction"": 1.0, ""mean_power_w"": 68.99361906003323, ""samples"": 123}}}",149.20026676634257,256,2520,production,production-00216,216,0.0,1788697765.246398,False,0,56.02840736471847,168.61202800646424,5,8,decode_heavy
decode_heavy,decode_heavy,172.77002334594727,1500,14.46519923210144,1788697799.2983344,"{""P1"": {""energy_j"": 1157.837411403656, ""clock_match_fraction"": null, ""mean_power_w"": 80.04296330977327, ""samples"": 134}, ""D1"": {""energy_j"": 994.7378135100007, ""clock_match_fraction"": null, ""mean_power_w"": 68.76765383932356, ""samples"": 122}}",2152.5752249136567,False,safe_high,"{""start"": 1788697784.837183, ""end"": 1788697799.2983344, ""duration_s"": 14.461151361465454, ""energy_j"": 2152.197623964399, ""mean_power_w"": 148.8261598380989, ""endpoints"": {""P1"": {""energy_j"": 1157.545142263174, ""clock_match_fraction"": 1.0, ""mean_power_w"": 80.0451577699185, ""samples"": 134}, ""D1"": {""energy_j"": 994.652481701225, ""clock_match_fraction"": 1.0, ""mean_power_w"": 68.78100206818038, ""samples"": 122}}}",148.81061714909683,256,2520,production,production-00217,217,0.0,1788697784.8331351,False,0,56.01983660759002,168.71795104816556,5,9,decode_heavy
decode_heavy,decode_heavy,178.0529022216797,1500,14.4707190990448,1788697818.8385532,"{""P1"": {""energy_j"": 1153.1459865570068, ""clock_match_fraction"": null, ""mean_power_w"": 79.68822963560429, ""samples"": 134}, ""D1"": {""energy_j"": 993.6410385631025, ""clock_match_fraction"": null, ""mean_power_w"": 68.66562965959943, ""samples"": 123}}",2146.7870251201093,False,safe_high,"{""start"": 1788697804.3721547, ""end"": 1788697818.8385532, ""duration_s"": 14.466398477554321, ""energy_j"": 2146.2646696679294, ""mean_power_w"": 148.36205936107848, ""endpoints"": {""P1"": {""energy_j"": 1152.7130550444126, ""clock_match_fraction"": 1.0, ""mean_power_w"": 79.68210310485581, ""samples"": 134}, ""D1"": {""energy_j"": 993.5516146235168, ""clock_match_fraction"": 1.0, ""mean_power_w"": 68.67995625622265, ""samples"": 123}}}",148.3538592952037,256,2520,production,production-00218,218,0.0,1788697804.367834,False,0,56.02262953351087,173.7307560397312,5,10,decode_heavy
decode_heavy,decode_heavy,175.92096328735352,1500,14.468312501907349,1788697838.428935,"{""P1"": {""energy_j"": 1151.5896620750427, ""clock_match_fraction"": null, ""mean_power_w"": 79.59391683883172, ""samples"": 134}, ""D1"": {""energy_j"": 990.0758055001497, ""clock_match_fraction"": null, ""mean_power_w"": 68.4306345587731, ""samples"": 122}}",2141.6654675751925,False,safe_high,"{""start"": 1788697823.9641383, ""end"": 1788697838.428935, ""duration_s"": 14.464796781539917, ""energy_j"": 2141.15905052796, ""mean_power_w"": 148.02551898001937, ""endpoints"": {""P1"": {""energy_j"": 1151.2306609749794, ""clock_match_fraction"": 1.0, ""mean_power_w"": 79.58844347154525, ""samples"": 134}, ""D1"": {""energy_j"": 989.9283895529807, ""clock_match_fraction"": 1.0, ""mean_power_w"": 68.43707550847411, ""samples"": 122}}}",148.0245513976048,256,2520,production,production-00219,219,0.0,1788697823.9606225,False,0,56.021641325844705,172.40052297711372,5,11,decode_heavy
decode_heavy,decode_heavy,176.53846740722656,1500,14.47522258758545,1788697858.024742,"{""P1"": {""energy_j"": 1161.0741215646267, ""clock_match_fraction"": null, ""mean_power_w"": 80.21114110952684, ""samples"": 134}, ""D1"": {""energy_j"": 992.4434524253011, ""clock_match_fraction"": null, ""mean_power_w"": 68.56153309009989, ""samples"": 122}}",2153.5175739899278,False,safe_high,"{""start"": 1788697843.5533538, ""end"": 1788697858.024742, ""duration_s"": 14.471388101577759, ""energy_j"": 2153.1568357869983, ""mean_power_w"": 148.78716683386082, ""endpoints"": {""P1"": {""energy_j"": 1160.7932796776295, ""clock_match_fraction"": 1.0, ""mean_power_w"": 80.21298796838106, ""samples"": 134}, ""D1"": {""energy_j"": 992.3635561093688, ""clock_match_fraction"": 1.0, ""mean_power_w"": 68.57417886547977, ""samples"": 122}}}",148.77267419962672,256,2520,production,production-00220,220,0.0,1788697843.5495193,False,0,56.02554041965335,172.6995169883594,5,12,decode_heavy
decode_heavy,decode_heavy,173.13671112060547,1500,14.465500831604004,1788697877.664232,"{""P1"": {""energy_j"": 1160.9868248403072, ""clock_match_fraction"": null, ""mean_power_w"": 80.25901338333209, ""samples"": 134}, ""D1"": {""energy_j"": 988.5774139389396, ""clock_match_fraction"": null, ""mean_power_w"": 68.34035167168985, ""samples"": 122}}",2149.564238779247,False,safe_high,"{""start"": 1788697863.2030983, ""end"": 1788697877.664232, ""duration_s"": 14.4611337184906, ""energy_j"": 2149.1536089107394, ""mean_power_w"": 148.61584511612276, ""endpoints"": {""P1"": {""energy_j"": 1160.671271532774, ""clock_match_fraction"": 1.0, ""mean_power_w"": 80.26142999069927, ""samples"": 134}, ""D1"": {""energy_j"": 988.4823373779655, ""clock_match_fraction"": 1.0, ""mean_power_w"": 68.35441512542349, ""samples"": 122}}}",148.59936505502193,256,2520,production,production-00221,221,0.0,1788697863.1987312,False,0,56.02098998029296,168.76463999506086,5,13,decode_heavy
decode_heavy,decode_heavy,175.07100105285645,1500,14.469363689422607,1788697897.2549005,"{""P1"": {""energy_j"": 1152.7593183517456, ""clock_match_fraction"": null, ""mean_power_w"": 79.66897115140146, ""samples"": 134}, ""D1"": {""energy_j"": 992.7865344919264, ""clock_match_fraction"": null, ""mean_power_w"": 68.61300578253301, ""samples"": 122}}",2145.545852843672,False,safe_high,"{""start"": 1788697882.7893207, ""end"": 1788697897.2549005, ""duration_s"": 14.465579748153687, ""energy_j"": 2145.171419944614, ""mean_power_w"": 148.2948804881749, ""endpoints"": {""P1"": {""energy_j"": 1152.4648064374924, ""clock_match_fraction"": 1.0, ""mean_power_w"": 79.66945165710258, ""samples"": 134}, ""D1"": {""energy_j"": 992.7066135071218, ""clock_match_fraction"": 1.0, ""mean_power_w"": 68.62542883107231, ""samples"": 122}}}",148.28197693393446,256,2520,production,production-00222,222,0.0,1788697882.7855368,False,0,56.02654347826234,171.2826699949801,5,14,decode_heavy
decode_heavy,decode_heavy,169.84200477600098,1500,14.462763547897339,1788697916.7879398,"{""P1"": {""energy_j"": 1152.405500471592, ""clock_match_fraction"": null, ""mean_power_w"": 79.68086435590892, ""samples"": 135}, ""D1"": {""energy_j"": 988.6948989592493, ""clock_match_fraction"": null, ""mean_power_w"": 68.36140933127474, ""samples"": 122}}",2141.100399430841,False,safe_high,"{""start"": 1788697902.3286989, ""end"": 1788697916.7879398, ""duration_s"": 14.459240913391113, ""energy_j"": 2140.7697532251477, ""mean_power_w"": 148.05547303956462, ""endpoints"": {""P1"": {""energy_j"": 1152.1499506533146, ""clock_match_fraction"": 1.0, ""mean_power_w"": 79.68260281120814, ""samples"": 135}, ""D1"": {""energy_j"": 988.6198025718331, ""clock_match_fraction"": 1.0, ""mean_power_w"": 68.37287022835648, ""samples"": 122}}}",148.04227368718367,256,2520,production,production-00223,223,0.0,1788697902.3251762,False,0,56.023155145036675,166.31396498996764,5,15,decode_heavy
decode_heavy,decode_heavy,175.86493492126465,1500,14.46896767616272,1788697936.3785007,"{""P1"": {""energy_j"": 1153.3601572811604, ""clock_match_fraction"": null, ""mean_power_w"": 79.7126777179338, ""samples"": 134}, ""D1"": {""energy_j"": 992.5063570812345, ""clock_match_fraction"": null, ""mean_power_w"": 68.59551968703096, ""samples"": 121}}",2145.866514362395,False,safe_high,"{""start"": 1788697921.913482, ""end"": 1788697936.3785007, ""duration_s"": 14.46501874923706, ""energy_j"": 2145.2908701896667, ""mean_power_w"": 148.30888970004395, ""endpoints"": {""P1"": {""energy_j"": 1152.8719913363457, ""clock_match_fraction"": 1.0, ""mean_power_w"": 79.70069111712368, ""samples"": 134}, ""D1"": {""energy_j"": 992.4188788533211, ""clock_match_fraction"": 1.0, ""mean_power_w"": 68.60819858292025, ""samples"": 121}}}",148.30819740496474,256,2520,production,production-00224,224,0.0,1788697921.909533,False,0,56.02444510167355,171.91154707688838,5,16,decode_heavy
decode_heavy,decode_heavy,172.35708236694336,1500,14.464852809906006,1788697955.9641929,"{""P1"": {""energy_j"": 1153.6996949017048, ""clock_match_fraction"": null, ""mean_power_w"": 79.75882714213402, ""samples"": 134}, ""D1"": {""energy_j"": 993.6418559625745, ""clock_match_fraction"": null, ""mean_power_w"": 68.69353383824935, ""samples"": 121}}",2147.3415508642793,False,safe_high,"{""start"": 1788697941.5034406, ""end"": 1788697955.9641929, ""duration_s"": 14.460752248764038, ""energy_j"": 2146.7249070592225, ""mean_power_w"": 148.45181427146733, ""endpoints"": {""P1"": {""energy_j"": 1153.1708050966263, ""clock_match_fraction"": 1.0, ""mean_power_w"": 79.7448697867836, ""samples"": 134}, ""D1"": {""energy_j"": 993.5541019625962, ""clock_match_fraction"": 1.0, ""mean_power_w"": 68.70694448468373, ""samples"": 121}}}",148.4523609803834,256,2520,production,production-00225,225,0.0,1788697941.49934,False,0,56.02268645877712,168.22051000781357,5,17,decode_heavy
decode_heavy,decode_heavy,172.76263236999512,1500,14.465952396392822,1788697975.602381,"{""P1"": {""energy_j"": 1160.0854328274727, ""clock_match_fraction"": null, ""mean_power_w"": 80.19419676209824, ""samples"": 134}, ""D1"": {""energy_j"": 993.1589540652931, ""clock_match_fraction"": null, ""mean_power_w"": 68.65493033925257, ""samples"": 121}}",2153.2443868927658,False,safe_high,"{""start"": 1788697961.1404932, ""end"": 1788697975.602381, ""duration_s"": 14.461887836456299, ""energy_j"": 2152.8660610355437, ""mean_power_w"": 148.86480142713347, ""endpoints"": {""P1"": {""energy_j"": 1159.788240224123, ""clock_match_fraction"": 1.0, ""mean_power_w"": 80.19618554228217, ""samples"": 134}, ""D1"": {""energy_j"": 993.0778208114207, ""clock_match_fraction"": 1.0, ""mean_power_w"": 68.66861588485129, ""samples"": 121}}}",148.84912710135083,256,2520,production,production-00226,226,0.0,1788697961.1364286,False,0,56.02366847862654,168.6940739164129,5,18,decode_heavy
decode_heavy,decode_heavy,177.05416679382324,1500,14.469608783721924,1788697995.1956964,"{""P1"": {""energy_j"": 1159.8137020468712, ""clock_match_fraction"": null, ""mean_power_w"": 80.15515273306096, ""samples"": 134}, ""D1"": {""energy_j"": 998.4579047709703, ""clock_match_fraction"": null, ""mean_power_w"": 69.00379406900201, ""samples"": 120}}",2158.2716068178415,False,safe_high,"{""start"": 1788697980.7300868, ""end"": 1788697995.1956964, ""duration_s"": 14.465609550476074, ""energy_j"": 2157.898744828999, ""mean_power_w"": 149.17440826114245, ""endpoints"": {""P1"": {""energy_j"": 1159.5233162939548, ""clock_match_fraction"": 1.0, ""mean_power_w"": 80.1572386042864, ""samples"": 134}, ""D1"": {""energy_j"": 998.3754285350442, ""clock_match_fraction"": 1.0, ""mean_power_w"": 69.01716965685604, ""samples"": 120}}}",149.15894680206299,256,2520,production,production-00227,227,0.0,1788697980.7260876,False,0,56.021445117635174,173.048964003101,5,19,decode_heavy
decode_heavy,decode_heavy,174.0114688873291,1500,14.467287540435791,1788698014.8370268,"{""P1"": {""energy_j"": 1159.523037046194, ""clock_match_fraction"": null, ""mean_power_w"": 80.14792225601029, ""samples"": 134}, ""D1"": {""energy_j"": 1000.1795844696462, ""clock_match_fraction"": null, ""mean_power_w"": 69.13387058038097, ""samples"": 122}}",2159.7026215158403,False,safe_high,"{""start"": 1788698000.3739123, ""end"": 1788698014.8370268, ""duration_s"": 14.463114500045776, ""energy_j"": 2159.30617993325, ""mean_power_w"": 149.29745456460404, ""endpoints"": {""P1"": {""energy_j"": 1159.220781058073, ""clock_match_fraction"": 1.0, ""mean_power_w"": 80.15014892223968, ""samples"": 134}, ""D1"": {""energy_j"": 1000.0853988751769, ""clock_match_fraction"": 1.0, ""mean_power_w"": 69.14730564236434, ""samples"": 122}}}",149.28179283639128,256,2520,production,production-00228,228,0.0,1788698000.3697393,False,0,56.023606035274035,169.86931103747338,5,20,decode_heavy
decode_heavy,decode_heavy,172.58810997009277,1500,14.465195417404175,1788698034.424586,"{""P1"": {""energy_j"": 1158.1142452657223, ""clock_match_fraction"": null, ""mean_power_w"": 80.06212234591086, ""samples"": 134}, ""D1"": {""energy_j"": 1001.5660528093576, ""clock_match_fraction"": null, ""mean_power_w"": 69.23971808941464, ""samples"": 121}}",2159.68029807508,False,safe_high,"{""start"": 1788698019.9623814, ""end"": 1788698034.424586, ""duration_s"": 14.462204694747925, ""energy_j"": 2159.4035519473255, ""mean_power_w"": 149.31357960460423, ""endpoints"": {""P1"": {""energy_j"": 1157.8982692062855, ""clock_match_fraction"": 1.0, ""mean_power_w"": 80.06374502684133, ""samples"": 134}, ""D1"": {""energy_j"": 1001.50528274104, ""clock_match_fraction"": 1.0, ""mean_power_w"": 69.24983457776291, ""samples"": 121}}}",149.30184043532552,256,2520,production,production-00229,229,0.0,1788698019.9593906,False,0,56.024108215363,169.5970440050587,5,21,decode_heavy
decode_heavy,decode_heavy,178.18355560302734,1500,14.471078395843506,1788698054.070509,"{""P1"": {""energy_j"": 1153.5064337849617, ""clock_match_fraction"": null, ""mean_power_w"": 79.7111591984935, ""samples"": 135}, ""D1"": {""energy_j"": 1003.2364295683801, ""clock_match_fraction"": null, ""mean_power_w"": 69.32699845344887, ""samples"": 121}}",2156.742863353342,False,safe_high,"{""start"": 1788698039.6036587, ""end"": 1788698054.070509, ""duration_s"": 14.466850280761719, ""energy_j"": 2156.14328340441, ""mean_power_w"": 149.04027079561945, ""endpoints"": {""P1"": {""energy_j"": 1153.093373209238, ""clock_match_fraction"": 1.0, ""mean_power_w"": 79.70590355404747, ""samples"": 134}, ""D1"": {""energy_j"": 1003.0499101951718, ""clock_match_fraction"": 1.0, ""mean_power_w"": 69.33436724157198, ""samples"": 121}}}",149.03815765194238,256,2520,production,production-00230,230,0.0,1788698039.5994306,False,0,56.02312575313537,173.9506688900292,5,22,decode_heavy
decode_heavy,decode_heavy,177.3848533630371,1500,14.470491409301758,1788698073.6627514,"{""P1"": {""energy_j"": 1151.1108771562576, ""clock_match_fraction"": null, ""mean_power_w"": 79.54884492839777, ""samples"": 134}, ""D1"": {""energy_j"": 1001.1533590331674, ""clock_match_fraction"": null, ""mean_power_w"": 69.18585766822109, ""samples"": 122}}",2152.264236189425,False,safe_high,"{""start"": 1788698059.1958606, ""end"": 1788698073.6627514, ""duration_s"": 14.466890811920166, ""energy_j"": 2151.819537449628, ""mean_power_w"": 148.7409814192149, ""endpoints"": {""P1"": {""energy_j"": 1150.7444915473461, ""clock_match_fraction"": 1.0, ""mean_power_w"": 79.54331766983245, ""samples"": 134}, ""D1"": {""energy_j"": 1001.075045902282, ""clock_match_fraction"": 1.0, ""mean_power_w"": 69.19766374938244, ""samples"": 122}}}",148.73470259661886,256,2520,production,production-00231,231,0.0,1788698059.19226,False,0,56.02331221213235,173.77992789261043,5,23,decode_heavy
decode_heavy,decode_heavy,174.41749572753906,1500,14.467146396636963,1788698093.25269,"{""P1"": {""energy_j"": 1155.7261064052582, ""clock_match_fraction"": null, ""mean_power_w"": 79.88625225178606, ""samples"": 134}, ""D1"": {""energy_j"": 1000.7966119721532, ""clock_match_fraction"": null, ""mean_power_w"": 69.17719531785471, ""samples"": 122}}",2156.5227183774114,False,safe_high,"{""start"": 1788698078.7895472, ""end"": 1788698093.25269, ""duration_s"": 14.46314287185669, ""energy_j"": 2155.773079879582, ""mean_power_w"": 149.05287868478595, ""endpoints"": {""P1"": {""energy_j"": 1155.0634555518627, ""clock_match_fraction"": 1.0, ""mean_power_w"": 79.86254894843493, ""samples"": 134}, ""D1"": {""energy_j"": 1000.7096243277192, ""clock_match_fraction"": 1.0, ""mean_power_w"": 69.19032973635102, ""samples"": 122}}}",149.06344756964077,256,2520,production,production-00232,232,0.0,1788698078.7855437,False,0,56.02416038038392,170.4092969885096,5,24,decode_heavy
decode_heavy,decode_heavy,176.1183738708496,1500,14.46863317489624,1788698112.8453813,"{""P1"": {""energy_j"": 1156.6116907000542, ""clock_match_fraction"": null, ""mean_power_w"": 79.93925042669753, ""samples"": 134}, ""D1"": {""energy_j"": 1001.0906892120838, ""clock_match_fraction"": null, ""mean_power_w"": 69.19041191458383, ""samples"": 120}}",2157.702379912138,False,safe_high,"{""start"": 1788698098.3808293, ""end"": 1788698112.8453813, ""duration_s"": 14.46455192565918, ""energy_j"": 2156.843666817993, ""mean_power_w"": 149.112373331931, ""endpoints"": {""P1"": {""energy_j"": 1155.9231352508068, ""clock_match_fraction"": 1.0, ""mean_power_w"": 79.9142027483253, ""samples"": 134}, ""D1"": {""energy_j"": 1000.9205315671861, ""clock_match_fraction"": 1.0, ""mean_power_w"": 69.19817058360569, ""samples"": 120}}}",149.12966234128135,256,2520,production,production-00233,233,0.0,1788698098.376748,False,0,56.02376673361469,172.03276592772454,5,25,decode_heavy
decode_heavy,decode_heavy,177.9322624206543,1500,14.47034740447998,1788698132.4398482,"{""P1"": {""energy_j"": 1160.159471154213, ""clock_match_fraction"": null, ""mean_power_w"": 80.17495632447847, ""samples"": 134}, ""D1"": {""energy_j"": 997.2555817440152, ""clock_match_fraction"": null, ""mean_power_w"": 68.91718311028716, ""samples"": 121}}",2157.415052898228,False,safe_high,"{""start"": 1788698117.9737177, ""end"": 1788698132.4398482, ""duration_s"": 14.466130495071411, ""energy_j"": 2157.0180479101837, ""mean_power_w"": 149.108156368773, ""endpoints"": {""P1"": {""energy_j"": 1159.8525222837925, ""clock_match_fraction"": 1.0, ""mean_power_w"": 80.1771090533818, ""samples"": 134}, ""D1"": {""energy_j"": 997.1655256263912, ""clock_match_fraction"": 1.0, ""mean_power_w"": 68.93104731539121, ""samples"": 121}}}",149.09213943476564,256,2520,production,production-00234,234,0.0,1788698117.9695008,False,0,56.02153316094522,173.71058696880937,5,26,decode_heavy
decode_heavy,decode_heavy,177.9496669769287,1500,14.471171379089355,1788698152.0332878,"{""P1"": {""energy_j"": 1154.4918299913406, ""clock_match_fraction"": null, ""mean_power_w"": 79.77874076313998, ""samples"": 135}, ""D1"": {""energy_j"": 996.0175026580691, ""clock_match_fraction"": null, ""mean_power_w"": 68.82770416894522, ""samples"": 122}}",2150.5093326494098,False,safe_high,"{""start"": 1788698137.565778, ""end"": 1788698152.0332878, ""duration_s"": 14.467509746551514, ""energy_j"": 2150.0893465951085, ""mean_power_w"": 148.6150266536095, ""endpoints"": {""P1"": {""energy_j"": 1154.2249439358711, ""clock_match_fraction"": 1.0, ""mean_power_w"": 79.78048497330323, ""samples"": 135}, ""D1"": {""energy_j"": 995.8644026592374, ""clock_match_fraction"": 1.0, ""mean_power_w"": 68.83454168030627, ""samples"": 122}}}",148.6064449320852,256,2520,production,production-00235,235,0.0,1788698137.5621164,False,0,56.02294967884161,174.28596294485033,5,27,decode_heavy
decode_heavy,decode_heavy,177.9196262359619,1500,14.47165846824646,1788698171.677008,"{""P1"": {""energy_j"": 1153.0736608207226, ""clock_match_fraction"": null, ""mean_power_w"": 79.67805924599334, ""samples"": 134}, ""D1"": {""energy_j"": 998.5017469413579, ""clock_match_fraction"": null, ""mean_power_w"": 68.99705027811832, ""samples"": 121}}",2151.5754077620804,False,safe_high,"{""start"": 1788698157.2087955, ""end"": 1788698171.677008, ""duration_s"": 14.468212366104126, ""energy_j"": 2151.2595613077283, ""mean_power_w"": 148.68869124064432, ""endpoints"": {""P1"": {""energy_j"": 1152.8296925127506, ""clock_match_fraction"": 1.0, ""mean_power_w"": 79.68017494777584, ""samples"": 134}, ""D1"": {""energy_j"": 998.4298687949777, ""clock_match_fraction"": 1.0, ""mean_power_w"": 69.00851629286846, ""samples"": 121}}}",148.67510952411166,256,2520,production,production-00236,236,0.0,1788698157.2053494,False,0,56.02710375324914,174.46939391084015,5,28,decode_heavy
decode_heavy,decode_heavy,175.84753036499023,1500,14.46865701675415,1788698191.3199883,"{""P1"": {""energy_j"": 1152.6405219137669, ""clock_match_fraction"": null, ""mean_power_w"": 79.66465170741509, ""samples"": 135}, ""D1"": {""energy_j"": 995.3866632990539, ""clock_match_fraction"": null, ""mean_power_w"": 68.79606463450162, ""samples"": 121}}",2148.0271852128208,False,safe_high,"{""start"": 1788698176.8551416, ""end"": 1788698191.3199883, ""duration_s"": 14.46484661102295, ""energy_j"": 2147.5339502692223, ""mean_power_w"": 148.46572577082787, ""endpoints"": {""P1"": {""energy_j"": 1152.3034648895264, ""clock_match_fraction"": 1.0, ""mean_power_w"": 79.66233558338686, ""samples"": 134}, ""D1"": {""energy_j"": 995.2304853796959, ""clock_match_fraction"": 1.0, ""mean_power_w"": 68.80339018744102, ""samples"": 121}}}",148.4607163419167,256,2520,production,production-00237,237,0.0,1788698176.8513312,False,0,56.02280201947353,172.03163402155042,5,29,decode_heavy
decode_heavy,decode_heavy,178.55191230773926,1500,14.471750020980835,1788698210.9658403,"{""P1"": {""energy_j"": 1153.2500698566437, ""clock_match_fraction"": null, ""mean_power_w"": 79.68974506778284, ""samples"": 135}, ""D1"": {""energy_j"": 998.8853848837316, ""clock_match_fraction"": null, ""mean_power_w"": 69.02312321837849, ""samples"": 121}}",2152.1354547403753,False,safe_high,"{""start"": 1788698196.497738, ""end"": 1788698210.9658403, ""duration_s"": 14.46810245513916, ""energy_j"": 2151.798077888787, ""mean_power_w"": 148.7270417500019, ""endpoints"": {""P1"": {""energy_j"": 1152.9878666996956, ""clock_match_fraction"": 1.0, ""mean_power_w"": 79.6917128749076, ""samples"": 135}, ""D1"": {""energy_j"": 998.8102111890912, ""clock_match_fraction"": 1.0, ""mean_power_w"": 69.0353288750943, ""samples"": 121}}}",148.71286828616132,256,2520,production,production-00238,238,0.0,1788698196.4940903,False,0,56.022738992218294,174.9006339814514,5,30,decode_heavy
decode_heavy,decode_heavy,170.6409454345703,1500,14.463073968887329,1788698230.6029358,"{""P1"": {""energy_j"": 1159.5443252325058, ""clock_match_fraction"": null, ""mean_power_w"": 80.17274389434044, ""samples"": 134}, ""D1"": {""energy_j"": 994.1610493212938, ""clock_match_fraction"": null, ""mean_power_w"": 68.7378804436673, ""samples"": 120}}",2153.7053745537996,False,safe_high,"{""start"": 1788698216.1431808, ""end"": 1788698230.6029358, ""duration_s"": 14.459754943847656, ""energy_j"": 2153.396150395274, ""mean_power_w"": 148.92341943260263, ""endpoints"": {""P1"": {""energy_j"": 1159.3030500411987, ""clock_match_fraction"": 1.0, ""mean_power_w"": 80.17446039322122, ""samples"": 134}, ""D1"": {""energy_j"": 994.0931003540754, ""clock_match_fraction"": 1.0, ""mean_power_w"": 68.74895903938142, ""samples"": 120}}}",148.91062433800772,256,2520,production,production-00239,239,0.0,1788698216.1398618,False,0,56.022632415589015,167.3171300208196,5,31,decode_heavy
decode_heavy,decode_heavy,176.70106887817383,1500,14.469259262084961,1788698250.245101,"{""P1"": {""energy_j"": 1160.6538293361664, ""clock_match_fraction"": null, ""mean_power_w"": 80.21515188255192, ""samples"": 135}, ""D1"": {""energy_j"": 993.9328963756561, ""clock_match_fraction"": null, ""mean_power_w"": 68.69272838175922, ""samples"": 121}}",2154.5867257118225,False,safe_high,"{""start"": 1788698235.779523, ""end"": 1788698250.245101, ""duration_s"": 14.465578079223633, ""energy_j"": 2154.2406226992607, ""mean_power_w"": 148.92184819031294, ""endpoints"": {""P1"": {""energy_j"": 1160.3835479021072, ""clock_match_fraction"": 1.0, ""mean_power_w"": 80.21688048324336, ""samples"": 135}, ""D1"": {""energy_j"": 993.8570747971535, ""clock_match_fraction"": 1.0, ""mean_power_w"": 68.7049677070696, ""samples"": 121}}}",148.90788026431116,256,2520,production,production-00240,240,0.0,1788698235.7758417,False,0,56.021365689972015,173.01521205808967,5,32,decode_heavy
decode_heavy,decode_heavy,171.9040870666504,1500,14.465278148651123,1788698269.8344924,"{""P1"": {""energy_j"": 1160.9041933119297, ""clock_match_fraction"": null, ""mean_power_w"": 80.25453651025599, ""samples"": 134}, ""D1"": {""energy_j"": 994.4493987970054, ""clock_match_fraction"": null, ""mean_power_w"": 68.74734025696817, ""samples"": 121}}",2155.353592108935,False,safe_high,"{""start"": 1788698255.3727932, ""end"": 1788698269.8344924, ""duration_s"": 14.46169924736023, ""energy_j"": 2154.9954674988985, ""mean_power_w"": 149.01398726655592, ""endpoints"": {""P1"": {""energy_j"": 1160.6204932034016, ""clock_match_fraction"": 1.0, ""mean_power_w"": 80.25478011619248, ""samples"": 134}, ""D1"": {""energy_j"": 994.3749742954969, ""clock_match_fraction"": 1.0, ""mean_power_w"": 68.75920715036344, ""samples"": 121}}}",149.00187676722416,256,2520,production,production-00241,241,0.0,1788698255.3692143,False,0,56.02438328605072,168.32141601480544,5,33,decode_heavy
,decode_heavy,174.16739463806152,1500,14.467073917388916,1788698289.4244368,"{""P1"": {""energy_j"": 1153.8846888244152, ""clock_match_fraction"": null, ""mean_power_w"": 79.75936913113344, ""samples"": 134}, ""D1"": {""energy_j"": 999.2978125885129, ""clock_match_fraction"": null, ""mean_power_w"": 69.07394116424551, ""samples"": 123}}",2153.182501412928,False,safe_high,"{""start"": 1788698274.960886, ""end"": 1788698289.4244368, ""duration_s"": 14.463550806045532, ""energy_j"": 2152.838263951242, ""mean_power_w"": 148.84576359018217, ""endpoints"": {""P1"": {""energy_j"": 1153.616179972887, ""clock_match_fraction"": 1.0, ""mean_power_w"": 79.76023283927582, ""samples"": 134}, ""D1"": {""energy_j"": 999.2220839783549, ""clock_match_fraction"": 1.0, ""mean_power_w"": 69.08553075090634, ""samples"": 123}}}",148.83331029537896,256,2520,production,production-00242,242,0.0,1788698274.957363,False,0,56.02423309430699,170.64018093515188,5,34,decode_heavy
,,3883.101463317871,900,18.415457010269165,1788698313.0169008,"{""P1"": {""energy_j"": 1160.5676646828651, ""clock_match_fraction"": null, ""mean_power_w"": 63.021388176013666, ""samples"": 170}, ""D1"": {""energy_j"": 953.9008510485291, ""clock_match_fraction"": null, ""mean_power_w"": 51.79892361707871, ""samples"": 158}}",2114.4685157313943,True,table,"{""start"": 1788698298.304183, ""end"": 1788698313.0169008, ""duration_s"": 14.712717771530151, ""energy_j"": 1786.8131462410092, ""mean_power_w"": 121.44684442316854, ""endpoints"": {""P1"": {""energy_j"": 921.083231985569, ""clock_match_fraction"": 1.0, ""mean_power_w"": 62.60456064534259, ""samples"": 136}, ""D1"": {""energy_j"": 865.7299142554402, ""clock_match_fraction"": 1.0, ""mean_power_w"": 58.842283777825955, ""samples"": 125}}}",114.82031179309237,256,1200,production,production-00243,243,0.5,1788698294.6014438,True,1,56.960592666805226,180.3567479364574,5,35,decode_heavy
,,184.8602294921875,900,14.717473030090332,1788698332.8634212,"{""P1"": {""energy_j"": 919.7629757523537, ""clock_match_fraction"": null, ""mean_power_w"": 62.49462620871597, ""samples"": 136}, ""D1"": {""energy_j"": 866.0932929106057, ""clock_match_fraction"": null, ""mean_power_w"": 58.84796195242559, ""samples"": 125}}",1785.8562686629593,False,table,"{""start"": 1788698318.150039, ""end"": 1788698332.8634212, ""duration_s"": 14.713382244110107, ""energy_j"": 1785.5287328325212, ""mean_power_w"": 121.35406415797317, ""endpoints"": {""P1"": {""energy_j"": 919.5154194235802, ""clock_match_fraction"": 1.0, ""mean_power_w"": 62.49517644331371, ""samples"": 136}, ""D1"": {""energy_j"": 866.013313408941, ""clock_match_fraction"": 1.0, ""mean_power_w"": 58.85888771465946, ""samples"": 125}}}",121.34258816114156,256,1200,production,production-00244,244,0.0,1788698318.1459482,True,1,56.963310733108834,180.76492100954056,5,36,decode_heavy
,,180.68575859069824,900,14.714028358459473,1788698352.763877,"{""P1"": {""energy_j"": 925.1752300262451, ""clock_match_fraction"": null, ""mean_power_w"": 62.8770862395639, ""samples"": 136}, ""D1"": {""energy_j"": 866.0903508365154, ""clock_match_fraction"": null, ""mean_power_w"": 58.86153878034209, ""samples"": 125}}",1791.2655808627605,False,table,"{""start"": 1788698338.0538237, ""end"": 1788698352.763877, ""duration_s"": 14.710053205490112, ""energy_j"": 1790.9648780822754, ""mean_power_w"": 121.75108091477523, ""endpoints"": {""P1"": {""energy_j"": 924.9508425593376, ""clock_match_fraction"": 1.0, ""mean_power_w"": 62.87882372948358, ""samples"": 136}, ""D1"": {""energy_j"": 866.0140355229378, ""clock_match_fraction"": 1.0, ""mean_power_w"": 58.87225718529165, ""samples"": 125}}}",121.73862501990598,256,1200,production,production-00245,245,0.0,1788698338.0498486,True,1,56.965194207926594,176.70815193559974,5,37,decode_heavy
,,180.6795597076416,900,14.712467670440674,1788698372.6567302,"{""P1"": {""energy_j"": 923.6473883390427, ""clock_match_fraction"": null, ""mean_power_w"": 62.77990946377911, ""samples"": 135}, ""D1"": {""energy_j"": 869.3782417997718, ""clock_match_fraction"": null, ""mean_power_w"": 59.09125928252468, ""samples"": 125}}",1793.0256301388144,False,table,"{""start"": 1788698357.9479635, ""end"": 1788698372.6567302, ""duration_s"": 14.70876669883728, ""energy_j"": 1792.7441535778344, ""mean_power_w"": 121.88269691703994, ""endpoints"": {""P1"": {""energy_j"": 923.4384875297546, ""clock_match_fraction"": 1.0, ""mean_power_w"": 62.78150346913531, ""samples"": 135}, ""D1"": {""energy_j"": 869.3056660480797, ""clock_match_fraction"": 1.0, ""mean_power_w"": 59.101193447904635, ""samples"": 125}}}",121.8711687463038,256,1200,production,production-00246,246,0.0,1788698357.9442625,True,1,56.959139619606965,176.97321600280702,5,38,decode_heavy
,,180.2811622619629,900,14.711998701095581,1788698392.4940643,"{""P1"": {""energy_j"": 923.1620263159275, ""clock_match_fraction"": null, ""mean_power_w"": 62.748919781183844, ""samples"": 136}, ""D1"": {""energy_j"": 865.7204867750406, ""clock_match_fraction"": null, ""mean_power_w"": 58.84451897827939, ""samples"": 125}}",1788.8825130909681,False,table,"{""start"": 1788698377.7855458, ""end"": 1788698392.4940643, ""duration_s"": 14.708518505096436, ""energy_j"": 1788.618936739862, ""mean_power_w"": 121.60428911450963, ""endpoints"": {""P1"": {""energy_j"": 922.9653840661049, ""clock_match_fraction"": 1.0, ""mean_power_w"": 62.7503975839784, ""samples"": 136}, ""D1"": {""energy_j"": 865.6535526737571, ""clock_match_fraction"": 1.0, ""mean_power_w"": 58.853891530531236, ""samples"": 125}}}",121.59343875946323,256,1200,production,production-00247,247,0.0,1788698377.7820656,True,1,56.96007018068842,176.79592699278146,5,39,decode_heavy
,,181.98823928833008,900,14.7138032913208,1788698412.393239,"{""P1"": {""energy_j"": 923.1148631870747, ""clock_match_fraction"": null, ""mean_power_w"": 62.73801850617307, ""samples"": 136}, ""D1"": {""energy_j"": 865.9971223846078, ""clock_match_fraction"": null, ""mean_power_w"": 58.85610302371187, ""samples"": 125}}",1789.1119855716825,False,table,"{""start"": 1788698397.6830664, ""end"": 1788698412.393239, ""duration_s"": 14.710172653198242, ""energy_j"": 1788.835324626416, ""mean_power_w"": 121.6053248863461, ""endpoints"": {""P1"": {""energy_j"": 922.9092330932617, ""clock_match_fraction"": 1.0, ""mean_power_w"": 62.73952419536052, ""samples"": 136}, ""D1"": {""energy_j"": 865.9260915331542, ""clock_match_fraction"": 1.0, ""mean_power_w"": 58.86580069098558, ""samples"": 125}}}",121.59412152988494,256,1200,production,production-00248,248,0.0,1788698397.6794357,True,1,56.96076605898127,178.35272394586354,5,40,decode_heavy
,,181.55145645141602,900,14.71596622467041,1788698432.2382398,"{""P1"": {""energy_j"": 924.1218859255314, ""clock_match_fraction"": null, ""mean_power_w"": 62.79722797788826, ""samples"": 136}, ""D1"": {""energy_j"": 867.1248179748654, ""clock_match_fraction"": null, ""mean_power_w"": 58.92408318532181, ""samples"": 125}}",1791.2467039003968,False,table,"{""start"": 1788698417.5263674, ""end"": 1788698432.2382398, ""duration_s"": 14.711872339248657, ""energy_j"": 1790.9327309392393, ""mean_power_w"": 121.73384118902048, ""endpoints"": {""P1"": {""energy_j"": 923.8879559338093, ""clock_match_fraction"": 1.0, ""mean_power_w"": 62.79880185399928, ""samples"": 135}, ""D1"": {""energy_j"": 867.04477500543, ""clock_match_fraction"": 1.0, ""mean_power_w"": 58.9350393350212, ""samples"": 125}}}",121.72131116321007,256,1200,production,production-00249,249,0.0,1788698417.5222735,True,1,56.962568811414876,177.45366203598678,5,41,decode_heavy
,,180.79066276550293,900,14.712449550628662,1788698452.1289213,"{""P1"": {""energy_j"": 923.933219909668, ""clock_match_fraction"": null, ""mean_power_w"": 62.799414654250306, ""samples"": 136}, ""D1"": {""energy_j"": 868.5556298010051, ""clock_match_fraction"": null, ""mean_power_w"": 59.035419412119026, ""samples"": 125}}",1792.488849710673,False,table,"{""start"": 1788698437.420423, ""end"": 1788698452.1289213, ""duration_s"": 14.708498239517212, ""energy_j"": 1792.108885280788, ""mean_power_w"": 121.84173095700162, ""endpoints"": {""P1"": {""energy_j"": 923.7086949944496, ""clock_match_fraction"": 1.0, ""mean_power_w"": 62.801020196115495, ""samples"": 135}, ""D1"": {""energy_j"": 868.4001902863383, ""clock_match_fraction"": 1.0, ""mean_power_w"": 59.040710760886114, ""samples"": 125}}}",121.83483406636933,256,1200,production,production-00250,250,0.0,1788698437.4164717,True,1,56.959129584606224,176.83404497802258,5,42,decode_heavy
,,183.7022304534912,900,14.715458869934082,1788698471.9724112,"{""P1"": {""energy_j"": 923.7352129518986, ""clock_match_fraction"": null, ""mean_power_w"": 62.773116429228715, ""samples"": 136}, ""D1"": {""energy_j"": 871.1829475723207, ""clock_match_fraction"": null, ""mean_power_w"": 59.20188797865351, ""samples"": 124}}",1794.9181605242193,False,table,"{""start"": 1788698457.2604673, ""end"": 1788698471.9724112, ""duration_s"": 14.711943864822388, ""energy_j"": 1794.651329997927, ""mean_power_w"": 121.98600990376966, ""endpoints"": {""P1"": {""energy_j"": 923.5365243554115, ""clock_match_fraction"": 1.0, ""mean_power_w"": 62.77460904154701, ""samples"": 136}, ""D1"": {""energy_j"": 871.1148056425154, ""clock_match_fraction"": 1.0, ""mean_power_w"": 59.21140086222264, ""samples"": 124}}}",121.97500440788222,256,1200,production,production-00251,251,0.0,1788698457.2569523,True,1,56.960622995964016,180.1819991087541,5,43,decode_heavy
,,183.34603309631348,900,14.716394901275635,1788698491.8663986,"{""P1"": {""energy_j"": 923.2584226727486, ""clock_match_fraction"": null, ""mean_power_w"": 62.73672518754708, ""samples"": 136}, ""D1"": {""energy_j"": 866.2657689861953, ""clock_match_fraction"": null, ""mean_power_w"": 58.8639931720714, ""samples"": 125}}",1789.524191658944,False,table,"{""start"": 1788698477.153308, ""end"": 1788698491.8663986, ""duration_s"": 14.713090658187866, ""energy_j"": 1789.27295255661, ""mean_power_w"": 121.61095137144933, ""endpoints"": {""P1"": {""energy_j"": 923.072073251009, ""clock_match_fraction"": 1.0, ""mean_power_w"": 62.73814895154727, ""samples"": 136}, ""D1"": {""energy_j"": 866.2008793056011, ""clock_match_fraction"": 1.0, ""mean_power_w"": 58.872802419902065, ""samples"": 125}}}",121.60071835961848,256,1200,production,production-00252,252,0.0,1788698477.1500037,True,1,56.96124718844087,180.0358339678496,5,44,decode_heavy
,,180.96017837524414,900,14.71259617805481,1788698511.7579174,"{""P1"": {""energy_j"": 922.3761225938797, ""clock_match_fraction"": null, ""mean_power_w"": 62.69295448818806, ""samples"": 136}, ""D1"": {""energy_j"": 866.281914435327, ""clock_match_fraction"": null, ""mean_power_w"": 58.880288968133726, ""samples"": 125}}",1788.6580370292068,False,table,"{""start"": 1788698497.0500302, ""end"": 1788698511.7579174, ""duration_s"": 14.707887172698975, ""energy_j"": 1788.301587279886, ""mean_power_w"": 121.58793212660491, ""endpoints"": {""P1"": {""energy_j"": 922.1105627715588, ""clock_match_fraction"": 1.0, ""mean_power_w"": 62.69497120451099, ""samples"": 136}, ""D1"": {""energy_j"": 866.1910245083272, ""clock_match_fraction"": 1.0, ""mean_power_w"": 58.89296092209393, ""samples"": 125}}}",121.57324345632178,256,1200,production,production-00253,253,0.0,1788698497.0453212,True,1,56.960596681992506,176.24589207116514,5,45,decode_heavy
,,184.65590476989746,900,14.719925880432129,1788698531.6050491,"{""P1"": {""energy_j"": 923.4061791300774, ""clock_match_fraction"": null, ""mean_power_w"": 62.73171391152203, ""samples"": 136}, ""D1"": {""energy_j"": 867.9061328172684, ""clock_match_fraction"": null, ""mean_power_w"": 58.9613113453931, ""samples"": 125}}",1791.3123119473457,False,table,"{""start"": 1788698516.8919356, ""end"": 1788698531.6050491, ""duration_s"": 14.71311354637146, ""energy_j"": 1790.7753160782158, ""mean_power_w"": 121.71287269918854, ""endpoints"": {""P1"": {""energy_j"": 923.0027765929699, ""clock_match_fraction"": 1.0, ""mean_power_w"": 62.7333414972931, ""samples"": 135}, ""D1"": {""energy_j"": 867.7725394852459, ""clock_match_fraction"": 1.0, ""mean_power_w"": 58.97953120189543, ""samples"": 125}}}",121.69302525691513,256,1200,production,production-00254,254,0.0,1788698516.8851233,True,1,56.961549764645156,177.83919698558748,5,46,decode_heavy
,,179.91948127746582,900,14.712019205093384,1788698551.499594,"{""P1"": {""energy_j"": 923.037058532238, ""clock_match_fraction"": null, ""mean_power_w"": 62.74033806404204, ""samples"": 135}, ""D1"": {""energy_j"": 867.9425889700651, ""clock_match_fraction"": null, ""mean_power_w"": 58.995476886651865, ""samples"": 125}}",1790.9796475023031,False,table,"{""start"": 1788698536.7914686, ""end"": 1788698551.499594, ""duration_s"": 14.708125352859497, ""energy_j"": 1790.6833774335682, ""mean_power_w"": 121.74790018943035, ""endpoints"": {""P1"": {""energy_j"": 922.8164049983025, ""clock_match_fraction"": 1.0, ""mean_power_w"": 62.741945887678476, ""samples"": 135}, ""D1"": {""energy_j"": 867.8669724352658, ""clock_match_fraction"": 1.0, ""mean_power_w"": 59.005954301751885, ""samples"": 125}}}",121.73581495069391,256,1200,production,production-00255,255,0.0,1788698536.7875748,True,1,56.960378321545086,176.02090595755726,5,47,decode_heavy
,,184.9045753479004,900,14.718177795410156,1788698571.345468,"{""P1"": {""energy_j"": 923.2159693837166, ""clock_match_fraction"": null, ""mean_power_w"": 62.72624112963361, ""samples"": 136}, ""D1"": {""energy_j"": 871.94316656515, ""clock_match_fraction"": null, ""mean_power_w"": 59.2426031731363, ""samples"": 125}}",1795.1591359488666,False,table,"{""start"": 1788698556.633205, ""end"": 1788698571.345468, ""duration_s"": 14.712263107299805, ""energy_j"": 1794.7100401744246, ""mean_power_w"": 121.98735348091625, ""endpoints"": {""P1"": {""energy_j"": 922.8817447721958, ""clock_match_fraction"": 1.0, ""mean_power_w"": 62.72874118967382, ""samples"": 136}, ""D1"": {""energy_j"": 871.8282954022288, ""clock_match_fraction"": 1.0, ""mean_power_w"": 59.258612291242436, ""samples"": 125}}}",121.96884430276991,256,1200,production,production-00256,256,0.0,1788698556.6272902,True,1,56.96015858420116,178.98910504300147,5,48,decode_heavy
,,185.88805198669434,900,14.718355894088745,1788698591.2448156,"{""P1"": {""energy_j"": 922.8138169944286, ""clock_match_fraction"": null, ""mean_power_w"": 62.698158927183805, ""samples"": 136}, ""D1"": {""energy_j"": 867.5337546207011, ""clock_match_fraction"": null, ""mean_power_w"": 58.942300407963636, ""samples"": 125}}",1790.3475716151297,False,table,"{""start"": 1788698576.5302436, ""end"": 1788698591.2448156, ""duration_s"": 14.714571952819824, ""energy_j"": 1790.060755893588, ""mean_power_w"": 121.65224796434191, ""endpoints"": {""P1"": {""energy_j"": 922.6000412106514, ""clock_match_fraction"": 1.0, ""mean_power_w"": 62.69975396965925, ""samples"": 136}, ""D1"": {""energy_j"": 867.4607146829367, ""clock_match_fraction"": 1.0, ""mean_power_w"": 58.95249399468266, ""samples"": 125}}}",121.64045933514744,256,1200,production,production-00257,257,0.0,1788698576.5264597,True,1,56.96020207057396,182.0982120698318,5,49,decode_heavy
,,176.99098587036133,900,14.708261966705322,1788698611.0820394,"{""P1"": {""energy_j"": 922.8953862786293, ""clock_match_fraction"": null, ""mean_power_w"": 62.7467329836633, ""samples"": 135}, ""D1"": {""energy_j"": 866.619417078793, ""clock_match_fraction"": null, ""mean_power_w"": 58.920586201179646, ""samples"": 124}}",1789.5148033574224,False,table,"{""start"": 1788698596.3775764, ""end"": 1788698611.0820394, ""duration_s"": 14.704463005065918, ""energy_j"": 1789.224122658372, ""mean_power_w"": 121.6789842676986, ""endpoints"": {""P1"": {""energy_j"": 922.6799069046974, ""clock_match_fraction"": 1.0, ""mean_power_w"": 62.74828986184805, ""samples"": 135}, ""D1"": {""energy_j"": 866.5442157536745, ""clock_match_fraction"": 1.0, ""mean_power_w"": 58.93069440585055, ""samples"": 124}}}",121.66731918484295,256,1200,production,production-00258,258,0.0,1788698596.3737774,True,1,56.96076020762763,173.1856050901115,5,50,decode_heavy
,,177.4592399597168,900,14.711256265640259,1788698630.8759036,"{""P1"": {""energy_j"": 922.6694069206715, ""clock_match_fraction"": null, ""mean_power_w"": 62.71860065925616, ""samples"": 135}, ""D1"": {""energy_j"": 868.3009385168552, ""clock_match_fraction"": null, ""mean_power_w"": 59.02289531485266, ""samples"": 125}}",1790.9703454375267,False,table,"{""start"": 1788698616.1678936, ""end"": 1788698630.8759036, ""duration_s"": 14.708009958267212, ""energy_j"": 1790.7275342904031, ""mean_power_w"": 121.75185761849819, ""endpoints"": {""P1"": {""energy_j"": 922.4899976551533, ""clock_match_fraction"": 1.0, ""mean_power_w"": 62.720245653398656, ""samples"": 135}, ""D1"": {""energy_j"": 868.2375366352499, ""clock_match_fraction"": 1.0, ""mean_power_w"": 59.031611965099536, ""samples"": 125}}}",121.74149597410882,256,1200,production,production-00259,259,0.0,1788698616.1646473,True,1,56.963250329535384,174.20640890486538,5,51,decode_heavy
,,184.84091758728027,900,14.715199947357178,1788698650.7708523,"{""P1"": {""energy_j"": 922.700677216053, ""clock_match_fraction"": null, ""mean_power_w"": 62.703917073295926, ""samples"": 136}, ""D1"": {""energy_j"": 867.6496469192207, ""clock_match_fraction"": null, ""mean_power_w"": 58.9628173604973, ""samples"": 125}}",1790.3503241352737,False,table,"{""start"": 1788698636.0611439, ""end"": 1788698650.7708523, ""duration_s"": 14.709708452224731, ""energy_j"": 1789.9311821945012, ""mean_power_w"": 121.68366137289334, ""endpoints"": {""P1"": {""energy_j"": 922.3894676268101, ""clock_match_fraction"": 1.0, ""mean_power_w"": 62.70616923663811, ""samples"": 135}, ""D1"": {""energy_j"": 867.5417145676911, ""clock_match_fraction"": 1.0, ""mean_power_w"": 58.97749213625522, ""samples"": 125}}}",121.66673443379322,256,1200,production,production-00260,260,0.0,1788698636.0556524,True,1,56.953133796067796,179.34356699697673,5,52,decode_heavy
,,183.33721160888672,900,14.715631484985352,1788698670.6656175,"{""P1"": {""energy_j"": 922.7289156615734, ""clock_match_fraction"": null, ""mean_power_w"": 62.70399721568537, ""samples"": 136}, ""D1"": {""energy_j"": 868.4296340569854, ""clock_match_fraction"": null, ""mean_power_w"": 59.014092255779936, ""samples"": 125}}",1791.1585497185588,False,table,"{""start"": 1788698655.9545627, ""end"": 1788698670.6656175, ""duration_s"": 14.711054801940918, ""energy_j"": 1790.8096421845257, ""mean_power_w"": 121.73223921021989, ""endpoints"": {""P1"": {""energy_j"": 922.4691196680069, ""clock_match_fraction"": 1.0, ""mean_power_w"": 62.70584482808806, ""samples"": 136}, ""D1"": {""energy_j"": 868.3405225165188, ""clock_match_fraction"": 1.0, ""mean_power_w"": 59.026394382131826, ""samples"": 125}}}",121.7180894714653,256,1200,production,production-00261,261,0.0,1788698655.949986,True,1,56.95956227844398,178.7581699900329,5,53,decode_heavy
,,182.2948455810547,900,14.714800834655762,1788698690.5167158,"{""P1"": {""energy_j"": 919.6031636595726, ""clock_match_fraction"": null, ""mean_power_w"": 62.495114544381515, ""samples"": 136}, ""D1"": {""energy_j"": 871.9097094088793, ""clock_match_fraction"": null, ""mean_power_w"": 59.25392529645317, ""samples"": 125}}",1791.5128730684519,False,table,"{""start"": 1788698675.807161, ""end"": 1788698690.5167158, ""duration_s"": 14.709554672241211, ""energy_j"": 1790.7492985725403, ""mean_power_w"": 121.74055153089785, ""endpoints"": {""P1"": {""energy_j"": 918.9413961470127, ""clock_match_fraction"": 1.0, ""mean_power_w"": 62.472414469567276, ""samples"": 136}, ""D1"": {""energy_j"": 871.8079024255276, ""clock_match_fraction"": 1.0, ""mean_power_w"": 59.26813706133057, ""samples"": 125}}}",121.74903984083468,256,1200,production,production-00262,262,0.0,1788698675.801915,True,1,56.960619243281876,177.0465699955821,5,54,decode_heavy
,,186.68317794799805,900,14.719563484191895,1788698710.4197857,"{""P1"": {""energy_j"": 916.5692200660706, ""clock_match_fraction"": null, ""mean_power_w"": 62.26877726709912, ""samples"": 136}, ""D1"": {""energy_j"": 867.7830476760864, ""clock_match_fraction"": null, ""mean_power_w"": 58.95440096495007, ""samples"": 125}}",1784.352267742157,False,table,"{""start"": 1788698695.705369, ""end"": 1788698710.4197857, ""duration_s"": 14.714416742324829, ""energy_j"": 1783.8919382542372, ""mean_power_w"": 121.23429487510819, ""endpoints"": {""P1"": {""energy_j"": 916.210302054882, ""clock_match_fraction"": 1.0, ""mean_power_w"": 62.266165088248265, ""samples"": 136}, ""D1"": {""energy_j"": 867.6816361993551, ""clock_match_fraction"": 1.0, ""mean_power_w"": 58.968129786859926, ""samples"": 125}}}",121.2231782320492,256,1200,production,production-00263,263,0.0,1788698695.7002223,True,1,56.960774584235075,181.53157795313746,5,55,decode_heavy
,,181.03694915771484,900,14.713371515274048,1788698730.2637398,"{""P1"": {""energy_j"": 917.1010726988316, ""clock_match_fraction"": null, ""mean_power_w"": 62.331130002853726, ""samples"": 136}, ""D1"": {""energy_j"": 867.6179012544453, ""clock_match_fraction"": null, ""mean_power_w"": 58.967987069025305, ""samples"": 125}}",1784.7189739532769,False,table,"{""start"": 1788698715.555892, ""end"": 1788698730.2637398, ""duration_s"": 14.707847833633423, ""energy_j"": 1784.300098951906, ""mean_power_w"": 121.3161924936174, ""endpoints"": {""P1"": {""energy_j"": 916.7903490960598, ""clock_match_fraction"": 1.0, ""mean_power_w"": 62.3334127104289, ""samples"": 136}, ""D1"": {""energy_j"": 867.5097498558462, ""clock_match_fraction"": 1.0, ""mean_power_w"": 58.9827797831885, ""samples"": 125}}}",121.29911707187902,256,1200,production,production-00264,264,0.0,1788698715.5503683,True,1,56.962858458670475,175.5124629708007,5,56,decode_heavy
,,183.46643447875977,900,14.716277360916138,1788698750.16215,"{""P1"": {""energy_j"": 917.342256873846, ""clock_match_fraction"": null, ""mean_power_w"": 62.335211166252336, ""samples"": 136}, ""D1"": {""energy_j"": 867.9910962097347, ""clock_match_fraction"": null, ""mean_power_w"": 58.98170270390305, ""samples"": 125}}",1785.3333530835807,False,table,"{""start"": 1788698735.4513907, ""end"": 1788698750.16215, ""duration_s"": 14.710759162902832, ""energy_j"": 1784.6648051664233, ""mean_power_w"": 121.31697524264686, ""endpoints"": {""P1"": {""energy_j"": 916.7834814786911, ""clock_match_fraction"": 1.0, ""mean_power_w"": 62.32060978814807, ""samples"": 135}, ""D1"": {""energy_j"": 867.8813236877322, ""clock_match_fraction"": 1.0, ""mean_power_w"": 58.99636545449879, ""samples"": 125}}}",121.31691387015539,256,1200,production,production-00265,265,0.0,1788698735.4458725,True,1,56.96021657272735,177.94293398037553,5,57,decode_heavy
,,182.0971965789795,900,14.715325593948364,1788698770.0098896,"{""P1"": {""energy_j"": 919.4954518377781, ""clock_match_fraction"": null, ""mean_power_w"": 62.48556621920197, ""samples"": 136}, ""D1"": {""energy_j"": 869.4673580601811, ""clock_match_fraction"": null, ""mean_power_w"": 59.0858389445183, ""samples"": 125}}",1788.9628098979592,False,table,"{""start"": 1788698755.2991104, ""end"": 1788698770.0098896, ""duration_s"": 14.710779190063477, ""energy_j"": 1788.3394557870924, ""mean_power_w"": 121.56660314737385, ""endpoints"": {""P1"": {""energy_j"": 918.9611646533012, ""clock_match_fraction"": 1.0, ""mean_power_w"": 62.468558108330626, ""samples"": 136}, ""D1"": {""energy_j"": 869.3782911337912, ""clock_match_fraction"": 1.0, ""mean_power_w"": 59.09804503904323, ""samples"": 125}}}",121.57140516372027,256,1200,production,production-00266,266,0.0,1788698755.294564,True,1,56.96235474920375,177.54520196467638,5,58,decode_heavy
,,183.14027786254883,900,14.716185092926025,1788698789.9058394,"{""P1"": {""energy_j"": 918.8959747850895, ""clock_match_fraction"": null, ""mean_power_w"": 62.44118084834342, ""samples"": 136}, ""D1"": {""energy_j"": 871.5542784929276, ""clock_match_fraction"": null, ""mean_power_w"": 59.22419927375594, ""samples"": 125}}",1790.450253278017,False,table,"{""start"": 1788698775.195387, ""end"": 1788698789.9058394, ""duration_s"": 14.710452556610107, ""energy_j"": 1789.6875924877822, ""mean_power_w"": 121.66094724826058, ""endpoints"": {""P1"": {""energy_j"": 918.2459082901478, ""clock_match_fraction"": 1.0, ""mean_power_w"": 62.421322848938196, ""samples"": 136}, ""D1"": {""energy_j"": 871.4416841976345, ""clock_match_fraction"": 1.0, ""mean_power_w"": 59.23962439932238, ""samples"": 125}}}",121.66538012209936,256,1200,production,production-00267,267,0.0,1788698775.1896544,True,1,56.960755219573485,177.40121798124164,5,59,decode_heavy
,,185.5921745300293,900,14.714977741241455,1788698809.7507954,"{""P1"": {""energy_j"": 916.7709760665894, ""clock_match_fraction"": null, ""mean_power_w"": 62.30189349842974, ""samples"": 135}, ""D1"": {""energy_j"": 866.9760952405632, ""clock_match_fraction"": null, ""mean_power_w"": 58.91793453487203, ""samples"": 125}}",1783.7470713071525,False,table,"{""start"": 1788698795.0403383, ""end"": 1788698809.7507954, ""duration_s"": 14.71045708656311, ""energy_j"": 1783.2422629334033, ""mean_power_w"": 121.2227636734864, ""endpoints"": {""P1"": {""energy_j"": 916.3549379706383, ""clock_match_fraction"": 1.0, ""mean_power_w"": 62.29275763345649, ""samples"": 135}, ""D1"": {""energy_j"": 866.887324962765, ""clock_match_fraction"": 1.0, ""mean_power_w"": 58.930006040029916, ""samples"": 125}}}",121.21982803330177,256,1200,production,production-00268,268,0.0,1788698795.0358176,True,1,56.95824239576491,181.06485099997371,5,60,decode_heavy
,,181.2915802001953,900,14.7131187915802,1788698829.6516824,"{""P1"": {""energy_j"": 916.2469675540924, ""clock_match_fraction"": null, ""mean_power_w"": 62.27415006520768, ""samples"": 135}, ""D1"": {""energy_j"": 867.3864723742008, ""clock_match_fraction"": null, ""mean_power_w"": 58.95327052416484, ""samples"": 125}}",1783.6334399282932,False,table,"{""start"": 1788698814.9465322, ""end"": 1788698829.6516824, ""duration_s"": 14.705150127410889, ""energy_j"": 1782.8222736902535, ""mean_power_w"": 121.23795121050914, ""endpoints"": {""P1"": {""energy_j"": 915.5893751978874, ""clock_match_fraction"": 1.0, ""mean_power_w"": 62.26317768026036, ""samples"": 135}, ""D1"": {""energy_j"": 867.2328984923661, ""clock_match_fraction"": 1.0, ""mean_power_w"": 58.974773530248775, ""samples"": 125}}}",121.22742058937251,256,1200,production,production-00269,269,0.0,1788698814.9385636,True,1,56.960430392064154,173.31750004086643,5,61,decode_heavy
,,186.2480640411377,900,14.72062635421753,1788698849.5065668,"{""P1"": {""energy_j"": 915.6907314360142, ""clock_match_fraction"": null, ""mean_power_w"": 62.20460389402279, ""samples"": 136}, ""D1"": {""energy_j"": 868.4581125937402, ""clock_match_fraction"": null, ""mean_power_w"": 58.996002730883994, ""samples"": 125}}",1784.1488440297544,False,table,"{""start"": 1788698834.790531, ""end"": 1788698849.5065668, ""duration_s"": 14.716035842895508, ""energy_j"": 1783.780923333019, ""mean_power_w"": 121.21341252333106, ""endpoints"": {""P1"": {""energy_j"": 915.4121710956097, ""clock_match_fraction"": 1.0, ""mean_power_w"": 62.20507892671009, ""samples"": 136}, ""D1"": {""energy_j"": 868.3687522374094, ""clock_match_fraction"": 1.0, ""mean_power_w"": 59.008333596620965, ""samples"": 125}}}",121.20060662490678,256,1200,production,production-00270,270,0.0,1788698834.7859404,True,1,56.96174414901465,181.65265396237373,5,62,decode_heavy
,,183.89034271240234,900,14.715665340423584,1788698869.406525,"{""P1"": {""energy_j"": 917.4673770070076, ""clock_match_fraction"": null, ""mean_power_w"": 62.34630618343477, ""samples"": 136}, ""D1"": {""energy_j"": 869.1681692451239, ""clock_match_fraction"": null, ""mean_power_w"": 59.064143491870496, ""samples"": 125}}",1786.6355462521315,False,table,"{""start"": 1788698854.6955066, ""end"": 1788698869.406525, ""duration_s"": 14.711018323898315, ""energy_j"": 1786.1927170827985, ""mean_power_w"": 121.4186997633669, ""endpoints"": {""P1"": {""energy_j"": 917.2065184414387, ""clock_match_fraction"": 1.0, ""mean_power_w"": 62.348268369118955, ""samples"": 136}, ""D1"": {""energy_j"": 868.9861986413598, ""clock_match_fraction"": 1.0, ""mean_power_w"": 59.07043139424794, ""samples"": 125}}}",121.41044967530526,256,1200,production,production-00271,271,0.0,1788698854.6908596,True,1,56.959168133599796,179.23964490182698,5,63,decode_heavy
,,186.20896339416504,900,14.717288255691528,1788698889.253867,"{""P1"": {""energy_j"": 916.0452950298786, ""clock_match_fraction"": null, ""mean_power_w"": 62.24280445656298, ""samples"": 136}, ""D1"": {""energy_j"": 871.0761666111648, ""clock_match_fraction"": null, ""mean_power_w"": 59.18727359806238, ""samples"": 124}}",1787.1214616410434,False,table,"{""start"": 1788698874.5444012, ""end"": 1788698889.253867, ""duration_s"": 14.709465742111206, ""energy_j"": 1786.3923287205398, ""mean_power_w"": 121.44508577264915, ""endpoints"": {""P1"": {""energy_j"": 915.4702239632607, ""clock_match_fraction"": 1.0, ""mean_power_w"": 62.23680995716884, ""samples"": 136}, ""D1"": {""energy_j"": 870.9221047572792, ""clock_match_fraction"": 1.0, ""mean_power_w"": 59.20827581548032, ""samples"": 124}}}",121.43007805462535,256,1200,production,production-00272,272,0.0,1788698874.5365787,True,1,56.95794434469266,178.38363000191748,5,64,decode_heavy
balanced_medium,,3624.6442794799805,1500,10.791590213775635,1788698905.2374535,"{""P1"": {""energy_j"": 853.1642138659954, ""clock_match_fraction"": null, ""mean_power_w"": 79.05824785460422, ""samples"": 100}, ""D1"": {""energy_j"": 579.8546262532473, ""clock_match_fraction"": null, ""mean_power_w"": 53.732083480435875, ""samples"": 95}}",1433.0188401192427,True,safe_high,"{""start"": 1788698897.8600066, ""end"": 1788698905.2374535, ""duration_s"": 7.377446889877319, ""energy_j"": 1094.6058121062815, ""mean_power_w"": 148.37189998727106, ""endpoints"": {""P1"": {""energy_j"": 594.2075947523117, ""clock_match_fraction"": 1.0, ""mean_power_w"": 80.54379836575046, ""samples"": 69}, ""D1"": {""energy_j"": 500.3982173539698, ""clock_match_fraction"": 1.0, ""mean_power_w"": 67.82810162152059, ""samples"": 64}}}",132.7903313350401,128,2520,production,production-00273,273,0.5,1788698894.4458632,False,0,56.39536732323761,210.4960789438337,6,1,balanced_medium
balanced_medium,balanced_medium,207.2737216949463,1500,7.374343395233154,1788698917.687823,"{""P1"": {""energy_j"": 598.3046426773071, ""clock_match_fraction"": null, ""mean_power_w"": 81.13327663369418, ""samples"": 69}, ""D1"": {""energy_j"": 498.5110637024045, ""clock_match_fraction"": null, ""mean_power_w"": 67.60073907388782, ""samples"": 63}}",1096.8157063797116,False,safe_high,"{""start"": 1788698910.3170238, ""end"": 1788698917.687823, ""duration_s"": 7.37079930305481, ""energy_j"": 1096.0608624741435, ""mean_power_w"": 148.7031212503485, ""endpoints"": {""P1"": {""energy_j"": 597.6257387697697, ""clock_match_fraction"": 1.0, ""mean_power_w"": 81.08018061515868, ""samples"": 69}, ""D1"": {""energy_j"": 498.43512370437384, ""clock_match_fraction"": 1.0, ""mean_power_w"": 67.6229406351898, ""samples"": 63}}}",148.73401570758202,128,2520,production,production-00274,274,0.0,1788698910.3134797,False,0,56.39508328268554,203.72517104260623,6,2,balanced_medium
balanced_medium,balanced_medium,206.39801025390625,1500,7.37372088432312,1788698930.2382667,"{""P1"": {""energy_j"": 602.0068217813969, ""clock_match_fraction"": null, ""mean_power_w"": 81.642203607312, ""samples"": 69}, ""D1"": {""energy_j"": 502.7669818252325, ""clock_match_fraction"": null, ""mean_power_w"": 68.18361987285672, ""samples"": 64}}",1104.7738036066294,False,safe_high,"{""start"": 1788698922.868644, ""end"": 1788698930.2382667, ""duration_s"": 7.369622707366943, ""energy_j"": 1104.3862636126578, ""mean_power_w"": 149.85655405515848, ""endpoints"": {""P1"": {""energy_j"": 601.708066046238, ""clock_match_fraction"": 1.0, ""mean_power_w"": 81.64706524863867, ""samples"": 69}, ""D1"": {""energy_j"": 502.67819756641984, ""clock_match_fraction"": 1.0, ""mean_power_w"": 68.20948880651983, ""samples"": 64}}}",149.8258234801687,128,2520,production,production-00275,275,0.0,1788698922.8645458,False,0,56.39714540961367,202.29748904239386,6,3,balanced_medium
balanced_medium,balanced_medium,208.65178108215332,1500,7.375728130340576,1788698942.7949262,"{""P1"": {""energy_j"": 603.7980751395226, ""clock_match_fraction"": null, ""mean_power_w"": 81.8628431619865, ""samples"": 70}, ""D1"": {""energy_j"": 501.74639235436916, ""clock_match_fraction"": null, ""mean_power_w"": 68.02669288885528, ""samples"": 63}}",1105.5444674938917,False,safe_high,"{""start"": 1788698935.4229171, ""end"": 1788698942.7949262, ""duration_s"": 7.372009038925171, ""energy_j"": 1105.121943101287, ""mean_power_w"": 149.90783886266263, ""endpoints"": {""P1"": {""energy_j"": 603.5290496051311, ""clock_match_fraction"": 1.0, ""mean_power_w"": 81.86764916027896, ""samples"": 70}, ""D1"": {""energy_j"": 501.59289349615574, ""clock_match_fraction"": 1.0, ""mean_power_w"": 68.04018970238367, ""samples"": 63}}}",149.8895360508418,128,2520,production,production-00276,276,0.0,1788698935.419198,False,0,56.395255653444295,204.92990605998784,6,4,balanced_medium
balanced_medium,balanced_medium,203.65214347839355,1500,7.370599746704102,1788698955.2915561,"{""P1"": {""energy_j"": 594.0330690443516, ""clock_match_fraction"": null, ""mean_power_w"": 80.59494335043554, ""samples"": 69}, ""D1"": {""energy_j"": 502.3160685971379, ""clock_match_fraction"": null, ""mean_power_w"": 68.15131547765264, ""samples"": 64}}",1096.3491376414895,False,safe_high,"{""start"": 1788698947.924305, ""end"": 1788698955.2915561, ""duration_s"": 7.36725115776062, ""energy_j"": 1095.9678074680269, ""mean_power_w"": 148.7621073313811, ""endpoints"": {""P1"": {""energy_j"": 593.723657399416, ""clock_match_fraction"": 1.0, ""mean_power_w"": 80.58957739943355, ""samples"": 69}, ""D1"": {""energy_j"": 502.2441500686109, ""clock_match_fraction"": 1.0, ""mean_power_w"": 68.17252993194752, ""samples"": 64}}}",148.74625882808817,128,2520,production,production-00277,277,0.0,1788698947.9209564,False,0,56.39378074006596,200.29887300916016,6,5,balanced_medium
balanced_medium,balanced_medium,211.97795867919922,1500,7.378964185714722,1788698967.7968826,"{""P1"": {""energy_j"": 595.6769625544548, ""clock_match_fraction"": null, ""mean_power_w"": 80.72636586414843, ""samples"": 69}, ""D1"": {""energy_j"": 503.08654300123453, ""clock_match_fraction"": null, ""mean_power_w"": 68.17847740407564, ""samples"": 63}}",1098.7635055556893,False,safe_high,"{""start"": 1788698960.4231439, ""end"": 1788698967.7968826, ""duration_s"": 7.373738765716553, ""energy_j"": 1098.1809871904552, ""mean_power_w"": 148.93136603866898, ""endpoints"": {""P1"": {""energy_j"": 595.2068984806538, ""clock_match_fraction"": 1.0, ""mean_power_w"": 80.71982441905965, ""samples"": 69}, ""D1"": {""energy_j"": 502.97408870980144, ""clock_match_fraction"": 1.0, ""mean_power_w"": 68.21154161960933, ""samples"": 63}}}",148.90484326822408,128,2520,production,production-00278,278,0.0,1788698960.4179184,False,0,56.39698333106935,206.74860291182995,6,6,balanced_medium
balanced_medium,balanced_medium,213.33742141723633,1500,7.3799073696136475,1788698980.3019955,"{""P1"": {""energy_j"": 594.2950690090656, ""clock_match_fraction"": null, ""mean_power_w"": 80.52879788925834, ""samples"": 69}, ""D1"": {""energy_j"": 502.5652355141938, ""clock_match_fraction"": null, ""mean_power_w"": 68.0991251439656, ""samples"": 64}}",1096.8603045232594,False,safe_high,"{""start"": 1788698972.9308841, ""end"": 1788698980.3019955, ""duration_s"": 7.3711113929748535, ""energy_j"": 1095.9730932861567, ""mean_power_w"": 148.68491803429941, ""endpoints"": {""P1"": {""energy_j"": 593.6007550656796, ""clock_match_fraction"": 1.0, ""mean_power_w"": 80.53069929609522, ""samples"": 69}, ""D1"": {""energy_j"": 502.3723382204771, ""clock_match_fraction"": 1.0, ""mean_power_w"": 68.15421873820418, ""samples"": 63}}}",148.62792303322394,128,2520,production,production-00279,279,0.0,1788698972.9220881,False,0,56.39371599206393,204.53987398650497,6,7,balanced_medium
balanced_medium,balanced_medium,203.62114906311035,1500,7.3675432205200195,1788698992.7482402,"{""P1"": {""energy_j"": 594.0750669240952, ""clock_match_fraction"": null, ""mean_power_w"": 80.63407965758277, ""samples"": 69}, ""D1"": {""energy_j"": 500.0554443337023, ""clock_match_fraction"": null, ""mean_power_w"": 67.87275342219264, ""samples"": 64}}",1094.1305112577975,False,safe_high,"{""start"": 1788698985.3852596, ""end"": 1788698992.7482402, ""duration_s"": 7.362980604171753, ""energy_j"": 1093.3396038077772, ""mean_power_w"": 148.49144152142782, ""endpoints"": {""P1"": {""energy_j"": 593.4816722273827, ""clock_match_fraction"": 1.0, ""mean_power_w"": 80.60345451557009, ""samples"": 69}, ""D1"": {""energy_j"": 499.8579315803945, ""clock_match_fraction"": 1.0, ""mean_power_w"": 67.88798700585774, ""samples"": 64}}}",148.50683307977542,128,2520,production,production-00280,280,0.0,1788698985.380697,False,0,56.392550550943874,199.06085601542145,6,8,balanced_medium
balanced_medium,balanced_medium,205.22737503051758,1500,7.372161865234375,1788699005.297603,"{""P1"": {""energy_j"": 603.5014685094357, ""clock_match_fraction"": null, ""mean_power_w"": 81.86221077909677, ""samples"": 69}, ""D1"": {""energy_j"": 500.5188181847334, ""clock_match_fraction"": null, ""mean_power_w"": 67.89308581856822, ""samples"": 64}}",1104.020286694169,False,safe_high,"{""start"": 1788698997.9292388, ""end"": 1788699005.297603, ""duration_s"": 7.368364095687866, ""energy_j"": 1103.6648919321597, ""mean_power_w"": 149.78425028942982, ""endpoints"": {""P1"": {""energy_j"": 603.2280415594578, ""clock_match_fraction"": 1.0, ""mean_power_w"": 81.8672956066979, ""samples"": 69}, ""D1"": {""energy_j"": 500.4368503727019, ""clock_match_fraction"": 1.0, ""mean_power_w"": 67.91695468273194, ""samples"": 64}}}",149.755296597665,128,2520,production,production-00281,281,0.0,1788698997.925441,False,0,56.39609316543595,201.43134600948542,6,9,balanced_medium
balanced_medium,balanced_medium,202.70776748657227,1500,7.369771957397461,1788699017.850178,"{""P1"": {""energy_j"": 603.4992086291313, ""clock_match_fraction"": null, ""mean_power_w"": 81.88845083915584, ""samples"": 69}, ""D1"": {""energy_j"": 499.18553053960204, ""clock_match_fraction"": null, ""mean_power_w"": 67.73418952787827, ""samples"": 64}}",1102.6847391687334,False,safe_high,"{""start"": 1788699010.4840136, ""end"": 1788699017.850178, ""duration_s"": 7.366164445877075, ""energy_j"": 1102.3427816852927, ""mean_power_w"": 149.64949395099185, ""endpoints"": {""P1"": {""energy_j"": 603.2346190214157, ""clock_match_fraction"": 1.0, ""mean_power_w"": 81.89263536725043, ""samples"": 69}, ""D1"": {""energy_j"": 499.108162663877, ""clock_match_fraction"": 1.0, ""mean_power_w"": 67.75685858374143, ""samples"": 64}}}",149.6226403670341,128,2520,production,production-00282,282,0.0,1788699010.480406,False,0,56.39648975577117,199.09592997282743,6,10,balanced_medium
balanced_medium,balanced_medium,200.15954971313477,1500,7.365367650985718,1788699030.3984907,"{""P1"": {""energy_j"": 603.8074352443218, ""clock_match_fraction"": null, ""mean_power_w"": 81.97926618958572, ""samples"": 69}, ""D1"": {""energy_j"": 500.421932335943, ""clock_match_fraction"": null, ""mean_power_w"": 67.94255983528137, ""samples"": 63}}",1104.2293675802648,False,safe_high,"{""start"": 1788699023.036619, ""end"": 1788699030.3984907, ""duration_s"": 7.361871719360352, ""energy_j"": 1103.8978513777256, ""mean_power_w"": 149.94798788393445, ""endpoints"": {""P1"": {""energy_j"": 603.5536609888077, ""clock_match_fraction"": 1.0, ""mean_power_w"": 81.98372424794825, ""samples"": 69}, ""D1"": {""energy_j"": 500.3441903889179, ""clock_match_fraction"": 1.0, ""mean_power_w"": 67.9642636359862, ""samples"": 63}}}",149.9218260248671,128,2520,production,production-00283,283,0.0,1788699023.033123,False,0,56.39698360606617,196.65821897797287,6,11,balanced_medium
balanced_medium,balanced_medium,203.5841941833496,1500,7.368380069732666,1788699042.9010348,"{""P1"": {""energy_j"": 600.0003576278687, ""clock_match_fraction"": null, ""mean_power_w"": 81.42907286942345, ""samples"": 69}, ""D1"": {""energy_j"": 498.4242661818862, ""clock_match_fraction"": null, ""mean_power_w"": 67.64366949925395, ""samples"": 63}}",1098.4246238097548,False,safe_high,"{""start"": 1788699035.537123, ""end"": 1788699042.9010348, ""duration_s"": 7.363911867141724, ""energy_j"": 1098.003920968622, ""mean_power_w"": 149.10606492562604, ""endpoints"": {""P1"": {""energy_j"": 599.676414757967, ""clock_match_fraction"": 1.0, ""mean_power_w"": 81.43449101200736, ""samples"": 69}, ""D1"": {""energy_j"": 498.327506210655, ""clock_match_fraction"": 1.0, ""mean_power_w"": 67.67157391361869, ""samples"": 63}}}",149.07274236867738,128,2520,production,production-00284,284,0.0,1788699035.5326548,False,0,56.396491929162735,199.11575503647327,6,12,balanced_medium
balanced_medium,balanced_medium,204.6496868133545,1500,7.372026681900024,1788699055.404924,"{""P1"": {""energy_j"": 595.3813795149326, ""clock_match_fraction"": null, ""mean_power_w"": 80.76223882595639, ""samples"": 69}, ""D1"": {""energy_j"": 500.7091685310006, ""clock_match_fraction"": null, ""mean_power_w"": 67.92015142326515, ""samples"": 63}}",1096.0905480459332,False,safe_high,"{""start"": 1788699048.0374925, ""end"": 1788699055.404924, ""duration_s"": 7.367431402206421, ""energy_j"": 1095.6587193794549, ""mean_power_w"": 148.7165145577499, ""endpoints"": {""P1"": {""energy_j"": 595.0531114637852, ""clock_match_fraction"": 1.0, ""mean_power_w"": 80.76805591777574, ""samples"": 69}, ""D1"": {""energy_j"": 500.6056079156697, ""clock_match_fraction"": 1.0, ""mean_power_w"": 67.94845863997413, ""samples"": 63}}}",148.68239024922156,128,2520,production,production-00285,285,0.0,1788699048.0328972,False,0,56.39521829145924,200.05028799641877,6,13,balanced_medium
balanced_medium,balanced_medium,201.99990272521973,1500,7.36932635307312,1788699067.8513892,"{""P1"": {""energy_j"": 596.1514245569706, ""clock_match_fraction"": null, ""mean_power_w"": 80.89632566053564, ""samples"": 69}, ""D1"": {""energy_j"": 498.96302416548133, ""clock_match_fraction"": null, ""mean_power_w"": 67.70809165717111, ""samples"": 63}}",1095.114448722452,False,safe_high,"{""start"": 1788699060.4857008, ""end"": 1788699067.8513892, ""duration_s"": 7.365688323974609, ""energy_j"": 1094.664137199521, ""mean_power_w"": 148.61667899203584, ""endpoints"": {""P1"": {""energy_j"": 595.7781802713871, ""clock_match_fraction"": 1.0, ""mean_power_w"": 80.88560825092019, ""samples"": 69}, ""D1"": {""energy_j"": 498.88595692813396, ""clock_match_fraction"": 1.0, ""mean_power_w"": 67.73107074111567, ""samples"": 63}}}",148.60441731770675,128,2520,production,production-00286,286,0.0,1788699060.4820628,False,0,56.39704944122231,198.35755601525307,6,14,balanced_medium
balanced_medium,balanced_medium,203.7665843963623,1500,7.370969295501709,1788699080.3998044,"{""P1"": {""energy_j"": 603.0913974642754, ""clock_match_fraction"": null, ""mean_power_w"": 81.81982223590657, ""samples"": 69}, ""D1"": {""energy_j"": 500.6182167939842, ""clock_match_fraction"": null, ""mean_power_w"": 67.91755557840908, ""samples"": 62}}",1103.7096142582595,False,safe_high,"{""start"": 1788699073.0328326, ""end"": 1788699080.3998044, ""duration_s"": 7.366971731185913, ""energy_j"": 1102.6758415959775, ""mean_power_w"": 149.6783049849537, ""endpoints"": {""P1"": {""energy_j"": 602.1476376056671, ""clock_match_fraction"": 1.0, ""mean_power_w"": 81.73611350463743, ""samples"": 69}, ""D1"": {""energy_j"": 500.52820399031043, ""clock_match_fraction"": 1.0, ""mean_power_w"": 67.94219148031628, ""samples"": 62}}}",149.73737781431566,128,2520,production,production-00287,287,0.0,1788699073.028835,False,0,56.39613665343357,199.7624090872705,6,15,balanced_medium
balanced_medium,balanced_medium,201.1094093322754,1500,7.36575174331665,1788699092.8971667,"{""P1"": {""energy_j"": 603.7563337087631, ""clock_match_fraction"": null, ""mean_power_w"": 81.96805360112555, ""samples"": 69}, ""D1"": {""energy_j"": 503.2065805904567, ""clock_match_fraction"": null, ""mean_power_w"": 68.31707042625264, ""samples"": 63}}",1106.9629142992198,False,safe_high,"{""start"": 1788699085.5353224, ""end"": 1788699092.8971667, ""duration_s"": 7.361844301223755, ""energy_j"": 1106.593151371926, ""mean_power_w"": 150.31466383878532, ""endpoints"": {""P1"": {""energy_j"": 603.4698755145073, ""clock_match_fraction"": 1.0, ""mean_power_w"": 81.97264854055564, ""samples"": 69}, ""D1"": {""energy_j"": 503.1232758574188, ""clock_match_fraction"": 1.0, ""mean_power_w"": 68.34201529822967, ""samples"": 63}}}",150.28512402737817,128,2520,production,production-00288,288,0.0,1788699085.531415,False,0,56.394790701648795,197.2001529065892,6,16,balanced_medium
balanced_medium,balanced_medium,206.9544792175293,1500,7.370910167694092,1788699105.3959167,"{""P1"": {""energy_j"": 604.4035479724407, ""clock_match_fraction"": null, ""mean_power_w"": 81.99849600955342, ""samples"": 69}, ""D1"": {""energy_j"": 500.57189075276256, ""clock_match_fraction"": null, ""mean_power_w"": 67.91181541551211, ""samples"": 63}}",1104.9754387252033,False,safe_high,"{""start"": 1788699098.0335674, ""end"": 1788699105.3959167, ""duration_s"": 7.362349271774292, ""energy_j"": 1104.1601455584168, ""mean_power_w"": 149.9738880619989, ""endpoints"": {""P1"": {""energy_j"": 603.7802712619305, ""clock_match_fraction"": 1.0, ""mean_power_w"": 82.00918605922404, ""samples"": 69}, ""D1"": {""energy_j"": 500.3798742964864, ""clock_match_fraction"": 1.0, ""mean_power_w"": 67.96470200277487, ""samples"": 63}}}",149.91031142506552,128,2520,production,production-00289,289,0.0,1788699098.0250065,False,0,56.38986631520239,198.3887340174988,6,17,balanced_medium
balanced_medium,balanced_medium,200.21414756774902,1500,7.3678858280181885,1788699117.8397794,"{""P1"": {""energy_j"": 595.3918513059616, ""clock_match_fraction"": null, ""mean_power_w"": 80.8090495976252, ""samples"": 69}, ""D1"": {""energy_j"": 501.8382879793644, ""clock_match_fraction"": null, ""mean_power_w"": 68.11157226011858, ""samples"": 63}}",1097.230139285326,False,safe_high,"{""start"": 1788699110.4757993, ""end"": 1788699117.8397794, ""duration_s"": 7.363980054855347, ""energy_j"": 1096.7876409254968, ""mean_power_w"": 148.9395181349444, ""endpoints"": {""P1"": {""energy_j"": 595.0326857566833, ""clock_match_fraction"": 1.0, ""mean_power_w"": 80.80313652728542, ""samples"": 69}, ""D1"": {""energy_j"": 501.75495516881347, ""clock_match_fraction"": 1.0, ""mean_power_w"": 68.13638160765899, ""samples"": 63}}}",148.92062185774378,128,2520,production,production-00290,290,0.0,1788699110.4718935,False,0,56.396129346767985,196.30888290703297,6,18,balanced_medium
balanced_medium,balanced_medium,200.1795768737793,1500,7.367408037185669,1788699130.3392997,"{""P1"": {""energy_j"": 594.8807318508625, ""clock_match_fraction"": null, ""mean_power_w"": 80.74491447308318, ""samples"": 69}, ""D1"": {""energy_j"": 498.9649505838752, ""clock_match_fraction"": null, ""mean_power_w"": 67.72598287829847, ""samples"": 64}}",1093.8456824347377,False,safe_high,"{""start"": 1788699122.976122, ""end"": 1788699130.3392997, ""duration_s"": 7.36317777633667, ""energy_j"": 1093.3804977610707, ""mean_power_w"": 148.4930190433416, ""endpoints"": {""P1"": {""energy_j"": 594.5106122791767, ""clock_match_fraction"": 1.0, ""mean_power_w"": 80.74103740775871, ""samples"": 69}, ""D1"": {""energy_j"": 498.869885481894, ""clock_match_fraction"": 1.0, ""mean_power_w"": 67.75198163558288, ""samples"": 64}}}",148.47089735138167,128,2520,production,production-00291,291,0.0,1788699122.9718916,False,0,56.389692787623666,195.94406394753605,6,19,balanced_medium
balanced_medium,balanced_medium,202.21328735351562,1500,7.369056224822998,1788699142.891158,"{""P1"": {""energy_j"": 596.1170217096806, ""clock_match_fraction"": null, ""mean_power_w"": 80.89462253003764, ""samples"": 70}, ""D1"": {""energy_j"": 503.8597927056253, ""clock_match_fraction"": null, ""mean_power_w"": 68.3750778028197, ""samples"": 63}}",1099.9768144153059,False,safe_high,"{""start"": 1788699135.5264823, ""end"": 1788699142.891158, ""duration_s"": 7.364675760269165, ""energy_j"": 1099.233496941626, ""mean_power_w"": 149.257554945155, ""endpoints"": {""P1"": {""energy_j"": 595.4701099693775, ""clock_match_fraction"": 1.0, ""mean_power_w"": 80.85489834892802, ""samples"": 69}, ""D1"": {""energy_j"": 503.76338697224855, ""clock_match_fraction"": 1.0, ""mean_power_w"": 68.40265659622698, ""samples"": 63}}}",149.26970033285733,128,2520,production,production-00292,292,0.0,1788699135.5221019,False,0,56.3969281648733,197.8295500157401,6,20,balanced_medium
balanced_medium,balanced_medium,204.6225070953369,1500,7.371739387512207,1788699155.3903987,"{""P1"": {""energy_j"": 603.9008634388447, ""clock_match_fraction"": null, ""mean_power_w"": 81.9210815376705, ""samples"": 69}, ""D1"": {""energy_j"": 504.85559238120914, ""clock_match_fraction"": null, ""mean_power_w"": 68.48527407743674, ""samples"": 63}}",1108.7564558200538,False,safe_high,"{""start"": 1788699148.0229793, ""end"": 1788699155.3903987, ""duration_s"": 7.367419481277466, ""energy_j"": 1108.3416174389422, ""mean_power_w"": 150.4382396381158, ""endpoints"": {""P1"": {""energy_j"": 603.5831591486931, ""clock_match_fraction"": 1.0, ""mean_power_w"": 81.92599331184485, ""samples"": 69}, ""D1"": {""energy_j"": 504.7584582902491, ""clock_match_fraction"": 1.0, ""mean_power_w"": 68.51224632627095, ""samples"": 63}}}",150.40635561510723,128,2520,production,production-00293,293,0.0,1788699148.0186594,False,0,56.39439330007294,200.3031289204955,6,21,balanced_medium
balanced_medium,balanced_medium,202.7907371520996,1500,7.369507312774658,1788699167.8871207,"{""P1"": {""energy_j"": 604.8036779761314, ""clock_match_fraction"": null, ""mean_power_w"": 82.06840054663297, ""samples"": 69}, ""D1"": {""energy_j"": 500.2466882057488, ""clock_match_fraction"": null, ""mean_power_w"": 67.88061494132683, ""samples"": 62}}",1105.0503661818802,False,safe_high,"{""start"": 1788699160.5209138, ""end"": 1788699167.8871207, ""duration_s"": 7.366206884384155, ""energy_j"": 1104.7389013022184, ""mean_power_w"": 149.97391719260395, ""endpoints"": {""P1"": {""energy_j"": 604.5626013278961, ""clock_match_fraction"": 1.0, ""mean_power_w"": 82.07244390726069, ""samples"": 69}, ""D1"": {""energy_j"": 500.1762999743223, ""clock_match_fraction"": 1.0, ""mean_power_w"": 67.90147328534326, ""samples"": 62}}}",149.9490154879598,128,2520,production,production-00294,294,0.0,1788699160.5176134,False,0,56.39472544856927,199.48579499032348,6,22,balanced_medium
balanced_medium,balanced_medium,205.98459243774414,1500,7.372010707855225,1788699180.3353298,"{""P1"": {""energy_j"": 596.7020652294159, ""clock_match_fraction"": null, ""mean_power_w"": 80.9415624686494, ""samples"": 69}, ""D1"": {""energy_j"": 498.568953320384, ""clock_match_fraction"": null, ""mean_power_w"": 67.62998225017976, ""samples"": 63}}",1095.2710185498,False,safe_high,"{""start"": 1788699172.970971, ""end"": 1788699180.3353298, ""duration_s"": 7.36435866355896, ""energy_j"": 1094.4974879473448, ""mean_power_w"": 148.6208830869746, ""endpoints"": {""P1"": {""energy_j"": 596.1044895350933, ""clock_match_fraction"": 1.0, ""mean_power_w"": 80.94452168452847, ""samples"": 69}, ""D1"": {""energy_j"": 498.3929984122515, ""clock_match_fraction"": 1.0, ""mean_power_w"": 67.67636140244615, ""samples"": 63}}}",148.57154471882916,128,2520,production,production-00295,295,0.0,1788699172.963319,False,0,56.389693039704085,198.32750398200005,6,23,balanced_medium
balanced_medium,balanced_medium,201.25174522399902,1500,7.368202447891235,1788699192.8825448,"{""P1"": {""energy_j"": 597.1334549486637, ""clock_match_fraction"": null, ""mean_power_w"": 81.04194464954774, ""samples"": 70}, ""D1"": {""energy_j"": 499.27013835683465, ""clock_match_fraction"": null, ""mean_power_w"": 67.76010049774416, ""samples"": 63}}",1096.4035933054984,False,safe_high,"{""start"": 1788699185.5182123, ""end"": 1788699192.8825448, ""duration_s"": 7.364332437515259, ""energy_j"": 1095.9572557806969, ""mean_power_w"": 148.81963369791535, ""endpoints"": {""P1"": {""energy_j"": 596.8543245494366, ""clock_match_fraction"": 1.0, ""mean_power_w"": 81.04662976768284, ""samples"": 70}, ""D1"": {""energy_j"": 499.1029312312603, ""clock_match_fraction"": 1.0, ""mean_power_w"": 67.77300393023249, ""samples"": 63}}}",148.80204514729192,128,2520,production,production-00296,296,0.0,1788699185.5143423,False,0,56.39166952803819,197.37773691304028,6,24,balanced_medium
balanced_medium,balanced_medium,200.29473304748535,1500,7.366007089614868,1788699205.3749042,"{""P1"": {""energy_j"": 595.877481251955, ""clock_match_fraction"": null, ""mean_power_w"": 80.89558888587908, ""samples"": 70}, ""D1"": {""energy_j"": 498.61109679192305, ""clock_match_fraction"": null, ""mean_power_w"": 67.69082499186041, ""samples"": 63}}",1094.488578043878,False,safe_high,"{""start"": 1788699198.0123286, ""end"": 1788699205.3749042, ""duration_s"": 7.362575531005859, ""energy_j"": 1094.032620921731, ""mean_power_w"": 148.5937381986038, ""endpoints"": {""P1"": {""energy_j"": 595.5696919262409, ""clock_match_fraction"": 1.0, ""mean_power_w"": 80.89148823236255, ""samples"": 69}, ""D1"": {""energy_j"": 498.4629289954901, ""clock_match_fraction"": 1.0, ""mean_power_w"": 67.70224996624124, ""samples"": 63}}}",148.5864138777395,128,2520,production,production-00297,297,0.0,1788699198.008897,False,0,56.38983894476858,196.8581189867109,6,25,balanced_medium
balanced_medium,balanced_medium,203.06849479675293,1500,7.370042324066162,1788699217.87484,"{""P1"": {""energy_j"": 601.745649933815, ""clock_match_fraction"": null, ""mean_power_w"": 81.6475161843878, ""samples"": 69}, ""D1"": {""energy_j"": 503.66139237210155, ""clock_match_fraction"": null, ""mean_power_w"": 68.33900949624724, ""samples"": 63}}",1105.4070423059165,False,safe_high,"{""start"": 1788699210.5092413, ""end"": 1788699217.87484, ""duration_s"": 7.365598678588867, ""energy_j"": 1104.2847198061645, ""mean_power_w"": 149.92463857910434, ""endpoints"": {""P1"": {""energy_j"": 600.8084444403648, ""clock_match_fraction"": 1.0, ""mean_power_w"": 81.5695329949025, ""samples"": 69}, ""D1"": {""energy_j"": 503.47627536579967, ""clock_match_fraction"": 1.0, ""mean_power_w"": 68.35510558420185, ""samples"": 63}}}",149.98652568063503,128,2520,production,production-00298,298,0.0,1788699210.5047977,False,0,56.39361574013871,198.62040400039405,6,26,balanced_medium
,,2928.502082824707,975,10.212763786315918,1788699233.2163558,"{""P1"": {""energy_j"": 666.4016580283642, ""clock_match_fraction"": null, ""mean_power_w"": 65.25184288716007, ""samples"": 95}, ""D1"": {""energy_j"": 501.14809104800224, ""clock_match_fraction"": null, ""mean_power_w"": 49.07076101373171, ""samples"": 90}}",1167.5497490763664,True,table,"{""start"": 1788699225.7034788, ""end"": 1788699233.2163558, ""duration_s"": 7.512876987457275, ""energy_j"": 920.7917862720788, ""mean_power_w"": 122.56180792116493, ""endpoints"": {""P1"": {""energy_j"": 482.48073720932007, ""clock_match_fraction"": 1.0, ""mean_power_w"": 64.22050274679329, ""samples"": 71}, ""D1"": {""energy_j"": 438.3110490627587, ""clock_match_fraction"": 1.0, ""mean_power_w"": 58.34130517437163, ""samples"": 65}}}",114.32260390089178,128,1200,production,production-00299,299,0.5,1788699223.003592,True,1,57.324573606634,228.61824196297675,6,27,balanced_medium
,,229.71200942993164,975,7.51431941986084,1788699245.9142318,"{""P1"": {""energy_j"": 481.3381419181824, ""clock_match_fraction"": null, ""mean_power_w"": 64.05611939332444, ""samples"": 70}, ""D1"": {""energy_j"": 440.020168248564, ""clock_match_fraction"": null, ""mean_power_w"": 58.557554405467755, ""samples"": 65}}",921.3583101667464,False,table,"{""start"": 1788699238.403599, ""end"": 1788699245.9142318, ""duration_s"": 7.510632753372192, ""energy_j"": 921.0765520296991, ""mean_power_w"": 122.6363453353708, ""endpoints"": {""P1"": {""energy_j"": 481.1290991604328, ""clock_match_fraction"": 1.0, ""mean_power_w"": 64.05972904805006, ""samples"": 70}, ""D1"": {""energy_j"": 439.9474528692663, ""clock_match_fraction"": 1.0, ""mean_power_w"": 58.57661628732075, ""samples"": 65}}}",122.61367379879219,128,1200,production,production-00300,300,0.0,1788699238.3999124,True,1,57.32085023581336,226.0198190342635,6,28,balanced_medium
,,231.11844062805176,975,7.516308546066284,1788699258.5613496,"{""P1"": {""energy_j"": 481.46617341041565, ""clock_match_fraction"": null, ""mean_power_w"": 64.05620132004753, ""samples"": 70}, ""D1"": {""energy_j"": 438.09444257989526, ""clock_match_fraction"": null, ""mean_power_w"": 58.285851345096155, ""samples"": 65}}",919.5606159903109,False,table,"{""start"": 1788699251.048739, ""end"": 1788699258.5613496, ""duration_s"": 7.512610673904419, ""energy_j"": 919.271822180599, ""mean_power_w"": 122.36383090817607, ""endpoints"": {""P1"": {""energy_j"": 481.2505853176117, ""clock_match_fraction"": 1.0, ""mean_power_w"": 64.05903436328325, ""samples"": 70}, ""D1"": {""energy_j"": 438.0212368629873, ""clock_match_fraction"": 1.0, ""mean_power_w"": 58.30479654489282, ""samples"": 65}}}",122.34205266514368,128,1200,production,production-00301,301,0.0,1788699251.045041,True,1,57.32227921188904,227.41549101192504,6,29,balanced_medium
,,230.57317733764648,975,7.515926837921143,1788699271.1574829,"{""P1"": {""energy_j"": 480.62142139673233, ""clock_match_fraction"": null, ""mean_power_w"": 63.94705959240938, ""samples"": 71}, ""D1"": {""energy_j"": 440.45594100654125, ""clock_match_fraction"": null, ""mean_power_w"": 58.60301071376163, ""samples"": 65}}",921.0773624032736,False,table,"{""start"": 1788699263.6454864, ""end"": 1788699271.1574829, ""duration_s"": 7.511996507644653, ""energy_j"": 920.6976310648024, ""mean_power_w"": 122.56363939038654, ""endpoints"": {""P1"": {""energy_j"": 480.3982177376747, ""clock_match_fraction"": 1.0, ""mean_power_w"": 63.95080419017674, ""samples"": 71}, ""D1"": {""energy_j"": 440.2994133271277, ""clock_match_fraction"": 1.0, ""mean_power_w"": 58.61283520020981, ""samples"": 65}}}",122.55007030617101,128,1200,production,production-00302,302,0.0,1788699263.641556,True,1,57.3218403857084,226.63795994594693,6,30,balanced_medium
,,230.4673194885254,975,7.51555323600769,1788699283.8033752,"{""P1"": {""energy_j"": 481.5048396885395, ""clock_match_fraction"": null, ""mean_power_w"": 64.06778377692896, ""samples"": 71}, ""D1"": {""energy_j"": 438.1142810843885, ""clock_match_fraction"": null, ""mean_power_w"": 58.29434870946608, ""samples"": 65}}",919.619120772928,False,table,"{""start"": 1788699276.2918074, ""end"": 1788699283.8033752, ""duration_s"": 7.511567831039429, ""energy_j"": 919.3164326362312, ""mean_power_w"": 122.38675777344594, ""endpoints"": {""P1"": {""energy_j"": 481.2806634902954, ""clock_match_fraction"": 1.0, ""mean_power_w"": 64.07193202749754, ""samples"": 71}, ""D1"": {""energy_j"": 438.0357691459358, ""clock_match_fraction"": 1.0, ""mean_power_w"": 58.31482574594839, ""samples"": 65}}}",122.36213248639504,128,1200,production,production-00303,303,0.0,1788699276.287822,True,1,57.32375509417286,226.476339972578,6,31,balanced_medium
,,230.71002960205078,975,7.515644550323486,1788699296.4532783,"{""P1"": {""energy_j"": 480.41344034671783, ""clock_match_fraction"": null, ""mean_power_w"": 63.92178836159036, ""samples"": 71}, ""D1"": {""energy_j"": 439.77074863761663, ""clock_match_fraction"": null, ""mean_power_w"": 58.514043032901036, ""samples"": 65}}",920.1841889843345,False,table,"{""start"": 1788699288.943147, ""end"": 1788699296.4532783, ""duration_s"": 7.510131359100342, ""energy_j"": 919.6531352885067, ""mean_power_w"": 122.45499996136877, ""endpoints"": {""P1"": {""energy_j"": 480.10000294446945, ""clock_match_fraction"": 1.0, ""mean_power_w"": 63.92697810308099, ""samples"": 71}, ""D1"": {""energy_j"": 439.5531323440373, ""clock_match_fraction"": 1.0, ""mean_power_w"": 58.52802185828778, ""samples"": 65}}}",122.4358313944914,128,1200,production,production-00304,304,0.0,1788699288.9376338,True,1,57.32372848823021,225.19324999302626,6,32,balanced_medium
,,231.292724609375,975,7.516553163528442,1788699309.1033165,"{""P1"": {""energy_j"": 480.4083104431629, ""clock_match_fraction"": null, ""mean_power_w"": 63.9133789107198, ""samples"": 71}, ""D1"": {""energy_j"": 437.03542402759194, ""clock_match_fraction"": null, ""mean_power_w"": 58.14306298639116, ""samples"": 65}}",917.4437344707549,False,table,"{""start"": 1788699301.5908709, ""end"": 1788699309.1033165, ""duration_s"": 7.512445688247681, ""energy_j"": 917.1308124028146, ""mean_power_w"": 122.08152317660755, ""endpoints"": {""P1"": {""energy_j"": 480.1765276789665, ""clock_match_fraction"": 1.0, ""mean_power_w"": 63.9174707685601, ""samples"": 71}, ""D1"": {""energy_j"": 436.9542847238481, ""clock_match_fraction"": 1.0, ""mean_power_w"": 58.16405240804744, ""samples"": 65}}}",122.05644189711096,128,1200,production,production-00305,305,0.0,1788699301.5867634,True,1,57.324277164641856,227.18040901236236,6,33,balanced_medium
,,231.2455177307129,975,7.5166685581207275,1788699321.8059602,"{""P1"": {""energy_j"": 476.74148017168045, ""clock_match_fraction"": null, ""mean_power_w"": 63.424571202707455, ""samples"": 70}, ""D1"": {""energy_j"": 437.73178669065237, ""clock_match_fraction"": null, ""mean_power_w"": 58.234812843748884, ""samples"": 65}}",914.4732668623328,False,table,"{""start"": 1788699314.2932377, ""end"": 1788699321.8059602, ""duration_s"": 7.512722492218018, ""energy_j"": 913.8200052268803, ""mean_power_w"": 121.63633172574285, ""endpoints"": {""P1"": {""energy_j"": 476.1642593741417, ""clock_match_fraction"": 1.0, ""mean_power_w"": 63.38105259010591, ""samples"": 70}, ""D1"": {""energy_j"": 437.6557458527386, ""clock_match_fraction"": 1.0, ""mean_power_w"": 58.25527913563694, ""samples"": 65}}}",121.65938404645634,128,1200,production,production-00306,306,0.0,1788699314.2892916,True,1,57.32512431527216,227.29547799099237,6,34,balanced_medium
,,231.35852813720703,975,7.517065525054932,1788699334.4618676,"{""P1"": {""energy_j"": 480.2386794388294, ""clock_match_fraction"": null, ""mean_power_w"": 63.88645646870559, ""samples"": 70}, ""D1"": {""energy_j"": 440.84932850673795, ""clock_match_fraction"": null, ""mean_power_w"": 58.646466102677266, ""samples"": 65}}",921.0880079455674,False,table,"{""start"": 1788699326.9484992, ""end"": 1788699334.4618676, ""duration_s"": 7.513368368148804, ""energy_j"": 920.8086526989937, ""mean_power_w"": 122.556037130104, ""endpoints"": {""P1"": {""energy_j"": 480.0306600034237, ""clock_match_fraction"": 1.0, ""mean_power_w"": 63.89020695942491, ""samples"": 70}, ""D1"": {""energy_j"": 440.77799269557, ""clock_match_fraction"": 1.0, ""mean_power_w"": 58.66583017067909, ""samples"": 65}}}",122.53292257138285,128,1200,production,production-00307,307,0.0,1788699326.944802,True,1,57.328009788188936,227.65714791603386,6,35,balanced_medium
,,235.62026023864746,975,7.521377086639404,1788699347.1164947,"{""P1"": {""energy_j"": 477.6819627583027, ""clock_match_fraction"": null, ""mean_power_w"": 63.50990746187063, ""samples"": 70}, ""D1"": {""energy_j"": 436.8686051219702, ""clock_match_fraction"": null, ""mean_power_w"": 58.08359294975405, ""samples"": 65}}",914.5505678802729,False,table,"{""start"": 1788699339.6003354, ""end"": 1788699347.1164947, ""duration_s"": 7.516159296035767, ""energy_j"": 914.0618087984622, ""mean_power_w"": 121.61288402716052, ""endpoints"": {""P1"": {""energy_j"": 477.2958693802357, ""clock_match_fraction"": 1.0, ""mean_power_w"": 63.502628214914886, ""samples"": 70}, ""D1"": {""energy_j"": 436.7659394182265, ""clock_match_fraction"": 1.0, ""mean_power_w"": 58.11025581224564, ""samples"": 65}}}",121.59350041162469,128,1200,production,production-00308,308,0.0,1788699339.5951176,True,1,57.32096492873842,230.4008270148188,6,36,balanced_medium
,,230.40390014648438,975,7.515327215194702,1788699359.7643218,"{""P1"": {""energy_j"": 480.2663823068142, ""clock_match_fraction"": null, ""mean_power_w"": 63.90491971338227, ""samples"": 70}, ""D1"": {""energy_j"": 438.5775725841522, ""clock_match_fraction"": null, ""mean_power_w"": 58.35774810941347, ""samples"": 65}}",918.8439548909664,False,table,"{""start"": 1788699352.2545216, ""end"": 1788699359.7643218, ""duration_s"": 7.50980019569397, ""energy_j"": 918.3098542951047, ""mean_power_w"": 122.28152951681093, ""endpoints"": {""P1"": {""energy_j"": 479.95447435975075, ""clock_match_fraction"": 1.0, ""mean_power_w"": 63.91041863336803, ""samples"": 70}, ""D1"": {""energy_j"": 438.355379935354, ""clock_match_fraction"": 1.0, ""mean_power_w"": 58.37111088344291, ""samples"": 65}}}",122.26266782279573,128,1200,production,production-00309,309,0.0,1788699352.2489946,True,1,57.321339795241265,224.87114102113992,6,37,balanced_medium
,,234.33399200439453,975,7.51950478553772,1788699372.4170587,"{""P1"": {""energy_j"": 479.1588332056999, ""clock_match_fraction"": null, ""mean_power_w"": 63.722126239917706, ""samples"": 70}, ""D1"": {""energy_j"": 437.2813343591988, ""clock_match_fraction"": null, ""mean_power_w"": 58.1529431566056, ""samples"": 65}}",916.4401675648987,False,table,"{""start"": 1788699364.9016867, ""end"": 1788699372.4170587, ""duration_s"": 7.515372037887573, ""energy_j"": 916.0868536308408, ""mean_power_w"": 121.89507705174569, ""endpoints"": {""P1"": {""energy_j"": 478.88659459352493, ""clock_match_fraction"": 1.0, ""mean_power_w"": 63.72094317876654, ""samples"": 70}, ""D1"": {""energy_j"": 437.20025903731585, ""clock_match_fraction"": 1.0, ""mean_power_w"": 58.174133872979155, ""samples"": 65}}}",121.87506939652332,128,1200,production,production-00310,310,0.0,1788699364.897554,True,1,57.322531047563146,230.1964609650895,6,38,balanced_medium
,,230.58509826660156,975,7.5162200927734375,1788699385.0689564,"{""P1"": {""energy_j"": 479.5281855762005, ""clock_match_fraction"": null, ""mean_power_w"": 63.799114402896315, ""samples"": 70}, ""D1"": {""energy_j"": 438.14909824728966, ""clock_match_fraction"": null, ""mean_power_w"": 58.29380896769555, ""samples"": 65}}",917.6772838234901,False,table,"{""start"": 1788699377.5558672, ""end"": 1788699385.0689564, ""duration_s"": 7.513089179992676, ""energy_j"": 917.44002918154, ""mean_power_w"": 122.11222404023619, ""endpoints"": {""P1"": {""energy_j"": 479.35217344760895, ""clock_match_fraction"": 1.0, ""mean_power_w"": 63.80227386680325, ""samples"": 70}, ""D1"": {""energy_j"": 438.08785573393106, ""clock_match_fraction"": 1.0, ""mean_power_w"": 58.30995017343294, ""samples"": 65}}}",122.09292337059186,128,1200,production,production-00311,311,0.0,1788699377.5527363,True,1,57.32403039349258,227.44950104970485,6,39,balanced_medium
,,230.82852363586426,975,7.5151448249816895,1788699397.7195904,"{""P1"": {""energy_j"": 479.89033830165863, ""clock_match_fraction"": null, ""mean_power_w"": 63.85643250765003, ""samples"": 70}, ""D1"": {""energy_j"": 437.43831112608314, ""clock_match_fraction"": null, ""mean_power_w"": 58.20756902408051, ""samples"": 65}}",917.3286494277418,False,table,"{""start"": 1788699390.209035, ""end"": 1788699397.7195904, ""duration_s"": 7.5105555057525635, ""energy_j"": 916.9679675288498, ""mean_power_w"": 122.09056531524413, ""endpoints"": {""P1"": {""energy_j"": 479.6198506951332, ""clock_match_fraction"": 1.0, ""mean_power_w"": 63.85943760455238, ""samples"": 70}, ""D1"": {""energy_j"": 437.34811683371663, ""clock_match_fraction"": 1.0, ""mean_power_w"": 58.23112771069176, ""samples"": 65}}}",122.06400153173054,128,1200,production,production-00312,312,0.0,1788699390.2044456,True,1,57.32037985833054,226.23718495015055,6,40,balanced_medium
,,229.32839393615723,975,7.515458822250366,1788699410.3734124,"{""P1"": {""energy_j"": 479.6721300780773, ""clock_match_fraction"": null, ""mean_power_w"": 63.82472998959873, ""samples"": 70}, ""D1"": {""energy_j"": 438.8323395624757, ""clock_match_fraction"": null, ""mean_power_w"": 58.39062523544975, ""samples"": 65}}",918.504469640553,False,table,"{""start"": 1788699402.8622718, ""end"": 1788699410.3734124, ""duration_s"": 7.511140584945679, ""energy_j"": 918.1758270896971, ""mean_power_w"": 122.24186416241035, ""endpoints"": {""P1"": {""energy_j"": 479.4274917244911, ""clock_match_fraction"": 1.0, ""mean_power_w"": 63.828853461402545, ""samples"": 70}, ""D1"": {""energy_j"": 438.748335365206, ""clock_match_fraction"": 1.0, ""mean_power_w"": 58.41301070100781, ""samples"": 65}}}",122.21535522504848,128,1200,production,production-00313,313,0.0,1788699402.8579535,True,1,57.33196940969705,225.00726499129087,6,41,balanced_medium
,,231.11343383789062,975,7.515803813934326,1788699422.9743285,"{""P1"": {""energy_j"": 480.4879289865494, ""clock_match_fraction"": null, ""mean_power_w"": 63.93034476175696, ""samples"": 71}, ""D1"": {""energy_j"": 436.80654487013817, ""clock_match_fraction"": null, ""mean_power_w"": 58.11840698400048, ""samples"": 65}}",917.2944738566875,False,table,"{""start"": 1788699415.462352, ""end"": 1788699422.9743285, ""duration_s"": 7.511976480484009, ""energy_j"": 916.9435078315437, ""mean_power_w"": 122.06421441996628, ""endpoints"": {""P1"": {""energy_j"": 480.2115948200226, ""clock_match_fraction"": 1.0, ""mean_power_w"": 63.926131300810695, ""samples"": 70}, ""D1"": {""energy_j"": 436.7319130115211, ""clock_match_fraction"": 1.0, ""mean_power_w"": 58.13808311915558, ""samples"": 65}}}",122.04875174575744,128,1200,production,production-00314,314,0.0,1788699415.4585247,True,1,57.32415203925398,227.28145599830896,6,42,balanced_medium
,,230.80968856811523,975,7.515919208526611,1788699435.6240287,"{""P1"": {""energy_j"": 479.5674982368946, ""clock_match_fraction"": null, ""mean_power_w"": 63.806899054055556, ""samples"": 70}, ""D1"": {""energy_j"": 438.5407449454069, ""clock_match_fraction"": null, ""mean_power_w"": 58.348251594814116, ""samples"": 65}}",918.1082431823015,False,table,"{""start"": 1788699428.1130404, ""end"": 1788699435.6240287, ""duration_s"": 7.510988235473633, ""energy_j"": 917.7349817194045, ""mean_power_w"": 122.18565026969894, ""endpoints"": {""P1"": {""energy_j"": 479.29121950268745, ""clock_match_fraction"": 1.0, ""mean_power_w"": 63.81200508863052, ""samples"": 70}, ""D1"": {""energy_j"": 438.443762216717, ""clock_match_fraction"": 1.0, ""mean_power_w"": 58.37364518106842, ""samples"": 65}}}",122.15515064886968,128,1200,production,production-00315,315,0.0,1788699428.1081095,True,1,57.31961926020036,225.87733902037144,6,43,balanced_medium
,,225.34942626953125,975,7.5099711418151855,1788699448.2820485,"{""P1"": {""energy_j"": 479.6126330792904, ""clock_match_fraction"": null, ""mean_power_w"": 63.86344554759053, ""samples"": 70}, ""D1"": {""energy_j"": 436.13774213194847, ""clock_match_fraction"": null, ""mean_power_w"": 58.07448975450157, ""samples"": 65}}",915.7503752112389,False,table,"{""start"": 1788699440.7765577, ""end"": 1788699448.2820485, ""duration_s"": 7.505490779876709, ""energy_j"": 915.356443028897, ""mean_power_w"": 121.95823962412933, ""endpoints"": {""P1"": {""energy_j"": 479.3063055276871, ""clock_match_fraction"": 1.0, ""mean_power_w"": 63.86075469078926, ""samples"": 70}, ""D1"": {""energy_j"": 436.05013750121, ""clock_match_fraction"": 1.0, ""mean_power_w"": 58.09748493334008, ""samples"": 64}}}",121.9379353020921,128,1200,production,production-00316,316,0.0,1788699440.7720773,True,1,57.320693118211736,220.86634498555213,6,44,balanced_medium
,,230.58104515075684,975,7.513765573501587,1788699460.937934,"{""P1"": {""energy_j"": 477.13209119439125, ""clock_match_fraction"": null, ""mean_power_w"": 63.50106168830561, ""samples"": 70}, ""D1"": {""energy_j"": 439.645221747458, ""clock_match_fraction"": null, ""mean_power_w"": 58.51196945748911, ""samples"": 65}}",916.7773129418492,False,table,"{""start"": 1788699453.4287758, ""end"": 1788699460.937934, ""duration_s"": 7.509158134460449, ""energy_j"": 915.93487553671, ""mean_power_w"": 121.97570741430685, ""endpoints"": {""P1"": {""energy_j"": 476.38004437088966, ""clock_match_fraction"": 1.0, ""mean_power_w"": 63.439873796867204, ""samples"": 70}, ""D1"": {""energy_j"": 439.55483116582036, ""clock_match_fraction"": 1.0, ""mean_power_w"": 58.53583361743965, ""samples"": 65}}}",122.01303114579471,128,1200,production,production-00317,317,0.0,1788699453.4241683,True,1,57.3160490387772,225.96919804345816,6,45,balanced_medium
,,230.03721237182617,975,7.514963865280151,1788699473.5894241,"{""P1"": {""energy_j"": 479.81292793154716, ""clock_match_fraction"": null, ""mean_power_w"": 63.84766933455643, ""samples"": 70}, ""D1"": {""energy_j"": 435.1677234098315, ""clock_match_fraction"": null, ""mean_power_w"": 57.906828457332686, ""samples"": 65}}",914.9806513413787,False,table,"{""start"": 1788699466.0792992, ""end"": 1788699473.5894241, ""duration_s"": 7.510124921798706, ""energy_j"": 914.593345221132, ""mean_power_w"": 121.78137577531575, ""endpoints"": {""P1"": {""energy_j"": 479.5203652083874, ""clock_match_fraction"": 1.0, ""mean_power_w"": 63.849852059922895, ""samples"": 70}, ""D1"": {""energy_j"": 435.07298001274467, ""clock_match_fraction"": 1.0, ""mean_power_w"": 57.931523715392856, ""samples"": 65}}}",121.75449779188912,128,1200,production,production-00318,318,0.0,1788699466.0744603,True,1,57.321848638363065,225.1930459169671,6,46,balanced_medium
,,232.23280906677246,975,7.51678729057312,1788699486.2381046,"{""P1"": {""energy_j"": 475.8561111986637, ""clock_match_fraction"": null, ""mean_power_w"": 63.30578381477413, ""samples"": 70}, ""D1"": {""energy_j"": 438.20325481146574, ""clock_match_fraction"": null, ""mean_power_w"": 58.2966150127756, ""samples"": 65}}",914.0593660101295,False,table,"{""start"": 1788699478.7279015, ""end"": 1788699486.2381046, ""duration_s"": 7.510203123092651, ""energy_j"": 913.1224639303982, ""mean_power_w"": 121.5842566391707, ""endpoints"": {""P1"": {""energy_j"": 475.1767836511135, ""clock_match_fraction"": 1.0, ""mean_power_w"": 63.27082981151632, ""samples"": 70}, ""D1"": {""energy_j"": 437.9456802792847, ""clock_match_fraction"": 1.0, ""mean_power_w"": 58.31342682765438, ""samples"": 65}}}",121.60239882754972,128,1200,production,production-00319,319,0.0,1788699478.7213173,True,1,57.31972578663643,225.6450119893998,6,47,balanced_medium
,,226.0606288909912,975,7.511118412017822,1788699498.8874228,"{""P1"": {""energy_j"": 479.537800937891, ""clock_match_fraction"": null, ""mean_power_w"": 63.84372800868489, ""samples"": 70}, ""D1"": {""energy_j"": 435.2231173552573, ""clock_match_fraction"": null, ""mean_power_w"": 57.94384983451977, ""samples"": 65}}",914.7609182931483,False,table,"{""start"": 1788699491.3797574, ""end"": 1788699498.8874228, ""duration_s"": 7.507665395736694, ""energy_j"": 914.4854349121451, ""mean_power_w"": 121.80689824448558, ""endpoints"": {""P1"": {""energy_j"": 479.32973051071167, ""clock_match_fraction"": 1.0, ""mean_power_w"": 63.845377390274216, ""samples"": 70}, ""D1"": {""energy_j"": 435.15570440143347, ""clock_match_fraction"": 1.0, ""mean_power_w"": 57.96152085421137, ""samples"": 65}}}",121.78757784320466,128,1200,production,production-00320,320,0.0,1788699491.3763044,True,1,57.32194731547314,222.60521294083446,6,48,balanced_medium
,,237.15782165527344,975,7.52289080619812,1788699511.5419478,"{""P1"": {""energy_j"": 476.8320691585541, ""clock_match_fraction"": null, ""mean_power_w"": 63.38415396986641, ""samples"": 70}, ""D1"": {""energy_j"": 438.2554248906672, ""clock_match_fraction"": null, ""mean_power_w"": 58.2562523079011, ""samples"": 65}}",915.0874940492213,False,table,"{""start"": 1788699504.0281868, ""end"": 1788699511.5419478, ""duration_s"": 7.513761043548584, ""energy_j"": 913.8979700431228, ""mean_power_w"": 121.6298954340327, ""endpoints"": {""P1"": {""energy_j"": 475.9997978210449, ""clock_match_fraction"": 1.0, ""mean_power_w"": 63.35040402033343, ""samples"": 70}, ""D1"": {""energy_j"": 437.89817222207785, ""clock_match_fraction"": 1.0, ""mean_power_w"": 58.27949141369928, ""samples"": 65}}}",121.64040627776751,128,1200,production,production-00321,321,0.0,1788699504.019057,True,1,57.32078081103203,228.02670893725008,6,49,balanced_medium
,,227.23841667175293,975,7.512768983840942,1788699524.1894853,"{""P1"": {""energy_j"": 479.02054077386856, ""clock_match_fraction"": null, ""mean_power_w"": 63.76085060038234, ""samples"": 70}, ""D1"": {""energy_j"": 435.07108153775334, ""clock_match_fraction"": null, ""mean_power_w"": 57.910882455395424, ""samples"": 64}}",914.0916223116219,False,table,"{""start"": 1788699516.6808648, ""end"": 1788699524.1894853, ""duration_s"": 7.508620500564575, ""energy_j"": 913.7780312374234, ""mean_power_w"": 121.69719206993031, ""endpoints"": {""P1"": {""energy_j"": 478.78863686323166, ""clock_match_fraction"": 1.0, ""mean_power_w"": 63.76519319723662, ""samples"": 70}, ""D1"": {""energy_j"": 434.98939437419176, ""clock_match_fraction"": 1.0, ""mean_power_w"": 57.9319988726937, ""samples"": 64}}}",121.67173305577776,128,1200,production,production-00322,322,0.0,1788699516.6767163,True,1,57.32591443339465,223.0874589877203,6,50,balanced_medium
,,234.13801193237305,975,7.51994514465332,1788699536.8451655,"{""P1"": {""energy_j"": 480.48959678411484, ""clock_match_fraction"": null, ""mean_power_w"": 63.8953592800797, ""samples"": 70}, ""D1"": {""energy_j"": 437.56388365477324, ""clock_match_fraction"": null, ""mean_power_w"": 58.187111107569855, ""samples"": 65}}",918.0534804388881,False,table,"{""start"": 1788699529.3308027, ""end"": 1788699536.8451655, ""duration_s"": 7.514362812042236, ""energy_j"": 917.4444499909878, ""mean_power_w"": 122.0921151851659, ""endpoints"": {""P1"": {""energy_j"": 480.0143838226795, ""clock_match_fraction"": 1.0, ""mean_power_w"": 63.87958577850759, ""samples"": 70}, ""D1"": {""energy_j"": 437.43006616830826, ""clock_match_fraction"": 1.0, ""mean_power_w"": 58.212529406658305, ""samples"": 64}}}",122.08247038764956,128,1200,production,production-00323,323,0.0,1788699529.3252203,True,1,57.32278632344752,228.55463298037648,6,51,balanced_medium
,,231.76217079162598,975,7.517306089401245,1788699549.5531254,"{""P1"": {""energy_j"": 480.39866760373116, ""clock_match_fraction"": null, ""mean_power_w"": 63.90569465849634, ""samples"": 70}, ""D1"": {""energy_j"": 435.36761225014925, ""clock_match_fraction"": null, ""mean_power_w"": 57.91537647562072, ""samples"": 65}}",915.7662798538804,False,table,"{""start"": 1788699542.0406742, ""end"": 1788699549.5531254, ""duration_s"": 7.512451171875, ""energy_j"": 915.3971387185156, ""mean_power_w"": 121.85066069321894, ""endpoints"": {""P1"": {""energy_j"": 480.1246262192726, ""clock_match_fraction"": 1.0, ""mean_power_w"": 63.91051538767478, ""samples"": 70}, ""D1"": {""energy_j"": 435.272512499243, ""clock_match_fraction"": 1.0, ""mean_power_w"": 57.94014530554416, ""samples"": 65}}}",121.82107113411706,128,1200,production,production-00324,324,0.0,1788699542.0358193,True,1,57.32394901551599,226.9147210754454,6,52,balanced_medium
,,228.94620895385742,975,7.515024662017822,1788699562.2581558,"{""P1"": {""energy_j"": 480.2387627065182, ""clock_match_fraction"": null, ""mean_power_w"": 63.90381726007159, ""samples"": 70}, ""D1"": {""energy_j"": 436.66368982568383, ""clock_match_fraction"": null, ""mean_power_w"": 58.105423397032126, ""samples"": 65}}",916.902452532202,False,table,"{""start"": 1788699554.7476487, ""end"": 1788699562.2581558, ""duration_s"": 7.510507106781006, ""energy_j"": 916.5253313668072, ""mean_power_w"": 122.0324164981223, ""endpoints"": {""P1"": {""energy_j"": 479.9508832395077, ""clock_match_fraction"": 1.0, ""mean_power_w"": 63.903925050037536, ""samples"": 70}, ""D1"": {""energy_j"": 436.57444812729955, ""clock_match_fraction"": 1.0, ""mean_power_w"": 58.128491448084766, ""samples"": 65}}}",122.00924065710372,128,1200,production,production-00325,325,0.0,1788699554.7431312,True,1,57.32502511750144,224.42463308107108,6,53,balanced_medium
,,231.19854927062988,975,7.517336368560791,1788699574.9621458,"{""P1"": {""energy_j"": 475.34549471735954, ""clock_match_fraction"": null, ""mean_power_w"": 63.23323467410111, ""samples"": 70}, ""D1"": {""energy_j"": 435.14742328599095, ""clock_match_fraction"": null, ""mean_power_w"": 57.885852375300956, ""samples"": 65}}",910.4929180033505,False,table,"{""start"": 1788699567.4498434, ""end"": 1788699574.9621458, ""duration_s"": 7.512302398681641, ""energy_j"": 909.8141954690218, ""mean_power_w"": 121.1099004252928, ""endpoints"": {""P1"": {""energy_j"": 474.7649567127228, ""clock_match_fraction"": 1.0, ""mean_power_w"": 63.19832875684569, ""samples"": 70}, ""D1"": {""energy_j"": 435.049238756299, ""clock_match_fraction"": 1.0, ""mean_power_w"": 57.91157166844712, ""samples"": 65}}}",121.11908704940207,128,1200,production,production-00326,326,0.0,1788699567.4448094,True,1,57.32437835430624,226.16209101397544,6,54,balanced_medium
,,231.02879524230957,975,7.516849040985107,1788699587.5641778,"{""P1"": {""energy_j"": 479.2551382482052, ""clock_match_fraction"": null, ""mean_power_w"": 63.75745151127809, ""samples"": 70}, ""D1"": {""energy_j"": 437.3522680848837, ""clock_match_fraction"": null, ""mean_power_w"": 58.18292554503226, ""samples"": 65}}",916.6074063330889,False,table,"{""start"": 1788699580.051748, ""end"": 1788699587.5641778, ""duration_s"": 7.512429714202881, ""energy_j"": 916.1742431148887, ""mean_power_w"": 121.95445121872943, ""endpoints"": {""P1"": {""energy_j"": 478.9953393340111, ""clock_match_fraction"": 1.0, ""mean_power_w"": 63.76037547857919, ""samples"": 70}, ""D1"": {""energy_j"": 437.1789037808776, ""clock_match_fraction"": 1.0, ""mean_power_w"": 58.19407574015023, ""samples"": 65}}}",121.94037705631035,128,1200,production,production-00327,327,0.0,1788699580.0473287,True,1,57.32449623627779,226.60642594564706,6,55,balanced_medium
,,229.98046875,975,7.515285491943359,1788699600.2165768,"{""P1"": {""energy_j"": 479.61628463864326, ""clock_match_fraction"": null, ""mean_power_w"": 63.81877111026696, ""samples"": 70}, ""D1"": {""energy_j"": 435.52901063486934, ""clock_match_fraction"": null, ""mean_power_w"": 57.95242391014569, ""samples"": 65}}",915.1452952735126,False,table,"{""start"": 1788699592.7053256, ""end"": 1788699600.2165768, ""duration_s"": 7.511251211166382, ""energy_j"": 914.707832030952, ""mean_power_w"": 121.77835706934263, ""endpoints"": {""P1"": {""energy_j"": 479.25657591223717, ""clock_match_fraction"": 1.0, ""mean_power_w"": 63.80515874635699, ""samples"": 70}, ""D1"": {""energy_j"": 435.4512561187148, ""clock_match_fraction"": 1.0, ""mean_power_w"": 57.973198322985645, ""samples"": 65}}}",121.77119502041265,128,1200,production,production-00328,328,0.0,1788699592.7012913,True,1,57.327001197006936,225.9430419653654,6,56,balanced_medium
both_heavy,,3971.7764854431152,1500,18.805476903915405,1788699624.1660602,"{""P1"": {""energy_j"": 1519.7463517785072, ""clock_match_fraction"": null, ""mean_power_w"": 80.81402878233243, ""samples"": 174}, ""D1"": {""energy_j"": 1110.011368073523, ""clock_match_fraction"": null, ""mean_power_w"": 59.02596215692953, ""samples"": 162}}",2629.7577198520303,True,safe_high,"{""start"": 1788699608.8640678, ""end"": 1788699624.1660602, ""duration_s"": 15.301992416381836, ""energy_j"": 2286.2322529517114, ""mean_power_w"": 149.40748830225158, ""endpoints"": {""P1"": {""energy_j"": 1255.5057584643364, ""clock_match_fraction"": 1.0, ""mean_power_w"": 82.04851527179109, ""samples"": 142}, ""D1"": {""energy_j"": 1030.726494487375, ""clock_match_fraction"": 1.0, ""mean_power_w"": 67.35897303046049, ""samples"": 130}}}",139.83999093926195,256,2520,production,production-00329,329,0.5,1788699605.3605833,False,0,58.14311623153295,468.28591893427074,7,1,both_heavy
both_heavy,both_heavy,467.76556968688965,1500,15.301284313201904,1788699644.599827,"{""P1"": {""energy_j"": 1257.009912610054, ""clock_match_fraction"": null, ""mean_power_w"": 82.15061473797395, ""samples"": 142}, ""D1"": {""energy_j"": 1034.2265930064023, ""clock_match_fraction"": null, ""mean_power_w"": 67.59083563423984, ""samples"": 129}}",2291.2365056164563,False,safe_high,"{""start"": 1788699629.3028862, ""end"": 1788699644.599827, ""duration_s"": 15.296940803527832, ""energy_j"": 2290.734354611486, ""mean_power_w"": 149.7511420115576, ""endpoints"": {""P1"": {""energy_j"": 1256.5999247133732, ""clock_match_fraction"": 1.0, ""mean_power_w"": 82.14713914716673, ""samples"": 142}, ""D1"": {""energy_j"": 1034.134429898113, ""clock_match_fraction"": 1.0, ""mean_power_w"": 67.60400286439086, ""samples"": 129}}}",149.7414503722138,256,2520,production,production-00330,330,0.0,1788699629.2985427,False,0,58.144731623321476,463.4179190034047,7,2,both_heavy
both_heavy,both_heavy,469.38467025756836,1500,15.303466796875,1788699665.0330017,"{""P1"": {""energy_j"": 1259.6129522621632, ""clock_match_fraction"": null, ""mean_power_w"": 82.3089937058823, ""samples"": 142}, ""D1"": {""energy_j"": 1034.4428781196475, ""clock_match_fraction"": null, ""mean_power_w"": 67.59532933615296, ""samples"": 130}}",2294.0558303818107,False,safe_high,"{""start"": 1788699649.7333355, ""end"": 1788699665.0330017, ""duration_s"": 15.299666166305542, ""energy_j"": 2293.701919142157, ""mean_power_w"": 149.91842921341492, ""endpoints"": {""P1"": {""energy_j"": 1259.3408728837967, ""clock_match_fraction"": 1.0, ""mean_power_w"": 82.31165694694982, ""samples"": 142}, ""D1"": {""energy_j"": 1034.3610462583601, ""clock_match_fraction"": 1.0, ""mean_power_w"": 67.60677226646511, ""samples"": 130}}}",149.90432304203526,256,2520,production,production-00331,331,0.0,1788699649.7295349,False,0,58.143327619387385,465.5803570058197,7,3,both_heavy
both_heavy,both_heavy,467.81158447265625,1500,15.301332235336304,1788699685.464733,"{""P1"": {""energy_j"": 1263.5762277841568, ""clock_match_fraction"": null, ""mean_power_w"": 82.57949101099203, ""samples"": 142}, ""D1"": {""energy_j"": 1037.1728934384882, ""clock_match_fraction"": null, ""mean_power_w"": 67.78317583636812, ""samples"": 129}}",2300.749121222645,False,safe_high,"{""start"": 1788699670.1668735, ""end"": 1788699685.464733, ""duration_s"": 15.29785943031311, ""energy_j"": 2300.4261556603014, ""mean_power_w"": 150.375689235446, ""endpoints"": {""P1"": {""energy_j"": 1263.324175477028, ""clock_match_fraction"": 1.0, ""mean_power_w"": 82.58176127398045, ""samples"": 142}, ""D1"": {""energy_j"": 1037.1019801832736, ""clock_match_fraction"": 1.0, ""mean_power_w"": 67.79392796146556, ""samples"": 129}}}",150.36266684736015,256,2520,production,production-00332,332,0.0,1788699670.1634007,False,0,58.144604478615754,464.3352560233325,7,4,both_heavy
both_heavy,both_heavy,466.8879508972168,1500,15.300780057907104,1788699705.899743,"{""P1"": {""energy_j"": 1263.6638772785664, ""clock_match_fraction"": null, ""mean_power_w"": 82.58819958826432, ""samples"": 142}, ""D1"": {""energy_j"": 1035.983344066888, ""clock_match_fraction"": null, ""mean_power_w"": 67.70787764716053, ""samples"": 130}}",2299.6472213454545,False,safe_high,"{""start"": 1788699690.6036065, ""end"": 1788699705.899743, ""duration_s"": 15.296136617660522, ""energy_j"": 2299.2084020525217, ""mean_power_w"": 150.3130142939437, ""endpoints"": {""P1"": {""energy_j"": 1263.3250180184841, ""clock_match_fraction"": 1.0, ""mean_power_w"": 82.5911175871613, ""samples"": 142}, ""D1"": {""energy_j"": 1035.8833840340376, ""clock_match_fraction"": 1.0, ""mean_power_w"": 67.72189670678239, ""samples"": 130}}}",150.29607723542486,256,2520,production,production-00333,333,0.0,1788699690.598963,False,0,58.1435188979787,462.240940076299,7,5,both_heavy
both_heavy,both_heavy,472.9962348937988,1500,15.307671070098877,1788699726.3367639,"{""P1"": {""energy_j"": 1264.3127272725105, ""clock_match_fraction"": null, ""mean_power_w"": 82.5934083299024, ""samples"": 142}, ""D1"": {""energy_j"": 1037.9218101873994, ""clock_match_fraction"": null, ""mean_power_w"": 67.80403141891493, ""samples"": 129}}",2302.23453745991,False,safe_high,"{""start"": 1788699711.0324721, ""end"": 1788699726.3367639, ""duration_s"": 15.304291725158691, ""energy_j"": 2301.9213428646326, ""mean_power_w"": 150.41018455499702, ""endpoints"": {""P1"": {""energy_j"": 1264.0677390396595, ""clock_match_fraction"": 1.0, ""mean_power_w"": 82.59563799098663, ""samples"": 142}, ""D1"": {""energy_j"": 1037.853603824973, ""clock_match_fraction"": 1.0, ""mean_power_w"": 67.8145465640104, ""samples"": 129}}}",150.39743974881733,256,2520,production,production-00334,334,0.0,1788699711.0290928,False,0,58.1446778663781,469.613517052494,7,6,both_heavy
both_heavy,both_heavy,463.8686180114746,1500,15.296972036361694,1788699746.7129726,"{""P1"": {""energy_j"": 1263.9203266501427, ""clock_match_fraction"": null, ""mean_power_w"": 82.62552377331531, ""samples"": 142}, ""D1"": {""energy_j"": 1036.815077226609, ""clock_match_fraction"": null, ""mean_power_w"": 67.77910522174231, ""samples"": 129}}",2300.7354038767517,False,safe_high,"{""start"": 1788699731.419029, ""end"": 1788699746.7129726, ""duration_s"": 15.293943643569946, ""energy_j"": 2300.4528106078506, ""mean_power_w"": 150.4159335368699, ""endpoints"": {""P1"": {""energy_j"": 1263.6995575726032, ""clock_match_fraction"": 1.0, ""mean_power_w"": 82.6274495985803, ""samples"": 142}, ""D1"": {""energy_j"": 1036.7532530352473, ""clock_match_fraction"": 1.0, ""mean_power_w"": 67.78848393828957, ""samples"": 129}}}",150.4046289950576,256,2520,production,production-00335,335,0.0,1788699731.4160006,False,0,58.14194243912603,460.8382710721344,7,7,both_heavy
both_heavy,both_heavy,466.9206142425537,1500,15.299896717071533,1788699767.0921767,"{""P1"": {""energy_j"": 1261.5757453143597, ""clock_match_fraction"": null, ""mean_power_w"": 82.45648769031891, ""samples"": 142}, ""D1"": {""energy_j"": 1038.5148616358638, ""clock_match_fraction"": null, ""mean_power_w"": 67.87724654880154, ""samples"": 130}}",2300.0906069502234,False,safe_high,"{""start"": 1788699751.7964902, ""end"": 1788699767.0921767, ""duration_s"": 15.295686483383179, ""energy_j"": 2299.6129013709724, ""mean_power_w"": 150.3438831509269, ""endpoints"": {""P1"": {""energy_j"": 1261.2703667283058, ""clock_match_fraction"": 1.0, ""mean_power_w"": 82.45921934255882, ""samples"": 142}, ""D1"": {""energy_j"": 1038.3425346426666, ""clock_match_fraction"": 1.0, ""mean_power_w"": 67.88466380836806, ""samples"": 130}}}",150.33373423912045,256,2520,production,production-00336,336,0.0,1788699751.79228,False,0,58.14090457233582,462.70769101101905,7,8,both_heavy
both_heavy,both_heavy,468.9595699310303,1500,15.30150556564331,1788699787.5231156,"{""P1"": {""energy_j"": 1265.3912874758244, ""clock_match_fraction"": null, ""mean_power_w"": 82.6971752581671, ""samples"": 142}, ""D1"": {""energy_j"": 1035.9851065948606, ""clock_match_fraction"": null, ""mean_power_w"": 67.70478252290236, ""samples"": 129}}",2301.376394070685,False,safe_high,"{""start"": 1788699772.2261853, ""end"": 1788699787.5231156, ""duration_s"": 15.296930313110352, ""energy_j"": 2300.947566397488, ""mean_power_w"": 150.4189088464006, ""endpoints"": {""P1"": {""energy_j"": 1265.0607770383358, ""clock_match_fraction"": 1.0, ""mean_power_w"": 82.7003033382525, ""samples"": 142}, ""D1"": {""energy_j"": 1035.8867893591523, ""clock_match_fraction"": 1.0, ""mean_power_w"": 67.7186055081481, ""samples"": 129}}}",150.40195778106948,256,2520,production,production-00337,337,0.0,1788699772.22161,False,0,58.14070033329521,464.3800520570949,7,9,both_heavy
both_heavy,both_heavy,464.36381340026855,1500,15.2975754737854,1788699807.9537995,"{""P1"": {""energy_j"": 1264.270819813013, ""clock_match_fraction"": null, ""mean_power_w"": 82.64517615745864, ""samples"": 142}, ""D1"": {""energy_j"": 1040.3813897296786, ""clock_match_fraction"": null, ""mean_power_w"": 68.00956082959172, ""samples"": 130}}",2304.6522095426917,False,safe_high,"{""start"": 1788699792.6603706, ""end"": 1788699807.9537995, ""duration_s"": 15.293428897857666, ""energy_j"": 2304.2585972100496, ""mean_power_w"": 150.66984733115245, ""endpoints"": {""P1"": {""energy_j"": 1263.9666334986687, ""clock_match_fraction"": 1.0, ""mean_power_w"": 82.6476941136286, ""samples"": 142}, ""D1"": {""energy_j"": 1040.291963711381, ""clock_match_fraction"": 1.0, ""mean_power_w"": 68.02215321752384, ""samples"": 130}}}",150.65473698705034,256,2520,production,production-00338,338,0.0,1788699792.656224,False,0,58.140733105806156,460.21350799128413,7,10,both_heavy
both_heavy,both_heavy,465.8679962158203,1500,15.299779891967773,1788699828.4897747,"{""P1"": {""energy_j"": 1264.5339087545872, ""clock_match_fraction"": null, ""mean_power_w"": 82.65046410363422, ""samples"": 142}, ""D1"": {""energy_j"": 1038.0633880384266, ""clock_match_fraction"": null, ""mean_power_w"": 67.84825633886402, ""samples"": 129}}",2302.597296793014,False,safe_high,"{""start"": 1788699813.1940491, ""end"": 1788699828.4897747, ""duration_s"": 15.295725584030151, ""energy_j"": 2302.2374909594655, ""mean_power_w"": 150.515088565865, ""endpoints"": {""P1"": {""energy_j"": 1264.2555683255196, ""clock_match_fraction"": 1.0, ""mean_power_w"": 82.65417429072434, ""samples"": 142}, ""D1"": {""energy_j"": 1037.981922633946, ""clock_match_fraction"": 1.0, ""mean_power_w"": 67.86091427514066, ""samples"": 129}}}",150.49872044249824,256,2520,production,production-00339,339,0.0,1788699813.1899948,False,0,58.14403331354626,461.8122230749577,7,11,both_heavy
both_heavy,both_heavy,463.9739990234375,1500,15.298421859741211,1788699848.968073,"{""P1"": {""energy_j"": 1261.7188990414143, ""clock_match_fraction"": null, ""mean_power_w"": 82.47379439585919, ""samples"": 142}, ""D1"": {""energy_j"": 1039.349607605487, ""clock_match_fraction"": null, ""mean_power_w"": 67.93835450051243, ""samples"": 129}}",2301.0685066469014,False,safe_high,"{""start"": 1788699833.6729376, ""end"": 1788699848.968073, ""duration_s"": 15.295135259628296, ""energy_j"": 2300.7621848657727, ""mean_power_w"": 150.42444187719371, ""endpoints"": {""P1"": {""energy_j"": 1261.4821291565895, ""clock_match_fraction"": 1.0, ""mean_power_w"": 82.47603618689713, ""samples"": 142}, ""D1"": {""energy_j"": 1039.2800557091832, ""clock_match_fraction"": 1.0, ""mean_power_w"": 67.94840569029658, ""samples"": 129}}}",150.4121488963716,256,2520,production,production-00340,340,0.0,1788699833.669651,False,0,58.14652519994507,460.68186894990504,7,12,both_heavy
both_heavy,both_heavy,463.73605728149414,1500,15.29644227027893,1788699869.3939867,"{""P1"": {""energy_j"": 1264.1712293028831, ""clock_match_fraction"": null, ""mean_power_w"": 82.64478804716406, ""samples"": 142}, ""D1"": {""energy_j"": 1036.2042192593217, ""clock_match_fraction"": null, ""mean_power_w"": 67.7415179915837, ""samples"": 129}}",2300.375448562205,False,safe_high,"{""start"": 1788699854.1012816, ""end"": 1788699869.3939867, ""duration_s"": 15.292705059051514, ""energy_j"": 2300.030672714114, ""mean_power_w"": 150.4005121286742, ""endpoints"": {""P1"": {""energy_j"": 1263.9011162221432, ""clock_match_fraction"": 1.0, ""mean_power_w"": 82.64732180093016, ""samples"": 142}, ""D1"": {""energy_j"": 1036.129556491971, ""clock_match_fraction"": 1.0, ""mean_power_w"": 67.75319032774402, ""samples"": 129}}}",150.38630603874776,256,2520,production,production-00341,341,0.0,1788699854.0975444,False,0,58.140979427387755,459.9956680322066,7,13,both_heavy
both_heavy,both_heavy,465.40093421936035,1500,15.299759149551392,1788699889.82578,"{""P1"": {""energy_j"": 1260.0918572247028, ""clock_match_fraction"": null, ""mean_power_w"": 82.36024141998669, ""samples"": 142}, ""D1"": {""energy_j"": 1036.8081682734191, ""clock_match_fraction"": null, ""mean_power_w"": 67.76630652410104, ""samples"": 128}}",2296.900025498122,False,safe_high,"{""start"": 1788699874.5299556, ""end"": 1788699889.82578, ""duration_s"": 15.2958242893219, ""energy_j"": 2296.1715057194233, ""mean_power_w"": 150.1175394203759, ""endpoints"": {""P1"": {""energy_j"": 1259.443221628666, ""clock_match_fraction"": 1.0, ""mean_power_w"": 82.33902258591519, ""samples"": 142}, ""D1"": {""energy_j"": 1036.7282840907574, ""clock_match_fraction"": 1.0, ""mean_power_w"": 67.7785168344607, ""samples"": 128}}}",150.12654794408775,256,2520,production,production-00342,342,0.0,1788699874.5260208,False,0,58.145546521443656,461.4621960790828,7,14,both_heavy
both_heavy,both_heavy,467.3609733581543,1500,15.301060914993286,1788699910.214579,"{""P1"": {""energy_j"": 1259.3474035561085, ""clock_match_fraction"": null, ""mean_power_w"": 82.30458074460003, ""samples"": 142}, ""D1"": {""energy_j"": 1036.8665517531335, ""clock_match_fraction"": null, ""mean_power_w"": 67.7643568320889, ""samples"": 128}}",2296.213955309242,False,safe_high,"{""start"": 1788699894.916619, ""end"": 1788699910.214579, ""duration_s"": 15.297960042953491, ""energy_j"": 2295.774707213044, ""mean_power_w"": 150.0706434561854, ""endpoints"": {""P1"": {""energy_j"": 1259.0387392640114, ""clock_match_fraction"": 1.0, ""mean_power_w"": 82.30108692458944, ""samples"": 142}, ""D1"": {""energy_j"": 1036.7359679490328, ""clock_match_fraction"": 1.0, ""mean_power_w"": 67.76955653159597, ""samples"": 128}}}",150.0689375766889,256,2520,production,production-00343,343,0.0,1788699894.9135182,False,0,58.144701525623745,464.257768006064,7,15,both_heavy
both_heavy,both_heavy,471.254825592041,1500,15.304785013198853,1788699930.6577706,"{""P1"": {""energy_j"": 1264.620843887329, ""clock_match_fraction"": null, ""mean_power_w"": 82.62911519480474, ""samples"": 142}, ""D1"": {""energy_j"": 1036.2272868044674, ""clock_match_fraction"": null, ""mean_power_w"": 67.70609883842371, ""samples"": 129}}",2300.8481306917965,False,safe_high,"{""start"": 1788699915.3567562, ""end"": 1788699930.6577706, ""duration_s"": 15.301014423370361, ""energy_j"": 2300.5050873868167, ""mean_power_w"": 150.3498411107362, ""endpoints"": {""P1"": {""energy_j"": 1264.3559891879559, ""clock_match_fraction"": 1.0, ""mean_power_w"": 82.63216765921169, ""samples"": 142}, ""D1"": {""energy_j"": 1036.1490981988609, ""clock_match_fraction"": 1.0, ""mean_power_w"": 67.71767345152452, ""samples"": 129}}}",150.33521403322845,256,2520,production,production-00344,344,0.0,1788699915.3529856,False,0,58.14363616883901,467.47999999206513,7,16,both_heavy
both_heavy,both_heavy,464.5824432373047,1500,15.299079895019531,1788699951.0947814,"{""P1"": {""energy_j"": 1262.1900438666344, ""clock_match_fraction"": null, ""mean_power_w"": 82.50104271156387, ""samples"": 142}, ""D1"": {""energy_j"": 1034.1684303991497, ""clock_match_fraction"": null, ""mean_power_w"": 67.59677297559661, ""samples"": 129}}",2296.358474265784,False,safe_high,"{""start"": 1788699935.7992635, ""end"": 1788699951.0947814, ""duration_s"": 15.295517921447754, ""energy_j"": 2295.953595675528, ""mean_power_w"": 150.1062996014071, ""endpoints"": {""P1"": {""energy_j"": 1261.9295472204685, ""clock_match_fraction"": 1.0, ""mean_power_w"": 82.50322438908458, ""samples"": 142}, ""D1"": {""energy_j"": 1034.0240484550595, ""clock_match_fraction"": 1.0, ""mean_power_w"": 67.60307521232252, ""samples"": 129}}}",150.09781568716048,256,2520,production,production-00345,345,0.0,1788699935.7957015,False,0,58.14531817256162,461.0172890825197,7,17,both_heavy
both_heavy,both_heavy,470.6459045410156,1500,15.304422855377197,1788699971.530265,"{""P1"": {""energy_j"": 1264.963922291994, ""clock_match_fraction"": null, ""mean_power_w"": 82.65348744252384, ""samples"": 143}, ""D1"": {""energy_j"": 1035.6631152667105, ""clock_match_fraction"": null, ""mean_power_w"": 67.67083770838383, ""samples"": 130}}",2300.6270375587046,False,safe_high,"{""start"": 1788699956.2295566, ""end"": 1788699971.530265, ""duration_s"": 15.300708532333374, ""energy_j"": 2300.271640393883, ""mean_power_w"": 150.33758963076522, ""endpoints"": {""P1"": {""energy_j"": 1264.6916593015194, ""clock_match_fraction"": 1.0, ""mean_power_w"": 82.65575784474163, ""samples"": 142}, ""D1"": {""energy_j"": 1035.5799810923636, ""clock_match_fraction"": 1.0, ""mean_power_w"": 67.68183178602361, ""samples"": 130}}}",150.32432515090767,256,2520,production,production-00346,346,0.0,1788699956.2258422,False,0,58.1429399175606,466.92962397355586,7,18,both_heavy
both_heavy,both_heavy,463.81545066833496,1500,15.297538757324219,1788699991.9578974,"{""P1"": {""energy_j"": 1263.479450136423, ""clock_match_fraction"": null, ""mean_power_w"": 82.5936426885331, ""samples"": 142}, ""D1"": {""energy_j"": 1033.8308430351317, ""clock_match_fraction"": null, ""mean_power_w"": 67.58151487213262, ""samples"": 130}}",2297.310293171555,False,safe_high,"{""start"": 1788699976.6648896, ""end"": 1788699991.9578974, ""duration_s"": 15.293007850646973, ""energy_j"": 2296.2531641051173, ""mean_power_w"": 150.1505254251193, ""endpoints"": {""P1"": {""energy_j"": 1262.5144265294075, ""clock_match_fraction"": 1.0, ""mean_power_w"": 82.55501068587999, ""samples"": 142}, ""D1"": {""energy_j"": 1033.7387375757098, ""clock_match_fraction"": 1.0, ""mean_power_w"": 67.5955147392393, ""samples"": 130}}}",150.1751575606657,256,2520,production,production-00347,347,0.0,1788699976.6603587,False,0,58.14373436447817,459.2799859819934,7,19,both_heavy
both_heavy,both_heavy,465.93713760375977,1500,15.299197435379028,1788700012.4026966,"{""P1"": {""energy_j"": 1266.7417085766792, ""clock_match_fraction"": null, ""mean_power_w"": 82.7979189056917, ""samples"": 142}, ""D1"": {""energy_j"": 1037.666874807328, ""clock_match_fraction"": null, ""mean_power_w"": 67.82492213661797, ""samples"": 130}}",2304.408583384007,False,safe_high,"{""start"": 1788699997.107581, ""end"": 1788700012.4026966, ""duration_s"": 15.29511570930481, ""energy_j"": 2303.7366300448775, ""mean_power_w"": 150.61910441405786, ""endpoints"": {""P1"": {""energy_j"": 1266.1532454192638, ""clock_match_fraction"": 1.0, ""mean_power_w"": 82.78154081887706, ""samples"": 142}, ""D1"": {""energy_j"": 1037.5833846256137, ""clock_match_fraction"": 1.0, ""mean_power_w"": 67.83756359518078, ""samples"": 130}}}",150.6228410423097,256,2520,production,production-00348,348,0.0,1788699997.1034992,False,0,58.1433058273522,461.85066003818065,7,20,both_heavy
both_heavy,both_heavy,464.5428657531738,1500,15.298472881317139,1788700032.8325636,"{""P1"": {""energy_j"": 1264.1320244073868, ""clock_match_fraction"": null, ""mean_power_w"": 82.63125569553907, ""samples"": 142}, ""D1"": {""energy_j"": 1036.3616701886058, ""clock_match_fraction"": null, ""mean_power_w"": 67.74281839949107, ""samples"": 128}}",2300.4936945959926,False,safe_high,"{""start"": 1788700017.5379577, ""end"": 1788700032.8325636, ""duration_s"": 15.29460597038269, ""energy_j"": 2300.1398379951715, ""mean_power_w"": 150.38895689429907, ""endpoints"": {""P1"": {""energy_j"": 1263.8566581010818, ""clock_match_fraction"": 1.0, ""mean_power_w"": 82.6341430794937, ""samples"": 142}, ""D1"": {""energy_j"": 1036.2831798940897, ""clock_match_fraction"": 1.0, ""mean_power_w"": 67.75481381480536, ""samples"": 127}}}",150.37407409503012,256,2520,production,production-00349,349,0.0,1788700017.5340908,False,0,58.14505849791435,460.67195502109826,7,21,both_heavy
both_heavy,both_heavy,470.2291488647461,1500,15.304486989974976,1788700053.2164164,"{""P1"": {""energy_j"": 1263.4396918416023, ""clock_match_fraction"": null, ""mean_power_w"": 82.55354737922308, ""samples"": 142}, ""D1"": {""energy_j"": 1034.3352122753859, ""clock_match_fraction"": null, ""mean_power_w"": 67.58378852900557, ""samples"": 128}}",2297.774904116988,False,safe_high,"{""start"": 1788700037.9160712, ""end"": 1788700053.2164164, ""duration_s"": 15.300345182418823, ""energy_j"": 2297.3873224444687, ""mean_power_w"": 150.152646561486, ""endpoints"": {""P1"": {""energy_j"": 1263.1360095441341, ""clock_match_fraction"": 1.0, ""mean_power_w"": 82.55604657831947, ""samples"": 142}, ""D1"": {""energy_j"": 1034.2513129003346, ""clock_match_fraction"": 1.0, ""mean_power_w"": 67.59659998316654, ""samples"": 128}}}",150.13733590822866,256,2520,production,production-00350,350,0.0,1788700037.9119294,False,0,58.14473276464816,466.08369692694396,7,22,both_heavy
both_heavy,both_heavy,465.75236320495605,1500,15.299686431884766,1788700073.6493983,"{""P1"": {""energy_j"": 1264.8151780068874, ""clock_match_fraction"": null, ""mean_power_w"": 82.66935297255469, ""samples"": 142}, ""D1"": {""energy_j"": 1031.111423626542, ""clock_match_fraction"": null, ""mean_power_w"": 67.39428472714913, ""samples"": 130}}",2295.9266016334295,False,safe_high,"{""start"": 1788700058.3533554, ""end"": 1788700073.6493983, ""duration_s"": 15.296042919158936, ""energy_j"": 2295.506410676986, ""mean_power_w"": 150.0719122461253, ""endpoints"": {""P1"": {""energy_j"": 1264.5499222278595, ""clock_match_fraction"": 1.0, ""mean_power_w"": 82.67170332295274, ""samples"": 142}, ""D1"": {""energy_j"": 1030.9564884491265, ""clock_match_fraction"": 1.0, ""mean_power_w"": 67.40020892317256, ""samples"": 130}}}",150.0636376997038,256,2520,production,production-00351,351,0.0,1788700058.349712,False,0,58.14474455683547,462.1070510474965,7,23,both_heavy
both_heavy,both_heavy,467.987060546875,1500,15.30202317237854,1788700094.1318915,"{""P1"": {""energy_j"": 1258.5169750750065, ""clock_match_fraction"": null, ""mean_power_w"": 82.24513588155698, ""samples"": 143}, ""D1"": {""energy_j"": 1033.927121449262, ""clock_match_fraction"": null, ""mean_power_w"": 67.56800128989406, ""samples"": 129}}",2292.4440965242684,False,safe_high,"{""start"": 1788700078.8332834, ""end"": 1788700094.1318915, ""duration_s"": 15.29860806465149, ""energy_j"": 2291.9266508221626, ""mean_power_w"": 149.812756895042, ""endpoints"": {""P1"": {""energy_j"": 1258.0724195837975, ""clock_match_fraction"": 1.0, ""mean_power_w"": 82.23443690218213, ""samples"": 142}, ""D1"": {""energy_j"": 1033.8542312383652, ""clock_match_fraction"": 1.0, ""mean_power_w"": 67.57831999285989, ""samples"": 129}}}",149.81313717145102,256,2520,production,production-00352,352,0.0,1788700078.8298683,False,0,58.14332814485419,464.56762007437646,7,24,both_heavy
both_heavy,both_heavy,458.7867259979248,1500,15.293093204498291,1788700114.5611415,"{""P1"": {""energy_j"": 1263.6214821636677, ""clock_match_fraction"": null, ""mean_power_w"": 82.62693918533026, ""samples"": 142}, ""D1"": {""energy_j"": 1036.825008612126, ""clock_match_fraction"": null, ""mean_power_w"": 67.79694563733881, ""samples"": 129}}",2300.446490775794,False,safe_high,"{""start"": 1788700099.2723062, ""end"": 1788700114.5611415, ""duration_s"": 15.288835287094116, ""energy_j"": 2300.0239744521677, ""mean_power_w"": 150.4381420338608, ""endpoints"": {""P1"": {""energy_j"": 1263.2857401669025, ""clock_match_fraction"": 1.0, ""mean_power_w"": 82.62799071642101, ""samples"": 142}, ""D1"": {""energy_j"": 1036.7382342852652, ""clock_match_fraction"": 1.0, ""mean_power_w"": 67.8101513174398, ""samples"": 129}}}",150.42388482266907,256,2520,production,production-00353,353,0.0,1788700099.2680483,False,0,58.145732615672635,454.5272069517523,7,25,both_heavy
both_heavy,both_heavy,464.14995193481445,1500,15.299245834350586,1788700134.9930592,"{""P1"": {""energy_j"": 1265.0421422719955, ""clock_match_fraction"": null, ""mean_power_w"": 82.68656873475838, ""samples"": 142}, ""D1"": {""energy_j"": 1037.3941094614565, ""clock_match_fraction"": null, ""mean_power_w"": 67.80687889413807, ""samples"": 129}}",2302.436251733452,False,safe_high,"{""start"": 1788700119.6971009, ""end"": 1788700134.9930592, ""duration_s"": 15.295958280563354, ""energy_j"": 2302.1324563473463, ""mean_power_w"": 150.50593196718356, ""endpoints"": {""P1"": {""energy_j"": 1264.8041222691536, ""clock_match_fraction"": 1.0, ""mean_power_w"": 82.6887795501081, ""samples"": 142}, ""D1"": {""energy_j"": 1037.3283340781927, ""clock_match_fraction"": 1.0, ""mean_power_w"": 67.81715241707548, ""samples"": 129}}}",150.49344762889646,256,2520,production,production-00354,354,0.0,1788700119.6938133,False,0,58.14992096868581,460.85817797575146,7,26,both_heavy
both_heavy,both_heavy,467.99683570861816,1500,15.302353858947754,1788700155.4321697,"{""P1"": {""energy_j"": 1264.2397970855236, ""clock_match_fraction"": null, ""mean_power_w"": 82.61734166775159, ""samples"": 142}, ""D1"": {""energy_j"": 1040.5646828822792, ""clock_match_fraction"": null, ""mean_power_w"": 68.00030194530034, ""samples"": 129}}",2304.8044799678028,False,safe_high,"{""start"": 1788700140.1338284, ""end"": 1788700155.4321697, ""duration_s"": 15.298341274261475, ""energy_j"": 2304.431130129844, ""mean_power_w"": 150.63274434901703, ""endpoints"": {""P1"": {""energy_j"": 1263.9528745114803, ""clock_match_fraction"": 1.0, ""mean_power_w"": 82.62025613443491, ""samples"": 142}, ""D1"": {""energy_j"": 1040.4782556183636, ""clock_match_fraction"": 1.0, ""mean_power_w"": 68.0124882145821, ""samples"": 129}}}",150.61764361305194,256,2520,production,production-00355,355,0.0,1788700140.1298158,False,0,58.144040039156145,463.9820409938693,7,27,both_heavy
both_heavy,both_heavy,471.92978858947754,1500,15.3047194480896,1788700175.9205732,"{""P1"": {""energy_j"": 1260.2181133329868, ""clock_match_fraction"": null, ""mean_power_w"": 82.34179774463573, ""samples"": 142}, ""D1"": {""energy_j"": 1036.519113086164, ""clock_match_fraction"": null, ""mean_power_w"": 67.7254566215225, ""samples"": 129}}",2296.737226419151,False,safe_high,"{""start"": 1788700160.6234703, ""end"": 1788700175.9205732, ""duration_s"": 15.297102928161621, ""energy_j"": 2295.208951536566, ""mean_power_w"": 150.0420675938016, ""endpoints"": {""P1"": {""energy_j"": 1258.842503964901, ""clock_match_fraction"": 1.0, ""mean_power_w"": 82.29287008636128, ""samples"": 142}, ""D1"": {""energy_j"": 1036.366447571665, ""clock_match_fraction"": 1.0, ""mean_power_w"": 67.7491975074403, ""samples"": 129}}}",150.06725436615824,256,2520,production,production-00356,356,0.0,1788700160.6158538,False,0,58.14199005116654,464.3087259028107,7,28,both_heavy
both_heavy,both_heavy,465.07787704467773,1500,15.298089981079102,1788700196.3498867,"{""P1"": {""energy_j"": 1263.039669662714, ""clock_match_fraction"": null, ""mean_power_w"": 82.56191924775312, ""samples"": 142}, ""D1"": {""energy_j"": 1040.0631331056356, ""clock_match_fraction"": null, ""mean_power_w"": 67.98646983982972, ""samples"": 129}}",2303.1028027683496,False,safe_high,"{""start"": 1788700181.056165, ""end"": 1788700196.3498867, ""duration_s"": 15.293721675872803, ""energy_j"": 2302.589194510132, ""mean_power_w"": 150.55780687722793, ""endpoints"": {""P1"": {""energy_j"": 1262.715148538351, ""clock_match_fraction"": 1.0, ""mean_power_w"": 82.5642819517499, ""samples"": 142}, ""D1"": {""energy_j"": 1039.874045971781, ""clock_match_fraction"": 1.0, ""mean_power_w"": 67.99352492547803, ""samples"": 129}}}",150.54838908758285,256,2520,production,production-00357,357,0.0,1788700181.0517967,False,0,58.14108498823628,460.7050920603797,7,29,both_heavy
,both_heavy,459.3212604522705,1500,15.292776584625244,1788700216.8241873,"{""P1"": {""energy_j"": 1263.8686270415783, ""clock_match_fraction"": null, ""mean_power_w"": 82.64481077374936, ""samples"": 143}, ""D1"": {""energy_j"": 1037.4613410420716, ""clock_match_fraction"": null, ""mean_power_w"": 67.83995929719488, ""samples"": 131}}",2301.32996808365,False,safe_high,"{""start"": 1788700201.5354154, ""end"": 1788700216.8241873, ""duration_s"": 15.288771867752075, ""energy_j"": 2300.8601494841278, ""mean_power_w"": 150.49345816567708, ""endpoints"": {""P1"": {""energy_j"": 1263.5680478215218, ""clock_match_fraction"": 1.0, ""mean_power_w"": 82.64679849705323, ""samples"": 142}, ""D1"": {""energy_j"": 1037.292101662606, ""clock_match_fraction"": 1.0, ""mean_power_w"": 67.84665966862387, ""samples"": 131}}}",150.48477007094425,256,2520,production,production-00358,358,0.0,1788700201.5314107,False,0,58.14153167839144,455.3119339980185,7,30,both_heavy
,,3025.3798961639404,1050,18.234328985214233,1788700240.196202,"{""P1"": {""energy_j"": 1225.5668178498745, ""clock_match_fraction"": null, ""mean_power_w"": 67.21206022133616, ""samples"": 168}, ""D1"": {""energy_j"": 974.8814656101167, ""clock_match_fraction"": null, ""mean_power_w"": 53.46407133493226, ""samples"": 158}}",2200.448283459991,True,table,"{""start"": 1788700224.4953318, ""end"": 1788700240.196202, ""duration_s"": 15.700870275497437, ""energy_j"": 1966.4541512839496, ""mean_power_w"": 125.24491424865609, ""endpoints"": {""P1"": {""energy_j"": 1051.3937452435493, ""clock_match_fraction"": 1.0, ""mean_power_w"": 66.96404255274562, ""samples"": 145}, ""D1"": {""energy_j"": 915.0604060404003, ""clock_match_fraction"": 1.0, ""mean_power_w"": 58.28087169591045, ""samples"": 135}}}",120.67613155626842,256,1815,production,production-00359,359,0.5,1788700221.961873,True,1,59.61305818465703,491.91848398186266,7,31,both_heavy
,,488.13819885253906,1050,15.697448492050171,1788700261.0318844,"{""P1"": {""energy_j"": 1043.285873889923, ""clock_match_fraction"": null, ""mean_power_w"": 66.4621307353412, ""samples"": 145}, ""D1"": {""energy_j"": 916.8627002462745, ""clock_match_fraction"": null, ""mean_power_w"": 58.408390427948284, ""samples"": 134}}",1960.1485741361976,False,table,"{""start"": 1788700245.3401802, ""end"": 1788700261.0318844, ""duration_s"": 15.691704273223877, ""energy_j"": 1959.7087590396404, ""mean_power_w"": 124.8882036595389, ""endpoints"": {""P1"": {""energy_j"": 1042.9587859809399, ""clock_match_fraction"": 1.0, ""mean_power_w"": 66.46561570502136, ""samples"": 145}, ""D1"": {""energy_j"": 916.7499730587006, ""clock_match_fraction"": 1.0, ""mean_power_w"": 58.42258795451753, ""samples"": 134}}}",124.8705211632895,256,1815,production,production-00360,360,0.0,1788700245.334436,True,1,59.612796384402934,482.38782794214785,7,32,both_heavy
,,487.3363971710205,1050,15.695451259613037,1788700281.8179615,"{""P1"": {""energy_j"": 1052.9568649232388, ""clock_match_fraction"": null, ""mean_power_w"": 67.08675319407152, ""samples"": 145}, ""D1"": {""energy_j"": 917.8031218536198, ""clock_match_fraction"": null, ""mean_power_w"": 58.47573966957403, ""samples"": 134}}",1970.7599867768586,False,table,"{""start"": 1788700266.1269794, ""end"": 1788700281.8179615, ""duration_s"": 15.690982103347778, ""energy_j"": 1970.3953181393445, ""mean_power_w"": 125.57501532800468, ""endpoints"": {""P1"": {""energy_j"": 1052.6819254159927, ""clock_match_fraction"": 1.0, ""mean_power_w"": 67.08833892503108, ""samples"": 145}, ""D1"": {""energy_j"": 917.7133927233517, ""clock_match_fraction"": 1.0, ""mean_power_w"": 58.48667640297361, ""samples"": 134}}}",125.56249286364556,256,1815,production,production-00361,361,0.0,1788700266.1225102,True,1,59.61106708638516,482.8623509965837,7,33,both_heavy
,,491.0097122192383,1050,15.698747873306274,1788700302.6666703,"{""P1"": {""energy_j"": 1052.1286010742188, ""clock_match_fraction"": null, ""mean_power_w"": 67.01990563611953, ""samples"": 145}, ""D1"": {""energy_j"": 913.6163506135345, ""clock_match_fraction"": null, ""mean_power_w"": 58.196765626577324, ""samples"": 134}}",1965.7449516877532,False,table,"{""start"": 1788700286.9777026, ""end"": 1788700302.6666703, ""duration_s"": 15.68896770477295, ""energy_j"": 1964.985290467739, ""mean_power_w"": 125.24630858089822, ""endpoints"": {""P1"": {""energy_j"": 1051.564123392105, ""clock_match_fraction"": 1.0, ""mean_power_w"": 67.02570514388877, ""samples"": 145}, ""D1"": {""energy_j"": 913.421167075634, ""clock_match_fraction"": 1.0, ""mean_power_w"": 58.22060343700944, ""samples"": 134}}}",125.21667126269686,256,1815,production,production-00362,362,0.0,1788700286.9679224,True,1,59.60900220773457,481.22465901542455,7,34,both_heavy
,,492.3405647277832,1050,15.700519323348999,1788700323.4549172,"{""P1"": {""energy_j"": 1049.7990148961544, ""clock_match_fraction"": null, ""mean_power_w"": 66.86396757175717, ""samples"": 145}, ""D1"": {""energy_j"": 918.1587889790535, ""clock_match_fraction"": null, ""mean_power_w"": 58.47951714651982, ""samples"": 134}}",1967.957803875208,False,table,"{""start"": 1788700307.7602775, ""end"": 1788700323.4549172, ""duration_s"": 15.694639682769775, ""energy_j"": 1967.5008982010186, ""mean_power_w"": 125.36132959847575, ""endpoints"": {""P1"": {""energy_j"": 1049.4604220986366, ""clock_match_fraction"": 1.0, ""mean_power_w"": 66.86744285380298, ""samples"": 145}, ""D1"": {""energy_j"": 918.040476102382, ""clock_match_fraction"": 1.0, ""mean_power_w"": 58.49388674467275, ""samples"": 134}}}",125.343484718277,256,1815,production,production-00363,363,0.0,1788700307.7543979,True,1,59.609624259082565,486.457017948851,7,35,both_heavy
,,488.65485191345215,1050,15.6974356174469,1788700344.2897227,"{""P1"": {""energy_j"": 1045.5880154967308, ""clock_match_fraction"": null, ""mean_power_w"": 66.60884242357479, ""samples"": 145}, ""D1"": {""energy_j"": 917.1431275457144, ""clock_match_fraction"": null, ""mean_power_w"": 58.42630286225583, ""samples"": 134}}",1962.7311430424452,False,table,"{""start"": 1788700328.597294, ""end"": 1788700344.2897227, ""duration_s"": 15.692428588867188, ""energy_j"": 1962.3057990297675, ""mean_power_w"": 125.04793556440988, ""endpoints"": {""P1"": {""energy_j"": 1045.2630360424519, ""clock_match_fraction"": 1.0, ""mean_power_w"": 66.60938618411186, ""samples"": 145}, ""D1"": {""energy_j"": 917.0427629873157, ""clock_match_fraction"": 1.0, ""mean_power_w"": 58.43854938029803, ""samples"": 134}}}",125.03514528583061,256,1815,production,production-00364,364,0.0,1788700328.592287,True,1,59.61079474483781,483.64241409581155,7,36,both_heavy
,,494.22502517700195,1050,15.703203201293945,1788700365.086048,"{""P1"": {""energy_j"": 1050.1238994896412, ""clock_match_fraction"": null, ""mean_power_w"": 66.8732287310089, ""samples"": 145}, ""D1"": {""energy_j"": 915.3351171687245, ""clock_match_fraction"": null, ""mean_power_w"": 58.289707229497026, ""samples"": 134}}",1965.4590166583657,False,table,"{""start"": 1788700349.3896816, ""end"": 1788700365.086048, ""duration_s"": 15.696366310119629, ""energy_j"": 1964.8754017874599, ""mean_power_w"": 125.18027185187962, ""endpoints"": {""P1"": {""energy_j"": 1049.6765478253365, ""clock_match_fraction"": 1.0, ""mean_power_w"": 66.87385647648895, ""samples"": 145}, ""D1"": {""energy_j"": 915.1988539621234, ""clock_match_fraction"": 1.0, ""mean_power_w"": 58.30641537539068, ""samples"": 134}}}",125.16293596050592,256,1815,production,production-00365,365,0.0,1788700349.3828447,True,1,59.611429106078894,487.383562955074,7,37,both_heavy
,,488.6505603790283,1050,15.69677209854126,1788700385.9255793,"{""P1"": {""energy_j"": 1047.8490418195724, ""clock_match_fraction"": null, ""mean_power_w"": 66.75570207947095, ""samples"": 145}, ""D1"": {""energy_j"": 917.295718409121, ""clock_match_fraction"": null, ""mean_power_w"": 58.43849376486568, ""samples"": 134}}",1965.1447602286935,False,table,"{""start"": 1788700370.2347224, ""end"": 1788700385.9255793, ""duration_s"": 15.69085693359375, ""energy_j"": 1964.6814140304923, ""mean_power_w"": 125.21186206370643, ""endpoints"": {""P1"": {""energy_j"": 1047.5044569969177, ""clock_match_fraction"": 1.0, ""mean_power_w"": 66.75890688635594, ""samples"": 145}, ""D1"": {""energy_j"": 917.1769570335746, ""clock_match_fraction"": 1.0, ""mean_power_w"": 58.45295517735049, ""samples"": 134}}}",125.19419584433663,256,1815,production,production-00366,366,0.0,1788700370.2288072,True,1,59.61162966274309,482.7324780635536,7,38,both_heavy
,,491.87660217285156,1050,15.699127674102783,1788700406.8130407,"{""P1"": {""energy_j"": 1051.2988141477108, ""clock_match_fraction"": null, ""mean_power_w"": 66.96542865129564, ""samples"": 145}, ""D1"": {""energy_j"": 917.6114768087864, ""clock_match_fraction"": null, ""mean_power_w"": 58.44983847876303, ""samples"": 134}}",1968.9102909564972,False,table,"{""start"": 1788700391.1192715, ""end"": 1788700406.8130407, ""duration_s"": 15.693769216537476, ""energy_j"": 1968.4899073280394, ""mean_power_w"": 125.43130207711494, ""endpoints"": {""P1"": {""energy_j"": 1050.9859038889408, ""clock_match_fraction"": 1.0, ""mean_power_w"": 66.96835472650211, ""samples"": 145}, ""D1"": {""energy_j"": 917.5040034390986, ""clock_match_fraction"": 1.0, ""mean_power_w"": 58.462947350612815, ""samples"": 134}}}",125.41526713005867,256,1815,production,production-00367,367,0.0,1788700391.113913,True,1,59.610167592216065,486.5154899889603,7,39,both_heavy
,,493.62802505493164,1050,15.702492475509644,1788700427.6580482,"{""P1"": {""energy_j"": 1041.683505743742, ""clock_match_fraction"": null, ""mean_power_w"": 66.33873618270484, ""samples"": 145}, ""D1"": {""energy_j"": 915.2825145386159, ""clock_match_fraction"": null, ""mean_power_w"": 58.28899558246146, ""samples"": 135}}",1956.966020282358,False,table,"{""start"": 1788700411.961181, ""end"": 1788700427.6580482, ""duration_s"": 15.696867227554321, ""energy_j"": 1956.4355206154287, ""mean_power_w"": 124.63859776943877, ""endpoints"": {""P1"": {""energy_j"": 1041.2654731869698, ""clock_match_fraction"": 1.0, ""mean_power_w"": 66.33587824194178, ""samples"": 145}, ""D1"": {""energy_j"": 915.1700474284589, ""clock_match_fraction"": 1.0, ""mean_power_w"": 58.302719527497, ""samples"": 135}}}",124.62773176516629,256,1815,production,production-00368,368,0.0,1788700411.9555557,True,1,59.612182564759514,487.9977829987183,7,40,both_heavy
,,486.66834831237793,1050,15.6957106590271,1788700448.4929893,"{""P1"": {""energy_j"": 1048.1961090266705, ""clock_match_fraction"": null, ""mean_power_w"": 66.78232873921002, ""samples"": 145}, ""D1"": {""energy_j"": 918.5767538882792, ""clock_match_fraction"": null, ""mean_power_w"": 58.524062646375086, ""samples"": 134}}",1966.7728629149497,False,table,"{""start"": 1788700432.8023207, ""end"": 1788700448.4929893, ""duration_s"": 15.69066858291626, ""energy_j"": 1966.3776878491044, ""mean_power_w"": 125.32147227875706, ""endpoints"": {""P1"": {""energy_j"": 1047.9024646878242, ""clock_match_fraction"": 1.0, ""mean_power_w"": 66.78507414456278, ""samples"": 145}, ""D1"": {""energy_j"": 918.4752231612802, ""clock_match_fraction"": 1.0, ""mean_power_w"": 58.53639813419428, ""samples"": 134}}}",125.3063913855851,256,1815,production,production-00369,369,0.0,1788700432.7972786,True,1,59.611755890278694,481.6231660079211,7,41,both_heavy
,,487.26582527160645,1050,15.695111751556396,1788700469.3276935,"{""P1"": {""energy_j"": 1048.6513181328773, ""clock_match_fraction"": null, ""mean_power_w"": 66.81388031715598, ""samples"": 146}, ""D1"": {""energy_j"": 918.8055194243789, ""clock_match_fraction"": null, ""mean_power_w"": 58.54087144892524, ""samples"": 134}}",1967.4568375572562,False,table,"{""start"": 1788700453.6381824, ""end"": 1788700469.3276935, ""duration_s"": 15.689511060714722, ""energy_j"": 1967.0193047337234, ""mean_power_w"": 125.37161273680364, ""endpoints"": {""P1"": {""energy_j"": 1048.3234006762505, ""clock_match_fraction"": 1.0, ""mean_power_w"": 66.81683046842474, ""samples"": 146}, ""D1"": {""energy_j"": 918.695904057473, ""clock_match_fraction"": 1.0, ""mean_power_w"": 58.554782268378894, ""samples"": 134}}}",125.35475176608122,256,1815,production,production-00370,370,0.0,1788700453.6325817,True,1,59.61012766313027,481.66027397383004,7,42,both_heavy
,,492.8121566772461,1050,15.7010178565979,1788700490.1710806,"{""P1"": {""energy_j"": 1047.9723363816738, ""clock_match_fraction"": null, ""mean_power_w"": 66.7455031229898, ""samples"": 145}, ""D1"": {""energy_j"": 915.7947589159012, ""clock_match_fraction"": null, ""mean_power_w"": 58.32709492340745, ""samples"": 133}}",1963.767095297575,False,table,"{""start"": 1788700474.4755, ""end"": 1788700490.1710806, ""duration_s"": 15.69558048248291, ""energy_j"": 1963.3415027037263, ""mean_power_w"": 125.08881113985674, ""endpoints"": {""P1"": {""energy_j"": 1047.6548959314823, ""clock_match_fraction"": 1.0, ""mean_power_w"": 66.74840074253514, ""samples"": 145}, ""D1"": {""energy_j"": 915.686606772244, ""clock_match_fraction"": 1.0, ""mean_power_w"": 58.340410397321605, ""samples"": 133}}}",125.07259804639726,256,1815,production,production-00371,371,0.0,1788700474.4700627,True,1,59.61026953734165,487.3694700654596,7,43,both_heavy
,,492.84815788269043,1050,15.700655221939087,1788700511.0308201,"{""P1"": {""energy_j"": 1043.6862857937813, ""clock_match_fraction"": null, ""mean_power_w"": 66.47405926953934, ""samples"": 145}, ""D1"": {""energy_j"": 916.7801062501967, ""clock_match_fraction"": null, ""mean_power_w"": 58.391200449338385, ""samples"": 134}}",1960.466392043978,False,table,"{""start"": 1788700495.3355587, ""end"": 1788700511.0308201, ""duration_s"": 15.695261478424072, ""energy_j"": 1959.5545930713415, ""mean_power_w"": 124.85007629628201, ""endpoints"": {""P1"": {""energy_j"": 1042.9925075471401, ""clock_match_fraction"": 1.0, ""mean_power_w"": 66.45270032493048, ""samples"": 145}, ""D1"": {""energy_j"": 916.5620855242014, ""clock_match_fraction"": 1.0, ""mean_power_w"": 58.39737597135154, ""samples"": 134}}}",124.86525971887774,256,1815,production,production-00372,372,0.0,1788700495.330165,True,1,59.61031830212211,487.45113401673734,7,44,both_heavy
,,489.78519439697266,1050,15.698949575424194,1788700531.8674693,"{""P1"": {""energy_j"": 1048.8276732861996, ""clock_match_fraction"": null, ""mean_power_w"": 66.80878031024949, ""samples"": 145}, ""D1"": {""energy_j"": 916.1654362119734, ""clock_match_fraction"": null, ""mean_power_w"": 58.35839091082743, ""samples"": 134}}",1964.993109498173,False,table,"{""start"": 1788700516.1742184, ""end"": 1788700531.8674693, ""duration_s"": 15.693250894546509, ""energy_j"": 1964.5490580387414, ""mean_power_w"": 125.18432740544746, ""endpoints"": {""P1"": {""energy_j"": 1048.498146891594, ""clock_match_fraction"": 1.0, ""mean_power_w"": 66.8120425740439, ""samples"": 145}, ""D1"": {""energy_j"": 916.0509111471474, ""clock_match_fraction"": 1.0, ""mean_power_w"": 58.372284831403555, ""samples"": 134}}}",125.16717122107693,256,1815,production,production-00373,373,0.0,1788700516.1685197,True,1,59.611472250966756,484.08424796070904,7,45,both_heavy
,,488.54756355285645,1050,15.696945190429688,1788700552.6529007,"{""P1"": {""energy_j"": 1048.1357319951057, ""clock_match_fraction"": null, ""mean_power_w"": 66.7732300316718, ""samples"": 145}, ""D1"": {""energy_j"": 917.405872952193, ""clock_match_fraction"": null, ""mean_power_w"": 58.444866935735284, ""samples"": 134}}",1965.5416049472988,False,table,"{""start"": 1788700536.961637, ""end"": 1788700552.6529007, ""duration_s"": 15.691263675689697, ""energy_j"": 1965.0979288741946, ""mean_power_w"": 125.23516075500658, ""endpoints"": {""P1"": {""energy_j"": 1047.8053415417671, ""clock_match_fraction"": 1.0, ""mean_power_w"": 66.77635168193116, ""samples"": 145}, ""D1"": {""energy_j"": 917.2925873324275, ""clock_match_fraction"": 1.0, ""mean_power_w"": 58.458809073075415, ""samples"": 134}}}",125.21809696740708,256,1815,production,production-00374,374,0.0,1788700536.9559555,True,1,59.60969362754886,482.8605679795146,7,46,both_heavy
,,486.33766174316406,1050,15.695200204849243,1788700573.4861434,"{""P1"": {""energy_j"": 1047.7200405597687, ""clock_match_fraction"": null, ""mean_power_w"": 66.75416859200442, ""samples"": 145}, ""D1"": {""energy_j"": 917.867642570287, ""clock_match_fraction"": null, ""mean_power_w"": 58.48078588297965, ""samples"": 134}}",1965.5876831300557,False,table,"{""start"": 1788700557.7960613, ""end"": 1788700573.4861434, ""duration_s"": 15.69008207321167, ""energy_j"": 1965.092142507434, ""mean_power_w"": 125.24422328309662, ""endpoints"": {""P1"": {""energy_j"": 1047.420056283474, ""clock_match_fraction"": 1.0, ""mean_power_w"": 66.75682455936784, ""samples"": 145}, ""D1"": {""energy_j"": 917.6720862239599, ""clock_match_fraction"": 1.0, ""mean_power_w"": 58.487398723728774, ""samples"": 133}}}",125.23495447498408,256,1815,production,production-00375,375,0.0,1788700557.7909431,True,1,59.61200015290695,481.2158449785784,7,47,both_heavy
,,490.9369945526123,1050,15.699341297149658,1788700594.3237133,"{""P1"": {""energy_j"": 1043.9786774516106, ""clock_match_fraction"": null, ""mean_power_w"": 66.49824713608547, ""samples"": 145}, ""D1"": {""energy_j"": 915.705380897969, ""clock_match_fraction"": null, ""mean_power_w"": 58.32763066716836, ""samples"": 134}}",1959.6840583495796,False,table,"{""start"": 1788700578.6299126, ""end"": 1788700594.3237133, ""duration_s"": 15.693800687789917, ""energy_j"": 1959.230724453926, ""mean_power_w"": 124.84106071120463, ""endpoints"": {""P1"": {""energy_j"": 1043.6364122331142, ""clock_match_fraction"": 1.0, ""mean_power_w"": 66.49991502982982, ""samples"": 145}, ""D1"": {""energy_j"": 915.5943122208118, ""clock_match_fraction"": 1.0, ""mean_power_w"": 58.34114568137482, ""samples"": 134}}}",124.82587780325382,256,1815,production,production-00376,376,0.0,1788700578.624372,True,1,59.61040792183257,485.39103497751057,7,48,both_heavy
,,487.25199699401855,1050,15.700994968414307,1788700615.167099,"{""P1"": {""energy_j"": 1047.7087065279484, ""clock_match_fraction"": null, ""mean_power_w"": 66.72880977515273, ""samples"": 145}, ""D1"": {""energy_j"": 916.1550334170461, ""clock_match_fraction"": null, ""mean_power_w"": 58.35012591622857, ""samples"": 134}}",1963.8637399449944,False,table,"{""start"": 1788700599.4720714, ""end"": 1788700615.167099, ""duration_s"": 15.695027589797974, ""energy_j"": 1963.3987815603614, ""mean_power_w"": 125.09686716553483, ""endpoints"": {""P1"": {""energy_j"": 1047.3634363114834, ""clock_match_fraction"": 1.0, ""mean_power_w"": 66.73218191679298, ""samples"": 145}, ""D1"": {""energy_j"": 916.035345248878, ""clock_match_fraction"": 1.0, ""mean_power_w"": 58.36468524874184, ""samples"": 134}}}",125.0789356913813,256,1815,production,production-00377,377,0.0,1788700599.466104,True,1,59.61428889000386,481.279180967249,7,49,both_heavy
,,483.2155704498291,1050,15.692924976348877,1788700636.0744963,"{""P1"": {""energy_j"": 1050.2353115975857, ""clock_match_fraction"": null, ""mean_power_w"": 66.92412747658047, ""samples"": 145}, ""D1"": {""energy_j"": 916.4079158008099, ""clock_match_fraction"": null, ""mean_power_w"": 58.39624653670025, ""samples"": 134}}",1966.6432273983955,False,table,"{""start"": 1788700620.3870482, ""end"": 1788700636.0744963, ""duration_s"": 15.687448024749756, ""energy_j"": 1966.2136809378862, ""mean_power_w"": 125.33674552010196, ""endpoints"": {""P1"": {""energy_j"": 1049.915852934122, ""clock_match_fraction"": 1.0, ""mean_power_w"": 66.92712870045479, ""samples"": 145}, ""D1"": {""energy_j"": 916.2978280037642, ""clock_match_fraction"": 1.0, ""mean_power_w"": 58.40961681964717, ""samples"": 134}}}",125.32037401328071,256,1815,production,production-00378,378,0.0,1788700620.3815713,True,1,59.61519286273887,477.7368400245905,7,50,both_heavy
,,486.7863655090332,1050,15.695073366165161,1788700656.916245,"{""P1"": {""energy_j"": 1041.6786890625954, ""clock_match_fraction"": null, ""mean_power_w"": 66.3697878155961, ""samples"": 146}, ""D1"": {""energy_j"": 915.8427855707705, ""clock_match_fraction"": null, ""mean_power_w"": 58.35224622429031, ""samples"": 134}}",1957.5214746333659,False,table,"{""start"": 1788700641.2263246, ""end"": 1788700656.916245, ""duration_s"": 15.689920425415039, ""energy_j"": 1956.8160896264017, ""mean_power_w"": 124.71803785930538, ""endpoints"": {""P1"": {""energy_j"": 1041.0769248604774, ""clock_match_fraction"": 1.0, ""mean_power_w"": 66.353231669302, ""samples"": 146}, ""D1"": {""energy_j"": 915.7391647659242, ""clock_match_fraction"": 1.0, ""mean_power_w"": 58.364806190003385, ""samples"": 134}}}",124.72203403988641,256,1815,production,production-00379,379,0.0,1788700641.2211716,True,1,59.61097894126878,481.62746301386505,7,51,both_heavy
,,488.8937473297119,1050,15.69779372215271,1788700677.8045282,"{""P1"": {""energy_j"": 1047.9588668048382, ""clock_match_fraction"": null, ""mean_power_w"": 66.75835377591692, ""samples"": 145}, ""D1"": {""energy_j"": 919.2528503090143, ""clock_match_fraction"": null, ""mean_power_w"": 58.55936614912742, ""samples"": 134}}",1967.2117171138525,False,table,"{""start"": 1788700662.1124315, ""end"": 1788700677.8045282, ""duration_s"": 15.692096710205078, ""energy_j"": 1966.7675882987678, ""mean_power_w"": 125.33491378623197, ""endpoints"": {""P1"": {""energy_j"": 1047.6296212673187, ""clock_match_fraction"": 1.0, ""mean_power_w"": 66.76160876487661, ""samples"": 145}, ""D1"": {""energy_j"": 919.1379670314491, ""clock_match_fraction"": 1.0, ""mean_power_w"": 58.57330502135537, ""samples"": 134}}}",125.31771992504433,256,1815,production,production-00380,380,0.0,1788700662.1067345,True,1,59.613263937096825,483.19259204436094,7,52,both_heavy
,,490.3244972229004,1050,15.698965549468994,1788700698.6919353,"{""P1"": {""energy_j"": 1050.4277116656303, ""clock_match_fraction"": null, ""mean_power_w"": 66.91063231877467, ""samples"": 145}, ""D1"": {""energy_j"": 918.6377653479576, ""clock_match_fraction"": null, ""mean_power_w"": 58.51581509961527, ""samples"": 134}}",1969.065477013588,False,table,"{""start"": 1788700682.9980772, ""end"": 1788700698.6919353, ""duration_s"": 15.69385814666748, ""energy_j"": 1968.6314304955304, ""mean_power_w"": 125.43960905582419, ""endpoints"": {""P1"": {""energy_j"": 1050.096485286951, ""clock_match_fraction"": 1.0, ""mean_power_w"": 66.91130220964399, ""samples"": 145}, ""D1"": {""energy_j"": 918.5349452085793, ""clock_match_fraction"": 1.0, ""mean_power_w"": 58.52830684618021, ""samples"": 134}}}",125.42644741838994,256,1815,production,production-00381,381,0.0,1788700682.9929698,True,1,59.61057357627022,485.21419207099825,7,53,both_heavy
,,492.34461784362793,1050,15.70104718208313,1788700719.5314243,"{""P1"": {""energy_j"": 1048.7760515511036, ""clock_match_fraction"": null, ""mean_power_w"": 66.79656709444762, ""samples"": 145}, ""D1"": {""energy_j"": 914.3950545527041, ""clock_match_fraction"": null, ""mean_power_w"": 58.23783878543744, ""samples"": 133}}",1963.1711061038077,False,table,"{""start"": 1788700703.8350732, ""end"": 1788700719.5314243, ""duration_s"": 15.696351051330566, ""energy_j"": 1962.80946925655, ""mean_power_w"": 125.04877489282227, ""endpoints"": {""P1"": {""energy_j"": 1048.5063601136208, ""clock_match_fraction"": 1.0, ""mean_power_w"": 66.79936990990907, ""samples"": 145}, ""D1"": {""energy_j"": 914.3031091429293, ""clock_match_fraction"": 1.0, ""mean_power_w"": 58.249404982913184, ""samples"": 133}}}",125.03440587988506,256,1815,production,production-00382,382,0.0,1788700703.830377,True,1,59.611781764611166,487.64417797792703,7,54,both_heavy
,,493.61300468444824,1050,15.703197717666626,1788700740.42397,"{""P1"": {""energy_j"": 1045.408561438322, ""clock_match_fraction"": null, ""mean_power_w"": 66.57297323985179, ""samples"": 146}, ""D1"": {""energy_j"": 919.1245921589434, ""clock_match_fraction"": null, ""mean_power_w"": 58.531046267404335, ""samples"": 134}}",1964.5331535972655,False,table,"{""start"": 1788700724.7265978, ""end"": 1788700740.42397, ""duration_s"": 15.697372198104858, ""energy_j"": 1964.0781725496054, ""mean_power_w"": 125.12146286413011, ""endpoints"": {""P1"": {""energy_j"": 1045.070898592472, ""clock_match_fraction"": 1.0, ""mean_power_w"": 66.57616863532377, ""samples"": 146}, ""D1"": {""energy_j"": 919.0072739571333, ""clock_match_fraction"": 1.0, ""mean_power_w"": 58.54529422880633, ""samples"": 134}}}",125.10401950725613,256,1815,production,production-00383,383,0.0,1788700724.7207723,True,1,59.61339432545299,487.78167192358524,7,55,both_heavy
,,492.084264755249,1050,15.701111793518066,1788700761.2686055,"{""P1"": {""energy_j"": 1049.4814099371433, ""clock_match_fraction"": null, ""mean_power_w"": 66.84121632522887, ""samples"": 145}, ""D1"": {""energy_j"": 915.5174988135695, ""clock_match_fraction"": null, ""mean_power_w"": 58.30908733428197, ""samples"": 134}}",1964.9989087507129,False,table,"{""start"": 1788700745.5728455, ""end"": 1788700761.2686055, ""duration_s"": 15.695760011672974, ""energy_j"": 1964.5759337954223, ""mean_power_w"": 125.16602778931141, ""endpoints"": {""P1"": {""energy_j"": 1049.165602684021, ""clock_match_fraction"": 1.0, ""mean_power_w"": 66.84388662312332, ""samples"": 145}, ""D1"": {""energy_j"": 915.4103311114013, ""clock_match_fraction"": 1.0, ""mean_power_w"": 58.322141166188096, ""samples"": 134}}}",125.15030365951084,256,1815,production,production-00384,384,0.0,1788700745.5674937,True,1,59.61122800431707,486.7300079204142,7,56,both_heavy
,,477.30207443237305,1050,15.686057090759277,1788700782.096005,"{""P1"": {""energy_j"": 1049.8668566942215, ""clock_match_fraction"": null, ""mean_power_w"": 66.9299397942841, ""samples"": 145}, ""D1"": {""energy_j"": 917.4626635983586, ""clock_match_fraction"": null, ""mean_power_w"": 58.489055489848994, ""samples"": 133}}",1967.3295202925801,False,table,"{""start"": 1788700766.4151034, ""end"": 1788700782.096005, ""duration_s"": 15.680901527404785, ""energy_j"": 1966.9258856251836, ""mean_power_w"": 125.43448998692315, ""endpoints"": {""P1"": {""energy_j"": 1049.566804856062, ""clock_match_fraction"": 1.0, ""mean_power_w"": 66.93281014626504, ""samples"": 145}, ""D1"": {""energy_j"": 917.3590807691216, ""clock_match_fraction"": 1.0, ""mean_power_w"": 58.50167984065812, ""samples"": 133}}}",125.41899528413309,256,1815,production,production-00385,385,0.0,1788700766.4099479,True,1,59.61430681568078,472.1420300193131,7,57,both_heavy
,,495.91779708862305,1050,15.704375505447388,1788700802.9015636,"{""P1"": {""energy_j"": 1052.1912402808666, ""clock_match_fraction"": null, ""mean_power_w"": 66.99987783123832, ""samples"": 145}, ""D1"": {""energy_j"": 918.7552478425205, ""clock_match_fraction"": null, ""mean_power_w"": 58.50313802824132, ""samples"": 134}}",1970.946488123387,False,table,"{""start"": 1788700787.2074459, ""end"": 1788700802.9015636, ""duration_s"": 15.694117784500122, ""energy_j"": 1970.1529552079737, ""mean_power_w"": 125.53448255331325, ""endpoints"": {""P1"": {""energy_j"": 1051.603165179491, ""clock_match_fraction"": 1.0, ""mean_power_w"": 67.00619809404508, ""samples"": 145}, ""D1"": {""energy_j"": 918.5497900284827, ""clock_match_fraction"": 1.0, ""mean_power_w"": 58.52828445926817, ""samples"": 134}}}",125.50301585947965,256,1815,production,production-00386,386,0.0,1788700787.1971881,True,1,59.611353031177,485.6551180128008,7,58,both_heavy
,,494.2483901977539,1050,15.703003168106079,1788700823.7533998,"{""P1"": {""energy_j"": 1045.124734312296, ""clock_match_fraction"": null, ""mean_power_w"": 66.55572333036389, ""samples"": 145}, ""D1"": {""energy_j"": 918.8601887561381, ""clock_match_fraction"": null, ""mean_power_w"": 58.51493366710953, ""samples"": 135}}",1963.984923068434,False,table,"{""start"": 1788700808.0563955, ""end"": 1788700823.7533998, ""duration_s"": 15.697004318237305, ""energy_j"": 1963.1590279527009, ""mean_power_w"": 125.06583983491915, ""endpoints"": {""P1"": {""energy_j"": 1044.4193208515644, ""clock_match_fraction"": 1.0, ""mean_power_w"": 66.53621924777858, ""samples"": 145}, ""D1"": {""energy_j"": 918.7397071011364, ""clock_match_fraction"": 1.0, ""mean_power_w"": 58.52962058714056, ""samples"": 134}}}",125.07065699747344,256,1815,production,production-00387,387,0.0,1788700808.0503967,True,1,59.61361614503332,488.2466639392078,7,59,both_heavy
,,485.1524829864502,1050,15.69427227973938,1788700844.6022713,"{""P1"": {""energy_j"": 1043.2006218731403, ""clock_match_fraction"": null, ""mean_power_w"": 66.47014931809656, ""samples"": 146}, ""D1"": {""energy_j"": 918.2122683115304, ""clock_match_fraction"": null, ""mean_power_w"": 58.506202259336504, ""samples"": 134}}",1961.4128901846707,False,table,"{""start"": 1788700828.9136455, ""end"": 1788700844.6022713, ""duration_s"": 15.688625812530518, ""energy_j"": 1960.8589514493942, ""mean_power_w"": 124.98602330634048, ""endpoints"": {""P1"": {""energy_j"": 1042.7594629824162, ""clock_match_fraction"": 1.0, ""mean_power_w"": 66.465952814654, ""samples"": 145}, ""D1"": {""energy_j"": 918.0994884669781, ""clock_match_fraction"": 1.0, ""mean_power_w"": 58.52007049168649, ""samples"": 134}}}",124.97635157743306,256,1815,production,production-00388,388,0.0,1788700828.907999,True,1,59.61230393343916,479.50231307186186,7,60,both_heavy
