window_id,request_id,token_event_index,stream_chunk_index,token_index_in_chunk,tokens_in_chunk,token_id,timestamp_source,arrival_unix_ns,since_send_ms,since_previous_token_ms,fragment_bytes,fragment_json
phase2-full-grid-rerun-20260731-l4-l4-tp1-f2040-i32-o32-r10-rep2-seg1-attempt2,phase2-full-grid-rerun-20260731-l4-l4-tp1-f2040-i32-o32-r10-rep2-seg1-attempt2-00000-5e3dd6285879,0,0,0,1,28707,server_token_ids,1785511562169915872,179.835941,,1,"""t"""
phase2-full-grid-rerun-20260731-l4-l4-tp1-f2040-i32-o32-r10-rep2-seg1-attempt2,phase2-full-grid-rerun-20260731-l4-l4-tp1-f2040-i32-o32-r10-rep2-seg1-attempt2-00000-5e3dd6285879,1,1,0,1,13,server_token_ids,1785511562232743533,242.663602,62.827661,1,"""\n"""
phase2-full-grid-rerun-20260731-l4-l4-tp1-f2040-i32-o32-r10-rep2-seg1-attempt2,phase2-full-grid-rerun-20260731-l4-l4-tp1-f2040-i32-o32-r10-rep2-seg1-attempt2-00000-5e3dd6285879,2,2,0,1,13,server_token_ids,1785511562291527223,301.447292,58.78369,1,"""\n"""
phase2-full-grid-rerun-20260731-l4-l4-tp1-f2040-i32-o32-r10-rep2-seg1-attempt2,phase2-full-grid-rerun-20260731-l4-l4-tp1-f2040-i32-o32-r10-rep2-seg1-attempt2-00000-5e3dd6285879,3,3,0,1,2000,server_token_ids,1785511562358513442,368.433511,66.986219,4,"""####"""
phase2-full-grid-rerun-20260731-l4-l4-tp1-f2040-i32-o32-r10-rep2-seg1-attempt2,phase2-full-grid-rerun-20260731-l4-l4-tp1-f2040-i32-o32-r10-rep2-seg1-attempt2-00000-5e3dd6285879,4,4,0,1,28771,server_token_ids,1785511562417533715,427.453784,59.020273,1,"""#"""
phase2-full-grid-rerun-20260731-l4-l4-tp1-f2040-i32-o32-r10-rep2-seg1-attempt2,phase2-full-grid-rerun-20260731-l4-l4-tp1-f2040-i32-o32-r10-rep2-seg1-attempt2-00000-5e3dd6285879,5,5,0,1,28705,server_token_ids,1785511562479849336,489.769405,62.315621,1,""" """
phase2-full-grid-rerun-20260731-l4-l4-tp1-f2040-i32-o32-r10-rep2-seg1-attempt2,phase2-full-grid-rerun-20260731-l4-l4-tp1-f2040-i32-o32-r10-rep2-seg1-attempt2-00000-5e3dd6285879,6,6,0,1,28740,server_token_ids,1785511562540493672,550.413741,60.644336,1,"""1"""
phase2-full-grid-rerun-20260731-l4-l4-tp1-f2040-i32-o32-r10-rep2-seg1-attempt2,phase2-full-grid-rerun-20260731-l4-l4-tp1-f2040-i32-o32-r10-rep2-seg1-attempt2-00000-5e3dd6285879,7,7,0,1,28723,server_token_ids,1785511562598777395,608.697464,58.283723,1,"""."""
phase2-full-grid-rerun-20260731-l4-l4-tp1-f2040-i32-o32-r10-rep2-seg1-attempt2,phase2-full-grid-rerun-20260731-l4-l4-tp1-f2040-i32-o32-r10-rep2-seg1-attempt2-00000-5e3dd6285879,8,8,0,1,13,server_token_ids,1785511562662540129,672.460198,63.762734,1,"""\n"""
phase2-full-grid-rerun-20260731-l4-l4-tp1-f2040-i32-o32-r10-rep2-seg1-attempt2,phase2-full-grid-rerun-20260731-l4-l4-tp1-f2040-i32-o32-r10-rep2-seg1-attempt2-00000-5e3dd6285879,9,9,0,1,13,server_token_ids,1785511562720921027,730.841096,58.380898,1,"""\n"""
phase2-full-grid-rerun-20260731-l4-l4-tp1-f2040-i32-o32-r10-rep2-seg1-attempt2,phase2-full-grid-rerun-20260731-l4-l4-tp1-f2040-i32-o32-r10-rep2-seg1-attempt2-00000-5e3dd6285879,10,10,0,1,28740,server_token_ids,1785511562788277157,798.197226,67.35613,1,"""1"""
phase2-full-grid-rerun-20260731-l4-l4-tp1-f2040-i32-o32-r10-rep2-seg1-attempt2,phase2-full-grid-rerun-20260731-l4-l4-tp1-f2040-i32-o32-r10-rep2-seg1-attempt2-00000-5e3dd6285879,11,11,0,1,28723,server_token_ids,1785511562849405689,859.325758,61.128532,1,"""."""
phase2-full-grid-rerun-20260731-l4-l4-tp1-f2040-i32-o32-r10-rep2-seg1-attempt2,phase2-full-grid-rerun-20260731-l4-l4-tp1-f2040-i32-o32-r10-rep2-seg1-attempt2-00000-5e3dd6285879,12,12,0,1,13,server_token_ids,1785511562912751064,922.671133,63.345375,1,"""\n"""
phase2-full-grid-rerun-20260731-l4-l4-tp1-f2040-i32-o32-r10-rep2-seg1-attempt2,phase2-full-grid-rerun-20260731-l4-l4-tp1-f2040-i32-o32-r10-rep2-seg1-attempt2-00000-5e3dd6285879,13,13,0,1,13,server_token_ids,1785511562974568153,984.488222,61.817089,1,"""\n"""
phase2-full-grid-rerun-20260731-l4-l4-tp1-f2040-i32-o32-r10-rep2-seg1-attempt2,phase2-full-grid-rerun-20260731-l4-l4-tp1-f2040-i32-o32-r10-rep2-seg1-attempt2-00000-5e3dd6285879,14,14,0,1,2000,server_token_ids,1785511563037770416,1047.690485,63.202263,4,"""####"""
phase2-full-grid-rerun-20260731-l4-l4-tp1-f2040-i32-o32-r10-rep2-seg1-attempt2,phase2-full-grid-rerun-20260731-l4-l4-tp1-f2040-i32-o32-r10-rep2-seg1-attempt2-00000-5e3dd6285879,15,15,0,1,28771,server_token_ids,1785511563096732652,1106.652721,58.962236,1,"""#"""
phase2-full-grid-rerun-20260731-l4-l4-tp1-f2040-i32-o32-r10-rep2-seg1-attempt2,phase2-full-grid-rerun-20260731-l4-l4-tp1-f2040-i32-o32-r10-rep2-seg1-attempt2-00000-5e3dd6285879,16,16,0,1,28705,server_token_ids,1785511563162277378,1172.197447,65.544726,1,""" """
phase2-full-grid-rerun-20260731-l4-l4-tp1-f2040-i32-o32-r10-rep2-seg1-attempt2,phase2-full-grid-rerun-20260731-l4-l4-tp1-f2040-i32-o32-r10-rep2-seg1-attempt2-00000-5e3dd6285879,17,17,0,1,28750,server_token_ids,1785511563221066121,1230.98619,58.788743,1,"""2"""
phase2-full-grid-rerun-20260731-l4-l4-tp1-f2040-i32-o32-r10-rep2-seg1-attempt2,phase2-full-grid-rerun-20260731-l4-l4-tp1-f2040-i32-o32-r10-rep2-seg1-attempt2-00000-5e3dd6285879,18,18,0,1,28723,server_token_ids,1785511563287515504,1297.435573,66.449383,1,"""."""
phase2-full-grid-rerun-20260731-l4-l4-tp1-f2040-i32-o32-r10-rep2-seg1-attempt2,phase2-full-grid-rerun-20260731-l4-l4-tp1-f2040-i32-o32-r10-rep2-seg1-attempt2-00000-5e3dd6285879,19,19,0,1,13,server_token_ids,1785511563352026004,1361.946073,64.5105,1,"""\n"""
phase2-full-grid-rerun-20260731-l4-l4-tp1-f2040-i32-o32-r10-rep2-seg1-attempt2,phase2-full-grid-rerun-20260731-l4-l4-tp1-f2040-i32-o32-r10-rep2-seg1-attempt2-00000-5e3dd6285879,20,20,0,1,13,server_token_ids,1785511563416164951,1426.08502,64.138947,1,"""\n"""
phase2-full-grid-rerun-20260731-l4-l4-tp1-f2040-i32-o32-r10-rep2-seg1-attempt2,phase2-full-grid-rerun-20260731-l4-l4-tp1-f2040-i32-o32-r10-rep2-seg1-attempt2-00000-5e3dd6285879,21,21,0,1,28750,server_token_ids,1785511563476016635,1485.936704,59.851684,1,"""2"""
phase2-full-grid-rerun-20260731-l4-l4-tp1-f2040-i32-o32-r10-rep2-seg1-attempt2,phase2-full-grid-rerun-20260731-l4-l4-tp1-f2040-i32-o32-r10-rep2-seg1-attempt2-00000-5e3dd6285879,22,22,0,1,28723,server_token_ids,1785511563542020329,1551.940398,66.003694,1,"""."""
phase2-full-grid-rerun-20260731-l4-l4-tp1-f2040-i32-o32-r10-rep2-seg1-attempt2,phase2-full-grid-rerun-20260731-l4-l4-tp1-f2040-i32-o32-r10-rep2-seg1-attempt2-00000-5e3dd6285879,23,23,0,1,13,server_token_ids,1785511563601189990,1611.110059,59.169661,1,"""\n"""
phase2-full-grid-rerun-20260731-l4-l4-tp1-f2040-i32-o32-r10-rep2-seg1-attempt2,phase2-full-grid-rerun-20260731-l4-l4-tp1-f2040-i32-o32-r10-rep2-seg1-attempt2-00000-5e3dd6285879,24,24,0,1,13,server_token_ids,1785511563666627029,1676.547098,65.437039,1,"""\n"""
phase2-full-grid-rerun-20260731-l4-l4-tp1-f2040-i32-o32-r10-rep2-seg1-attempt2,phase2-full-grid-rerun-20260731-l4-l4-tp1-f2040-i32-o32-r10-rep2-seg1-attempt2-00000-5e3dd6285879,25,25,0,1,2000,server_token_ids,1785511563732808882,1742.728951,66.181853,4,"""####"""
phase2-full-grid-rerun-20260731-l4-l4-tp1-f2040-i32-o32-r10-rep2-seg1-attempt2,phase2-full-grid-rerun-20260731-l4-l4-tp1-f2040-i32-o32-r10-rep2-seg1-attempt2-00000-5e3dd6285879,26,26,0,1,28771,server_token_ids,1785511563796414940,1806.335009,63.606058,1,"""#"""
phase2-full-grid-rerun-20260731-l4-l4-tp1-f2040-i32-o32-r10-rep2-seg1-attempt2,phase2-full-grid-rerun-20260731-l4-l4-tp1-f2040-i32-o32-r10-rep2-seg1-attempt2-00000-5e3dd6285879,27,27,0,1,28705,server_token_ids,1785511563864215102,1874.135171,67.800162,1,""" """
phase2-full-grid-rerun-20260731-l4-l4-tp1-f2040-i32-o32-r10-rep2-seg1-attempt2,phase2-full-grid-rerun-20260731-l4-l4-tp1-f2040-i32-o32-r10-rep2-seg1-attempt2-00000-5e3dd6285879,28,28,0,1,28770,server_token_ids,1785511563929105610,1939.025679,64.890508,1,"""3"""
phase2-full-grid-rerun-20260731-l4-l4-tp1-f2040-i32-o32-r10-rep2-seg1-attempt2,phase2-full-grid-rerun-20260731-l4-l4-tp1-f2040-i32-o32-r10-rep2-seg1-attempt2-00000-5e3dd6285879,29,29,0,1,28723,server_token_ids,1785511564003998776,2013.918845,74.893166,1,"""."""
phase2-full-grid-rerun-20260731-l4-l4-tp1-f2040-i32-o32-r10-rep2-seg1-attempt2,phase2-full-grid-rerun-20260731-l4-l4-tp1-f2040-i32-o32-r10-rep2-seg1-attempt2-00000-5e3dd6285879,30,30,0,1,13,server_token_ids,1785511564067911327,2077.831396,63.912551,1,"""\n"""
phase2-full-grid-rerun-20260731-l4-l4-tp1-f2040-i32-o32-r10-rep2-seg1-attempt2,phase2-full-grid-rerun-20260731-l4-l4-tp1-f2040-i32-o32-r10-rep2-seg1-attempt2-00000-5e3dd6285879,31,31,0,1,13,server_token_ids,1785511564132306395,2142.226464,64.395068,1,"""\n"""
phase2-full-grid-rerun-20260731-l4-l4-tp1-f2040-i32-o32-r10-rep2-seg1-attempt2,phase2-full-grid-rerun-20260731-l4-l4-tp1-f2040-i32-o32-r10-rep2-seg1-attempt2-00001-f604053e47e0,0,0,0,1,3521,server_token_ids,1785511562232928710,150.941018,,4,"""book"""
phase2-full-grid-rerun-20260731-l4-l4-tp1-f2040-i32-o32-r10-rep2-seg1-attempt2,phase2-full-grid-rerun-20260731-l4-l4-tp1-f2040-i32-o32-r10-rep2-seg1-attempt2-00001-f604053e47e0,1,1,0,1,302,server_token_ids,1785511562291739360,209.751668,58.81065,3,""" of"""
phase2-full-grid-rerun-20260731-l4-l4-tp1-f2040-i32-o32-r10-rep2-seg1-attempt2,phase2-full-grid-rerun-20260731-l4-l4-tp1-f2040-i32-o32-r10-rep2-seg1-attempt2-00001-f604053e47e0,2,2,0,1,13,server_token_ids,1785511562358670316,276.682624,66.930956,1,"""\n"""
phase2-full-grid-rerun-20260731-l4-l4-tp1-f2040-i32-o32-r10-rep2-seg1-attempt2,phase2-full-grid-rerun-20260731-l4-l4-tp1-f2040-i32-o32-r10-rep2-seg1-attempt2-00001-f604053e47e0,3,3,0,1,13,server_token_ids,1785511562417640248,335.652556,58.969932,1,"""\n"""
phase2-full-grid-rerun-20260731-l4-l4-tp1-f2040-i32-o32-r10-rep2-seg1-attempt2,phase2-full-grid-rerun-20260731-l4-l4-tp1-f2040-i32-o32-r10-rep2-seg1-attempt2-00001-f604053e47e0,4,4,0,1,28771,server_token_ids,1785511562479977768,397.990076,62.33752,1,"""#"""
phase2-full-grid-rerun-20260731-l4-l4-tp1-f2040-i32-o32-r10-rep2-seg1-attempt2,phase2-full-grid-rerun-20260731-l4-l4-tp1-f2040-i32-o32-r10-rep2-seg1-attempt2-00001-f604053e47e0,5,5,0,1,6322,server_token_ids,1785511562540676734,458.689042,60.698966,5,""" Hand"""
phase2-full-grid-rerun-20260731-l4-l4-tp1-f2040-i32-o32-r10-rep2-seg1-attempt2,phase2-full-grid-rerun-20260731-l4-l4-tp1-f2040-i32-o32-r10-rep2-seg1-attempt2-00001-f604053e47e0,6,6,0,1,3521,server_token_ids,1785511562599022723,517.035031,58.345989,4,"""book"""
phase2-full-grid-rerun-20260731-l4-l4-tp1-f2040-i32-o32-r10-rep2-seg1-attempt2,phase2-full-grid-rerun-20260731-l4-l4-tp1-f2040-i32-o32-r10-rep2-seg1-attempt2-00001-f604053e47e0,7,7,0,1,302,server_token_ids,1785511562662729245,580.741553,63.706522,3,""" of"""
phase2-full-grid-rerun-20260731-l4-l4-tp1-f2040-i32-o32-r10-rep2-seg1-attempt2,phase2-full-grid-rerun-20260731-l4-l4-tp1-f2040-i32-o32-r10-rep2-seg1-attempt2-00001-f604053e47e0,8,8,0,1,13,server_token_ids,1785511562721102994,639.115302,58.373749,1,"""\n"""
phase2-full-grid-rerun-20260731-l4-l4-tp1-f2040-i32-o32-r10-rep2-seg1-attempt2,phase2-full-grid-rerun-20260731-l4-l4-tp1-f2040-i32-o32-r10-rep2-seg1-attempt2-00001-f604053e47e0,9,9,0,1,13,server_token_ids,1785511562788433857,706.446165,67.330863,1,"""\n"""
phase2-full-grid-rerun-20260731-l4-l4-tp1-f2040-i32-o32-r10-rep2-seg1-attempt2,phase2-full-grid-rerun-20260731-l4-l4-tp1-f2040-i32-o32-r10-rep2-seg1-attempt2-00001-f604053e47e0,10,10,0,1,27332,server_token_ids,1785511562849627538,767.639846,61.193681,3,"""###"""
phase2-full-grid-rerun-20260731-l4-l4-tp1-f2040-i32-o32-r10-rep2-seg1-attempt2,phase2-full-grid-rerun-20260731-l4-l4-tp1-f2040-i32-o32-r10-rep2-seg1-attempt2-00001-f604053e47e0,11,11,0,1,15210,server_token_ids,1785511562912932125,830.944433,63.304587,9,""" Material"""
phase2-full-grid-rerun-20260731-l4-l4-tp1-f2040-i32-o32-r10-rep2-seg1-attempt2,phase2-full-grid-rerun-20260731-l4-l4-tp1-f2040-i32-o32-r10-rep2-seg1-attempt2-00001-f604053e47e0,12,12,0,1,28713,server_token_ids,1785511562974708588,892.720896,61.776463,1,"""s"""
phase2-full-grid-rerun-20260731-l4-l4-tp1-f2040-i32-o32-r10-rep2-seg1-attempt2,phase2-full-grid-rerun-20260731-l4-l4-tp1-f2040-i32-o32-r10-rep2-seg1-attempt2-00001-f604053e47e0,13,13,0,1,9323,server_token_ids,1785511563037878928,955.891236,63.17034,8,""" Science"""
phase2-full-grid-rerun-20260731-l4-l4-tp1-f2040-i32-o32-r10-rep2-seg1-attempt2,phase2-full-grid-rerun-20260731-l4-l4-tp1-f2040-i32-o32-r10-rep2-seg1-attempt2-00001-f604053e47e0,14,14,0,1,304,server_token_ids,1785511563096853172,1014.86548,58.974244,4,""" and"""
phase2-full-grid-rerun-20260731-l4-l4-tp1-f2040-i32-o32-r10-rep2-seg1-attempt2,phase2-full-grid-rerun-20260731-l4-l4-tp1-f2040-i32-o32-r10-rep2-seg1-attempt2-00001-f604053e47e0,15,15,0,1,17202,server_token_ids,1785511563162381785,1080.394093,65.528613,12,""" Engineering"""
phase2-full-grid-rerun-20260731-l4-l4-tp1-f2040-i32-o32-r10-rep2-seg1-attempt2,phase2-full-grid-rerun-20260731-l4-l4-tp1-f2040-i32-o32-r10-rep2-seg1-attempt2-00001-f604053e47e0,16,16,0,1,13,server_token_ids,1785511563221171409,1139.183717,58.789624,1,"""\n"""
phase2-full-grid-rerun-20260731-l4-l4-tp1-f2040-i32-o32-r10-rep2-seg1-attempt2,phase2-full-grid-rerun-20260731-l4-l4-tp1-f2040-i32-o32-r10-rep2-seg1-attempt2-00001-f604053e47e0,17,17,0,1,13,server_token_ids,1785511563287627023,1205.639331,66.455614,1,"""\n"""
phase2-full-grid-rerun-20260731-l4-l4-tp1-f2040-i32-o32-r10-rep2-seg1-attempt2,phase2-full-grid-rerun-20260731-l4-l4-tp1-f2040-i32-o32-r10-rep2-seg1-attempt2-00001-f604053e47e0,18,18,0,1,2000,server_token_ids,1785511563352131785,1270.144093,64.504762,4,"""####"""
phase2-full-grid-rerun-20260731-l4-l4-tp1-f2040-i32-o32-r10-rep2-seg1-attempt2,phase2-full-grid-rerun-20260731-l4-l4-tp1-f2040-i32-o32-r10-rep2-seg1-attempt2-00001-f604053e47e0,19,19,0,1,28771,server_token_ids,1785511563416267615,1334.279923,64.13583,1,"""#"""
phase2-full-grid-rerun-20260731-l4-l4-tp1-f2040-i32-o32-r10-rep2-seg1-attempt2,phase2-full-grid-rerun-20260731-l4-l4-tp1-f2040-i32-o32-r10-rep2-seg1-attempt2-00001-f604053e47e0,20,20,0,1,14671,server_token_ids,1785511563476113857,1394.126165,59.846242,6,""" Third"""
phase2-full-grid-rerun-20260731-l4-l4-tp1-f2040-i32-o32-r10-rep2-seg1-attempt2,phase2-full-grid-rerun-20260731-l4-l4-tp1-f2040-i32-o32-r10-rep2-seg1-attempt2-00001-f604053e47e0,21,21,0,1,20356,server_token_ids,1785511563545726244,1463.738552,69.612387,8,""" Edition"""
phase2-full-grid-rerun-20260731-l4-l4-tp1-f2040-i32-o32-r10-rep2-seg1-attempt2,phase2-full-grid-rerun-20260731-l4-l4-tp1-f2040-i32-o32-r10-rep2-seg1-attempt2-00001-f604053e47e0,22,22,0,1,13,server_token_ids,1785511563601383122,1519.39543,55.656878,1,"""\n"""
phase2-full-grid-rerun-20260731-l4-l4-tp1-f2040-i32-o32-r10-rep2-seg1-attempt2,phase2-full-grid-rerun-20260731-l4-l4-tp1-f2040-i32-o32-r10-rep2-seg1-attempt2-00001-f604053e47e0,23,23,0,1,13,server_token_ids,1785511563666818970,1584.831278,65.435848,1,"""\n"""
phase2-full-grid-rerun-20260731-l4-l4-tp1-f2040-i32-o32-r10-rep2-seg1-attempt2,phase2-full-grid-rerun-20260731-l4-l4-tp1-f2040-i32-o32-r10-rep2-seg1-attempt2-00001-f604053e47e0,24,24,0,1,3565,server_token_ids,1785511563733012695,1651.025003,66.193725,2,"""Ed"""
phase2-full-grid-rerun-20260731-l4-l4-tp1-f2040-i32-o32-r10-rep2-seg1-attempt2,phase2-full-grid-rerun-20260731-l4-l4-tp1-f2040-i32-o32-r10-rep2-seg1-attempt2-00001-f604053e47e0,25,25,0,1,1345,server_token_ids,1785511563796648366,1714.660674,63.635671,4,"""ited"""
phase2-full-grid-rerun-20260731-l4-l4-tp1-f2040-i32-o32-r10-rep2-seg1-attempt2,phase2-full-grid-rerun-20260731-l4-l4-tp1-f2040-i32-o32-r10-rep2-seg1-attempt2-00001-f604053e47e0,26,26,0,1,486,server_token_ids,1785511563864403730,1782.416038,67.755364,3,""" by"""
phase2-full-grid-rerun-20260731-l4-l4-tp1-f2040-i32-o32-r10-rep2-seg1-attempt2,phase2-full-grid-rerun-20260731-l4-l4-tp1-f2040-i32-o32-r10-rep2-seg1-attempt2-00001-f604053e47e0,27,27,0,1,13,server_token_ids,1785511563929290932,1847.30324,64.887202,1,"""\n"""
phase2-full-grid-rerun-20260731-l4-l4-tp1-f2040-i32-o32-r10-rep2-seg1-attempt2,phase2-full-grid-rerun-20260731-l4-l4-tp1-f2040-i32-o32-r10-rep2-seg1-attempt2-00001-f604053e47e0,28,28,0,1,13,server_token_ids,1785511564003334928,1921.347236,74.043996,1,"""\n"""
phase2-full-grid-rerun-20260731-l4-l4-tp1-f2040-i32-o32-r10-rep2-seg1-attempt2,phase2-full-grid-rerun-20260731-l4-l4-tp1-f2040-i32-o32-r10-rep2-seg1-attempt2-00001-f604053e47e0,29,29,0,1,348,server_token_ids,1785511564067229941,1985.242249,63.895013,2,"""**"""
phase2-full-grid-rerun-20260731-l4-l4-tp1-f2040-i32-o32-r10-rep2-seg1-attempt2,phase2-full-grid-rerun-20260731-l4-l4-tp1-f2040-i32-o32-r10-rep2-seg1-attempt2-00001-f604053e47e0,30,30,0,1,28798,server_token_ids,1785511564131671976,2049.684284,64.442035,1,"""J"""
phase2-full-grid-rerun-20260731-l4-l4-tp1-f2040-i32-o32-r10-rep2-seg1-attempt2,phase2-full-grid-rerun-20260731-l4-l4-tp1-f2040-i32-o32-r10-rep2-seg1-attempt2-00001-f604053e47e0,31,31,0,1,1145,server_token_ids,1785511564199334564,2117.346872,67.662588,4,"""ames"""
phase2-full-grid-rerun-20260731-l4-l4-tp1-f2040-i32-o32-r10-rep2-seg1-attempt2,phase2-full-grid-rerun-20260731-l4-l4-tp1-f2040-i32-o32-r10-rep2-seg1-attempt2-00002-b2722278c1fc,0,0,0,1,28746,server_token_ids,1785511562354661769,173.322574,,1,"""="""
phase2-full-grid-rerun-20260731-l4-l4-tp1-f2040-i32-o32-r10-rep2-seg1-attempt2,phase2-full-grid-rerun-20260731-l4-l4-tp1-f2040-i32-o32-r10-rep2-seg1-attempt2-00002-b2722278c1fc,1,1,0,1,13,server_token_ids,1785511562417326072,235.986877,62.664303,1,"""\n"""
phase2-full-grid-rerun-20260731-l4-l4-tp1-f2040-i32-o32-r10-rep2-seg1-attempt2,phase2-full-grid-rerun-20260731-l4-l4-tp1-f2040-i32-o32-r10-rep2-seg1-attempt2-00002-b2722278c1fc,2,2,0,1,13,server_token_ids,1785511562475447440,294.108245,58.121368,1,"""\n"""
phase2-full-grid-rerun-20260731-l4-l4-tp1-f2040-i32-o32-r10-rep2-seg1-attempt2,phase2-full-grid-rerun-20260731-l4-l4-tp1-f2040-i32-o32-r10-rep2-seg1-attempt2-00002-b2722278c1fc,3,3,0,1,28771,server_token_ids,1785511562544419391,363.080196,68.971951,1,"""#"""
phase2-full-grid-rerun-20260731-l4-l4-tp1-f2040-i32-o32-r10-rep2-seg1-attempt2,phase2-full-grid-rerun-20260731-l4-l4-tp1-f2040-i32-o32-r10-rep2-seg1-attempt2-00002-b2722278c1fc,4,4,0,1,28705,server_token_ids,1785511562599355456,418.016261,54.936065,1,""" """
phase2-full-grid-rerun-20260731-l4-l4-tp1-f2040-i32-o32-r10-rep2-seg1-attempt2,phase2-full-grid-rerun-20260731-l4-l4-tp1-f2040-i32-o32-r10-rep2-seg1-attempt2-00002-b2722278c1fc,5,5,0,1,28740,server_token_ids,1785511562663002296,481.663101,63.64684,1,"""1"""
phase2-full-grid-rerun-20260731-l4-l4-tp1-f2040-i32-o32-r10-rep2-seg1-attempt2,phase2-full-grid-rerun-20260731-l4-l4-tp1-f2040-i32-o32-r10-rep2-seg1-attempt2-00002-b2722278c1fc,6,6,0,1,28723,server_token_ids,1785511562721410533,540.071338,58.408237,1,"""."""
phase2-full-grid-rerun-20260731-l4-l4-tp1-f2040-i32-o32-r10-rep2-seg1-attempt2,phase2-full-grid-rerun-20260731-l4-l4-tp1-f2040-i32-o32-r10-rep2-seg1-attempt2-00002-b2722278c1fc,7,7,0,1,23628,server_token_ids,1785511562792755417,611.416222,71.344884,13,""" Introduction"""
phase2-full-grid-rerun-20260731-l4-l4-tp1-f2040-i32-o32-r10-rep2-seg1-attempt2,phase2-full-grid-rerun-20260731-l4-l4-tp1-f2040-i32-o32-r10-rep2-seg1-attempt2-00002-b2722278c1fc,8,8,0,1,13,server_token_ids,1785511562855192328,673.853133,62.436911,1,"""\n"""
phase2-full-grid-rerun-20260731-l4-l4-tp1-f2040-i32-o32-r10-rep2-seg1-attempt2,phase2-full-grid-rerun-20260731-l4-l4-tp1-f2040-i32-o32-r10-rep2-seg1-attempt2-00002-b2722278c1fc,9,9,0,1,13,server_token_ids,1785511562913449942,732.110747,58.257614,1,"""\n"""
phase2-full-grid-rerun-20260731-l4-l4-tp1-f2040-i32-o32-r10-rep2-seg1-attempt2,phase2-full-grid-rerun-20260731-l4-l4-tp1-f2040-i32-o32-r10-rep2-seg1-attempt2-00002-b2722278c1fc,10,10,0,1,3260,server_token_ids,1785511562975363213,794.024018,61.913271,4,"""This"""
phase2-full-grid-rerun-20260731-l4-l4-tp1-f2040-i32-o32-r10-rep2-seg1-attempt2,phase2-full-grid-rerun-20260731-l4-l4-tp1-f2040-i32-o32-r10-rep2-seg1-attempt2-00002-b2722278c1fc,11,11,0,1,3248,server_token_ids,1785511563042039647,860.700452,66.676434,9,""" document"""
phase2-full-grid-rerun-20260731-l4-l4-tp1-f2040-i32-o32-r10-rep2-seg1-attempt2,phase2-full-grid-rerun-20260731-l4-l4-tp1-f2040-i32-o32-r10-rep2-seg1-attempt2-00002-b2722278c1fc,12,12,0,1,13966,server_token_ids,1785511563097365033,916.025838,55.325386,10,""" describes"""
phase2-full-grid-rerun-20260731-l4-l4-tp1-f2040-i32-o32-r10-rep2-seg1-attempt2,phase2-full-grid-rerun-20260731-l4-l4-tp1-f2040-i32-o32-r10-rep2-seg1-attempt2-00002-b2722278c1fc,13,13,0,1,272,server_token_ids,1785511563166341624,985.002429,68.976591,4,""" the"""
phase2-full-grid-rerun-20260731-l4-l4-tp1-f2040-i32-o32-r10-rep2-seg1-attempt2,phase2-full-grid-rerun-20260731-l4-l4-tp1-f2040-i32-o32-r10-rep2-seg1-attempt2-00002-b2722278c1fc,14,14,0,1,2621,server_token_ids,1785511563221956960,1040.617765,55.615336,7,""" design"""
phase2-full-grid-rerun-20260731-l4-l4-tp1-f2040-i32-o32-r10-rep2-seg1-attempt2,phase2-full-grid-rerun-20260731-l4-l4-tp1-f2040-i32-o32-r10-rep2-seg1-attempt2-00002-b2722278c1fc,15,15,0,1,304,server_token_ids,1785511563288204265,1106.86507,66.247305,4,""" and"""
phase2-full-grid-rerun-20260731-l4-l4-tp1-f2040-i32-o32-r10-rep2-seg1-attempt2,phase2-full-grid-rerun-20260731-l4-l4-tp1-f2040-i32-o32-r10-rep2-seg1-attempt2-00002-b2722278c1fc,16,16,0,1,9786,server_token_ids,1785511563356613557,1175.274362,68.409292,15,""" implementation"""
phase2-full-grid-rerun-20260731-l4-l4-tp1-f2040-i32-o32-r10-rep2-seg1-attempt2,phase2-full-grid-rerun-20260731-l4-l4-tp1-f2040-i32-o32-r10-rep2-seg1-attempt2-00002-b2722278c1fc,17,17,0,1,302,server_token_ids,1785511563417229118,1235.889923,60.615561,3,""" of"""
phase2-full-grid-rerun-20260731-l4-l4-tp1-f2040-i32-o32-r10-rep2-seg1-attempt2,phase2-full-grid-rerun-20260731-l4-l4-tp1-f2040-i32-o32-r10-rep2-seg1-attempt2-00002-b2722278c1fc,18,18,0,1,272,server_token_ids,1785511563480955963,1299.616768,63.726845,4,""" the"""
phase2-full-grid-rerun-20260731-l4-l4-tp1-f2040-i32-o32-r10-rep2-seg1-attempt2,phase2-full-grid-rerun-20260731-l4-l4-tp1-f2040-i32-o32-r10-rep2-seg1-attempt2-00002-b2722278c1fc,19,19,0,1,334,server_token_ids,1785511563546953082,1365.613887,65.997119,2,""" C"""
phase2-full-grid-rerun-20260731-l4-l4-tp1-f2040-i32-o32-r10-rep2-seg1-attempt2,phase2-full-grid-rerun-20260731-l4-l4-tp1-f2040-i32-o32-r10-rep2-seg1-attempt2-00002-b2722278c1fc,20,20,0,1,1680,server_token_ids,1785511563602419469,1421.080274,55.466387,2,"""++"""
phase2-full-grid-rerun-20260731-l4-l4-tp1-f2040-i32-o32-r10-rep2-seg1-attempt2,phase2-full-grid-rerun-20260731-l4-l4-tp1-f2040-i32-o32-r10-rep2-seg1-attempt2-00002-b2722278c1fc,21,21,0,1,7607,server_token_ids,1785511563671657728,1490.318533,69.238259,8,""" library"""
phase2-full-grid-rerun-20260731-l4-l4-tp1-f2040-i32-o32-r10-rep2-seg1-attempt2,phase2-full-grid-rerun-20260731-l4-l4-tp1-f2040-i32-o32-r10-rep2-seg1-attempt2-00002-b2722278c1fc,22,22,0,1,354,server_token_ids,1785511563738279411,1556.940216,66.621683,4,""" for"""
phase2-full-grid-rerun-20260731-l4-l4-tp1-f2040-i32-o32-r10-rep2-seg1-attempt2,phase2-full-grid-rerun-20260731-l4-l4-tp1-f2040-i32-o32-r10-rep2-seg1-attempt2-00002-b2722278c1fc,23,23,0,1,272,server_token_ids,1785511563797842001,1616.502806,59.56259,4,""" the"""
phase2-full-grid-rerun-20260731-l4-l4-tp1-f2040-i32-o32-r10-rep2-seg1-attempt2,phase2-full-grid-rerun-20260731-l4-l4-tp1-f2040-i32-o32-r10-rep2-seg1-attempt2-00002-b2722278c1fc,24,24,0,1,334,server_token_ids,1785511563869401666,1688.062471,71.559665,2,""" C"""
phase2-full-grid-rerun-20260731-l4-l4-tp1-f2040-i32-o32-r10-rep2-seg1-attempt2,phase2-full-grid-rerun-20260731-l4-l4-tp1-f2040-i32-o32-r10-rep2-seg1-attempt2-00002-b2722278c1fc,25,25,0,1,7920,server_token_ids,1785511563930619282,1749.280087,61.217616,3,"""ERN"""
phase2-full-grid-rerun-20260731-l4-l4-tp1-f2040-i32-o32-r10-rep2-seg1-attempt2,phase2-full-grid-rerun-20260731-l4-l4-tp1-f2040-i32-o32-r10-rep2-seg1-attempt2-00002-b2722278c1fc,26,26,0,1,13807,server_token_ids,1785511564004221550,1822.882355,73.602268,3,""" RO"""
phase2-full-grid-rerun-20260731-l4-l4-tp1-f2040-i32-o32-r10-rep2-seg1-attempt2,phase2-full-grid-rerun-20260731-l4-l4-tp1-f2040-i32-o32-r10-rep2-seg1-attempt2-00002-b2722278c1fc,27,27,0,1,2185,server_token_ids,1785511564068149447,1886.810252,63.927897,2,"""OT"""
phase2-full-grid-rerun-20260731-l4-l4-tp1-f2040-i32-o32-r10-rep2-seg1-attempt2,phase2-full-grid-rerun-20260731-l4-l4-tp1-f2040-i32-o32-r10-rep2-seg1-attempt2-00002-b2722278c1fc,28,28,0,1,2488,server_token_ids,1785511564132703706,1951.364511,64.554259,8,""" project"""
phase2-full-grid-rerun-20260731-l4-l4-tp1-f2040-i32-o32-r10-rep2-seg1-attempt2,phase2-full-grid-rerun-20260731-l4-l4-tp1-f2040-i32-o32-r10-rep2-seg1-attempt2-00002-b2722278c1fc,29,29,0,1,28723,server_token_ids,1785511564200293531,2018.954336,67.589825,1,"""."""
phase2-full-grid-rerun-20260731-l4-l4-tp1-f2040-i32-o32-r10-rep2-seg1-attempt2,phase2-full-grid-rerun-20260731-l4-l4-tp1-f2040-i32-o32-r10-rep2-seg1-attempt2-00002-b2722278c1fc,30,30,0,1,13,server_token_ids,1785511564267296630,2085.957435,67.003099,1,"""\n"""
phase2-full-grid-rerun-20260731-l4-l4-tp1-f2040-i32-o32-r10-rep2-seg1-attempt2,phase2-full-grid-rerun-20260731-l4-l4-tp1-f2040-i32-o32-r10-rep2-seg1-attempt2-00002-b2722278c1fc,31,31,0,1,13,server_token_ids,1785511564330659555,2149.32036,63.362925,1,"""\n"""
phase2-full-grid-rerun-20260731-l4-l4-tp1-f2040-i32-o32-r10-rep2-seg1-attempt2,phase2-full-grid-rerun-20260731-l4-l4-tp1-f2040-i32-o32-r10-rep2-seg1-attempt2-00003-398f56a975d3,0,0,0,1,28723,server_token_ids,1785511562475672057,193.540726,,1,"""."""
phase2-full-grid-rerun-20260731-l4-l4-tp1-f2040-i32-o32-r10-rep2-seg1-attempt2,phase2-full-grid-rerun-20260731-l4-l4-tp1-f2040-i32-o32-r10-rep2-seg1-attempt2-00003-398f56a975d3,1,1,0,1,13,server_token_ids,1785511562544264493,262.133162,68.592436,1,"""\n"""
phase2-full-grid-rerun-20260731-l4-l4-tp1-f2040-i32-o32-r10-rep2-seg1-attempt2,phase2-full-grid-rerun-20260731-l4-l4-tp1-f2040-i32-o32-r10-rep2-seg1-attempt2-00003-398f56a975d3,2,2,0,1,13,server_token_ids,1785511562599229710,317.098379,54.965217,1,"""\n"""
phase2-full-grid-rerun-20260731-l4-l4-tp1-f2040-i32-o32-r10-rep2-seg1-attempt2,phase2-full-grid-rerun-20260731-l4-l4-tp1-f2040-i32-o32-r10-rep2-seg1-attempt2-00003-398f56a975d3,3,3,0,1,1064,server_token_ids,1785511562662923494,380.792163,63.693784,2,"""##"""
phase2-full-grid-rerun-20260731-l4-l4-tp1-f2040-i32-o32-r10-rep2-seg1-attempt2,phase2-full-grid-rerun-20260731-l4-l4-tp1-f2040-i32-o32-r10-rep2-seg1-attempt2-00003-398f56a975d3,4,4,0,1,28705,server_token_ids,1785511562721324727,439.193396,58.401233,1,""" """
phase2-full-grid-rerun-20260731-l4-l4-tp1-f2040-i32-o32-r10-rep2-seg1-attempt2,phase2-full-grid-rerun-20260731-l4-l4-tp1-f2040-i32-o32-r10-rep2-seg1-attempt2-00003-398f56a975d3,5,5,0,1,28740,server_token_ids,1785511562792652271,510.52094,71.327544,1,"""1"""
phase2-full-grid-rerun-20260731-l4-l4-tp1-f2040-i32-o32-r10-rep2-seg1-attempt2,phase2-full-grid-rerun-20260731-l4-l4-tp1-f2040-i32-o32-r10-rep2-seg1-attempt2-00003-398f56a975d3,6,6,0,1,23628,server_token_ids,1785511562854942588,572.811257,62.290317,13,""" Introduction"""
phase2-full-grid-rerun-20260731-l4-l4-tp1-f2040-i32-o32-r10-rep2-seg1-attempt2,phase2-full-grid-rerun-20260731-l4-l4-tp1-f2040-i32-o32-r10-rep2-seg1-attempt2-00003-398f56a975d3,7,7,0,1,13,server_token_ids,1785511562913277841,631.14651,58.335253,1,"""\n"""
phase2-full-grid-rerun-20260731-l4-l4-tp1-f2040-i32-o32-r10-rep2-seg1-attempt2,phase2-full-grid-rerun-20260731-l4-l4-tp1-f2040-i32-o32-r10-rep2-seg1-attempt2-00003-398f56a975d3,8,8,0,1,13,server_token_ids,1785511562975274794,693.143463,61.996953,1,"""\n"""
phase2-full-grid-rerun-20260731-l4-l4-tp1-f2040-i32-o32-r10-rep2-seg1-attempt2,phase2-full-grid-rerun-20260731-l4-l4-tp1-f2040-i32-o32-r10-rep2-seg1-attempt2-00003-398f56a975d3,9,9,0,1,1014,server_token_ids,1785511563041940342,759.809011,66.665548,3,"""The"""
phase2-full-grid-rerun-20260731-l4-l4-tp1-f2040-i32-o32-r10-rep2-seg1-attempt2,phase2-full-grid-rerun-20260731-l4-l4-tp1-f2040-i32-o32-r10-rep2-seg1-attempt2-00003-398f56a975d3,10,10,0,1,583,server_token_ids,1785511563097292703,815.161372,55.352361,2,""" _"""
phase2-full-grid-rerun-20260731-l4-l4-tp1-f2040-i32-o32-r10-rep2-seg1-attempt2,phase2-full-grid-rerun-20260731-l4-l4-tp1-f2040-i32-o32-r10-rep2-seg1-attempt2-00003-398f56a975d3,11,11,0,1,28765,server_token_ids,1785511563166206310,884.074979,68.913607,1,"""F"""
phase2-full-grid-rerun-20260731-l4-l4-tp1-f2040-i32-o32-r10-rep2-seg1-attempt2,phase2-full-grid-rerun-20260731-l4-l4-tp1-f2040-i32-o32-r10-rep2-seg1-attempt2-00003-398f56a975d3,12,12,0,1,18296,server_token_ids,1785511563221871014,939.739683,55.664704,7,"""raction"""
phase2-full-grid-rerun-20260731-l4-l4-tp1-f2040-i32-o32-r10-rep2-seg1-attempt2,phase2-full-grid-rerun-20260731-l4-l4-tp1-f2040-i32-o32-r10-rep2-seg1-attempt2-00003-398f56a975d3,13,13,0,1,282,server_token_ids,1785511563288126109,1005.994778,66.255095,2,"""al"""
phase2-full-grid-rerun-20260731-l4-l4-tp1-f2040-i32-o32-r10-rep2-seg1-attempt2,phase2-full-grid-rerun-20260731-l4-l4-tp1-f2040-i32-o32-r10-rep2-seg1-attempt2-00003-398f56a975d3,14,14,0,1,3885,server_token_ids,1785511563356525529,1074.394198,68.39942,6,""" State"""
phase2-full-grid-rerun-20260731-l4-l4-tp1-f2040-i32-o32-r10-rep2-seg1-attempt2,phase2-full-grid-rerun-20260731-l4-l4-tp1-f2040-i32-o32-r10-rep2-seg1-attempt2-00003-398f56a975d3,15,15,0,1,28730,server_token_ids,1785511563417151655,1135.020324,60.626126,1,"""_"""
phase2-full-grid-rerun-20260731-l4-l4-tp1-f2040-i32-o32-r10-rep2-seg1-attempt2,phase2-full-grid-rerun-20260731-l4-l4-tp1-f2040-i32-o32-r10-rep2-seg1-attempt2-00003-398f56a975d3,16,16,0,1,302,server_token_ids,1785511563480877505,1198.746174,63.72585,3,""" of"""
phase2-full-grid-rerun-20260731-l4-l4-tp1-f2040-i32-o32-r10-rep2-seg1-attempt2,phase2-full-grid-rerun-20260731-l4-l4-tp1-f2040-i32-o32-r10-rep2-seg1-attempt2-00003-398f56a975d3,17,17,0,1,272,server_token_ids,1785511563546879055,1264.747724,66.00155,4,""" the"""
phase2-full-grid-rerun-20260731-l4-l4-tp1-f2040-i32-o32-r10-rep2-seg1-attempt2,phase2-full-grid-rerun-20260731-l4-l4-tp1-f2040-i32-o32-r10-rep2-seg1-attempt2-00003-398f56a975d3,18,18,0,1,27131,server_token_ids,1785511563602343447,1320.212116,55.464392,9,""" Universe"""
phase2-full-grid-rerun-20260731-l4-l4-tp1-f2040-i32-o32-r10-rep2-seg1-attempt2,phase2-full-grid-rerun-20260731-l4-l4-tp1-f2040-i32-o32-r10-rep2-seg1-attempt2-00003-398f56a975d3,19,19,0,1,349,server_token_ids,1785511563671519106,1389.387775,69.175659,3,""" is"""
phase2-full-grid-rerun-20260731-l4-l4-tp1-f2040-i32-o32-r10-rep2-seg1-attempt2,phase2-full-grid-rerun-20260731-l4-l4-tp1-f2040-i32-o32-r10-rep2-seg1-attempt2-00003-398f56a975d3,20,20,0,1,264,server_token_ids,1785511563734095273,1451.963942,62.576167,2,""" a"""
phase2-full-grid-rerun-20260731-l4-l4-tp1-f2040-i32-o32-r10-rep2-seg1-attempt2,phase2-full-grid-rerun-20260731-l4-l4-tp1-f2040-i32-o32-r10-rep2-seg1-attempt2-00003-398f56a975d3,21,21,0,1,11854,server_token_ids,1785511563797682617,1515.551286,63.587344,12,""" fundamental"""
phase2-full-grid-rerun-20260731-l4-l4-tp1-f2040-i32-o32-r10-rep2-seg1-attempt2,phase2-full-grid-rerun-20260731-l4-l4-tp1-f2040-i32-o32-r10-rep2-seg1-attempt2-00003-398f56a975d3,22,22,0,1,2700,server_token_ids,1785511563869217021,1587.08569,71.534404,8,""" problem"""
phase2-full-grid-rerun-20260731-l4-l4-tp1-f2040-i32-o32-r10-rep2-seg1-attempt2,phase2-full-grid-rerun-20260731-l4-l4-tp1-f2040-i32-o32-r10-rep2-seg1-attempt2-00003-398f56a975d3,23,23,0,1,297,server_token_ids,1785511563930460697,1648.329366,61.243676,3,""" in"""
phase2-full-grid-rerun-20260731-l4-l4-tp1-f2040-i32-o32-r10-rep2-seg1-attempt2,phase2-full-grid-rerun-20260731-l4-l4-tp1-f2040-i32-o32-r10-rep2-seg1-attempt2-00003-398f56a975d3,24,24,0,1,272,server_token_ids,1785511564002721469,1720.590138,72.260772,4,""" the"""
phase2-full-grid-rerun-20260731-l4-l4-tp1-f2040-i32-o32-r10-rep2-seg1-attempt2,phase2-full-grid-rerun-20260731-l4-l4-tp1-f2040-i32-o32-r10-rep2-seg1-attempt2-00003-398f56a975d3,25,25,0,1,1834,server_token_ids,1785511564062934001,1780.80267,60.212532,6,""" field"""
phase2-full-grid-rerun-20260731-l4-l4-tp1-f2040-i32-o32-r10-rep2-seg1-attempt2,phase2-full-grid-rerun-20260731-l4-l4-tp1-f2040-i32-o32-r10-rep2-seg1-attempt2-00003-398f56a975d3,26,26,0,1,302,server_token_ids,1785511564131374557,1849.243226,68.440556,3,""" of"""
phase2-full-grid-rerun-20260731-l4-l4-tp1-f2040-i32-o32-r10-rep2-seg1-attempt2,phase2-full-grid-rerun-20260731-l4-l4-tp1-f2040-i32-o32-r10-rep2-seg1-attempt2-00003-398f56a975d3,27,27,0,1,16173,server_token_ids,1785511564198684145,1916.552814,67.309588,8,""" physics"""
phase2-full-grid-rerun-20260731-l4-l4-tp1-f2040-i32-o32-r10-rep2-seg1-attempt2,phase2-full-grid-rerun-20260731-l4-l4-tp1-f2040-i32-o32-r10-rep2-seg1-attempt2-00003-398f56a975d3,28,28,0,1,28723,server_token_ids,1785511564262683867,1980.552536,63.999722,1,"""."""
phase2-full-grid-rerun-20260731-l4-l4-tp1-f2040-i32-o32-r10-rep2-seg1-attempt2,phase2-full-grid-rerun-20260731-l4-l4-tp1-f2040-i32-o32-r10-rep2-seg1-attempt2-00003-398f56a975d3,29,29,0,1,415,server_token_ids,1785511564329063220,2046.931889,66.379353,4,""" The"""
phase2-full-grid-rerun-20260731-l4-l4-tp1-f2040-i32-o32-r10-rep2-seg1-attempt2,phase2-full-grid-rerun-20260731-l4-l4-tp1-f2040-i32-o32-r10-rep2-seg1-attempt2-00003-398f56a975d3,30,30,0,1,583,server_token_ids,1785511564395411225,2113.279894,66.348005,2,""" _"""
phase2-full-grid-rerun-20260731-l4-l4-tp1-f2040-i32-o32-r10-rep2-seg1-attempt2,phase2-full-grid-rerun-20260731-l4-l4-tp1-f2040-i32-o32-r10-rep2-seg1-attempt2-00003-398f56a975d3,31,31,0,1,28765,server_token_ids,1785511564462563529,2180.432198,67.152304,1,"""F"""
phase2-full-grid-rerun-20260731-l4-l4-tp1-f2040-i32-o32-r10-rep2-seg1-attempt2,phase2-full-grid-rerun-20260731-l4-l4-tp1-f2040-i32-o32-r10-rep2-seg1-attempt2-00004-c8c3a7afbebd,0,0,0,1,288,server_token_ids,1785511562540806468,158.299737,,3,"""ing"""
phase2-full-grid-rerun-20260731-l4-l4-tp1-f2040-i32-o32-r10-rep2-seg1-attempt2,phase2-full-grid-rerun-20260731-l4-l4-tp1-f2040-i32-o32-r10-rep2-seg1-attempt2-00004-c8c3a7afbebd,1,1,0,1,13,server_token_ids,1785511562599136644,216.629913,58.330176,1,"""\n"""
phase2-full-grid-rerun-20260731-l4-l4-tp1-f2040-i32-o32-r10-rep2-seg1-attempt2,phase2-full-grid-rerun-20260731-l4-l4-tp1-f2040-i32-o32-r10-rep2-seg1-attempt2-00004-c8c3a7afbebd,2,2,0,1,13,server_token_ids,1785511562662838241,280.33151,63.701597,1,"""\n"""
phase2-full-grid-rerun-20260731-l4-l4-tp1-f2040-i32-o32-r10-rep2-seg1-attempt2,phase2-full-grid-rerun-20260731-l4-l4-tp1-f2040-i32-o32-r10-rep2-seg1-attempt2-00004-c8c3a7afbebd,3,3,0,1,1064,server_token_ids,1785511562721233130,338.726399,58.394889,2,"""##"""
phase2-full-grid-rerun-20260731-l4-l4-tp1-f2040-i32-o32-r10-rep2-seg1-attempt2,phase2-full-grid-rerun-20260731-l4-l4-tp1-f2040-i32-o32-r10-rep2-seg1-attempt2-00004-c8c3a7afbebd,4,4,0,1,28705,server_token_ids,1785511562792501607,409.994876,71.268477,1,""" """
phase2-full-grid-rerun-20260731-l4-l4-tp1-f2040-i32-o32-r10-rep2-seg1-attempt2,phase2-full-grid-rerun-20260731-l4-l4-tp1-f2040-i32-o32-r10-rep2-seg1-attempt2-00004-c8c3a7afbebd,5,5,0,1,28740,server_token_ids,1785511562854832314,472.325583,62.330707,1,"""1"""
phase2-full-grid-rerun-20260731-l4-l4-tp1-f2040-i32-o32-r10-rep2-seg1-attempt2,phase2-full-grid-rerun-20260731-l4-l4-tp1-f2040-i32-o32-r10-rep2-seg1-attempt2-00004-c8c3a7afbebd,6,6,0,1,28723,server_token_ids,1785511562913203872,530.697141,58.371558,1,"""."""
phase2-full-grid-rerun-20260731-l4-l4-tp1-f2040-i32-o32-r10-rep2-seg1-attempt2,phase2-full-grid-rerun-20260731-l4-l4-tp1-f2040-i32-o32-r10-rep2-seg1-attempt2-00004-c8c3a7afbebd,7,7,0,1,23628,server_token_ids,1785511562975172226,592.665495,61.968354,13,""" Introduction"""
phase2-full-grid-rerun-20260731-l4-l4-tp1-f2040-i32-o32-r10-rep2-seg1-attempt2,phase2-full-grid-rerun-20260731-l4-l4-tp1-f2040-i32-o32-r10-rep2-seg1-attempt2-00004-c8c3a7afbebd,8,8,0,1,13,server_token_ids,1785511563041666951,659.16022,66.494725,1,"""\n"""
phase2-full-grid-rerun-20260731-l4-l4-tp1-f2040-i32-o32-r10-rep2-seg1-attempt2,phase2-full-grid-rerun-20260731-l4-l4-tp1-f2040-i32-o32-r10-rep2-seg1-attempt2-00004-c8c3a7afbebd,9,9,0,1,13,server_token_ids,1785511563097217128,714.710397,55.550177,1,"""\n"""
phase2-full-grid-rerun-20260731-l4-l4-tp1-f2040-i32-o32-r10-rep2-seg1-attempt2,phase2-full-grid-rerun-20260731-l4-l4-tp1-f2040-i32-o32-r10-rep2-seg1-attempt2-00004-c8c3a7afbebd,10,10,0,1,1014,server_token_ids,1785511563162740968,780.234237,65.52384,3,"""The"""
phase2-full-grid-rerun-20260731-l4-l4-tp1-f2040-i32-o32-r10-rep2-seg1-attempt2,phase2-full-grid-rerun-20260731-l4-l4-tp1-f2040-i32-o32-r10-rep2-seg1-attempt2-00004-c8c3a7afbebd,11,11,0,1,2700,server_token_ids,1785511563221675476,839.168745,58.934508,8,""" problem"""
phase2-full-grid-rerun-20260731-l4-l4-tp1-f2040-i32-o32-r10-rep2-seg1-attempt2,phase2-full-grid-rerun-20260731-l4-l4-tp1-f2040-i32-o32-r10-rep2-seg1-attempt2-00004-c8c3a7afbebd,12,12,0,1,302,server_token_ids,1785511563287970621,905.46389,66.295145,3,""" of"""
phase2-full-grid-rerun-20260731-l4-l4-tp1-f2040-i32-o32-r10-rep2-seg1-attempt2,phase2-full-grid-rerun-20260731-l4-l4-tp1-f2040-i32-o32-r10-rep2-seg1-attempt2-00004-c8c3a7afbebd,13,13,0,1,27472,server_token_ids,1785511563356253210,973.746479,68.282589,9,""" modeling"""
phase2-full-grid-rerun-20260731-l4-l4-tp1-f2040-i32-o32-r10-rep2-seg1-attempt2,phase2-full-grid-rerun-20260731-l4-l4-tp1-f2040-i32-o32-r10-rep2-seg1-attempt2-00004-c8c3a7afbebd,14,14,0,1,272,server_token_ids,1785511563416969194,1034.462463,60.715984,4,""" the"""
phase2-full-grid-rerun-20260731-l4-l4-tp1-f2040-i32-o32-r10-rep2-seg1-attempt2,phase2-full-grid-rerun-20260731-l4-l4-tp1-f2040-i32-o32-r10-rep2-seg1-attempt2-00004-c8c3a7afbebd,15,15,0,1,6174,server_token_ids,1785511563480705633,1098.198902,63.736439,9,""" behavior"""
phase2-full-grid-rerun-20260731-l4-l4-tp1-f2040-i32-o32-r10-rep2-seg1-attempt2,phase2-full-grid-rerun-20260731-l4-l4-tp1-f2040-i32-o32-r10-rep2-seg1-attempt2-00004-c8c3a7afbebd,16,16,0,1,302,server_token_ids,1785511563546715797,1164.209066,66.010164,3,""" of"""
phase2-full-grid-rerun-20260731-l4-l4-tp1-f2040-i32-o32-r10-rep2-seg1-attempt2,phase2-full-grid-rerun-20260731-l4-l4-tp1-f2040-i32-o32-r10-rep2-seg1-attempt2-00004-c8c3a7afbebd,17,17,0,1,264,server_token_ids,1785511563602174445,1219.667714,55.458648,2,""" a"""
phase2-full-grid-rerun-20260731-l4-l4-tp1-f2040-i32-o32-r10-rep2-seg1-attempt2,phase2-full-grid-rerun-20260731-l4-l4-tp1-f2040-i32-o32-r10-rep2-seg1-attempt2-00004-c8c3a7afbebd,18,18,0,1,1587,server_token_ids,1785511563667643963,1285.137232,65.469518,7,""" system"""
phase2-full-grid-rerun-20260731-l4-l4-tp1-f2040-i32-o32-r10-rep2-seg1-attempt2,phase2-full-grid-rerun-20260731-l4-l4-tp1-f2040-i32-o32-r10-rep2-seg1-attempt2-00004-c8c3a7afbebd,19,19,0,1,349,server_token_ids,1785511563733856962,1351.350231,66.212999,3,""" is"""
phase2-full-grid-rerun-20260731-l4-l4-tp1-f2040-i32-o32-r10-rep2-seg1-attempt2,phase2-full-grid-rerun-20260731-l4-l4-tp1-f2040-i32-o32-r10-rep2-seg1-attempt2-00004-c8c3a7afbebd,20,20,0,1,264,server_token_ids,1785511563797428223,1414.921492,63.571261,2,""" a"""
phase2-full-grid-rerun-20260731-l4-l4-tp1-f2040-i32-o32-r10-rep2-seg1-attempt2,phase2-full-grid-rerun-20260731-l4-l4-tp1-f2040-i32-o32-r10-rep2-seg1-attempt2-00004-c8c3a7afbebd,21,21,0,1,11854,server_token_ids,1785511563865263927,1482.757196,67.835704,12,""" fundamental"""
phase2-full-grid-rerun-20260731-l4-l4-tp1-f2040-i32-o32-r10-rep2-seg1-attempt2,phase2-full-grid-rerun-20260731-l4-l4-tp1-f2040-i32-o32-r10-rep2-seg1-attempt2-00004-c8c3a7afbebd,22,22,0,1,2700,server_token_ids,1785511563930135502,1547.628771,64.871575,8,""" problem"""
phase2-full-grid-rerun-20260731-l4-l4-tp1-f2040-i32-o32-r10-rep2-seg1-attempt2,phase2-full-grid-rerun-20260731-l4-l4-tp1-f2040-i32-o32-r10-rep2-seg1-attempt2-00004-c8c3a7afbebd,23,23,0,1,297,server_token_ids,1785511564002547108,1620.040377,72.411606,3,""" in"""
phase2-full-grid-rerun-20260731-l4-l4-tp1-f2040-i32-o32-r10-rep2-seg1-attempt2,phase2-full-grid-rerun-20260731-l4-l4-tp1-f2040-i32-o32-r10-rep2-seg1-attempt2-00004-c8c3a7afbebd,24,24,0,1,272,server_token_ids,1785511564062765196,1680.258465,60.218088,4,""" the"""
phase2-full-grid-rerun-20260731-l4-l4-tp1-f2040-i32-o32-r10-rep2-seg1-attempt2,phase2-full-grid-rerun-20260731-l4-l4-tp1-f2040-i32-o32-r10-rep2-seg1-attempt2-00004-c8c3a7afbebd,25,25,0,1,1834,server_token_ids,1785511564130632712,1748.125981,67.867516,6,""" field"""
phase2-full-grid-rerun-20260731-l4-l4-tp1-f2040-i32-o32-r10-rep2-seg1-attempt2,phase2-full-grid-rerun-20260731-l4-l4-tp1-f2040-i32-o32-r10-rep2-seg1-attempt2-00004-c8c3a7afbebd,26,26,0,1,302,server_token_ids,1785511564198520407,1816.013676,67.887695,3,""" of"""
phase2-full-grid-rerun-20260731-l4-l4-tp1-f2040-i32-o32-r10-rep2-seg1-attempt2,phase2-full-grid-rerun-20260731-l4-l4-tp1-f2040-i32-o32-r10-rep2-seg1-attempt2-00004-c8c3a7afbebd,27,27,0,1,27472,server_token_ids,1785511564262123913,1879.617182,63.603506,9,""" modeling"""
phase2-full-grid-rerun-20260731-l4-l4-tp1-f2040-i32-o32-r10-rep2-seg1-attempt2,phase2-full-grid-rerun-20260731-l4-l4-tp1-f2040-i32-o32-r10-rep2-seg1-attempt2-00004-c8c3a7afbebd,28,28,0,1,28723,server_token_ids,1785511564328902094,1946.395363,66.778181,1,"""."""
phase2-full-grid-rerun-20260731-l4-l4-tp1-f2040-i32-o32-r10-rep2-seg1-attempt2,phase2-full-grid-rerun-20260731-l4-l4-tp1-f2040-i32-o32-r10-rep2-seg1-attempt2-00004-c8c3a7afbebd,29,29,0,1,415,server_token_ids,1785511564395239897,2012.733166,66.337803,4,""" The"""
phase2-full-grid-rerun-20260731-l4-l4-tp1-f2040-i32-o32-r10-rep2-seg1-attempt2,phase2-full-grid-rerun-20260731-l4-l4-tp1-f2040-i32-o32-r10-rep2-seg1-attempt2-00004-c8c3a7afbebd,30,30,0,1,2700,server_token_ids,1785511564461845458,2079.338727,66.605561,8,""" problem"""
phase2-full-grid-rerun-20260731-l4-l4-tp1-f2040-i32-o32-r10-rep2-seg1-attempt2,phase2-full-grid-rerun-20260731-l4-l4-tp1-f2040-i32-o32-r10-rep2-seg1-attempt2-00004-c8c3a7afbebd,31,31,0,1,302,server_token_ids,1785511564532965632,2150.458901,71.120174,3,""" of"""
phase2-full-grid-rerun-20260731-l4-l4-tp1-f2040-i32-o32-r10-rep2-seg1-attempt2,phase2-full-grid-rerun-20260731-l4-l4-tp1-f2040-i32-o32-r10-rep2-seg1-attempt2-00005-932e6bc05443,0,0,0,1,28713,server_token_ids,1785511562663109238,180.455447,,1,"""s"""
phase2-full-grid-rerun-20260731-l4-l4-tp1-f2040-i32-o32-r10-rep2-seg1-attempt2,phase2-full-grid-rerun-20260731-l4-l4-tp1-f2040-i32-o32-r10-rep2-seg1-attempt2-00005-932e6bc05443,1,1,0,1,28725,server_token_ids,1785511562721575214,238.921423,58.465976,1,""","""
phase2-full-grid-rerun-20260731-l4-l4-tp1-f2040-i32-o32-r10-rep2-seg1-attempt2,phase2-full-grid-rerun-20260731-l4-l4-tp1-f2040-i32-o32-r10-rep2-seg1-attempt2-00005-932e6bc05443,2,2,0,1,28705,server_token_ids,1785511562792844472,310.190681,71.269258,1,""" """
phase2-full-grid-rerun-20260731-l4-l4-tp1-f2040-i32-o32-r10-rep2-seg1-attempt2,phase2-full-grid-rerun-20260731-l4-l4-tp1-f2040-i32-o32-r10-rep2-seg1-attempt2-00005-932e6bc05443,3,3,0,1,28750,server_token_ids,1785511562855301871,372.64808,62.457399,1,"""2"""
phase2-full-grid-rerun-20260731-l4-l4-tp1-f2040-i32-o32-r10-rep2-seg1-attempt2,phase2-full-grid-rerun-20260731-l4-l4-tp1-f2040-i32-o32-r10-rep2-seg1-attempt2-00005-932e6bc05443,4,4,0,1,28734,server_token_ids,1785511562913548990,430.895199,58.247119,1,"""0"""
phase2-full-grid-rerun-20260731-l4-l4-tp1-f2040-i32-o32-r10-rep2-seg1-attempt2,phase2-full-grid-rerun-20260731-l4-l4-tp1-f2040-i32-o32-r10-rep2-seg1-attempt2-00005-932e6bc05443,5,5,0,1,28740,server_token_ids,1785511562975444437,492.790646,61.895447,1,"""1"""
phase2-full-grid-rerun-20260731-l4-l4-tp1-f2040-i32-o32-r10-rep2-seg1-attempt2,phase2-full-grid-rerun-20260731-l4-l4-tp1-f2040-i32-o32-r10-rep2-seg1-attempt2-00005-932e6bc05443,6,6,0,1,28784,server_token_ids,1785511563042124310,559.470519,66.679873,1,"""6"""
phase2-full-grid-rerun-20260731-l4-l4-tp1-f2040-i32-o32-r10-rep2-seg1-attempt2,phase2-full-grid-rerun-20260731-l4-l4-tp1-f2040-i32-o32-r10-rep2-seg1-attempt2-00005-932e6bc05443,7,7,0,1,28705,server_token_ids,1785511563097438245,614.784454,55.313935,1,""" """
phase2-full-grid-rerun-20260731-l4-l4-tp1-f2040-i32-o32-r10-rep2-seg1-attempt2,phase2-full-grid-rerun-20260731-l4-l4-tp1-f2040-i32-o32-r10-rep2-seg1-attempt2-00005-932e6bc05443,8,8,0,1,28740,server_token_ids,1785511563166438376,683.784585,69.000131,1,"""1"""
phase2-full-grid-rerun-20260731-l4-l4-tp1-f2040-i32-o32-r10-rep2-seg1-attempt2,phase2-full-grid-rerun-20260731-l4-l4-tp1-f2040-i32-o32-r10-rep2-seg1-attempt2-00005-932e6bc05443,9,9,0,1,28750,server_token_ids,1785511563222038422,739.384631,55.600046,1,"""2"""
phase2-full-grid-rerun-20260731-l4-l4-tp1-f2040-i32-o32-r10-rep2-seg1-attempt2,phase2-full-grid-rerun-20260731-l4-l4-tp1-f2040-i32-o32-r10-rep2-seg1-attempt2-00005-932e6bc05443,10,10,0,1,28747,server_token_ids,1785511563290447024,807.793233,68.408602,1,""":"""
phase2-full-grid-rerun-20260731-l4-l4-tp1-f2040-i32-o32-r10-rep2-seg1-attempt2,phase2-full-grid-rerun-20260731-l4-l4-tp1-f2040-i32-o32-r10-rep2-seg1-attempt2-00005-932e6bc05443,11,11,0,1,28734,server_token_ids,1785511563356776711,874.12292,66.329687,1,"""0"""
phase2-full-grid-rerun-20260731-l4-l4-tp1-f2040-i32-o32-r10-rep2-seg1-attempt2,phase2-full-grid-rerun-20260731-l4-l4-tp1-f2040-i32-o32-r10-rep2-seg1-attempt2-00005-932e6bc05443,12,12,0,1,28734,server_token_ids,1785511563417374633,934.720842,60.597922,1,"""0"""
phase2-full-grid-rerun-20260731-l4-l4-tp1-f2040-i32-o32-r10-rep2-seg1-attempt2,phase2-full-grid-rerun-20260731-l4-l4-tp1-f2040-i32-o32-r10-rep2-seg1-attempt2-00005-932e6bc05443,13,13,0,1,837,server_token_ids,1785511563481127352,998.473561,63.752719,3,""" am"""
phase2-full-grid-rerun-20260731-l4-l4-tp1-f2040-i32-o32-r10-rep2-seg1-attempt2,phase2-full-grid-rerun-20260731-l4-l4-tp1-f2040-i32-o32-r10-rep2-seg1-attempt2-00005-932e6bc05443,14,14,0,1,415,server_token_ids,1785511563547115977,1064.462186,65.988625,4,""" The"""
phase2-full-grid-rerun-20260731-l4-l4-tp1-f2040-i32-o32-r10-rep2-seg1-attempt2,phase2-full-grid-rerun-20260731-l4-l4-tp1-f2040-i32-o32-r10-rep2-seg1-attempt2-00005-932e6bc05443,15,15,0,1,365,server_token_ids,1785511563602578122,1119.924331,55.462145,2,""" B"""
phase2-full-grid-rerun-20260731-l4-l4-tp1-f2040-i32-o32-r10-rep2-seg1-attempt2,phase2-full-grid-rerun-20260731-l4-l4-tp1-f2040-i32-o32-r10-rep2-seg1-attempt2-00005-932e6bc05443,16,16,0,1,28798,server_token_ids,1785511563671871361,1189.21757,69.293239,1,"""J"""
phase2-full-grid-rerun-20260731-l4-l4-tp1-f2040-i32-o32-r10-rep2-seg1-attempt2,phase2-full-grid-rerun-20260731-l4-l4-tp1-f2040-i32-o32-r10-rep2-seg1-attempt2-00005-932e6bc05443,17,17,0,1,28753,server_token_ids,1785511563738546465,1255.892674,66.675104,1,"""P"""
phase2-full-grid-rerun-20260731-l4-l4-tp1-f2040-i32-o32-r10-rep2-seg1-attempt2,phase2-full-grid-rerun-20260731-l4-l4-tp1-f2040-i32-o32-r10-rep2-seg1-attempt2-00005-932e6bc05443,18,18,0,1,659,server_token_ids,1785511563797993914,1315.340123,59.447449,4,""" has"""
phase2-full-grid-rerun-20260731-l4-l4-tp1-f2040-i32-o32-r10-rep2-seg1-attempt2,phase2-full-grid-rerun-20260731-l4-l4-tp1-f2040-i32-o32-r10-rep2-seg1-attempt2-00005-932e6bc05443,19,19,0,1,750,server_token_ids,1785511563869609769,1386.955978,71.615855,5,""" been"""
phase2-full-grid-rerun-20260731-l4-l4-tp1-f2040-i32-o32-r10-rep2-seg1-attempt2,phase2-full-grid-rerun-20260731-l4-l4-tp1-f2040-i32-o32-r10-rep2-seg1-attempt2-00005-932e6bc05443,20,20,0,1,2942,server_token_ids,1785511563930759654,1448.105863,61.149885,7,""" trying"""
phase2-full-grid-rerun-20260731-l4-l4-tp1-f2040-i32-o32-r10-rep2-seg1-attempt2,phase2-full-grid-rerun-20260731-l4-l4-tp1-f2040-i32-o32-r10-rep2-seg1-attempt2-00005-932e6bc05443,21,21,0,1,298,server_token_ids,1785511564003920621,1521.26683,73.160967,3,""" to"""
phase2-full-grid-rerun-20260731-l4-l4-tp1-f2040-i32-o32-r10-rep2-seg1-attempt2,phase2-full-grid-rerun-20260731-l4-l4-tp1-f2040-i32-o32-r10-rep2-seg1-attempt2-00005-932e6bc05443,22,22,0,1,275,server_token_ids,1785511564067832621,1585.17883,63.912,2,""" w"""
phase2-full-grid-rerun-20260731-l4-l4-tp1-f2040-i32-o32-r10-rep2-seg1-attempt2,phase2-full-grid-rerun-20260731-l4-l4-tp1-f2040-i32-o32-r10-rep2-seg1-attempt2-00005-932e6bc05443,23,23,0,1,3464,server_token_ids,1785511564132205945,1649.552154,64.373324,2,"""oo"""
phase2-full-grid-rerun-20260731-l4-l4-tp1-f2040-i32-o32-r10-rep2-seg1-attempt2,phase2-full-grid-rerun-20260731-l4-l4-tp1-f2040-i32-o32-r10-rep2-seg1-attempt2-00005-932e6bc05443,24,24,0,1,272,server_token_ids,1785511564200051815,1717.398024,67.84587,4,""" the"""
phase2-full-grid-rerun-20260731-l4-l4-tp1-f2040-i32-o32-r10-rep2-seg1-attempt2,phase2-full-grid-rerun-20260731-l4-l4-tp1-f2040-i32-o32-r10-rep2-seg1-attempt2-00005-932e6bc05443,25,25,0,1,12732,server_token_ids,1785511564267041965,1784.388174,66.99015,4,""" Dal"""
phase2-full-grid-rerun-20260731-l4-l4-tp1-f2040-i32-o32-r10-rep2-seg1-attempt2,phase2-full-grid-rerun-20260731-l4-l4-tp1-f2040-i32-o32-r10-rep2-seg1-attempt2-00005-932e6bc05443,26,26,0,1,1046,server_token_ids,1785511564330396397,1847.742606,63.354432,3,"""its"""
phase2-full-grid-rerun-20260731-l4-l4-tp1-f2040-i32-o32-r10-rep2-seg1-attempt2,phase2-full-grid-rerun-20260731-l4-l4-tp1-f2040-i32-o32-r10-rep2-seg1-attempt2-00005-932e6bc05443,27,27,0,1,304,server_token_ids,1785511564396227695,1913.573904,65.831298,4,""" and"""
phase2-full-grid-rerun-20260731-l4-l4-tp1-f2040-i32-o32-r10-rep2-seg1-attempt2,phase2-full-grid-rerun-20260731-l4-l4-tp1-f2040-i32-o32-r10-rep2-seg1-attempt2-00005-932e6bc05443,28,28,0,1,272,server_token_ids,1785511564467319301,1984.66551,71.091606,4,""" the"""
phase2-full-grid-rerun-20260731-l4-l4-tp1-f2040-i32-o32-r10-rep2-seg1-attempt2,phase2-full-grid-rerun-20260731-l4-l4-tp1-f2040-i32-o32-r10-rep2-seg1-attempt2-00005-932e6bc05443,29,29,0,1,451,server_token_ids,1785511564546830117,2064.176326,79.510816,2,""" O"""
phase2-full-grid-rerun-20260731-l4-l4-tp1-f2040-i32-o32-r10-rep2-seg1-attempt2,phase2-full-grid-rerun-20260731-l4-l4-tp1-f2040-i32-o32-r10-rep2-seg1-attempt2-00005-932e6bc05443,30,30,0,1,4738,server_token_ids,1785511564594760442,2112.106651,47.930325,2,"""BC"""
phase2-full-grid-rerun-20260731-l4-l4-tp1-f2040-i32-o32-r10-rep2-seg1-attempt2,phase2-full-grid-rerun-20260731-l4-l4-tp1-f2040-i32-o32-r10-rep2-seg1-attempt2-00005-932e6bc05443,31,31,0,1,28713,server_token_ids,1785511564664016931,2181.36314,69.256489,1,"""s"""
phase2-full-grid-rerun-20260731-l4-l4-tp1-f2040-i32-o32-r10-rep2-seg1-attempt2,phase2-full-grid-rerun-20260731-l4-l4-tp1-f2040-i32-o32-r10-rep2-seg1-attempt2-00006-95d82069b713,0,0,0,1,28705,server_token_ids,1785511562788572745,206.292863,,1,""" """
phase2-full-grid-rerun-20260731-l4-l4-tp1-f2040-i32-o32-r10-rep2-seg1-attempt2,phase2-full-grid-rerun-20260731-l4-l4-tp1-f2040-i32-o32-r10-rep2-seg1-attempt2-00006-95d82069b713,1,1,0,1,28740,server_token_ids,1785511562854680291,272.400409,66.107546,1,"""1"""
phase2-full-grid-rerun-20260731-l4-l4-tp1-f2040-i32-o32-r10-rep2-seg1-attempt2,phase2-full-grid-rerun-20260731-l4-l4-tp1-f2040-i32-o32-r10-rep2-seg1-attempt2-00006-95d82069b713,2,2,0,1,28774,server_token_ids,1785511562913128598,330.848716,58.448307,1,"""9"""
phase2-full-grid-rerun-20260731-l4-l4-tp1-f2040-i32-o32-r10-rep2-seg1-attempt2,phase2-full-grid-rerun-20260731-l4-l4-tp1-f2040-i32-o32-r10-rep2-seg1-attempt2-00006-95d82069b713,3,3,0,1,28740,server_token_ids,1785511562974894813,392.614931,61.766215,1,"""1"""
phase2-full-grid-rerun-20260731-l4-l4-tp1-f2040-i32-o32-r10-rep2-seg1-attempt2,phase2-full-grid-rerun-20260731-l4-l4-tp1-f2040-i32-o32-r10-rep2-seg1-attempt2-00006-95d82069b713,4,4,0,1,28781,server_token_ids,1785511563041528450,459.248568,66.633637,1,"""4"""
phase2-full-grid-rerun-20260731-l4-l4-tp1-f2040-i32-o32-r10-rep2-seg1-attempt2,phase2-full-grid-rerun-20260731-l4-l4-tp1-f2040-i32-o32-r10-rep2-seg1-attempt2-00006-95d82069b713,5,5,0,1,28705,server_token_ids,1785511563097139049,514.859167,55.610599,1,""" """
phase2-full-grid-rerun-20260731-l4-l4-tp1-f2040-i32-o32-r10-rep2-seg1-attempt2,phase2-full-grid-rerun-20260731-l4-l4-tp1-f2040-i32-o32-r10-rep2-seg1-attempt2-00006-95d82069b713,6,6,0,1,28740,server_token_ids,1785511563162663193,580.383311,65.524144,1,"""1"""
phase2-full-grid-rerun-20260731-l4-l4-tp1-f2040-i32-o32-r10-rep2-seg1-attempt2,phase2-full-grid-rerun-20260731-l4-l4-tp1-f2040-i32-o32-r10-rep2-seg1-attempt2-00006-95d82069b713,7,7,0,1,28774,server_token_ids,1785511563221436123,639.156241,58.77293,1,"""9"""
phase2-full-grid-rerun-20260731-l4-l4-tp1-f2040-i32-o32-r10-rep2-seg1-attempt2,phase2-full-grid-rerun-20260731-l4-l4-tp1-f2040-i32-o32-r10-rep2-seg1-attempt2-00006-95d82069b713,8,8,0,1,28740,server_token_ids,1785511563287890745,705.610863,66.454622,1,"""1"""
phase2-full-grid-rerun-20260731-l4-l4-tp1-f2040-i32-o32-r10-rep2-seg1-attempt2,phase2-full-grid-rerun-20260731-l4-l4-tp1-f2040-i32-o32-r10-rep2-seg1-attempt2-00006-95d82069b713,9,9,0,1,28783,server_token_ids,1785511563352391809,770.111927,64.501064,1,"""8"""
phase2-full-grid-rerun-20260731-l4-l4-tp1-f2040-i32-o32-r10-rep2-seg1-attempt2,phase2-full-grid-rerun-20260731-l4-l4-tp1-f2040-i32-o32-r10-rep2-seg1-attempt2-00006-95d82069b713,10,10,0,1,28705,server_token_ids,1785511563416560352,834.28047,64.168543,1,""" """
phase2-full-grid-rerun-20260731-l4-l4-tp1-f2040-i32-o32-r10-rep2-seg1-attempt2,phase2-full-grid-rerun-20260731-l4-l4-tp1-f2040-i32-o32-r10-rep2-seg1-attempt2-00006-95d82069b713,11,11,0,1,28740,server_token_ids,1785511563480131320,897.851438,63.570968,1,"""1"""
phase2-full-grid-rerun-20260731-l4-l4-tp1-f2040-i32-o32-r10-rep2-seg1-attempt2,phase2-full-grid-rerun-20260731-l4-l4-tp1-f2040-i32-o32-r10-rep2-seg1-attempt2-00006-95d82069b713,12,12,0,1,28774,server_token_ids,1785511563546549537,964.269655,66.418217,1,"""9"""
phase2-full-grid-rerun-20260731-l4-l4-tp1-f2040-i32-o32-r10-rep2-seg1-attempt2,phase2-full-grid-rerun-20260731-l4-l4-tp1-f2040-i32-o32-r10-rep2-seg1-attempt2-00006-95d82069b713,13,13,0,1,28740,server_token_ids,1785511563602006652,1019.72677,55.457115,1,"""1"""
phase2-full-grid-rerun-20260731-l4-l4-tp1-f2040-i32-o32-r10-rep2-seg1-attempt2,phase2-full-grid-rerun-20260731-l4-l4-tp1-f2040-i32-o32-r10-rep2-seg1-attempt2-00006-95d82069b713,14,14,0,1,28774,server_token_ids,1785511563667455638,1085.175756,65.448986,1,"""9"""
phase2-full-grid-rerun-20260731-l4-l4-tp1-f2040-i32-o32-r10-rep2-seg1-attempt2,phase2-full-grid-rerun-20260731-l4-l4-tp1-f2040-i32-o32-r10-rep2-seg1-attempt2-00006-95d82069b713,15,15,0,1,28705,server_token_ids,1785511563733689748,1151.409866,66.23411,1,""" """
phase2-full-grid-rerun-20260731-l4-l4-tp1-f2040-i32-o32-r10-rep2-seg1-attempt2,phase2-full-grid-rerun-20260731-l4-l4-tp1-f2040-i32-o32-r10-rep2-seg1-attempt2-00006-95d82069b713,16,16,0,1,28740,server_token_ids,1785511563797242740,1214.962858,63.552992,1,"""1"""
phase2-full-grid-rerun-20260731-l4-l4-tp1-f2040-i32-o32-r10-rep2-seg1-attempt2,phase2-full-grid-rerun-20260731-l4-l4-tp1-f2040-i32-o32-r10-rep2-seg1-attempt2-00006-95d82069b713,17,17,0,1,28774,server_token_ids,1785511563865072648,1282.792766,67.829908,1,"""9"""
phase2-full-grid-rerun-20260731-l4-l4-tp1-f2040-i32-o32-r10-rep2-seg1-attempt2,phase2-full-grid-rerun-20260731-l4-l4-tp1-f2040-i32-o32-r10-rep2-seg1-attempt2-00006-95d82069b713,18,18,0,1,28750,server_token_ids,1785511563929969423,1347.689541,64.896775,1,"""2"""
phase2-full-grid-rerun-20260731-l4-l4-tp1-f2040-i32-o32-r10-rep2-seg1-attempt2,phase2-full-grid-rerun-20260731-l4-l4-tp1-f2040-i32-o32-r10-rep2-seg1-attempt2-00006-95d82069b713,19,19,0,1,28734,server_token_ids,1785511564000209169,1417.929287,70.239746,1,"""0"""
phase2-full-grid-rerun-20260731-l4-l4-tp1-f2040-i32-o32-r10-rep2-seg1-attempt2,phase2-full-grid-rerun-20260731-l4-l4-tp1-f2040-i32-o32-r10-rep2-seg1-attempt2-00006-95d82069b713,20,20,0,1,28705,server_token_ids,1785511564062370362,1480.09048,62.161193,1,""" """
phase2-full-grid-rerun-20260731-l4-l4-tp1-f2040-i32-o32-r10-rep2-seg1-attempt2,phase2-full-grid-rerun-20260731-l4-l4-tp1-f2040-i32-o32-r10-rep2-seg1-attempt2-00006-95d82069b713,21,21,0,1,28740,server_token_ids,1785511564130188861,1547.908979,67.818499,1,"""1"""
phase2-full-grid-rerun-20260731-l4-l4-tp1-f2040-i32-o32-r10-rep2-seg1-attempt2,phase2-full-grid-rerun-20260731-l4-l4-tp1-f2040-i32-o32-r10-rep2-seg1-attempt2-00006-95d82069b713,22,22,0,1,28774,server_token_ids,1785511564198202898,1615.923016,68.014037,1,"""9"""
phase2-full-grid-rerun-20260731-l4-l4-tp1-f2040-i32-o32-r10-rep2-seg1-attempt2,phase2-full-grid-rerun-20260731-l4-l4-tp1-f2040-i32-o32-r10-rep2-seg1-attempt2-00006-95d82069b713,23,23,0,1,28750,server_token_ids,1785511564261843728,1679.563846,63.64083,1,"""2"""
phase2-full-grid-rerun-20260731-l4-l4-tp1-f2040-i32-o32-r10-rep2-seg1-attempt2,phase2-full-grid-rerun-20260731-l4-l4-tp1-f2040-i32-o32-r10-rep2-seg1-attempt2-00006-95d82069b713,24,24,0,1,28740,server_token_ids,1785511564328617486,1746.337604,66.773758,1,"""1"""
phase2-full-grid-rerun-20260731-l4-l4-tp1-f2040-i32-o32-r10-rep2-seg1-attempt2,phase2-full-grid-rerun-20260731-l4-l4-tp1-f2040-i32-o32-r10-rep2-seg1-attempt2-00006-95d82069b713,25,25,0,1,28705,server_token_ids,1785511564394925903,1812.646021,66.308417,1,""" """
phase2-full-grid-rerun-20260731-l4-l4-tp1-f2040-i32-o32-r10-rep2-seg1-attempt2,phase2-full-grid-rerun-20260731-l4-l4-tp1-f2040-i32-o32-r10-rep2-seg1-attempt2-00006-95d82069b713,26,26,0,1,28740,server_token_ids,1785511564461556287,1879.276405,66.630384,1,"""1"""
phase2-full-grid-rerun-20260731-l4-l4-tp1-f2040-i32-o32-r10-rep2-seg1-attempt2,phase2-full-grid-rerun-20260731-l4-l4-tp1-f2040-i32-o32-r10-rep2-seg1-attempt2-00006-95d82069b713,27,27,0,1,28774,server_token_ids,1785511564532662960,1950.383078,71.106673,1,"""9"""
phase2-full-grid-rerun-20260731-l4-l4-tp1-f2040-i32-o32-r10-rep2-seg1-attempt2,phase2-full-grid-rerun-20260731-l4-l4-tp1-f2040-i32-o32-r10-rep2-seg1-attempt2-00006-95d82069b713,28,28,0,1,28750,server_token_ids,1785511564593124478,2010.844596,60.461518,1,"""2"""
phase2-full-grid-rerun-20260731-l4-l4-tp1-f2040-i32-o32-r10-rep2-seg1-attempt2,phase2-full-grid-rerun-20260731-l4-l4-tp1-f2040-i32-o32-r10-rep2-seg1-attempt2-00006-95d82069b713,29,29,0,1,28750,server_token_ids,1785511564658969771,2076.689889,65.845293,1,"""2"""
phase2-full-grid-rerun-20260731-l4-l4-tp1-f2040-i32-o32-r10-rep2-seg1-attempt2,phase2-full-grid-rerun-20260731-l4-l4-tp1-f2040-i32-o32-r10-rep2-seg1-attempt2-00006-95d82069b713,30,30,0,1,28705,server_token_ids,1785511564722832636,2140.552754,63.862865,1,""" """
phase2-full-grid-rerun-20260731-l4-l4-tp1-f2040-i32-o32-r10-rep2-seg1-attempt2,phase2-full-grid-rerun-20260731-l4-l4-tp1-f2040-i32-o32-r10-rep2-seg1-attempt2-00006-95d82069b713,31,31,0,1,28740,server_token_ids,1785511564790078779,2207.798897,67.246143,1,"""1"""
phase2-full-grid-rerun-20260731-l4-l4-tp1-f2040-i32-o32-r10-rep2-seg1-attempt2,phase2-full-grid-rerun-20260731-l4-l4-tp1-f2040-i32-o32-r10-rep2-seg1-attempt2-00007-84ecf0608773,0,0,0,1,28723,server_token_ids,1785511562849741845,167.421608,,1,"""."""
phase2-full-grid-rerun-20260731-l4-l4-tp1-f2040-i32-o32-r10-rep2-seg1-attempt2,phase2-full-grid-rerun-20260731-l4-l4-tp1-f2040-i32-o32-r10-rep2-seg1-attempt2-00007-84ecf0608773,1,1,0,1,13,server_token_ids,1785511562913040931,230.720694,63.299086,1,"""\n"""
phase2-full-grid-rerun-20260731-l4-l4-tp1-f2040-i32-o32-r10-rep2-seg1-attempt2,phase2-full-grid-rerun-20260731-l4-l4-tp1-f2040-i32-o32-r10-rep2-seg1-attempt2-00007-84ecf0608773,2,2,0,1,13,server_token_ids,1785511562974805983,292.485746,61.765052,1,"""\n"""
phase2-full-grid-rerun-20260731-l4-l4-tp1-f2040-i32-o32-r10-rep2-seg1-attempt2,phase2-full-grid-rerun-20260731-l4-l4-tp1-f2040-i32-o32-r10-rep2-seg1-attempt2-00007-84ecf0608773,3,3,0,1,1064,server_token_ids,1785511563037963767,355.64353,63.157784,2,"""##"""
phase2-full-grid-rerun-20260731-l4-l4-tp1-f2040-i32-o32-r10-rep2-seg1-attempt2,phase2-full-grid-rerun-20260731-l4-l4-tp1-f2040-i32-o32-r10-rep2-seg1-attempt2-00007-84ecf0608773,4,4,0,1,28705,server_token_ids,1785511563096946765,414.626528,58.982998,1,""" """
phase2-full-grid-rerun-20260731-l4-l4-tp1-f2040-i32-o32-r10-rep2-seg1-attempt2,phase2-full-grid-rerun-20260731-l4-l4-tp1-f2040-i32-o32-r10-rep2-seg1-attempt2-00007-84ecf0608773,5,5,0,1,28740,server_token_ids,1785511563162495901,480.175664,65.549136,1,"""1"""
phase2-full-grid-rerun-20260731-l4-l4-tp1-f2040-i32-o32-r10-rep2-seg1-attempt2,phase2-full-grid-rerun-20260731-l4-l4-tp1-f2040-i32-o32-r10-rep2-seg1-attempt2-00007-84ecf0608773,6,6,0,1,28723,server_token_ids,1785511563221261374,538.941137,58.765473,1,"""."""
phase2-full-grid-rerun-20260731-l4-l4-tp1-f2040-i32-o32-r10-rep2-seg1-attempt2,phase2-full-grid-rerun-20260731-l4-l4-tp1-f2040-i32-o32-r10-rep2-seg1-attempt2-00007-84ecf0608773,7,7,0,1,23628,server_token_ids,1785511563287716600,605.396363,66.455226,13,""" Introduction"""
phase2-full-grid-rerun-20260731-l4-l4-tp1-f2040-i32-o32-r10-rep2-seg1-attempt2,phase2-full-grid-rerun-20260731-l4-l4-tp1-f2040-i32-o32-r10-rep2-seg1-attempt2-00007-84ecf0608773,8,8,0,1,13,server_token_ids,1785511563352224761,669.904524,64.508161,1,"""\n"""
phase2-full-grid-rerun-20260731-l4-l4-tp1-f2040-i32-o32-r10-rep2-seg1-attempt2,phase2-full-grid-rerun-20260731-l4-l4-tp1-f2040-i32-o32-r10-rep2-seg1-attempt2-00007-84ecf0608773,9,9,0,1,13,server_token_ids,1785511563416356649,734.036412,64.131888,1,"""\n"""
phase2-full-grid-rerun-20260731-l4-l4-tp1-f2040-i32-o32-r10-rep2-seg1-attempt2,phase2-full-grid-rerun-20260731-l4-l4-tp1-f2040-i32-o32-r10-rep2-seg1-attempt2-00007-84ecf0608773,10,10,0,1,1014,server_token_ids,1785511563476196423,793.876186,59.839774,3,"""The"""
phase2-full-grid-rerun-20260731-l4-l4-tp1-f2040-i32-o32-r10-rep2-seg1-attempt2,phase2-full-grid-rerun-20260731-l4-l4-tp1-f2040-i32-o32-r10-rep2-seg1-attempt2-00007-84ecf0608773,11,11,0,1,583,server_token_ids,1785511563545853752,863.533515,69.657329,2,""" _"""
phase2-full-grid-rerun-20260731-l4-l4-tp1-f2040-i32-o32-r10-rep2-seg1-attempt2,phase2-full-grid-rerun-20260731-l4-l4-tp1-f2040-i32-o32-r10-rep2-seg1-attempt2-00007-84ecf0608773,12,12,0,1,28765,server_token_ids,1785511563601458438,919.138201,55.604686,1,"""F"""
phase2-full-grid-rerun-20260731-l4-l4-tp1-f2040-i32-o32-r10-rep2-seg1-attempt2,phase2-full-grid-rerun-20260731-l4-l4-tp1-f2040-i32-o32-r10-rep2-seg1-attempt2-00007-84ecf0608773,13,13,0,1,18296,server_token_ids,1785511563666899512,984.579275,65.441074,7,"""raction"""
phase2-full-grid-rerun-20260731-l4-l4-tp1-f2040-i32-o32-r10-rep2-seg1-attempt2,phase2-full-grid-rerun-20260731-l4-l4-tp1-f2040-i32-o32-r10-rep2-seg1-attempt2-00007-84ecf0608773,14,14,0,1,282,server_token_ids,1785511563733094872,1050.774635,66.19536,2,"""al"""
phase2-full-grid-rerun-20260731-l4-l4-tp1-f2040-i32-o32-r10-rep2-seg1-attempt2,phase2-full-grid-rerun-20260731-l4-l4-tp1-f2040-i32-o32-r10-rep2-seg1-attempt2-00007-84ecf0608773,15,15,0,1,3885,server_token_ids,1785511563796736032,1114.415795,63.64116,6,""" State"""
phase2-full-grid-rerun-20260731-l4-l4-tp1-f2040-i32-o32-r10-rep2-seg1-attempt2,phase2-full-grid-rerun-20260731-l4-l4-tp1-f2040-i32-o32-r10-rep2-seg1-attempt2-00007-84ecf0608773,16,16,0,1,28730,server_token_ids,1785511563864509196,1182.188959,67.773164,1,"""_"""
phase2-full-grid-rerun-20260731-l4-l4-tp1-f2040-i32-o32-r10-rep2-seg1-attempt2,phase2-full-grid-rerun-20260731-l4-l4-tp1-f2040-i32-o32-r10-rep2-seg1-attempt2-00007-84ecf0608773,17,17,0,1,302,server_token_ids,1785511563929374967,1247.05473,64.865771,3,""" of"""
phase2-full-grid-rerun-20260731-l4-l4-tp1-f2040-i32-o32-r10-rep2-seg1-attempt2,phase2-full-grid-rerun-20260731-l4-l4-tp1-f2040-i32-o32-r10-rep2-seg1-attempt2-00007-84ecf0608773,18,18,0,1,272,server_token_ids,1785511564003615055,1321.294818,74.240088,4,""" the"""
phase2-full-grid-rerun-20260731-l4-l4-tp1-f2040-i32-o32-r10-rep2-seg1-attempt2,phase2-full-grid-rerun-20260731-l4-l4-tp1-f2040-i32-o32-r10-rep2-seg1-attempt2-00007-84ecf0608773,19,19,0,1,1524,server_token_ids,1785511564067526959,1385.206722,63.911904,4,""" art"""
phase2-full-grid-rerun-20260731-l4-l4-tp1-f2040-i32-o32-r10-rep2-seg1-attempt2,phase2-full-grid-rerun-20260731-l4-l4-tp1-f2040-i32-o32-r10-rep2-seg1-attempt2-00007-84ecf0608773,20,20,0,1,349,server_token_ids,1785511564131903930,1449.583693,64.376971,3,""" is"""
phase2-full-grid-rerun-20260731-l4-l4-tp1-f2040-i32-o32-r10-rep2-seg1-attempt2,phase2-full-grid-rerun-20260731-l4-l4-tp1-f2040-i32-o32-r10-rep2-seg1-attempt2-00007-84ecf0608773,21,21,0,1,264,server_token_ids,1785511564199745305,1517.425068,67.841375,2,""" a"""
phase2-full-grid-rerun-20260731-l4-l4-tp1-f2040-i32-o32-r10-rep2-seg1-attempt2,phase2-full-grid-rerun-20260731-l4-l4-tp1-f2040-i32-o32-r10-rep2-seg1-attempt2-00007-84ecf0608773,22,22,0,1,1215,server_token_ids,1785511564266677069,1584.356832,66.931764,5,""" very"""
phase2-full-grid-rerun-20260731-l4-l4-tp1-f2040-i32-o32-r10-rep2-seg1-attempt2,phase2-full-grid-rerun-20260731-l4-l4-tp1-f2040-i32-o32-r10-rep2-seg1-attempt2-00007-84ecf0608773,23,23,0,1,2278,server_token_ids,1785511564330081832,1647.761595,63.404763,10,""" important"""
phase2-full-grid-rerun-20260731-l4-l4-tp1-f2040-i32-o32-r10-rep2-seg1-attempt2,phase2-full-grid-rerun-20260731-l4-l4-tp1-f2040-i32-o32-r10-rep2-seg1-attempt2-00007-84ecf0608773,24,24,0,1,5935,server_token_ids,1785511564395918846,1713.598609,65.837014,8,""" concept"""
phase2-full-grid-rerun-20260731-l4-l4-tp1-f2040-i32-o32-r10-rep2-seg1-attempt2,phase2-full-grid-rerun-20260731-l4-l4-tp1-f2040-i32-o32-r10-rep2-seg1-attempt2-00007-84ecf0608773,25,25,0,1,297,server_token_ids,1785511564466983955,1784.663718,71.065109,3,""" in"""
phase2-full-grid-rerun-20260731-l4-l4-tp1-f2040-i32-o32-r10-rep2-seg1-attempt2,phase2-full-grid-rerun-20260731-l4-l4-tp1-f2040-i32-o32-r10-rep2-seg1-attempt2-00007-84ecf0608773,26,26,0,1,272,server_token_ids,1785511564546510281,1864.190044,79.526326,4,""" the"""
phase2-full-grid-rerun-20260731-l4-l4-tp1-f2040-i32-o32-r10-rep2-seg1-attempt2,phase2-full-grid-rerun-20260731-l4-l4-tp1-f2040-i32-o32-r10-rep2-seg1-attempt2-00007-84ecf0608773,27,27,0,1,1834,server_token_ids,1785511564594440516,1912.120279,47.930235,6,""" field"""
phase2-full-grid-rerun-20260731-l4-l4-tp1-f2040-i32-o32-r10-rep2-seg1-attempt2,phase2-full-grid-rerun-20260731-l4-l4-tp1-f2040-i32-o32-r10-rep2-seg1-attempt2-00007-84ecf0608773,28,28,0,1,302,server_token_ids,1785511564663666805,1981.346568,69.226289,3,""" of"""
phase2-full-grid-rerun-20260731-l4-l4-tp1-f2040-i32-o32-r10-rep2-seg1-attempt2,phase2-full-grid-rerun-20260731-l4-l4-tp1-f2040-i32-o32-r10-rep2-seg1-attempt2-00007-84ecf0608773,29,29,0,1,16872,server_token_ids,1785511564724259169,2041.938932,60.592364,9,""" mathemat"""
phase2-full-grid-rerun-20260731-l4-l4-tp1-f2040-i32-o32-r10-rep2-seg1-attempt2,phase2-full-grid-rerun-20260731-l4-l4-tp1-f2040-i32-o32-r10-rep2-seg1-attempt2-00007-84ecf0608773,30,30,0,1,1063,server_token_ids,1785511564800036017,2117.71578,75.776848,3,"""ics"""
phase2-full-grid-rerun-20260731-l4-l4-tp1-f2040-i32-o32-r10-rep2-seg1-attempt2,phase2-full-grid-rerun-20260731-l4-l4-tp1-f2040-i32-o32-r10-rep2-seg1-attempt2-00007-84ecf0608773,31,31,0,1,28723,server_token_ids,1785511564858340076,2176.019839,58.304059,1,"""."""
phase2-full-grid-rerun-20260731-l4-l4-tp1-f2040-i32-o32-r10-rep2-seg1-attempt2,phase2-full-grid-rerun-20260731-l4-l4-tp1-f2040-i32-o32-r10-rep2-seg1-attempt2-00008-0f51c493615e,0,0,0,1,288,server_token_ids,1785511562971275788,189.217537,,3,"""ing"""
phase2-full-grid-rerun-20260731-l4-l4-tp1-f2040-i32-o32-r10-rep2-seg1-attempt2,phase2-full-grid-rerun-20260731-l4-l4-tp1-f2040-i32-o32-r10-rep2-seg1-attempt2-00008-0f51c493615e,1,1,0,1,298,server_token_ids,1785511563037582114,255.523863,66.306326,3,""" to"""
phase2-full-grid-rerun-20260731-l4-l4-tp1-f2040-i32-o32-r10-rep2-seg1-attempt2,phase2-full-grid-rerun-20260731-l4-l4-tp1-f2040-i32-o32-r10-rep2-seg1-attempt2-00008-0f51c493615e,2,2,0,1,28705,server_token_ids,1785511563096229753,314.171502,58.647639,1,""" """
phase2-full-grid-rerun-20260731-l4-l4-tp1-f2040-i32-o32-r10-rep2-seg1-attempt2,phase2-full-grid-rerun-20260731-l4-l4-tp1-f2040-i32-o32-r10-rep2-seg1-attempt2-00008-0f51c493615e,3,3,0,1,28740,server_token_ids,1785511563162097350,380.039099,65.867597,1,"""1"""
phase2-full-grid-rerun-20260731-l4-l4-tp1-f2040-i32-o32-r10-rep2-seg1-attempt2,phase2-full-grid-rerun-20260731-l4-l4-tp1-f2040-i32-o32-r10-rep2-seg1-attempt2-00008-0f51c493615e,4,4,0,1,28734,server_token_ids,1785511563220862693,438.804442,58.765343,1,"""0"""
phase2-full-grid-rerun-20260731-l4-l4-tp1-f2040-i32-o32-r10-rep2-seg1-attempt2,phase2-full-grid-rerun-20260731-l4-l4-tp1-f2040-i32-o32-r10-rep2-seg1-attempt2-00008-0f51c493615e,5,5,0,1,28734,server_token_ids,1785511563287349016,505.290765,66.486323,1,"""0"""
phase2-full-grid-rerun-20260731-l4-l4-tp1-f2040-i32-o32-r10-rep2-seg1-attempt2,phase2-full-grid-rerun-20260731-l4-l4-tp1-f2040-i32-o32-r10-rep2-seg1-attempt2-00008-0f51c493615e,6,6,0,1,28734,server_token_ids,1785511563351825579,569.767328,64.476563,1,"""0"""
phase2-full-grid-rerun-20260731-l4-l4-tp1-f2040-i32-o32-r10-rep2-seg1-attempt2,phase2-full-grid-rerun-20260731-l4-l4-tp1-f2040-i32-o32-r10-rep2-seg1-attempt2-00008-0f51c493615e,7,7,0,1,28734,server_token_ids,1785511563415986059,633.927808,64.16048,1,"""0"""
phase2-full-grid-rerun-20260731-l4-l4-tp1-f2040-i32-o32-r10-rep2-seg1-attempt2,phase2-full-grid-rerun-20260731-l4-l4-tp1-f2040-i32-o32-r10-rep2-seg1-attempt2-00008-0f51c493615e,8,8,0,1,28734,server_token_ids,1785511563475841746,693.783495,59.855687,1,"""0"""
phase2-full-grid-rerun-20260731-l4-l4-tp1-f2040-i32-o32-r10-rep2-seg1-attempt2,phase2-full-grid-rerun-20260731-l4-l4-tp1-f2040-i32-o32-r10-rep2-seg1-attempt2-00008-0f51c493615e,9,9,0,1,28734,server_token_ids,1785511563541845207,759.786956,66.003461,1,"""0"""
phase2-full-grid-rerun-20260731-l4-l4-tp1-f2040-i32-o32-r10-rep2-seg1-attempt2,phase2-full-grid-rerun-20260731-l4-l4-tp1-f2040-i32-o32-r10-rep2-seg1-attempt2-00008-0f51c493615e,10,10,0,1,28734,server_token_ids,1785511563601008674,818.950423,59.163467,1,"""0"""
phase2-full-grid-rerun-20260731-l4-l4-tp1-f2040-i32-o32-r10-rep2-seg1-attempt2,phase2-full-grid-rerun-20260731-l4-l4-tp1-f2040-i32-o32-r10-rep2-seg1-attempt2-00008-0f51c493615e,11,11,0,1,28734,server_token_ids,1785511563666424505,884.366254,65.415831,1,"""0"""
phase2-full-grid-rerun-20260731-l4-l4-tp1-f2040-i32-o32-r10-rep2-seg1-attempt2,phase2-full-grid-rerun-20260731-l4-l4-tp1-f2040-i32-o32-r10-rep2-seg1-attempt2-00008-0f51c493615e,12,12,0,1,28734,server_token_ids,1785511563732630844,950.572593,66.206339,1,"""0"""
phase2-full-grid-rerun-20260731-l4-l4-tp1-f2040-i32-o32-r10-rep2-seg1-attempt2,phase2-full-grid-rerun-20260731-l4-l4-tp1-f2040-i32-o32-r10-rep2-seg1-attempt2-00008-0f51c493615e,13,13,0,1,28734,server_token_ids,1785511563795988548,1013.930297,63.357704,1,"""0"""
phase2-full-grid-rerun-20260731-l4-l4-tp1-f2040-i32-o32-r10-rep2-seg1-attempt2,phase2-full-grid-rerun-20260731-l4-l4-tp1-f2040-i32-o32-r10-rep2-seg1-attempt2-00008-0f51c493615e,14,14,0,1,28734,server_token_ids,1785511563864038637,1081.980386,68.050089,1,"""0"""
phase2-full-grid-rerun-20260731-l4-l4-tp1-f2040-i32-o32-r10-rep2-seg1-attempt2,phase2-full-grid-rerun-20260731-l4-l4-tp1-f2040-i32-o32-r10-rep2-seg1-attempt2-00008-0f51c493615e,15,15,0,1,28734,server_token_ids,1785511563928928193,1146.869942,64.889556,1,"""0"""
phase2-full-grid-rerun-20260731-l4-l4-tp1-f2040-i32-o32-r10-rep2-seg1-attempt2,phase2-full-grid-rerun-20260731-l4-l4-tp1-f2040-i32-o32-r10-rep2-seg1-attempt2-00008-0f51c493615e,16,16,0,1,28734,server_token_ids,1785511564003537829,1221.479578,74.609636,1,"""0"""
phase2-full-grid-rerun-20260731-l4-l4-tp1-f2040-i32-o32-r10-rep2-seg1-attempt2,phase2-full-grid-rerun-20260731-l4-l4-tp1-f2040-i32-o32-r10-rep2-seg1-attempt2-00008-0f51c493615e,17,17,0,1,28734,server_token_ids,1785511564067425330,1285.367079,63.887501,1,"""0"""
phase2-full-grid-rerun-20260731-l4-l4-tp1-f2040-i32-o32-r10-rep2-seg1-attempt2,phase2-full-grid-rerun-20260731-l4-l4-tp1-f2040-i32-o32-r10-rep2-seg1-attempt2-00008-0f51c493615e,18,18,0,1,28734,server_token_ids,1785511564131820690,1349.762439,64.39536,1,"""0"""
phase2-full-grid-rerun-20260731-l4-l4-tp1-f2040-i32-o32-r10-rep2-seg1-attempt2,phase2-full-grid-rerun-20260731-l4-l4-tp1-f2040-i32-o32-r10-rep2-seg1-attempt2-00008-0f51c493615e,19,19,0,1,28734,server_token_ids,1785511564199659640,1417.601389,67.83895,1,"""0"""
phase2-full-grid-rerun-20260731-l4-l4-tp1-f2040-i32-o32-r10-rep2-seg1-attempt2,phase2-full-grid-rerun-20260731-l4-l4-tp1-f2040-i32-o32-r10-rep2-seg1-attempt2-00008-0f51c493615e,20,20,0,1,28734,server_token_ids,1785511564266536786,1484.478535,66.877146,1,"""0"""
phase2-full-grid-rerun-20260731-l4-l4-tp1-f2040-i32-o32-r10-rep2-seg1-attempt2,phase2-full-grid-rerun-20260731-l4-l4-tp1-f2040-i32-o32-r10-rep2-seg1-attempt2-00008-0f51c493615e,21,21,0,1,28734,server_token_ids,1785511564329999773,1547.941522,63.462987,1,"""0"""
phase2-full-grid-rerun-20260731-l4-l4-tp1-f2040-i32-o32-r10-rep2-seg1-attempt2,phase2-full-grid-rerun-20260731-l4-l4-tp1-f2040-i32-o32-r10-rep2-seg1-attempt2-00008-0f51c493615e,22,22,0,1,28734,server_token_ids,1785511564395840696,1613.782445,65.840923,1,"""0"""
phase2-full-grid-rerun-20260731-l4-l4-tp1-f2040-i32-o32-r10-rep2-seg1-attempt2,phase2-full-grid-rerun-20260731-l4-l4-tp1-f2040-i32-o32-r10-rep2-seg1-attempt2-00008-0f51c493615e,23,23,0,1,28734,server_token_ids,1785511564466887629,1684.829378,71.046933,1,"""0"""
phase2-full-grid-rerun-20260731-l4-l4-tp1-f2040-i32-o32-r10-rep2-seg1-attempt2,phase2-full-grid-rerun-20260731-l4-l4-tp1-f2040-i32-o32-r10-rep2-seg1-attempt2-00008-0f51c493615e,24,24,0,1,28734,server_token_ids,1785511564546417362,1764.359111,79.529733,1,"""0"""
phase2-full-grid-rerun-20260731-l4-l4-tp1-f2040-i32-o32-r10-rep2-seg1-attempt2,phase2-full-grid-rerun-20260731-l4-l4-tp1-f2040-i32-o32-r10-rep2-seg1-attempt2-00008-0f51c493615e,25,25,0,1,28734,server_token_ids,1785511564594362604,1812.304353,47.945242,1,"""0"""
phase2-full-grid-rerun-20260731-l4-l4-tp1-f2040-i32-o32-r10-rep2-seg1-attempt2,phase2-full-grid-rerun-20260731-l4-l4-tp1-f2040-i32-o32-r10-rep2-seg1-attempt2-00008-0f51c493615e,26,26,0,1,28734,server_token_ids,1785511564663591932,1881.533681,69.229328,1,"""0"""
phase2-full-grid-rerun-20260731-l4-l4-tp1-f2040-i32-o32-r10-rep2-seg1-attempt2,phase2-full-grid-rerun-20260731-l4-l4-tp1-f2040-i32-o32-r10-rep2-seg1-attempt2-00008-0f51c493615e,27,27,0,1,28734,server_token_ids,1785511564724183794,1942.125543,60.591862,1,"""0"""
phase2-full-grid-rerun-20260731-l4-l4-tp1-f2040-i32-o32-r10-rep2-seg1-attempt2,phase2-full-grid-rerun-20260731-l4-l4-tp1-f2040-i32-o32-r10-rep2-seg1-attempt2-00008-0f51c493615e,28,28,0,1,28734,server_token_ids,1785511564799958424,2017.900173,75.77463,1,"""0"""
phase2-full-grid-rerun-20260731-l4-l4-tp1-f2040-i32-o32-r10-rep2-seg1-attempt2,phase2-full-grid-rerun-20260731-l4-l4-tp1-f2040-i32-o32-r10-rep2-seg1-attempt2-00008-0f51c493615e,29,29,0,1,28734,server_token_ids,1785511564858251030,2076.192779,58.292606,1,"""0"""
phase2-full-grid-rerun-20260731-l4-l4-tp1-f2040-i32-o32-r10-rep2-seg1-attempt2,phase2-full-grid-rerun-20260731-l4-l4-tp1-f2040-i32-o32-r10-rep2-seg1-attempt2-00008-0f51c493615e,30,30,0,1,28734,server_token_ids,1785511564926881713,2144.823462,68.630683,1,"""0"""
phase2-full-grid-rerun-20260731-l4-l4-tp1-f2040-i32-o32-r10-rep2-seg1-attempt2,phase2-full-grid-rerun-20260731-l4-l4-tp1-f2040-i32-o32-r10-rep2-seg1-attempt2-00008-0f51c493615e,31,31,0,1,28734,server_token_ids,1785511564990895216,2208.836965,64.013503,1,"""0"""
phase2-full-grid-rerun-20260731-l4-l4-tp1-f2040-i32-o32-r10-rep2-seg1-attempt2,phase2-full-grid-rerun-20260731-l4-l4-tp1-f2040-i32-o32-r10-rep2-seg1-attempt2-00009-852fb53f4f36,0,0,0,1,28725,server_token_ids,1785511563038066235,156.403544,,1,""","""
phase2-full-grid-rerun-20260731-l4-l4-tp1-f2040-i32-o32-r10-rep2-seg1-attempt2,phase2-full-grid-rerun-20260731-l4-l4-tp1-f2040-i32-o32-r10-rep2-seg1-attempt2-00009-852fb53f4f36,1,1,0,1,272,server_token_ids,1785511563097049776,215.387085,58.983541,4,""" the"""
phase2-full-grid-rerun-20260731-l4-l4-tp1-f2040-i32-o32-r10-rep2-seg1-attempt2,phase2-full-grid-rerun-20260731-l4-l4-tp1-f2040-i32-o32-r10-rep2-seg1-attempt2-00009-852fb53f4f36,2,2,0,1,1736,server_token_ids,1785511563162578524,280.915833,65.528748,5,""" lead"""
phase2-full-grid-rerun-20260731-l4-l4-tp1-f2040-i32-o32-r10-rep2-seg1-attempt2,phase2-full-grid-rerun-20260731-l4-l4-tp1-f2040-i32-o32-r10-rep2-seg1-attempt2-00009-852fb53f4f36,3,3,0,1,21782,server_token_ids,1785511563221353104,339.690413,58.77458,10,""" developer"""
phase2-full-grid-rerun-20260731-l4-l4-tp1-f2040-i32-o32-r10-rep2-seg1-attempt2,phase2-full-grid-rerun-20260731-l4-l4-tp1-f2040-i32-o32-r10-rep2-seg1-attempt2-00009-852fb53f4f36,4,4,0,1,302,server_token_ids,1785511563287801325,406.138634,66.448221,3,""" of"""
phase2-full-grid-rerun-20260731-l4-l4-tp1-f2040-i32-o32-r10-rep2-seg1-attempt2,phase2-full-grid-rerun-20260731-l4-l4-tp1-f2040-i32-o32-r10-rep2-seg1-attempt2-00009-852fb53f4f36,5,5,0,1,272,server_token_ids,1785511563352309990,470.647299,64.508665,4,""" the"""
phase2-full-grid-rerun-20260731-l4-l4-tp1-f2040-i32-o32-r10-rep2-seg1-attempt2,phase2-full-grid-rerun-20260731-l4-l4-tp1-f2040-i32-o32-r10-rep2-seg1-attempt2-00009-852fb53f4f36,6,6,0,1,6353,server_token_ids,1785511563416441125,534.778434,64.131135,4,""" Web"""
phase2-full-grid-rerun-20260731-l4-l4-tp1-f2040-i32-o32-r10-rep2-seg1-attempt2,phase2-full-grid-rerun-20260731-l4-l4-tp1-f2040-i32-o32-r10-rep2-seg1-attempt2-00009-852fb53f4f36,7,7,0,1,16957,server_token_ids,1785511563479992365,598.329674,63.55124,6,""" Audio"""
phase2-full-grid-rerun-20260731-l4-l4-tp1-f2040-i32-o32-r10-rep2-seg1-attempt2,phase2-full-grid-rerun-20260731-l4-l4-tp1-f2040-i32-o32-r10-rep2-seg1-attempt2-00009-852fb53f4f36,8,8,0,1,7086,server_token_ids,1785511563546416151,664.75346,66.423786,4,""" API"""
phase2-full-grid-rerun-20260731-l4-l4-tp1-f2040-i32-o32-r10-rep2-seg1-attempt2,phase2-full-grid-rerun-20260731-l4-l4-tp1-f2040-i32-o32-r10-rep2-seg1-attempt2-00009-852fb53f4f36,9,9,0,1,28725,server_token_ids,1785511563601910798,720.248107,55.494647,1,""","""
phase2-full-grid-rerun-20260731-l4-l4-tp1-f2040-i32-o32-r10-rep2-seg1-attempt2,phase2-full-grid-rerun-20260731-l4-l4-tp1-f2040-i32-o32-r10-rep2-seg1-attempt2-00009-852fb53f4f36,10,10,0,1,659,server_token_ids,1785511563667356601,785.69391,65.445803,4,""" has"""
phase2-full-grid-rerun-20260731-l4-l4-tp1-f2040-i32-o32-r10-rep2-seg1-attempt2,phase2-full-grid-rerun-20260731-l4-l4-tp1-f2040-i32-o32-r10-rep2-seg1-attempt2-00009-852fb53f4f36,11,11,0,1,750,server_token_ids,1785511563733586370,851.923679,66.229769,5,""" been"""
phase2-full-grid-rerun-20260731-l4-l4-tp1-f2040-i32-o32-r10-rep2-seg1-attempt2,phase2-full-grid-rerun-20260731-l4-l4-tp1-f2040-i32-o32-r10-rep2-seg1-attempt2-00009-852fb53f4f36,12,12,0,1,2739,server_token_ids,1785511563796884117,915.221426,63.297747,8,""" working"""
phase2-full-grid-rerun-20260731-l4-l4-tp1-f2040-i32-o32-r10-rep2-seg1-attempt2,phase2-full-grid-rerun-20260731-l4-l4-tp1-f2040-i32-o32-r10-rep2-seg1-attempt2-00009-852fb53f4f36,13,13,0,1,356,server_token_ids,1785511563864674110,983.011419,67.789993,3,""" on"""
phase2-full-grid-rerun-20260731-l4-l4-tp1-f2040-i32-o32-r10-rep2-seg1-attempt2,phase2-full-grid-rerun-20260731-l4-l4-tp1-f2040-i32-o32-r10-rep2-seg1-attempt2-00009-852fb53f4f36,14,14,0,1,264,server_token_ids,1785511563929870478,1048.207787,65.196368,2,""" a"""
phase2-full-grid-rerun-20260731-l4-l4-tp1-f2040-i32-o32-r10-rep2-seg1-attempt2,phase2-full-grid-rerun-20260731-l4-l4-tp1-f2040-i32-o32-r10-rep2-seg1-attempt2-00009-852fb53f4f36,15,15,0,1,633,server_token_ids,1785511564003691434,1122.028743,73.820956,4,""" new"""
phase2-full-grid-rerun-20260731-l4-l4-tp1-f2040-i32-o32-r10-rep2-seg1-attempt2,phase2-full-grid-rerun-20260731-l4-l4-tp1-f2040-i32-o32-r10-rep2-seg1-attempt2-00009-852fb53f4f36,16,16,0,1,2488,server_token_ids,1785511564067606988,1185.944297,63.915554,8,""" project"""
phase2-full-grid-rerun-20260731-l4-l4-tp1-f2040-i32-o32-r10-rep2-seg1-attempt2,phase2-full-grid-rerun-20260731-l4-l4-tp1-f2040-i32-o32-r10-rep2-seg1-attempt2-00009-852fb53f4f36,17,17,0,1,1987,server_token_ids,1785511564131982368,1250.319677,64.37538,7,""" called"""
phase2-full-grid-rerun-20260731-l4-l4-tp1-f2040-i32-o32-r10-rep2-seg1-attempt2,phase2-full-grid-rerun-20260731-l4-l4-tp1-f2040-i32-o32-r10-rep2-seg1-attempt2-00009-852fb53f4f36,18,18,0,1,6353,server_token_ids,1785511564199825541,1318.16285,67.843173,4,""" Web"""
phase2-full-grid-rerun-20260731-l4-l4-tp1-f2040-i32-o32-r10-rep2-seg1-attempt2,phase2-full-grid-rerun-20260731-l4-l4-tp1-f2040-i32-o32-r10-rep2-seg1-attempt2-00009-852fb53f4f36,19,19,0,1,16957,server_token_ids,1785511564266780033,1385.117342,66.954492,6,""" Audio"""
phase2-full-grid-rerun-20260731-l4-l4-tp1-f2040-i32-o32-r10-rep2-seg1-attempt2,phase2-full-grid-rerun-20260731-l4-l4-tp1-f2040-i32-o32-r10-rep2-seg1-attempt2-00009-852fb53f4f36,20,20,0,1,1094,server_token_ids,1785511564330163724,1448.501033,63.383691,3,""" An"""
phase2-full-grid-rerun-20260731-l4-l4-tp1-f2040-i32-o32-r10-rep2-seg1-attempt2,phase2-full-grid-rerun-20260731-l4-l4-tp1-f2040-i32-o32-r10-rep2-seg1-attempt2-00009-852fb53f4f36,21,21,0,1,8910,server_token_ids,1785511564396000983,1514.338292,65.837259,3,"""aly"""
phase2-full-grid-rerun-20260731-l4-l4-tp1-f2040-i32-o32-r10-rep2-seg1-attempt2,phase2-full-grid-rerun-20260731-l4-l4-tp1-f2040-i32-o32-r10-rep2-seg1-attempt2-00009-852fb53f4f36,22,22,0,1,457,server_token_ids,1785511564467072397,1585.409706,71.071414,3,"""ser"""
phase2-full-grid-rerun-20260731-l4-l4-tp1-f2040-i32-o32-r10-rep2-seg1-attempt2,phase2-full-grid-rerun-20260731-l4-l4-tp1-f2040-i32-o32-r10-rep2-seg1-attempt2-00009-852fb53f4f36,23,23,0,1,28723,server_token_ids,1785511564546596412,1664.933721,79.524015,1,"""."""
phase2-full-grid-rerun-20260731-l4-l4-tp1-f2040-i32-o32-r10-rep2-seg1-attempt2,phase2-full-grid-rerun-20260731-l4-l4-tp1-f2040-i32-o32-r10-rep2-seg1-attempt2-00009-852fb53f4f36,24,24,0,1,661,server_token_ids,1785511564594530368,1712.867677,47.933956,3,""" It"""
phase2-full-grid-rerun-20260731-l4-l4-tp1-f2040-i32-o32-r10-rep2-seg1-attempt2,phase2-full-grid-rerun-20260731-l4-l4-tp1-f2040-i32-o32-r10-rep2-seg1-attempt2-00009-852fb53f4f36,25,25,0,1,28809,server_token_ids,1785511564663766437,1782.103746,69.236069,3,"""’"""
phase2-full-grid-rerun-20260731-l4-l4-tp1-f2040-i32-o32-r10-rep2-seg1-attempt2,phase2-full-grid-rerun-20260731-l4-l4-tp1-f2040-i32-o32-r10-rep2-seg1-attempt2-00009-852fb53f4f36,26,26,0,1,28713,server_token_ids,1785511564724339958,1842.677267,60.573521,1,"""s"""
phase2-full-grid-rerun-20260731-l4-l4-tp1-f2040-i32-o32-r10-rep2-seg1-attempt2,phase2-full-grid-rerun-20260731-l4-l4-tp1-f2040-i32-o32-r10-rep2-seg1-attempt2-00009-852fb53f4f36,27,27,0,1,264,server_token_ids,1785511564800107294,1918.444603,75.767336,2,""" a"""
phase2-full-grid-rerun-20260731-l4-l4-tp1-f2040-i32-o32-r10-rep2-seg1-attempt2,phase2-full-grid-rerun-20260731-l4-l4-tp1-f2040-i32-o32-r10-rep2-seg1-attempt2-00009-852fb53f4f36,28,28,0,1,4686,server_token_ids,1785511564858539890,1976.877199,58.432596,4,""" web"""
phase2-full-grid-rerun-20260731-l4-l4-tp1-f2040-i32-o32-r10-rep2-seg1-attempt2,phase2-full-grid-rerun-20260731-l4-l4-tp1-f2040-i32-o32-r10-rep2-seg1-attempt2-00009-852fb53f4f36,29,29,0,1,28733,server_token_ids,1785511564926958029,2045.295338,68.418139,1,"""-"""
phase2-full-grid-rerun-20260731-l4-l4-tp1-f2040-i32-o32-r10-rep2-seg1-attempt2,phase2-full-grid-rerun-20260731-l4-l4-tp1-f2040-i32-o32-r10-rep2-seg1-attempt2-00009-852fb53f4f36,30,30,0,1,5527,server_token_ids,1785511564991085224,2109.422533,64.127195,5,"""based"""
phase2-full-grid-rerun-20260731-l4-l4-tp1-f2040-i32-o32-r10-rep2-seg1-attempt2,phase2-full-grid-rerun-20260731-l4-l4-tp1-f2040-i32-o32-r10-rep2-seg1-attempt2-00009-852fb53f4f36,31,31,0,1,10466,server_token_ids,1785511565059938443,2178.275752,68.853219,6,""" audio"""
phase2-full-grid-rerun-20260731-l4-l4-tp1-f2040-i32-o32-r10-rep2-seg1-attempt2,phase2-full-grid-rerun-20260731-l4-l4-tp1-f2040-i32-o32-r10-rep2-seg1-attempt2-00010-67cc4ab45163,0,0,0,1,28752,server_token_ids,1785511563162975909,181.449667,,1,"""}"""
phase2-full-grid-rerun-20260731-l4-l4-tp1-f2040-i32-o32-r10-rep2-seg1-attempt2,phase2-full-grid-rerun-20260731-l4-l4-tp1-f2040-i32-o32-r10-rep2-seg1-attempt2-00010-67cc4ab45163,1,1,0,1,13,server_token_ids,1785511563221782629,240.256387,58.80672,1,"""\n"""
phase2-full-grid-rerun-20260731-l4-l4-tp1-f2040-i32-o32-r10-rep2-seg1-attempt2,phase2-full-grid-rerun-20260731-l4-l4-tp1-f2040-i32-o32-r10-rep2-seg1-attempt2-00010-67cc4ab45163,2,2,0,1,13,server_token_ids,1785511563288043610,306.517368,66.260981,1,"""\n"""
phase2-full-grid-rerun-20260731-l4-l4-tp1-f2040-i32-o32-r10-rep2-seg1-attempt2,phase2-full-grid-rerun-20260731-l4-l4-tp1-f2040-i32-o32-r10-rep2-seg1-attempt2-00010-67cc4ab45163,3,3,0,1,28771,server_token_ids,1785511563356404500,374.878258,68.36089,1,"""#"""
phase2-full-grid-rerun-20260731-l4-l4-tp1-f2040-i32-o32-r10-rep2-seg1-attempt2,phase2-full-grid-rerun-20260731-l4-l4-tp1-f2040-i32-o32-r10-rep2-seg1-attempt2-00010-67cc4ab45163,4,4,0,1,28705,server_token_ids,1785511563417069186,435.542944,60.664686,1,""" """
phase2-full-grid-rerun-20260731-l4-l4-tp1-f2040-i32-o32-r10-rep2-seg1-attempt2,phase2-full-grid-rerun-20260731-l4-l4-tp1-f2040-i32-o32-r10-rep2-seg1-attempt2-00010-67cc4ab45163,5,5,0,1,28740,server_token_ids,1785511563480798349,499.272107,63.729163,1,"""1"""
phase2-full-grid-rerun-20260731-l4-l4-tp1-f2040-i32-o32-r10-rep2-seg1-attempt2,phase2-full-grid-rerun-20260731-l4-l4-tp1-f2040-i32-o32-r10-rep2-seg1-attempt2-00010-67cc4ab45163,6,6,0,1,28734,server_token_ids,1785511563546794901,565.268659,65.996552,1,"""0"""
phase2-full-grid-rerun-20260731-l4-l4-tp1-f2040-i32-o32-r10-rep2-seg1-attempt2,phase2-full-grid-rerun-20260731-l4-l4-tp1-f2040-i32-o32-r10-rep2-seg1-attempt2-00010-67cc4ab45163,7,7,0,1,28734,server_token_ids,1785511563602263877,620.737635,55.468976,1,"""0"""
phase2-full-grid-rerun-20260731-l4-l4-tp1-f2040-i32-o32-r10-rep2-seg1-attempt2,phase2-full-grid-rerun-20260731-l4-l4-tp1-f2040-i32-o32-r10-rep2-seg1-attempt2-00010-67cc4ab45163,8,8,0,1,28823,server_token_ids,1785511563667720787,686.194545,65.45691,1,"""%"""
phase2-full-grid-rerun-20260731-l4-l4-tp1-f2040-i32-o32-r10-rep2-seg1-attempt2,phase2-full-grid-rerun-20260731-l4-l4-tp1-f2040-i32-o32-r10-rep2-seg1-attempt2-00010-67cc4ab45163,9,9,0,1,5228,server_token_ids,1785511563733936405,752.410163,66.215618,5,""" Free"""
phase2-full-grid-rerun-20260731-l4-l4-tp1-f2040-i32-o32-r10-rep2-seg1-attempt2,phase2-full-grid-rerun-20260731-l4-l4-tp1-f2040-i32-o32-r10-rep2-seg1-attempt2-00010-67cc4ab45163,10,10,0,1,10634,server_token_ids,1785511563797522562,815.99632,63.586157,7,""" Online"""
phase2-full-grid-rerun-20260731-l4-l4-tp1-f2040-i32-o32-r10-rep2-seg1-attempt2,phase2-full-grid-rerun-20260731-l4-l4-tp1-f2040-i32-o32-r10-rep2-seg1-attempt2-00010-67cc4ab45163,11,11,0,1,384,server_token_ids,1785511563865347606,883.821364,67.825044,2,""" D"""
phase2-full-grid-rerun-20260731-l4-l4-tp1-f2040-i32-o32-r10-rep2-seg1-attempt2,phase2-full-grid-rerun-20260731-l4-l4-tp1-f2040-i32-o32-r10-rep2-seg1-attempt2-00010-67cc4ab45163,12,12,0,1,1077,server_token_ids,1785511563930210704,948.684462,64.863098,5,"""ating"""
phase2-full-grid-rerun-20260731-l4-l4-tp1-f2040-i32-o32-r10-rep2-seg1-attempt2,phase2-full-grid-rerun-20260731-l4-l4-tp1-f2040-i32-o32-r10-rep2-seg1-attempt2-00010-67cc4ab45163,13,13,0,1,297,server_token_ids,1785511564004149801,1022.623559,73.939097,3,""" in"""
phase2-full-grid-rerun-20260731-l4-l4-tp1-f2040-i32-o32-r10-rep2-seg1-attempt2,phase2-full-grid-rerun-20260731-l4-l4-tp1-f2040-i32-o32-r10-rep2-seg1-attempt2-00010-67cc4ab45163,14,14,0,1,365,server_token_ids,1785511564068076312,1086.55007,63.926511,2,""" B"""
phase2-full-grid-rerun-20260731-l4-l4-tp1-f2040-i32-o32-r10-rep2-seg1-attempt2,phase2-full-grid-rerun-20260731-l4-l4-tp1-f2040-i32-o32-r10-rep2-seg1-attempt2-00010-67cc4ab45163,15,15,0,1,3222,server_token_ids,1785511564132621394,1151.095152,64.545082,4,"""elle"""
phase2-full-grid-rerun-20260731-l4-l4-tp1-f2040-i32-o32-r10-rep2-seg1-attempt2,phase2-full-grid-rerun-20260731-l4-l4-tp1-f2040-i32-o32-r10-rep2-seg1-attempt2-00010-67cc4ab45163,16,16,0,1,28725,server_token_ids,1785511564200214636,1218.688394,67.593242,1,""","""
phase2-full-grid-rerun-20260731-l4-l4-tp1-f2040-i32-o32-r10-rep2-seg1-attempt2,phase2-full-grid-rerun-20260731-l4-l4-tp1-f2040-i32-o32-r10-rep2-seg1-attempt2-00010-67cc4ab45163,17,17,0,1,394,server_token_ids,1785511564267208201,1285.681959,66.993565,2,""" W"""
phase2-full-grid-rerun-20260731-l4-l4-tp1-f2040-i32-o32-r10-rep2-seg1-attempt2,phase2-full-grid-rerun-20260731-l4-l4-tp1-f2040-i32-o32-r10-rep2-seg1-attempt2-00010-67cc4ab45163,18,18,0,1,28790,server_token_ids,1785511564330567166,1349.040924,63.358965,1,"""V"""
phase2-full-grid-rerun-20260731-l4-l4-tp1-f2040-i32-o32-r10-rep2-seg1-attempt2,phase2-full-grid-rerun-20260731-l4-l4-tp1-f2040-i32-o32-r10-rep2-seg1-attempt2-00010-67cc4ab45163,19,19,0,1,13,server_token_ids,1785511564399823873,1418.297631,69.256707,1,"""\n"""
phase2-full-grid-rerun-20260731-l4-l4-tp1-f2040-i32-o32-r10-rep2-seg1-attempt2,phase2-full-grid-rerun-20260731-l4-l4-tp1-f2040-i32-o32-r10-rep2-seg1-attempt2-00010-67cc4ab45163,20,20,0,1,13,server_token_ids,1785511564467571533,1486.045291,67.74766,1,"""\n"""
phase2-full-grid-rerun-20260731-l4-l4-tp1-f2040-i32-o32-r10-rep2-seg1-attempt2,phase2-full-grid-rerun-20260731-l4-l4-tp1-f2040-i32-o32-r10-rep2-seg1-attempt2-00010-67cc4ab45163,21,21,0,1,28740,server_token_ids,1785511564547065944,1565.539702,79.494411,1,"""1"""
phase2-full-grid-rerun-20260731-l4-l4-tp1-f2040-i32-o32-r10-rep2-seg1-attempt2,phase2-full-grid-rerun-20260731-l4-l4-tp1-f2040-i32-o32-r10-rep2-seg1-attempt2-00010-67cc4ab45163,22,22,0,1,13,server_token_ids,1785511564594986629,1613.460387,47.920685,1,"""\n"""
phase2-full-grid-rerun-20260731-l4-l4-tp1-f2040-i32-o32-r10-rep2-seg1-attempt2,phase2-full-grid-rerun-20260731-l4-l4-tp1-f2040-i32-o32-r10-rep2-seg1-attempt2-00010-67cc4ab45163,23,23,0,1,28750,server_token_ids,1785511564664389895,1682.863653,69.403266,1,"""2"""
phase2-full-grid-rerun-20260731-l4-l4-tp1-f2040-i32-o32-r10-rep2-seg1-attempt2,phase2-full-grid-rerun-20260731-l4-l4-tp1-f2040-i32-o32-r10-rep2-seg1-attempt2-00010-67cc4ab45163,24,24,0,1,13,server_token_ids,1785511564723926840,1742.400598,59.536945,1,"""\n"""
phase2-full-grid-rerun-20260731-l4-l4-tp1-f2040-i32-o32-r10-rep2-seg1-attempt2,phase2-full-grid-rerun-20260731-l4-l4-tp1-f2040-i32-o32-r10-rep2-seg1-attempt2-00010-67cc4ab45163,25,25,0,1,28781,server_token_ids,1785511564799722957,1818.196715,75.796117,1,"""4"""
phase2-full-grid-rerun-20260731-l4-l4-tp1-f2040-i32-o32-r10-rep2-seg1-attempt2,phase2-full-grid-rerun-20260731-l4-l4-tp1-f2040-i32-o32-r10-rep2-seg1-attempt2-00010-67cc4ab45163,26,26,0,1,13,server_token_ids,1785511564858009340,1876.483098,58.286383,1,"""\n"""
phase2-full-grid-rerun-20260731-l4-l4-tp1-f2040-i32-o32-r10-rep2-seg1-attempt2,phase2-full-grid-rerun-20260731-l4-l4-tp1-f2040-i32-o32-r10-rep2-seg1-attempt2-00010-67cc4ab45163,27,27,0,1,28782,server_token_ids,1785511564926644023,1945.117781,68.634683,1,"""5"""
phase2-full-grid-rerun-20260731-l4-l4-tp1-f2040-i32-o32-r10-rep2-seg1-attempt2,phase2-full-grid-rerun-20260731-l4-l4-tp1-f2040-i32-o32-r10-rep2-seg1-attempt2-00010-67cc4ab45163,28,28,0,1,13,server_token_ids,1785511564990632628,2009.106386,63.988605,1,"""\n"""
phase2-full-grid-rerun-20260731-l4-l4-tp1-f2040-i32-o32-r10-rep2-seg1-attempt2,phase2-full-grid-rerun-20260731-l4-l4-tp1-f2040-i32-o32-r10-rep2-seg1-attempt2-00010-67cc4ab45163,29,29,0,1,28740,server_token_ids,1785511565059690522,2078.16428,69.057894,1,"""1"""
phase2-full-grid-rerun-20260731-l4-l4-tp1-f2040-i32-o32-r10-rep2-seg1-attempt2,phase2-full-grid-rerun-20260731-l4-l4-tp1-f2040-i32-o32-r10-rep2-seg1-attempt2-00010-67cc4ab45163,30,30,0,1,342,server_token_ids,1785511565121092451,2139.566209,61.401929,2,""" |"""
phase2-full-grid-rerun-20260731-l4-l4-tp1-f2040-i32-o32-r10-rep2-seg1-attempt2,phase2-full-grid-rerun-20260731-l4-l4-tp1-f2040-i32-o32-r10-rep2-seg1-attempt2-00010-67cc4ab45163,31,31,0,1,28705,server_token_ids,1785511565188967906,2207.441664,67.875455,1,""" """
phase2-full-grid-rerun-20260731-l4-l4-tp1-f2040-i32-o32-r10-rep2-seg1-attempt2,phase2-full-grid-rerun-20260731-l4-l4-tp1-f2040-i32-o32-r10-rep2-seg1-attempt2-00011-5a412b4e5827,0,0,0,1,294,server_token_ids,1785511563288291294,205.406513,,2,"""ic"""
phase2-full-grid-rerun-20260731-l4-l4-tp1-f2040-i32-o32-r10-rep2-seg1-attempt2,phase2-full-grid-rerun-20260731-l4-l4-tp1-f2040-i32-o32-r10-rep2-seg1-attempt2-00011-5a412b4e5827,1,1,0,1,353,server_token_ids,1785511563356698222,273.813441,68.406928,2,"""ul"""
phase2-full-grid-rerun-20260731-l4-l4-tp1-f2040-i32-o32-r10-rep2-seg1-attempt2,phase2-full-grid-rerun-20260731-l4-l4-tp1-f2040-i32-o32-r10-rep2-seg1-attempt2-00011-5a412b4e5827,2,2,0,1,270,server_token_ids,1785511563417302804,334.418023,60.604582,2,"""at"""
phase2-full-grid-rerun-20260731-l4-l4-tp1-f2040-i32-o32-r10-rep2-seg1-attempt2,phase2-full-grid-rerun-20260731-l4-l4-tp1-f2040-i32-o32-r10-rep2-seg1-attempt2-00011-5a412b4e5827,3,3,0,1,28797,server_token_ids,1785511563481044599,398.159818,63.741795,2,"""é"""
phase2-full-grid-rerun-20260731-l4-l4-tp1-f2040-i32-o32-r10-rep2-seg1-attempt2,phase2-full-grid-rerun-20260731-l4-l4-tp1-f2040-i32-o32-r10-rep2-seg1-attempt2-00011-5a412b4e5827,4,4,0,1,13,server_token_ids,1785511563547037855,464.153074,65.993256,1,"""\n"""
phase2-full-grid-rerun-20260731-l4-l4-tp1-f2040-i32-o32-r10-rep2-seg1-attempt2,phase2-full-grid-rerun-20260731-l4-l4-tp1-f2040-i32-o32-r10-rep2-seg1-attempt2-00011-5a412b4e5827,5,5,0,1,13,server_token_ids,1785511563602501166,519.616385,55.463311,1,"""\n"""
phase2-full-grid-rerun-20260731-l4-l4-tp1-f2040-i32-o32-r10-rep2-seg1-attempt2,phase2-full-grid-rerun-20260731-l4-l4-tp1-f2040-i32-o32-r10-rep2-seg1-attempt2-00011-5a412b4e5827,6,6,0,1,1014,server_token_ids,1785511563671780533,588.895752,69.279367,3,"""The"""
phase2-full-grid-rerun-20260731-l4-l4-tp1-f2040-i32-o32-r10-rep2-seg1-attempt2,phase2-full-grid-rerun-20260731-l4-l4-tp1-f2040-i32-o32-r10-rep2-seg1-attempt2-00011-5a412b4e5827,7,7,0,1,2969,server_token_ids,1785511563738418289,655.533508,66.637756,7,""" United"""
phase2-full-grid-rerun-20260731-l4-l4-tp1-f2040-i32-o32-r10-rep2-seg1-attempt2,phase2-full-grid-rerun-20260731-l4-l4-tp1-f2040-i32-o32-r10-rep2-seg1-attempt2-00011-5a412b4e5827,8,8,0,1,3543,server_token_ids,1785511563797918317,715.033536,59.500028,7,""" States"""
phase2-full-grid-rerun-20260731-l4-l4-tp1-f2040-i32-o32-r10-rep2-seg1-attempt2,phase2-full-grid-rerun-20260731-l4-l4-tp1-f2040-i32-o32-r10-rep2-seg1-attempt2-00011-5a412b4e5827,9,9,0,1,659,server_token_ids,1785511563869515655,786.630874,71.597338,4,""" has"""
phase2-full-grid-rerun-20260731-l4-l4-tp1-f2040-i32-o32-r10-rep2-seg1-attempt2,phase2-full-grid-rerun-20260731-l4-l4-tp1-f2040-i32-o32-r10-rep2-seg1-attempt2-00011-5a412b4e5827,10,10,0,1,750,server_token_ids,1785511563930692558,847.807777,61.176903,5,""" been"""
phase2-full-grid-rerun-20260731-l4-l4-tp1-f2040-i32-o32-r10-rep2-seg1-attempt2,phase2-full-grid-rerun-20260731-l4-l4-tp1-f2040-i32-o32-r10-rep2-seg1-attempt2-00011-5a412b4e5827,11,11,0,1,264,server_token_ids,1785511564003838245,920.953464,73.145687,2,""" a"""
phase2-full-grid-rerun-20260731-l4-l4-tp1-f2040-i32-o32-r10-rep2-seg1-attempt2,phase2-full-grid-rerun-20260731-l4-l4-tp1-f2040-i32-o32-r10-rep2-seg1-attempt2-00011-5a412b4e5827,12,12,0,1,7059,server_token_ids,1785511564067757489,984.872708,63.919244,7,""" leader"""
phase2-full-grid-rerun-20260731-l4-l4-tp1-f2040-i32-o32-r10-rep2-seg1-attempt2,phase2-full-grid-rerun-20260731-l4-l4-tp1-f2040-i32-o32-r10-rep2-seg1-attempt2-00011-5a412b4e5827,13,13,0,1,297,server_token_ids,1785511564132131707,1049.246926,64.374218,3,""" in"""
phase2-full-grid-rerun-20260731-l4-l4-tp1-f2040-i32-o32-r10-rep2-seg1-attempt2,phase2-full-grid-rerun-20260731-l4-l4-tp1-f2040-i32-o32-r10-rep2-seg1-attempt2-00011-5a412b4e5827,14,14,0,1,272,server_token_ids,1785511564199977166,1117.092385,67.845459,4,""" the"""
phase2-full-grid-rerun-20260731-l4-l4-tp1-f2040-i32-o32-r10-rep2-seg1-attempt2,phase2-full-grid-rerun-20260731-l4-l4-tp1-f2040-i32-o32-r10-rep2-seg1-attempt2-00011-5a412b4e5827,15,15,0,1,3526,server_token_ids,1785511564266956364,1184.071583,66.979198,7,""" global"""
phase2-full-grid-rerun-20260731-l4-l4-tp1-f2040-i32-o32-r10-rep2-seg1-attempt2,phase2-full-grid-rerun-20260731-l4-l4-tp1-f2040-i32-o32-r10-rep2-seg1-attempt2-00011-5a412b4e5827,16,16,0,1,3992,server_token_ids,1785511564330320118,1247.435337,63.363754,6,""" fight"""
phase2-full-grid-rerun-20260731-l4-l4-tp1-f2040-i32-o32-r10-rep2-seg1-attempt2,phase2-full-grid-rerun-20260731-l4-l4-tp1-f2040-i32-o32-r10-rep2-seg1-attempt2-00011-5a412b4e5827,17,17,0,1,1835,server_token_ids,1785511564396155808,1313.271027,65.83569,8,""" against"""
phase2-full-grid-rerun-20260731-l4-l4-tp1-f2040-i32-o32-r10-rep2-seg1-attempt2,phase2-full-grid-rerun-20260731-l4-l4-tp1-f2040-i32-o32-r10-rep2-seg1-attempt2-00011-5a412b4e5827,18,18,0,1,272,server_token_ids,1785511564467232908,1384.348127,71.0771,4,""" the"""
phase2-full-grid-rerun-20260731-l4-l4-tp1-f2040-i32-o32-r10-rep2-seg1-attempt2,phase2-full-grid-rerun-20260731-l4-l4-tp1-f2040-i32-o32-r10-rep2-seg1-attempt2-00011-5a412b4e5827,19,19,0,1,18167,server_token_ids,1785511564546756613,1463.871832,79.523705,6,""" coron"""
phase2-full-grid-rerun-20260731-l4-l4-tp1-f2040-i32-o32-r10-rep2-seg1-attempt2,phase2-full-grid-rerun-20260731-l4-l4-tp1-f2040-i32-o32-r10-rep2-seg1-attempt2-00011-5a412b4e5827,20,20,0,1,22397,server_token_ids,1785511564594686319,1511.801538,47.929706,6,"""avirus"""
phase2-full-grid-rerun-20260731-l4-l4-tp1-f2040-i32-o32-r10-rep2-seg1-attempt2,phase2-full-grid-rerun-20260731-l4-l4-tp1-f2040-i32-o32-r10-rep2-seg1-attempt2-00011-5a412b4e5827,21,21,0,1,15749,server_token_ids,1785511564663929522,1581.044741,69.243203,9,""" pandemic"""
phase2-full-grid-rerun-20260731-l4-l4-tp1-f2040-i32-o32-r10-rep2-seg1-attempt2,phase2-full-grid-rerun-20260731-l4-l4-tp1-f2040-i32-o32-r10-rep2-seg1-attempt2-00011-5a412b4e5827,22,22,0,1,28725,server_token_ids,1785511564724498430,1641.613649,60.568908,1,""","""
phase2-full-grid-rerun-20260731-l4-l4-tp1-f2040-i32-o32-r10-rep2-seg1-attempt2,phase2-full-grid-rerun-20260731-l4-l4-tp1-f2040-i32-o32-r10-rep2-seg1-attempt2-00011-5a412b4e5827,23,23,0,1,562,server_token_ids,1785511564800255378,1717.370597,75.756948,4,""" but"""
phase2-full-grid-rerun-20260731-l4-l4-tp1-f2040-i32-o32-r10-rep2-seg1-attempt2,phase2-full-grid-rerun-20260731-l4-l4-tp1-f2040-i32-o32-r10-rep2-seg1-attempt2-00011-5a412b4e5827,24,24,0,1,272,server_token_ids,1785511564858709511,1775.82473,58.454133,4,""" the"""
phase2-full-grid-rerun-20260731-l4-l4-tp1-f2040-i32-o32-r10-rep2-seg1-attempt2,phase2-full-grid-rerun-20260731-l4-l4-tp1-f2040-i32-o32-r10-rep2-seg1-attempt2-00011-5a412b4e5827,25,25,0,1,2939,server_token_ids,1785511564927338275,1844.453494,68.628764,8,""" country"""
phase2-full-grid-rerun-20260731-l4-l4-tp1-f2040-i32-o32-r10-rep2-seg1-attempt2,phase2-full-grid-rerun-20260731-l4-l4-tp1-f2040-i32-o32-r10-rep2-seg1-attempt2-00011-5a412b4e5827,26,26,0,1,28809,server_token_ids,1785511564991285741,1908.40096,63.947466,3,"""’"""
phase2-full-grid-rerun-20260731-l4-l4-tp1-f2040-i32-o32-r10-rep2-seg1-attempt2,phase2-full-grid-rerun-20260731-l4-l4-tp1-f2040-i32-o32-r10-rep2-seg1-attempt2-00011-5a412b4e5827,27,27,0,1,28713,server_token_ids,1785511565060226919,1977.342138,68.941178,1,"""s"""
phase2-full-grid-rerun-20260731-l4-l4-tp1-f2040-i32-o32-r10-rep2-seg1-attempt2,phase2-full-grid-rerun-20260731-l4-l4-tp1-f2040-i32-o32-r10-rep2-seg1-attempt2-00011-5a412b4e5827,28,28,0,1,2899,server_token_ids,1785511565121728726,2038.843945,61.501807,9,""" response"""
phase2-full-grid-rerun-20260731-l4-l4-tp1-f2040-i32-o32-r10-rep2-seg1-attempt2,phase2-full-grid-rerun-20260731-l4-l4-tp1-f2040-i32-o32-r10-rep2-seg1-attempt2-00011-5a412b4e5827,29,29,0,1,298,server_token_ids,1785511565191697938,2108.813157,69.969212,3,""" to"""
phase2-full-grid-rerun-20260731-l4-l4-tp1-f2040-i32-o32-r10-rep2-seg1-attempt2,phase2-full-grid-rerun-20260731-l4-l4-tp1-f2040-i32-o32-r10-rep2-seg1-attempt2-00011-5a412b4e5827,30,30,0,1,272,server_token_ids,1785511565259095320,2176.210539,67.397382,4,""" the"""
phase2-full-grid-rerun-20260731-l4-l4-tp1-f2040-i32-o32-r10-rep2-seg1-attempt2,phase2-full-grid-rerun-20260731-l4-l4-tp1-f2040-i32-o32-r10-rep2-seg1-attempt2-00011-5a412b4e5827,31,31,0,1,15022,server_token_ids,1785511565322380447,2239.495666,63.285127,6,""" virus"""
phase2-full-grid-rerun-20260731-l4-l4-tp1-f2040-i32-o32-r10-rep2-seg1-attempt2,phase2-full-grid-rerun-20260731-l4-l4-tp1-f2040-i32-o32-r10-rep2-seg1-attempt2-00012-20f1c2bdcbff,0,0,0,1,28705,server_token_ids,1785511563352715338,170.439865,,1,""" """
phase2-full-grid-rerun-20260731-l4-l4-tp1-f2040-i32-o32-r10-rep2-seg1-attempt2,phase2-full-grid-rerun-20260731-l4-l4-tp1-f2040-i32-o32-r10-rep2-seg1-attempt2-00012-20f1c2bdcbff,1,1,0,1,28740,server_token_ids,1785511563416870189,234.594716,64.154851,1,"""1"""
phase2-full-grid-rerun-20260731-l4-l4-tp1-f2040-i32-o32-r10-rep2-seg1-attempt2,phase2-full-grid-rerun-20260731-l4-l4-tp1-f2040-i32-o32-r10-rep2-seg1-attempt2-00012-20f1c2bdcbff,2,2,0,1,28734,server_token_ids,1785511563480593755,298.318282,63.723566,1,"""0"""
phase2-full-grid-rerun-20260731-l4-l4-tp1-f2040-i32-o32-r10-rep2-seg1-attempt2,phase2-full-grid-rerun-20260731-l4-l4-tp1-f2040-i32-o32-r10-rep2-seg1-attempt2-00012-20f1c2bdcbff,3,3,0,1,28734,server_token_ids,1785511563546635613,364.36014,66.041858,1,"""0"""
phase2-full-grid-rerun-20260731-l4-l4-tp1-f2040-i32-o32-r10-rep2-seg1-attempt2,phase2-full-grid-rerun-20260731-l4-l4-tp1-f2040-i32-o32-r10-rep2-seg1-attempt2-00012-20f1c2bdcbff,4,4,0,1,28734,server_token_ids,1785511563602093349,419.817876,55.457736,1,"""0"""
phase2-full-grid-rerun-20260731-l4-l4-tp1-f2040-i32-o32-r10-rep2-seg1-attempt2,phase2-full-grid-rerun-20260731-l4-l4-tp1-f2040-i32-o32-r10-rep2-seg1-attempt2-00012-20f1c2bdcbff,5,5,0,1,28734,server_token_ids,1785511563667561931,485.286458,65.468582,1,"""0"""
phase2-full-grid-rerun-20260731-l4-l4-tp1-f2040-i32-o32-r10-rep2-seg1-attempt2,phase2-full-grid-rerun-20260731-l4-l4-tp1-f2040-i32-o32-r10-rep2-seg1-attempt2-00012-20f1c2bdcbff,6,6,0,1,28734,server_token_ids,1785511563733773120,551.497647,66.211189,1,"""0"""
phase2-full-grid-rerun-20260731-l4-l4-tp1-f2040-i32-o32-r10-rep2-seg1-attempt2,phase2-full-grid-rerun-20260731-l4-l4-tp1-f2040-i32-o32-r10-rep2-seg1-attempt2-00012-20f1c2bdcbff,7,7,0,1,28734,server_token_ids,1785511563797336834,615.061361,63.563714,1,"""0"""
phase2-full-grid-rerun-20260731-l4-l4-tp1-f2040-i32-o32-r10-rep2-seg1-attempt2,phase2-full-grid-rerun-20260731-l4-l4-tp1-f2040-i32-o32-r10-rep2-seg1-attempt2-00012-20f1c2bdcbff,8,8,0,1,28734,server_token_ids,1785511563865171308,682.895835,67.834474,1,"""0"""
phase2-full-grid-rerun-20260731-l4-l4-tp1-f2040-i32-o32-r10-rep2-seg1-attempt2,phase2-full-grid-rerun-20260731-l4-l4-tp1-f2040-i32-o32-r10-rep2-seg1-attempt2-00012-20f1c2bdcbff,9,9,0,1,28734,server_token_ids,1785511563930054073,747.7786,64.882765,1,"""0"""
phase2-full-grid-rerun-20260731-l4-l4-tp1-f2040-i32-o32-r10-rep2-seg1-attempt2,phase2-full-grid-rerun-20260731-l4-l4-tp1-f2040-i32-o32-r10-rep2-seg1-attempt2-00012-20f1c2bdcbff,10,10,0,1,28734,server_token_ids,1785511564002426289,820.150816,72.372216,1,"""0"""
phase2-full-grid-rerun-20260731-l4-l4-tp1-f2040-i32-o32-r10-rep2-seg1-attempt2,phase2-full-grid-rerun-20260731-l4-l4-tp1-f2040-i32-o32-r10-rep2-seg1-attempt2-00012-20f1c2bdcbff,11,11,0,1,28734,server_token_ids,1785511564062674148,880.398675,60.247859,1,"""0"""
phase2-full-grid-rerun-20260731-l4-l4-tp1-f2040-i32-o32-r10-rep2-seg1-attempt2,phase2-full-grid-rerun-20260731-l4-l4-tp1-f2040-i32-o32-r10-rep2-seg1-attempt2-00012-20f1c2bdcbff,12,12,0,1,28734,server_token_ids,1785511564130543367,948.267894,67.869219,1,"""0"""
phase2-full-grid-rerun-20260731-l4-l4-tp1-f2040-i32-o32-r10-rep2-seg1-attempt2,phase2-full-grid-rerun-20260731-l4-l4-tp1-f2040-i32-o32-r10-rep2-seg1-attempt2-00012-20f1c2bdcbff,13,13,0,1,28734,server_token_ids,1785511564198421218,1016.145745,67.877851,1,"""0"""
phase2-full-grid-rerun-20260731-l4-l4-tp1-f2040-i32-o32-r10-rep2-seg1-attempt2,phase2-full-grid-rerun-20260731-l4-l4-tp1-f2040-i32-o32-r10-rep2-seg1-attempt2-00012-20f1c2bdcbff,14,14,0,1,28734,server_token_ids,1785511564262039636,1079.764163,63.618418,1,"""0"""
phase2-full-grid-rerun-20260731-l4-l4-tp1-f2040-i32-o32-r10-rep2-seg1-attempt2,phase2-full-grid-rerun-20260731-l4-l4-tp1-f2040-i32-o32-r10-rep2-seg1-attempt2-00012-20f1c2bdcbff,15,15,0,1,28734,server_token_ids,1785511564328815036,1146.539563,66.7754,1,"""0"""
phase2-full-grid-rerun-20260731-l4-l4-tp1-f2040-i32-o32-r10-rep2-seg1-attempt2,phase2-full-grid-rerun-20260731-l4-l4-tp1-f2040-i32-o32-r10-rep2-seg1-attempt2-00012-20f1c2bdcbff,16,16,0,1,28734,server_token_ids,1785511564395152545,1212.877072,66.337509,1,"""0"""
phase2-full-grid-rerun-20260731-l4-l4-tp1-f2040-i32-o32-r10-rep2-seg1-attempt2,phase2-full-grid-rerun-20260731-l4-l4-tp1-f2040-i32-o32-r10-rep2-seg1-attempt2-00012-20f1c2bdcbff,17,17,0,1,28734,server_token_ids,1785511564461759229,1279.483756,66.606684,1,"""0"""
phase2-full-grid-rerun-20260731-l4-l4-tp1-f2040-i32-o32-r10-rep2-seg1-attempt2,phase2-full-grid-rerun-20260731-l4-l4-tp1-f2040-i32-o32-r10-rep2-seg1-attempt2-00012-20f1c2bdcbff,18,18,0,1,28734,server_token_ids,1785511564532864498,1350.589025,71.105269,1,"""0"""
phase2-full-grid-rerun-20260731-l4-l4-tp1-f2040-i32-o32-r10-rep2-seg1-attempt2,phase2-full-grid-rerun-20260731-l4-l4-tp1-f2040-i32-o32-r10-rep2-seg1-attempt2-00012-20f1c2bdcbff,19,19,0,1,28734,server_token_ids,1785511564593340287,1411.064814,60.475789,1,"""0"""
phase2-full-grid-rerun-20260731-l4-l4-tp1-f2040-i32-o32-r10-rep2-seg1-attempt2,phase2-full-grid-rerun-20260731-l4-l4-tp1-f2040-i32-o32-r10-rep2-seg1-attempt2-00012-20f1c2bdcbff,20,20,0,1,28734,server_token_ids,1785511564659168540,1476.893067,65.828253,1,"""0"""
phase2-full-grid-rerun-20260731-l4-l4-tp1-f2040-i32-o32-r10-rep2-seg1-attempt2,phase2-full-grid-rerun-20260731-l4-l4-tp1-f2040-i32-o32-r10-rep2-seg1-attempt2-00012-20f1c2bdcbff,21,21,0,1,28734,server_token_ids,1785511564723035598,1540.760125,63.867058,1,"""0"""
phase2-full-grid-rerun-20260731-l4-l4-tp1-f2040-i32-o32-r10-rep2-seg1-attempt2,phase2-full-grid-rerun-20260731-l4-l4-tp1-f2040-i32-o32-r10-rep2-seg1-attempt2-00012-20f1c2bdcbff,22,22,0,1,28734,server_token_ids,1785511564797765142,1615.489669,74.729544,1,"""0"""
phase2-full-grid-rerun-20260731-l4-l4-tp1-f2040-i32-o32-r10-rep2-seg1-attempt2,phase2-full-grid-rerun-20260731-l4-l4-tp1-f2040-i32-o32-r10-rep2-seg1-attempt2-00012-20f1c2bdcbff,23,23,0,1,28734,server_token_ids,1785511564856886114,1674.610641,59.120972,1,"""0"""
phase2-full-grid-rerun-20260731-l4-l4-tp1-f2040-i32-o32-r10-rep2-seg1-attempt2,phase2-full-grid-rerun-20260731-l4-l4-tp1-f2040-i32-o32-r10-rep2-seg1-attempt2-00012-20f1c2bdcbff,24,24,0,1,28734,server_token_ids,1785511564926032071,1743.756598,69.145957,1,"""0"""
phase2-full-grid-rerun-20260731-l4-l4-tp1-f2040-i32-o32-r10-rep2-seg1-attempt2,phase2-full-grid-rerun-20260731-l4-l4-tp1-f2040-i32-o32-r10-rep2-seg1-attempt2-00012-20f1c2bdcbff,25,25,0,1,28734,server_token_ids,1785511564989535636,1807.260163,63.503565,1,"""0"""
phase2-full-grid-rerun-20260731-l4-l4-tp1-f2040-i32-o32-r10-rep2-seg1-attempt2,phase2-full-grid-rerun-20260731-l4-l4-tp1-f2040-i32-o32-r10-rep2-seg1-attempt2-00012-20f1c2bdcbff,26,26,0,1,28734,server_token_ids,1785511565058565785,1876.290312,69.030149,1,"""0"""
phase2-full-grid-rerun-20260731-l4-l4-tp1-f2040-i32-o32-r10-rep2-seg1-attempt2,phase2-full-grid-rerun-20260731-l4-l4-tp1-f2040-i32-o32-r10-rep2-seg1-attempt2-00012-20f1c2bdcbff,27,27,0,1,28734,server_token_ids,1785511565120522670,1938.247197,61.956885,1,"""0"""
phase2-full-grid-rerun-20260731-l4-l4-tp1-f2040-i32-o32-r10-rep2-seg1-attempt2,phase2-full-grid-rerun-20260731-l4-l4-tp1-f2040-i32-o32-r10-rep2-seg1-attempt2-00012-20f1c2bdcbff,28,28,0,1,28734,server_token_ids,1785511565187957280,2005.681807,67.43461,1,"""0"""
phase2-full-grid-rerun-20260731-l4-l4-tp1-f2040-i32-o32-r10-rep2-seg1-attempt2,phase2-full-grid-rerun-20260731-l4-l4-tp1-f2040-i32-o32-r10-rep2-seg1-attempt2-00012-20f1c2bdcbff,29,29,0,1,28734,server_token_ids,1785511565254617747,2072.342274,66.660467,1,"""0"""
phase2-full-grid-rerun-20260731-l4-l4-tp1-f2040-i32-o32-r10-rep2-seg1-attempt2,phase2-full-grid-rerun-20260731-l4-l4-tp1-f2040-i32-o32-r10-rep2-seg1-attempt2-00012-20f1c2bdcbff,30,30,0,1,28734,server_token_ids,1785511565320853276,2138.577803,66.235529,1,"""0"""
phase2-full-grid-rerun-20260731-l4-l4-tp1-f2040-i32-o32-r10-rep2-seg1-attempt2,phase2-full-grid-rerun-20260731-l4-l4-tp1-f2040-i32-o32-r10-rep2-seg1-attempt2-00012-20f1c2bdcbff,31,31,0,1,28734,server_token_ids,1785511565386843730,2204.568257,65.990454,1,"""0"""
phase2-full-grid-rerun-20260731-l4-l4-tp1-f2040-i32-o32-r10-rep2-seg1-attempt2,phase2-full-grid-rerun-20260731-l4-l4-tp1-f2040-i32-o32-r10-rep2-seg1-attempt2-00013-ccbdf2f9557c,0,0,0,1,13,server_token_ids,1785511563476289864,193.684794,,1,"""\n"""
phase2-full-grid-rerun-20260731-l4-l4-tp1-f2040-i32-o32-r10-rep2-seg1-attempt2,phase2-full-grid-rerun-20260731-l4-l4-tp1-f2040-i32-o32-r10-rep2-seg1-attempt2-00013-ccbdf2f9557c,1,1,0,1,13,server_token_ids,1785511563545953344,263.348274,69.66348,1,"""\n"""
phase2-full-grid-rerun-20260731-l4-l4-tp1-f2040-i32-o32-r10-rep2-seg1-attempt2,phase2-full-grid-rerun-20260731-l4-l4-tp1-f2040-i32-o32-r10-rep2-seg1-attempt2-00013-ccbdf2f9557c,2,2,0,1,28771,server_token_ids,1785511563601545206,318.940136,55.591862,1,"""#"""
phase2-full-grid-rerun-20260731-l4-l4-tp1-f2040-i32-o32-r10-rep2-seg1-attempt2,phase2-full-grid-rerun-20260731-l4-l4-tp1-f2040-i32-o32-r10-rep2-seg1-attempt2-00013-ccbdf2f9557c,3,3,0,1,28705,server_token_ids,1785511563666984651,384.379581,65.439445,1,""" """
phase2-full-grid-rerun-20260731-l4-l4-tp1-f2040-i32-o32-r10-rep2-seg1-attempt2,phase2-full-grid-rerun-20260731-l4-l4-tp1-f2040-i32-o32-r10-rep2-seg1-attempt2-00013-ccbdf2f9557c,4,4,0,1,28750,server_token_ids,1785511563733170461,450.565391,66.18581,1,"""2"""
phase2-full-grid-rerun-20260731-l4-l4-tp1-f2040-i32-o32-r10-rep2-seg1-attempt2,phase2-full-grid-rerun-20260731-l4-l4-tp1-f2040-i32-o32-r10-rep2-seg1-attempt2-00013-ccbdf2f9557c,5,5,0,1,28734,server_token_ids,1785511563796812125,514.207055,63.641664,1,"""0"""
phase2-full-grid-rerun-20260731-l4-l4-tp1-f2040-i32-o32-r10-rep2-seg1-attempt2,phase2-full-grid-rerun-20260731-l4-l4-tp1-f2040-i32-o32-r10-rep2-seg1-attempt2-00013-ccbdf2f9557c,6,6,0,1,28740,server_token_ids,1785511563864596165,581.991095,67.78404,1,"""1"""
phase2-full-grid-rerun-20260731-l4-l4-tp1-f2040-i32-o32-r10-rep2-seg1-attempt2,phase2-full-grid-rerun-20260731-l4-l4-tp1-f2040-i32-o32-r10-rep2-seg1-attempt2-00013-ccbdf2f9557c,7,7,0,1,28783,server_token_ids,1785511563929461259,646.856189,64.865094,1,"""8"""
phase2-full-grid-rerun-20260731-l4-l4-tp1-f2040-i32-o32-r10-rep2-seg1-attempt2,phase2-full-grid-rerun-20260731-l4-l4-tp1-f2040-i32-o32-r10-rep2-seg1-attempt2-00013-ccbdf2f9557c,8,8,0,1,28733,server_token_ids,1785511564004076749,721.471679,74.61549,1,"""-"""
phase2-full-grid-rerun-20260731-l4-l4-tp1-f2040-i32-o32-r10-rep2-seg1-attempt2,phase2-full-grid-rerun-20260731-l4-l4-tp1-f2040-i32-o32-r10-rep2-seg1-attempt2-00013-ccbdf2f9557c,9,9,0,1,28740,server_token_ids,1785511564067994449,785.389379,63.9177,1,"""1"""
phase2-full-grid-rerun-20260731-l4-l4-tp1-f2040-i32-o32-r10-rep2-seg1-attempt2,phase2-full-grid-rerun-20260731-l4-l4-tp1-f2040-i32-o32-r10-rep2-seg1-attempt2-00013-ccbdf2f9557c,10,10,0,1,28774,server_token_ids,1785511564132531878,849.926808,64.537429,1,"""9"""
phase2-full-grid-rerun-20260731-l4-l4-tp1-f2040-i32-o32-r10-rep2-seg1-attempt2,phase2-full-grid-rerun-20260731-l4-l4-tp1-f2040-i32-o32-r10-rep2-seg1-attempt2-00013-ccbdf2f9557c,11,11,0,1,21041,server_token_ids,1785511564200132277,917.527207,67.600399,4,""" NBA"""
phase2-full-grid-rerun-20260731-l4-l4-tp1-f2040-i32-o32-r10-rep2-seg1-attempt2,phase2-full-grid-rerun-20260731-l4-l4-tp1-f2040-i32-o32-r10-rep2-seg1-attempt2-00013-ccbdf2f9557c,12,12,0,1,16887,server_token_ids,1785511564267122964,984.517894,66.990687,7,""" Season"""
phase2-full-grid-rerun-20260731-l4-l4-tp1-f2040-i32-o32-r10-rep2-seg1-attempt2,phase2-full-grid-rerun-20260731-l4-l4-tp1-f2040-i32-o32-r10-rep2-seg1-attempt2-00013-ccbdf2f9557c,13,13,0,1,4258,server_token_ids,1785511564330486423,1047.881353,63.363459,4,""" Pre"""
phase2-full-grid-rerun-20260731-l4-l4-tp1-f2040-i32-o32-r10-rep2-seg1-attempt2,phase2-full-grid-rerun-20260731-l4-l4-tp1-f2040-i32-o32-r10-rep2-seg1-attempt2-00013-ccbdf2f9557c,14,14,0,1,1578,server_token_ids,1785511564399685305,1117.080235,69.198882,4,"""view"""
phase2-full-grid-rerun-20260731-l4-l4-tp1-f2040-i32-o32-r10-rep2-seg1-attempt2,phase2-full-grid-rerun-20260731-l4-l4-tp1-f2040-i32-o32-r10-rep2-seg1-attempt2-00013-ccbdf2f9557c,15,15,0,1,28747,server_token_ids,1785511564467496424,1184.891354,67.811119,1,""":"""
phase2-full-grid-rerun-20260731-l4-l4-tp1-f2040-i32-o32-r10-rep2-seg1-attempt2,phase2-full-grid-rerun-20260731-l4-l4-tp1-f2040-i32-o32-r10-rep2-seg1-attempt2-00013-ccbdf2f9557c,16,16,0,1,8307,server_token_ids,1785511564546986863,1264.381793,79.490439,8,""" Western"""
phase2-full-grid-rerun-20260731-l4-l4-tp1-f2040-i32-o32-r10-rep2-seg1-attempt2,phase2-full-grid-rerun-20260731-l4-l4-tp1-f2040-i32-o32-r10-rep2-seg1-attempt2-00013-ccbdf2f9557c,17,17,0,1,13115,server_token_ids,1785511564594910030,1312.30496,47.923167,11,""" Conference"""
phase2-full-grid-rerun-20260731-l4-l4-tp1-f2040-i32-o32-r10-rep2-seg1-attempt2,phase2-full-grid-rerun-20260731-l4-l4-tp1-f2040-i32-o32-r10-rep2-seg1-attempt2-00013-ccbdf2f9557c,18,18,0,1,13,server_token_ids,1785511564664307060,1381.70199,69.39703,1,"""\n"""
phase2-full-grid-rerun-20260731-l4-l4-tp1-f2040-i32-o32-r10-rep2-seg1-attempt2,phase2-full-grid-rerun-20260731-l4-l4-tp1-f2040-i32-o32-r10-rep2-seg1-attempt2-00013-ccbdf2f9557c,19,19,0,1,13,server_token_ids,1785511564724653488,1442.048418,60.346428,1,"""\n"""
phase2-full-grid-rerun-20260731-l4-l4-tp1-f2040-i32-o32-r10-rep2-seg1-attempt2,phase2-full-grid-rerun-20260731-l4-l4-tp1-f2040-i32-o32-r10-rep2-seg1-attempt2-00013-ccbdf2f9557c,20,20,0,1,1014,server_token_ids,1785511564800406603,1517.801533,75.753115,3,"""The"""
phase2-full-grid-rerun-20260731-l4-l4-tp1-f2040-i32-o32-r10-rep2-seg1-attempt2,phase2-full-grid-rerun-20260731-l4-l4-tp1-f2040-i32-o32-r10-rep2-seg1-attempt2-00013-ccbdf2f9557c,21,21,0,1,28705,server_token_ids,1785511564862049160,1579.44409,61.642557,1,""" """
phase2-full-grid-rerun-20260731-l4-l4-tp1-f2040-i32-o32-r10-rep2-seg1-attempt2,phase2-full-grid-rerun-20260731-l4-l4-tp1-f2040-i32-o32-r10-rep2-seg1-attempt2-00013-ccbdf2f9557c,22,22,0,1,28750,server_token_ids,1785511564927598794,1644.993724,65.549634,1,"""2"""
phase2-full-grid-rerun-20260731-l4-l4-tp1-f2040-i32-o32-r10-rep2-seg1-attempt2,phase2-full-grid-rerun-20260731-l4-l4-tp1-f2040-i32-o32-r10-rep2-seg1-attempt2-00013-ccbdf2f9557c,23,23,0,1,28734,server_token_ids,1785511564994233694,1711.628624,66.6349,1,"""0"""
phase2-full-grid-rerun-20260731-l4-l4-tp1-f2040-i32-o32-r10-rep2-seg1-attempt2,phase2-full-grid-rerun-20260731-l4-l4-tp1-f2040-i32-o32-r10-rep2-seg1-attempt2-00013-ccbdf2f9557c,24,24,0,1,28740,server_token_ids,1785511565060561561,1777.956491,66.327867,1,"""1"""
phase2-full-grid-rerun-20260731-l4-l4-tp1-f2040-i32-o32-r10-rep2-seg1-attempt2,phase2-full-grid-rerun-20260731-l4-l4-tp1-f2040-i32-o32-r10-rep2-seg1-attempt2-00013-ccbdf2f9557c,25,25,0,1,28783,server_token_ids,1785511565122039955,1839.434885,61.478394,1,"""8"""
phase2-full-grid-rerun-20260731-l4-l4-tp1-f2040-i32-o32-r10-rep2-seg1-attempt2,phase2-full-grid-rerun-20260731-l4-l4-tp1-f2040-i32-o32-r10-rep2-seg1-attempt2-00013-ccbdf2f9557c,26,26,0,1,28733,server_token_ids,1785511565192023950,1909.41888,69.983995,1,"""-"""
phase2-full-grid-rerun-20260731-l4-l4-tp1-f2040-i32-o32-r10-rep2-seg1-attempt2,phase2-full-grid-rerun-20260731-l4-l4-tp1-f2040-i32-o32-r10-rep2-seg1-attempt2-00013-ccbdf2f9557c,27,27,0,1,28740,server_token_ids,1785511565259410974,1976.805904,67.387024,1,"""1"""
phase2-full-grid-rerun-20260731-l4-l4-tp1-f2040-i32-o32-r10-rep2-seg1-attempt2,phase2-full-grid-rerun-20260731-l4-l4-tp1-f2040-i32-o32-r10-rep2-seg1-attempt2-00013-ccbdf2f9557c,28,28,0,1,28774,server_token_ids,1785511565322829041,2040.223971,63.418067,1,"""9"""
phase2-full-grid-rerun-20260731-l4-l4-tp1-f2040-i32-o32-r10-rep2-seg1-attempt2,phase2-full-grid-rerun-20260731-l4-l4-tp1-f2040-i32-o32-r10-rep2-seg1-attempt2-00013-ccbdf2f9557c,29,29,0,1,21041,server_token_ids,1785511565396791108,2114.186038,73.962067,4,""" NBA"""
phase2-full-grid-rerun-20260731-l4-l4-tp1-f2040-i32-o32-r10-rep2-seg1-attempt2,phase2-full-grid-rerun-20260731-l4-l4-tp1-f2040-i32-o32-r10-rep2-seg1-attempt2-00013-ccbdf2f9557c,30,30,0,1,3302,server_token_ids,1785511565457156443,2174.551373,60.365335,7,""" season"""
phase2-full-grid-rerun-20260731-l4-l4-tp1-f2040-i32-o32-r10-rep2-seg1-attempt2,phase2-full-grid-rerun-20260731-l4-l4-tp1-f2040-i32-o32-r10-rep2-seg1-attempt2-00013-ccbdf2f9557c,31,31,0,1,349,server_token_ids,1785511565520987116,2238.382046,63.830673,3,""" is"""
phase2-full-grid-rerun-20260731-l4-l4-tp1-f2040-i32-o32-r10-rep2-seg1-attempt2,phase2-full-grid-rerun-20260731-l4-l4-tp1-f2040-i32-o32-r10-rep2-seg1-attempt2-00014-fdf79e23cc4c,0,0,0,1,288,server_token_ids,1785511563542140898,159.770793,,3,"""ing"""
phase2-full-grid-rerun-20260731-l4-l4-tp1-f2040-i32-o32-r10-rep2-seg1-attempt2,phase2-full-grid-rerun-20260731-l4-l4-tp1-f2040-i32-o32-r10-rep2-seg1-attempt2-00014-fdf79e23cc4c,1,1,0,1,13,server_token_ids,1785511563601293769,218.923664,59.152871,1,"""\n"""
phase2-full-grid-rerun-20260731-l4-l4-tp1-f2040-i32-o32-r10-rep2-seg1-attempt2,phase2-full-grid-rerun-20260731-l4-l4-tp1-f2040-i32-o32-r10-rep2-seg1-attempt2-00014-fdf79e23cc4c,2,2,0,1,13,server_token_ids,1785511563666736389,284.366284,65.44262,1,"""\n"""
phase2-full-grid-rerun-20260731-l4-l4-tp1-f2040-i32-o32-r10-rep2-seg1-attempt2,phase2-full-grid-rerun-20260731-l4-l4-tp1-f2040-i32-o32-r10-rep2-seg1-attempt2-00014-fdf79e23cc4c,3,3,0,1,28771,server_token_ids,1785511563732915324,350.545219,66.178935,1,"""#"""
phase2-full-grid-rerun-20260731-l4-l4-tp1-f2040-i32-o32-r10-rep2-seg1-attempt2,phase2-full-grid-rerun-20260731-l4-l4-tp1-f2040-i32-o32-r10-rep2-seg1-attempt2-00014-fdf79e23cc4c,4,4,0,1,28705,server_token_ids,1785511563796546941,414.176836,63.631617,1,""" """
phase2-full-grid-rerun-20260731-l4-l4-tp1-f2040-i32-o32-r10-rep2-seg1-attempt2,phase2-full-grid-rerun-20260731-l4-l4-tp1-f2040-i32-o32-r10-rep2-seg1-attempt2-00014-fdf79e23cc4c,5,5,0,1,28750,server_token_ids,1785511563864318641,481.948536,67.7717,1,"""2"""
phase2-full-grid-rerun-20260731-l4-l4-tp1-f2040-i32-o32-r10-rep2-seg1-attempt2,phase2-full-grid-rerun-20260731-l4-l4-tp1-f2040-i32-o32-r10-rep2-seg1-attempt2-00014-fdf79e23cc4c,6,6,0,1,28734,server_token_ids,1785511563929207623,546.837518,64.888982,1,"""0"""
phase2-full-grid-rerun-20260731-l4-l4-tp1-f2040-i32-o32-r10-rep2-seg1-attempt2,phase2-full-grid-rerun-20260731-l4-l4-tp1-f2040-i32-o32-r10-rep2-seg1-attempt2-00014-fdf79e23cc4c,7,7,0,1,28740,server_token_ids,1785511564002811262,620.441157,73.603639,1,"""1"""
phase2-full-grid-rerun-20260731-l4-l4-tp1-f2040-i32-o32-r10-rep2-seg1-attempt2,phase2-full-grid-rerun-20260731-l4-l4-tp1-f2040-i32-o32-r10-rep2-seg1-attempt2-00014-fdf79e23cc4c,8,8,0,1,28783,server_token_ids,1785511564067084814,684.714709,64.273552,1,"""8"""
phase2-full-grid-rerun-20260731-l4-l4-tp1-f2040-i32-o32-r10-rep2-seg1-attempt2,phase2-full-grid-rerun-20260731-l4-l4-tp1-f2040-i32-o32-r10-rep2-seg1-attempt2-00014-fdf79e23cc4c,9,9,0,1,28733,server_token_ids,1785511564131592900,749.222795,64.508086,1,"""-"""
phase2-full-grid-rerun-20260731-l4-l4-tp1-f2040-i32-o32-r10-rep2-seg1-attempt2,phase2-full-grid-rerun-20260731-l4-l4-tp1-f2040-i32-o32-r10-rep2-seg1-attempt2-00014-fdf79e23cc4c,10,10,0,1,28740,server_token_ids,1785511564198847119,816.477014,67.254219,1,"""1"""
phase2-full-grid-rerun-20260731-l4-l4-tp1-f2040-i32-o32-r10-rep2-seg1-attempt2,phase2-full-grid-rerun-20260731-l4-l4-tp1-f2040-i32-o32-r10-rep2-seg1-attempt2-00014-fdf79e23cc4c,11,11,0,1,28774,server_token_ids,1785511564262873824,880.503719,64.026705,1,"""9"""
phase2-full-grid-rerun-20260731-l4-l4-tp1-f2040-i32-o32-r10-rep2-seg1-attempt2,phase2-full-grid-rerun-20260731-l4-l4-tp1-f2040-i32-o32-r10-rep2-seg1-attempt2-00014-fdf79e23cc4c,12,12,0,1,16887,server_token_ids,1785511564329728137,947.358032,66.854313,7,""" Season"""
phase2-full-grid-rerun-20260731-l4-l4-tp1-f2040-i32-o32-r10-rep2-seg1-attempt2,phase2-full-grid-rerun-20260731-l4-l4-tp1-f2040-i32-o32-r10-rep2-seg1-attempt2-00014-fdf79e23cc4c,13,13,0,1,13,server_token_ids,1785511564395593035,1013.22293,65.864898,1,"""\n"""
phase2-full-grid-rerun-20260731-l4-l4-tp1-f2040-i32-o32-r10-rep2-seg1-attempt2,phase2-full-grid-rerun-20260731-l4-l4-tp1-f2040-i32-o32-r10-rep2-seg1-attempt2-00014-fdf79e23cc4c,14,14,0,1,13,server_token_ids,1785511564462889825,1080.51972,67.29679,1,"""\n"""
phase2-full-grid-rerun-20260731-l4-l4-tp1-f2040-i32-o32-r10-rep2-seg1-attempt2,phase2-full-grid-rerun-20260731-l4-l4-tp1-f2040-i32-o32-r10-rep2-seg1-attempt2-00014-fdf79e23cc4c,15,15,0,1,1064,server_token_ids,1785511564533363124,1150.993019,70.473299,2,"""##"""
phase2-full-grid-rerun-20260731-l4-l4-tp1-f2040-i32-o32-r10-rep2-seg1-attempt2,phase2-full-grid-rerun-20260731-l4-l4-tp1-f2040-i32-o32-r10-rep2-seg1-attempt2-00014-fdf79e23cc4c,16,16,0,1,28705,server_token_ids,1785511564594021488,1211.651383,60.658364,1,""" """
phase2-full-grid-rerun-20260731-l4-l4-tp1-f2040-i32-o32-r10-rep2-seg1-attempt2,phase2-full-grid-rerun-20260731-l4-l4-tp1-f2040-i32-o32-r10-rep2-seg1-attempt2-00014-fdf79e23cc4c,17,17,0,1,28750,server_token_ids,1785511564663224163,1280.854058,69.202675,1,"""2"""
phase2-full-grid-rerun-20260731-l4-l4-tp1-f2040-i32-o32-r10-rep2-seg1-attempt2,phase2-full-grid-rerun-20260731-l4-l4-tp1-f2040-i32-o32-r10-rep2-seg1-attempt2-00014-fdf79e23cc4c,18,18,0,1,28734,server_token_ids,1785511564723369124,1340.999019,60.144961,1,"""0"""
phase2-full-grid-rerun-20260731-l4-l4-tp1-f2040-i32-o32-r10-rep2-seg1-attempt2,phase2-full-grid-rerun-20260731-l4-l4-tp1-f2040-i32-o32-r10-rep2-seg1-attempt2-00014-fdf79e23cc4c,19,19,0,1,28740,server_token_ids,1785511564799557919,1417.187814,76.188795,1,"""1"""
phase2-full-grid-rerun-20260731-l4-l4-tp1-f2040-i32-o32-r10-rep2-seg1-attempt2,phase2-full-grid-rerun-20260731-l4-l4-tp1-f2040-i32-o32-r10-rep2-seg1-attempt2-00014-fdf79e23cc4c,20,20,0,1,28783,server_token_ids,1785511564857808245,1475.43814,58.250326,1,"""8"""
phase2-full-grid-rerun-20260731-l4-l4-tp1-f2040-i32-o32-r10-rep2-seg1-attempt2,phase2-full-grid-rerun-20260731-l4-l4-tp1-f2040-i32-o32-r10-rep2-seg1-attempt2-00014-fdf79e23cc4c,21,21,0,1,28733,server_token_ids,1785511564926485825,1544.11572,68.67758,1,"""-"""
phase2-full-grid-rerun-20260731-l4-l4-tp1-f2040-i32-o32-r10-rep2-seg1-attempt2,phase2-full-grid-rerun-20260731-l4-l4-tp1-f2040-i32-o32-r10-rep2-seg1-attempt2-00014-fdf79e23cc4c,22,22,0,1,28740,server_token_ids,1785511564990421967,1608.051862,63.936142,1,"""1"""
phase2-full-grid-rerun-20260731-l4-l4-tp1-f2040-i32-o32-r10-rep2-seg1-attempt2,phase2-full-grid-rerun-20260731-l4-l4-tp1-f2040-i32-o32-r10-rep2-seg1-attempt2-00014-fdf79e23cc4c,23,23,0,1,28774,server_token_ids,1785511565059485179,1677.115074,69.063212,1,"""9"""
phase2-full-grid-rerun-20260731-l4-l4-tp1-f2040-i32-o32-r10-rep2-seg1-attempt2,phase2-full-grid-rerun-20260731-l4-l4-tp1-f2040-i32-o32-r10-rep2-seg1-attempt2-00014-fdf79e23cc4c,24,24,0,1,16887,server_token_ids,1785511565120929525,1738.55942,61.444346,7,""" Season"""
phase2-full-grid-rerun-20260731-l4-l4-tp1-f2040-i32-o32-r10-rep2-seg1-attempt2,phase2-full-grid-rerun-20260731-l4-l4-tp1-f2040-i32-o32-r10-rep2-seg1-attempt2-00014-fdf79e23cc4c,25,25,0,1,13,server_token_ids,1785511565188354759,1805.984654,67.425234,1,"""\n"""
phase2-full-grid-rerun-20260731-l4-l4-tp1-f2040-i32-o32-r10-rep2-seg1-attempt2,phase2-full-grid-rerun-20260731-l4-l4-tp1-f2040-i32-o32-r10-rep2-seg1-attempt2-00014-fdf79e23cc4c,26,26,0,1,13,server_token_ids,1785511565255012110,1872.642005,66.657351,1,"""\n"""
phase2-full-grid-rerun-20260731-l4-l4-tp1-f2040-i32-o32-r10-rep2-seg1-attempt2,phase2-full-grid-rerun-20260731-l4-l4-tp1-f2040-i32-o32-r10-rep2-seg1-attempt2-00014-fdf79e23cc4c,27,27,0,1,27332,server_token_ids,1785511565321260791,1938.890686,66.248681,3,"""###"""
phase2-full-grid-rerun-20260731-l4-l4-tp1-f2040-i32-o32-r10-rep2-seg1-attempt2,phase2-full-grid-rerun-20260731-l4-l4-tp1-f2040-i32-o32-r10-rep2-seg1-attempt2-00014-fdf79e23cc4c,28,28,0,1,28705,server_token_ids,1785511565387369036,2004.998931,66.108245,1,""" """
phase2-full-grid-rerun-20260731-l4-l4-tp1-f2040-i32-o32-r10-rep2-seg1-attempt2,phase2-full-grid-rerun-20260731-l4-l4-tp1-f2040-i32-o32-r10-rep2-seg1-attempt2-00014-fdf79e23cc4c,29,29,0,1,28750,server_token_ids,1785511565452856645,2070.48654,65.487609,1,"""2"""
phase2-full-grid-rerun-20260731-l4-l4-tp1-f2040-i32-o32-r10-rep2-seg1-attempt2,phase2-full-grid-rerun-20260731-l4-l4-tp1-f2040-i32-o32-r10-rep2-seg1-attempt2-00014-fdf79e23cc4c,30,30,0,1,28734,server_token_ids,1785511565519559254,2137.189149,66.702609,1,"""0"""
phase2-full-grid-rerun-20260731-l4-l4-tp1-f2040-i32-o32-r10-rep2-seg1-attempt2,phase2-full-grid-rerun-20260731-l4-l4-tp1-f2040-i32-o32-r10-rep2-seg1-attempt2-00014-fdf79e23cc4c,31,31,0,1,28740,server_token_ids,1785511565586823309,2204.453204,67.264055,1,"""1"""
phase2-full-grid-rerun-20260731-l4-l4-tp1-f2040-i32-o32-r10-rep2-seg1-attempt2,phase2-full-grid-rerun-20260731-l4-l4-tp1-f2040-i32-o32-r10-rep2-seg1-attempt2-00015-75894b209b30,0,0,0,1,296,server_token_ids,1785511563667813108,182.229065,,3,"""ion"""
phase2-full-grid-rerun-20260731-l4-l4-tp1-f2040-i32-o32-r10-rep2-seg1-attempt2,phase2-full-grid-rerun-20260731-l4-l4-tp1-f2040-i32-o32-r10-rep2-seg1-attempt2-00015-75894b209b30,1,1,0,1,28752,server_token_ids,1785511563734019197,248.435154,66.206089,1,"""}"""
phase2-full-grid-rerun-20260731-l4-l4-tp1-f2040-i32-o32-r10-rep2-seg1-attempt2,phase2-full-grid-rerun-20260731-l4-l4-tp1-f2040-i32-o32-r10-rep2-seg1-attempt2-00015-75894b209b30,2,2,0,1,13,server_token_ids,1785511563797599756,312.015713,63.580559,1,"""\n"""
phase2-full-grid-rerun-20260731-l4-l4-tp1-f2040-i32-o32-r10-rep2-seg1-attempt2,phase2-full-grid-rerun-20260731-l4-l4-tp1-f2040-i32-o32-r10-rep2-seg1-attempt2-00015-75894b209b30,3,3,0,1,13,server_token_ids,1785511563869074870,383.490827,71.475114,1,"""\n"""
phase2-full-grid-rerun-20260731-l4-l4-tp1-f2040-i32-o32-r10-rep2-seg1-attempt2,phase2-full-grid-rerun-20260731-l4-l4-tp1-f2040-i32-o32-r10-rep2-seg1-attempt2-00015-75894b209b30,4,4,0,1,1064,server_token_ids,1785511563930386062,444.802019,61.311192,2,"""##"""
phase2-full-grid-rerun-20260731-l4-l4-tp1-f2040-i32-o32-r10-rep2-seg1-attempt2,phase2-full-grid-rerun-20260731-l4-l4-tp1-f2040-i32-o32-r10-rep2-seg1-attempt2-00015-75894b209b30,5,5,0,1,28705,server_token_ids,1785511564003435243,517.8512,73.049181,1,""" """
phase2-full-grid-rerun-20260731-l4-l4-tp1-f2040-i32-o32-r10-rep2-seg1-attempt2,phase2-full-grid-rerun-20260731-l4-l4-tp1-f2040-i32-o32-r10-rep2-seg1-attempt2-00015-75894b209b30,6,6,0,1,28740,server_token_ids,1785511564067341077,581.757034,63.905834,1,"""1"""
phase2-full-grid-rerun-20260731-l4-l4-tp1-f2040-i32-o32-r10-rep2-seg1-attempt2,phase2-full-grid-rerun-20260731-l4-l4-tp1-f2040-i32-o32-r10-rep2-seg1-attempt2-00015-75894b209b30,7,7,0,1,28723,server_token_ids,1785511564131745228,646.161185,64.404151,1,"""."""
phase2-full-grid-rerun-20260731-l4-l4-tp1-f2040-i32-o32-r10-rep2-seg1-attempt2,phase2-full-grid-rerun-20260731-l4-l4-tp1-f2040-i32-o32-r10-rep2-seg1-attempt2-00015-75894b209b30,8,8,0,1,23628,server_token_ids,1785511564199562241,713.978198,67.817013,13,""" Introduction"""
phase2-full-grid-rerun-20260731-l4-l4-tp1-f2040-i32-o32-r10-rep2-seg1-attempt2,phase2-full-grid-rerun-20260731-l4-l4-tp1-f2040-i32-o32-r10-rep2-seg1-attempt2-00015-75894b209b30,9,9,0,1,13,server_token_ids,1785511564262960785,777.376742,63.398544,1,"""\n"""
phase2-full-grid-rerun-20260731-l4-l4-tp1-f2040-i32-o32-r10-rep2-seg1-attempt2,phase2-full-grid-rerun-20260731-l4-l4-tp1-f2040-i32-o32-r10-rep2-seg1-attempt2-00015-75894b209b30,10,10,0,1,13,server_token_ids,1785511564329823375,844.239332,66.86259,1,"""\n"""
phase2-full-grid-rerun-20260731-l4-l4-tp1-f2040-i32-o32-r10-rep2-seg1-attempt2,phase2-full-grid-rerun-20260731-l4-l4-tp1-f2040-i32-o32-r10-rep2-seg1-attempt2-00015-75894b209b30,11,11,0,1,1014,server_token_ids,1785511564395672511,910.088468,65.849136,3,"""The"""
phase2-full-grid-rerun-20260731-l4-l4-tp1-f2040-i32-o32-r10-rep2-seg1-attempt2,phase2-full-grid-rerun-20260731-l4-l4-tp1-f2040-i32-o32-r10-rep2-seg1-attempt2-00015-75894b209b30,12,12,0,1,583,server_token_ids,1785511564466644478,981.060435,70.971967,2,""" _"""
phase2-full-grid-rerun-20260731-l4-l4-tp1-f2040-i32-o32-r10-rep2-seg1-attempt2,phase2-full-grid-rerun-20260731-l4-l4-tp1-f2040-i32-o32-r10-rep2-seg1-attempt2-00015-75894b209b30,13,13,0,1,28765,server_token_ids,1785511564546213804,1060.629761,79.569326,1,"""F"""
phase2-full-grid-rerun-20260731-l4-l4-tp1-f2040-i32-o32-r10-rep2-seg1-attempt2,phase2-full-grid-rerun-20260731-l4-l4-tp1-f2040-i32-o32-r10-rep2-seg1-attempt2-00015-75894b209b30,14,14,0,1,18296,server_token_ids,1785511564594201166,1108.617123,47.987362,7,"""raction"""
phase2-full-grid-rerun-20260731-l4-l4-tp1-f2040-i32-o32-r10-rep2-seg1-attempt2,phase2-full-grid-rerun-20260731-l4-l4-tp1-f2040-i32-o32-r10-rep2-seg1-attempt2-00015-75894b209b30,15,15,0,1,282,server_token_ids,1785511564663414061,1177.830018,69.212895,2,"""al"""
phase2-full-grid-rerun-20260731-l4-l4-tp1-f2040-i32-o32-r10-rep2-seg1-attempt2,phase2-full-grid-rerun-20260731-l4-l4-tp1-f2040-i32-o32-r10-rep2-seg1-attempt2-00015-75894b209b30,16,16,0,1,3885,server_token_ids,1785511564724017914,1238.433871,60.603853,6,""" State"""
phase2-full-grid-rerun-20260731-l4-l4-tp1-f2040-i32-o32-r10-rep2-seg1-attempt2,phase2-full-grid-rerun-20260731-l4-l4-tp1-f2040-i32-o32-r10-rep2-seg1-attempt2-00015-75894b209b30,17,17,0,1,28730,server_token_ids,1785511564799802906,1314.218863,75.784992,1,"""_"""
phase2-full-grid-rerun-20260731-l4-l4-tp1-f2040-i32-o32-r10-rep2-seg1-attempt2,phase2-full-grid-rerun-20260731-l4-l4-tp1-f2040-i32-o32-r10-rep2-seg1-attempt2-00015-75894b209b30,18,18,0,1,302,server_token_ids,1785511564858091729,1372.507686,58.288823,3,""" of"""
phase2-full-grid-rerun-20260731-l4-l4-tp1-f2040-i32-o32-r10-rep2-seg1-attempt2,phase2-full-grid-rerun-20260731-l4-l4-tp1-f2040-i32-o32-r10-rep2-seg1-attempt2-00015-75894b209b30,19,19,0,1,272,server_token_ids,1785511564926725308,1441.141265,68.633579,4,""" the"""
phase2-full-grid-rerun-20260731-l4-l4-tp1-f2040-i32-o32-r10-rep2-seg1-attempt2,phase2-full-grid-rerun-20260731-l4-l4-tp1-f2040-i32-o32-r10-rep2-seg1-attempt2-00015-75894b209b30,20,20,0,1,1524,server_token_ids,1785511564990719608,1505.135565,63.9943,4,""" art"""
phase2-full-grid-rerun-20260731-l4-l4-tp1-f2040-i32-o32-r10-rep2-seg1-attempt2,phase2-full-grid-rerun-20260731-l4-l4-tp1-f2040-i32-o32-r10-rep2-seg1-attempt2-00015-75894b209b30,21,21,0,1,349,server_token_ids,1785511565059773375,1574.189332,69.053767,3,""" is"""
phase2-full-grid-rerun-20260731-l4-l4-tp1-f2040-i32-o32-r10-rep2-seg1-attempt2,phase2-full-grid-rerun-20260731-l4-l4-tp1-f2040-i32-o32-r10-rep2-seg1-attempt2-00015-75894b209b30,22,22,0,1,264,server_token_ids,1785511565121447285,1635.863242,61.67391,2,""" a"""
phase2-full-grid-rerun-20260731-l4-l4-tp1-f2040-i32-o32-r10-rep2-seg1-attempt2,phase2-full-grid-rerun-20260731-l4-l4-tp1-f2040-i32-o32-r10-rep2-seg1-attempt2-00015-75894b209b30,23,23,0,1,1215,server_token_ids,1785511565189163969,1703.579926,67.716684,5,""" very"""
phase2-full-grid-rerun-20260731-l4-l4-tp1-f2040-i32-o32-r10-rep2-seg1-attempt2,phase2-full-grid-rerun-20260731-l4-l4-tp1-f2040-i32-o32-r10-rep2-seg1-attempt2-00015-75894b209b30,24,24,0,1,2278,server_token_ids,1785511565255575291,1769.991248,66.411322,10,""" important"""
phase2-full-grid-rerun-20260731-l4-l4-tp1-f2040-i32-o32-r10-rep2-seg1-attempt2,phase2-full-grid-rerun-20260731-l4-l4-tp1-f2040-i32-o32-r10-rep2-seg1-attempt2-00015-75894b209b30,25,25,0,1,5935,server_token_ids,1785511565321911238,1836.327195,66.335947,8,""" concept"""
phase2-full-grid-rerun-20260731-l4-l4-tp1-f2040-i32-o32-r10-rep2-seg1-attempt2,phase2-full-grid-rerun-20260731-l4-l4-tp1-f2040-i32-o32-r10-rep2-seg1-attempt2-00015-75894b209b30,26,26,0,1,297,server_token_ids,1785511565394717068,1909.133025,72.80583,3,""" in"""
phase2-full-grid-rerun-20260731-l4-l4-tp1-f2040-i32-o32-r10-rep2-seg1-attempt2,phase2-full-grid-rerun-20260731-l4-l4-tp1-f2040-i32-o32-r10-rep2-seg1-attempt2-00015-75894b209b30,27,27,0,1,272,server_token_ids,1785511565456397972,1970.813929,61.680904,4,""" the"""
phase2-full-grid-rerun-20260731-l4-l4-tp1-f2040-i32-o32-r10-rep2-seg1-attempt2,phase2-full-grid-rerun-20260731-l4-l4-tp1-f2040-i32-o32-r10-rep2-seg1-attempt2-00015-75894b209b30,28,28,0,1,1834,server_token_ids,1785511565520222922,2034.638879,63.82495,6,""" field"""
phase2-full-grid-rerun-20260731-l4-l4-tp1-f2040-i32-o32-r10-rep2-seg1-attempt2,phase2-full-grid-rerun-20260731-l4-l4-tp1-f2040-i32-o32-r10-rep2-seg1-attempt2-00015-75894b209b30,29,29,0,1,302,server_token_ids,1785511565587176569,2101.592526,66.953647,3,""" of"""
phase2-full-grid-rerun-20260731-l4-l4-tp1-f2040-i32-o32-r10-rep2-seg1-attempt2,phase2-full-grid-rerun-20260731-l4-l4-tp1-f2040-i32-o32-r10-rep2-seg1-attempt2-00015-75894b209b30,30,30,0,1,16872,server_token_ids,1785511565654576099,2168.992056,67.39953,9,""" mathemat"""
phase2-full-grid-rerun-20260731-l4-l4-tp1-f2040-i32-o32-r10-rep2-seg1-attempt2,phase2-full-grid-rerun-20260731-l4-l4-tp1-f2040-i32-o32-r10-rep2-seg1-attempt2-00015-75894b209b30,31,31,0,1,1063,server_token_ids,1785511565718145304,2232.561261,63.569205,3,"""ics"""
phase2-full-grid-rerun-20260731-l4-l4-tp1-f2040-i32-o32-r10-rep2-seg1-attempt2,phase2-full-grid-rerun-20260731-l4-l4-tp1-f2040-i32-o32-r10-rep2-seg1-attempt2-00016-83ab87c503ae,0,0,0,1,13,server_token_ids,1785511563734178672,152.714676,,1,"""\n"""
phase2-full-grid-rerun-20260731-l4-l4-tp1-f2040-i32-o32-r10-rep2-seg1-attempt2,phase2-full-grid-rerun-20260731-l4-l4-tp1-f2040-i32-o32-r10-rep2-seg1-attempt2-00016-83ab87c503ae,1,1,0,1,13,server_token_ids,1785511563797764164,216.300168,63.585492,1,"""\n"""
phase2-full-grid-rerun-20260731-l4-l4-tp1-f2040-i32-o32-r10-rep2-seg1-attempt2,phase2-full-grid-rerun-20260731-l4-l4-tp1-f2040-i32-o32-r10-rep2-seg1-attempt2-00016-83ab87c503ae,2,2,0,1,28771,server_token_ids,1785511563869315233,287.851237,71.551069,1,"""#"""
phase2-full-grid-rerun-20260731-l4-l4-tp1-f2040-i32-o32-r10-rep2-seg1-attempt2,phase2-full-grid-rerun-20260731-l4-l4-tp1-f2040-i32-o32-r10-rep2-seg1-attempt2-00016-83ab87c503ae,3,3,0,1,415,server_token_ids,1785511563930547176,349.08318,61.231943,4,""" The"""
phase2-full-grid-rerun-20260731-l4-l4-tp1-f2040-i32-o32-r10-rep2-seg1-attempt2,phase2-full-grid-rerun-20260731-l4-l4-tp1-f2040-i32-o32-r10-rep2-seg1-attempt2-00016-83ab87c503ae,4,4,0,1,28705,server_token_ids,1785511564003758696,422.2947,73.21152,1,""" """
phase2-full-grid-rerun-20260731-l4-l4-tp1-f2040-i32-o32-r10-rep2-seg1-attempt2,phase2-full-grid-rerun-20260731-l4-l4-tp1-f2040-i32-o32-r10-rep2-seg1-attempt2-00016-83ab87c503ae,5,5,0,1,28750,server_token_ids,1785511564067682337,486.218341,63.923641,1,"""2"""
phase2-full-grid-rerun-20260731-l4-l4-tp1-f2040-i32-o32-r10-rep2-seg1-attempt2,phase2-full-grid-rerun-20260731-l4-l4-tp1-f2040-i32-o32-r10-rep2-seg1-attempt2-00016-83ab87c503ae,6,6,0,1,28734,server_token_ids,1785511564132054871,550.590875,64.372534,1,"""0"""
phase2-full-grid-rerun-20260731-l4-l4-tp1-f2040-i32-o32-r10-rep2-seg1-attempt2,phase2-full-grid-rerun-20260731-l4-l4-tp1-f2040-i32-o32-r10-rep2-seg1-attempt2-00016-83ab87c503ae,7,7,0,1,28740,server_token_ids,1785511564199902419,618.438423,67.847548,1,"""1"""
phase2-full-grid-rerun-20260731-l4-l4-tp1-f2040-i32-o32-r10-rep2-seg1-attempt2,phase2-full-grid-rerun-20260731-l4-l4-tp1-f2040-i32-o32-r10-rep2-seg1-attempt2-00016-83ab87c503ae,8,8,0,1,28783,server_token_ids,1785511564266869130,685.405134,66.966711,1,"""8"""
phase2-full-grid-rerun-20260731-l4-l4-tp1-f2040-i32-o32-r10-rep2-seg1-attempt2,phase2-full-grid-rerun-20260731-l4-l4-tp1-f2040-i32-o32-r10-rep2-seg1-attempt2-00016-83ab87c503ae,9,9,0,1,28733,server_token_ids,1785511564330242349,748.778353,63.373219,1,"""-"""
phase2-full-grid-rerun-20260731-l4-l4-tp1-f2040-i32-o32-r10-rep2-seg1-attempt2,phase2-full-grid-rerun-20260731-l4-l4-tp1-f2040-i32-o32-r10-rep2-seg1-attempt2-00016-83ab87c503ae,10,10,0,1,28740,server_token_ids,1785511564396079952,814.615956,65.837603,1,"""1"""
phase2-full-grid-rerun-20260731-l4-l4-tp1-f2040-i32-o32-r10-rep2-seg1-attempt2,phase2-full-grid-rerun-20260731-l4-l4-tp1-f2040-i32-o32-r10-rep2-seg1-attempt2-00016-83ab87c503ae,11,11,0,1,28774,server_token_ids,1785511564467153679,885.689683,71.073727,1,"""9"""
phase2-full-grid-rerun-20260731-l4-l4-tp1-f2040-i32-o32-r10-rep2-seg1-attempt2,phase2-full-grid-rerun-20260731-l4-l4-tp1-f2040-i32-o32-r10-rep2-seg1-attempt2-00016-83ab87c503ae,12,12,0,1,21041,server_token_ids,1785511564546674664,965.210668,79.520985,4,""" NBA"""
phase2-full-grid-rerun-20260731-l4-l4-tp1-f2040-i32-o32-r10-rep2-seg1-attempt2,phase2-full-grid-rerun-20260731-l4-l4-tp1-f2040-i32-o32-r10-rep2-seg1-attempt2-00016-83ab87c503ae,13,13,0,1,3302,server_token_ids,1785511564594608157,1013.144161,47.933493,7,""" season"""
phase2-full-grid-rerun-20260731-l4-l4-tp1-f2040-i32-o32-r10-rep2-seg1-attempt2,phase2-full-grid-rerun-20260731-l4-l4-tp1-f2040-i32-o32-r10-rep2-seg1-attempt2-00016-83ab87c503ae,14,14,0,1,349,server_token_ids,1785511564663853626,1082.38963,69.245469,3,""" is"""
phase2-full-grid-rerun-20260731-l4-l4-tp1-f2040-i32-o32-r10-rep2-seg1-attempt2,phase2-full-grid-rerun-20260731-l4-l4-tp1-f2040-i32-o32-r10-rep2-seg1-attempt2-00016-83ab87c503ae,15,15,0,1,1236,server_token_ids,1785511564724413001,1142.949005,60.559375,5,""" here"""
phase2-full-grid-rerun-20260731-l4-l4-tp1-f2040-i32-o32-r10-rep2-seg1-attempt2,phase2-full-grid-rerun-20260731-l4-l4-tp1-f2040-i32-o32-r10-rep2-seg1-attempt2-00016-83ab87c503ae,16,16,0,1,13,server_token_ids,1785511564800178976,1218.71498,75.765975,1,"""\n"""
phase2-full-grid-rerun-20260731-l4-l4-tp1-f2040-i32-o32-r10-rep2-seg1-attempt2,phase2-full-grid-rerun-20260731-l4-l4-tp1-f2040-i32-o32-r10-rep2-seg1-attempt2-00016-83ab87c503ae,17,17,0,1,13,server_token_ids,1785511564858628916,1277.16492,58.44994,1,"""\n"""
phase2-full-grid-rerun-20260731-l4-l4-tp1-f2040-i32-o32-r10-rep2-seg1-attempt2,phase2-full-grid-rerun-20260731-l4-l4-tp1-f2040-i32-o32-r10-rep2-seg1-attempt2-00016-83ab87c503ae,18,18,0,1,1014,server_token_ids,1785511564927242412,1345.778416,68.613496,3,"""The"""
phase2-full-grid-rerun-20260731-l4-l4-tp1-f2040-i32-o32-r10-rep2-seg1-attempt2,phase2-full-grid-rerun-20260731-l4-l4-tp1-f2040-i32-o32-r10-rep2-seg1-attempt2-00016-83ab87c503ae,19,19,0,1,28705,server_token_ids,1785511564991176583,1409.712587,63.934171,1,""" """
phase2-full-grid-rerun-20260731-l4-l4-tp1-f2040-i32-o32-r10-rep2-seg1-attempt2,phase2-full-grid-rerun-20260731-l4-l4-tp1-f2040-i32-o32-r10-rep2-seg1-attempt2-00016-83ab87c503ae,20,20,0,1,28750,server_token_ids,1785511565060135750,1478.671754,68.959167,1,"""2"""
phase2-full-grid-rerun-20260731-l4-l4-tp1-f2040-i32-o32-r10-rep2-seg1-attempt2,phase2-full-grid-rerun-20260731-l4-l4-tp1-f2040-i32-o32-r10-rep2-seg1-attempt2-00016-83ab87c503ae,21,21,0,1,28734,server_token_ids,1785511565121645972,1540.181976,61.510222,1,"""0"""
phase2-full-grid-rerun-20260731-l4-l4-tp1-f2040-i32-o32-r10-rep2-seg1-attempt2,phase2-full-grid-rerun-20260731-l4-l4-tp1-f2040-i32-o32-r10-rep2-seg1-attempt2-00016-83ab87c503ae,22,22,0,1,28740,server_token_ids,1785511565191602030,1610.138034,69.956058,1,"""1"""
phase2-full-grid-rerun-20260731-l4-l4-tp1-f2040-i32-o32-r10-rep2-seg1-attempt2,phase2-full-grid-rerun-20260731-l4-l4-tp1-f2040-i32-o32-r10-rep2-seg1-attempt2-00016-83ab87c503ae,23,23,0,1,28783,server_token_ids,1785511565259007861,1677.543865,67.405831,1,"""8"""
phase2-full-grid-rerun-20260731-l4-l4-tp1-f2040-i32-o32-r10-rep2-seg1-attempt2,phase2-full-grid-rerun-20260731-l4-l4-tp1-f2040-i32-o32-r10-rep2-seg1-attempt2-00016-83ab87c503ae,24,24,0,1,28733,server_token_ids,1785511565322284758,1740.820762,63.276897,1,"""-"""
phase2-full-grid-rerun-20260731-l4-l4-tp1-f2040-i32-o32-r10-rep2-seg1-attempt2,phase2-full-grid-rerun-20260731-l4-l4-tp1-f2040-i32-o32-r10-rep2-seg1-attempt2-00016-83ab87c503ae,25,25,0,1,28740,server_token_ids,1785511565396454735,1814.990739,74.169977,1,"""1"""
phase2-full-grid-rerun-20260731-l4-l4-tp1-f2040-i32-o32-r10-rep2-seg1-attempt2,phase2-full-grid-rerun-20260731-l4-l4-tp1-f2040-i32-o32-r10-rep2-seg1-attempt2-00016-83ab87c503ae,26,26,0,1,28774,server_token_ids,1785511565456855492,1875.391496,60.400757,1,"""9"""
phase2-full-grid-rerun-20260731-l4-l4-tp1-f2040-i32-o32-r10-rep2-seg1-attempt2,phase2-full-grid-rerun-20260731-l4-l4-tp1-f2040-i32-o32-r10-rep2-seg1-attempt2-00016-83ab87c503ae,27,27,0,1,21041,server_token_ids,1785511565520661297,1939.197301,63.805805,4,""" NBA"""
phase2-full-grid-rerun-20260731-l4-l4-tp1-f2040-i32-o32-r10-rep2-seg1-attempt2,phase2-full-grid-rerun-20260731-l4-l4-tp1-f2040-i32-o32-r10-rep2-seg1-attempt2-00016-83ab87c503ae,28,28,0,1,3302,server_token_ids,1785511565587560020,2006.096024,66.898723,7,""" season"""
phase2-full-grid-rerun-20260731-l4-l4-tp1-f2040-i32-o32-r10-rep2-seg1-attempt2,phase2-full-grid-rerun-20260731-l4-l4-tp1-f2040-i32-o32-r10-rep2-seg1-attempt2-00016-83ab87c503ae,29,29,0,1,349,server_token_ids,1785511565654970927,2073.506931,67.410907,3,""" is"""
phase2-full-grid-rerun-20260731-l4-l4-tp1-f2040-i32-o32-r10-rep2-seg1-attempt2,phase2-full-grid-rerun-20260731-l4-l4-tp1-f2040-i32-o32-r10-rep2-seg1-attempt2-00016-83ab87c503ae,30,30,0,1,1236,server_token_ids,1785511565718705037,2137.241041,63.73411,5,""" here"""
phase2-full-grid-rerun-20260731-l4-l4-tp1-f2040-i32-o32-r10-rep2-seg1-attempt2,phase2-full-grid-rerun-20260731-l4-l4-tp1-f2040-i32-o32-r10-rep2-seg1-attempt2-00016-83ab87c503ae,31,31,0,1,13,server_token_ids,1785511565788262845,2206.798849,69.557808,1,"""\n"""
phase2-full-grid-rerun-20260731-l4-l4-tp1-f2040-i32-o32-r10-rep2-seg1-attempt2,phase2-full-grid-rerun-20260731-l4-l4-tp1-f2040-i32-o32-r10-rep2-seg1-attempt2-00017-6cb7ce2547fc,0,0,0,1,636,server_token_ids,1785511563865435710,182.918975,,4,"""ence"""
phase2-full-grid-rerun-20260731-l4-l4-tp1-f2040-i32-o32-r10-rep2-seg1-attempt2,phase2-full-grid-rerun-20260731-l4-l4-tp1-f2040-i32-o32-r10-rep2-seg1-attempt2-00017-6cb7ce2547fc,1,1,0,1,302,server_token_ids,1785511563930295399,247.778664,64.859689,3,""" of"""
phase2-full-grid-rerun-20260731-l4-l4-tp1-f2040-i32-o32-r10-rep2-seg1-attempt2,phase2-full-grid-rerun-20260731-l4-l4-tp1-f2040-i32-o32-r10-rep2-seg1-attempt2-00017-6cb7ce2547fc,2,2,0,1,272,server_token_ids,1785511564002638683,320.121948,72.343284,4,""" the"""
phase2-full-grid-rerun-20260731-l4-l4-tp1-f2040-i32-o32-r10-rep2-seg1-attempt2,phase2-full-grid-rerun-20260731-l4-l4-tp1-f2040-i32-o32-r10-rep2-seg1-attempt2-00017-6cb7ce2547fc,3,3,0,1,4686,server_token_ids,1785511564062857686,380.340951,60.219003,4,""" web"""
phase2-full-grid-rerun-20260731-l4-l4-tp1-f2040-i32-o32-r10-rep2-seg1-attempt2,phase2-full-grid-rerun-20260731-l4-l4-tp1-f2040-i32-o32-r10-rep2-seg1-attempt2-00017-6cb7ce2547fc,4,4,0,1,3455,server_token_ids,1785511564130712438,448.195703,67.854752,5,""" site"""
phase2-full-grid-rerun-20260731-l4-l4-tp1-f2040-i32-o32-r10-rep2-seg1-attempt2,phase2-full-grid-rerun-20260731-l4-l4-tp1-f2040-i32-o32-r10-rep2-seg1-attempt2-00017-6cb7ce2547fc,5,5,0,1,28723,server_token_ids,1785511564198605809,516.089074,67.893371,1,"""."""
phase2-full-grid-rerun-20260731-l4-l4-tp1-f2040-i32-o32-r10-rep2-seg1-attempt2,phase2-full-grid-rerun-20260731-l4-l4-tp1-f2040-i32-o32-r10-rep2-seg1-attempt2-00017-6cb7ce2547fc,6,6,0,1,13,server_token_ids,1785511564262205494,579.688759,63.599685,1,"""\n"""
phase2-full-grid-rerun-20260731-l4-l4-tp1-f2040-i32-o32-r10-rep2-seg1-attempt2,phase2-full-grid-rerun-20260731-l4-l4-tp1-f2040-i32-o32-r10-rep2-seg1-attempt2-00017-6cb7ce2547fc,7,7,0,1,13,server_token_ids,1785511564328981461,646.464726,66.775967,1,"""\n"""
phase2-full-grid-rerun-20260731-l4-l4-tp1-f2040-i32-o32-r10-rep2-seg1-attempt2,phase2-full-grid-rerun-20260731-l4-l4-tp1-f2040-i32-o32-r10-rep2-seg1-attempt2-00017-6cb7ce2547fc,8,8,0,1,1064,server_token_ids,1785511564395326101,712.809366,66.34464,2,"""##"""
phase2-full-grid-rerun-20260731-l4-l4-tp1-f2040-i32-o32-r10-rep2-seg1-attempt2,phase2-full-grid-rerun-20260731-l4-l4-tp1-f2040-i32-o32-r10-rep2-seg1-attempt2-00017-6cb7ce2547fc,9,9,0,1,28705,server_token_ids,1785511564461926270,779.409535,66.600169,1,""" """
phase2-full-grid-rerun-20260731-l4-l4-tp1-f2040-i32-o32-r10-rep2-seg1-attempt2,phase2-full-grid-rerun-20260731-l4-l4-tp1-f2040-i32-o32-r10-rep2-seg1-attempt2-00017-6cb7ce2547fc,10,10,0,1,28740,server_token_ids,1785511564533181550,850.664815,71.25528,1,"""1"""
phase2-full-grid-rerun-20260731-l4-l4-tp1-f2040-i32-o32-r10-rep2-seg1-attempt2,phase2-full-grid-rerun-20260731-l4-l4-tp1-f2040-i32-o32-r10-rep2-seg1-attempt2-00017-6cb7ce2547fc,11,11,0,1,28723,server_token_ids,1785511564593429356,910.912621,60.247806,1,"""."""
phase2-full-grid-rerun-20260731-l4-l4-tp1-f2040-i32-o32-r10-rep2-seg1-attempt2,phase2-full-grid-rerun-20260731-l4-l4-tp1-f2040-i32-o32-r10-rep2-seg1-attempt2-00017-6cb7ce2547fc,12,12,0,1,23628,server_token_ids,1785511564659254979,976.738244,65.825623,13,""" Introduction"""
phase2-full-grid-rerun-20260731-l4-l4-tp1-f2040-i32-o32-r10-rep2-seg1-attempt2,phase2-full-grid-rerun-20260731-l4-l4-tp1-f2040-i32-o32-r10-rep2-seg1-attempt2-00017-6cb7ce2547fc,13,13,0,1,13,server_token_ids,1785511564723118210,1040.601475,63.863231,1,"""\n"""
phase2-full-grid-rerun-20260731-l4-l4-tp1-f2040-i32-o32-r10-rep2-seg1-attempt2,phase2-full-grid-rerun-20260731-l4-l4-tp1-f2040-i32-o32-r10-rep2-seg1-attempt2-00017-6cb7ce2547fc,14,14,0,1,13,server_token_ids,1785511564797894498,1115.377763,74.776288,1,"""\n"""
phase2-full-grid-rerun-20260731-l4-l4-tp1-f2040-i32-o32-r10-rep2-seg1-attempt2,phase2-full-grid-rerun-20260731-l4-l4-tp1-f2040-i32-o32-r10-rep2-seg1-attempt2-00017-6cb7ce2547fc,15,15,0,1,1014,server_token_ids,1785511564856972525,1174.45579,59.078027,3,"""The"""
phase2-full-grid-rerun-20260731-l4-l4-tp1-f2040-i32-o32-r10-rep2-seg1-attempt2,phase2-full-grid-rerun-20260731-l4-l4-tp1-f2040-i32-o32-r10-rep2-seg1-attempt2-00017-6cb7ce2547fc,16,16,0,1,4686,server_token_ids,1785511564926131802,1243.615067,69.159277,4,""" web"""
phase2-full-grid-rerun-20260731-l4-l4-tp1-f2040-i32-o32-r10-rep2-seg1-attempt2,phase2-full-grid-rerun-20260731-l4-l4-tp1-f2040-i32-o32-r10-rep2-seg1-attempt2-00017-6cb7ce2547fc,17,17,0,1,3455,server_token_ids,1785511564989633072,1307.116337,63.50127,5,""" site"""
phase2-full-grid-rerun-20260731-l4-l4-tp1-f2040-i32-o32-r10-rep2-seg1-attempt2,phase2-full-grid-rerun-20260731-l4-l4-tp1-f2040-i32-o32-r10-rep2-seg1-attempt2-00017-6cb7ce2547fc,18,18,0,1,349,server_token_ids,1785511565058661511,1376.144776,69.028439,3,""" is"""
phase2-full-grid-rerun-20260731-l4-l4-tp1-f2040-i32-o32-r10-rep2-seg1-attempt2,phase2-full-grid-rerun-20260731-l4-l4-tp1-f2040-i32-o32-r10-rep2-seg1-attempt2-00017-6cb7ce2547fc,19,19,0,1,264,server_token_ids,1785511565120606217,1438.089482,61.944706,2,""" a"""
phase2-full-grid-rerun-20260731-l4-l4-tp1-f2040-i32-o32-r10-rep2-seg1-attempt2,phase2-full-grid-rerun-20260731-l4-l4-tp1-f2040-i32-o32-r10-rep2-seg1-attempt2-00017-6cb7ce2547fc,20,20,0,1,1215,server_token_ids,1785511565188044970,1505.528235,67.438753,5,""" very"""
phase2-full-grid-rerun-20260731-l4-l4-tp1-f2040-i32-o32-r10-rep2-seg1-attempt2,phase2-full-grid-rerun-20260731-l4-l4-tp1-f2040-i32-o32-r10-rep2-seg1-attempt2-00017-6cb7ce2547fc,21,21,0,1,2278,server_token_ids,1785511565254698632,1572.181897,66.653662,10,""" important"""
phase2-full-grid-rerun-20260731-l4-l4-tp1-f2040-i32-o32-r10-rep2-seg1-attempt2,phase2-full-grid-rerun-20260731-l4-l4-tp1-f2040-i32-o32-r10-rep2-seg1-attempt2-00017-6cb7ce2547fc,22,22,0,1,744,server_token_ids,1785511565320936822,1638.420087,66.23819,5,""" part"""
phase2-full-grid-rerun-20260731-l4-l4-tp1-f2040-i32-o32-r10-rep2-seg1-attempt2,phase2-full-grid-rerun-20260731-l4-l4-tp1-f2040-i32-o32-r10-rep2-seg1-attempt2-00017-6cb7ce2547fc,23,23,0,1,302,server_token_ids,1785511565387038027,1704.521292,66.101205,3,""" of"""
phase2-full-grid-rerun-20260731-l4-l4-tp1-f2040-i32-o32-r10-rep2-seg1-attempt2,phase2-full-grid-rerun-20260731-l4-l4-tp1-f2040-i32-o32-r10-rep2-seg1-attempt2-00017-6cb7ce2547fc,24,24,0,1,272,server_token_ids,1785511565452539718,1770.022983,65.501691,4,""" the"""
phase2-full-grid-rerun-20260731-l4-l4-tp1-f2040-i32-o32-r10-rep2-seg1-attempt2,phase2-full-grid-rerun-20260731-l4-l4-tp1-f2040-i32-o32-r10-rep2-seg1-attempt2-00017-6cb7ce2547fc,25,25,0,1,4686,server_token_ids,1785511565519225352,1836.708617,66.685634,4,""" web"""
phase2-full-grid-rerun-20260731-l4-l4-tp1-f2040-i32-o32-r10-rep2-seg1-attempt2,phase2-full-grid-rerun-20260731-l4-l4-tp1-f2040-i32-o32-r10-rep2-seg1-attempt2-00017-6cb7ce2547fc,26,26,0,1,3455,server_token_ids,1785511565586469186,1903.952451,67.243834,5,""" site"""
phase2-full-grid-rerun-20260731-l4-l4-tp1-f2040-i32-o32-r10-rep2-seg1-attempt2,phase2-full-grid-rerun-20260731-l4-l4-tp1-f2040-i32-o32-r10-rep2-seg1-attempt2-00017-6cb7ce2547fc,27,27,0,1,28723,server_token_ids,1785511565651057669,1968.540934,64.588483,1,"""."""
phase2-full-grid-rerun-20260731-l4-l4-tp1-f2040-i32-o32-r10-rep2-seg1-attempt2,phase2-full-grid-rerun-20260731-l4-l4-tp1-f2040-i32-o32-r10-rep2-seg1-attempt2-00017-6cb7ce2547fc,28,28,0,1,415,server_token_ids,1785511565717208229,2034.691494,66.15056,4,""" The"""
phase2-full-grid-rerun-20260731-l4-l4-tp1-f2040-i32-o32-r10-rep2-seg1-attempt2,phase2-full-grid-rerun-20260731-l4-l4-tp1-f2040-i32-o32-r10-rep2-seg1-attempt2-00017-6cb7ce2547fc,29,29,0,1,4686,server_token_ids,1785511565787443854,2104.927119,70.235625,4,""" web"""
phase2-full-grid-rerun-20260731-l4-l4-tp1-f2040-i32-o32-r10-rep2-seg1-attempt2,phase2-full-grid-rerun-20260731-l4-l4-tp1-f2040-i32-o32-r10-rep2-seg1-attempt2-00017-6cb7ce2547fc,30,30,0,1,3455,server_token_ids,1785511565849321960,2166.805225,61.878106,5,""" site"""
phase2-full-grid-rerun-20260731-l4-l4-tp1-f2040-i32-o32-r10-rep2-seg1-attempt2,phase2-full-grid-rerun-20260731-l4-l4-tp1-f2040-i32-o32-r10-rep2-seg1-attempt2-00017-6cb7ce2547fc,31,31,0,1,349,server_token_ids,1785511565916551067,2234.034332,67.229107,3,""" is"""
phase2-full-grid-rerun-20260731-l4-l4-tp1-f2040-i32-o32-r10-rep2-seg1-attempt2,phase2-full-grid-rerun-20260731-l4-l4-tp1-f2040-i32-o32-r10-rep2-seg1-attempt2-00018-424910720ff7,0,0,0,1,364,server_token_ids,1785511564000419251,218.264326,,2,"""qu"""
phase2-full-grid-rerun-20260731-l4-l4-tp1-f2040-i32-o32-r10-rep2-seg1-attempt2,phase2-full-grid-rerun-20260731-l4-l4-tp1-f2040-i32-o32-r10-rep2-seg1-attempt2-00018-424910720ff7,1,1,0,1,1360,server_token_ids,1785511564062569265,280.41434,62.150014,4,"""ired"""
phase2-full-grid-rerun-20260731-l4-l4-tp1-f2040-i32-o32-r10-rep2-seg1-attempt2,phase2-full-grid-rerun-20260731-l4-l4-tp1-f2040-i32-o32-r10-rep2-seg1-attempt2-00018-424910720ff7,2,2,0,1,13,server_token_ids,1785511564130399544,348.244619,67.830279,1,"""\n"""
phase2-full-grid-rerun-20260731-l4-l4-tp1-f2040-i32-o32-r10-rep2-seg1-attempt2,phase2-full-grid-rerun-20260731-l4-l4-tp1-f2040-i32-o32-r10-rep2-seg1-attempt2-00018-424910720ff7,3,3,0,1,13,server_token_ids,1785511564198325262,416.170337,67.925718,1,"""\n"""
phase2-full-grid-rerun-20260731-l4-l4-tp1-f2040-i32-o32-r10-rep2-seg1-attempt2,phase2-full-grid-rerun-20260731-l4-l4-tp1-f2040-i32-o32-r10-rep2-seg1-attempt2-00018-424910720ff7,4,4,0,1,1064,server_token_ids,1785511564261948563,479.793638,63.623301,2,"""##"""
phase2-full-grid-rerun-20260731-l4-l4-tp1-f2040-i32-o32-r10-rep2-seg1-attempt2,phase2-full-grid-rerun-20260731-l4-l4-tp1-f2040-i32-o32-r10-rep2-seg1-attempt2-00018-424910720ff7,5,5,0,1,28705,server_token_ids,1785511564328726882,546.571957,66.778319,1,""" """
phase2-full-grid-rerun-20260731-l4-l4-tp1-f2040-i32-o32-r10-rep2-seg1-attempt2,phase2-full-grid-rerun-20260731-l4-l4-tp1-f2040-i32-o32-r10-rep2-seg1-attempt2-00018-424910720ff7,6,6,0,1,28740,server_token_ids,1785511564395053486,612.898561,66.326604,1,"""1"""
phase2-full-grid-rerun-20260731-l4-l4-tp1-f2040-i32-o32-r10-rep2-seg1-attempt2,phase2-full-grid-rerun-20260731-l4-l4-tp1-f2040-i32-o32-r10-rep2-seg1-attempt2-00018-424910720ff7,7,7,0,1,23628,server_token_ids,1785511564461669230,679.514305,66.615744,13,""" Introduction"""
phase2-full-grid-rerun-20260731-l4-l4-tp1-f2040-i32-o32-r10-rep2-seg1-attempt2,phase2-full-grid-rerun-20260731-l4-l4-tp1-f2040-i32-o32-r10-rep2-seg1-attempt2-00018-424910720ff7,8,8,0,1,13,server_token_ids,1785511564532771709,750.616784,71.102479,1,"""\n"""
phase2-full-grid-rerun-20260731-l4-l4-tp1-f2040-i32-o32-r10-rep2-seg1-attempt2,phase2-full-grid-rerun-20260731-l4-l4-tp1-f2040-i32-o32-r10-rep2-seg1-attempt2-00018-424910720ff7,9,9,0,1,13,server_token_ids,1785511564593241681,811.086756,60.469972,1,"""\n"""
phase2-full-grid-rerun-20260731-l4-l4-tp1-f2040-i32-o32-r10-rep2-seg1-attempt2,phase2-full-grid-rerun-20260731-l4-l4-tp1-f2040-i32-o32-r10-rep2-seg1-attempt2-00018-424910720ff7,10,10,0,1,1014,server_token_ids,1785511564659077470,876.922545,65.835789,3,"""The"""
phase2-full-grid-rerun-20260731-l4-l4-tp1-f2040-i32-o32-r10-rep2-seg1-attempt2,phase2-full-grid-rerun-20260731-l4-l4-tp1-f2040-i32-o32-r10-rep2-seg1-attempt2-00018-424910720ff7,11,11,0,1,583,server_token_ids,1785511564722943908,940.788983,63.866438,2,""" _"""
phase2-full-grid-rerun-20260731-l4-l4-tp1-f2040-i32-o32-r10-rep2-seg1-attempt2,phase2-full-grid-rerun-20260731-l4-l4-tp1-f2040-i32-o32-r10-rep2-seg1-attempt2-00018-424910720ff7,12,12,0,1,28765,server_token_ids,1785511564790301512,1008.146587,67.357604,1,"""F"""
phase2-full-grid-rerun-20260731-l4-l4-tp1-f2040-i32-o32-r10-rep2-seg1-attempt2,phase2-full-grid-rerun-20260731-l4-l4-tp1-f2040-i32-o32-r10-rep2-seg1-attempt2-00018-424910720ff7,13,13,0,1,18296,server_token_ids,1785511564856779479,1074.624554,66.477967,7,"""raction"""
phase2-full-grid-rerun-20260731-l4-l4-tp1-f2040-i32-o32-r10-rep2-seg1-attempt2,phase2-full-grid-rerun-20260731-l4-l4-tp1-f2040-i32-o32-r10-rep2-seg1-attempt2-00018-424910720ff7,14,14,0,1,282,server_token_ids,1785511564925904712,1143.749787,69.125233,2,"""al"""
phase2-full-grid-rerun-20260731-l4-l4-tp1-f2040-i32-o32-r10-rep2-seg1-attempt2,phase2-full-grid-rerun-20260731-l4-l4-tp1-f2040-i32-o32-r10-rep2-seg1-attempt2-00018-424910720ff7,15,15,0,1,3885,server_token_ids,1785511564989401210,1207.246285,63.496498,6,""" State"""
phase2-full-grid-rerun-20260731-l4-l4-tp1-f2040-i32-o32-r10-rep2-seg1-attempt2,phase2-full-grid-rerun-20260731-l4-l4-tp1-f2040-i32-o32-r10-rep2-seg1-attempt2-00018-424910720ff7,16,16,0,1,28730,server_token_ids,1785511565055689071,1273.534146,66.287861,1,"""_"""
phase2-full-grid-rerun-20260731-l4-l4-tp1-f2040-i32-o32-r10-rep2-seg1-attempt2,phase2-full-grid-rerun-20260731-l4-l4-tp1-f2040-i32-o32-r10-rep2-seg1-attempt2-00018-424910720ff7,17,17,0,1,302,server_token_ids,1785511565120309773,1338.154848,64.620702,3,""" of"""
phase2-full-grid-rerun-20260731-l4-l4-tp1-f2040-i32-o32-r10-rep2-seg1-attempt2,phase2-full-grid-rerun-20260731-l4-l4-tp1-f2040-i32-o32-r10-rep2-seg1-attempt2-00018-424910720ff7,18,18,0,1,272,server_token_ids,1785511565187742614,1405.587689,67.432841,4,""" the"""
phase2-full-grid-rerun-20260731-l4-l4-tp1-f2040-i32-o32-r10-rep2-seg1-attempt2,phase2-full-grid-rerun-20260731-l4-l4-tp1-f2040-i32-o32-r10-rep2-seg1-attempt2-00018-424910720ff7,19,19,0,1,1524,server_token_ids,1785511565254398447,1472.243522,66.655833,4,""" art"""
phase2-full-grid-rerun-20260731-l4-l4-tp1-f2040-i32-o32-r10-rep2-seg1-attempt2,phase2-full-grid-rerun-20260731-l4-l4-tp1-f2040-i32-o32-r10-rep2-seg1-attempt2-00018-424910720ff7,20,20,0,1,349,server_token_ids,1785511565320662525,1538.5076,66.264078,3,""" is"""
phase2-full-grid-rerun-20260731-l4-l4-tp1-f2040-i32-o32-r10-rep2-seg1-attempt2,phase2-full-grid-rerun-20260731-l4-l4-tp1-f2040-i32-o32-r10-rep2-seg1-attempt2-00018-424910720ff7,21,21,0,1,264,server_token_ids,1785511565386612193,1604.457268,65.949668,2,""" a"""
phase2-full-grid-rerun-20260731-l4-l4-tp1-f2040-i32-o32-r10-rep2-seg1-attempt2,phase2-full-grid-rerun-20260731-l4-l4-tp1-f2040-i32-o32-r10-rep2-seg1-attempt2-00018-424910720ff7,22,22,0,1,1215,server_token_ids,1785511565452325062,1670.170137,65.712869,5,""" very"""
phase2-full-grid-rerun-20260731-l4-l4-tp1-f2040-i32-o32-r10-rep2-seg1-attempt2,phase2-full-grid-rerun-20260731-l4-l4-tp1-f2040-i32-o32-r10-rep2-seg1-attempt2-00018-424910720ff7,23,23,0,1,2278,server_token_ids,1785511565519017564,1736.862639,66.692502,10,""" important"""
phase2-full-grid-rerun-20260731-l4-l4-tp1-f2040-i32-o32-r10-rep2-seg1-attempt2,phase2-full-grid-rerun-20260731-l4-l4-tp1-f2040-i32-o32-r10-rep2-seg1-attempt2-00018-424910720ff7,24,24,0,1,5935,server_token_ids,1785511565586264913,1804.109988,67.247349,8,""" concept"""
phase2-full-grid-rerun-20260731-l4-l4-tp1-f2040-i32-o32-r10-rep2-seg1-attempt2,phase2-full-grid-rerun-20260731-l4-l4-tp1-f2040-i32-o32-r10-rep2-seg1-attempt2-00018-424910720ff7,25,25,0,1,297,server_token_ids,1785511565650858925,1868.704,64.594012,3,""" in"""
phase2-full-grid-rerun-20260731-l4-l4-tp1-f2040-i32-o32-r10-rep2-seg1-attempt2,phase2-full-grid-rerun-20260731-l4-l4-tp1-f2040-i32-o32-r10-rep2-seg1-attempt2-00018-424910720ff7,26,26,0,1,272,server_token_ids,1785511565716994678,1934.839753,66.135753,4,""" the"""
phase2-full-grid-rerun-20260731-l4-l4-tp1-f2040-i32-o32-r10-rep2-seg1-attempt2,phase2-full-grid-rerun-20260731-l4-l4-tp1-f2040-i32-o32-r10-rep2-seg1-attempt2-00018-424910720ff7,27,27,0,1,1834,server_token_ids,1785511565787234386,2005.079461,70.239708,6,""" field"""
phase2-full-grid-rerun-20260731-l4-l4-tp1-f2040-i32-o32-r10-rep2-seg1-attempt2,phase2-full-grid-rerun-20260731-l4-l4-tp1-f2040-i32-o32-r10-rep2-seg1-attempt2-00018-424910720ff7,28,28,0,1,302,server_token_ids,1785511565849124188,2066.969263,61.889802,3,""" of"""
phase2-full-grid-rerun-20260731-l4-l4-tp1-f2040-i32-o32-r10-rep2-seg1-attempt2,phase2-full-grid-rerun-20260731-l4-l4-tp1-f2040-i32-o32-r10-rep2-seg1-attempt2-00018-424910720ff7,29,29,0,1,16872,server_token_ids,1785511565916326386,2134.171461,67.202198,9,""" mathemat"""
phase2-full-grid-rerun-20260731-l4-l4-tp1-f2040-i32-o32-r10-rep2-seg1-attempt2,phase2-full-grid-rerun-20260731-l4-l4-tp1-f2040-i32-o32-r10-rep2-seg1-attempt2-00018-424910720ff7,30,30,0,1,1063,server_token_ids,1785511565986579955,2204.42503,70.253569,3,"""ics"""
phase2-full-grid-rerun-20260731-l4-l4-tp1-f2040-i32-o32-r10-rep2-seg1-attempt2,phase2-full-grid-rerun-20260731-l4-l4-tp1-f2040-i32-o32-r10-rep2-seg1-attempt2-00018-424910720ff7,31,31,0,1,28723,server_token_ids,1785511566049538592,2267.383667,62.958637,1,"""."""
phase2-full-grid-rerun-20260731-l4-l4-tp1-f2040-i32-o32-r10-rep2-seg1-attempt2,phase2-full-grid-rerun-20260731-l4-l4-tp1-f2040-i32-o32-r10-rep2-seg1-attempt2-00019-330aeeb6ca76,0,0,0,1,28723,server_token_ids,1785511564063020734,180.038489,,1,"""."""
phase2-full-grid-rerun-20260731-l4-l4-tp1-f2040-i32-o32-r10-rep2-seg1-attempt2,phase2-full-grid-rerun-20260731-l4-l4-tp1-f2040-i32-o32-r10-rep2-seg1-attempt2-00019-330aeeb6ca76,1,1,0,1,13,server_token_ids,1785511564131502021,248.519776,68.481287,1,"""\n"""
phase2-full-grid-rerun-20260731-l4-l4-tp1-f2040-i32-o32-r10-rep2-seg1-attempt2,phase2-full-grid-rerun-20260731-l4-l4-tp1-f2040-i32-o32-r10-rep2-seg1-attempt2-00019-330aeeb6ca76,2,2,0,1,13,server_token_ids,1785511564198766741,315.784496,67.26472,1,"""\n"""
phase2-full-grid-rerun-20260731-l4-l4-tp1-f2040-i32-o32-r10-rep2-seg1-attempt2,phase2-full-grid-rerun-20260731-l4-l4-tp1-f2040-i32-o32-r10-rep2-seg1-attempt2-00019-330aeeb6ca76,3,3,0,1,28771,server_token_ids,1785511564262787040,379.804795,64.020299,1,"""#"""
phase2-full-grid-rerun-20260731-l4-l4-tp1-f2040-i32-o32-r10-rep2-seg1-attempt2,phase2-full-grid-rerun-20260731-l4-l4-tp1-f2040-i32-o32-r10-rep2-seg1-attempt2-00019-330aeeb6ca76,4,4,0,1,415,server_token_ids,1785511564329620741,446.638496,66.833701,4,""" The"""
phase2-full-grid-rerun-20260731-l4-l4-tp1-f2040-i32-o32-r10-rep2-seg1-attempt2,phase2-full-grid-rerun-20260731-l4-l4-tp1-f2040-i32-o32-r10-rep2-seg1-attempt2-00019-330aeeb6ca76,5,5,0,1,28705,server_token_ids,1785511564395508011,512.525766,65.88727,1,""" """
phase2-full-grid-rerun-20260731-l4-l4-tp1-f2040-i32-o32-r10-rep2-seg1-attempt2,phase2-full-grid-rerun-20260731-l4-l4-tp1-f2040-i32-o32-r10-rep2-seg1-attempt2-00019-330aeeb6ca76,6,6,0,1,28740,server_token_ids,1785511564462788075,579.80583,67.280064,1,"""1"""
phase2-full-grid-rerun-20260731-l4-l4-tp1-f2040-i32-o32-r10-rep2-seg1-attempt2,phase2-full-grid-rerun-20260731-l4-l4-tp1-f2040-i32-o32-r10-rep2-seg1-attempt2-00019-330aeeb6ca76,7,7,0,1,28734,server_token_ids,1785511564533273553,650.291308,70.485478,1,"""0"""
phase2-full-grid-rerun-20260731-l4-l4-tp1-f2040-i32-o32-r10-rep2-seg1-attempt2,phase2-full-grid-rerun-20260731-l4-l4-tp1-f2040-i32-o32-r10-rep2-seg1-attempt2-00019-330aeeb6ca76,8,8,0,1,28734,server_token_ids,1785511564593923890,710.941645,60.650337,1,"""0"""
phase2-full-grid-rerun-20260731-l4-l4-tp1-f2040-i32-o32-r10-rep2-seg1-attempt2,phase2-full-grid-rerun-20260731-l4-l4-tp1-f2040-i32-o32-r10-rep2-seg1-attempt2-00019-330aeeb6ca76,9,9,0,1,5470,server_token_ids,1785511564663105058,780.122813,69.181168,5,""" Best"""
phase2-full-grid-rerun-20260731-l4-l4-tp1-f2040-i32-o32-r10-rep2-seg1-attempt2,phase2-full-grid-rerun-20260731-l4-l4-tp1-f2040-i32-o32-r10-rep2-seg1-attempt2-00019-330aeeb6ca76,10,10,0,1,26544,server_token_ids,1785511564723284875,840.30263,60.179817,4,""" Mov"""
phase2-full-grid-rerun-20260731-l4-l4-tp1-f2040-i32-o32-r10-rep2-seg1-attempt2,phase2-full-grid-rerun-20260731-l4-l4-tp1-f2040-i32-o32-r10-rep2-seg1-attempt2-00019-330aeeb6ca76,11,11,0,1,497,server_token_ids,1785511564799461280,916.479035,76.176405,3,"""ies"""
phase2-full-grid-rerun-20260731-l4-l4-tp1-f2040-i32-o32-r10-rep2-seg1-attempt2,phase2-full-grid-rerun-20260731-l4-l4-tp1-f2040-i32-o32-r10-rep2-seg1-attempt2-00019-330aeeb6ca76,12,12,0,1,302,server_token_ids,1785511564857215207,974.232962,57.753927,3,""" of"""
phase2-full-grid-rerun-20260731-l4-l4-tp1-f2040-i32-o32-r10-rep2-seg1-attempt2,phase2-full-grid-rerun-20260731-l4-l4-tp1-f2040-i32-o32-r10-rep2-seg1-attempt2-00019-330aeeb6ca76,13,13,0,1,272,server_token_ids,1785511564926388882,1043.406637,69.173675,4,""" the"""
phase2-full-grid-rerun-20260731-l4-l4-tp1-f2040-i32-o32-r10-rep2-seg1-attempt2,phase2-full-grid-rerun-20260731-l4-l4-tp1-f2040-i32-o32-r10-rep2-seg1-attempt2-00019-330aeeb6ca76,14,14,0,1,28705,server_token_ids,1785511564989884187,1106.901942,63.495305,1,""" """
phase2-full-grid-rerun-20260731-l4-l4-tp1-f2040-i32-o32-r10-rep2-seg1-attempt2,phase2-full-grid-rerun-20260731-l4-l4-tp1-f2040-i32-o32-r10-rep2-seg1-attempt2-00019-330aeeb6ca76,15,15,0,1,28750,server_token_ids,1785511565058916573,1175.934328,69.032386,1,"""2"""
phase2-full-grid-rerun-20260731-l4-l4-tp1-f2040-i32-o32-r10-rep2-seg1-attempt2,phase2-full-grid-rerun-20260731-l4-l4-tp1-f2040-i32-o32-r10-rep2-seg1-attempt2-00019-330aeeb6ca76,16,16,0,1,28740,server_token_ids,1785511565120849044,1237.866799,61.932471,1,"""1"""
phase2-full-grid-rerun-20260731-l4-l4-tp1-f2040-i32-o32-r10-rep2-seg1-attempt2,phase2-full-grid-rerun-20260731-l4-l4-tp1-f2040-i32-o32-r10-rep2-seg1-attempt2-00019-330aeeb6ca76,17,17,0,1,303,server_token_ids,1785511565188277977,1305.295732,67.428933,2,"""st"""
phase2-full-grid-rerun-20260731-l4-l4-tp1-f2040-i32-o32-r10-rep2-seg1-attempt2,phase2-full-grid-rerun-20260731-l4-l4-tp1-f2040-i32-o32-r10-rep2-seg1-attempt2-00019-330aeeb6ca76,18,18,0,1,22649,server_token_ids,1785511565254931963,1371.949718,66.653986,8,""" Century"""
phase2-full-grid-rerun-20260731-l4-l4-tp1-f2040-i32-o32-r10-rep2-seg1-attempt2,phase2-full-grid-rerun-20260731-l4-l4-tp1-f2040-i32-o32-r10-rep2-seg1-attempt2-00019-330aeeb6ca76,19,19,0,1,13,server_token_ids,1785511565321177865,1438.19562,66.245902,1,"""\n"""
phase2-full-grid-rerun-20260731-l4-l4-tp1-f2040-i32-o32-r10-rep2-seg1-attempt2,phase2-full-grid-rerun-20260731-l4-l4-tp1-f2040-i32-o32-r10-rep2-seg1-attempt2-00019-330aeeb6ca76,20,20,0,1,13,server_token_ids,1785511565387296197,1504.313952,66.118332,1,"""\n"""
phase2-full-grid-rerun-20260731-l4-l4-tp1-f2040-i32-o32-r10-rep2-seg1-attempt2,phase2-full-grid-rerun-20260731-l4-l4-tp1-f2040-i32-o32-r10-rep2-seg1-attempt2-00019-330aeeb6ca76,21,21,0,1,1064,server_token_ids,1785511565452784086,1569.801841,65.487889,2,"""##"""
phase2-full-grid-rerun-20260731-l4-l4-tp1-f2040-i32-o32-r10-rep2-seg1-attempt2,phase2-full-grid-rerun-20260731-l4-l4-tp1-f2040-i32-o32-r10-rep2-seg1-attempt2-00019-330aeeb6ca76,22,22,0,1,28705,server_token_ids,1785511565519470939,1636.488694,66.686853,1,""" """
phase2-full-grid-rerun-20260731-l4-l4-tp1-f2040-i32-o32-r10-rep2-seg1-attempt2,phase2-full-grid-rerun-20260731-l4-l4-tp1-f2040-i32-o32-r10-rep2-seg1-attempt2-00019-330aeeb6ca76,23,23,0,1,28740,server_token_ids,1785511565586732370,1703.750125,67.261431,1,"""1"""
phase2-full-grid-rerun-20260731-l4-l4-tp1-f2040-i32-o32-r10-rep2-seg1-attempt2,phase2-full-grid-rerun-20260731-l4-l4-tp1-f2040-i32-o32-r10-rep2-seg1-attempt2-00019-330aeeb6ca76,24,24,0,1,28734,server_token_ids,1785511565653964299,1770.982054,67.231929,1,"""0"""
phase2-full-grid-rerun-20260731-l4-l4-tp1-f2040-i32-o32-r10-rep2-seg1-attempt2,phase2-full-grid-rerun-20260731-l4-l4-tp1-f2040-i32-o32-r10-rep2-seg1-attempt2-00019-330aeeb6ca76,25,25,0,1,28734,server_token_ids,1785511565717565721,1834.583476,63.601422,1,"""0"""
phase2-full-grid-rerun-20260731-l4-l4-tp1-f2040-i32-o32-r10-rep2-seg1-attempt2,phase2-full-grid-rerun-20260731-l4-l4-tp1-f2040-i32-o32-r10-rep2-seg1-attempt2-00019-330aeeb6ca76,26,26,0,1,28723,server_token_ids,1785511565787791047,1904.808802,70.225326,1,"""."""
phase2-full-grid-rerun-20260731-l4-l4-tp1-f2040-i32-o32-r10-rep2-seg1-attempt2,phase2-full-grid-rerun-20260731-l4-l4-tp1-f2040-i32-o32-r10-rep2-seg1-attempt2-00019-330aeeb6ca76,27,27,0,1,415,server_token_ids,1785511565849671331,1966.689086,61.880284,4,""" The"""
phase2-full-grid-rerun-20260731-l4-l4-tp1-f2040-i32-o32-r10-rep2-seg1-attempt2,phase2-full-grid-rerun-20260731-l4-l4-tp1-f2040-i32-o32-r10-rep2-seg1-attempt2-00019-330aeeb6ca76,28,28,0,1,393,server_token_ids,1785511565917022273,2034.040028,67.350942,2,""" L"""
phase2-full-grid-rerun-20260731-l4-l4-tp1-f2040-i32-o32-r10-rep2-seg1-attempt2,phase2-full-grid-rerun-20260731-l4-l4-tp1-f2040-i32-o32-r10-rep2-seg1-attempt2-00019-330aeeb6ca76,29,29,0,1,1771,server_token_ids,1785511565987036665,2104.05442,70.014392,4,"""ives"""
phase2-full-grid-rerun-20260731-l4-l4-tp1-f2040-i32-o32-r10-rep2-seg1-attempt2,phase2-full-grid-rerun-20260731-l4-l4-tp1-f2040-i32-o32-r10-rep2-seg1-attempt2-00019-330aeeb6ca76,30,30,0,1,302,server_token_ids,1785511566050137192,2167.154947,63.100527,3,""" of"""
phase2-full-grid-rerun-20260731-l4-l4-tp1-f2040-i32-o32-r10-rep2-seg1-attempt2,phase2-full-grid-rerun-20260731-l4-l4-tp1-f2040-i32-o32-r10-rep2-seg1-attempt2-00019-330aeeb6ca76,31,31,0,1,19038,server_token_ids,1785511566115436406,2232.454161,65.299214,7,""" Others"""
phase2-full-grid-rerun-20260731-l4-l4-tp1-f2040-i32-o32-r10-rep2-seg1-attempt2,phase2-full-grid-rerun-20260731-l4-l4-tp1-f2040-i32-o32-r10-rep2-seg1-attempt2-00020-adeb50a78329,0,0,0,1,28713,server_token_ids,1785511564196142019,213.725072,,1,"""s"""
phase2-full-grid-rerun-20260731-l4-l4-tp1-f2040-i32-o32-r10-rep2-seg1-attempt2,phase2-full-grid-rerun-20260731-l4-l4-tp1-f2040-i32-o32-r10-rep2-seg1-attempt2-00020-adeb50a78329,1,1,0,1,13,server_token_ids,1785511564261665023,279.248076,65.523004,1,"""\n"""
phase2-full-grid-rerun-20260731-l4-l4-tp1-f2040-i32-o32-r10-rep2-seg1-attempt2,phase2-full-grid-rerun-20260731-l4-l4-tp1-f2040-i32-o32-r10-rep2-seg1-attempt2-00020-adeb50a78329,2,2,0,1,13,server_token_ids,1785511564328413263,345.996316,66.74824,1,"""\n"""
phase2-full-grid-rerun-20260731-l4-l4-tp1-f2040-i32-o32-r10-rep2-seg1-attempt2,phase2-full-grid-rerun-20260731-l4-l4-tp1-f2040-i32-o32-r10-rep2-seg1-attempt2-00020-adeb50a78329,3,3,0,1,1064,server_token_ids,1785511564394222376,411.805429,65.809113,2,"""##"""
phase2-full-grid-rerun-20260731-l4-l4-tp1-f2040-i32-o32-r10-rep2-seg1-attempt2,phase2-full-grid-rerun-20260731-l4-l4-tp1-f2040-i32-o32-r10-rep2-seg1-attempt2-00020-adeb50a78329,4,4,0,1,28705,server_token_ids,1785511564461343214,478.926267,67.120838,1,""" """
phase2-full-grid-rerun-20260731-l4-l4-tp1-f2040-i32-o32-r10-rep2-seg1-attempt2,phase2-full-grid-rerun-20260731-l4-l4-tp1-f2040-i32-o32-r10-rep2-seg1-attempt2-00020-adeb50a78329,5,5,0,1,28740,server_token_ids,1785511564532460400,550.043453,71.117186,1,"""1"""
phase2-full-grid-rerun-20260731-l4-l4-tp1-f2040-i32-o32-r10-rep2-seg1-attempt2,phase2-full-grid-rerun-20260731-l4-l4-tp1-f2040-i32-o32-r10-rep2-seg1-attempt2-00020-adeb50a78329,6,6,0,1,28723,server_token_ids,1785511564592764800,610.347853,60.3044,1,"""."""
phase2-full-grid-rerun-20260731-l4-l4-tp1-f2040-i32-o32-r10-rep2-seg1-attempt2,phase2-full-grid-rerun-20260731-l4-l4-tp1-f2040-i32-o32-r10-rep2-seg1-attempt2-00020-adeb50a78329,7,7,0,1,23628,server_token_ids,1785511564658798465,676.381518,66.033665,13,""" Introduction"""
phase2-full-grid-rerun-20260731-l4-l4-tp1-f2040-i32-o32-r10-rep2-seg1-attempt2,phase2-full-grid-rerun-20260731-l4-l4-tp1-f2040-i32-o32-r10-rep2-seg1-attempt2-00020-adeb50a78329,8,8,0,1,13,server_token_ids,1785511564722658151,740.241204,63.859686,1,"""\n"""
phase2-full-grid-rerun-20260731-l4-l4-tp1-f2040-i32-o32-r10-rep2-seg1-attempt2,phase2-full-grid-rerun-20260731-l4-l4-tp1-f2040-i32-o32-r10-rep2-seg1-attempt2-00020-adeb50a78329,9,9,0,1,13,server_token_ids,1785511564789680687,807.26374,67.022536,1,"""\n"""
phase2-full-grid-rerun-20260731-l4-l4-tp1-f2040-i32-o32-r10-rep2-seg1-attempt2,phase2-full-grid-rerun-20260731-l4-l4-tp1-f2040-i32-o32-r10-rep2-seg1-attempt2-00020-adeb50a78329,10,10,0,1,1014,server_token_ids,1785511564856607217,874.19027,66.92653,3,"""The"""
phase2-full-grid-rerun-20260731-l4-l4-tp1-f2040-i32-o32-r10-rep2-seg1-attempt2,phase2-full-grid-rerun-20260731-l4-l4-tp1-f2040-i32-o32-r10-rep2-seg1-attempt2-00020-adeb50a78329,11,11,0,1,6032,server_token_ids,1785511564925255623,942.838676,68.648406,8,""" purpose"""
phase2-full-grid-rerun-20260731-l4-l4-tp1-f2040-i32-o32-r10-rep2-seg1-attempt2,phase2-full-grid-rerun-20260731-l4-l4-tp1-f2040-i32-o32-r10-rep2-seg1-attempt2-00020-adeb50a78329,12,12,0,1,302,server_token_ids,1785511564988999285,1006.582338,63.743662,3,""" of"""
phase2-full-grid-rerun-20260731-l4-l4-tp1-f2040-i32-o32-r10-rep2-seg1-attempt2,phase2-full-grid-rerun-20260731-l4-l4-tp1-f2040-i32-o32-r10-rep2-seg1-attempt2-00020-adeb50a78329,13,13,0,1,456,server_token_ids,1785511565055513507,1073.09656,66.514222,5,""" this"""
phase2-full-grid-rerun-20260731-l4-l4-tp1-f2040-i32-o32-r10-rep2-seg1-attempt2,phase2-full-grid-rerun-20260731-l4-l4-tp1-f2040-i32-o32-r10-rep2-seg1-attempt2-00020-adeb50a78329,14,14,0,1,3248,server_token_ids,1785511565120137178,1137.720231,64.623671,9,""" document"""
phase2-full-grid-rerun-20260731-l4-l4-tp1-f2040-i32-o32-r10-rep2-seg1-attempt2,phase2-full-grid-rerun-20260731-l4-l4-tp1-f2040-i32-o32-r10-rep2-seg1-attempt2-00020-adeb50a78329,15,15,0,1,349,server_token_ids,1785511565187267598,1204.850651,67.13042,3,""" is"""
phase2-full-grid-rerun-20260731-l4-l4-tp1-f2040-i32-o32-r10-rep2-seg1-attempt2,phase2-full-grid-rerun-20260731-l4-l4-tp1-f2040-i32-o32-r10-rep2-seg1-attempt2-00020-adeb50a78329,16,16,0,1,298,server_token_ids,1785511565254223615,1271.806668,66.956017,3,""" to"""
phase2-full-grid-rerun-20260731-l4-l4-tp1-f2040-i32-o32-r10-rep2-seg1-attempt2,phase2-full-grid-rerun-20260731-l4-l4-tp1-f2040-i32-o32-r10-rep2-seg1-attempt2-00020-adeb50a78329,17,17,0,1,3084,server_token_ids,1785511565320464806,1338.047859,66.241191,8,""" provide"""
phase2-full-grid-rerun-20260731-l4-l4-tp1-f2040-i32-o32-r10-rep2-seg1-attempt2,phase2-full-grid-rerun-20260731-l4-l4-tp1-f2040-i32-o32-r10-rep2-seg1-attempt2-00020-adeb50a78329,18,18,0,1,264,server_token_ids,1785511565386065599,1403.648652,65.600793,2,""" a"""
phase2-full-grid-rerun-20260731-l4-l4-tp1-f2040-i32-o32-r10-rep2-seg1-attempt2,phase2-full-grid-rerun-20260731-l4-l4-tp1-f2040-i32-o32-r10-rep2-seg1-attempt2-00020-adeb50a78329,19,19,0,1,6817,server_token_ids,1785511565452153477,1469.73653,66.087878,6,""" brief"""
phase2-full-grid-rerun-20260731-l4-l4-tp1-f2040-i32-o32-r10-rep2-seg1-attempt2,phase2-full-grid-rerun-20260731-l4-l4-tp1-f2040-i32-o32-r10-rep2-seg1-attempt2-00020-adeb50a78329,20,20,0,1,23094,server_token_ids,1785511565518840992,1536.424045,66.687515,9,""" overview"""
phase2-full-grid-rerun-20260731-l4-l4-tp1-f2040-i32-o32-r10-rep2-seg1-attempt2,phase2-full-grid-rerun-20260731-l4-l4-tp1-f2040-i32-o32-r10-rep2-seg1-attempt2-00020-adeb50a78329,21,21,0,1,302,server_token_ids,1785511565586120058,1603.703111,67.279066,3,""" of"""
phase2-full-grid-rerun-20260731-l4-l4-tp1-f2040-i32-o32-r10-rep2-seg1-attempt2,phase2-full-grid-rerun-20260731-l4-l4-tp1-f2040-i32-o32-r10-rep2-seg1-attempt2-00020-adeb50a78329,22,22,0,1,272,server_token_ids,1785511565650691770,1668.274823,64.571712,4,""" the"""
phase2-full-grid-rerun-20260731-l4-l4-tp1-f2040-i32-o32-r10-rep2-seg1-attempt2,phase2-full-grid-rerun-20260731-l4-l4-tp1-f2040-i32-o32-r10-rep2-seg1-attempt2-00020-adeb50a78329,23,23,0,1,2621,server_token_ids,1785511565716547617,1734.13067,65.855847,7,""" design"""
phase2-full-grid-rerun-20260731-l4-l4-tp1-f2040-i32-o32-r10-rep2-seg1-attempt2,phase2-full-grid-rerun-20260731-l4-l4-tp1-f2040-i32-o32-r10-rep2-seg1-attempt2-00020-adeb50a78329,24,24,0,1,304,server_token_ids,1785511565787081572,1804.664625,70.533955,4,""" and"""
phase2-full-grid-rerun-20260731-l4-l4-tp1-f2040-i32-o32-r10-rep2-seg1-attempt2,phase2-full-grid-rerun-20260731-l4-l4-tp1-f2040-i32-o32-r10-rep2-seg1-attempt2-00020-adeb50a78329,25,25,0,1,9786,server_token_ids,1785511565848949620,1866.532673,61.868048,15,""" implementation"""
phase2-full-grid-rerun-20260731-l4-l4-tp1-f2040-i32-o32-r10-rep2-seg1-attempt2,phase2-full-grid-rerun-20260731-l4-l4-tp1-f2040-i32-o32-r10-rep2-seg1-attempt2-00020-adeb50a78329,26,26,0,1,302,server_token_ids,1785511565916157794,1933.740847,67.208174,3,""" of"""
phase2-full-grid-rerun-20260731-l4-l4-tp1-f2040-i32-o32-r10-rep2-seg1-attempt2,phase2-full-grid-rerun-20260731-l4-l4-tp1-f2040-i32-o32-r10-rep2-seg1-attempt2-00020-adeb50a78329,27,27,0,1,272,server_token_ids,1785511565986417980,2004.001033,70.260186,4,""" the"""
phase2-full-grid-rerun-20260731-l4-l4-tp1-f2040-i32-o32-r10-rep2-seg1-attempt2,phase2-full-grid-rerun-20260731-l4-l4-tp1-f2040-i32-o32-r10-rep2-seg1-attempt2-00020-adeb50a78329,28,28,0,1,15406,server_token_ids,1785511566049335349,2066.918402,62.917369,4,""" Hop"""
phase2-full-grid-rerun-20260731-l4-l4-tp1-f2040-i32-o32-r10-rep2-seg1-attempt2,phase2-full-grid-rerun-20260731-l4-l4-tp1-f2040-i32-o32-r10-rep2-seg1-attempt2-00020-adeb50a78329,29,29,0,1,2222,server_token_ids,1785511566114882898,2132.465951,65.547549,5,"""field"""
phase2-full-grid-rerun-20260731-l4-l4-tp1-f2040-i32-o32-r10-rep2-seg1-attempt2,phase2-full-grid-rerun-20260731-l4-l4-tp1-f2040-i32-o32-r10-rep2-seg1-attempt2-00020-adeb50a78329,30,30,0,1,3681,server_token_ids,1785511566188292428,2205.875481,73.40953,8,""" network"""
phase2-full-grid-rerun-20260731-l4-l4-tp1-f2040-i32-o32-r10-rep2-seg1-attempt2,phase2-full-grid-rerun-20260731-l4-l4-tp1-f2040-i32-o32-r10-rep2-seg1-attempt2-00020-adeb50a78329,31,31,0,1,28723,server_token_ids,1785511566248658796,2266.241849,60.366368,1,"""."""
phase2-full-grid-rerun-20260731-l4-l4-tp1-f2040-i32-o32-r10-rep2-seg1-attempt2,phase2-full-grid-rerun-20260731-l4-l4-tp1-f2040-i32-o32-r10-rep2-seg1-attempt2-00021-c2bf72103534,0,0,0,1,407,server_token_ids,1785511564263053863,181.862699,,2,"""ht"""
phase2-full-grid-rerun-20260731-l4-l4-tp1-f2040-i32-o32-r10-rep2-seg1-attempt2,phase2-full-grid-rerun-20260731-l4-l4-tp1-f2040-i32-o32-r10-rep2-seg1-attempt2-00021-c2bf72103534,1,1,0,1,28713,server_token_ids,1785511564329914487,248.723323,66.860624,1,"""s"""
phase2-full-grid-rerun-20260731-l4-l4-tp1-f2040-i32-o32-r10-rep2-seg1-attempt2,phase2-full-grid-rerun-20260731-l4-l4-tp1-f2040-i32-o32-r10-rep2-seg1-attempt2-00021-c2bf72103534,2,2,0,1,304,server_token_ids,1785511564395758823,314.567659,65.844336,4,""" and"""
phase2-full-grid-rerun-20260731-l4-l4-tp1-f2040-i32-o32-r10-rep2-seg1-attempt2,phase2-full-grid-rerun-20260731-l4-l4-tp1-f2040-i32-o32-r10-rep2-seg1-attempt2-00021-c2bf72103534,3,3,0,1,18288,server_token_ids,1785511564466780807,385.589643,71.021984,9,""" weakness"""
phase2-full-grid-rerun-20260731-l4-l4-tp1-f2040-i32-o32-r10-rep2-seg1-attempt2,phase2-full-grid-rerun-20260731-l4-l4-tp1-f2040-i32-o32-r10-rep2-seg1-attempt2-00021-c2bf72103534,4,4,0,1,274,server_token_ids,1785511564546325843,465.134679,79.545036,2,"""es"""
phase2-full-grid-rerun-20260731-l4-l4-tp1-f2040-i32-o32-r10-rep2-seg1-attempt2,phase2-full-grid-rerun-20260731-l4-l4-tp1-f2040-i32-o32-r10-rep2-seg1-attempt2-00021-c2bf72103534,5,5,0,1,302,server_token_ids,1785511564594283275,513.092111,47.957432,3,""" of"""
phase2-full-grid-rerun-20260731-l4-l4-tp1-f2040-i32-o32-r10-rep2-seg1-attempt2,phase2-full-grid-rerun-20260731-l4-l4-tp1-f2040-i32-o32-r10-rep2-seg1-attempt2-00021-c2bf72103534,6,6,0,1,272,server_token_ids,1785511564663508810,582.317646,69.225535,4,""" the"""
phase2-full-grid-rerun-20260731-l4-l4-tp1-f2040-i32-o32-r10-rep2-seg1-attempt2,phase2-full-grid-rerun-20260731-l4-l4-tp1-f2040-i32-o32-r10-rep2-seg1-attempt2-00021-c2bf72103534,7,7,0,1,989,server_token_ids,1785511564724102248,642.911084,60.593438,4,""" two"""
phase2-full-grid-rerun-20260731-l4-l4-tp1-f2040-i32-o32-r10-rep2-seg1-attempt2,phase2-full-grid-rerun-20260731-l4-l4-tp1-f2040-i32-o32-r10-rep2-seg1-attempt2-00021-c2bf72103534,8,8,0,1,8480,server_token_ids,1785511564799878206,718.687042,75.775958,6,""" sides"""
phase2-full-grid-rerun-20260731-l4-l4-tp1-f2040-i32-o32-r10-rep2-seg1-attempt2,phase2-full-grid-rerun-20260731-l4-l4-tp1-f2040-i32-o32-r10-rep2-seg1-attempt2-00021-c2bf72103534,9,9,0,1,28723,server_token_ids,1785511564858174068,776.982904,58.295862,1,"""."""
phase2-full-grid-rerun-20260731-l4-l4-tp1-f2040-i32-o32-r10-rep2-seg1-attempt2,phase2-full-grid-rerun-20260731-l4-l4-tp1-f2040-i32-o32-r10-rep2-seg1-attempt2-00021-c2bf72103534,10,10,0,1,13,server_token_ids,1785511564926802874,845.61171,68.628806,1,"""\n"""
phase2-full-grid-rerun-20260731-l4-l4-tp1-f2040-i32-o32-r10-rep2-seg1-attempt2,phase2-full-grid-rerun-20260731-l4-l4-tp1-f2040-i32-o32-r10-rep2-seg1-attempt2-00021-c2bf72103534,11,11,0,1,13,server_token_ids,1785511564990801656,909.610492,63.998782,1,"""\n"""
phase2-full-grid-rerun-20260731-l4-l4-tp1-f2040-i32-o32-r10-rep2-seg1-attempt2,phase2-full-grid-rerun-20260731-l4-l4-tp1-f2040-i32-o32-r10-rep2-seg1-attempt2-00021-c2bf72103534,12,12,0,1,1014,server_token_ids,1785511565059852717,978.661553,69.051061,3,"""The"""
phase2-full-grid-rerun-20260731-l4-l4-tp1-f2040-i32-o32-r10-rep2-seg1-attempt2,phase2-full-grid-rerun-20260731-l4-l4-tp1-f2040-i32-o32-r10-rep2-seg1-attempt2-00021-c2bf72103534,13,13,0,1,907,server_token_ids,1785511565121558535,1040.367371,61.705818,6,""" first"""
phase2-full-grid-rerun-20260731-l4-l4-tp1-f2040-i32-o32-r10-rep2-seg1-attempt2,phase2-full-grid-rerun-20260731-l4-l4-tp1-f2040-i32-o32-r10-rep2-seg1-attempt2-00021-c2bf72103534,14,14,0,1,1970,server_token_ids,1785511565189250198,1108.059034,67.691663,6,""" thing"""
phase2-full-grid-rerun-20260731-l4-l4-tp1-f2040-i32-o32-r10-rep2-seg1-attempt2,phase2-full-grid-rerun-20260731-l4-l4-tp1-f2040-i32-o32-r10-rep2-seg1-attempt2-00021-c2bf72103534,15,15,0,1,369,server_token_ids,1785511565255667137,1174.475973,66.416939,5,""" that"""
phase2-full-grid-rerun-20260731-l4-l4-tp1-f2040-i32-o32-r10-rep2-seg1-attempt2,phase2-full-grid-rerun-20260731-l4-l4-tp1-f2040-i32-o32-r10-rep2-seg1-attempt2-00021-c2bf72103534,16,16,0,1,3435,server_token_ids,1785511565322009216,1240.818052,66.342079,6,""" comes"""
phase2-full-grid-rerun-20260731-l4-l4-tp1-f2040-i32-o32-r10-rep2-seg1-attempt2,phase2-full-grid-rerun-20260731-l4-l4-tp1-f2040-i32-o32-r10-rep2-seg1-attempt2-00021-c2bf72103534,17,17,0,1,298,server_token_ids,1785511565394809749,1313.618585,72.800533,3,""" to"""
phase2-full-grid-rerun-20260731-l4-l4-tp1-f2040-i32-o32-r10-rep2-seg1-attempt2,phase2-full-grid-rerun-20260731-l4-l4-tp1-f2040-i32-o32-r10-rep2-seg1-attempt2-00021-c2bf72103534,18,18,0,1,2273,server_token_ids,1785511565456519590,1375.328426,61.709841,5,""" mind"""
phase2-full-grid-rerun-20260731-l4-l4-tp1-f2040-i32-o32-r10-rep2-seg1-attempt2,phase2-full-grid-rerun-20260731-l4-l4-tp1-f2040-i32-o32-r10-rep2-seg1-attempt2-00021-c2bf72103534,19,19,0,1,349,server_token_ids,1785511565520329911,1439.138747,63.810321,3,""" is"""
phase2-full-grid-rerun-20260731-l4-l4-tp1-f2040-i32-o32-r10-rep2-seg1-attempt2,phase2-full-grid-rerun-20260731-l4-l4-tp1-f2040-i32-o32-r10-rep2-seg1-attempt2-00021-c2bf72103534,20,20,0,1,272,server_token_ids,1785511565587252121,1506.060957,66.92221,4,""" the"""
phase2-full-grid-rerun-20260731-l4-l4-tp1-f2040-i32-o32-r10-rep2-seg1-attempt2,phase2-full-grid-rerun-20260731-l4-l4-tp1-f2040-i32-o32-r10-rep2-seg1-attempt2-00021-c2bf72103534,21,21,0,1,1639,server_token_ids,1785511565654661295,1573.470131,67.409174,5,""" fact"""
phase2-full-grid-rerun-20260731-l4-l4-tp1-f2040-i32-o32-r10-rep2-seg1-attempt2,phase2-full-grid-rerun-20260731-l4-l4-tp1-f2040-i32-o32-r10-rep2-seg1-attempt2-00021-c2bf72103534,22,22,0,1,369,server_token_ids,1785511565718347219,1637.156055,63.685924,5,""" that"""
phase2-full-grid-rerun-20260731-l4-l4-tp1-f2040-i32-o32-r10-rep2-seg1-attempt2,phase2-full-grid-rerun-20260731-l4-l4-tp1-f2040-i32-o32-r10-rep2-seg1-attempt2-00021-c2bf72103534,23,23,0,1,272,server_token_ids,1785511565787941975,1706.750811,69.594756,4,""" the"""
phase2-full-grid-rerun-20260731-l4-l4-tp1-f2040-i32-o32-r10-rep2-seg1-attempt2,phase2-full-grid-rerun-20260731-l4-l4-tp1-f2040-i32-o32-r10-rep2-seg1-attempt2-00021-c2bf72103534,24,24,0,1,989,server_token_ids,1785511565852557137,1771.365973,64.615162,4,""" two"""
phase2-full-grid-rerun-20260731-l4-l4-tp1-f2040-i32-o32-r10-rep2-seg1-attempt2,phase2-full-grid-rerun-20260731-l4-l4-tp1-f2040-i32-o32-r10-rep2-seg1-attempt2-00021-c2bf72103534,25,25,0,1,8480,server_token_ids,1785511565926769097,1845.577933,74.21196,6,""" sides"""
phase2-full-grid-rerun-20260731-l4-l4-tp1-f2040-i32-o32-r10-rep2-seg1-attempt2,phase2-full-grid-rerun-20260731-l4-l4-tp1-f2040-i32-o32-r10-rep2-seg1-attempt2-00021-c2bf72103534,26,26,0,1,460,server_token_ids,1785511565988815128,1907.623964,62.046031,4,""" are"""
phase2-full-grid-rerun-20260731-l4-l4-tp1-f2040-i32-o32-r10-rep2-seg1-attempt2,phase2-full-grid-rerun-20260731-l4-l4-tp1-f2040-i32-o32-r10-rep2-seg1-attempt2-00021-c2bf72103534,27,27,0,1,1215,server_token_ids,1785511566059900002,1978.708838,71.084874,5,""" very"""
phase2-full-grid-rerun-20260731-l4-l4-tp1-f2040-i32-o32-r10-rep2-seg1-attempt2,phase2-full-grid-rerun-20260731-l4-l4-tp1-f2040-i32-o32-r10-rep2-seg1-attempt2-00021-c2bf72103534,28,28,0,1,1581,server_token_ids,1785511566125266028,2044.074864,65.366026,10,""" different"""
phase2-full-grid-rerun-20260731-l4-l4-tp1-f2040-i32-o32-r10-rep2-seg1-attempt2,phase2-full-grid-rerun-20260731-l4-l4-tp1-f2040-i32-o32-r10-rep2-seg1-attempt2-00021-c2bf72103534,29,29,0,1,28723,server_token_ids,1785511566190903566,2109.712402,65.637538,1,"""."""
phase2-full-grid-rerun-20260731-l4-l4-tp1-f2040-i32-o32-r10-rep2-seg1-attempt2,phase2-full-grid-rerun-20260731-l4-l4-tp1-f2040-i32-o32-r10-rep2-seg1-attempt2-00021-c2bf72103534,30,30,0,1,415,server_token_ids,1785511566260840702,2179.649538,69.937136,4,""" The"""
phase2-full-grid-rerun-20260731-l4-l4-tp1-f2040-i32-o32-r10-rep2-seg1-attempt2,phase2-full-grid-rerun-20260731-l4-l4-tp1-f2040-i32-o32-r10-rep2-seg1-attempt2-00021-c2bf72103534,31,31,0,1,907,server_token_ids,1785511566316219303,2235.028139,55.378601,6,""" first"""
phase2-full-grid-rerun-20260731-l4-l4-tp1-f2040-i32-o32-r10-rep2-seg1-attempt2,phase2-full-grid-rerun-20260731-l4-l4-tp1-f2040-i32-o32-r10-rep2-seg1-attempt2-00022-95fff3975c07,0,0,0,1,10041,server_token_ids,1785511564396590706,214.581731,,4,"""site"""
phase2-full-grid-rerun-20260731-l4-l4-tp1-f2040-i32-o32-r10-rep2-seg1-attempt2,phase2-full-grid-rerun-20260731-l4-l4-tp1-f2040-i32-o32-r10-rep2-seg1-attempt2-00022-95fff3975c07,1,1,0,1,618,server_token_ids,1785511564467403910,285.394935,70.813204,2,"""(\"""""
phase2-full-grid-rerun-20260731-l4-l4-tp1-f2040-i32-o32-r10-rep2-seg1-attempt2,phase2-full-grid-rerun-20260731-l4-l4-tp1-f2040-i32-o32-r10-rep2-seg1-attempt2-00022-95fff3975c07,2,2,0,1,2872,server_token_ids,1785511564546908616,364.899641,79.504706,4,"""http"""
phase2-full-grid-rerun-20260731-l4-l4-tp1-f2040-i32-o32-r10-rep2-seg1-attempt2,phase2-full-grid-rerun-20260731-l4-l4-tp1-f2040-i32-o32-r10-rep2-seg1-attempt2-00022-95fff3975c07,3,3,0,1,1508,server_token_ids,1785511564594835258,412.826283,47.926642,3,"""://"""
phase2-full-grid-rerun-20260731-l4-l4-tp1-f2040-i32-o32-r10-rep2-seg1-attempt2,phase2-full-grid-rerun-20260731-l4-l4-tp1-f2040-i32-o32-r10-rep2-seg1-attempt2-00022-95fff3975c07,4,4,0,1,2849,server_token_ids,1785511564664213461,482.204486,69.378203,3,"""www"""
phase2-full-grid-rerun-20260731-l4-l4-tp1-f2040-i32-o32-r10-rep2-seg1-attempt2,phase2-full-grid-rerun-20260731-l4-l4-tp1-f2040-i32-o32-r10-rep2-seg1-attempt2-00022-95fff3975c07,5,5,0,1,28723,server_token_ids,1785511564724576238,542.567263,60.362777,1,"""."""
phase2-full-grid-rerun-20260731-l4-l4-tp1-f2040-i32-o32-r10-rep2-seg1-attempt2,phase2-full-grid-rerun-20260731-l4-l4-tp1-f2040-i32-o32-r10-rep2-seg1-attempt2-00022-95fff3975c07,6,6,0,1,4736,server_token_ids,1785511564800328827,618.319852,75.752589,6,"""google"""
phase2-full-grid-rerun-20260731-l4-l4-tp1-f2040-i32-o32-r10-rep2-seg1-attempt2,phase2-full-grid-rerun-20260731-l4-l4-tp1-f2040-i32-o32-r10-rep2-seg1-attempt2-00022-95fff3975c07,7,7,0,1,28723,server_token_ids,1785511564861962181,679.953206,61.633354,1,"""."""
phase2-full-grid-rerun-20260731-l4-l4-tp1-f2040-i32-o32-r10-rep2-seg1-attempt2,phase2-full-grid-rerun-20260731-l4-l4-tp1-f2040-i32-o32-r10-rep2-seg1-attempt2-00022-95fff3975c07,8,8,0,1,675,server_token_ids,1785511564927515355,745.50638,65.553174,3,"""com"""
phase2-full-grid-rerun-20260731-l4-l4-tp1-f2040-i32-o32-r10-rep2-seg1-attempt2,phase2-full-grid-rerun-20260731-l4-l4-tp1-f2040-i32-o32-r10-rep2-seg1-attempt2-00022-95fff3975c07,9,9,0,1,28748,server_token_ids,1785511564994119335,812.11036,66.60398,1,"""/"""
phase2-full-grid-rerun-20260731-l4-l4-tp1-f2040-i32-o32-r10-rep2-seg1-attempt2,phase2-full-grid-rerun-20260731-l4-l4-tp1-f2040-i32-o32-r10-rep2-seg1-attempt2-00022-95fff3975c07,10,10,0,1,2360,server_token_ids,1785511565060482369,878.473394,66.363034,6,"""search"""
phase2-full-grid-rerun-20260731-l4-l4-tp1-f2040-i32-o32-r10-rep2-seg1-attempt2,phase2-full-grid-rerun-20260731-l4-l4-tp1-f2040-i32-o32-r10-rep2-seg1-attempt2-00022-95fff3975c07,11,11,0,1,28804,server_token_ids,1785511565121966180,939.957205,61.483811,1,"""?"""
phase2-full-grid-rerun-20260731-l4-l4-tp1-f2040-i32-o32-r10-rep2-seg1-attempt2,phase2-full-grid-rerun-20260731-l4-l4-tp1-f2040-i32-o32-r10-rep2-seg1-attempt2-00022-95fff3975c07,12,12,0,1,28775,server_token_ids,1785511565191946102,1009.937127,69.979922,1,"""q"""
phase2-full-grid-rerun-20260731-l4-l4-tp1-f2040-i32-o32-r10-rep2-seg1-attempt2,phase2-full-grid-rerun-20260731-l4-l4-tp1-f2040-i32-o32-r10-rep2-seg1-attempt2-00022-95fff3975c07,13,13,0,1,28746,server_token_ids,1785511565259335652,1077.326677,67.38955,1,"""="""
phase2-full-grid-rerun-20260731-l4-l4-tp1-f2040-i32-o32-r10-rep2-seg1-attempt2,phase2-full-grid-rerun-20260731-l4-l4-tp1-f2040-i32-o32-r10-rep2-seg1-attempt2-00022-95fff3975c07,14,14,0,1,28715,server_token_ids,1785511565322747612,1140.738637,63.41196,1,"""d"""
phase2-full-grid-rerun-20260731-l4-l4-tp1-f2040-i32-o32-r10-rep2-seg1-attempt2,phase2-full-grid-rerun-20260731-l4-l4-tp1-f2040-i32-o32-r10-rep2-seg1-attempt2-00022-95fff3975c07,15,15,0,1,385,server_token_ids,1785511565396714709,1214.705734,73.967097,2,"""os"""
phase2-full-grid-rerun-20260731-l4-l4-tp1-f2040-i32-o32-r10-rep2-seg1-attempt2,phase2-full-grid-rerun-20260731-l4-l4-tp1-f2040-i32-o32-r10-rep2-seg1-attempt2-00022-95fff3975c07,16,16,0,1,28806,server_token_ids,1785511565457078692,1275.069717,60.363983,1,"""+"""
phase2-full-grid-rerun-20260731-l4-l4-tp1-f2040-i32-o32-r10-rep2-seg1-attempt2,phase2-full-grid-rerun-20260731-l4-l4-tp1-f2040-i32-o32-r10-rep2-seg1-attempt2-00022-95fff3975c07,17,17,0,1,1889,server_token_ids,1785511565520896843,1338.887868,63.818151,5,"""class"""
phase2-full-grid-rerun-20260731-l4-l4-tp1-f2040-i32-o32-r10-rep2-seg1-attempt2,phase2-full-grid-rerun-20260731-l4-l4-tp1-f2040-i32-o32-r10-rep2-seg1-attempt2-00022-95fff3975c07,18,18,0,1,28806,server_token_ids,1785511565589379005,1407.37003,68.482162,1,"""+"""
phase2-full-grid-rerun-20260731-l4-l4-tp1-f2040-i32-o32-r10-rep2-seg1-attempt2,phase2-full-grid-rerun-20260731-l4-l4-tp1-f2040-i32-o32-r10-rep2-seg1-attempt2-00022-95fff3975c07,19,19,0,1,321,server_token_ids,1785511565655265475,1473.2565,65.88647,2,"""im"""
phase2-full-grid-rerun-20260731-l4-l4-tp1-f2040-i32-o32-r10-rep2-seg1-attempt2,phase2-full-grid-rerun-20260731-l4-l4-tp1-f2040-i32-o32-r10-rep2-seg1-attempt2-00022-95fff3975c07,20,20,0,1,729,server_token_ids,1785511565719012684,1537.003709,63.747209,3,"""pro"""
phase2-full-grid-rerun-20260731-l4-l4-tp1-f2040-i32-o32-r10-rep2-seg1-attempt2,phase2-full-grid-rerun-20260731-l4-l4-tp1-f2040-i32-o32-r10-rep2-seg1-attempt2-00022-95fff3975c07,21,21,0,1,333,server_token_ids,1785511565788697423,1606.688448,69.684739,2,"""ve"""
phase2-full-grid-rerun-20260731-l4-l4-tp1-f2040-i32-o32-r10-rep2-seg1-attempt2,phase2-full-grid-rerun-20260731-l4-l4-tp1-f2040-i32-o32-r10-rep2-seg1-attempt2-00022-95fff3975c07,22,22,0,1,28806,server_token_ids,1785511565853151980,1671.143005,64.454557,1,"""+"""
phase2-full-grid-rerun-20260731-l4-l4-tp1-f2040-i32-o32-r10-rep2-seg1-attempt2,phase2-full-grid-rerun-20260731-l4-l4-tp1-f2040-i32-o32-r10-rep2-seg1-attempt2-00022-95fff3975c07,23,23,0,1,7252,server_token_ids,1785511565927323041,1745.314066,74.171061,6,"""switch"""
phase2-full-grid-rerun-20260731-l4-l4-tp1-f2040-i32-o32-r10-rep2-seg1-attempt2,phase2-full-grid-rerun-20260731-l4-l4-tp1-f2040-i32-o32-r10-rep2-seg1-attempt2-00022-95fff3975c07,24,24,0,1,28806,server_token_ids,1785511565989386526,1807.377551,62.063485,1,"""+"""
phase2-full-grid-rerun-20260731-l4-l4-tp1-f2040-i32-o32-r10-rep2-seg1-attempt2,phase2-full-grid-rerun-20260731-l4-l4-tp1-f2040-i32-o32-r10-rep2-seg1-attempt2-00022-95fff3975c07,25,25,0,1,2472,server_token_ids,1785511566062059688,1880.050713,72.673162,5,"""Class"""
phase2-full-grid-rerun-20260731-l4-l4-tp1-f2040-i32-o32-r10-rep2-seg1-attempt2,phase2-full-grid-rerun-20260731-l4-l4-tp1-f2040-i32-o32-r10-rep2-seg1-attempt2-00022-95fff3975c07,26,26,0,1,4967,server_token_ids,1785511566126017702,1944.008727,63.958014,6,"""ном"""
phase2-full-grid-rerun-20260731-l4-l4-tp1-f2040-i32-o32-r10-rep2-seg1-attempt2,phase2-full-grid-rerun-20260731-l4-l4-tp1-f2040-i32-o32-r10-rep2-seg1-attempt2-00022-95fff3975c07,27,27,0,1,28806,server_token_ids,1785511566191525839,2009.516864,65.508137,1,"""+"""
phase2-full-grid-rerun-20260731-l4-l4-tp1-f2040-i32-o32-r10-rep2-seg1-attempt2,phase2-full-grid-rerun-20260731-l4-l4-tp1-f2040-i32-o32-r10-rep2-seg1-attempt2-00022-95fff3975c07,28,28,0,1,28823,server_token_ids,1785511566261529599,2079.520624,70.00376,1,"""%"""
phase2-full-grid-rerun-20260731-l4-l4-tp1-f2040-i32-o32-r10-rep2-seg1-attempt2,phase2-full-grid-rerun-20260731-l4-l4-tp1-f2040-i32-o32-r10-rep2-seg1-attempt2-00022-95fff3975c07,29,29,0,1,28750,server_token_ids,1785511566316998235,2134.98926,55.468636,1,"""2"""
phase2-full-grid-rerun-20260731-l4-l4-tp1-f2040-i32-o32-r10-rep2-seg1-attempt2,phase2-full-grid-rerun-20260731-l4-l4-tp1-f2040-i32-o32-r10-rep2-seg1-attempt2-00022-95fff3975c07,30,30,0,1,28750,server_token_ids,1785511566391204694,2209.195719,74.206459,1,"""2"""
phase2-full-grid-rerun-20260731-l4-l4-tp1-f2040-i32-o32-r10-rep2-seg1-attempt2,phase2-full-grid-rerun-20260731-l4-l4-tp1-f2040-i32-o32-r10-rep2-seg1-attempt2-00022-95fff3975c07,31,31,0,1,22135,server_token_ids,1785511566452935858,2270.926883,61.731164,8,"""contract"""
phase2-full-grid-rerun-20260731-l4-l4-tp1-f2040-i32-o32-r10-rep2-seg1-attempt2,phase2-full-grid-rerun-20260731-l4-l4-tp1-f2040-i32-o32-r10-rep2-seg1-attempt2-00023-b0d3a7e51950,0,0,0,1,2415,server_token_ids,1785511564462985480,181.003121,,3,"""cho"""
phase2-full-grid-rerun-20260731-l4-l4-tp1-f2040-i32-o32-r10-rep2-seg1-attempt2,phase2-full-grid-rerun-20260731-l4-l4-tp1-f2040-i32-o32-r10-rep2-seg1-attempt2-00023-b0d3a7e51950,1,1,0,1,28733,server_token_ids,1785511564546043206,264.060847,83.057726,1,"""-"""
phase2-full-grid-rerun-20260731-l4-l4-tp1-f2040-i32-o32-r10-rep2-seg1-attempt2,phase2-full-grid-rerun-20260731-l4-l4-tp1-f2040-i32-o32-r10-rep2-seg1-attempt2-00023-b0d3a7e51950,2,2,0,1,22698,server_token_ids,1785511564594110977,312.128618,48.067771,6,"""social"""
phase2-full-grid-rerun-20260731-l4-l4-tp1-f2040-i32-o32-r10-rep2-seg1-attempt2,phase2-full-grid-rerun-20260731-l4-l4-tp1-f2040-i32-o32-r10-rep2-seg1-attempt2-00023-b0d3a7e51950,3,3,0,1,28733,server_token_ids,1785511564663321658,381.339299,69.210681,1,"""-"""
phase2-full-grid-rerun-20260731-l4-l4-tp1-f2040-i32-o32-r10-rep2-seg1-attempt2,phase2-full-grid-rerun-20260731-l4-l4-tp1-f2040-i32-o32-r10-rep2-seg1-attempt2-00023-b0d3a7e51950,4,4,0,1,366,server_token_ids,1785511564723820964,441.838605,60.499306,2,"""em"""
phase2-full-grid-rerun-20260731-l4-l4-tp1-f2040-i32-o32-r10-rep2-seg1-attempt2,phase2-full-grid-rerun-20260731-l4-l4-tp1-f2040-i32-o32-r10-rep2-seg1-attempt2-00023-b0d3a7e51950,5,5,0,1,322,server_token_ids,1785511564799639452,517.657093,75.818488,2,"""ot"""
phase2-full-grid-rerun-20260731-l4-l4-tp1-f2040-i32-o32-r10-rep2-seg1-attempt2,phase2-full-grid-rerun-20260731-l4-l4-tp1-f2040-i32-o32-r10-rep2-seg1-attempt2-00023-b0d3a7e51950,6,6,0,1,1479,server_token_ids,1785511564857915008,575.932649,58.275556,5,"""ional"""
phase2-full-grid-rerun-20260731-l4-l4-tp1-f2040-i32-o32-r10-rep2-seg1-attempt2,phase2-full-grid-rerun-20260731-l4-l4-tp1-f2040-i32-o32-r10-rep2-seg1-attempt2-00023-b0d3a7e51950,7,7,0,1,28733,server_token_ids,1785511564926565544,644.583185,68.650536,1,"""-"""
phase2-full-grid-rerun-20260731-l4-l4-tp1-f2040-i32-o32-r10-rep2-seg1-attempt2,phase2-full-grid-rerun-20260731-l4-l4-tp1-f2040-i32-o32-r10-rep2-seg1-attempt2-00023-b0d3a7e51950,8,8,0,1,1105,server_token_ids,1785511564990535886,708.553527,63.970342,2,"""be"""
phase2-full-grid-rerun-20260731-l4-l4-tp1-f2040-i32-o32-r10-rep2-seg1-attempt2,phase2-full-grid-rerun-20260731-l4-l4-tp1-f2040-i32-o32-r10-rep2-seg1-attempt2-00023-b0d3a7e51950,9,9,0,1,13625,server_token_ids,1785511565059594520,777.612161,69.058634,6,"""havior"""
phase2-full-grid-rerun-20260731-l4-l4-tp1-f2040-i32-o32-r10-rep2-seg1-attempt2,phase2-full-grid-rerun-20260731-l4-l4-tp1-f2040-i32-o32-r10-rep2-seg1-attempt2-00023-b0d3a7e51950,10,10,0,1,282,server_token_ids,1785511565121009464,839.027105,61.414944,2,"""al"""
phase2-full-grid-rerun-20260731-l4-l4-tp1-f2040-i32-o32-r10-rep2-seg1-attempt2,phase2-full-grid-rerun-20260731-l4-l4-tp1-f2040-i32-o32-r10-rep2-seg1-attempt2-00023-b0d3a7e51950,11,11,0,1,28733,server_token_ids,1785511565188856376,906.874017,67.846912,1,"""-"""
phase2-full-grid-rerun-20260731-l4-l4-tp1-f2040-i32-o32-r10-rep2-seg1-attempt2,phase2-full-grid-rerun-20260731-l4-l4-tp1-f2040-i32-o32-r10-rep2-seg1-attempt2-00023-b0d3a7e51950,12,12,0,1,16239,server_token_ids,1785511565255462674,973.480315,66.606298,7,"""develop"""
phase2-full-grid-rerun-20260731-l4-l4-tp1-f2040-i32-o32-r10-rep2-seg1-attempt2,phase2-full-grid-rerun-20260731-l4-l4-tp1-f2040-i32-o32-r10-rep2-seg1-attempt2-00023-b0d3a7e51950,13,13,0,1,466,server_token_ids,1785511565321799720,1039.817361,66.337046,4,"""ment"""
phase2-full-grid-rerun-20260731-l4-l4-tp1-f2040-i32-o32-r10-rep2-seg1-attempt2,phase2-full-grid-rerun-20260731-l4-l4-tp1-f2040-i32-o32-r10-rep2-seg1-attempt2-00023-b0d3a7e51950,14,14,0,1,282,server_token_ids,1785511565394598159,1112.6158,72.798439,2,"""al"""
phase2-full-grid-rerun-20260731-l4-l4-tp1-f2040-i32-o32-r10-rep2-seg1-attempt2,phase2-full-grid-rerun-20260731-l4-l4-tp1-f2040-i32-o32-r10-rep2-seg1-attempt2-00023-b0d3a7e51950,15,15,0,1,28733,server_token_ids,1785511565452936220,1170.953861,58.338061,1,"""-"""
phase2-full-grid-rerun-20260731-l4-l4-tp1-f2040-i32-o32-r10-rep2-seg1-attempt2,phase2-full-grid-rerun-20260731-l4-l4-tp1-f2040-i32-o32-r10-rep2-seg1-attempt2-00023-b0d3a7e51950,16,16,0,1,2021,server_token_ids,1785511565519634073,1237.651714,66.697853,3,"""dis"""
phase2-full-grid-rerun-20260731-l4-l4-tp1-f2040-i32-o32-r10-rep2-seg1-attempt2,phase2-full-grid-rerun-20260731-l4-l4-tp1-f2040-i32-o32-r10-rep2-seg1-attempt2-00023-b0d3a7e51950,17,17,0,1,7773,server_token_ids,1785511565587010997,1305.028638,67.376924,9,"""abilities"""
phase2-full-grid-rerun-20260731-l4-l4-tp1-f2040-i32-o32-r10-rep2-seg1-attempt2,phase2-full-grid-rerun-20260731-l4-l4-tp1-f2040-i32-o32-r10-rep2-seg1-attempt2-00023-b0d3a7e51950,18,18,0,1,28733,server_token_ids,1785511565654462723,1372.480364,67.451726,1,"""-"""
phase2-full-grid-rerun-20260731-l4-l4-tp1-f2040-i32-o32-r10-rep2-seg1-attempt2,phase2-full-grid-rerun-20260731-l4-l4-tp1-f2040-i32-o32-r10-rep2-seg1-attempt2-00023-b0d3a7e51950,19,19,0,1,391,server_token_ids,1785511565717639269,1435.65691,63.176546,3,"""and"""
phase2-full-grid-rerun-20260731-l4-l4-tp1-f2040-i32-o32-r10-rep2-seg1-attempt2,phase2-full-grid-rerun-20260731-l4-l4-tp1-f2040-i32-o32-r10-rep2-seg1-attempt2-00023-b0d3a7e51950,20,20,0,1,28733,server_token_ids,1785511565787865470,1505.883111,70.226201,1,"""-"""
phase2-full-grid-rerun-20260731-l4-l4-tp1-f2040-i32-o32-r10-rep2-seg1-attempt2,phase2-full-grid-rerun-20260731-l4-l4-tp1-f2040-i32-o32-r10-rep2-seg1-attempt2-00023-b0d3a7e51950,21,21,0,1,2021,server_token_ids,1785511565852089806,1570.107447,64.224336,3,"""dis"""
phase2-full-grid-rerun-20260731-l4-l4-tp1-f2040-i32-o32-r10-rep2-seg1-attempt2,phase2-full-grid-rerun-20260731-l4-l4-tp1-f2040-i32-o32-r10-rep2-seg1-attempt2-00023-b0d3a7e51950,22,22,0,1,10486,server_token_ids,1785511565926671819,1644.68946,74.582013,6,"""orders"""
phase2-full-grid-rerun-20260731-l4-l4-tp1-f2040-i32-o32-r10-rep2-seg1-attempt2,phase2-full-grid-rerun-20260731-l4-l4-tp1-f2040-i32-o32-r10-rep2-seg1-attempt2-00023-b0d3a7e51950,23,23,0,1,28733,server_token_ids,1785511565987202396,1705.220037,60.530577,1,"""-"""
phase2-full-grid-rerun-20260731-l4-l4-tp1-f2040-i32-o32-r10-rep2-seg1-attempt2,phase2-full-grid-rerun-20260731-l4-l4-tp1-f2040-i32-o32-r10-rep2-seg1-attempt2-00023-b0d3a7e51950,24,24,0,1,262,server_token_ids,1785511566059678669,1777.69631,72.476273,2,"""in"""
phase2-full-grid-rerun-20260731-l4-l4-tp1-f2040-i32-o32-r10-rep2-seg1-attempt2,phase2-full-grid-rerun-20260731-l4-l4-tp1-f2040-i32-o32-r10-rep2-seg1-attempt2-00023-b0d3a7e51950,25,25,0,1,28733,server_token_ids,1785511566115749715,1833.767356,56.071046,1,"""-"""
phase2-full-grid-rerun-20260731-l4-l4-tp1-f2040-i32-o32-r10-rep2-seg1-attempt2,phase2-full-grid-rerun-20260731-l4-l4-tp1-f2040-i32-o32-r10-rep2-seg1-attempt2-00023-b0d3a7e51950,26,26,0,1,9342,server_token_ids,1785511566190728723,1908.746364,74.979008,8,"""children"""
phase2-full-grid-rerun-20260731-l4-l4-tp1-f2040-i32-o32-r10-rep2-seg1-attempt2,phase2-full-grid-rerun-20260731-l4-l4-tp1-f2040-i32-o32-r10-rep2-seg1-attempt2-00023-b0d3a7e51950,27,27,0,1,28733,server_token_ids,1785511566252423315,1970.440956,61.694592,1,"""-"""
phase2-full-grid-rerun-20260731-l4-l4-tp1-f2040-i32-o32-r10-rep2-seg1-attempt2,phase2-full-grid-rerun-20260731-l4-l4-tp1-f2040-i32-o32-r10-rep2-seg1-attempt2-00023-b0d3a7e51950,28,28,0,1,391,server_token_ids,1785511566315635965,2033.653606,63.21265,3,"""and"""
phase2-full-grid-rerun-20260731-l4-l4-tp1-f2040-i32-o32-r10-rep2-seg1-attempt2,phase2-full-grid-rerun-20260731-l4-l4-tp1-f2040-i32-o32-r10-rep2-seg1-attempt2-00023-b0d3a7e51950,29,29,0,1,28733,server_token_ids,1785511566383410584,2101.428225,67.774619,1,"""-"""
phase2-full-grid-rerun-20260731-l4-l4-tp1-f2040-i32-o32-r10-rep2-seg1-attempt2,phase2-full-grid-rerun-20260731-l4-l4-tp1-f2040-i32-o32-r10-rep2-seg1-attempt2-00023-b0d3a7e51950,30,30,0,1,316,server_token_ids,1785511566451670503,2169.688144,68.259919,2,"""ad"""
phase2-full-grid-rerun-20260731-l4-l4-tp1-f2040-i32-o32-r10-rep2-seg1-attempt2,phase2-full-grid-rerun-20260731-l4-l4-tp1-f2040-i32-o32-r10-rep2-seg1-attempt2-00023-b0d3a7e51950,31,31,0,1,4721,server_token_ids,1785511566513626698,2231.644339,61.956195,4,"""oles"""
phase2-full-grid-rerun-20260731-l4-l4-tp1-f2040-i32-o32-r10-rep2-seg1-attempt2,phase2-full-grid-rerun-20260731-l4-l4-tp1-f2040-i32-o32-r10-rep2-seg1-attempt2-00024-31b8414a4193,0,0,0,1,265,server_token_ids,1785511564595075108,212.757253,,2,"""he"""
phase2-full-grid-rerun-20260731-l4-l4-tp1-f2040-i32-o32-r10-rep2-seg1-attempt2,phase2-full-grid-rerun-20260731-l4-l4-tp1-f2040-i32-o32-r10-rep2-seg1-attempt2-00024-31b8414a4193,1,1,0,1,28724,server_token_ids,1785511564664480364,282.162509,69.405256,1,"""y"""
phase2-full-grid-rerun-20260731-l4-l4-tp1-f2040-i32-o32-r10-rep2-seg1-attempt2,phase2-full-grid-rerun-20260731-l4-l4-tp1-f2040-i32-o32-r10-rep2-seg1-attempt2-00024-31b8414a4193,2,2,0,1,13,server_token_ids,1785511564724727413,342.409558,60.247049,1,"""\n"""
phase2-full-grid-rerun-20260731-l4-l4-tp1-f2040-i32-o32-r10-rep2-seg1-attempt2,phase2-full-grid-rerun-20260731-l4-l4-tp1-f2040-i32-o32-r10-rep2-seg1-attempt2-00024-31b8414a4193,3,3,0,1,13,server_token_ids,1785511564800489649,418.171794,75.762236,1,"""\n"""
phase2-full-grid-rerun-20260731-l4-l4-tp1-f2040-i32-o32-r10-rep2-seg1-attempt2,phase2-full-grid-rerun-20260731-l4-l4-tp1-f2040-i32-o32-r10-rep2-seg1-attempt2-00024-31b8414a4193,4,4,0,1,1064,server_token_ids,1785511564862129674,479.811819,61.640025,2,"""##"""
phase2-full-grid-rerun-20260731-l4-l4-tp1-f2040-i32-o32-r10-rep2-seg1-attempt2,phase2-full-grid-rerun-20260731-l4-l4-tp1-f2040-i32-o32-r10-rep2-seg1-attempt2-00024-31b8414a4193,5,5,0,1,415,server_token_ids,1785511564927675936,545.358081,65.546262,4,""" The"""
phase2-full-grid-rerun-20260731-l4-l4-tp1-f2040-i32-o32-r10-rep2-seg1-attempt2,phase2-full-grid-rerun-20260731-l4-l4-tp1-f2040-i32-o32-r10-rep2-seg1-attempt2-00024-31b8414a4193,6,6,0,1,28705,server_token_ids,1785511564994323527,612.005672,66.647591,1,""" """
phase2-full-grid-rerun-20260731-l4-l4-tp1-f2040-i32-o32-r10-rep2-seg1-attempt2,phase2-full-grid-rerun-20260731-l4-l4-tp1-f2040-i32-o32-r10-rep2-seg1-attempt2-00024-31b8414a4193,7,7,0,1,28750,server_token_ids,1785511565060640221,678.322366,66.316694,1,"""2"""
phase2-full-grid-rerun-20260731-l4-l4-tp1-f2040-i32-o32-r10-rep2-seg1-attempt2,phase2-full-grid-rerun-20260731-l4-l4-tp1-f2040-i32-o32-r10-rep2-seg1-attempt2-00024-31b8414a4193,8,8,0,1,28734,server_token_ids,1785511565122110471,739.792616,61.47025,1,"""0"""
phase2-full-grid-rerun-20260731-l4-l4-tp1-f2040-i32-o32-r10-rep2-seg1-attempt2,phase2-full-grid-rerun-20260731-l4-l4-tp1-f2040-i32-o32-r10-rep2-seg1-attempt2-00024-31b8414a4193,9,9,0,1,28740,server_token_ids,1785511565192094611,809.776756,69.98414,1,"""1"""
phase2-full-grid-rerun-20260731-l4-l4-tp1-f2040-i32-o32-r10-rep2-seg1-attempt2,phase2-full-grid-rerun-20260731-l4-l4-tp1-f2040-i32-o32-r10-rep2-seg1-attempt2-00024-31b8414a4193,10,10,0,1,28783,server_token_ids,1785511565259492780,877.174925,67.398169,1,"""8"""
phase2-full-grid-rerun-20260731-l4-l4-tp1-f2040-i32-o32-r10-rep2-seg1-attempt2,phase2-full-grid-rerun-20260731-l4-l4-tp1-f2040-i32-o32-r10-rep2-seg1-attempt2-00024-31b8414a4193,11,11,0,1,28733,server_token_ids,1785511565322900936,940.583081,63.408156,1,"""-"""
phase2-full-grid-rerun-20260731-l4-l4-tp1-f2040-i32-o32-r10-rep2-seg1-attempt2,phase2-full-grid-rerun-20260731-l4-l4-tp1-f2040-i32-o32-r10-rep2-seg1-attempt2-00024-31b8414a4193,12,12,0,1,28750,server_token_ids,1785511565396864867,1014.547012,73.963931,1,"""2"""
phase2-full-grid-rerun-20260731-l4-l4-tp1-f2040-i32-o32-r10-rep2-seg1-attempt2,phase2-full-grid-rerun-20260731-l4-l4-tp1-f2040-i32-o32-r10-rep2-seg1-attempt2-00024-31b8414a4193,13,13,0,1,28734,server_token_ids,1785511565457232377,1074.914522,60.36751,1,"""0"""
phase2-full-grid-rerun-20260731-l4-l4-tp1-f2040-i32-o32-r10-rep2-seg1-attempt2,phase2-full-grid-rerun-20260731-l4-l4-tp1-f2040-i32-o32-r10-rep2-seg1-attempt2-00024-31b8414a4193,14,14,0,1,28740,server_token_ids,1785511565521179674,1138.861819,63.947297,1,"""1"""
phase2-full-grid-rerun-20260731-l4-l4-tp1-f2040-i32-o32-r10-rep2-seg1-attempt2,phase2-full-grid-rerun-20260731-l4-l4-tp1-f2040-i32-o32-r10-rep2-seg1-attempt2-00024-31b8414a4193,15,15,0,1,28774,server_token_ids,1785511565589454794,1207.136939,68.27512,1,"""9"""
phase2-full-grid-rerun-20260731-l4-l4-tp1-f2040-i32-o32-r10-rep2-seg1-attempt2,phase2-full-grid-rerun-20260731-l4-l4-tp1-f2040-i32-o32-r10-rep2-seg1-attempt2-00024-31b8414a4193,16,16,0,1,3302,server_token_ids,1785511565655418702,1273.100847,65.963908,7,""" season"""
phase2-full-grid-rerun-20260731-l4-l4-tp1-f2040-i32-o32-r10-rep2-seg1-attempt2,phase2-full-grid-rerun-20260731-l4-l4-tp1-f2040-i32-o32-r10-rep2-seg1-attempt2-00024-31b8414a4193,17,17,0,1,13,server_token_ids,1785511565719170462,1336.852607,63.75176,1,"""\n"""
phase2-full-grid-rerun-20260731-l4-l4-tp1-f2040-i32-o32-r10-rep2-seg1-attempt2,phase2-full-grid-rerun-20260731-l4-l4-tp1-f2040-i32-o32-r10-rep2-seg1-attempt2-00024-31b8414a4193,18,18,0,1,13,server_token_ids,1785511565790928983,1408.611128,71.758521,1,"""\n"""
phase2-full-grid-rerun-20260731-l4-l4-tp1-f2040-i32-o32-r10-rep2-seg1-attempt2,phase2-full-grid-rerun-20260731-l4-l4-tp1-f2040-i32-o32-r10-rep2-seg1-attempt2-00024-31b8414a4193,19,19,0,1,1014,server_token_ids,1785511565853372490,1471.054635,62.443507,3,"""The"""
phase2-full-grid-rerun-20260731-l4-l4-tp1-f2040-i32-o32-r10-rep2-seg1-attempt2,phase2-full-grid-rerun-20260731-l4-l4-tp1-f2040-i32-o32-r10-rep2-seg1-attempt2-00024-31b8414a4193,20,20,0,1,28705,server_token_ids,1785511565927555454,1545.237599,74.182964,1,""" """
phase2-full-grid-rerun-20260731-l4-l4-tp1-f2040-i32-o32-r10-rep2-seg1-attempt2,phase2-full-grid-rerun-20260731-l4-l4-tp1-f2040-i32-o32-r10-rep2-seg1-attempt2-00024-31b8414a4193,21,21,0,1,28750,server_token_ids,1785511565989627020,1607.309165,62.071566,1,"""2"""
phase2-full-grid-rerun-20260731-l4-l4-tp1-f2040-i32-o32-r10-rep2-seg1-attempt2,phase2-full-grid-rerun-20260731-l4-l4-tp1-f2040-i32-o32-r10-rep2-seg1-attempt2-00024-31b8414a4193,22,22,0,1,28734,server_token_ids,1785511566062295296,1679.977441,72.668276,1,"""0"""
phase2-full-grid-rerun-20260731-l4-l4-tp1-f2040-i32-o32-r10-rep2-seg1-attempt2,phase2-full-grid-rerun-20260731-l4-l4-tp1-f2040-i32-o32-r10-rep2-seg1-attempt2-00024-31b8414a4193,23,23,0,1,28740,server_token_ids,1785511566126264192,1743.946337,63.968896,1,"""1"""
phase2-full-grid-rerun-20260731-l4-l4-tp1-f2040-i32-o32-r10-rep2-seg1-attempt2,phase2-full-grid-rerun-20260731-l4-l4-tp1-f2040-i32-o32-r10-rep2-seg1-attempt2-00024-31b8414a4193,24,24,0,1,28783,server_token_ids,1785511566191763369,1809.445514,65.499177,1,"""8"""
phase2-full-grid-rerun-20260731-l4-l4-tp1-f2040-i32-o32-r10-rep2-seg1-attempt2,phase2-full-grid-rerun-20260731-l4-l4-tp1-f2040-i32-o32-r10-rep2-seg1-attempt2-00024-31b8414a4193,25,25,0,1,28733,server_token_ids,1785511566261772848,1879.454993,70.009479,1,"""-"""
phase2-full-grid-rerun-20260731-l4-l4-tp1-f2040-i32-o32-r10-rep2-seg1-attempt2,phase2-full-grid-rerun-20260731-l4-l4-tp1-f2040-i32-o32-r10-rep2-seg1-attempt2-00024-31b8414a4193,26,26,0,1,28750,server_token_ids,1785511566317217591,1934.899736,55.444743,1,"""2"""
phase2-full-grid-rerun-20260731-l4-l4-tp1-f2040-i32-o32-r10-rep2-seg1-attempt2,phase2-full-grid-rerun-20260731-l4-l4-tp1-f2040-i32-o32-r10-rep2-seg1-attempt2-00024-31b8414a4193,27,27,0,1,28734,server_token_ids,1785511566391425713,2009.107858,74.208122,1,"""0"""
phase2-full-grid-rerun-20260731-l4-l4-tp1-f2040-i32-o32-r10-rep2-seg1-attempt2,phase2-full-grid-rerun-20260731-l4-l4-tp1-f2040-i32-o32-r10-rep2-seg1-attempt2-00024-31b8414a4193,28,28,0,1,28740,server_token_ids,1785511566453305380,2070.987525,61.879667,1,"""1"""
phase2-full-grid-rerun-20260731-l4-l4-tp1-f2040-i32-o32-r10-rep2-seg1-attempt2,phase2-full-grid-rerun-20260731-l4-l4-tp1-f2040-i32-o32-r10-rep2-seg1-attempt2-00024-31b8414a4193,29,29,0,1,28774,server_token_ids,1785511566523970041,2141.652186,70.664661,1,"""9"""
phase2-full-grid-rerun-20260731-l4-l4-tp1-f2040-i32-o32-r10-rep2-seg1-attempt2,phase2-full-grid-rerun-20260731-l4-l4-tp1-f2040-i32-o32-r10-rep2-seg1-attempt2-00024-31b8414a4193,30,30,0,1,3302,server_token_ids,1785511566583043860,2200.726005,59.073819,7,""" season"""
phase2-full-grid-rerun-20260731-l4-l4-tp1-f2040-i32-o32-r10-rep2-seg1-attempt2,phase2-full-grid-rerun-20260731-l4-l4-tp1-f2040-i32-o32-r10-rep2-seg1-attempt2-00024-31b8414a4193,31,31,0,1,349,server_token_ids,1785511566651416944,2269.099089,68.373084,3,""" is"""
phase2-full-grid-rerun-20260731-l4-l4-tp1-f2040-i32-o32-r10-rep2-seg1-attempt2,phase2-full-grid-rerun-20260731-l4-l4-tp1-f2040-i32-o32-r10-rep2-seg1-attempt2-00025-3428cc49b022,0,0,0,1,28705,server_token_ids,1785511564659352018,178.224014,,1,""" """
phase2-full-grid-rerun-20260731-l4-l4-tp1-f2040-i32-o32-r10-rep2-seg1-attempt2,phase2-full-grid-rerun-20260731-l4-l4-tp1-f2040-i32-o32-r10-rep2-seg1-attempt2-00025-3428cc49b022,1,1,0,1,28740,server_token_ids,1785511564723201602,242.073598,63.849584,1,"""1"""
phase2-full-grid-rerun-20260731-l4-l4-tp1-f2040-i32-o32-r10-rep2-seg1-attempt2,phase2-full-grid-rerun-20260731-l4-l4-tp1-f2040-i32-o32-r10-rep2-seg1-attempt2-00025-3428cc49b022,2,2,0,1,28774,server_token_ids,1785511564799362393,318.234389,76.160791,1,"""9"""
phase2-full-grid-rerun-20260731-l4-l4-tp1-f2040-i32-o32-r10-rep2-seg1-attempt2,phase2-full-grid-rerun-20260731-l4-l4-tp1-f2040-i32-o32-r10-rep2-seg1-attempt2-00025-3428cc49b022,3,3,0,1,28774,server_token_ids,1785511564857136023,376.008019,57.77363,1,"""9"""
phase2-full-grid-rerun-20260731-l4-l4-tp1-f2040-i32-o32-r10-rep2-seg1-attempt2,phase2-full-grid-rerun-20260731-l4-l4-tp1-f2040-i32-o32-r10-rep2-seg1-attempt2-00025-3428cc49b022,4,4,0,1,28774,server_token_ids,1785511564926305096,445.177092,69.169073,1,"""9"""
phase2-full-grid-rerun-20260731-l4-l4-tp1-f2040-i32-o32-r10-rep2-seg1-attempt2,phase2-full-grid-rerun-20260731-l4-l4-tp1-f2040-i32-o32-r10-rep2-seg1-attempt2-00025-3428cc49b022,5,5,0,1,28705,server_token_ids,1785511564989804319,508.676315,63.499223,1,""" """
phase2-full-grid-rerun-20260731-l4-l4-tp1-f2040-i32-o32-r10-rep2-seg1-attempt2,phase2-full-grid-rerun-20260731-l4-l4-tp1-f2040-i32-o32-r10-rep2-seg1-attempt2-00025-3428cc49b022,6,6,0,1,28740,server_token_ids,1785511565058832359,577.704355,69.02804,1,"""1"""
phase2-full-grid-rerun-20260731-l4-l4-tp1-f2040-i32-o32-r10-rep2-seg1-attempt2,phase2-full-grid-rerun-20260731-l4-l4-tp1-f2040-i32-o32-r10-rep2-seg1-attempt2-00025-3428cc49b022,7,7,0,1,28774,server_token_ids,1785511565120767695,639.639691,61.935336,1,"""9"""
phase2-full-grid-rerun-20260731-l4-l4-tp1-f2040-i32-o32-r10-rep2-seg1-attempt2,phase2-full-grid-rerun-20260731-l4-l4-tp1-f2040-i32-o32-r10-rep2-seg1-attempt2-00025-3428cc49b022,8,8,0,1,28774,server_token_ids,1785511565188199328,707.071324,67.431633,1,"""9"""
phase2-full-grid-rerun-20260731-l4-l4-tp1-f2040-i32-o32-r10-rep2-seg1-attempt2,phase2-full-grid-rerun-20260731-l4-l4-tp1-f2040-i32-o32-r10-rep2-seg1-attempt2-00025-3428cc49b022,9,9,0,1,28774,server_token_ids,1785511565254852787,773.724783,66.653459,1,"""9"""
phase2-full-grid-rerun-20260731-l4-l4-tp1-f2040-i32-o32-r10-rep2-seg1-attempt2,phase2-full-grid-rerun-20260731-l4-l4-tp1-f2040-i32-o32-r10-rep2-seg1-attempt2-00025-3428cc49b022,10,10,0,1,28705,server_token_ids,1785511565321096470,839.968466,66.243683,1,""" """
phase2-full-grid-rerun-20260731-l4-l4-tp1-f2040-i32-o32-r10-rep2-seg1-attempt2,phase2-full-grid-rerun-20260731-l4-l4-tp1-f2040-i32-o32-r10-rep2-seg1-attempt2-00025-3428cc49b022,11,11,0,1,28740,server_token_ids,1785511565387214340,906.086336,66.11787,1,"""1"""
phase2-full-grid-rerun-20260731-l4-l4-tp1-f2040-i32-o32-r10-rep2-seg1-attempt2,phase2-full-grid-rerun-20260731-l4-l4-tp1-f2040-i32-o32-r10-rep2-seg1-attempt2-00025-3428cc49b022,12,12,0,1,28774,server_token_ids,1785511565452707207,971.579203,65.492867,1,"""9"""
phase2-full-grid-rerun-20260731-l4-l4-tp1-f2040-i32-o32-r10-rep2-seg1-attempt2,phase2-full-grid-rerun-20260731-l4-l4-tp1-f2040-i32-o32-r10-rep2-seg1-attempt2-00025-3428cc49b022,13,13,0,1,28774,server_token_ids,1785511565519389786,1038.261782,66.682579,1,"""9"""
phase2-full-grid-rerun-20260731-l4-l4-tp1-f2040-i32-o32-r10-rep2-seg1-attempt2,phase2-full-grid-rerun-20260731-l4-l4-tp1-f2040-i32-o32-r10-rep2-seg1-attempt2-00025-3428cc49b022,14,14,0,1,28774,server_token_ids,1785511565586655348,1105.527344,67.265562,1,"""9"""
phase2-full-grid-rerun-20260731-l4-l4-tp1-f2040-i32-o32-r10-rep2-seg1-attempt2,phase2-full-grid-rerun-20260731-l4-l4-tp1-f2040-i32-o32-r10-rep2-seg1-attempt2-00025-3428cc49b022,15,15,0,1,28705,server_token_ids,1785511565653871381,1172.743377,67.216033,1,""" """
phase2-full-grid-rerun-20260731-l4-l4-tp1-f2040-i32-o32-r10-rep2-seg1-attempt2,phase2-full-grid-rerun-20260731-l4-l4-tp1-f2040-i32-o32-r10-rep2-seg1-attempt2-00025-3428cc49b022,16,16,0,1,28740,server_token_ids,1785511565717468838,1236.340834,63.597457,1,"""1"""
phase2-full-grid-rerun-20260731-l4-l4-tp1-f2040-i32-o32-r10-rep2-seg1-attempt2,phase2-full-grid-rerun-20260731-l4-l4-tp1-f2040-i32-o32-r10-rep2-seg1-attempt2-00025-3428cc49b022,17,17,0,1,28774,server_token_ids,1785511565787716128,1306.588124,70.24729,1,"""9"""
phase2-full-grid-rerun-20260731-l4-l4-tp1-f2040-i32-o32-r10-rep2-seg1-attempt2,phase2-full-grid-rerun-20260731-l4-l4-tp1-f2040-i32-o32-r10-rep2-seg1-attempt2-00025-3428cc49b022,18,18,0,1,28774,server_token_ids,1785511565849588979,1368.460975,61.872851,1,"""9"""
phase2-full-grid-rerun-20260731-l4-l4-tp1-f2040-i32-o32-r10-rep2-seg1-attempt2,phase2-full-grid-rerun-20260731-l4-l4-tp1-f2040-i32-o32-r10-rep2-seg1-attempt2-00025-3428cc49b022,19,19,0,1,28774,server_token_ids,1785511565916935827,1435.807823,67.346848,1,"""9"""
phase2-full-grid-rerun-20260731-l4-l4-tp1-f2040-i32-o32-r10-rep2-seg1-attempt2,phase2-full-grid-rerun-20260731-l4-l4-tp1-f2040-i32-o32-r10-rep2-seg1-attempt2-00025-3428cc49b022,20,20,0,1,28705,server_token_ids,1785511565986957143,1505.829139,70.021316,1,""" """
phase2-full-grid-rerun-20260731-l4-l4-tp1-f2040-i32-o32-r10-rep2-seg1-attempt2,phase2-full-grid-rerun-20260731-l4-l4-tp1-f2040-i32-o32-r10-rep2-seg1-attempt2-00025-3428cc49b022,21,21,0,1,28740,server_token_ids,1785511566050054027,1568.926023,63.096884,1,"""1"""
phase2-full-grid-rerun-20260731-l4-l4-tp1-f2040-i32-o32-r10-rep2-seg1-attempt2,phase2-full-grid-rerun-20260731-l4-l4-tp1-f2040-i32-o32-r10-rep2-seg1-attempt2-00025-3428cc49b022,22,22,0,1,28774,server_token_ids,1785511566115341880,1634.213876,65.287853,1,"""9"""
phase2-full-grid-rerun-20260731-l4-l4-tp1-f2040-i32-o32-r10-rep2-seg1-attempt2,phase2-full-grid-rerun-20260731-l4-l4-tp1-f2040-i32-o32-r10-rep2-seg1-attempt2-00025-3428cc49b022,23,23,0,1,28774,server_token_ids,1785511566190543418,1709.415414,75.201538,1,"""9"""
phase2-full-grid-rerun-20260731-l4-l4-tp1-f2040-i32-o32-r10-rep2-seg1-attempt2,phase2-full-grid-rerun-20260731-l4-l4-tp1-f2040-i32-o32-r10-rep2-seg1-attempt2-00025-3428cc49b022,24,24,0,1,28774,server_token_ids,1785511566252273431,1771.145427,61.730013,1,"""9"""
phase2-full-grid-rerun-20260731-l4-l4-tp1-f2040-i32-o32-r10-rep2-seg1-attempt2,phase2-full-grid-rerun-20260731-l4-l4-tp1-f2040-i32-o32-r10-rep2-seg1-attempt2-00025-3428cc49b022,25,25,0,1,28705,server_token_ids,1785511566315488520,1834.360516,63.215089,1,""" """
phase2-full-grid-rerun-20260731-l4-l4-tp1-f2040-i32-o32-r10-rep2-seg1-attempt2,phase2-full-grid-rerun-20260731-l4-l4-tp1-f2040-i32-o32-r10-rep2-seg1-attempt2-00025-3428cc49b022,26,26,0,1,28740,server_token_ids,1785511566380062192,1898.934188,64.573672,1,"""1"""
phase2-full-grid-rerun-20260731-l4-l4-tp1-f2040-i32-o32-r10-rep2-seg1-attempt2,phase2-full-grid-rerun-20260731-l4-l4-tp1-f2040-i32-o32-r10-rep2-seg1-attempt2-00025-3428cc49b022,27,27,0,1,28774,server_token_ids,1785511566451420981,1970.292977,71.358789,1,"""9"""
phase2-full-grid-rerun-20260731-l4-l4-tp1-f2040-i32-o32-r10-rep2-seg1-attempt2,phase2-full-grid-rerun-20260731-l4-l4-tp1-f2040-i32-o32-r10-rep2-seg1-attempt2-00025-3428cc49b022,28,28,0,1,28774,server_token_ids,1785511566513371498,2032.243494,61.950517,1,"""9"""
phase2-full-grid-rerun-20260731-l4-l4-tp1-f2040-i32-o32-r10-rep2-seg1-attempt2,phase2-full-grid-rerun-20260731-l4-l4-tp1-f2040-i32-o32-r10-rep2-seg1-attempt2-00025-3428cc49b022,29,29,0,1,28774,server_token_ids,1785511566578550914,2097.42291,65.179416,1,"""9"""
phase2-full-grid-rerun-20260731-l4-l4-tp1-f2040-i32-o32-r10-rep2-seg1-attempt2,phase2-full-grid-rerun-20260731-l4-l4-tp1-f2040-i32-o32-r10-rep2-seg1-attempt2-00025-3428cc49b022,30,30,0,1,28705,server_token_ids,1785511566646573586,2165.445582,68.022672,1,""" """
phase2-full-grid-rerun-20260731-l4-l4-tp1-f2040-i32-o32-r10-rep2-seg1-attempt2,phase2-full-grid-rerun-20260731-l4-l4-tp1-f2040-i32-o32-r10-rep2-seg1-attempt2-00025-3428cc49b022,31,31,0,1,28740,server_token_ids,1785511566711580532,2230.452528,65.006946,1,"""1"""
phase2-full-grid-rerun-20260731-l4-l4-tp1-f2040-i32-o32-r10-rep2-seg1-attempt2,phase2-full-grid-rerun-20260731-l4-l4-tp1-f2040-i32-o32-r10-rep2-seg1-attempt2-00026-f48333f6a58e,0,0,0,1,5748,server_token_ids,1785511564798010658,215.403957,,4,"""ribe"""
phase2-full-grid-rerun-20260731-l4-l4-tp1-f2040-i32-o32-r10-rep2-seg1-attempt2,phase2-full-grid-rerun-20260731-l4-l4-tp1-f2040-i32-o32-r10-rep2-seg1-attempt2-00026-f48333f6a58e,1,1,0,1,13,server_token_ids,1785511564857055852,274.449151,59.045194,1,"""\n"""
phase2-full-grid-rerun-20260731-l4-l4-tp1-f2040-i32-o32-r10-rep2-seg1-attempt2,phase2-full-grid-rerun-20260731-l4-l4-tp1-f2040-i32-o32-r10-rep2-seg1-attempt2-00026-f48333f6a58e,2,2,0,1,13,server_token_ids,1785511564926222104,343.615403,69.166252,1,"""\n"""
phase2-full-grid-rerun-20260731-l4-l4-tp1-f2040-i32-o32-r10-rep2-seg1-attempt2,phase2-full-grid-rerun-20260731-l4-l4-tp1-f2040-i32-o32-r10-rep2-seg1-attempt2-00026-f48333f6a58e,3,3,0,1,1064,server_token_ids,1785511564989720333,407.113632,63.498229,2,"""##"""
phase2-full-grid-rerun-20260731-l4-l4-tp1-f2040-i32-o32-r10-rep2-seg1-attempt2,phase2-full-grid-rerun-20260731-l4-l4-tp1-f2040-i32-o32-r10-rep2-seg1-attempt2-00026-f48333f6a58e,4,4,0,1,415,server_token_ids,1785511565058748367,476.141666,69.028034,4,""" The"""
phase2-full-grid-rerun-20260731-l4-l4-tp1-f2040-i32-o32-r10-rep2-seg1-attempt2,phase2-full-grid-rerun-20260731-l4-l4-tp1-f2040-i32-o32-r10-rep2-seg1-attempt2-00026-f48333f6a58e,5,5,0,1,28705,server_token_ids,1785511565120686544,538.079843,61.938177,1,""" """
phase2-full-grid-rerun-20260731-l4-l4-tp1-f2040-i32-o32-r10-rep2-seg1-attempt2,phase2-full-grid-rerun-20260731-l4-l4-tp1-f2040-i32-o32-r10-rep2-seg1-attempt2-00026-f48333f6a58e,6,6,0,1,28750,server_token_ids,1785511565188123442,605.516741,67.436898,1,"""2"""
phase2-full-grid-rerun-20260731-l4-l4-tp1-f2040-i32-o32-r10-rep2-seg1-attempt2,phase2-full-grid-rerun-20260731-l4-l4-tp1-f2040-i32-o32-r10-rep2-seg1-attempt2-00026-f48333f6a58e,7,7,0,1,28734,server_token_ids,1785511565254779618,672.172917,66.656176,1,"""0"""
phase2-full-grid-rerun-20260731-l4-l4-tp1-f2040-i32-o32-r10-rep2-seg1-attempt2,phase2-full-grid-rerun-20260731-l4-l4-tp1-f2040-i32-o32-r10-rep2-seg1-attempt2-00026-f48333f6a58e,8,8,0,1,28740,server_token_ids,1785511565321017021,738.41032,66.237403,1,"""1"""
phase2-full-grid-rerun-20260731-l4-l4-tp1-f2040-i32-o32-r10-rep2-seg1-attempt2,phase2-full-grid-rerun-20260731-l4-l4-tp1-f2040-i32-o32-r10-rep2-seg1-attempt2-00026-f48333f6a58e,9,9,0,1,28783,server_token_ids,1785511565387131679,804.524978,66.114658,1,"""8"""
phase2-full-grid-rerun-20260731-l4-l4-tp1-f2040-i32-o32-r10-rep2-seg1-attempt2,phase2-full-grid-rerun-20260731-l4-l4-tp1-f2040-i32-o32-r10-rep2-seg1-attempt2-00026-f48333f6a58e,10,10,0,1,3304,server_token_ids,1785511565452628997,870.022296,65.497318,6,""" World"""
phase2-full-grid-rerun-20260731-l4-l4-tp1-f2040-i32-o32-r10-rep2-seg1-attempt2,phase2-full-grid-rerun-20260731-l4-l4-tp1-f2040-i32-o32-r10-rep2-seg1-attempt2-00026-f48333f6a58e,11,11,0,1,7440,server_token_ids,1785511565519308259,936.701558,66.679262,4,""" Cup"""
phase2-full-grid-rerun-20260731-l4-l4-tp1-f2040-i32-o32-r10-rep2-seg1-attempt2,phase2-full-grid-rerun-20260731-l4-l4-tp1-f2040-i32-o32-r10-rep2-seg1-attempt2-00026-f48333f6a58e,12,12,0,1,349,server_token_ids,1785511565586572522,1003.965821,67.264263,3,""" is"""
phase2-full-grid-rerun-20260731-l4-l4-tp1-f2040-i32-o32-r10-rep2-seg1-attempt2,phase2-full-grid-rerun-20260731-l4-l4-tp1-f2040-i32-o32-r10-rep2-seg1-attempt2-00026-f48333f6a58e,13,13,0,1,1236,server_token_ids,1785511565651143845,1068.537144,64.571323,5,""" here"""
phase2-full-grid-rerun-20260731-l4-l4-tp1-f2040-i32-o32-r10-rep2-seg1-attempt2,phase2-full-grid-rerun-20260731-l4-l4-tp1-f2040-i32-o32-r10-rep2-seg1-attempt2-00026-f48333f6a58e,14,14,0,1,28808,server_token_ids,1785511565717295295,1134.688594,66.15145,1,"""!"""
phase2-full-grid-rerun-20260731-l4-l4-tp1-f2040-i32-o32-r10-rep2-seg1-attempt2,phase2-full-grid-rerun-20260731-l4-l4-tp1-f2040-i32-o32-r10-rep2-seg1-attempt2-00026-f48333f6a58e,15,15,0,1,13,server_token_ids,1785511565787544500,1204.937799,70.249205,1,"""\n"""
phase2-full-grid-rerun-20260731-l4-l4-tp1-f2040-i32-o32-r10-rep2-seg1-attempt2,phase2-full-grid-rerun-20260731-l4-l4-tp1-f2040-i32-o32-r10-rep2-seg1-attempt2-00026-f48333f6a58e,16,16,0,1,13,server_token_ids,1785511565849408459,1266.801758,61.863959,1,"""\n"""
phase2-full-grid-rerun-20260731-l4-l4-tp1-f2040-i32-o32-r10-rep2-seg1-attempt2,phase2-full-grid-rerun-20260731-l4-l4-tp1-f2040-i32-o32-r10-rep2-seg1-attempt2-00026-f48333f6a58e,17,17,0,1,1014,server_token_ids,1785511565916753333,1334.146632,67.344874,3,"""The"""
phase2-full-grid-rerun-20260731-l4-l4-tp1-f2040-i32-o32-r10-rep2-seg1-attempt2,phase2-full-grid-rerun-20260731-l4-l4-tp1-f2040-i32-o32-r10-rep2-seg1-attempt2-00026-f48333f6a58e,18,18,0,1,28705,server_token_ids,1785511565986874304,1404.267603,70.120971,1,""" """
phase2-full-grid-rerun-20260731-l4-l4-tp1-f2040-i32-o32-r10-rep2-seg1-attempt2,phase2-full-grid-rerun-20260731-l4-l4-tp1-f2040-i32-o32-r10-rep2-seg1-attempt2-00026-f48333f6a58e,19,19,0,1,28750,server_token_ids,1785511566049962778,1467.356077,63.088474,1,"""2"""
phase2-full-grid-rerun-20260731-l4-l4-tp1-f2040-i32-o32-r10-rep2-seg1-attempt2,phase2-full-grid-rerun-20260731-l4-l4-tp1-f2040-i32-o32-r10-rep2-seg1-attempt2-00026-f48333f6a58e,20,20,0,1,28734,server_token_ids,1785511566115259388,1532.652687,65.29661,1,"""0"""
phase2-full-grid-rerun-20260731-l4-l4-tp1-f2040-i32-o32-r10-rep2-seg1-attempt2,phase2-full-grid-rerun-20260731-l4-l4-tp1-f2040-i32-o32-r10-rep2-seg1-attempt2-00026-f48333f6a58e,21,21,0,1,28740,server_token_ids,1785511566188653038,1606.046337,73.39365,1,"""1"""
phase2-full-grid-rerun-20260731-l4-l4-tp1-f2040-i32-o32-r10-rep2-seg1-attempt2,phase2-full-grid-rerun-20260731-l4-l4-tp1-f2040-i32-o32-r10-rep2-seg1-attempt2-00026-f48333f6a58e,22,22,0,1,28783,server_token_ids,1785511566252098424,1669.491723,63.445386,1,"""8"""
phase2-full-grid-rerun-20260731-l4-l4-tp1-f2040-i32-o32-r10-rep2-seg1-attempt2,phase2-full-grid-rerun-20260731-l4-l4-tp1-f2040-i32-o32-r10-rep2-seg1-attempt2-00026-f48333f6a58e,23,23,0,1,3304,server_token_ids,1785511566315314286,1732.707585,63.215862,6,""" World"""
phase2-full-grid-rerun-20260731-l4-l4-tp1-f2040-i32-o32-r10-rep2-seg1-attempt2,phase2-full-grid-rerun-20260731-l4-l4-tp1-f2040-i32-o32-r10-rep2-seg1-attempt2-00026-f48333f6a58e,24,24,0,1,7440,server_token_ids,1785511566379898660,1797.291959,64.584374,4,""" Cup"""
phase2-full-grid-rerun-20260731-l4-l4-tp1-f2040-i32-o32-r10-rep2-seg1-attempt2,phase2-full-grid-rerun-20260731-l4-l4-tp1-f2040-i32-o32-r10-rep2-seg1-attempt2-00026-f48333f6a58e,25,25,0,1,349,server_token_ids,1785511566451257593,1868.650892,71.358933,3,""" is"""
phase2-full-grid-rerun-20260731-l4-l4-tp1-f2040-i32-o32-r10-rep2-seg1-attempt2,phase2-full-grid-rerun-20260731-l4-l4-tp1-f2040-i32-o32-r10-rep2-seg1-attempt2-00026-f48333f6a58e,26,26,0,1,1236,server_token_ids,1785511566513217843,1930.611142,61.96025,5,""" here"""
phase2-full-grid-rerun-20260731-l4-l4-tp1-f2040-i32-o32-r10-rep2-seg1-attempt2,phase2-full-grid-rerun-20260731-l4-l4-tp1-f2040-i32-o32-r10-rep2-seg1-attempt2-00026-f48333f6a58e,27,27,0,1,28808,server_token_ids,1785511566578393760,1995.787059,65.175917,1,"""!"""
phase2-full-grid-rerun-20260731-l4-l4-tp1-f2040-i32-o32-r10-rep2-seg1-attempt2,phase2-full-grid-rerun-20260731-l4-l4-tp1-f2040-i32-o32-r10-rep2-seg1-attempt2-00026-f48333f6a58e,28,28,0,1,13,server_token_ids,1785511566646398181,2063.79148,68.004421,1,"""\n"""
phase2-full-grid-rerun-20260731-l4-l4-tp1-f2040-i32-o32-r10-rep2-seg1-attempt2,phase2-full-grid-rerun-20260731-l4-l4-tp1-f2040-i32-o32-r10-rep2-seg1-attempt2-00026-f48333f6a58e,29,29,0,1,13,server_token_ids,1785511566711392380,2128.785679,64.994199,1,"""\n"""
phase2-full-grid-rerun-20260731-l4-l4-tp1-f2040-i32-o32-r10-rep2-seg1-attempt2,phase2-full-grid-rerun-20260731-l4-l4-tp1-f2040-i32-o32-r10-rep2-seg1-attempt2-00026-f48333f6a58e,30,30,0,1,1014,server_token_ids,1785511566776676730,2194.070029,65.28435,3,"""The"""
phase2-full-grid-rerun-20260731-l4-l4-tp1-f2040-i32-o32-r10-rep2-seg1-attempt2,phase2-full-grid-rerun-20260731-l4-l4-tp1-f2040-i32-o32-r10-rep2-seg1-attempt2-00026-f48333f6a58e,31,31,0,1,28705,server_token_ids,1785511566844987640,2262.380939,68.31091,1,""" """
phase2-full-grid-rerun-20260731-l4-l4-tp1-f2040-i32-o32-r10-rep2-seg1-attempt2,phase2-full-grid-rerun-20260731-l4-l4-tp1-f2040-i32-o32-r10-rep2-seg1-attempt2-00027-4f6792b5237e,0,0,0,1,352,server_token_ids,1785511564858802067,178.064868,,5,"""ation"""
phase2-full-grid-rerun-20260731-l4-l4-tp1-f2040-i32-o32-r10-rep2-seg1-attempt2,phase2-full-grid-rerun-20260731-l4-l4-tp1-f2040-i32-o32-r10-rep2-seg1-attempt2-00027-4f6792b5237e,1,1,0,1,13,server_token_ids,1785511564927426636,246.689437,68.624569,1,"""\n"""
phase2-full-grid-rerun-20260731-l4-l4-tp1-f2040-i32-o32-r10-rep2-seg1-attempt2,phase2-full-grid-rerun-20260731-l4-l4-tp1-f2040-i32-o32-r10-rep2-seg1-attempt2-00027-4f6792b5237e,2,2,0,1,13,server_token_ids,1785511564991380626,310.643427,63.95399,1,"""\n"""
phase2-full-grid-rerun-20260731-l4-l4-tp1-f2040-i32-o32-r10-rep2-seg1-attempt2,phase2-full-grid-rerun-20260731-l4-l4-tp1-f2040-i32-o32-r10-rep2-seg1-attempt2-00027-4f6792b5237e,3,3,0,1,28771,server_token_ids,1785511565060307758,379.570559,68.927132,1,"""#"""
phase2-full-grid-rerun-20260731-l4-l4-tp1-f2040-i32-o32-r10-rep2-seg1-attempt2,phase2-full-grid-rerun-20260731-l4-l4-tp1-f2040-i32-o32-r10-rep2-seg1-attempt2-00027-4f6792b5237e,4,4,0,1,28705,server_token_ids,1785511565121808120,441.070921,61.500362,1,""" """
phase2-full-grid-rerun-20260731-l4-l4-tp1-f2040-i32-o32-r10-rep2-seg1-attempt2,phase2-full-grid-rerun-20260731-l4-l4-tp1-f2040-i32-o32-r10-rep2-seg1-attempt2-00027-4f6792b5237e,5,5,0,1,28750,server_token_ids,1785511565191785437,511.048238,69.977317,1,"""2"""
phase2-full-grid-rerun-20260731-l4-l4-tp1-f2040-i32-o32-r10-rep2-seg1-attempt2,phase2-full-grid-rerun-20260731-l4-l4-tp1-f2040-i32-o32-r10-rep2-seg1-attempt2-00027-4f6792b5237e,6,6,0,1,28734,server_token_ids,1785511565259181397,578.444198,67.39596,1,"""0"""
phase2-full-grid-rerun-20260731-l4-l4-tp1-f2040-i32-o32-r10-rep2-seg1-attempt2,phase2-full-grid-rerun-20260731-l4-l4-tp1-f2040-i32-o32-r10-rep2-seg1-attempt2-00027-4f6792b5237e,7,7,0,1,28740,server_token_ids,1785511565322581375,641.844176,63.399978,1,"""1"""
phase2-full-grid-rerun-20260731-l4-l4-tp1-f2040-i32-o32-r10-rep2-seg1-attempt2,phase2-full-grid-rerun-20260731-l4-l4-tp1-f2040-i32-o32-r10-rep2-seg1-attempt2-00027-4f6792b5237e,8,8,0,1,28783,server_token_ids,1785511565396632764,715.895565,74.051389,1,"""8"""
phase2-full-grid-rerun-20260731-l4-l4-tp1-f2040-i32-o32-r10-rep2-seg1-attempt2,phase2-full-grid-rerun-20260731-l4-l4-tp1-f2040-i32-o32-r10-rep2-seg1-attempt2-00027-4f6792b5237e,9,9,0,1,28733,server_token_ids,1785511565457006334,776.269135,60.37357,1,"""-"""
phase2-full-grid-rerun-20260731-l4-l4-tp1-f2040-i32-o32-r10-rep2-seg1-attempt2,phase2-full-grid-rerun-20260731-l4-l4-tp1-f2040-i32-o32-r10-rep2-seg1-attempt2-00027-4f6792b5237e,10,10,0,1,28740,server_token_ids,1785511565520816028,840.078829,63.809694,1,"""1"""
phase2-full-grid-rerun-20260731-l4-l4-tp1-f2040-i32-o32-r10-rep2-seg1-attempt2,phase2-full-grid-rerun-20260731-l4-l4-tp1-f2040-i32-o32-r10-rep2-seg1-attempt2-00027-4f6792b5237e,11,11,0,1,28774,server_token_ids,1785511565589299566,908.562367,68.483538,1,"""9"""
phase2-full-grid-rerun-20260731-l4-l4-tp1-f2040-i32-o32-r10-rep2-seg1-attempt2,phase2-full-grid-rerun-20260731-l4-l4-tp1-f2040-i32-o32-r10-rep2-seg1-attempt2-00027-4f6792b5237e,12,12,0,1,21041,server_token_ids,1785511565655191336,974.454137,65.89177,4,""" NBA"""
phase2-full-grid-rerun-20260731-l4-l4-tp1-f2040-i32-o32-r10-rep2-seg1-attempt2,phase2-full-grid-rerun-20260731-l4-l4-tp1-f2040-i32-o32-r10-rep2-seg1-attempt2-00027-4f6792b5237e,13,13,0,1,16887,server_token_ids,1785511565718935655,1038.198456,63.744319,7,""" Season"""
phase2-full-grid-rerun-20260731-l4-l4-tp1-f2040-i32-o32-r10-rep2-seg1-attempt2,phase2-full-grid-rerun-20260731-l4-l4-tp1-f2040-i32-o32-r10-rep2-seg1-attempt2-00027-4f6792b5237e,14,14,0,1,4258,server_token_ids,1785511565788621849,1107.88465,69.686194,4,""" Pre"""
phase2-full-grid-rerun-20260731-l4-l4-tp1-f2040-i32-o32-r10-rep2-seg1-attempt2,phase2-full-grid-rerun-20260731-l4-l4-tp1-f2040-i32-o32-r10-rep2-seg1-attempt2-00027-4f6792b5237e,15,15,0,1,1578,server_token_ids,1785511565853077654,1172.340455,64.455805,4,"""view"""
phase2-full-grid-rerun-20260731-l4-l4-tp1-f2040-i32-o32-r10-rep2-seg1-attempt2,phase2-full-grid-rerun-20260731-l4-l4-tp1-f2040-i32-o32-r10-rep2-seg1-attempt2-00027-4f6792b5237e,16,16,0,1,28747,server_token_ids,1785511565927248178,1246.510979,74.170524,1,""":"""
phase2-full-grid-rerun-20260731-l4-l4-tp1-f2040-i32-o32-r10-rep2-seg1-attempt2,phase2-full-grid-rerun-20260731-l4-l4-tp1-f2040-i32-o32-r10-rep2-seg1-attempt2-00027-4f6792b5237e,17,17,0,1,13827,server_token_ids,1785511565989308470,1308.571271,62.060292,8,""" Eastern"""
phase2-full-grid-rerun-20260731-l4-l4-tp1-f2040-i32-o32-r10-rep2-seg1-attempt2,phase2-full-grid-rerun-20260731-l4-l4-tp1-f2040-i32-o32-r10-rep2-seg1-attempt2-00027-4f6792b5237e,18,18,0,1,13115,server_token_ids,1785511566061979047,1381.241848,72.670577,11,""" Conference"""
phase2-full-grid-rerun-20260731-l4-l4-tp1-f2040-i32-o32-r10-rep2-seg1-attempt2,phase2-full-grid-rerun-20260731-l4-l4-tp1-f2040-i32-o32-r10-rep2-seg1-attempt2-00027-4f6792b5237e,19,19,0,1,13,server_token_ids,1785511566125916354,1445.179155,63.937307,1,"""\n"""
phase2-full-grid-rerun-20260731-l4-l4-tp1-f2040-i32-o32-r10-rep2-seg1-attempt2,phase2-full-grid-rerun-20260731-l4-l4-tp1-f2040-i32-o32-r10-rep2-seg1-attempt2-00027-4f6792b5237e,20,20,0,1,13,server_token_ids,1785511566191440040,1510.702841,65.523686,1,"""\n"""
phase2-full-grid-rerun-20260731-l4-l4-tp1-f2040-i32-o32-r10-rep2-seg1-attempt2,phase2-full-grid-rerun-20260731-l4-l4-tp1-f2040-i32-o32-r10-rep2-seg1-attempt2-00027-4f6792b5237e,21,21,0,1,1014,server_token_ids,1785511566261438426,1580.701227,69.998386,3,"""The"""
phase2-full-grid-rerun-20260731-l4-l4-tp1-f2040-i32-o32-r10-rep2-seg1-attempt2,phase2-full-grid-rerun-20260731-l4-l4-tp1-f2040-i32-o32-r10-rep2-seg1-attempt2-00027-4f6792b5237e,22,22,0,1,21041,server_token_ids,1785511566316922219,1636.18502,55.483793,4,""" NBA"""
phase2-full-grid-rerun-20260731-l4-l4-tp1-f2040-i32-o32-r10-rep2-seg1-attempt2,phase2-full-grid-rerun-20260731-l4-l4-tp1-f2040-i32-o32-r10-rep2-seg1-attempt2-00027-4f6792b5237e,23,23,0,1,3302,server_token_ids,1785511566391131750,1710.394551,74.209531,7,""" season"""
phase2-full-grid-rerun-20260731-l4-l4-tp1-f2040-i32-o32-r10-rep2-seg1-attempt2,phase2-full-grid-rerun-20260731-l4-l4-tp1-f2040-i32-o32-r10-rep2-seg1-attempt2-00027-4f6792b5237e,24,24,0,1,349,server_token_ids,1785511566452846289,1772.10909,61.714539,3,""" is"""
phase2-full-grid-rerun-20260731-l4-l4-tp1-f2040-i32-o32-r10-rep2-seg1-attempt2,phase2-full-grid-rerun-20260731-l4-l4-tp1-f2040-i32-o32-r10-rep2-seg1-attempt2-00027-4f6792b5237e,25,25,0,1,776,server_token_ids,1785511566523743854,1843.006655,70.897565,5,""" just"""
phase2-full-grid-rerun-20260731-l4-l4-tp1-f2040-i32-o32-r10-rep2-seg1-attempt2,phase2-full-grid-rerun-20260731-l4-l4-tp1-f2040-i32-o32-r10-rep2-seg1-attempt2-00027-4f6792b5237e,26,26,0,1,1401,server_token_ids,1785511566582750631,1902.013432,59.006777,7,""" around"""
phase2-full-grid-rerun-20260731-l4-l4-tp1-f2040-i32-o32-r10-rep2-seg1-attempt2,phase2-full-grid-rerun-20260731-l4-l4-tp1-f2040-i32-o32-r10-rep2-seg1-attempt2-00027-4f6792b5237e,27,27,0,1,272,server_token_ids,1785511566647889784,1967.152585,65.139153,4,""" the"""
phase2-full-grid-rerun-20260731-l4-l4-tp1-f2040-i32-o32-r10-rep2-seg1-attempt2,phase2-full-grid-rerun-20260731-l4-l4-tp1-f2040-i32-o32-r10-rep2-seg1-attempt2-00027-4f6792b5237e,28,28,0,1,6581,server_token_ids,1785511566721478438,2040.741239,73.588654,7,""" corner"""
phase2-full-grid-rerun-20260731-l4-l4-tp1-f2040-i32-o32-r10-rep2-seg1-attempt2,phase2-full-grid-rerun-20260731-l4-l4-tp1-f2040-i32-o32-r10-rep2-seg1-attempt2-00027-4f6792b5237e,29,29,0,1,28725,server_token_ids,1785511566781198012,2100.460813,59.719574,1,""","""
phase2-full-grid-rerun-20260731-l4-l4-tp1-f2040-i32-o32-r10-rep2-seg1-attempt2,phase2-full-grid-rerun-20260731-l4-l4-tp1-f2040-i32-o32-r10-rep2-seg1-attempt2-00027-4f6792b5237e,30,30,0,1,304,server_token_ids,1785511566856410397,2175.673198,75.212385,4,""" and"""
phase2-full-grid-rerun-20260731-l4-l4-tp1-f2040-i32-o32-r10-rep2-seg1-attempt2,phase2-full-grid-rerun-20260731-l4-l4-tp1-f2040-i32-o32-r10-rep2-seg1-attempt2-00027-4f6792b5237e,31,31,0,1,272,server_token_ids,1785511566911320734,2230.583535,54.910337,4,""" the"""
phase2-full-grid-rerun-20260731-l4-l4-tp1-f2040-i32-o32-r10-rep2-seg1-attempt2,phase2-full-grid-rerun-20260731-l4-l4-tp1-f2040-i32-o32-r10-rep2-seg1-attempt2-00028-2cb51865e841,0,0,0,1,28723,server_token_ids,1785511564991481479,209.462178,,1,"""."""
phase2-full-grid-rerun-20260731-l4-l4-tp1-f2040-i32-o32-r10-rep2-seg1-attempt2,phase2-full-grid-rerun-20260731-l4-l4-tp1-f2040-i32-o32-r10-rep2-seg1-attempt2-00028-2cb51865e841,1,1,0,1,13,server_token_ids,1785511565060391973,278.372672,68.910494,1,"""\n"""
phase2-full-grid-rerun-20260731-l4-l4-tp1-f2040-i32-o32-r10-rep2-seg1-attempt2,phase2-full-grid-rerun-20260731-l4-l4-tp1-f2040-i32-o32-r10-rep2-seg1-attempt2-00028-2cb51865e841,2,2,0,1,13,server_token_ids,1785511565121889414,339.870113,61.497441,1,"""\n"""
phase2-full-grid-rerun-20260731-l4-l4-tp1-f2040-i32-o32-r10-rep2-seg1-attempt2,phase2-full-grid-rerun-20260731-l4-l4-tp1-f2040-i32-o32-r10-rep2-seg1-attempt2-00028-2cb51865e841,3,3,0,1,28771,server_token_ids,1785511565191867322,409.848021,69.977908,1,"""#"""
phase2-full-grid-rerun-20260731-l4-l4-tp1-f2040-i32-o32-r10-rep2-seg1-attempt2,phase2-full-grid-rerun-20260731-l4-l4-tp1-f2040-i32-o32-r10-rep2-seg1-attempt2-00028-2cb51865e841,4,4,0,1,28705,server_token_ids,1785511565259260528,477.241227,67.393206,1,""" """
phase2-full-grid-rerun-20260731-l4-l4-tp1-f2040-i32-o32-r10-rep2-seg1-attempt2,phase2-full-grid-rerun-20260731-l4-l4-tp1-f2040-i32-o32-r10-rep2-seg1-attempt2-00028-2cb51865e841,5,5,0,1,28750,server_token_ids,1785511565322667859,540.648558,63.407331,1,"""2"""
phase2-full-grid-rerun-20260731-l4-l4-tp1-f2040-i32-o32-r10-rep2-seg1-attempt2,phase2-full-grid-rerun-20260731-l4-l4-tp1-f2040-i32-o32-r10-rep2-seg1-attempt2-00028-2cb51865e841,6,6,0,1,28734,server_token_ids,1785511565396553008,614.533707,73.885149,1,"""0"""
phase2-full-grid-rerun-20260731-l4-l4-tp1-f2040-i32-o32-r10-rep2-seg1-attempt2,phase2-full-grid-rerun-20260731-l4-l4-tp1-f2040-i32-o32-r10-rep2-seg1-attempt2-00028-2cb51865e841,7,7,0,1,28740,server_token_ids,1785511565456933121,674.91382,60.380113,1,"""1"""
phase2-full-grid-rerun-20260731-l4-l4-tp1-f2040-i32-o32-r10-rep2-seg1-attempt2,phase2-full-grid-rerun-20260731-l4-l4-tp1-f2040-i32-o32-r10-rep2-seg1-attempt2-00028-2cb51865e841,8,8,0,1,28783,server_token_ids,1785511565520738272,738.718971,63.805151,1,"""8"""
phase2-full-grid-rerun-20260731-l4-l4-tp1-f2040-i32-o32-r10-rep2-seg1-attempt2,phase2-full-grid-rerun-20260731-l4-l4-tp1-f2040-i32-o32-r10-rep2-seg1-attempt2-00028-2cb51865e841,9,9,0,1,28733,server_token_ids,1785511565589209137,807.189836,68.470865,1,"""-"""
phase2-full-grid-rerun-20260731-l4-l4-tp1-f2040-i32-o32-r10-rep2-seg1-attempt2,phase2-full-grid-rerun-20260731-l4-l4-tp1-f2040-i32-o32-r10-rep2-seg1-attempt2-00028-2cb51865e841,10,10,0,1,28750,server_token_ids,1785511565655119465,873.100164,65.910328,1,"""2"""
phase2-full-grid-rerun-20260731-l4-l4-tp1-f2040-i32-o32-r10-rep2-seg1-attempt2,phase2-full-grid-rerun-20260731-l4-l4-tp1-f2040-i32-o32-r10-rep2-seg1-attempt2-00028-2cb51865e841,11,11,0,1,28734,server_token_ids,1785511565718862384,936.843083,63.742919,1,"""0"""
phase2-full-grid-rerun-20260731-l4-l4-tp1-f2040-i32-o32-r10-rep2-seg1-attempt2,phase2-full-grid-rerun-20260731-l4-l4-tp1-f2040-i32-o32-r10-rep2-seg1-attempt2-00028-2cb51865e841,12,12,0,1,28740,server_token_ids,1785511565788545330,1006.526029,69.682946,1,"""1"""
phase2-full-grid-rerun-20260731-l4-l4-tp1-f2040-i32-o32-r10-rep2-seg1-attempt2,phase2-full-grid-rerun-20260731-l4-l4-tp1-f2040-i32-o32-r10-rep2-seg1-attempt2-00028-2cb51865e841,13,13,0,1,28774,server_token_ids,1785511565852996112,1070.976811,64.450782,1,"""9"""
phase2-full-grid-rerun-20260731-l4-l4-tp1-f2040-i32-o32-r10-rep2-seg1-attempt2,phase2-full-grid-rerun-20260731-l4-l4-tp1-f2040-i32-o32-r10-rep2-seg1-attempt2-00028-2cb51865e841,14,14,0,1,13,server_token_ids,1785511565927174253,1145.154952,74.178141,1,"""\n"""
phase2-full-grid-rerun-20260731-l4-l4-tp1-f2040-i32-o32-r10-rep2-seg1-attempt2,phase2-full-grid-rerun-20260731-l4-l4-tp1-f2040-i32-o32-r10-rep2-seg1-attempt2-00028-2cb51865e841,15,15,0,1,13,server_token_ids,1785511565989231642,1207.212341,62.057389,1,"""\n"""
phase2-full-grid-rerun-20260731-l4-l4-tp1-f2040-i32-o32-r10-rep2-seg1-attempt2,phase2-full-grid-rerun-20260731-l4-l4-tp1-f2040-i32-o32-r10-rep2-seg1-attempt2-00028-2cb51865e841,16,16,0,1,1064,server_token_ids,1785511566061894828,1279.875527,72.663186,2,"""##"""
phase2-full-grid-rerun-20260731-l4-l4-tp1-f2040-i32-o32-r10-rep2-seg1-attempt2,phase2-full-grid-rerun-20260731-l4-l4-tp1-f2040-i32-o32-r10-rep2-seg1-attempt2-00028-2cb51865e841,17,17,0,1,28705,server_token_ids,1785511566125838017,1343.818716,63.943189,1,""" """
phase2-full-grid-rerun-20260731-l4-l4-tp1-f2040-i32-o32-r10-rep2-seg1-attempt2,phase2-full-grid-rerun-20260731-l4-l4-tp1-f2040-i32-o32-r10-rep2-seg1-attempt2-00028-2cb51865e841,18,18,0,1,28750,server_token_ids,1785511566191365085,1409.345784,65.527068,1,"""2"""
phase2-full-grid-rerun-20260731-l4-l4-tp1-f2040-i32-o32-r10-rep2-seg1-attempt2,phase2-full-grid-rerun-20260731-l4-l4-tp1-f2040-i32-o32-r10-rep2-seg1-attempt2-00028-2cb51865e841,19,19,0,1,28734,server_token_ids,1785511566261359564,1479.340263,69.994479,1,"""0"""
phase2-full-grid-rerun-20260731-l4-l4-tp1-f2040-i32-o32-r10-rep2-seg1-attempt2,phase2-full-grid-rerun-20260731-l4-l4-tp1-f2040-i32-o32-r10-rep2-seg1-attempt2-00028-2cb51865e841,20,20,0,1,28740,server_token_ids,1785511566316848336,1534.829035,55.488772,1,"""1"""
phase2-full-grid-rerun-20260731-l4-l4-tp1-f2040-i32-o32-r10-rep2-seg1-attempt2,phase2-full-grid-rerun-20260731-l4-l4-tp1-f2040-i32-o32-r10-rep2-seg1-attempt2-00028-2cb51865e841,21,21,0,1,28783,server_token_ids,1785511566391054593,1609.035292,74.206257,1,"""8"""
phase2-full-grid-rerun-20260731-l4-l4-tp1-f2040-i32-o32-r10-rep2-seg1-attempt2,phase2-full-grid-rerun-20260731-l4-l4-tp1-f2040-i32-o32-r10-rep2-seg1-attempt2-00028-2cb51865e841,22,22,0,1,28733,server_token_ids,1785511566452768384,1670.749083,61.713791,1,"""-"""
phase2-full-grid-rerun-20260731-l4-l4-tp1-f2040-i32-o32-r10-rep2-seg1-attempt2,phase2-full-grid-rerun-20260731-l4-l4-tp1-f2040-i32-o32-r10-rep2-seg1-attempt2-00028-2cb51865e841,23,23,0,1,28750,server_token_ids,1785511566523669722,1741.650421,70.901338,1,"""2"""
phase2-full-grid-rerun-20260731-l4-l4-tp1-f2040-i32-o32-r10-rep2-seg1-attempt2,phase2-full-grid-rerun-20260731-l4-l4-tp1-f2040-i32-o32-r10-rep2-seg1-attempt2-00028-2cb51865e841,24,24,0,1,28734,server_token_ids,1785511566582826910,1800.807609,59.157188,1,"""0"""
phase2-full-grid-rerun-20260731-l4-l4-tp1-f2040-i32-o32-r10-rep2-seg1-attempt2,phase2-full-grid-rerun-20260731-l4-l4-tp1-f2040-i32-o32-r10-rep2-seg1-attempt2-00028-2cb51865e841,25,25,0,1,28740,server_token_ids,1785511566647971555,1865.952254,65.144645,1,"""1"""
phase2-full-grid-rerun-20260731-l4-l4-tp1-f2040-i32-o32-r10-rep2-seg1-attempt2,phase2-full-grid-rerun-20260731-l4-l4-tp1-f2040-i32-o32-r10-rep2-seg1-attempt2-00028-2cb51865e841,26,26,0,1,28774,server_token_ids,1785511566721553913,1939.534612,73.582358,1,"""9"""
phase2-full-grid-rerun-20260731-l4-l4-tp1-f2040-i32-o32-r10-rep2-seg1-attempt2,phase2-full-grid-rerun-20260731-l4-l4-tp1-f2040-i32-o32-r10-rep2-seg1-attempt2-00028-2cb51865e841,27,27,0,1,13,server_token_ids,1785511566781271154,1999.251853,59.717241,1,"""\n"""
phase2-full-grid-rerun-20260731-l4-l4-tp1-f2040-i32-o32-r10-rep2-seg1-attempt2,phase2-full-grid-rerun-20260731-l4-l4-tp1-f2040-i32-o32-r10-rep2-seg1-attempt2-00028-2cb51865e841,28,28,0,1,13,server_token_ids,1785511566856494752,2074.475451,75.223598,1,"""\n"""
phase2-full-grid-rerun-20260731-l4-l4-tp1-f2040-i32-o32-r10-rep2-seg1-attempt2,phase2-full-grid-rerun-20260731-l4-l4-tp1-f2040-i32-o32-r10-rep2-seg1-attempt2-00028-2cb51865e841,29,29,0,1,27332,server_token_ids,1785511566911527599,2129.508298,55.032847,3,"""###"""
phase2-full-grid-rerun-20260731-l4-l4-tp1-f2040-i32-o32-r10-rep2-seg1-attempt2,phase2-full-grid-rerun-20260731-l4-l4-tp1-f2040-i32-o32-r10-rep2-seg1-attempt2-00028-2cb51865e841,30,30,0,1,28705,server_token_ids,1785511566980145938,2198.126637,68.618339,1,""" """
phase2-full-grid-rerun-20260731-l4-l4-tp1-f2040-i32-o32-r10-rep2-seg1-attempt2,phase2-full-grid-rerun-20260731-l4-l4-tp1-f2040-i32-o32-r10-rep2-seg1-attempt2-00028-2cb51865e841,31,31,0,1,28750,server_token_ids,1785511567048598838,2266.579537,68.4529,1,"""2"""
phase2-full-grid-rerun-20260731-l4-l4-tp1-f2040-i32-o32-r10-rep2-seg1-attempt2,phase2-full-grid-rerun-20260731-l4-l4-tp1-f2040-i32-o32-r10-rep2-seg1-attempt2-00029-d77c4375f706,0,0,0,1,465,server_token_ids,1785511565055809661,174.925219,,3,"""age"""
phase2-full-grid-rerun-20260731-l4-l4-tp1-f2040-i32-o32-r10-rep2-seg1-attempt2,phase2-full-grid-rerun-20260731-l4-l4-tp1-f2040-i32-o32-r10-rep2-seg1-attempt2-00029-d77c4375f706,1,1,0,1,13,server_token_ids,1785511565120417777,239.533335,64.608116,1,"""\n"""
phase2-full-grid-rerun-20260731-l4-l4-tp1-f2040-i32-o32-r10-rep2-seg1-attempt2,phase2-full-grid-rerun-20260731-l4-l4-tp1-f2040-i32-o32-r10-rep2-seg1-attempt2-00029-d77c4375f706,2,2,0,1,13,server_token_ids,1785511565187858262,306.97382,67.440485,1,"""\n"""
phase2-full-grid-rerun-20260731-l4-l4-tp1-f2040-i32-o32-r10-rep2-seg1-attempt2,phase2-full-grid-rerun-20260731-l4-l4-tp1-f2040-i32-o32-r10-rep2-seg1-attempt2-00029-d77c4375f706,3,3,0,1,28771,server_token_ids,1785511565254529071,373.644629,66.670809,1,"""#"""
phase2-full-grid-rerun-20260731-l4-l4-tp1-f2040-i32-o32-r10-rep2-seg1-attempt2,phase2-full-grid-rerun-20260731-l4-l4-tp1-f2040-i32-o32-r10-rep2-seg1-attempt2-00029-d77c4375f706,4,4,0,1,28705,server_token_ids,1785511565320767520,439.883078,66.238449,1,""" """
phase2-full-grid-rerun-20260731-l4-l4-tp1-f2040-i32-o32-r10-rep2-seg1-attempt2,phase2-full-grid-rerun-20260731-l4-l4-tp1-f2040-i32-o32-r10-rep2-seg1-attempt2-00029-d77c4375f706,5,5,0,1,28750,server_token_ids,1785511565386732074,505.847632,65.964554,1,"""2"""
phase2-full-grid-rerun-20260731-l4-l4-tp1-f2040-i32-o32-r10-rep2-seg1-attempt2,phase2-full-grid-rerun-20260731-l4-l4-tp1-f2040-i32-o32-r10-rep2-seg1-attempt2-00029-d77c4375f706,6,6,0,1,28734,server_token_ids,1785511565452432740,571.548298,65.700666,1,"""0"""
phase2-full-grid-rerun-20260731-l4-l4-tp1-f2040-i32-o32-r10-rep2-seg1-attempt2,phase2-full-grid-rerun-20260731-l4-l4-tp1-f2040-i32-o32-r10-rep2-seg1-attempt2-00029-d77c4375f706,7,7,0,1,28740,server_token_ids,1785511565519130746,638.246304,66.698006,1,"""1"""
phase2-full-grid-rerun-20260731-l4-l4-tp1-f2040-i32-o32-r10-rep2-seg1-attempt2,phase2-full-grid-rerun-20260731-l4-l4-tp1-f2040-i32-o32-r10-rep2-seg1-attempt2-00029-d77c4375f706,8,8,0,1,28783,server_token_ids,1785511565586378505,705.494063,67.247759,1,"""8"""
phase2-full-grid-rerun-20260731-l4-l4-tp1-f2040-i32-o32-r10-rep2-seg1-attempt2,phase2-full-grid-rerun-20260731-l4-l4-tp1-f2040-i32-o32-r10-rep2-seg1-attempt2-00029-d77c4375f706,9,9,0,1,28733,server_token_ids,1785511565650964013,770.079571,64.585508,1,"""-"""
phase2-full-grid-rerun-20260731-l4-l4-tp1-f2040-i32-o32-r10-rep2-seg1-attempt2,phase2-full-grid-rerun-20260731-l4-l4-tp1-f2040-i32-o32-r10-rep2-seg1-attempt2-00029-d77c4375f706,10,10,0,1,28750,server_token_ids,1785511565717112413,836.227971,66.1484,1,"""2"""
phase2-full-grid-rerun-20260731-l4-l4-tp1-f2040-i32-o32-r10-rep2-seg1-attempt2,phase2-full-grid-rerun-20260731-l4-l4-tp1-f2040-i32-o32-r10-rep2-seg1-attempt2-00029-d77c4375f706,11,11,0,1,28734,server_token_ids,1785511565787345902,906.46146,70.233489,1,"""0"""
phase2-full-grid-rerun-20260731-l4-l4-tp1-f2040-i32-o32-r10-rep2-seg1-attempt2,phase2-full-grid-rerun-20260731-l4-l4-tp1-f2040-i32-o32-r10-rep2-seg1-attempt2-00029-d77c4375f706,12,12,0,1,28740,server_token_ids,1785511565849231241,968.346799,61.885339,1,"""1"""
phase2-full-grid-rerun-20260731-l4-l4-tp1-f2040-i32-o32-r10-rep2-seg1-attempt2,phase2-full-grid-rerun-20260731-l4-l4-tp1-f2040-i32-o32-r10-rep2-seg1-attempt2-00029-d77c4375f706,13,13,0,1,28774,server_token_ids,1785511565916434387,1035.549945,67.203146,1,"""9"""
phase2-full-grid-rerun-20260731-l4-l4-tp1-f2040-i32-o32-r10-rep2-seg1-attempt2,phase2-full-grid-rerun-20260731-l4-l4-tp1-f2040-i32-o32-r10-rep2-seg1-attempt2-00029-d77c4375f706,14,14,0,1,13,server_token_ids,1785511565986689157,1105.804715,70.25477,1,"""\n"""
phase2-full-grid-rerun-20260731-l4-l4-tp1-f2040-i32-o32-r10-rep2-seg1-attempt2,phase2-full-grid-rerun-20260731-l4-l4-tp1-f2040-i32-o32-r10-rep2-seg1-attempt2-00029-d77c4375f706,15,15,0,1,13,server_token_ids,1785511566049756889,1168.872447,63.067732,1,"""\n"""
phase2-full-grid-rerun-20260731-l4-l4-tp1-f2040-i32-o32-r10-rep2-seg1-attempt2,phase2-full-grid-rerun-20260731-l4-l4-tp1-f2040-i32-o32-r10-rep2-seg1-attempt2-00029-d77c4375f706,16,16,0,1,1064,server_token_ids,1785511566115056613,1234.172171,65.299724,2,"""##"""
phase2-full-grid-rerun-20260731-l4-l4-tp1-f2040-i32-o32-r10-rep2-seg1-attempt2,phase2-full-grid-rerun-20260731-l4-l4-tp1-f2040-i32-o32-r10-rep2-seg1-attempt2-00029-d77c4375f706,17,17,0,1,28705,server_token_ids,1785511566188439957,1307.555515,73.383344,1,""" """
phase2-full-grid-rerun-20260731-l4-l4-tp1-f2040-i32-o32-r10-rep2-seg1-attempt2,phase2-full-grid-rerun-20260731-l4-l4-tp1-f2040-i32-o32-r10-rep2-seg1-attempt2-00029-d77c4375f706,18,18,0,1,28750,server_token_ids,1785511566248926245,1368.041803,60.486288,1,"""2"""
phase2-full-grid-rerun-20260731-l4-l4-tp1-f2040-i32-o32-r10-rep2-seg1-attempt2,phase2-full-grid-rerun-20260731-l4-l4-tp1-f2040-i32-o32-r10-rep2-seg1-attempt2-00029-d77c4375f706,19,19,0,1,28734,server_token_ids,1785511566314694896,1433.810454,65.768651,1,"""0"""
phase2-full-grid-rerun-20260731-l4-l4-tp1-f2040-i32-o32-r10-rep2-seg1-attempt2,phase2-full-grid-rerun-20260731-l4-l4-tp1-f2040-i32-o32-r10-rep2-seg1-attempt2-00029-d77c4375f706,20,20,0,1,28740,server_token_ids,1785511566379539732,1498.65529,64.844836,1,"""1"""
phase2-full-grid-rerun-20260731-l4-l4-tp1-f2040-i32-o32-r10-rep2-seg1-attempt2,phase2-full-grid-rerun-20260731-l4-l4-tp1-f2040-i32-o32-r10-rep2-seg1-attempt2-00029-d77c4375f706,21,21,0,1,28783,server_token_ids,1785511566450956709,1570.072267,71.416977,1,"""8"""
phase2-full-grid-rerun-20260731-l4-l4-tp1-f2040-i32-o32-r10-rep2-seg1-attempt2,phase2-full-grid-rerun-20260731-l4-l4-tp1-f2040-i32-o32-r10-rep2-seg1-attempt2-00029-d77c4375f706,22,22,0,1,28733,server_token_ids,1785511566512936602,1632.05216,61.979893,1,"""-"""
phase2-full-grid-rerun-20260731-l4-l4-tp1-f2040-i32-o32-r10-rep2-seg1-attempt2,phase2-full-grid-rerun-20260731-l4-l4-tp1-f2040-i32-o32-r10-rep2-seg1-attempt2-00029-d77c4375f706,23,23,0,1,28750,server_token_ids,1785511566578112331,1697.227889,65.175729,1,"""2"""
phase2-full-grid-rerun-20260731-l4-l4-tp1-f2040-i32-o32-r10-rep2-seg1-attempt2,phase2-full-grid-rerun-20260731-l4-l4-tp1-f2040-i32-o32-r10-rep2-seg1-attempt2-00029-d77c4375f706,24,24,0,1,28734,server_token_ids,1785511566646111897,1765.227455,67.999566,1,"""0"""
phase2-full-grid-rerun-20260731-l4-l4-tp1-f2040-i32-o32-r10-rep2-seg1-attempt2,phase2-full-grid-rerun-20260731-l4-l4-tp1-f2040-i32-o32-r10-rep2-seg1-attempt2-00029-d77c4375f706,25,25,0,1,28740,server_token_ids,1785511566711077831,1830.193389,64.965934,1,"""1"""
phase2-full-grid-rerun-20260731-l4-l4-tp1-f2040-i32-o32-r10-rep2-seg1-attempt2,phase2-full-grid-rerun-20260731-l4-l4-tp1-f2040-i32-o32-r10-rep2-seg1-attempt2-00029-d77c4375f706,26,26,0,1,28774,server_token_ids,1785511566776366731,1895.482289,65.2889,1,"""9"""
phase2-full-grid-rerun-20260731-l4-l4-tp1-f2040-i32-o32-r10-rep2-seg1-attempt2,phase2-full-grid-rerun-20260731-l4-l4-tp1-f2040-i32-o32-r10-rep2-seg1-attempt2-00029-d77c4375f706,27,27,0,1,13,server_token_ids,1785511566844694558,1963.810116,68.327827,1,"""\n"""
phase2-full-grid-rerun-20260731-l4-l4-tp1-f2040-i32-o32-r10-rep2-seg1-attempt2,phase2-full-grid-rerun-20260731-l4-l4-tp1-f2040-i32-o32-r10-rep2-seg1-attempt2-00029-d77c4375f706,28,28,0,1,13,server_token_ids,1785511566909447496,2028.563054,64.752938,1,"""\n"""
phase2-full-grid-rerun-20260731-l4-l4-tp1-f2040-i32-o32-r10-rep2-seg1-attempt2,phase2-full-grid-rerun-20260731-l4-l4-tp1-f2040-i32-o32-r10-rep2-seg1-attempt2-00029-d77c4375f706,29,29,0,1,27332,server_token_ids,1785511566975509840,2094.625398,66.062344,3,"""###"""
phase2-full-grid-rerun-20260731-l4-l4-tp1-f2040-i32-o32-r10-rep2-seg1-attempt2,phase2-full-grid-rerun-20260731-l4-l4-tp1-f2040-i32-o32-r10-rep2-seg1-attempt2-00029-d77c4375f706,30,30,0,1,28705,server_token_ids,1785511567043670232,2162.78579,68.160392,1,""" """
phase2-full-grid-rerun-20260731-l4-l4-tp1-f2040-i32-o32-r10-rep2-seg1-attempt2,phase2-full-grid-rerun-20260731-l4-l4-tp1-f2040-i32-o32-r10-rep2-seg1-attempt2-00029-d77c4375f706,31,31,0,1,28750,server_token_ids,1785511567108725894,2227.841452,65.055662,1,"""2"""
phase2-full-grid-rerun-20260731-l4-l4-tp1-f2040-i32-o32-r10-rep2-seg1-attempt2,phase2-full-grid-rerun-20260731-l4-l4-tp1-f2040-i32-o32-r10-rep2-seg1-attempt2-00030-9116acfb6f16,0,0,0,1,13,server_token_ids,1785511565189340884,207.380047,,1,"""\n"""
phase2-full-grid-rerun-20260731-l4-l4-tp1-f2040-i32-o32-r10-rep2-seg1-attempt2,phase2-full-grid-rerun-20260731-l4-l4-tp1-f2040-i32-o32-r10-rep2-seg1-attempt2-00030-9116acfb6f16,1,1,0,1,13,server_token_ids,1785511565258910352,276.949515,69.569468,1,"""\n"""
phase2-full-grid-rerun-20260731-l4-l4-tp1-f2040-i32-o32-r10-rep2-seg1-attempt2,phase2-full-grid-rerun-20260731-l4-l4-tp1-f2040-i32-o32-r10-rep2-seg1-attempt2-00030-9116acfb6f16,2,2,0,1,13,server_token_ids,1785511565322180999,340.220162,63.270647,1,"""\n"""
phase2-full-grid-rerun-20260731-l4-l4-tp1-f2040-i32-o32-r10-rep2-seg1-attempt2,phase2-full-grid-rerun-20260731-l4-l4-tp1-f2040-i32-o32-r10-rep2-seg1-attempt2-00030-9116acfb6f16,3,3,0,1,13,server_token_ids,1785511565394982940,413.022103,72.801941,1,"""\n"""
phase2-full-grid-rerun-20260731-l4-l4-tp1-f2040-i32-o32-r10-rep2-seg1-attempt2,phase2-full-grid-rerun-20260731-l4-l4-tp1-f2040-i32-o32-r10-rep2-seg1-attempt2-00030-9116acfb6f16,4,4,0,1,13,server_token_ids,1785511565456694918,474.734081,61.711978,1,"""\n"""
phase2-full-grid-rerun-20260731-l4-l4-tp1-f2040-i32-o32-r10-rep2-seg1-attempt2,phase2-full-grid-rerun-20260731-l4-l4-tp1-f2040-i32-o32-r10-rep2-seg1-attempt2-00030-9116acfb6f16,5,5,0,1,13,server_token_ids,1785511565520507466,538.546629,63.812548,1,"""\n"""
phase2-full-grid-rerun-20260731-l4-l4-tp1-f2040-i32-o32-r10-rep2-seg1-attempt2,phase2-full-grid-rerun-20260731-l4-l4-tp1-f2040-i32-o32-r10-rep2-seg1-attempt2-00030-9116acfb6f16,6,6,0,1,13,server_token_ids,1785511565587403477,605.44264,66.896011,1,"""\n"""
phase2-full-grid-rerun-20260731-l4-l4-tp1-f2040-i32-o32-r10-rep2-seg1-attempt2,phase2-full-grid-rerun-20260731-l4-l4-tp1-f2040-i32-o32-r10-rep2-seg1-attempt2-00030-9116acfb6f16,7,7,0,1,13,server_token_ids,1785511565654820496,672.859659,67.417019,1,"""\n"""
phase2-full-grid-rerun-20260731-l4-l4-tp1-f2040-i32-o32-r10-rep2-seg1-attempt2,phase2-full-grid-rerun-20260731-l4-l4-tp1-f2040-i32-o32-r10-rep2-seg1-attempt2-00030-9116acfb6f16,8,8,0,1,13,server_token_ids,1785511565718539942,736.579105,63.719446,1,"""\n"""
phase2-full-grid-rerun-20260731-l4-l4-tp1-f2040-i32-o32-r10-rep2-seg1-attempt2,phase2-full-grid-rerun-20260731-l4-l4-tp1-f2040-i32-o32-r10-rep2-seg1-attempt2-00030-9116acfb6f16,9,9,0,1,13,server_token_ids,1785511565788102147,806.14131,69.562205,1,"""\n"""
phase2-full-grid-rerun-20260731-l4-l4-tp1-f2040-i32-o32-r10-rep2-seg1-attempt2,phase2-full-grid-rerun-20260731-l4-l4-tp1-f2040-i32-o32-r10-rep2-seg1-attempt2-00030-9116acfb6f16,10,10,0,1,13,server_token_ids,1785511565852751631,870.790794,64.649484,1,"""\n"""
phase2-full-grid-rerun-20260731-l4-l4-tp1-f2040-i32-o32-r10-rep2-seg1-attempt2,phase2-full-grid-rerun-20260731-l4-l4-tp1-f2040-i32-o32-r10-rep2-seg1-attempt2-00030-9116acfb6f16,11,11,0,1,13,server_token_ids,1785511565926939232,944.978395,74.187601,1,"""\n"""
phase2-full-grid-rerun-20260731-l4-l4-tp1-f2040-i32-o32-r10-rep2-seg1-attempt2,phase2-full-grid-rerun-20260731-l4-l4-tp1-f2040-i32-o32-r10-rep2-seg1-attempt2-00030-9116acfb6f16,12,12,0,1,13,server_token_ids,1785511565988999638,1007.038801,62.060406,1,"""\n"""
phase2-full-grid-rerun-20260731-l4-l4-tp1-f2040-i32-o32-r10-rep2-seg1-attempt2,phase2-full-grid-rerun-20260731-l4-l4-tp1-f2040-i32-o32-r10-rep2-seg1-attempt2-00030-9116acfb6f16,13,13,0,1,13,server_token_ids,1785511566060066624,1078.105787,71.066986,1,"""\n"""
phase2-full-grid-rerun-20260731-l4-l4-tp1-f2040-i32-o32-r10-rep2-seg1-attempt2,phase2-full-grid-rerun-20260731-l4-l4-tp1-f2040-i32-o32-r10-rep2-seg1-attempt2-00030-9116acfb6f16,14,14,0,1,13,server_token_ids,1785511566125494394,1143.533557,65.42777,1,"""\n"""
phase2-full-grid-rerun-20260731-l4-l4-tp1-f2040-i32-o32-r10-rep2-seg1-attempt2,phase2-full-grid-rerun-20260731-l4-l4-tp1-f2040-i32-o32-r10-rep2-seg1-attempt2-00030-9116acfb6f16,15,15,0,1,13,server_token_ids,1785511566191063662,1209.102825,65.569268,1,"""\n"""
phase2-full-grid-rerun-20260731-l4-l4-tp1-f2040-i32-o32-r10-rep2-seg1-attempt2,phase2-full-grid-rerun-20260731-l4-l4-tp1-f2040-i32-o32-r10-rep2-seg1-attempt2-00030-9116acfb6f16,16,16,0,1,13,server_token_ids,1785511566261034644,1279.073807,69.970982,1,"""\n"""
phase2-full-grid-rerun-20260731-l4-l4-tp1-f2040-i32-o32-r10-rep2-seg1-attempt2,phase2-full-grid-rerun-20260731-l4-l4-tp1-f2040-i32-o32-r10-rep2-seg1-attempt2-00030-9116acfb6f16,17,17,0,1,13,server_token_ids,1785511566316529594,1334.568757,55.49495,1,"""\n"""
phase2-full-grid-rerun-20260731-l4-l4-tp1-f2040-i32-o32-r10-rep2-seg1-attempt2,phase2-full-grid-rerun-20260731-l4-l4-tp1-f2040-i32-o32-r10-rep2-seg1-attempt2-00030-9116acfb6f16,18,18,0,1,13,server_token_ids,1785511566390690941,1408.730104,74.161347,1,"""\n"""
phase2-full-grid-rerun-20260731-l4-l4-tp1-f2040-i32-o32-r10-rep2-seg1-attempt2,phase2-full-grid-rerun-20260731-l4-l4-tp1-f2040-i32-o32-r10-rep2-seg1-attempt2-00030-9116acfb6f16,19,19,0,1,13,server_token_ids,1785511566452416488,1470.455651,61.725547,1,"""\n"""
phase2-full-grid-rerun-20260731-l4-l4-tp1-f2040-i32-o32-r10-rep2-seg1-attempt2,phase2-full-grid-rerun-20260731-l4-l4-tp1-f2040-i32-o32-r10-rep2-seg1-attempt2-00030-9116acfb6f16,20,20,0,1,13,server_token_ids,1785511566523332082,1541.371245,70.915594,1,"""\n"""
phase2-full-grid-rerun-20260731-l4-l4-tp1-f2040-i32-o32-r10-rep2-seg1-attempt2,phase2-full-grid-rerun-20260731-l4-l4-tp1-f2040-i32-o32-r10-rep2-seg1-attempt2-00030-9116acfb6f16,21,21,0,1,13,server_token_ids,1785511566582418038,1600.457201,59.085956,1,"""\n"""
phase2-full-grid-rerun-20260731-l4-l4-tp1-f2040-i32-o32-r10-rep2-seg1-attempt2,phase2-full-grid-rerun-20260731-l4-l4-tp1-f2040-i32-o32-r10-rep2-seg1-attempt2-00030-9116acfb6f16,22,22,0,1,13,server_token_ids,1785511566647569634,1665.608797,65.151596,1,"""\n"""
phase2-full-grid-rerun-20260731-l4-l4-tp1-f2040-i32-o32-r10-rep2-seg1-attempt2,phase2-full-grid-rerun-20260731-l4-l4-tp1-f2040-i32-o32-r10-rep2-seg1-attempt2-00030-9116acfb6f16,23,23,0,1,13,server_token_ids,1785511566721168697,1739.20786,73.599063,1,"""\n"""
phase2-full-grid-rerun-20260731-l4-l4-tp1-f2040-i32-o32-r10-rep2-seg1-attempt2,phase2-full-grid-rerun-20260731-l4-l4-tp1-f2040-i32-o32-r10-rep2-seg1-attempt2-00030-9116acfb6f16,24,24,0,1,13,server_token_ids,1785511566780892600,1798.931763,59.723903,1,"""\n"""
phase2-full-grid-rerun-20260731-l4-l4-tp1-f2040-i32-o32-r10-rep2-seg1-attempt2,phase2-full-grid-rerun-20260731-l4-l4-tp1-f2040-i32-o32-r10-rep2-seg1-attempt2-00030-9116acfb6f16,25,25,0,1,13,server_token_ids,1785511566856107061,1874.146224,75.214461,1,"""\n"""
phase2-full-grid-rerun-20260731-l4-l4-tp1-f2040-i32-o32-r10-rep2-seg1-attempt2,phase2-full-grid-rerun-20260731-l4-l4-tp1-f2040-i32-o32-r10-rep2-seg1-attempt2-00030-9116acfb6f16,26,26,0,1,13,server_token_ids,1785511566910687257,1928.72642,54.580196,1,"""\n"""
phase2-full-grid-rerun-20260731-l4-l4-tp1-f2040-i32-o32-r10-rep2-seg1-attempt2,phase2-full-grid-rerun-20260731-l4-l4-tp1-f2040-i32-o32-r10-rep2-seg1-attempt2-00030-9116acfb6f16,27,27,0,1,13,server_token_ids,1785511566979817670,1997.856833,69.130413,1,"""\n"""
phase2-full-grid-rerun-20260731-l4-l4-tp1-f2040-i32-o32-r10-rep2-seg1-attempt2,phase2-full-grid-rerun-20260731-l4-l4-tp1-f2040-i32-o32-r10-rep2-seg1-attempt2-00030-9116acfb6f16,28,28,0,1,13,server_token_ids,1785511567048264161,2066.303324,68.446491,1,"""\n"""
phase2-full-grid-rerun-20260731-l4-l4-tp1-f2040-i32-o32-r10-rep2-seg1-attempt2,phase2-full-grid-rerun-20260731-l4-l4-tp1-f2040-i32-o32-r10-rep2-seg1-attempt2-00030-9116acfb6f16,29,29,0,1,13,server_token_ids,1785511567118234581,2136.273744,69.97042,1,"""\n"""
phase2-full-grid-rerun-20260731-l4-l4-tp1-f2040-i32-o32-r10-rep2-seg1-attempt2,phase2-full-grid-rerun-20260731-l4-l4-tp1-f2040-i32-o32-r10-rep2-seg1-attempt2-00030-9116acfb6f16,30,30,0,1,13,server_token_ids,1785511567176194774,2194.233937,57.960193,1,"""\n"""
phase2-full-grid-rerun-20260731-l4-l4-tp1-f2040-i32-o32-r10-rep2-seg1-attempt2,phase2-full-grid-rerun-20260731-l4-l4-tp1-f2040-i32-o32-r10-rep2-seg1-attempt2-00030-9116acfb6f16,31,31,0,1,13,server_token_ids,1785511567244785439,2262.824602,68.590665,1,"""\n"""
phase2-full-grid-rerun-20260731-l4-l4-tp1-f2040-i32-o32-r10-rep2-seg1-attempt2,phase2-full-grid-rerun-20260731-l4-l4-tp1-f2040-i32-o32-r10-rep2-seg1-attempt2-00031-535b324a6897,0,0,0,1,28733,server_token_ids,1785511565255763143,174.588875,,1,"""-"""
phase2-full-grid-rerun-20260731-l4-l4-tp1-f2040-i32-o32-r10-rep2-seg1-attempt2,phase2-full-grid-rerun-20260731-l4-l4-tp1-f2040-i32-o32-r10-rep2-seg1-attempt2-00031-535b324a6897,1,1,0,1,5705,server_token_ids,1785511565322098433,240.924165,66.33529,5,"""scale"""
phase2-full-grid-rerun-20260731-l4-l4-tp1-f2040-i32-o32-r10-rep2-seg1-attempt2,phase2-full-grid-rerun-20260731-l4-l4-tp1-f2040-i32-o32-r10-rep2-seg1-attempt2-00031-535b324a6897,2,2,0,1,28725,server_token_ids,1785511565394897711,313.723443,72.799278,1,""","""
phase2-full-grid-rerun-20260731-l4-l4-tp1-f2040-i32-o32-r10-rep2-seg1-attempt2,phase2-full-grid-rerun-20260731-l4-l4-tp1-f2040-i32-o32-r10-rep2-seg1-attempt2-00031-535b324a6897,3,3,0,1,1043,server_token_ids,1785511565456612909,375.438641,61.715198,5,""" long"""
phase2-full-grid-rerun-20260731-l4-l4-tp1-f2040-i32-o32-r10-rep2-seg1-attempt2,phase2-full-grid-rerun-20260731-l4-l4-tp1-f2040-i32-o32-r10-rep2-seg1-attempt2-00031-535b324a6897,4,4,0,1,28733,server_token_ids,1785511565520417123,439.242855,63.804214,1,"""-"""
phase2-full-grid-rerun-20260731-l4-l4-tp1-f2040-i32-o32-r10-rep2-seg1-attempt2,phase2-full-grid-rerun-20260731-l4-l4-tp1-f2040-i32-o32-r10-rep2-seg1-attempt2-00031-535b324a6897,5,5,0,1,6590,server_token_ids,1785511565587330017,506.155749,66.912894,4,"""term"""
phase2-full-grid-rerun-20260731-l4-l4-tp1-f2040-i32-o32-r10-rep2-seg1-attempt2,phase2-full-grid-rerun-20260731-l4-l4-tp1-f2040-i32-o32-r10-rep2-seg1-attempt2-00031-535b324a6897,6,6,0,1,28725,server_token_ids,1785511565654738810,573.564542,67.408793,1,""","""
phase2-full-grid-rerun-20260731-l4-l4-tp1-f2040-i32-o32-r10-rep2-seg1-attempt2,phase2-full-grid-rerun-20260731-l4-l4-tp1-f2040-i32-o32-r10-rep2-seg1-attempt2-00031-535b324a6897,7,7,0,1,304,server_token_ids,1785511565718445883,637.271615,63.707073,4,""" and"""
phase2-full-grid-rerun-20260731-l4-l4-tp1-f2040-i32-o32-r10-rep2-seg1-attempt2,phase2-full-grid-rerun-20260731-l4-l4-tp1-f2040-i32-o32-r10-rep2-seg1-attempt2-00031-535b324a6897,8,8,0,1,2531,server_token_ids,1785511565788020468,706.8462,69.574585,5,""" mult"""
phase2-full-grid-rerun-20260731-l4-l4-tp1-f2040-i32-o32-r10-rep2-seg1-attempt2,phase2-full-grid-rerun-20260731-l4-l4-tp1-f2040-i32-o32-r10-rep2-seg1-attempt2-00031-535b324a6897,9,9,0,1,313,server_token_ids,1785511565852660419,771.486151,64.639951,2,"""id"""
phase2-full-grid-rerun-20260731-l4-l4-tp1-f2040-i32-o32-r10-rep2-seg1-attempt2,phase2-full-grid-rerun-20260731-l4-l4-tp1-f2040-i32-o32-r10-rep2-seg1-attempt2-00031-535b324a6897,10,10,0,1,278,server_token_ids,1785511565926856477,845.682209,74.196058,2,"""is"""
phase2-full-grid-rerun-20260731-l4-l4-tp1-f2040-i32-o32-r10-rep2-seg1-attempt2,phase2-full-grid-rerun-20260731-l4-l4-tp1-f2040-i32-o32-r10-rep2-seg1-attempt2-00031-535b324a6897,11,11,0,1,8935,server_token_ids,1785511565988912465,907.738197,62.055988,4,"""cipl"""
phase2-full-grid-rerun-20260731-l4-l4-tp1-f2040-i32-o32-r10-rep2-seg1-attempt2,phase2-full-grid-rerun-20260731-l4-l4-tp1-f2040-i32-o32-r10-rep2-seg1-attempt2-00031-535b324a6897,12,12,0,1,3239,server_token_ids,1785511566059985671,978.811403,71.073206,5,"""inary"""
phase2-full-grid-rerun-20260731-l4-l4-tp1-f2040-i32-o32-r10-rep2-seg1-attempt2,phase2-full-grid-rerun-20260731-l4-l4-tp1-f2040-i32-o32-r10-rep2-seg1-attempt2-00031-535b324a6897,13,13,0,1,3332,server_token_ids,1785511566125385369,1044.211101,65.399698,9,""" research"""
phase2-full-grid-rerun-20260731-l4-l4-tp1-f2040-i32-o32-r10-rep2-seg1-attempt2,phase2-full-grid-rerun-20260731-l4-l4-tp1-f2040-i32-o32-r10-rep2-seg1-attempt2-00031-535b324a6897,14,14,0,1,7028,server_token_ids,1785511566190982653,1109.808385,65.597284,9,""" projects"""
phase2-full-grid-rerun-20260731-l4-l4-tp1-f2040-i32-o32-r10-rep2-seg1-attempt2,phase2-full-grid-rerun-20260731-l4-l4-tp1-f2040-i32-o32-r10-rep2-seg1-attempt2-00031-535b324a6897,15,15,0,1,28723,server_token_ids,1785511566260939078,1179.76481,69.956425,1,"""."""
phase2-full-grid-rerun-20260731-l4-l4-tp1-f2040-i32-o32-r10-rep2-seg1-attempt2,phase2-full-grid-rerun-20260731-l4-l4-tp1-f2040-i32-o32-r10-rep2-seg1-attempt2-00031-535b324a6897,16,16,0,1,13,server_token_ids,1785511566316424855,1235.250587,55.485777,1,"""\n"""
phase2-full-grid-rerun-20260731-l4-l4-tp1-f2040-i32-o32-r10-rep2-seg1-attempt2,phase2-full-grid-rerun-20260731-l4-l4-tp1-f2040-i32-o32-r10-rep2-seg1-attempt2-00031-535b324a6897,17,17,0,1,13,server_token_ids,1785511566390570499,1309.396231,74.145644,1,"""\n"""
phase2-full-grid-rerun-20260731-l4-l4-tp1-f2040-i32-o32-r10-rep2-seg1-attempt2,phase2-full-grid-rerun-20260731-l4-l4-tp1-f2040-i32-o32-r10-rep2-seg1-attempt2-00031-535b324a6897,18,18,0,1,1014,server_token_ids,1785511566452320453,1371.146185,61.749954,3,"""The"""
phase2-full-grid-rerun-20260731-l4-l4-tp1-f2040-i32-o32-r10-rep2-seg1-attempt2,phase2-full-grid-rerun-20260731-l4-l4-tp1-f2040-i32-o32-r10-rep2-seg1-attempt2-00031-535b324a6897,19,19,0,1,3332,server_token_ids,1785511566523239377,1442.065109,70.918924,9,""" research"""
phase2-full-grid-rerun-20260731-l4-l4-tp1-f2040-i32-o32-r10-rep2-seg1-attempt2,phase2-full-grid-rerun-20260731-l4-l4-tp1-f2040-i32-o32-r10-rep2-seg1-attempt2-00031-535b324a6897,20,20,0,1,7028,server_token_ids,1785511566582322219,1501.147951,59.082842,9,""" projects"""
phase2-full-grid-rerun-20260731-l4-l4-tp1-f2040-i32-o32-r10-rep2-seg1-attempt2,phase2-full-grid-rerun-20260731-l4-l4-tp1-f2040-i32-o32-r10-rep2-seg1-attempt2-00031-535b324a6897,21,21,0,1,460,server_token_ids,1785511566647482958,1566.30869,65.160739,4,""" are"""
phase2-full-grid-rerun-20260731-l4-l4-tp1-f2040-i32-o32-r10-rep2-seg1-attempt2,phase2-full-grid-rerun-20260731-l4-l4-tp1-f2040-i32-o32-r10-rep2-seg1-attempt2-00031-535b324a6897,22,22,0,1,5682,server_token_ids,1785511566721080737,1639.906469,73.597779,9,""" designed"""
phase2-full-grid-rerun-20260731-l4-l4-tp1-f2040-i32-o32-r10-rep2-seg1-attempt2,phase2-full-grid-rerun-20260731-l4-l4-tp1-f2040-i32-o32-r10-rep2-seg1-attempt2-00031-535b324a6897,23,23,0,1,298,server_token_ids,1785511566780804764,1699.630496,59.724027,3,""" to"""
phase2-full-grid-rerun-20260731-l4-l4-tp1-f2040-i32-o32-r10-rep2-seg1-attempt2,phase2-full-grid-rerun-20260731-l4-l4-tp1-f2040-i32-o32-r10-rep2-seg1-attempt2-00031-535b324a6897,24,24,0,1,2962,server_token_ids,1785511566856024502,1774.850234,75.219738,8,""" address"""
phase2-full-grid-rerun-20260731-l4-l4-tp1-f2040-i32-o32-r10-rep2-seg1-attempt2,phase2-full-grid-rerun-20260731-l4-l4-tp1-f2040-i32-o32-r10-rep2-seg1-attempt2-00031-535b324a6897,25,25,0,1,272,server_token_ids,1785511566910610138,1829.43587,54.585636,4,""" the"""
phase2-full-grid-rerun-20260731-l4-l4-tp1-f2040-i32-o32-r10-rep2-seg1-attempt2,phase2-full-grid-rerun-20260731-l4-l4-tp1-f2040-i32-o32-r10-rep2-seg1-attempt2-00031-535b324a6897,26,26,0,1,1080,server_token_ids,1785511566979722579,1898.548311,69.112441,5,""" most"""
phase2-full-grid-rerun-20260731-l4-l4-tp1-f2040-i32-o32-r10-rep2-seg1-attempt2,phase2-full-grid-rerun-20260731-l4-l4-tp1-f2040-i32-o32-r10-rep2-seg1-attempt2-00031-535b324a6897,27,27,0,1,2278,server_token_ids,1785511567048174599,1967.000331,68.45202,10,""" important"""
phase2-full-grid-rerun-20260731-l4-l4-tp1-f2040-i32-o32-r10-rep2-seg1-attempt2,phase2-full-grid-rerun-20260731-l4-l4-tp1-f2040-i32-o32-r10-rep2-seg1-attempt2-00031-535b324a6897,28,28,0,1,10469,server_token_ids,1785511567118154412,2036.980144,69.979813,11,""" scientific"""
phase2-full-grid-rerun-20260731-l4-l4-tp1-f2040-i32-o32-r10-rep2-seg1-attempt2,phase2-full-grid-rerun-20260731-l4-l4-tp1-f2040-i32-o32-r10-rep2-seg1-attempt2-00031-535b324a6897,29,29,0,1,4224,server_token_ids,1785511567176109634,2094.935366,57.955222,10,""" questions"""
phase2-full-grid-rerun-20260731-l4-l4-tp1-f2040-i32-o32-r10-rep2-seg1-attempt2,phase2-full-grid-rerun-20260731-l4-l4-tp1-f2040-i32-o32-r10-rep2-seg1-attempt2-00031-535b324a6897,30,30,0,1,302,server_token_ids,1785511567244686668,2163.5124,68.577034,3,""" of"""
phase2-full-grid-rerun-20260731-l4-l4-tp1-f2040-i32-o32-r10-rep2-seg1-attempt2,phase2-full-grid-rerun-20260731-l4-l4-tp1-f2040-i32-o32-r10-rep2-seg1-attempt2-00031-535b324a6897,31,31,0,1,813,server_token_ids,1785511567309796470,2228.622202,65.109802,4,""" our"""
phase2-full-grid-rerun-20260731-l4-l4-tp1-f2040-i32-o32-r10-rep2-seg1-attempt2,phase2-full-grid-rerun-20260731-l4-l4-tp1-f2040-i32-o32-r10-rep2-seg1-attempt2-00032-75b200f17786,0,0,0,1,28709,server_token_ids,1785511565395073416,212.667694,,1,"""o"""
phase2-full-grid-rerun-20260731-l4-l4-tp1-f2040-i32-o32-r10-rep2-seg1-attempt2,phase2-full-grid-rerun-20260731-l4-l4-tp1-f2040-i32-o32-r10-rep2-seg1-attempt2-00032-75b200f17786,1,1,0,1,28705,server_token_ids,1785511565456777987,274.372265,61.704571,1,""" """
phase2-full-grid-rerun-20260731-l4-l4-tp1-f2040-i32-o32-r10-rep2-seg1-attempt2,phase2-full-grid-rerun-20260731-l4-l4-tp1-f2040-i32-o32-r10-rep2-seg1-attempt2-00032-75b200f17786,2,2,0,1,28740,server_token_ids,1785511565520583755,338.178033,63.805768,1,"""1"""
phase2-full-grid-rerun-20260731-l4-l4-tp1-f2040-i32-o32-r10-rep2-seg1-attempt2,phase2-full-grid-rerun-20260731-l4-l4-tp1-f2040-i32-o32-r10-rep2-seg1-attempt2-00032-75b200f17786,3,3,0,1,28774,server_token_ids,1785511565587483591,405.077869,66.899836,1,"""9"""
phase2-full-grid-rerun-20260731-l4-l4-tp1-f2040-i32-o32-r10-rep2-seg1-attempt2,phase2-full-grid-rerun-20260731-l4-l4-tp1-f2040-i32-o32-r10-rep2-seg1-attempt2-00032-75b200f17786,4,4,0,1,28774,server_token_ids,1785511565654895168,472.489446,67.411577,1,"""9"""
phase2-full-grid-rerun-20260731-l4-l4-tp1-f2040-i32-o32-r10-rep2-seg1-attempt2,phase2-full-grid-rerun-20260731-l4-l4-tp1-f2040-i32-o32-r10-rep2-seg1-attempt2-00032-75b200f17786,5,5,0,1,28734,server_token_ids,1785511565718625584,536.219862,63.730416,1,"""0"""
phase2-full-grid-rerun-20260731-l4-l4-tp1-f2040-i32-o32-r10-rep2-seg1-attempt2,phase2-full-grid-rerun-20260731-l4-l4-tp1-f2040-i32-o32-r10-rep2-seg1-attempt2-00032-75b200f17786,6,6,0,1,28713,server_token_ids,1785511565788177562,605.77184,69.551978,1,"""s"""
phase2-full-grid-rerun-20260731-l4-l4-tp1-f2040-i32-o32-r10-rep2-seg1-attempt2,phase2-full-grid-rerun-20260731-l4-l4-tp1-f2040-i32-o32-r10-rep2-seg1-attempt2-00032-75b200f17786,7,7,0,1,28725,server_token_ids,1785511565852833834,670.428112,64.656272,1,""","""
phase2-full-grid-rerun-20260731-l4-l4-tp1-f2040-i32-o32-r10-rep2-seg1-attempt2,phase2-full-grid-rerun-20260731-l4-l4-tp1-f2040-i32-o32-r10-rep2-seg1-attempt2-00032-75b200f17786,8,8,0,1,272,server_token_ids,1785511565927015621,744.609899,74.181787,4,""" the"""
phase2-full-grid-rerun-20260731-l4-l4-tp1-f2040-i32-o32-r10-rep2-seg1-attempt2,phase2-full-grid-rerun-20260731-l4-l4-tp1-f2040-i32-o32-r10-rep2-seg1-attempt2-00032-75b200f17786,9,9,0,1,1526,server_token_ids,1785511565989080160,806.674438,62.064539,6,""" world"""
phase2-full-grid-rerun-20260731-l4-l4-tp1-f2040-i32-o32-r10-rep2-seg1-attempt2,phase2-full-grid-rerun-20260731-l4-l4-tp1-f2040-i32-o32-r10-rep2-seg1-attempt2-00032-75b200f17786,10,10,0,1,659,server_token_ids,1785511566060148219,877.742497,71.068059,4,""" has"""
phase2-full-grid-rerun-20260731-l4-l4-tp1-f2040-i32-o32-r10-rep2-seg1-attempt2,phase2-full-grid-rerun-20260731-l4-l4-tp1-f2040-i32-o32-r10-rep2-seg1-attempt2-00032-75b200f17786,11,11,0,1,24385,server_token_ids,1785511566125584714,943.178992,65.436495,10,""" witnessed"""
phase2-full-grid-rerun-20260731-l4-l4-tp1-f2040-i32-o32-r10-rep2-seg1-attempt2,phase2-full-grid-rerun-20260731-l4-l4-tp1-f2040-i32-o32-r10-rep2-seg1-attempt2-00032-75b200f17786,12,12,0,1,264,server_token_ids,1785511566191142236,1008.736514,65.557522,2,""" a"""
phase2-full-grid-rerun-20260731-l4-l4-tp1-f2040-i32-o32-r10-rep2-seg1-attempt2,phase2-full-grid-rerun-20260731-l4-l4-tp1-f2040-i32-o32-r10-rep2-seg1-attempt2-00032-75b200f17786,13,13,0,1,17296,server_token_ids,1785511566261121489,1078.715767,69.979253,9,""" dramatic"""
phase2-full-grid-rerun-20260731-l4-l4-tp1-f2040-i32-o32-r10-rep2-seg1-attempt2,phase2-full-grid-rerun-20260731-l4-l4-tp1-f2040-i32-o32-r10-rep2-seg1-attempt2-00032-75b200f17786,14,14,0,1,5247,server_token_ids,1785511566316615368,1134.209646,55.493879,9,""" increase"""
phase2-full-grid-rerun-20260731-l4-l4-tp1-f2040-i32-o32-r10-rep2-seg1-attempt2,phase2-full-grid-rerun-20260731-l4-l4-tp1-f2040-i32-o32-r10-rep2-seg1-attempt2-00032-75b200f17786,15,15,0,1,297,server_token_ids,1785511566390791109,1208.385387,74.175741,3,""" in"""
phase2-full-grid-rerun-20260731-l4-l4-tp1-f2040-i32-o32-r10-rep2-seg1-attempt2,phase2-full-grid-rerun-20260731-l4-l4-tp1-f2040-i32-o32-r10-rep2-seg1-attempt2-00032-75b200f17786,16,16,0,1,272,server_token_ids,1785511566452517600,1270.111878,61.726491,4,""" the"""
phase2-full-grid-rerun-20260731-l4-l4-tp1-f2040-i32-o32-r10-rep2-seg1-attempt2,phase2-full-grid-rerun-20260731-l4-l4-tp1-f2040-i32-o32-r10-rep2-seg1-attempt2-00032-75b200f17786,17,17,0,1,1474,server_token_ids,1785511566523416791,1341.011069,70.899191,7,""" number"""
phase2-full-grid-rerun-20260731-l4-l4-tp1-f2040-i32-o32-r10-rep2-seg1-attempt2,phase2-full-grid-rerun-20260731-l4-l4-tp1-f2040-i32-o32-r10-rep2-seg1-attempt2-00032-75b200f17786,18,18,0,1,302,server_token_ids,1785511566582512747,1400.107025,59.095956,3,""" of"""
phase2-full-grid-rerun-20260731-l4-l4-tp1-f2040-i32-o32-r10-rep2-seg1-attempt2,phase2-full-grid-rerun-20260731-l4-l4-tp1-f2040-i32-o32-r10-rep2-seg1-attempt2-00032-75b200f17786,19,19,0,1,905,server_token_ids,1785511566647653458,1465.247736,65.140711,7,""" people"""
phase2-full-grid-rerun-20260731-l4-l4-tp1-f2040-i32-o32-r10-rep2-seg1-attempt2,phase2-full-grid-rerun-20260731-l4-l4-tp1-f2040-i32-o32-r10-rep2-seg1-attempt2-00032-75b200f17786,20,20,0,1,693,server_token_ids,1785511566721250866,1538.845144,73.597408,4,""" who"""
phase2-full-grid-rerun-20260731-l4-l4-tp1-f2040-i32-o32-r10-rep2-seg1-attempt2,phase2-full-grid-rerun-20260731-l4-l4-tp1-f2040-i32-o32-r10-rep2-seg1-attempt2-00032-75b200f17786,21,21,0,1,460,server_token_ids,1785511566780975329,1598.569607,59.724463,4,""" are"""
phase2-full-grid-rerun-20260731-l4-l4-tp1-f2040-i32-o32-r10-rep2-seg1-attempt2,phase2-full-grid-rerun-20260731-l4-l4-tp1-f2040-i32-o32-r10-rep2-seg1-attempt2-00032-75b200f17786,22,22,0,1,3687,server_token_ids,1785511566856185725,1673.780003,75.210396,7,""" living"""
phase2-full-grid-rerun-20260731-l4-l4-tp1-f2040-i32-o32-r10-rep2-seg1-attempt2,phase2-full-grid-rerun-20260731-l4-l4-tp1-f2040-i32-o32-r10-rep2-seg1-attempt2-00032-75b200f17786,23,23,0,1,297,server_token_ids,1785511566910766411,1728.360689,54.580686,3,""" in"""
phase2-full-grid-rerun-20260731-l4-l4-tp1-f2040-i32-o32-r10-rep2-seg1-attempt2,phase2-full-grid-rerun-20260731-l4-l4-tp1-f2040-i32-o32-r10-rep2-seg1-attempt2-00032-75b200f17786,24,24,0,1,9245,server_token_ids,1785511566979900341,1797.494619,69.13393,7,""" cities"""
phase2-full-grid-rerun-20260731-l4-l4-tp1-f2040-i32-o32-r10-rep2-seg1-attempt2,phase2-full-grid-rerun-20260731-l4-l4-tp1-f2040-i32-o32-r10-rep2-seg1-attempt2-00032-75b200f17786,25,25,0,1,28723,server_token_ids,1785511567048342240,1865.936518,68.441899,1,"""."""
phase2-full-grid-rerun-20260731-l4-l4-tp1-f2040-i32-o32-r10-rep2-seg1-attempt2,phase2-full-grid-rerun-20260731-l4-l4-tp1-f2040-i32-o32-r10-rep2-seg1-attempt2-00032-75b200f17786,26,26,0,1,560,server_token_ids,1785511567118319624,1935.913902,69.977384,3,""" In"""
phase2-full-grid-rerun-20260731-l4-l4-tp1-f2040-i32-o32-r10-rep2-seg1-attempt2,phase2-full-grid-rerun-20260731-l4-l4-tp1-f2040-i32-o32-r10-rep2-seg1-attempt2-00032-75b200f17786,27,27,0,1,28705,server_token_ids,1785511567176271476,1993.865754,57.951852,1,""" """
phase2-full-grid-rerun-20260731-l4-l4-tp1-f2040-i32-o32-r10-rep2-seg1-attempt2,phase2-full-grid-rerun-20260731-l4-l4-tp1-f2040-i32-o32-r10-rep2-seg1-attempt2-00032-75b200f17786,28,28,0,1,28740,server_token_ids,1785511567244984631,2062.578909,68.713155,1,"""1"""
phase2-full-grid-rerun-20260731-l4-l4-tp1-f2040-i32-o32-r10-rep2-seg1-attempt2,phase2-full-grid-rerun-20260731-l4-l4-tp1-f2040-i32-o32-r10-rep2-seg1-attempt2-00032-75b200f17786,29,29,0,1,28774,server_token_ids,1785511567309988137,2127.582415,65.003506,1,"""9"""
phase2-full-grid-rerun-20260731-l4-l4-tp1-f2040-i32-o32-r10-rep2-seg1-attempt2,phase2-full-grid-rerun-20260731-l4-l4-tp1-f2040-i32-o32-r10-rep2-seg1-attempt2-00032-75b200f17786,30,30,0,1,28782,server_token_ids,1785511567378498797,2196.093075,68.51066,1,"""5"""
phase2-full-grid-rerun-20260731-l4-l4-tp1-f2040-i32-o32-r10-rep2-seg1-attempt2,phase2-full-grid-rerun-20260731-l4-l4-tp1-f2040-i32-o32-r10-rep2-seg1-attempt2-00032-75b200f17786,31,31,0,1,28734,server_token_ids,1785511567445212480,2262.806758,66.713683,1,"""0"""
phase2-full-grid-rerun-20260731-l4-l4-tp1-f2040-i32-o32-r10-rep2-seg1-attempt2,phase2-full-grid-rerun-20260731-l4-l4-tp1-f2040-i32-o32-r10-rep2-seg1-attempt2-00033-3cadf1621cf9,0,0,0,1,274,server_token_ids,1785511565453025903,171.084581,,2,"""es"""
phase2-full-grid-rerun-20260731-l4-l4-tp1-f2040-i32-o32-r10-rep2-seg1-attempt2,phase2-full-grid-rerun-20260731-l4-l4-tp1-f2040-i32-o32-r10-rep2-seg1-attempt2-00033-3cadf1621cf9,1,1,0,1,28723,server_token_ids,1785511565519718169,237.776847,66.692266,1,"""."""
phase2-full-grid-rerun-20260731-l4-l4-tp1-f2040-i32-o32-r10-rep2-seg1-attempt2,phase2-full-grid-rerun-20260731-l4-l4-tp1-f2040-i32-o32-r10-rep2-seg1-attempt2-00033-3cadf1621cf9,2,2,0,1,13,server_token_ids,1785511565587095316,305.153994,67.377147,1,"""\n"""
phase2-full-grid-rerun-20260731-l4-l4-tp1-f2040-i32-o32-r10-rep2-seg1-attempt2,phase2-full-grid-rerun-20260731-l4-l4-tp1-f2040-i32-o32-r10-rep2-seg1-attempt2-00033-3cadf1621cf9,3,3,0,1,13,server_token_ids,1785511565655343497,373.402175,68.248181,1,"""\n"""
phase2-full-grid-rerun-20260731-l4-l4-tp1-f2040-i32-o32-r10-rep2-seg1-attempt2,phase2-full-grid-rerun-20260731-l4-l4-tp1-f2040-i32-o32-r10-rep2-seg1-attempt2-00033-3cadf1621cf9,4,4,0,1,1064,server_token_ids,1785511565719089389,437.148067,63.745892,2,"""##"""
phase2-full-grid-rerun-20260731-l4-l4-tp1-f2040-i32-o32-r10-rep2-seg1-attempt2,phase2-full-grid-rerun-20260731-l4-l4-tp1-f2040-i32-o32-r10-rep2-seg1-attempt2-00033-3cadf1621cf9,5,5,0,1,28705,server_token_ids,1785511565790841086,508.899764,71.751697,1,""" """
phase2-full-grid-rerun-20260731-l4-l4-tp1-f2040-i32-o32-r10-rep2-seg1-attempt2,phase2-full-grid-rerun-20260731-l4-l4-tp1-f2040-i32-o32-r10-rep2-seg1-attempt2-00033-3cadf1621cf9,6,6,0,1,28740,server_token_ids,1785511565853300398,571.359076,62.459312,1,"""1"""
phase2-full-grid-rerun-20260731-l4-l4-tp1-f2040-i32-o32-r10-rep2-seg1-attempt2,phase2-full-grid-rerun-20260731-l4-l4-tp1-f2040-i32-o32-r10-rep2-seg1-attempt2-00033-3cadf1621cf9,7,7,0,1,23628,server_token_ids,1785511565927471229,645.529907,74.170831,13,""" Introduction"""
phase2-full-grid-rerun-20260731-l4-l4-tp1-f2040-i32-o32-r10-rep2-seg1-attempt2,phase2-full-grid-rerun-20260731-l4-l4-tp1-f2040-i32-o32-r10-rep2-seg1-attempt2-00033-3cadf1621cf9,8,8,0,1,13,server_token_ids,1785511565989554821,707.613499,62.083592,1,"""\n"""
phase2-full-grid-rerun-20260731-l4-l4-tp1-f2040-i32-o32-r10-rep2-seg1-attempt2,phase2-full-grid-rerun-20260731-l4-l4-tp1-f2040-i32-o32-r10-rep2-seg1-attempt2-00033-3cadf1621cf9,9,9,0,1,13,server_token_ids,1785511566062215298,780.273976,72.660477,1,"""\n"""
phase2-full-grid-rerun-20260731-l4-l4-tp1-f2040-i32-o32-r10-rep2-seg1-attempt2,phase2-full-grid-rerun-20260731-l4-l4-tp1-f2040-i32-o32-r10-rep2-seg1-attempt2-00033-3cadf1621cf9,10,10,0,1,1014,server_token_ids,1785511566126187557,844.246235,63.972259,3,"""The"""
phase2-full-grid-rerun-20260731-l4-l4-tp1-f2040-i32-o32-r10-rep2-seg1-attempt2,phase2-full-grid-rerun-20260731-l4-l4-tp1-f2040-i32-o32-r10-rep2-seg1-attempt2-00033-3cadf1621cf9,11,11,0,1,583,server_token_ids,1785511566191671630,909.730308,65.484073,2,""" _"""
phase2-full-grid-rerun-20260731-l4-l4-tp1-f2040-i32-o32-r10-rep2-seg1-attempt2,phase2-full-grid-rerun-20260731-l4-l4-tp1-f2040-i32-o32-r10-rep2-seg1-attempt2-00033-3cadf1621cf9,12,12,0,1,28765,server_token_ids,1785511566261683069,979.741747,70.011439,1,"""F"""
phase2-full-grid-rerun-20260731-l4-l4-tp1-f2040-i32-o32-r10-rep2-seg1-attempt2,phase2-full-grid-rerun-20260731-l4-l4-tp1-f2040-i32-o32-r10-rep2-seg1-attempt2-00033-3cadf1621cf9,13,13,0,1,18296,server_token_ids,1785511566317142989,1035.201667,55.45992,7,"""raction"""
phase2-full-grid-rerun-20260731-l4-l4-tp1-f2040-i32-o32-r10-rep2-seg1-attempt2,phase2-full-grid-rerun-20260731-l4-l4-tp1-f2040-i32-o32-r10-rep2-seg1-attempt2-00033-3cadf1621cf9,14,14,0,1,282,server_token_ids,1785511566391352957,1109.411635,74.209968,2,"""al"""
phase2-full-grid-rerun-20260731-l4-l4-tp1-f2040-i32-o32-r10-rep2-seg1-attempt2,phase2-full-grid-rerun-20260731-l4-l4-tp1-f2040-i32-o32-r10-rep2-seg1-attempt2-00033-3cadf1621cf9,15,15,0,1,3885,server_token_ids,1785511566453207789,1171.266467,61.854832,6,""" State"""
phase2-full-grid-rerun-20260731-l4-l4-tp1-f2040-i32-o32-r10-rep2-seg1-attempt2,phase2-full-grid-rerun-20260731-l4-l4-tp1-f2040-i32-o32-r10-rep2-seg1-attempt2-00033-3cadf1621cf9,16,16,0,1,28730,server_token_ids,1785511566523896042,1241.95472,70.688253,1,"""_"""
phase2-full-grid-rerun-20260731-l4-l4-tp1-f2040-i32-o32-r10-rep2-seg1-attempt2,phase2-full-grid-rerun-20260731-l4-l4-tp1-f2040-i32-o32-r10-rep2-seg1-attempt2-00033-3cadf1621cf9,17,17,0,1,302,server_token_ids,1785511566582971438,1301.030116,59.075396,3,""" of"""
phase2-full-grid-rerun-20260731-l4-l4-tp1-f2040-i32-o32-r10-rep2-seg1-attempt2,phase2-full-grid-rerun-20260731-l4-l4-tp1-f2040-i32-o32-r10-rep2-seg1-attempt2-00033-3cadf1621cf9,18,18,0,1,272,server_token_ids,1785511566651317943,1369.376621,68.346505,4,""" the"""
phase2-full-grid-rerun-20260731-l4-l4-tp1-f2040-i32-o32-r10-rep2-seg1-attempt2,phase2-full-grid-rerun-20260731-l4-l4-tp1-f2040-i32-o32-r10-rep2-seg1-attempt2-00033-3cadf1621cf9,19,19,0,1,27131,server_token_ids,1785511566721779874,1439.838552,70.461931,9,""" Universe"""
phase2-full-grid-rerun-20260731-l4-l4-tp1-f2040-i32-o32-r10-rep2-seg1-attempt2,phase2-full-grid-rerun-20260731-l4-l4-tp1-f2040-i32-o32-r10-rep2-seg1-attempt2-00033-3cadf1621cf9,20,20,0,1,349,server_token_ids,1785511566781502412,1499.56109,59.722538,3,""" is"""
phase2-full-grid-rerun-20260731-l4-l4-tp1-f2040-i32-o32-r10-rep2-seg1-attempt2,phase2-full-grid-rerun-20260731-l4-l4-tp1-f2040-i32-o32-r10-rep2-seg1-attempt2-00033-3cadf1621cf9,21,21,0,1,264,server_token_ids,1785511566856720016,1574.778694,75.217604,2,""" a"""
phase2-full-grid-rerun-20260731-l4-l4-tp1-f2040-i32-o32-r10-rep2-seg1-attempt2,phase2-full-grid-rerun-20260731-l4-l4-tp1-f2040-i32-o32-r10-rep2-seg1-attempt2-00033-3cadf1621cf9,22,22,0,1,11854,server_token_ids,1785511566911790804,1629.849482,55.070788,12,""" fundamental"""
phase2-full-grid-rerun-20260731-l4-l4-tp1-f2040-i32-o32-r10-rep2-seg1-attempt2,phase2-full-grid-rerun-20260731-l4-l4-tp1-f2040-i32-o32-r10-rep2-seg1-attempt2-00033-3cadf1621cf9,23,23,0,1,2700,server_token_ids,1785511566980375025,1698.433703,68.584221,8,""" problem"""
phase2-full-grid-rerun-20260731-l4-l4-tp1-f2040-i32-o32-r10-rep2-seg1-attempt2,phase2-full-grid-rerun-20260731-l4-l4-tp1-f2040-i32-o32-r10-rep2-seg1-attempt2-00033-3cadf1621cf9,24,24,0,1,297,server_token_ids,1785511567048966964,1767.025642,68.591939,3,""" in"""
phase2-full-grid-rerun-20260731-l4-l4-tp1-f2040-i32-o32-r10-rep2-seg1-attempt2,phase2-full-grid-rerun-20260731-l4-l4-tp1-f2040-i32-o32-r10-rep2-seg1-attempt2-00033-3cadf1621cf9,25,25,0,1,272,server_token_ids,1785511567117889642,1835.94832,68.922678,4,""" the"""
phase2-full-grid-rerun-20260731-l4-l4-tp1-f2040-i32-o32-r10-rep2-seg1-attempt2,phase2-full-grid-rerun-20260731-l4-l4-tp1-f2040-i32-o32-r10-rep2-seg1-attempt2-00033-3cadf1621cf9,26,26,0,1,1834,server_token_ids,1785511567175513758,1893.572436,57.624116,6,""" field"""
phase2-full-grid-rerun-20260731-l4-l4-tp1-f2040-i32-o32-r10-rep2-seg1-attempt2,phase2-full-grid-rerun-20260731-l4-l4-tp1-f2040-i32-o32-r10-rep2-seg1-attempt2-00033-3cadf1621cf9,27,27,0,1,5742,server_token_ids,1785511567243947807,1962.006485,68.434049,7,""" theory"""
phase2-full-grid-rerun-20260731-l4-l4-tp1-f2040-i32-o32-r10-rep2-seg1-attempt2,phase2-full-grid-rerun-20260731-l4-l4-tp1-f2040-i32-o32-r10-rep2-seg1-attempt2-00033-3cadf1621cf9,28,28,0,1,28723,server_token_ids,1785511567309513333,2027.572011,65.565526,1,"""."""
phase2-full-grid-rerun-20260731-l4-l4-tp1-f2040-i32-o32-r10-rep2-seg1-attempt2,phase2-full-grid-rerun-20260731-l4-l4-tp1-f2040-i32-o32-r10-rep2-seg1-attempt2-00033-3cadf1621cf9,29,29,0,1,415,server_token_ids,1785511567378208138,2096.266816,68.694805,4,""" The"""
phase2-full-grid-rerun-20260731-l4-l4-tp1-f2040-i32-o32-r10-rep2-seg1-attempt2,phase2-full-grid-rerun-20260731-l4-l4-tp1-f2040-i32-o32-r10-rep2-seg1-attempt2-00033-3cadf1621cf9,30,30,0,1,583,server_token_ids,1785511567443143851,2161.202529,64.935713,2,""" _"""
phase2-full-grid-rerun-20260731-l4-l4-tp1-f2040-i32-o32-r10-rep2-seg1-attempt2,phase2-full-grid-rerun-20260731-l4-l4-tp1-f2040-i32-o32-r10-rep2-seg1-attempt2-00033-3cadf1621cf9,31,31,0,1,28765,server_token_ids,1785511567508265957,2226.324635,65.122106,1,"""F"""
phase2-full-grid-rerun-20260731-l4-l4-tp1-f2040-i32-o32-r10-rep2-seg1-attempt2,phase2-full-grid-rerun-20260731-l4-l4-tp1-f2040-i32-o32-r10-rep2-seg1-attempt2-00034-e48fe1b2ec13,0,0,0,1,28724,server_token_ids,1785511565587649894,205.77604,,1,"""y"""
phase2-full-grid-rerun-20260731-l4-l4-tp1-f2040-i32-o32-r10-rep2-seg1-attempt2,phase2-full-grid-rerun-20260731-l4-l4-tp1-f2040-i32-o32-r10-rep2-seg1-attempt2-00034-e48fe1b2ec13,1,1,0,1,13,server_token_ids,1785511565655047013,273.173159,67.397119,1,"""\n"""
phase2-full-grid-rerun-20260731-l4-l4-tp1-f2040-i32-o32-r10-rep2-seg1-attempt2,phase2-full-grid-rerun-20260731-l4-l4-tp1-f2040-i32-o32-r10-rep2-seg1-attempt2-00034-e48fe1b2ec13,2,2,0,1,13,server_token_ids,1785511565718783145,336.909291,63.736132,1,"""\n"""
phase2-full-grid-rerun-20260731-l4-l4-tp1-f2040-i32-o32-r10-rep2-seg1-attempt2,phase2-full-grid-rerun-20260731-l4-l4-tp1-f2040-i32-o32-r10-rep2-seg1-attempt2-00034-e48fe1b2ec13,3,3,0,1,28771,server_token_ids,1785511565788452156,406.578302,69.669011,1,"""#"""
phase2-full-grid-rerun-20260731-l4-l4-tp1-f2040-i32-o32-r10-rep2-seg1-attempt2,phase2-full-grid-rerun-20260731-l4-l4-tp1-f2040-i32-o32-r10-rep2-seg1-attempt2-00034-e48fe1b2ec13,4,4,0,1,28705,server_token_ids,1785511565852917599,471.043745,64.465443,1,""" """
phase2-full-grid-rerun-20260731-l4-l4-tp1-f2040-i32-o32-r10-rep2-seg1-attempt2,phase2-full-grid-rerun-20260731-l4-l4-tp1-f2040-i32-o32-r10-rep2-seg1-attempt2-00034-e48fe1b2ec13,5,5,0,1,28750,server_token_ids,1785511565927096940,545.223086,74.179341,1,"""2"""
phase2-full-grid-rerun-20260731-l4-l4-tp1-f2040-i32-o32-r10-rep2-seg1-attempt2,phase2-full-grid-rerun-20260731-l4-l4-tp1-f2040-i32-o32-r10-rep2-seg1-attempt2-00034-e48fe1b2ec13,6,6,0,1,28734,server_token_ids,1785511565989158659,607.284805,62.061719,1,"""0"""
phase2-full-grid-rerun-20260731-l4-l4-tp1-f2040-i32-o32-r10-rep2-seg1-attempt2,phase2-full-grid-rerun-20260731-l4-l4-tp1-f2040-i32-o32-r10-rep2-seg1-attempt2-00034-e48fe1b2ec13,7,7,0,1,28740,server_token_ids,1785511566061809296,679.935442,72.650637,1,"""1"""
phase2-full-grid-rerun-20260731-l4-l4-tp1-f2040-i32-o32-r10-rep2-seg1-attempt2,phase2-full-grid-rerun-20260731-l4-l4-tp1-f2040-i32-o32-r10-rep2-seg1-attempt2-00034-e48fe1b2ec13,8,8,0,1,28783,server_token_ids,1785511566125757992,743.884138,63.948696,1,"""8"""
phase2-full-grid-rerun-20260731-l4-l4-tp1-f2040-i32-o32-r10-rep2-seg1-attempt2,phase2-full-grid-rerun-20260731-l4-l4-tp1-f2040-i32-o32-r10-rep2-seg1-attempt2-00034-e48fe1b2ec13,9,9,0,1,28733,server_token_ids,1785511566191289482,809.415628,65.53149,1,"""-"""
phase2-full-grid-rerun-20260731-l4-l4-tp1-f2040-i32-o32-r10-rep2-seg1-attempt2,phase2-full-grid-rerun-20260731-l4-l4-tp1-f2040-i32-o32-r10-rep2-seg1-attempt2-00034-e48fe1b2ec13,10,10,0,1,28740,server_token_ids,1785511566261281521,879.407667,69.992039,1,"""1"""
phase2-full-grid-rerun-20260731-l4-l4-tp1-f2040-i32-o32-r10-rep2-seg1-attempt2,phase2-full-grid-rerun-20260731-l4-l4-tp1-f2040-i32-o32-r10-rep2-seg1-attempt2-00034-e48fe1b2ec13,11,11,0,1,28774,server_token_ids,1785511566316773957,934.900103,55.492436,1,"""9"""
phase2-full-grid-rerun-20260731-l4-l4-tp1-f2040-i32-o32-r10-rep2-seg1-attempt2,phase2-full-grid-rerun-20260731-l4-l4-tp1-f2040-i32-o32-r10-rep2-seg1-attempt2-00034-e48fe1b2ec13,12,12,0,1,16887,server_token_ids,1785511566390977297,1009.103443,74.20334,7,""" Season"""
phase2-full-grid-rerun-20260731-l4-l4-tp1-f2040-i32-o32-r10-rep2-seg1-attempt2,phase2-full-grid-rerun-20260731-l4-l4-tp1-f2040-i32-o32-r10-rep2-seg1-attempt2-00034-e48fe1b2ec13,13,13,0,1,13,server_token_ids,1785511566452692605,1070.818751,61.715308,1,"""\n"""
phase2-full-grid-rerun-20260731-l4-l4-tp1-f2040-i32-o32-r10-rep2-seg1-attempt2,phase2-full-grid-rerun-20260731-l4-l4-tp1-f2040-i32-o32-r10-rep2-seg1-attempt2-00034-e48fe1b2ec13,14,14,0,1,13,server_token_ids,1785511566523592969,1141.719115,70.900364,1,"""\n"""
phase2-full-grid-rerun-20260731-l4-l4-tp1-f2040-i32-o32-r10-rep2-seg1-attempt2,phase2-full-grid-rerun-20260731-l4-l4-tp1-f2040-i32-o32-r10-rep2-seg1-attempt2-00034-e48fe1b2ec13,15,15,0,1,1064,server_token_ids,1785511566582674348,1200.800494,59.081379,2,"""##"""
phase2-full-grid-rerun-20260731-l4-l4-tp1-f2040-i32-o32-r10-rep2-seg1-attempt2,phase2-full-grid-rerun-20260731-l4-l4-tp1-f2040-i32-o32-r10-rep2-seg1-attempt2-00034-e48fe1b2ec13,16,16,0,1,28705,server_token_ids,1785511566647811167,1265.937313,65.136819,1,""" """
phase2-full-grid-rerun-20260731-l4-l4-tp1-f2040-i32-o32-r10-rep2-seg1-attempt2,phase2-full-grid-rerun-20260731-l4-l4-tp1-f2040-i32-o32-r10-rep2-seg1-attempt2-00034-e48fe1b2ec13,17,17,0,1,28750,server_token_ids,1785511566721402557,1339.528703,73.59139,1,"""2"""
phase2-full-grid-rerun-20260731-l4-l4-tp1-f2040-i32-o32-r10-rep2-seg1-attempt2,phase2-full-grid-rerun-20260731-l4-l4-tp1-f2040-i32-o32-r10-rep2-seg1-attempt2-00034-e48fe1b2ec13,18,18,0,1,28734,server_token_ids,1785511566781124220,1399.250366,59.721663,1,"""0"""
phase2-full-grid-rerun-20260731-l4-l4-tp1-f2040-i32-o32-r10-rep2-seg1-attempt2,phase2-full-grid-rerun-20260731-l4-l4-tp1-f2040-i32-o32-r10-rep2-seg1-attempt2-00034-e48fe1b2ec13,19,19,0,1,28740,server_token_ids,1785511566856338984,1474.46513,75.214764,1,"""1"""
phase2-full-grid-rerun-20260731-l4-l4-tp1-f2040-i32-o32-r10-rep2-seg1-attempt2,phase2-full-grid-rerun-20260731-l4-l4-tp1-f2040-i32-o32-r10-rep2-seg1-attempt2-00034-e48fe1b2ec13,20,20,0,1,28783,server_token_ids,1785511566911211568,1529.337714,54.872584,1,"""8"""
phase2-full-grid-rerun-20260731-l4-l4-tp1-f2040-i32-o32-r10-rep2-seg1-attempt2,phase2-full-grid-rerun-20260731-l4-l4-tp1-f2040-i32-o32-r10-rep2-seg1-attempt2-00034-e48fe1b2ec13,21,21,0,1,28733,server_token_ids,1785511566980065299,1598.191445,68.853731,1,"""-"""
phase2-full-grid-rerun-20260731-l4-l4-tp1-f2040-i32-o32-r10-rep2-seg1-attempt2,phase2-full-grid-rerun-20260731-l4-l4-tp1-f2040-i32-o32-r10-rep2-seg1-attempt2-00034-e48fe1b2ec13,22,22,0,1,28740,server_token_ids,1785511567048514115,1666.640261,68.448816,1,"""1"""
phase2-full-grid-rerun-20260731-l4-l4-tp1-f2040-i32-o32-r10-rep2-seg1-attempt2,phase2-full-grid-rerun-20260731-l4-l4-tp1-f2040-i32-o32-r10-rep2-seg1-attempt2-00034-e48fe1b2ec13,23,23,0,1,28774,server_token_ids,1785511567118489655,1736.615801,69.97554,1,"""9"""
phase2-full-grid-rerun-20260731-l4-l4-tp1-f2040-i32-o32-r10-rep2-seg1-attempt2,phase2-full-grid-rerun-20260731-l4-l4-tp1-f2040-i32-o32-r10-rep2-seg1-attempt2-00034-e48fe1b2ec13,24,24,0,1,16887,server_token_ids,1785511567176424914,1794.55106,57.935259,7,""" Season"""
phase2-full-grid-rerun-20260731-l4-l4-tp1-f2040-i32-o32-r10-rep2-seg1-attempt2,phase2-full-grid-rerun-20260731-l4-l4-tp1-f2040-i32-o32-r10-rep2-seg1-attempt2-00034-e48fe1b2ec13,25,25,0,1,13,server_token_ids,1785511567245162738,1863.288884,68.737824,1,"""\n"""
phase2-full-grid-rerun-20260731-l4-l4-tp1-f2040-i32-o32-r10-rep2-seg1-attempt2,phase2-full-grid-rerun-20260731-l4-l4-tp1-f2040-i32-o32-r10-rep2-seg1-attempt2-00034-e48fe1b2ec13,26,26,0,1,13,server_token_ids,1785511567310158842,1928.284988,64.996104,1,"""\n"""
phase2-full-grid-rerun-20260731-l4-l4-tp1-f2040-i32-o32-r10-rep2-seg1-attempt2,phase2-full-grid-rerun-20260731-l4-l4-tp1-f2040-i32-o32-r10-rep2-seg1-attempt2-00034-e48fe1b2ec13,27,27,0,1,27332,server_token_ids,1785511567378662201,1996.788347,68.503359,3,"""###"""
phase2-full-grid-rerun-20260731-l4-l4-tp1-f2040-i32-o32-r10-rep2-seg1-attempt2,phase2-full-grid-rerun-20260731-l4-l4-tp1-f2040-i32-o32-r10-rep2-seg1-attempt2-00034-e48fe1b2ec13,28,28,0,1,28705,server_token_ids,1785511567445522699,2063.648845,66.860498,1,""" """
phase2-full-grid-rerun-20260731-l4-l4-tp1-f2040-i32-o32-r10-rep2-seg1-attempt2,phase2-full-grid-rerun-20260731-l4-l4-tp1-f2040-i32-o32-r10-rep2-seg1-attempt2-00034-e48fe1b2ec13,29,29,0,1,28750,server_token_ids,1785511567508810517,2126.936663,63.287818,1,"""2"""
phase2-full-grid-rerun-20260731-l4-l4-tp1-f2040-i32-o32-r10-rep2-seg1-attempt2,phase2-full-grid-rerun-20260731-l4-l4-tp1-f2040-i32-o32-r10-rep2-seg1-attempt2-00034-e48fe1b2ec13,30,30,0,1,28734,server_token_ids,1785511567576725844,2194.85199,67.915327,1,"""0"""
phase2-full-grid-rerun-20260731-l4-l4-tp1-f2040-i32-o32-r10-rep2-seg1-attempt2,phase2-full-grid-rerun-20260731-l4-l4-tp1-f2040-i32-o32-r10-rep2-seg1-attempt2-00034-e48fe1b2ec13,31,31,0,1,28740,server_token_ids,1785511567645469477,2263.595623,68.743633,1,"""1"""
phase2-full-grid-rerun-20260731-l4-l4-tp1-f2040-i32-o32-r10-rep2-seg1-attempt2,phase2-full-grid-rerun-20260731-l4-l4-tp1-f2040-i32-o32-r10-rep2-seg1-attempt2-00035-585a005ccd09,0,0,0,1,788,server_token_ids,1785511565651242753,169.924721,,4,"""ents"""
phase2-full-grid-rerun-20260731-l4-l4-tp1-f2040-i32-o32-r10-rep2-seg1-attempt2,phase2-full-grid-rerun-20260731-l4-l4-tp1-f2040-i32-o32-r10-rep2-seg1-attempt2-00035-585a005ccd09,1,1,0,1,13,server_token_ids,1785511565717383362,236.06533,66.140609,1,"""\n"""
phase2-full-grid-rerun-20260731-l4-l4-tp1-f2040-i32-o32-r10-rep2-seg1-attempt2,phase2-full-grid-rerun-20260731-l4-l4-tp1-f2040-i32-o32-r10-rep2-seg1-attempt2-00035-585a005ccd09,2,2,0,1,13,server_token_ids,1785511565787634059,306.316027,70.250697,1,"""\n"""
phase2-full-grid-rerun-20260731-l4-l4-tp1-f2040-i32-o32-r10-rep2-seg1-attempt2,phase2-full-grid-rerun-20260731-l4-l4-tp1-f2040-i32-o32-r10-rep2-seg1-attempt2-00035-585a005ccd09,3,3,0,1,1064,server_token_ids,1785511565849503690,368.185658,61.869631,2,"""##"""
phase2-full-grid-rerun-20260731-l4-l4-tp1-f2040-i32-o32-r10-rep2-seg1-attempt2,phase2-full-grid-rerun-20260731-l4-l4-tp1-f2040-i32-o32-r10-rep2-seg1-attempt2-00035-585a005ccd09,4,4,0,1,28705,server_token_ids,1785511565916850385,435.532353,67.346695,1,""" """
phase2-full-grid-rerun-20260731-l4-l4-tp1-f2040-i32-o32-r10-rep2-seg1-attempt2,phase2-full-grid-rerun-20260731-l4-l4-tp1-f2040-i32-o32-r10-rep2-seg1-attempt2-00035-585a005ccd09,5,5,0,1,28740,server_token_ids,1785511565986785561,505.467529,69.935176,1,"""1"""
phase2-full-grid-rerun-20260731-l4-l4-tp1-f2040-i32-o32-r10-rep2-seg1-attempt2,phase2-full-grid-rerun-20260731-l4-l4-tp1-f2040-i32-o32-r10-rep2-seg1-attempt2-00035-585a005ccd09,6,6,0,1,23628,server_token_ids,1785511566049864569,568.546537,63.079008,13,""" Introduction"""
phase2-full-grid-rerun-20260731-l4-l4-tp1-f2040-i32-o32-r10-rep2-seg1-attempt2,phase2-full-grid-rerun-20260731-l4-l4-tp1-f2040-i32-o32-r10-rep2-seg1-attempt2-00035-585a005ccd09,7,7,0,1,13,server_token_ids,1785511566115165559,633.847527,65.30099,1,"""\n"""
phase2-full-grid-rerun-20260731-l4-l4-tp1-f2040-i32-o32-r10-rep2-seg1-attempt2,phase2-full-grid-rerun-20260731-l4-l4-tp1-f2040-i32-o32-r10-rep2-seg1-attempt2-00035-585a005ccd09,8,8,0,1,13,server_token_ids,1785511566188558810,707.240778,73.393251,1,"""\n"""
phase2-full-grid-rerun-20260731-l4-l4-tp1-f2040-i32-o32-r10-rep2-seg1-attempt2,phase2-full-grid-rerun-20260731-l4-l4-tp1-f2040-i32-o32-r10-rep2-seg1-attempt2-00035-585a005ccd09,9,9,0,1,1014,server_token_ids,1785511566252002682,770.68465,63.443872,3,"""The"""
phase2-full-grid-rerun-20260731-l4-l4-tp1-f2040-i32-o32-r10-rep2-seg1-attempt2,phase2-full-grid-rerun-20260731-l4-l4-tp1-f2040-i32-o32-r10-rep2-seg1-attempt2-00035-585a005ccd09,10,10,0,1,583,server_token_ids,1785511566315218507,833.900475,63.215825,2,""" _"""
phase2-full-grid-rerun-20260731-l4-l4-tp1-f2040-i32-o32-r10-rep2-seg1-attempt2,phase2-full-grid-rerun-20260731-l4-l4-tp1-f2040-i32-o32-r10-rep2-seg1-attempt2-00035-585a005ccd09,11,11,0,1,28765,server_token_ids,1785511566379808235,898.490203,64.589728,1,"""F"""
phase2-full-grid-rerun-20260731-l4-l4-tp1-f2040-i32-o32-r10-rep2-seg1-attempt2,phase2-full-grid-rerun-20260731-l4-l4-tp1-f2040-i32-o32-r10-rep2-seg1-attempt2-00035-585a005ccd09,12,12,0,1,18296,server_token_ids,1785511566451165771,969.847739,71.357536,7,"""raction"""
phase2-full-grid-rerun-20260731-l4-l4-tp1-f2040-i32-o32-r10-rep2-seg1-attempt2,phase2-full-grid-rerun-20260731-l4-l4-tp1-f2040-i32-o32-r10-rep2-seg1-attempt2-00035-585a005ccd09,13,13,0,1,282,server_token_ids,1785511566513133347,1031.815315,61.967576,2,"""al"""
phase2-full-grid-rerun-20260731-l4-l4-tp1-f2040-i32-o32-r10-rep2-seg1-attempt2,phase2-full-grid-rerun-20260731-l4-l4-tp1-f2040-i32-o32-r10-rep2-seg1-attempt2-00035-585a005ccd09,14,14,0,1,3885,server_token_ids,1785511566578311961,1096.993929,65.178614,6,""" State"""
phase2-full-grid-rerun-20260731-l4-l4-tp1-f2040-i32-o32-r10-rep2-seg1-attempt2,phase2-full-grid-rerun-20260731-l4-l4-tp1-f2040-i32-o32-r10-rep2-seg1-attempt2-00035-585a005ccd09,15,15,0,1,28730,server_token_ids,1785511566646313749,1164.995717,68.001788,1,"""_"""
phase2-full-grid-rerun-20260731-l4-l4-tp1-f2040-i32-o32-r10-rep2-seg1-attempt2,phase2-full-grid-rerun-20260731-l4-l4-tp1-f2040-i32-o32-r10-rep2-seg1-attempt2-00035-585a005ccd09,16,16,0,1,302,server_token_ids,1785511566711295963,1229.977931,64.982214,3,""" of"""
phase2-full-grid-rerun-20260731-l4-l4-tp1-f2040-i32-o32-r10-rep2-seg1-attempt2,phase2-full-grid-rerun-20260731-l4-l4-tp1-f2040-i32-o32-r10-rep2-seg1-attempt2-00035-585a005ccd09,17,17,0,1,272,server_token_ids,1785511566776588938,1295.270906,65.292975,4,""" the"""
phase2-full-grid-rerun-20260731-l4-l4-tp1-f2040-i32-o32-r10-rep2-seg1-attempt2,phase2-full-grid-rerun-20260731-l4-l4-tp1-f2040-i32-o32-r10-rep2-seg1-attempt2-00035-585a005ccd09,18,18,0,1,1524,server_token_ids,1785511566844890294,1363.572262,68.301356,4,""" art"""
phase2-full-grid-rerun-20260731-l4-l4-tp1-f2040-i32-o32-r10-rep2-seg1-attempt2,phase2-full-grid-rerun-20260731-l4-l4-tp1-f2040-i32-o32-r10-rep2-seg1-attempt2-00035-585a005ccd09,19,19,0,1,349,server_token_ids,1785511566910033065,1428.715033,65.142771,3,""" is"""
phase2-full-grid-rerun-20260731-l4-l4-tp1-f2040-i32-o32-r10-rep2-seg1-attempt2,phase2-full-grid-rerun-20260731-l4-l4-tp1-f2040-i32-o32-r10-rep2-seg1-attempt2-00035-585a005ccd09,20,20,0,1,264,server_token_ids,1785511566975715152,1494.39712,65.682087,2,""" a"""
phase2-full-grid-rerun-20260731-l4-l4-tp1-f2040-i32-o32-r10-rep2-seg1-attempt2,phase2-full-grid-rerun-20260731-l4-l4-tp1-f2040-i32-o32-r10-rep2-seg1-attempt2-00035-585a005ccd09,21,21,0,1,1215,server_token_ids,1785511567043859172,1562.54114,68.14402,5,""" very"""
phase2-full-grid-rerun-20260731-l4-l4-tp1-f2040-i32-o32-r10-rep2-seg1-attempt2,phase2-full-grid-rerun-20260731-l4-l4-tp1-f2040-i32-o32-r10-rep2-seg1-attempt2-00035-585a005ccd09,22,22,0,1,2278,server_token_ids,1785511567109044866,1627.726834,65.185694,10,""" important"""
phase2-full-grid-rerun-20260731-l4-l4-tp1-f2040-i32-o32-r10-rep2-seg1-attempt2,phase2-full-grid-rerun-20260731-l4-l4-tp1-f2040-i32-o32-r10-rep2-seg1-attempt2-00035-585a005ccd09,23,23,0,1,5935,server_token_ids,1785511567174926786,1693.608754,65.88192,8,""" concept"""
phase2-full-grid-rerun-20260731-l4-l4-tp1-f2040-i32-o32-r10-rep2-seg1-attempt2,phase2-full-grid-rerun-20260731-l4-l4-tp1-f2040-i32-o32-r10-rep2-seg1-attempt2-00035-585a005ccd09,24,24,0,1,297,server_token_ids,1785511567243354711,1762.036679,68.427925,3,""" in"""
phase2-full-grid-rerun-20260731-l4-l4-tp1-f2040-i32-o32-r10-rep2-seg1-attempt2,phase2-full-grid-rerun-20260731-l4-l4-tp1-f2040-i32-o32-r10-rep2-seg1-attempt2-00035-585a005ccd09,25,25,0,1,272,server_token_ids,1785511567308507485,1827.189453,65.152774,4,""" the"""
phase2-full-grid-rerun-20260731-l4-l4-tp1-f2040-i32-o32-r10-rep2-seg1-attempt2,phase2-full-grid-rerun-20260731-l4-l4-tp1-f2040-i32-o32-r10-rep2-seg1-attempt2-00035-585a005ccd09,26,26,0,1,1834,server_token_ids,1785511567377265540,1895.947508,68.758055,6,""" field"""
phase2-full-grid-rerun-20260731-l4-l4-tp1-f2040-i32-o32-r10-rep2-seg1-attempt2,phase2-full-grid-rerun-20260731-l4-l4-tp1-f2040-i32-o32-r10-rep2-seg1-attempt2-00035-585a005ccd09,27,27,0,1,302,server_token_ids,1785511567442122203,1960.804171,64.856663,3,""" of"""
phase2-full-grid-rerun-20260731-l4-l4-tp1-f2040-i32-o32-r10-rep2-seg1-attempt2,phase2-full-grid-rerun-20260731-l4-l4-tp1-f2040-i32-o32-r10-rep2-seg1-attempt2-00035-585a005ccd09,28,28,0,1,16872,server_token_ids,1785511567507198050,2025.880018,65.075847,9,""" mathemat"""
phase2-full-grid-rerun-20260731-l4-l4-tp1-f2040-i32-o32-r10-rep2-seg1-attempt2,phase2-full-grid-rerun-20260731-l4-l4-tp1-f2040-i32-o32-r10-rep2-seg1-attempt2-00035-585a005ccd09,29,29,0,1,1063,server_token_ids,1785511567572668200,2091.350168,65.47015,3,"""ics"""
phase2-full-grid-rerun-20260731-l4-l4-tp1-f2040-i32-o32-r10-rep2-seg1-attempt2,phase2-full-grid-rerun-20260731-l4-l4-tp1-f2040-i32-o32-r10-rep2-seg1-attempt2-00035-585a005ccd09,30,30,0,1,28723,server_token_ids,1785511567640914948,2159.596916,68.246748,1,"""."""
phase2-full-grid-rerun-20260731-l4-l4-tp1-f2040-i32-o32-r10-rep2-seg1-attempt2,phase2-full-grid-rerun-20260731-l4-l4-tp1-f2040-i32-o32-r10-rep2-seg1-attempt2-00035-585a005ccd09,31,31,0,1,415,server_token_ids,1785511567705823271,2224.505239,64.908323,4,""" The"""
phase2-full-grid-rerun-20260731-l4-l4-tp1-f2040-i32-o32-r10-rep2-seg1-attempt2,phase2-full-grid-rerun-20260731-l4-l4-tp1-f2040-i32-o32-r10-rep2-seg1-attempt2-00036-a8ce464d2438,0,0,0,1,28707,server_token_ids,1785511565788791482,206.870573,,1,"""t"""
phase2-full-grid-rerun-20260731-l4-l4-tp1-f2040-i32-o32-r10-rep2-seg1-attempt2,phase2-full-grid-rerun-20260731-l4-l4-tp1-f2040-i32-o32-r10-rep2-seg1-attempt2-00036-a8ce464d2438,1,1,0,1,296,server_token_ids,1785511565853225219,271.30431,64.433737,3,"""ion"""
phase2-full-grid-rerun-20260731-l4-l4-tp1-f2040-i32-o32-r10-rep2-seg1-attempt2,phase2-full-grid-rerun-20260731-l4-l4-tp1-f2040-i32-o32-r10-rep2-seg1-attempt2-00036-a8ce464d2438,2,2,0,1,28723,server_token_ids,1785511565927397580,345.476671,74.172361,1,"""."""
phase2-full-grid-rerun-20260731-l4-l4-tp1-f2040-i32-o32-r10-rep2-seg1-attempt2,phase2-full-grid-rerun-20260731-l4-l4-tp1-f2040-i32-o32-r10-rep2-seg1-attempt2-00036-a8ce464d2438,3,3,0,1,13,server_token_ids,1785511565989465560,407.544651,62.06798,1,"""\n"""
phase2-full-grid-rerun-20260731-l4-l4-tp1-f2040-i32-o32-r10-rep2-seg1-attempt2,phase2-full-grid-rerun-20260731-l4-l4-tp1-f2040-i32-o32-r10-rep2-seg1-attempt2-00036-a8ce464d2438,4,4,0,1,13,server_token_ids,1785511566062137645,480.216736,72.672085,1,"""\n"""
phase2-full-grid-rerun-20260731-l4-l4-tp1-f2040-i32-o32-r10-rep2-seg1-attempt2,phase2-full-grid-rerun-20260731-l4-l4-tp1-f2040-i32-o32-r10-rep2-seg1-attempt2-00036-a8ce464d2438,5,5,0,1,1064,server_token_ids,1785511566126110005,544.189096,63.97236,2,"""##"""
phase2-full-grid-rerun-20260731-l4-l4-tp1-f2040-i32-o32-r10-rep2-seg1-attempt2,phase2-full-grid-rerun-20260731-l4-l4-tp1-f2040-i32-o32-r10-rep2-seg1-attempt2-00036-a8ce464d2438,6,6,0,1,28705,server_token_ids,1785511566191599625,609.678716,65.48962,1,""" """
phase2-full-grid-rerun-20260731-l4-l4-tp1-f2040-i32-o32-r10-rep2-seg1-attempt2,phase2-full-grid-rerun-20260731-l4-l4-tp1-f2040-i32-o32-r10-rep2-seg1-attempt2-00036-a8ce464d2438,7,7,0,1,28740,server_token_ids,1785511566261611614,679.690705,70.011989,1,"""1"""
phase2-full-grid-rerun-20260731-l4-l4-tp1-f2040-i32-o32-r10-rep2-seg1-attempt2,phase2-full-grid-rerun-20260731-l4-l4-tp1-f2040-i32-o32-r10-rep2-seg1-attempt2-00036-a8ce464d2438,8,8,0,1,28723,server_token_ids,1785511566317070873,735.149964,55.459259,1,"""."""
phase2-full-grid-rerun-20260731-l4-l4-tp1-f2040-i32-o32-r10-rep2-seg1-attempt2,phase2-full-grid-rerun-20260731-l4-l4-tp1-f2040-i32-o32-r10-rep2-seg1-attempt2-00036-a8ce464d2438,9,9,0,1,23628,server_token_ids,1785511566391278505,809.357596,74.207632,13,""" Introduction"""
phase2-full-grid-rerun-20260731-l4-l4-tp1-f2040-i32-o32-r10-rep2-seg1-attempt2,phase2-full-grid-rerun-20260731-l4-l4-tp1-f2040-i32-o32-r10-rep2-seg1-attempt2-00036-a8ce464d2438,10,10,0,1,13,server_token_ids,1785511566453124680,871.203771,61.846175,1,"""\n"""
phase2-full-grid-rerun-20260731-l4-l4-tp1-f2040-i32-o32-r10-rep2-seg1-attempt2,phase2-full-grid-rerun-20260731-l4-l4-tp1-f2040-i32-o32-r10-rep2-seg1-attempt2-00036-a8ce464d2438,11,11,0,1,13,server_token_ids,1785511566523817446,941.896537,70.692766,1,"""\n"""
phase2-full-grid-rerun-20260731-l4-l4-tp1-f2040-i32-o32-r10-rep2-seg1-attempt2,phase2-full-grid-rerun-20260731-l4-l4-tp1-f2040-i32-o32-r10-rep2-seg1-attempt2-00036-a8ce464d2438,12,12,0,1,1014,server_token_ids,1785511566582904869,1000.98396,59.087423,3,"""The"""
phase2-full-grid-rerun-20260731-l4-l4-tp1-f2040-i32-o32-r10-rep2-seg1-attempt2,phase2-full-grid-rerun-20260731-l4-l4-tp1-f2040-i32-o32-r10-rep2-seg1-attempt2-00036-a8ce464d2438,13,13,0,1,583,server_token_ids,1785511566651225405,1069.304496,68.320536,2,""" _"""
phase2-full-grid-rerun-20260731-l4-l4-tp1-f2040-i32-o32-r10-rep2-seg1-attempt2,phase2-full-grid-rerun-20260731-l4-l4-tp1-f2040-i32-o32-r10-rep2-seg1-attempt2-00036-a8ce464d2438,14,14,0,1,28765,server_token_ids,1785511566721709825,1139.788916,70.48442,1,"""F"""
phase2-full-grid-rerun-20260731-l4-l4-tp1-f2040-i32-o32-r10-rep2-seg1-attempt2,phase2-full-grid-rerun-20260731-l4-l4-tp1-f2040-i32-o32-r10-rep2-seg1-attempt2-00036-a8ce464d2438,15,15,0,1,18296,server_token_ids,1785511566781424713,1199.503804,59.714888,7,"""raction"""
phase2-full-grid-rerun-20260731-l4-l4-tp1-f2040-i32-o32-r10-rep2-seg1-attempt2,phase2-full-grid-rerun-20260731-l4-l4-tp1-f2040-i32-o32-r10-rep2-seg1-attempt2-00036-a8ce464d2438,16,16,0,1,282,server_token_ids,1785511566856645827,1274.724918,75.221114,2,"""al"""
phase2-full-grid-rerun-20260731-l4-l4-tp1-f2040-i32-o32-r10-rep2-seg1-attempt2,phase2-full-grid-rerun-20260731-l4-l4-tp1-f2040-i32-o32-r10-rep2-seg1-attempt2-00036-a8ce464d2438,17,17,0,1,3885,server_token_ids,1785511566911707709,1329.7868,55.061882,6,""" State"""
phase2-full-grid-rerun-20260731-l4-l4-tp1-f2040-i32-o32-r10-rep2-seg1-attempt2,phase2-full-grid-rerun-20260731-l4-l4-tp1-f2040-i32-o32-r10-rep2-seg1-attempt2-00036-a8ce464d2438,18,18,0,1,28730,server_token_ids,1785511566980303064,1398.382155,68.595355,1,"""_"""
phase2-full-grid-rerun-20260731-l4-l4-tp1-f2040-i32-o32-r10-rep2-seg1-attempt2,phase2-full-grid-rerun-20260731-l4-l4-tp1-f2040-i32-o32-r10-rep2-seg1-attempt2-00036-a8ce464d2438,19,19,0,1,302,server_token_ids,1785511567048883858,1466.962949,68.580794,3,""" of"""
phase2-full-grid-rerun-20260731-l4-l4-tp1-f2040-i32-o32-r10-rep2-seg1-attempt2,phase2-full-grid-rerun-20260731-l4-l4-tp1-f2040-i32-o32-r10-rep2-seg1-attempt2-00036-a8ce464d2438,20,20,0,1,272,server_token_ids,1785511567118637943,1536.717034,69.754085,4,""" the"""
phase2-full-grid-rerun-20260731-l4-l4-tp1-f2040-i32-o32-r10-rep2-seg1-attempt2,phase2-full-grid-rerun-20260731-l4-l4-tp1-f2040-i32-o32-r10-rep2-seg1-attempt2-00036-a8ce464d2438,21,21,0,1,1524,server_token_ids,1785511567178904077,1596.983168,60.266134,4,""" art"""
phase2-full-grid-rerun-20260731-l4-l4-tp1-f2040-i32-o32-r10-rep2-seg1-attempt2,phase2-full-grid-rerun-20260731-l4-l4-tp1-f2040-i32-o32-r10-rep2-seg1-attempt2-00036-a8ce464d2438,22,22,0,1,349,server_token_ids,1785511567248212377,1666.291468,69.3083,3,""" is"""
phase2-full-grid-rerun-20260731-l4-l4-tp1-f2040-i32-o32-r10-rep2-seg1-attempt2,phase2-full-grid-rerun-20260731-l4-l4-tp1-f2040-i32-o32-r10-rep2-seg1-attempt2-00036-a8ce464d2438,23,23,0,1,264,server_token_ids,1785511567310465984,1728.545075,62.253607,2,""" a"""
phase2-full-grid-rerun-20260731-l4-l4-tp1-f2040-i32-o32-r10-rep2-seg1-attempt2,phase2-full-grid-rerun-20260731-l4-l4-tp1-f2040-i32-o32-r10-rep2-seg1-attempt2-00036-a8ce464d2438,24,24,0,1,1215,server_token_ids,1785511567378951519,1797.03061,68.485535,5,""" very"""
phase2-full-grid-rerun-20260731-l4-l4-tp1-f2040-i32-o32-r10-rep2-seg1-attempt2,phase2-full-grid-rerun-20260731-l4-l4-tp1-f2040-i32-o32-r10-rep2-seg1-attempt2-00036-a8ce464d2438,25,25,0,1,2278,server_token_ids,1785511567445847699,1863.92679,66.89618,10,""" important"""
phase2-full-grid-rerun-20260731-l4-l4-tp1-f2040-i32-o32-r10-rep2-seg1-attempt2,phase2-full-grid-rerun-20260731-l4-l4-tp1-f2040-i32-o32-r10-rep2-seg1-attempt2-00036-a8ce464d2438,26,26,0,1,5935,server_token_ids,1785511567509110533,1927.189624,63.262834,8,""" concept"""
phase2-full-grid-rerun-20260731-l4-l4-tp1-f2040-i32-o32-r10-rep2-seg1-attempt2,phase2-full-grid-rerun-20260731-l4-l4-tp1-f2040-i32-o32-r10-rep2-seg1-attempt2-00036-a8ce464d2438,27,27,0,1,297,server_token_ids,1785511567577024809,1995.1039,67.914276,3,""" in"""
phase2-full-grid-rerun-20260731-l4-l4-tp1-f2040-i32-o32-r10-rep2-seg1-attempt2,phase2-full-grid-rerun-20260731-l4-l4-tp1-f2040-i32-o32-r10-rep2-seg1-attempt2-00036-a8ce464d2438,28,28,0,1,272,server_token_ids,1785511567645928812,2064.007903,68.904003,4,""" the"""
phase2-full-grid-rerun-20260731-l4-l4-tp1-f2040-i32-o32-r10-rep2-seg1-attempt2,phase2-full-grid-rerun-20260731-l4-l4-tp1-f2040-i32-o32-r10-rep2-seg1-attempt2-00036-a8ce464d2438,29,29,0,1,1834,server_token_ids,1785511567716372963,2134.452054,70.444151,6,""" field"""
phase2-full-grid-rerun-20260731-l4-l4-tp1-f2040-i32-o32-r10-rep2-seg1-attempt2,phase2-full-grid-rerun-20260731-l4-l4-tp1-f2040-i32-o32-r10-rep2-seg1-attempt2-00036-a8ce464d2438,30,30,0,1,302,server_token_ids,1785511567776116340,2194.195431,59.743377,3,""" of"""
phase2-full-grid-rerun-20260731-l4-l4-tp1-f2040-i32-o32-r10-rep2-seg1-attempt2,phase2-full-grid-rerun-20260731-l4-l4-tp1-f2040-i32-o32-r10-rep2-seg1-attempt2-00036-a8ce464d2438,31,31,0,1,16872,server_token_ids,1785511567844456572,2262.535663,68.340232,9,""" mathemat"""
phase2-full-grid-rerun-20260731-l4-l4-tp1-f2040-i32-o32-r10-rep2-seg1-attempt2,phase2-full-grid-rerun-20260731-l4-l4-tp1-f2040-i32-o32-r10-rep2-seg1-attempt2-00037-619141eebd3e,0,0,0,1,2035,server_token_ids,1785511565849764894,167.904362,,4,"""vert"""
phase2-full-grid-rerun-20260731-l4-l4-tp1-f2040-i32-o32-r10-rep2-seg1-attempt2,phase2-full-grid-rerun-20260731-l4-l4-tp1-f2040-i32-o32-r10-rep2-seg1-attempt2-00037-619141eebd3e,1,1,0,1,278,server_token_ids,1785511565926545039,244.684507,76.780145,2,"""is"""
phase2-full-grid-rerun-20260731-l4-l4-tp1-f2040-i32-o32-r10-rep2-seg1-attempt2,phase2-full-grid-rerun-20260731-l4-l4-tp1-f2040-i32-o32-r10-rep2-seg1-attempt2-00037-619141eebd3e,2,2,0,1,1116,server_token_ids,1785511565987119661,305.259129,60.574622,5,"""ement"""
phase2-full-grid-rerun-20260731-l4-l4-tp1-f2040-i32-o32-r10-rep2-seg1-attempt2,phase2-full-grid-rerun-20260731-l4-l4-tp1-f2040-i32-o32-r10-rep2-seg1-attempt2-00037-619141eebd3e,3,3,0,1,13,server_token_ids,1785511566050218744,368.358212,63.099083,1,"""\n"""
phase2-full-grid-rerun-20260731-l4-l4-tp1-f2040-i32-o32-r10-rep2-seg1-attempt2,phase2-full-grid-rerun-20260731-l4-l4-tp1-f2040-i32-o32-r10-rep2-seg1-attempt2-00037-619141eebd3e,4,4,0,1,13,server_token_ids,1785511566115651423,433.790891,65.432679,1,"""\n"""
phase2-full-grid-rerun-20260731-l4-l4-tp1-f2040-i32-o32-r10-rep2-seg1-attempt2,phase2-full-grid-rerun-20260731-l4-l4-tp1-f2040-i32-o32-r10-rep2-seg1-attempt2-00037-619141eebd3e,5,5,0,1,1064,server_token_ids,1785511566190641084,508.780552,74.989661,2,"""##"""
phase2-full-grid-rerun-20260731-l4-l4-tp1-f2040-i32-o32-r10-rep2-seg1-attempt2,phase2-full-grid-rerun-20260731-l4-l4-tp1-f2040-i32-o32-r10-rep2-seg1-attempt2-00037-619141eebd3e,6,6,0,1,28705,server_token_ids,1785511566252350163,570.489631,61.709079,1,""" """
phase2-full-grid-rerun-20260731-l4-l4-tp1-f2040-i32-o32-r10-rep2-seg1-attempt2,phase2-full-grid-rerun-20260731-l4-l4-tp1-f2040-i32-o32-r10-rep2-seg1-attempt2-00037-619141eebd3e,7,7,0,1,28740,server_token_ids,1785511566315564363,633.703831,63.2142,1,"""1"""
phase2-full-grid-rerun-20260731-l4-l4-tp1-f2040-i32-o32-r10-rep2-seg1-attempt2,phase2-full-grid-rerun-20260731-l4-l4-tp1-f2040-i32-o32-r10-rep2-seg1-attempt2-00037-619141eebd3e,8,8,0,1,28723,server_token_ids,1785511566383313605,701.453073,67.749242,1,"""."""
phase2-full-grid-rerun-20260731-l4-l4-tp1-f2040-i32-o32-r10-rep2-seg1-attempt2,phase2-full-grid-rerun-20260731-l4-l4-tp1-f2040-i32-o32-r10-rep2-seg1-attempt2-00037-619141eebd3e,9,9,0,1,23628,server_token_ids,1785511566451592451,769.731919,68.278846,13,""" Introduction"""
phase2-full-grid-rerun-20260731-l4-l4-tp1-f2040-i32-o32-r10-rep2-seg1-attempt2,phase2-full-grid-rerun-20260731-l4-l4-tp1-f2040-i32-o32-r10-rep2-seg1-attempt2-00037-619141eebd3e,10,10,0,1,13,server_token_ids,1785511566513537799,831.677267,61.945348,1,"""\n"""
phase2-full-grid-rerun-20260731-l4-l4-tp1-f2040-i32-o32-r10-rep2-seg1-attempt2,phase2-full-grid-rerun-20260731-l4-l4-tp1-f2040-i32-o32-r10-rep2-seg1-attempt2-00037-619141eebd3e,11,11,0,1,13,server_token_ids,1785511566578699304,896.838772,65.161505,1,"""\n"""
phase2-full-grid-rerun-20260731-l4-l4-tp1-f2040-i32-o32-r10-rep2-seg1-attempt2,phase2-full-grid-rerun-20260731-l4-l4-tp1-f2040-i32-o32-r10-rep2-seg1-attempt2-00037-619141eebd3e,12,12,0,1,1014,server_token_ids,1785511566646731264,964.870732,68.03196,3,"""The"""
phase2-full-grid-rerun-20260731-l4-l4-tp1-f2040-i32-o32-r10-rep2-seg1-attempt2,phase2-full-grid-rerun-20260731-l4-l4-tp1-f2040-i32-o32-r10-rep2-seg1-attempt2-00037-619141eebd3e,13,13,0,1,6032,server_token_ids,1785511566720752962,1038.89243,74.021698,8,""" purpose"""
phase2-full-grid-rerun-20260731-l4-l4-tp1-f2040-i32-o32-r10-rep2-seg1-attempt2,phase2-full-grid-rerun-20260731-l4-l4-tp1-f2040-i32-o32-r10-rep2-seg1-attempt2-00037-619141eebd3e,14,14,0,1,302,server_token_ids,1785511566776920868,1095.060336,56.167906,3,""" of"""
phase2-full-grid-rerun-20260731-l4-l4-tp1-f2040-i32-o32-r10-rep2-seg1-attempt2,phase2-full-grid-rerun-20260731-l4-l4-tp1-f2040-i32-o32-r10-rep2-seg1-attempt2-00037-619141eebd3e,15,15,0,1,456,server_token_ids,1785511566845354030,1163.493498,68.433162,5,""" this"""
phase2-full-grid-rerun-20260731-l4-l4-tp1-f2040-i32-o32-r10-rep2-seg1-attempt2,phase2-full-grid-rerun-20260731-l4-l4-tp1-f2040-i32-o32-r10-rep2-seg1-attempt2-00037-619141eebd3e,16,16,0,1,3830,server_token_ids,1785511566910296332,1228.4358,64.942302,6,""" paper"""
phase2-full-grid-rerun-20260731-l4-l4-tp1-f2040-i32-o32-r10-rep2-seg1-attempt2,phase2-full-grid-rerun-20260731-l4-l4-tp1-f2040-i32-o32-r10-rep2-seg1-attempt2-00037-619141eebd3e,17,17,0,1,349,server_token_ids,1785511566978983245,1297.122713,68.686913,3,""" is"""
phase2-full-grid-rerun-20260731-l4-l4-tp1-f2040-i32-o32-r10-rep2-seg1-attempt2,phase2-full-grid-rerun-20260731-l4-l4-tp1-f2040-i32-o32-r10-rep2-seg1-attempt2-00037-619141eebd3e,18,18,0,1,298,server_token_ids,1785511567047333583,1365.473051,68.350338,3,""" to"""
phase2-full-grid-rerun-20260731-l4-l4-tp1-f2040-i32-o32-r10-rep2-seg1-attempt2,phase2-full-grid-rerun-20260731-l4-l4-tp1-f2040-i32-o32-r10-rep2-seg1-attempt2-00037-619141eebd3e,19,19,0,1,2169,server_token_ids,1785511567117617853,1435.757321,70.28427,8,""" present"""
phase2-full-grid-rerun-20260731-l4-l4-tp1-f2040-i32-o32-r10-rep2-seg1-attempt2,phase2-full-grid-rerun-20260731-l4-l4-tp1-f2040-i32-o32-r10-rep2-seg1-attempt2-00037-619141eebd3e,20,20,0,1,264,server_token_ids,1785511567175346102,1493.48557,57.728249,2,""" a"""
phase2-full-grid-rerun-20260731-l4-l4-tp1-f2040-i32-o32-r10-rep2-seg1-attempt2,phase2-full-grid-rerun-20260731-l4-l4-tp1-f2040-i32-o32-r10-rep2-seg1-attempt2-00037-619141eebd3e,21,21,0,1,633,server_token_ids,1785511567243782726,1561.922194,68.436624,4,""" new"""
phase2-full-grid-rerun-20260731-l4-l4-tp1-f2040-i32-o32-r10-rep2-seg1-attempt2,phase2-full-grid-rerun-20260731-l4-l4-tp1-f2040-i32-o32-r10-rep2-seg1-attempt2-00037-619141eebd3e,22,22,0,1,2038,server_token_ids,1785511567308934676,1627.074144,65.15195,7,""" method"""
phase2-full-grid-rerun-20260731-l4-l4-tp1-f2040-i32-o32-r10-rep2-seg1-attempt2,phase2-full-grid-rerun-20260731-l4-l4-tp1-f2040-i32-o32-r10-rep2-seg1-attempt2-00037-619141eebd3e,23,23,0,1,354,server_token_ids,1785511567377697787,1695.837255,68.763111,4,""" for"""
phase2-full-grid-rerun-20260731-l4-l4-tp1-f2040-i32-o32-r10-rep2-seg1-attempt2,phase2-full-grid-rerun-20260731-l4-l4-tp1-f2040-i32-o32-r10-rep2-seg1-attempt2-00037-619141eebd3e,24,24,0,1,272,server_token_ids,1785511567442525640,1760.665108,64.827853,4,""" the"""
phase2-full-grid-rerun-20260731-l4-l4-tp1-f2040-i32-o32-r10-rep2-seg1-attempt2,phase2-full-grid-rerun-20260731-l4-l4-tp1-f2040-i32-o32-r10-rep2-seg1-attempt2-00037-619141eebd3e,25,25,0,1,20051,server_token_ids,1785511567508049792,1826.18926,65.524152,14,""" determination"""
phase2-full-grid-rerun-20260731-l4-l4-tp1-f2040-i32-o32-r10-rep2-seg1-attempt2,phase2-full-grid-rerun-20260731-l4-l4-tp1-f2040-i32-o32-r10-rep2-seg1-attempt2-00037-619141eebd3e,26,26,0,1,302,server_token_ids,1785511567573064089,1891.203557,65.014297,3,""" of"""
phase2-full-grid-rerun-20260731-l4-l4-tp1-f2040-i32-o32-r10-rep2-seg1-attempt2,phase2-full-grid-rerun-20260731-l4-l4-tp1-f2040-i32-o32-r10-rep2-seg1-attempt2-00037-619141eebd3e,27,27,0,1,272,server_token_ids,1785511567641296889,1959.436357,68.2328,4,""" the"""
phase2-full-grid-rerun-20260731-l4-l4-tp1-f2040-i32-o32-r10-rep2-seg1-attempt2,phase2-full-grid-rerun-20260731-l4-l4-tp1-f2040-i32-o32-r10-rep2-seg1-attempt2-00037-619141eebd3e,28,28,0,1,1474,server_token_ids,1785511567715414383,2033.553851,74.117494,7,""" number"""
phase2-full-grid-rerun-20260731-l4-l4-tp1-f2040-i32-o32-r10-rep2-seg1-attempt2,phase2-full-grid-rerun-20260731-l4-l4-tp1-f2040-i32-o32-r10-rep2-seg1-attempt2-00037-619141eebd3e,29,29,0,1,302,server_token_ids,1785511567771609696,2089.749164,56.195313,3,""" of"""
phase2-full-grid-rerun-20260731-l4-l4-tp1-f2040-i32-o32-r10-rep2-seg1-attempt2,phase2-full-grid-rerun-20260731-l4-l4-tp1-f2040-i32-o32-r10-rep2-seg1-attempt2-00037-619141eebd3e,30,30,0,1,13938,server_token_ids,1785511567839607618,2157.747086,67.997922,10,""" particles"""
phase2-full-grid-rerun-20260731-l4-l4-tp1-f2040-i32-o32-r10-rep2-seg1-attempt2,phase2-full-grid-rerun-20260731-l4-l4-tp1-f2040-i32-o32-r10-rep2-seg1-attempt2-00037-619141eebd3e,31,31,0,1,297,server_token_ids,1785511567904523752,2222.66322,64.916134,3,""" in"""
phase2-full-grid-rerun-20260731-l4-l4-tp1-f2040-i32-o32-r10-rep2-seg1-attempt2,phase2-full-grid-rerun-20260731-l4-l4-tp1-f2040-i32-o32-r10-rep2-seg1-attempt2-00038-92f5e56083de,0,0,0,1,28733,server_token_ids,1785511565987290495,205.10352,,1,"""-"""
phase2-full-grid-rerun-20260731-l4-l4-tp1-f2040-i32-o32-r10-rep2-seg1-attempt2,phase2-full-grid-rerun-20260731-l4-l4-tp1-f2040-i32-o32-r10-rep2-seg1-attempt2-00038-92f5e56083de,1,1,0,1,28705,server_token_ids,1785511566059804867,277.617892,72.514372,1,""" """
phase2-full-grid-rerun-20260731-l4-l4-tp1-f2040-i32-o32-r10-rep2-seg1-attempt2,phase2-full-grid-rerun-20260731-l4-l4-tp1-f2040-i32-o32-r10-rep2-seg1-attempt2-00038-92f5e56083de,2,2,0,1,28740,server_token_ids,1785511566115835331,333.648356,56.030464,1,"""1"""
phase2-full-grid-rerun-20260731-l4-l4-tp1-f2040-i32-o32-r10-rep2-seg1-attempt2,phase2-full-grid-rerun-20260731-l4-l4-tp1-f2040-i32-o32-r10-rep2-seg1-attempt2-00038-92f5e56083de,3,3,0,1,28734,server_token_ids,1785511566190821712,408.634737,74.986381,1,"""0"""
phase2-full-grid-rerun-20260731-l4-l4-tp1-f2040-i32-o32-r10-rep2-seg1-attempt2,phase2-full-grid-rerun-20260731-l4-l4-tp1-f2040-i32-o32-r10-rep2-seg1-attempt2-00038-92f5e56083de,4,4,0,1,28734,server_token_ids,1785511566260723104,478.536129,69.901392,1,"""0"""
phase2-full-grid-rerun-20260731-l4-l4-tp1-f2040-i32-o32-r10-rep2-seg1-attempt2,phase2-full-grid-rerun-20260731-l4-l4-tp1-f2040-i32-o32-r10-rep2-seg1-attempt2-00038-92f5e56083de,5,5,0,1,28734,server_token_ids,1785511566315716257,533.529282,54.993153,1,"""0"""
phase2-full-grid-rerun-20260731-l4-l4-tp1-f2040-i32-o32-r10-rep2-seg1-attempt2,phase2-full-grid-rerun-20260731-l4-l4-tp1-f2040-i32-o32-r10-rep2-seg1-attempt2-00038-92f5e56083de,6,6,0,1,28734,server_token_ids,1785511566383509840,601.322865,67.793583,1,"""0"""
phase2-full-grid-rerun-20260731-l4-l4-tp1-f2040-i32-o32-r10-rep2-seg1-attempt2,phase2-full-grid-rerun-20260731-l4-l4-tp1-f2040-i32-o32-r10-rep2-seg1-attempt2-00038-92f5e56083de,7,7,0,1,28734,server_token_ids,1785511566452215044,670.028069,68.705204,1,"""0"""
phase2-full-grid-rerun-20260731-l4-l4-tp1-f2040-i32-o32-r10-rep2-seg1-attempt2,phase2-full-grid-rerun-20260731-l4-l4-tp1-f2040-i32-o32-r10-rep2-seg1-attempt2-00038-92f5e56083de,8,8,0,1,28734,server_token_ids,1785511566523119739,740.932764,70.904695,1,"""0"""
phase2-full-grid-rerun-20260731-l4-l4-tp1-f2040-i32-o32-r10-rep2-seg1-attempt2,phase2-full-grid-rerun-20260731-l4-l4-tp1-f2040-i32-o32-r10-rep2-seg1-attempt2-00038-92f5e56083de,9,9,0,1,28734,server_token_ids,1785511566579145678,796.958703,56.025939,1,"""0"""
phase2-full-grid-rerun-20260731-l4-l4-tp1-f2040-i32-o32-r10-rep2-seg1-attempt2,phase2-full-grid-rerun-20260731-l4-l4-tp1-f2040-i32-o32-r10-rep2-seg1-attempt2-00038-92f5e56083de,10,10,0,1,28734,server_token_ids,1785511566647271937,865.084962,68.126259,1,"""0"""
phase2-full-grid-rerun-20260731-l4-l4-tp1-f2040-i32-o32-r10-rep2-seg1-attempt2,phase2-full-grid-rerun-20260731-l4-l4-tp1-f2040-i32-o32-r10-rep2-seg1-attempt2-00038-92f5e56083de,11,11,0,1,28734,server_token_ids,1785511566720883775,938.6968,73.611838,1,"""0"""
phase2-full-grid-rerun-20260731-l4-l4-tp1-f2040-i32-o32-r10-rep2-seg1-attempt2,phase2-full-grid-rerun-20260731-l4-l4-tp1-f2040-i32-o32-r10-rep2-seg1-attempt2-00038-92f5e56083de,12,12,0,1,28734,server_token_ids,1785511566780607906,998.420931,59.724131,1,"""0"""
phase2-full-grid-rerun-20260731-l4-l4-tp1-f2040-i32-o32-r10-rep2-seg1-attempt2,phase2-full-grid-rerun-20260731-l4-l4-tp1-f2040-i32-o32-r10-rep2-seg1-attempt2-00038-92f5e56083de,13,13,0,1,28734,server_token_ids,1785511566855833557,1073.646582,75.225651,1,"""0"""
phase2-full-grid-rerun-20260731-l4-l4-tp1-f2040-i32-o32-r10-rep2-seg1-attempt2,phase2-full-grid-rerun-20260731-l4-l4-tp1-f2040-i32-o32-r10-rep2-seg1-attempt2-00038-92f5e56083de,14,14,0,1,28734,server_token_ids,1785511566910454235,1128.26726,54.620678,1,"""0"""
phase2-full-grid-rerun-20260731-l4-l4-tp1-f2040-i32-o32-r10-rep2-seg1-attempt2,phase2-full-grid-rerun-20260731-l4-l4-tp1-f2040-i32-o32-r10-rep2-seg1-attempt2-00038-92f5e56083de,15,15,0,1,28734,server_token_ids,1785511566979150250,1196.963275,68.696015,1,"""0"""
phase2-full-grid-rerun-20260731-l4-l4-tp1-f2040-i32-o32-r10-rep2-seg1-attempt2,phase2-full-grid-rerun-20260731-l4-l4-tp1-f2040-i32-o32-r10-rep2-seg1-attempt2-00038-92f5e56083de,16,16,0,1,28734,server_token_ids,1785511567047964919,1265.777944,68.814669,1,"""0"""
phase2-full-grid-rerun-20260731-l4-l4-tp1-f2040-i32-o32-r10-rep2-seg1-attempt2,phase2-full-grid-rerun-20260731-l4-l4-tp1-f2040-i32-o32-r10-rep2-seg1-attempt2-00038-92f5e56083de,17,17,0,1,28734,server_token_ids,1785511567117984677,1335.797702,70.019758,1,"""0"""
phase2-full-grid-rerun-20260731-l4-l4-tp1-f2040-i32-o32-r10-rep2-seg1-attempt2,phase2-full-grid-rerun-20260731-l4-l4-tp1-f2040-i32-o32-r10-rep2-seg1-attempt2-00038-92f5e56083de,18,18,0,1,28734,server_token_ids,1785511567175923898,1393.736923,57.939221,1,"""0"""
phase2-full-grid-rerun-20260731-l4-l4-tp1-f2040-i32-o32-r10-rep2-seg1-attempt2,phase2-full-grid-rerun-20260731-l4-l4-tp1-f2040-i32-o32-r10-rep2-seg1-attempt2-00038-92f5e56083de,19,19,0,1,28734,server_token_ids,1785511567244490510,1462.303535,68.566612,1,"""0"""
phase2-full-grid-rerun-20260731-l4-l4-tp1-f2040-i32-o32-r10-rep2-seg1-attempt2,phase2-full-grid-rerun-20260731-l4-l4-tp1-f2040-i32-o32-r10-rep2-seg1-attempt2-00038-92f5e56083de,20,20,0,1,28734,server_token_ids,1785511567309617967,1527.430992,65.127457,1,"""0"""
phase2-full-grid-rerun-20260731-l4-l4-tp1-f2040-i32-o32-r10-rep2-seg1-attempt2,phase2-full-grid-rerun-20260731-l4-l4-tp1-f2040-i32-o32-r10-rep2-seg1-attempt2-00038-92f5e56083de,21,21,0,1,28734,server_token_ids,1785511567378307597,1596.120622,68.68963,1,"""0"""
phase2-full-grid-rerun-20260731-l4-l4-tp1-f2040-i32-o32-r10-rep2-seg1-attempt2,phase2-full-grid-rerun-20260731-l4-l4-tp1-f2040-i32-o32-r10-rep2-seg1-attempt2-00038-92f5e56083de,22,22,0,1,28734,server_token_ids,1785511567443250781,1661.063806,64.943184,1,"""0"""
phase2-full-grid-rerun-20260731-l4-l4-tp1-f2040-i32-o32-r10-rep2-seg1-attempt2,phase2-full-grid-rerun-20260731-l4-l4-tp1-f2040-i32-o32-r10-rep2-seg1-attempt2-00038-92f5e56083de,23,23,0,1,28734,server_token_ids,1785511567508462604,1726.275629,65.211823,1,"""0"""
phase2-full-grid-rerun-20260731-l4-l4-tp1-f2040-i32-o32-r10-rep2-seg1-attempt2,phase2-full-grid-rerun-20260731-l4-l4-tp1-f2040-i32-o32-r10-rep2-seg1-attempt2-00038-92f5e56083de,24,24,0,1,28734,server_token_ids,1785511567573570832,1791.383857,65.108228,1,"""0"""
phase2-full-grid-rerun-20260731-l4-l4-tp1-f2040-i32-o32-r10-rep2-seg1-attempt2,phase2-full-grid-rerun-20260731-l4-l4-tp1-f2040-i32-o32-r10-rep2-seg1-attempt2-00038-92f5e56083de,25,25,0,1,28734,server_token_ids,1785511567641892936,1859.705961,68.322104,1,"""0"""
phase2-full-grid-rerun-20260731-l4-l4-tp1-f2040-i32-o32-r10-rep2-seg1-attempt2,phase2-full-grid-rerun-20260731-l4-l4-tp1-f2040-i32-o32-r10-rep2-seg1-attempt2-00038-92f5e56083de,26,26,0,1,28734,server_token_ids,1785511567715648334,1933.461359,73.755398,1,"""0"""
phase2-full-grid-rerun-20260731-l4-l4-tp1-f2040-i32-o32-r10-rep2-seg1-attempt2,phase2-full-grid-rerun-20260731-l4-l4-tp1-f2040-i32-o32-r10-rep2-seg1-attempt2-00038-92f5e56083de,27,27,0,1,28734,server_token_ids,1785511567775374615,1993.18764,59.726281,1,"""0"""
phase2-full-grid-rerun-20260731-l4-l4-tp1-f2040-i32-o32-r10-rep2-seg1-attempt2,phase2-full-grid-rerun-20260731-l4-l4-tp1-f2040-i32-o32-r10-rep2-seg1-attempt2-00038-92f5e56083de,28,28,0,1,28734,server_token_ids,1785511567840337319,2058.150344,64.962704,1,"""0"""
phase2-full-grid-rerun-20260731-l4-l4-tp1-f2040-i32-o32-r10-rep2-seg1-attempt2,phase2-full-grid-rerun-20260731-l4-l4-tp1-f2040-i32-o32-r10-rep2-seg1-attempt2-00038-92f5e56083de,29,29,0,1,28734,server_token_ids,1785511567914376274,2132.189299,74.038955,1,"""0"""
phase2-full-grid-rerun-20260731-l4-l4-tp1-f2040-i32-o32-r10-rep2-seg1-attempt2,phase2-full-grid-rerun-20260731-l4-l4-tp1-f2040-i32-o32-r10-rep2-seg1-attempt2-00038-92f5e56083de,30,30,0,1,28734,server_token_ids,1785511567973857705,2191.67073,59.481431,1,"""0"""
phase2-full-grid-rerun-20260731-l4-l4-tp1-f2040-i32-o32-r10-rep2-seg1-attempt2,phase2-full-grid-rerun-20260731-l4-l4-tp1-f2040-i32-o32-r10-rep2-seg1-attempt2-00038-92f5e56083de,31,31,0,1,28734,server_token_ids,1785511568039461555,2257.27458,65.60385,1,"""0"""
phase2-full-grid-rerun-20260731-l4-l4-tp1-f2040-i32-o32-r10-rep2-seg1-attempt2,phase2-full-grid-rerun-20260731-l4-l4-tp1-f2040-i32-o32-r10-rep2-seg1-attempt2-00039-2574779807c4,0,0,0,1,551,server_token_ids,1785511566060239418,178.877134,,2,"""ru"""
phase2-full-grid-rerun-20260731-l4-l4-tp1-f2040-i32-o32-r10-rep2-seg1-attempt2,phase2-full-grid-rerun-20260731-l4-l4-tp1-f2040-i32-o32-r10-rep2-seg1-attempt2-00039-2574779807c4,1,1,0,1,4328,server_token_ids,1785511566125675773,244.313489,65.436355,5,"""iting"""
phase2-full-grid-rerun-20260731-l4-l4-tp1-f2040-i32-o32-r10-rep2-seg1-attempt2,phase2-full-grid-rerun-20260731-l4-l4-tp1-f2040-i32-o32-r10-rep2-seg1-attempt2-00039-2574779807c4,2,2,0,1,13,server_token_ids,1785511566191218130,309.855846,65.542357,1,"""\n"""
phase2-full-grid-rerun-20260731-l4-l4-tp1-f2040-i32-o32-r10-rep2-seg1-attempt2,phase2-full-grid-rerun-20260731-l4-l4-tp1-f2040-i32-o32-r10-rep2-seg1-attempt2-00039-2574779807c4,3,3,0,1,13,server_token_ids,1785511566261204968,379.842684,69.986838,1,"""\n"""
phase2-full-grid-rerun-20260731-l4-l4-tp1-f2040-i32-o32-r10-rep2-seg1-attempt2,phase2-full-grid-rerun-20260731-l4-l4-tp1-f2040-i32-o32-r10-rep2-seg1-attempt2-00039-2574779807c4,4,4,0,1,28771,server_token_ids,1785511566316696639,435.334355,55.491671,1,"""#"""
phase2-full-grid-rerun-20260731-l4-l4-tp1-f2040-i32-o32-r10-rep2-seg1-attempt2,phase2-full-grid-rerun-20260731-l4-l4-tp1-f2040-i32-o32-r10-rep2-seg1-attempt2-00039-2574779807c4,5,5,0,1,3523,server_token_ids,1785511566390888428,509.526144,74.191789,4,""" Rec"""
phase2-full-grid-rerun-20260731-l4-l4-tp1-f2040-i32-o32-r10-rep2-seg1-attempt2,phase2-full-grid-rerun-20260731-l4-l4-tp1-f2040-i32-o32-r10-rep2-seg1-attempt2-00039-2574779807c4,6,6,0,1,551,server_token_ids,1785511566452605146,571.242862,61.716718,2,"""ru"""
phase2-full-grid-rerun-20260731-l4-l4-tp1-f2040-i32-o32-r10-rep2-seg1-attempt2,phase2-full-grid-rerun-20260731-l4-l4-tp1-f2040-i32-o32-r10-rep2-seg1-attempt2-00039-2574779807c4,7,7,0,1,4328,server_token_ids,1785511566523509620,642.147336,70.904474,5,"""iting"""
phase2-full-grid-rerun-20260731-l4-l4-tp1-f2040-i32-o32-r10-rep2-seg1-attempt2,phase2-full-grid-rerun-20260731-l4-l4-tp1-f2040-i32-o32-r10-rep2-seg1-attempt2-00039-2574779807c4,8,8,0,1,13,server_token_ids,1785511566582595723,701.233439,59.086103,1,"""\n"""
phase2-full-grid-rerun-20260731-l4-l4-tp1-f2040-i32-o32-r10-rep2-seg1-attempt2,phase2-full-grid-rerun-20260731-l4-l4-tp1-f2040-i32-o32-r10-rep2-seg1-attempt2-00039-2574779807c4,9,9,0,1,13,server_token_ids,1785511566647732265,766.369981,65.136542,1,"""\n"""
phase2-full-grid-rerun-20260731-l4-l4-tp1-f2040-i32-o32-r10-rep2-seg1-attempt2,phase2-full-grid-rerun-20260731-l4-l4-tp1-f2040-i32-o32-r10-rep2-seg1-attempt2-00039-2574779807c4,10,10,0,1,1064,server_token_ids,1785511566721326616,839.964332,73.594351,2,"""##"""
phase2-full-grid-rerun-20260731-l4-l4-tp1-f2040-i32-o32-r10-rep2-seg1-attempt2,phase2-full-grid-rerun-20260731-l4-l4-tp1-f2040-i32-o32-r10-rep2-seg1-attempt2-00039-2574779807c4,11,11,0,1,3523,server_token_ids,1785511566781049853,899.687569,59.723237,4,""" Rec"""
phase2-full-grid-rerun-20260731-l4-l4-tp1-f2040-i32-o32-r10-rep2-seg1-attempt2,phase2-full-grid-rerun-20260731-l4-l4-tp1-f2040-i32-o32-r10-rep2-seg1-attempt2-00039-2574779807c4,12,12,0,1,551,server_token_ids,1785511566856263042,974.900758,75.213189,2,"""ru"""
phase2-full-grid-rerun-20260731-l4-l4-tp1-f2040-i32-o32-r10-rep2-seg1-attempt2,phase2-full-grid-rerun-20260731-l4-l4-tp1-f2040-i32-o32-r10-rep2-seg1-attempt2-00039-2574779807c4,13,13,0,1,4328,server_token_ids,1785511566910843787,1029.481503,54.580745,5,"""iting"""
phase2-full-grid-rerun-20260731-l4-l4-tp1-f2040-i32-o32-r10-rep2-seg1-attempt2,phase2-full-grid-rerun-20260731-l4-l4-tp1-f2040-i32-o32-r10-rep2-seg1-attempt2-00039-2574779807c4,14,14,0,1,13,server_token_ids,1785511566979984402,1098.622118,69.140615,1,"""\n"""
phase2-full-grid-rerun-20260731-l4-l4-tp1-f2040-i32-o32-r10-rep2-seg1-attempt2,phase2-full-grid-rerun-20260731-l4-l4-tp1-f2040-i32-o32-r10-rep2-seg1-attempt2-00039-2574779807c4,15,15,0,1,13,server_token_ids,1785511567048421651,1167.059367,68.437249,1,"""\n"""
phase2-full-grid-rerun-20260731-l4-l4-tp1-f2040-i32-o32-r10-rep2-seg1-attempt2,phase2-full-grid-rerun-20260731-l4-l4-tp1-f2040-i32-o32-r10-rep2-seg1-attempt2-00039-2574779807c4,16,16,0,1,27332,server_token_ids,1785511567118402639,1237.040355,69.980988,3,"""###"""
phase2-full-grid-rerun-20260731-l4-l4-tp1-f2040-i32-o32-r10-rep2-seg1-attempt2,phase2-full-grid-rerun-20260731-l4-l4-tp1-f2040-i32-o32-r10-rep2-seg1-attempt2-00039-2574779807c4,17,17,0,1,3523,server_token_ids,1785511567176350978,1294.988694,57.948339,4,""" Rec"""
phase2-full-grid-rerun-20260731-l4-l4-tp1-f2040-i32-o32-r10-rep2-seg1-attempt2,phase2-full-grid-rerun-20260731-l4-l4-tp1-f2040-i32-o32-r10-rep2-seg1-attempt2-00039-2574779807c4,18,18,0,1,551,server_token_ids,1785511567245074803,1363.712519,68.723825,2,"""ru"""
phase2-full-grid-rerun-20260731-l4-l4-tp1-f2040-i32-o32-r10-rep2-seg1-attempt2,phase2-full-grid-rerun-20260731-l4-l4-tp1-f2040-i32-o32-r10-rep2-seg1-attempt2-00039-2574779807c4,19,19,0,1,4328,server_token_ids,1785511567310077719,1428.715435,65.002916,5,"""iting"""
phase2-full-grid-rerun-20260731-l4-l4-tp1-f2040-i32-o32-r10-rep2-seg1-attempt2,phase2-full-grid-rerun-20260731-l4-l4-tp1-f2040-i32-o32-r10-rep2-seg1-attempt2-00039-2574779807c4,20,20,0,1,13,server_token_ids,1785511567378583562,1497.221278,68.505843,1,"""\n"""
phase2-full-grid-rerun-20260731-l4-l4-tp1-f2040-i32-o32-r10-rep2-seg1-attempt2,phase2-full-grid-rerun-20260731-l4-l4-tp1-f2040-i32-o32-r10-rep2-seg1-attempt2-00039-2574779807c4,21,21,0,1,13,server_token_ids,1785511567445418583,1564.056299,66.835021,1,"""\n"""
phase2-full-grid-rerun-20260731-l4-l4-tp1-f2040-i32-o32-r10-rep2-seg1-attempt2,phase2-full-grid-rerun-20260731-l4-l4-tp1-f2040-i32-o32-r10-rep2-seg1-attempt2-00039-2574779807c4,22,22,0,1,2000,server_token_ids,1785511567508730671,1627.368387,63.312088,4,"""####"""
phase2-full-grid-rerun-20260731-l4-l4-tp1-f2040-i32-o32-r10-rep2-seg1-attempt2,phase2-full-grid-rerun-20260731-l4-l4-tp1-f2040-i32-o32-r10-rep2-seg1-attempt2-00039-2574779807c4,23,23,0,1,3523,server_token_ids,1785511567576637634,1695.27535,67.906963,4,""" Rec"""
phase2-full-grid-rerun-20260731-l4-l4-tp1-f2040-i32-o32-r10-rep2-seg1-attempt2,phase2-full-grid-rerun-20260731-l4-l4-tp1-f2040-i32-o32-r10-rep2-seg1-attempt2-00039-2574779807c4,24,24,0,1,551,server_token_ids,1785511567645369522,1764.007238,68.731888,2,"""ru"""
phase2-full-grid-rerun-20260731-l4-l4-tp1-f2040-i32-o32-r10-rep2-seg1-attempt2,phase2-full-grid-rerun-20260731-l4-l4-tp1-f2040-i32-o32-r10-rep2-seg1-attempt2-00039-2574779807c4,25,25,0,1,4328,server_token_ids,1785511567716064415,1834.702131,70.694893,5,"""iting"""
phase2-full-grid-rerun-20260731-l4-l4-tp1-f2040-i32-o32-r10-rep2-seg1-attempt2,phase2-full-grid-rerun-20260731-l4-l4-tp1-f2040-i32-o32-r10-rep2-seg1-attempt2-00039-2574779807c4,26,26,0,1,13,server_token_ids,1785511567775812670,1894.450386,59.748255,1,"""\n"""
phase2-full-grid-rerun-20260731-l4-l4-tp1-f2040-i32-o32-r10-rep2-seg1-attempt2,phase2-full-grid-rerun-20260731-l4-l4-tp1-f2040-i32-o32-r10-rep2-seg1-attempt2-00039-2574779807c4,27,27,0,1,13,server_token_ids,1785511567840773473,1959.411189,64.960803,1,"""\n"""
phase2-full-grid-rerun-20260731-l4-l4-tp1-f2040-i32-o32-r10-rep2-seg1-attempt2,phase2-full-grid-rerun-20260731-l4-l4-tp1-f2040-i32-o32-r10-rep2-seg1-attempt2-00039-2574779807c4,28,28,0,1,2000,server_token_ids,1785511567914793920,2033.431636,74.020447,4,"""####"""
phase2-full-grid-rerun-20260731-l4-l4-tp1-f2040-i32-o32-r10-rep2-seg1-attempt2,phase2-full-grid-rerun-20260731-l4-l4-tp1-f2040-i32-o32-r10-rep2-seg1-attempt2-00039-2574779807c4,29,29,0,1,28771,server_token_ids,1785511567974639377,2093.277093,59.845457,1,"""#"""
phase2-full-grid-rerun-20260731-l4-l4-tp1-f2040-i32-o32-r10-rep2-seg1-attempt2,phase2-full-grid-rerun-20260731-l4-l4-tp1-f2040-i32-o32-r10-rep2-seg1-attempt2-00039-2574779807c4,30,30,0,1,3523,server_token_ids,1785511568040027534,2158.66525,65.388157,4,""" Rec"""
phase2-full-grid-rerun-20260731-l4-l4-tp1-f2040-i32-o32-r10-rep2-seg1-attempt2,phase2-full-grid-rerun-20260731-l4-l4-tp1-f2040-i32-o32-r10-rep2-seg1-attempt2-00039-2574779807c4,31,31,0,1,551,server_token_ids,1785511568104621849,2223.259565,64.594315,2,"""ru"""
phase2-full-grid-rerun-20260731-l4-l4-tp1-f2040-i32-o32-r10-rep2-seg1-attempt2,phase2-full-grid-rerun-20260731-l4-l4-tp1-f2040-i32-o32-r10-rep2-seg1-attempt2-00040-b10fd4780a23,0,0,0,1,28723,server_token_ids,1785511566188754567,206.861895,,1,"""."""
phase2-full-grid-rerun-20260731-l4-l4-tp1-f2040-i32-o32-r10-rep2-seg1-attempt2,phase2-full-grid-rerun-20260731-l4-l4-tp1-f2040-i32-o32-r10-rep2-seg1-attempt2-00040-b10fd4780a23,1,1,0,1,13,server_token_ids,1785511566252188713,270.296041,63.434146,1,"""\n"""
phase2-full-grid-rerun-20260731-l4-l4-tp1-f2040-i32-o32-r10-rep2-seg1-attempt2,phase2-full-grid-rerun-20260731-l4-l4-tp1-f2040-i32-o32-r10-rep2-seg1-attempt2-00040-b10fd4780a23,2,2,0,1,13,server_token_ids,1785511566315399925,333.507253,63.211212,1,"""\n"""
phase2-full-grid-rerun-20260731-l4-l4-tp1-f2040-i32-o32-r10-rep2-seg1-attempt2,phase2-full-grid-rerun-20260731-l4-l4-tp1-f2040-i32-o32-r10-rep2-seg1-attempt2-00040-b10fd4780a23,3,3,0,1,28771,server_token_ids,1785511566379986013,398.093341,64.586088,1,"""#"""
phase2-full-grid-rerun-20260731-l4-l4-tp1-f2040-i32-o32-r10-rep2-seg1-attempt2,phase2-full-grid-rerun-20260731-l4-l4-tp1-f2040-i32-o32-r10-rep2-seg1-attempt2-00040-b10fd4780a23,4,4,0,1,415,server_token_ids,1785511566451343359,469.450687,71.357346,4,""" The"""
phase2-full-grid-rerun-20260731-l4-l4-tp1-f2040-i32-o32-r10-rep2-seg1-attempt2,phase2-full-grid-rerun-20260731-l4-l4-tp1-f2040-i32-o32-r10-rep2-seg1-attempt2-00040-b10fd4780a23,5,5,0,1,28705,server_token_ids,1785511566513297439,531.404767,61.95408,1,""" """
phase2-full-grid-rerun-20260731-l4-l4-tp1-f2040-i32-o32-r10-rep2-seg1-attempt2,phase2-full-grid-rerun-20260731-l4-l4-tp1-f2040-i32-o32-r10-rep2-seg1-attempt2-00040-b10fd4780a23,6,6,0,1,28750,server_token_ids,1785511566578467754,596.575082,65.170315,1,"""2"""
phase2-full-grid-rerun-20260731-l4-l4-tp1-f2040-i32-o32-r10-rep2-seg1-attempt2,phase2-full-grid-rerun-20260731-l4-l4-tp1-f2040-i32-o32-r10-rep2-seg1-attempt2-00040-b10fd4780a23,7,7,0,1,28734,server_token_ids,1785511566646492200,664.599528,68.024446,1,"""0"""
phase2-full-grid-rerun-20260731-l4-l4-tp1-f2040-i32-o32-r10-rep2-seg1-attempt2,phase2-full-grid-rerun-20260731-l4-l4-tp1-f2040-i32-o32-r10-rep2-seg1-attempt2-00040-b10fd4780a23,8,8,0,1,28740,server_token_ids,1785511566711489503,729.596831,64.997303,1,"""1"""
phase2-full-grid-rerun-20260731-l4-l4-tp1-f2040-i32-o32-r10-rep2-seg1-attempt2,phase2-full-grid-rerun-20260731-l4-l4-tp1-f2040-i32-o32-r10-rep2-seg1-attempt2-00040-b10fd4780a23,9,9,0,1,28783,server_token_ids,1785511566776759343,794.866671,65.26984,1,"""8"""
phase2-full-grid-rerun-20260731-l4-l4-tp1-f2040-i32-o32-r10-rep2-seg1-attempt2,phase2-full-grid-rerun-20260731-l4-l4-tp1-f2040-i32-o32-r10-rep2-seg1-attempt2-00040-b10fd4780a23,10,10,0,1,28733,server_token_ids,1785511566845187357,863.294685,68.428014,1,"""-"""
phase2-full-grid-rerun-20260731-l4-l4-tp1-f2040-i32-o32-r10-rep2-seg1-attempt2,phase2-full-grid-rerun-20260731-l4-l4-tp1-f2040-i32-o32-r10-rep2-seg1-attempt2-00040-b10fd4780a23,11,11,0,1,28740,server_token_ids,1785511566910131851,928.239179,64.944494,1,"""1"""
phase2-full-grid-rerun-20260731-l4-l4-tp1-f2040-i32-o32-r10-rep2-seg1-attempt2,phase2-full-grid-rerun-20260731-l4-l4-tp1-f2040-i32-o32-r10-rep2-seg1-attempt2-00040-b10fd4780a23,12,12,0,1,28774,server_token_ids,1785511566975800911,993.908239,65.66906,1,"""9"""
phase2-full-grid-rerun-20260731-l4-l4-tp1-f2040-i32-o32-r10-rep2-seg1-attempt2,phase2-full-grid-rerun-20260731-l4-l4-tp1-f2040-i32-o32-r10-rep2-seg1-attempt2-00040-b10fd4780a23,13,13,0,1,16887,server_token_ids,1785511567043942776,1062.050104,68.141865,7,""" Season"""
phase2-full-grid-rerun-20260731-l4-l4-tp1-f2040-i32-o32-r10-rep2-seg1-attempt2,phase2-full-grid-rerun-20260731-l4-l4-tp1-f2040-i32-o32-r10-rep2-seg1-attempt2-00040-b10fd4780a23,14,14,0,1,13,server_token_ids,1785511567109135446,1127.242774,65.19267,1,"""\n"""
phase2-full-grid-rerun-20260731-l4-l4-tp1-f2040-i32-o32-r10-rep2-seg1-attempt2,phase2-full-grid-rerun-20260731-l4-l4-tp1-f2040-i32-o32-r10-rep2-seg1-attempt2-00040-b10fd4780a23,15,15,0,1,13,server_token_ids,1785511567175024334,1193.131662,65.888888,1,"""\n"""
phase2-full-grid-rerun-20260731-l4-l4-tp1-f2040-i32-o32-r10-rep2-seg1-attempt2,phase2-full-grid-rerun-20260731-l4-l4-tp1-f2040-i32-o32-r10-rep2-seg1-attempt2-00040-b10fd4780a23,16,16,0,1,1064,server_token_ids,1785511567243448719,1261.556047,68.424385,2,"""##"""
phase2-full-grid-rerun-20260731-l4-l4-tp1-f2040-i32-o32-r10-rep2-seg1-attempt2,phase2-full-grid-rerun-20260731-l4-l4-tp1-f2040-i32-o32-r10-rep2-seg1-attempt2-00040-b10fd4780a23,17,17,0,1,415,server_token_ids,1785511567308609414,1326.716742,65.160695,4,""" The"""
phase2-full-grid-rerun-20260731-l4-l4-tp1-f2040-i32-o32-r10-rep2-seg1-attempt2,phase2-full-grid-rerun-20260731-l4-l4-tp1-f2040-i32-o32-r10-rep2-seg1-attempt2-00040-b10fd4780a23,18,18,0,1,28705,server_token_ids,1785511567377361591,1395.468919,68.752177,1,""" """
phase2-full-grid-rerun-20260731-l4-l4-tp1-f2040-i32-o32-r10-rep2-seg1-attempt2,phase2-full-grid-rerun-20260731-l4-l4-tp1-f2040-i32-o32-r10-rep2-seg1-attempt2-00040-b10fd4780a23,19,19,0,1,28750,server_token_ids,1785511567442206239,1460.313567,64.844648,1,"""2"""
phase2-full-grid-rerun-20260731-l4-l4-tp1-f2040-i32-o32-r10-rep2-seg1-attempt2,phase2-full-grid-rerun-20260731-l4-l4-tp1-f2040-i32-o32-r10-rep2-seg1-attempt2-00040-b10fd4780a23,20,20,0,1,28734,server_token_ids,1785511567507288236,1525.395564,65.081997,1,"""0"""
phase2-full-grid-rerun-20260731-l4-l4-tp1-f2040-i32-o32-r10-rep2-seg1-attempt2,phase2-full-grid-rerun-20260731-l4-l4-tp1-f2040-i32-o32-r10-rep2-seg1-attempt2-00040-b10fd4780a23,21,21,0,1,28740,server_token_ids,1785511567572752433,1590.859761,65.464197,1,"""1"""
phase2-full-grid-rerun-20260731-l4-l4-tp1-f2040-i32-o32-r10-rep2-seg1-attempt2,phase2-full-grid-rerun-20260731-l4-l4-tp1-f2040-i32-o32-r10-rep2-seg1-attempt2-00040-b10fd4780a23,22,22,0,1,28783,server_token_ids,1785511567640996069,1659.103397,68.243636,1,"""8"""
phase2-full-grid-rerun-20260731-l4-l4-tp1-f2040-i32-o32-r10-rep2-seg1-attempt2,phase2-full-grid-rerun-20260731-l4-l4-tp1-f2040-i32-o32-r10-rep2-seg1-attempt2-00040-b10fd4780a23,23,23,0,1,28733,server_token_ids,1785511567706025425,1724.132753,65.029356,1,"""-"""
phase2-full-grid-rerun-20260731-l4-l4-tp1-f2040-i32-o32-r10-rep2-seg1-attempt2,phase2-full-grid-rerun-20260731-l4-l4-tp1-f2040-i32-o32-r10-rep2-seg1-attempt2-00040-b10fd4780a23,24,24,0,1,28740,server_token_ids,1785511567771276148,1789.383476,65.250723,1,"""1"""
phase2-full-grid-rerun-20260731-l4-l4-tp1-f2040-i32-o32-r10-rep2-seg1-attempt2,phase2-full-grid-rerun-20260731-l4-l4-tp1-f2040-i32-o32-r10-rep2-seg1-attempt2-00040-b10fd4780a23,25,25,0,1,28774,server_token_ids,1785511567839267309,1857.374637,67.991161,1,"""9"""
phase2-full-grid-rerun-20260731-l4-l4-tp1-f2040-i32-o32-r10-rep2-seg1-attempt2,phase2-full-grid-rerun-20260731-l4-l4-tp1-f2040-i32-o32-r10-rep2-seg1-attempt2-00040-b10fd4780a23,26,26,0,1,16887,server_token_ids,1785511567904171176,1922.278504,64.903867,7,""" Season"""
phase2-full-grid-rerun-20260731-l4-l4-tp1-f2040-i32-o32-r10-rep2-seg1-attempt2,phase2-full-grid-rerun-20260731-l4-l4-tp1-f2040-i32-o32-r10-rep2-seg1-attempt2-00040-b10fd4780a23,27,27,0,1,13,server_token_ids,1785511567970024483,1988.131811,65.853307,1,"""\n"""
phase2-full-grid-rerun-20260731-l4-l4-tp1-f2040-i32-o32-r10-rep2-seg1-attempt2,phase2-full-grid-rerun-20260731-l4-l4-tp1-f2040-i32-o32-r10-rep2-seg1-attempt2-00040-b10fd4780a23,28,28,0,1,13,server_token_ids,1785511568038502134,2056.609462,68.477651,1,"""\n"""
phase2-full-grid-rerun-20260731-l4-l4-tp1-f2040-i32-o32-r10-rep2-seg1-attempt2,phase2-full-grid-rerun-20260731-l4-l4-tp1-f2040-i32-o32-r10-rep2-seg1-attempt2-00040-b10fd4780a23,29,29,0,1,1014,server_token_ids,1785511568103321838,2121.429166,64.819704,3,"""The"""
phase2-full-grid-rerun-20260731-l4-l4-tp1-f2040-i32-o32-r10-rep2-seg1-attempt2,phase2-full-grid-rerun-20260731-l4-l4-tp1-f2040-i32-o32-r10-rep2-seg1-attempt2-00040-b10fd4780a23,30,30,0,1,28705,server_token_ids,1785511568169506208,2187.613536,66.18437,1,""" """
phase2-full-grid-rerun-20260731-l4-l4-tp1-f2040-i32-o32-r10-rep2-seg1-attempt2,phase2-full-grid-rerun-20260731-l4-l4-tp1-f2040-i32-o32-r10-rep2-seg1-attempt2-00040-b10fd4780a23,31,31,0,1,28750,server_token_ids,1785511568237685532,2255.79286,68.179324,1,"""2"""
phase2-full-grid-rerun-20260731-l4-l4-tp1-f2040-i32-o32-r10-rep2-seg1-attempt2,phase2-full-grid-rerun-20260731-l4-l4-tp1-f2040-i32-o32-r10-rep2-seg1-attempt2-00041-420b6389f149,0,0,0,1,28705,server_token_ids,1785511566249052798,168.067052,,1,""" """
phase2-full-grid-rerun-20260731-l4-l4-tp1-f2040-i32-o32-r10-rep2-seg1-attempt2,phase2-full-grid-rerun-20260731-l4-l4-tp1-f2040-i32-o32-r10-rep2-seg1-attempt2-00041-420b6389f149,1,1,0,1,28740,server_token_ids,1785511566315109904,234.124158,66.057106,1,"""1"""
phase2-full-grid-rerun-20260731-l4-l4-tp1-f2040-i32-o32-r10-rep2-seg1-attempt2,phase2-full-grid-rerun-20260731-l4-l4-tp1-f2040-i32-o32-r10-rep2-seg1-attempt2-00041-420b6389f149,2,2,0,1,28740,server_token_ids,1785511566379702777,298.717031,64.592873,1,"""1"""
phase2-full-grid-rerun-20260731-l4-l4-tp1-f2040-i32-o32-r10-rep2-seg1-attempt2,phase2-full-grid-rerun-20260731-l4-l4-tp1-f2040-i32-o32-r10-rep2-seg1-attempt2-00041-420b6389f149,3,3,0,1,28740,server_token_ids,1785511566451074081,370.088335,71.371304,1,"""1"""
phase2-full-grid-rerun-20260731-l4-l4-tp1-f2040-i32-o32-r10-rep2-seg1-attempt2,phase2-full-grid-rerun-20260731-l4-l4-tp1-f2040-i32-o32-r10-rep2-seg1-attempt2-00041-420b6389f149,4,4,0,1,28740,server_token_ids,1785511566513041351,432.055605,61.96727,1,"""1"""
phase2-full-grid-rerun-20260731-l4-l4-tp1-f2040-i32-o32-r10-rep2-seg1-attempt2,phase2-full-grid-rerun-20260731-l4-l4-tp1-f2040-i32-o32-r10-rep2-seg1-attempt2-00041-420b6389f149,5,5,0,1,28740,server_token_ids,1785511566578218477,497.232731,65.177126,1,"""1"""
phase2-full-grid-rerun-20260731-l4-l4-tp1-f2040-i32-o32-r10-rep2-seg1-attempt2,phase2-full-grid-rerun-20260731-l4-l4-tp1-f2040-i32-o32-r10-rep2-seg1-attempt2-00041-420b6389f149,6,6,0,1,28740,server_token_ids,1785511566646218599,565.232853,68.000122,1,"""1"""
phase2-full-grid-rerun-20260731-l4-l4-tp1-f2040-i32-o32-r10-rep2-seg1-attempt2,phase2-full-grid-rerun-20260731-l4-l4-tp1-f2040-i32-o32-r10-rep2-seg1-attempt2-00041-420b6389f149,7,7,0,1,28740,server_token_ids,1785511566711197554,630.211808,64.978955,1,"""1"""
phase2-full-grid-rerun-20260731-l4-l4-tp1-f2040-i32-o32-r10-rep2-seg1-attempt2,phase2-full-grid-rerun-20260731-l4-l4-tp1-f2040-i32-o32-r10-rep2-seg1-attempt2-00041-420b6389f149,8,8,0,1,28740,server_token_ids,1785511566776466284,695.480538,65.26873,1,"""1"""
phase2-full-grid-rerun-20260731-l4-l4-tp1-f2040-i32-o32-r10-rep2-seg1-attempt2,phase2-full-grid-rerun-20260731-l4-l4-tp1-f2040-i32-o32-r10-rep2-seg1-attempt2-00041-420b6389f149,9,9,0,1,28740,server_token_ids,1785511566844799862,763.814116,68.333578,1,"""1"""
phase2-full-grid-rerun-20260731-l4-l4-tp1-f2040-i32-o32-r10-rep2-seg1-attempt2,phase2-full-grid-rerun-20260731-l4-l4-tp1-f2040-i32-o32-r10-rep2-seg1-attempt2-00041-420b6389f149,10,10,0,1,28740,server_token_ids,1785511566909924844,828.939098,65.124982,1,"""1"""
phase2-full-grid-rerun-20260731-l4-l4-tp1-f2040-i32-o32-r10-rep2-seg1-attempt2,phase2-full-grid-rerun-20260731-l4-l4-tp1-f2040-i32-o32-r10-rep2-seg1-attempt2-00041-420b6389f149,11,11,0,1,28740,server_token_ids,1785511566975621702,894.635956,65.696858,1,"""1"""
phase2-full-grid-rerun-20260731-l4-l4-tp1-f2040-i32-o32-r10-rep2-seg1-attempt2,phase2-full-grid-rerun-20260731-l4-l4-tp1-f2040-i32-o32-r10-rep2-seg1-attempt2-00041-420b6389f149,12,12,0,1,28740,server_token_ids,1785511567043771950,962.786204,68.150248,1,"""1"""
phase2-full-grid-rerun-20260731-l4-l4-tp1-f2040-i32-o32-r10-rep2-seg1-attempt2,phase2-full-grid-rerun-20260731-l4-l4-tp1-f2040-i32-o32-r10-rep2-seg1-attempt2-00041-420b6389f149,13,13,0,1,28740,server_token_ids,1785511567108940855,1027.955109,65.168905,1,"""1"""
phase2-full-grid-rerun-20260731-l4-l4-tp1-f2040-i32-o32-r10-rep2-seg1-attempt2,phase2-full-grid-rerun-20260731-l4-l4-tp1-f2040-i32-o32-r10-rep2-seg1-attempt2-00041-420b6389f149,14,14,0,1,28740,server_token_ids,1785511567174819421,1093.833675,65.878566,1,"""1"""
phase2-full-grid-rerun-20260731-l4-l4-tp1-f2040-i32-o32-r10-rep2-seg1-attempt2,phase2-full-grid-rerun-20260731-l4-l4-tp1-f2040-i32-o32-r10-rep2-seg1-attempt2-00041-420b6389f149,15,15,0,1,28740,server_token_ids,1785511567243246481,1162.260735,68.42706,1,"""1"""
phase2-full-grid-rerun-20260731-l4-l4-tp1-f2040-i32-o32-r10-rep2-seg1-attempt2,phase2-full-grid-rerun-20260731-l4-l4-tp1-f2040-i32-o32-r10-rep2-seg1-attempt2-00041-420b6389f149,16,16,0,1,28740,server_token_ids,1785511567308381954,1227.396208,65.135473,1,"""1"""
phase2-full-grid-rerun-20260731-l4-l4-tp1-f2040-i32-o32-r10-rep2-seg1-attempt2,phase2-full-grid-rerun-20260731-l4-l4-tp1-f2040-i32-o32-r10-rep2-seg1-attempt2-00041-420b6389f149,17,17,0,1,28740,server_token_ids,1785511567374117478,1293.131732,65.735524,1,"""1"""
phase2-full-grid-rerun-20260731-l4-l4-tp1-f2040-i32-o32-r10-rep2-seg1-attempt2,phase2-full-grid-rerun-20260731-l4-l4-tp1-f2040-i32-o32-r10-rep2-seg1-attempt2-00041-420b6389f149,18,18,0,1,28740,server_token_ids,1785511567441929913,1360.944167,67.812435,1,"""1"""
phase2-full-grid-rerun-20260731-l4-l4-tp1-f2040-i32-o32-r10-rep2-seg1-attempt2,phase2-full-grid-rerun-20260731-l4-l4-tp1-f2040-i32-o32-r10-rep2-seg1-attempt2-00041-420b6389f149,19,19,0,1,28740,server_token_ids,1785511567506978945,1425.993199,65.049032,1,"""1"""
phase2-full-grid-rerun-20260731-l4-l4-tp1-f2040-i32-o32-r10-rep2-seg1-attempt2,phase2-full-grid-rerun-20260731-l4-l4-tp1-f2040-i32-o32-r10-rep2-seg1-attempt2-00041-420b6389f149,20,20,0,1,28740,server_token_ids,1785511567572446896,1491.46115,65.467951,1,"""1"""
phase2-full-grid-rerun-20260731-l4-l4-tp1-f2040-i32-o32-r10-rep2-seg1-attempt2,phase2-full-grid-rerun-20260731-l4-l4-tp1-f2040-i32-o32-r10-rep2-seg1-attempt2-00041-420b6389f149,21,21,0,1,28740,server_token_ids,1785511567640714549,1559.728803,68.267653,1,"""1"""
phase2-full-grid-rerun-20260731-l4-l4-tp1-f2040-i32-o32-r10-rep2-seg1-attempt2,phase2-full-grid-rerun-20260731-l4-l4-tp1-f2040-i32-o32-r10-rep2-seg1-attempt2-00041-420b6389f149,22,22,0,1,28740,server_token_ids,1785511567705597998,1624.612252,64.883449,1,"""1"""
phase2-full-grid-rerun-20260731-l4-l4-tp1-f2040-i32-o32-r10-rep2-seg1-attempt2,phase2-full-grid-rerun-20260731-l4-l4-tp1-f2040-i32-o32-r10-rep2-seg1-attempt2-00041-420b6389f149,23,23,0,1,28740,server_token_ids,1785511567771078568,1690.092822,65.48057,1,"""1"""
phase2-full-grid-rerun-20260731-l4-l4-tp1-f2040-i32-o32-r10-rep2-seg1-attempt2,phase2-full-grid-rerun-20260731-l4-l4-tp1-f2040-i32-o32-r10-rep2-seg1-attempt2-00041-420b6389f149,24,24,0,1,28740,server_token_ids,1785511567839064239,1758.078493,67.985671,1,"""1"""
phase2-full-grid-rerun-20260731-l4-l4-tp1-f2040-i32-o32-r10-rep2-seg1-attempt2,phase2-full-grid-rerun-20260731-l4-l4-tp1-f2040-i32-o32-r10-rep2-seg1-attempt2-00041-420b6389f149,25,25,0,1,28740,server_token_ids,1785511567903951392,1822.965646,64.887153,1,"""1"""
phase2-full-grid-rerun-20260731-l4-l4-tp1-f2040-i32-o32-r10-rep2-seg1-attempt2,phase2-full-grid-rerun-20260731-l4-l4-tp1-f2040-i32-o32-r10-rep2-seg1-attempt2-00041-420b6389f149,26,26,0,1,28740,server_token_ids,1785511567969823346,1888.8376,65.871954,1,"""1"""
phase2-full-grid-rerun-20260731-l4-l4-tp1-f2040-i32-o32-r10-rep2-seg1-attempt2,phase2-full-grid-rerun-20260731-l4-l4-tp1-f2040-i32-o32-r10-rep2-seg1-attempt2-00041-420b6389f149,27,27,0,1,28740,server_token_ids,1785511568038282626,1957.29688,68.45928,1,"""1"""
phase2-full-grid-rerun-20260731-l4-l4-tp1-f2040-i32-o32-r10-rep2-seg1-attempt2,phase2-full-grid-rerun-20260731-l4-l4-tp1-f2040-i32-o32-r10-rep2-seg1-attempt2-00041-420b6389f149,28,28,0,1,28740,server_token_ids,1785511568103096995,2022.111249,64.814369,1,"""1"""
phase2-full-grid-rerun-20260731-l4-l4-tp1-f2040-i32-o32-r10-rep2-seg1-attempt2,phase2-full-grid-rerun-20260731-l4-l4-tp1-f2040-i32-o32-r10-rep2-seg1-attempt2-00041-420b6389f149,29,29,0,1,28740,server_token_ids,1785511568169299010,2088.313264,66.202015,1,"""1"""
phase2-full-grid-rerun-20260731-l4-l4-tp1-f2040-i32-o32-r10-rep2-seg1-attempt2,phase2-full-grid-rerun-20260731-l4-l4-tp1-f2040-i32-o32-r10-rep2-seg1-attempt2-00041-420b6389f149,30,30,0,1,28740,server_token_ids,1785511568237453993,2156.468247,68.154983,1,"""1"""
phase2-full-grid-rerun-20260731-l4-l4-tp1-f2040-i32-o32-r10-rep2-seg1-attempt2,phase2-full-grid-rerun-20260731-l4-l4-tp1-f2040-i32-o32-r10-rep2-seg1-attempt2-00041-420b6389f149,31,31,0,1,28740,server_token_ids,1785511568303970992,2222.985246,66.516999,1,"""1"""
phase2-full-grid-rerun-20260731-l4-l4-tp1-f2040-i32-o32-r10-rep2-seg1-attempt2,phase2-full-grid-rerun-20260731-l4-l4-tp1-f2040-i32-o32-r10-rep2-seg1-attempt2-00042-1edd42002c5b,0,0,0,1,1033,server_token_ids,1785511566380150230,197.451146,,2,"""ms"""
phase2-full-grid-rerun-20260731-l4-l4-tp1-f2040-i32-o32-r10-rep2-seg1-attempt2,phase2-full-grid-rerun-20260731-l4-l4-tp1-f2040-i32-o32-r10-rep2-seg1-attempt2-00042-1edd42002c5b,1,1,0,1,28705,server_token_ids,1785511566451514152,268.815068,71.363922,1,""" """
phase2-full-grid-rerun-20260731-l4-l4-tp1-f2040-i32-o32-r10-rep2-seg1-attempt2,phase2-full-grid-rerun-20260731-l4-l4-tp1-f2040-i32-o32-r10-rep2-seg1-attempt2-00042-1edd42002c5b,2,2,0,1,28740,server_token_ids,1785511566513450586,330.751502,61.936434,1,"""1"""
phase2-full-grid-rerun-20260731-l4-l4-tp1-f2040-i32-o32-r10-rep2-seg1-attempt2,phase2-full-grid-rerun-20260731-l4-l4-tp1-f2040-i32-o32-r10-rep2-seg1-attempt2-00042-1edd42002c5b,3,3,0,1,28734,server_token_ids,1785511566578624909,395.925825,65.174323,1,"""0"""
phase2-full-grid-rerun-20260731-l4-l4-tp1-f2040-i32-o32-r10-rep2-seg1-attempt2,phase2-full-grid-rerun-20260731-l4-l4-tp1-f2040-i32-o32-r10-rep2-seg1-attempt2-00042-1edd42002c5b,4,4,0,1,28734,server_token_ids,1785511566646652194,463.95311,68.027285,1,"""0"""
phase2-full-grid-rerun-20260731-l4-l4-tp1-f2040-i32-o32-r10-rep2-seg1-attempt2,phase2-full-grid-rerun-20260731-l4-l4-tp1-f2040-i32-o32-r10-rep2-seg1-attempt2-00042-1edd42002c5b,5,5,0,1,28734,server_token_ids,1785511566711777037,529.077953,65.124843,1,"""0"""
phase2-full-grid-rerun-20260731-l4-l4-tp1-f2040-i32-o32-r10-rep2-seg1-attempt2,phase2-full-grid-rerun-20260731-l4-l4-tp1-f2040-i32-o32-r10-rep2-seg1-attempt2-00042-1edd42002c5b,6,6,0,1,28734,server_token_ids,1785511566776843159,594.144075,65.066122,1,"""0"""
phase2-full-grid-rerun-20260731-l4-l4-tp1-f2040-i32-o32-r10-rep2-seg1-attempt2,phase2-full-grid-rerun-20260731-l4-l4-tp1-f2040-i32-o32-r10-rep2-seg1-attempt2-00042-1edd42002c5b,7,7,0,1,28734,server_token_ids,1785511566845275489,662.576405,68.43233,1,"""0"""
phase2-full-grid-rerun-20260731-l4-l4-tp1-f2040-i32-o32-r10-rep2-seg1-attempt2,phase2-full-grid-rerun-20260731-l4-l4-tp1-f2040-i32-o32-r10-rep2-seg1-attempt2-00042-1edd42002c5b,8,8,0,1,28734,server_token_ids,1785511566910216539,727.517455,64.94105,1,"""0"""
phase2-full-grid-rerun-20260731-l4-l4-tp1-f2040-i32-o32-r10-rep2-seg1-attempt2,phase2-full-grid-rerun-20260731-l4-l4-tp1-f2040-i32-o32-r10-rep2-seg1-attempt2-00042-1edd42002c5b,9,9,0,1,28734,server_token_ids,1785511566978885876,796.186792,68.669337,1,"""0"""
phase2-full-grid-rerun-20260731-l4-l4-tp1-f2040-i32-o32-r10-rep2-seg1-attempt2,phase2-full-grid-rerun-20260731-l4-l4-tp1-f2040-i32-o32-r10-rep2-seg1-attempt2-00042-1edd42002c5b,10,10,0,1,28734,server_token_ids,1785511567047254938,864.555854,68.369062,1,"""0"""
phase2-full-grid-rerun-20260731-l4-l4-tp1-f2040-i32-o32-r10-rep2-seg1-attempt2,phase2-full-grid-rerun-20260731-l4-l4-tp1-f2040-i32-o32-r10-rep2-seg1-attempt2-00042-1edd42002c5b,11,11,0,1,28734,server_token_ids,1785511567109380416,926.681332,62.125478,1,"""0"""
phase2-full-grid-rerun-20260731-l4-l4-tp1-f2040-i32-o32-r10-rep2-seg1-attempt2,phase2-full-grid-rerun-20260731-l4-l4-tp1-f2040-i32-o32-r10-rep2-seg1-attempt2-00042-1edd42002c5b,12,12,0,1,28734,server_token_ids,1785511567175265954,992.56687,65.885538,1,"""0"""
phase2-full-grid-rerun-20260731-l4-l4-tp1-f2040-i32-o32-r10-rep2-seg1-attempt2,phase2-full-grid-rerun-20260731-l4-l4-tp1-f2040-i32-o32-r10-rep2-seg1-attempt2-00042-1edd42002c5b,13,13,0,1,28734,server_token_ids,1785511567243706100,1061.007016,68.440146,1,"""0"""
phase2-full-grid-rerun-20260731-l4-l4-tp1-f2040-i32-o32-r10-rep2-seg1-attempt2,phase2-full-grid-rerun-20260731-l4-l4-tp1-f2040-i32-o32-r10-rep2-seg1-attempt2-00042-1edd42002c5b,14,14,0,1,28734,server_token_ids,1785511567308853918,1126.154834,65.147818,1,"""0"""
phase2-full-grid-rerun-20260731-l4-l4-tp1-f2040-i32-o32-r10-rep2-seg1-attempt2,phase2-full-grid-rerun-20260731-l4-l4-tp1-f2040-i32-o32-r10-rep2-seg1-attempt2-00042-1edd42002c5b,15,15,0,1,28734,server_token_ids,1785511567377617364,1194.91828,68.763446,1,"""0"""
phase2-full-grid-rerun-20260731-l4-l4-tp1-f2040-i32-o32-r10-rep2-seg1-attempt2,phase2-full-grid-rerun-20260731-l4-l4-tp1-f2040-i32-o32-r10-rep2-seg1-attempt2-00042-1edd42002c5b,16,16,0,1,28734,server_token_ids,1785511567442436041,1259.736957,64.818677,1,"""0"""
phase2-full-grid-rerun-20260731-l4-l4-tp1-f2040-i32-o32-r10-rep2-seg1-attempt2,phase2-full-grid-rerun-20260731-l4-l4-tp1-f2040-i32-o32-r10-rep2-seg1-attempt2-00042-1edd42002c5b,17,17,0,1,28734,server_token_ids,1785511567507537421,1324.838337,65.10138,1,"""0"""
phase2-full-grid-rerun-20260731-l4-l4-tp1-f2040-i32-o32-r10-rep2-seg1-attempt2,phase2-full-grid-rerun-20260731-l4-l4-tp1-f2040-i32-o32-r10-rep2-seg1-attempt2-00042-1edd42002c5b,18,18,0,1,28734,server_token_ids,1785511567572985756,1390.286672,65.448335,1,"""0"""
phase2-full-grid-rerun-20260731-l4-l4-tp1-f2040-i32-o32-r10-rep2-seg1-attempt2,phase2-full-grid-rerun-20260731-l4-l4-tp1-f2040-i32-o32-r10-rep2-seg1-attempt2-00042-1edd42002c5b,19,19,0,1,28734,server_token_ids,1785511567641221540,1458.522456,68.235784,1,"""0"""
phase2-full-grid-rerun-20260731-l4-l4-tp1-f2040-i32-o32-r10-rep2-seg1-attempt2,phase2-full-grid-rerun-20260731-l4-l4-tp1-f2040-i32-o32-r10-rep2-seg1-attempt2-00042-1edd42002c5b,20,20,0,1,28734,server_token_ids,1785511567706279089,1523.580005,65.057549,1,"""0"""
phase2-full-grid-rerun-20260731-l4-l4-tp1-f2040-i32-o32-r10-rep2-seg1-attempt2,phase2-full-grid-rerun-20260731-l4-l4-tp1-f2040-i32-o32-r10-rep2-seg1-attempt2-00042-1edd42002c5b,21,21,0,1,28734,server_token_ids,1785511567771527819,1588.828735,65.24873,1,"""0"""
phase2-full-grid-rerun-20260731-l4-l4-tp1-f2040-i32-o32-r10-rep2-seg1-attempt2,phase2-full-grid-rerun-20260731-l4-l4-tp1-f2040-i32-o32-r10-rep2-seg1-attempt2-00042-1edd42002c5b,22,22,0,1,28734,server_token_ids,1785511567839528811,1656.829727,68.000992,1,"""0"""
phase2-full-grid-rerun-20260731-l4-l4-tp1-f2040-i32-o32-r10-rep2-seg1-attempt2,phase2-full-grid-rerun-20260731-l4-l4-tp1-f2040-i32-o32-r10-rep2-seg1-attempt2-00042-1edd42002c5b,23,23,0,1,28734,server_token_ids,1785511567904422459,1721.723375,64.893648,1,"""0"""
phase2-full-grid-rerun-20260731-l4-l4-tp1-f2040-i32-o32-r10-rep2-seg1-attempt2,phase2-full-grid-rerun-20260731-l4-l4-tp1-f2040-i32-o32-r10-rep2-seg1-attempt2-00042-1edd42002c5b,24,24,0,1,28734,server_token_ids,1785511567973695974,1790.99689,69.273515,1,"""0"""
phase2-full-grid-rerun-20260731-l4-l4-tp1-f2040-i32-o32-r10-rep2-seg1-attempt2,phase2-full-grid-rerun-20260731-l4-l4-tp1-f2040-i32-o32-r10-rep2-seg1-attempt2-00042-1edd42002c5b,25,25,0,1,28734,server_token_ids,1785511568038836705,1856.137621,65.140731,1,"""0"""
phase2-full-grid-rerun-20260731-l4-l4-tp1-f2040-i32-o32-r10-rep2-seg1-attempt2,phase2-full-grid-rerun-20260731-l4-l4-tp1-f2040-i32-o32-r10-rep2-seg1-attempt2-00042-1edd42002c5b,26,26,0,1,28734,server_token_ids,1785511568103674525,1920.975441,64.83782,1,"""0"""
phase2-full-grid-rerun-20260731-l4-l4-tp1-f2040-i32-o32-r10-rep2-seg1-attempt2,phase2-full-grid-rerun-20260731-l4-l4-tp1-f2040-i32-o32-r10-rep2-seg1-attempt2-00042-1edd42002c5b,27,27,0,1,28734,server_token_ids,1785511568169831042,1987.131958,66.156517,1,"""0"""
phase2-full-grid-rerun-20260731-l4-l4-tp1-f2040-i32-o32-r10-rep2-seg1-attempt2,phase2-full-grid-rerun-20260731-l4-l4-tp1-f2040-i32-o32-r10-rep2-seg1-attempt2-00042-1edd42002c5b,28,28,0,1,28734,server_token_ids,1785511568238150889,2055.451805,68.319847,1,"""0"""
phase2-full-grid-rerun-20260731-l4-l4-tp1-f2040-i32-o32-r10-rep2-seg1-attempt2,phase2-full-grid-rerun-20260731-l4-l4-tp1-f2040-i32-o32-r10-rep2-seg1-attempt2-00042-1edd42002c5b,29,29,0,1,28734,server_token_ids,1785511568304578137,2121.879053,66.427248,1,"""0"""
phase2-full-grid-rerun-20260731-l4-l4-tp1-f2040-i32-o32-r10-rep2-seg1-attempt2,phase2-full-grid-rerun-20260731-l4-l4-tp1-f2040-i32-o32-r10-rep2-seg1-attempt2-00042-1edd42002c5b,30,30,0,1,28734,server_token_ids,1785511568368530593,2185.831509,63.952456,1,"""0"""
phase2-full-grid-rerun-20260731-l4-l4-tp1-f2040-i32-o32-r10-rep2-seg1-attempt2,phase2-full-grid-rerun-20260731-l4-l4-tp1-f2040-i32-o32-r10-rep2-seg1-attempt2-00042-1edd42002c5b,31,31,0,1,28734,server_token_ids,1785511568444351951,2261.652867,75.821358,1,"""0"""
phase2-full-grid-rerun-20260731-l4-l4-tp1-f2040-i32-o32-r10-rep2-seg1-attempt2,phase2-full-grid-rerun-20260731-l4-l4-tp1-f2040-i32-o32-r10-rep2-seg1-attempt2-00043-05f774320e28,0,0,0,1,3320,server_token_ids,1785511566447747623,166.169601,,5,"""istic"""
phase2-full-grid-rerun-20260731-l4-l4-tp1-f2040-i32-o32-r10-rep2-seg1-attempt2,phase2-full-grid-rerun-20260731-l4-l4-tp1-f2040-i32-o32-r10-rep2-seg1-attempt2-00043-05f774320e28,1,1,0,1,13,server_token_ids,1785511566512775186,231.197164,65.027563,1,"""\n"""
phase2-full-grid-rerun-20260731-l4-l4-tp1-f2040-i32-o32-r10-rep2-seg1-attempt2,phase2-full-grid-rerun-20260731-l4-l4-tp1-f2040-i32-o32-r10-rep2-seg1-attempt2-00043-05f774320e28,2,2,0,1,13,server_token_ids,1785511566577941443,296.363421,65.166257,1,"""\n"""
phase2-full-grid-rerun-20260731-l4-l4-tp1-f2040-i32-o32-r10-rep2-seg1-attempt2,phase2-full-grid-rerun-20260731-l4-l4-tp1-f2040-i32-o32-r10-rep2-seg1-attempt2-00043-05f774320e28,3,3,0,1,28771,server_token_ids,1785511566645940267,364.362245,67.998824,1,"""#"""
phase2-full-grid-rerun-20260731-l4-l4-tp1-f2040-i32-o32-r10-rep2-seg1-attempt2,phase2-full-grid-rerun-20260731-l4-l4-tp1-f2040-i32-o32-r10-rep2-seg1-attempt2-00043-05f774320e28,4,4,0,1,28705,server_token_ids,1785511566710589247,429.011225,64.64898,1,""" """
phase2-full-grid-rerun-20260731-l4-l4-tp1-f2040-i32-o32-r10-rep2-seg1-attempt2,phase2-full-grid-rerun-20260731-l4-l4-tp1-f2040-i32-o32-r10-rep2-seg1-attempt2-00043-05f774320e28,5,5,0,1,28750,server_token_ids,1785511566776200237,494.622215,65.61099,1,"""2"""
phase2-full-grid-rerun-20260731-l4-l4-tp1-f2040-i32-o32-r10-rep2-seg1-attempt2,phase2-full-grid-rerun-20260731-l4-l4-tp1-f2040-i32-o32-r10-rep2-seg1-attempt2-00043-05f774320e28,6,6,0,1,28734,server_token_ids,1785511566844522933,562.944911,68.322696,1,"""0"""
phase2-full-grid-rerun-20260731-l4-l4-tp1-f2040-i32-o32-r10-rep2-seg1-attempt2,phase2-full-grid-rerun-20260731-l4-l4-tp1-f2040-i32-o32-r10-rep2-seg1-attempt2-00043-05f774320e28,7,7,0,1,28740,server_token_ids,1785511566909306129,627.728107,64.783196,1,"""1"""
phase2-full-grid-rerun-20260731-l4-l4-tp1-f2040-i32-o32-r10-rep2-seg1-attempt2,phase2-full-grid-rerun-20260731-l4-l4-tp1-f2040-i32-o32-r10-rep2-seg1-attempt2-00043-05f774320e28,8,8,0,1,28783,server_token_ids,1785511566975324739,693.746717,66.01861,1,"""8"""
phase2-full-grid-rerun-20260731-l4-l4-tp1-f2040-i32-o32-r10-rep2-seg1-attempt2,phase2-full-grid-rerun-20260731-l4-l4-tp1-f2040-i32-o32-r10-rep2-seg1-attempt2-00043-05f774320e28,9,9,0,1,28733,server_token_ids,1785511567043466140,761.888118,68.141401,1,"""-"""
phase2-full-grid-rerun-20260731-l4-l4-tp1-f2040-i32-o32-r10-rep2-seg1-attempt2,phase2-full-grid-rerun-20260731-l4-l4-tp1-f2040-i32-o32-r10-rep2-seg1-attempt2-00043-05f774320e28,10,10,0,1,28740,server_token_ids,1785511567108236007,826.657985,64.769867,1,"""1"""
phase2-full-grid-rerun-20260731-l4-l4-tp1-f2040-i32-o32-r10-rep2-seg1-attempt2,phase2-full-grid-rerun-20260731-l4-l4-tp1-f2040-i32-o32-r10-rep2-seg1-attempt2-00043-05f774320e28,11,11,0,1,28774,server_token_ids,1785511567174652522,893.0745,66.416515,1,"""9"""
phase2-full-grid-rerun-20260731-l4-l4-tp1-f2040-i32-o32-r10-rep2-seg1-attempt2,phase2-full-grid-rerun-20260731-l4-l4-tp1-f2040-i32-o32-r10-rep2-seg1-attempt2-00043-05f774320e28,12,12,0,1,16887,server_token_ids,1785511567243074910,961.496888,68.422388,7,""" Season"""
phase2-full-grid-rerun-20260731-l4-l4-tp1-f2040-i32-o32-r10-rep2-seg1-attempt2,phase2-full-grid-rerun-20260731-l4-l4-tp1-f2040-i32-o32-r10-rep2-seg1-attempt2-00043-05f774320e28,13,13,0,1,13,server_token_ids,1785511567307953895,1026.375873,64.878985,1,"""\n"""
phase2-full-grid-rerun-20260731-l4-l4-tp1-f2040-i32-o32-r10-rep2-seg1-attempt2,phase2-full-grid-rerun-20260731-l4-l4-tp1-f2040-i32-o32-r10-rep2-seg1-attempt2-00043-05f774320e28,14,14,0,1,13,server_token_ids,1785511567373946806,1092.368784,65.992911,1,"""\n"""
phase2-full-grid-rerun-20260731-l4-l4-tp1-f2040-i32-o32-r10-rep2-seg1-attempt2,phase2-full-grid-rerun-20260731-l4-l4-tp1-f2040-i32-o32-r10-rep2-seg1-attempt2-00043-05f774320e28,15,15,0,1,1064,server_token_ids,1785511567441759862,1160.18184,67.813056,2,"""##"""
phase2-full-grid-rerun-20260731-l4-l4-tp1-f2040-i32-o32-r10-rep2-seg1-attempt2,phase2-full-grid-rerun-20260731-l4-l4-tp1-f2040-i32-o32-r10-rep2-seg1-attempt2-00043-05f774320e28,16,16,0,1,28705,server_token_ids,1785511567506572737,1224.994715,64.812875,1,""" """
phase2-full-grid-rerun-20260731-l4-l4-tp1-f2040-i32-o32-r10-rep2-seg1-attempt2,phase2-full-grid-rerun-20260731-l4-l4-tp1-f2040-i32-o32-r10-rep2-seg1-attempt2-00043-05f774320e28,17,17,0,1,28750,server_token_ids,1785511567572277528,1290.699506,65.704791,1,"""2"""
phase2-full-grid-rerun-20260731-l4-l4-tp1-f2040-i32-o32-r10-rep2-seg1-attempt2,phase2-full-grid-rerun-20260731-l4-l4-tp1-f2040-i32-o32-r10-rep2-seg1-attempt2-00043-05f774320e28,18,18,0,1,28734,server_token_ids,1785511567640546245,1358.968223,68.268717,1,"""0"""
phase2-full-grid-rerun-20260731-l4-l4-tp1-f2040-i32-o32-r10-rep2-seg1-attempt2,phase2-full-grid-rerun-20260731-l4-l4-tp1-f2040-i32-o32-r10-rep2-seg1-attempt2-00043-05f774320e28,19,19,0,1,28740,server_token_ids,1785511567705101681,1423.523659,64.555436,1,"""1"""
phase2-full-grid-rerun-20260731-l4-l4-tp1-f2040-i32-o32-r10-rep2-seg1-attempt2,phase2-full-grid-rerun-20260731-l4-l4-tp1-f2040-i32-o32-r10-rep2-seg1-attempt2-00043-05f774320e28,20,20,0,1,28783,server_token_ids,1785511567770913520,1489.335498,65.811839,1,"""8"""
phase2-full-grid-rerun-20260731-l4-l4-tp1-f2040-i32-o32-r10-rep2-seg1-attempt2,phase2-full-grid-rerun-20260731-l4-l4-tp1-f2040-i32-o32-r10-rep2-seg1-attempt2-00043-05f774320e28,21,21,0,1,28733,server_token_ids,1785511567838898383,1557.320361,67.984863,1,"""-"""
phase2-full-grid-rerun-20260731-l4-l4-tp1-f2040-i32-o32-r10-rep2-seg1-attempt2,phase2-full-grid-rerun-20260731-l4-l4-tp1-f2040-i32-o32-r10-rep2-seg1-attempt2-00043-05f774320e28,22,22,0,1,28740,server_token_ids,1785511567903434508,1621.856486,64.536125,1,"""1"""
phase2-full-grid-rerun-20260731-l4-l4-tp1-f2040-i32-o32-r10-rep2-seg1-attempt2,phase2-full-grid-rerun-20260731-l4-l4-tp1-f2040-i32-o32-r10-rep2-seg1-attempt2-00043-05f774320e28,23,23,0,1,28774,server_token_ids,1785511567969656866,1688.078844,66.222358,1,"""9"""
phase2-full-grid-rerun-20260731-l4-l4-tp1-f2040-i32-o32-r10-rep2-seg1-attempt2,phase2-full-grid-rerun-20260731-l4-l4-tp1-f2040-i32-o32-r10-rep2-seg1-attempt2-00043-05f774320e28,24,24,0,1,16887,server_token_ids,1785511568038108151,1756.530129,68.451285,7,""" Season"""
phase2-full-grid-rerun-20260731-l4-l4-tp1-f2040-i32-o32-r10-rep2-seg1-attempt2,phase2-full-grid-rerun-20260731-l4-l4-tp1-f2040-i32-o32-r10-rep2-seg1-attempt2-00043-05f774320e28,25,25,0,1,13,server_token_ids,1785511568102671146,1821.093124,64.562995,1,"""\n"""
phase2-full-grid-rerun-20260731-l4-l4-tp1-f2040-i32-o32-r10-rep2-seg1-attempt2,phase2-full-grid-rerun-20260731-l4-l4-tp1-f2040-i32-o32-r10-rep2-seg1-attempt2-00043-05f774320e28,26,26,0,1,13,server_token_ids,1785511568169132812,1887.55479,66.461666,1,"""\n"""
phase2-full-grid-rerun-20260731-l4-l4-tp1-f2040-i32-o32-r10-rep2-seg1-attempt2,phase2-full-grid-rerun-20260731-l4-l4-tp1-f2040-i32-o32-r10-rep2-seg1-attempt2-00043-05f774320e28,27,27,0,1,27332,server_token_ids,1785511568237289602,1955.71158,68.15679,3,"""###"""
phase2-full-grid-rerun-20260731-l4-l4-tp1-f2040-i32-o32-r10-rep2-seg1-attempt2,phase2-full-grid-rerun-20260731-l4-l4-tp1-f2040-i32-o32-r10-rep2-seg1-attempt2-00043-05f774320e28,28,28,0,1,28705,server_token_ids,1785511568303499923,2021.921901,66.210321,1,""" """
phase2-full-grid-rerun-20260731-l4-l4-tp1-f2040-i32-o32-r10-rep2-seg1-attempt2,phase2-full-grid-rerun-20260731-l4-l4-tp1-f2040-i32-o32-r10-rep2-seg1-attempt2-00043-05f774320e28,29,29,0,1,28750,server_token_ids,1785511568367980740,2086.402718,64.480817,1,"""2"""
phase2-full-grid-rerun-20260731-l4-l4-tp1-f2040-i32-o32-r10-rep2-seg1-attempt2,phase2-full-grid-rerun-20260731-l4-l4-tp1-f2040-i32-o32-r10-rep2-seg1-attempt2-00043-05f774320e28,30,30,0,1,28734,server_token_ids,1785511568440674419,2159.096397,72.693679,1,"""0"""
phase2-full-grid-rerun-20260731-l4-l4-tp1-f2040-i32-o32-r10-rep2-seg1-attempt2,phase2-full-grid-rerun-20260731-l4-l4-tp1-f2040-i32-o32-r10-rep2-seg1-attempt2-00043-05f774320e28,31,31,0,1,28740,server_token_ids,1785511568501197391,2219.619369,60.522972,1,"""1"""
phase2-full-grid-rerun-20260731-l4-l4-tp1-f2040-i32-o32-r10-rep2-seg1-attempt2,phase2-full-grid-rerun-20260731-l4-l4-tp1-f2040-i32-o32-r10-rep2-seg1-attempt2-00044-8aa0bd949f81,0,0,0,1,13,server_token_ids,1785511566579258164,193.38901,,1,"""\n"""
phase2-full-grid-rerun-20260731-l4-l4-tp1-f2040-i32-o32-r10-rep2-seg1-attempt2,phase2-full-grid-rerun-20260731-l4-l4-tp1-f2040-i32-o32-r10-rep2-seg1-attempt2-00044-8aa0bd949f81,1,1,0,1,13,server_token_ids,1785511566647379285,261.510131,68.121121,1,"""\n"""
phase2-full-grid-rerun-20260731-l4-l4-tp1-f2040-i32-o32-r10-rep2-seg1-attempt2,phase2-full-grid-rerun-20260731-l4-l4-tp1-f2040-i32-o32-r10-rep2-seg1-attempt2-00044-8aa0bd949f81,2,2,0,1,28771,server_token_ids,1785511566720985895,335.116741,73.60661,1,"""#"""
phase2-full-grid-rerun-20260731-l4-l4-tp1-f2040-i32-o32-r10-rep2-seg1-attempt2,phase2-full-grid-rerun-20260731-l4-l4-tp1-f2040-i32-o32-r10-rep2-seg1-attempt2-00044-8aa0bd949f81,3,3,0,1,28705,server_token_ids,1785511566780713478,394.844324,59.727583,1,""" """
phase2-full-grid-rerun-20260731-l4-l4-tp1-f2040-i32-o32-r10-rep2-seg1-attempt2,phase2-full-grid-rerun-20260731-l4-l4-tp1-f2040-i32-o32-r10-rep2-seg1-attempt2-00044-8aa0bd949f81,4,4,0,1,28750,server_token_ids,1785511566855932133,470.062979,75.218655,1,"""2"""
phase2-full-grid-rerun-20260731-l4-l4-tp1-f2040-i32-o32-r10-rep2-seg1-attempt2,phase2-full-grid-rerun-20260731-l4-l4-tp1-f2040-i32-o32-r10-rep2-seg1-attempt2-00044-8aa0bd949f81,5,5,0,1,28734,server_token_ids,1785511566910535544,524.66639,54.603411,1,"""0"""
phase2-full-grid-rerun-20260731-l4-l4-tp1-f2040-i32-o32-r10-rep2-seg1-attempt2,phase2-full-grid-rerun-20260731-l4-l4-tp1-f2040-i32-o32-r10-rep2-seg1-attempt2-00044-8aa0bd949f81,6,6,0,1,28740,server_token_ids,1785511566979616420,593.747266,69.080876,1,"""1"""
phase2-full-grid-rerun-20260731-l4-l4-tp1-f2040-i32-o32-r10-rep2-seg1-attempt2,phase2-full-grid-rerun-20260731-l4-l4-tp1-f2040-i32-o32-r10-rep2-seg1-attempt2-00044-8aa0bd949f81,7,7,0,1,28783,server_token_ids,1785511567048074345,662.205191,68.457925,1,"""8"""
phase2-full-grid-rerun-20260731-l4-l4-tp1-f2040-i32-o32-r10-rep2-seg1-attempt2,phase2-full-grid-rerun-20260731-l4-l4-tp1-f2040-i32-o32-r10-rep2-seg1-attempt2-00044-8aa0bd949f81,8,8,0,1,28733,server_token_ids,1785511567118067537,732.198383,69.993192,1,"""-"""
phase2-full-grid-rerun-20260731-l4-l4-tp1-f2040-i32-o32-r10-rep2-seg1-attempt2,phase2-full-grid-rerun-20260731-l4-l4-tp1-f2040-i32-o32-r10-rep2-seg1-attempt2-00044-8aa0bd949f81,9,9,0,1,28740,server_token_ids,1785511567176020747,790.151593,57.95321,1,"""1"""
phase2-full-grid-rerun-20260731-l4-l4-tp1-f2040-i32-o32-r10-rep2-seg1-attempt2,phase2-full-grid-rerun-20260731-l4-l4-tp1-f2040-i32-o32-r10-rep2-seg1-attempt2-00044-8aa0bd949f81,10,10,0,1,28774,server_token_ids,1785511567244596864,858.72771,68.576117,1,"""9"""
phase2-full-grid-rerun-20260731-l4-l4-tp1-f2040-i32-o32-r10-rep2-seg1-attempt2,phase2-full-grid-rerun-20260731-l4-l4-tp1-f2040-i32-o32-r10-rep2-seg1-attempt2-00044-8aa0bd949f81,11,11,0,1,16887,server_token_ids,1785511567309705938,923.836784,65.109074,7,""" Season"""
phase2-full-grid-rerun-20260731-l4-l4-tp1-f2040-i32-o32-r10-rep2-seg1-attempt2,phase2-full-grid-rerun-20260731-l4-l4-tp1-f2040-i32-o32-r10-rep2-seg1-attempt2-00044-8aa0bd949f81,12,12,0,1,13,server_token_ids,1785511567378395926,992.526772,68.689988,1,"""\n"""
phase2-full-grid-rerun-20260731-l4-l4-tp1-f2040-i32-o32-r10-rep2-seg1-attempt2,phase2-full-grid-rerun-20260731-l4-l4-tp1-f2040-i32-o32-r10-rep2-seg1-attempt2-00044-8aa0bd949f81,13,13,0,1,13,server_token_ids,1785511567443347429,1057.478275,64.951503,1,"""\n"""
phase2-full-grid-rerun-20260731-l4-l4-tp1-f2040-i32-o32-r10-rep2-seg1-attempt2,phase2-full-grid-rerun-20260731-l4-l4-tp1-f2040-i32-o32-r10-rep2-seg1-attempt2-00044-8aa0bd949f81,14,14,0,1,1064,server_token_ids,1785511567508561009,1122.691855,65.21358,2,"""##"""
phase2-full-grid-rerun-20260731-l4-l4-tp1-f2040-i32-o32-r10-rep2-seg1-attempt2,phase2-full-grid-rerun-20260731-l4-l4-tp1-f2040-i32-o32-r10-rep2-seg1-attempt2-00044-8aa0bd949f81,15,15,0,1,28705,server_token_ids,1785511567573668682,1187.799528,65.107673,1,""" """
phase2-full-grid-rerun-20260731-l4-l4-tp1-f2040-i32-o32-r10-rep2-seg1-attempt2,phase2-full-grid-rerun-20260731-l4-l4-tp1-f2040-i32-o32-r10-rep2-seg1-attempt2-00044-8aa0bd949f81,16,16,0,1,28750,server_token_ids,1785511567641998907,1256.129753,68.330225,1,"""2"""
phase2-full-grid-rerun-20260731-l4-l4-tp1-f2040-i32-o32-r10-rep2-seg1-attempt2,phase2-full-grid-rerun-20260731-l4-l4-tp1-f2040-i32-o32-r10-rep2-seg1-attempt2-00044-8aa0bd949f81,17,17,0,1,28734,server_token_ids,1785511567715734706,1329.865552,73.735799,1,"""0"""
phase2-full-grid-rerun-20260731-l4-l4-tp1-f2040-i32-o32-r10-rep2-seg1-attempt2,phase2-full-grid-rerun-20260731-l4-l4-tp1-f2040-i32-o32-r10-rep2-seg1-attempt2-00044-8aa0bd949f81,18,18,0,1,28740,server_token_ids,1785511567775487414,1389.61826,59.752708,1,"""1"""
phase2-full-grid-rerun-20260731-l4-l4-tp1-f2040-i32-o32-r10-rep2-seg1-attempt2,phase2-full-grid-rerun-20260731-l4-l4-tp1-f2040-i32-o32-r10-rep2-seg1-attempt2-00044-8aa0bd949f81,19,19,0,1,28783,server_token_ids,1785511567840434712,1454.565558,64.947298,1,"""8"""
phase2-full-grid-rerun-20260731-l4-l4-tp1-f2040-i32-o32-r10-rep2-seg1-attempt2,phase2-full-grid-rerun-20260731-l4-l4-tp1-f2040-i32-o32-r10-rep2-seg1-attempt2-00044-8aa0bd949f81,20,20,0,1,28733,server_token_ids,1785511567914463260,1528.594106,74.028548,1,"""-"""
phase2-full-grid-rerun-20260731-l4-l4-tp1-f2040-i32-o32-r10-rep2-seg1-attempt2,phase2-full-grid-rerun-20260731-l4-l4-tp1-f2040-i32-o32-r10-rep2-seg1-attempt2-00044-8aa0bd949f81,21,21,0,1,28740,server_token_ids,1785511567974286387,1588.417233,59.823127,1,"""1"""
phase2-full-grid-rerun-20260731-l4-l4-tp1-f2040-i32-o32-r10-rep2-seg1-attempt2,phase2-full-grid-rerun-20260731-l4-l4-tp1-f2040-i32-o32-r10-rep2-seg1-attempt2-00044-8aa0bd949f81,22,22,0,1,28774,server_token_ids,1785511568039683829,1653.814675,65.397442,1,"""9"""
phase2-full-grid-rerun-20260731-l4-l4-tp1-f2040-i32-o32-r10-rep2-seg1-attempt2,phase2-full-grid-rerun-20260731-l4-l4-tp1-f2040-i32-o32-r10-rep2-seg1-attempt2-00044-8aa0bd949f81,23,23,0,1,16887,server_token_ids,1785511568104240503,1718.371349,64.556674,7,""" Season"""
phase2-full-grid-rerun-20260731-l4-l4-tp1-f2040-i32-o32-r10-rep2-seg1-attempt2,phase2-full-grid-rerun-20260731-l4-l4-tp1-f2040-i32-o32-r10-rep2-seg1-attempt2-00044-8aa0bd949f81,24,24,0,1,13,server_token_ids,1785511568173340959,1787.471805,69.100456,1,"""\n"""
phase2-full-grid-rerun-20260731-l4-l4-tp1-f2040-i32-o32-r10-rep2-seg1-attempt2,phase2-full-grid-rerun-20260731-l4-l4-tp1-f2040-i32-o32-r10-rep2-seg1-attempt2-00044-8aa0bd949f81,25,25,0,1,13,server_token_ids,1785511568250151224,1864.28207,76.810265,1,"""\n"""
phase2-full-grid-rerun-20260731-l4-l4-tp1-f2040-i32-o32-r10-rep2-seg1-attempt2,phase2-full-grid-rerun-20260731-l4-l4-tp1-f2040-i32-o32-r10-rep2-seg1-attempt2-00044-8aa0bd949f81,26,26,0,1,27332,server_token_ids,1785511568314300758,1928.431604,64.149534,3,"""###"""
phase2-full-grid-rerun-20260731-l4-l4-tp1-f2040-i32-o32-r10-rep2-seg1-attempt2,phase2-full-grid-rerun-20260731-l4-l4-tp1-f2040-i32-o32-r10-rep2-seg1-attempt2-00044-8aa0bd949f81,27,27,0,1,28705,server_token_ids,1785511568368849242,1982.980088,54.548484,1,""" """
phase2-full-grid-rerun-20260731-l4-l4-tp1-f2040-i32-o32-r10-rep2-seg1-attempt2,phase2-full-grid-rerun-20260731-l4-l4-tp1-f2040-i32-o32-r10-rep2-seg1-attempt2-00044-8aa0bd949f81,28,28,0,1,28750,server_token_ids,1785511568451050674,2065.18152,82.201432,1,"""2"""
phase2-full-grid-rerun-20260731-l4-l4-tp1-f2040-i32-o32-r10-rep2-seg1-attempt2,phase2-full-grid-rerun-20260731-l4-l4-tp1-f2040-i32-o32-r10-rep2-seg1-attempt2-00044-8aa0bd949f81,29,29,0,1,28734,server_token_ids,1785511568509990809,2124.121655,58.940135,1,"""0"""
phase2-full-grid-rerun-20260731-l4-l4-tp1-f2040-i32-o32-r10-rep2-seg1-attempt2,phase2-full-grid-rerun-20260731-l4-l4-tp1-f2040-i32-o32-r10-rep2-seg1-attempt2-00044-8aa0bd949f81,30,30,0,1,28740,server_token_ids,1785511568569615972,2183.746818,59.625163,1,"""1"""
phase2-full-grid-rerun-20260731-l4-l4-tp1-f2040-i32-o32-r10-rep2-seg1-attempt2,phase2-full-grid-rerun-20260731-l4-l4-tp1-f2040-i32-o32-r10-rep2-seg1-attempt2-00044-8aa0bd949f81,31,31,0,1,28783,server_token_ids,1785511568639311813,2253.442659,69.695841,1,"""8"""
phase2-full-grid-rerun-20260731-l4-l4-tp1-f2040-i32-o32-r10-rep2-seg1-attempt2,phase2-full-grid-rerun-20260731-l4-l4-tp1-f2040-i32-o32-r10-rep2-seg1-attempt2-00045-92ffe25c6cc1,0,0,0,1,302,server_token_ids,1785511566648058398,167.155566,,3,""" of"""
phase2-full-grid-rerun-20260731-l4-l4-tp1-f2040-i32-o32-r10-rep2-seg1-attempt2,phase2-full-grid-rerun-20260731-l4-l4-tp1-f2040-i32-o32-r10-rep2-seg1-attempt2-00045-92ffe25c6cc1,1,1,0,1,272,server_token_ids,1785511566721633692,240.73086,73.575294,4,""" the"""
phase2-full-grid-rerun-20260731-l4-l4-tp1-f2040-i32-o32-r10-rep2-seg1-attempt2,phase2-full-grid-rerun-20260731-l4-l4-tp1-f2040-i32-o32-r10-rep2-seg1-attempt2-00045-92ffe25c6cc1,2,2,0,1,3610,server_token_ids,1785511566781350234,300.447402,59.716542,9,""" National"""
phase2-full-grid-rerun-20260731-l4-l4-tp1-f2040-i32-o32-r10-rep2-seg1-attempt2,phase2-full-grid-rerun-20260731-l4-l4-tp1-f2040-i32-o32-r10-rep2-seg1-attempt2-00045-92ffe25c6cc1,3,3,0,1,10819,server_token_ids,1785511566856570732,375.6679,75.220498,8,""" Academy"""
phase2-full-grid-rerun-20260731-l4-l4-tp1-f2040-i32-o32-r10-rep2-seg1-attempt2,phase2-full-grid-rerun-20260731-l4-l4-tp1-f2040-i32-o32-r10-rep2-seg1-attempt2-00045-92ffe25c6cc1,4,4,0,1,302,server_token_ids,1785511566911620583,430.717751,55.049851,3,""" of"""
phase2-full-grid-rerun-20260731-l4-l4-tp1-f2040-i32-o32-r10-rep2-seg1-attempt2,phase2-full-grid-rerun-20260731-l4-l4-tp1-f2040-i32-o32-r10-rep2-seg1-attempt2-00045-92ffe25c6cc1,5,5,0,1,19364,server_token_ids,1785511566980227097,499.324265,68.606514,9,""" Sciences"""
phase2-full-grid-rerun-20260731-l4-l4-tp1-f2040-i32-o32-r10-rep2-seg1-attempt2,phase2-full-grid-rerun-20260731-l4-l4-tp1-f2040-i32-o32-r10-rep2-seg1-attempt2-00045-92ffe25c6cc1,6,6,0,1,28725,server_token_ids,1785511567048792715,567.889883,68.565618,1,""","""
phase2-full-grid-rerun-20260731-l4-l4-tp1-f2040-i32-o32-r10-rep2-seg1-attempt2,phase2-full-grid-rerun-20260731-l4-l4-tp1-f2040-i32-o32-r10-rep2-seg1-attempt2-00045-92ffe25c6cc1,7,7,0,1,272,server_token_ids,1785511567118563289,637.660457,69.770574,4,""" the"""
phase2-full-grid-rerun-20260731-l4-l4-tp1-f2040-i32-o32-r10-rep2-seg1-attempt2,phase2-full-grid-rerun-20260731-l4-l4-tp1-f2040-i32-o32-r10-rep2-seg1-attempt2-00045-92ffe25c6cc1,8,8,0,1,3610,server_token_ids,1785511567178811048,697.908216,60.247759,9,""" National"""
phase2-full-grid-rerun-20260731-l4-l4-tp1-f2040-i32-o32-r10-rep2-seg1-attempt2,phase2-full-grid-rerun-20260731-l4-l4-tp1-f2040-i32-o32-r10-rep2-seg1-attempt2-00045-92ffe25c6cc1,9,9,0,1,10819,server_token_ids,1785511567248121136,767.218304,69.310088,8,""" Academy"""
phase2-full-grid-rerun-20260731-l4-l4-tp1-f2040-i32-o32-r10-rep2-seg1-attempt2,phase2-full-grid-rerun-20260731-l4-l4-tp1-f2040-i32-o32-r10-rep2-seg1-attempt2-00045-92ffe25c6cc1,10,10,0,1,302,server_token_ids,1785511567310394058,829.491226,62.272922,3,""" of"""
phase2-full-grid-rerun-20260731-l4-l4-tp1-f2040-i32-o32-r10-rep2-seg1-attempt2,phase2-full-grid-rerun-20260731-l4-l4-tp1-f2040-i32-o32-r10-rep2-seg1-attempt2-00045-92ffe25c6cc1,11,11,0,1,17202,server_token_ids,1785511567378878530,897.975698,68.484472,12,""" Engineering"""
phase2-full-grid-rerun-20260731-l4-l4-tp1-f2040-i32-o32-r10-rep2-seg1-attempt2,phase2-full-grid-rerun-20260731-l4-l4-tp1-f2040-i32-o32-r10-rep2-seg1-attempt2-00045-92ffe25c6cc1,12,12,0,1,28725,server_token_ids,1785511567445768840,964.866008,66.89031,1,""","""
phase2-full-grid-rerun-20260731-l4-l4-tp1-f2040-i32-o32-r10-rep2-seg1-attempt2,phase2-full-grid-rerun-20260731-l4-l4-tp1-f2040-i32-o32-r10-rep2-seg1-attempt2-00045-92ffe25c6cc1,13,13,0,1,272,server_token_ids,1785511567509034123,1028.131291,63.265283,4,""" the"""
phase2-full-grid-rerun-20260731-l4-l4-tp1-f2040-i32-o32-r10-rep2-seg1-attempt2,phase2-full-grid-rerun-20260731-l4-l4-tp1-f2040-i32-o32-r10-rep2-seg1-attempt2-00045-92ffe25c6cc1,14,14,0,1,8624,server_token_ids,1785511567576949797,1096.046965,67.915674,10,""" Institute"""
phase2-full-grid-rerun-20260731-l4-l4-tp1-f2040-i32-o32-r10-rep2-seg1-attempt2,phase2-full-grid-rerun-20260731-l4-l4-tp1-f2040-i32-o32-r10-rep2-seg1-attempt2-00045-92ffe25c6cc1,15,15,0,1,302,server_token_ids,1785511567645849647,1164.946815,68.89985,3,""" of"""
phase2-full-grid-rerun-20260731-l4-l4-tp1-f2040-i32-o32-r10-rep2-seg1-attempt2,phase2-full-grid-rerun-20260731-l4-l4-tp1-f2040-i32-o32-r10-rep2-seg1-attempt2-00045-92ffe25c6cc1,16,16,0,1,18293,server_token_ids,1785511567716295942,1235.39311,70.446295,9,""" Medicine"""
phase2-full-grid-rerun-20260731-l4-l4-tp1-f2040-i32-o32-r10-rep2-seg1-attempt2,phase2-full-grid-rerun-20260731-l4-l4-tp1-f2040-i32-o32-r10-rep2-seg1-attempt2-00045-92ffe25c6cc1,17,17,0,1,28725,server_token_ids,1785511567776039074,1295.136242,59.743132,1,""","""
phase2-full-grid-rerun-20260731-l4-l4-tp1-f2040-i32-o32-r10-rep2-seg1-attempt2,phase2-full-grid-rerun-20260731-l4-l4-tp1-f2040-i32-o32-r10-rep2-seg1-attempt2-00045-92ffe25c6cc1,18,18,0,1,304,server_token_ids,1785511567844363501,1363.460669,68.324427,4,""" and"""
phase2-full-grid-rerun-20260731-l4-l4-tp1-f2040-i32-o32-r10-rep2-seg1-attempt2,phase2-full-grid-rerun-20260731-l4-l4-tp1-f2040-i32-o32-r10-rep2-seg1-attempt2-00045-92ffe25c6cc1,19,19,0,1,272,server_token_ids,1785511567915091997,1434.189165,70.728496,4,""" the"""
phase2-full-grid-rerun-20260731-l4-l4-tp1-f2040-i32-o32-r10-rep2-seg1-attempt2,phase2-full-grid-rerun-20260731-l4-l4-tp1-f2040-i32-o32-r10-rep2-seg1-attempt2-00045-92ffe25c6cc1,20,20,0,1,2556,server_token_ids,1785511567974933813,1494.030981,59.841816,9,""" American"""
phase2-full-grid-rerun-20260731-l4-l4-tp1-f2040-i32-o32-r10-rep2-seg1-attempt2,phase2-full-grid-rerun-20260731-l4-l4-tp1-f2040-i32-o32-r10-rep2-seg1-attempt2-00045-92ffe25c6cc1,21,21,0,1,10819,server_token_ids,1785511568040338157,1559.435325,65.404344,8,""" Academy"""
phase2-full-grid-rerun-20260731-l4-l4-tp1-f2040-i32-o32-r10-rep2-seg1-attempt2,phase2-full-grid-rerun-20260731-l4-l4-tp1-f2040-i32-o32-r10-rep2-seg1-attempt2-00045-92ffe25c6cc1,22,22,0,1,302,server_token_ids,1785511568105057023,1624.154191,64.718866,3,""" of"""
phase2-full-grid-rerun-20260731-l4-l4-tp1-f2040-i32-o32-r10-rep2-seg1-attempt2,phase2-full-grid-rerun-20260731-l4-l4-tp1-f2040-i32-o32-r10-rep2-seg1-attempt2-00045-92ffe25c6cc1,23,23,0,1,11263,server_token_ids,1785511568173939882,1693.03705,68.882859,5,""" Arts"""
phase2-full-grid-rerun-20260731-l4-l4-tp1-f2040-i32-o32-r10-rep2-seg1-attempt2,phase2-full-grid-rerun-20260731-l4-l4-tp1-f2040-i32-o32-r10-rep2-seg1-attempt2-00045-92ffe25c6cc1,24,24,0,1,304,server_token_ids,1785511568250719545,1769.816713,76.779663,4,""" and"""
phase2-full-grid-rerun-20260731-l4-l4-tp1-f2040-i32-o32-r10-rep2-seg1-attempt2,phase2-full-grid-rerun-20260731-l4-l4-tp1-f2040-i32-o32-r10-rep2-seg1-attempt2-00045-92ffe25c6cc1,25,25,0,1,19364,server_token_ids,1785511568314841499,1833.938667,64.121954,9,""" Sciences"""
phase2-full-grid-rerun-20260731-l4-l4-tp1-f2040-i32-o32-r10-rep2-seg1-attempt2,phase2-full-grid-rerun-20260731-l4-l4-tp1-f2040-i32-o32-r10-rep2-seg1-attempt2-00045-92ffe25c6cc1,26,26,0,1,28723,server_token_ids,1785511568372823960,1891.921128,57.982461,1,"""."""
phase2-full-grid-rerun-20260731-l4-l4-tp1-f2040-i32-o32-r10-rep2-seg1-attempt2,phase2-full-grid-rerun-20260731-l4-l4-tp1-f2040-i32-o32-r10-rep2-seg1-attempt2-00045-92ffe25c6cc1,27,27,0,1,13,server_token_ids,1785511568451750356,1970.847524,78.926396,1,"""\n"""
phase2-full-grid-rerun-20260731-l4-l4-tp1-f2040-i32-o32-r10-rep2-seg1-attempt2,phase2-full-grid-rerun-20260731-l4-l4-tp1-f2040-i32-o32-r10-rep2-seg1-attempt2-00045-92ffe25c6cc1,28,28,0,1,13,server_token_ids,1785511568510876892,2029.97406,59.126536,1,"""\n"""
phase2-full-grid-rerun-20260731-l4-l4-tp1-f2040-i32-o32-r10-rep2-seg1-attempt2,phase2-full-grid-rerun-20260731-l4-l4-tp1-f2040-i32-o32-r10-rep2-seg1-attempt2-00045-92ffe25c6cc1,29,29,0,1,1014,server_token_ids,1785511568570597033,2089.694201,59.720141,3,"""The"""
phase2-full-grid-rerun-20260731-l4-l4-tp1-f2040-i32-o32-r10-rep2-seg1-attempt2,phase2-full-grid-rerun-20260731-l4-l4-tp1-f2040-i32-o32-r10-rep2-seg1-attempt2-00045-92ffe25c6cc1,30,30,0,1,3610,server_token_ids,1785511568640112200,2159.209368,69.515167,9,""" National"""
phase2-full-grid-rerun-20260731-l4-l4-tp1-f2040-i32-o32-r10-rep2-seg1-attempt2,phase2-full-grid-rerun-20260731-l4-l4-tp1-f2040-i32-o32-r10-rep2-seg1-attempt2-00045-92ffe25c6cc1,31,31,0,1,8519,server_token_ids,1785511568701771562,2220.86873,61.659362,7,""" Academ"""
phase2-full-grid-rerun-20260731-l4-l4-tp1-f2040-i32-o32-r10-rep2-seg1-attempt2,phase2-full-grid-rerun-20260731-l4-l4-tp1-f2040-i32-o32-r10-rep2-seg1-attempt2-00046-bd8a8251c167,0,0,0,1,282,server_token_ids,1785511566777011763,192.089501,,2,"""al"""
phase2-full-grid-rerun-20260731-l4-l4-tp1-f2040-i32-o32-r10-rep2-seg1-attempt2,phase2-full-grid-rerun-20260731-l4-l4-tp1-f2040-i32-o32-r10-rep2-seg1-attempt2-00046-bd8a8251c167,1,1,0,1,476,server_token_ids,1785511566855707908,270.785646,78.696145,2,"""og"""
phase2-full-grid-rerun-20260731-l4-l4-tp1-f2040-i32-o32-r10-rep2-seg1-attempt2,phase2-full-grid-rerun-20260731-l4-l4-tp1-f2040-i32-o32-r10-rep2-seg1-attempt2-00046-bd8a8251c167,2,2,0,1,745,server_token_ids,1785511566910376796,325.454534,54.668888,4,"""ical"""
phase2-full-grid-rerun-20260731-l4-l4-tp1-f2040-i32-o32-r10-rep2-seg1-attempt2,phase2-full-grid-rerun-20260731-l4-l4-tp1-f2040-i32-o32-r10-rep2-seg1-attempt2-00046-bd8a8251c167,3,3,0,1,13,server_token_ids,1785511566979068019,394.145757,68.691223,1,"""\n"""
phase2-full-grid-rerun-20260731-l4-l4-tp1-f2040-i32-o32-r10-rep2-seg1-attempt2,phase2-full-grid-rerun-20260731-l4-l4-tp1-f2040-i32-o32-r10-rep2-seg1-attempt2-00046-bd8a8251c167,4,4,0,1,13,server_token_ids,1785511567047414433,462.492171,68.346414,1,"""\n"""
phase2-full-grid-rerun-20260731-l4-l4-tp1-f2040-i32-o32-r10-rep2-seg1-attempt2,phase2-full-grid-rerun-20260731-l4-l4-tp1-f2040-i32-o32-r10-rep2-seg1-attempt2-00046-bd8a8251c167,5,5,0,1,1064,server_token_ids,1785511567117779513,532.857251,70.36508,2,"""##"""
phase2-full-grid-rerun-20260731-l4-l4-tp1-f2040-i32-o32-r10-rep2-seg1-attempt2,phase2-full-grid-rerun-20260731-l4-l4-tp1-f2040-i32-o32-r10-rep2-seg1-attempt2-00046-bd8a8251c167,6,6,0,1,28705,server_token_ids,1785511567175425027,590.502765,57.645514,1,""" """
phase2-full-grid-rerun-20260731-l4-l4-tp1-f2040-i32-o32-r10-rep2-seg1-attempt2,phase2-full-grid-rerun-20260731-l4-l4-tp1-f2040-i32-o32-r10-rep2-seg1-attempt2-00046-bd8a8251c167,7,7,0,1,28740,server_token_ids,1785511567243863755,658.941493,68.438728,1,"""1"""
phase2-full-grid-rerun-20260731-l4-l4-tp1-f2040-i32-o32-r10-rep2-seg1-attempt2,phase2-full-grid-rerun-20260731-l4-l4-tp1-f2040-i32-o32-r10-rep2-seg1-attempt2-00046-bd8a8251c167,8,8,0,1,23628,server_token_ids,1785511567309015549,724.093287,65.151794,13,""" Introduction"""
phase2-full-grid-rerun-20260731-l4-l4-tp1-f2040-i32-o32-r10-rep2-seg1-attempt2,phase2-full-grid-rerun-20260731-l4-l4-tp1-f2040-i32-o32-r10-rep2-seg1-attempt2-00046-bd8a8251c167,9,9,0,1,13,server_token_ids,1785511567377777383,792.855121,68.761834,1,"""\n"""
phase2-full-grid-rerun-20260731-l4-l4-tp1-f2040-i32-o32-r10-rep2-seg1-attempt2,phase2-full-grid-rerun-20260731-l4-l4-tp1-f2040-i32-o32-r10-rep2-seg1-attempt2-00046-bd8a8251c167,10,10,0,1,13,server_token_ids,1785511567442607149,857.684887,64.829766,1,"""\n"""
phase2-full-grid-rerun-20260731-l4-l4-tp1-f2040-i32-o32-r10-rep2-seg1-attempt2,phase2-full-grid-rerun-20260731-l4-l4-tp1-f2040-i32-o32-r10-rep2-seg1-attempt2-00046-bd8a8251c167,11,11,0,1,1014,server_token_ids,1785511567508158105,923.235843,65.550956,3,"""The"""
phase2-full-grid-rerun-20260731-l4-l4-tp1-f2040-i32-o32-r10-rep2-seg1-attempt2,phase2-full-grid-rerun-20260731-l4-l4-tp1-f2040-i32-o32-r10-rep2-seg1-attempt2-00046-bd8a8251c167,12,12,0,1,583,server_token_ids,1785511567573142268,988.220006,64.984163,2,""" _"""
phase2-full-grid-rerun-20260731-l4-l4-tp1-f2040-i32-o32-r10-rep2-seg1-attempt2,phase2-full-grid-rerun-20260731-l4-l4-tp1-f2040-i32-o32-r10-rep2-seg1-attempt2-00046-bd8a8251c167,13,13,0,1,28765,server_token_ids,1785511567641370872,1056.44861,68.228604,1,"""F"""
phase2-full-grid-rerun-20260731-l4-l4-tp1-f2040-i32-o32-r10-rep2-seg1-attempt2,phase2-full-grid-rerun-20260731-l4-l4-tp1-f2040-i32-o32-r10-rep2-seg1-attempt2-00046-bd8a8251c167,14,14,0,1,18296,server_token_ids,1785511567715547303,1130.625041,74.176431,7,"""raction"""
phase2-full-grid-rerun-20260731-l4-l4-tp1-f2040-i32-o32-r10-rep2-seg1-attempt2,phase2-full-grid-rerun-20260731-l4-l4-tp1-f2040-i32-o32-r10-rep2-seg1-attempt2-00046-bd8a8251c167,15,15,0,1,282,server_token_ids,1785511567771689743,1186.767481,56.14244,2,"""al"""
phase2-full-grid-rerun-20260731-l4-l4-tp1-f2040-i32-o32-r10-rep2-seg1-attempt2,phase2-full-grid-rerun-20260731-l4-l4-tp1-f2040-i32-o32-r10-rep2-seg1-attempt2-00046-bd8a8251c167,16,16,0,1,3885,server_token_ids,1785511567839684737,1254.762475,67.994994,6,""" State"""
phase2-full-grid-rerun-20260731-l4-l4-tp1-f2040-i32-o32-r10-rep2-seg1-attempt2,phase2-full-grid-rerun-20260731-l4-l4-tp1-f2040-i32-o32-r10-rep2-seg1-attempt2-00046-bd8a8251c167,17,17,0,1,28730,server_token_ids,1785511567914152244,1329.229982,74.467507,1,"""_"""
phase2-full-grid-rerun-20260731-l4-l4-tp1-f2040-i32-o32-r10-rep2-seg1-attempt2,phase2-full-grid-rerun-20260731-l4-l4-tp1-f2040-i32-o32-r10-rep2-seg1-attempt2-00046-bd8a8251c167,18,18,0,1,302,server_token_ids,1785511567973779606,1388.857344,59.627362,3,""" of"""
phase2-full-grid-rerun-20260731-l4-l4-tp1-f2040-i32-o32-r10-rep2-seg1-attempt2,phase2-full-grid-rerun-20260731-l4-l4-tp1-f2040-i32-o32-r10-rep2-seg1-attempt2-00046-bd8a8251c167,19,19,0,1,272,server_token_ids,1785511568038913567,1453.991305,65.133961,4,""" the"""
phase2-full-grid-rerun-20260731-l4-l4-tp1-f2040-i32-o32-r10-rep2-seg1-attempt2,phase2-full-grid-rerun-20260731-l4-l4-tp1-f2040-i32-o32-r10-rep2-seg1-attempt2-00046-bd8a8251c167,20,20,0,1,1524,server_token_ids,1785511568103745844,1518.823582,64.832277,4,""" art"""
phase2-full-grid-rerun-20260731-l4-l4-tp1-f2040-i32-o32-r10-rep2-seg1-attempt2,phase2-full-grid-rerun-20260731-l4-l4-tp1-f2040-i32-o32-r10-rep2-seg1-attempt2-00046-bd8a8251c167,21,21,0,1,349,server_token_ids,1785511568172906044,1587.983782,69.1602,3,""" is"""
phase2-full-grid-rerun-20260731-l4-l4-tp1-f2040-i32-o32-r10-rep2-seg1-attempt2,phase2-full-grid-rerun-20260731-l4-l4-tp1-f2040-i32-o32-r10-rep2-seg1-attempt2-00046-bd8a8251c167,22,22,0,1,264,server_token_ids,1785511568248241432,1663.31917,75.335388,2,""" a"""
phase2-full-grid-rerun-20260731-l4-l4-tp1-f2040-i32-o32-r10-rep2-seg1-attempt2,phase2-full-grid-rerun-20260731-l4-l4-tp1-f2040-i32-o32-r10-rep2-seg1-attempt2-00046-bd8a8251c167,23,23,0,1,1215,server_token_ids,1785511568314113200,1729.190938,65.871768,5,""" very"""
phase2-full-grid-rerun-20260731-l4-l4-tp1-f2040-i32-o32-r10-rep2-seg1-attempt2,phase2-full-grid-rerun-20260731-l4-l4-tp1-f2040-i32-o32-r10-rep2-seg1-attempt2-00046-bd8a8251c167,24,24,0,1,2278,server_token_ids,1785511568368696385,1783.774123,54.583185,10,""" important"""
phase2-full-grid-rerun-20260731-l4-l4-tp1-f2040-i32-o32-r10-rep2-seg1-attempt2,phase2-full-grid-rerun-20260731-l4-l4-tp1-f2040-i32-o32-r10-rep2-seg1-attempt2-00046-bd8a8251c167,25,25,0,1,5935,server_token_ids,1785511568444666457,1859.744195,75.970072,8,""" concept"""
phase2-full-grid-rerun-20260731-l4-l4-tp1-f2040-i32-o32-r10-rep2-seg1-attempt2,phase2-full-grid-rerun-20260731-l4-l4-tp1-f2040-i32-o32-r10-rep2-seg1-attempt2-00046-bd8a8251c167,26,26,0,1,297,server_token_ids,1785511568509831001,1924.908739,65.164544,3,""" in"""
phase2-full-grid-rerun-20260731-l4-l4-tp1-f2040-i32-o32-r10-rep2-seg1-attempt2,phase2-full-grid-rerun-20260731-l4-l4-tp1-f2040-i32-o32-r10-rep2-seg1-attempt2-00046-bd8a8251c167,27,27,0,1,272,server_token_ids,1785511568569438287,1984.516025,59.607286,4,""" the"""
phase2-full-grid-rerun-20260731-l4-l4-tp1-f2040-i32-o32-r10-rep2-seg1-attempt2,phase2-full-grid-rerun-20260731-l4-l4-tp1-f2040-i32-o32-r10-rep2-seg1-attempt2-00046-bd8a8251c167,28,28,0,1,1834,server_token_ids,1785511568639107053,2054.184791,69.668766,6,""" field"""
phase2-full-grid-rerun-20260731-l4-l4-tp1-f2040-i32-o32-r10-rep2-seg1-attempt2,phase2-full-grid-rerun-20260731-l4-l4-tp1-f2040-i32-o32-r10-rep2-seg1-attempt2-00046-bd8a8251c167,29,29,0,1,302,server_token_ids,1785511568701010314,2116.088052,61.903261,3,""" of"""
phase2-full-grid-rerun-20260731-l4-l4-tp1-f2040-i32-o32-r10-rep2-seg1-attempt2,phase2-full-grid-rerun-20260731-l4-l4-tp1-f2040-i32-o32-r10-rep2-seg1-attempt2-00046-bd8a8251c167,30,30,0,1,16872,server_token_ids,1785511568769096632,2184.17437,68.086318,9,""" mathemat"""
phase2-full-grid-rerun-20260731-l4-l4-tp1-f2040-i32-o32-r10-rep2-seg1-attempt2,phase2-full-grid-rerun-20260731-l4-l4-tp1-f2040-i32-o32-r10-rep2-seg1-attempt2-00046-bd8a8251c167,31,31,0,1,1063,server_token_ids,1785511568834921149,2249.998887,65.824517,3,"""ics"""
phase2-full-grid-rerun-20260731-l4-l4-tp1-f2040-i32-o32-r10-rep2-seg1-attempt2,phase2-full-grid-rerun-20260731-l4-l4-tp1-f2040-i32-o32-r10-rep2-seg1-attempt2-00047-7b54d7307d4b,0,0,0,1,286,server_token_ids,1785511566856806744,175.495881,,2,"""ed"""
phase2-full-grid-rerun-20260731-l4-l4-tp1-f2040-i32-o32-r10-rep2-seg1-attempt2,phase2-full-grid-rerun-20260731-l4-l4-tp1-f2040-i32-o32-r10-rep2-seg1-attempt2-00047-7b54d7307d4b,1,1,0,1,13,server_token_ids,1785511566911869203,230.55834,55.062459,1,"""\n"""
phase2-full-grid-rerun-20260731-l4-l4-tp1-f2040-i32-o32-r10-rep2-seg1-attempt2,phase2-full-grid-rerun-20260731-l4-l4-tp1-f2040-i32-o32-r10-rep2-seg1-attempt2-00047-7b54d7307d4b,2,2,0,1,13,server_token_ids,1785511566980449414,299.138551,68.580211,1,"""\n"""
phase2-full-grid-rerun-20260731-l4-l4-tp1-f2040-i32-o32-r10-rep2-seg1-attempt2,phase2-full-grid-rerun-20260731-l4-l4-tp1-f2040-i32-o32-r10-rep2-seg1-attempt2-00047-7b54d7307d4b,3,3,0,1,1014,server_token_ids,1785511567049046963,367.7361,68.597549,3,"""The"""
phase2-full-grid-rerun-20260731-l4-l4-tp1-f2040-i32-o32-r10-rep2-seg1-attempt2,phase2-full-grid-rerun-20260731-l4-l4-tp1-f2040-i32-o32-r10-rep2-seg1-attempt2-00047-7b54d7307d4b,4,4,0,1,7345,server_token_ids,1785511567118710449,437.399586,69.663486,7,""" latest"""
phase2-full-grid-rerun-20260731-l4-l4-tp1-f2040-i32-o32-r10-rep2-seg1-attempt2,phase2-full-grid-rerun-20260731-l4-l4-tp1-f2040-i32-o32-r10-rep2-seg1-attempt2-00047-7b54d7307d4b,5,5,0,1,4231,server_token_ids,1785511567178987103,497.67624,60.276654,5,""" news"""
phase2-full-grid-rerun-20260731-l4-l4-tp1-f2040-i32-o32-r10-rep2-seg1-attempt2,phase2-full-grid-rerun-20260731-l4-l4-tp1-f2040-i32-o32-r10-rep2-seg1-attempt2-00047-7b54d7307d4b,6,6,0,1,477,server_token_ids,1785511567248301666,566.990803,69.314563,5,""" from"""
phase2-full-grid-rerun-20260731-l4-l4-tp1-f2040-i32-o32-r10-rep2-seg1-attempt2,phase2-full-grid-rerun-20260731-l4-l4-tp1-f2040-i32-o32-r10-rep2-seg1-attempt2-00047-7b54d7307d4b,7,7,0,1,272,server_token_ids,1785511567310549763,629.2389,62.248097,4,""" the"""
phase2-full-grid-rerun-20260731-l4-l4-tp1-f2040-i32-o32-r10-rep2-seg1-attempt2,phase2-full-grid-rerun-20260731-l4-l4-tp1-f2040-i32-o32-r10-rep2-seg1-attempt2-00047-7b54d7307d4b,8,8,0,1,1526,server_token_ids,1785511567379022348,697.711485,68.472585,6,""" world"""
phase2-full-grid-rerun-20260731-l4-l4-tp1-f2040-i32-o32-r10-rep2-seg1-attempt2,phase2-full-grid-rerun-20260731-l4-l4-tp1-f2040-i32-o32-r10-rep2-seg1-attempt2-00047-7b54d7307d4b,9,9,0,1,302,server_token_ids,1785511567445929241,764.618378,66.906893,3,""" of"""
phase2-full-grid-rerun-20260731-l4-l4-tp1-f2040-i32-o32-r10-rep2-seg1-attempt2,phase2-full-grid-rerun-20260731-l4-l4-tp1-f2040-i32-o32-r10-rep2-seg1-attempt2-00047-7b54d7307d4b,10,10,0,1,6569,server_token_ids,1785511567509181625,827.870762,63.252384,9,""" football"""
phase2-full-grid-rerun-20260731-l4-l4-tp1-f2040-i32-o32-r10-rep2-seg1-attempt2,phase2-full-grid-rerun-20260731-l4-l4-tp1-f2040-i32-o32-r10-rep2-seg1-attempt2-00047-7b54d7307d4b,11,11,0,1,356,server_token_ids,1785511567577095709,895.784846,67.914084,3,""" on"""
phase2-full-grid-rerun-20260731-l4-l4-tp1-f2040-i32-o32-r10-rep2-seg1-attempt2,phase2-full-grid-rerun-20260731-l4-l4-tp1-f2040-i32-o32-r10-rep2-seg1-attempt2-00047-7b54d7307d4b,12,12,0,1,272,server_token_ids,1785511567646003458,964.692595,68.907749,4,""" the"""
phase2-full-grid-rerun-20260731-l4-l4-tp1-f2040-i32-o32-r10-rep2-seg1-attempt2,phase2-full-grid-rerun-20260731-l4-l4-tp1-f2040-i32-o32-r10-rep2-seg1-attempt2-00047-7b54d7307d4b,13,13,0,1,1370,server_token_ids,1785511567716448160,1035.137297,70.444702,4,""" day"""
phase2-full-grid-rerun-20260731-l4-l4-tp1-f2040-i32-o32-r10-rep2-seg1-attempt2,phase2-full-grid-rerun-20260731-l4-l4-tp1-f2040-i32-o32-r10-rep2-seg1-attempt2-00047-7b54d7307d4b,14,14,0,1,369,server_token_ids,1785511567776187728,1094.876865,59.739568,5,""" that"""
phase2-full-grid-rerun-20260731-l4-l4-tp1-f2040-i32-o32-r10-rep2-seg1-attempt2,phase2-full-grid-rerun-20260731-l4-l4-tp1-f2040-i32-o32-r10-rep2-seg1-attempt2-00047-7b54d7307d4b,15,15,0,1,272,server_token_ids,1785511567844662383,1163.35152,68.474655,4,""" the"""
phase2-full-grid-rerun-20260731-l4-l4-tp1-f2040-i32-o32-r10-rep2-seg1-attempt2,phase2-full-grid-rerun-20260731-l4-l4-tp1-f2040-i32-o32-r10-rep2-seg1-attempt2-00047-7b54d7307d4b,16,16,0,1,16103,server_token_ids,1785511567915167856,1233.856993,70.505473,8,""" Premier"""
phase2-full-grid-rerun-20260731-l4-l4-tp1-f2040-i32-o32-r10-rep2-seg1-attempt2,phase2-full-grid-rerun-20260731-l4-l4-tp1-f2040-i32-o32-r10-rep2-seg1-attempt2-00047-7b54d7307d4b,17,17,0,1,6165,server_token_ids,1785511567975087981,1293.777118,59.920125,7,""" League"""
phase2-full-grid-rerun-20260731-l4-l4-tp1-f2040-i32-o32-r10-rep2-seg1-attempt2,phase2-full-grid-rerun-20260731-l4-l4-tp1-f2040-i32-o32-r10-rep2-seg1-attempt2-00047-7b54d7307d4b,18,18,0,1,3302,server_token_ids,1785511568043821714,1362.510851,68.733733,7,""" season"""
phase2-full-grid-rerun-20260731-l4-l4-tp1-f2040-i32-o32-r10-rep2-seg1-attempt2,phase2-full-grid-rerun-20260731-l4-l4-tp1-f2040-i32-o32-r10-rep2-seg1-attempt2-00047-7b54d7307d4b,19,19,0,1,605,server_token_ids,1785511568105294888,1423.984025,61.473174,4,""" res"""
phase2-full-grid-rerun-20260731-l4-l4-tp1-f2040-i32-o32-r10-rep2-seg1-attempt2,phase2-full-grid-rerun-20260731-l4-l4-tp1-f2040-i32-o32-r10-rep2-seg1-attempt2-00047-7b54d7307d4b,20,20,0,1,9743,server_token_ids,1785511568174152946,1492.842083,68.858058,4,"""umes"""
phase2-full-grid-rerun-20260731-l4-l4-tp1-f2040-i32-o32-r10-rep2-seg1-attempt2,phase2-full-grid-rerun-20260731-l4-l4-tp1-f2040-i32-o32-r10-rep2-seg1-attempt2-00047-7b54d7307d4b,21,21,0,1,28723,server_token_ids,1785511568250940485,1569.629622,76.787539,1,"""."""
phase2-full-grid-rerun-20260731-l4-l4-tp1-f2040-i32-o32-r10-rep2-seg1-attempt2,phase2-full-grid-rerun-20260731-l4-l4-tp1-f2040-i32-o32-r10-rep2-seg1-attempt2-00047-7b54d7307d4b,22,22,0,1,13,server_token_ids,1785511568315062802,1633.751939,64.122317,1,"""\n"""
phase2-full-grid-rerun-20260731-l4-l4-tp1-f2040-i32-o32-r10-rep2-seg1-attempt2,phase2-full-grid-rerun-20260731-l4-l4-tp1-f2040-i32-o32-r10-rep2-seg1-attempt2-00047-7b54d7307d4b,23,23,0,1,13,server_token_ids,1785511568373051045,1691.740182,57.988243,1,"""\n"""
phase2-full-grid-rerun-20260731-l4-l4-tp1-f2040-i32-o32-r10-rep2-seg1-attempt2,phase2-full-grid-rerun-20260731-l4-l4-tp1-f2040-i32-o32-r10-rep2-seg1-attempt2-00047-7b54d7307d4b,24,24,0,1,27332,server_token_ids,1785511568451976067,1770.665204,78.925022,3,"""###"""
phase2-full-grid-rerun-20260731-l4-l4-tp1-f2040-i32-o32-r10-rep2-seg1-attempt2,phase2-full-grid-rerun-20260731-l4-l4-tp1-f2040-i32-o32-r10-rep2-seg1-attempt2-00047-7b54d7307d4b,25,25,0,1,16103,server_token_ids,1785511568511101695,1829.790832,59.125628,8,""" Premier"""
phase2-full-grid-rerun-20260731-l4-l4-tp1-f2040-i32-o32-r10-rep2-seg1-attempt2,phase2-full-grid-rerun-20260731-l4-l4-tp1-f2040-i32-o32-r10-rep2-seg1-attempt2-00047-7b54d7307d4b,26,26,0,1,6165,server_token_ids,1785511568570824093,1889.51323,59.722398,7,""" League"""
phase2-full-grid-rerun-20260731-l4-l4-tp1-f2040-i32-o32-r10-rep2-seg1-attempt2,phase2-full-grid-rerun-20260731-l4-l4-tp1-f2040-i32-o32-r10-rep2-seg1-attempt2-00047-7b54d7307d4b,27,27,0,1,5723,server_token_ids,1785511568646714762,1965.403899,75.890669,8,""" returns"""
phase2-full-grid-rerun-20260731-l4-l4-tp1-f2040-i32-o32-r10-rep2-seg1-attempt2,phase2-full-grid-rerun-20260731-l4-l4-tp1-f2040-i32-o32-r10-rep2-seg1-attempt2-00047-7b54d7307d4b,28,28,0,1,13,server_token_ids,1785511568702124966,2020.814103,55.410204,1,"""\n"""
phase2-full-grid-rerun-20260731-l4-l4-tp1-f2040-i32-o32-r10-rep2-seg1-attempt2,phase2-full-grid-rerun-20260731-l4-l4-tp1-f2040-i32-o32-r10-rep2-seg1-attempt2-00047-7b54d7307d4b,29,29,0,1,13,server_token_ids,1785511568770328814,2089.017951,68.203848,1,"""\n"""
phase2-full-grid-rerun-20260731-l4-l4-tp1-f2040-i32-o32-r10-rep2-seg1-attempt2,phase2-full-grid-rerun-20260731-l4-l4-tp1-f2040-i32-o32-r10-rep2-seg1-attempt2-00047-7b54d7307d4b,30,30,0,1,1014,server_token_ids,1785511568845975536,2164.664673,75.646722,3,"""The"""
phase2-full-grid-rerun-20260731-l4-l4-tp1-f2040-i32-o32-r10-rep2-seg1-attempt2,phase2-full-grid-rerun-20260731-l4-l4-tp1-f2040-i32-o32-r10-rep2-seg1-attempt2-00047-7b54d7307d4b,31,31,0,1,16103,server_token_ids,1785511568900621626,2219.310763,54.64609,8,""" Premier"""
phase2-full-grid-rerun-20260731-l4-l4-tp1-f2040-i32-o32-r10-rep2-seg1-attempt2,phase2-full-grid-rerun-20260731-l4-l4-tp1-f2040-i32-o32-r10-rep2-seg1-attempt2-00048-1f2ad3460342,0,0,0,1,846,server_token_ids,1785511566975891583,192.531191,,2,"""ys"""
phase2-full-grid-rerun-20260731-l4-l4-tp1-f2040-i32-o32-r10-rep2-seg1-attempt2,phase2-full-grid-rerun-20260731-l4-l4-tp1-f2040-i32-o32-r10-rep2-seg1-attempt2-00048-1f2ad3460342,1,1,0,1,28723,server_token_ids,1785511567047160869,263.800477,71.269286,1,"""."""
phase2-full-grid-rerun-20260731-l4-l4-tp1-f2040-i32-o32-r10-rep2-seg1-attempt2,phase2-full-grid-rerun-20260731-l4-l4-tp1-f2040-i32-o32-r10-rep2-seg1-attempt2-00048-1f2ad3460342,2,2,0,1,13,server_token_ids,1785511567109302164,325.941772,62.141295,1,"""\n"""
phase2-full-grid-rerun-20260731-l4-l4-tp1-f2040-i32-o32-r10-rep2-seg1-attempt2,phase2-full-grid-rerun-20260731-l4-l4-tp1-f2040-i32-o32-r10-rep2-seg1-attempt2-00048-1f2ad3460342,3,3,0,1,13,server_token_ids,1785511567175189445,391.829053,65.887281,1,"""\n"""
phase2-full-grid-rerun-20260731-l4-l4-tp1-f2040-i32-o32-r10-rep2-seg1-attempt2,phase2-full-grid-rerun-20260731-l4-l4-tp1-f2040-i32-o32-r10-rep2-seg1-attempt2-00048-1f2ad3460342,4,4,0,1,28771,server_token_ids,1785511567243627116,460.266724,68.437671,1,"""#"""
phase2-full-grid-rerun-20260731-l4-l4-tp1-f2040-i32-o32-r10-rep2-seg1-attempt2,phase2-full-grid-rerun-20260731-l4-l4-tp1-f2040-i32-o32-r10-rep2-seg1-attempt2-00048-1f2ad3460342,5,5,0,1,415,server_token_ids,1785511567308774742,525.41435,65.147626,4,""" The"""
phase2-full-grid-rerun-20260731-l4-l4-tp1-f2040-i32-o32-r10-rep2-seg1-attempt2,phase2-full-grid-rerun-20260731-l4-l4-tp1-f2040-i32-o32-r10-rep2-seg1-attempt2-00048-1f2ad3460342,6,6,0,1,28705,server_token_ids,1785511567377540392,594.18,68.76565,1,""" """
phase2-full-grid-rerun-20260731-l4-l4-tp1-f2040-i32-o32-r10-rep2-seg1-attempt2,phase2-full-grid-rerun-20260731-l4-l4-tp1-f2040-i32-o32-r10-rep2-seg1-attempt2-00048-1f2ad3460342,7,7,0,1,28740,server_token_ids,1785511567442359060,658.998668,64.818668,1,"""1"""
phase2-full-grid-rerun-20260731-l4-l4-tp1-f2040-i32-o32-r10-rep2-seg1-attempt2,phase2-full-grid-rerun-20260731-l4-l4-tp1-f2040-i32-o32-r10-rep2-seg1-attempt2-00048-1f2ad3460342,8,8,0,1,28734,server_token_ids,1785511567507449864,724.089472,65.090804,1,"""0"""
phase2-full-grid-rerun-20260731-l4-l4-tp1-f2040-i32-o32-r10-rep2-seg1-attempt2,phase2-full-grid-rerun-20260731-l4-l4-tp1-f2040-i32-o32-r10-rep2-seg1-attempt2-00048-1f2ad3460342,9,9,0,1,5470,server_token_ids,1785511567572907667,789.547275,65.457803,5,""" Best"""
phase2-full-grid-rerun-20260731-l4-l4-tp1-f2040-i32-o32-r10-rep2-seg1-attempt2,phase2-full-grid-rerun-20260731-l4-l4-tp1-f2040-i32-o32-r10-rep2-seg1-attempt2-00048-1f2ad3460342,10,10,0,1,1641,server_token_ids,1785511567641144403,857.784011,68.236736,3,""" Pl"""
phase2-full-grid-rerun-20260731-l4-l4-tp1-f2040-i32-o32-r10-rep2-seg1-attempt2,phase2-full-grid-rerun-20260731-l4-l4-tp1-f2040-i32-o32-r10-rep2-seg1-attempt2-00048-1f2ad3460342,11,11,0,1,2089,server_token_ids,1785511567706197210,922.836818,65.052807,4,"""aces"""
phase2-full-grid-rerun-20260731-l4-l4-tp1-f2040-i32-o32-r10-rep2-seg1-attempt2,phase2-full-grid-rerun-20260731-l4-l4-tp1-f2040-i32-o32-r10-rep2-seg1-attempt2-00048-1f2ad3460342,12,12,0,1,298,server_token_ids,1785511567771442003,988.081611,65.244793,3,""" to"""
phase2-full-grid-rerun-20260731-l4-l4-tp1-f2040-i32-o32-r10-rep2-seg1-attempt2,phase2-full-grid-rerun-20260731-l4-l4-tp1-f2040-i32-o32-r10-rep2-seg1-attempt2-00048-1f2ad3460342,13,13,0,1,16660,server_token_ids,1785511567839440817,1056.080425,67.998814,6,""" Visit"""
phase2-full-grid-rerun-20260731-l4-l4-tp1-f2040-i32-o32-r10-rep2-seg1-attempt2,phase2-full-grid-rerun-20260731-l4-l4-tp1-f2040-i32-o32-r10-rep2-seg1-attempt2-00048-1f2ad3460342,14,14,0,1,297,server_token_ids,1785511567904346628,1120.986236,64.905811,3,""" in"""
phase2-full-grid-rerun-20260731-l4-l4-tp1-f2040-i32-o32-r10-rep2-seg1-attempt2,phase2-full-grid-rerun-20260731-l4-l4-tp1-f2040-i32-o32-r10-rep2-seg1-attempt2-00048-1f2ad3460342,15,15,0,1,272,server_token_ids,1785511567973607319,1190.246927,69.260691,4,""" the"""
phase2-full-grid-rerun-20260731-l4-l4-tp1-f2040-i32-o32-r10-rep2-seg1-attempt2,phase2-full-grid-rerun-20260731-l4-l4-tp1-f2040-i32-o32-r10-rep2-seg1-attempt2-00048-1f2ad3460342,16,16,0,1,21937,server_token_ids,1785511568038756398,1255.396006,65.149079,12,""" Philippines"""
phase2-full-grid-rerun-20260731-l4-l4-tp1-f2040-i32-o32-r10-rep2-seg1-attempt2,phase2-full-grid-rerun-20260731-l4-l4-tp1-f2040-i32-o32-r10-rep2-seg1-attempt2-00048-1f2ad3460342,17,17,0,1,13,server_token_ids,1785511568103596041,1320.235649,64.839643,1,"""\n"""
phase2-full-grid-rerun-20260731-l4-l4-tp1-f2040-i32-o32-r10-rep2-seg1-attempt2,phase2-full-grid-rerun-20260731-l4-l4-tp1-f2040-i32-o32-r10-rep2-seg1-attempt2-00048-1f2ad3460342,18,18,0,1,13,server_token_ids,1785511568169753345,1386.392953,66.157304,1,"""\n"""
phase2-full-grid-rerun-20260731-l4-l4-tp1-f2040-i32-o32-r10-rep2-seg1-attempt2,phase2-full-grid-rerun-20260731-l4-l4-tp1-f2040-i32-o32-r10-rep2-seg1-attempt2-00048-1f2ad3460342,19,19,0,1,1014,server_token_ids,1785511568238068197,1454.707805,68.314852,3,"""The"""
phase2-full-grid-rerun-20260731-l4-l4-tp1-f2040-i32-o32-r10-rep2-seg1-attempt2,phase2-full-grid-rerun-20260731-l4-l4-tp1-f2040-i32-o32-r10-rep2-seg1-attempt2-00048-1f2ad3460342,20,20,0,1,21937,server_token_ids,1785511568304493343,1521.132951,66.425146,12,""" Philippines"""
phase2-full-grid-rerun-20260731-l4-l4-tp1-f2040-i32-o32-r10-rep2-seg1-attempt2,phase2-full-grid-rerun-20260731-l4-l4-tp1-f2040-i32-o32-r10-rep2-seg1-attempt2-00048-1f2ad3460342,21,21,0,1,349,server_token_ids,1785511568368438151,1585.077759,63.944808,3,""" is"""
phase2-full-grid-rerun-20260731-l4-l4-tp1-f2040-i32-o32-r10-rep2-seg1-attempt2,phase2-full-grid-rerun-20260731-l4-l4-tp1-f2040-i32-o32-r10-rep2-seg1-attempt2-00048-1f2ad3460342,22,22,0,1,264,server_token_ids,1785511568444243979,1660.883587,75.805828,2,""" a"""
phase2-full-grid-rerun-20260731-l4-l4-tp1-f2040-i32-o32-r10-rep2-seg1-attempt2,phase2-full-grid-rerun-20260731-l4-l4-tp1-f2040-i32-o32-r10-rep2-seg1-attempt2-00048-1f2ad3460342,23,23,0,1,2939,server_token_ids,1785511568509664827,1726.304435,65.420848,8,""" country"""
phase2-full-grid-rerun-20260731-l4-l4-tp1-f2040-i32-o32-r10-rep2-seg1-attempt2,phase2-full-grid-rerun-20260731-l4-l4-tp1-f2040-i32-o32-r10-rep2-seg1-attempt2-00048-1f2ad3460342,24,24,0,1,302,server_token_ids,1785511568569283516,1785.923124,59.618689,3,""" of"""
phase2-full-grid-rerun-20260731-l4-l4-tp1-f2040-i32-o32-r10-rep2-seg1-attempt2,phase2-full-grid-rerun-20260731-l4-l4-tp1-f2040-i32-o32-r10-rep2-seg1-attempt2-00048-1f2ad3460342,25,25,0,1,28705,server_token_ids,1785511568635762084,1852.401692,66.478568,1,""" """
phase2-full-grid-rerun-20260731-l4-l4-tp1-f2040-i32-o32-r10-rep2-seg1-attempt2,phase2-full-grid-rerun-20260731-l4-l4-tp1-f2040-i32-o32-r10-rep2-seg1-attempt2-00048-1f2ad3460342,26,26,0,1,28787,server_token_ids,1785511568700318482,1916.95809,64.556398,1,"""7"""
phase2-full-grid-rerun-20260731-l4-l4-tp1-f2040-i32-o32-r10-rep2-seg1-attempt2,phase2-full-grid-rerun-20260731-l4-l4-tp1-f2040-i32-o32-r10-rep2-seg1-attempt2-00048-1f2ad3460342,27,27,0,1,28725,server_token_ids,1785511568768853945,1985.493553,68.535463,1,""","""
phase2-full-grid-rerun-20260731-l4-l4-tp1-f2040-i32-o32-r10-rep2-seg1-attempt2,phase2-full-grid-rerun-20260731-l4-l4-tp1-f2040-i32-o32-r10-rep2-seg1-attempt2-00048-1f2ad3460342,28,28,0,1,28740,server_token_ids,1785511568834680668,2051.320276,65.826723,1,"""1"""
phase2-full-grid-rerun-20260731-l4-l4-tp1-f2040-i32-o32-r10-rep2-seg1-attempt2,phase2-full-grid-rerun-20260731-l4-l4-tp1-f2040-i32-o32-r10-rep2-seg1-attempt2-00048-1f2ad3460342,29,29,0,1,28734,server_token_ids,1785511568899024656,2115.664264,64.343988,1,"""0"""
phase2-full-grid-rerun-20260731-l4-l4-tp1-f2040-i32-o32-r10-rep2-seg1-attempt2,phase2-full-grid-rerun-20260731-l4-l4-tp1-f2040-i32-o32-r10-rep2-seg1-attempt2-00048-1f2ad3460342,30,30,0,1,28787,server_token_ids,1785511568965020583,2181.660191,65.995927,1,"""7"""
phase2-full-grid-rerun-20260731-l4-l4-tp1-f2040-i32-o32-r10-rep2-seg1-attempt2,phase2-full-grid-rerun-20260731-l4-l4-tp1-f2040-i32-o32-r10-rep2-seg1-attempt2-00048-1f2ad3460342,31,31,0,1,21029,server_token_ids,1785511569033674798,2250.314406,68.654215,8,""" islands"""
phase2-full-grid-rerun-20260731-l4-l4-tp1-f2040-i32-o32-r10-rep2-seg1-attempt2,phase2-full-grid-rerun-20260731-l4-l4-tp1-f2040-i32-o32-r10-rep2-seg1-attempt2-00049-cc6f11fa07fa,0,0,0,1,28735,server_token_ids,1785511567044035267,162.190519,,1,"""S"""
phase2-full-grid-rerun-20260731-l4-l4-tp1-f2040-i32-o32-r10-rep2-seg1-attempt2,phase2-full-grid-rerun-20260731-l4-l4-tp1-f2040-i32-o32-r10-rep2-seg1-attempt2-00049-cc6f11fa07fa,1,1,0,1,13,server_token_ids,1785511567109221648,227.3769,65.186381,1,"""\n"""
phase2-full-grid-rerun-20260731-l4-l4-tp1-f2040-i32-o32-r10-rep2-seg1-attempt2,phase2-full-grid-rerun-20260731-l4-l4-tp1-f2040-i32-o32-r10-rep2-seg1-attempt2-00049-cc6f11fa07fa,2,2,0,1,13,server_token_ids,1785511567175107858,293.26311,65.88621,1,"""\n"""
phase2-full-grid-rerun-20260731-l4-l4-tp1-f2040-i32-o32-r10-rep2-seg1-attempt2,phase2-full-grid-rerun-20260731-l4-l4-tp1-f2040-i32-o32-r10-rep2-seg1-attempt2-00049-cc6f11fa07fa,3,3,0,1,28771,server_token_ids,1785511567243546622,361.701874,68.438764,1,"""#"""
phase2-full-grid-rerun-20260731-l4-l4-tp1-f2040-i32-o32-r10-rep2-seg1-attempt2,phase2-full-grid-rerun-20260731-l4-l4-tp1-f2040-i32-o32-r10-rep2-seg1-attempt2-00049-cc6f11fa07fa,4,4,0,1,28705,server_token_ids,1785511567308697413,426.852665,65.150791,1,""" """
phase2-full-grid-rerun-20260731-l4-l4-tp1-f2040-i32-o32-r10-rep2-seg1-attempt2,phase2-full-grid-rerun-20260731-l4-l4-tp1-f2040-i32-o32-r10-rep2-seg1-attempt2-00049-cc6f11fa07fa,5,5,0,1,28740,server_token_ids,1785511567377444823,495.600075,68.74741,1,"""1"""
phase2-full-grid-rerun-20260731-l4-l4-tp1-f2040-i32-o32-r10-rep2-seg1-attempt2,phase2-full-grid-rerun-20260731-l4-l4-tp1-f2040-i32-o32-r10-rep2-seg1-attempt2-00049-cc6f11fa07fa,6,6,0,1,28734,server_token_ids,1785511567442283173,560.438425,64.83835,1,"""0"""
phase2-full-grid-rerun-20260731-l4-l4-tp1-f2040-i32-o32-r10-rep2-seg1-attempt2,phase2-full-grid-rerun-20260731-l4-l4-tp1-f2040-i32-o32-r10-rep2-seg1-attempt2-00049-cc6f11fa07fa,7,7,0,1,28734,server_token_ids,1785511567507372537,625.527789,65.089364,1,"""0"""
phase2-full-grid-rerun-20260731-l4-l4-tp1-f2040-i32-o32-r10-rep2-seg1-attempt2,phase2-full-grid-rerun-20260731-l4-l4-tp1-f2040-i32-o32-r10-rep2-seg1-attempt2-00049-cc6f11fa07fa,8,8,0,1,28823,server_token_ids,1785511567572832228,690.98748,65.459691,1,"""%"""
phase2-full-grid-rerun-20260731-l4-l4-tp1-f2040-i32-o32-r10-rep2-seg1-attempt2,phase2-full-grid-rerun-20260731-l4-l4-tp1-f2040-i32-o32-r10-rep2-seg1-attempt2-00049-cc6f11fa07fa,9,9,0,1,5228,server_token_ids,1785511567641068559,759.223811,68.236331,5,""" Free"""
phase2-full-grid-rerun-20260731-l4-l4-tp1-f2040-i32-o32-r10-rep2-seg1-attempt2,phase2-full-grid-rerun-20260731-l4-l4-tp1-f2040-i32-o32-r10-rep2-seg1-attempt2-00049-cc6f11fa07fa,10,10,0,1,10634,server_token_ids,1785511567706114798,824.27005,65.046239,7,""" Online"""
phase2-full-grid-rerun-20260731-l4-l4-tp1-f2040-i32-o32-r10-rep2-seg1-attempt2,phase2-full-grid-rerun-20260731-l4-l4-tp1-f2040-i32-o32-r10-rep2-seg1-attempt2-00049-cc6f11fa07fa,11,11,0,1,384,server_token_ids,1785511567771362834,889.518086,65.248036,2,""" D"""
phase2-full-grid-rerun-20260731-l4-l4-tp1-f2040-i32-o32-r10-rep2-seg1-attempt2,phase2-full-grid-rerun-20260731-l4-l4-tp1-f2040-i32-o32-r10-rep2-seg1-attempt2-00049-cc6f11fa07fa,12,12,0,1,1077,server_token_ids,1785511567839356175,957.511427,67.993341,5,"""ating"""
phase2-full-grid-rerun-20260731-l4-l4-tp1-f2040-i32-o32-r10-rep2-seg1-attempt2,phase2-full-grid-rerun-20260731-l4-l4-tp1-f2040-i32-o32-r10-rep2-seg1-attempt2-00049-cc6f11fa07fa,13,13,0,1,297,server_token_ids,1785511567904261649,1022.416901,64.905474,3,""" in"""
phase2-full-grid-rerun-20260731-l4-l4-tp1-f2040-i32-o32-r10-rep2-seg1-attempt2,phase2-full-grid-rerun-20260731-l4-l4-tp1-f2040-i32-o32-r10-rep2-seg1-attempt2-00049-cc6f11fa07fa,14,14,0,1,11828,server_token_ids,1785511567970113309,1088.268561,65.85166,5,""" Ball"""
phase2-full-grid-rerun-20260731-l4-l4-tp1-f2040-i32-o32-r10-rep2-seg1-attempt2,phase2-full-grid-rerun-20260731-l4-l4-tp1-f2040-i32-o32-r10-rep2-seg1-attempt2-00049-cc6f11fa07fa,15,15,0,1,28725,server_token_ids,1785511568038589603,1156.744855,68.476294,1,""","""
phase2-full-grid-rerun-20260731-l4-l4-tp1-f2040-i32-o32-r10-rep2-seg1-attempt2,phase2-full-grid-rerun-20260731-l4-l4-tp1-f2040-i32-o32-r10-rep2-seg1-attempt2-00049-cc6f11fa07fa,16,16,0,1,9730,server_token_ids,1785511568103415117,1221.570369,64.825514,3,""" SC"""
phase2-full-grid-rerun-20260731-l4-l4-tp1-f2040-i32-o32-r10-rep2-seg1-attempt2,phase2-full-grid-rerun-20260731-l4-l4-tp1-f2040-i32-o32-r10-rep2-seg1-attempt2-00049-cc6f11fa07fa,17,17,0,1,13,server_token_ids,1785511568169591709,1287.746961,66.176592,1,"""\n"""
phase2-full-grid-rerun-20260731-l4-l4-tp1-f2040-i32-o32-r10-rep2-seg1-attempt2,phase2-full-grid-rerun-20260731-l4-l4-tp1-f2040-i32-o32-r10-rep2-seg1-attempt2-00049-cc6f11fa07fa,18,18,0,1,13,server_token_ids,1785511568237890049,1356.045301,68.29834,1,"""\n"""
phase2-full-grid-rerun-20260731-l4-l4-tp1-f2040-i32-o32-r10-rep2-seg1-attempt2,phase2-full-grid-rerun-20260731-l4-l4-tp1-f2040-i32-o32-r10-rep2-seg1-attempt2-00049-cc6f11fa07fa,19,19,0,1,28740,server_token_ids,1785511568304398132,1422.553384,66.508083,1,"""1"""
phase2-full-grid-rerun-20260731-l4-l4-tp1-f2040-i32-o32-r10-rep2-seg1-attempt2,phase2-full-grid-rerun-20260731-l4-l4-tp1-f2040-i32-o32-r10-rep2-seg1-attempt2-00049-cc6f11fa07fa,20,20,0,1,13,server_token_ids,1785511568368353240,1486.508492,63.955108,1,"""\n"""
phase2-full-grid-rerun-20260731-l4-l4-tp1-f2040-i32-o32-r10-rep2-seg1-attempt2,phase2-full-grid-rerun-20260731-l4-l4-tp1-f2040-i32-o32-r10-rep2-seg1-attempt2-00049-cc6f11fa07fa,21,21,0,1,28750,server_token_ids,1785511568441032418,1559.18767,72.679178,1,"""2"""
phase2-full-grid-rerun-20260731-l4-l4-tp1-f2040-i32-o32-r10-rep2-seg1-attempt2,phase2-full-grid-rerun-20260731-l4-l4-tp1-f2040-i32-o32-r10-rep2-seg1-attempt2-00049-cc6f11fa07fa,22,22,0,1,13,server_token_ids,1785511568509484398,1627.63965,68.45198,1,"""\n"""
phase2-full-grid-rerun-20260731-l4-l4-tp1-f2040-i32-o32-r10-rep2-seg1-attempt2,phase2-full-grid-rerun-20260731-l4-l4-tp1-f2040-i32-o32-r10-rep2-seg1-attempt2-00049-cc6f11fa07fa,23,23,0,1,28781,server_token_ids,1785511568569109591,1687.264843,59.625193,1,"""4"""
phase2-full-grid-rerun-20260731-l4-l4-tp1-f2040-i32-o32-r10-rep2-seg1-attempt2,phase2-full-grid-rerun-20260731-l4-l4-tp1-f2040-i32-o32-r10-rep2-seg1-attempt2-00049-cc6f11fa07fa,24,24,0,1,13,server_token_ids,1785511568635579643,1753.734895,66.470052,1,"""\n"""
phase2-full-grid-rerun-20260731-l4-l4-tp1-f2040-i32-o32-r10-rep2-seg1-attempt2,phase2-full-grid-rerun-20260731-l4-l4-tp1-f2040-i32-o32-r10-rep2-seg1-attempt2-00049-cc6f11fa07fa,25,25,0,1,28782,server_token_ids,1785511568700143037,1818.298289,64.563394,1,"""5"""
phase2-full-grid-rerun-20260731-l4-l4-tp1-f2040-i32-o32-r10-rep2-seg1-attempt2,phase2-full-grid-rerun-20260731-l4-l4-tp1-f2040-i32-o32-r10-rep2-seg1-attempt2-00049-cc6f11fa07fa,26,26,0,1,13,server_token_ids,1785511568768688590,1886.843842,68.545553,1,"""\n"""
phase2-full-grid-rerun-20260731-l4-l4-tp1-f2040-i32-o32-r10-rep2-seg1-attempt2,phase2-full-grid-rerun-20260731-l4-l4-tp1-f2040-i32-o32-r10-rep2-seg1-attempt2-00049-cc6f11fa07fa,27,27,0,1,28740,server_token_ids,1785511568834516570,1952.671822,65.82798,1,"""1"""
phase2-full-grid-rerun-20260731-l4-l4-tp1-f2040-i32-o32-r10-rep2-seg1-attempt2,phase2-full-grid-rerun-20260731-l4-l4-tp1-f2040-i32-o32-r10-rep2-seg1-attempt2-00049-cc6f11fa07fa,28,28,0,1,342,server_token_ids,1785511568898858895,2017.014147,64.342325,2,""" |"""
phase2-full-grid-rerun-20260731-l4-l4-tp1-f2040-i32-o32-r10-rep2-seg1-attempt2,phase2-full-grid-rerun-20260731-l4-l4-tp1-f2040-i32-o32-r10-rep2-seg1-attempt2-00049-cc6f11fa07fa,29,29,0,1,28705,server_token_ids,1785511568964851315,2083.006567,65.99242,1,""" """
phase2-full-grid-rerun-20260731-l4-l4-tp1-f2040-i32-o32-r10-rep2-seg1-attempt2,phase2-full-grid-rerun-20260731-l4-l4-tp1-f2040-i32-o32-r10-rep2-seg1-attempt2-00049-cc6f11fa07fa,30,30,0,1,28782,server_token_ids,1785511569033492764,2151.648016,68.641449,1,"""5"""
phase2-full-grid-rerun-20260731-l4-l4-tp1-f2040-i32-o32-r10-rep2-seg1-attempt2,phase2-full-grid-rerun-20260731-l4-l4-tp1-f2040-i32-o32-r10-rep2-seg1-attempt2-00049-cc6f11fa07fa,31,31,0,1,13,server_token_ids,1785511569098020209,2216.175461,64.527445,1,"""\n"""
phase2-full-grid-rerun-20260731-l4-l4-tp1-f2040-i32-o32-r10-rep2-seg1-attempt2,phase2-full-grid-rerun-20260731-l4-l4-tp1-f2040-i32-o32-r10-rep2-seg1-attempt2-00050-13bece354cdf,0,0,0,1,28724,server_token_ids,1785511567176522999,194.204505,,1,"""y"""
phase2-full-grid-rerun-20260731-l4-l4-tp1-f2040-i32-o32-r10-rep2-seg1-attempt2,phase2-full-grid-rerun-20260731-l4-l4-tp1-f2040-i32-o32-r10-rep2-seg1-attempt2-00050-13bece354cdf,1,1,0,1,13,server_token_ids,1785511567245242037,262.923543,68.719038,1,"""\n"""
phase2-full-grid-rerun-20260731-l4-l4-tp1-f2040-i32-o32-r10-rep2-seg1-attempt2,phase2-full-grid-rerun-20260731-l4-l4-tp1-f2040-i32-o32-r10-rep2-seg1-attempt2-00050-13bece354cdf,2,2,0,1,13,server_token_ids,1785511567310237360,327.918866,64.995323,1,"""\n"""
phase2-full-grid-rerun-20260731-l4-l4-tp1-f2040-i32-o32-r10-rep2-seg1-attempt2,phase2-full-grid-rerun-20260731-l4-l4-tp1-f2040-i32-o32-r10-rep2-seg1-attempt2-00050-13bece354cdf,3,3,0,1,28771,server_token_ids,1785511567378739612,396.421118,68.502252,1,"""#"""
phase2-full-grid-rerun-20260731-l4-l4-tp1-f2040-i32-o32-r10-rep2-seg1-attempt2,phase2-full-grid-rerun-20260731-l4-l4-tp1-f2040-i32-o32-r10-rep2-seg1-attempt2-00050-13bece354cdf,4,4,0,1,28705,server_token_ids,1785511567445606096,463.287602,66.866484,1,""" """
phase2-full-grid-rerun-20260731-l4-l4-tp1-f2040-i32-o32-r10-rep2-seg1-attempt2,phase2-full-grid-rerun-20260731-l4-l4-tp1-f2040-i32-o32-r10-rep2-seg1-attempt2-00050-13bece354cdf,5,5,0,1,28750,server_token_ids,1785511567508885366,526.566872,63.27927,1,"""2"""
phase2-full-grid-rerun-20260731-l4-l4-tp1-f2040-i32-o32-r10-rep2-seg1-attempt2,phase2-full-grid-rerun-20260731-l4-l4-tp1-f2040-i32-o32-r10-rep2-seg1-attempt2-00050-13bece354cdf,6,6,0,1,28734,server_token_ids,1785511567576804392,594.485898,67.919026,1,"""0"""
phase2-full-grid-rerun-20260731-l4-l4-tp1-f2040-i32-o32-r10-rep2-seg1-attempt2,phase2-full-grid-rerun-20260731-l4-l4-tp1-f2040-i32-o32-r10-rep2-seg1-attempt2-00050-13bece354cdf,7,7,0,1,28740,server_token_ids,1785511567645682585,663.364091,68.878193,1,"""1"""
phase2-full-grid-rerun-20260731-l4-l4-tp1-f2040-i32-o32-r10-rep2-seg1-attempt2,phase2-full-grid-rerun-20260731-l4-l4-tp1-f2040-i32-o32-r10-rep2-seg1-attempt2-00050-13bece354cdf,8,8,0,1,28783,server_token_ids,1785511567716211025,733.892531,70.52844,1,"""8"""
phase2-full-grid-rerun-20260731-l4-l4-tp1-f2040-i32-o32-r10-rep2-seg1-attempt2,phase2-full-grid-rerun-20260731-l4-l4-tp1-f2040-i32-o32-r10-rep2-seg1-attempt2-00050-13bece354cdf,9,9,0,1,28733,server_token_ids,1785511567775965338,793.646844,59.754313,1,"""-"""
phase2-full-grid-rerun-20260731-l4-l4-tp1-f2040-i32-o32-r10-rep2-seg1-attempt2,phase2-full-grid-rerun-20260731-l4-l4-tp1-f2040-i32-o32-r10-rep2-seg1-attempt2-00050-13bece354cdf,10,10,0,1,28750,server_token_ids,1785511567844280227,861.961733,68.314889,1,"""2"""
phase2-full-grid-rerun-20260731-l4-l4-tp1-f2040-i32-o32-r10-rep2-seg1-attempt2,phase2-full-grid-rerun-20260731-l4-l4-tp1-f2040-i32-o32-r10-rep2-seg1-attempt2-00050-13bece354cdf,11,11,0,1,28734,server_token_ids,1785511567915016438,932.697944,70.736211,1,"""0"""
phase2-full-grid-rerun-20260731-l4-l4-tp1-f2040-i32-o32-r10-rep2-seg1-attempt2,phase2-full-grid-rerun-20260731-l4-l4-tp1-f2040-i32-o32-r10-rep2-seg1-attempt2-00050-13bece354cdf,12,12,0,1,28740,server_token_ids,1785511567974856364,992.53787,59.839926,1,"""1"""
phase2-full-grid-rerun-20260731-l4-l4-tp1-f2040-i32-o32-r10-rep2-seg1-attempt2,phase2-full-grid-rerun-20260731-l4-l4-tp1-f2040-i32-o32-r10-rep2-seg1-attempt2-00050-13bece354cdf,13,13,0,1,28774,server_token_ids,1785511568040261502,1057.943008,65.405138,1,"""9"""
phase2-full-grid-rerun-20260731-l4-l4-tp1-f2040-i32-o32-r10-rep2-seg1-attempt2,phase2-full-grid-rerun-20260731-l4-l4-tp1-f2040-i32-o32-r10-rep2-seg1-attempt2-00050-13bece354cdf,14,14,0,1,13,server_token_ids,1785511568104979672,1122.661178,64.71817,1,"""\n"""
phase2-full-grid-rerun-20260731-l4-l4-tp1-f2040-i32-o32-r10-rep2-seg1-attempt2,phase2-full-grid-rerun-20260731-l4-l4-tp1-f2040-i32-o32-r10-rep2-seg1-attempt2-00050-13bece354cdf,15,15,0,1,13,server_token_ids,1785511568173866337,1191.547843,68.886665,1,"""\n"""
phase2-full-grid-rerun-20260731-l4-l4-tp1-f2040-i32-o32-r10-rep2-seg1-attempt2,phase2-full-grid-rerun-20260731-l4-l4-tp1-f2040-i32-o32-r10-rep2-seg1-attempt2-00050-13bece354cdf,16,16,0,1,1064,server_token_ids,1785511568250643513,1268.325019,76.777176,2,"""##"""
phase2-full-grid-rerun-20260731-l4-l4-tp1-f2040-i32-o32-r10-rep2-seg1-attempt2,phase2-full-grid-rerun-20260731-l4-l4-tp1-f2040-i32-o32-r10-rep2-seg1-attempt2-00050-13bece354cdf,17,17,0,1,28705,server_token_ids,1785511568314765657,1332.447163,64.122144,1,""" """
phase2-full-grid-rerun-20260731-l4-l4-tp1-f2040-i32-o32-r10-rep2-seg1-attempt2,phase2-full-grid-rerun-20260731-l4-l4-tp1-f2040-i32-o32-r10-rep2-seg1-attempt2-00050-13bece354cdf,18,18,0,1,28750,server_token_ids,1785511568372748501,1390.430007,57.982844,1,"""2"""
phase2-full-grid-rerun-20260731-l4-l4-tp1-f2040-i32-o32-r10-rep2-seg1-attempt2,phase2-full-grid-rerun-20260731-l4-l4-tp1-f2040-i32-o32-r10-rep2-seg1-attempt2-00050-13bece354cdf,19,19,0,1,28734,server_token_ids,1785511568451679941,1469.361447,78.93144,1,"""0"""
phase2-full-grid-rerun-20260731-l4-l4-tp1-f2040-i32-o32-r10-rep2-seg1-attempt2,phase2-full-grid-rerun-20260731-l4-l4-tp1-f2040-i32-o32-r10-rep2-seg1-attempt2-00050-13bece354cdf,20,20,0,1,28740,server_token_ids,1785511568510797386,1528.478892,59.117445,1,"""1"""
phase2-full-grid-rerun-20260731-l4-l4-tp1-f2040-i32-o32-r10-rep2-seg1-attempt2,phase2-full-grid-rerun-20260731-l4-l4-tp1-f2040-i32-o32-r10-rep2-seg1-attempt2-00050-13bece354cdf,21,21,0,1,28783,server_token_ids,1785511568570521131,1588.202637,59.723745,1,"""8"""
phase2-full-grid-rerun-20260731-l4-l4-tp1-f2040-i32-o32-r10-rep2-seg1-attempt2,phase2-full-grid-rerun-20260731-l4-l4-tp1-f2040-i32-o32-r10-rep2-seg1-attempt2-00050-13bece354cdf,22,22,0,1,28733,server_token_ids,1785511568640031170,1657.712676,69.510039,1,"""-"""
phase2-full-grid-rerun-20260731-l4-l4-tp1-f2040-i32-o32-r10-rep2-seg1-attempt2,phase2-full-grid-rerun-20260731-l4-l4-tp1-f2040-i32-o32-r10-rep2-seg1-attempt2-00050-13bece354cdf,23,23,0,1,28750,server_token_ids,1785511568701683716,1719.365222,61.652546,1,"""2"""
phase2-full-grid-rerun-20260731-l4-l4-tp1-f2040-i32-o32-r10-rep2-seg1-attempt2,phase2-full-grid-rerun-20260731-l4-l4-tp1-f2040-i32-o32-r10-rep2-seg1-attempt2-00050-13bece354cdf,24,24,0,1,28734,server_token_ids,1785511568770103052,1787.784558,68.419336,1,"""0"""
phase2-full-grid-rerun-20260731-l4-l4-tp1-f2040-i32-o32-r10-rep2-seg1-attempt2,phase2-full-grid-rerun-20260731-l4-l4-tp1-f2040-i32-o32-r10-rep2-seg1-attempt2-00050-13bece354cdf,25,25,0,1,28740,server_token_ids,1785511568838584987,1856.266493,68.481935,1,"""1"""
phase2-full-grid-rerun-20260731-l4-l4-tp1-f2040-i32-o32-r10-rep2-seg1-attempt2,phase2-full-grid-rerun-20260731-l4-l4-tp1-f2040-i32-o32-r10-rep2-seg1-attempt2-00050-13bece354cdf,26,26,0,1,28774,server_token_ids,1785511568900300140,1917.981646,61.715153,1,"""9"""
phase2-full-grid-rerun-20260731-l4-l4-tp1-f2040-i32-o32-r10-rep2-seg1-attempt2,phase2-full-grid-rerun-20260731-l4-l4-tp1-f2040-i32-o32-r10-rep2-seg1-attempt2-00050-13bece354cdf,27,27,0,1,13,server_token_ids,1785511568966192730,1983.874236,65.89259,1,"""\n"""
phase2-full-grid-rerun-20260731-l4-l4-tp1-f2040-i32-o32-r10-rep2-seg1-attempt2,phase2-full-grid-rerun-20260731-l4-l4-tp1-f2040-i32-o32-r10-rep2-seg1-attempt2-00050-13bece354cdf,28,28,0,1,13,server_token_ids,1785511569037170498,2054.852004,70.977768,1,"""\n"""
phase2-full-grid-rerun-20260731-l4-l4-tp1-f2040-i32-o32-r10-rep2-seg1-attempt2,phase2-full-grid-rerun-20260731-l4-l4-tp1-f2040-i32-o32-r10-rep2-seg1-attempt2-00050-13bece354cdf,29,29,0,1,27332,server_token_ids,1785511569105814293,2123.495799,68.643795,3,"""###"""
phase2-full-grid-rerun-20260731-l4-l4-tp1-f2040-i32-o32-r10-rep2-seg1-attempt2,phase2-full-grid-rerun-20260731-l4-l4-tp1-f2040-i32-o32-r10-rep2-seg1-attempt2-00050-13bece354cdf,30,30,0,1,28705,server_token_ids,1785511569165147316,2182.828822,59.333023,1,""" """
phase2-full-grid-rerun-20260731-l4-l4-tp1-f2040-i32-o32-r10-rep2-seg1-attempt2,phase2-full-grid-rerun-20260731-l4-l4-tp1-f2040-i32-o32-r10-rep2-seg1-attempt2-00050-13bece354cdf,31,31,0,1,28750,server_token_ids,1785511569236731801,2254.413307,71.584485,1,"""2"""
phase2-full-grid-rerun-20260731-l4-l4-tp1-f2040-i32-o32-r10-rep2-seg1-attempt2,phase2-full-grid-rerun-20260731-l4-l4-tp1-f2040-i32-o32-r10-rep2-seg1-attempt2-00051-fc8935c30633,0,0,0,1,385,server_token_ids,1785511567245333533,163.74367,,2,"""os"""
phase2-full-grid-rerun-20260731-l4-l4-tp1-f2040-i32-o32-r10-rep2-seg1-attempt2,phase2-full-grid-rerun-20260731-l4-l4-tp1-f2040-i32-o32-r10-rep2-seg1-attempt2-00051-fc8935c30633,1,1,0,1,28725,server_token_ids,1785511567310312270,228.722407,64.978737,1,""","""
phase2-full-grid-rerun-20260731-l4-l4-tp1-f2040-i32-o32-r10-rep2-seg1-attempt2,phase2-full-grid-rerun-20260731-l4-l4-tp1-f2040-i32-o32-r10-rep2-seg1-attempt2-00051-fc8935c30633,2,2,0,1,28705,server_token_ids,1785511567378807706,297.217843,68.495436,1,""" """
phase2-full-grid-rerun-20260731-l4-l4-tp1-f2040-i32-o32-r10-rep2-seg1-attempt2,phase2-full-grid-rerun-20260731-l4-l4-tp1-f2040-i32-o32-r10-rep2-seg1-attempt2-00051-fc8935c30633,3,3,0,1,28750,server_token_ids,1785511567445691126,364.101263,66.88342,1,"""2"""
phase2-full-grid-rerun-20260731-l4-l4-tp1-f2040-i32-o32-r10-rep2-seg1-attempt2,phase2-full-grid-rerun-20260731-l4-l4-tp1-f2040-i32-o32-r10-rep2-seg1-attempt2-00051-fc8935c30633,4,4,0,1,28734,server_token_ids,1785511567508958871,427.369008,63.267745,1,"""0"""
phase2-full-grid-rerun-20260731-l4-l4-tp1-f2040-i32-o32-r10-rep2-seg1-attempt2,phase2-full-grid-rerun-20260731-l4-l4-tp1-f2040-i32-o32-r10-rep2-seg1-attempt2-00051-fc8935c30633,5,5,0,1,28740,server_token_ids,1785511567576878428,495.288565,67.919557,1,"""1"""
phase2-full-grid-rerun-20260731-l4-l4-tp1-f2040-i32-o32-r10-rep2-seg1-attempt2,phase2-full-grid-rerun-20260731-l4-l4-tp1-f2040-i32-o32-r10-rep2-seg1-attempt2-00051-fc8935c30633,6,6,0,1,28770,server_token_ids,1785511567645771038,564.181175,68.89261,1,"""3"""
phase2-full-grid-rerun-20260731-l4-l4-tp1-f2040-i32-o32-r10-rep2-seg1-attempt2,phase2-full-grid-rerun-20260731-l4-l4-tp1-f2040-i32-o32-r10-rep2-seg1-attempt2-00051-fc8935c30633,7,7,0,1,28725,server_token_ids,1785511567716137447,634.547584,70.366409,1,""","""
phase2-full-grid-rerun-20260731-l4-l4-tp1-f2040-i32-o32-r10-rep2-seg1-attempt2,phase2-full-grid-rerun-20260731-l4-l4-tp1-f2040-i32-o32-r10-rep2-seg1-attempt2-00051-fc8935c30633,8,8,0,1,28705,server_token_ids,1785511567775889563,694.2997,59.752116,1,""" """
phase2-full-grid-rerun-20260731-l4-l4-tp1-f2040-i32-o32-r10-rep2-seg1-attempt2,phase2-full-grid-rerun-20260731-l4-l4-tp1-f2040-i32-o32-r10-rep2-seg1-attempt2-00051-fc8935c30633,9,9,0,1,28740,server_token_ids,1785511567844191249,762.601386,68.301686,1,"""1"""
phase2-full-grid-rerun-20260731-l4-l4-tp1-f2040-i32-o32-r10-rep2-seg1-attempt2,phase2-full-grid-rerun-20260731-l4-l4-tp1-f2040-i32-o32-r10-rep2-seg1-attempt2-00051-fc8935c30633,10,10,0,1,28734,server_token_ids,1785511567914941598,833.351735,70.750349,1,"""0"""
phase2-full-grid-rerun-20260731-l4-l4-tp1-f2040-i32-o32-r10-rep2-seg1-attempt2,phase2-full-grid-rerun-20260731-l4-l4-tp1-f2040-i32-o32-r10-rep2-seg1-attempt2-00051-fc8935c30633,11,11,0,1,28747,server_token_ids,1785511567974783935,893.194072,59.842337,1,""":"""
phase2-full-grid-rerun-20260731-l4-l4-tp1-f2040-i32-o32-r10-rep2-seg1-attempt2,phase2-full-grid-rerun-20260731-l4-l4-tp1-f2040-i32-o32-r10-rep2-seg1-attempt2-00051-fc8935c30633,12,12,0,1,28734,server_token_ids,1785511568040184202,958.594339,65.400267,1,"""0"""
phase2-full-grid-rerun-20260731-l4-l4-tp1-f2040-i32-o32-r10-rep2-seg1-attempt2,phase2-full-grid-rerun-20260731-l4-l4-tp1-f2040-i32-o32-r10-rep2-seg1-attempt2-00051-fc8935c30633,13,13,0,1,28734,server_token_ids,1785511568104900282,1023.310419,64.71608,1,"""0"""
phase2-full-grid-rerun-20260731-l4-l4-tp1-f2040-i32-o32-r10-rep2-seg1-attempt2,phase2-full-grid-rerun-20260731-l4-l4-tp1-f2040-i32-o32-r10-rep2-seg1-attempt2-00051-fc8935c30633,14,14,0,1,10401,server_token_ids,1785511568173790595,1092.200732,68.890313,3,""" AM"""
phase2-full-grid-rerun-20260731-l4-l4-tp1-f2040-i32-o32-r10-rep2-seg1-attempt2,phase2-full-grid-rerun-20260731-l4-l4-tp1-f2040-i32-o32-r10-rep2-seg1-attempt2-00051-fc8935c30633,15,15,0,1,28725,server_token_ids,1785511568250568056,1168.978193,76.777461,1,""","""
phase2-full-grid-rerun-20260731-l4-l4-tp1-f2040-i32-o32-r10-rep2-seg1-attempt2,phase2-full-grid-rerun-20260731-l4-l4-tp1-f2040-i32-o32-r10-rep2-seg1-attempt2-00051-fc8935c30633,16,16,0,1,28705,server_token_ids,1785511568314696690,1233.106827,64.128634,1,""" """
phase2-full-grid-rerun-20260731-l4-l4-tp1-f2040-i32-o32-r10-rep2-seg1-attempt2,phase2-full-grid-rerun-20260731-l4-l4-tp1-f2040-i32-o32-r10-rep2-seg1-attempt2-00051-fc8935c30633,17,17,0,1,28740,server_token_ids,1785511568372671477,1291.081614,57.974787,1,"""1"""
phase2-full-grid-rerun-20260731-l4-l4-tp1-f2040-i32-o32-r10-rep2-seg1-attempt2,phase2-full-grid-rerun-20260731-l4-l4-tp1-f2040-i32-o32-r10-rep2-seg1-attempt2-00051-fc8935c30633,18,18,0,1,28734,server_token_ids,1785511568451598782,1370.008919,78.927305,1,"""0"""
phase2-full-grid-rerun-20260731-l4-l4-tp1-f2040-i32-o32-r10-rep2-seg1-attempt2,phase2-full-grid-rerun-20260731-l4-l4-tp1-f2040-i32-o32-r10-rep2-seg1-attempt2-00051-fc8935c30633,19,19,0,1,28747,server_token_ids,1785511568510705690,1429.115827,59.106908,1,""":"""
phase2-full-grid-rerun-20260731-l4-l4-tp1-f2040-i32-o32-r10-rep2-seg1-attempt2,phase2-full-grid-rerun-20260731-l4-l4-tp1-f2040-i32-o32-r10-rep2-seg1-attempt2-00051-fc8935c30633,20,20,0,1,28734,server_token_ids,1785511568570439647,1488.849784,59.733957,1,"""0"""
phase2-full-grid-rerun-20260731-l4-l4-tp1-f2040-i32-o32-r10-rep2-seg1-attempt2,phase2-full-grid-rerun-20260731-l4-l4-tp1-f2040-i32-o32-r10-rep2-seg1-attempt2-00051-fc8935c30633,21,21,0,1,28734,server_token_ids,1785511568639950960,1558.361097,69.511313,1,"""0"""
phase2-full-grid-rerun-20260731-l4-l4-tp1-f2040-i32-o32-r10-rep2-seg1-attempt2,phase2-full-grid-rerun-20260731-l4-l4-tp1-f2040-i32-o32-r10-rep2-seg1-attempt2-00051-fc8935c30633,22,22,0,1,10401,server_token_ids,1785511568701608569,1620.018706,61.657609,3,""" AM"""
phase2-full-grid-rerun-20260731-l4-l4-tp1-f2040-i32-o32-r10-rep2-seg1-attempt2,phase2-full-grid-rerun-20260731-l4-l4-tp1-f2040-i32-o32-r10-rep2-seg1-attempt2-00051-fc8935c30633,23,23,0,1,28725,server_token_ids,1785511568770026183,1688.43632,68.417614,1,""","""
phase2-full-grid-rerun-20260731-l4-l4-tp1-f2040-i32-o32-r10-rep2-seg1-attempt2,phase2-full-grid-rerun-20260731-l4-l4-tp1-f2040-i32-o32-r10-rep2-seg1-attempt2-00051-fc8935c30633,24,24,0,1,28705,server_token_ids,1785511568838507668,1756.917805,68.481485,1,""" """
phase2-full-grid-rerun-20260731-l4-l4-tp1-f2040-i32-o32-r10-rep2-seg1-attempt2,phase2-full-grid-rerun-20260731-l4-l4-tp1-f2040-i32-o32-r10-rep2-seg1-attempt2-00051-fc8935c30633,25,25,0,1,28740,server_token_ids,1785511568900372532,1818.782669,61.864864,1,"""1"""
phase2-full-grid-rerun-20260731-l4-l4-tp1-f2040-i32-o32-r10-rep2-seg1-attempt2,phase2-full-grid-rerun-20260731-l4-l4-tp1-f2040-i32-o32-r10-rep2-seg1-attempt2-00051-fc8935c30633,26,26,0,1,28734,server_token_ids,1785511568966267084,1884.677221,65.894552,1,"""0"""
phase2-full-grid-rerun-20260731-l4-l4-tp1-f2040-i32-o32-r10-rep2-seg1-attempt2,phase2-full-grid-rerun-20260731-l4-l4-tp1-f2040-i32-o32-r10-rep2-seg1-attempt2-00051-fc8935c30633,27,27,0,1,28747,server_token_ids,1785511569037249748,1955.659885,70.982664,1,""":"""
phase2-full-grid-rerun-20260731-l4-l4-tp1-f2040-i32-o32-r10-rep2-seg1-attempt2,phase2-full-grid-rerun-20260731-l4-l4-tp1-f2040-i32-o32-r10-rep2-seg1-attempt2-00051-fc8935c30633,28,28,0,1,28734,server_token_ids,1785511569105886167,2024.296304,68.636419,1,"""0"""
phase2-full-grid-rerun-20260731-l4-l4-tp1-f2040-i32-o32-r10-rep2-seg1-attempt2,phase2-full-grid-rerun-20260731-l4-l4-tp1-f2040-i32-o32-r10-rep2-seg1-attempt2-00051-fc8935c30633,29,29,0,1,28734,server_token_ids,1785511569165222578,2083.632715,59.336411,1,"""0"""
phase2-full-grid-rerun-20260731-l4-l4-tp1-f2040-i32-o32-r10-rep2-seg1-attempt2,phase2-full-grid-rerun-20260731-l4-l4-tp1-f2040-i32-o32-r10-rep2-seg1-attempt2-00051-fc8935c30633,30,30,0,1,10401,server_token_ids,1785511569236926293,2155.33643,71.703715,3,""" AM"""
phase2-full-grid-rerun-20260731-l4-l4-tp1-f2040-i32-o32-r10-rep2-seg1-attempt2,phase2-full-grid-rerun-20260731-l4-l4-tp1-f2040-i32-o32-r10-rep2-seg1-attempt2-00051-fc8935c30633,31,31,0,1,28725,server_token_ids,1785511569298588852,2216.998989,61.662559,1,""","""
phase2-full-grid-rerun-20260731-l4-l4-tp1-f2040-i32-o32-r10-rep2-seg1-attempt2,phase2-full-grid-rerun-20260731-l4-l4-tp1-f2040-i32-o32-r10-rep2-seg1-attempt2-00052-a03b1ae1e718,0,0,0,1,274,server_token_ids,1785511567374236917,193.749405,,2,"""es"""
phase2-full-grid-rerun-20260731-l4-l4-tp1-f2040-i32-o32-r10-rep2-seg1-attempt2,phase2-full-grid-rerun-20260731-l4-l4-tp1-f2040-i32-o32-r10-rep2-seg1-attempt2-00052-a03b1ae1e718,1,1,0,1,28723,server_token_ids,1785511567442035781,261.548269,67.798864,1,"""."""
phase2-full-grid-rerun-20260731-l4-l4-tp1-f2040-i32-o32-r10-rep2-seg1-attempt2,phase2-full-grid-rerun-20260731-l4-l4-tp1-f2040-i32-o32-r10-rep2-seg1-attempt2-00052-a03b1ae1e718,2,2,0,1,13,server_token_ids,1785511567507098261,326.610749,65.06248,1,"""\n"""
phase2-full-grid-rerun-20260731-l4-l4-tp1-f2040-i32-o32-r10-rep2-seg1-attempt2,phase2-full-grid-rerun-20260731-l4-l4-tp1-f2040-i32-o32-r10-rep2-seg1-attempt2-00052-a03b1ae1e718,3,3,0,1,13,server_token_ids,1785511567572575304,392.087792,65.477043,1,"""\n"""
phase2-full-grid-rerun-20260731-l4-l4-tp1-f2040-i32-o32-r10-rep2-seg1-attempt2,phase2-full-grid-rerun-20260731-l4-l4-tp1-f2040-i32-o32-r10-rep2-seg1-attempt2-00052-a03b1ae1e718,4,4,0,1,1064,server_token_ids,1785511567640821692,460.33418,68.246388,2,"""##"""
phase2-full-grid-rerun-20260731-l4-l4-tp1-f2040-i32-o32-r10-rep2-seg1-attempt2,phase2-full-grid-rerun-20260731-l4-l4-tp1-f2040-i32-o32-r10-rep2-seg1-attempt2-00052-a03b1ae1e718,5,5,0,1,28705,server_token_ids,1785511567705712176,525.224664,64.890484,1,""" """
phase2-full-grid-rerun-20260731-l4-l4-tp1-f2040-i32-o32-r10-rep2-seg1-attempt2,phase2-full-grid-rerun-20260731-l4-l4-tp1-f2040-i32-o32-r10-rep2-seg1-attempt2-00052-a03b1ae1e718,6,6,0,1,28740,server_token_ids,1785511567771183419,590.695907,65.471243,1,"""1"""
phase2-full-grid-rerun-20260731-l4-l4-tp1-f2040-i32-o32-r10-rep2-seg1-attempt2,phase2-full-grid-rerun-20260731-l4-l4-tp1-f2040-i32-o32-r10-rep2-seg1-attempt2-00052-a03b1ae1e718,7,7,0,1,23628,server_token_ids,1785511567839173517,658.686005,67.990098,13,""" Introduction"""
phase2-full-grid-rerun-20260731-l4-l4-tp1-f2040-i32-o32-r10-rep2-seg1-attempt2,phase2-full-grid-rerun-20260731-l4-l4-tp1-f2040-i32-o32-r10-rep2-seg1-attempt2-00052-a03b1ae1e718,8,8,0,1,13,server_token_ids,1785511567904071895,723.584383,64.898378,1,"""\n"""
phase2-full-grid-rerun-20260731-l4-l4-tp1-f2040-i32-o32-r10-rep2-seg1-attempt2,phase2-full-grid-rerun-20260731-l4-l4-tp1-f2040-i32-o32-r10-rep2-seg1-attempt2-00052-a03b1ae1e718,9,9,0,1,13,server_token_ids,1785511567969931680,789.444168,65.859785,1,"""\n"""
phase2-full-grid-rerun-20260731-l4-l4-tp1-f2040-i32-o32-r10-rep2-seg1-attempt2,phase2-full-grid-rerun-20260731-l4-l4-tp1-f2040-i32-o32-r10-rep2-seg1-attempt2-00052-a03b1ae1e718,10,10,0,1,1014,server_token_ids,1785511568038392144,857.904632,68.460464,3,"""The"""
phase2-full-grid-rerun-20260731-l4-l4-tp1-f2040-i32-o32-r10-rep2-seg1-attempt2,phase2-full-grid-rerun-20260731-l4-l4-tp1-f2040-i32-o32-r10-rep2-seg1-attempt2-00052-a03b1ae1e718,11,11,0,1,583,server_token_ids,1785511568103216460,922.728948,64.824316,2,""" _"""
phase2-full-grid-rerun-20260731-l4-l4-tp1-f2040-i32-o32-r10-rep2-seg1-attempt2,phase2-full-grid-rerun-20260731-l4-l4-tp1-f2040-i32-o32-r10-rep2-seg1-attempt2-00052-a03b1ae1e718,12,12,0,1,28765,server_token_ids,1785511568169404352,988.91684,66.187892,1,"""F"""
phase2-full-grid-rerun-20260731-l4-l4-tp1-f2040-i32-o32-r10-rep2-seg1-attempt2,phase2-full-grid-rerun-20260731-l4-l4-tp1-f2040-i32-o32-r10-rep2-seg1-attempt2-00052-a03b1ae1e718,13,13,0,1,18296,server_token_ids,1785511568237582773,1057.095261,68.178421,7,"""raction"""
phase2-full-grid-rerun-20260731-l4-l4-tp1-f2040-i32-o32-r10-rep2-seg1-attempt2,phase2-full-grid-rerun-20260731-l4-l4-tp1-f2040-i32-o32-r10-rep2-seg1-attempt2-00052-a03b1ae1e718,14,14,0,1,282,server_token_ids,1785511568304198015,1123.710503,66.615242,2,"""al"""
phase2-full-grid-rerun-20260731-l4-l4-tp1-f2040-i32-o32-r10-rep2-seg1-attempt2,phase2-full-grid-rerun-20260731-l4-l4-tp1-f2040-i32-o32-r10-rep2-seg1-attempt2-00052-a03b1ae1e718,15,15,0,1,3885,server_token_ids,1785511568368150072,1187.66256,63.952057,6,""" State"""
phase2-full-grid-rerun-20260731-l4-l4-tp1-f2040-i32-o32-r10-rep2-seg1-attempt2,phase2-full-grid-rerun-20260731-l4-l4-tp1-f2040-i32-o32-r10-rep2-seg1-attempt2-00052-a03b1ae1e718,16,16,0,1,28730,server_token_ids,1785511568440838281,1260.350769,72.688209,1,"""_"""
phase2-full-grid-rerun-20260731-l4-l4-tp1-f2040-i32-o32-r10-rep2-seg1-attempt2,phase2-full-grid-rerun-20260731-l4-l4-tp1-f2040-i32-o32-r10-rep2-seg1-attempt2-00052-a03b1ae1e718,17,17,0,1,302,server_token_ids,1785511568509231112,1328.7436,68.392831,3,""" of"""
phase2-full-grid-rerun-20260731-l4-l4-tp1-f2040-i32-o32-r10-rep2-seg1-attempt2,phase2-full-grid-rerun-20260731-l4-l4-tp1-f2040-i32-o32-r10-rep2-seg1-attempt2-00052-a03b1ae1e718,18,18,0,1,272,server_token_ids,1785511568566760236,1386.272724,57.529124,4,""" the"""
phase2-full-grid-rerun-20260731-l4-l4-tp1-f2040-i32-o32-r10-rep2-seg1-attempt2,phase2-full-grid-rerun-20260731-l4-l4-tp1-f2040-i32-o32-r10-rep2-seg1-attempt2-00052-a03b1ae1e718,19,19,0,1,1524,server_token_ids,1785511568634556041,1454.068529,67.795805,4,""" art"""
phase2-full-grid-rerun-20260731-l4-l4-tp1-f2040-i32-o32-r10-rep2-seg1-attempt2,phase2-full-grid-rerun-20260731-l4-l4-tp1-f2040-i32-o32-r10-rep2-seg1-attempt2-00052-a03b1ae1e718,20,20,0,1,349,server_token_ids,1785511568699513389,1519.025877,64.957348,3,""" is"""
phase2-full-grid-rerun-20260731-l4-l4-tp1-f2040-i32-o32-r10-rep2-seg1-attempt2,phase2-full-grid-rerun-20260731-l4-l4-tp1-f2040-i32-o32-r10-rep2-seg1-attempt2-00052-a03b1ae1e718,21,21,0,1,264,server_token_ids,1785511568768368905,1587.881393,68.855516,2,""" a"""
phase2-full-grid-rerun-20260731-l4-l4-tp1-f2040-i32-o32-r10-rep2-seg1-attempt2,phase2-full-grid-rerun-20260731-l4-l4-tp1-f2040-i32-o32-r10-rep2-seg1-attempt2-00052-a03b1ae1e718,22,22,0,1,1215,server_token_ids,1785511568834185757,1653.698245,65.816852,5,""" very"""
phase2-full-grid-rerun-20260731-l4-l4-tp1-f2040-i32-o32-r10-rep2-seg1-attempt2,phase2-full-grid-rerun-20260731-l4-l4-tp1-f2040-i32-o32-r10-rep2-seg1-attempt2-00052-a03b1ae1e718,23,23,0,1,2278,server_token_ids,1785511568898544335,1718.056823,64.358578,10,""" important"""
phase2-full-grid-rerun-20260731-l4-l4-tp1-f2040-i32-o32-r10-rep2-seg1-attempt2,phase2-full-grid-rerun-20260731-l4-l4-tp1-f2040-i32-o32-r10-rep2-seg1-attempt2-00052-a03b1ae1e718,24,24,0,1,5935,server_token_ids,1785511568964557670,1784.070158,66.013335,8,""" concept"""
phase2-full-grid-rerun-20260731-l4-l4-tp1-f2040-i32-o32-r10-rep2-seg1-attempt2,phase2-full-grid-rerun-20260731-l4-l4-tp1-f2040-i32-o32-r10-rep2-seg1-attempt2-00052-a03b1ae1e718,25,25,0,1,297,server_token_ids,1785511569032539689,1852.052177,67.982019,3,""" in"""
phase2-full-grid-rerun-20260731-l4-l4-tp1-f2040-i32-o32-r10-rep2-seg1-attempt2,phase2-full-grid-rerun-20260731-l4-l4-tp1-f2040-i32-o32-r10-rep2-seg1-attempt2-00052-a03b1ae1e718,26,26,0,1,272,server_token_ids,1785511569097692050,1917.204538,65.152361,4,""" the"""
phase2-full-grid-rerun-20260731-l4-l4-tp1-f2040-i32-o32-r10-rep2-seg1-attempt2,phase2-full-grid-rerun-20260731-l4-l4-tp1-f2040-i32-o32-r10-rep2-seg1-attempt2-00052-a03b1ae1e718,27,27,0,1,1834,server_token_ids,1785511569163618864,1983.131352,65.926814,6,""" field"""
phase2-full-grid-rerun-20260731-l4-l4-tp1-f2040-i32-o32-r10-rep2-seg1-attempt2,phase2-full-grid-rerun-20260731-l4-l4-tp1-f2040-i32-o32-r10-rep2-seg1-attempt2-00052-a03b1ae1e718,28,28,0,1,302,server_token_ids,1785511569232345946,2051.858434,68.727082,3,""" of"""
phase2-full-grid-rerun-20260731-l4-l4-tp1-f2040-i32-o32-r10-rep2-seg1-attempt2,phase2-full-grid-rerun-20260731-l4-l4-tp1-f2040-i32-o32-r10-rep2-seg1-attempt2-00052-a03b1ae1e718,29,29,0,1,16872,server_token_ids,1785511569296819585,2116.332073,64.473639,9,""" mathemat"""
phase2-full-grid-rerun-20260731-l4-l4-tp1-f2040-i32-o32-r10-rep2-seg1-attempt2,phase2-full-grid-rerun-20260731-l4-l4-tp1-f2040-i32-o32-r10-rep2-seg1-attempt2-00052-a03b1ae1e718,30,30,0,1,1063,server_token_ids,1785511569362377527,2181.890015,65.557942,3,"""ics"""
phase2-full-grid-rerun-20260731-l4-l4-tp1-f2040-i32-o32-r10-rep2-seg1-attempt2,phase2-full-grid-rerun-20260731-l4-l4-tp1-f2040-i32-o32-r10-rep2-seg1-attempt2-00052-a03b1ae1e718,31,31,0,1,28723,server_token_ids,1785511569431173688,2250.686176,68.796161,1,"""."""
phase2-full-grid-rerun-20260731-l4-l4-tp1-f2040-i32-o32-r10-rep2-seg1-attempt2,phase2-full-grid-rerun-20260731-l4-l4-tp1-f2040-i32-o32-r10-rep2-seg1-attempt2-00053-07b447622711,0,0,0,1,2842,server_token_ids,1785511567443447201,162.075836,,3,"""php"""
phase2-full-grid-rerun-20260731-l4-l4-tp1-f2040-i32-o32-r10-rep2-seg1-attempt2,phase2-full-grid-rerun-20260731-l4-l4-tp1-f2040-i32-o32-r10-rep2-seg1-attempt2-00053-07b447622711,1,1,0,1,13,server_token_ids,1785511567508647429,227.276064,65.200228,1,"""\n"""
phase2-full-grid-rerun-20260731-l4-l4-tp1-f2040-i32-o32-r10-rep2-seg1-attempt2,phase2-full-grid-rerun-20260731-l4-l4-tp1-f2040-i32-o32-r10-rep2-seg1-attempt2-00053-07b447622711,2,2,0,1,13,server_token_ids,1785511567576547729,295.176364,67.9003,1,"""\n"""
phase2-full-grid-rerun-20260731-l4-l4-tp1-f2040-i32-o32-r10-rep2-seg1-attempt2,phase2-full-grid-rerun-20260731-l4-l4-tp1-f2040-i32-o32-r10-rep2-seg1-attempt2-00053-07b447622711,3,3,0,1,28771,server_token_ids,1785511567642184958,360.813593,65.637229,1,"""#"""
phase2-full-grid-rerun-20260731-l4-l4-tp1-f2040-i32-o32-r10-rep2-seg1-attempt2,phase2-full-grid-rerun-20260731-l4-l4-tp1-f2040-i32-o32-r10-rep2-seg1-attempt2-00053-07b447622711,4,4,0,1,1631,server_token_ids,1785511567715897318,434.525953,73.71236,7,"""include"""
phase2-full-grid-rerun-20260731-l4-l4-tp1-f2040-i32-o32-r10-rep2-seg1-attempt2,phase2-full-grid-rerun-20260731-l4-l4-tp1-f2040-i32-o32-r10-rep2-seg1-attempt2-00053-07b447622711,5,5,0,1,523,server_token_ids,1785511567775649139,494.277774,59.751821,2,""" <"""
phase2-full-grid-rerun-20260731-l4-l4-tp1-f2040-i32-o32-r10-rep2-seg1-attempt2,phase2-full-grid-rerun-20260731-l4-l4-tp1-f2040-i32-o32-r10-rep2-seg1-attempt2-00053-07b447622711,6,6,0,1,3719,server_token_ids,1785511567840612415,559.24105,64.963276,3,"""std"""
phase2-full-grid-rerun-20260731-l4-l4-tp1-f2040-i32-o32-r10-rep2-seg1-attempt2,phase2-full-grid-rerun-20260731-l4-l4-tp1-f2040-i32-o32-r10-rep2-seg1-attempt2-00053-07b447622711,7,7,0,1,691,server_token_ids,1785511567914635278,633.263913,74.022863,2,"""io"""
phase2-full-grid-rerun-20260731-l4-l4-tp1-f2040-i32-o32-r10-rep2-seg1-attempt2,phase2-full-grid-rerun-20260731-l4-l4-tp1-f2040-i32-o32-r10-rep2-seg1-attempt2-00053-07b447622711,8,8,0,1,28723,server_token_ids,1785511567974468662,693.097297,59.833384,1,"""."""
phase2-full-grid-rerun-20260731-l4-l4-tp1-f2040-i32-o32-r10-rep2-seg1-attempt2,phase2-full-grid-rerun-20260731-l4-l4-tp1-f2040-i32-o32-r10-rep2-seg1-attempt2-00053-07b447622711,9,9,0,1,28716,server_token_ids,1785511568039869233,758.497868,65.400571,1,"""h"""
phase2-full-grid-rerun-20260731-l4-l4-tp1-f2040-i32-o32-r10-rep2-seg1-attempt2,phase2-full-grid-rerun-20260731-l4-l4-tp1-f2040-i32-o32-r10-rep2-seg1-attempt2-00053-07b447622711,10,10,0,1,28767,server_token_ids,1785511568104437104,823.065739,64.567871,1,""">"""
phase2-full-grid-rerun-20260731-l4-l4-tp1-f2040-i32-o32-r10-rep2-seg1-attempt2,phase2-full-grid-rerun-20260731-l4-l4-tp1-f2040-i32-o32-r10-rep2-seg1-attempt2-00053-07b447622711,11,11,0,1,13,server_token_ids,1785511568173553604,892.182239,69.1165,1,"""\n"""
phase2-full-grid-rerun-20260731-l4-l4-tp1-f2040-i32-o32-r10-rep2-seg1-attempt2,phase2-full-grid-rerun-20260731-l4-l4-tp1-f2040-i32-o32-r10-rep2-seg1-attempt2-00053-07b447622711,12,12,0,1,13,server_token_ids,1785511568250320315,968.94895,76.766711,1,"""\n"""
phase2-full-grid-rerun-20260731-l4-l4-tp1-f2040-i32-o32-r10-rep2-seg1-attempt2,phase2-full-grid-rerun-20260731-l4-l4-tp1-f2040-i32-o32-r10-rep2-seg1-attempt2-00053-07b447622711,13,13,0,1,501,server_token_ids,1785511568314450563,1033.079198,64.130248,3,"""int"""
phase2-full-grid-rerun-20260731-l4-l4-tp1-f2040-i32-o32-r10-rep2-seg1-attempt2,phase2-full-grid-rerun-20260731-l4-l4-tp1-f2040-i32-o32-r10-rep2-seg1-attempt2-00053-07b447622711,14,14,0,1,2191,server_token_ids,1785511568369338913,1087.967548,54.88835,5,""" main"""
phase2-full-grid-rerun-20260731-l4-l4-tp1-f2040-i32-o32-r10-rep2-seg1-attempt2,phase2-full-grid-rerun-20260731-l4-l4-tp1-f2040-i32-o32-r10-rep2-seg1-attempt2-00053-07b447622711,15,15,0,1,470,server_token_ids,1785511568451259193,1169.887828,81.92028,2,"""()"""
phase2-full-grid-rerun-20260731-l4-l4-tp1-f2040-i32-o32-r10-rep2-seg1-attempt2,phase2-full-grid-rerun-20260731-l4-l4-tp1-f2040-i32-o32-r10-rep2-seg1-attempt2-00053-07b447622711,16,16,0,1,13,server_token_ids,1785511568510131781,1228.760416,58.872588,1,"""\n"""
phase2-full-grid-rerun-20260731-l4-l4-tp1-f2040-i32-o32-r10-rep2-seg1-attempt2,phase2-full-grid-rerun-20260731-l4-l4-tp1-f2040-i32-o32-r10-rep2-seg1-attempt2-00053-07b447622711,17,17,0,1,28751,server_token_ids,1785511568570128961,1288.757596,59.99718,1,"""{"""
phase2-full-grid-rerun-20260731-l4-l4-tp1-f2040-i32-o32-r10-rep2-seg1-attempt2,phase2-full-grid-rerun-20260731-l4-l4-tp1-f2040-i32-o32-r10-rep2-seg1-attempt2-00053-07b447622711,18,18,0,1,13,server_token_ids,1785511568639635039,1358.263674,69.506078,1,"""\n"""
phase2-full-grid-rerun-20260731-l4-l4-tp1-f2040-i32-o32-r10-rep2-seg1-attempt2,phase2-full-grid-rerun-20260731-l4-l4-tp1-f2040-i32-o32-r10-rep2-seg1-attempt2-00053-07b447622711,19,19,0,1,2287,server_token_ids,1785511568701294157,1419.922792,61.659118,3,"""   """
phase2-full-grid-rerun-20260731-l4-l4-tp1-f2040-i32-o32-r10-rep2-seg1-attempt2,phase2-full-grid-rerun-20260731-l4-l4-tp1-f2040-i32-o32-r10-rep2-seg1-attempt2-00053-07b447622711,20,20,0,1,716,server_token_ids,1785511568769718417,1488.347052,68.42426,4,""" int"""
phase2-full-grid-rerun-20260731-l4-l4-tp1-f2040-i32-o32-r10-rep2-seg1-attempt2,phase2-full-grid-rerun-20260731-l4-l4-tp1-f2040-i32-o32-r10-rep2-seg1-attempt2-00053-07b447622711,21,21,0,1,264,server_token_ids,1785511568838165559,1556.794194,68.447142,2,""" a"""
phase2-full-grid-rerun-20260731-l4-l4-tp1-f2040-i32-o32-r10-rep2-seg1-attempt2,phase2-full-grid-rerun-20260731-l4-l4-tp1-f2040-i32-o32-r10-rep2-seg1-attempt2-00053-07b447622711,22,22,0,1,327,server_token_ids,1785511568899986590,1618.615225,61.821031,2,""" ="""
phase2-full-grid-rerun-20260731-l4-l4-tp1-f2040-i32-o32-r10-rep2-seg1-attempt2,phase2-full-grid-rerun-20260731-l4-l4-tp1-f2040-i32-o32-r10-rep2-seg1-attempt2-00053-07b447622711,23,23,0,1,28705,server_token_ids,1785511568965862522,1684.491157,65.875932,1,""" """
phase2-full-grid-rerun-20260731-l4-l4-tp1-f2040-i32-o32-r10-rep2-seg1-attempt2,phase2-full-grid-rerun-20260731-l4-l4-tp1-f2040-i32-o32-r10-rep2-seg1-attempt2-00053-07b447622711,24,24,0,1,28740,server_token_ids,1785511569036877031,1755.505666,71.014509,1,"""1"""
phase2-full-grid-rerun-20260731-l4-l4-tp1-f2040-i32-o32-r10-rep2-seg1-attempt2,phase2-full-grid-rerun-20260731-l4-l4-tp1-f2040-i32-o32-r10-rep2-seg1-attempt2-00053-07b447622711,25,25,0,1,28734,server_token_ids,1785511569105505101,1824.133736,68.62807,1,"""0"""
phase2-full-grid-rerun-20260731-l4-l4-tp1-f2040-i32-o32-r10-rep2-seg1-attempt2,phase2-full-grid-rerun-20260731-l4-l4-tp1-f2040-i32-o32-r10-rep2-seg1-attempt2-00053-07b447622711,26,26,0,1,28745,server_token_ids,1785511569164825387,1883.454022,59.320286,1,""";"""
phase2-full-grid-rerun-20260731-l4-l4-tp1-f2040-i32-o32-r10-rep2-seg1-attempt2,phase2-full-grid-rerun-20260731-l4-l4-tp1-f2040-i32-o32-r10-rep2-seg1-attempt2-00053-07b447622711,27,27,0,1,13,server_token_ids,1785511569236401312,1955.029947,71.575925,1,"""\n"""
phase2-full-grid-rerun-20260731-l4-l4-tp1-f2040-i32-o32-r10-rep2-seg1-attempt2,phase2-full-grid-rerun-20260731-l4-l4-tp1-f2040-i32-o32-r10-rep2-seg1-attempt2-00053-07b447622711,28,28,0,1,2287,server_token_ids,1785511569298265736,2016.894371,61.864424,3,"""   """
phase2-full-grid-rerun-20260731-l4-l4-tp1-f2040-i32-o32-r10-rep2-seg1-attempt2,phase2-full-grid-rerun-20260731-l4-l4-tp1-f2040-i32-o32-r10-rep2-seg1-attempt2-00053-07b447622711,29,29,0,1,716,server_token_ids,1785511569367076769,2085.705404,68.811033,4,""" int"""
phase2-full-grid-rerun-20260731-l4-l4-tp1-f2040-i32-o32-r10-rep2-seg1-attempt2,phase2-full-grid-rerun-20260731-l4-l4-tp1-f2040-i32-o32-r10-rep2-seg1-attempt2-00053-07b447622711,30,30,0,1,287,server_token_ids,1785511569432387968,2151.016603,65.311199,2,""" b"""
phase2-full-grid-rerun-20260731-l4-l4-tp1-f2040-i32-o32-r10-rep2-seg1-attempt2,phase2-full-grid-rerun-20260731-l4-l4-tp1-f2040-i32-o32-r10-rep2-seg1-attempt2-00053-07b447622711,31,31,0,1,327,server_token_ids,1785511569497027219,2215.655854,64.639251,2,""" ="""
phase2-full-grid-rerun-20260731-l4-l4-tp1-f2040-i32-o32-r10-rep2-seg1-attempt2,phase2-full-grid-rerun-20260731-l4-l4-tp1-f2040-i32-o32-r10-rep2-seg1-attempt2-00054-ec2c93804512,0,0,0,1,13,server_token_ids,1785511567573766256,192.640998,,1,"""\n"""
phase2-full-grid-rerun-20260731-l4-l4-tp1-f2040-i32-o32-r10-rep2-seg1-attempt2,phase2-full-grid-rerun-20260731-l4-l4-tp1-f2040-i32-o32-r10-rep2-seg1-attempt2-00054-ec2c93804512,1,1,0,1,13,server_token_ids,1785511567642096593,260.971335,68.330337,1,"""\n"""
phase2-full-grid-rerun-20260731-l4-l4-tp1-f2040-i32-o32-r10-rep2-seg1-attempt2,phase2-full-grid-rerun-20260731-l4-l4-tp1-f2040-i32-o32-r10-rep2-seg1-attempt2-00054-ec2c93804512,2,2,0,1,28771,server_token_ids,1785511567715817535,334.692277,73.720942,1,"""#"""
phase2-full-grid-rerun-20260731-l4-l4-tp1-f2040-i32-o32-r10-rep2-seg1-attempt2,phase2-full-grid-rerun-20260731-l4-l4-tp1-f2040-i32-o32-r10-rep2-seg1-attempt2-00054-ec2c93804512,3,3,0,1,28705,server_token_ids,1785511567775572617,394.447359,59.755082,1,""" """
phase2-full-grid-rerun-20260731-l4-l4-tp1-f2040-i32-o32-r10-rep2-seg1-attempt2,phase2-full-grid-rerun-20260731-l4-l4-tp1-f2040-i32-o32-r10-rep2-seg1-attempt2-00054-ec2c93804512,4,4,0,1,28740,server_token_ids,1785511567840532541,459.407283,64.959924,1,"""1"""
phase2-full-grid-rerun-20260731-l4-l4-tp1-f2040-i32-o32-r10-rep2-seg1-attempt2,phase2-full-grid-rerun-20260731-l4-l4-tp1-f2040-i32-o32-r10-rep2-seg1-attempt2-00054-ec2c93804512,5,5,0,1,28734,server_token_ids,1785511567914557912,533.432654,74.025371,1,"""0"""
phase2-full-grid-rerun-20260731-l4-l4-tp1-f2040-i32-o32-r10-rep2-seg1-attempt2,phase2-full-grid-rerun-20260731-l4-l4-tp1-f2040-i32-o32-r10-rep2-seg1-attempt2-00054-ec2c93804512,6,6,0,1,28734,server_token_ids,1785511567974381540,593.256282,59.823628,1,"""0"""
phase2-full-grid-rerun-20260731-l4-l4-tp1-f2040-i32-o32-r10-rep2-seg1-attempt2,phase2-full-grid-rerun-20260731-l4-l4-tp1-f2040-i32-o32-r10-rep2-seg1-attempt2-00054-ec2c93804512,7,7,0,1,28734,server_token_ids,1785511568039784657,658.659399,65.403117,1,"""0"""
phase2-full-grid-rerun-20260731-l4-l4-tp1-f2040-i32-o32-r10-rep2-seg1-attempt2,phase2-full-grid-rerun-20260731-l4-l4-tp1-f2040-i32-o32-r10-rep2-seg1-attempt2-00054-ec2c93804512,8,8,0,1,28734,server_token_ids,1785511568104345409,723.220151,64.560752,1,"""0"""
phase2-full-grid-rerun-20260731-l4-l4-tp1-f2040-i32-o32-r10-rep2-seg1-attempt2,phase2-full-grid-rerun-20260731-l4-l4-tp1-f2040-i32-o32-r10-rep2-seg1-attempt2-00054-ec2c93804512,9,9,0,1,28734,server_token_ids,1785511568173445729,792.320471,69.10032,1,"""0"""
phase2-full-grid-rerun-20260731-l4-l4-tp1-f2040-i32-o32-r10-rep2-seg1-attempt2,phase2-full-grid-rerun-20260731-l4-l4-tp1-f2040-i32-o32-r10-rep2-seg1-attempt2-00054-ec2c93804512,10,10,0,1,28734,server_token_ids,1785511568250236618,869.11136,76.790889,1,"""0"""
phase2-full-grid-rerun-20260731-l4-l4-tp1-f2040-i32-o32-r10-rep2-seg1-attempt2,phase2-full-grid-rerun-20260731-l4-l4-tp1-f2040-i32-o32-r10-rep2-seg1-attempt2-00054-ec2c93804512,11,11,0,1,28734,server_token_ids,1785511568314378720,933.253462,64.142102,1,"""0"""
phase2-full-grid-rerun-20260731-l4-l4-tp1-f2040-i32-o32-r10-rep2-seg1-attempt2,phase2-full-grid-rerun-20260731-l4-l4-tp1-f2040-i32-o32-r10-rep2-seg1-attempt2-00054-ec2c93804512,12,12,0,1,28734,server_token_ids,1785511568369248977,988.123719,54.870257,1,"""0"""
phase2-full-grid-rerun-20260731-l4-l4-tp1-f2040-i32-o32-r10-rep2-seg1-attempt2,phase2-full-grid-rerun-20260731-l4-l4-tp1-f2040-i32-o32-r10-rep2-seg1-attempt2-00054-ec2c93804512,13,13,0,1,28734,server_token_ids,1785511568451168064,1070.042806,81.919087,1,"""0"""
phase2-full-grid-rerun-20260731-l4-l4-tp1-f2040-i32-o32-r10-rep2-seg1-attempt2,phase2-full-grid-rerun-20260731-l4-l4-tp1-f2040-i32-o32-r10-rep2-seg1-attempt2-00054-ec2c93804512,14,14,0,1,28734,server_token_ids,1785511568510062665,1128.937407,58.894601,1,"""0"""
phase2-full-grid-rerun-20260731-l4-l4-tp1-f2040-i32-o32-r10-rep2-seg1-attempt2,phase2-full-grid-rerun-20260731-l4-l4-tp1-f2040-i32-o32-r10-rep2-seg1-attempt2-00054-ec2c93804512,15,15,0,1,28734,server_token_ids,1785511568570035632,1188.910374,59.972967,1,"""0"""
phase2-full-grid-rerun-20260731-l4-l4-tp1-f2040-i32-o32-r10-rep2-seg1-attempt2,phase2-full-grid-rerun-20260731-l4-l4-tp1-f2040-i32-o32-r10-rep2-seg1-attempt2-00054-ec2c93804512,16,16,0,1,28734,server_token_ids,1785511568639539970,1258.414712,69.504338,1,"""0"""
phase2-full-grid-rerun-20260731-l4-l4-tp1-f2040-i32-o32-r10-rep2-seg1-attempt2,phase2-full-grid-rerun-20260731-l4-l4-tp1-f2040-i32-o32-r10-rep2-seg1-attempt2-00054-ec2c93804512,17,17,0,1,28734,server_token_ids,1785511568701205631,1320.080373,61.665661,1,"""0"""
phase2-full-grid-rerun-20260731-l4-l4-tp1-f2040-i32-o32-r10-rep2-seg1-attempt2,phase2-full-grid-rerun-20260731-l4-l4-tp1-f2040-i32-o32-r10-rep2-seg1-attempt2-00054-ec2c93804512,18,18,0,1,28734,server_token_ids,1785511568769629037,1388.503779,68.423406,1,"""0"""
phase2-full-grid-rerun-20260731-l4-l4-tp1-f2040-i32-o32-r10-rep2-seg1-attempt2,phase2-full-grid-rerun-20260731-l4-l4-tp1-f2040-i32-o32-r10-rep2-seg1-attempt2-00054-ec2c93804512,19,19,0,1,28734,server_token_ids,1785511568838069301,1456.944043,68.440264,1,"""0"""
phase2-full-grid-rerun-20260731-l4-l4-tp1-f2040-i32-o32-r10-rep2-seg1-attempt2,phase2-full-grid-rerun-20260731-l4-l4-tp1-f2040-i32-o32-r10-rep2-seg1-attempt2-00054-ec2c93804512,20,20,0,1,28734,server_token_ids,1785511568899903395,1518.778137,61.834094,1,"""0"""
phase2-full-grid-rerun-20260731-l4-l4-tp1-f2040-i32-o32-r10-rep2-seg1-attempt2,phase2-full-grid-rerun-20260731-l4-l4-tp1-f2040-i32-o32-r10-rep2-seg1-attempt2-00054-ec2c93804512,21,21,0,1,28734,server_token_ids,1785511568965773275,1584.648017,65.86988,1,"""0"""
phase2-full-grid-rerun-20260731-l4-l4-tp1-f2040-i32-o32-r10-rep2-seg1-attempt2,phase2-full-grid-rerun-20260731-l4-l4-tp1-f2040-i32-o32-r10-rep2-seg1-attempt2-00054-ec2c93804512,22,22,0,1,28734,server_token_ids,1785511569036799424,1655.674166,71.026149,1,"""0"""
phase2-full-grid-rerun-20260731-l4-l4-tp1-f2040-i32-o32-r10-rep2-seg1-attempt2,phase2-full-grid-rerun-20260731-l4-l4-tp1-f2040-i32-o32-r10-rep2-seg1-attempt2-00054-ec2c93804512,23,23,0,1,28734,server_token_ids,1785511569105420002,1724.294744,68.620578,1,"""0"""
phase2-full-grid-rerun-20260731-l4-l4-tp1-f2040-i32-o32-r10-rep2-seg1-attempt2,phase2-full-grid-rerun-20260731-l4-l4-tp1-f2040-i32-o32-r10-rep2-seg1-attempt2-00054-ec2c93804512,24,24,0,1,28734,server_token_ids,1785511569164727321,1783.602063,59.307319,1,"""0"""
phase2-full-grid-rerun-20260731-l4-l4-tp1-f2040-i32-o32-r10-rep2-seg1-attempt2,phase2-full-grid-rerun-20260731-l4-l4-tp1-f2040-i32-o32-r10-rep2-seg1-attempt2-00054-ec2c93804512,25,25,0,1,28734,server_token_ids,1785511569236321983,1855.196725,71.594662,1,"""0"""
phase2-full-grid-rerun-20260731-l4-l4-tp1-f2040-i32-o32-r10-rep2-seg1-attempt2,phase2-full-grid-rerun-20260731-l4-l4-tp1-f2040-i32-o32-r10-rep2-seg1-attempt2-00054-ec2c93804512,26,26,0,1,28734,server_token_ids,1785511569298186158,1917.0609,61.864175,1,"""0"""
phase2-full-grid-rerun-20260731-l4-l4-tp1-f2040-i32-o32-r10-rep2-seg1-attempt2,phase2-full-grid-rerun-20260731-l4-l4-tp1-f2040-i32-o32-r10-rep2-seg1-attempt2-00054-ec2c93804512,27,27,0,1,28734,server_token_ids,1785511569367000520,1985.875262,68.814362,1,"""0"""
phase2-full-grid-rerun-20260731-l4-l4-tp1-f2040-i32-o32-r10-rep2-seg1-attempt2,phase2-full-grid-rerun-20260731-l4-l4-tp1-f2040-i32-o32-r10-rep2-seg1-attempt2-00054-ec2c93804512,28,28,0,1,28734,server_token_ids,1785511569432317457,2051.192199,65.316937,1,"""0"""
phase2-full-grid-rerun-20260731-l4-l4-tp1-f2040-i32-o32-r10-rep2-seg1-attempt2,phase2-full-grid-rerun-20260731-l4-l4-tp1-f2040-i32-o32-r10-rep2-seg1-attempt2-00054-ec2c93804512,29,29,0,1,28734,server_token_ids,1785511569496942094,2115.816836,64.624637,1,"""0"""
phase2-full-grid-rerun-20260731-l4-l4-tp1-f2040-i32-o32-r10-rep2-seg1-attempt2,phase2-full-grid-rerun-20260731-l4-l4-tp1-f2040-i32-o32-r10-rep2-seg1-attempt2-00054-ec2c93804512,30,30,0,1,28734,server_token_ids,1785511569562980921,2181.855663,66.038827,1,"""0"""
phase2-full-grid-rerun-20260731-l4-l4-tp1-f2040-i32-o32-r10-rep2-seg1-attempt2,phase2-full-grid-rerun-20260731-l4-l4-tp1-f2040-i32-o32-r10-rep2-seg1-attempt2-00054-ec2c93804512,31,31,0,1,28734,server_token_ids,1785511569629593040,2248.467782,66.612119,1,"""0"""
phase2-full-grid-rerun-20260731-l4-l4-tp1-f2040-i32-o32-r10-rep2-seg1-attempt2,phase2-full-grid-rerun-20260731-l4-l4-tp1-f2040-i32-o32-r10-rep2-seg1-attempt2-00055-f1aa7ce950da,0,0,0,1,28742,server_token_ids,1785511567642276334,161.037203,,1,"""'"""
phase2-full-grid-rerun-20260731-l4-l4-tp1-f2040-i32-o32-r10-rep2-seg1-attempt2,phase2-full-grid-rerun-20260731-l4-l4-tp1-f2040-i32-o32-r10-rep2-seg1-attempt2-00055-f1aa7ce950da,1,1,0,1,28713,server_token_ids,1785511567715981317,234.742186,73.704983,1,"""s"""
phase2-full-grid-rerun-20260731-l4-l4-tp1-f2040-i32-o32-r10-rep2-seg1-attempt2,phase2-full-grid-rerun-20260731-l4-l4-tp1-f2040-i32-o32-r10-rep2-seg1-attempt2-00055-f1aa7ce950da,2,2,0,1,6090,server_token_ids,1785511567775730068,294.490937,59.748751,9,""" Republic"""
phase2-full-grid-rerun-20260731-l4-l4-tp1-f2040-i32-o32-r10-rep2-seg1-attempt2,phase2-full-grid-rerun-20260731-l4-l4-tp1-f2040-i32-o32-r10-rep2-seg1-attempt2-00055-f1aa7ce950da,3,3,0,1,302,server_token_ids,1785511567840693452,359.454321,64.963384,3,""" of"""
phase2-full-grid-rerun-20260731-l4-l4-tp1-f2040-i32-o32-r10-rep2-seg1-attempt2,phase2-full-grid-rerun-20260731-l4-l4-tp1-f2040-i32-o32-r10-rep2-seg1-attempt2-00055-f1aa7ce950da,4,4,0,1,5077,server_token_ids,1785511567914713210,433.474079,74.019758,6,""" China"""
phase2-full-grid-rerun-20260731-l4-l4-tp1-f2040-i32-o32-r10-rep2-seg1-attempt2,phase2-full-grid-rerun-20260731-l4-l4-tp1-f2040-i32-o32-r10-rep2-seg1-attempt2-00055-f1aa7ce950da,5,5,0,1,28725,server_token_ids,1785511567974563660,493.324529,59.85045,1,""","""
phase2-full-grid-rerun-20260731-l4-l4-tp1-f2040-i32-o32-r10-rep2-seg1-attempt2,phase2-full-grid-rerun-20260731-l4-l4-tp1-f2040-i32-o32-r10-rep2-seg1-attempt2-00055-f1aa7ce950da,6,6,0,1,272,server_token_ids,1785511568039947866,558.708735,65.384206,4,""" the"""
phase2-full-grid-rerun-20260731-l4-l4-tp1-f2040-i32-o32-r10-rep2-seg1-attempt2,phase2-full-grid-rerun-20260731-l4-l4-tp1-f2040-i32-o32-r10-rep2-seg1-attempt2-00055-f1aa7ce950da,7,7,0,1,5619,server_token_ids,1785511568104529770,623.290639,64.581904,7,""" People"""
phase2-full-grid-rerun-20260731-l4-l4-tp1-f2040-i32-o32-r10-rep2-seg1-attempt2,phase2-full-grid-rerun-20260731-l4-l4-tp1-f2040-i32-o32-r10-rep2-seg1-attempt2-00055-f1aa7ce950da,8,8,0,1,28742,server_token_ids,1785511568173634030,692.394899,69.10426,1,"""'"""
phase2-full-grid-rerun-20260731-l4-l4-tp1-f2040-i32-o32-r10-rep2-seg1-attempt2,phase2-full-grid-rerun-20260731-l4-l4-tp1-f2040-i32-o32-r10-rep2-seg1-attempt2-00055-f1aa7ce950da,9,9,0,1,28713,server_token_ids,1785511568250399316,769.160185,76.765286,1,"""s"""
phase2-full-grid-rerun-20260731-l4-l4-tp1-f2040-i32-o32-r10-rep2-seg1-attempt2,phase2-full-grid-rerun-20260731-l4-l4-tp1-f2040-i32-o32-r10-rep2-seg1-attempt2-00055-f1aa7ce950da,10,10,0,1,6090,server_token_ids,1785511568314539582,833.300451,64.140266,9,""" Republic"""
phase2-full-grid-rerun-20260731-l4-l4-tp1-f2040-i32-o32-r10-rep2-seg1-attempt2,phase2-full-grid-rerun-20260731-l4-l4-tp1-f2040-i32-o32-r10-rep2-seg1-attempt2-00055-f1aa7ce950da,11,11,0,1,302,server_token_ids,1785511568369423202,888.184071,54.88362,3,""" of"""
phase2-full-grid-rerun-20260731-l4-l4-tp1-f2040-i32-o32-r10-rep2-seg1-attempt2,phase2-full-grid-rerun-20260731-l4-l4-tp1-f2040-i32-o32-r10-rep2-seg1-attempt2-00055-f1aa7ce950da,12,12,0,1,5077,server_token_ids,1785511568451347612,970.108481,81.92441,6,""" China"""
phase2-full-grid-rerun-20260731-l4-l4-tp1-f2040-i32-o32-r10-rep2-seg1-attempt2,phase2-full-grid-rerun-20260731-l4-l4-tp1-f2040-i32-o32-r10-rep2-seg1-attempt2-00055-f1aa7ce950da,13,13,0,1,28725,server_token_ids,1785511568510203906,1028.964775,58.856294,1,""","""
phase2-full-grid-rerun-20260731-l4-l4-tp1-f2040-i32-o32-r10-rep2-seg1-attempt2,phase2-full-grid-rerun-20260731-l4-l4-tp1-f2040-i32-o32-r10-rep2-seg1-attempt2-00055-f1aa7ce950da,14,14,0,1,272,server_token_ids,1785511568570211390,1088.972259,60.007484,4,""" the"""
phase2-full-grid-rerun-20260731-l4-l4-tp1-f2040-i32-o32-r10-rep2-seg1-attempt2,phase2-full-grid-rerun-20260731-l4-l4-tp1-f2040-i32-o32-r10-rep2-seg1-attempt2-00055-f1aa7ce950da,15,15,0,1,5619,server_token_ids,1785511568639719342,1158.480211,69.507952,7,""" People"""
phase2-full-grid-rerun-20260731-l4-l4-tp1-f2040-i32-o32-r10-rep2-seg1-attempt2,phase2-full-grid-rerun-20260731-l4-l4-tp1-f2040-i32-o32-r10-rep2-seg1-attempt2-00055-f1aa7ce950da,16,16,0,1,28742,server_token_ids,1785511568701371822,1220.132691,61.65248,1,"""'"""
phase2-full-grid-rerun-20260731-l4-l4-tp1-f2040-i32-o32-r10-rep2-seg1-attempt2,phase2-full-grid-rerun-20260731-l4-l4-tp1-f2040-i32-o32-r10-rep2-seg1-attempt2-00055-f1aa7ce950da,17,17,0,1,28713,server_token_ids,1785511568769800133,1288.561002,68.428311,1,"""s"""
phase2-full-grid-rerun-20260731-l4-l4-tp1-f2040-i32-o32-r10-rep2-seg1-attempt2,phase2-full-grid-rerun-20260731-l4-l4-tp1-f2040-i32-o32-r10-rep2-seg1-attempt2-00055-f1aa7ce950da,18,18,0,1,6090,server_token_ids,1785511568838254578,1357.015447,68.454445,9,""" Republic"""
phase2-full-grid-rerun-20260731-l4-l4-tp1-f2040-i32-o32-r10-rep2-seg1-attempt2,phase2-full-grid-rerun-20260731-l4-l4-tp1-f2040-i32-o32-r10-rep2-seg1-attempt2-00055-f1aa7ce950da,19,19,0,1,302,server_token_ids,1785511568900068173,1418.829042,61.813595,3,""" of"""
phase2-full-grid-rerun-20260731-l4-l4-tp1-f2040-i32-o32-r10-rep2-seg1-attempt2,phase2-full-grid-rerun-20260731-l4-l4-tp1-f2040-i32-o32-r10-rep2-seg1-attempt2-00055-f1aa7ce950da,20,20,0,1,5077,server_token_ids,1785511568965944901,1484.70577,65.876728,6,""" China"""
phase2-full-grid-rerun-20260731-l4-l4-tp1-f2040-i32-o32-r10-rep2-seg1-attempt2,phase2-full-grid-rerun-20260731-l4-l4-tp1-f2040-i32-o32-r10-rep2-seg1-attempt2-00055-f1aa7ce950da,21,21,0,1,28725,server_token_ids,1785511569036950148,1555.711017,71.005247,1,""","""
phase2-full-grid-rerun-20260731-l4-l4-tp1-f2040-i32-o32-r10-rep2-seg1-attempt2,phase2-full-grid-rerun-20260731-l4-l4-tp1-f2040-i32-o32-r10-rep2-seg1-attempt2-00055-f1aa7ce950da,22,22,0,1,272,server_token_ids,1785511569105580923,1624.341792,68.630775,4,""" the"""
phase2-full-grid-rerun-20260731-l4-l4-tp1-f2040-i32-o32-r10-rep2-seg1-attempt2,phase2-full-grid-rerun-20260731-l4-l4-tp1-f2040-i32-o32-r10-rep2-seg1-attempt2-00055-f1aa7ce950da,23,23,0,1,5619,server_token_ids,1785511569164913326,1683.674195,59.332403,7,""" People"""
phase2-full-grid-rerun-20260731-l4-l4-tp1-f2040-i32-o32-r10-rep2-seg1-attempt2,phase2-full-grid-rerun-20260731-l4-l4-tp1-f2040-i32-o32-r10-rep2-seg1-attempt2-00055-f1aa7ce950da,24,24,0,1,28742,server_token_ids,1785511569236487121,1755.24799,71.573795,1,"""'"""
phase2-full-grid-rerun-20260731-l4-l4-tp1-f2040-i32-o32-r10-rep2-seg1-attempt2,phase2-full-grid-rerun-20260731-l4-l4-tp1-f2040-i32-o32-r10-rep2-seg1-attempt2-00055-f1aa7ce950da,25,25,0,1,28713,server_token_ids,1785511569298341294,1817.102163,61.854173,1,"""s"""
phase2-full-grid-rerun-20260731-l4-l4-tp1-f2040-i32-o32-r10-rep2-seg1-attempt2,phase2-full-grid-rerun-20260731-l4-l4-tp1-f2040-i32-o32-r10-rep2-seg1-attempt2-00055-f1aa7ce950da,26,26,0,1,6090,server_token_ids,1785511569367149244,1885.910113,68.80795,9,""" Republic"""
phase2-full-grid-rerun-20260731-l4-l4-tp1-f2040-i32-o32-r10-rep2-seg1-attempt2,phase2-full-grid-rerun-20260731-l4-l4-tp1-f2040-i32-o32-r10-rep2-seg1-attempt2-00055-f1aa7ce950da,27,27,0,1,302,server_token_ids,1785511569432459555,1951.220424,65.310311,3,""" of"""
phase2-full-grid-rerun-20260731-l4-l4-tp1-f2040-i32-o32-r10-rep2-seg1-attempt2,phase2-full-grid-rerun-20260731-l4-l4-tp1-f2040-i32-o32-r10-rep2-seg1-attempt2-00055-f1aa7ce950da,28,28,0,1,5077,server_token_ids,1785511569497217948,2015.978817,64.758393,6,""" China"""
phase2-full-grid-rerun-20260731-l4-l4-tp1-f2040-i32-o32-r10-rep2-seg1-attempt2,phase2-full-grid-rerun-20260731-l4-l4-tp1-f2040-i32-o32-r10-rep2-seg1-attempt2-00055-f1aa7ce950da,29,29,0,1,28725,server_token_ids,1785511569563059916,2081.820785,65.841968,1,""","""
phase2-full-grid-rerun-20260731-l4-l4-tp1-f2040-i32-o32-r10-rep2-seg1-attempt2,phase2-full-grid-rerun-20260731-l4-l4-tp1-f2040-i32-o32-r10-rep2-seg1-attempt2-00055-f1aa7ce950da,30,30,0,1,272,server_token_ids,1785511569629788392,2148.549261,66.728476,4,""" the"""
phase2-full-grid-rerun-20260731-l4-l4-tp1-f2040-i32-o32-r10-rep2-seg1-attempt2,phase2-full-grid-rerun-20260731-l4-l4-tp1-f2040-i32-o32-r10-rep2-seg1-attempt2-00055-f1aa7ce950da,31,31,0,1,5619,server_token_ids,1785511569699776612,2218.537481,69.98822,7,""" People"""
phase2-full-grid-rerun-20260731-l4-l4-tp1-f2040-i32-o32-r10-rep2-seg1-attempt2,phase2-full-grid-rerun-20260731-l4-l4-tp1-f2040-i32-o32-r10-rep2-seg1-attempt2-00056-c5a23258fdf5,0,0,0,1,288,server_token_ids,1785511567772133008,191.106993,,3,"""ing"""
phase2-full-grid-rerun-20260731-l4-l4-tp1-f2040-i32-o32-r10-rep2-seg1-attempt2,phase2-full-grid-rerun-20260731-l4-l4-tp1-f2040-i32-o32-r10-rep2-seg1-attempt2-00056-c5a23258fdf5,1,1,0,1,13,server_token_ids,1785511567840231474,259.205459,68.098466,1,"""\n"""
phase2-full-grid-rerun-20260731-l4-l4-tp1-f2040-i32-o32-r10-rep2-seg1-attempt2,phase2-full-grid-rerun-20260731-l4-l4-tp1-f2040-i32-o32-r10-rep2-seg1-attempt2-00056-c5a23258fdf5,2,2,0,1,13,server_token_ids,1785511567914278572,333.252557,74.047098,1,"""\n"""
phase2-full-grid-rerun-20260731-l4-l4-tp1-f2040-i32-o32-r10-rep2-seg1-attempt2,phase2-full-grid-rerun-20260731-l4-l4-tp1-f2040-i32-o32-r10-rep2-seg1-attempt2-00056-c5a23258fdf5,3,3,0,1,1064,server_token_ids,1785511567975011752,393.985737,60.73318,2,"""##"""
phase2-full-grid-rerun-20260731-l4-l4-tp1-f2040-i32-o32-r10-rep2-seg1-attempt2,phase2-full-grid-rerun-20260731-l4-l4-tp1-f2040-i32-o32-r10-rep2-seg1-attempt2-00056-c5a23258fdf5,4,4,0,1,28705,server_token_ids,1785511568043731948,462.705933,68.720196,1,""" """
phase2-full-grid-rerun-20260731-l4-l4-tp1-f2040-i32-o32-r10-rep2-seg1-attempt2,phase2-full-grid-rerun-20260731-l4-l4-tp1-f2040-i32-o32-r10-rep2-seg1-attempt2-00056-c5a23258fdf5,5,5,0,1,28740,server_token_ids,1785511568105215806,524.189791,61.483858,1,"""1"""
phase2-full-grid-rerun-20260731-l4-l4-tp1-f2040-i32-o32-r10-rep2-seg1-attempt2,phase2-full-grid-rerun-20260731-l4-l4-tp1-f2040-i32-o32-r10-rep2-seg1-attempt2-00056-c5a23258fdf5,6,6,0,1,28723,server_token_ids,1785511568174085564,593.059549,68.869758,1,"""."""
phase2-full-grid-rerun-20260731-l4-l4-tp1-f2040-i32-o32-r10-rep2-seg1-attempt2,phase2-full-grid-rerun-20260731-l4-l4-tp1-f2040-i32-o32-r10-rep2-seg1-attempt2-00056-c5a23258fdf5,7,7,0,1,23628,server_token_ids,1785511568250866529,669.840514,76.780965,13,""" Introduction"""
phase2-full-grid-rerun-20260731-l4-l4-tp1-f2040-i32-o32-r10-rep2-seg1-attempt2,phase2-full-grid-rerun-20260731-l4-l4-tp1-f2040-i32-o32-r10-rep2-seg1-attempt2-00056-c5a23258fdf5,8,8,0,1,13,server_token_ids,1785511568314991184,733.965169,64.124655,1,"""\n"""
phase2-full-grid-rerun-20260731-l4-l4-tp1-f2040-i32-o32-r10-rep2-seg1-attempt2,phase2-full-grid-rerun-20260731-l4-l4-tp1-f2040-i32-o32-r10-rep2-seg1-attempt2-00056-c5a23258fdf5,9,9,0,1,13,server_token_ids,1785511568372976039,791.950024,57.984855,1,"""\n"""
phase2-full-grid-rerun-20260731-l4-l4-tp1-f2040-i32-o32-r10-rep2-seg1-attempt2,phase2-full-grid-rerun-20260731-l4-l4-tp1-f2040-i32-o32-r10-rep2-seg1-attempt2-00056-c5a23258fdf5,10,10,0,1,1014,server_token_ids,1785511568451903268,870.877253,78.927229,3,"""The"""
phase2-full-grid-rerun-20260731-l4-l4-tp1-f2040-i32-o32-r10-rep2-seg1-attempt2,phase2-full-grid-rerun-20260731-l4-l4-tp1-f2040-i32-o32-r10-rep2-seg1-attempt2-00056-c5a23258fdf5,11,11,0,1,6032,server_token_ids,1785511568511024026,929.998011,59.120758,8,""" purpose"""
phase2-full-grid-rerun-20260731-l4-l4-tp1-f2040-i32-o32-r10-rep2-seg1-attempt2,phase2-full-grid-rerun-20260731-l4-l4-tp1-f2040-i32-o32-r10-rep2-seg1-attempt2-00056-c5a23258fdf5,12,12,0,1,302,server_token_ids,1785511568570743281,989.717266,59.719255,3,""" of"""
phase2-full-grid-rerun-20260731-l4-l4-tp1-f2040-i32-o32-r10-rep2-seg1-attempt2,phase2-full-grid-rerun-20260731-l4-l4-tp1-f2040-i32-o32-r10-rep2-seg1-attempt2-00056-c5a23258fdf5,13,13,0,1,456,server_token_ids,1785511568646593677,1065.567662,75.850396,5,""" this"""
phase2-full-grid-rerun-20260731-l4-l4-tp1-f2040-i32-o32-r10-rep2-seg1-attempt2,phase2-full-grid-rerun-20260731-l4-l4-tp1-f2040-i32-o32-r10-rep2-seg1-attempt2-00056-c5a23258fdf5,14,14,0,1,3248,server_token_ids,1785511568702044618,1121.018603,55.450941,9,""" document"""
phase2-full-grid-rerun-20260731-l4-l4-tp1-f2040-i32-o32-r10-rep2-seg1-attempt2,phase2-full-grid-rerun-20260731-l4-l4-tp1-f2040-i32-o32-r10-rep2-seg1-attempt2-00056-c5a23258fdf5,15,15,0,1,349,server_token_ids,1785511568770254435,1189.22842,68.209817,3,""" is"""
phase2-full-grid-rerun-20260731-l4-l4-tp1-f2040-i32-o32-r10-rep2-seg1-attempt2,phase2-full-grid-rerun-20260731-l4-l4-tp1-f2040-i32-o32-r10-rep2-seg1-attempt2-00056-c5a23258fdf5,16,16,0,1,298,server_token_ids,1785511568845860941,1264.834926,75.606506,3,""" to"""
phase2-full-grid-rerun-20260731-l4-l4-tp1-f2040-i32-o32-r10-rep2-seg1-attempt2,phase2-full-grid-rerun-20260731-l4-l4-tp1-f2040-i32-o32-r10-rep2-seg1-attempt2-00056-c5a23258fdf5,17,17,0,1,3084,server_token_ids,1785511568900528938,1319.502923,54.667997,8,""" provide"""
phase2-full-grid-rerun-20260731-l4-l4-tp1-f2040-i32-o32-r10-rep2-seg1-attempt2,phase2-full-grid-rerun-20260731-l4-l4-tp1-f2040-i32-o32-r10-rep2-seg1-attempt2-00056-c5a23258fdf5,18,18,0,1,264,server_token_ids,1785511568969470915,1388.4449,68.941977,2,""" a"""
phase2-full-grid-rerun-20260731-l4-l4-tp1-f2040-i32-o32-r10-rep2-seg1-attempt2,phase2-full-grid-rerun-20260731-l4-l4-tp1-f2040-i32-o32-r10-rep2-seg1-attempt2-00056-c5a23258fdf5,19,19,0,1,6817,server_token_ids,1785511569037487138,1456.461123,68.016223,6,""" brief"""
phase2-full-grid-rerun-20260731-l4-l4-tp1-f2040-i32-o32-r10-rep2-seg1-attempt2,phase2-full-grid-rerun-20260731-l4-l4-tp1-f2040-i32-o32-r10-rep2-seg1-attempt2-00056-c5a23258fdf5,20,20,0,1,23094,server_token_ids,1785511569106109364,1525.083349,68.622226,9,""" overview"""
phase2-full-grid-rerun-20260731-l4-l4-tp1-f2040-i32-o32-r10-rep2-seg1-attempt2,phase2-full-grid-rerun-20260731-l4-l4-tp1-f2040-i32-o32-r10-rep2-seg1-attempt2-00056-c5a23258fdf5,21,21,0,1,302,server_token_ids,1785511569165447235,1584.42122,59.337871,3,""" of"""
phase2-full-grid-rerun-20260731-l4-l4-tp1-f2040-i32-o32-r10-rep2-seg1-attempt2,phase2-full-grid-rerun-20260731-l4-l4-tp1-f2040-i32-o32-r10-rep2-seg1-attempt2-00056-c5a23258fdf5,22,22,0,1,272,server_token_ids,1785511569244012936,1662.986921,78.565701,4,""" the"""
phase2-full-grid-rerun-20260731-l4-l4-tp1-f2040-i32-o32-r10-rep2-seg1-attempt2,phase2-full-grid-rerun-20260731-l4-l4-tp1-f2040-i32-o32-r10-rep2-seg1-attempt2-00056-c5a23258fdf5,23,23,0,1,1759,server_token_ids,1785511569298937645,1717.91163,54.924709,8,""" process"""
phase2-full-grid-rerun-20260731-l4-l4-tp1-f2040-i32-o32-r10-rep2-seg1-attempt2,phase2-full-grid-rerun-20260731-l4-l4-tp1-f2040-i32-o32-r10-rep2-seg1-attempt2-00056-c5a23258fdf5,24,24,0,1,302,server_token_ids,1785511569366763560,1785.737545,67.825915,3,""" of"""
phase2-full-grid-rerun-20260731-l4-l4-tp1-f2040-i32-o32-r10-rep2-seg1-attempt2,phase2-full-grid-rerun-20260731-l4-l4-tp1-f2040-i32-o32-r10-rep2-seg1-attempt2-00056-c5a23258fdf5,25,25,0,1,6818,server_token_ids,1785511569432097305,1851.07129,65.333745,9,""" creating"""
phase2-full-grid-rerun-20260731-l4-l4-tp1-f2040-i32-o32-r10-rep2-seg1-attempt2,phase2-full-grid-rerun-20260731-l4-l4-tp1-f2040-i32-o32-r10-rep2-seg1-attempt2-00056-c5a23258fdf5,26,26,0,1,264,server_token_ids,1785511569496685964,1915.659949,64.588659,2,""" a"""
phase2-full-grid-rerun-20260731-l4-l4-tp1-f2040-i32-o32-r10-rep2-seg1-attempt2,phase2-full-grid-rerun-20260731-l4-l4-tp1-f2040-i32-o32-r10-rep2-seg1-attempt2-00056-c5a23258fdf5,27,27,0,1,633,server_token_ids,1785511569562717725,1981.69171,66.031761,4,""" new"""
phase2-full-grid-rerun-20260731-l4-l4-tp1-f2040-i32-o32-r10-rep2-seg1-attempt2,phase2-full-grid-rerun-20260731-l4-l4-tp1-f2040-i32-o32-r10-rep2-seg1-attempt2-00056-c5a23258fdf5,28,28,0,1,4597,server_token_ids,1785511569629345330,2048.319315,66.627605,7,""" module"""
phase2-full-grid-rerun-20260731-l4-l4-tp1-f2040-i32-o32-r10-rep2-seg1-attempt2,phase2-full-grid-rerun-20260731-l4-l4-tp1-f2040-i32-o32-r10-rep2-seg1-attempt2-00056-c5a23258fdf5,29,29,0,1,354,server_token_ids,1785511569698024958,2116.998943,68.679628,4,""" for"""
phase2-full-grid-rerun-20260731-l4-l4-tp1-f2040-i32-o32-r10-rep2-seg1-attempt2,phase2-full-grid-rerun-20260731-l4-l4-tp1-f2040-i32-o32-r10-rep2-seg1-attempt2-00056-c5a23258fdf5,30,30,0,1,272,server_token_ids,1785511569761377391,2180.351376,63.352433,4,""" the"""
phase2-full-grid-rerun-20260731-l4-l4-tp1-f2040-i32-o32-r10-rep2-seg1-attempt2,phase2-full-grid-rerun-20260731-l4-l4-tp1-f2040-i32-o32-r10-rep2-seg1-attempt2-00056-c5a23258fdf5,31,31,0,1,5629,server_token_ids,1785511569828104096,2247.078081,66.726705,5,""" Open"""
phase2-full-grid-rerun-20260731-l4-l4-tp1-f2040-i32-o32-r10-rep2-seg1-attempt2,phase2-full-grid-rerun-20260731-l4-l4-tp1-f2040-i32-o32-r10-rep2-seg1-attempt2-00057-2417aa414e61,0,0,0,1,13,server_token_ids,1785511567840862769,158.694831,,1,"""\n"""
phase2-full-grid-rerun-20260731-l4-l4-tp1-f2040-i32-o32-r10-rep2-seg1-attempt2,phase2-full-grid-rerun-20260731-l4-l4-tp1-f2040-i32-o32-r10-rep2-seg1-attempt2-00057-2417aa414e61,1,1,0,1,13,server_token_ids,1785511567914869912,232.701974,74.007143,1,"""\n"""
phase2-full-grid-rerun-20260731-l4-l4-tp1-f2040-i32-o32-r10-rep2-seg1-attempt2,phase2-full-grid-rerun-20260731-l4-l4-tp1-f2040-i32-o32-r10-rep2-seg1-attempt2-00057-2417aa414e61,2,2,0,1,1064,server_token_ids,1785511567974714976,292.547038,59.845064,2,"""##"""
phase2-full-grid-rerun-20260731-l4-l4-tp1-f2040-i32-o32-r10-rep2-seg1-attempt2,phase2-full-grid-rerun-20260731-l4-l4-tp1-f2040-i32-o32-r10-rep2-seg1-attempt2-00057-2417aa414e61,3,3,0,1,28705,server_token_ids,1785511568040106674,357.938736,65.391698,1,""" """
phase2-full-grid-rerun-20260731-l4-l4-tp1-f2040-i32-o32-r10-rep2-seg1-attempt2,phase2-full-grid-rerun-20260731-l4-l4-tp1-f2040-i32-o32-r10-rep2-seg1-attempt2-00057-2417aa414e61,4,4,0,1,28740,server_token_ids,1785511568104813586,422.645648,64.706912,1,"""1"""
phase2-full-grid-rerun-20260731-l4-l4-tp1-f2040-i32-o32-r10-rep2-seg1-attempt2,phase2-full-grid-rerun-20260731-l4-l4-tp1-f2040-i32-o32-r10-rep2-seg1-attempt2-00057-2417aa414e61,5,5,0,1,28723,server_token_ids,1785511568173710736,491.542798,68.89715,1,"""."""
phase2-full-grid-rerun-20260731-l4-l4-tp1-f2040-i32-o32-r10-rep2-seg1-attempt2,phase2-full-grid-rerun-20260731-l4-l4-tp1-f2040-i32-o32-r10-rep2-seg1-attempt2-00057-2417aa414e61,6,6,0,1,23628,server_token_ids,1785511568250488557,568.320619,76.777821,13,""" Introduction"""
phase2-full-grid-rerun-20260731-l4-l4-tp1-f2040-i32-o32-r10-rep2-seg1-attempt2,phase2-full-grid-rerun-20260731-l4-l4-tp1-f2040-i32-o32-r10-rep2-seg1-attempt2-00057-2417aa414e61,7,7,0,1,13,server_token_ids,1785511568314622321,632.454383,64.133764,1,"""\n"""
phase2-full-grid-rerun-20260731-l4-l4-tp1-f2040-i32-o32-r10-rep2-seg1-attempt2,phase2-full-grid-rerun-20260731-l4-l4-tp1-f2040-i32-o32-r10-rep2-seg1-attempt2-00057-2417aa414e61,8,8,0,1,13,server_token_ids,1785511568372581148,690.41321,57.958827,1,"""\n"""
phase2-full-grid-rerun-20260731-l4-l4-tp1-f2040-i32-o32-r10-rep2-seg1-attempt2,phase2-full-grid-rerun-20260731-l4-l4-tp1-f2040-i32-o32-r10-rep2-seg1-attempt2-00057-2417aa414e61,9,9,0,1,1014,server_token_ids,1785511568451520516,769.352578,78.939368,3,"""The"""
phase2-full-grid-rerun-20260731-l4-l4-tp1-f2040-i32-o32-r10-rep2-seg1-attempt2,phase2-full-grid-rerun-20260731-l4-l4-tp1-f2040-i32-o32-r10-rep2-seg1-attempt2-00057-2417aa414e61,10,10,0,1,583,server_token_ids,1785511568510609605,828.441667,59.089089,2,""" _"""
phase2-full-grid-rerun-20260731-l4-l4-tp1-f2040-i32-o32-r10-rep2-seg1-attempt2,phase2-full-grid-rerun-20260731-l4-l4-tp1-f2040-i32-o32-r10-rep2-seg1-attempt2-00057-2417aa414e61,11,11,0,1,28765,server_token_ids,1785511568570362398,888.19446,59.752793,1,"""F"""
phase2-full-grid-rerun-20260731-l4-l4-tp1-f2040-i32-o32-r10-rep2-seg1-attempt2,phase2-full-grid-rerun-20260731-l4-l4-tp1-f2040-i32-o32-r10-rep2-seg1-attempt2-00057-2417aa414e61,12,12,0,1,18296,server_token_ids,1785511568639879206,957.711268,69.516808,7,"""raction"""
phase2-full-grid-rerun-20260731-l4-l4-tp1-f2040-i32-o32-r10-rep2-seg1-attempt2,phase2-full-grid-rerun-20260731-l4-l4-tp1-f2040-i32-o32-r10-rep2-seg1-attempt2-00057-2417aa414e61,13,13,0,1,282,server_token_ids,1785511568701528417,1019.360479,61.649211,2,"""al"""
phase2-full-grid-rerun-20260731-l4-l4-tp1-f2040-i32-o32-r10-rep2-seg1-attempt2,phase2-full-grid-rerun-20260731-l4-l4-tp1-f2040-i32-o32-r10-rep2-seg1-attempt2-00057-2417aa414e61,14,14,0,1,3885,server_token_ids,1785511568769947384,1087.779446,68.418967,6,""" State"""
phase2-full-grid-rerun-20260731-l4-l4-tp1-f2040-i32-o32-r10-rep2-seg1-attempt2,phase2-full-grid-rerun-20260731-l4-l4-tp1-f2040-i32-o32-r10-rep2-seg1-attempt2-00057-2417aa414e61,15,15,0,1,28730,server_token_ids,1785511568838417459,1156.249521,68.470075,1,"""_"""
phase2-full-grid-rerun-20260731-l4-l4-tp1-f2040-i32-o32-r10-rep2-seg1-attempt2,phase2-full-grid-rerun-20260731-l4-l4-tp1-f2040-i32-o32-r10-rep2-seg1-attempt2-00057-2417aa414e61,16,16,0,1,302,server_token_ids,1785511568900224534,1218.056596,61.807075,3,""" of"""
phase2-full-grid-rerun-20260731-l4-l4-tp1-f2040-i32-o32-r10-rep2-seg1-attempt2,phase2-full-grid-rerun-20260731-l4-l4-tp1-f2040-i32-o32-r10-rep2-seg1-attempt2-00057-2417aa414e61,17,17,0,1,272,server_token_ids,1785511568966109886,1283.941948,65.885352,4,""" the"""
phase2-full-grid-rerun-20260731-l4-l4-tp1-f2040-i32-o32-r10-rep2-seg1-attempt2,phase2-full-grid-rerun-20260731-l4-l4-tp1-f2040-i32-o32-r10-rep2-seg1-attempt2-00057-2417aa414e61,18,18,0,1,1524,server_token_ids,1785511569037094569,1354.926631,70.984683,4,""" art"""
phase2-full-grid-rerun-20260731-l4-l4-tp1-f2040-i32-o32-r10-rep2-seg1-attempt2,phase2-full-grid-rerun-20260731-l4-l4-tp1-f2040-i32-o32-r10-rep2-seg1-attempt2-00057-2417aa414e61,19,19,0,1,349,server_token_ids,1785511569105735549,1423.567611,68.64098,3,""" is"""
phase2-full-grid-rerun-20260731-l4-l4-tp1-f2040-i32-o32-r10-rep2-seg1-attempt2,phase2-full-grid-rerun-20260731-l4-l4-tp1-f2040-i32-o32-r10-rep2-seg1-attempt2-00057-2417aa414e61,20,20,0,1,264,server_token_ids,1785511569165070431,1482.902493,59.334882,2,""" a"""
phase2-full-grid-rerun-20260731-l4-l4-tp1-f2040-i32-o32-r10-rep2-seg1-attempt2,phase2-full-grid-rerun-20260731-l4-l4-tp1-f2040-i32-o32-r10-rep2-seg1-attempt2-00057-2417aa414e61,21,21,0,1,1215,server_token_ids,1785511569236644939,1554.477001,71.574508,5,""" very"""
phase2-full-grid-rerun-20260731-l4-l4-tp1-f2040-i32-o32-r10-rep2-seg1-attempt2,phase2-full-grid-rerun-20260731-l4-l4-tp1-f2040-i32-o32-r10-rep2-seg1-attempt2-00057-2417aa414e61,22,22,0,1,2278,server_token_ids,1785511569298502450,1616.334512,61.857511,10,""" important"""
phase2-full-grid-rerun-20260731-l4-l4-tp1-f2040-i32-o32-r10-rep2-seg1-attempt2,phase2-full-grid-rerun-20260731-l4-l4-tp1-f2040-i32-o32-r10-rep2-seg1-attempt2-00057-2417aa414e61,23,23,0,1,5935,server_token_ids,1785511569367298347,1685.130409,68.795897,8,""" concept"""
phase2-full-grid-rerun-20260731-l4-l4-tp1-f2040-i32-o32-r10-rep2-seg1-attempt2,phase2-full-grid-rerun-20260731-l4-l4-tp1-f2040-i32-o32-r10-rep2-seg1-attempt2-00057-2417aa414e61,24,24,0,1,297,server_token_ids,1785511569432611209,1750.443271,65.312862,3,""" in"""
phase2-full-grid-rerun-20260731-l4-l4-tp1-f2040-i32-o32-r10-rep2-seg1-attempt2,phase2-full-grid-rerun-20260731-l4-l4-tp1-f2040-i32-o32-r10-rep2-seg1-attempt2-00057-2417aa414e61,25,25,0,1,272,server_token_ids,1785511569497390661,1815.222723,64.779452,4,""" the"""
phase2-full-grid-rerun-20260731-l4-l4-tp1-f2040-i32-o32-r10-rep2-seg1-attempt2,phase2-full-grid-rerun-20260731-l4-l4-tp1-f2040-i32-o32-r10-rep2-seg1-attempt2-00057-2417aa414e61,26,26,0,1,1834,server_token_ids,1785511569563211311,1881.043373,65.82065,6,""" field"""
phase2-full-grid-rerun-20260731-l4-l4-tp1-f2040-i32-o32-r10-rep2-seg1-attempt2,phase2-full-grid-rerun-20260731-l4-l4-tp1-f2040-i32-o32-r10-rep2-seg1-attempt2-00057-2417aa414e61,27,27,0,1,302,server_token_ids,1785511569629962748,1947.79481,66.751437,3,""" of"""
phase2-full-grid-rerun-20260731-l4-l4-tp1-f2040-i32-o32-r10-rep2-seg1-attempt2,phase2-full-grid-rerun-20260731-l4-l4-tp1-f2040-i32-o32-r10-rep2-seg1-attempt2-00057-2417aa414e61,28,28,0,1,16872,server_token_ids,1785511569700084190,2017.916252,70.121442,9,""" mathemat"""
phase2-full-grid-rerun-20260731-l4-l4-tp1-f2040-i32-o32-r10-rep2-seg1-attempt2,phase2-full-grid-rerun-20260731-l4-l4-tp1-f2040-i32-o32-r10-rep2-seg1-attempt2-00057-2417aa414e61,29,29,0,1,1063,server_token_ids,1785511569764463101,2082.295163,64.378911,3,"""ics"""
phase2-full-grid-rerun-20260731-l4-l4-tp1-f2040-i32-o32-r10-rep2-seg1-attempt2,phase2-full-grid-rerun-20260731-l4-l4-tp1-f2040-i32-o32-r10-rep2-seg1-attempt2-00057-2417aa414e61,30,30,0,1,28723,server_token_ids,1785511569828642469,2146.474531,64.179368,1,"""."""
phase2-full-grid-rerun-20260731-l4-l4-tp1-f2040-i32-o32-r10-rep2-seg1-attempt2,phase2-full-grid-rerun-20260731-l4-l4-tp1-f2040-i32-o32-r10-rep2-seg1-attempt2-00057-2417aa414e61,31,31,0,1,415,server_token_ids,1785511569900132343,2217.964405,71.489874,4,""" The"""
phase2-full-grid-rerun-20260731-l4-l4-tp1-f2040-i32-o32-r10-rep2-seg1-attempt2,phase2-full-grid-rerun-20260731-l4-l4-tp1-f2040-i32-o32-r10-rep2-seg1-attempt2-00058-fb8c190e65b2,0,0,0,1,13,server_token_ids,1785511567970206757,189.111125,,1,"""\n"""
phase2-full-grid-rerun-20260731-l4-l4-tp1-f2040-i32-o32-r10-rep2-seg1-attempt2,phase2-full-grid-rerun-20260731-l4-l4-tp1-f2040-i32-o32-r10-rep2-seg1-attempt2-00058-fb8c190e65b2,1,1,0,1,13,server_token_ids,1785511568038674294,257.578662,68.467537,1,"""\n"""
phase2-full-grid-rerun-20260731-l4-l4-tp1-f2040-i32-o32-r10-rep2-seg1-attempt2,phase2-full-grid-rerun-20260731-l4-l4-tp1-f2040-i32-o32-r10-rep2-seg1-attempt2-00058-fb8c190e65b2,2,2,0,1,28771,server_token_ids,1785511568103510720,322.415088,64.836426,1,"""#"""
phase2-full-grid-rerun-20260731-l4-l4-tp1-f2040-i32-o32-r10-rep2-seg1-attempt2,phase2-full-grid-rerun-20260731-l4-l4-tp1-f2040-i32-o32-r10-rep2-seg1-attempt2-00058-fb8c190e65b2,3,3,0,1,28705,server_token_ids,1785511568169674426,388.578794,66.163706,1,""" """
phase2-full-grid-rerun-20260731-l4-l4-tp1-f2040-i32-o32-r10-rep2-seg1-attempt2,phase2-full-grid-rerun-20260731-l4-l4-tp1-f2040-i32-o32-r10-rep2-seg1-attempt2-00058-fb8c190e65b2,4,4,0,1,28740,server_token_ids,1785511568237981475,456.885843,68.307049,1,"""1"""
phase2-full-grid-rerun-20260731-l4-l4-tp1-f2040-i32-o32-r10-rep2-seg1-attempt2,phase2-full-grid-rerun-20260731-l4-l4-tp1-f2040-i32-o32-r10-rep2-seg1-attempt2-00058-fb8c190e65b2,5,5,0,1,28734,server_token_ids,1785511568304306553,523.210921,66.325078,1,"""0"""
phase2-full-grid-rerun-20260731-l4-l4-tp1-f2040-i32-o32-r10-rep2-seg1-attempt2,phase2-full-grid-rerun-20260731-l4-l4-tp1-f2040-i32-o32-r10-rep2-seg1-attempt2-00058-fb8c190e65b2,6,6,0,1,28734,server_token_ids,1785511568368260901,587.165269,63.954348,1,"""0"""
phase2-full-grid-rerun-20260731-l4-l4-tp1-f2040-i32-o32-r10-rep2-seg1-attempt2,phase2-full-grid-rerun-20260731-l4-l4-tp1-f2040-i32-o32-r10-rep2-seg1-attempt2-00058-fb8c190e65b2,7,7,0,1,28823,server_token_ids,1785511568440943020,659.847388,72.682119,1,"""%"""
phase2-full-grid-rerun-20260731-l4-l4-tp1-f2040-i32-o32-r10-rep2-seg1-attempt2,phase2-full-grid-rerun-20260731-l4-l4-tp1-f2040-i32-o32-r10-rep2-seg1-attempt2-00058-fb8c190e65b2,8,8,0,1,18847,server_token_ids,1785511568509368759,728.273127,68.425739,8,""" Working"""
phase2-full-grid-rerun-20260731-l4-l4-tp1-f2040-i32-o32-r10-rep2-seg1-attempt2,phase2-full-grid-rerun-20260731-l4-l4-tp1-f2040-i32-o32-r10-rep2-seg1-attempt2-00058-fb8c190e65b2,9,9,0,1,10011,server_token_ids,1785511568569006285,787.910653,59.637526,7,""" Method"""
phase2-full-grid-rerun-20260731-l4-l4-tp1-f2040-i32-o32-r10-rep2-seg1-attempt2,phase2-full-grid-rerun-20260731-l4-l4-tp1-f2040-i32-o32-r10-rep2-seg1-attempt2-00058-fb8c190e65b2,10,10,0,1,1791,server_token_ids,1785511568635465255,854.369623,66.45897,3,""" To"""
phase2-full-grid-rerun-20260731-l4-l4-tp1-f2040-i32-o32-r10-rep2-seg1-attempt2,phase2-full-grid-rerun-20260731-l4-l4-tp1-f2040-i32-o32-r10-rep2-seg1-attempt2-00058-fb8c190e65b2,11,11,0,1,2483,server_token_ids,1785511568700039736,918.944104,64.574481,4,""" Get"""
phase2-full-grid-rerun-20260731-l4-l4-tp1-f2040-i32-o32-r10-rep2-seg1-attempt2,phase2-full-grid-rerun-20260731-l4-l4-tp1-f2040-i32-o32-r10-rep2-seg1-attempt2-00058-fb8c190e65b2,12,12,0,1,5228,server_token_ids,1785511568768599332,987.5037,68.559596,5,""" Free"""
phase2-full-grid-rerun-20260731-l4-l4-tp1-f2040-i32-o32-r10-rep2-seg1-attempt2,phase2-full-grid-rerun-20260731-l4-l4-tp1-f2040-i32-o32-r10-rep2-seg1-attempt2-00058-fb8c190e65b2,13,13,0,1,6182,server_token_ids,1785511568834416395,1053.320763,65.817063,7,""" Google"""
phase2-full-grid-rerun-20260731-l4-l4-tp1-f2040-i32-o32-r10-rep2-seg1-attempt2,phase2-full-grid-rerun-20260731-l4-l4-tp1-f2040-i32-o32-r10-rep2-seg1-attempt2-00058-fb8c190e65b2,14,14,0,1,6879,server_token_ids,1785511568898763209,1117.667577,64.346814,5,""" Play"""
phase2-full-grid-rerun-20260731-l4-l4-tp1-f2040-i32-o32-r10-rep2-seg1-attempt2,phase2-full-grid-rerun-20260731-l4-l4-tp1-f2040-i32-o32-r10-rep2-seg1-attempt2-00058-fb8c190e65b2,15,15,0,1,420,server_token_ids,1785511568964761503,1183.665871,65.998294,2,""" G"""
phase2-full-grid-rerun-20260731-l4-l4-tp1-f2040-i32-o32-r10-rep2-seg1-attempt2,phase2-full-grid-rerun-20260731-l4-l4-tp1-f2040-i32-o32-r10-rep2-seg1-attempt2-00058-fb8c190e65b2,16,16,0,1,1795,server_token_ids,1785511569033378116,1252.282484,68.616613,3,"""ift"""
phase2-full-grid-rerun-20260731-l4-l4-tp1-f2040-i32-o32-r10-rep2-seg1-attempt2,phase2-full-grid-rerun-20260731-l4-l4-tp1-f2040-i32-o32-r10-rep2-seg1-attempt2-00058-fb8c190e65b2,17,17,0,1,8564,server_token_ids,1785511569097917414,1316.821782,64.539298,5,""" Card"""
phase2-full-grid-rerun-20260731-l4-l4-tp1-f2040-i32-o32-r10-rep2-seg1-attempt2,phase2-full-grid-rerun-20260731-l4-l4-tp1-f2040-i32-o32-r10-rep2-seg1-attempt2-00058-fb8c190e65b2,18,18,0,1,334,server_token_ids,1785511569163820849,1382.725217,65.903435,2,""" C"""
phase2-full-grid-rerun-20260731-l4-l4-tp1-f2040-i32-o32-r10-rep2-seg1-attempt2,phase2-full-grid-rerun-20260731-l4-l4-tp1-f2040-i32-o32-r10-rep2-seg1-attempt2-00058-fb8c190e65b2,19,19,0,1,2804,server_token_ids,1785511569232585036,1451.489404,68.764187,4,"""odes"""
phase2-full-grid-rerun-20260731-l4-l4-tp1-f2040-i32-o32-r10-rep2-seg1-attempt2,phase2-full-grid-rerun-20260731-l4-l4-tp1-f2040-i32-o32-r10-rep2-seg1-attempt2-00058-fb8c190e65b2,20,20,0,1,13,server_token_ids,1785511569297035351,1515.939719,64.450315,1,"""\n"""
phase2-full-grid-rerun-20260731-l4-l4-tp1-f2040-i32-o32-r10-rep2-seg1-attempt2,phase2-full-grid-rerun-20260731-l4-l4-tp1-f2040-i32-o32-r10-rep2-seg1-attempt2-00058-fb8c190e65b2,21,21,0,1,13,server_token_ids,1785511569363131311,1582.035679,66.09596,1,"""\n"""
phase2-full-grid-rerun-20260731-l4-l4-tp1-f2040-i32-o32-r10-rep2-seg1-attempt2,phase2-full-grid-rerun-20260731-l4-l4-tp1-f2040-i32-o32-r10-rep2-seg1-attempt2-00058-fb8c190e65b2,22,22,0,1,16922,server_token_ids,1785511569431522133,1650.426501,68.390822,6,"""Google"""
phase2-full-grid-rerun-20260731-l4-l4-tp1-f2040-i32-o32-r10-rep2-seg1-attempt2,phase2-full-grid-rerun-20260731-l4-l4-tp1-f2040-i32-o32-r10-rep2-seg1-attempt2-00058-fb8c190e65b2,23,23,0,1,6879,server_token_ids,1785511569495617076,1714.521444,64.094943,5,""" Play"""
phase2-full-grid-rerun-20260731-l4-l4-tp1-f2040-i32-o32-r10-rep2-seg1-attempt2,phase2-full-grid-rerun-20260731-l4-l4-tp1-f2040-i32-o32-r10-rep2-seg1-attempt2-00058-fb8c190e65b2,24,24,0,1,420,server_token_ids,1785511569561759822,1780.66419,66.142746,2,""" G"""
phase2-full-grid-rerun-20260731-l4-l4-tp1-f2040-i32-o32-r10-rep2-seg1-attempt2,phase2-full-grid-rerun-20260731-l4-l4-tp1-f2040-i32-o32-r10-rep2-seg1-attempt2-00058-fb8c190e65b2,25,25,0,1,1795,server_token_ids,1785511569628757523,1847.661891,66.997701,3,"""ift"""
phase2-full-grid-rerun-20260731-l4-l4-tp1-f2040-i32-o32-r10-rep2-seg1-attempt2,phase2-full-grid-rerun-20260731-l4-l4-tp1-f2040-i32-o32-r10-rep2-seg1-attempt2-00058-fb8c190e65b2,26,26,0,1,8564,server_token_ids,1785511569696858848,1915.763216,68.101325,5,""" Card"""
phase2-full-grid-rerun-20260731-l4-l4-tp1-f2040-i32-o32-r10-rep2-seg1-attempt2,phase2-full-grid-rerun-20260731-l4-l4-tp1-f2040-i32-o32-r10-rep2-seg1-attempt2-00058-fb8c190e65b2,27,27,0,1,349,server_token_ids,1785511569760375521,1979.279889,63.516673,3,""" is"""
phase2-full-grid-rerun-20260731-l4-l4-tp1-f2040-i32-o32-r10-rep2-seg1-attempt2,phase2-full-grid-rerun-20260731-l4-l4-tp1-f2040-i32-o32-r10-rep2-seg1-attempt2-00058-fb8c190e65b2,28,28,0,1,264,server_token_ids,1785511569827013409,2045.917777,66.637888,2,""" a"""
phase2-full-grid-rerun-20260731-l4-l4-tp1-f2040-i32-o32-r10-rep2-seg1-attempt2,phase2-full-grid-rerun-20260731-l4-l4-tp1-f2040-i32-o32-r10-rep2-seg1-attempt2-00058-fb8c190e65b2,29,29,0,1,7153,server_token_ids,1785511569894461112,2113.36548,67.447703,8,""" digital"""
phase2-full-grid-rerun-20260731-l4-l4-tp1-f2040-i32-o32-r10-rep2-seg1-attempt2,phase2-full-grid-rerun-20260731-l4-l4-tp1-f2040-i32-o32-r10-rep2-seg1-attempt2-00058-fb8c190e65b2,30,30,0,1,7875,server_token_ids,1785511569958938456,2177.842824,64.477344,5,""" gift"""
phase2-full-grid-rerun-20260731-l4-l4-tp1-f2040-i32-o32-r10-rep2-seg1-attempt2,phase2-full-grid-rerun-20260731-l4-l4-tp1-f2040-i32-o32-r10-rep2-seg1-attempt2-00058-fb8c190e65b2,31,31,0,1,4148,server_token_ids,1785511570025818321,2244.722689,66.879865,5,""" card"""
phase2-full-grid-rerun-20260731-l4-l4-tp1-f2040-i32-o32-r10-rep2-seg1-attempt2,phase2-full-grid-rerun-20260731-l4-l4-tp1-f2040-i32-o32-r10-rep2-seg1-attempt2-00059-bd88f452f3c1,0,0,0,1,13,server_token_ids,1785511568040427780,157.379181,,1,"""\n"""
phase2-full-grid-rerun-20260731-l4-l4-tp1-f2040-i32-o32-r10-rep2-seg1-attempt2,phase2-full-grid-rerun-20260731-l4-l4-tp1-f2040-i32-o32-r10-rep2-seg1-attempt2-00059-bd88f452f3c1,1,1,0,1,13,server_token_ids,1785511568105137862,222.089263,64.710082,1,"""\n"""
phase2-full-grid-rerun-20260731-l4-l4-tp1-f2040-i32-o32-r10-rep2-seg1-attempt2,phase2-full-grid-rerun-20260731-l4-l4-tp1-f2040-i32-o32-r10-rep2-seg1-attempt2-00059-bd88f452f3c1,2,2,0,1,1064,server_token_ids,1785511568174013325,290.964726,68.875463,2,"""##"""
phase2-full-grid-rerun-20260731-l4-l4-tp1-f2040-i32-o32-r10-rep2-seg1-attempt2,phase2-full-grid-rerun-20260731-l4-l4-tp1-f2040-i32-o32-r10-rep2-seg1-attempt2-00059-bd88f452f3c1,3,3,0,1,28705,server_token_ids,1785511568250795217,367.746618,76.781892,1,""" """
phase2-full-grid-rerun-20260731-l4-l4-tp1-f2040-i32-o32-r10-rep2-seg1-attempt2,phase2-full-grid-rerun-20260731-l4-l4-tp1-f2040-i32-o32-r10-rep2-seg1-attempt2-00059-bd88f452f3c1,4,4,0,1,28740,server_token_ids,1785511568314915145,431.866546,64.119928,1,"""1"""
phase2-full-grid-rerun-20260731-l4-l4-tp1-f2040-i32-o32-r10-rep2-seg1-attempt2,phase2-full-grid-rerun-20260731-l4-l4-tp1-f2040-i32-o32-r10-rep2-seg1-attempt2-00059-bd88f452f3c1,5,5,0,1,28723,server_token_ids,1785511568372896970,489.848371,57.981825,1,"""."""
phase2-full-grid-rerun-20260731-l4-l4-tp1-f2040-i32-o32-r10-rep2-seg1-attempt2,phase2-full-grid-rerun-20260731-l4-l4-tp1-f2040-i32-o32-r10-rep2-seg1-attempt2-00059-bd88f452f3c1,6,6,0,1,23628,server_token_ids,1785511568451824865,568.776266,78.927895,13,""" Introduction"""
phase2-full-grid-rerun-20260731-l4-l4-tp1-f2040-i32-o32-r10-rep2-seg1-attempt2,phase2-full-grid-rerun-20260731-l4-l4-tp1-f2040-i32-o32-r10-rep2-seg1-attempt2-00059-bd88f452f3c1,7,7,0,1,13,server_token_ids,1785511568510953244,627.904645,59.128379,1,"""\n"""
phase2-full-grid-rerun-20260731-l4-l4-tp1-f2040-i32-o32-r10-rep2-seg1-attempt2,phase2-full-grid-rerun-20260731-l4-l4-tp1-f2040-i32-o32-r10-rep2-seg1-attempt2-00059-bd88f452f3c1,8,8,0,1,13,server_token_ids,1785511568570671652,687.623053,59.718408,1,"""\n"""
phase2-full-grid-rerun-20260731-l4-l4-tp1-f2040-i32-o32-r10-rep2-seg1-attempt2,phase2-full-grid-rerun-20260731-l4-l4-tp1-f2040-i32-o32-r10-rep2-seg1-attempt2-00059-bd88f452f3c1,9,9,0,1,1014,server_token_ids,1785511568640190610,757.142011,69.518958,3,"""The"""
phase2-full-grid-rerun-20260731-l4-l4-tp1-f2040-i32-o32-r10-rep2-seg1-attempt2,phase2-full-grid-rerun-20260731-l4-l4-tp1-f2040-i32-o32-r10-rep2-seg1-attempt2-00059-bd88f452f3c1,10,10,0,1,6032,server_token_ids,1785511568701956355,818.907756,61.765745,8,""" purpose"""
phase2-full-grid-rerun-20260731-l4-l4-tp1-f2040-i32-o32-r10-rep2-seg1-attempt2,phase2-full-grid-rerun-20260731-l4-l4-tp1-f2040-i32-o32-r10-rep2-seg1-attempt2-00059-bd88f452f3c1,11,11,0,1,302,server_token_ids,1785511568770179121,887.130522,68.222766,3,""" of"""
phase2-full-grid-rerun-20260731-l4-l4-tp1-f2040-i32-o32-r10-rep2-seg1-attempt2,phase2-full-grid-rerun-20260731-l4-l4-tp1-f2040-i32-o32-r10-rep2-seg1-attempt2-00059-bd88f452f3c1,12,12,0,1,456,server_token_ids,1785511568838660462,955.611863,68.481341,5,""" this"""
phase2-full-grid-rerun-20260731-l4-l4-tp1-f2040-i32-o32-r10-rep2-seg1-attempt2,phase2-full-grid-rerun-20260731-l4-l4-tp1-f2040-i32-o32-r10-rep2-seg1-attempt2-00059-bd88f452f3c1,13,13,0,1,3830,server_token_ids,1785511568900443589,1017.39499,61.783127,6,""" paper"""
phase2-full-grid-rerun-20260731-l4-l4-tp1-f2040-i32-o32-r10-rep2-seg1-attempt2,phase2-full-grid-rerun-20260731-l4-l4-tp1-f2040-i32-o32-r10-rep2-seg1-attempt2-00059-bd88f452f3c1,14,14,0,1,349,server_token_ids,1785511568969383586,1086.334987,68.939997,3,""" is"""
phase2-full-grid-rerun-20260731-l4-l4-tp1-f2040-i32-o32-r10-rep2-seg1-attempt2,phase2-full-grid-rerun-20260731-l4-l4-tp1-f2040-i32-o32-r10-rep2-seg1-attempt2-00059-bd88f452f3c1,15,15,0,1,298,server_token_ids,1785511569037397342,1154.348743,68.013756,3,""" to"""
phase2-full-grid-rerun-20260731-l4-l4-tp1-f2040-i32-o32-r10-rep2-seg1-attempt2,phase2-full-grid-rerun-20260731-l4-l4-tp1-f2040-i32-o32-r10-rep2-seg1-attempt2-00059-bd88f452f3c1,16,16,0,1,3084,server_token_ids,1785511569106035331,1222.986732,68.637989,8,""" provide"""
phase2-full-grid-rerun-20260731-l4-l4-tp1-f2040-i32-o32-r10-rep2-seg1-attempt2,phase2-full-grid-rerun-20260731-l4-l4-tp1-f2040-i32-o32-r10-rep2-seg1-attempt2-00059-bd88f452f3c1,17,17,0,1,264,server_token_ids,1785511569165371003,1282.322404,59.335672,2,""" a"""
phase2-full-grid-rerun-20260731-l4-l4-tp1-f2040-i32-o32-r10-rep2-seg1-attempt2,phase2-full-grid-rerun-20260731-l4-l4-tp1-f2040-i32-o32-r10-rep2-seg1-attempt2-00059-bd88f452f3c1,18,18,0,1,15313,server_token_ids,1785511569237099963,1354.051364,71.72896,14,""" comprehensive"""
phase2-full-grid-rerun-20260731-l4-l4-tp1-f2040-i32-o32-r10-rep2-seg1-attempt2,phase2-full-grid-rerun-20260731-l4-l4-tp1-f2040-i32-o32-r10-rep2-seg1-attempt2-00059-bd88f452f3c1,19,19,0,1,4058,server_token_ids,1785511569298856910,1415.808311,61.756947,7,""" review"""
phase2-full-grid-rerun-20260731-l4-l4-tp1-f2040-i32-o32-r10-rep2-seg1-attempt2,phase2-full-grid-rerun-20260731-l4-l4-tp1-f2040-i32-o32-r10-rep2-seg1-attempt2-00059-bd88f452f3c1,20,20,0,1,302,server_token_ids,1785511569367452435,1484.403836,68.595525,3,""" of"""
phase2-full-grid-rerun-20260731-l4-l4-tp1-f2040-i32-o32-r10-rep2-seg1-attempt2,phase2-full-grid-rerun-20260731-l4-l4-tp1-f2040-i32-o32-r10-rep2-seg1-attempt2-00059-bd88f452f3c1,21,21,0,1,272,server_token_ids,1785511569443120490,1560.071891,75.668055,4,""" the"""
phase2-full-grid-rerun-20260731-l4-l4-tp1-f2040-i32-o32-r10-rep2-seg1-attempt2,phase2-full-grid-rerun-20260731-l4-l4-tp1-f2040-i32-o32-r10-rep2-seg1-attempt2-00059-bd88f452f3c1,22,22,0,1,11354,server_token_ids,1785511569497642433,1614.593834,54.521943,11,""" literature"""
phase2-full-grid-rerun-20260731-l4-l4-tp1-f2040-i32-o32-r10-rep2-seg1-attempt2,phase2-full-grid-rerun-20260731-l4-l4-tp1-f2040-i32-o32-r10-rep2-seg1-attempt2-00059-bd88f452f3c1,23,23,0,1,356,server_token_ids,1785511569566127366,1683.078767,68.484933,3,""" on"""
phase2-full-grid-rerun-20260731-l4-l4-tp1-f2040-i32-o32-r10-rep2-seg1-attempt2,phase2-full-grid-rerun-20260731-l4-l4-tp1-f2040-i32-o32-r10-rep2-seg1-attempt2-00059-bd88f452f3c1,24,24,0,1,272,server_token_ids,1785511569630264075,1747.215476,64.136709,4,""" the"""
phase2-full-grid-rerun-20260731-l4-l4-tp1-f2040-i32-o32-r10-rep2-seg1-attempt2,phase2-full-grid-rerun-20260731-l4-l4-tp1-f2040-i32-o32-r10-rep2-seg1-attempt2-00059-bd88f452f3c1,25,25,0,1,6092,server_token_ids,1785511569700409826,1817.361227,70.145751,8,""" effects"""
phase2-full-grid-rerun-20260731-l4-l4-tp1-f2040-i32-o32-r10-rep2-seg1-attempt2,phase2-full-grid-rerun-20260731-l4-l4-tp1-f2040-i32-o32-r10-rep2-seg1-attempt2-00059-bd88f452f3c1,26,26,0,1,302,server_token_ids,1785511569764785889,1881.73729,64.376063,3,""" of"""
phase2-full-grid-rerun-20260731-l4-l4-tp1-f2040-i32-o32-r10-rep2-seg1-attempt2,phase2-full-grid-rerun-20260731-l4-l4-tp1-f2040-i32-o32-r10-rep2-seg1-attempt2-00059-bd88f452f3c1,27,27,0,1,272,server_token_ids,1785511569828947838,1945.899239,64.161949,4,""" the"""
phase2-full-grid-rerun-20260731-l4-l4-tp1-f2040-i32-o32-r10-rep2-seg1-attempt2,phase2-full-grid-rerun-20260731-l4-l4-tp1-f2040-i32-o32-r10-rep2-seg1-attempt2-00059-bd88f452f3c1,28,28,0,1,11747,server_token_ids,1785511569900578424,2017.529825,71.630586,6,""" COVID"""
phase2-full-grid-rerun-20260731-l4-l4-tp1-f2040-i32-o32-r10-rep2-seg1-attempt2,phase2-full-grid-rerun-20260731-l4-l4-tp1-f2040-i32-o32-r10-rep2-seg1-attempt2-00059-bd88f452f3c1,29,29,0,1,28733,server_token_ids,1785511569963244039,2080.19544,62.665615,1,"""-"""
phase2-full-grid-rerun-20260731-l4-l4-tp1-f2040-i32-o32-r10-rep2-seg1-attempt2,phase2-full-grid-rerun-20260731-l4-l4-tp1-f2040-i32-o32-r10-rep2-seg1-attempt2-00059-bd88f452f3c1,30,30,0,1,28740,server_token_ids,1785511570036158759,2153.11016,72.91472,1,"""1"""
phase2-full-grid-rerun-20260731-l4-l4-tp1-f2040-i32-o32-r10-rep2-seg1-attempt2,phase2-full-grid-rerun-20260731-l4-l4-tp1-f2040-i32-o32-r10-rep2-seg1-attempt2-00059-bd88f452f3c1,31,31,0,1,28774,server_token_ids,1785511570096058427,2213.009828,59.899668,1,"""9"""
phase2-full-grid-rerun-20260731-l4-l4-tp1-f2040-i32-o32-r10-rep2-seg1-attempt2,phase2-full-grid-rerun-20260731-l4-l4-tp1-f2040-i32-o32-r10-rep2-seg1-attempt2-00060-8b07c881973c,0,0,0,1,28723,server_token_ids,1785511568169920613,187.956903,,1,"""."""
phase2-full-grid-rerun-20260731-l4-l4-tp1-f2040-i32-o32-r10-rep2-seg1-attempt2,phase2-full-grid-rerun-20260731-l4-l4-tp1-f2040-i32-o32-r10-rep2-seg1-attempt2-00060-8b07c881973c,1,1,0,1,13,server_token_ids,1785511568248120429,266.156719,78.199816,1,"""\n"""
phase2-full-grid-rerun-20260731-l4-l4-tp1-f2040-i32-o32-r10-rep2-seg1-attempt2,phase2-full-grid-rerun-20260731-l4-l4-tp1-f2040-i32-o32-r10-rep2-seg1-attempt2-00060-8b07c881973c,2,2,0,1,13,server_token_ids,1785511568313989965,332.026255,65.869536,1,"""\n"""
phase2-full-grid-rerun-20260731-l4-l4-tp1-f2040-i32-o32-r10-rep2-seg1-attempt2,phase2-full-grid-rerun-20260731-l4-l4-tp1-f2040-i32-o32-r10-rep2-seg1-attempt2-00060-8b07c881973c,3,3,0,1,28771,server_token_ids,1785511568368611479,386.647769,54.621514,1,"""#"""
phase2-full-grid-rerun-20260731-l4-l4-tp1-f2040-i32-o32-r10-rep2-seg1-attempt2,phase2-full-grid-rerun-20260731-l4-l4-tp1-f2040-i32-o32-r10-rep2-seg1-attempt2-00060-8b07c881973c,4,4,0,1,415,server_token_ids,1785511568444574478,462.610768,75.962999,4,""" The"""
phase2-full-grid-rerun-20260731-l4-l4-tp1-f2040-i32-o32-r10-rep2-seg1-attempt2,phase2-full-grid-rerun-20260731-l4-l4-tp1-f2040-i32-o32-r10-rep2-seg1-attempt2-00060-8b07c881973c,5,5,0,1,28705,server_token_ids,1785511568509746879,527.783169,65.172401,1,""" """
phase2-full-grid-rerun-20260731-l4-l4-tp1-f2040-i32-o32-r10-rep2-seg1-attempt2,phase2-full-grid-rerun-20260731-l4-l4-tp1-f2040-i32-o32-r10-rep2-seg1-attempt2-00060-8b07c881973c,6,6,0,1,28740,server_token_ids,1785511568569360201,587.396491,59.613322,1,"""1"""
phase2-full-grid-rerun-20260731-l4-l4-tp1-f2040-i32-o32-r10-rep2-seg1-attempt2,phase2-full-grid-rerun-20260731-l4-l4-tp1-f2040-i32-o32-r10-rep2-seg1-attempt2-00060-8b07c881973c,7,7,0,1,28734,server_token_ids,1785511568638978380,657.01467,69.618179,1,"""0"""
phase2-full-grid-rerun-20260731-l4-l4-tp1-f2040-i32-o32-r10-rep2-seg1-attempt2,phase2-full-grid-rerun-20260731-l4-l4-tp1-f2040-i32-o32-r10-rep2-seg1-attempt2-00060-8b07c881973c,8,8,0,1,5470,server_token_ids,1785511568700500247,718.536537,61.521867,5,""" Best"""
phase2-full-grid-rerun-20260731-l4-l4-tp1-f2040-i32-o32-r10-rep2-seg1-attempt2,phase2-full-grid-rerun-20260731-l4-l4-tp1-f2040-i32-o32-r10-rep2-seg1-attempt2-00060-8b07c881973c,9,9,0,1,1641,server_token_ids,1785511568769015936,787.052226,68.515689,3,""" Pl"""
phase2-full-grid-rerun-20260731-l4-l4-tp1-f2040-i32-o32-r10-rep2-seg1-attempt2,phase2-full-grid-rerun-20260731-l4-l4-tp1-f2040-i32-o32-r10-rep2-seg1-attempt2-00060-8b07c881973c,10,10,0,1,2089,server_token_ids,1785511568834833666,852.869956,65.81773,4,"""aces"""
phase2-full-grid-rerun-20260731-l4-l4-tp1-f2040-i32-o32-r10-rep2-seg1-attempt2,phase2-full-grid-rerun-20260731-l4-l4-tp1-f2040-i32-o32-r10-rep2-seg1-attempt2-00060-8b07c881973c,11,11,0,1,298,server_token_ids,1785511568899618142,917.654432,64.784476,3,""" to"""
phase2-full-grid-rerun-20260731-l4-l4-tp1-f2040-i32-o32-r10-rep2-seg1-attempt2,phase2-full-grid-rerun-20260731-l4-l4-tp1-f2040-i32-o32-r10-rep2-seg1-attempt2-00060-8b07c881973c,12,12,0,1,16660,server_token_ids,1785511568965174242,983.210532,65.5561,6,""" Visit"""
phase2-full-grid-rerun-20260731-l4-l4-tp1-f2040-i32-o32-r10-rep2-seg1-attempt2,phase2-full-grid-rerun-20260731-l4-l4-tp1-f2040-i32-o32-r10-rep2-seg1-attempt2-00060-8b07c881973c,13,13,0,1,297,server_token_ids,1785511569033962294,1051.998584,68.788052,3,""" in"""
phase2-full-grid-rerun-20260731-l4-l4-tp1-f2040-i32-o32-r10-rep2-seg1-attempt2,phase2-full-grid-rerun-20260731-l4-l4-tp1-f2040-i32-o32-r10-rep2-seg1-attempt2-00060-8b07c881973c,14,14,0,1,272,server_token_ids,1785511569105024556,1123.060846,71.062262,4,""" the"""
phase2-full-grid-rerun-20260731-l4-l4-tp1-f2040-i32-o32-r10-rep2-seg1-attempt2,phase2-full-grid-rerun-20260731-l4-l4-tp1-f2040-i32-o32-r10-rep2-seg1-attempt2-00060-8b07c881973c,15,15,0,1,3304,server_token_ids,1785511569164071992,1182.108282,59.047436,6,""" World"""
phase2-full-grid-rerun-20260731-l4-l4-tp1-f2040-i32-o32-r10-rep2-seg1-attempt2,phase2-full-grid-rerun-20260731-l4-l4-tp1-f2040-i32-o32-r10-rep2-seg1-attempt2-00060-8b07c881973c,16,16,0,1,13,server_token_ids,1785511569235983977,1254.020267,71.911985,1,"""\n"""
phase2-full-grid-rerun-20260731-l4-l4-tp1-f2040-i32-o32-r10-rep2-seg1-attempt2,phase2-full-grid-rerun-20260731-l4-l4-tp1-f2040-i32-o32-r10-rep2-seg1-attempt2-00060-8b07c881973c,17,17,0,1,13,server_token_ids,1785511569297369054,1315.405344,61.385077,1,"""\n"""
phase2-full-grid-rerun-20260731-l4-l4-tp1-f2040-i32-o32-r10-rep2-seg1-attempt2,phase2-full-grid-rerun-20260731-l4-l4-tp1-f2040-i32-o32-r10-rep2-seg1-attempt2-00060-8b07c881973c,18,18,0,1,1064,server_token_ids,1785511569366596610,1384.6329,69.227556,2,"""##"""
phase2-full-grid-rerun-20260731-l4-l4-tp1-f2040-i32-o32-r10-rep2-seg1-attempt2,phase2-full-grid-rerun-20260731-l4-l4-tp1-f2040-i32-o32-r10-rep2-seg1-attempt2-00060-8b07c881973c,19,19,0,1,28705,server_token_ids,1785511569431951631,1449.987921,65.355021,1,""" """
phase2-full-grid-rerun-20260731-l4-l4-tp1-f2040-i32-o32-r10-rep2-seg1-attempt2,phase2-full-grid-rerun-20260731-l4-l4-tp1-f2040-i32-o32-r10-rep2-seg1-attempt2-00060-8b07c881973c,20,20,0,1,28740,server_token_ids,1785511569496065040,1514.10133,64.113409,1,"""1"""
phase2-full-grid-rerun-20260731-l4-l4-tp1-f2040-i32-o32-r10-rep2-seg1-attempt2,phase2-full-grid-rerun-20260731-l4-l4-tp1-f2040-i32-o32-r10-rep2-seg1-attempt2-00060-8b07c881973c,21,21,0,1,28723,server_token_ids,1785511569562190050,1580.22634,66.12501,1,"""."""
phase2-full-grid-rerun-20260731-l4-l4-tp1-f2040-i32-o32-r10-rep2-seg1-attempt2,phase2-full-grid-rerun-20260731-l4-l4-tp1-f2040-i32-o32-r10-rep2-seg1-attempt2-00060-8b07c881973c,22,22,0,1,5465,server_token_ids,1785511569629194505,1647.230795,67.004455,6,""" Paris"""
phase2-full-grid-rerun-20260731-l4-l4-tp1-f2040-i32-o32-r10-rep2-seg1-attempt2,phase2-full-grid-rerun-20260731-l4-l4-tp1-f2040-i32-o32-r10-rep2-seg1-attempt2-00060-8b07c881973c,23,23,0,1,28725,server_token_ids,1785511569697304483,1715.340773,68.109978,1,""","""
phase2-full-grid-rerun-20260731-l4-l4-tp1-f2040-i32-o32-r10-rep2-seg1-attempt2,phase2-full-grid-rerun-20260731-l4-l4-tp1-f2040-i32-o32-r10-rep2-seg1-attempt2-00060-8b07c881973c,24,24,0,1,4843,server_token_ids,1785511569761180551,1779.216841,63.876068,7,""" France"""
phase2-full-grid-rerun-20260731-l4-l4-tp1-f2040-i32-o32-r10-rep2-seg1-attempt2,phase2-full-grid-rerun-20260731-l4-l4-tp1-f2040-i32-o32-r10-rep2-seg1-attempt2-00060-8b07c881973c,25,25,0,1,13,server_token_ids,1785511569827887003,1845.923293,66.706452,1,"""\n"""
phase2-full-grid-rerun-20260731-l4-l4-tp1-f2040-i32-o32-r10-rep2-seg1-attempt2,phase2-full-grid-rerun-20260731-l4-l4-tp1-f2040-i32-o32-r10-rep2-seg1-attempt2-00060-8b07c881973c,26,26,0,1,13,server_token_ids,1785511569894866717,1912.903007,66.979714,1,"""\n"""
phase2-full-grid-rerun-20260731-l4-l4-tp1-f2040-i32-o32-r10-rep2-seg1-attempt2,phase2-full-grid-rerun-20260731-l4-l4-tp1-f2040-i32-o32-r10-rep2-seg1-attempt2-00060-8b07c881973c,27,27,0,1,3916,server_token_ids,1785511569959337684,1977.373974,64.470967,3,"""Par"""
phase2-full-grid-rerun-20260731-l4-l4-tp1-f2040-i32-o32-r10-rep2-seg1-attempt2,phase2-full-grid-rerun-20260731-l4-l4-tp1-f2040-i32-o32-r10-rep2-seg1-attempt2-00060-8b07c881973c,28,28,0,1,278,server_token_ids,1785511570035269100,2053.30539,75.931416,2,"""is"""
phase2-full-grid-rerun-20260731-l4-l4-tp1-f2040-i32-o32-r10-rep2-seg1-attempt2,phase2-full-grid-rerun-20260731-l4-l4-tp1-f2040-i32-o32-r10-rep2-seg1-attempt2-00060-8b07c881973c,29,29,0,1,349,server_token_ids,1785511570092365588,2110.401878,57.096488,3,""" is"""
phase2-full-grid-rerun-20260731-l4-l4-tp1-f2040-i32-o32-r10-rep2-seg1-attempt2,phase2-full-grid-rerun-20260731-l4-l4-tp1-f2040-i32-o32-r10-rep2-seg1-attempt2-00060-8b07c881973c,30,30,0,1,272,server_token_ids,1785511570158597193,2176.633483,66.231605,4,""" the"""
phase2-full-grid-rerun-20260731-l4-l4-tp1-f2040-i32-o32-r10-rep2-seg1-attempt2,phase2-full-grid-rerun-20260731-l4-l4-tp1-f2040-i32-o32-r10-rep2-seg1-attempt2-00060-8b07c881973c,31,31,0,1,5565,server_token_ids,1785511570225503512,2243.539802,66.906319,8,""" capital"""
phase2-full-grid-rerun-20260731-l4-l4-tp1-f2040-i32-o32-r10-rep2-seg1-attempt2,phase2-full-grid-rerun-20260731-l4-l4-tp1-f2040-i32-o32-r10-rep2-seg1-attempt2-00061-cce7b6f0d223,0,0,0,1,28712,server_token_ids,1785511568248349854,166.368438,,1,"""r"""
phase2-full-grid-rerun-20260731-l4-l4-tp1-f2040-i32-o32-r10-rep2-seg1-attempt2,phase2-full-grid-rerun-20260731-l4-l4-tp1-f2040-i32-o32-r10-rep2-seg1-attempt2-00061-cce7b6f0d223,1,1,0,1,28731,server_token_ids,1785511568314215166,232.23375,65.865312,1,""")"""
phase2-full-grid-rerun-20260731-l4-l4-tp1-f2040-i32-o32-r10-rep2-seg1-attempt2,phase2-full-grid-rerun-20260731-l4-l4-tp1-f2040-i32-o32-r10-rep2-seg1-attempt2-00061-cce7b6f0d223,2,2,0,1,13,server_token_ids,1785511568368776384,286.794968,54.561218,1,"""\n"""
phase2-full-grid-rerun-20260731-l4-l4-tp1-f2040-i32-o32-r10-rep2-seg1-attempt2,phase2-full-grid-rerun-20260731-l4-l4-tp1-f2040-i32-o32-r10-rep2-seg1-attempt2-00061-cce7b6f0d223,3,3,0,1,13,server_token_ids,1785511568444751839,362.770423,75.975455,1,"""\n"""
phase2-full-grid-rerun-20260731-l4-l4-tp1-f2040-i32-o32-r10-rep2-seg1-attempt2,phase2-full-grid-rerun-20260731-l4-l4-tp1-f2040-i32-o32-r10-rep2-seg1-attempt2-00061-cce7b6f0d223,4,4,0,1,28771,server_token_ids,1785511568509912874,427.931458,65.161035,1,"""#"""
phase2-full-grid-rerun-20260731-l4-l4-tp1-f2040-i32-o32-r10-rep2-seg1-attempt2,phase2-full-grid-rerun-20260731-l4-l4-tp1-f2040-i32-o32-r10-rep2-seg1-attempt2-00061-cce7b6f0d223,5,5,0,1,28705,server_token_ids,1785511568569541981,487.560565,59.629107,1,""" """
phase2-full-grid-rerun-20260731-l4-l4-tp1-f2040-i32-o32-r10-rep2-seg1-attempt2,phase2-full-grid-rerun-20260731-l4-l4-tp1-f2040-i32-o32-r10-rep2-seg1-attempt2-00061-cce7b6f0d223,6,6,0,1,28740,server_token_ids,1785511568639213324,557.231908,69.671343,1,"""1"""
phase2-full-grid-rerun-20260731-l4-l4-tp1-f2040-i32-o32-r10-rep2-seg1-attempt2,phase2-full-grid-rerun-20260731-l4-l4-tp1-f2040-i32-o32-r10-rep2-seg1-attempt2-00061-cce7b6f0d223,7,7,0,1,28734,server_token_ids,1785511568701114520,619.133104,61.901196,1,"""0"""
phase2-full-grid-rerun-20260731-l4-l4-tp1-f2040-i32-o32-r10-rep2-seg1-attempt2,phase2-full-grid-rerun-20260731-l4-l4-tp1-f2040-i32-o32-r10-rep2-seg1-attempt2-00061-cce7b6f0d223,8,8,0,1,28734,server_token_ids,1785511568769531619,687.550203,68.417099,1,"""0"""
phase2-full-grid-rerun-20260731-l4-l4-tp1-f2040-i32-o32-r10-rep2-seg1-attempt2,phase2-full-grid-rerun-20260731-l4-l4-tp1-f2040-i32-o32-r10-rep2-seg1-attempt2-00061-cce7b6f0d223,9,9,0,1,28823,server_token_ids,1785511568835115974,753.134558,65.584355,1,"""%"""
phase2-full-grid-rerun-20260731-l4-l4-tp1-f2040-i32-o32-r10-rep2-seg1-attempt2,phase2-full-grid-rerun-20260731-l4-l4-tp1-f2040-i32-o32-r10-rep2-seg1-attempt2-00061-cce7b6f0d223,10,10,0,1,5228,server_token_ids,1785511568899721093,817.739677,64.605119,5,""" Free"""
phase2-full-grid-rerun-20260731-l4-l4-tp1-f2040-i32-o32-r10-rep2-seg1-attempt2,phase2-full-grid-rerun-20260731-l4-l4-tp1-f2040-i32-o32-r10-rep2-seg1-attempt2-00061-cce7b6f0d223,11,11,0,1,10634,server_token_ids,1785511568965252534,883.271118,65.531441,7,""" Online"""
phase2-full-grid-rerun-20260731-l4-l4-tp1-f2040-i32-o32-r10-rep2-seg1-attempt2,phase2-full-grid-rerun-20260731-l4-l4-tp1-f2040-i32-o32-r10-rep2-seg1-attempt2-00061-cce7b6f0d223,12,12,0,1,384,server_token_ids,1785511569036624312,954.642896,71.371778,2,""" D"""
phase2-full-grid-rerun-20260731-l4-l4-tp1-f2040-i32-o32-r10-rep2-seg1-attempt2,phase2-full-grid-rerun-20260731-l4-l4-tp1-f2040-i32-o32-r10-rep2-seg1-attempt2-00061-cce7b6f0d223,13,13,0,1,1077,server_token_ids,1785511569105248550,1023.267134,68.624238,5,"""ating"""
phase2-full-grid-rerun-20260731-l4-l4-tp1-f2040-i32-o32-r10-rep2-seg1-attempt2,phase2-full-grid-rerun-20260731-l4-l4-tp1-f2040-i32-o32-r10-rep2-seg1-attempt2-00061-cce7b6f0d223,14,14,0,1,297,server_token_ids,1785511569164233004,1082.251588,58.984454,3,""" in"""
phase2-full-grid-rerun-20260731-l4-l4-tp1-f2040-i32-o32-r10-rep2-seg1-attempt2,phase2-full-grid-rerun-20260731-l4-l4-tp1-f2040-i32-o32-r10-rep2-seg1-attempt2-00061-cce7b6f0d223,15,15,0,1,6082,server_token_ids,1785511569236156149,1154.174733,71.923145,7,""" Canada"""
phase2-full-grid-rerun-20260731-l4-l4-tp1-f2040-i32-o32-r10-rep2-seg1-attempt2,phase2-full-grid-rerun-20260731-l4-l4-tp1-f2040-i32-o32-r10-rep2-seg1-attempt2-00061-cce7b6f0d223,16,16,0,1,28725,server_token_ids,1785511569298003026,1216.02161,61.846877,1,""","""
phase2-full-grid-rerun-20260731-l4-l4-tp1-f2040-i32-o32-r10-rep2-seg1-attempt2,phase2-full-grid-rerun-20260731-l4-l4-tp1-f2040-i32-o32-r10-rep2-seg1-attempt2-00061-cce7b6f0d223,17,17,0,1,9688,server_token_ids,1785511569366845079,1284.863663,68.842053,3,""" ON"""
phase2-full-grid-rerun-20260731-l4-l4-tp1-f2040-i32-o32-r10-rep2-seg1-attempt2,phase2-full-grid-rerun-20260731-l4-l4-tp1-f2040-i32-o32-r10-rep2-seg1-attempt2-00061-cce7b6f0d223,18,18,0,1,13,server_token_ids,1785511569432172404,1350.190988,65.327325,1,"""\n"""
phase2-full-grid-rerun-20260731-l4-l4-tp1-f2040-i32-o32-r10-rep2-seg1-attempt2,phase2-full-grid-rerun-20260731-l4-l4-tp1-f2040-i32-o32-r10-rep2-seg1-attempt2-00061-cce7b6f0d223,19,19,0,1,13,server_token_ids,1785511569496776753,1414.795337,64.604349,1,"""\n"""
phase2-full-grid-rerun-20260731-l4-l4-tp1-f2040-i32-o32-r10-rep2-seg1-attempt2,phase2-full-grid-rerun-20260731-l4-l4-tp1-f2040-i32-o32-r10-rep2-seg1-attempt2-00061-cce7b6f0d223,20,20,0,1,28740,server_token_ids,1785511569562814692,1480.833276,66.037939,1,"""1"""
phase2-full-grid-rerun-20260731-l4-l4-tp1-f2040-i32-o32-r10-rep2-seg1-attempt2,phase2-full-grid-rerun-20260731-l4-l4-tp1-f2040-i32-o32-r10-rep2-seg1-attempt2-00061-cce7b6f0d223,21,21,0,1,13,server_token_ids,1785511569629423705,1547.442289,66.609013,1,"""\n"""
phase2-full-grid-rerun-20260731-l4-l4-tp1-f2040-i32-o32-r10-rep2-seg1-attempt2,phase2-full-grid-rerun-20260731-l4-l4-tp1-f2040-i32-o32-r10-rep2-seg1-attempt2-00061-cce7b6f0d223,22,22,0,1,13,server_token_ids,1785511569698116783,1616.135367,68.693078,1,"""\n"""
phase2-full-grid-rerun-20260731-l4-l4-tp1-f2040-i32-o32-r10-rep2-seg1-attempt2,phase2-full-grid-rerun-20260731-l4-l4-tp1-f2040-i32-o32-r10-rep2-seg1-attempt2-00061-cce7b6f0d223,23,23,0,1,1064,server_token_ids,1785511569761460387,1679.478971,63.343604,2,"""##"""
phase2-full-grid-rerun-20260731-l4-l4-tp1-f2040-i32-o32-r10-rep2-seg1-attempt2,phase2-full-grid-rerun-20260731-l4-l4-tp1-f2040-i32-o32-r10-rep2-seg1-attempt2-00061-cce7b6f0d223,24,24,0,1,384,server_token_ids,1785511569828302573,1746.321157,66.842186,2,""" D"""
phase2-full-grid-rerun-20260731-l4-l4-tp1-f2040-i32-o32-r10-rep2-seg1-attempt2,phase2-full-grid-rerun-20260731-l4-l4-tp1-f2040-i32-o32-r10-rep2-seg1-attempt2-00061-cce7b6f0d223,25,25,0,1,1077,server_token_ids,1785511569898209116,1816.2277,69.906543,5,"""ating"""
phase2-full-grid-rerun-20260731-l4-l4-tp1-f2040-i32-o32-r10-rep2-seg1-attempt2,phase2-full-grid-rerun-20260731-l4-l4-tp1-f2040-i32-o32-r10-rep2-seg1-attempt2-00061-cce7b6f0d223,26,26,0,1,297,server_token_ids,1785511569959877047,1877.895631,61.667931,3,""" in"""
phase2-full-grid-rerun-20260731-l4-l4-tp1-f2040-i32-o32-r10-rep2-seg1-attempt2,phase2-full-grid-rerun-20260731-l4-l4-tp1-f2040-i32-o32-r10-rep2-seg1-attempt2-00061-cce7b6f0d223,27,27,0,1,6082,server_token_ids,1785511570035458017,1953.476601,75.58097,7,""" Canada"""
phase2-full-grid-rerun-20260731-l4-l4-tp1-f2040-i32-o32-r10-rep2-seg1-attempt2,phase2-full-grid-rerun-20260731-l4-l4-tp1-f2040-i32-o32-r10-rep2-seg1-attempt2-00061-cce7b6f0d223,28,28,0,1,2418,server_token_ids,1785511570095308423,2013.327007,59.850406,4,""" Can"""
phase2-full-grid-rerun-20260731-l4-l4-tp1-f2040-i32-o32-r10-rep2-seg1-attempt2,phase2-full-grid-rerun-20260731-l4-l4-tp1-f2040-i32-o32-r10-rep2-seg1-attempt2-00061-cce7b6f0d223,29,29,0,1,1739,server_token_ids,1785511570159242051,2077.260635,63.933628,3,""" Be"""
phase2-full-grid-rerun-20260731-l4-l4-tp1-f2040-i32-o32-r10-rep2-seg1-attempt2,phase2-full-grid-rerun-20260731-l4-l4-tp1-f2040-i32-o32-r10-rep2-seg1-attempt2-00061-cce7b6f0d223,30,30,0,1,1529,server_token_ids,1785511570234776433,2152.795017,75.534382,3,""" Ex"""
phase2-full-grid-rerun-20260731-l4-l4-tp1-f2040-i32-o32-r10-rep2-seg1-attempt2,phase2-full-grid-rerun-20260731-l4-l4-tp1-f2040-i32-o32-r10-rep2-seg1-attempt2-00061-cce7b6f0d223,31,31,0,1,28717,server_token_ids,1785511570295683366,2213.70195,60.906933,1,"""c"""
phase2-full-grid-rerun-20260731-l4-l4-tp1-f2040-i32-o32-r10-rep2-seg1-attempt2,phase2-full-grid-rerun-20260731-l4-l4-tp1-f2040-i32-o32-r10-rep2-seg1-attempt2-00062-d61430f4a063,0,0,0,1,28705,server_token_ids,1785511568369531244,188.894143,,1,""" """
phase2-full-grid-rerun-20260731-l4-l4-tp1-f2040-i32-o32-r10-rep2-seg1-attempt2,phase2-full-grid-rerun-20260731-l4-l4-tp1-f2040-i32-o32-r10-rep2-seg1-attempt2-00062-d61430f4a063,1,1,0,1,28740,server_token_ids,1785511568451434010,270.796909,81.902766,1,"""1"""
phase2-full-grid-rerun-20260731-l4-l4-tp1-f2040-i32-o32-r10-rep2-seg1-attempt2,phase2-full-grid-rerun-20260731-l4-l4-tp1-f2040-i32-o32-r10-rep2-seg1-attempt2-00062-d61430f4a063,2,2,0,1,28734,server_token_ids,1785511568510277785,329.640684,58.843775,1,"""0"""
phase2-full-grid-rerun-20260731-l4-l4-tp1-f2040-i32-o32-r10-rep2-seg1-attempt2,phase2-full-grid-rerun-20260731-l4-l4-tp1-f2040-i32-o32-r10-rep2-seg1-attempt2-00062-d61430f4a063,3,3,0,1,28734,server_token_ids,1785511568570288406,389.651305,60.010621,1,"""0"""
phase2-full-grid-rerun-20260731-l4-l4-tp1-f2040-i32-o32-r10-rep2-seg1-attempt2,phase2-full-grid-rerun-20260731-l4-l4-tp1-f2040-i32-o32-r10-rep2-seg1-attempt2-00062-d61430f4a063,4,4,0,1,28734,server_token_ids,1785511568639798520,459.161419,69.510114,1,"""0"""
phase2-full-grid-rerun-20260731-l4-l4-tp1-f2040-i32-o32-r10-rep2-seg1-attempt2,phase2-full-grid-rerun-20260731-l4-l4-tp1-f2040-i32-o32-r10-rep2-seg1-attempt2-00062-d61430f4a063,5,5,0,1,28734,server_token_ids,1785511568701444798,520.807697,61.646278,1,"""0"""
phase2-full-grid-rerun-20260731-l4-l4-tp1-f2040-i32-o32-r10-rep2-seg1-attempt2,phase2-full-grid-rerun-20260731-l4-l4-tp1-f2040-i32-o32-r10-rep2-seg1-attempt2-00062-d61430f4a063,6,6,0,1,28734,server_token_ids,1785511568769873647,589.236546,68.428849,1,"""0"""
phase2-full-grid-rerun-20260731-l4-l4-tp1-f2040-i32-o32-r10-rep2-seg1-attempt2,phase2-full-grid-rerun-20260731-l4-l4-tp1-f2040-i32-o32-r10-rep2-seg1-attempt2-00062-d61430f4a063,7,7,0,1,28734,server_token_ids,1785511568838340060,657.702959,68.466413,1,"""0"""
phase2-full-grid-rerun-20260731-l4-l4-tp1-f2040-i32-o32-r10-rep2-seg1-attempt2,phase2-full-grid-rerun-20260731-l4-l4-tp1-f2040-i32-o32-r10-rep2-seg1-attempt2-00062-d61430f4a063,8,8,0,1,28734,server_token_ids,1785511568900147119,719.510018,61.807059,1,"""0"""
phase2-full-grid-rerun-20260731-l4-l4-tp1-f2040-i32-o32-r10-rep2-seg1-attempt2,phase2-full-grid-rerun-20260731-l4-l4-tp1-f2040-i32-o32-r10-rep2-seg1-attempt2-00062-d61430f4a063,9,9,0,1,28734,server_token_ids,1785511568966025952,785.388851,65.878833,1,"""0"""
phase2-full-grid-rerun-20260731-l4-l4-tp1-f2040-i32-o32-r10-rep2-seg1-attempt2,phase2-full-grid-rerun-20260731-l4-l4-tp1-f2040-i32-o32-r10-rep2-seg1-attempt2-00062-d61430f4a063,10,10,0,1,28734,server_token_ids,1785511569037021784,856.384683,70.995832,1,"""0"""
phase2-full-grid-rerun-20260731-l4-l4-tp1-f2040-i32-o32-r10-rep2-seg1-attempt2,phase2-full-grid-rerun-20260731-l4-l4-tp1-f2040-i32-o32-r10-rep2-seg1-attempt2-00062-d61430f4a063,11,11,0,1,28734,server_token_ids,1785511569105658932,925.021831,68.637148,1,"""0"""
phase2-full-grid-rerun-20260731-l4-l4-tp1-f2040-i32-o32-r10-rep2-seg1-attempt2,phase2-full-grid-rerun-20260731-l4-l4-tp1-f2040-i32-o32-r10-rep2-seg1-attempt2-00062-d61430f4a063,12,12,0,1,28734,server_token_ids,1785511569164993132,984.356031,59.3342,1,"""0"""
phase2-full-grid-rerun-20260731-l4-l4-tp1-f2040-i32-o32-r10-rep2-seg1-attempt2,phase2-full-grid-rerun-20260731-l4-l4-tp1-f2040-i32-o32-r10-rep2-seg1-attempt2-00062-d61430f4a063,13,13,0,1,28734,server_token_ids,1785511569236566034,1055.928933,71.572902,1,"""0"""
phase2-full-grid-rerun-20260731-l4-l4-tp1-f2040-i32-o32-r10-rep2-seg1-attempt2,phase2-full-grid-rerun-20260731-l4-l4-tp1-f2040-i32-o32-r10-rep2-seg1-attempt2-00062-d61430f4a063,14,14,0,1,28734,server_token_ids,1785511569298414684,1117.777583,61.84865,1,"""0"""
phase2-full-grid-rerun-20260731-l4-l4-tp1-f2040-i32-o32-r10-rep2-seg1-attempt2,phase2-full-grid-rerun-20260731-l4-l4-tp1-f2040-i32-o32-r10-rep2-seg1-attempt2-00062-d61430f4a063,15,15,0,1,28734,server_token_ids,1785511569367224872,1186.587771,68.810188,1,"""0"""
phase2-full-grid-rerun-20260731-l4-l4-tp1-f2040-i32-o32-r10-rep2-seg1-attempt2,phase2-full-grid-rerun-20260731-l4-l4-tp1-f2040-i32-o32-r10-rep2-seg1-attempt2-00062-d61430f4a063,16,16,0,1,28734,server_token_ids,1785511569432540434,1251.903333,65.315562,1,"""0"""
phase2-full-grid-rerun-20260731-l4-l4-tp1-f2040-i32-o32-r10-rep2-seg1-attempt2,phase2-full-grid-rerun-20260731-l4-l4-tp1-f2040-i32-o32-r10-rep2-seg1-attempt2-00062-d61430f4a063,17,17,0,1,28734,server_token_ids,1785511569497308535,1316.671434,64.768101,1,"""0"""
phase2-full-grid-rerun-20260731-l4-l4-tp1-f2040-i32-o32-r10-rep2-seg1-attempt2,phase2-full-grid-rerun-20260731-l4-l4-tp1-f2040-i32-o32-r10-rep2-seg1-attempt2-00062-d61430f4a063,18,18,0,1,28734,server_token_ids,1785511569563138018,1382.500917,65.829483,1,"""0"""
phase2-full-grid-rerun-20260731-l4-l4-tp1-f2040-i32-o32-r10-rep2-seg1-attempt2,phase2-full-grid-rerun-20260731-l4-l4-tp1-f2040-i32-o32-r10-rep2-seg1-attempt2-00062-d61430f4a063,19,19,0,1,28734,server_token_ids,1785511569629880797,1449.243696,66.742779,1,"""0"""
phase2-full-grid-rerun-20260731-l4-l4-tp1-f2040-i32-o32-r10-rep2-seg1-attempt2,phase2-full-grid-rerun-20260731-l4-l4-tp1-f2040-i32-o32-r10-rep2-seg1-attempt2-00062-d61430f4a063,20,20,0,1,28734,server_token_ids,1785511569699988097,1519.350996,70.1073,1,"""0"""
phase2-full-grid-rerun-20260731-l4-l4-tp1-f2040-i32-o32-r10-rep2-seg1-attempt2,phase2-full-grid-rerun-20260731-l4-l4-tp1-f2040-i32-o32-r10-rep2-seg1-attempt2-00062-d61430f4a063,21,21,0,1,28734,server_token_ids,1785511569764372075,1583.734974,64.383978,1,"""0"""
phase2-full-grid-rerun-20260731-l4-l4-tp1-f2040-i32-o32-r10-rep2-seg1-attempt2,phase2-full-grid-rerun-20260731-l4-l4-tp1-f2040-i32-o32-r10-rep2-seg1-attempt2-00062-d61430f4a063,22,22,0,1,28734,server_token_ids,1785511569828572664,1647.935563,64.200589,1,"""0"""
phase2-full-grid-rerun-20260731-l4-l4-tp1-f2040-i32-o32-r10-rep2-seg1-attempt2,phase2-full-grid-rerun-20260731-l4-l4-tp1-f2040-i32-o32-r10-rep2-seg1-attempt2-00062-d61430f4a063,23,23,0,1,28734,server_token_ids,1785511569900043134,1719.406033,71.47047,1,"""0"""
phase2-full-grid-rerun-20260731-l4-l4-tp1-f2040-i32-o32-r10-rep2-seg1-attempt2,phase2-full-grid-rerun-20260731-l4-l4-tp1-f2040-i32-o32-r10-rep2-seg1-attempt2-00062-d61430f4a063,24,24,0,1,28734,server_token_ids,1785511569962898093,1782.260992,62.854959,1,"""0"""
phase2-full-grid-rerun-20260731-l4-l4-tp1-f2040-i32-o32-r10-rep2-seg1-attempt2,phase2-full-grid-rerun-20260731-l4-l4-tp1-f2040-i32-o32-r10-rep2-seg1-attempt2-00062-d61430f4a063,25,25,0,1,28734,server_token_ids,1785511570035855430,1855.218329,72.957337,1,"""0"""
phase2-full-grid-rerun-20260731-l4-l4-tp1-f2040-i32-o32-r10-rep2-seg1-attempt2,phase2-full-grid-rerun-20260731-l4-l4-tp1-f2040-i32-o32-r10-rep2-seg1-attempt2-00062-d61430f4a063,26,26,0,1,28734,server_token_ids,1785511570095733888,1915.096787,59.878458,1,"""0"""
phase2-full-grid-rerun-20260731-l4-l4-tp1-f2040-i32-o32-r10-rep2-seg1-attempt2,phase2-full-grid-rerun-20260731-l4-l4-tp1-f2040-i32-o32-r10-rep2-seg1-attempt2-00062-d61430f4a063,27,27,0,1,28734,server_token_ids,1785511570159634653,1978.997552,63.900765,1,"""0"""
phase2-full-grid-rerun-20260731-l4-l4-tp1-f2040-i32-o32-r10-rep2-seg1-attempt2,phase2-full-grid-rerun-20260731-l4-l4-tp1-f2040-i32-o32-r10-rep2-seg1-attempt2-00062-d61430f4a063,28,28,0,1,28734,server_token_ids,1785511570235226246,2054.589145,75.591593,1,"""0"""
phase2-full-grid-rerun-20260731-l4-l4-tp1-f2040-i32-o32-r10-rep2-seg1-attempt2,phase2-full-grid-rerun-20260731-l4-l4-tp1-f2040-i32-o32-r10-rep2-seg1-attempt2-00062-d61430f4a063,29,29,0,1,28734,server_token_ids,1785511570296216328,2115.579227,60.990082,1,"""0"""
phase2-full-grid-rerun-20260731-l4-l4-tp1-f2040-i32-o32-r10-rep2-seg1-attempt2,phase2-full-grid-rerun-20260731-l4-l4-tp1-f2040-i32-o32-r10-rep2-seg1-attempt2-00062-d61430f4a063,30,30,0,1,28734,server_token_ids,1785511570358314313,2177.677212,62.097985,1,"""0"""
phase2-full-grid-rerun-20260731-l4-l4-tp1-f2040-i32-o32-r10-rep2-seg1-attempt2,phase2-full-grid-rerun-20260731-l4-l4-tp1-f2040-i32-o32-r10-rep2-seg1-attempt2-00062-d61430f4a063,31,31,0,1,28734,server_token_ids,1785511570424939430,2244.302329,66.625117,1,"""0"""
phase2-full-grid-rerun-20260731-l4-l4-tp1-f2040-i32-o32-r10-rep2-seg1-attempt2,phase2-full-grid-rerun-20260731-l4-l4-tp1-f2040-i32-o32-r10-rep2-seg1-attempt2-00063-766385f2a626,0,0,0,1,311,server_token_ids,1785511568441128883,158.837868,,2,"""ro"""
phase2-full-grid-rerun-20260731-l4-l4-tp1-f2040-i32-o32-r10-rep2-seg1-attempt2,phase2-full-grid-rerun-20260731-l4-l4-tp1-f2040-i32-o32-r10-rep2-seg1-attempt2-00063-766385f2a626,1,1,0,1,13,server_token_ids,1785511568509583268,227.292253,68.454385,1,"""\n"""
phase2-full-grid-rerun-20260731-l4-l4-tp1-f2040-i32-o32-r10-rep2-seg1-attempt2,phase2-full-grid-rerun-20260731-l4-l4-tp1-f2040-i32-o32-r10-rep2-seg1-attempt2-00063-766385f2a626,2,2,0,1,13,server_token_ids,1785511568569200790,286.909775,59.617522,1,"""\n"""
phase2-full-grid-rerun-20260731-l4-l4-tp1-f2040-i32-o32-r10-rep2-seg1-attempt2,phase2-full-grid-rerun-20260731-l4-l4-tp1-f2040-i32-o32-r10-rep2-seg1-attempt2-00063-766385f2a626,3,3,0,1,28771,server_token_ids,1785511568635675461,353.384446,66.474671,1,"""#"""
phase2-full-grid-rerun-20260731-l4-l4-tp1-f2040-i32-o32-r10-rep2-seg1-attempt2,phase2-full-grid-rerun-20260731-l4-l4-tp1-f2040-i32-o32-r10-rep2-seg1-attempt2-00063-766385f2a626,4,4,0,1,415,server_token_ids,1785511568700231361,417.940346,64.5559,4,""" The"""
phase2-full-grid-rerun-20260731-l4-l4-tp1-f2040-i32-o32-r10-rep2-seg1-attempt2,phase2-full-grid-rerun-20260731-l4-l4-tp1-f2040-i32-o32-r10-rep2-seg1-attempt2-00063-766385f2a626,5,5,0,1,28705,server_token_ids,1785511568768772860,486.481845,68.541499,1,""" """
phase2-full-grid-rerun-20260731-l4-l4-tp1-f2040-i32-o32-r10-rep2-seg1-attempt2,phase2-full-grid-rerun-20260731-l4-l4-tp1-f2040-i32-o32-r10-rep2-seg1-attempt2-00063-766385f2a626,6,6,0,1,28750,server_token_ids,1785511568834599829,552.308814,65.826969,1,"""2"""
phase2-full-grid-rerun-20260731-l4-l4-tp1-f2040-i32-o32-r10-rep2-seg1-attempt2,phase2-full-grid-rerun-20260731-l4-l4-tp1-f2040-i32-o32-r10-rep2-seg1-attempt2-00063-766385f2a626,7,7,0,1,28734,server_token_ids,1785511568898946734,616.655719,64.346905,1,"""0"""
phase2-full-grid-rerun-20260731-l4-l4-tp1-f2040-i32-o32-r10-rep2-seg1-attempt2,phase2-full-grid-rerun-20260731-l4-l4-tp1-f2040-i32-o32-r10-rep2-seg1-attempt2-00063-766385f2a626,8,8,0,1,28740,server_token_ids,1785511568964938285,682.64727,65.991551,1,"""1"""
phase2-full-grid-rerun-20260731-l4-l4-tp1-f2040-i32-o32-r10-rep2-seg1-attempt2,phase2-full-grid-rerun-20260731-l4-l4-tp1-f2040-i32-o32-r10-rep2-seg1-attempt2-00063-766385f2a626,9,9,0,1,28783,server_token_ids,1785511569033580332,751.289317,68.642047,1,"""8"""
phase2-full-grid-rerun-20260731-l4-l4-tp1-f2040-i32-o32-r10-rep2-seg1-attempt2,phase2-full-grid-rerun-20260731-l4-l4-tp1-f2040-i32-o32-r10-rep2-seg1-attempt2-00063-766385f2a626,10,10,0,1,28733,server_token_ids,1785511569098214891,815.923876,64.634559,1,"""-"""
phase2-full-grid-rerun-20260731-l4-l4-tp1-f2040-i32-o32-r10-rep2-seg1-attempt2,phase2-full-grid-rerun-20260731-l4-l4-tp1-f2040-i32-o32-r10-rep2-seg1-attempt2-00063-766385f2a626,11,11,0,1,28740,server_token_ids,1785511569163903635,881.61262,65.688744,1,"""1"""
phase2-full-grid-rerun-20260731-l4-l4-tp1-f2040-i32-o32-r10-rep2-seg1-attempt2,phase2-full-grid-rerun-20260731-l4-l4-tp1-f2040-i32-o32-r10-rep2-seg1-attempt2-00063-766385f2a626,12,12,0,1,28774,server_token_ids,1785511569232673788,950.382773,68.770153,1,"""9"""
phase2-full-grid-rerun-20260731-l4-l4-tp1-f2040-i32-o32-r10-rep2-seg1-attempt2,phase2-full-grid-rerun-20260731-l4-l4-tp1-f2040-i32-o32-r10-rep2-seg1-attempt2-00063-766385f2a626,13,13,0,1,16887,server_token_ids,1785511569297125574,1014.834559,64.451786,7,""" Season"""
phase2-full-grid-rerun-20260731-l4-l4-tp1-f2040-i32-o32-r10-rep2-seg1-attempt2,phase2-full-grid-rerun-20260731-l4-l4-tp1-f2040-i32-o32-r10-rep2-seg1-attempt2-00063-766385f2a626,14,14,0,1,13,server_token_ids,1785511569363224147,1080.933132,66.098573,1,"""\n"""
phase2-full-grid-rerun-20260731-l4-l4-tp1-f2040-i32-o32-r10-rep2-seg1-attempt2,phase2-full-grid-rerun-20260731-l4-l4-tp1-f2040-i32-o32-r10-rep2-seg1-attempt2-00063-766385f2a626,15,15,0,1,13,server_token_ids,1785511569431613562,1149.322547,68.389415,1,"""\n"""
phase2-full-grid-rerun-20260731-l4-l4-tp1-f2040-i32-o32-r10-rep2-seg1-attempt2,phase2-full-grid-rerun-20260731-l4-l4-tp1-f2040-i32-o32-r10-rep2-seg1-attempt2-00063-766385f2a626,16,16,0,1,1064,server_token_ids,1785511569495714396,1213.423381,64.100834,2,"""##"""
phase2-full-grid-rerun-20260731-l4-l4-tp1-f2040-i32-o32-r10-rep2-seg1-attempt2,phase2-full-grid-rerun-20260731-l4-l4-tp1-f2040-i32-o32-r10-rep2-seg1-attempt2-00063-766385f2a626,17,17,0,1,415,server_token_ids,1785511569561857011,1279.565996,66.142615,4,""" The"""
phase2-full-grid-rerun-20260731-l4-l4-tp1-f2040-i32-o32-r10-rep2-seg1-attempt2,phase2-full-grid-rerun-20260731-l4-l4-tp1-f2040-i32-o32-r10-rep2-seg1-attempt2-00063-766385f2a626,18,18,0,1,28705,server_token_ids,1785511569628856986,1346.565971,66.999975,1,""" """
phase2-full-grid-rerun-20260731-l4-l4-tp1-f2040-i32-o32-r10-rep2-seg1-attempt2,phase2-full-grid-rerun-20260731-l4-l4-tp1-f2040-i32-o32-r10-rep2-seg1-attempt2-00063-766385f2a626,19,19,0,1,28750,server_token_ids,1785511569696958331,1414.667316,68.101345,1,"""2"""
phase2-full-grid-rerun-20260731-l4-l4-tp1-f2040-i32-o32-r10-rep2-seg1-attempt2,phase2-full-grid-rerun-20260731-l4-l4-tp1-f2040-i32-o32-r10-rep2-seg1-attempt2-00063-766385f2a626,20,20,0,1,28734,server_token_ids,1785511569760459228,1478.168213,63.500897,1,"""0"""
phase2-full-grid-rerun-20260731-l4-l4-tp1-f2040-i32-o32-r10-rep2-seg1-attempt2,phase2-full-grid-rerun-20260731-l4-l4-tp1-f2040-i32-o32-r10-rep2-seg1-attempt2-00063-766385f2a626,21,21,0,1,28740,server_token_ids,1785511569827097152,1544.806137,66.637924,1,"""1"""
phase2-full-grid-rerun-20260731-l4-l4-tp1-f2040-i32-o32-r10-rep2-seg1-attempt2,phase2-full-grid-rerun-20260731-l4-l4-tp1-f2040-i32-o32-r10-rep2-seg1-attempt2-00063-766385f2a626,22,22,0,1,28783,server_token_ids,1785511569894562965,1612.27195,67.465813,1,"""8"""
phase2-full-grid-rerun-20260731-l4-l4-tp1-f2040-i32-o32-r10-rep2-seg1-attempt2,phase2-full-grid-rerun-20260731-l4-l4-tp1-f2040-i32-o32-r10-rep2-seg1-attempt2-00063-766385f2a626,23,23,0,1,28733,server_token_ids,1785511569959025120,1676.734105,64.462155,1,"""-"""
phase2-full-grid-rerun-20260731-l4-l4-tp1-f2040-i32-o32-r10-rep2-seg1-attempt2,phase2-full-grid-rerun-20260731-l4-l4-tp1-f2040-i32-o32-r10-rep2-seg1-attempt2-00063-766385f2a626,24,24,0,1,28740,server_token_ids,1785511570026026993,1743.735978,67.001873,1,"""1"""
phase2-full-grid-rerun-20260731-l4-l4-tp1-f2040-i32-o32-r10-rep2-seg1-attempt2,phase2-full-grid-rerun-20260731-l4-l4-tp1-f2040-i32-o32-r10-rep2-seg1-attempt2-00063-766385f2a626,25,25,0,1,28774,server_token_ids,1785511570092020482,1809.729467,65.993489,1,"""9"""
phase2-full-grid-rerun-20260731-l4-l4-tp1-f2040-i32-o32-r10-rep2-seg1-attempt2,phase2-full-grid-rerun-20260731-l4-l4-tp1-f2040-i32-o32-r10-rep2-seg1-attempt2-00063-766385f2a626,26,26,0,1,16887,server_token_ids,1785511570158258980,1875.967965,66.238498,7,""" Season"""
phase2-full-grid-rerun-20260731-l4-l4-tp1-f2040-i32-o32-r10-rep2-seg1-attempt2,phase2-full-grid-rerun-20260731-l4-l4-tp1-f2040-i32-o32-r10-rep2-seg1-attempt2-00063-766385f2a626,27,27,0,1,13,server_token_ids,1785511570225148697,1942.857682,66.889717,1,"""\n"""
phase2-full-grid-rerun-20260731-l4-l4-tp1-f2040-i32-o32-r10-rep2-seg1-attempt2,phase2-full-grid-rerun-20260731-l4-l4-tp1-f2040-i32-o32-r10-rep2-seg1-attempt2-00063-766385f2a626,28,28,0,1,13,server_token_ids,1785511570292361826,2010.070811,67.213129,1,"""\n"""
phase2-full-grid-rerun-20260731-l4-l4-tp1-f2040-i32-o32-r10-rep2-seg1-attempt2,phase2-full-grid-rerun-20260731-l4-l4-tp1-f2040-i32-o32-r10-rep2-seg1-attempt2-00063-766385f2a626,29,29,0,1,27332,server_token_ids,1785511570357096301,2074.805286,64.734475,3,"""###"""
phase2-full-grid-rerun-20260731-l4-l4-tp1-f2040-i32-o32-r10-rep2-seg1-attempt2,phase2-full-grid-rerun-20260731-l4-l4-tp1-f2040-i32-o32-r10-rep2-seg1-attempt2-00063-766385f2a626,30,30,0,1,415,server_token_ids,1785511570423634602,2141.343587,66.538301,4,""" The"""
phase2-full-grid-rerun-20260731-l4-l4-tp1-f2040-i32-o32-r10-rep2-seg1-attempt2,phase2-full-grid-rerun-20260731-l4-l4-tp1-f2040-i32-o32-r10-rep2-seg1-attempt2-00063-766385f2a626,31,31,0,1,28705,server_token_ids,1785511570490665563,2208.374548,67.030961,1,""" """
phase2-full-grid-rerun-20260731-l4-l4-tp1-f2040-i32-o32-r10-rep2-seg1-attempt2,phase2-full-grid-rerun-20260731-l4-l4-tp1-f2040-i32-o32-r10-rep2-seg1-attempt2-00064-4b7021fc3cab,0,0,0,1,508,server_token_ids,1785511568566935610,185.205629,,2,"""ip"""
phase2-full-grid-rerun-20260731-l4-l4-tp1-f2040-i32-o32-r10-rep2-seg1-attempt2,phase2-full-grid-rerun-20260731-l4-l4-tp1-f2040-i32-o32-r10-rep2-seg1-attempt2-00064-4b7021fc3cab,1,1,0,1,466,server_token_ids,1785511568635341492,253.611511,68.405882,4,"""ment"""
phase2-full-grid-rerun-20260731-l4-l4-tp1-f2040-i32-o32-r10-rep2-seg1-attempt2,phase2-full-grid-rerun-20260731-l4-l4-tp1-f2040-i32-o32-r10-rep2-seg1-attempt2-00064-4b7021fc3cab,2,2,0,1,13,server_token_ids,1785511568699923617,318.193636,64.582125,1,"""\n"""
phase2-full-grid-rerun-20260731-l4-l4-tp1-f2040-i32-o32-r10-rep2-seg1-attempt2,phase2-full-grid-rerun-20260731-l4-l4-tp1-f2040-i32-o32-r10-rep2-seg1-attempt2-00064-4b7021fc3cab,3,3,0,1,13,server_token_ids,1785511568768498959,386.768978,68.575342,1,"""\n"""
phase2-full-grid-rerun-20260731-l4-l4-tp1-f2040-i32-o32-r10-rep2-seg1-attempt2,phase2-full-grid-rerun-20260731-l4-l4-tp1-f2040-i32-o32-r10-rep2-seg1-attempt2-00064-4b7021fc3cab,4,4,0,1,28771,server_token_ids,1785511568834313432,452.583451,65.814473,1,"""#"""
phase2-full-grid-rerun-20260731-l4-l4-tp1-f2040-i32-o32-r10-rep2-seg1-attempt2,phase2-full-grid-rerun-20260731-l4-l4-tp1-f2040-i32-o32-r10-rep2-seg1-attempt2-00064-4b7021fc3cab,5,5,0,1,28705,server_token_ids,1785511568898660686,516.930705,64.347254,1,""" """
phase2-full-grid-rerun-20260731-l4-l4-tp1-f2040-i32-o32-r10-rep2-seg1-attempt2,phase2-full-grid-rerun-20260731-l4-l4-tp1-f2040-i32-o32-r10-rep2-seg1-attempt2-00064-4b7021fc3cab,6,6,0,1,28740,server_token_ids,1785511568964666097,582.936116,66.005411,1,"""1"""
phase2-full-grid-rerun-20260731-l4-l4-tp1-f2040-i32-o32-r10-rep2-seg1-attempt2,phase2-full-grid-rerun-20260731-l4-l4-tp1-f2040-i32-o32-r10-rep2-seg1-attempt2-00064-4b7021fc3cab,7,7,0,1,28723,server_token_ids,1785511569033262793,651.532812,68.596696,1,"""."""
phase2-full-grid-rerun-20260731-l4-l4-tp1-f2040-i32-o32-r10-rep2-seg1-attempt2,phase2-full-grid-rerun-20260731-l4-l4-tp1-f2040-i32-o32-r10-rep2-seg1-attempt2-00064-4b7021fc3cab,8,8,0,1,28734,server_token_ids,1785511569097815921,716.08594,64.553128,1,"""0"""
phase2-full-grid-rerun-20260731-l4-l4-tp1-f2040-i32-o32-r10-rep2-seg1-attempt2,phase2-full-grid-rerun-20260731-l4-l4-tp1-f2040-i32-o32-r10-rep2-seg1-attempt2-00064-4b7021fc3cab,9,9,0,1,23628,server_token_ids,1785511569163726819,781.996838,65.910898,13,""" Introduction"""
phase2-full-grid-rerun-20260731-l4-l4-tp1-f2040-i32-o32-r10-rep2-seg1-attempt2,phase2-full-grid-rerun-20260731-l4-l4-tp1-f2040-i32-o32-r10-rep2-seg1-attempt2-00064-4b7021fc3cab,10,10,0,1,13,server_token_ids,1785511569232482953,850.752972,68.756134,1,"""\n"""
phase2-full-grid-rerun-20260731-l4-l4-tp1-f2040-i32-o32-r10-rep2-seg1-attempt2,phase2-full-grid-rerun-20260731-l4-l4-tp1-f2040-i32-o32-r10-rep2-seg1-attempt2-00064-4b7021fc3cab,11,11,0,1,13,server_token_ids,1785511569296937620,915.207639,64.454667,1,"""\n"""
phase2-full-grid-rerun-20260731-l4-l4-tp1-f2040-i32-o32-r10-rep2-seg1-attempt2,phase2-full-grid-rerun-20260731-l4-l4-tp1-f2040-i32-o32-r10-rep2-seg1-attempt2-00064-4b7021fc3cab,12,12,0,1,1014,server_token_ids,1785511569363020174,981.290193,66.082554,3,"""The"""
phase2-full-grid-rerun-20260731-l4-l4-tp1-f2040-i32-o32-r10-rep2-seg1-attempt2,phase2-full-grid-rerun-20260731-l4-l4-tp1-f2040-i32-o32-r10-rep2-seg1-attempt2-00064-4b7021fc3cab,13,13,0,1,6032,server_token_ids,1785511569431405028,1049.675047,68.384854,8,""" purpose"""
phase2-full-grid-rerun-20260731-l4-l4-tp1-f2040-i32-o32-r10-rep2-seg1-attempt2,phase2-full-grid-rerun-20260731-l4-l4-tp1-f2040-i32-o32-r10-rep2-seg1-attempt2-00064-4b7021fc3cab,14,14,0,1,302,server_token_ids,1785511569495502302,1113.772321,64.097274,3,""" of"""
phase2-full-grid-rerun-20260731-l4-l4-tp1-f2040-i32-o32-r10-rep2-seg1-attempt2,phase2-full-grid-rerun-20260731-l4-l4-tp1-f2040-i32-o32-r10-rep2-seg1-attempt2-00064-4b7021fc3cab,15,15,0,1,456,server_token_ids,1785511569561648903,1179.918922,66.146601,5,""" this"""
phase2-full-grid-rerun-20260731-l4-l4-tp1-f2040-i32-o32-r10-rep2-seg1-attempt2,phase2-full-grid-rerun-20260731-l4-l4-tp1-f2040-i32-o32-r10-rep2-seg1-attempt2-00064-4b7021fc3cab,16,16,0,1,2264,server_token_ids,1785511569628628335,1246.898354,66.979432,7,""" report"""
phase2-full-grid-rerun-20260731-l4-l4-tp1-f2040-i32-o32-r10-rep2-seg1-attempt2,phase2-full-grid-rerun-20260731-l4-l4-tp1-f2040-i32-o32-r10-rep2-seg1-attempt2-00064-4b7021fc3cab,17,17,0,1,349,server_token_ids,1785511569694809140,1313.079159,66.180805,3,""" is"""
phase2-full-grid-rerun-20260731-l4-l4-tp1-f2040-i32-o32-r10-rep2-seg1-attempt2,phase2-full-grid-rerun-20260731-l4-l4-tp1-f2040-i32-o32-r10-rep2-seg1-attempt2-00064-4b7021fc3cab,18,18,0,1,298,server_token_ids,1785511569760177862,1378.447881,65.368722,3,""" to"""
phase2-full-grid-rerun-20260731-l4-l4-tp1-f2040-i32-o32-r10-rep2-seg1-attempt2,phase2-full-grid-rerun-20260731-l4-l4-tp1-f2040-i32-o32-r10-rep2-seg1-attempt2-00064-4b7021fc3cab,19,19,0,1,3084,server_token_ids,1785511569826810655,1445.080674,66.632793,8,""" provide"""
phase2-full-grid-rerun-20260731-l4-l4-tp1-f2040-i32-o32-r10-rep2-seg1-attempt2,phase2-full-grid-rerun-20260731-l4-l4-tp1-f2040-i32-o32-r10-rep2-seg1-attempt2-00064-4b7021fc3cab,20,20,0,1,264,server_token_ids,1785511569894239548,1512.509567,67.428893,2,""" a"""
phase2-full-grid-rerun-20260731-l4-l4-tp1-f2040-i32-o32-r10-rep2-seg1-attempt2,phase2-full-grid-rerun-20260731-l4-l4-tp1-f2040-i32-o32-r10-rep2-seg1-attempt2-00064-4b7021fc3cab,21,21,0,1,10537,server_token_ids,1785511569958740677,1577.010696,64.501129,9,""" detailed"""
phase2-full-grid-rerun-20260731-l4-l4-tp1-f2040-i32-o32-r10-rep2-seg1-attempt2,phase2-full-grid-rerun-20260731-l4-l4-tp1-f2040-i32-o32-r10-rep2-seg1-attempt2-00064-4b7021fc3cab,22,22,0,1,5643,server_token_ids,1785511570025610487,1643.880506,66.86981,9,""" analysis"""
phase2-full-grid-rerun-20260731-l4-l4-tp1-f2040-i32-o32-r10-rep2-seg1-attempt2,phase2-full-grid-rerun-20260731-l4-l4-tp1-f2040-i32-o32-r10-rep2-seg1-attempt2-00064-4b7021fc3cab,23,23,0,1,302,server_token_ids,1785511570091797132,1710.067151,66.186645,3,""" of"""
phase2-full-grid-rerun-20260731-l4-l4-tp1-f2040-i32-o32-r10-rep2-seg1-attempt2,phase2-full-grid-rerun-20260731-l4-l4-tp1-f2040-i32-o32-r10-rep2-seg1-attempt2-00064-4b7021fc3cab,24,24,0,1,272,server_token_ids,1785511570158057314,1776.327333,66.260182,4,""" the"""
phase2-full-grid-rerun-20260731-l4-l4-tp1-f2040-i32-o32-r10-rep2-seg1-attempt2,phase2-full-grid-rerun-20260731-l4-l4-tp1-f2040-i32-o32-r10-rep2-seg1-attempt2-00064-4b7021fc3cab,25,25,0,1,1868,server_token_ids,1785511570224953262,1843.223281,66.895948,8,""" current"""
phase2-full-grid-rerun-20260731-l4-l4-tp1-f2040-i32-o32-r10-rep2-seg1-attempt2,phase2-full-grid-rerun-20260731-l4-l4-tp1-f2040-i32-o32-r10-rep2-seg1-attempt2-00064-4b7021fc3cab,26,26,0,1,2668,server_token_ids,1785511570292144632,1910.414651,67.19137,7,""" market"""
phase2-full-grid-rerun-20260731-l4-l4-tp1-f2040-i32-o32-r10-rep2-seg1-attempt2,phase2-full-grid-rerun-20260731-l4-l4-tp1-f2040-i32-o32-r10-rep2-seg1-attempt2-00064-4b7021fc3cab,27,27,0,1,354,server_token_ids,1785511570356898261,1975.16828,64.753629,4,""" for"""
phase2-full-grid-rerun-20260731-l4-l4-tp1-f2040-i32-o32-r10-rep2-seg1-attempt2,phase2-full-grid-rerun-20260731-l4-l4-tp1-f2040-i32-o32-r10-rep2-seg1-attempt2-00064-4b7021fc3cab,28,28,0,1,272,server_token_ids,1785511570423403942,2041.673961,66.505681,4,""" the"""
phase2-full-grid-rerun-20260731-l4-l4-tp1-f2040-i32-o32-r10-rep2-seg1-attempt2,phase2-full-grid-rerun-20260731-l4-l4-tp1-f2040-i32-o32-r10-rep2-seg1-attempt2-00064-4b7021fc3cab,29,29,0,1,8002,server_token_ids,1785511570490417057,2108.687076,67.013115,7,""" supply"""
phase2-full-grid-rerun-20260731-l4-l4-tp1-f2040-i32-o32-r10-rep2-seg1-attempt2,phase2-full-grid-rerun-20260731-l4-l4-tp1-f2040-i32-o32-r10-rep2-seg1-attempt2-00064-4b7021fc3cab,30,30,0,1,302,server_token_ids,1785511570555407573,2173.677592,64.990516,3,""" of"""
phase2-full-grid-rerun-20260731-l4-l4-tp1-f2040-i32-o32-r10-rep2-seg1-attempt2,phase2-full-grid-rerun-20260731-l4-l4-tp1-f2040-i32-o32-r10-rep2-seg1-attempt2-00064-4b7021fc3cab,31,31,0,1,7108,server_token_ids,1785511570621975037,2240.245056,66.567464,10,""" equipment"""
phase2-full-grid-rerun-20260731-l4-l4-tp1-f2040-i32-o32-r10-rep2-seg1-attempt2,phase2-full-grid-rerun-20260731-l4-l4-tp1-f2040-i32-o32-r10-rep2-seg1-attempt2-00065-d0d5864a960f,0,0,0,1,28742,server_token_ids,1785511568635851606,153.717433,,1,"""'"""
phase2-full-grid-rerun-20260731-l4-l4-tp1-f2040-i32-o32-r10-rep2-seg1-attempt2,phase2-full-grid-rerun-20260731-l4-l4-tp1-f2040-i32-o32-r10-rep2-seg1-attempt2-00065-d0d5864a960f,1,1,0,1,13,server_token_ids,1785511568700404941,218.270768,64.553335,1,"""\n"""
phase2-full-grid-rerun-20260731-l4-l4-tp1-f2040-i32-o32-r10-rep2-seg1-attempt2,phase2-full-grid-rerun-20260731-l4-l4-tp1-f2040-i32-o32-r10-rep2-seg1-attempt2-00065-d0d5864a960f,2,2,0,1,13,server_token_ids,1785511568768934488,286.800315,68.529547,1,"""\n"""
phase2-full-grid-rerun-20260731-l4-l4-tp1-f2040-i32-o32-r10-rep2-seg1-attempt2,phase2-full-grid-rerun-20260731-l4-l4-tp1-f2040-i32-o32-r10-rep2-seg1-attempt2-00065-d0d5864a960f,3,3,0,1,13,server_token_ids,1785511568834758531,352.624358,65.824043,1,"""\n"""
phase2-full-grid-rerun-20260731-l4-l4-tp1-f2040-i32-o32-r10-rep2-seg1-attempt2,phase2-full-grid-rerun-20260731-l4-l4-tp1-f2040-i32-o32-r10-rep2-seg1-attempt2-00065-d0d5864a960f,4,4,0,1,13,server_token_ids,1785511568899098572,416.964399,64.340041,1,"""\n"""
phase2-full-grid-rerun-20260731-l4-l4-tp1-f2040-i32-o32-r10-rep2-seg1-attempt2,phase2-full-grid-rerun-20260731-l4-l4-tp1-f2040-i32-o32-r10-rep2-seg1-attempt2-00065-d0d5864a960f,5,5,0,1,13,server_token_ids,1785511568965096829,482.962656,65.998257,1,"""\n"""
phase2-full-grid-rerun-20260731-l4-l4-tp1-f2040-i32-o32-r10-rep2-seg1-attempt2,phase2-full-grid-rerun-20260731-l4-l4-tp1-f2040-i32-o32-r10-rep2-seg1-attempt2-00065-d0d5864a960f,6,6,0,1,13,server_token_ids,1785511569033870415,551.736242,68.773586,1,"""\n"""
phase2-full-grid-rerun-20260731-l4-l4-tp1-f2040-i32-o32-r10-rep2-seg1-attempt2,phase2-full-grid-rerun-20260731-l4-l4-tp1-f2040-i32-o32-r10-rep2-seg1-attempt2-00065-d0d5864a960f,7,7,0,1,13,server_token_ids,1785511569098308532,616.174359,64.438117,1,"""\n"""
phase2-full-grid-rerun-20260731-l4-l4-tp1-f2040-i32-o32-r10-rep2-seg1-attempt2,phase2-full-grid-rerun-20260731-l4-l4-tp1-f2040-i32-o32-r10-rep2-seg1-attempt2-00065-d0d5864a960f,8,8,0,1,13,server_token_ids,1785511569163988364,681.854191,65.679832,1,"""\n"""
phase2-full-grid-rerun-20260731-l4-l4-tp1-f2040-i32-o32-r10-rep2-seg1-attempt2,phase2-full-grid-rerun-20260731-l4-l4-tp1-f2040-i32-o32-r10-rep2-seg1-attempt2-00065-d0d5864a960f,9,9,0,1,13,server_token_ids,1785511569235889651,753.755478,71.901287,1,"""\n"""
phase2-full-grid-rerun-20260731-l4-l4-tp1-f2040-i32-o32-r10-rep2-seg1-attempt2,phase2-full-grid-rerun-20260731-l4-l4-tp1-f2040-i32-o32-r10-rep2-seg1-attempt2-00065-d0d5864a960f,10,10,0,1,13,server_token_ids,1785511569297295562,815.161389,61.405911,1,"""\n"""
phase2-full-grid-rerun-20260731-l4-l4-tp1-f2040-i32-o32-r10-rep2-seg1-attempt2,phase2-full-grid-rerun-20260731-l4-l4-tp1-f2040-i32-o32-r10-rep2-seg1-attempt2-00065-d0d5864a960f,11,11,0,1,13,server_token_ids,1785511569366507678,884.373505,69.212116,1,"""\n"""
phase2-full-grid-rerun-20260731-l4-l4-tp1-f2040-i32-o32-r10-rep2-seg1-attempt2,phase2-full-grid-rerun-20260731-l4-l4-tp1-f2040-i32-o32-r10-rep2-seg1-attempt2-00065-d0d5864a960f,12,12,0,1,13,server_token_ids,1785511569431874812,949.740639,65.367134,1,"""\n"""
phase2-full-grid-rerun-20260731-l4-l4-tp1-f2040-i32-o32-r10-rep2-seg1-attempt2,phase2-full-grid-rerun-20260731-l4-l4-tp1-f2040-i32-o32-r10-rep2-seg1-attempt2-00065-d0d5864a960f,13,13,0,1,13,server_token_ids,1785511569495988996,1013.854823,64.114184,1,"""\n"""
phase2-full-grid-rerun-20260731-l4-l4-tp1-f2040-i32-o32-r10-rep2-seg1-attempt2,phase2-full-grid-rerun-20260731-l4-l4-tp1-f2040-i32-o32-r10-rep2-seg1-attempt2-00065-d0d5864a960f,14,14,0,1,13,server_token_ids,1785511569562108931,1079.974758,66.119935,1,"""\n"""
phase2-full-grid-rerun-20260731-l4-l4-tp1-f2040-i32-o32-r10-rep2-seg1-attempt2,phase2-full-grid-rerun-20260731-l4-l4-tp1-f2040-i32-o32-r10-rep2-seg1-attempt2-00065-d0d5864a960f,15,15,0,1,13,server_token_ids,1785511569629112046,1146.977873,67.003115,1,"""\n"""
phase2-full-grid-rerun-20260731-l4-l4-tp1-f2040-i32-o32-r10-rep2-seg1-attempt2,phase2-full-grid-rerun-20260731-l4-l4-tp1-f2040-i32-o32-r10-rep2-seg1-attempt2-00065-d0d5864a960f,16,16,0,1,13,server_token_ids,1785511569697225001,1215.090828,68.112955,1,"""\n"""
phase2-full-grid-rerun-20260731-l4-l4-tp1-f2040-i32-o32-r10-rep2-seg1-attempt2,phase2-full-grid-rerun-20260731-l4-l4-tp1-f2040-i32-o32-r10-rep2-seg1-attempt2-00065-d0d5864a960f,17,17,0,1,13,server_token_ids,1785511569760713829,1278.579656,63.488828,1,"""\n"""
phase2-full-grid-rerun-20260731-l4-l4-tp1-f2040-i32-o32-r10-rep2-seg1-attempt2,phase2-full-grid-rerun-20260731-l4-l4-tp1-f2040-i32-o32-r10-rep2-seg1-attempt2-00065-d0d5864a960f,18,18,0,1,13,server_token_ids,1785511569827324305,1345.190132,66.610476,1,"""\n"""
phase2-full-grid-rerun-20260731-l4-l4-tp1-f2040-i32-o32-r10-rep2-seg1-attempt2,phase2-full-grid-rerun-20260731-l4-l4-tp1-f2040-i32-o32-r10-rep2-seg1-attempt2-00065-d0d5864a960f,19,19,0,1,13,server_token_ids,1785511569894792135,1412.657962,67.46783,1,"""\n"""
phase2-full-grid-rerun-20260731-l4-l4-tp1-f2040-i32-o32-r10-rep2-seg1-attempt2,phase2-full-grid-rerun-20260731-l4-l4-tp1-f2040-i32-o32-r10-rep2-seg1-attempt2-00065-d0d5864a960f,20,20,0,1,13,server_token_ids,1785511569959263672,1477.129499,64.471537,1,"""\n"""
phase2-full-grid-rerun-20260731-l4-l4-tp1-f2040-i32-o32-r10-rep2-seg1-attempt2,phase2-full-grid-rerun-20260731-l4-l4-tp1-f2040-i32-o32-r10-rep2-seg1-attempt2-00065-d0d5864a960f,21,21,0,1,13,server_token_ids,1785511570035146127,1553.011954,75.882455,1,"""\n"""
phase2-full-grid-rerun-20260731-l4-l4-tp1-f2040-i32-o32-r10-rep2-seg1-attempt2,phase2-full-grid-rerun-20260731-l4-l4-tp1-f2040-i32-o32-r10-rep2-seg1-attempt2-00065-d0d5864a960f,22,22,0,1,13,server_token_ids,1785511570092285286,1610.151113,57.139159,1,"""\n"""
phase2-full-grid-rerun-20260731-l4-l4-tp1-f2040-i32-o32-r10-rep2-seg1-attempt2,phase2-full-grid-rerun-20260731-l4-l4-tp1-f2040-i32-o32-r10-rep2-seg1-attempt2-00065-d0d5864a960f,23,23,0,1,13,server_token_ids,1785511570158514021,1676.379848,66.228735,1,"""\n"""
phase2-full-grid-rerun-20260731-l4-l4-tp1-f2040-i32-o32-r10-rep2-seg1-attempt2,phase2-full-grid-rerun-20260731-l4-l4-tp1-f2040-i32-o32-r10-rep2-seg1-attempt2-00065-d0d5864a960f,24,24,0,1,13,server_token_ids,1785511570225395191,1743.261018,66.88117,1,"""\n"""
phase2-full-grid-rerun-20260731-l4-l4-tp1-f2040-i32-o32-r10-rep2-seg1-attempt2,phase2-full-grid-rerun-20260731-l4-l4-tp1-f2040-i32-o32-r10-rep2-seg1-attempt2-00065-d0d5864a960f,25,25,0,1,13,server_token_ids,1785511570295017992,1812.883819,69.622801,1,"""\n"""
phase2-full-grid-rerun-20260731-l4-l4-tp1-f2040-i32-o32-r10-rep2-seg1-attempt2,phase2-full-grid-rerun-20260731-l4-l4-tp1-f2040-i32-o32-r10-rep2-seg1-attempt2-00065-d0d5864a960f,26,26,0,1,13,server_token_ids,1785511570357424037,1875.289864,62.406045,1,"""\n"""
phase2-full-grid-rerun-20260731-l4-l4-tp1-f2040-i32-o32-r10-rep2-seg1-attempt2,phase2-full-grid-rerun-20260731-l4-l4-tp1-f2040-i32-o32-r10-rep2-seg1-attempt2-00065-d0d5864a960f,27,27,0,1,13,server_token_ids,1785511570423959681,1941.825508,66.535644,1,"""\n"""
phase2-full-grid-rerun-20260731-l4-l4-tp1-f2040-i32-o32-r10-rep2-seg1-attempt2,phase2-full-grid-rerun-20260731-l4-l4-tp1-f2040-i32-o32-r10-rep2-seg1-attempt2-00065-d0d5864a960f,28,28,0,1,13,server_token_ids,1785511570499105836,2016.971663,75.146155,1,"""\n"""
phase2-full-grid-rerun-20260731-l4-l4-tp1-f2040-i32-o32-r10-rep2-seg1-attempt2,phase2-full-grid-rerun-20260731-l4-l4-tp1-f2040-i32-o32-r10-rep2-seg1-attempt2-00065-d0d5864a960f,29,29,0,1,13,server_token_ids,1785511570555874290,2073.740117,56.768454,1,"""\n"""
phase2-full-grid-rerun-20260731-l4-l4-tp1-f2040-i32-o32-r10-rep2-seg1-attempt2,phase2-full-grid-rerun-20260731-l4-l4-tp1-f2040-i32-o32-r10-rep2-seg1-attempt2-00065-d0d5864a960f,30,30,0,1,13,server_token_ids,1785511570622596385,2140.462212,66.722095,1,"""\n"""
phase2-full-grid-rerun-20260731-l4-l4-tp1-f2040-i32-o32-r10-rep2-seg1-attempt2,phase2-full-grid-rerun-20260731-l4-l4-tp1-f2040-i32-o32-r10-rep2-seg1-attempt2-00065-d0d5864a960f,31,31,0,1,13,server_token_ids,1785511570689814240,2207.680067,67.217855,1,"""\n"""
phase2-full-grid-rerun-20260731-l4-l4-tp1-f2040-i32-o32-r10-rep2-seg1-attempt2,phase2-full-grid-rerun-20260731-l4-l4-tp1-f2040-i32-o32-r10-rep2-seg1-attempt2-00066-6e867d29eebb,0,0,0,1,28723,server_token_ids,1785511568765416380,184.80718,,1,"""."""
phase2-full-grid-rerun-20260731-l4-l4-tp1-f2040-i32-o32-r10-rep2-seg1-attempt2,phase2-full-grid-rerun-20260731-l4-l4-tp1-f2040-i32-o32-r10-rep2-seg1-attempt2-00066-6e867d29eebb,1,1,0,1,13,server_token_ids,1785511568833381214,252.772014,67.964834,1,"""\n"""
phase2-full-grid-rerun-20260731-l4-l4-tp1-f2040-i32-o32-r10-rep2-seg1-attempt2,phase2-full-grid-rerun-20260731-l4-l4-tp1-f2040-i32-o32-r10-rep2-seg1-attempt2-00066-6e867d29eebb,2,2,0,1,13,server_token_ids,1785511568898116127,317.506927,64.734913,1,"""\n"""
phase2-full-grid-rerun-20260731-l4-l4-tp1-f2040-i32-o32-r10-rep2-seg1-attempt2,phase2-full-grid-rerun-20260731-l4-l4-tp1-f2040-i32-o32-r10-rep2-seg1-attempt2-00066-6e867d29eebb,3,3,0,1,28771,server_token_ids,1785511568964368525,383.759325,66.252398,1,"""#"""
phase2-full-grid-rerun-20260731-l4-l4-tp1-f2040-i32-o32-r10-rep2-seg1-attempt2,phase2-full-grid-rerun-20260731-l4-l4-tp1-f2040-i32-o32-r10-rep2-seg1-attempt2-00066-6e867d29eebb,4,4,0,1,415,server_token_ids,1785511569032352118,451.742918,67.983593,4,""" The"""
phase2-full-grid-rerun-20260731-l4-l4-tp1-f2040-i32-o32-r10-rep2-seg1-attempt2,phase2-full-grid-rerun-20260731-l4-l4-tp1-f2040-i32-o32-r10-rep2-seg1-attempt2-00066-6e867d29eebb,5,5,0,1,28705,server_token_ids,1785511569097215072,516.605872,64.862954,1,""" """
phase2-full-grid-rerun-20260731-l4-l4-tp1-f2040-i32-o32-r10-rep2-seg1-attempt2,phase2-full-grid-rerun-20260731-l4-l4-tp1-f2040-i32-o32-r10-rep2-seg1-attempt2-00066-6e867d29eebb,6,6,0,1,28740,server_token_ids,1785511569163435891,582.826691,66.220819,1,"""1"""
phase2-full-grid-rerun-20260731-l4-l4-tp1-f2040-i32-o32-r10-rep2-seg1-attempt2,phase2-full-grid-rerun-20260731-l4-l4-tp1-f2040-i32-o32-r10-rep2-seg1-attempt2-00066-6e867d29eebb,7,7,0,1,28734,server_token_ids,1785511569231573644,650.964444,68.137753,1,"""0"""
phase2-full-grid-rerun-20260731-l4-l4-tp1-f2040-i32-o32-r10-rep2-seg1-attempt2,phase2-full-grid-rerun-20260731-l4-l4-tp1-f2040-i32-o32-r10-rep2-seg1-attempt2-00066-6e867d29eebb,8,8,0,1,5470,server_token_ids,1785511569296399763,715.790563,64.826119,5,""" Best"""
phase2-full-grid-rerun-20260731-l4-l4-tp1-f2040-i32-o32-r10-rep2-seg1-attempt2,phase2-full-grid-rerun-20260731-l4-l4-tp1-f2040-i32-o32-r10-rep2-seg1-attempt2-00066-6e867d29eebb,9,9,0,1,1641,server_token_ids,1785511569362211509,781.602309,65.811746,3,""" Pl"""
phase2-full-grid-rerun-20260731-l4-l4-tp1-f2040-i32-o32-r10-rep2-seg1-attempt2,phase2-full-grid-rerun-20260731-l4-l4-tp1-f2040-i32-o32-r10-rep2-seg1-attempt2-00066-6e867d29eebb,10,10,0,1,2089,server_token_ids,1785511569430369186,849.759986,68.157677,4,"""aces"""
phase2-full-grid-rerun-20260731-l4-l4-tp1-f2040-i32-o32-r10-rep2-seg1-attempt2,phase2-full-grid-rerun-20260731-l4-l4-tp1-f2040-i32-o32-r10-rep2-seg1-attempt2-00066-6e867d29eebb,11,11,0,1,298,server_token_ids,1785511569495092984,914.483784,64.723798,3,""" to"""
phase2-full-grid-rerun-20260731-l4-l4-tp1-f2040-i32-o32-r10-rep2-seg1-attempt2,phase2-full-grid-rerun-20260731-l4-l4-tp1-f2040-i32-o32-r10-rep2-seg1-attempt2-00066-6e867d29eebb,12,12,0,1,16660,server_token_ids,1785511569561461383,980.852183,66.368399,6,""" Visit"""
phase2-full-grid-rerun-20260731-l4-l4-tp1-f2040-i32-o32-r10-rep2-seg1-attempt2,phase2-full-grid-rerun-20260731-l4-l4-tp1-f2040-i32-o32-r10-rep2-seg1-attempt2-00066-6e867d29eebb,13,13,0,1,297,server_token_ids,1785511569627843966,1047.234766,66.382583,3,""" in"""
phase2-full-grid-rerun-20260731-l4-l4-tp1-f2040-i32-o32-r10-rep2-seg1-attempt2,phase2-full-grid-rerun-20260731-l4-l4-tp1-f2040-i32-o32-r10-rep2-seg1-attempt2-00066-6e867d29eebb,14,14,0,1,272,server_token_ids,1785511569694364890,1113.75569,66.520924,4,""" the"""
phase2-full-grid-rerun-20260731-l4-l4-tp1-f2040-i32-o32-r10-rep2-seg1-attempt2,phase2-full-grid-rerun-20260731-l4-l4-tp1-f2040-i32-o32-r10-rep2-seg1-attempt2-00066-6e867d29eebb,15,15,0,1,7035,server_token_ids,1785511569760008485,1179.399285,65.643595,4,""" USA"""
phase2-full-grid-rerun-20260731-l4-l4-tp1-f2040-i32-o32-r10-rep2-seg1-attempt2,phase2-full-grid-rerun-20260731-l4-l4-tp1-f2040-i32-o32-r10-rep2-seg1-attempt2-00066-6e867d29eebb,16,16,0,1,13,server_token_ids,1785511569826641131,1246.031931,66.632646,1,"""\n"""
phase2-full-grid-rerun-20260731-l4-l4-tp1-f2040-i32-o32-r10-rep2-seg1-attempt2,phase2-full-grid-rerun-20260731-l4-l4-tp1-f2040-i32-o32-r10-rep2-seg1-attempt2-00066-6e867d29eebb,17,17,0,1,13,server_token_ids,1785511569893818774,1313.209574,67.177643,1,"""\n"""
phase2-full-grid-rerun-20260731-l4-l4-tp1-f2040-i32-o32-r10-rep2-seg1-attempt2,phase2-full-grid-rerun-20260731-l4-l4-tp1-f2040-i32-o32-r10-rep2-seg1-attempt2-00066-6e867d29eebb,18,18,0,1,1014,server_token_ids,1785511569958571660,1377.96246,64.752886,3,"""The"""
phase2-full-grid-rerun-20260731-l4-l4-tp1-f2040-i32-o32-r10-rep2-seg1-attempt2,phase2-full-grid-rerun-20260731-l4-l4-tp1-f2040-i32-o32-r10-rep2-seg1-attempt2-00066-6e867d29eebb,19,19,0,1,2969,server_token_ids,1785511570025418509,1444.809309,66.846849,7,""" United"""
phase2-full-grid-rerun-20260731-l4-l4-tp1-f2040-i32-o32-r10-rep2-seg1-attempt2,phase2-full-grid-rerun-20260731-l4-l4-tp1-f2040-i32-o32-r10-rep2-seg1-attempt2-00066-6e867d29eebb,20,20,0,1,3543,server_token_ids,1785511570091360327,1510.751127,65.941818,7,""" States"""
phase2-full-grid-rerun-20260731-l4-l4-tp1-f2040-i32-o32-r10-rep2-seg1-attempt2,phase2-full-grid-rerun-20260731-l4-l4-tp1-f2040-i32-o32-r10-rep2-seg1-attempt2-00066-6e867d29eebb,21,21,0,1,302,server_token_ids,1785511570157886759,1577.277559,66.526432,3,""" of"""
phase2-full-grid-rerun-20260731-l4-l4-tp1-f2040-i32-o32-r10-rep2-seg1-attempt2,phase2-full-grid-rerun-20260731-l4-l4-tp1-f2040-i32-o32-r10-rep2-seg1-attempt2-00066-6e867d29eebb,22,22,0,1,4352,server_token_ids,1785511570224788985,1644.179785,66.902226,8,""" America"""
phase2-full-grid-rerun-20260731-l4-l4-tp1-f2040-i32-o32-r10-rep2-seg1-attempt2,phase2-full-grid-rerun-20260731-l4-l4-tp1-f2040-i32-o32-r10-rep2-seg1-attempt2-00066-6e867d29eebb,23,23,0,1,349,server_token_ids,1785511570291743054,1711.133854,66.954069,3,""" is"""
phase2-full-grid-rerun-20260731-l4-l4-tp1-f2040-i32-o32-r10-rep2-seg1-attempt2,phase2-full-grid-rerun-20260731-l4-l4-tp1-f2040-i32-o32-r10-rep2-seg1-attempt2-00066-6e867d29eebb,24,24,0,1,264,server_token_ids,1785511570356729195,1776.119995,64.986141,2,""" a"""
phase2-full-grid-rerun-20260731-l4-l4-tp1-f2040-i32-o32-r10-rep2-seg1-attempt2,phase2-full-grid-rerun-20260731-l4-l4-tp1-f2040-i32-o32-r10-rep2-seg1-attempt2-00066-6e867d29eebb,25,25,0,1,9555,server_token_ids,1785511570423231601,1842.622401,66.502406,5,""" vast"""
phase2-full-grid-rerun-20260731-l4-l4-tp1-f2040-i32-o32-r10-rep2-seg1-attempt2,phase2-full-grid-rerun-20260731-l4-l4-tp1-f2040-i32-o32-r10-rep2-seg1-attempt2-00066-6e867d29eebb,26,26,0,1,2939,server_token_ids,1785511570489963063,1909.353863,66.731462,8,""" country"""
phase2-full-grid-rerun-20260731-l4-l4-tp1-f2040-i32-o32-r10-rep2-seg1-attempt2,phase2-full-grid-rerun-20260731-l4-l4-tp1-f2040-i32-o32-r10-rep2-seg1-attempt2-00066-6e867d29eebb,27,27,0,1,395,server_token_ids,1785511570555237171,1974.627971,65.274108,5,""" with"""
phase2-full-grid-rerun-20260731-l4-l4-tp1-f2040-i32-o32-r10-rep2-seg1-attempt2,phase2-full-grid-rerun-20260731-l4-l4-tp1-f2040-i32-o32-r10-rep2-seg1-attempt2-00066-6e867d29eebb,28,28,0,1,264,server_token_ids,1785511570621801474,2041.192274,66.564303,2,""" a"""
phase2-full-grid-rerun-20260731-l4-l4-tp1-f2040-i32-o32-r10-rep2-seg1-attempt2,phase2-full-grid-rerun-20260731-l4-l4-tp1-f2040-i32-o32-r10-rep2-seg1-attempt2-00066-6e867d29eebb,29,29,0,1,2055,server_token_ids,1785511570688923735,2108.314535,67.122261,4,""" lot"""
phase2-full-grid-rerun-20260731-l4-l4-tp1-f2040-i32-o32-r10-rep2-seg1-attempt2,phase2-full-grid-rerun-20260731-l4-l4-tp1-f2040-i32-o32-r10-rep2-seg1-attempt2-00066-6e867d29eebb,30,30,0,1,298,server_token_ids,1785511570754030177,2173.420977,65.106442,3,""" to"""
phase2-full-grid-rerun-20260731-l4-l4-tp1-f2040-i32-o32-r10-rep2-seg1-attempt2,phase2-full-grid-rerun-20260731-l4-l4-tp1-f2040-i32-o32-r10-rep2-seg1-attempt2-00066-6e867d29eebb,31,31,0,1,2405,server_token_ids,1785511570820496012,2239.886812,66.465835,6,""" offer"""
phase2-full-grid-rerun-20260731-l4-l4-tp1-f2040-i32-o32-r10-rep2-seg1-attempt2,phase2-full-grid-rerun-20260731-l4-l4-tp1-f2040-i32-o32-r10-rep2-seg1-attempt2-00067-4f176f5be9d4,0,0,0,1,261,server_token_ids,1785511568835218861,153.258136,,2,""" t"""
phase2-full-grid-rerun-20260731-l4-l4-tp1-f2040-i32-o32-r10-rep2-seg1-attempt2,phase2-full-grid-rerun-20260731-l4-l4-tp1-f2040-i32-o32-r10-rep2-seg1-attempt2-00067-4f176f5be9d4,1,1,0,1,296,server_token_ids,1785511568899817972,217.857247,64.599111,3,"""ion"""
phase2-full-grid-rerun-20260731-l4-l4-tp1-f2040-i32-o32-r10-rep2-seg1-attempt2,phase2-full-grid-rerun-20260731-l4-l4-tp1-f2040-i32-o32-r10-rep2-seg1-attempt2-00067-4f176f5be9d4,2,2,0,1,28705,server_token_ids,1785511568965673156,283.712431,65.855184,1,""" """
phase2-full-grid-rerun-20260731-l4-l4-tp1-f2040-i32-o32-r10-rep2-seg1-attempt2,phase2-full-grid-rerun-20260731-l4-l4-tp1-f2040-i32-o32-r10-rep2-seg1-attempt2-00067-4f176f5be9d4,3,3,0,1,28740,server_token_ids,1785511569036717945,354.75722,71.044789,1,"""1"""
phase2-full-grid-rerun-20260731-l4-l4-tp1-f2040-i32-o32-r10-rep2-seg1-attempt2,phase2-full-grid-rerun-20260731-l4-l4-tp1-f2040-i32-o32-r10-rep2-seg1-attempt2-00067-4f176f5be9d4,4,4,0,1,28734,server_token_ids,1785511569105338363,423.377638,68.620418,1,"""0"""
phase2-full-grid-rerun-20260731-l4-l4-tp1-f2040-i32-o32-r10-rep2-seg1-attempt2,phase2-full-grid-rerun-20260731-l4-l4-tp1-f2040-i32-o32-r10-rep2-seg1-attempt2-00067-4f176f5be9d4,5,5,0,1,28734,server_token_ids,1785511569164303929,482.343204,58.965566,1,"""0"""
phase2-full-grid-rerun-20260731-l4-l4-tp1-f2040-i32-o32-r10-rep2-seg1-attempt2,phase2-full-grid-rerun-20260731-l4-l4-tp1-f2040-i32-o32-r10-rep2-seg1-attempt2-00067-4f176f5be9d4,6,6,0,1,28734,server_token_ids,1785511569236237014,554.276289,71.933085,1,"""0"""
phase2-full-grid-rerun-20260731-l4-l4-tp1-f2040-i32-o32-r10-rep2-seg1-attempt2,phase2-full-grid-rerun-20260731-l4-l4-tp1-f2040-i32-o32-r10-rep2-seg1-attempt2-00067-4f176f5be9d4,7,7,0,1,28734,server_token_ids,1785511569298101305,616.14058,61.864291,1,"""0"""
phase2-full-grid-rerun-20260731-l4-l4-tp1-f2040-i32-o32-r10-rep2-seg1-attempt2,phase2-full-grid-rerun-20260731-l4-l4-tp1-f2040-i32-o32-r10-rep2-seg1-attempt2-00067-4f176f5be9d4,8,8,0,1,28734,server_token_ids,1785511569366924094,684.963369,68.822789,1,"""0"""
phase2-full-grid-rerun-20260731-l4-l4-tp1-f2040-i32-o32-r10-rep2-seg1-attempt2,phase2-full-grid-rerun-20260731-l4-l4-tp1-f2040-i32-o32-r10-rep2-seg1-attempt2-00067-4f176f5be9d4,9,9,0,1,28734,server_token_ids,1785511569432244463,750.283738,65.320369,1,"""0"""
phase2-full-grid-rerun-20260731-l4-l4-tp1-f2040-i32-o32-r10-rep2-seg1-attempt2,phase2-full-grid-rerun-20260731-l4-l4-tp1-f2040-i32-o32-r10-rep2-seg1-attempt2-00067-4f176f5be9d4,10,10,0,1,28734,server_token_ids,1785511569496862402,814.901677,64.617939,1,"""0"""
phase2-full-grid-rerun-20260731-l4-l4-tp1-f2040-i32-o32-r10-rep2-seg1-attempt2,phase2-full-grid-rerun-20260731-l4-l4-tp1-f2040-i32-o32-r10-rep2-seg1-attempt2-00067-4f176f5be9d4,11,11,0,1,28734,server_token_ids,1785511569562903032,880.942307,66.04063,1,"""0"""
phase2-full-grid-rerun-20260731-l4-l4-tp1-f2040-i32-o32-r10-rep2-seg1-attempt2,phase2-full-grid-rerun-20260731-l4-l4-tp1-f2040-i32-o32-r10-rep2-seg1-attempt2-00067-4f176f5be9d4,12,12,0,1,28734,server_token_ids,1785511569629506201,947.545476,66.603169,1,"""0"""
phase2-full-grid-rerun-20260731-l4-l4-tp1-f2040-i32-o32-r10-rep2-seg1-attempt2,phase2-full-grid-rerun-20260731-l4-l4-tp1-f2040-i32-o32-r10-rep2-seg1-attempt2-00067-4f176f5be9d4,13,13,0,1,28734,server_token_ids,1785511569698200643,1016.239918,68.694442,1,"""0"""
phase2-full-grid-rerun-20260731-l4-l4-tp1-f2040-i32-o32-r10-rep2-seg1-attempt2,phase2-full-grid-rerun-20260731-l4-l4-tp1-f2040-i32-o32-r10-rep2-seg1-attempt2-00067-4f176f5be9d4,14,14,0,1,28734,server_token_ids,1785511569761556556,1079.595831,63.355913,1,"""0"""
phase2-full-grid-rerun-20260731-l4-l4-tp1-f2040-i32-o32-r10-rep2-seg1-attempt2,phase2-full-grid-rerun-20260731-l4-l4-tp1-f2040-i32-o32-r10-rep2-seg1-attempt2-00067-4f176f5be9d4,15,15,0,1,28734,server_token_ids,1785511569828398299,1146.437574,66.841743,1,"""0"""
phase2-full-grid-rerun-20260731-l4-l4-tp1-f2040-i32-o32-r10-rep2-seg1-attempt2,phase2-full-grid-rerun-20260731-l4-l4-tp1-f2040-i32-o32-r10-rep2-seg1-attempt2-00067-4f176f5be9d4,16,16,0,1,28734,server_token_ids,1785511569898315635,1216.35491,69.917336,1,"""0"""
phase2-full-grid-rerun-20260731-l4-l4-tp1-f2040-i32-o32-r10-rep2-seg1-attempt2,phase2-full-grid-rerun-20260731-l4-l4-tp1-f2040-i32-o32-r10-rep2-seg1-attempt2-00067-4f176f5be9d4,17,17,0,1,28734,server_token_ids,1785511569959962946,1278.002221,61.647311,1,"""0"""
phase2-full-grid-rerun-20260731-l4-l4-tp1-f2040-i32-o32-r10-rep2-seg1-attempt2,phase2-full-grid-rerun-20260731-l4-l4-tp1-f2040-i32-o32-r10-rep2-seg1-attempt2-00067-4f176f5be9d4,18,18,0,1,28734,server_token_ids,1785511570035543985,1353.58326,75.581039,1,"""0"""
phase2-full-grid-rerun-20260731-l4-l4-tp1-f2040-i32-o32-r10-rep2-seg1-attempt2,phase2-full-grid-rerun-20260731-l4-l4-tp1-f2040-i32-o32-r10-rep2-seg1-attempt2-00067-4f176f5be9d4,19,19,0,1,28734,server_token_ids,1785511570095403762,1413.443037,59.859777,1,"""0"""
phase2-full-grid-rerun-20260731-l4-l4-tp1-f2040-i32-o32-r10-rep2-seg1-attempt2,phase2-full-grid-rerun-20260731-l4-l4-tp1-f2040-i32-o32-r10-rep2-seg1-attempt2-00067-4f176f5be9d4,20,20,0,1,28734,server_token_ids,1785511570159321964,1477.361239,63.918202,1,"""0"""
phase2-full-grid-rerun-20260731-l4-l4-tp1-f2040-i32-o32-r10-rep2-seg1-attempt2,phase2-full-grid-rerun-20260731-l4-l4-tp1-f2040-i32-o32-r10-rep2-seg1-attempt2-00067-4f176f5be9d4,21,21,0,1,28734,server_token_ids,1785511570234897920,1552.937195,75.575956,1,"""0"""
phase2-full-grid-rerun-20260731-l4-l4-tp1-f2040-i32-o32-r10-rep2-seg1-attempt2,phase2-full-grid-rerun-20260731-l4-l4-tp1-f2040-i32-o32-r10-rep2-seg1-attempt2-00067-4f176f5be9d4,22,22,0,1,28734,server_token_ids,1785511570295884982,1613.924257,60.987062,1,"""0"""
phase2-full-grid-rerun-20260731-l4-l4-tp1-f2040-i32-o32-r10-rep2-seg1-attempt2,phase2-full-grid-rerun-20260731-l4-l4-tp1-f2040-i32-o32-r10-rep2-seg1-attempt2-00067-4f176f5be9d4,23,23,0,1,28734,server_token_ids,1785511570357992287,1676.031562,62.107305,1,"""0"""
phase2-full-grid-rerun-20260731-l4-l4-tp1-f2040-i32-o32-r10-rep2-seg1-attempt2,phase2-full-grid-rerun-20260731-l4-l4-tp1-f2040-i32-o32-r10-rep2-seg1-attempt2-00067-4f176f5be9d4,24,24,0,1,28734,server_token_ids,1785511570424566618,1742.605893,66.574331,1,"""0"""
phase2-full-grid-rerun-20260731-l4-l4-tp1-f2040-i32-o32-r10-rep2-seg1-attempt2,phase2-full-grid-rerun-20260731-l4-l4-tp1-f2040-i32-o32-r10-rep2-seg1-attempt2-00067-4f176f5be9d4,25,25,0,1,28734,server_token_ids,1785511570500715349,1818.754624,76.148731,1,"""0"""
phase2-full-grid-rerun-20260731-l4-l4-tp1-f2040-i32-o32-r10-rep2-seg1-attempt2,phase2-full-grid-rerun-20260731-l4-l4-tp1-f2040-i32-o32-r10-rep2-seg1-attempt2-00067-4f176f5be9d4,26,26,0,1,28734,server_token_ids,1785511570559046898,1877.086173,58.331549,1,"""0"""
phase2-full-grid-rerun-20260731-l4-l4-tp1-f2040-i32-o32-r10-rep2-seg1-attempt2,phase2-full-grid-rerun-20260731-l4-l4-tp1-f2040-i32-o32-r10-rep2-seg1-attempt2-00067-4f176f5be9d4,27,27,0,1,28734,server_token_ids,1785511570632390279,1950.429554,73.343381,1,"""0"""
phase2-full-grid-rerun-20260731-l4-l4-tp1-f2040-i32-o32-r10-rep2-seg1-attempt2,phase2-full-grid-rerun-20260731-l4-l4-tp1-f2040-i32-o32-r10-rep2-seg1-attempt2-00067-4f176f5be9d4,28,28,0,1,28734,server_token_ids,1785511570697904132,2015.943407,65.513853,1,"""0"""
phase2-full-grid-rerun-20260731-l4-l4-tp1-f2040-i32-o32-r10-rep2-seg1-attempt2,phase2-full-grid-rerun-20260731-l4-l4-tp1-f2040-i32-o32-r10-rep2-seg1-attempt2-00067-4f176f5be9d4,29,29,0,1,28734,server_token_ids,1785511570757840073,2075.879348,59.935941,1,"""0"""
phase2-full-grid-rerun-20260731-l4-l4-tp1-f2040-i32-o32-r10-rep2-seg1-attempt2,phase2-full-grid-rerun-20260731-l4-l4-tp1-f2040-i32-o32-r10-rep2-seg1-attempt2-00067-4f176f5be9d4,30,30,0,1,28734,server_token_ids,1785511570821483197,2139.522472,63.643124,1,"""0"""
phase2-full-grid-rerun-20260731-l4-l4-tp1-f2040-i32-o32-r10-rep2-seg1-attempt2,phase2-full-grid-rerun-20260731-l4-l4-tp1-f2040-i32-o32-r10-rep2-seg1-attempt2-00067-4f176f5be9d4,31,31,0,1,28734,server_token_ids,1785511570889809802,2207.849077,68.326605,1,"""0"""
phase2-full-grid-rerun-20260731-l4-l4-tp1-f2040-i32-o32-r10-rep2-seg1-attempt2,phase2-full-grid-rerun-20260731-l4-l4-tp1-f2040-i32-o32-r10-rep2-seg1-attempt2-00068-6e465f8e5db4,0,0,0,1,28710,server_token_ids,1785511568966356676,184.897813,,1,"""i"""
phase2-full-grid-rerun-20260731-l4-l4-tp1-f2040-i32-o32-r10-rep2-seg1-attempt2,phase2-full-grid-rerun-20260731-l4-l4-tp1-f2040-i32-o32-r10-rep2-seg1-attempt2-00068-6e465f8e5db4,1,1,0,1,28733,server_token_ids,1785511569037322966,255.864103,70.96629,1,"""-"""
phase2-full-grid-rerun-20260731-l4-l4-tp1-f2040-i32-o32-r10-rep2-seg1-attempt2,phase2-full-grid-rerun-20260731-l4-l4-tp1-f2040-i32-o32-r10-rep2-seg1-attempt2-00068-6e465f8e5db4,2,2,0,1,13,server_token_ids,1785511569105962021,324.503158,68.639055,1,"""\n"""
phase2-full-grid-rerun-20260731-l4-l4-tp1-f2040-i32-o32-r10-rep2-seg1-attempt2,phase2-full-grid-rerun-20260731-l4-l4-tp1-f2040-i32-o32-r10-rep2-seg1-attempt2-00068-6e465f8e5db4,3,3,0,1,13,server_token_ids,1785511569165297201,383.838338,59.33518,1,"""\n"""
phase2-full-grid-rerun-20260731-l4-l4-tp1-f2040-i32-o32-r10-rep2-seg1-attempt2,phase2-full-grid-rerun-20260731-l4-l4-tp1-f2040-i32-o32-r10-rep2-seg1-attempt2-00068-6e465f8e5db4,4,4,0,1,1064,server_token_ids,1785511569237016164,455.557301,71.718963,2,"""##"""
phase2-full-grid-rerun-20260731-l4-l4-tp1-f2040-i32-o32-r10-rep2-seg1-attempt2,phase2-full-grid-rerun-20260731-l4-l4-tp1-f2040-i32-o32-r10-rep2-seg1-attempt2-00068-6e465f8e5db4,5,5,0,1,28705,server_token_ids,1785511569298772571,517.313708,61.756407,1,""" """
phase2-full-grid-rerun-20260731-l4-l4-tp1-f2040-i32-o32-r10-rep2-seg1-attempt2,phase2-full-grid-rerun-20260731-l4-l4-tp1-f2040-i32-o32-r10-rep2-seg1-attempt2-00068-6e465f8e5db4,6,6,0,1,28740,server_token_ids,1785511569367376889,585.918026,68.604318,1,"""1"""
phase2-full-grid-rerun-20260731-l4-l4-tp1-f2040-i32-o32-r10-rep2-seg1-attempt2,phase2-full-grid-rerun-20260731-l4-l4-tp1-f2040-i32-o32-r10-rep2-seg1-attempt2-00068-6e465f8e5db4,7,7,0,1,28723,server_token_ids,1785511569435709548,654.250685,68.332659,1,"""."""
phase2-full-grid-rerun-20260731-l4-l4-tp1-f2040-i32-o32-r10-rep2-seg1-attempt2,phase2-full-grid-rerun-20260731-l4-l4-tp1-f2040-i32-o32-r10-rep2-seg1-attempt2-00068-6e465f8e5db4,8,8,0,1,23628,server_token_ids,1785511569497561409,716.102546,61.851861,13,""" Introduction"""
phase2-full-grid-rerun-20260731-l4-l4-tp1-f2040-i32-o32-r10-rep2-seg1-attempt2,phase2-full-grid-rerun-20260731-l4-l4-tp1-f2040-i32-o32-r10-rep2-seg1-attempt2-00068-6e465f8e5db4,9,9,0,1,13,server_token_ids,1785511569566036474,784.577611,68.475065,1,"""\n"""
phase2-full-grid-rerun-20260731-l4-l4-tp1-f2040-i32-o32-r10-rep2-seg1-attempt2,phase2-full-grid-rerun-20260731-l4-l4-tp1-f2040-i32-o32-r10-rep2-seg1-attempt2-00068-6e465f8e5db4,10,10,0,1,13,server_token_ids,1785511569630187960,848.729097,64.151486,1,"""\n"""
phase2-full-grid-rerun-20260731-l4-l4-tp1-f2040-i32-o32-r10-rep2-seg1-attempt2,phase2-full-grid-rerun-20260731-l4-l4-tp1-f2040-i32-o32-r10-rep2-seg1-attempt2-00068-6e465f8e5db4,11,11,0,1,1014,server_token_ids,1785511569700329053,918.87019,70.141093,3,"""The"""
phase2-full-grid-rerun-20260731-l4-l4-tp1-f2040-i32-o32-r10-rep2-seg1-attempt2,phase2-full-grid-rerun-20260731-l4-l4-tp1-f2040-i32-o32-r10-rep2-seg1-attempt2-00068-6e465f8e5db4,12,12,0,1,583,server_token_ids,1785511569764709970,983.251107,64.380917,2,""" _"""
phase2-full-grid-rerun-20260731-l4-l4-tp1-f2040-i32-o32-r10-rep2-seg1-attempt2,phase2-full-grid-rerun-20260731-l4-l4-tp1-f2040-i32-o32-r10-rep2-seg1-attempt2-00068-6e465f8e5db4,13,13,0,1,28765,server_token_ids,1785511569828874581,1047.415718,64.164611,1,"""F"""
phase2-full-grid-rerun-20260731-l4-l4-tp1-f2040-i32-o32-r10-rep2-seg1-attempt2,phase2-full-grid-rerun-20260731-l4-l4-tp1-f2040-i32-o32-r10-rep2-seg1-attempt2-00068-6e465f8e5db4,14,14,0,1,18296,server_token_ids,1785511569900494742,1119.035879,71.620161,7,"""raction"""
phase2-full-grid-rerun-20260731-l4-l4-tp1-f2040-i32-o32-r10-rep2-seg1-attempt2,phase2-full-grid-rerun-20260731-l4-l4-tp1-f2040-i32-o32-r10-rep2-seg1-attempt2-00068-6e465f8e5db4,15,15,0,1,282,server_token_ids,1785511569963164393,1181.70553,62.669651,2,"""al"""
phase2-full-grid-rerun-20260731-l4-l4-tp1-f2040-i32-o32-r10-rep2-seg1-attempt2,phase2-full-grid-rerun-20260731-l4-l4-tp1-f2040-i32-o32-r10-rep2-seg1-attempt2-00068-6e465f8e5db4,16,16,0,1,3885,server_token_ids,1785511570036081813,1254.62295,72.91742,6,""" State"""
phase2-full-grid-rerun-20260731-l4-l4-tp1-f2040-i32-o32-r10-rep2-seg1-attempt2,phase2-full-grid-rerun-20260731-l4-l4-tp1-f2040-i32-o32-r10-rep2-seg1-attempt2-00068-6e465f8e5db4,17,17,0,1,28730,server_token_ids,1785511570095968421,1314.509558,59.886608,1,"""_"""
phase2-full-grid-rerun-20260731-l4-l4-tp1-f2040-i32-o32-r10-rep2-seg1-attempt2,phase2-full-grid-rerun-20260731-l4-l4-tp1-f2040-i32-o32-r10-rep2-seg1-attempt2-00068-6e465f8e5db4,18,18,0,1,302,server_token_ids,1785511570162549531,1381.090668,66.58111,3,""" of"""
phase2-full-grid-rerun-20260731-l4-l4-tp1-f2040-i32-o32-r10-rep2-seg1-attempt2,phase2-full-grid-rerun-20260731-l4-l4-tp1-f2040-i32-o32-r10-rep2-seg1-attempt2-00068-6e465f8e5db4,19,19,0,1,272,server_token_ids,1785511570235542839,1454.083976,72.993308,4,""" the"""
phase2-full-grid-rerun-20260731-l4-l4-tp1-f2040-i32-o32-r10-rep2-seg1-attempt2,phase2-full-grid-rerun-20260731-l4-l4-tp1-f2040-i32-o32-r10-rep2-seg1-attempt2-00068-6e465f8e5db4,20,20,0,1,1524,server_token_ids,1785511570296528904,1515.070041,60.986065,4,""" art"""
phase2-full-grid-rerun-20260731-l4-l4-tp1-f2040-i32-o32-r10-rep2-seg1-attempt2,phase2-full-grid-rerun-20260731-l4-l4-tp1-f2040-i32-o32-r10-rep2-seg1-attempt2-00068-6e465f8e5db4,21,21,0,1,349,server_token_ids,1785511570358625994,1577.167131,62.09709,3,""" is"""
phase2-full-grid-rerun-20260731-l4-l4-tp1-f2040-i32-o32-r10-rep2-seg1-attempt2,phase2-full-grid-rerun-20260731-l4-l4-tp1-f2040-i32-o32-r10-rep2-seg1-attempt2-00068-6e465f8e5db4,22,22,0,1,264,server_token_ids,1785511570425392305,1643.933442,66.766311,2,""" a"""
phase2-full-grid-rerun-20260731-l4-l4-tp1-f2040-i32-o32-r10-rep2-seg1-attempt2,phase2-full-grid-rerun-20260731-l4-l4-tp1-f2040-i32-o32-r10-rep2-seg1-attempt2-00068-6e465f8e5db4,23,23,0,1,1215,server_token_ids,1785511570501263840,1719.804977,75.871535,5,""" very"""
phase2-full-grid-rerun-20260731-l4-l4-tp1-f2040-i32-o32-r10-rep2-seg1-attempt2,phase2-full-grid-rerun-20260731-l4-l4-tp1-f2040-i32-o32-r10-rep2-seg1-attempt2-00068-6e465f8e5db4,24,24,0,1,2278,server_token_ids,1785511570559599164,1778.140301,58.335324,10,""" important"""
phase2-full-grid-rerun-20260731-l4-l4-tp1-f2040-i32-o32-r10-rep2-seg1-attempt2,phase2-full-grid-rerun-20260731-l4-l4-tp1-f2040-i32-o32-r10-rep2-seg1-attempt2-00068-6e465f8e5db4,25,25,0,1,5935,server_token_ids,1785511570632959128,1851.500265,73.359964,8,""" concept"""
phase2-full-grid-rerun-20260731-l4-l4-tp1-f2040-i32-o32-r10-rep2-seg1-attempt2,phase2-full-grid-rerun-20260731-l4-l4-tp1-f2040-i32-o32-r10-rep2-seg1-attempt2-00068-6e465f8e5db4,26,26,0,1,297,server_token_ids,1785511570699876681,1918.417818,66.917553,3,""" in"""
phase2-full-grid-rerun-20260731-l4-l4-tp1-f2040-i32-o32-r10-rep2-seg1-attempt2,phase2-full-grid-rerun-20260731-l4-l4-tp1-f2040-i32-o32-r10-rep2-seg1-attempt2-00068-6e465f8e5db4,27,27,0,1,272,server_token_ids,1785511570758854663,1977.3958,58.977982,4,""" the"""
phase2-full-grid-rerun-20260731-l4-l4-tp1-f2040-i32-o32-r10-rep2-seg1-attempt2,phase2-full-grid-rerun-20260731-l4-l4-tp1-f2040-i32-o32-r10-rep2-seg1-attempt2-00068-6e465f8e5db4,28,28,0,1,1834,server_token_ids,1785511570830581091,2049.122228,71.726428,6,""" field"""
phase2-full-grid-rerun-20260731-l4-l4-tp1-f2040-i32-o32-r10-rep2-seg1-attempt2,phase2-full-grid-rerun-20260731-l4-l4-tp1-f2040-i32-o32-r10-rep2-seg1-attempt2-00068-6e465f8e5db4,29,29,0,1,302,server_token_ids,1785511570890608009,2109.149146,60.026918,3,""" of"""
phase2-full-grid-rerun-20260731-l4-l4-tp1-f2040-i32-o32-r10-rep2-seg1-attempt2,phase2-full-grid-rerun-20260731-l4-l4-tp1-f2040-i32-o32-r10-rep2-seg1-attempt2-00068-6e465f8e5db4,30,30,0,1,16872,server_token_ids,1785511570957014660,2175.555797,66.406651,9,""" mathemat"""
phase2-full-grid-rerun-20260731-l4-l4-tp1-f2040-i32-o32-r10-rep2-seg1-attempt2,phase2-full-grid-rerun-20260731-l4-l4-tp1-f2040-i32-o32-r10-rep2-seg1-attempt2-00068-6e465f8e5db4,31,31,0,1,1063,server_token_ids,1785511571021246942,2239.788079,64.232282,3,"""ics"""
phase2-full-grid-rerun-20260731-l4-l4-tp1-f2040-i32-o32-r10-rep2-seg1-attempt2,phase2-full-grid-rerun-20260731-l4-l4-tp1-f2040-i32-o32-r10-rep2-seg1-attempt2-00069-9a00714778d7,0,0,0,1,346,server_token_ids,1785511569034057113,151.823284,,2,"""ly"""
phase2-full-grid-rerun-20260731-l4-l4-tp1-f2040-i32-o32-r10-rep2-seg1-attempt2,phase2-full-grid-rerun-20260731-l4-l4-tp1-f2040-i32-o32-r10-rep2-seg1-attempt2-00069-9a00714778d7,1,1,0,1,298,server_token_ids,1785511569105148586,222.914757,71.091473,3,""" to"""
phase2-full-grid-rerun-20260731-l4-l4-tp1-f2040-i32-o32-r10-rep2-seg1-attempt2,phase2-full-grid-rerun-20260731-l4-l4-tp1-f2040-i32-o32-r10-rep2-seg1-attempt2-00069-9a00714778d7,2,2,0,1,456,server_token_ids,1785511569164155468,281.921639,59.006882,5,""" this"""
phase2-full-grid-rerun-20260731-l4-l4-tp1-f2040-i32-o32-r10-rep2-seg1-attempt2,phase2-full-grid-rerun-20260731-l4-l4-tp1-f2040-i32-o32-r10-rep2-seg1-attempt2-00069-9a00714778d7,3,3,0,1,9067,server_token_ids,1785511569236071763,353.837934,71.916295,6,""" topic"""
phase2-full-grid-rerun-20260731-l4-l4-tp1-f2040-i32-o32-r10-rep2-seg1-attempt2,phase2-full-grid-rerun-20260731-l4-l4-tp1-f2040-i32-o32-r10-rep2-seg1-attempt2-00069-9a00714778d7,4,4,0,1,13,server_token_ids,1785511569297897855,415.664026,61.826092,1,"""\n"""
phase2-full-grid-rerun-20260731-l4-l4-tp1-f2040-i32-o32-r10-rep2-seg1-attempt2,phase2-full-grid-rerun-20260731-l4-l4-tp1-f2040-i32-o32-r10-rep2-seg1-attempt2-00069-9a00714778d7,5,5,0,1,13,server_token_ids,1785511569366682544,484.448715,68.784689,1,"""\n"""
phase2-full-grid-rerun-20260731-l4-l4-tp1-f2040-i32-o32-r10-rep2-seg1-attempt2,phase2-full-grid-rerun-20260731-l4-l4-tp1-f2040-i32-o32-r10-rep2-seg1-attempt2-00069-9a00714778d7,6,6,0,1,1064,server_token_ids,1785511569432023837,549.790008,65.341293,2,"""##"""
phase2-full-grid-rerun-20260731-l4-l4-tp1-f2040-i32-o32-r10-rep2-seg1-attempt2,phase2-full-grid-rerun-20260731-l4-l4-tp1-f2040-i32-o32-r10-rep2-seg1-attempt2-00069-9a00714778d7,7,7,0,1,28705,server_token_ids,1785511569496579858,614.346029,64.556021,1,""" """
phase2-full-grid-rerun-20260731-l4-l4-tp1-f2040-i32-o32-r10-rep2-seg1-attempt2,phase2-full-grid-rerun-20260731-l4-l4-tp1-f2040-i32-o32-r10-rep2-seg1-attempt2-00069-9a00714778d7,8,8,0,1,28740,server_token_ids,1785511569562263929,680.0301,65.684071,1,"""1"""
phase2-full-grid-rerun-20260731-l4-l4-tp1-f2040-i32-o32-r10-rep2-seg1-attempt2,phase2-full-grid-rerun-20260731-l4-l4-tp1-f2040-i32-o32-r10-rep2-seg1-attempt2-00069-9a00714778d7,9,9,0,1,28723,server_token_ids,1785511569629269407,747.035578,67.005478,1,"""."""
phase2-full-grid-rerun-20260731-l4-l4-tp1-f2040-i32-o32-r10-rep2-seg1-attempt2,phase2-full-grid-rerun-20260731-l4-l4-tp1-f2040-i32-o32-r10-rep2-seg1-attempt2-00069-9a00714778d7,10,10,0,1,13,server_token_ids,1785511569697917947,815.684118,68.64854,1,"""\n"""
phase2-full-grid-rerun-20260731-l4-l4-tp1-f2040-i32-o32-r10-rep2-seg1-attempt2,phase2-full-grid-rerun-20260731-l4-l4-tp1-f2040-i32-o32-r10-rep2-seg1-attempt2-00069-9a00714778d7,11,11,0,1,13,server_token_ids,1785511569761285660,879.051831,63.367713,1,"""\n"""
phase2-full-grid-rerun-20260731-l4-l4-tp1-f2040-i32-o32-r10-rep2-seg1-attempt2,phase2-full-grid-rerun-20260731-l4-l4-tp1-f2040-i32-o32-r10-rep2-seg1-attempt2-00069-9a00714778d7,12,12,0,1,27332,server_token_ids,1785511569827994634,945.760805,66.708974,3,"""###"""
phase2-full-grid-rerun-20260731-l4-l4-tp1-f2040-i32-o32-r10-rep2-seg1-attempt2,phase2-full-grid-rerun-20260731-l4-l4-tp1-f2040-i32-o32-r10-rep2-seg1-attempt2-00069-9a00714778d7,13,13,0,1,28705,server_token_ids,1785511569895451054,1013.217225,67.45642,1,""" """
phase2-full-grid-rerun-20260731-l4-l4-tp1-f2040-i32-o32-r10-rep2-seg1-attempt2,phase2-full-grid-rerun-20260731-l4-l4-tp1-f2040-i32-o32-r10-rep2-seg1-attempt2-00069-9a00714778d7,14,14,0,1,28740,server_token_ids,1785511569959775966,1077.542137,64.324912,1,"""1"""
phase2-full-grid-rerun-20260731-l4-l4-tp1-f2040-i32-o32-r10-rep2-seg1-attempt2,phase2-full-grid-rerun-20260731-l4-l4-tp1-f2040-i32-o32-r10-rep2-seg1-attempt2-00069-9a00714778d7,15,15,0,1,28723,server_token_ids,1785511570035368191,1153.134362,75.592225,1,"""."""
phase2-full-grid-rerun-20260731-l4-l4-tp1-f2040-i32-o32-r10-rep2-seg1-attempt2,phase2-full-grid-rerun-20260731-l4-l4-tp1-f2040-i32-o32-r10-rep2-seg1-attempt2-00069-9a00714778d7,16,16,0,1,28740,server_token_ids,1785511570092892183,1210.658354,57.523992,1,"""1"""
phase2-full-grid-rerun-20260731-l4-l4-tp1-f2040-i32-o32-r10-rep2-seg1-attempt2,phase2-full-grid-rerun-20260731-l4-l4-tp1-f2040-i32-o32-r10-rep2-seg1-attempt2-00069-9a00714778d7,17,17,0,1,28723,server_token_ids,1785511570159054804,1276.820975,66.162621,1,"""."""
phase2-full-grid-rerun-20260731-l4-l4-tp1-f2040-i32-o32-r10-rep2-seg1-attempt2,phase2-full-grid-rerun-20260731-l4-l4-tp1-f2040-i32-o32-r10-rep2-seg1-attempt2-00069-9a00714778d7,18,18,0,1,13,server_token_ids,1785511570225703897,1343.470068,66.649093,1,"""\n"""
phase2-full-grid-rerun-20260731-l4-l4-tp1-f2040-i32-o32-r10-rep2-seg1-attempt2,phase2-full-grid-rerun-20260731-l4-l4-tp1-f2040-i32-o32-r10-rep2-seg1-attempt2-00069-9a00714778d7,19,19,0,1,13,server_token_ids,1785511570295566087,1413.332258,69.86219,1,"""\n"""
phase2-full-grid-rerun-20260731-l4-l4-tp1-f2040-i32-o32-r10-rep2-seg1-attempt2,phase2-full-grid-rerun-20260731-l4-l4-tp1-f2040-i32-o32-r10-rep2-seg1-attempt2-00069-9a00714778d7,20,20,0,1,2000,server_token_ids,1785511570357890508,1475.656679,62.324421,4,"""####"""
phase2-full-grid-rerun-20260731-l4-l4-tp1-f2040-i32-o32-r10-rep2-seg1-attempt2,phase2-full-grid-rerun-20260731-l4-l4-tp1-f2040-i32-o32-r10-rep2-seg1-attempt2-00069-9a00714778d7,21,21,0,1,28705,server_token_ids,1785511570424039191,1541.805362,66.148683,1,""" """
phase2-full-grid-rerun-20260731-l4-l4-tp1-f2040-i32-o32-r10-rep2-seg1-attempt2,phase2-full-grid-rerun-20260731-l4-l4-tp1-f2040-i32-o32-r10-rep2-seg1-attempt2-00069-9a00714778d7,22,22,0,1,28740,server_token_ids,1785511570500619532,1618.385703,76.580341,1,"""1"""
phase2-full-grid-rerun-20260731-l4-l4-tp1-f2040-i32-o32-r10-rep2-seg1-attempt2,phase2-full-grid-rerun-20260731-l4-l4-tp1-f2040-i32-o32-r10-rep2-seg1-attempt2-00069-9a00714778d7,23,23,0,1,28723,server_token_ids,1785511570556498115,1674.264286,55.878583,1,"""."""
phase2-full-grid-rerun-20260731-l4-l4-tp1-f2040-i32-o32-r10-rep2-seg1-attempt2,phase2-full-grid-rerun-20260731-l4-l4-tp1-f2040-i32-o32-r10-rep2-seg1-attempt2-00069-9a00714778d7,24,24,0,1,28740,server_token_ids,1785511570632167481,1749.933652,75.669366,1,"""1"""
phase2-full-grid-rerun-20260731-l4-l4-tp1-f2040-i32-o32-r10-rep2-seg1-attempt2,phase2-full-grid-rerun-20260731-l4-l4-tp1-f2040-i32-o32-r10-rep2-seg1-attempt2-00069-9a00714778d7,25,25,0,1,28723,server_token_ids,1785511570697696411,1815.462582,65.52893,1,"""."""
phase2-full-grid-rerun-20260731-l4-l4-tp1-f2040-i32-o32-r10-rep2-seg1-attempt2,phase2-full-grid-rerun-20260731-l4-l4-tp1-f2040-i32-o32-r10-rep2-seg1-attempt2-00069-9a00714778d7,26,26,0,1,28740,server_token_ids,1785511570757682688,1875.448859,59.986277,1,"""1"""
phase2-full-grid-rerun-20260731-l4-l4-tp1-f2040-i32-o32-r10-rep2-seg1-attempt2,phase2-full-grid-rerun-20260731-l4-l4-tp1-f2040-i32-o32-r10-rep2-seg1-attempt2-00069-9a00714778d7,27,27,0,1,28723,server_token_ids,1785511570821319367,1939.085538,63.636679,1,"""."""
phase2-full-grid-rerun-20260731-l4-l4-tp1-f2040-i32-o32-r10-rep2-seg1-attempt2,phase2-full-grid-rerun-20260731-l4-l4-tp1-f2040-i32-o32-r10-rep2-seg1-attempt2-00069-9a00714778d7,28,28,0,1,13,server_token_ids,1785511570889216169,2006.98234,67.896802,1,"""\n"""
phase2-full-grid-rerun-20260731-l4-l4-tp1-f2040-i32-o32-r10-rep2-seg1-attempt2,phase2-full-grid-rerun-20260731-l4-l4-tp1-f2040-i32-o32-r10-rep2-seg1-attempt2-00069-9a00714778d7,29,29,0,1,13,server_token_ids,1785511570955915094,2073.681265,66.698925,1,"""\n"""
phase2-full-grid-rerun-20260731-l4-l4-tp1-f2040-i32-o32-r10-rep2-seg1-attempt2,phase2-full-grid-rerun-20260731-l4-l4-tp1-f2040-i32-o32-r10-rep2-seg1-attempt2-00069-9a00714778d7,30,30,0,1,2000,server_token_ids,1785511571020068261,2137.834432,64.153167,4,"""####"""
phase2-full-grid-rerun-20260731-l4-l4-tp1-f2040-i32-o32-r10-rep2-seg1-attempt2,phase2-full-grid-rerun-20260731-l4-l4-tp1-f2040-i32-o32-r10-rep2-seg1-attempt2-00069-9a00714778d7,31,31,0,1,28771,server_token_ids,1785511571089225863,2206.992034,69.157602,1,"""#"""
phase2-full-grid-rerun-20260731-l4-l4-tp1-f2040-i32-o32-r10-rep2-seg1-attempt2,phase2-full-grid-rerun-20260731-l4-l4-tp1-f2040-i32-o32-r10-rep2-seg1-attempt2-00070-95627d47b8e1,0,0,0,1,13,server_token_ids,1785511569165542718,183.303265,,1,"""\n"""
phase2-full-grid-rerun-20260731-l4-l4-tp1-f2040-i32-o32-r10-rep2-seg1-attempt2,phase2-full-grid-rerun-20260731-l4-l4-tp1-f2040-i32-o32-r10-rep2-seg1-attempt2-00070-95627d47b8e1,1,1,0,1,13,server_token_ids,1785511569244127301,261.887848,78.584583,1,"""\n"""
phase2-full-grid-rerun-20260731-l4-l4-tp1-f2040-i32-o32-r10-rep2-seg1-attempt2,phase2-full-grid-rerun-20260731-l4-l4-tp1-f2040-i32-o32-r10-rep2-seg1-attempt2-00070-95627d47b8e1,2,2,0,1,1064,server_token_ids,1785511569299012878,316.773425,54.885577,2,"""##"""
phase2-full-grid-rerun-20260731-l4-l4-tp1-f2040-i32-o32-r10-rep2-seg1-attempt2,phase2-full-grid-rerun-20260731-l4-l4-tp1-f2040-i32-o32-r10-rep2-seg1-attempt2-00070-95627d47b8e1,3,3,0,1,28705,server_token_ids,1785511569367537431,385.297978,68.524553,1,""" """
phase2-full-grid-rerun-20260731-l4-l4-tp1-f2040-i32-o32-r10-rep2-seg1-attempt2,phase2-full-grid-rerun-20260731-l4-l4-tp1-f2040-i32-o32-r10-rep2-seg1-attempt2-00070-95627d47b8e1,4,4,0,1,28740,server_token_ids,1785511569443233293,460.99384,75.695862,1,"""1"""
phase2-full-grid-rerun-20260731-l4-l4-tp1-f2040-i32-o32-r10-rep2-seg1-attempt2,phase2-full-grid-rerun-20260731-l4-l4-tp1-f2040-i32-o32-r10-rep2-seg1-attempt2-00070-95627d47b8e1,5,5,0,1,28723,server_token_ids,1785511569497716492,515.477039,54.483199,1,"""."""
phase2-full-grid-rerun-20260731-l4-l4-tp1-f2040-i32-o32-r10-rep2-seg1-attempt2,phase2-full-grid-rerun-20260731-l4-l4-tp1-f2040-i32-o32-r10-rep2-seg1-attempt2-00070-95627d47b8e1,6,6,0,1,23628,server_token_ids,1785511569566210140,583.970687,68.493648,13,""" Introduction"""
phase2-full-grid-rerun-20260731-l4-l4-tp1-f2040-i32-o32-r10-rep2-seg1-attempt2,phase2-full-grid-rerun-20260731-l4-l4-tp1-f2040-i32-o32-r10-rep2-seg1-attempt2-00070-95627d47b8e1,7,7,0,1,13,server_token_ids,1785511569637823034,655.583581,71.612894,1,"""\n"""
phase2-full-grid-rerun-20260731-l4-l4-tp1-f2040-i32-o32-r10-rep2-seg1-attempt2,phase2-full-grid-rerun-20260731-l4-l4-tp1-f2040-i32-o32-r10-rep2-seg1-attempt2-00070-95627d47b8e1,8,8,0,1,13,server_token_ids,1785511569700498194,718.258741,62.67516,1,"""\n"""
phase2-full-grid-rerun-20260731-l4-l4-tp1-f2040-i32-o32-r10-rep2-seg1-attempt2,phase2-full-grid-rerun-20260731-l4-l4-tp1-f2040-i32-o32-r10-rep2-seg1-attempt2-00070-95627d47b8e1,9,9,0,1,1014,server_token_ids,1785511569764860741,782.621288,64.362547,3,"""The"""
phase2-full-grid-rerun-20260731-l4-l4-tp1-f2040-i32-o32-r10-rep2-seg1-attempt2,phase2-full-grid-rerun-20260731-l4-l4-tp1-f2040-i32-o32-r10-rep2-seg1-attempt2-00070-95627d47b8e1,10,10,0,1,583,server_token_ids,1785511569829022595,846.783142,64.161854,2,""" _"""
phase2-full-grid-rerun-20260731-l4-l4-tp1-f2040-i32-o32-r10-rep2-seg1-attempt2,phase2-full-grid-rerun-20260731-l4-l4-tp1-f2040-i32-o32-r10-rep2-seg1-attempt2-00070-95627d47b8e1,11,11,0,1,28765,server_token_ids,1785511569900658953,918.4195,71.636358,1,"""F"""
phase2-full-grid-rerun-20260731-l4-l4-tp1-f2040-i32-o32-r10-rep2-seg1-attempt2,phase2-full-grid-rerun-20260731-l4-l4-tp1-f2040-i32-o32-r10-rep2-seg1-attempt2-00070-95627d47b8e1,12,12,0,1,18296,server_token_ids,1785511569963319168,981.079715,62.660215,7,"""raction"""
phase2-full-grid-rerun-20260731-l4-l4-tp1-f2040-i32-o32-r10-rep2-seg1-attempt2,phase2-full-grid-rerun-20260731-l4-l4-tp1-f2040-i32-o32-r10-rep2-seg1-attempt2-00070-95627d47b8e1,13,13,0,1,282,server_token_ids,1785511570036231964,1053.992511,72.912796,2,"""al"""
phase2-full-grid-rerun-20260731-l4-l4-tp1-f2040-i32-o32-r10-rep2-seg1-attempt2,phase2-full-grid-rerun-20260731-l4-l4-tp1-f2040-i32-o32-r10-rep2-seg1-attempt2-00070-95627d47b8e1,14,14,0,1,3885,server_token_ids,1785511570096249675,1114.010222,60.017711,6,""" State"""
phase2-full-grid-rerun-20260731-l4-l4-tp1-f2040-i32-o32-r10-rep2-seg1-attempt2,phase2-full-grid-rerun-20260731-l4-l4-tp1-f2040-i32-o32-r10-rep2-seg1-attempt2-00070-95627d47b8e1,15,15,0,1,28730,server_token_ids,1785511570162635853,1180.3964,66.386178,1,"""_"""
phase2-full-grid-rerun-20260731-l4-l4-tp1-f2040-i32-o32-r10-rep2-seg1-attempt2,phase2-full-grid-rerun-20260731-l4-l4-tp1-f2040-i32-o32-r10-rep2-seg1-attempt2-00070-95627d47b8e1,16,16,0,1,302,server_token_ids,1785511570235619405,1253.379952,72.983552,3,""" of"""
phase2-full-grid-rerun-20260731-l4-l4-tp1-f2040-i32-o32-r10-rep2-seg1-attempt2,phase2-full-grid-rerun-20260731-l4-l4-tp1-f2040-i32-o32-r10-rep2-seg1-attempt2-00070-95627d47b8e1,17,17,0,1,272,server_token_ids,1785511570296681822,1314.442369,61.062417,4,""" the"""
phase2-full-grid-rerun-20260731-l4-l4-tp1-f2040-i32-o32-r10-rep2-seg1-attempt2,phase2-full-grid-rerun-20260731-l4-l4-tp1-f2040-i32-o32-r10-rep2-seg1-attempt2-00070-95627d47b8e1,18,18,0,1,1524,server_token_ids,1785511570361756521,1379.517068,65.074699,4,""" art"""
phase2-full-grid-rerun-20260731-l4-l4-tp1-f2040-i32-o32-r10-rep2-seg1-attempt2,phase2-full-grid-rerun-20260731-l4-l4-tp1-f2040-i32-o32-r10-rep2-seg1-attempt2-00070-95627d47b8e1,19,19,0,1,349,server_token_ids,1785511570425638422,1443.398969,63.881901,3,""" is"""
phase2-full-grid-rerun-20260731-l4-l4-tp1-f2040-i32-o32-r10-rep2-seg1-attempt2,phase2-full-grid-rerun-20260731-l4-l4-tp1-f2040-i32-o32-r10-rep2-seg1-attempt2-00070-95627d47b8e1,20,20,0,1,264,server_token_ids,1785511570501496414,1519.256961,75.857992,2,""" a"""
phase2-full-grid-rerun-20260731-l4-l4-tp1-f2040-i32-o32-r10-rep2-seg1-attempt2,phase2-full-grid-rerun-20260731-l4-l4-tp1-f2040-i32-o32-r10-rep2-seg1-attempt2-00070-95627d47b8e1,21,21,0,1,1215,server_token_ids,1785511570559829766,1577.590313,58.333352,5,""" very"""
phase2-full-grid-rerun-20260731-l4-l4-tp1-f2040-i32-o32-r10-rep2-seg1-attempt2,phase2-full-grid-rerun-20260731-l4-l4-tp1-f2040-i32-o32-r10-rep2-seg1-attempt2-00070-95627d47b8e1,22,22,0,1,2278,server_token_ids,1785511570633181042,1650.941589,73.351276,10,""" important"""
phase2-full-grid-rerun-20260731-l4-l4-tp1-f2040-i32-o32-r10-rep2-seg1-attempt2,phase2-full-grid-rerun-20260731-l4-l4-tp1-f2040-i32-o32-r10-rep2-seg1-attempt2-00070-95627d47b8e1,23,23,0,1,5935,server_token_ids,1785511570700107421,1717.867968,66.926379,8,""" concept"""
phase2-full-grid-rerun-20260731-l4-l4-tp1-f2040-i32-o32-r10-rep2-seg1-attempt2,phase2-full-grid-rerun-20260731-l4-l4-tp1-f2040-i32-o32-r10-rep2-seg1-attempt2-00070-95627d47b8e1,24,24,0,1,297,server_token_ids,1785511570759078488,1776.839035,58.971067,3,""" in"""
phase2-full-grid-rerun-20260731-l4-l4-tp1-f2040-i32-o32-r10-rep2-seg1-attempt2,phase2-full-grid-rerun-20260731-l4-l4-tp1-f2040-i32-o32-r10-rep2-seg1-attempt2-00070-95627d47b8e1,25,25,0,1,272,server_token_ids,1785511570830814522,1848.575069,71.736034,4,""" the"""
phase2-full-grid-rerun-20260731-l4-l4-tp1-f2040-i32-o32-r10-rep2-seg1-attempt2,phase2-full-grid-rerun-20260731-l4-l4-tp1-f2040-i32-o32-r10-rep2-seg1-attempt2-00070-95627d47b8e1,26,26,0,1,1834,server_token_ids,1785511570890833506,1908.594053,60.018984,6,""" field"""
phase2-full-grid-rerun-20260731-l4-l4-tp1-f2040-i32-o32-r10-rep2-seg1-attempt2,phase2-full-grid-rerun-20260731-l4-l4-tp1-f2040-i32-o32-r10-rep2-seg1-attempt2-00070-95627d47b8e1,27,27,0,1,302,server_token_ids,1785511570957241280,1975.001827,66.407774,3,""" of"""
phase2-full-grid-rerun-20260731-l4-l4-tp1-f2040-i32-o32-r10-rep2-seg1-attempt2,phase2-full-grid-rerun-20260731-l4-l4-tp1-f2040-i32-o32-r10-rep2-seg1-attempt2-00070-95627d47b8e1,28,28,0,1,16872,server_token_ids,1785511571021621258,2039.381805,64.379978,9,""" mathemat"""
phase2-full-grid-rerun-20260731-l4-l4-tp1-f2040-i32-o32-r10-rep2-seg1-attempt2,phase2-full-grid-rerun-20260731-l4-l4-tp1-f2040-i32-o32-r10-rep2-seg1-attempt2-00070-95627d47b8e1,29,29,0,1,1063,server_token_ids,1785511571090174417,2107.934964,68.553159,3,"""ics"""
phase2-full-grid-rerun-20260731-l4-l4-tp1-f2040-i32-o32-r10-rep2-seg1-attempt2,phase2-full-grid-rerun-20260731-l4-l4-tp1-f2040-i32-o32-r10-rep2-seg1-attempt2-00070-95627d47b8e1,30,30,0,1,28723,server_token_ids,1785511571157110836,2174.871383,66.936419,1,"""."""
phase2-full-grid-rerun-20260731-l4-l4-tp1-f2040-i32-o32-r10-rep2-seg1-attempt2,phase2-full-grid-rerun-20260731-l4-l4-tp1-f2040-i32-o32-r10-rep2-seg1-attempt2-00070-95627d47b8e1,31,31,0,1,415,server_token_ids,1785511571220630913,2238.39146,63.520077,4,""" The"""
phase2-full-grid-rerun-20260731-l4-l4-tp1-f2040-i32-o32-r10-rep2-seg1-attempt2,phase2-full-grid-rerun-20260731-l4-l4-tp1-f2040-i32-o32-r10-rep2-seg1-attempt2-00071-aa805ced4be3,0,0,0,1,346,server_token_ids,1785511569232768401,150.719196,,2,"""ly"""
phase2-full-grid-rerun-20260731-l4-l4-tp1-f2040-i32-o32-r10-rep2-seg1-attempt2,phase2-full-grid-rerun-20260731-l4-l4-tp1-f2040-i32-o32-r10-rep2-seg1-attempt2-00071-aa805ced4be3,1,1,0,1,13,server_token_ids,1785511569297216066,215.166861,64.447665,1,"""\n"""
phase2-full-grid-rerun-20260731-l4-l4-tp1-f2040-i32-o32-r10-rep2-seg1-attempt2,phase2-full-grid-rerun-20260731-l4-l4-tp1-f2040-i32-o32-r10-rep2-seg1-attempt2-00071-aa805ced4be3,2,2,0,1,13,server_token_ids,1785511569366400165,284.35096,69.184099,1,"""\n"""
phase2-full-grid-rerun-20260731-l4-l4-tp1-f2040-i32-o32-r10-rep2-seg1-attempt2,phase2-full-grid-rerun-20260731-l4-l4-tp1-f2040-i32-o32-r10-rep2-seg1-attempt2-00071-aa805ced4be3,3,3,0,1,1064,server_token_ids,1785511569431794616,349.745411,65.394451,2,"""##"""
phase2-full-grid-rerun-20260731-l4-l4-tp1-f2040-i32-o32-r10-rep2-seg1-attempt2,phase2-full-grid-rerun-20260731-l4-l4-tp1-f2040-i32-o32-r10-rep2-seg1-attempt2-00071-aa805ced4be3,4,4,0,1,28705,server_token_ids,1785511569495905664,413.856459,64.111048,1,""" """
phase2-full-grid-rerun-20260731-l4-l4-tp1-f2040-i32-o32-r10-rep2-seg1-attempt2,phase2-full-grid-rerun-20260731-l4-l4-tp1-f2040-i32-o32-r10-rep2-seg1-attempt2-00071-aa805ced4be3,5,5,0,1,28740,server_token_ids,1785511569562026033,479.976828,66.120369,1,"""1"""
phase2-full-grid-rerun-20260731-l4-l4-tp1-f2040-i32-o32-r10-rep2-seg1-attempt2,phase2-full-grid-rerun-20260731-l4-l4-tp1-f2040-i32-o32-r10-rep2-seg1-attempt2-00071-aa805ced4be3,6,6,0,1,28723,server_token_ids,1785511569629032701,546.983496,67.006668,1,"""."""
phase2-full-grid-rerun-20260731-l4-l4-tp1-f2040-i32-o32-r10-rep2-seg1-attempt2,phase2-full-grid-rerun-20260731-l4-l4-tp1-f2040-i32-o32-r10-rep2-seg1-attempt2-00071-aa805ced4be3,7,7,0,1,23628,server_token_ids,1785511569697138956,615.089751,68.106255,13,""" Introduction"""
phase2-full-grid-rerun-20260731-l4-l4-tp1-f2040-i32-o32-r10-rep2-seg1-attempt2,phase2-full-grid-rerun-20260731-l4-l4-tp1-f2040-i32-o32-r10-rep2-seg1-attempt2-00071-aa805ced4be3,8,8,0,1,13,server_token_ids,1785511569760629876,678.580671,63.49092,1,"""\n"""
phase2-full-grid-rerun-20260731-l4-l4-tp1-f2040-i32-o32-r10-rep2-seg1-attempt2,phase2-full-grid-rerun-20260731-l4-l4-tp1-f2040-i32-o32-r10-rep2-seg1-attempt2-00071-aa805ced4be3,9,9,0,1,13,server_token_ids,1785511569827251646,745.202441,66.62177,1,"""\n"""
phase2-full-grid-rerun-20260731-l4-l4-tp1-f2040-i32-o32-r10-rep2-seg1-attempt2,phase2-full-grid-rerun-20260731-l4-l4-tp1-f2040-i32-o32-r10-rep2-seg1-attempt2-00071-aa805ced4be3,10,10,0,1,1014,server_token_ids,1785511569894718943,812.669738,67.467297,3,"""The"""
phase2-full-grid-rerun-20260731-l4-l4-tp1-f2040-i32-o32-r10-rep2-seg1-attempt2,phase2-full-grid-rerun-20260731-l4-l4-tp1-f2040-i32-o32-r10-rep2-seg1-attempt2-00071-aa805ced4be3,11,11,0,1,6032,server_token_ids,1785511569959183919,877.134714,64.464976,8,""" purpose"""
phase2-full-grid-rerun-20260731-l4-l4-tp1-f2040-i32-o32-r10-rep2-seg1-attempt2,phase2-full-grid-rerun-20260731-l4-l4-tp1-f2040-i32-o32-r10-rep2-seg1-attempt2-00071-aa805ced4be3,12,12,0,1,302,server_token_ids,1785511570026207371,944.158166,67.023452,3,""" of"""
phase2-full-grid-rerun-20260731-l4-l4-tp1-f2040-i32-o32-r10-rep2-seg1-attempt2,phase2-full-grid-rerun-20260731-l4-l4-tp1-f2040-i32-o32-r10-rep2-seg1-attempt2-00071-aa805ced4be3,13,13,0,1,456,server_token_ids,1785511570092196737,1010.147532,65.989366,5,""" this"""
phase2-full-grid-rerun-20260731-l4-l4-tp1-f2040-i32-o32-r10-rep2-seg1-attempt2,phase2-full-grid-rerun-20260731-l4-l4-tp1-f2040-i32-o32-r10-rep2-seg1-attempt2-00071-aa805ced4be3,14,14,0,1,3830,server_token_ids,1785511570158423322,1076.374117,66.226585,6,""" paper"""
phase2-full-grid-rerun-20260731-l4-l4-tp1-f2040-i32-o32-r10-rep2-seg1-attempt2,phase2-full-grid-rerun-20260731-l4-l4-tp1-f2040-i32-o32-r10-rep2-seg1-attempt2-00071-aa805ced4be3,15,15,0,1,349,server_token_ids,1785511570225310837,1143.261632,66.887515,3,""" is"""
phase2-full-grid-rerun-20260731-l4-l4-tp1-f2040-i32-o32-r10-rep2-seg1-attempt2,phase2-full-grid-rerun-20260731-l4-l4-tp1-f2040-i32-o32-r10-rep2-seg1-attempt2-00071-aa805ced4be3,16,16,0,1,298,server_token_ids,1785511570294920378,1212.871173,69.609541,3,""" to"""
phase2-full-grid-rerun-20260731-l4-l4-tp1-f2040-i32-o32-r10-rep2-seg1-attempt2,phase2-full-grid-rerun-20260731-l4-l4-tp1-f2040-i32-o32-r10-rep2-seg1-attempt2-00071-aa805ced4be3,17,17,0,1,2169,server_token_ids,1785511570357346922,1275.297717,62.426544,8,""" present"""
phase2-full-grid-rerun-20260731-l4-l4-tp1-f2040-i32-o32-r10-rep2-seg1-attempt2,phase2-full-grid-rerun-20260731-l4-l4-tp1-f2040-i32-o32-r10-rep2-seg1-attempt2-00071-aa805ced4be3,18,18,0,1,264,server_token_ids,1785511570423875089,1341.825884,66.528167,2,""" a"""
phase2-full-grid-rerun-20260731-l4-l4-tp1-f2040-i32-o32-r10-rep2-seg1-attempt2,phase2-full-grid-rerun-20260731-l4-l4-tp1-f2040-i32-o32-r10-rep2-seg1-attempt2-00071-aa805ced4be3,19,19,0,1,633,server_token_ids,1785511570491038460,1408.989255,67.163371,4,""" new"""
phase2-full-grid-rerun-20260731-l4-l4-tp1-f2040-i32-o32-r10-rep2-seg1-attempt2,phase2-full-grid-rerun-20260731-l4-l4-tp1-f2040-i32-o32-r10-rep2-seg1-attempt2-00071-aa805ced4be3,20,20,0,1,2038,server_token_ids,1785511570555793945,1473.74474,64.755485,7,""" method"""
phase2-full-grid-rerun-20260731-l4-l4-tp1-f2040-i32-o32-r10-rep2-seg1-attempt2,phase2-full-grid-rerun-20260731-l4-l4-tp1-f2040-i32-o32-r10-rep2-seg1-attempt2-00071-aa805ced4be3,21,21,0,1,354,server_token_ids,1785511570622470440,1540.421235,66.676495,4,""" for"""
phase2-full-grid-rerun-20260731-l4-l4-tp1-f2040-i32-o32-r10-rep2-seg1-attempt2,phase2-full-grid-rerun-20260731-l4-l4-tp1-f2040-i32-o32-r10-rep2-seg1-attempt2-00071-aa805ced4be3,22,22,0,1,272,server_token_ids,1785511570689719536,1607.670331,67.249096,4,""" the"""
phase2-full-grid-rerun-20260731-l4-l4-tp1-f2040-i32-o32-r10-rep2-seg1-attempt2,phase2-full-grid-rerun-20260731-l4-l4-tp1-f2040-i32-o32-r10-rep2-seg1-attempt2-00071-aa805ced4be3,23,23,0,1,20051,server_token_ids,1785511570757496561,1675.447356,67.777025,14,""" determination"""
phase2-full-grid-rerun-20260731-l4-l4-tp1-f2040-i32-o32-r10-rep2-seg1-attempt2,phase2-full-grid-rerun-20260731-l4-l4-tp1-f2040-i32-o32-r10-rep2-seg1-attempt2-00071-aa805ced4be3,24,24,0,1,302,server_token_ids,1785511570821160386,1739.111181,63.663825,3,""" of"""
phase2-full-grid-rerun-20260731-l4-l4-tp1-f2040-i32-o32-r10-rep2-seg1-attempt2,phase2-full-grid-rerun-20260731-l4-l4-tp1-f2040-i32-o32-r10-rep2-seg1-attempt2-00071-aa805ced4be3,25,25,0,1,272,server_token_ids,1785511570889050304,1807.001099,67.889918,4,""" the"""
phase2-full-grid-rerun-20260731-l4-l4-tp1-f2040-i32-o32-r10-rep2-seg1-attempt2,phase2-full-grid-rerun-20260731-l4-l4-tp1-f2040-i32-o32-r10-rep2-seg1-attempt2-00071-aa805ced4be3,26,26,0,1,3042,server_token_ids,1785511570953004054,1870.954849,63.95375,5,""" mass"""
phase2-full-grid-rerun-20260731-l4-l4-tp1-f2040-i32-o32-r10-rep2-seg1-attempt2,phase2-full-grid-rerun-20260731-l4-l4-tp1-f2040-i32-o32-r10-rep2-seg1-attempt2-00071-aa805ced4be3,27,27,0,1,302,server_token_ids,1785511571019824064,1937.774859,66.82001,3,""" of"""
phase2-full-grid-rerun-20260731-l4-l4-tp1-f2040-i32-o32-r10-rep2-seg1-attempt2,phase2-full-grid-rerun-20260731-l4-l4-tp1-f2040-i32-o32-r10-rep2-seg1-attempt2-00071-aa805ced4be3,28,28,0,1,272,server_token_ids,1785511571088969876,2006.920671,69.145812,4,""" the"""
phase2-full-grid-rerun-20260731-l4-l4-tp1-f2040-i32-o32-r10-rep2-seg1-attempt2,phase2-full-grid-rerun-20260731-l4-l4-tp1-f2040-i32-o32-r10-rep2-seg1-attempt2-00071-aa805ced4be3,29,29,0,1,14327,server_token_ids,1785511571152414257,2070.365052,63.444381,4,""" Hig"""
phase2-full-grid-rerun-20260731-l4-l4-tp1-f2040-i32-o32-r10-rep2-seg1-attempt2,phase2-full-grid-rerun-20260731-l4-l4-tp1-f2040-i32-o32-r10-rep2-seg1-attempt2-00071-aa805ced4be3,30,30,0,1,2626,server_token_ids,1785511571219005783,2136.956578,66.591526,2,"""gs"""
phase2-full-grid-rerun-20260731-l4-l4-tp1-f2040-i32-o32-r10-rep2-seg1-attempt2,phase2-full-grid-rerun-20260731-l4-l4-tp1-f2040-i32-o32-r10-rep2-seg1-attempt2-00071-aa805ced4be3,31,31,0,1,16158,server_token_ids,1785511571286636719,2204.587514,67.630936,4,""" bos"""
phase2-full-grid-rerun-20260731-l4-l4-tp1-f2040-i32-o32-r10-rep2-seg1-attempt2,phase2-full-grid-rerun-20260731-l4-l4-tp1-f2040-i32-o32-r10-rep2-seg1-attempt2-00072-85358f64beb6,0,0,0,1,28723,server_token_ids,1785511569363318336,181.392939,,1,"""."""
phase2-full-grid-rerun-20260731-l4-l4-tp1-f2040-i32-o32-r10-rep2-seg1-attempt2,phase2-full-grid-rerun-20260731-l4-l4-tp1-f2040-i32-o32-r10-rep2-seg1-attempt2-00072-85358f64beb6,1,1,0,1,13,server_token_ids,1785511569431705180,249.779783,68.386844,1,"""\n"""
phase2-full-grid-rerun-20260731-l4-l4-tp1-f2040-i32-o32-r10-rep2-seg1-attempt2,phase2-full-grid-rerun-20260731-l4-l4-tp1-f2040-i32-o32-r10-rep2-seg1-attempt2-00072-85358f64beb6,2,2,0,1,13,server_token_ids,1785511569495812031,313.886634,64.106851,1,"""\n"""
phase2-full-grid-rerun-20260731-l4-l4-tp1-f2040-i32-o32-r10-rep2-seg1-attempt2,phase2-full-grid-rerun-20260731-l4-l4-tp1-f2040-i32-o32-r10-rep2-seg1-attempt2-00072-85358f64beb6,3,3,0,1,1064,server_token_ids,1785511569561944764,380.019367,66.132733,2,"""##"""
phase2-full-grid-rerun-20260731-l4-l4-tp1-f2040-i32-o32-r10-rep2-seg1-attempt2,phase2-full-grid-rerun-20260731-l4-l4-tp1-f2040-i32-o32-r10-rep2-seg1-attempt2-00072-85358f64beb6,4,4,0,1,28705,server_token_ids,1785511569628948492,447.023095,67.003728,1,""" """
phase2-full-grid-rerun-20260731-l4-l4-tp1-f2040-i32-o32-r10-rep2-seg1-attempt2,phase2-full-grid-rerun-20260731-l4-l4-tp1-f2040-i32-o32-r10-rep2-seg1-attempt2-00072-85358f64beb6,5,5,0,1,28740,server_token_ids,1785511569697051163,515.125766,68.102671,1,"""1"""
phase2-full-grid-rerun-20260731-l4-l4-tp1-f2040-i32-o32-r10-rep2-seg1-attempt2,phase2-full-grid-rerun-20260731-l4-l4-tp1-f2040-i32-o32-r10-rep2-seg1-attempt2-00072-85358f64beb6,6,6,0,1,23628,server_token_ids,1785511569760547979,578.622582,63.496816,13,""" Introduction"""
phase2-full-grid-rerun-20260731-l4-l4-tp1-f2040-i32-o32-r10-rep2-seg1-attempt2,phase2-full-grid-rerun-20260731-l4-l4-tp1-f2040-i32-o32-r10-rep2-seg1-attempt2-00072-85358f64beb6,7,7,0,1,13,server_token_ids,1785511569827176290,645.250893,66.628311,1,"""\n"""
phase2-full-grid-rerun-20260731-l4-l4-tp1-f2040-i32-o32-r10-rep2-seg1-attempt2,phase2-full-grid-rerun-20260731-l4-l4-tp1-f2040-i32-o32-r10-rep2-seg1-attempt2-00072-85358f64beb6,8,8,0,1,13,server_token_ids,1785511569894637860,712.712463,67.46157,1,"""\n"""
phase2-full-grid-rerun-20260731-l4-l4-tp1-f2040-i32-o32-r10-rep2-seg1-attempt2,phase2-full-grid-rerun-20260731-l4-l4-tp1-f2040-i32-o32-r10-rep2-seg1-attempt2-00072-85358f64beb6,9,9,0,1,1014,server_token_ids,1785511569959103444,777.178047,64.465584,3,"""The"""
phase2-full-grid-rerun-20260731-l4-l4-tp1-f2040-i32-o32-r10-rep2-seg1-attempt2,phase2-full-grid-rerun-20260731-l4-l4-tp1-f2040-i32-o32-r10-rep2-seg1-attempt2-00072-85358f64beb6,10,10,0,1,583,server_token_ids,1785511570026125500,844.200103,67.022056,2,""" _"""
phase2-full-grid-rerun-20260731-l4-l4-tp1-f2040-i32-o32-r10-rep2-seg1-attempt2,phase2-full-grid-rerun-20260731-l4-l4-tp1-f2040-i32-o32-r10-rep2-seg1-attempt2-00072-85358f64beb6,11,11,0,1,28765,server_token_ids,1785511570092112735,910.187338,65.987235,1,"""F"""
phase2-full-grid-rerun-20260731-l4-l4-tp1-f2040-i32-o32-r10-rep2-seg1-attempt2,phase2-full-grid-rerun-20260731-l4-l4-tp1-f2040-i32-o32-r10-rep2-seg1-attempt2-00072-85358f64beb6,12,12,0,1,18296,server_token_ids,1785511570158342466,976.417069,66.229731,7,"""raction"""
phase2-full-grid-rerun-20260731-l4-l4-tp1-f2040-i32-o32-r10-rep2-seg1-attempt2,phase2-full-grid-rerun-20260731-l4-l4-tp1-f2040-i32-o32-r10-rep2-seg1-attempt2-00072-85358f64beb6,13,13,0,1,282,server_token_ids,1785511570225228353,1043.302956,66.885887,2,"""al"""
phase2-full-grid-rerun-20260731-l4-l4-tp1-f2040-i32-o32-r10-rep2-seg1-attempt2,phase2-full-grid-rerun-20260731-l4-l4-tp1-f2040-i32-o32-r10-rep2-seg1-attempt2-00072-85358f64beb6,14,14,0,1,3885,server_token_ids,1785511570292454221,1110.528824,67.225868,6,""" State"""
phase2-full-grid-rerun-20260731-l4-l4-tp1-f2040-i32-o32-r10-rep2-seg1-attempt2,phase2-full-grid-rerun-20260731-l4-l4-tp1-f2040-i32-o32-r10-rep2-seg1-attempt2-00072-85358f64beb6,15,15,0,1,28730,server_token_ids,1785511570357179560,1175.254163,64.725339,1,"""_"""
phase2-full-grid-rerun-20260731-l4-l4-tp1-f2040-i32-o32-r10-rep2-seg1-attempt2,phase2-full-grid-rerun-20260731-l4-l4-tp1-f2040-i32-o32-r10-rep2-seg1-attempt2-00072-85358f64beb6,16,16,0,1,302,server_token_ids,1785511570423715938,1241.790541,66.536378,3,""" of"""
phase2-full-grid-rerun-20260731-l4-l4-tp1-f2040-i32-o32-r10-rep2-seg1-attempt2,phase2-full-grid-rerun-20260731-l4-l4-tp1-f2040-i32-o32-r10-rep2-seg1-attempt2-00072-85358f64beb6,17,17,0,1,272,server_token_ids,1785511570490864765,1308.939368,67.148827,4,""" the"""
phase2-full-grid-rerun-20260731-l4-l4-tp1-f2040-i32-o32-r10-rep2-seg1-attempt2,phase2-full-grid-rerun-20260731-l4-l4-tp1-f2040-i32-o32-r10-rep2-seg1-attempt2-00072-85358f64beb6,18,18,0,1,1524,server_token_ids,1785511570555711829,1373.786432,64.847064,4,""" art"""
phase2-full-grid-rerun-20260731-l4-l4-tp1-f2040-i32-o32-r10-rep2-seg1-attempt2,phase2-full-grid-rerun-20260731-l4-l4-tp1-f2040-i32-o32-r10-rep2-seg1-attempt2-00072-85358f64beb6,19,19,0,1,349,server_token_ids,1785511570622386974,1440.461577,66.675145,3,""" is"""
phase2-full-grid-rerun-20260731-l4-l4-tp1-f2040-i32-o32-r10-rep2-seg1-attempt2,phase2-full-grid-rerun-20260731-l4-l4-tp1-f2040-i32-o32-r10-rep2-seg1-attempt2-00072-85358f64beb6,20,20,0,1,264,server_token_ids,1785511570689626990,1507.701593,67.240016,2,""" a"""
phase2-full-grid-rerun-20260731-l4-l4-tp1-f2040-i32-o32-r10-rep2-seg1-attempt2,phase2-full-grid-rerun-20260731-l4-l4-tp1-f2040-i32-o32-r10-rep2-seg1-attempt2-00072-85358f64beb6,21,21,0,1,1215,server_token_ids,1785511570754404158,1572.478761,64.777168,5,""" very"""
phase2-full-grid-rerun-20260731-l4-l4-tp1-f2040-i32-o32-r10-rep2-seg1-attempt2,phase2-full-grid-rerun-20260731-l4-l4-tp1-f2040-i32-o32-r10-rep2-seg1-attempt2-00072-85358f64beb6,22,22,0,1,2278,server_token_ids,1785511570820985363,1639.059966,66.581205,10,""" important"""
phase2-full-grid-rerun-20260731-l4-l4-tp1-f2040-i32-o32-r10-rep2-seg1-attempt2,phase2-full-grid-rerun-20260731-l4-l4-tp1-f2040-i32-o32-r10-rep2-seg1-attempt2-00072-85358f64beb6,23,23,0,1,5935,server_token_ids,1785511570888864073,1706.938676,67.87871,8,""" concept"""
phase2-full-grid-rerun-20260731-l4-l4-tp1-f2040-i32-o32-r10-rep2-seg1-attempt2,phase2-full-grid-rerun-20260731-l4-l4-tp1-f2040-i32-o32-r10-rep2-seg1-attempt2-00072-85358f64beb6,24,24,0,1,297,server_token_ids,1785511570952827859,1770.902462,63.963786,3,""" in"""
phase2-full-grid-rerun-20260731-l4-l4-tp1-f2040-i32-o32-r10-rep2-seg1-attempt2,phase2-full-grid-rerun-20260731-l4-l4-tp1-f2040-i32-o32-r10-rep2-seg1-attempt2-00072-85358f64beb6,25,25,0,1,272,server_token_ids,1785511571019658615,1837.733218,66.830756,4,""" the"""
phase2-full-grid-rerun-20260731-l4-l4-tp1-f2040-i32-o32-r10-rep2-seg1-attempt2,phase2-full-grid-rerun-20260731-l4-l4-tp1-f2040-i32-o32-r10-rep2-seg1-attempt2-00072-85358f64beb6,26,26,0,1,1834,server_token_ids,1785511571088805626,1906.880229,69.147011,6,""" field"""
phase2-full-grid-rerun-20260731-l4-l4-tp1-f2040-i32-o32-r10-rep2-seg1-attempt2,phase2-full-grid-rerun-20260731-l4-l4-tp1-f2040-i32-o32-r10-rep2-seg1-attempt2-00072-85358f64beb6,27,27,0,1,302,server_token_ids,1785511571152248439,1970.323042,63.442813,3,""" of"""
phase2-full-grid-rerun-20260731-l4-l4-tp1-f2040-i32-o32-r10-rep2-seg1-attempt2,phase2-full-grid-rerun-20260731-l4-l4-tp1-f2040-i32-o32-r10-rep2-seg1-attempt2-00072-85358f64beb6,28,28,0,1,16872,server_token_ids,1785511571218847535,2036.922138,66.599096,9,""" mathemat"""
phase2-full-grid-rerun-20260731-l4-l4-tp1-f2040-i32-o32-r10-rep2-seg1-attempt2,phase2-full-grid-rerun-20260731-l4-l4-tp1-f2040-i32-o32-r10-rep2-seg1-attempt2-00072-85358f64beb6,29,29,0,1,1063,server_token_ids,1785511571286445586,2104.520189,67.598051,3,"""ics"""
phase2-full-grid-rerun-20260731-l4-l4-tp1-f2040-i32-o32-r10-rep2-seg1-attempt2,phase2-full-grid-rerun-20260731-l4-l4-tp1-f2040-i32-o32-r10-rep2-seg1-attempt2-00072-85358f64beb6,30,30,0,1,28723,server_token_ids,1785511571351255434,2169.330037,64.809848,1,"""."""
phase2-full-grid-rerun-20260731-l4-l4-tp1-f2040-i32-o32-r10-rep2-seg1-attempt2,phase2-full-grid-rerun-20260731-l4-l4-tp1-f2040-i32-o32-r10-rep2-seg1-attempt2-00072-85358f64beb6,31,31,0,1,415,server_token_ids,1785511571417531788,2235.606391,66.276354,4,""" The"""
phase2-full-grid-rerun-20260731-l4-l4-tp1-f2040-i32-o32-r10-rep2-seg1-attempt2,phase2-full-grid-rerun-20260731-l4-l4-tp1-f2040-i32-o32-r10-rep2-seg1-attempt2-00073-5c70f447bdde,0,0,0,1,28731,server_token_ids,1785511569432696749,151.609212,,1,""")"""
phase2-full-grid-rerun-20260731-l4-l4-tp1-f2040-i32-o32-r10-rep2-seg1-attempt2,phase2-full-grid-rerun-20260731-l4-l4-tp1-f2040-i32-o32-r10-rep2-seg1-attempt2-00073-5c70f447bdde,1,1,0,1,13,server_token_ids,1785511569497481027,216.39349,64.784278,1,"""\n"""
phase2-full-grid-rerun-20260731-l4-l4-tp1-f2040-i32-o32-r10-rep2-seg1-attempt2,phase2-full-grid-rerun-20260731-l4-l4-tp1-f2040-i32-o32-r10-rep2-seg1-attempt2-00073-5c70f447bdde,2,2,0,1,13,server_token_ids,1785511569563282526,282.194989,65.801499,1,"""\n"""
phase2-full-grid-rerun-20260731-l4-l4-tp1-f2040-i32-o32-r10-rep2-seg1-attempt2,phase2-full-grid-rerun-20260731-l4-l4-tp1-f2040-i32-o32-r10-rep2-seg1-attempt2-00073-5c70f447bdde,3,3,0,1,1064,server_token_ids,1785511569630037155,348.949618,66.754629,2,"""##"""
phase2-full-grid-rerun-20260731-l4-l4-tp1-f2040-i32-o32-r10-rep2-seg1-attempt2,phase2-full-grid-rerun-20260731-l4-l4-tp1-f2040-i32-o32-r10-rep2-seg1-attempt2-00073-5c70f447bdde,4,4,0,1,28705,server_token_ids,1785511569700167995,419.080458,70.13084,1,""" """
phase2-full-grid-rerun-20260731-l4-l4-tp1-f2040-i32-o32-r10-rep2-seg1-attempt2,phase2-full-grid-rerun-20260731-l4-l4-tp1-f2040-i32-o32-r10-rep2-seg1-attempt2-00073-5c70f447bdde,5,5,0,1,28740,server_token_ids,1785511569764555915,483.468378,64.38792,1,"""1"""
phase2-full-grid-rerun-20260731-l4-l4-tp1-f2040-i32-o32-r10-rep2-seg1-attempt2,phase2-full-grid-rerun-20260731-l4-l4-tp1-f2040-i32-o32-r10-rep2-seg1-attempt2-00073-5c70f447bdde,6,6,0,1,28723,server_token_ids,1785511569828721338,547.633801,64.165423,1,"""."""
phase2-full-grid-rerun-20260731-l4-l4-tp1-f2040-i32-o32-r10-rep2-seg1-attempt2,phase2-full-grid-rerun-20260731-l4-l4-tp1-f2040-i32-o32-r10-rep2-seg1-attempt2-00073-5c70f447bdde,7,7,0,1,23628,server_token_ids,1785511569900324785,619.237248,71.603447,13,""" Introduction"""
phase2-full-grid-rerun-20260731-l4-l4-tp1-f2040-i32-o32-r10-rep2-seg1-attempt2,phase2-full-grid-rerun-20260731-l4-l4-tp1-f2040-i32-o32-r10-rep2-seg1-attempt2-00073-5c70f447bdde,8,8,0,1,13,server_token_ids,1785511569963080925,681.993388,62.75614,1,"""\n"""
phase2-full-grid-rerun-20260731-l4-l4-tp1-f2040-i32-o32-r10-rep2-seg1-attempt2,phase2-full-grid-rerun-20260731-l4-l4-tp1-f2040-i32-o32-r10-rep2-seg1-attempt2-00073-5c70f447bdde,9,9,0,1,13,server_token_ids,1785511570036002481,754.914944,72.921556,1,"""\n"""
phase2-full-grid-rerun-20260731-l4-l4-tp1-f2040-i32-o32-r10-rep2-seg1-attempt2,phase2-full-grid-rerun-20260731-l4-l4-tp1-f2040-i32-o32-r10-rep2-seg1-attempt2-00073-5c70f447bdde,10,10,0,1,1014,server_token_ids,1785511570095890469,814.802932,59.887988,3,"""The"""
phase2-full-grid-rerun-20260731-l4-l4-tp1-f2040-i32-o32-r10-rep2-seg1-attempt2,phase2-full-grid-rerun-20260731-l4-l4-tp1-f2040-i32-o32-r10-rep2-seg1-attempt2-00073-5c70f447bdde,11,11,0,1,3881,server_token_ids,1785511570162451946,881.364409,66.561477,6,""" study"""
phase2-full-grid-rerun-20260731-l4-l4-tp1-f2040-i32-o32-r10-rep2-seg1-attempt2,phase2-full-grid-rerun-20260731-l4-l4-tp1-f2040-i32-o32-r10-rep2-seg1-attempt2-00073-5c70f447bdde,12,12,0,1,302,server_token_ids,1785511570235459900,954.372363,73.007954,3,""" of"""
phase2-full-grid-rerun-20260731-l4-l4-tp1-f2040-i32-o32-r10-rep2-seg1-attempt2,phase2-full-grid-rerun-20260731-l4-l4-tp1-f2040-i32-o32-r10-rep2-seg1-attempt2-00073-5c70f447bdde,13,13,0,1,272,server_token_ids,1785511570296437156,1015.349619,60.977256,4,""" the"""
phase2-full-grid-rerun-20260731-l4-l4-tp1-f2040-i32-o32-r10-rep2-seg1-attempt2,phase2-full-grid-rerun-20260731-l4-l4-tp1-f2040-i32-o32-r10-rep2-seg1-attempt2-00073-5c70f447bdde,14,14,0,1,2030,server_token_ids,1785511570358545150,1077.457613,62.107994,7,""" effect"""
phase2-full-grid-rerun-20260731-l4-l4-tp1-f2040-i32-o32-r10-rep2-seg1-attempt2,phase2-full-grid-rerun-20260731-l4-l4-tp1-f2040-i32-o32-r10-rep2-seg1-attempt2-00073-5c70f447bdde,15,15,0,1,302,server_token_ids,1785511570425311874,1144.224337,66.766724,3,""" of"""
phase2-full-grid-rerun-20260731-l4-l4-tp1-f2040-i32-o32-r10-rep2-seg1-attempt2,phase2-full-grid-rerun-20260731-l4-l4-tp1-f2040-i32-o32-r10-rep2-seg1-attempt2-00073-5c70f447bdde,16,16,0,1,272,server_token_ids,1785511570501181805,1220.094268,75.869931,4,""" the"""
phase2-full-grid-rerun-20260731-l4-l4-tp1-f2040-i32-o32-r10-rep2-seg1-attempt2,phase2-full-grid-rerun-20260731-l4-l4-tp1-f2040-i32-o32-r10-rep2-seg1-attempt2-00073-5c70f447bdde,17,17,0,1,2030,server_token_ids,1785511570559520070,1278.432533,58.338265,7,""" effect"""
phase2-full-grid-rerun-20260731-l4-l4-tp1-f2040-i32-o32-r10-rep2-seg1-attempt2,phase2-full-grid-rerun-20260731-l4-l4-tp1-f2040-i32-o32-r10-rep2-seg1-attempt2-00073-5c70f447bdde,18,18,0,1,302,server_token_ids,1785511570632882920,1351.795383,73.36285,3,""" of"""
phase2-full-grid-rerun-20260731-l4-l4-tp1-f2040-i32-o32-r10-rep2-seg1-attempt2,phase2-full-grid-rerun-20260731-l4-l4-tp1-f2040-i32-o32-r10-rep2-seg1-attempt2-00073-5c70f447bdde,19,19,0,1,272,server_token_ids,1785511570699796209,1418.708672,66.913289,4,""" the"""
phase2-full-grid-rerun-20260731-l4-l4-tp1-f2040-i32-o32-r10-rep2-seg1-attempt2,phase2-full-grid-rerun-20260731-l4-l4-tp1-f2040-i32-o32-r10-rep2-seg1-attempt2-00073-5c70f447bdde,20,20,0,1,2030,server_token_ids,1785511570758779609,1477.692072,58.9834,7,""" effect"""
phase2-full-grid-rerun-20260731-l4-l4-tp1-f2040-i32-o32-r10-rep2-seg1-attempt2,phase2-full-grid-rerun-20260731-l4-l4-tp1-f2040-i32-o32-r10-rep2-seg1-attempt2-00073-5c70f447bdde,21,21,0,1,302,server_token_ids,1785511570830503636,1549.416099,71.724027,3,""" of"""
phase2-full-grid-rerun-20260731-l4-l4-tp1-f2040-i32-o32-r10-rep2-seg1-attempt2,phase2-full-grid-rerun-20260731-l4-l4-tp1-f2040-i32-o32-r10-rep2-seg1-attempt2-00073-5c70f447bdde,22,22,0,1,272,server_token_ids,1785511570890532420,1609.444883,60.028784,4,""" the"""
phase2-full-grid-rerun-20260731-l4-l4-tp1-f2040-i32-o32-r10-rep2-seg1-attempt2,phase2-full-grid-rerun-20260731-l4-l4-tp1-f2040-i32-o32-r10-rep2-seg1-attempt2-00073-5c70f447bdde,23,23,0,1,2030,server_token_ids,1785511570956939561,1675.852024,66.407141,7,""" effect"""
phase2-full-grid-rerun-20260731-l4-l4-tp1-f2040-i32-o32-r10-rep2-seg1-attempt2,phase2-full-grid-rerun-20260731-l4-l4-tp1-f2040-i32-o32-r10-rep2-seg1-attempt2-00073-5c70f447bdde,24,24,0,1,302,server_token_ids,1785511571021151961,1740.064424,64.2124,3,""" of"""
phase2-full-grid-rerun-20260731-l4-l4-tp1-f2040-i32-o32-r10-rep2-seg1-attempt2,phase2-full-grid-rerun-20260731-l4-l4-tp1-f2040-i32-o32-r10-rep2-seg1-attempt2-00073-5c70f447bdde,25,25,0,1,272,server_token_ids,1785511571089946429,1808.858892,68.794468,4,""" the"""
phase2-full-grid-rerun-20260731-l4-l4-tp1-f2040-i32-o32-r10-rep2-seg1-attempt2,phase2-full-grid-rerun-20260731-l4-l4-tp1-f2040-i32-o32-r10-rep2-seg1-attempt2-00073-5c70f447bdde,26,26,0,1,2030,server_token_ids,1785511571156794504,1875.706967,66.848075,7,""" effect"""
phase2-full-grid-rerun-20260731-l4-l4-tp1-f2040-i32-o32-r10-rep2-seg1-attempt2,phase2-full-grid-rerun-20260731-l4-l4-tp1-f2040-i32-o32-r10-rep2-seg1-attempt2-00073-5c70f447bdde,27,27,0,1,302,server_token_ids,1785511571220303390,1939.215853,63.508886,3,""" of"""
phase2-full-grid-rerun-20260731-l4-l4-tp1-f2040-i32-o32-r10-rep2-seg1-attempt2,phase2-full-grid-rerun-20260731-l4-l4-tp1-f2040-i32-o32-r10-rep2-seg1-attempt2-00073-5c70f447bdde,28,28,0,1,272,server_token_ids,1785511571287528059,2006.440522,67.224669,4,""" the"""
phase2-full-grid-rerun-20260731-l4-l4-tp1-f2040-i32-o32-r10-rep2-seg1-attempt2,phase2-full-grid-rerun-20260731-l4-l4-tp1-f2040-i32-o32-r10-rep2-seg1-attempt2-00073-5c70f447bdde,29,29,0,1,2030,server_token_ids,1785511571355247192,2074.159655,67.719133,7,""" effect"""
phase2-full-grid-rerun-20260731-l4-l4-tp1-f2040-i32-o32-r10-rep2-seg1-attempt2,phase2-full-grid-rerun-20260731-l4-l4-tp1-f2040-i32-o32-r10-rep2-seg1-attempt2-00073-5c70f447bdde,30,30,0,1,302,server_token_ids,1785511571426905300,2145.817763,71.658108,3,""" of"""
phase2-full-grid-rerun-20260731-l4-l4-tp1-f2040-i32-o32-r10-rep2-seg1-attempt2,phase2-full-grid-rerun-20260731-l4-l4-tp1-f2040-i32-o32-r10-rep2-seg1-attempt2-00073-5c70f447bdde,31,31,0,1,272,server_token_ids,1785511571487103612,2206.016075,60.198312,4,""" the"""
phase2-full-grid-rerun-20260731-l4-l4-tp1-f2040-i32-o32-r10-rep2-seg1-attempt2,phase2-full-grid-rerun-20260731-l4-l4-tp1-f2040-i32-o32-r10-rep2-seg1-attempt2-00074-9a77a2d07838,0,0,0,1,28705,server_token_ids,1785511569563365515,182.229268,,1,""" """
phase2-full-grid-rerun-20260731-l4-l4-tp1-f2040-i32-o32-r10-rep2-seg1-attempt2,phase2-full-grid-rerun-20260731-l4-l4-tp1-f2040-i32-o32-r10-rep2-seg1-attempt2-00074-9a77a2d07838,1,1,0,1,28740,server_token_ids,1785511569630114048,248.977801,66.748533,1,"""1"""
phase2-full-grid-rerun-20260731-l4-l4-tp1-f2040-i32-o32-r10-rep2-seg1-attempt2,phase2-full-grid-rerun-20260731-l4-l4-tp1-f2040-i32-o32-r10-rep2-seg1-attempt2-00074-9a77a2d07838,2,2,0,1,28734,server_token_ids,1785511569700249021,319.112774,70.134973,1,"""0"""
phase2-full-grid-rerun-20260731-l4-l4-tp1-f2040-i32-o32-r10-rep2-seg1-attempt2,phase2-full-grid-rerun-20260731-l4-l4-tp1-f2040-i32-o32-r10-rep2-seg1-attempt2-00074-9a77a2d07838,3,3,0,1,28734,server_token_ids,1785511569764634848,383.498601,64.385827,1,"""0"""
phase2-full-grid-rerun-20260731-l4-l4-tp1-f2040-i32-o32-r10-rep2-seg1-attempt2,phase2-full-grid-rerun-20260731-l4-l4-tp1-f2040-i32-o32-r10-rep2-seg1-attempt2-00074-9a77a2d07838,4,4,0,1,28734,server_token_ids,1785511569828796837,447.66059,64.161989,1,"""0"""
phase2-full-grid-rerun-20260731-l4-l4-tp1-f2040-i32-o32-r10-rep2-seg1-attempt2,phase2-full-grid-rerun-20260731-l4-l4-tp1-f2040-i32-o32-r10-rep2-seg1-attempt2-00074-9a77a2d07838,5,5,0,1,28734,server_token_ids,1785511569900408922,519.272675,71.612085,1,"""0"""
phase2-full-grid-rerun-20260731-l4-l4-tp1-f2040-i32-o32-r10-rep2-seg1-attempt2,phase2-full-grid-rerun-20260731-l4-l4-tp1-f2040-i32-o32-r10-rep2-seg1-attempt2-00074-9a77a2d07838,6,6,0,1,28734,server_token_ids,1785511569962991825,581.855578,62.582903,1,"""0"""
phase2-full-grid-rerun-20260731-l4-l4-tp1-f2040-i32-o32-r10-rep2-seg1-attempt2,phase2-full-grid-rerun-20260731-l4-l4-tp1-f2040-i32-o32-r10-rep2-seg1-attempt2-00074-9a77a2d07838,7,7,0,1,28734,server_token_ids,1785511570035929232,654.792985,72.937407,1,"""0"""
phase2-full-grid-rerun-20260731-l4-l4-tp1-f2040-i32-o32-r10-rep2-seg1-attempt2,phase2-full-grid-rerun-20260731-l4-l4-tp1-f2040-i32-o32-r10-rep2-seg1-attempt2-00074-9a77a2d07838,8,8,0,1,28734,server_token_ids,1785511570095811043,714.674796,59.881811,1,"""0"""
phase2-full-grid-rerun-20260731-l4-l4-tp1-f2040-i32-o32-r10-rep2-seg1-attempt2,phase2-full-grid-rerun-20260731-l4-l4-tp1-f2040-i32-o32-r10-rep2-seg1-attempt2-00074-9a77a2d07838,9,9,0,1,28734,server_token_ids,1785511570162359641,781.223394,66.548598,1,"""0"""
phase2-full-grid-rerun-20260731-l4-l4-tp1-f2040-i32-o32-r10-rep2-seg1-attempt2,phase2-full-grid-rerun-20260731-l4-l4-tp1-f2040-i32-o32-r10-rep2-seg1-attempt2-00074-9a77a2d07838,10,10,0,1,28734,server_token_ids,1785511570235379785,854.243538,73.020144,1,"""0"""
phase2-full-grid-rerun-20260731-l4-l4-tp1-f2040-i32-o32-r10-rep2-seg1-attempt2,phase2-full-grid-rerun-20260731-l4-l4-tp1-f2040-i32-o32-r10-rep2-seg1-attempt2-00074-9a77a2d07838,11,11,0,1,28734,server_token_ids,1785511570296362297,915.22605,60.982512,1,"""0"""
phase2-full-grid-rerun-20260731-l4-l4-tp1-f2040-i32-o32-r10-rep2-seg1-attempt2,phase2-full-grid-rerun-20260731-l4-l4-tp1-f2040-i32-o32-r10-rep2-seg1-attempt2-00074-9a77a2d07838,12,12,0,1,28734,server_token_ids,1785511570358459461,977.323214,62.097164,1,"""0"""
phase2-full-grid-rerun-20260731-l4-l4-tp1-f2040-i32-o32-r10-rep2-seg1-attempt2,phase2-full-grid-rerun-20260731-l4-l4-tp1-f2040-i32-o32-r10-rep2-seg1-attempt2-00074-9a77a2d07838,13,13,0,1,28734,server_token_ids,1785511570425230077,1044.09383,66.770616,1,"""0"""
phase2-full-grid-rerun-20260731-l4-l4-tp1-f2040-i32-o32-r10-rep2-seg1-attempt2,phase2-full-grid-rerun-20260731-l4-l4-tp1-f2040-i32-o32-r10-rep2-seg1-attempt2-00074-9a77a2d07838,14,14,0,1,28734,server_token_ids,1785511570501107052,1119.970805,75.876975,1,"""0"""
phase2-full-grid-rerun-20260731-l4-l4-tp1-f2040-i32-o32-r10-rep2-seg1-attempt2,phase2-full-grid-rerun-20260731-l4-l4-tp1-f2040-i32-o32-r10-rep2-seg1-attempt2-00074-9a77a2d07838,15,15,0,1,28734,server_token_ids,1785511570559434294,1178.298047,58.327242,1,"""0"""
phase2-full-grid-rerun-20260731-l4-l4-tp1-f2040-i32-o32-r10-rep2-seg1-attempt2,phase2-full-grid-rerun-20260731-l4-l4-tp1-f2040-i32-o32-r10-rep2-seg1-attempt2-00074-9a77a2d07838,16,16,0,1,28734,server_token_ids,1785511570632804547,1251.6683,73.370253,1,"""0"""
phase2-full-grid-rerun-20260731-l4-l4-tp1-f2040-i32-o32-r10-rep2-seg1-attempt2,phase2-full-grid-rerun-20260731-l4-l4-tp1-f2040-i32-o32-r10-rep2-seg1-attempt2-00074-9a77a2d07838,17,17,0,1,28734,server_token_ids,1785511570699713380,1318.577133,66.908833,1,"""0"""
phase2-full-grid-rerun-20260731-l4-l4-tp1-f2040-i32-o32-r10-rep2-seg1-attempt2,phase2-full-grid-rerun-20260731-l4-l4-tp1-f2040-i32-o32-r10-rep2-seg1-attempt2-00074-9a77a2d07838,18,18,0,1,28734,server_token_ids,1785511570758701940,1377.565693,58.98856,1,"""0"""
phase2-full-grid-rerun-20260731-l4-l4-tp1-f2040-i32-o32-r10-rep2-seg1-attempt2,phase2-full-grid-rerun-20260731-l4-l4-tp1-f2040-i32-o32-r10-rep2-seg1-attempt2-00074-9a77a2d07838,19,19,0,1,28734,server_token_ids,1785511570830418510,1449.282263,71.71657,1,"""0"""
phase2-full-grid-rerun-20260731-l4-l4-tp1-f2040-i32-o32-r10-rep2-seg1-attempt2,phase2-full-grid-rerun-20260731-l4-l4-tp1-f2040-i32-o32-r10-rep2-seg1-attempt2-00074-9a77a2d07838,20,20,0,1,28734,server_token_ids,1785511570890442727,1509.30648,60.024217,1,"""0"""
phase2-full-grid-rerun-20260731-l4-l4-tp1-f2040-i32-o32-r10-rep2-seg1-attempt2,phase2-full-grid-rerun-20260731-l4-l4-tp1-f2040-i32-o32-r10-rep2-seg1-attempt2-00074-9a77a2d07838,21,21,0,1,28734,server_token_ids,1785511570956856919,1575.720672,66.414192,1,"""0"""
phase2-full-grid-rerun-20260731-l4-l4-tp1-f2040-i32-o32-r10-rep2-seg1-attempt2,phase2-full-grid-rerun-20260731-l4-l4-tp1-f2040-i32-o32-r10-rep2-seg1-attempt2-00074-9a77a2d07838,22,22,0,1,28734,server_token_ids,1785511571021075167,1639.93892,64.218248,1,"""0"""
phase2-full-grid-rerun-20260731-l4-l4-tp1-f2040-i32-o32-r10-rep2-seg1-attempt2,phase2-full-grid-rerun-20260731-l4-l4-tp1-f2040-i32-o32-r10-rep2-seg1-attempt2-00074-9a77a2d07838,23,23,0,1,28734,server_token_ids,1785511571089878403,1708.742156,68.803236,1,"""0"""
phase2-full-grid-rerun-20260731-l4-l4-tp1-f2040-i32-o32-r10-rep2-seg1-attempt2,phase2-full-grid-rerun-20260731-l4-l4-tp1-f2040-i32-o32-r10-rep2-seg1-attempt2-00074-9a77a2d07838,24,24,0,1,28734,server_token_ids,1785511571156874796,1775.738549,66.996393,1,"""0"""
phase2-full-grid-rerun-20260731-l4-l4-tp1-f2040-i32-o32-r10-rep2-seg1-attempt2,phase2-full-grid-rerun-20260731-l4-l4-tp1-f2040-i32-o32-r10-rep2-seg1-attempt2-00074-9a77a2d07838,25,25,0,1,28734,server_token_ids,1785511571220379006,1839.242759,63.50421,1,"""0"""
phase2-full-grid-rerun-20260731-l4-l4-tp1-f2040-i32-o32-r10-rep2-seg1-attempt2,phase2-full-grid-rerun-20260731-l4-l4-tp1-f2040-i32-o32-r10-rep2-seg1-attempt2-00074-9a77a2d07838,26,26,0,1,28734,server_token_ids,1785511571287601549,1906.465302,67.222543,1,"""0"""
phase2-full-grid-rerun-20260731-l4-l4-tp1-f2040-i32-o32-r10-rep2-seg1-attempt2,phase2-full-grid-rerun-20260731-l4-l4-tp1-f2040-i32-o32-r10-rep2-seg1-attempt2-00074-9a77a2d07838,27,27,0,1,28734,server_token_ids,1785511571355324897,1974.18865,67.723348,1,"""0"""
phase2-full-grid-rerun-20260731-l4-l4-tp1-f2040-i32-o32-r10-rep2-seg1-attempt2,phase2-full-grid-rerun-20260731-l4-l4-tp1-f2040-i32-o32-r10-rep2-seg1-attempt2-00074-9a77a2d07838,28,28,0,1,28734,server_token_ids,1785511571426978385,2045.842138,71.653488,1,"""0"""
phase2-full-grid-rerun-20260731-l4-l4-tp1-f2040-i32-o32-r10-rep2-seg1-attempt2,phase2-full-grid-rerun-20260731-l4-l4-tp1-f2040-i32-o32-r10-rep2-seg1-attempt2-00074-9a77a2d07838,29,29,0,1,28734,server_token_ids,1785511571487293739,2106.157492,60.315354,1,"""0"""
phase2-full-grid-rerun-20260731-l4-l4-tp1-f2040-i32-o32-r10-rep2-seg1-attempt2,phase2-full-grid-rerun-20260731-l4-l4-tp1-f2040-i32-o32-r10-rep2-seg1-attempt2-00074-9a77a2d07838,30,30,0,1,28734,server_token_ids,1785511571552533905,2171.397658,65.240166,1,"""0"""
phase2-full-grid-rerun-20260731-l4-l4-tp1-f2040-i32-o32-r10-rep2-seg1-attempt2,phase2-full-grid-rerun-20260731-l4-l4-tp1-f2040-i32-o32-r10-rep2-seg1-attempt2-00074-9a77a2d07838,31,31,0,1,28734,server_token_ids,1785511571617459078,2236.322831,64.925173,1,"""0"""
phase2-full-grid-rerun-20260731-l4-l4-tp1-f2040-i32-o32-r10-rep2-seg1-attempt2,phase2-full-grid-rerun-20260731-l4-l4-tp1-f2040-i32-o32-r10-rep2-seg1-attempt2-00075-ac13e1ab0f6a,0,0,0,1,28723,server_token_ids,1785511569694941239,213.392859,,1,"""."""
phase2-full-grid-rerun-20260731-l4-l4-tp1-f2040-i32-o32-r10-rep2-seg1-attempt2,phase2-full-grid-rerun-20260731-l4-l4-tp1-f2040-i32-o32-r10-rep2-seg1-attempt2-00075-ac13e1ab0f6a,1,1,0,1,13,server_token_ids,1785511569760286502,278.738122,65.345263,1,"""\n"""
phase2-full-grid-rerun-20260731-l4-l4-tp1-f2040-i32-o32-r10-rep2-seg1-attempt2,phase2-full-grid-rerun-20260731-l4-l4-tp1-f2040-i32-o32-r10-rep2-seg1-attempt2-00075-ac13e1ab0f6a,2,2,0,1,13,server_token_ids,1785511569826923055,345.374675,66.636553,1,"""\n"""
phase2-full-grid-rerun-20260731-l4-l4-tp1-f2040-i32-o32-r10-rep2-seg1-attempt2,phase2-full-grid-rerun-20260731-l4-l4-tp1-f2040-i32-o32-r10-rep2-seg1-attempt2-00075-ac13e1ab0f6a,3,3,0,1,28771,server_token_ids,1785511569894359658,412.811278,67.436603,1,"""#"""
phase2-full-grid-rerun-20260731-l4-l4-tp1-f2040-i32-o32-r10-rep2-seg1-attempt2,phase2-full-grid-rerun-20260731-l4-l4-tp1-f2040-i32-o32-r10-rep2-seg1-attempt2-00075-ac13e1ab0f6a,4,4,0,1,28705,server_token_ids,1785511569958845878,477.297498,64.48622,1,""" """
phase2-full-grid-rerun-20260731-l4-l4-tp1-f2040-i32-o32-r10-rep2-seg1-attempt2,phase2-full-grid-rerun-20260731-l4-l4-tp1-f2040-i32-o32-r10-rep2-seg1-attempt2-00075-ac13e1ab0f6a,5,5,0,1,28740,server_token_ids,1785511570025717362,544.168982,66.871484,1,"""1"""
phase2-full-grid-rerun-20260731-l4-l4-tp1-f2040-i32-o32-r10-rep2-seg1-attempt2,phase2-full-grid-rerun-20260731-l4-l4-tp1-f2040-i32-o32-r10-rep2-seg1-attempt2-00075-ac13e1ab0f6a,6,6,0,1,28734,server_token_ids,1785511570091918625,610.370245,66.201263,1,"""0"""
phase2-full-grid-rerun-20260731-l4-l4-tp1-f2040-i32-o32-r10-rep2-seg1-attempt2,phase2-full-grid-rerun-20260731-l4-l4-tp1-f2040-i32-o32-r10-rep2-seg1-attempt2-00075-ac13e1ab0f6a,7,7,0,1,28734,server_token_ids,1785511570158166768,676.618388,66.248143,1,"""0"""
phase2-full-grid-rerun-20260731-l4-l4-tp1-f2040-i32-o32-r10-rep2-seg1-attempt2,phase2-full-grid-rerun-20260731-l4-l4-tp1-f2040-i32-o32-r10-rep2-seg1-attempt2-00075-ac13e1ab0f6a,8,8,0,1,28823,server_token_ids,1785511570225057802,743.509422,66.891034,1,"""%"""
phase2-full-grid-rerun-20260731-l4-l4-tp1-f2040-i32-o32-r10-rep2-seg1-attempt2,phase2-full-grid-rerun-20260731-l4-l4-tp1-f2040-i32-o32-r10-rep2-seg1-attempt2-00075-ac13e1ab0f6a,9,9,0,1,2480,server_token_ids,1785511570292261768,810.713388,67.203966,3,""" Gu"""
phase2-full-grid-rerun-20260731-l4-l4-tp1-f2040-i32-o32-r10-rep2-seg1-attempt2,phase2-full-grid-rerun-20260731-l4-l4-tp1-f2040-i32-o32-r10-rep2-seg1-attempt2-00075-ac13e1ab0f6a,10,10,0,1,7203,server_token_ids,1785511570357006042,875.457662,64.744274,6,"""arante"""
phase2-full-grid-rerun-20260731-l4-l4-tp1-f2040-i32-o32-r10-rep2-seg1-attempt2,phase2-full-grid-rerun-20260731-l4-l4-tp1-f2040-i32-o32-r10-rep2-seg1-attempt2-00075-ac13e1ab0f6a,11,11,0,1,286,server_token_ids,1785511570423540050,941.99167,66.534008,2,"""ed"""
phase2-full-grid-rerun-20260731-l4-l4-tp1-f2040-i32-o32-r10-rep2-seg1-attempt2,phase2-full-grid-rerun-20260731-l4-l4-tp1-f2040-i32-o32-r10-rep2-seg1-attempt2-00075-ac13e1ab0f6a,12,12,0,1,28747,server_token_ids,1785511570490553666,1009.005286,67.013616,1,""":"""
phase2-full-grid-rerun-20260731-l4-l4-tp1-f2040-i32-o32-r10-rep2-seg1-attempt2,phase2-full-grid-rerun-20260731-l4-l4-tp1-f2040-i32-o32-r10-rep2-seg1-attempt2-00075-ac13e1ab0f6a,13,13,0,1,1602,server_token_ids,1785511570555529517,1073.981137,64.975851,4,""" How"""
phase2-full-grid-rerun-20260731-l4-l4-tp1-f2040-i32-o32-r10-rep2-seg1-attempt2,phase2-full-grid-rerun-20260731-l4-l4-tp1-f2040-i32-o32-r10-rep2-seg1-attempt2-00075-ac13e1ab0f6a,14,14,0,1,298,server_token_ids,1785511570622195227,1140.646847,66.66571,3,""" to"""
phase2-full-grid-rerun-20260731-l4-l4-tp1-f2040-i32-o32-r10-rep2-seg1-attempt2,phase2-full-grid-rerun-20260731-l4-l4-tp1-f2040-i32-o32-r10-rep2-seg1-attempt2-00075-ac13e1ab0f6a,15,15,0,1,2483,server_token_ids,1785511570689392777,1207.844397,67.19755,4,""" Get"""
phase2-full-grid-rerun-20260731-l4-l4-tp1-f2040-i32-o32-r10-rep2-seg1-attempt2,phase2-full-grid-rerun-20260731-l4-l4-tp1-f2040-i32-o32-r10-rep2-seg1-attempt2-00075-ac13e1ab0f6a,16,16,0,1,264,server_token_ids,1785511570754200125,1272.651745,64.807348,2,""" a"""
phase2-full-grid-rerun-20260731-l4-l4-tp1-f2040-i32-o32-r10-rep2-seg1-attempt2,phase2-full-grid-rerun-20260731-l4-l4-tp1-f2040-i32-o32-r10-rep2-seg1-attempt2-00075-ac13e1ab0f6a,17,17,0,1,14633,server_token_ids,1785511570820767141,1339.218761,66.567016,4,""" Job"""
phase2-full-grid-rerun-20260731-l4-l4-tp1-f2040-i32-o32-r10-rep2-seg1-attempt2,phase2-full-grid-rerun-20260731-l4-l4-tp1-f2040-i32-o32-r10-rep2-seg1-attempt2-00075-ac13e1ab0f6a,18,18,0,1,297,server_token_ids,1785511570886220003,1404.671623,65.452862,3,""" in"""
phase2-full-grid-rerun-20260731-l4-l4-tp1-f2040-i32-o32-r10-rep2-seg1-attempt2,phase2-full-grid-rerun-20260731-l4-l4-tp1-f2040-i32-o32-r10-rep2-seg1-attempt2-00075-ac13e1ab0f6a,19,19,0,1,272,server_token_ids,1785511570952437871,1470.889491,66.217868,4,""" the"""
phase2-full-grid-rerun-20260731-l4-l4-tp1-f2040-i32-o32-r10-rep2-seg1-attempt2,phase2-full-grid-rerun-20260731-l4-l4-tp1-f2040-i32-o32-r10-rep2-seg1-attempt2-00075-ac13e1ab0f6a,20,20,0,1,500,server_token_ids,1785511571019263229,1537.714849,66.825358,2,""" U"""
phase2-full-grid-rerun-20260731-l4-l4-tp1-f2040-i32-o32-r10-rep2-seg1-attempt2,phase2-full-grid-rerun-20260731-l4-l4-tp1-f2040-i32-o32-r10-rep2-seg1-attempt2-00075-ac13e1ab0f6a,21,21,0,1,28723,server_token_ids,1785511571088499024,1606.950644,69.235795,1,"""."""
phase2-full-grid-rerun-20260731-l4-l4-tp1-f2040-i32-o32-r10-rep2-seg1-attempt2,phase2-full-grid-rerun-20260731-l4-l4-tp1-f2040-i32-o32-r10-rep2-seg1-attempt2-00075-ac13e1ab0f6a,22,22,0,1,28735,server_token_ids,1785511571151963924,1670.415544,63.4649,1,"""S"""
phase2-full-grid-rerun-20260731-l4-l4-tp1-f2040-i32-o32-r10-rep2-seg1-attempt2,phase2-full-grid-rerun-20260731-l4-l4-tp1-f2040-i32-o32-r10-rep2-seg1-attempt2-00075-ac13e1ab0f6a,23,23,0,1,28723,server_token_ids,1785511571218566922,1737.018542,66.602998,1,"""."""
phase2-full-grid-rerun-20260731-l4-l4-tp1-f2040-i32-o32-r10-rep2-seg1-attempt2,phase2-full-grid-rerun-20260731-l4-l4-tp1-f2040-i32-o32-r10-rep2-seg1-attempt2-00075-ac13e1ab0f6a,24,24,0,1,13,server_token_ids,1785511571286170212,1804.621832,67.60329,1,"""\n"""
phase2-full-grid-rerun-20260731-l4-l4-tp1-f2040-i32-o32-r10-rep2-seg1-attempt2,phase2-full-grid-rerun-20260731-l4-l4-tp1-f2040-i32-o32-r10-rep2-seg1-attempt2-00075-ac13e1ab0f6a,25,25,0,1,13,server_token_ids,1785511571350976890,1869.42851,64.806678,1,"""\n"""
phase2-full-grid-rerun-20260731-l4-l4-tp1-f2040-i32-o32-r10-rep2-seg1-attempt2,phase2-full-grid-rerun-20260731-l4-l4-tp1-f2040-i32-o32-r10-rep2-seg1-attempt2-00075-ac13e1ab0f6a,26,26,0,1,1064,server_token_ids,1785511571417218235,1935.669855,66.241345,2,"""##"""
phase2-full-grid-rerun-20260731-l4-l4-tp1-f2040-i32-o32-r10-rep2-seg1-attempt2,phase2-full-grid-rerun-20260731-l4-l4-tp1-f2040-i32-o32-r10-rep2-seg1-attempt2-00075-ac13e1ab0f6a,27,27,0,1,1602,server_token_ids,1785511571485949472,2004.401092,68.731237,4,""" How"""
phase2-full-grid-rerun-20260731-l4-l4-tp1-f2040-i32-o32-r10-rep2-seg1-attempt2,phase2-full-grid-rerun-20260731-l4-l4-tp1-f2040-i32-o32-r10-rep2-seg1-attempt2-00075-ac13e1ab0f6a,28,28,0,1,298,server_token_ids,1785511571548860253,2067.311873,62.910781,3,""" to"""
phase2-full-grid-rerun-20260731-l4-l4-tp1-f2040-i32-o32-r10-rep2-seg1-attempt2,phase2-full-grid-rerun-20260731-l4-l4-tp1-f2040-i32-o32-r10-rep2-seg1-attempt2-00075-ac13e1ab0f6a,29,29,0,1,2483,server_token_ids,1785511571615752934,2134.204554,66.892681,4,""" Get"""
phase2-full-grid-rerun-20260731-l4-l4-tp1-f2040-i32-o32-r10-rep2-seg1-attempt2,phase2-full-grid-rerun-20260731-l4-l4-tp1-f2040-i32-o32-r10-rep2-seg1-attempt2-00075-ac13e1ab0f6a,30,30,0,1,264,server_token_ids,1785511571686190375,2204.641995,70.437441,2,""" a"""
phase2-full-grid-rerun-20260731-l4-l4-tp1-f2040-i32-o32-r10-rep2-seg1-attempt2,phase2-full-grid-rerun-20260731-l4-l4-tp1-f2040-i32-o32-r10-rep2-seg1-attempt2-00075-ac13e1ab0f6a,31,31,0,1,14633,server_token_ids,1785511571749264496,2267.716116,63.074121,4,""" Job"""
phase2-full-grid-rerun-20260731-l4-l4-tp1-f2040-i32-o32-r10-rep2-seg1-attempt2,phase2-full-grid-rerun-20260731-l4-l4-tp1-f2040-i32-o32-r10-rep2-seg1-attempt2-00076-60b5293de29f,0,0,0,1,28723,server_token_ids,1785511569761646631,180.751396,,1,"""."""
phase2-full-grid-rerun-20260731-l4-l4-tp1-f2040-i32-o32-r10-rep2-seg1-attempt2,phase2-full-grid-rerun-20260731-l4-l4-tp1-f2040-i32-o32-r10-rep2-seg1-attempt2-00076-60b5293de29f,1,1,0,1,13,server_token_ids,1785511569828490695,247.59546,66.844064,1,"""\n"""
phase2-full-grid-rerun-20260731-l4-l4-tp1-f2040-i32-o32-r10-rep2-seg1-attempt2,phase2-full-grid-rerun-20260731-l4-l4-tp1-f2040-i32-o32-r10-rep2-seg1-attempt2-00076-60b5293de29f,2,2,0,1,13,server_token_ids,1785511569899955092,319.059857,71.464397,1,"""\n"""
phase2-full-grid-rerun-20260731-l4-l4-tp1-f2040-i32-o32-r10-rep2-seg1-attempt2,phase2-full-grid-rerun-20260731-l4-l4-tp1-f2040-i32-o32-r10-rep2-seg1-attempt2-00076-60b5293de29f,3,3,0,1,28771,server_token_ids,1785511569960119121,379.223886,60.164029,1,"""#"""
phase2-full-grid-rerun-20260731-l4-l4-tp1-f2040-i32-o32-r10-rep2-seg1-attempt2,phase2-full-grid-rerun-20260731-l4-l4-tp1-f2040-i32-o32-r10-rep2-seg1-attempt2-00076-60b5293de29f,4,4,0,1,415,server_token_ids,1785511570035694414,454.799179,75.575293,4,""" The"""
phase2-full-grid-rerun-20260731-l4-l4-tp1-f2040-i32-o32-r10-rep2-seg1-attempt2,phase2-full-grid-rerun-20260731-l4-l4-tp1-f2040-i32-o32-r10-rep2-seg1-attempt2-00076-60b5293de29f,5,5,0,1,28705,server_token_ids,1785511570095578513,514.683278,59.884099,1,""" """
phase2-full-grid-rerun-20260731-l4-l4-tp1-f2040-i32-o32-r10-rep2-seg1-attempt2,phase2-full-grid-rerun-20260731-l4-l4-tp1-f2040-i32-o32-r10-rep2-seg1-attempt2-00076-60b5293de29f,6,6,0,1,28750,server_token_ids,1785511570159485499,578.590264,63.906986,1,"""2"""
phase2-full-grid-rerun-20260731-l4-l4-tp1-f2040-i32-o32-r10-rep2-seg1-attempt2,phase2-full-grid-rerun-20260731-l4-l4-tp1-f2040-i32-o32-r10-rep2-seg1-attempt2-00076-60b5293de29f,7,7,0,1,28734,server_token_ids,1785511570235076295,654.18106,75.590796,1,"""0"""
phase2-full-grid-rerun-20260731-l4-l4-tp1-f2040-i32-o32-r10-rep2-seg1-attempt2,phase2-full-grid-rerun-20260731-l4-l4-tp1-f2040-i32-o32-r10-rep2-seg1-attempt2-00076-60b5293de29f,8,8,0,1,28740,server_token_ids,1785511570296065534,715.170299,60.989239,1,"""1"""
phase2-full-grid-rerun-20260731-l4-l4-tp1-f2040-i32-o32-r10-rep2-seg1-attempt2,phase2-full-grid-rerun-20260731-l4-l4-tp1-f2040-i32-o32-r10-rep2-seg1-attempt2-00076-60b5293de29f,9,9,0,1,28774,server_token_ids,1785511570358162505,777.26727,62.096971,1,"""9"""
phase2-full-grid-rerun-20260731-l4-l4-tp1-f2040-i32-o32-r10-rep2-seg1-attempt2,phase2-full-grid-rerun-20260731-l4-l4-tp1-f2040-i32-o32-r10-rep2-seg1-attempt2-00076-60b5293de29f,10,10,0,1,28733,server_token_ids,1785511570424765332,843.870097,66.602827,1,"""-"""
phase2-full-grid-rerun-20260731-l4-l4-tp1-f2040-i32-o32-r10-rep2-seg1-attempt2,phase2-full-grid-rerun-20260731-l4-l4-tp1-f2040-i32-o32-r10-rep2-seg1-attempt2-00076-60b5293de29f,11,11,0,1,28750,server_token_ids,1785511570500881752,919.986517,76.11642,1,"""2"""
phase2-full-grid-rerun-20260731-l4-l4-tp1-f2040-i32-o32-r10-rep2-seg1-attempt2,phase2-full-grid-rerun-20260731-l4-l4-tp1-f2040-i32-o32-r10-rep2-seg1-attempt2-00076-60b5293de29f,12,12,0,1,28734,server_token_ids,1785511570559209514,978.314279,58.327762,1,"""0"""
phase2-full-grid-rerun-20260731-l4-l4-tp1-f2040-i32-o32-r10-rep2-seg1-attempt2,phase2-full-grid-rerun-20260731-l4-l4-tp1-f2040-i32-o32-r10-rep2-seg1-attempt2-00076-60b5293de29f,13,13,0,1,28750,server_token_ids,1785511570632568019,1051.672784,73.358505,1,"""2"""
phase2-full-grid-rerun-20260731-l4-l4-tp1-f2040-i32-o32-r10-rep2-seg1-attempt2,phase2-full-grid-rerun-20260731-l4-l4-tp1-f2040-i32-o32-r10-rep2-seg1-attempt2-00076-60b5293de29f,14,14,0,1,28734,server_token_ids,1785511570698067500,1117.172265,65.499481,1,"""0"""
phase2-full-grid-rerun-20260731-l4-l4-tp1-f2040-i32-o32-r10-rep2-seg1-attempt2,phase2-full-grid-rerun-20260731-l4-l4-tp1-f2040-i32-o32-r10-rep2-seg1-attempt2-00076-60b5293de29f,15,15,0,1,3302,server_token_ids,1785511570758358754,1177.463519,60.291254,7,""" season"""
phase2-full-grid-rerun-20260731-l4-l4-tp1-f2040-i32-o32-r10-rep2-seg1-attempt2,phase2-full-grid-rerun-20260731-l4-l4-tp1-f2040-i32-o32-r10-rep2-seg1-attempt2-00076-60b5293de29f,16,16,0,1,13,server_token_ids,1785511570830035055,1249.13982,71.676301,1,"""\n"""
phase2-full-grid-rerun-20260731-l4-l4-tp1-f2040-i32-o32-r10-rep2-seg1-attempt2,phase2-full-grid-rerun-20260731-l4-l4-tp1-f2040-i32-o32-r10-rep2-seg1-attempt2-00076-60b5293de29f,17,17,0,1,13,server_token_ids,1785511570890118881,1309.223646,60.083826,1,"""\n"""
phase2-full-grid-rerun-20260731-l4-l4-tp1-f2040-i32-o32-r10-rep2-seg1-attempt2,phase2-full-grid-rerun-20260731-l4-l4-tp1-f2040-i32-o32-r10-rep2-seg1-attempt2-00076-60b5293de29f,18,18,0,1,1064,server_token_ids,1785511570956533416,1375.638181,66.414535,2,"""##"""
phase2-full-grid-rerun-20260731-l4-l4-tp1-f2040-i32-o32-r10-rep2-seg1-attempt2,phase2-full-grid-rerun-20260731-l4-l4-tp1-f2040-i32-o32-r10-rep2-seg1-attempt2-00076-60b5293de29f,19,19,0,1,415,server_token_ids,1785511571020744316,1439.849081,64.2109,4,""" The"""
phase2-full-grid-rerun-20260731-l4-l4-tp1-f2040-i32-o32-r10-rep2-seg1-attempt2,phase2-full-grid-rerun-20260731-l4-l4-tp1-f2040-i32-o32-r10-rep2-seg1-attempt2-00076-60b5293de29f,20,20,0,1,28705,server_token_ids,1785511571089593841,1508.698606,68.849525,1,""" """
phase2-full-grid-rerun-20260731-l4-l4-tp1-f2040-i32-o32-r10-rep2-seg1-attempt2,phase2-full-grid-rerun-20260731-l4-l4-tp1-f2040-i32-o32-r10-rep2-seg1-attempt2-00076-60b5293de29f,21,21,0,1,28750,server_token_ids,1785511571156438057,1575.542822,66.844216,1,"""2"""
phase2-full-grid-rerun-20260731-l4-l4-tp1-f2040-i32-o32-r10-rep2-seg1-attempt2,phase2-full-grid-rerun-20260731-l4-l4-tp1-f2040-i32-o32-r10-rep2-seg1-attempt2-00076-60b5293de29f,22,22,0,1,28734,server_token_ids,1785511571219979061,1639.083826,63.541004,1,"""0"""
phase2-full-grid-rerun-20260731-l4-l4-tp1-f2040-i32-o32-r10-rep2-seg1-attempt2,phase2-full-grid-rerun-20260731-l4-l4-tp1-f2040-i32-o32-r10-rep2-seg1-attempt2-00076-60b5293de29f,23,23,0,1,28740,server_token_ids,1785511571287236019,1706.340784,67.256958,1,"""1"""
phase2-full-grid-rerun-20260731-l4-l4-tp1-f2040-i32-o32-r10-rep2-seg1-attempt2,phase2-full-grid-rerun-20260731-l4-l4-tp1-f2040-i32-o32-r10-rep2-seg1-attempt2-00076-60b5293de29f,24,24,0,1,28774,server_token_ids,1785511571354939479,1774.044244,67.70346,1,"""9"""
phase2-full-grid-rerun-20260731-l4-l4-tp1-f2040-i32-o32-r10-rep2-seg1-attempt2,phase2-full-grid-rerun-20260731-l4-l4-tp1-f2040-i32-o32-r10-rep2-seg1-attempt2-00076-60b5293de29f,25,25,0,1,28733,server_token_ids,1785511571426588677,1845.693442,71.649198,1,"""-"""
phase2-full-grid-rerun-20260731-l4-l4-tp1-f2040-i32-o32-r10-rep2-seg1-attempt2,phase2-full-grid-rerun-20260731-l4-l4-tp1-f2040-i32-o32-r10-rep2-seg1-attempt2-00076-60b5293de29f,26,26,0,1,28750,server_token_ids,1785511571486804628,1905.909393,60.215951,1,"""2"""
phase2-full-grid-rerun-20260731-l4-l4-tp1-f2040-i32-o32-r10-rep2-seg1-attempt2,phase2-full-grid-rerun-20260731-l4-l4-tp1-f2040-i32-o32-r10-rep2-seg1-attempt2-00076-60b5293de29f,27,27,0,1,28734,server_token_ids,1785511571552212026,1971.316791,65.407398,1,"""0"""
phase2-full-grid-rerun-20260731-l4-l4-tp1-f2040-i32-o32-r10-rep2-seg1-attempt2,phase2-full-grid-rerun-20260731-l4-l4-tp1-f2040-i32-o32-r10-rep2-seg1-attempt2-00076-60b5293de29f,28,28,0,1,28750,server_token_ids,1785511571617134899,2036.239664,64.922873,1,"""2"""
phase2-full-grid-rerun-20260731-l4-l4-tp1-f2040-i32-o32-r10-rep2-seg1-attempt2,phase2-full-grid-rerun-20260731-l4-l4-tp1-f2040-i32-o32-r10-rep2-seg1-attempt2-00076-60b5293de29f,29,29,0,1,28734,server_token_ids,1785511571688387225,2107.49199,71.252326,1,"""0"""
phase2-full-grid-rerun-20260731-l4-l4-tp1-f2040-i32-o32-r10-rep2-seg1-attempt2,phase2-full-grid-rerun-20260731-l4-l4-tp1-f2040-i32-o32-r10-rep2-seg1-attempt2-00076-60b5293de29f,30,30,0,1,3302,server_token_ids,1785511571759794627,2178.899392,71.407402,7,""" season"""
phase2-full-grid-rerun-20260731-l4-l4-tp1-f2040-i32-o32-r10-rep2-seg1-attempt2,phase2-full-grid-rerun-20260731-l4-l4-tp1-f2040-i32-o32-r10-rep2-seg1-attempt2-00076-60b5293de29f,31,31,0,1,13,server_token_ids,1785511571816080305,2235.18507,56.285678,1,"""\n"""
phase2-full-grid-rerun-20260731-l4-l4-tp1-f2040-i32-o32-r10-rep2-seg1-attempt2,phase2-full-grid-rerun-20260731-l4-l4-tp1-f2040-i32-o32-r10-rep2-seg1-attempt2-00077-0e15c3858e0a,0,0,0,1,28705,server_token_ids,1785511569898414834,216.205665,,1,""" """
phase2-full-grid-rerun-20260731-l4-l4-tp1-f2040-i32-o32-r10-rep2-seg1-attempt2,phase2-full-grid-rerun-20260731-l4-l4-tp1-f2040-i32-o32-r10-rep2-seg1-attempt2-00077-0e15c3858e0a,1,1,0,1,28740,server_token_ids,1785511569960044795,277.835626,61.629961,1,"""1"""
phase2-full-grid-rerun-20260731-l4-l4-tp1-f2040-i32-o32-r10-rep2-seg1-attempt2,phase2-full-grid-rerun-20260731-l4-l4-tp1-f2040-i32-o32-r10-rep2-seg1-attempt2-00077-0e15c3858e0a,2,2,0,1,28734,server_token_ids,1785511570035622164,353.412995,75.577369,1,"""0"""
phase2-full-grid-rerun-20260731-l4-l4-tp1-f2040-i32-o32-r10-rep2-seg1-attempt2,phase2-full-grid-rerun-20260731-l4-l4-tp1-f2040-i32-o32-r10-rep2-seg1-attempt2-00077-0e15c3858e0a,3,3,0,1,28734,server_token_ids,1785511570095498107,413.288938,59.875943,1,"""0"""
phase2-full-grid-rerun-20260731-l4-l4-tp1-f2040-i32-o32-r10-rep2-seg1-attempt2,phase2-full-grid-rerun-20260731-l4-l4-tp1-f2040-i32-o32-r10-rep2-seg1-attempt2-00077-0e15c3858e0a,4,4,0,1,28734,server_token_ids,1785511570159396486,477.187317,63.898379,1,"""0"""
phase2-full-grid-rerun-20260731-l4-l4-tp1-f2040-i32-o32-r10-rep2-seg1-attempt2,phase2-full-grid-rerun-20260731-l4-l4-tp1-f2040-i32-o32-r10-rep2-seg1-attempt2-00077-0e15c3858e0a,5,5,0,1,28734,server_token_ids,1785511570234993226,552.784057,75.59674,1,"""0"""
phase2-full-grid-rerun-20260731-l4-l4-tp1-f2040-i32-o32-r10-rep2-seg1-attempt2,phase2-full-grid-rerun-20260731-l4-l4-tp1-f2040-i32-o32-r10-rep2-seg1-attempt2-00077-0e15c3858e0a,6,6,0,1,28734,server_token_ids,1785511570295979812,613.770643,60.986586,1,"""0"""
phase2-full-grid-rerun-20260731-l4-l4-tp1-f2040-i32-o32-r10-rep2-seg1-attempt2,phase2-full-grid-rerun-20260731-l4-l4-tp1-f2040-i32-o32-r10-rep2-seg1-attempt2-00077-0e15c3858e0a,7,7,0,1,28734,server_token_ids,1785511570358080913,675.871744,62.101101,1,"""0"""
phase2-full-grid-rerun-20260731-l4-l4-tp1-f2040-i32-o32-r10-rep2-seg1-attempt2,phase2-full-grid-rerun-20260731-l4-l4-tp1-f2040-i32-o32-r10-rep2-seg1-attempt2-00077-0e15c3858e0a,8,8,0,1,28734,server_token_ids,1785511570424675012,742.465843,66.594099,1,"""0"""
phase2-full-grid-rerun-20260731-l4-l4-tp1-f2040-i32-o32-r10-rep2-seg1-attempt2,phase2-full-grid-rerun-20260731-l4-l4-tp1-f2040-i32-o32-r10-rep2-seg1-attempt2-00077-0e15c3858e0a,9,9,0,1,28734,server_token_ids,1785511570500797850,818.588681,76.122838,1,"""0"""
phase2-full-grid-rerun-20260731-l4-l4-tp1-f2040-i32-o32-r10-rep2-seg1-attempt2,phase2-full-grid-rerun-20260731-l4-l4-tp1-f2040-i32-o32-r10-rep2-seg1-attempt2-00077-0e15c3858e0a,10,10,0,1,28734,server_token_ids,1785511570559132767,876.923598,58.334917,1,"""0"""
phase2-full-grid-rerun-20260731-l4-l4-tp1-f2040-i32-o32-r10-rep2-seg1-attempt2,phase2-full-grid-rerun-20260731-l4-l4-tp1-f2040-i32-o32-r10-rep2-seg1-attempt2-00077-0e15c3858e0a,11,11,0,1,28734,server_token_ids,1785511570632485158,950.275989,73.352391,1,"""0"""
phase2-full-grid-rerun-20260731-l4-l4-tp1-f2040-i32-o32-r10-rep2-seg1-attempt2,phase2-full-grid-rerun-20260731-l4-l4-tp1-f2040-i32-o32-r10-rep2-seg1-attempt2-00077-0e15c3858e0a,12,12,0,1,28734,server_token_ids,1785511570697987744,1015.778575,65.502586,1,"""0"""
phase2-full-grid-rerun-20260731-l4-l4-tp1-f2040-i32-o32-r10-rep2-seg1-attempt2,phase2-full-grid-rerun-20260731-l4-l4-tp1-f2040-i32-o32-r10-rep2-seg1-attempt2-00077-0e15c3858e0a,13,13,0,1,28734,server_token_ids,1785511570758259852,1076.050683,60.272108,1,"""0"""
phase2-full-grid-rerun-20260731-l4-l4-tp1-f2040-i32-o32-r10-rep2-seg1-attempt2,phase2-full-grid-rerun-20260731-l4-l4-tp1-f2040-i32-o32-r10-rep2-seg1-attempt2-00077-0e15c3858e0a,14,14,0,1,28734,server_token_ids,1785511570821553546,1139.344377,63.293694,1,"""0"""
phase2-full-grid-rerun-20260731-l4-l4-tp1-f2040-i32-o32-r10-rep2-seg1-attempt2,phase2-full-grid-rerun-20260731-l4-l4-tp1-f2040-i32-o32-r10-rep2-seg1-attempt2-00077-0e15c3858e0a,15,15,0,1,28734,server_token_ids,1785511570890023352,1207.814183,68.469806,1,"""0"""
phase2-full-grid-rerun-20260731-l4-l4-tp1-f2040-i32-o32-r10-rep2-seg1-attempt2,phase2-full-grid-rerun-20260731-l4-l4-tp1-f2040-i32-o32-r10-rep2-seg1-attempt2-00077-0e15c3858e0a,16,16,0,1,28734,server_token_ids,1785511570956416765,1274.207596,66.393413,1,"""0"""
phase2-full-grid-rerun-20260731-l4-l4-tp1-f2040-i32-o32-r10-rep2-seg1-attempt2,phase2-full-grid-rerun-20260731-l4-l4-tp1-f2040-i32-o32-r10-rep2-seg1-attempt2-00077-0e15c3858e0a,17,17,0,1,28734,server_token_ids,1785511571020637627,1338.428458,64.220862,1,"""0"""
phase2-full-grid-rerun-20260731-l4-l4-tp1-f2040-i32-o32-r10-rep2-seg1-attempt2,phase2-full-grid-rerun-20260731-l4-l4-tp1-f2040-i32-o32-r10-rep2-seg1-attempt2-00077-0e15c3858e0a,18,18,0,1,28734,server_token_ids,1785511571089517842,1407.308673,68.880215,1,"""0"""
phase2-full-grid-rerun-20260731-l4-l4-tp1-f2040-i32-o32-r10-rep2-seg1-attempt2,phase2-full-grid-rerun-20260731-l4-l4-tp1-f2040-i32-o32-r10-rep2-seg1-attempt2-00077-0e15c3858e0a,19,19,0,1,28734,server_token_ids,1785511571156049586,1473.840417,66.531744,1,"""0"""
phase2-full-grid-rerun-20260731-l4-l4-tp1-f2040-i32-o32-r10-rep2-seg1-attempt2,phase2-full-grid-rerun-20260731-l4-l4-tp1-f2040-i32-o32-r10-rep2-seg1-attempt2-00077-0e15c3858e0a,20,20,0,1,28734,server_token_ids,1785511571219896242,1537.687073,63.846656,1,"""0"""
phase2-full-grid-rerun-20260731-l4-l4-tp1-f2040-i32-o32-r10-rep2-seg1-attempt2,phase2-full-grid-rerun-20260731-l4-l4-tp1-f2040-i32-o32-r10-rep2-seg1-attempt2-00077-0e15c3858e0a,21,21,0,1,28734,server_token_ids,1785511571287163184,1604.954015,67.266942,1,"""0"""
phase2-full-grid-rerun-20260731-l4-l4-tp1-f2040-i32-o32-r10-rep2-seg1-attempt2,phase2-full-grid-rerun-20260731-l4-l4-tp1-f2040-i32-o32-r10-rep2-seg1-attempt2-00077-0e15c3858e0a,22,22,0,1,28734,server_token_ids,1785511571354854997,1672.645828,67.691813,1,"""0"""
phase2-full-grid-rerun-20260731-l4-l4-tp1-f2040-i32-o32-r10-rep2-seg1-attempt2,phase2-full-grid-rerun-20260731-l4-l4-tp1-f2040-i32-o32-r10-rep2-seg1-attempt2-00077-0e15c3858e0a,23,23,0,1,28734,server_token_ids,1785511571426505838,1744.296669,71.650841,1,"""0"""
phase2-full-grid-rerun-20260731-l4-l4-tp1-f2040-i32-o32-r10-rep2-seg1-attempt2,phase2-full-grid-rerun-20260731-l4-l4-tp1-f2040-i32-o32-r10-rep2-seg1-attempt2-00077-0e15c3858e0a,24,24,0,1,28734,server_token_ids,1785511571486730496,1804.521327,60.224658,1,"""0"""
phase2-full-grid-rerun-20260731-l4-l4-tp1-f2040-i32-o32-r10-rep2-seg1-attempt2,phase2-full-grid-rerun-20260731-l4-l4-tp1-f2040-i32-o32-r10-rep2-seg1-attempt2-00077-0e15c3858e0a,25,25,0,1,28734,server_token_ids,1785511571552123034,1869.913865,65.392538,1,"""0"""
phase2-full-grid-rerun-20260731-l4-l4-tp1-f2040-i32-o32-r10-rep2-seg1-attempt2,phase2-full-grid-rerun-20260731-l4-l4-tp1-f2040-i32-o32-r10-rep2-seg1-attempt2-00077-0e15c3858e0a,26,26,0,1,28734,server_token_ids,1785511571617047121,1934.837952,64.924087,1,"""0"""
phase2-full-grid-rerun-20260731-l4-l4-tp1-f2040-i32-o32-r10-rep2-seg1-attempt2,phase2-full-grid-rerun-20260731-l4-l4-tp1-f2040-i32-o32-r10-rep2-seg1-attempt2-00077-0e15c3858e0a,27,27,0,1,28734,server_token_ids,1785511571688315413,2006.106244,71.268292,1,"""0"""
phase2-full-grid-rerun-20260731-l4-l4-tp1-f2040-i32-o32-r10-rep2-seg1-attempt2,phase2-full-grid-rerun-20260731-l4-l4-tp1-f2040-i32-o32-r10-rep2-seg1-attempt2-00077-0e15c3858e0a,28,28,0,1,28734,server_token_ids,1785511571759719466,2077.510297,71.404053,1,"""0"""
phase2-full-grid-rerun-20260731-l4-l4-tp1-f2040-i32-o32-r10-rep2-seg1-attempt2,phase2-full-grid-rerun-20260731-l4-l4-tp1-f2040-i32-o32-r10-rep2-seg1-attempt2-00077-0e15c3858e0a,29,29,0,1,28734,server_token_ids,1785511571815982860,2133.773691,56.263394,1,"""0"""
phase2-full-grid-rerun-20260731-l4-l4-tp1-f2040-i32-o32-r10-rep2-seg1-attempt2,phase2-full-grid-rerun-20260731-l4-l4-tp1-f2040-i32-o32-r10-rep2-seg1-attempt2-00077-0e15c3858e0a,30,30,0,1,28734,server_token_ids,1785511571887457243,2205.248074,71.474383,1,"""0"""
phase2-full-grid-rerun-20260731-l4-l4-tp1-f2040-i32-o32-r10-rep2-seg1-attempt2,phase2-full-grid-rerun-20260731-l4-l4-tp1-f2040-i32-o32-r10-rep2-seg1-attempt2-00077-0e15c3858e0a,31,31,0,1,28734,server_token_ids,1785511571957728254,2275.519085,70.271011,1,"""0"""
phase2-full-grid-rerun-20260731-l4-l4-tp1-f2040-i32-o32-r10-rep2-seg1-attempt2,phase2-full-grid-rerun-20260731-l4-l4-tp1-f2040-i32-o32-r10-rep2-seg1-attempt2-00078-70733b420c78,0,0,0,1,28723,server_token_ids,1785511569960206059,178.367419,,1,"""."""
phase2-full-grid-rerun-20260731-l4-l4-tp1-f2040-i32-o32-r10-rep2-seg1-attempt2,phase2-full-grid-rerun-20260731-l4-l4-tp1-f2040-i32-o32-r10-rep2-seg1-attempt2-00078-70733b420c78,1,1,0,1,13,server_token_ids,1785511570035778162,253.939522,75.572103,1,"""\n"""
phase2-full-grid-rerun-20260731-l4-l4-tp1-f2040-i32-o32-r10-rep2-seg1-attempt2,phase2-full-grid-rerun-20260731-l4-l4-tp1-f2040-i32-o32-r10-rep2-seg1-attempt2-00078-70733b420c78,2,2,0,1,13,server_token_ids,1785511570095657582,313.818942,59.87942,1,"""\n"""
phase2-full-grid-rerun-20260731-l4-l4-tp1-f2040-i32-o32-r10-rep2-seg1-attempt2,phase2-full-grid-rerun-20260731-l4-l4-tp1-f2040-i32-o32-r10-rep2-seg1-attempt2-00078-70733b420c78,3,3,0,1,1064,server_token_ids,1785511570159558408,377.719768,63.900826,2,"""##"""
phase2-full-grid-rerun-20260731-l4-l4-tp1-f2040-i32-o32-r10-rep2-seg1-attempt2,phase2-full-grid-rerun-20260731-l4-l4-tp1-f2040-i32-o32-r10-rep2-seg1-attempt2-00078-70733b420c78,4,4,0,1,28705,server_token_ids,1785511570235150814,453.312174,75.592406,1,""" """
phase2-full-grid-rerun-20260731-l4-l4-tp1-f2040-i32-o32-r10-rep2-seg1-attempt2,phase2-full-grid-rerun-20260731-l4-l4-tp1-f2040-i32-o32-r10-rep2-seg1-attempt2-00078-70733b420c78,5,5,0,1,28740,server_token_ids,1785511570296142156,514.303516,60.991342,1,"""1"""
phase2-full-grid-rerun-20260731-l4-l4-tp1-f2040-i32-o32-r10-rep2-seg1-attempt2,phase2-full-grid-rerun-20260731-l4-l4-tp1-f2040-i32-o32-r10-rep2-seg1-attempt2-00078-70733b420c78,6,6,0,1,28734,server_token_ids,1785511570358241238,576.402598,62.099082,1,"""0"""
phase2-full-grid-rerun-20260731-l4-l4-tp1-f2040-i32-o32-r10-rep2-seg1-attempt2,phase2-full-grid-rerun-20260731-l4-l4-tp1-f2040-i32-o32-r10-rep2-seg1-attempt2-00078-70733b420c78,7,7,0,1,28734,server_token_ids,1785511570424848001,643.009361,66.606763,1,"""0"""
phase2-full-grid-rerun-20260731-l4-l4-tp1-f2040-i32-o32-r10-rep2-seg1-attempt2,phase2-full-grid-rerun-20260731-l4-l4-tp1-f2040-i32-o32-r10-rep2-seg1-attempt2-00078-70733b420c78,8,8,0,1,28823,server_token_ids,1785511570500955351,719.116711,76.10735,1,"""%"""
phase2-full-grid-rerun-20260731-l4-l4-tp1-f2040-i32-o32-r10-rep2-seg1-attempt2,phase2-full-grid-rerun-20260731-l4-l4-tp1-f2040-i32-o32-r10-rep2-seg1-attempt2-00078-70733b420c78,9,9,0,1,5228,server_token_ids,1785511570559284565,777.445925,58.329214,5,""" Free"""
phase2-full-grid-rerun-20260731-l4-l4-tp1-f2040-i32-o32-r10-rep2-seg1-attempt2,phase2-full-grid-rerun-20260731-l4-l4-tp1-f2040-i32-o32-r10-rep2-seg1-attempt2-00078-70733b420c78,10,10,0,1,10634,server_token_ids,1785511570632649441,850.810801,73.364876,7,""" Online"""
phase2-full-grid-rerun-20260731-l4-l4-tp1-f2040-i32-o32-r10-rep2-seg1-attempt2,phase2-full-grid-rerun-20260731-l4-l4-tp1-f2040-i32-o32-r10-rep2-seg1-attempt2-00078-70733b420c78,11,11,0,1,384,server_token_ids,1785511570698143305,916.304665,65.493864,2,""" D"""
phase2-full-grid-rerun-20260731-l4-l4-tp1-f2040-i32-o32-r10-rep2-seg1-attempt2,phase2-full-grid-rerun-20260731-l4-l4-tp1-f2040-i32-o32-r10-rep2-seg1-attempt2-00078-70733b420c78,12,12,0,1,1077,server_token_ids,1785511570758449606,976.610966,60.306301,5,"""ating"""
phase2-full-grid-rerun-20260731-l4-l4-tp1-f2040-i32-o32-r10-rep2-seg1-attempt2,phase2-full-grid-rerun-20260731-l4-l4-tp1-f2040-i32-o32-r10-rep2-seg1-attempt2-00078-70733b420c78,13,13,0,1,297,server_token_ids,1785511570830155850,1048.31721,71.706244,3,""" in"""
phase2-full-grid-rerun-20260731-l4-l4-tp1-f2040-i32-o32-r10-rep2-seg1-attempt2,phase2-full-grid-rerun-20260731-l4-l4-tp1-f2040-i32-o32-r10-rep2-seg1-attempt2-00078-70733b420c78,14,14,0,1,4417,server_token_ids,1785511570890206617,1108.367977,60.050767,6,""" David"""
phase2-full-grid-rerun-20260731-l4-l4-tp1-f2040-i32-o32-r10-rep2-seg1-attempt2,phase2-full-grid-rerun-20260731-l4-l4-tp1-f2040-i32-o32-r10-rep2-seg1-attempt2-00078-70733b420c78,15,15,0,1,28725,server_token_ids,1785511570956623459,1174.784819,66.416842,1,""","""
phase2-full-grid-rerun-20260731-l4-l4-tp1-f2040-i32-o32-r10-rep2-seg1-attempt2,phase2-full-grid-rerun-20260731-l4-l4-tp1-f2040-i32-o32-r10-rep2-seg1-attempt2-00078-70733b420c78,16,16,0,1,14343,server_token_ids,1785511571020836032,1238.997392,64.212573,3,""" NC"""
phase2-full-grid-rerun-20260731-l4-l4-tp1-f2040-i32-o32-r10-rep2-seg1-attempt2,phase2-full-grid-rerun-20260731-l4-l4-tp1-f2040-i32-o32-r10-rep2-seg1-attempt2-00078-70733b420c78,17,17,0,1,13,server_token_ids,1785511571089666987,1307.828347,68.830955,1,"""\n"""
phase2-full-grid-rerun-20260731-l4-l4-tp1-f2040-i32-o32-r10-rep2-seg1-attempt2,phase2-full-grid-rerun-20260731-l4-l4-tp1-f2040-i32-o32-r10-rep2-seg1-attempt2-00078-70733b420c78,18,18,0,1,13,server_token_ids,1785511571156550657,1374.712017,66.88367,1,"""\n"""
phase2-full-grid-rerun-20260731-l4-l4-tp1-f2040-i32-o32-r10-rep2-seg1-attempt2,phase2-full-grid-rerun-20260731-l4-l4-tp1-f2040-i32-o32-r10-rep2-seg1-attempt2-00078-70733b420c78,19,19,0,1,28396,server_token_ids,1785511571220056280,1438.21764,63.505623,5,"""David"""
phase2-full-grid-rerun-20260731-l4-l4-tp1-f2040-i32-o32-r10-rep2-seg1-attempt2,phase2-full-grid-rerun-20260731-l4-l4-tp1-f2040-i32-o32-r10-rep2-seg1-attempt2-00078-70733b420c78,20,20,0,1,28725,server_token_ids,1785511571287309871,1505.471231,67.253591,1,""","""
phase2-full-grid-rerun-20260731-l4-l4-tp1-f2040-i32-o32-r10-rep2-seg1-attempt2,phase2-full-grid-rerun-20260731-l4-l4-tp1-f2040-i32-o32-r10-rep2-seg1-attempt2-00078-70733b420c78,21,21,0,1,14343,server_token_ids,1785511571355021055,1573.182415,67.711184,3,""" NC"""
phase2-full-grid-rerun-20260731-l4-l4-tp1-f2040-i32-o32-r10-rep2-seg1-attempt2,phase2-full-grid-rerun-20260731-l4-l4-tp1-f2040-i32-o32-r10-rep2-seg1-attempt2-00078-70733b420c78,22,22,0,1,4417,server_token_ids,1785511571426668202,1644.829562,71.647147,6,""" David"""
phase2-full-grid-rerun-20260731-l4-l4-tp1-f2040-i32-o32-r10-rep2-seg1-attempt2,phase2-full-grid-rerun-20260731-l4-l4-tp1-f2040-i32-o32-r10-rep2-seg1-attempt2-00078-70733b420c78,23,23,0,1,28742,server_token_ids,1785511571486872495,1705.033855,60.204293,1,"""'"""
phase2-full-grid-rerun-20260731-l4-l4-tp1-f2040-i32-o32-r10-rep2-seg1-attempt2,phase2-full-grid-rerun-20260731-l4-l4-tp1-f2040-i32-o32-r10-rep2-seg1-attempt2-00078-70733b420c78,24,24,0,1,28713,server_token_ids,1785511571552289921,1770.451281,65.417426,1,"""s"""
phase2-full-grid-rerun-20260731-l4-l4-tp1-f2040-i32-o32-r10-rep2-seg1-attempt2,phase2-full-grid-rerun-20260731-l4-l4-tp1-f2040-i32-o32-r10-rep2-seg1-attempt2-00078-70733b420c78,25,25,0,1,1489,server_token_ids,1785511571617213488,1835.374848,64.923567,5,""" best"""
phase2-full-grid-rerun-20260731-l4-l4-tp1-f2040-i32-o32-r10-rep2-seg1-attempt2,phase2-full-grid-rerun-20260731-l4-l4-tp1-f2040-i32-o32-r10-rep2-seg1-attempt2-00078-70733b420c78,26,26,0,1,22995,server_token_ids,1785511571688464684,1906.626044,71.251196,5,""" FREE"""
phase2-full-grid-rerun-20260731-l4-l4-tp1-f2040-i32-o32-r10-rep2-seg1-attempt2,phase2-full-grid-rerun-20260731-l4-l4-tp1-f2040-i32-o32-r10-rep2-seg1-attempt2-00078-70733b420c78,27,27,0,1,7649,server_token_ids,1785511571759874041,1978.035401,71.409357,7,""" dating"""
phase2-full-grid-rerun-20260731-l4-l4-tp1-f2040-i32-o32-r10-rep2-seg1-attempt2,phase2-full-grid-rerun-20260731-l4-l4-tp1-f2040-i32-o32-r10-rep2-seg1-attempt2-00078-70733b420c78,28,28,0,1,3455,server_token_ids,1785511571816275114,2034.436474,56.401073,5,""" site"""
phase2-full-grid-rerun-20260731-l4-l4-tp1-f2040-i32-o32-r10-rep2-seg1-attempt2,phase2-full-grid-rerun-20260731-l4-l4-tp1-f2040-i32-o32-r10-rep2-seg1-attempt2-00078-70733b420c78,29,29,0,1,28808,server_token_ids,1785511571887543275,2105.704635,71.268161,1,"""!"""
phase2-full-grid-rerun-20260731-l4-l4-tp1-f2040-i32-o32-r10-rep2-seg1-attempt2,phase2-full-grid-rerun-20260731-l4-l4-tp1-f2040-i32-o32-r10-rep2-seg1-attempt2-00078-70733b420c78,30,30,0,1,1239,server_token_ids,1785511571957920656,2176.082016,70.377381,2,""" %"""
phase2-full-grid-rerun-20260731-l4-l4-tp1-f2040-i32-o32-r10-rep2-seg1-attempt2,phase2-full-grid-rerun-20260731-l4-l4-tp1-f2040-i32-o32-r10-rep2-seg1-attempt2-00078-70733b420c78,31,31,0,1,5228,server_token_ids,1785511572015150813,2233.312173,57.230157,5,""" Free"""
phase2-full-grid-rerun-20260731-l4-l4-tp1-f2040-i32-o32-r10-rep2-seg1-attempt2,phase2-full-grid-rerun-20260731-l4-l4-tp1-f2040-i32-o32-r10-rep2-seg1-attempt2-00079-382c4246994f,0,0,0,1,28706,server_token_ids,1785511570093004897,211.000475,,1,"""e"""
phase2-full-grid-rerun-20260731-l4-l4-tp1-f2040-i32-o32-r10-rep2-seg1-attempt2,phase2-full-grid-rerun-20260731-l4-l4-tp1-f2040-i32-o32-r10-rep2-seg1-attempt2-00079-382c4246994f,1,1,0,1,13,server_token_ids,1785511570159155400,277.150978,66.150503,1,"""\n"""
phase2-full-grid-rerun-20260731-l4-l4-tp1-f2040-i32-o32-r10-rep2-seg1-attempt2,phase2-full-grid-rerun-20260731-l4-l4-tp1-f2040-i32-o32-r10-rep2-seg1-attempt2-00079-382c4246994f,2,2,0,1,13,server_token_ids,1785511570225802611,343.798189,66.647211,1,"""\n"""
phase2-full-grid-rerun-20260731-l4-l4-tp1-f2040-i32-o32-r10-rep2-seg1-attempt2,phase2-full-grid-rerun-20260731-l4-l4-tp1-f2040-i32-o32-r10-rep2-seg1-attempt2-00079-382c4246994f,3,3,0,1,28771,server_token_ids,1785511570296605054,414.600632,70.802443,1,"""#"""
phase2-full-grid-rerun-20260731-l4-l4-tp1-f2040-i32-o32-r10-rep2-seg1-attempt2,phase2-full-grid-rerun-20260731-l4-l4-tp1-f2040-i32-o32-r10-rep2-seg1-attempt2-00079-382c4246994f,4,4,0,1,28705,server_token_ids,1785511570361665572,479.66115,65.060518,1,""" """
phase2-full-grid-rerun-20260731-l4-l4-tp1-f2040-i32-o32-r10-rep2-seg1-attempt2,phase2-full-grid-rerun-20260731-l4-l4-tp1-f2040-i32-o32-r10-rep2-seg1-attempt2-00079-382c4246994f,5,5,0,1,28750,server_token_ids,1785511570425564043,543.559621,63.898471,1,"""2"""
phase2-full-grid-rerun-20260731-l4-l4-tp1-f2040-i32-o32-r10-rep2-seg1-attempt2,phase2-full-grid-rerun-20260731-l4-l4-tp1-f2040-i32-o32-r10-rep2-seg1-attempt2-00079-382c4246994f,6,6,0,1,28734,server_token_ids,1785511570501412621,619.408199,75.848578,1,"""0"""
phase2-full-grid-rerun-20260731-l4-l4-tp1-f2040-i32-o32-r10-rep2-seg1-attempt2,phase2-full-grid-rerun-20260731-l4-l4-tp1-f2040-i32-o32-r10-rep2-seg1-attempt2-00079-382c4246994f,7,7,0,1,28740,server_token_ids,1785511570559755370,677.750948,58.342749,1,"""1"""
phase2-full-grid-rerun-20260731-l4-l4-tp1-f2040-i32-o32-r10-rep2-seg1-attempt2,phase2-full-grid-rerun-20260731-l4-l4-tp1-f2040-i32-o32-r10-rep2-seg1-attempt2-00079-382c4246994f,8,8,0,1,28783,server_token_ids,1785511570633105090,751.100668,73.34972,1,"""8"""
phase2-full-grid-rerun-20260731-l4-l4-tp1-f2040-i32-o32-r10-rep2-seg1-attempt2,phase2-full-grid-rerun-20260731-l4-l4-tp1-f2040-i32-o32-r10-rep2-seg1-attempt2-00079-382c4246994f,9,9,0,1,28733,server_token_ids,1785511570700033206,818.028784,66.928116,1,"""-"""
phase2-full-grid-rerun-20260731-l4-l4-tp1-f2040-i32-o32-r10-rep2-seg1-attempt2,phase2-full-grid-rerun-20260731-l4-l4-tp1-f2040-i32-o32-r10-rep2-seg1-attempt2-00079-382c4246994f,10,10,0,1,28740,server_token_ids,1785511570759003306,876.998884,58.9701,1,"""1"""
phase2-full-grid-rerun-20260731-l4-l4-tp1-f2040-i32-o32-r10-rep2-seg1-attempt2,phase2-full-grid-rerun-20260731-l4-l4-tp1-f2040-i32-o32-r10-rep2-seg1-attempt2-00079-382c4246994f,11,11,0,1,28774,server_token_ids,1785511570830738873,948.734451,71.735567,1,"""9"""
phase2-full-grid-rerun-20260731-l4-l4-tp1-f2040-i32-o32-r10-rep2-seg1-attempt2,phase2-full-grid-rerun-20260731-l4-l4-tp1-f2040-i32-o32-r10-rep2-seg1-attempt2-00079-382c4246994f,12,12,0,1,21041,server_token_ids,1785511570890759907,1008.755485,60.021034,4,""" NBA"""
phase2-full-grid-rerun-20260731-l4-l4-tp1-f2040-i32-o32-r10-rep2-seg1-attempt2,phase2-full-grid-rerun-20260731-l4-l4-tp1-f2040-i32-o32-r10-rep2-seg1-attempt2-00079-382c4246994f,13,13,0,1,16887,server_token_ids,1785511570957169305,1075.164883,66.409398,7,""" Season"""
phase2-full-grid-rerun-20260731-l4-l4-tp1-f2040-i32-o32-r10-rep2-seg1-attempt2,phase2-full-grid-rerun-20260731-l4-l4-tp1-f2040-i32-o32-r10-rep2-seg1-attempt2-00079-382c4246994f,14,14,0,1,4258,server_token_ids,1785511571021539490,1139.535068,64.370185,4,""" Pre"""
phase2-full-grid-rerun-20260731-l4-l4-tp1-f2040-i32-o32-r10-rep2-seg1-attempt2,phase2-full-grid-rerun-20260731-l4-l4-tp1-f2040-i32-o32-r10-rep2-seg1-attempt2-00079-382c4246994f,15,15,0,1,1578,server_token_ids,1785511571090099422,1208.095,68.559932,4,"""view"""
phase2-full-grid-rerun-20260731-l4-l4-tp1-f2040-i32-o32-r10-rep2-seg1-attempt2,phase2-full-grid-rerun-20260731-l4-l4-tp1-f2040-i32-o32-r10-rep2-seg1-attempt2-00079-382c4246994f,16,16,0,1,28747,server_token_ids,1785511571157035884,1275.031462,66.936462,1,""":"""
phase2-full-grid-rerun-20260731-l4-l4-tp1-f2040-i32-o32-r10-rep2-seg1-attempt2,phase2-full-grid-rerun-20260731-l4-l4-tp1-f2040-i32-o32-r10-rep2-seg1-attempt2-00079-382c4246994f,17,17,0,1,13827,server_token_ids,1785511571220538982,1338.53456,63.503098,8,""" Eastern"""
phase2-full-grid-rerun-20260731-l4-l4-tp1-f2040-i32-o32-r10-rep2-seg1-attempt2,phase2-full-grid-rerun-20260731-l4-l4-tp1-f2040-i32-o32-r10-rep2-seg1-attempt2-00079-382c4246994f,18,18,0,1,13115,server_token_ids,1785511571290090517,1408.086095,69.551535,11,""" Conference"""
phase2-full-grid-rerun-20260731-l4-l4-tp1-f2040-i32-o32-r10-rep2-seg1-attempt2,phase2-full-grid-rerun-20260731-l4-l4-tp1-f2040-i32-o32-r10-rep2-seg1-attempt2-00079-382c4246994f,19,19,0,1,13,server_token_ids,1785511571355567885,1473.563463,65.477368,1,"""\n"""
phase2-full-grid-rerun-20260731-l4-l4-tp1-f2040-i32-o32-r10-rep2-seg1-attempt2,phase2-full-grid-rerun-20260731-l4-l4-tp1-f2040-i32-o32-r10-rep2-seg1-attempt2-00079-382c4246994f,20,20,0,1,13,server_token_ids,1785511571427211509,1545.207087,71.643624,1,"""\n"""
phase2-full-grid-rerun-20260731-l4-l4-tp1-f2040-i32-o32-r10-rep2-seg1-attempt2,phase2-full-grid-rerun-20260731-l4-l4-tp1-f2040-i32-o32-r10-rep2-seg1-attempt2-00079-382c4246994f,21,21,0,1,1014,server_token_ids,1785511571487555896,1605.551474,60.344387,3,"""The"""
phase2-full-grid-rerun-20260731-l4-l4-tp1-f2040-i32-o32-r10-rep2-seg1-attempt2,phase2-full-grid-rerun-20260731-l4-l4-tp1-f2040-i32-o32-r10-rep2-seg1-attempt2-00079-382c4246994f,22,22,0,1,21041,server_token_ids,1785511571552757676,1670.753254,65.20178,4,""" NBA"""
phase2-full-grid-rerun-20260731-l4-l4-tp1-f2040-i32-o32-r10-rep2-seg1-attempt2,phase2-full-grid-rerun-20260731-l4-l4-tp1-f2040-i32-o32-r10-rep2-seg1-attempt2-00079-382c4246994f,23,23,0,1,3302,server_token_ids,1785511571617823411,1735.818989,65.065735,7,""" season"""
phase2-full-grid-rerun-20260731-l4-l4-tp1-f2040-i32-o32-r10-rep2-seg1-attempt2,phase2-full-grid-rerun-20260731-l4-l4-tp1-f2040-i32-o32-r10-rep2-seg1-attempt2-00079-382c4246994f,24,24,0,1,349,server_token_ids,1785511571688081546,1806.077124,70.258135,3,""" is"""
phase2-full-grid-rerun-20260731-l4-l4-tp1-f2040-i32-o32-r10-rep2-seg1-attempt2,phase2-full-grid-rerun-20260731-l4-l4-tp1-f2040-i32-o32-r10-rep2-seg1-attempt2-00079-382c4246994f,25,25,0,1,776,server_token_ids,1785511571759464533,1877.460111,71.382987,5,""" just"""
phase2-full-grid-rerun-20260731-l4-l4-tp1-f2040-i32-o32-r10-rep2-seg1-attempt2,phase2-full-grid-rerun-20260731-l4-l4-tp1-f2040-i32-o32-r10-rep2-seg1-attempt2-00079-382c4246994f,26,26,0,1,1401,server_token_ids,1785511571815280929,1933.276507,55.816396,7,""" around"""
phase2-full-grid-rerun-20260731-l4-l4-tp1-f2040-i32-o32-r10-rep2-seg1-attempt2,phase2-full-grid-rerun-20260731-l4-l4-tp1-f2040-i32-o32-r10-rep2-seg1-attempt2-00079-382c4246994f,27,27,0,1,272,server_token_ids,1785511571887228913,2005.224491,71.947984,4,""" the"""
phase2-full-grid-rerun-20260731-l4-l4-tp1-f2040-i32-o32-r10-rep2-seg1-attempt2,phase2-full-grid-rerun-20260731-l4-l4-tp1-f2040-i32-o32-r10-rep2-seg1-attempt2-00079-382c4246994f,28,28,0,1,6581,server_token_ids,1785511571957449967,2075.445545,70.221054,7,""" corner"""
phase2-full-grid-rerun-20260731-l4-l4-tp1-f2040-i32-o32-r10-rep2-seg1-attempt2,phase2-full-grid-rerun-20260731-l4-l4-tp1-f2040-i32-o32-r10-rep2-seg1-attempt2-00079-382c4246994f,29,29,0,1,28725,server_token_ids,1785511572014880607,2132.876185,57.43064,1,""","""
phase2-full-grid-rerun-20260731-l4-l4-tp1-f2040-i32-o32-r10-rep2-seg1-attempt2,phase2-full-grid-rerun-20260731-l4-l4-tp1-f2040-i32-o32-r10-rep2-seg1-attempt2-00079-382c4246994f,30,30,0,1,304,server_token_ids,1785511572080005078,2198.000656,65.124471,4,""" and"""
phase2-full-grid-rerun-20260731-l4-l4-tp1-f2040-i32-o32-r10-rep2-seg1-attempt2,phase2-full-grid-rerun-20260731-l4-l4-tp1-f2040-i32-o32-r10-rep2-seg1-attempt2-00079-382c4246994f,31,31,0,1,272,server_token_ids,1785511572148732108,2266.727686,68.72703,4,""" the"""
phase2-full-grid-rerun-20260731-l4-l4-tp1-f2040-i32-o32-r10-rep2-seg1-attempt2,phase2-full-grid-rerun-20260731-l4-l4-tp1-f2040-i32-o32-r10-rep2-seg1-attempt2-00080-0766f4b07c25,0,0,0,1,28725,server_token_ids,1785511570159723566,178.506633,,1,""","""
phase2-full-grid-rerun-20260731-l4-l4-tp1-f2040-i32-o32-r10-rep2-seg1-attempt2,phase2-full-grid-rerun-20260731-l4-l4-tp1-f2040-i32-o32-r10-rep2-seg1-attempt2-00080-0766f4b07c25,1,1,0,1,28705,server_token_ids,1785511570235302372,254.085439,75.578806,1,""" """
phase2-full-grid-rerun-20260731-l4-l4-tp1-f2040-i32-o32-r10-rep2-seg1-attempt2,phase2-full-grid-rerun-20260731-l4-l4-tp1-f2040-i32-o32-r10-rep2-seg1-attempt2-00080-0766f4b07c25,2,2,0,1,28740,server_token_ids,1785511570296289581,315.072648,60.987209,1,"""1"""
phase2-full-grid-rerun-20260731-l4-l4-tp1-f2040-i32-o32-r10-rep2-seg1-attempt2,phase2-full-grid-rerun-20260731-l4-l4-tp1-f2040-i32-o32-r10-rep2-seg1-attempt2-00080-0766f4b07c25,3,3,0,1,28774,server_token_ids,1785511570358386745,377.169812,62.097164,1,"""9"""
phase2-full-grid-rerun-20260731-l4-l4-tp1-f2040-i32-o32-r10-rep2-seg1-attempt2,phase2-full-grid-rerun-20260731-l4-l4-tp1-f2040-i32-o32-r10-rep2-seg1-attempt2-00080-0766f4b07c25,4,4,0,1,28774,server_token_ids,1785511570425141901,443.924968,66.755156,1,"""9"""
phase2-full-grid-rerun-20260731-l4-l4-tp1-f2040-i32-o32-r10-rep2-seg1-attempt2,phase2-full-grid-rerun-20260731-l4-l4-tp1-f2040-i32-o32-r10-rep2-seg1-attempt2-00080-0766f4b07c25,5,5,0,1,28774,server_token_ids,1785511570501028627,519.811694,75.886726,1,"""9"""
phase2-full-grid-rerun-20260731-l4-l4-tp1-f2040-i32-o32-r10-rep2-seg1-attempt2,phase2-full-grid-rerun-20260731-l4-l4-tp1-f2040-i32-o32-r10-rep2-seg1-attempt2-00080-0766f4b07c25,6,6,0,1,28725,server_token_ids,1785511570559361955,578.145022,58.333328,1,""","""
phase2-full-grid-rerun-20260731-l4-l4-tp1-f2040-i32-o32-r10-rep2-seg1-attempt2,phase2-full-grid-rerun-20260731-l4-l4-tp1-f2040-i32-o32-r10-rep2-seg1-attempt2-00080-0766f4b07c25,7,7,0,1,28705,server_token_ids,1785511570632728992,651.512059,73.367037,1,""" """
phase2-full-grid-rerun-20260731-l4-l4-tp1-f2040-i32-o32-r10-rep2-seg1-attempt2,phase2-full-grid-rerun-20260731-l4-l4-tp1-f2040-i32-o32-r10-rep2-seg1-attempt2-00080-0766f4b07c25,8,8,0,1,28750,server_token_ids,1785511570699624547,718.407614,66.895555,1,"""2"""
phase2-full-grid-rerun-20260731-l4-l4-tp1-f2040-i32-o32-r10-rep2-seg1-attempt2,phase2-full-grid-rerun-20260731-l4-l4-tp1-f2040-i32-o32-r10-rep2-seg1-attempt2-00080-0766f4b07c25,9,9,0,1,28734,server_token_ids,1785511570758624216,777.407283,58.999669,1,"""0"""
phase2-full-grid-rerun-20260731-l4-l4-tp1-f2040-i32-o32-r10-rep2-seg1-attempt2,phase2-full-grid-rerun-20260731-l4-l4-tp1-f2040-i32-o32-r10-rep2-seg1-attempt2-00080-0766f4b07c25,10,10,0,1,28734,server_token_ids,1785511570830337614,849.120681,71.713398,1,"""0"""
phase2-full-grid-rerun-20260731-l4-l4-tp1-f2040-i32-o32-r10-rep2-seg1-attempt2,phase2-full-grid-rerun-20260731-l4-l4-tp1-f2040-i32-o32-r10-rep2-seg1-attempt2-00080-0766f4b07c25,11,11,0,1,28734,server_token_ids,1785511570890365170,909.148237,60.027556,1,"""0"""
phase2-full-grid-rerun-20260731-l4-l4-tp1-f2040-i32-o32-r10-rep2-seg1-attempt2,phase2-full-grid-rerun-20260731-l4-l4-tp1-f2040-i32-o32-r10-rep2-seg1-attempt2-00080-0766f4b07c25,12,12,0,1,28725,server_token_ids,1785511570956780773,975.56384,66.415603,1,""","""
phase2-full-grid-rerun-20260731-l4-l4-tp1-f2040-i32-o32-r10-rep2-seg1-attempt2,phase2-full-grid-rerun-20260731-l4-l4-tp1-f2040-i32-o32-r10-rep2-seg1-attempt2-00080-0766f4b07c25,13,13,0,1,28705,server_token_ids,1785511571020999025,1039.782092,64.218252,1,""" """
phase2-full-grid-rerun-20260731-l4-l4-tp1-f2040-i32-o32-r10-rep2-seg1-attempt2,phase2-full-grid-rerun-20260731-l4-l4-tp1-f2040-i32-o32-r10-rep2-seg1-attempt2-00080-0766f4b07c25,14,14,0,1,28750,server_token_ids,1785511571089810821,1108.593888,68.811796,1,"""2"""
phase2-full-grid-rerun-20260731-l4-l4-tp1-f2040-i32-o32-r10-rep2-seg1-attempt2,phase2-full-grid-rerun-20260731-l4-l4-tp1-f2040-i32-o32-r10-rep2-seg1-attempt2-00080-0766f4b07c25,15,15,0,1,28734,server_token_ids,1785511571156718438,1175.501505,66.907617,1,"""0"""
phase2-full-grid-rerun-20260731-l4-l4-tp1-f2040-i32-o32-r10-rep2-seg1-attempt2,phase2-full-grid-rerun-20260731-l4-l4-tp1-f2040-i32-o32-r10-rep2-seg1-attempt2-00080-0766f4b07c25,16,16,0,1,28734,server_token_ids,1785511571220220606,1239.003673,63.502168,1,"""0"""
phase2-full-grid-rerun-20260731-l4-l4-tp1-f2040-i32-o32-r10-rep2-seg1-attempt2,phase2-full-grid-rerun-20260731-l4-l4-tp1-f2040-i32-o32-r10-rep2-seg1-attempt2-00080-0766f4b07c25,17,17,0,1,28740,server_token_ids,1785511571287446107,1306.229174,67.225501,1,"""1"""
phase2-full-grid-rerun-20260731-l4-l4-tp1-f2040-i32-o32-r10-rep2-seg1-attempt2,phase2-full-grid-rerun-20260731-l4-l4-tp1-f2040-i32-o32-r10-rep2-seg1-attempt2-00080-0766f4b07c25,18,18,0,1,28725,server_token_ids,1785511571355173379,1373.956446,67.727272,1,""","""
phase2-full-grid-rerun-20260731-l4-l4-tp1-f2040-i32-o32-r10-rep2-seg1-attempt2,phase2-full-grid-rerun-20260731-l4-l4-tp1-f2040-i32-o32-r10-rep2-seg1-attempt2-00080-0766f4b07c25,19,19,0,1,28705,server_token_ids,1785511571426830777,1445.613844,71.657398,1,""" """
phase2-full-grid-rerun-20260731-l4-l4-tp1-f2040-i32-o32-r10-rep2-seg1-attempt2,phase2-full-grid-rerun-20260731-l4-l4-tp1-f2040-i32-o32-r10-rep2-seg1-attempt2-00080-0766f4b07c25,20,20,0,1,28750,server_token_ids,1785511571487016121,1505.799188,60.185344,1,"""2"""
phase2-full-grid-rerun-20260731-l4-l4-tp1-f2040-i32-o32-r10-rep2-seg1-attempt2,phase2-full-grid-rerun-20260731-l4-l4-tp1-f2040-i32-o32-r10-rep2-seg1-attempt2-00080-0766f4b07c25,21,21,0,1,28734,server_token_ids,1785511571552444156,1571.227223,65.428035,1,"""0"""
phase2-full-grid-rerun-20260731-l4-l4-tp1-f2040-i32-o32-r10-rep2-seg1-attempt2,phase2-full-grid-rerun-20260731-l4-l4-tp1-f2040-i32-o32-r10-rep2-seg1-attempt2-00080-0766f4b07c25,22,22,0,1,28734,server_token_ids,1785511571617375079,1636.158146,64.930923,1,"""0"""
phase2-full-grid-rerun-20260731-l4-l4-tp1-f2040-i32-o32-r10-rep2-seg1-attempt2,phase2-full-grid-rerun-20260731-l4-l4-tp1-f2040-i32-o32-r10-rep2-seg1-attempt2-00080-0766f4b07c25,23,23,0,1,28750,server_token_ids,1785511571688622895,1707.405962,71.247816,1,"""2"""
phase2-full-grid-rerun-20260731-l4-l4-tp1-f2040-i32-o32-r10-rep2-seg1-attempt2,phase2-full-grid-rerun-20260731-l4-l4-tp1-f2040-i32-o32-r10-rep2-seg1-attempt2-00080-0766f4b07c25,24,24,0,1,28725,server_token_ids,1785511571760024094,1778.807161,71.401199,1,""","""
phase2-full-grid-rerun-20260731-l4-l4-tp1-f2040-i32-o32-r10-rep2-seg1-attempt2,phase2-full-grid-rerun-20260731-l4-l4-tp1-f2040-i32-o32-r10-rep2-seg1-attempt2-00080-0766f4b07c25,25,25,0,1,28705,server_token_ids,1785511571816450414,1835.233481,56.42632,1,""" """
phase2-full-grid-rerun-20260731-l4-l4-tp1-f2040-i32-o32-r10-rep2-seg1-attempt2,phase2-full-grid-rerun-20260731-l4-l4-tp1-f2040-i32-o32-r10-rep2-seg1-attempt2-00080-0766f4b07c25,26,26,0,1,28750,server_token_ids,1785511571887690393,1906.47346,71.239979,1,"""2"""
phase2-full-grid-rerun-20260731-l4-l4-tp1-f2040-i32-o32-r10-rep2-seg1-attempt2,phase2-full-grid-rerun-20260731-l4-l4-tp1-f2040-i32-o32-r10-rep2-seg1-attempt2-00080-0766f4b07c25,27,27,0,1,28734,server_token_ids,1785511571958084437,1976.867504,70.394044,1,"""0"""
phase2-full-grid-rerun-20260731-l4-l4-tp1-f2040-i32-o32-r10-rep2-seg1-attempt2,phase2-full-grid-rerun-20260731-l4-l4-tp1-f2040-i32-o32-r10-rep2-seg1-attempt2-00080-0766f4b07c25,28,28,0,1,28734,server_token_ids,1785511572015439566,2034.222633,57.355129,1,"""0"""
phase2-full-grid-rerun-20260731-l4-l4-tp1-f2040-i32-o32-r10-rep2-seg1-attempt2,phase2-full-grid-rerun-20260731-l4-l4-tp1-f2040-i32-o32-r10-rep2-seg1-attempt2-00080-0766f4b07c25,29,29,0,1,28770,server_token_ids,1785511572088915799,2107.698866,73.476233,1,"""3"""
phase2-full-grid-rerun-20260731-l4-l4-tp1-f2040-i32-o32-r10-rep2-seg1-attempt2,phase2-full-grid-rerun-20260731-l4-l4-tp1-f2040-i32-o32-r10-rep2-seg1-attempt2-00080-0766f4b07c25,30,30,0,1,28725,server_token_ids,1785511572152252810,2171.035877,63.337011,1,""","""
phase2-full-grid-rerun-20260731-l4-l4-tp1-f2040-i32-o32-r10-rep2-seg1-attempt2,phase2-full-grid-rerun-20260731-l4-l4-tp1-f2040-i32-o32-r10-rep2-seg1-attempt2-00080-0766f4b07c25,31,31,0,1,28705,server_token_ids,1785511572214533661,2233.316728,62.280851,1,""" """
phase2-full-grid-rerun-20260731-l4-l4-tp1-f2040-i32-o32-r10-rep2-seg1-attempt2,phase2-full-grid-rerun-20260731-l4-l4-tp1-f2040-i32-o32-r10-rep2-seg1-attempt2-00081-ca91844dedc1,0,0,0,1,13,server_token_ids,1785511570292559063,211.353648,,1,"""\n"""
phase2-full-grid-rerun-20260731-l4-l4-tp1-f2040-i32-o32-r10-rep2-seg1-attempt2,phase2-full-grid-rerun-20260731-l4-l4-tp1-f2040-i32-o32-r10-rep2-seg1-attempt2-00081-ca91844dedc1,1,1,0,1,13,server_token_ids,1785511570357264050,276.058635,64.704987,1,"""\n"""
phase2-full-grid-rerun-20260731-l4-l4-tp1-f2040-i32-o32-r10-rep2-seg1-attempt2,phase2-full-grid-rerun-20260731-l4-l4-tp1-f2040-i32-o32-r10-rep2-seg1-attempt2-00081-ca91844dedc1,2,2,0,1,28771,server_token_ids,1785511570423798084,342.592669,66.534034,1,"""#"""
phase2-full-grid-rerun-20260731-l4-l4-tp1-f2040-i32-o32-r10-rep2-seg1-attempt2,phase2-full-grid-rerun-20260731-l4-l4-tp1-f2040-i32-o32-r10-rep2-seg1-attempt2-00081-ca91844dedc1,3,3,0,1,415,server_token_ids,1785511570490957161,409.751746,67.159077,4,""" The"""
phase2-full-grid-rerun-20260731-l4-l4-tp1-f2040-i32-o32-r10-rep2-seg1-attempt2,phase2-full-grid-rerun-20260731-l4-l4-tp1-f2040-i32-o32-r10-rep2-seg1-attempt2-00081-ca91844dedc1,4,4,0,1,28705,server_token_ids,1785511570555619913,474.414498,64.662752,1,""" """
phase2-full-grid-rerun-20260731-l4-l4-tp1-f2040-i32-o32-r10-rep2-seg1-attempt2,phase2-full-grid-rerun-20260731-l4-l4-tp1-f2040-i32-o32-r10-rep2-seg1-attempt2-00081-ca91844dedc1,5,5,0,1,28740,server_token_ids,1785511570622299845,541.09443,66.679932,1,"""1"""
phase2-full-grid-rerun-20260731-l4-l4-tp1-f2040-i32-o32-r10-rep2-seg1-attempt2,phase2-full-grid-rerun-20260731-l4-l4-tp1-f2040-i32-o32-r10-rep2-seg1-attempt2-00081-ca91844dedc1,6,6,0,1,28734,server_token_ids,1785511570689524068,608.318653,67.224223,1,"""0"""
phase2-full-grid-rerun-20260731-l4-l4-tp1-f2040-i32-o32-r10-rep2-seg1-attempt2,phase2-full-grid-rerun-20260731-l4-l4-tp1-f2040-i32-o32-r10-rep2-seg1-attempt2-00081-ca91844dedc1,7,7,0,1,5470,server_token_ids,1785511570754313063,673.107648,64.788995,5,""" Best"""
phase2-full-grid-rerun-20260731-l4-l4-tp1-f2040-i32-o32-r10-rep2-seg1-attempt2,phase2-full-grid-rerun-20260731-l4-l4-tp1-f2040-i32-o32-r10-rep2-seg1-attempt2-00081-ca91844dedc1,8,8,0,1,1641,server_token_ids,1785511570820888480,739.683065,66.575417,3,""" Pl"""
phase2-full-grid-rerun-20260731-l4-l4-tp1-f2040-i32-o32-r10-rep2-seg1-attempt2,phase2-full-grid-rerun-20260731-l4-l4-tp1-f2040-i32-o32-r10-rep2-seg1-attempt2-00081-ca91844dedc1,9,9,0,1,2089,server_token_ids,1785511570888755012,807.549597,67.866532,4,"""aces"""
phase2-full-grid-rerun-20260731-l4-l4-tp1-f2040-i32-o32-r10-rep2-seg1-attempt2,phase2-full-grid-rerun-20260731-l4-l4-tp1-f2040-i32-o32-r10-rep2-seg1-attempt2-00081-ca91844dedc1,10,10,0,1,298,server_token_ids,1785511570952733697,871.528282,63.978685,3,""" to"""
phase2-full-grid-rerun-20260731-l4-l4-tp1-f2040-i32-o32-r10-rep2-seg1-attempt2,phase2-full-grid-rerun-20260731-l4-l4-tp1-f2040-i32-o32-r10-rep2-seg1-attempt2-00081-ca91844dedc1,11,11,0,1,16660,server_token_ids,1785511571019565007,938.359592,66.83131,6,""" Visit"""
phase2-full-grid-rerun-20260731-l4-l4-tp1-f2040-i32-o32-r10-rep2-seg1-attempt2,phase2-full-grid-rerun-20260731-l4-l4-tp1-f2040-i32-o32-r10-rep2-seg1-attempt2-00081-ca91844dedc1,12,12,0,1,297,server_token_ids,1785511571088711532,1007.506117,69.146525,3,""" in"""
phase2-full-grid-rerun-20260731-l4-l4-tp1-f2040-i32-o32-r10-rep2-seg1-attempt2,phase2-full-grid-rerun-20260731-l4-l4-tp1-f2040-i32-o32-r10-rep2-seg1-attempt2-00081-ca91844dedc1,13,13,0,1,272,server_token_ids,1785511571152159743,1070.954328,63.448211,4,""" the"""
phase2-full-grid-rerun-20260731-l4-l4-tp1-f2040-i32-o32-r10-rep2-seg1-attempt2,phase2-full-grid-rerun-20260731-l4-l4-tp1-f2040-i32-o32-r10-rep2-seg1-attempt2-00081-ca91844dedc1,14,14,0,1,3304,server_token_ids,1785511571218764064,1137.558649,66.604321,6,""" World"""
phase2-full-grid-rerun-20260731-l4-l4-tp1-f2040-i32-o32-r10-rep2-seg1-attempt2,phase2-full-grid-rerun-20260731-l4-l4-tp1-f2040-i32-o32-r10-rep2-seg1-attempt2-00081-ca91844dedc1,15,15,0,1,13,server_token_ids,1785511571286363874,1205.158459,67.59981,1,"""\n"""
phase2-full-grid-rerun-20260731-l4-l4-tp1-f2040-i32-o32-r10-rep2-seg1-attempt2,phase2-full-grid-rerun-20260731-l4-l4-tp1-f2040-i32-o32-r10-rep2-seg1-attempt2-00081-ca91844dedc1,16,16,0,1,13,server_token_ids,1785511571351171438,1269.966023,64.807564,1,"""\n"""
phase2-full-grid-rerun-20260731-l4-l4-tp1-f2040-i32-o32-r10-rep2-seg1-attempt2,phase2-full-grid-rerun-20260731-l4-l4-tp1-f2040-i32-o32-r10-rep2-seg1-attempt2-00081-ca91844dedc1,17,17,0,1,1064,server_token_ids,1785511571417417247,1336.211832,66.245809,2,"""##"""
phase2-full-grid-rerun-20260731-l4-l4-tp1-f2040-i32-o32-r10-rep2-seg1-attempt2,phase2-full-grid-rerun-20260731-l4-l4-tp1-f2040-i32-o32-r10-rep2-seg1-attempt2-00081-ca91844dedc1,18,18,0,1,28705,server_token_ids,1785511571486152412,1404.946997,68.735165,1,""" """
phase2-full-grid-rerun-20260731-l4-l4-tp1-f2040-i32-o32-r10-rep2-seg1-attempt2,phase2-full-grid-rerun-20260731-l4-l4-tp1-f2040-i32-o32-r10-rep2-seg1-attempt2-00081-ca91844dedc1,19,19,0,1,28740,server_token_ids,1785511571549055197,1467.849782,62.902785,1,"""1"""
phase2-full-grid-rerun-20260731-l4-l4-tp1-f2040-i32-o32-r10-rep2-seg1-attempt2,phase2-full-grid-rerun-20260731-l4-l4-tp1-f2040-i32-o32-r10-rep2-seg1-attempt2-00081-ca91844dedc1,20,20,0,1,28723,server_token_ids,1785511571615962384,1534.756969,66.907187,1,"""."""
phase2-full-grid-rerun-20260731-l4-l4-tp1-f2040-i32-o32-r10-rep2-seg1-attempt2,phase2-full-grid-rerun-20260731-l4-l4-tp1-f2040-i32-o32-r10-rep2-seg1-attempt2-00081-ca91844dedc1,21,21,0,1,5465,server_token_ids,1785511571686391423,1605.186008,70.429039,6,""" Paris"""
phase2-full-grid-rerun-20260731-l4-l4-tp1-f2040-i32-o32-r10-rep2-seg1-attempt2,phase2-full-grid-rerun-20260731-l4-l4-tp1-f2040-i32-o32-r10-rep2-seg1-attempt2-00081-ca91844dedc1,22,22,0,1,28725,server_token_ids,1785511571749601334,1668.395919,63.209911,1,""","""
phase2-full-grid-rerun-20260731-l4-l4-tp1-f2040-i32-o32-r10-rep2-seg1-attempt2,phase2-full-grid-rerun-20260731-l4-l4-tp1-f2040-i32-o32-r10-rep2-seg1-attempt2-00081-ca91844dedc1,23,23,0,1,4843,server_token_ids,1785511571814688783,1733.483368,65.087449,7,""" France"""
phase2-full-grid-rerun-20260731-l4-l4-tp1-f2040-i32-o32-r10-rep2-seg1-attempt2,phase2-full-grid-rerun-20260731-l4-l4-tp1-f2040-i32-o32-r10-rep2-seg1-attempt2-00081-ca91844dedc1,24,24,0,1,13,server_token_ids,1785511571886631076,1805.425661,71.942293,1,"""\n"""
phase2-full-grid-rerun-20260731-l4-l4-tp1-f2040-i32-o32-r10-rep2-seg1-attempt2,phase2-full-grid-rerun-20260731-l4-l4-tp1-f2040-i32-o32-r10-rep2-seg1-attempt2-00081-ca91844dedc1,25,25,0,1,13,server_token_ids,1785511571956344328,1875.138913,69.713252,1,"""\n"""
phase2-full-grid-rerun-20260731-l4-l4-tp1-f2040-i32-o32-r10-rep2-seg1-attempt2,phase2-full-grid-rerun-20260731-l4-l4-tp1-f2040-i32-o32-r10-rep2-seg1-attempt2-00081-ca91844dedc1,26,26,0,1,3916,server_token_ids,1785511572013843259,1932.637844,57.498931,3,"""Par"""
phase2-full-grid-rerun-20260731-l4-l4-tp1-f2040-i32-o32-r10-rep2-seg1-attempt2,phase2-full-grid-rerun-20260731-l4-l4-tp1-f2040-i32-o32-r10-rep2-seg1-attempt2-00081-ca91844dedc1,27,27,0,1,278,server_token_ids,1785511572079426745,1998.22133,65.583486,2,"""is"""
phase2-full-grid-rerun-20260731-l4-l4-tp1-f2040-i32-o32-r10-rep2-seg1-attempt2,phase2-full-grid-rerun-20260731-l4-l4-tp1-f2040-i32-o32-r10-rep2-seg1-attempt2-00081-ca91844dedc1,28,28,0,1,349,server_token_ids,1785511572147704930,2066.499515,68.278185,3,""" is"""
phase2-full-grid-rerun-20260731-l4-l4-tp1-f2040-i32-o32-r10-rep2-seg1-attempt2,phase2-full-grid-rerun-20260731-l4-l4-tp1-f2040-i32-o32-r10-rep2-seg1-attempt2-00081-ca91844dedc1,29,29,0,1,272,server_token_ids,1785511572213077278,2131.871863,65.372348,4,""" the"""
phase2-full-grid-rerun-20260731-l4-l4-tp1-f2040-i32-o32-r10-rep2-seg1-attempt2,phase2-full-grid-rerun-20260731-l4-l4-tp1-f2040-i32-o32-r10-rep2-seg1-attempt2-00081-ca91844dedc1,30,30,0,1,5565,server_token_ids,1785511572278534131,2197.328716,65.456853,8,""" capital"""
phase2-full-grid-rerun-20260731-l4-l4-tp1-f2040-i32-o32-r10-rep2-seg1-attempt2,phase2-full-grid-rerun-20260731-l4-l4-tp1-f2040-i32-o32-r10-rep2-seg1-attempt2-00081-ca91844dedc1,31,31,0,1,302,server_token_ids,1785511572346835256,2265.629841,68.301125,3,""" of"""
phase2-full-grid-rerun-20260731-l4-l4-tp1-f2040-i32-o32-r10-rep2-seg1-attempt2,phase2-full-grid-rerun-20260731-l4-l4-tp1-f2040-i32-o32-r10-rep2-seg1-attempt2-00082-24ef1cdc3df4,0,0,0,1,28706,server_token_ids,1785511570358713185,177.180079,,1,"""e"""
phase2-full-grid-rerun-20260731-l4-l4-tp1-f2040-i32-o32-r10-rep2-seg1-attempt2,phase2-full-grid-rerun-20260731-l4-l4-tp1-f2040-i32-o32-r10-rep2-seg1-attempt2-00082-24ef1cdc3df4,1,1,0,1,13,server_token_ids,1785511570425484094,243.950988,66.770909,1,"""\n"""
phase2-full-grid-rerun-20260731-l4-l4-tp1-f2040-i32-o32-r10-rep2-seg1-attempt2,phase2-full-grid-rerun-20260731-l4-l4-tp1-f2040-i32-o32-r10-rep2-seg1-attempt2-00082-24ef1cdc3df4,2,2,0,1,13,server_token_ids,1785511570501339960,319.806854,75.855866,1,"""\n"""
phase2-full-grid-rerun-20260731-l4-l4-tp1-f2040-i32-o32-r10-rep2-seg1-attempt2,phase2-full-grid-rerun-20260731-l4-l4-tp1-f2040-i32-o32-r10-rep2-seg1-attempt2-00082-24ef1cdc3df4,3,3,0,1,1064,server_token_ids,1785511570559676661,378.143555,58.336701,2,"""##"""
phase2-full-grid-rerun-20260731-l4-l4-tp1-f2040-i32-o32-r10-rep2-seg1-attempt2,phase2-full-grid-rerun-20260731-l4-l4-tp1-f2040-i32-o32-r10-rep2-seg1-attempt2-00082-24ef1cdc3df4,4,4,0,1,28705,server_token_ids,1785511570633033108,451.500002,73.356447,1,""" """
phase2-full-grid-rerun-20260731-l4-l4-tp1-f2040-i32-o32-r10-rep2-seg1-attempt2,phase2-full-grid-rerun-20260731-l4-l4-tp1-f2040-i32-o32-r10-rep2-seg1-attempt2-00082-24ef1cdc3df4,5,5,0,1,28740,server_token_ids,1785511570699960567,518.427461,66.927459,1,"""1"""
phase2-full-grid-rerun-20260731-l4-l4-tp1-f2040-i32-o32-r10-rep2-seg1-attempt2,phase2-full-grid-rerun-20260731-l4-l4-tp1-f2040-i32-o32-r10-rep2-seg1-attempt2-00082-24ef1cdc3df4,6,6,0,1,28723,server_token_ids,1785511570758928680,577.395574,58.968113,1,"""."""
phase2-full-grid-rerun-20260731-l4-l4-tp1-f2040-i32-o32-r10-rep2-seg1-attempt2,phase2-full-grid-rerun-20260731-l4-l4-tp1-f2040-i32-o32-r10-rep2-seg1-attempt2-00082-24ef1cdc3df4,7,7,0,1,23628,server_token_ids,1785511570830662633,649.129527,71.733953,13,""" Introduction"""
phase2-full-grid-rerun-20260731-l4-l4-tp1-f2040-i32-o32-r10-rep2-seg1-attempt2,phase2-full-grid-rerun-20260731-l4-l4-tp1-f2040-i32-o32-r10-rep2-seg1-attempt2-00082-24ef1cdc3df4,8,8,0,1,13,server_token_ids,1785511570890684256,709.15115,60.021623,1,"""\n"""
phase2-full-grid-rerun-20260731-l4-l4-tp1-f2040-i32-o32-r10-rep2-seg1-attempt2,phase2-full-grid-rerun-20260731-l4-l4-tp1-f2040-i32-o32-r10-rep2-seg1-attempt2-00082-24ef1cdc3df4,9,9,0,1,13,server_token_ids,1785511570957090409,775.557303,66.406153,1,"""\n"""
phase2-full-grid-rerun-20260731-l4-l4-tp1-f2040-i32-o32-r10-rep2-seg1-attempt2,phase2-full-grid-rerun-20260731-l4-l4-tp1-f2040-i32-o32-r10-rep2-seg1-attempt2-00082-24ef1cdc3df4,10,10,0,1,1014,server_token_ids,1785511571021438100,839.904994,64.347691,3,"""The"""
phase2-full-grid-rerun-20260731-l4-l4-tp1-f2040-i32-o32-r10-rep2-seg1-attempt2,phase2-full-grid-rerun-20260731-l4-l4-tp1-f2040-i32-o32-r10-rep2-seg1-attempt2-00082-24ef1cdc3df4,11,11,0,1,6032,server_token_ids,1785511571090026456,908.49335,68.588356,8,""" purpose"""
phase2-full-grid-rerun-20260731-l4-l4-tp1-f2040-i32-o32-r10-rep2-seg1-attempt2,phase2-full-grid-rerun-20260731-l4-l4-tp1-f2040-i32-o32-r10-rep2-seg1-attempt2-00082-24ef1cdc3df4,12,12,0,1,302,server_token_ids,1785511571156956035,975.422929,66.929579,3,""" of"""
phase2-full-grid-rerun-20260731-l4-l4-tp1-f2040-i32-o32-r10-rep2-seg1-attempt2,phase2-full-grid-rerun-20260731-l4-l4-tp1-f2040-i32-o32-r10-rep2-seg1-attempt2-00082-24ef1cdc3df4,13,13,0,1,456,server_token_ids,1785511571220456523,1038.923417,63.500488,5,""" this"""
phase2-full-grid-rerun-20260731-l4-l4-tp1-f2040-i32-o32-r10-rep2-seg1-attempt2,phase2-full-grid-rerun-20260731-l4-l4-tp1-f2040-i32-o32-r10-rep2-seg1-attempt2-00082-24ef1cdc3df4,14,14,0,1,3830,server_token_ids,1785511571289999650,1108.466544,69.543127,6,""" paper"""
phase2-full-grid-rerun-20260731-l4-l4-tp1-f2040-i32-o32-r10-rep2-seg1-attempt2,phase2-full-grid-rerun-20260731-l4-l4-tp1-f2040-i32-o32-r10-rep2-seg1-attempt2-00082-24ef1cdc3df4,15,15,0,1,349,server_token_ids,1785511571355490476,1173.95737,65.490826,3,""" is"""
phase2-full-grid-rerun-20260731-l4-l4-tp1-f2040-i32-o32-r10-rep2-seg1-attempt2,phase2-full-grid-rerun-20260731-l4-l4-tp1-f2040-i32-o32-r10-rep2-seg1-attempt2-00082-24ef1cdc3df4,16,16,0,1,298,server_token_ids,1785511571427129317,1245.596211,71.638841,3,""" to"""
phase2-full-grid-rerun-20260731-l4-l4-tp1-f2040-i32-o32-r10-rep2-seg1-attempt2,phase2-full-grid-rerun-20260731-l4-l4-tp1-f2040-i32-o32-r10-rep2-seg1-attempt2-00082-24ef1cdc3df4,17,17,0,1,3084,server_token_ids,1785511571487465916,1305.93281,60.336599,8,""" provide"""
phase2-full-grid-rerun-20260731-l4-l4-tp1-f2040-i32-o32-r10-rep2-seg1-attempt2,phase2-full-grid-rerun-20260731-l4-l4-tp1-f2040-i32-o32-r10-rep2-seg1-attempt2-00082-24ef1cdc3df4,18,18,0,1,264,server_token_ids,1785511571552684343,1371.151237,65.218427,2,""" a"""
phase2-full-grid-rerun-20260731-l4-l4-tp1-f2040-i32-o32-r10-rep2-seg1-attempt2,phase2-full-grid-rerun-20260731-l4-l4-tp1-f2040-i32-o32-r10-rep2-seg1-attempt2-00082-24ef1cdc3df4,19,19,0,1,15313,server_token_ids,1785511571617741565,1436.208459,65.057222,14,""" comprehensive"""
phase2-full-grid-rerun-20260731-l4-l4-tp1-f2040-i32-o32-r10-rep2-seg1-attempt2,phase2-full-grid-rerun-20260731-l4-l4-tp1-f2040-i32-o32-r10-rep2-seg1-attempt2-00082-24ef1cdc3df4,20,20,0,1,23094,server_token_ids,1785511571688772038,1507.238932,71.030473,9,""" overview"""
phase2-full-grid-rerun-20260731-l4-l4-tp1-f2040-i32-o32-r10-rep2-seg1-attempt2,phase2-full-grid-rerun-20260731-l4-l4-tp1-f2040-i32-o32-r10-rep2-seg1-attempt2-00082-24ef1cdc3df4,21,21,0,1,302,server_token_ids,1785511571762445207,1580.912101,73.673169,3,""" of"""
phase2-full-grid-rerun-20260731-l4-l4-tp1-f2040-i32-o32-r10-rep2-seg1-attempt2,phase2-full-grid-rerun-20260731-l4-l4-tp1-f2040-i32-o32-r10-rep2-seg1-attempt2-00082-24ef1cdc3df4,22,22,0,1,272,server_token_ids,1785511571816706054,1635.172948,54.260847,4,""" the"""
phase2-full-grid-rerun-20260731-l4-l4-tp1-f2040-i32-o32-r10-rep2-seg1-attempt2,phase2-full-grid-rerun-20260731-l4-l4-tp1-f2040-i32-o32-r10-rep2-seg1-attempt2-00082-24ef1cdc3df4,23,23,0,1,8092,server_token_ids,1785511571889365110,1707.832004,72.659056,9,""" Japanese"""
phase2-full-grid-rerun-20260731-l4-l4-tp1-f2040-i32-o32-r10-rep2-seg1-attempt2,phase2-full-grid-rerun-20260731-l4-l4-tp1-f2040-i32-o32-r10-rep2-seg1-attempt2-00082-24ef1cdc3df4,24,24,0,1,8725,server_token_ids,1785511571958392963,1776.859857,69.027853,8,""" economy"""
phase2-full-grid-rerun-20260731-l4-l4-tp1-f2040-i32-o32-r10-rep2-seg1-attempt2,phase2-full-grid-rerun-20260731-l4-l4-tp1-f2040-i32-o32-r10-rep2-seg1-attempt2-00082-24ef1cdc3df4,25,25,0,1,28725,server_token_ids,1785511572015770666,1834.23756,57.377703,1,""","""
phase2-full-grid-rerun-20260731-l4-l4-tp1-f2040-i32-o32-r10-rep2-seg1-attempt2,phase2-full-grid-rerun-20260731-l4-l4-tp1-f2040-i32-o32-r10-rep2-seg1-attempt2-00082-24ef1cdc3df4,26,26,0,1,395,server_token_ids,1785511572089243455,1907.710349,73.472789,5,""" with"""
phase2-full-grid-rerun-20260731-l4-l4-tp1-f2040-i32-o32-r10-rep2-seg1-attempt2,phase2-full-grid-rerun-20260731-l4-l4-tp1-f2040-i32-o32-r10-rep2-seg1-attempt2-00082-24ef1cdc3df4,27,27,0,1,264,server_token_ids,1785511572152574831,1971.041725,63.331376,2,""" a"""
phase2-full-grid-rerun-20260731-l4-l4-tp1-f2040-i32-o32-r10-rep2-seg1-attempt2,phase2-full-grid-rerun-20260731-l4-l4-tp1-f2040-i32-o32-r10-rep2-seg1-attempt2-00082-24ef1cdc3df4,28,28,0,1,3232,server_token_ids,1785511572214986312,2033.453206,62.411481,6,""" focus"""
phase2-full-grid-rerun-20260731-l4-l4-tp1-f2040-i32-o32-r10-rep2-seg1-attempt2,phase2-full-grid-rerun-20260731-l4-l4-tp1-f2040-i32-o32-r10-rep2-seg1-attempt2-00082-24ef1cdc3df4,29,29,0,1,356,server_token_ids,1785511572283272720,2101.739614,68.286408,3,""" on"""
phase2-full-grid-rerun-20260731-l4-l4-tp1-f2040-i32-o32-r10-rep2-seg1-attempt2,phase2-full-grid-rerun-20260731-l4-l4-tp1-f2040-i32-o32-r10-rep2-seg1-attempt2-00082-24ef1cdc3df4,30,30,0,1,272,server_token_ids,1785511572358103046,2176.56994,74.830326,4,""" the"""
phase2-full-grid-rerun-20260731-l4-l4-tp1-f2040-i32-o32-r10-rep2-seg1-attempt2,phase2-full-grid-rerun-20260731-l4-l4-tp1-f2040-i32-o32-r10-rep2-seg1-attempt2-00082-24ef1cdc3df4,31,31,0,1,1868,server_token_ids,1785511572413636335,2232.103229,55.533289,8,""" current"""
phase2-full-grid-rerun-20260731-l4-l4-tp1-f2040-i32-o32-r10-rep2-seg1-attempt2,phase2-full-grid-rerun-20260731-l4-l4-tp1-f2040-i32-o32-r10-rep2-seg1-attempt2-00083-1786c3ce27c9,0,0,0,1,288,server_token_ids,1785511570499235029,217.340534,,3,"""ing"""
phase2-full-grid-rerun-20260731-l4-l4-tp1-f2040-i32-o32-r10-rep2-seg1-attempt2,phase2-full-grid-rerun-20260731-l4-l4-tp1-f2040-i32-o32-r10-rep2-seg1-attempt2-00083-1786c3ce27c9,1,1,0,1,13,server_token_ids,1785511570556381524,274.487029,57.146495,1,"""\n"""
phase2-full-grid-rerun-20260731-l4-l4-tp1-f2040-i32-o32-r10-rep2-seg1-attempt2,phase2-full-grid-rerun-20260731-l4-l4-tp1-f2040-i32-o32-r10-rep2-seg1-attempt2-00083-1786c3ce27c9,2,2,0,1,13,server_token_ids,1785511570622673025,340.77853,66.291501,1,"""\n"""
phase2-full-grid-rerun-20260731-l4-l4-tp1-f2040-i32-o32-r10-rep2-seg1-attempt2,phase2-full-grid-rerun-20260731-l4-l4-tp1-f2040-i32-o32-r10-rep2-seg1-attempt2-00083-1786c3ce27c9,3,3,0,1,1064,server_token_ids,1785511570690009498,408.115003,67.336473,2,"""##"""
phase2-full-grid-rerun-20260731-l4-l4-tp1-f2040-i32-o32-r10-rep2-seg1-attempt2,phase2-full-grid-rerun-20260731-l4-l4-tp1-f2040-i32-o32-r10-rep2-seg1-attempt2-00083-1786c3ce27c9,4,4,0,1,28705,server_token_ids,1785511570757594159,475.699664,67.584661,1,""" """
phase2-full-grid-rerun-20260731-l4-l4-tp1-f2040-i32-o32-r10-rep2-seg1-attempt2,phase2-full-grid-rerun-20260731-l4-l4-tp1-f2040-i32-o32-r10-rep2-seg1-attempt2-00083-1786c3ce27c9,5,5,0,1,28740,server_token_ids,1785511570821242520,539.348025,63.648361,1,"""1"""
phase2-full-grid-rerun-20260731-l4-l4-tp1-f2040-i32-o32-r10-rep2-seg1-attempt2,phase2-full-grid-rerun-20260731-l4-l4-tp1-f2040-i32-o32-r10-rep2-seg1-attempt2-00083-1786c3ce27c9,6,6,0,1,28723,server_token_ids,1785511570889134865,607.24037,67.892345,1,"""."""
phase2-full-grid-rerun-20260731-l4-l4-tp1-f2040-i32-o32-r10-rep2-seg1-attempt2,phase2-full-grid-rerun-20260731-l4-l4-tp1-f2040-i32-o32-r10-rep2-seg1-attempt2-00083-1786c3ce27c9,7,7,0,1,23628,server_token_ids,1785511570955818968,673.924473,66.684103,13,""" Introduction"""
phase2-full-grid-rerun-20260731-l4-l4-tp1-f2040-i32-o32-r10-rep2-seg1-attempt2,phase2-full-grid-rerun-20260731-l4-l4-tp1-f2040-i32-o32-r10-rep2-seg1-attempt2-00083-1786c3ce27c9,8,8,0,1,13,server_token_ids,1785511571019989645,738.09515,64.170677,1,"""\n"""
phase2-full-grid-rerun-20260731-l4-l4-tp1-f2040-i32-o32-r10-rep2-seg1-attempt2,phase2-full-grid-rerun-20260731-l4-l4-tp1-f2040-i32-o32-r10-rep2-seg1-attempt2-00083-1786c3ce27c9,9,9,0,1,13,server_token_ids,1785511571089131504,807.237009,69.141859,1,"""\n"""
phase2-full-grid-rerun-20260731-l4-l4-tp1-f2040-i32-o32-r10-rep2-seg1-attempt2,phase2-full-grid-rerun-20260731-l4-l4-tp1-f2040-i32-o32-r10-rep2-seg1-attempt2-00083-1786c3ce27c9,10,10,0,1,1014,server_token_ids,1785511571152591815,870.69732,63.460311,3,"""The"""
phase2-full-grid-rerun-20260731-l4-l4-tp1-f2040-i32-o32-r10-rep2-seg1-attempt2,phase2-full-grid-rerun-20260731-l4-l4-tp1-f2040-i32-o32-r10-rep2-seg1-attempt2-00083-1786c3ce27c9,11,11,0,1,6503,server_token_ids,1785511571219165599,937.271104,66.573784,4,""" aim"""
phase2-full-grid-rerun-20260731-l4-l4-tp1-f2040-i32-o32-r10-rep2-seg1-attempt2,phase2-full-grid-rerun-20260731-l4-l4-tp1-f2040-i32-o32-r10-rep2-seg1-attempt2-00083-1786c3ce27c9,12,12,0,1,302,server_token_ids,1785511571286924240,1005.029745,67.758641,3,""" of"""
phase2-full-grid-rerun-20260731-l4-l4-tp1-f2040-i32-o32-r10-rep2-seg1-attempt2,phase2-full-grid-rerun-20260731-l4-l4-tp1-f2040-i32-o32-r10-rep2-seg1-attempt2-00083-1786c3ce27c9,13,13,0,1,456,server_token_ids,1785511571351510815,1069.61632,64.586575,5,""" this"""
phase2-full-grid-rerun-20260731-l4-l4-tp1-f2040-i32-o32-r10-rep2-seg1-attempt2,phase2-full-grid-rerun-20260731-l4-l4-tp1-f2040-i32-o32-r10-rep2-seg1-attempt2-00083-1786c3ce27c9,14,14,0,1,3830,server_token_ids,1785511571417910023,1136.015528,66.399208,6,""" paper"""
phase2-full-grid-rerun-20260731-l4-l4-tp1-f2040-i32-o32-r10-rep2-seg1-attempt2,phase2-full-grid-rerun-20260731-l4-l4-tp1-f2040-i32-o32-r10-rep2-seg1-attempt2-00083-1786c3ce27c9,15,15,0,1,349,server_token_ids,1785511571486404880,1204.510385,68.494857,3,""" is"""
phase2-full-grid-rerun-20260731-l4-l4-tp1-f2040-i32-o32-r10-rep2-seg1-attempt2,phase2-full-grid-rerun-20260731-l4-l4-tp1-f2040-i32-o32-r10-rep2-seg1-attempt2-00083-1786c3ce27c9,16,16,0,1,298,server_token_ids,1785511571551411949,1269.517454,65.007069,3,""" to"""
phase2-full-grid-rerun-20260731-l4-l4-tp1-f2040-i32-o32-r10-rep2-seg1-attempt2,phase2-full-grid-rerun-20260731-l4-l4-tp1-f2040-i32-o32-r10-rep2-seg1-attempt2-00083-1786c3ce27c9,17,17,0,1,2169,server_token_ids,1785511571616301075,1334.40658,64.889126,8,""" present"""
phase2-full-grid-rerun-20260731-l4-l4-tp1-f2040-i32-o32-r10-rep2-seg1-attempt2,phase2-full-grid-rerun-20260731-l4-l4-tp1-f2040-i32-o32-r10-rep2-seg1-attempt2-00083-1786c3ce27c9,18,18,0,1,264,server_token_ids,1785511571687914381,1406.019886,71.613306,2,""" a"""
phase2-full-grid-rerun-20260731-l4-l4-tp1-f2040-i32-o32-r10-rep2-seg1-attempt2,phase2-full-grid-rerun-20260731-l4-l4-tp1-f2040-i32-o32-r10-rep2-seg1-attempt2-00083-1786c3ce27c9,19,19,0,1,633,server_token_ids,1785511571759243543,1477.349048,71.329162,4,""" new"""
phase2-full-grid-rerun-20260731-l4-l4-tp1-f2040-i32-o32-r10-rep2-seg1-attempt2,phase2-full-grid-rerun-20260731-l4-l4-tp1-f2040-i32-o32-r10-rep2-seg1-attempt2-00083-1786c3ce27c9,20,20,0,1,2038,server_token_ids,1785511571815122401,1533.227906,55.878858,7,""" method"""
phase2-full-grid-rerun-20260731-l4-l4-tp1-f2040-i32-o32-r10-rep2-seg1-attempt2,phase2-full-grid-rerun-20260731-l4-l4-tp1-f2040-i32-o32-r10-rep2-seg1-attempt2-00083-1786c3ce27c9,21,21,0,1,354,server_token_ids,1785511571887069835,1605.17534,71.947434,4,""" for"""
phase2-full-grid-rerun-20260731-l4-l4-tp1-f2040-i32-o32-r10-rep2-seg1-attempt2,phase2-full-grid-rerun-20260731-l4-l4-tp1-f2040-i32-o32-r10-rep2-seg1-attempt2-00083-1786c3ce27c9,22,22,0,1,272,server_token_ids,1785511571956790953,1674.896458,69.721118,4,""" the"""
phase2-full-grid-rerun-20260731-l4-l4-tp1-f2040-i32-o32-r10-rep2-seg1-attempt2,phase2-full-grid-rerun-20260731-l4-l4-tp1-f2040-i32-o32-r10-rep2-seg1-attempt2-00083-1786c3ce27c9,23,23,0,1,20051,server_token_ids,1785511572014262353,1732.367858,57.4714,14,""" determination"""
phase2-full-grid-rerun-20260731-l4-l4-tp1-f2040-i32-o32-r10-rep2-seg1-attempt2,phase2-full-grid-rerun-20260731-l4-l4-tp1-f2040-i32-o32-r10-rep2-seg1-attempt2-00083-1786c3ce27c9,24,24,0,1,302,server_token_ids,1785511572079851153,1797.956658,65.5888,3,""" of"""
phase2-full-grid-rerun-20260731-l4-l4-tp1-f2040-i32-o32-r10-rep2-seg1-attempt2,phase2-full-grid-rerun-20260731-l4-l4-tp1-f2040-i32-o32-r10-rep2-seg1-attempt2-00083-1786c3ce27c9,25,25,0,1,272,server_token_ids,1785511572148114775,1866.22028,68.263622,4,""" the"""
phase2-full-grid-rerun-20260731-l4-l4-tp1-f2040-i32-o32-r10-rep2-seg1-attempt2,phase2-full-grid-rerun-20260731-l4-l4-tp1-f2040-i32-o32-r10-rep2-seg1-attempt2-00083-1786c3ce27c9,26,26,0,1,1474,server_token_ids,1785511572213494313,1931.599818,65.379538,7,""" number"""
phase2-full-grid-rerun-20260731-l4-l4-tp1-f2040-i32-o32-r10-rep2-seg1-attempt2,phase2-full-grid-rerun-20260731-l4-l4-tp1-f2040-i32-o32-r10-rep2-seg1-attempt2-00083-1786c3ce27c9,27,27,0,1,302,server_token_ids,1785511572278947473,1997.052978,65.45316,3,""" of"""
phase2-full-grid-rerun-20260731-l4-l4-tp1-f2040-i32-o32-r10-rep2-seg1-attempt2,phase2-full-grid-rerun-20260731-l4-l4-tp1-f2040-i32-o32-r10-rep2-seg1-attempt2-00083-1786c3ce27c9,28,28,0,1,13938,server_token_ids,1785511572347371584,2065.477089,68.424111,10,""" particles"""
phase2-full-grid-rerun-20260731-l4-l4-tp1-f2040-i32-o32-r10-rep2-seg1-attempt2,phase2-full-grid-rerun-20260731-l4-l4-tp1-f2040-i32-o32-r10-rep2-seg1-attempt2-00083-1786c3ce27c9,29,29,0,1,297,server_token_ids,1785511572412201512,2130.307017,64.829928,3,""" in"""
phase2-full-grid-rerun-20260731-l4-l4-tp1-f2040-i32-o32-r10-rep2-seg1-attempt2,phase2-full-grid-rerun-20260731-l4-l4-tp1-f2040-i32-o32-r10-rep2-seg1-attempt2-00083-1786c3ce27c9,30,30,0,1,264,server_token_ids,1785511572477832593,2195.938098,65.631081,2,""" a"""
phase2-full-grid-rerun-20260731-l4-l4-tp1-f2040-i32-o32-r10-rep2-seg1-attempt2,phase2-full-grid-rerun-20260731-l4-l4-tp1-f2040-i32-o32-r10-rep2-seg1-attempt2-00083-1786c3ce27c9,31,31,0,1,2078,server_token_ids,1785511572548572459,2266.677964,70.739866,6,""" given"""
phase2-full-grid-rerun-20260731-l4-l4-tp1-f2040-i32-o32-r10-rep2-seg1-attempt2,phase2-full-grid-rerun-20260731-l4-l4-tp1-f2040-i32-o32-r10-rep2-seg1-attempt2-00084-52748815dfeb,0,0,0,1,28723,server_token_ids,1785511570556600455,174.78369,,1,"""."""
phase2-full-grid-rerun-20260731-l4-l4-tp1-f2040-i32-o32-r10-rep2-seg1-attempt2,phase2-full-grid-rerun-20260731-l4-l4-tp1-f2040-i32-o32-r10-rep2-seg1-attempt2-00084-52748815dfeb,1,1,0,1,13,server_token_ids,1785511570632291667,250.474902,75.691212,1,"""\n"""
phase2-full-grid-rerun-20260731-l4-l4-tp1-f2040-i32-o32-r10-rep2-seg1-attempt2,phase2-full-grid-rerun-20260731-l4-l4-tp1-f2040-i32-o32-r10-rep2-seg1-attempt2-00084-52748815dfeb,2,2,0,1,13,server_token_ids,1785511570697811079,315.994314,65.519412,1,"""\n"""
phase2-full-grid-rerun-20260731-l4-l4-tp1-f2040-i32-o32-r10-rep2-seg1-attempt2,phase2-full-grid-rerun-20260731-l4-l4-tp1-f2040-i32-o32-r10-rep2-seg1-attempt2-00084-52748815dfeb,3,3,0,1,1064,server_token_ids,1785511570757765161,375.948396,59.954082,2,"""##"""
phase2-full-grid-rerun-20260731-l4-l4-tp1-f2040-i32-o32-r10-rep2-seg1-attempt2,phase2-full-grid-rerun-20260731-l4-l4-tp1-f2040-i32-o32-r10-rep2-seg1-attempt2-00084-52748815dfeb,4,4,0,1,28705,server_token_ids,1785511570821396098,439.579333,63.630937,1,""" """
phase2-full-grid-rerun-20260731-l4-l4-tp1-f2040-i32-o32-r10-rep2-seg1-attempt2,phase2-full-grid-rerun-20260731-l4-l4-tp1-f2040-i32-o32-r10-rep2-seg1-attempt2-00084-52748815dfeb,5,5,0,1,28740,server_token_ids,1785511570889296305,507.47954,67.900207,1,"""1"""
phase2-full-grid-rerun-20260731-l4-l4-tp1-f2040-i32-o32-r10-rep2-seg1-attempt2,phase2-full-grid-rerun-20260731-l4-l4-tp1-f2040-i32-o32-r10-rep2-seg1-attempt2-00084-52748815dfeb,6,6,0,1,28723,server_token_ids,1785511570955999253,574.182488,66.702948,1,"""."""
phase2-full-grid-rerun-20260731-l4-l4-tp1-f2040-i32-o32-r10-rep2-seg1-attempt2,phase2-full-grid-rerun-20260731-l4-l4-tp1-f2040-i32-o32-r10-rep2-seg1-attempt2-00084-52748815dfeb,7,7,0,1,23628,server_token_ids,1785511571020147903,638.331138,64.14865,13,""" Introduction"""
phase2-full-grid-rerun-20260731-l4-l4-tp1-f2040-i32-o32-r10-rep2-seg1-attempt2,phase2-full-grid-rerun-20260731-l4-l4-tp1-f2040-i32-o32-r10-rep2-seg1-attempt2-00084-52748815dfeb,8,8,0,1,13,server_token_ids,1785511571089420320,707.603555,69.272417,1,"""\n"""
phase2-full-grid-rerun-20260731-l4-l4-tp1-f2040-i32-o32-r10-rep2-seg1-attempt2,phase2-full-grid-rerun-20260731-l4-l4-tp1-f2040-i32-o32-r10-rep2-seg1-attempt2-00084-52748815dfeb,9,9,0,1,13,server_token_ids,1785511571152675854,770.859089,63.255534,1,"""\n"""
phase2-full-grid-rerun-20260731-l4-l4-tp1-f2040-i32-o32-r10-rep2-seg1-attempt2,phase2-full-grid-rerun-20260731-l4-l4-tp1-f2040-i32-o32-r10-rep2-seg1-attempt2-00084-52748815dfeb,10,10,0,1,1014,server_token_ids,1785511571219691878,837.875113,67.016024,3,"""The"""
phase2-full-grid-rerun-20260731-l4-l4-tp1-f2040-i32-o32-r10-rep2-seg1-attempt2,phase2-full-grid-rerun-20260731-l4-l4-tp1-f2040-i32-o32-r10-rep2-seg1-attempt2-00084-52748815dfeb,11,11,0,1,583,server_token_ids,1785511571287012455,905.19569,67.320577,2,""" _"""
phase2-full-grid-rerun-20260731-l4-l4-tp1-f2040-i32-o32-r10-rep2-seg1-attempt2,phase2-full-grid-rerun-20260731-l4-l4-tp1-f2040-i32-o32-r10-rep2-seg1-attempt2-00084-52748815dfeb,12,12,0,1,28765,server_token_ids,1785511571354306214,972.489449,67.293759,1,"""F"""
phase2-full-grid-rerun-20260731-l4-l4-tp1-f2040-i32-o32-r10-rep2-seg1-attempt2,phase2-full-grid-rerun-20260731-l4-l4-tp1-f2040-i32-o32-r10-rep2-seg1-attempt2-00084-52748815dfeb,13,13,0,1,18296,server_token_ids,1785511571426278794,1044.462029,71.97258,7,"""raction"""
phase2-full-grid-rerun-20260731-l4-l4-tp1-f2040-i32-o32-r10-rep2-seg1-attempt2,phase2-full-grid-rerun-20260731-l4-l4-tp1-f2040-i32-o32-r10-rep2-seg1-attempt2-00084-52748815dfeb,14,14,0,1,282,server_token_ids,1785511571486575374,1104.758609,60.29658,2,"""al"""
phase2-full-grid-rerun-20260731-l4-l4-tp1-f2040-i32-o32-r10-rep2-seg1-attempt2,phase2-full-grid-rerun-20260731-l4-l4-tp1-f2040-i32-o32-r10-rep2-seg1-attempt2-00084-52748815dfeb,15,15,0,1,3885,server_token_ids,1785511571551605586,1169.788821,65.030212,6,""" State"""
phase2-full-grid-rerun-20260731-l4-l4-tp1-f2040-i32-o32-r10-rep2-seg1-attempt2,phase2-full-grid-rerun-20260731-l4-l4-tp1-f2040-i32-o32-r10-rep2-seg1-attempt2-00084-52748815dfeb,16,16,0,1,28730,server_token_ids,1785511571616456231,1234.639466,64.850645,1,"""_"""
phase2-full-grid-rerun-20260731-l4-l4-tp1-f2040-i32-o32-r10-rep2-seg1-attempt2,phase2-full-grid-rerun-20260731-l4-l4-tp1-f2040-i32-o32-r10-rep2-seg1-attempt2-00084-52748815dfeb,17,17,0,1,302,server_token_ids,1785511571688161748,1306.344983,71.705517,3,""" of"""
phase2-full-grid-rerun-20260731-l4-l4-tp1-f2040-i32-o32-r10-rep2-seg1-attempt2,phase2-full-grid-rerun-20260731-l4-l4-tp1-f2040-i32-o32-r10-rep2-seg1-attempt2-00084-52748815dfeb,18,18,0,1,272,server_token_ids,1785511571759562022,1377.745257,71.400274,4,""" the"""
phase2-full-grid-rerun-20260731-l4-l4-tp1-f2040-i32-o32-r10-rep2-seg1-attempt2,phase2-full-grid-rerun-20260731-l4-l4-tp1-f2040-i32-o32-r10-rep2-seg1-attempt2-00084-52748815dfeb,19,19,0,1,1524,server_token_ids,1785511571815781693,1433.964928,56.219671,4,""" art"""
phase2-full-grid-rerun-20260731-l4-l4-tp1-f2040-i32-o32-r10-rep2-seg1-attempt2,phase2-full-grid-rerun-20260731-l4-l4-tp1-f2040-i32-o32-r10-rep2-seg1-attempt2-00084-52748815dfeb,20,20,0,1,349,server_token_ids,1785511571887303672,1505.486907,71.521979,3,""" is"""
phase2-full-grid-rerun-20260731-l4-l4-tp1-f2040-i32-o32-r10-rep2-seg1-attempt2,phase2-full-grid-rerun-20260731-l4-l4-tp1-f2040-i32-o32-r10-rep2-seg1-attempt2-00084-52748815dfeb,21,21,0,1,264,server_token_ids,1785511571957553526,1575.736761,70.249854,2,""" a"""
phase2-full-grid-rerun-20260731-l4-l4-tp1-f2040-i32-o32-r10-rep2-seg1-attempt2,phase2-full-grid-rerun-20260731-l4-l4-tp1-f2040-i32-o32-r10-rep2-seg1-attempt2-00084-52748815dfeb,22,22,0,1,1215,server_token_ids,1785511572014971489,1633.154724,57.417963,5,""" very"""
phase2-full-grid-rerun-20260731-l4-l4-tp1-f2040-i32-o32-r10-rep2-seg1-attempt2,phase2-full-grid-rerun-20260731-l4-l4-tp1-f2040-i32-o32-r10-rep2-seg1-attempt2-00084-52748815dfeb,23,23,0,1,2278,server_token_ids,1785511572087122644,1705.305879,72.151155,10,""" important"""
phase2-full-grid-rerun-20260731-l4-l4-tp1-f2040-i32-o32-r10-rep2-seg1-attempt2,phase2-full-grid-rerun-20260731-l4-l4-tp1-f2040-i32-o32-r10-rep2-seg1-attempt2-00084-52748815dfeb,24,24,0,1,5935,server_token_ids,1785511572148954268,1767.137503,61.831624,8,""" concept"""
phase2-full-grid-rerun-20260731-l4-l4-tp1-f2040-i32-o32-r10-rep2-seg1-attempt2,phase2-full-grid-rerun-20260731-l4-l4-tp1-f2040-i32-o32-r10-rep2-seg1-attempt2-00084-52748815dfeb,25,25,0,1,297,server_token_ids,1785511572214090575,1832.27381,65.136307,3,""" in"""
phase2-full-grid-rerun-20260731-l4-l4-tp1-f2040-i32-o32-r10-rep2-seg1-attempt2,phase2-full-grid-rerun-20260731-l4-l4-tp1-f2040-i32-o32-r10-rep2-seg1-attempt2-00084-52748815dfeb,26,26,0,1,272,server_token_ids,1785511572279440370,1897.623605,65.349795,4,""" the"""
phase2-full-grid-rerun-20260731-l4-l4-tp1-f2040-i32-o32-r10-rep2-seg1-attempt2,phase2-full-grid-rerun-20260731-l4-l4-tp1-f2040-i32-o32-r10-rep2-seg1-attempt2-00084-52748815dfeb,27,27,0,1,1834,server_token_ids,1785511572357364231,1975.547466,77.923861,6,""" field"""
phase2-full-grid-rerun-20260731-l4-l4-tp1-f2040-i32-o32-r10-rep2-seg1-attempt2,phase2-full-grid-rerun-20260731-l4-l4-tp1-f2040-i32-o32-r10-rep2-seg1-attempt2-00084-52748815dfeb,28,28,0,1,302,server_token_ids,1785511572412882137,2031.065372,55.517906,3,""" of"""
phase2-full-grid-rerun-20260731-l4-l4-tp1-f2040-i32-o32-r10-rep2-seg1-attempt2,phase2-full-grid-rerun-20260731-l4-l4-tp1-f2040-i32-o32-r10-rep2-seg1-attempt2-00084-52748815dfeb,29,29,0,1,16872,server_token_ids,1785511572478453312,2096.636547,65.571175,9,""" mathemat"""
phase2-full-grid-rerun-20260731-l4-l4-tp1-f2040-i32-o32-r10-rep2-seg1-attempt2,phase2-full-grid-rerun-20260731-l4-l4-tp1-f2040-i32-o32-r10-rep2-seg1-attempt2-00084-52748815dfeb,30,30,0,1,1063,server_token_ids,1785511572555937387,2174.120622,77.484075,3,"""ics"""
phase2-full-grid-rerun-20260731-l4-l4-tp1-f2040-i32-o32-r10-rep2-seg1-attempt2,phase2-full-grid-rerun-20260731-l4-l4-tp1-f2040-i32-o32-r10-rep2-seg1-attempt2-00084-52748815dfeb,31,31,0,1,28723,server_token_ids,1785511572611718704,2229.901939,55.781317,1,"""."""
phase2-full-grid-rerun-20260731-l4-l4-tp1-f2040-i32-o32-r10-rep2-seg1-attempt2,phase2-full-grid-rerun-20260731-l4-l4-tp1-f2040-i32-o32-r10-rep2-seg1-attempt2-00085-1b6596d91318,0,0,0,1,424,server_token_ids,1785511570698232691,216.401298,,2,"""te"""
phase2-full-grid-rerun-20260731-l4-l4-tp1-f2040-i32-o32-r10-rep2-seg1-attempt2,phase2-full-grid-rerun-20260731-l4-l4-tp1-f2040-i32-o32-r10-rep2-seg1-attempt2-00085-1b6596d91318,1,1,0,1,274,server_token_ids,1785511570758541667,276.710274,60.308976,2,"""es"""
phase2-full-grid-rerun-20260731-l4-l4-tp1-f2040-i32-o32-r10-rep2-seg1-attempt2,phase2-full-grid-rerun-20260731-l4-l4-tp1-f2040-i32-o32-r10-rep2-seg1-attempt2-00085-1b6596d91318,2,2,0,1,13,server_token_ids,1785511570830253592,348.422199,71.711925,1,"""\n"""
phase2-full-grid-rerun-20260731-l4-l4-tp1-f2040-i32-o32-r10-rep2-seg1-attempt2,phase2-full-grid-rerun-20260731-l4-l4-tp1-f2040-i32-o32-r10-rep2-seg1-attempt2-00085-1b6596d91318,3,3,0,1,13,server_token_ids,1785511570890287168,408.455775,60.033576,1,"""\n"""
phase2-full-grid-rerun-20260731-l4-l4-tp1-f2040-i32-o32-r10-rep2-seg1-attempt2,phase2-full-grid-rerun-20260731-l4-l4-tp1-f2040-i32-o32-r10-rep2-seg1-attempt2-00085-1b6596d91318,4,4,0,1,1064,server_token_ids,1785511570956702087,474.870694,66.414919,2,"""##"""
phase2-full-grid-rerun-20260731-l4-l4-tp1-f2040-i32-o32-r10-rep2-seg1-attempt2,phase2-full-grid-rerun-20260731-l4-l4-tp1-f2040-i32-o32-r10-rep2-seg1-attempt2-00085-1b6596d91318,5,5,0,1,28705,server_token_ids,1785511571020919391,539.087998,64.217304,1,""" """
phase2-full-grid-rerun-20260731-l4-l4-tp1-f2040-i32-o32-r10-rep2-seg1-attempt2,phase2-full-grid-rerun-20260731-l4-l4-tp1-f2040-i32-o32-r10-rep2-seg1-attempt2-00085-1b6596d91318,6,6,0,1,28740,server_token_ids,1785511571089741035,607.909642,68.821644,1,"""1"""
phase2-full-grid-rerun-20260731-l4-l4-tp1-f2040-i32-o32-r10-rep2-seg1-attempt2,phase2-full-grid-rerun-20260731-l4-l4-tp1-f2040-i32-o32-r10-rep2-seg1-attempt2-00085-1b6596d91318,7,7,0,1,28723,server_token_ids,1785511571156638519,674.807126,66.897484,1,"""."""
phase2-full-grid-rerun-20260731-l4-l4-tp1-f2040-i32-o32-r10-rep2-seg1-attempt2,phase2-full-grid-rerun-20260731-l4-l4-tp1-f2040-i32-o32-r10-rep2-seg1-attempt2-00085-1b6596d91318,8,8,0,1,23628,server_token_ids,1785511571220140312,738.308919,63.501793,13,""" Introduction"""
phase2-full-grid-rerun-20260731-l4-l4-tp1-f2040-i32-o32-r10-rep2-seg1-attempt2,phase2-full-grid-rerun-20260731-l4-l4-tp1-f2040-i32-o32-r10-rep2-seg1-attempt2-00085-1b6596d91318,9,9,0,1,13,server_token_ids,1785511571287379442,805.548049,67.23913,1,"""\n"""
phase2-full-grid-rerun-20260731-l4-l4-tp1-f2040-i32-o32-r10-rep2-seg1-attempt2,phase2-full-grid-rerun-20260731-l4-l4-tp1-f2040-i32-o32-r10-rep2-seg1-attempt2-00085-1b6596d91318,10,10,0,1,13,server_token_ids,1785511571355098350,873.266957,67.718908,1,"""\n"""
phase2-full-grid-rerun-20260731-l4-l4-tp1-f2040-i32-o32-r10-rep2-seg1-attempt2,phase2-full-grid-rerun-20260731-l4-l4-tp1-f2040-i32-o32-r10-rep2-seg1-attempt2-00085-1b6596d91318,11,11,0,1,1014,server_token_ids,1785511571426749098,944.917705,71.650748,3,"""The"""
phase2-full-grid-rerun-20260731-l4-l4-tp1-f2040-i32-o32-r10-rep2-seg1-attempt2,phase2-full-grid-rerun-20260731-l4-l4-tp1-f2040-i32-o32-r10-rep2-seg1-attempt2-00085-1b6596d91318,12,12,0,1,6032,server_token_ids,1785511571486940847,1005.109454,60.191749,8,""" purpose"""
phase2-full-grid-rerun-20260731-l4-l4-tp1-f2040-i32-o32-r10-rep2-seg1-attempt2,phase2-full-grid-rerun-20260731-l4-l4-tp1-f2040-i32-o32-r10-rep2-seg1-attempt2-00085-1b6596d91318,13,13,0,1,302,server_token_ids,1785511571552368210,1070.536817,65.427363,3,""" of"""
phase2-full-grid-rerun-20260731-l4-l4-tp1-f2040-i32-o32-r10-rep2-seg1-attempt2,phase2-full-grid-rerun-20260731-l4-l4-tp1-f2040-i32-o32-r10-rep2-seg1-attempt2-00085-1b6596d91318,14,14,0,1,456,server_token_ids,1785511571617292785,1135.461392,64.924575,5,""" this"""
phase2-full-grid-rerun-20260731-l4-l4-tp1-f2040-i32-o32-r10-rep2-seg1-attempt2,phase2-full-grid-rerun-20260731-l4-l4-tp1-f2040-i32-o32-r10-rep2-seg1-attempt2-00085-1b6596d91318,15,15,0,1,3248,server_token_ids,1785511571688548873,1206.71748,71.256088,9,""" document"""
phase2-full-grid-rerun-20260731-l4-l4-tp1-f2040-i32-o32-r10-rep2-seg1-attempt2,phase2-full-grid-rerun-20260731-l4-l4-tp1-f2040-i32-o32-r10-rep2-seg1-attempt2-00085-1b6596d91318,16,16,0,1,349,server_token_ids,1785511571759948200,1278.116807,71.399327,3,""" is"""
phase2-full-grid-rerun-20260731-l4-l4-tp1-f2040-i32-o32-r10-rep2-seg1-attempt2,phase2-full-grid-rerun-20260731-l4-l4-tp1-f2040-i32-o32-r10-rep2-seg1-attempt2-00085-1b6596d91318,17,17,0,1,298,server_token_ids,1785511571816365298,1334.533905,56.417098,3,""" to"""
phase2-full-grid-rerun-20260731-l4-l4-tp1-f2040-i32-o32-r10-rep2-seg1-attempt2,phase2-full-grid-rerun-20260731-l4-l4-tp1-f2040-i32-o32-r10-rep2-seg1-attempt2-00085-1b6596d91318,18,18,0,1,3084,server_token_ids,1785511571887615759,1405.784366,71.250461,8,""" provide"""
phase2-full-grid-rerun-20260731-l4-l4-tp1-f2040-i32-o32-r10-rep2-seg1-attempt2,phase2-full-grid-rerun-20260731-l4-l4-tp1-f2040-i32-o32-r10-rep2-seg1-attempt2-00085-1b6596d91318,19,19,0,1,264,server_token_ids,1785511571958007011,1476.175618,70.391252,2,""" a"""
phase2-full-grid-rerun-20260731-l4-l4-tp1-f2040-i32-o32-r10-rep2-seg1-attempt2,phase2-full-grid-rerun-20260731-l4-l4-tp1-f2040-i32-o32-r10-rep2-seg1-attempt2-00085-1b6596d91318,20,20,0,1,6817,server_token_ids,1785511572015349127,1533.517734,57.342116,6,""" brief"""
phase2-full-grid-rerun-20260731-l4-l4-tp1-f2040-i32-o32-r10-rep2-seg1-attempt2,phase2-full-grid-rerun-20260731-l4-l4-tp1-f2040-i32-o32-r10-rep2-seg1-attempt2-00085-1b6596d91318,21,21,0,1,23094,server_token_ids,1785511572088822539,1606.991146,73.473412,9,""" overview"""
phase2-full-grid-rerun-20260731-l4-l4-tp1-f2040-i32-o32-r10-rep2-seg1-attempt2,phase2-full-grid-rerun-20260731-l4-l4-tp1-f2040-i32-o32-r10-rep2-seg1-attempt2-00085-1b6596d91318,22,22,0,1,302,server_token_ids,1785511572152169206,1670.337813,63.346667,3,""" of"""
phase2-full-grid-rerun-20260731-l4-l4-tp1-f2040-i32-o32-r10-rep2-seg1-attempt2,phase2-full-grid-rerun-20260731-l4-l4-tp1-f2040-i32-o32-r10-rep2-seg1-attempt2-00085-1b6596d91318,23,23,0,1,272,server_token_ids,1785511572214437487,1732.606094,62.268281,4,""" the"""
phase2-full-grid-rerun-20260731-l4-l4-tp1-f2040-i32-o32-r10-rep2-seg1-attempt2,phase2-full-grid-rerun-20260731-l4-l4-tp1-f2040-i32-o32-r10-rep2-seg1-attempt2-00085-1b6596d91318,24,24,0,1,399,server_token_ids,1785511572282943428,1801.112035,68.505941,2,""" R"""
phase2-full-grid-rerun-20260731-l4-l4-tp1-f2040-i32-o32-r10-rep2-seg1-attempt2,phase2-full-grid-rerun-20260731-l4-l4-tp1-f2040-i32-o32-r10-rep2-seg1-attempt2-00085-1b6596d91318,25,25,0,1,1251,server_token_ids,1785511572357795870,1875.964477,74.852442,2,"""AN"""
phase2-full-grid-rerun-20260731-l4-l4-tp1-f2040-i32-o32-r10-rep2-seg1-attempt2,phase2-full-grid-rerun-20260731-l4-l4-tp1-f2040-i32-o32-r10-rep2-seg1-attempt2-00085-1b6596d91318,26,26,0,1,4960,server_token_ids,1785511572413309602,1931.478209,55.513732,3,""" Lu"""
phase2-full-grid-rerun-20260731-l4-l4-tp1-f2040-i32-o32-r10-rep2-seg1-attempt2,phase2-full-grid-rerun-20260731-l4-l4-tp1-f2040-i32-o32-r10-rep2-seg1-attempt2-00085-1b6596d91318,27,27,0,1,4977,server_token_ids,1785511572478878037,1997.046644,65.568435,5,"""empty"""
phase2-full-grid-rerun-20260731-l4-l4-tp1-f2040-i32-o32-r10-rep2-seg1-attempt2,phase2-full-grid-rerun-20260731-l4-l4-tp1-f2040-i32-o32-r10-rep2-seg1-attempt2-00085-1b6596d91318,28,28,0,1,4994,server_token_ids,1785511572556341960,2074.510567,77.463923,7,""" models"""
phase2-full-grid-rerun-20260731-l4-l4-tp1-f2040-i32-o32-r10-rep2-seg1-attempt2,phase2-full-grid-rerun-20260731-l4-l4-tp1-f2040-i32-o32-r10-rep2-seg1-attempt2-00085-1b6596d91318,29,29,0,1,5011,server_token_ids,1785511572612251554,2130.420161,55.909594,3,"""cia"""
phase2-full-grid-rerun-20260731-l4-l4-tp1-f2040-i32-o32-r10-rep2-seg1-attempt2,phase2-full-grid-rerun-20260731-l4-l4-tp1-f2040-i32-o32-r10-rep2-seg1-attempt2-00085-1b6596d91318,30,30,0,1,5028,server_token_ids,1785511572677548722,2195.717329,65.297168,5,""" unit"""
phase2-full-grid-rerun-20260731-l4-l4-tp1-f2040-i32-o32-r10-rep2-seg1-attempt2,phase2-full-grid-rerun-20260731-l4-l4-tp1-f2040-i32-o32-r10-rep2-seg1-attempt2-00085-1b6596d91318,31,31,0,1,5045,server_token_ids,1785511572747744778,2265.913385,70.196056,5,""" blue"""
phase2-full-grid-rerun-20260731-l4-l4-tp1-f2040-i32-o32-r10-rep2-seg1-attempt2,phase2-full-grid-rerun-20260731-l4-l4-tp1-f2040-i32-o32-r10-rep2-seg1-attempt2-00086-8d55628ab63f,0,0,0,1,28739,server_token_ids,1785511570754513794,173.059405,,1,"""\"""""
phase2-full-grid-rerun-20260731-l4-l4-tp1-f2040-i32-o32-r10-rep2-seg1-attempt2,phase2-full-grid-rerun-20260731-l4-l4-tp1-f2040-i32-o32-r10-rep2-seg1-attempt2-00086-8d55628ab63f,1,1,0,1,13,server_token_ids,1785511570821075830,239.621441,66.562036,1,"""\n"""
phase2-full-grid-rerun-20260731-l4-l4-tp1-f2040-i32-o32-r10-rep2-seg1-attempt2,phase2-full-grid-rerun-20260731-l4-l4-tp1-f2040-i32-o32-r10-rep2-seg1-attempt2-00086-8d55628ab63f,2,2,0,1,13,server_token_ids,1785511570888962325,307.507936,67.886495,1,"""\n"""
phase2-full-grid-rerun-20260731-l4-l4-tp1-f2040-i32-o32-r10-rep2-seg1-attempt2,phase2-full-grid-rerun-20260731-l4-l4-tp1-f2040-i32-o32-r10-rep2-seg1-attempt2-00086-8d55628ab63f,3,3,0,1,28771,server_token_ids,1785511570952920317,371.465928,63.957992,1,"""#"""
phase2-full-grid-rerun-20260731-l4-l4-tp1-f2040-i32-o32-r10-rep2-seg1-attempt2,phase2-full-grid-rerun-20260731-l4-l4-tp1-f2040-i32-o32-r10-rep2-seg1-attempt2-00086-8d55628ab63f,4,4,0,1,28705,server_token_ids,1785511571019744451,438.290062,66.824134,1,""" """
phase2-full-grid-rerun-20260731-l4-l4-tp1-f2040-i32-o32-r10-rep2-seg1-attempt2,phase2-full-grid-rerun-20260731-l4-l4-tp1-f2040-i32-o32-r10-rep2-seg1-attempt2-00086-8d55628ab63f,5,5,0,1,28740,server_token_ids,1785511571088889292,507.434903,69.144841,1,"""1"""
phase2-full-grid-rerun-20260731-l4-l4-tp1-f2040-i32-o32-r10-rep2-seg1-attempt2,phase2-full-grid-rerun-20260731-l4-l4-tp1-f2040-i32-o32-r10-rep2-seg1-attempt2-00086-8d55628ab63f,6,6,0,1,28723,server_token_ids,1785511571152333391,570.879002,63.444099,1,"""."""
phase2-full-grid-rerun-20260731-l4-l4-tp1-f2040-i32-o32-r10-rep2-seg1-attempt2,phase2-full-grid-rerun-20260731-l4-l4-tp1-f2040-i32-o32-r10-rep2-seg1-attempt2-00086-8d55628ab63f,7,7,0,1,23628,server_token_ids,1785511571218930447,637.476058,66.597056,13,""" Introduction"""
phase2-full-grid-rerun-20260731-l4-l4-tp1-f2040-i32-o32-r10-rep2-seg1-attempt2,phase2-full-grid-rerun-20260731-l4-l4-tp1-f2040-i32-o32-r10-rep2-seg1-attempt2-00086-8d55628ab63f,8,8,0,1,13,server_token_ids,1785511571286542252,705.087863,67.611805,1,"""\n"""
phase2-full-grid-rerun-20260731-l4-l4-tp1-f2040-i32-o32-r10-rep2-seg1-attempt2,phase2-full-grid-rerun-20260731-l4-l4-tp1-f2040-i32-o32-r10-rep2-seg1-attempt2-00086-8d55628ab63f,9,9,0,1,13,server_token_ids,1785511571351336097,769.881708,64.793845,1,"""\n"""
phase2-full-grid-rerun-20260731-l4-l4-tp1-f2040-i32-o32-r10-rep2-seg1-attempt2,phase2-full-grid-rerun-20260731-l4-l4-tp1-f2040-i32-o32-r10-rep2-seg1-attempt2-00086-8d55628ab63f,10,10,0,1,1014,server_token_ids,1785511571417738375,836.283986,66.402278,3,"""The"""
phase2-full-grid-rerun-20260731-l4-l4-tp1-f2040-i32-o32-r10-rep2-seg1-attempt2,phase2-full-grid-rerun-20260731-l4-l4-tp1-f2040-i32-o32-r10-rep2-seg1-attempt2-00086-8d55628ab63f,11,11,0,1,6503,server_token_ids,1785511571486236651,904.782262,68.498276,4,""" aim"""
phase2-full-grid-rerun-20260731-l4-l4-tp1-f2040-i32-o32-r10-rep2-seg1-attempt2,phase2-full-grid-rerun-20260731-l4-l4-tp1-f2040-i32-o32-r10-rep2-seg1-attempt2-00086-8d55628ab63f,12,12,0,1,302,server_token_ids,1785511571549145019,967.69063,62.908368,3,""" of"""
phase2-full-grid-rerun-20260731-l4-l4-tp1-f2040-i32-o32-r10-rep2-seg1-attempt2,phase2-full-grid-rerun-20260731-l4-l4-tp1-f2040-i32-o32-r10-rep2-seg1-attempt2-00086-8d55628ab63f,13,13,0,1,456,server_token_ids,1785511571616051173,1034.596784,66.906154,5,""" this"""
phase2-full-grid-rerun-20260731-l4-l4-tp1-f2040-i32-o32-r10-rep2-seg1-attempt2,phase2-full-grid-rerun-20260731-l4-l4-tp1-f2040-i32-o32-r10-rep2-seg1-attempt2-00086-8d55628ab63f,14,14,0,1,3830,server_token_ids,1785511571686487881,1105.033492,70.436708,6,""" paper"""
phase2-full-grid-rerun-20260731-l4-l4-tp1-f2040-i32-o32-r10-rep2-seg1-attempt2,phase2-full-grid-rerun-20260731-l4-l4-tp1-f2040-i32-o32-r10-rep2-seg1-attempt2-00086-8d55628ab63f,15,15,0,1,349,server_token_ids,1785511571749686346,1168.231957,63.198465,3,""" is"""
phase2-full-grid-rerun-20260731-l4-l4-tp1-f2040-i32-o32-r10-rep2-seg1-attempt2,phase2-full-grid-rerun-20260731-l4-l4-tp1-f2040-i32-o32-r10-rep2-seg1-attempt2-00086-8d55628ab63f,16,16,0,1,298,server_token_ids,1785511571814782742,1233.328353,65.096396,3,""" to"""
phase2-full-grid-rerun-20260731-l4-l4-tp1-f2040-i32-o32-r10-rep2-seg1-attempt2,phase2-full-grid-rerun-20260731-l4-l4-tp1-f2040-i32-o32-r10-rep2-seg1-attempt2-00086-8d55628ab63f,17,17,0,1,2169,server_token_ids,1785511571886732155,1305.277766,71.949413,8,""" present"""
phase2-full-grid-rerun-20260731-l4-l4-tp1-f2040-i32-o32-r10-rep2-seg1-attempt2,phase2-full-grid-rerun-20260731-l4-l4-tp1-f2040-i32-o32-r10-rep2-seg1-attempt2-00086-8d55628ab63f,18,18,0,1,264,server_token_ids,1785511571956444663,1374.990274,69.712508,2,""" a"""
phase2-full-grid-rerun-20260731-l4-l4-tp1-f2040-i32-o32-r10-rep2-seg1-attempt2,phase2-full-grid-rerun-20260731-l4-l4-tp1-f2040-i32-o32-r10-rep2-seg1-attempt2-00086-8d55628ab63f,19,19,0,1,633,server_token_ids,1785511572013928837,1432.474448,57.484174,4,""" new"""
phase2-full-grid-rerun-20260731-l4-l4-tp1-f2040-i32-o32-r10-rep2-seg1-attempt2,phase2-full-grid-rerun-20260731-l4-l4-tp1-f2040-i32-o32-r10-rep2-seg1-attempt2-00086-8d55628ab63f,20,20,0,1,2038,server_token_ids,1785511572079524724,1498.070335,65.595887,7,""" method"""
phase2-full-grid-rerun-20260731-l4-l4-tp1-f2040-i32-o32-r10-rep2-seg1-attempt2,phase2-full-grid-rerun-20260731-l4-l4-tp1-f2040-i32-o32-r10-rep2-seg1-attempt2-00086-8d55628ab63f,21,21,0,1,354,server_token_ids,1785511572147792912,1566.338523,68.268188,4,""" for"""
phase2-full-grid-rerun-20260731-l4-l4-tp1-f2040-i32-o32-r10-rep2-seg1-attempt2,phase2-full-grid-rerun-20260731-l4-l4-tp1-f2040-i32-o32-r10-rep2-seg1-attempt2-00086-8d55628ab63f,22,22,0,1,272,server_token_ids,1785511572213164554,1631.710165,65.371642,4,""" the"""
phase2-full-grid-rerun-20260731-l4-l4-tp1-f2040-i32-o32-r10-rep2-seg1-attempt2,phase2-full-grid-rerun-20260731-l4-l4-tp1-f2040-i32-o32-r10-rep2-seg1-attempt2-00086-8d55628ab63f,23,23,0,1,21728,server_token_ids,1785511572278619578,1697.165189,65.455024,12,""" computation"""
phase2-full-grid-rerun-20260731-l4-l4-tp1-f2040-i32-o32-r10-rep2-seg1-attempt2,phase2-full-grid-rerun-20260731-l4-l4-tp1-f2040-i32-o32-r10-rep2-seg1-attempt2-00086-8d55628ab63f,24,24,0,1,302,server_token_ids,1785511572347038245,1765.583856,68.418667,3,""" of"""
phase2-full-grid-rerun-20260731-l4-l4-tp1-f2040-i32-o32-r10-rep2-seg1-attempt2,phase2-full-grid-rerun-20260731-l4-l4-tp1-f2040-i32-o32-r10-rep2-seg1-attempt2-00086-8d55628ab63f,25,25,0,1,272,server_token_ids,1785511572411876532,1830.422143,64.838287,4,""" the"""
phase2-full-grid-rerun-20260731-l4-l4-tp1-f2040-i32-o32-r10-rep2-seg1-attempt2,phase2-full-grid-rerun-20260731-l4-l4-tp1-f2040-i32-o32-r10-rep2-seg1-attempt2-00086-8d55628ab63f,26,26,0,1,11060,server_token_ids,1785511572477490327,1896.035938,65.613795,6,""" eigen"""
phase2-full-grid-rerun-20260731-l4-l4-tp1-f2040-i32-o32-r10-rep2-seg1-attempt2,phase2-full-grid-rerun-20260731-l4-l4-tp1-f2040-i32-o32-r10-rep2-seg1-attempt2-00086-8d55628ab63f,27,27,0,1,5667,server_token_ids,1785511572545639051,1964.184662,68.148724,6,"""values"""
phase2-full-grid-rerun-20260731-l4-l4-tp1-f2040-i32-o32-r10-rep2-seg1-attempt2,phase2-full-grid-rerun-20260731-l4-l4-tp1-f2040-i32-o32-r10-rep2-seg1-attempt2-00086-8d55628ab63f,28,28,0,1,302,server_token_ids,1785511572610729767,2029.275378,65.090716,3,""" of"""
phase2-full-grid-rerun-20260731-l4-l4-tp1-f2040-i32-o32-r10-rep2-seg1-attempt2,phase2-full-grid-rerun-20260731-l4-l4-tp1-f2040-i32-o32-r10-rep2-seg1-attempt2-00086-8d55628ab63f,29,29,0,1,272,server_token_ids,1785511572676364427,2094.910038,65.63466,4,""" the"""
phase2-full-grid-rerun-20260731-l4-l4-tp1-f2040-i32-o32-r10-rep2-seg1-attempt2,phase2-full-grid-rerun-20260731-l4-l4-tp1-f2040-i32-o32-r10-rep2-seg1-attempt2-00086-8d55628ab63f,30,30,0,1,11060,server_token_ids,1785511572744513054,2163.058665,68.148627,6,""" eigen"""
phase2-full-grid-rerun-20260731-l4-l4-tp1-f2040-i32-o32-r10-rep2-seg1-attempt2,phase2-full-grid-rerun-20260731-l4-l4-tp1-f2040-i32-o32-r10-rep2-seg1-attempt2-00086-8d55628ab63f,31,31,0,1,5667,server_token_ids,1785511572809642002,2228.187613,65.128948,6,"""values"""
phase2-full-grid-rerun-20260731-l4-l4-tp1-f2040-i32-o32-r10-rep2-seg1-attempt2,phase2-full-grid-rerun-20260731-l4-l4-tp1-f2040-i32-o32-r10-rep2-seg1-attempt2-00087-6663dd86fa8f,0,0,0,1,333,server_token_ids,1785511570886669183,205.312365,,2,"""ve"""
phase2-full-grid-rerun-20260731-l4-l4-tp1-f2040-i32-o32-r10-rep2-seg1-attempt2,phase2-full-grid-rerun-20260731-l4-l4-tp1-f2040-i32-o32-r10-rep2-seg1-attempt2-00087-6663dd86fa8f,1,1,0,1,13,server_token_ids,1785511570952625214,271.268396,65.956031,1,"""\n"""
phase2-full-grid-rerun-20260731-l4-l4-tp1-f2040-i32-o32-r10-rep2-seg1-attempt2,phase2-full-grid-rerun-20260731-l4-l4-tp1-f2040-i32-o32-r10-rep2-seg1-attempt2-00087-6663dd86fa8f,2,2,0,1,13,server_token_ids,1785511571019435834,338.079016,66.81062,1,"""\n"""
phase2-full-grid-rerun-20260731-l4-l4-tp1-f2040-i32-o32-r10-rep2-seg1-attempt2,phase2-full-grid-rerun-20260731-l4-l4-tp1-f2040-i32-o32-r10-rep2-seg1-attempt2-00087-6663dd86fa8f,3,3,0,1,1064,server_token_ids,1785511571088609793,407.252975,69.173959,2,"""##"""
phase2-full-grid-rerun-20260731-l4-l4-tp1-f2040-i32-o32-r10-rep2-seg1-attempt2,phase2-full-grid-rerun-20260731-l4-l4-tp1-f2040-i32-o32-r10-rep2-seg1-attempt2-00087-6663dd86fa8f,4,4,0,1,28705,server_token_ids,1785511571152067105,470.710287,63.457312,1,""" """
phase2-full-grid-rerun-20260731-l4-l4-tp1-f2040-i32-o32-r10-rep2-seg1-attempt2,phase2-full-grid-rerun-20260731-l4-l4-tp1-f2040-i32-o32-r10-rep2-seg1-attempt2-00087-6663dd86fa8f,5,5,0,1,28740,server_token_ids,1785511571218674250,537.317432,66.607145,1,"""1"""
phase2-full-grid-rerun-20260731-l4-l4-tp1-f2040-i32-o32-r10-rep2-seg1-attempt2,phase2-full-grid-rerun-20260731-l4-l4-tp1-f2040-i32-o32-r10-rep2-seg1-attempt2-00087-6663dd86fa8f,6,6,0,1,28723,server_token_ids,1785511571286274768,604.91795,67.600518,1,"""."""
phase2-full-grid-rerun-20260731-l4-l4-tp1-f2040-i32-o32-r10-rep2-seg1-attempt2,phase2-full-grid-rerun-20260731-l4-l4-tp1-f2040-i32-o32-r10-rep2-seg1-attempt2-00087-6663dd86fa8f,7,7,0,1,23628,server_token_ids,1785511571351082766,669.725948,64.807998,13,""" Introduction"""
phase2-full-grid-rerun-20260731-l4-l4-tp1-f2040-i32-o32-r10-rep2-seg1-attempt2,phase2-full-grid-rerun-20260731-l4-l4-tp1-f2040-i32-o32-r10-rep2-seg1-attempt2-00087-6663dd86fa8f,8,8,0,1,13,server_token_ids,1785511571417324168,735.96735,66.241402,1,"""\n"""
phase2-full-grid-rerun-20260731-l4-l4-tp1-f2040-i32-o32-r10-rep2-seg1-attempt2,phase2-full-grid-rerun-20260731-l4-l4-tp1-f2040-i32-o32-r10-rep2-seg1-attempt2-00087-6663dd86fa8f,9,9,0,1,13,server_token_ids,1785511571486060565,804.703747,68.736397,1,"""\n"""
phase2-full-grid-rerun-20260731-l4-l4-tp1-f2040-i32-o32-r10-rep2-seg1-attempt2,phase2-full-grid-rerun-20260731-l4-l4-tp1-f2040-i32-o32-r10-rep2-seg1-attempt2-00087-6663dd86fa8f,10,10,0,1,657,server_token_ids,1785511571548964253,867.607435,62.903688,2,"""In"""
phase2-full-grid-rerun-20260731-l4-l4-tp1-f2040-i32-o32-r10-rep2-seg1-attempt2,phase2-full-grid-rerun-20260731-l4-l4-tp1-f2040-i32-o32-r10-rep2-seg1-attempt2-00087-6663dd86fa8f,11,11,0,1,456,server_token_ids,1785511571615865952,934.509134,66.901699,5,""" this"""
phase2-full-grid-rerun-20260731-l4-l4-tp1-f2040-i32-o32-r10-rep2-seg1-attempt2,phase2-full-grid-rerun-20260731-l4-l4-tp1-f2040-i32-o32-r10-rep2-seg1-attempt2-00087-6663dd86fa8f,12,12,0,1,27272,server_token_ids,1785511571686295671,1004.938853,70.429719,9,""" tutorial"""
phase2-full-grid-rerun-20260731-l4-l4-tp1-f2040-i32-o32-r10-rep2-seg1-attempt2,phase2-full-grid-rerun-20260731-l4-l4-tp1-f2040-i32-o32-r10-rep2-seg1-attempt2-00087-6663dd86fa8f,13,13,0,1,28725,server_token_ids,1785511571749499111,1068.142293,63.20344,1,""","""
phase2-full-grid-rerun-20260731-l4-l4-tp1-f2040-i32-o32-r10-rep2-seg1-attempt2,phase2-full-grid-rerun-20260731-l4-l4-tp1-f2040-i32-o32-r10-rep2-seg1-attempt2-00087-6663dd86fa8f,14,14,0,1,478,server_token_ids,1785511571814578433,1133.221615,65.079322,3,""" we"""
phase2-full-grid-rerun-20260731-l4-l4-tp1-f2040-i32-o32-r10-rep2-seg1-attempt2,phase2-full-grid-rerun-20260731-l4-l4-tp1-f2040-i32-o32-r10-rep2-seg1-attempt2-00087-6663dd86fa8f,15,15,0,1,28809,server_token_ids,1785511571886511405,1205.154587,71.932972,3,"""’"""
phase2-full-grid-rerun-20260731-l4-l4-tp1-f2040-i32-o32-r10-rep2-seg1-attempt2,phase2-full-grid-rerun-20260731-l4-l4-tp1-f2040-i32-o32-r10-rep2-seg1-attempt2-00087-6663dd86fa8f,16,16,0,1,584,server_token_ids,1785511571953120611,1271.763793,66.609206,2,"""ll"""
phase2-full-grid-rerun-20260731-l4-l4-tp1-f2040-i32-o32-r10-rep2-seg1-attempt2,phase2-full-grid-rerun-20260731-l4-l4-tp1-f2040-i32-o32-r10-rep2-seg1-attempt2-00087-6663dd86fa8f,17,17,0,1,2822,server_token_ids,1785511572013644532,1332.287714,60.523921,6,""" learn"""
phase2-full-grid-rerun-20260731-l4-l4-tp1-f2040-i32-o32-r10-rep2-seg1-attempt2,phase2-full-grid-rerun-20260731-l4-l4-tp1-f2040-i32-o32-r10-rep2-seg1-attempt2-00087-6663dd86fa8f,18,18,0,1,910,server_token_ids,1785511572079235203,1397.878385,65.590671,4,""" how"""
phase2-full-grid-rerun-20260731-l4-l4-tp1-f2040-i32-o32-r10-rep2-seg1-attempt2,phase2-full-grid-rerun-20260731-l4-l4-tp1-f2040-i32-o32-r10-rep2-seg1-attempt2-00087-6663dd86fa8f,19,19,0,1,298,server_token_ids,1785511572147508430,1466.151612,68.273227,3,""" to"""
phase2-full-grid-rerun-20260731-l4-l4-tp1-f2040-i32-o32-r10-rep2-seg1-attempt2,phase2-full-grid-rerun-20260731-l4-l4-tp1-f2040-i32-o32-r10-rep2-seg1-attempt2-00087-6663dd86fa8f,20,20,0,1,938,server_token_ids,1785511572212863011,1531.506193,65.354581,4,""" use"""
phase2-full-grid-rerun-20260731-l4-l4-tp1-f2040-i32-o32-r10-rep2-seg1-attempt2,phase2-full-grid-rerun-20260731-l4-l4-tp1-f2040-i32-o32-r10-rep2-seg1-attempt2-00087-6663dd86fa8f,21,21,0,1,272,server_token_ids,1785511572278320424,1596.963606,65.457413,4,""" the"""
phase2-full-grid-rerun-20260731-l4-l4-tp1-f2040-i32-o32-r10-rep2-seg1-attempt2,phase2-full-grid-rerun-20260731-l4-l4-tp1-f2040-i32-o32-r10-rep2-seg1-attempt2-00087-6663dd86fa8f,22,22,0,1,334,server_token_ids,1785511572346627296,1665.270478,68.306872,2,""" C"""
phase2-full-grid-rerun-20260731-l4-l4-tp1-f2040-i32-o32-r10-rep2-seg1-attempt2,phase2-full-grid-rerun-20260731-l4-l4-tp1-f2040-i32-o32-r10-rep2-seg1-attempt2-00087-6663dd86fa8f,23,23,0,1,1680,server_token_ids,1785511572411669532,1730.312714,65.042236,2,"""++"""
phase2-full-grid-rerun-20260731-l4-l4-tp1-f2040-i32-o32-r10-rep2-seg1-attempt2,phase2-full-grid-rerun-20260731-l4-l4-tp1-f2040-i32-o32-r10-rep2-seg1-attempt2-00087-6663dd86fa8f,24,24,0,1,12623,server_token_ids,1785511572477273852,1795.917034,65.60432,9,""" Standard"""
phase2-full-grid-rerun-20260731-l4-l4-tp1-f2040-i32-o32-r10-rep2-seg1-attempt2,phase2-full-grid-rerun-20260731-l4-l4-tp1-f2040-i32-o32-r10-rep2-seg1-attempt2-00087-6663dd86fa8f,25,25,0,1,23469,server_token_ids,1785511572545401138,1864.04432,68.127286,9,""" Template"""
phase2-full-grid-rerun-20260731-l4-l4-tp1-f2040-i32-o32-r10-rep2-seg1-attempt2,phase2-full-grid-rerun-20260731-l4-l4-tp1-f2040-i32-o32-r10-rep2-seg1-attempt2-00087-6663dd86fa8f,26,26,0,1,10812,server_token_ids,1785511572610514742,1929.157924,65.113604,8,""" Library"""
phase2-full-grid-rerun-20260731-l4-l4-tp1-f2040-i32-o32-r10-rep2-seg1-attempt2,phase2-full-grid-rerun-20260731-l4-l4-tp1-f2040-i32-o32-r10-rep2-seg1-attempt2-00087-6663dd86fa8f,27,27,0,1,325,server_token_ids,1785511572676160538,1994.80372,65.645796,2,""" ("""
phase2-full-grid-rerun-20260731-l4-l4-tp1-f2040-i32-o32-r10-rep2-seg1-attempt2,phase2-full-grid-rerun-20260731-l4-l4-tp1-f2040-i32-o32-r10-rep2-seg1-attempt2-00087-6663dd86fa8f,28,28,0,1,920,server_token_ids,1785511572744275347,2062.918529,68.114809,2,"""ST"""
phase2-full-grid-rerun-20260731-l4-l4-tp1-f2040-i32-o32-r10-rep2-seg1-attempt2,phase2-full-grid-rerun-20260731-l4-l4-tp1-f2040-i32-o32-r10-rep2-seg1-attempt2-00087-6663dd86fa8f,29,29,0,1,28758,server_token_ids,1785511572809381062,2128.024244,65.105715,1,"""L"""
phase2-full-grid-rerun-20260731-l4-l4-tp1-f2040-i32-o32-r10-rep2-seg1-attempt2,phase2-full-grid-rerun-20260731-l4-l4-tp1-f2040-i32-o32-r10-rep2-seg1-attempt2-00087-6663dd86fa8f,30,30,0,1,28731,server_token_ids,1785511572875014222,2193.657404,65.63316,1,""")"""
phase2-full-grid-rerun-20260731-l4-l4-tp1-f2040-i32-o32-r10-rep2-seg1-attempt2,phase2-full-grid-rerun-20260731-l4-l4-tp1-f2040-i32-o32-r10-rep2-seg1-attempt2-00087-6663dd86fa8f,31,31,0,1,298,server_token_ids,1785511572943919664,2262.562846,68.905442,3,""" to"""
phase2-full-grid-rerun-20260731-l4-l4-tp1-f2040-i32-o32-r10-rep2-seg1-attempt2,phase2-full-grid-rerun-20260731-l4-l4-tp1-f2040-i32-o32-r10-rep2-seg1-attempt2-00088-1d59b8f5a522,0,0,0,1,28705,server_token_ids,1785511570953095752,170.821154,,1,""" """
phase2-full-grid-rerun-20260731-l4-l4-tp1-f2040-i32-o32-r10-rep2-seg1-attempt2,phase2-full-grid-rerun-20260731-l4-l4-tp1-f2040-i32-o32-r10-rep2-seg1-attempt2-00088-1d59b8f5a522,1,1,0,1,28740,server_token_ids,1785511571019909409,237.634811,66.813657,1,"""1"""
phase2-full-grid-rerun-20260731-l4-l4-tp1-f2040-i32-o32-r10-rep2-seg1-attempt2,phase2-full-grid-rerun-20260731-l4-l4-tp1-f2040-i32-o32-r10-rep2-seg1-attempt2-00088-1d59b8f5a522,2,2,0,1,28734,server_token_ids,1785511571089052140,306.777542,69.142731,1,"""0"""
phase2-full-grid-rerun-20260731-l4-l4-tp1-f2040-i32-o32-r10-rep2-seg1-attempt2,phase2-full-grid-rerun-20260731-l4-l4-tp1-f2040-i32-o32-r10-rep2-seg1-attempt2-00088-1d59b8f5a522,3,3,0,1,28734,server_token_ids,1785511571152509082,370.234484,63.456942,1,"""0"""
phase2-full-grid-rerun-20260731-l4-l4-tp1-f2040-i32-o32-r10-rep2-seg1-attempt2,phase2-full-grid-rerun-20260731-l4-l4-tp1-f2040-i32-o32-r10-rep2-seg1-attempt2-00088-1d59b8f5a522,4,4,0,1,28734,server_token_ids,1785511571219079708,436.80511,66.570626,1,"""0"""
phase2-full-grid-rerun-20260731-l4-l4-tp1-f2040-i32-o32-r10-rep2-seg1-attempt2,phase2-full-grid-rerun-20260731-l4-l4-tp1-f2040-i32-o32-r10-rep2-seg1-attempt2-00088-1d59b8f5a522,5,5,0,1,28734,server_token_ids,1785511571286834798,504.5602,67.75509,1,"""0"""
phase2-full-grid-rerun-20260731-l4-l4-tp1-f2040-i32-o32-r10-rep2-seg1-attempt2,phase2-full-grid-rerun-20260731-l4-l4-tp1-f2040-i32-o32-r10-rep2-seg1-attempt2-00088-1d59b8f5a522,6,6,0,1,28734,server_token_ids,1785511571351414529,569.139931,64.579731,1,"""0"""
phase2-full-grid-rerun-20260731-l4-l4-tp1-f2040-i32-o32-r10-rep2-seg1-attempt2,phase2-full-grid-rerun-20260731-l4-l4-tp1-f2040-i32-o32-r10-rep2-seg1-attempt2-00088-1d59b8f5a522,7,7,0,1,28734,server_token_ids,1785511571417826342,635.551744,66.411813,1,"""0"""
phase2-full-grid-rerun-20260731-l4-l4-tp1-f2040-i32-o32-r10-rep2-seg1-attempt2,phase2-full-grid-rerun-20260731-l4-l4-tp1-f2040-i32-o32-r10-rep2-seg1-attempt2-00088-1d59b8f5a522,8,8,0,1,28734,server_token_ids,1785511571486324121,704.049523,68.497779,1,"""0"""
phase2-full-grid-rerun-20260731-l4-l4-tp1-f2040-i32-o32-r10-rep2-seg1-attempt2,phase2-full-grid-rerun-20260731-l4-l4-tp1-f2040-i32-o32-r10-rep2-seg1-attempt2-00088-1d59b8f5a522,9,9,0,1,28734,server_token_ids,1785511571551307484,769.032886,64.983363,1,"""0"""
phase2-full-grid-rerun-20260731-l4-l4-tp1-f2040-i32-o32-r10-rep2-seg1-attempt2,phase2-full-grid-rerun-20260731-l4-l4-tp1-f2040-i32-o32-r10-rep2-seg1-attempt2-00088-1d59b8f5a522,10,10,0,1,28734,server_token_ids,1785511571616220736,833.946138,64.913252,1,"""0"""
phase2-full-grid-rerun-20260731-l4-l4-tp1-f2040-i32-o32-r10-rep2-seg1-attempt2,phase2-full-grid-rerun-20260731-l4-l4-tp1-f2040-i32-o32-r10-rep2-seg1-attempt2-00088-1d59b8f5a522,11,11,0,1,28734,server_token_ids,1785511571687826139,905.551541,71.605403,1,"""0"""
phase2-full-grid-rerun-20260731-l4-l4-tp1-f2040-i32-o32-r10-rep2-seg1-attempt2,phase2-full-grid-rerun-20260731-l4-l4-tp1-f2040-i32-o32-r10-rep2-seg1-attempt2-00088-1d59b8f5a522,12,12,0,1,28734,server_token_ids,1785511571749944723,967.670125,62.118584,1,"""0"""
phase2-full-grid-rerun-20260731-l4-l4-tp1-f2040-i32-o32-r10-rep2-seg1-attempt2,phase2-full-grid-rerun-20260731-l4-l4-tp1-f2040-i32-o32-r10-rep2-seg1-attempt2-00088-1d59b8f5a522,13,13,0,1,28734,server_token_ids,1785511571815041069,1032.766471,65.096346,1,"""0"""
phase2-full-grid-rerun-20260731-l4-l4-tp1-f2040-i32-o32-r10-rep2-seg1-attempt2,phase2-full-grid-rerun-20260731-l4-l4-tp1-f2040-i32-o32-r10-rep2-seg1-attempt2-00088-1d59b8f5a522,14,14,0,1,28734,server_token_ids,1785511571886989535,1104.714937,71.948466,1,"""0"""
phase2-full-grid-rerun-20260731-l4-l4-tp1-f2040-i32-o32-r10-rep2-seg1-attempt2,phase2-full-grid-rerun-20260731-l4-l4-tp1-f2040-i32-o32-r10-rep2-seg1-attempt2-00088-1d59b8f5a522,15,15,0,1,28734,server_token_ids,1785511571956713289,1174.438691,69.723754,1,"""0"""
phase2-full-grid-rerun-20260731-l4-l4-tp1-f2040-i32-o32-r10-rep2-seg1-attempt2,phase2-full-grid-rerun-20260731-l4-l4-tp1-f2040-i32-o32-r10-rep2-seg1-attempt2-00088-1d59b8f5a522,16,16,0,1,28734,server_token_ids,1785511572014175824,1231.901226,57.462535,1,"""0"""
phase2-full-grid-rerun-20260731-l4-l4-tp1-f2040-i32-o32-r10-rep2-seg1-attempt2,phase2-full-grid-rerun-20260731-l4-l4-tp1-f2040-i32-o32-r10-rep2-seg1-attempt2-00088-1d59b8f5a522,17,17,0,1,28734,server_token_ids,1785511572079769384,1297.494786,65.59356,1,"""0"""
phase2-full-grid-rerun-20260731-l4-l4-tp1-f2040-i32-o32-r10-rep2-seg1-attempt2,phase2-full-grid-rerun-20260731-l4-l4-tp1-f2040-i32-o32-r10-rep2-seg1-attempt2-00088-1d59b8f5a522,18,18,0,1,28734,server_token_ids,1785511572148039822,1365.765224,68.270438,1,"""0"""
phase2-full-grid-rerun-20260731-l4-l4-tp1-f2040-i32-o32-r10-rep2-seg1-attempt2,phase2-full-grid-rerun-20260731-l4-l4-tp1-f2040-i32-o32-r10-rep2-seg1-attempt2-00088-1d59b8f5a522,19,19,0,1,28734,server_token_ids,1785511572213407841,1431.133243,65.368019,1,"""0"""
phase2-full-grid-rerun-20260731-l4-l4-tp1-f2040-i32-o32-r10-rep2-seg1-attempt2,phase2-full-grid-rerun-20260731-l4-l4-tp1-f2040-i32-o32-r10-rep2-seg1-attempt2-00088-1d59b8f5a522,20,20,0,1,28734,server_token_ids,1785511572278869687,1496.595089,65.461846,1,"""0"""
phase2-full-grid-rerun-20260731-l4-l4-tp1-f2040-i32-o32-r10-rep2-seg1-attempt2,phase2-full-grid-rerun-20260731-l4-l4-tp1-f2040-i32-o32-r10-rep2-seg1-attempt2-00088-1d59b8f5a522,21,21,0,1,28734,server_token_ids,1785511572347292724,1565.018126,68.423037,1,"""0"""
phase2-full-grid-rerun-20260731-l4-l4-tp1-f2040-i32-o32-r10-rep2-seg1-attempt2,phase2-full-grid-rerun-20260731-l4-l4-tp1-f2040-i32-o32-r10-rep2-seg1-attempt2-00088-1d59b8f5a522,22,22,0,1,28734,server_token_ids,1785511572412121636,1629.847038,64.828912,1,"""0"""
phase2-full-grid-rerun-20260731-l4-l4-tp1-f2040-i32-o32-r10-rep2-seg1-attempt2,phase2-full-grid-rerun-20260731-l4-l4-tp1-f2040-i32-o32-r10-rep2-seg1-attempt2-00088-1d59b8f5a522,23,23,0,1,28734,server_token_ids,1785511572477750927,1695.476329,65.629291,1,"""0"""
phase2-full-grid-rerun-20260731-l4-l4-tp1-f2040-i32-o32-r10-rep2-seg1-attempt2,phase2-full-grid-rerun-20260731-l4-l4-tp1-f2040-i32-o32-r10-rep2-seg1-attempt2-00088-1d59b8f5a522,24,24,0,1,28734,server_token_ids,1785511572548459919,1766.185321,70.708992,1,"""0"""
phase2-full-grid-rerun-20260731-l4-l4-tp1-f2040-i32-o32-r10-rep2-seg1-attempt2,phase2-full-grid-rerun-20260731-l4-l4-tp1-f2040-i32-o32-r10-rep2-seg1-attempt2-00088-1d59b8f5a522,25,25,0,1,28734,server_token_ids,1785511572611063708,1828.78911,62.603789,1,"""0"""
phase2-full-grid-rerun-20260731-l4-l4-tp1-f2040-i32-o32-r10-rep2-seg1-attempt2,phase2-full-grid-rerun-20260731-l4-l4-tp1-f2040-i32-o32-r10-rep2-seg1-attempt2-00088-1d59b8f5a522,26,26,0,1,28734,server_token_ids,1785511572676696340,1894.421742,65.632632,1,"""0"""
phase2-full-grid-rerun-20260731-l4-l4-tp1-f2040-i32-o32-r10-rep2-seg1-attempt2,phase2-full-grid-rerun-20260731-l4-l4-tp1-f2040-i32-o32-r10-rep2-seg1-attempt2-00088-1d59b8f5a522,27,27,0,1,28734,server_token_ids,1785511572744843044,1962.568446,68.146704,1,"""0"""
phase2-full-grid-rerun-20260731-l4-l4-tp1-f2040-i32-o32-r10-rep2-seg1-attempt2,phase2-full-grid-rerun-20260731-l4-l4-tp1-f2040-i32-o32-r10-rep2-seg1-attempt2-00088-1d59b8f5a522,28,28,0,1,28734,server_token_ids,1785511572810085481,2027.810883,65.242437,1,"""0"""
phase2-full-grid-rerun-20260731-l4-l4-tp1-f2040-i32-o32-r10-rep2-seg1-attempt2,phase2-full-grid-rerun-20260731-l4-l4-tp1-f2040-i32-o32-r10-rep2-seg1-attempt2-00088-1d59b8f5a522,29,29,0,1,28734,server_token_ids,1785511572875433169,2093.158571,65.347688,1,"""0"""
phase2-full-grid-rerun-20260731-l4-l4-tp1-f2040-i32-o32-r10-rep2-seg1-attempt2,phase2-full-grid-rerun-20260731-l4-l4-tp1-f2040-i32-o32-r10-rep2-seg1-attempt2-00088-1d59b8f5a522,30,30,0,1,28734,server_token_ids,1785511572944491164,2162.216566,69.057995,1,"""0"""
phase2-full-grid-rerun-20260731-l4-l4-tp1-f2040-i32-o32-r10-rep2-seg1-attempt2,phase2-full-grid-rerun-20260731-l4-l4-tp1-f2040-i32-o32-r10-rep2-seg1-attempt2-00088-1d59b8f5a522,31,31,0,1,28734,server_token_ids,1785511573008547058,2226.27246,64.055894,1,"""0"""
phase2-full-grid-rerun-20260731-l4-l4-tp1-f2040-i32-o32-r10-rep2-seg1-attempt2,phase2-full-grid-rerun-20260731-l4-l4-tp1-f2040-i32-o32-r10-rep2-seg1-attempt2-00089-3cd55f990ae5,0,0,0,1,2742,server_token_ids,1785511571086530359,204.581708,,3,"""cer"""
phase2-full-grid-rerun-20260731-l4-l4-tp1-f2040-i32-o32-r10-rep2-seg1-attempt2,phase2-full-grid-rerun-20260731-l4-l4-tp1-f2040-i32-o32-r10-rep2-seg1-attempt2-00089-3cd55f990ae5,1,1,0,1,497,server_token_ids,1785511571151796158,269.847507,65.265799,3,"""ies"""
phase2-full-grid-rerun-20260731-l4-l4-tp1-f2040-i32-o32-r10-rep2-seg1-attempt2,phase2-full-grid-rerun-20260731-l4-l4-tp1-f2040-i32-o32-r10-rep2-seg1-attempt2-00089-3cd55f990ae5,2,2,0,1,28725,server_token_ids,1785511571218382254,336.433603,66.586096,1,""","""
phase2-full-grid-rerun-20260731-l4-l4-tp1-f2040-i32-o32-r10-rep2-seg1-attempt2,phase2-full-grid-rerun-20260731-l4-l4-tp1-f2040-i32-o32-r10-rep2-seg1-attempt2-00089-3cd55f990ae5,3,3,0,1,562,server_token_ids,1785511571286024231,404.07558,67.641977,4,""" but"""
phase2-full-grid-rerun-20260731-l4-l4-tp1-f2040-i32-o32-r10-rep2-seg1-attempt2,phase2-full-grid-rerun-20260731-l4-l4-tp1-f2040-i32-o32-r10-rep2-seg1-attempt2-00089-3cd55f990ae5,4,4,0,1,378,server_token_ids,1785511571350807984,468.859333,64.783753,3,""" it"""
phase2-full-grid-rerun-20260731-l4-l4-tp1-f2040-i32-o32-r10-rep2-seg1-attempt2,phase2-full-grid-rerun-20260731-l4-l4-tp1-f2040-i32-o32-r10-rep2-seg1-attempt2-00089-3cd55f990ae5,5,5,0,1,28742,server_token_ids,1785511571417053931,535.10528,66.245947,1,"""'"""
phase2-full-grid-rerun-20260731-l4-l4-tp1-f2040-i32-o32-r10-rep2-seg1-attempt2,phase2-full-grid-rerun-20260731-l4-l4-tp1-f2040-i32-o32-r10-rep2-seg1-attempt2-00089-3cd55f990ae5,6,6,0,1,28713,server_token_ids,1785511571485802083,603.853432,68.748152,1,"""s"""
phase2-full-grid-rerun-20260731-l4-l4-tp1-f2040-i32-o32-r10-rep2-seg1-attempt2,phase2-full-grid-rerun-20260731-l4-l4-tp1-f2040-i32-o32-r10-rep2-seg1-attempt2-00089-3cd55f990ae5,7,7,0,1,459,server_token_ids,1785511571548694775,666.746124,62.892692,4,""" not"""
phase2-full-grid-rerun-20260731-l4-l4-tp1-f2040-i32-o32-r10-rep2-seg1-attempt2,phase2-full-grid-rerun-20260731-l4-l4-tp1-f2040-i32-o32-r10-rep2-seg1-attempt2-00089-3cd55f990ae5,8,8,0,1,272,server_token_ids,1785511571615582698,733.634047,66.887923,4,""" the"""
phase2-full-grid-rerun-20260731-l4-l4-tp1-f2040-i32-o32-r10-rep2-seg1-attempt2,phase2-full-grid-rerun-20260731-l4-l4-tp1-f2040-i32-o32-r10-rep2-seg1-attempt2-00089-3cd55f990ae5,9,9,0,1,865,server_token_ids,1785511571686048580,804.099929,70.465882,5,""" only"""
phase2-full-grid-rerun-20260731-l4-l4-tp1-f2040-i32-o32-r10-rep2-seg1-attempt2,phase2-full-grid-rerun-20260731-l4-l4-tp1-f2040-i32-o32-r10-rep2-seg1-attempt2-00089-3cd55f990ae5,10,10,0,1,624,server_token_ids,1785511571749087181,867.13853,63.038601,4,""" one"""
phase2-full-grid-rerun-20260731-l4-l4-tp1-f2040-i32-o32-r10-rep2-seg1-attempt2,phase2-full-grid-rerun-20260731-l4-l4-tp1-f2040-i32-o32-r10-rep2-seg1-attempt2-00089-3cd55f990ae5,11,11,0,1,28723,server_token_ids,1785511571814384850,932.436199,65.297669,1,"""."""
phase2-full-grid-rerun-20260731-l4-l4-tp1-f2040-i32-o32-r10-rep2-seg1-attempt2,phase2-full-grid-rerun-20260731-l4-l4-tp1-f2040-i32-o32-r10-rep2-seg1-attempt2-00089-3cd55f990ae5,12,12,0,1,13,server_token_ids,1785511571886334470,1004.385819,71.94962,1,"""\n"""
phase2-full-grid-rerun-20260731-l4-l4-tp1-f2040-i32-o32-r10-rep2-seg1-attempt2,phase2-full-grid-rerun-20260731-l4-l4-tp1-f2040-i32-o32-r10-rep2-seg1-attempt2-00089-3cd55f990ae5,13,13,0,1,13,server_token_ids,1785511571952952110,1071.003459,66.61764,1,"""\n"""
phase2-full-grid-rerun-20260731-l4-l4-tp1-f2040-i32-o32-r10-rep2-seg1-attempt2,phase2-full-grid-rerun-20260731-l4-l4-tp1-f2040-i32-o32-r10-rep2-seg1-attempt2-00089-3cd55f990ae5,14,14,0,1,1014,server_token_ids,1785511572013457720,1131.509069,60.50561,3,"""The"""
phase2-full-grid-rerun-20260731-l4-l4-tp1-f2040-i32-o32-r10-rep2-seg1-attempt2,phase2-full-grid-rerun-20260731-l4-l4-tp1-f2040-i32-o32-r10-rep2-seg1-attempt2-00089-3cd55f990ae5,15,15,0,1,2496,server_token_ids,1785511572079068775,1197.120124,65.611055,8,""" company"""
phase2-full-grid-rerun-20260731-l4-l4-tp1-f2040-i32-o32-r10-rep2-seg1-attempt2,phase2-full-grid-rerun-20260731-l4-l4-tp1-f2040-i32-o32-r10-rep2-seg1-attempt2-00089-3cd55f990ae5,16,16,0,1,349,server_token_ids,1785511572147313212,1265.364561,68.244437,3,""" is"""
phase2-full-grid-rerun-20260731-l4-l4-tp1-f2040-i32-o32-r10-rep2-seg1-attempt2,phase2-full-grid-rerun-20260731-l4-l4-tp1-f2040-i32-o32-r10-rep2-seg1-attempt2-00089-3cd55f990ae5,17,17,0,1,272,server_token_ids,1785511572212434609,1330.485958,65.121397,4,""" the"""
phase2-full-grid-rerun-20260731-l4-l4-tp1-f2040-i32-o32-r10-rep2-seg1-attempt2,phase2-full-grid-rerun-20260731-l4-l4-tp1-f2040-i32-o32-r10-rep2-seg1-attempt2-00089-3cd55f990ae5,18,18,0,1,7639,server_token_ids,1785511572278151687,1396.203036,65.717078,8,""" largest"""
phase2-full-grid-rerun-20260731-l4-l4-tp1-f2040-i32-o32-r10-rep2-seg1-attempt2,phase2-full-grid-rerun-20260731-l4-l4-tp1-f2040-i32-o32-r10-rep2-seg1-attempt2-00089-3cd55f990ae5,19,19,0,1,24811,server_token_ids,1785511572346436489,1464.487838,68.284802,8,""" grocery"""
phase2-full-grid-rerun-20260731-l4-l4-tp1-f2040-i32-o32-r10-rep2-seg1-attempt2,phase2-full-grid-rerun-20260731-l4-l4-tp1-f2040-i32-o32-r10-rep2-seg1-attempt2-00089-3cd55f990ae5,20,20,0,1,11603,server_token_ids,1785511572411229194,1529.280543,64.792705,7,""" retail"""
phase2-full-grid-rerun-20260731-l4-l4-tp1-f2040-i32-o32-r10-rep2-seg1-attempt2,phase2-full-grid-rerun-20260731-l4-l4-tp1-f2040-i32-o32-r10-rep2-seg1-attempt2-00089-3cd55f990ae5,21,21,0,1,263,server_token_ids,1785511572477112486,1595.163835,65.883292,2,"""er"""
phase2-full-grid-rerun-20260731-l4-l4-tp1-f2040-i32-o32-r10-rep2-seg1-attempt2,phase2-full-grid-rerun-20260731-l4-l4-tp1-f2040-i32-o32-r10-rep2-seg1-attempt2-00089-3cd55f990ae5,22,22,0,1,297,server_token_ids,1785511572545234770,1663.286119,68.122284,3,""" in"""
phase2-full-grid-rerun-20260731-l4-l4-tp1-f2040-i32-o32-r10-rep2-seg1-attempt2,phase2-full-grid-rerun-20260731-l4-l4-tp1-f2040-i32-o32-r10-rep2-seg1-attempt2-00089-3cd55f990ae5,23,23,0,1,272,server_token_ids,1785511572610073755,1728.125104,64.838985,4,""" the"""
phase2-full-grid-rerun-20260731-l4-l4-tp1-f2040-i32-o32-r10-rep2-seg1-attempt2,phase2-full-grid-rerun-20260731-l4-l4-tp1-f2040-i32-o32-r10-rep2-seg1-attempt2-00089-3cd55f990ae5,24,24,0,1,1526,server_token_ids,1785511572675992696,1794.044045,65.918941,6,""" world"""
phase2-full-grid-rerun-20260731-l4-l4-tp1-f2040-i32-o32-r10-rep2-seg1-attempt2,phase2-full-grid-rerun-20260731-l4-l4-tp1-f2040-i32-o32-r10-rep2-seg1-attempt2-00089-3cd55f990ae5,25,25,0,1,28725,server_token_ids,1785511572743545666,1861.597015,67.55297,1,""","""
phase2-full-grid-rerun-20260731-l4-l4-tp1-f2040-i32-o32-r10-rep2-seg1-attempt2,phase2-full-grid-rerun-20260731-l4-l4-tp1-f2040-i32-o32-r10-rep2-seg1-attempt2-00089-3cd55f990ae5,26,26,0,1,395,server_token_ids,1785511572808900581,1926.95193,65.354915,5,""" with"""
phase2-full-grid-rerun-20260731-l4-l4-tp1-f2040-i32-o32-r10-rep2-seg1-attempt2,phase2-full-grid-rerun-20260731-l4-l4-tp1-f2040-i32-o32-r10-rep2-seg1-attempt2-00089-3cd55f990ae5,27,27,0,1,680,server_token_ids,1785511572874845689,1992.897038,65.945108,5,""" more"""
phase2-full-grid-rerun-20260731-l4-l4-tp1-f2040-i32-o32-r10-rep2-seg1-attempt2,phase2-full-grid-rerun-20260731-l4-l4-tp1-f2040-i32-o32-r10-rep2-seg1-attempt2-00089-3cd55f990ae5,28,28,0,1,821,server_token_ids,1785511572943744316,2061.795665,68.898627,5,""" than"""
phase2-full-grid-rerun-20260731-l4-l4-tp1-f2040-i32-o32-r10-rep2-seg1-attempt2,phase2-full-grid-rerun-20260731-l4-l4-tp1-f2040-i32-o32-r10-rep2-seg1-attempt2-00089-3cd55f990ae5,29,29,0,1,28705,server_token_ids,1785511573007661112,2125.712461,63.916796,1,""" """
phase2-full-grid-rerun-20260731-l4-l4-tp1-f2040-i32-o32-r10-rep2-seg1-attempt2,phase2-full-grid-rerun-20260731-l4-l4-tp1-f2040-i32-o32-r10-rep2-seg1-attempt2-00089-3cd55f990ae5,30,30,0,1,28740,server_token_ids,1785511573074025501,2192.07685,66.364389,1,"""1"""
phase2-full-grid-rerun-20260731-l4-l4-tp1-f2040-i32-o32-r10-rep2-seg1-attempt2,phase2-full-grid-rerun-20260731-l4-l4-tp1-f2040-i32-o32-r10-rep2-seg1-attempt2-00089-3cd55f990ae5,31,31,0,1,28725,server_token_ids,1785511573142253645,2260.304994,68.228144,1,""","""
phase2-full-grid-rerun-20260731-l4-l4-tp1-f2040-i32-o32-r10-rep2-seg1-attempt2,phase2-full-grid-rerun-20260731-l4-l4-tp1-f2040-i32-o32-r10-rep2-seg1-attempt2-00090-aca88b4f0dd9,0,0,0,1,729,server_token_ids,1785511571152768663,170.862321,,3,"""pro"""
phase2-full-grid-rerun-20260731-l4-l4-tp1-f2040-i32-o32-r10-rep2-seg1-attempt2,phase2-full-grid-rerun-20260731-l4-l4-tp1-f2040-i32-o32-r10-rep2-seg1-attempt2-00090-aca88b4f0dd9,1,1,0,1,333,server_token_ids,1785511571219800144,237.893802,67.031481,2,"""ve"""
phase2-full-grid-rerun-20260731-l4-l4-tp1-f2040-i32-o32-r10-rep2-seg1-attempt2,phase2-full-grid-rerun-20260731-l4-l4-tp1-f2040-i32-o32-r10-rep2-seg1-attempt2-00090-aca88b4f0dd9,2,2,0,1,13,server_token_ids,1785511571287091425,305.185083,67.291281,1,"""\n"""
phase2-full-grid-rerun-20260731-l4-l4-tp1-f2040-i32-o32-r10-rep2-seg1-attempt2,phase2-full-grid-rerun-20260731-l4-l4-tp1-f2040-i32-o32-r10-rep2-seg1-attempt2-00090-aca88b4f0dd9,3,3,0,1,13,server_token_ids,1785511571354757295,372.850953,67.66587,1,"""\n"""
phase2-full-grid-rerun-20260731-l4-l4-tp1-f2040-i32-o32-r10-rep2-seg1-attempt2,phase2-full-grid-rerun-20260731-l4-l4-tp1-f2040-i32-o32-r10-rep2-seg1-attempt2-00090-aca88b4f0dd9,4,4,0,1,28771,server_token_ids,1785511571426399979,444.493637,71.642684,1,"""#"""
phase2-full-grid-rerun-20260731-l4-l4-tp1-f2040-i32-o32-r10-rep2-seg1-attempt2,phase2-full-grid-rerun-20260731-l4-l4-tp1-f2040-i32-o32-r10-rep2-seg1-attempt2-00090-aca88b4f0dd9,5,5,0,1,415,server_token_ids,1785511571486653957,504.747615,60.253978,4,""" The"""
phase2-full-grid-rerun-20260731-l4-l4-tp1-f2040-i32-o32-r10-rep2-seg1-attempt2,phase2-full-grid-rerun-20260731-l4-l4-tp1-f2040-i32-o32-r10-rep2-seg1-attempt2-00090-aca88b4f0dd9,6,6,0,1,28705,server_token_ids,1785511571552027298,570.120956,65.373341,1,""" """
phase2-full-grid-rerun-20260731-l4-l4-tp1-f2040-i32-o32-r10-rep2-seg1-attempt2,phase2-full-grid-rerun-20260731-l4-l4-tp1-f2040-i32-o32-r10-rep2-seg1-attempt2-00090-aca88b4f0dd9,7,7,0,1,28740,server_token_ids,1785511571616946399,635.040057,64.919101,1,"""1"""
phase2-full-grid-rerun-20260731-l4-l4-tp1-f2040-i32-o32-r10-rep2-seg1-attempt2,phase2-full-grid-rerun-20260731-l4-l4-tp1-f2040-i32-o32-r10-rep2-seg1-attempt2-00090-aca88b4f0dd9,8,8,0,1,28734,server_token_ids,1785511571688240327,706.333985,71.293928,1,"""0"""
phase2-full-grid-rerun-20260731-l4-l4-tp1-f2040-i32-o32-r10-rep2-seg1-attempt2,phase2-full-grid-rerun-20260731-l4-l4-tp1-f2040-i32-o32-r10-rep2-seg1-attempt2-00090-aca88b4f0dd9,9,9,0,1,5470,server_token_ids,1785511571759644124,777.737782,71.403797,5,""" Best"""
phase2-full-grid-rerun-20260731-l4-l4-tp1-f2040-i32-o32-r10-rep2-seg1-attempt2,phase2-full-grid-rerun-20260731-l4-l4-tp1-f2040-i32-o32-r10-rep2-seg1-attempt2-00090-aca88b4f0dd9,10,10,0,1,1641,server_token_ids,1785511571815890004,833.983662,56.24588,3,""" Pl"""
phase2-full-grid-rerun-20260731-l4-l4-tp1-f2040-i32-o32-r10-rep2-seg1-attempt2,phase2-full-grid-rerun-20260731-l4-l4-tp1-f2040-i32-o32-r10-rep2-seg1-attempt2-00090-aca88b4f0dd9,11,11,0,1,2089,server_token_ids,1785511571887382251,905.475909,71.492247,4,"""aces"""
phase2-full-grid-rerun-20260731-l4-l4-tp1-f2040-i32-o32-r10-rep2-seg1-attempt2,phase2-full-grid-rerun-20260731-l4-l4-tp1-f2040-i32-o32-r10-rep2-seg1-attempt2-00090-aca88b4f0dd9,12,12,0,1,298,server_token_ids,1785511571957638859,975.732517,70.256608,3,""" to"""
phase2-full-grid-rerun-20260731-l4-l4-tp1-f2040-i32-o32-r10-rep2-seg1-attempt2,phase2-full-grid-rerun-20260731-l4-l4-tp1-f2040-i32-o32-r10-rep2-seg1-attempt2-00090-aca88b4f0dd9,13,13,0,1,5066,server_token_ids,1785511572015057311,1033.150969,57.418452,5,""" Work"""
phase2-full-grid-rerun-20260731-l4-l4-tp1-f2040-i32-o32-r10-rep2-seg1-attempt2,phase2-full-grid-rerun-20260731-l4-l4-tp1-f2040-i32-o32-r10-rep2-seg1-attempt2-00090-aca88b4f0dd9,14,14,0,1,297,server_token_ids,1785511572087240112,1105.33377,72.182801,3,""" in"""
phase2-full-grid-rerun-20260731-l4-l4-tp1-f2040-i32-o32-r10-rep2-seg1-attempt2,phase2-full-grid-rerun-20260731-l4-l4-tp1-f2040-i32-o32-r10-rep2-seg1-attempt2-00090-aca88b4f0dd9,15,15,0,1,272,server_token_ids,1785511572149058921,1167.152579,61.818809,4,""" the"""
phase2-full-grid-rerun-20260731-l4-l4-tp1-f2040-i32-o32-r10-rep2-seg1-attempt2,phase2-full-grid-rerun-20260731-l4-l4-tp1-f2040-i32-o32-r10-rep2-seg1-attempt2-00090-aca88b4f0dd9,16,16,0,1,500,server_token_ids,1785511572214188660,1232.282318,65.129739,2,""" U"""
phase2-full-grid-rerun-20260731-l4-l4-tp1-f2040-i32-o32-r10-rep2-seg1-attempt2,phase2-full-grid-rerun-20260731-l4-l4-tp1-f2040-i32-o32-r10-rep2-seg1-attempt2-00090-aca88b4f0dd9,17,17,0,1,28723,server_token_ids,1785511572279557758,1297.651416,65.369098,1,"""."""
phase2-full-grid-rerun-20260731-l4-l4-tp1-f2040-i32-o32-r10-rep2-seg1-attempt2,phase2-full-grid-rerun-20260731-l4-l4-tp1-f2040-i32-o32-r10-rep2-seg1-attempt2-00090-aca88b4f0dd9,18,18,0,1,28735,server_token_ids,1785511572357458887,1375.552545,77.901129,1,"""S"""
phase2-full-grid-rerun-20260731-l4-l4-tp1-f2040-i32-o32-r10-rep2-seg1-attempt2,phase2-full-grid-rerun-20260731-l4-l4-tp1-f2040-i32-o32-r10-rep2-seg1-attempt2-00090-aca88b4f0dd9,19,19,0,1,28723,server_token_ids,1785511572412977281,1431.070939,55.518394,1,"""."""
phase2-full-grid-rerun-20260731-l4-l4-tp1-f2040-i32-o32-r10-rep2-seg1-attempt2,phase2-full-grid-rerun-20260731-l4-l4-tp1-f2040-i32-o32-r10-rep2-seg1-attempt2-00090-aca88b4f0dd9,20,20,0,1,13,server_token_ids,1785511572478558794,1496.652452,65.581513,1,"""\n"""
phase2-full-grid-rerun-20260731-l4-l4-tp1-f2040-i32-o32-r10-rep2-seg1-attempt2,phase2-full-grid-rerun-20260731-l4-l4-tp1-f2040-i32-o32-r10-rep2-seg1-attempt2-00090-aca88b4f0dd9,21,21,0,1,13,server_token_ids,1785511572556028223,1574.121881,77.469429,1,"""\n"""
phase2-full-grid-rerun-20260731-l4-l4-tp1-f2040-i32-o32-r10-rep2-seg1-attempt2,phase2-full-grid-rerun-20260731-l4-l4-tp1-f2040-i32-o32-r10-rep2-seg1-attempt2-00090-aca88b4f0dd9,22,22,0,1,1064,server_token_ids,1785511572611914818,1630.008476,55.886595,2,"""##"""
phase2-full-grid-rerun-20260731-l4-l4-tp1-f2040-i32-o32-r10-rep2-seg1-attempt2,phase2-full-grid-rerun-20260731-l4-l4-tp1-f2040-i32-o32-r10-rep2-seg1-attempt2-00090-aca88b4f0dd9,23,23,0,1,415,server_token_ids,1785511572676855364,1694.949022,64.940546,4,""" The"""
phase2-full-grid-rerun-20260731-l4-l4-tp1-f2040-i32-o32-r10-rep2-seg1-attempt2,phase2-full-grid-rerun-20260731-l4-l4-tp1-f2040-i32-o32-r10-rep2-seg1-attempt2-00090-aca88b4f0dd9,24,24,0,1,28705,server_token_ids,1785511572747390633,1765.484291,70.535269,1,""" """
phase2-full-grid-rerun-20260731-l4-l4-tp1-f2040-i32-o32-r10-rep2-seg1-attempt2,phase2-full-grid-rerun-20260731-l4-l4-tp1-f2040-i32-o32-r10-rep2-seg1-attempt2-00090-aca88b4f0dd9,25,25,0,1,28740,server_token_ids,1785511572818372299,1836.465957,70.981666,1,"""1"""
phase2-full-grid-rerun-20260731-l4-l4-tp1-f2040-i32-o32-r10-rep2-seg1-attempt2,phase2-full-grid-rerun-20260731-l4-l4-tp1-f2040-i32-o32-r10-rep2-seg1-attempt2-00090-aca88b4f0dd9,26,26,0,1,28734,server_token_ids,1785511572878622640,1896.716298,60.250341,1,"""0"""
phase2-full-grid-rerun-20260731-l4-l4-tp1-f2040-i32-o32-r10-rep2-seg1-attempt2,phase2-full-grid-rerun-20260731-l4-l4-tp1-f2040-i32-o32-r10-rep2-seg1-attempt2-00090-aca88b4f0dd9,27,27,0,1,5470,server_token_ids,1785511572953943121,1972.036779,75.320481,5,""" Best"""
phase2-full-grid-rerun-20260731-l4-l4-tp1-f2040-i32-o32-r10-rep2-seg1-attempt2,phase2-full-grid-rerun-20260731-l4-l4-tp1-f2040-i32-o32-r10-rep2-seg1-attempt2-00090-aca88b4f0dd9,28,28,0,1,1641,server_token_ids,1785511573017232037,2035.325695,63.288916,3,""" Pl"""
phase2-full-grid-rerun-20260731-l4-l4-tp1-f2040-i32-o32-r10-rep2-seg1-attempt2,phase2-full-grid-rerun-20260731-l4-l4-tp1-f2040-i32-o32-r10-rep2-seg1-attempt2-00090-aca88b4f0dd9,29,29,0,1,2089,server_token_ids,1785511573077634418,2095.728076,60.402381,4,"""aces"""
phase2-full-grid-rerun-20260731-l4-l4-tp1-f2040-i32-o32-r10-rep2-seg1-attempt2,phase2-full-grid-rerun-20260731-l4-l4-tp1-f2040-i32-o32-r10-rep2-seg1-attempt2-00090-aca88b4f0dd9,30,30,0,1,298,server_token_ids,1785511573154285940,2172.379598,76.651522,3,""" to"""
phase2-full-grid-rerun-20260731-l4-l4-tp1-f2040-i32-o32-r10-rep2-seg1-attempt2,phase2-full-grid-rerun-20260731-l4-l4-tp1-f2040-i32-o32-r10-rep2-seg1-attempt2-00090-aca88b4f0dd9,31,31,0,1,5066,server_token_ids,1785511573208515424,2226.609082,54.229484,5,""" Work"""
phase2-full-grid-rerun-20260731-l4-l4-tp1-f2040-i32-o32-r10-rep2-seg1-attempt2,phase2-full-grid-rerun-20260731-l4-l4-tp1-f2040-i32-o32-r10-rep2-seg1-attempt2-00091-0f6f76655513,0,0,0,1,28713,server_token_ids,1785511571287685278,205.599979,,1,"""s"""
phase2-full-grid-rerun-20260731-l4-l4-tp1-f2040-i32-o32-r10-rep2-seg1-attempt2,phase2-full-grid-rerun-20260731-l4-l4-tp1-f2040-i32-o32-r10-rep2-seg1-attempt2-00091-0f6f76655513,1,1,0,1,13,server_token_ids,1785511571355403337,273.318038,67.718059,1,"""\n"""
phase2-full-grid-rerun-20260731-l4-l4-tp1-f2040-i32-o32-r10-rep2-seg1-attempt2,phase2-full-grid-rerun-20260731-l4-l4-tp1-f2040-i32-o32-r10-rep2-seg1-attempt2-00091-0f6f76655513,2,2,0,1,13,server_token_ids,1785511571427053564,344.968265,71.650227,1,"""\n"""
phase2-full-grid-rerun-20260731-l4-l4-tp1-f2040-i32-o32-r10-rep2-seg1-attempt2,phase2-full-grid-rerun-20260731-l4-l4-tp1-f2040-i32-o32-r10-rep2-seg1-attempt2-00091-0f6f76655513,3,3,0,1,1064,server_token_ids,1785511571487384538,405.299239,60.330974,2,"""##"""
phase2-full-grid-rerun-20260731-l4-l4-tp1-f2040-i32-o32-r10-rep2-seg1-attempt2,phase2-full-grid-rerun-20260731-l4-l4-tp1-f2040-i32-o32-r10-rep2-seg1-attempt2-00091-0f6f76655513,4,4,0,1,28705,server_token_ids,1785511571552610401,470.525102,65.225863,1,""" """
phase2-full-grid-rerun-20260731-l4-l4-tp1-f2040-i32-o32-r10-rep2-seg1-attempt2,phase2-full-grid-rerun-20260731-l4-l4-tp1-f2040-i32-o32-r10-rep2-seg1-attempt2-00091-0f6f76655513,5,5,0,1,28740,server_token_ids,1785511571617652763,535.567464,65.042362,1,"""1"""
phase2-full-grid-rerun-20260731-l4-l4-tp1-f2040-i32-o32-r10-rep2-seg1-attempt2,phase2-full-grid-rerun-20260731-l4-l4-tp1-f2040-i32-o32-r10-rep2-seg1-attempt2-00091-0f6f76655513,6,6,0,1,28723,server_token_ids,1785511571688697549,606.61225,71.044786,1,"""."""
phase2-full-grid-rerun-20260731-l4-l4-tp1-f2040-i32-o32-r10-rep2-seg1-attempt2,phase2-full-grid-rerun-20260731-l4-l4-tp1-f2040-i32-o32-r10-rep2-seg1-attempt2-00091-0f6f76655513,7,7,0,1,23628,server_token_ids,1785511571762355525,680.270226,73.657976,13,""" Introduction"""
phase2-full-grid-rerun-20260731-l4-l4-tp1-f2040-i32-o32-r10-rep2-seg1-attempt2,phase2-full-grid-rerun-20260731-l4-l4-tp1-f2040-i32-o32-r10-rep2-seg1-attempt2-00091-0f6f76655513,8,8,0,1,13,server_token_ids,1785511571816626158,734.540859,54.270633,1,"""\n"""
phase2-full-grid-rerun-20260731-l4-l4-tp1-f2040-i32-o32-r10-rep2-seg1-attempt2,phase2-full-grid-rerun-20260731-l4-l4-tp1-f2040-i32-o32-r10-rep2-seg1-attempt2-00091-0f6f76655513,9,9,0,1,13,server_token_ids,1785511571889275458,807.190159,72.6493,1,"""\n"""
phase2-full-grid-rerun-20260731-l4-l4-tp1-f2040-i32-o32-r10-rep2-seg1-attempt2,phase2-full-grid-rerun-20260731-l4-l4-tp1-f2040-i32-o32-r10-rep2-seg1-attempt2-00091-0f6f76655513,10,10,0,1,1014,server_token_ids,1785511571958315584,876.230285,69.040126,3,"""The"""
phase2-full-grid-rerun-20260731-l4-l4-tp1-f2040-i32-o32-r10-rep2-seg1-attempt2,phase2-full-grid-rerun-20260731-l4-l4-tp1-f2040-i32-o32-r10-rep2-seg1-attempt2-00091-0f6f76655513,11,11,0,1,6503,server_token_ids,1785511572015693130,933.607831,57.377546,4,""" aim"""
phase2-full-grid-rerun-20260731-l4-l4-tp1-f2040-i32-o32-r10-rep2-seg1-attempt2,phase2-full-grid-rerun-20260731-l4-l4-tp1-f2040-i32-o32-r10-rep2-seg1-attempt2-00091-0f6f76655513,12,12,0,1,302,server_token_ids,1785511572089160339,1007.07504,73.467209,3,""" of"""
phase2-full-grid-rerun-20260731-l4-l4-tp1-f2040-i32-o32-r10-rep2-seg1-attempt2,phase2-full-grid-rerun-20260731-l4-l4-tp1-f2040-i32-o32-r10-rep2-seg1-attempt2-00091-0f6f76655513,13,13,0,1,456,server_token_ids,1785511572152499697,1070.414398,63.339358,5,""" this"""
phase2-full-grid-rerun-20260731-l4-l4-tp1-f2040-i32-o32-r10-rep2-seg1-attempt2,phase2-full-grid-rerun-20260731-l4-l4-tp1-f2040-i32-o32-r10-rep2-seg1-attempt2-00091-0f6f76655513,14,14,0,1,3830,server_token_ids,1785511572214897609,1132.81231,62.397912,6,""" paper"""
phase2-full-grid-rerun-20260731-l4-l4-tp1-f2040-i32-o32-r10-rep2-seg1-attempt2,phase2-full-grid-rerun-20260731-l4-l4-tp1-f2040-i32-o32-r10-rep2-seg1-attempt2-00091-0f6f76655513,15,15,0,1,349,server_token_ids,1785511572283199554,1201.114255,68.301945,3,""" is"""
phase2-full-grid-rerun-20260731-l4-l4-tp1-f2040-i32-o32-r10-rep2-seg1-attempt2,phase2-full-grid-rerun-20260731-l4-l4-tp1-f2040-i32-o32-r10-rep2-seg1-attempt2-00091-0f6f76655513,16,16,0,1,298,server_token_ids,1785511572358024870,1275.939571,74.825316,3,""" to"""
phase2-full-grid-rerun-20260731-l4-l4-tp1-f2040-i32-o32-r10-rep2-seg1-attempt2,phase2-full-grid-rerun-20260731-l4-l4-tp1-f2040-i32-o32-r10-rep2-seg1-attempt2-00091-0f6f76655513,17,17,0,1,2169,server_token_ids,1785511572413549386,1331.464087,55.524516,8,""" present"""
phase2-full-grid-rerun-20260731-l4-l4-tp1-f2040-i32-o32-r10-rep2-seg1-attempt2,phase2-full-grid-rerun-20260731-l4-l4-tp1-f2040-i32-o32-r10-rep2-seg1-attempt2-00091-0f6f76655513,18,18,0,1,264,server_token_ids,1785511572481589627,1399.504328,68.040241,2,""" a"""
phase2-full-grid-rerun-20260731-l4-l4-tp1-f2040-i32-o32-r10-rep2-seg1-attempt2,phase2-full-grid-rerun-20260731-l4-l4-tp1-f2040-i32-o32-r10-rep2-seg1-attempt2-00091-0f6f76655513,19,19,0,1,633,server_token_ids,1785511572556650380,1474.565081,75.060753,4,""" new"""
phase2-full-grid-rerun-20260731-l4-l4-tp1-f2040-i32-o32-r10-rep2-seg1-attempt2,phase2-full-grid-rerun-20260731-l4-l4-tp1-f2040-i32-o32-r10-rep2-seg1-attempt2-00091-0f6f76655513,20,20,0,1,2038,server_token_ids,1785511572612561693,1530.476394,55.911313,7,""" method"""
phase2-full-grid-rerun-20260731-l4-l4-tp1-f2040-i32-o32-r10-rep2-seg1-attempt2,phase2-full-grid-rerun-20260731-l4-l4-tp1-f2040-i32-o32-r10-rep2-seg1-attempt2-00091-0f6f76655513,21,21,0,1,354,server_token_ids,1785511572677845669,1595.76037,65.283976,4,""" for"""
phase2-full-grid-rerun-20260731-l4-l4-tp1-f2040-i32-o32-r10-rep2-seg1-attempt2,phase2-full-grid-rerun-20260731-l4-l4-tp1-f2040-i32-o32-r10-rep2-seg1-attempt2-00091-0f6f76655513,22,22,0,1,5122,server_token_ids,1785511572755237089,1673.15179,77.39142,10,""" construct"""
phase2-full-grid-rerun-20260731-l4-l4-tp1-f2040-i32-o32-r10-rep2-seg1-attempt2,phase2-full-grid-rerun-20260731-l4-l4-tp1-f2040-i32-o32-r10-rep2-seg1-attempt2-00091-0f6f76655513,23,23,0,1,288,server_token_ids,1785511572818933332,1736.848033,63.696243,3,"""ing"""
phase2-full-grid-rerun-20260731-l4-l4-tp1-f2040-i32-o32-r10-rep2-seg1-attempt2,phase2-full-grid-rerun-20260731-l4-l4-tp1-f2040-i32-o32-r10-rep2-seg1-attempt2-00091-0f6f76655513,24,24,0,1,272,server_token_ids,1785511572879193295,1797.107996,60.259963,4,""" the"""
phase2-full-grid-rerun-20260731-l4-l4-tp1-f2040-i32-o32-r10-rep2-seg1-attempt2,phase2-full-grid-rerun-20260731-l4-l4-tp1-f2040-i32-o32-r10-rep2-seg1-attempt2-00091-0f6f76655513,25,25,0,1,28705,server_token_ids,1785511572955943807,1873.858508,76.750512,1,""" """
phase2-full-grid-rerun-20260731-l4-l4-tp1-f2040-i32-o32-r10-rep2-seg1-attempt2,phase2-full-grid-rerun-20260731-l4-l4-tp1-f2040-i32-o32-r10-rep2-seg1-attempt2-00091-0f6f76655513,26,26,0,1,28750,server_token_ids,1785511573017903926,1935.818627,61.960119,1,"""2"""
phase2-full-grid-rerun-20260731-l4-l4-tp1-f2040-i32-o32-r10-rep2-seg1-attempt2,phase2-full-grid-rerun-20260731-l4-l4-tp1-f2040-i32-o32-r10-rep2-seg1-attempt2-00091-0f6f76655513,27,27,0,1,28733,server_token_ids,1785511573078639881,1996.554582,60.735955,1,"""-"""
phase2-full-grid-rerun-20260731-l4-l4-tp1-f2040-i32-o32-r10-rep2-seg1-attempt2,phase2-full-grid-rerun-20260731-l4-l4-tp1-f2040-i32-o32-r10-rep2-seg1-attempt2-00091-0f6f76655513,28,28,0,1,13267,server_token_ids,1785511573154952429,2072.86713,76.312548,11,"""dimensional"""
phase2-full-grid-rerun-20260731-l4-l4-tp1-f2040-i32-o32-r10-rep2-seg1-attempt2,phase2-full-grid-rerun-20260731-l4-l4-tp1-f2040-i32-o32-r10-rep2-seg1-attempt2-00091-0f6f76655513,29,29,0,1,1222,server_token_ids,1785511573209328382,2127.243083,54.375953,5,""" case"""
phase2-full-grid-rerun-20260731-l4-l4-tp1-f2040-i32-o32-r10-rep2-seg1-attempt2,phase2-full-grid-rerun-20260731-l4-l4-tp1-f2040-i32-o32-r10-rep2-seg1-attempt2-00091-0f6f76655513,30,30,0,1,302,server_token_ids,1785511573277565114,2195.479815,68.236732,3,""" of"""
phase2-full-grid-rerun-20260731-l4-l4-tp1-f2040-i32-o32-r10-rep2-seg1-attempt2,phase2-full-grid-rerun-20260731-l4-l4-tp1-f2040-i32-o32-r10-rep2-seg1-attempt2-00091-0f6f76655513,31,31,0,1,272,server_token_ids,1785511573345921971,2263.836672,68.356857,4,""" the"""
phase2-full-grid-rerun-20260731-l4-l4-tp1-f2040-i32-o32-r10-rep2-seg1-attempt2,phase2-full-grid-rerun-20260731-l4-l4-tp1-f2040-i32-o32-r10-rep2-seg1-attempt2-00092-774abd3e7d6e,0,0,0,1,346,server_token_ids,1785511571351603594,169.312443,,2,"""ly"""
phase2-full-grid-rerun-20260731-l4-l4-tp1-f2040-i32-o32-r10-rep2-seg1-attempt2,phase2-full-grid-rerun-20260731-l4-l4-tp1-f2040-i32-o32-r10-rep2-seg1-attempt2-00092-774abd3e7d6e,1,1,0,1,13,server_token_ids,1785511571417989735,235.698584,66.386141,1,"""\n"""
phase2-full-grid-rerun-20260731-l4-l4-tp1-f2040-i32-o32-r10-rep2-seg1-attempt2,phase2-full-grid-rerun-20260731-l4-l4-tp1-f2040-i32-o32-r10-rep2-seg1-attempt2-00092-774abd3e7d6e,2,2,0,1,13,server_token_ids,1785511571486490255,304.199104,68.50052,1,"""\n"""
phase2-full-grid-rerun-20260731-l4-l4-tp1-f2040-i32-o32-r10-rep2-seg1-attempt2,phase2-full-grid-rerun-20260731-l4-l4-tp1-f2040-i32-o32-r10-rep2-seg1-attempt2-00092-774abd3e7d6e,3,3,0,1,1014,server_token_ids,1785511571551518097,369.226946,65.027842,3,"""The"""
phase2-full-grid-rerun-20260731-l4-l4-tp1-f2040-i32-o32-r10-rep2-seg1-attempt2,phase2-full-grid-rerun-20260731-l4-l4-tp1-f2040-i32-o32-r10-rep2-seg1-attempt2-00092-774abd3e7d6e,4,4,0,1,28705,server_token_ids,1785511571616377566,434.086415,64.859469,1,""" """
phase2-full-grid-rerun-20260731-l4-l4-tp1-f2040-i32-o32-r10-rep2-seg1-attempt2,phase2-full-grid-rerun-20260731-l4-l4-tp1-f2040-i32-o32-r10-rep2-seg1-attempt2-00092-774abd3e7d6e,5,5,0,1,28750,server_token_ids,1785511571688002216,505.711065,71.62465,1,"""2"""
phase2-full-grid-rerun-20260731-l4-l4-tp1-f2040-i32-o32-r10-rep2-seg1-attempt2,phase2-full-grid-rerun-20260731-l4-l4-tp1-f2040-i32-o32-r10-rep2-seg1-attempt2-00092-774abd3e7d6e,6,6,0,1,28734,server_token_ids,1785511571759367907,577.076756,71.365691,1,"""0"""
phase2-full-grid-rerun-20260731-l4-l4-tp1-f2040-i32-o32-r10-rep2-seg1-attempt2,phase2-full-grid-rerun-20260731-l4-l4-tp1-f2040-i32-o32-r10-rep2-seg1-attempt2-00092-774abd3e7d6e,7,7,0,1,28740,server_token_ids,1785511571815204813,632.913662,55.836906,1,"""1"""
phase2-full-grid-rerun-20260731-l4-l4-tp1-f2040-i32-o32-r10-rep2-seg1-attempt2,phase2-full-grid-rerun-20260731-l4-l4-tp1-f2040-i32-o32-r10-rep2-seg1-attempt2-00092-774abd3e7d6e,8,8,0,1,28774,server_token_ids,1785511571887145850,704.854699,71.941037,1,"""9"""
phase2-full-grid-rerun-20260731-l4-l4-tp1-f2040-i32-o32-r10-rep2-seg1-attempt2,phase2-full-grid-rerun-20260731-l4-l4-tp1-f2040-i32-o32-r10-rep2-seg1-attempt2-00092-774abd3e7d6e,9,9,0,1,28733,server_token_ids,1785511571957342433,775.051282,70.196583,1,"""-"""
phase2-full-grid-rerun-20260731-l4-l4-tp1-f2040-i32-o32-r10-rep2-seg1-attempt2,phase2-full-grid-rerun-20260731-l4-l4-tp1-f2040-i32-o32-r10-rep2-seg1-attempt2-00092-774abd3e7d6e,10,10,0,1,28750,server_token_ids,1785511572014774781,832.48363,57.432348,1,"""2"""
phase2-full-grid-rerun-20260731-l4-l4-tp1-f2040-i32-o32-r10-rep2-seg1-attempt2,phase2-full-grid-rerun-20260731-l4-l4-tp1-f2040-i32-o32-r10-rep2-seg1-attempt2-00092-774abd3e7d6e,11,11,0,1,28734,server_token_ids,1785511572079929028,897.637877,65.154247,1,"""0"""
phase2-full-grid-rerun-20260731-l4-l4-tp1-f2040-i32-o32-r10-rep2-seg1-attempt2,phase2-full-grid-rerun-20260731-l4-l4-tp1-f2040-i32-o32-r10-rep2-seg1-attempt2-00092-774abd3e7d6e,12,12,0,1,21041,server_token_ids,1785511572148192184,965.901033,68.263156,4,""" NBA"""
phase2-full-grid-rerun-20260731-l4-l4-tp1-f2040-i32-o32-r10-rep2-seg1-attempt2,phase2-full-grid-rerun-20260731-l4-l4-tp1-f2040-i32-o32-r10-rep2-seg1-attempt2-00092-774abd3e7d6e,13,13,0,1,3302,server_token_ids,1785511572213983127,1031.691976,65.790943,7,""" season"""
phase2-full-grid-rerun-20260731-l4-l4-tp1-f2040-i32-o32-r10-rep2-seg1-attempt2,phase2-full-grid-rerun-20260731-l4-l4-tp1-f2040-i32-o32-r10-rep2-seg1-attempt2-00092-774abd3e7d6e,14,14,0,1,349,server_token_ids,1785511572279023402,1096.732251,65.040275,3,""" is"""
phase2-full-grid-rerun-20260731-l4-l4-tp1-f2040-i32-o32-r10-rep2-seg1-attempt2,phase2-full-grid-rerun-20260731-l4-l4-tp1-f2040-i32-o32-r10-rep2-seg1-attempt2-00092-774abd3e7d6e,15,15,0,1,297,server_token_ids,1785511572355878109,1173.586958,76.854707,3,""" in"""
phase2-full-grid-rerun-20260731-l4-l4-tp1-f2040-i32-o32-r10-rep2-seg1-attempt2,phase2-full-grid-rerun-20260731-l4-l4-tp1-f2040-i32-o32-r10-rep2-seg1-attempt2-00092-774abd3e7d6e,16,16,0,1,2173,server_token_ids,1785511572412279447,1229.988296,56.401338,5,""" full"""
phase2-full-grid-rerun-20260731-l4-l4-tp1-f2040-i32-o32-r10-rep2-seg1-attempt2,phase2-full-grid-rerun-20260731-l4-l4-tp1-f2040-i32-o32-r10-rep2-seg1-attempt2-00092-774abd3e7d6e,17,17,0,1,14088,server_token_ids,1785511572477910356,1295.619205,65.630909,6,""" swing"""
phase2-full-grid-rerun-20260731-l4-l4-tp1-f2040-i32-o32-r10-rep2-seg1-attempt2,phase2-full-grid-rerun-20260731-l4-l4-tp1-f2040-i32-o32-r10-rep2-seg1-attempt2-00092-774abd3e7d6e,18,18,0,1,28725,server_token_ids,1785511572555722777,1373.431626,77.812421,1,""","""
phase2-full-grid-rerun-20260731-l4-l4-tp1-f2040-i32-o32-r10-rep2-seg1-attempt2,phase2-full-grid-rerun-20260731-l4-l4-tp1-f2040-i32-o32-r10-rep2-seg1-attempt2-00092-774abd3e7d6e,19,19,0,1,304,server_token_ids,1785511572611598722,1429.307571,55.875945,4,""" and"""
phase2-full-grid-rerun-20260731-l4-l4-tp1-f2040-i32-o32-r10-rep2-seg1-attempt2,phase2-full-grid-rerun-20260731-l4-l4-tp1-f2040-i32-o32-r10-rep2-seg1-attempt2-00092-774abd3e7d6e,20,20,0,1,272,server_token_ids,1785511572676776159,1494.485008,65.177437,4,""" the"""
phase2-full-grid-rerun-20260731-l4-l4-tp1-f2040-i32-o32-r10-rep2-seg1-attempt2,phase2-full-grid-rerun-20260731-l4-l4-tp1-f2040-i32-o32-r10-rep2-seg1-attempt2-00092-774abd3e7d6e,21,21,0,1,10674,server_token_ids,1785511572747296614,1565.005463,70.520455,7,""" league"""
phase2-full-grid-rerun-20260731-l4-l4-tp1-f2040-i32-o32-r10-rep2-seg1-attempt2,phase2-full-grid-rerun-20260731-l4-l4-tp1-f2040-i32-o32-r10-rep2-seg1-attempt2-00092-774abd3e7d6e,22,22,0,1,349,server_token_ids,1785511572818277080,1635.985929,70.980466,3,""" is"""
phase2-full-grid-rerun-20260731-l4-l4-tp1-f2040-i32-o32-r10-rep2-seg1-attempt2,phase2-full-grid-rerun-20260731-l4-l4-tp1-f2040-i32-o32-r10-rep2-seg1-attempt2-00092-774abd3e7d6e,23,23,0,1,2141,server_token_ids,1785511572875600622,1693.309471,57.323542,8,""" already"""
phase2-full-grid-rerun-20260731-l4-l4-tp1-f2040-i32-o32-r10-rep2-seg1-attempt2,phase2-full-grid-rerun-20260731-l4-l4-tp1-f2040-i32-o32-r10-rep2-seg1-attempt2-00092-774abd3e7d6e,24,24,0,1,6252,server_token_ids,1785511572944644789,1762.353638,69.044167,7,""" seeing"""
phase2-full-grid-rerun-20260731-l4-l4-tp1-f2040-i32-o32-r10-rep2-seg1-attempt2,phase2-full-grid-rerun-20260731-l4-l4-tp1-f2040-i32-o32-r10-rep2-seg1-attempt2-00092-774abd3e7d6e,25,25,0,1,741,server_token_ids,1785511573008822835,1826.531684,64.178046,5,""" some"""
phase2-full-grid-rerun-20260731-l4-l4-tp1-f2040-i32-o32-r10-rep2-seg1-attempt2,phase2-full-grid-rerun-20260731-l4-l4-tp1-f2040-i32-o32-r10-rep2-seg1-attempt2-00092-774abd3e7d6e,26,26,0,1,302,server_token_ids,1785511573077446923,1895.155772,68.624088,3,""" of"""
phase2-full-grid-rerun-20260731-l4-l4-tp1-f2040-i32-o32-r10-rep2-seg1-attempt2,phase2-full-grid-rerun-20260731-l4-l4-tp1-f2040-i32-o32-r10-rep2-seg1-attempt2-00092-774abd3e7d6e,27,27,0,1,272,server_token_ids,1785511573154071088,1971.779937,76.624165,4,""" the"""
phase2-full-grid-rerun-20260731-l4-l4-tp1-f2040-i32-o32-r10-rep2-seg1-attempt2,phase2-full-grid-rerun-20260731-l4-l4-tp1-f2040-i32-o32-r10-rep2-seg1-attempt2-00092-774abd3e7d6e,28,28,0,1,1489,server_token_ids,1785511573207919415,2025.628264,53.848327,5,""" best"""
phase2-full-grid-rerun-20260731-l4-l4-tp1-f2040-i32-o32-r10-rep2-seg1-attempt2,phase2-full-grid-rerun-20260731-l4-l4-tp1-f2040-i32-o32-r10-rep2-seg1-attempt2-00092-774abd3e7d6e,29,29,0,1,16382,server_token_ids,1785511573276795682,2094.504531,68.876267,11,""" basketball"""
phase2-full-grid-rerun-20260731-l4-l4-tp1-f2040-i32-o32-r10-rep2-seg1-attempt2,phase2-full-grid-rerun-20260731-l4-l4-tp1-f2040-i32-o32-r10-rep2-seg1-attempt2-00092-774abd3e7d6e,30,30,0,1,297,server_token_ids,1785511573344684829,2162.393678,67.889147,3,""" in"""
phase2-full-grid-rerun-20260731-l4-l4-tp1-f2040-i32-o32-r10-rep2-seg1-attempt2,phase2-full-grid-rerun-20260731-l4-l4-tp1-f2040-i32-o32-r10-rep2-seg1-attempt2-00092-774abd3e7d6e,31,31,0,1,5391,server_token_ids,1785511573407647671,2225.35652,62.962842,7,""" recent"""
phase2-full-grid-rerun-20260731-l4-l4-tp1-f2040-i32-o32-r10-rep2-seg1-attempt2,phase2-full-grid-rerun-20260731-l4-l4-tp1-f2040-i32-o32-r10-rep2-seg1-attempt2-00093-656dfeb8396e,0,0,0,1,742,server_token_ids,1785511571487650914,206.11842,,4,"""ings"""
phase2-full-grid-rerun-20260731-l4-l4-tp1-f2040-i32-o32-r10-rep2-seg1-attempt2,phase2-full-grid-rerun-20260731-l4-l4-tp1-f2040-i32-o32-r10-rep2-seg1-attempt2-00093-656dfeb8396e,1,1,0,1,28725,server_token_ids,1785511571552834701,271.302207,65.183787,1,""","""
phase2-full-grid-rerun-20260731-l4-l4-tp1-f2040-i32-o32-r10-rep2-seg1-attempt2,phase2-full-grid-rerun-20260731-l4-l4-tp1-f2040-i32-o32-r10-rep2-seg1-attempt2-00093-656dfeb8396e,2,2,0,1,304,server_token_ids,1785511571617902087,336.369593,65.067386,4,""" and"""
phase2-full-grid-rerun-20260731-l4-l4-tp1-f2040-i32-o32-r10-rep2-seg1-attempt2,phase2-full-grid-rerun-20260731-l4-l4-tp1-f2040-i32-o32-r10-rep2-seg1-attempt2-00093-656dfeb8396e,3,3,0,1,272,server_token_ids,1785511571688849085,407.316591,70.946998,4,""" the"""
phase2-full-grid-rerun-20260731-l4-l4-tp1-f2040-i32-o32-r10-rep2-seg1-attempt2,phase2-full-grid-rerun-20260731-l4-l4-tp1-f2040-i32-o32-r10-rep2-seg1-attempt2-00093-656dfeb8396e,4,4,0,1,905,server_token_ids,1785511571762536039,481.003545,73.686954,7,""" people"""
phase2-full-grid-rerun-20260731-l4-l4-tp1-f2040-i32-o32-r10-rep2-seg1-attempt2,phase2-full-grid-rerun-20260731-l4-l4-tp1-f2040-i32-o32-r10-rep2-seg1-attempt2-00093-656dfeb8396e,5,5,0,1,302,server_token_ids,1785511571816785020,535.252526,54.248981,3,""" of"""
phase2-full-grid-rerun-20260731-l4-l4-tp1-f2040-i32-o32-r10-rep2-seg1-attempt2,phase2-full-grid-rerun-20260731-l4-l4-tp1-f2040-i32-o32-r10-rep2-seg1-attempt2-00093-656dfeb8396e,6,6,0,1,272,server_token_ids,1785511571889448042,607.915548,72.663022,4,""" the"""
phase2-full-grid-rerun-20260731-l4-l4-tp1-f2040-i32-o32-r10-rep2-seg1-attempt2,phase2-full-grid-rerun-20260731-l4-l4-tp1-f2040-i32-o32-r10-rep2-seg1-attempt2-00093-656dfeb8396e,7,7,0,1,2533,server_token_ids,1785511571958466022,676.933528,69.01798,5,""" land"""
phase2-full-grid-rerun-20260731-l4-l4-tp1-f2040-i32-o32-r10-rep2-seg1-attempt2,phase2-full-grid-rerun-20260731-l4-l4-tp1-f2040-i32-o32-r10-rep2-seg1-attempt2-00093-656dfeb8396e,8,8,0,1,4248,server_token_ids,1785511572015849928,734.317434,57.383906,8,""" brought"""
phase2-full-grid-rerun-20260731-l4-l4-tp1-f2040-i32-o32-r10-rep2-seg1-attempt2,phase2-full-grid-rerun-20260731-l4-l4-tp1-f2040-i32-o32-r10-rep2-seg1-attempt2-00093-656dfeb8396e,9,9,0,1,1933,server_token_ids,1785511572089327454,807.79496,73.477526,5,""" free"""
phase2-full-grid-rerun-20260731-l4-l4-tp1-f2040-i32-o32-r10-rep2-seg1-attempt2,phase2-full-grid-rerun-20260731-l4-l4-tp1-f2040-i32-o32-r10-rep2-seg1-attempt2-00093-656dfeb8396e,10,10,0,1,13185,server_token_ids,1785511572152654150,871.121656,63.326696,4,"""will"""
phase2-full-grid-rerun-20260731-l4-l4-tp1-f2040-i32-o32-r10-rep2-seg1-attempt2,phase2-full-grid-rerun-20260731-l4-l4-tp1-f2040-i32-o32-r10-rep2-seg1-attempt2-00093-656dfeb8396e,11,11,0,1,2405,server_token_ids,1785511572215061447,933.528953,62.407297,6,""" offer"""
phase2-full-grid-rerun-20260731-l4-l4-tp1-f2040-i32-o32-r10-rep2-seg1-attempt2,phase2-full-grid-rerun-20260731-l4-l4-tp1-f2040-i32-o32-r10-rep2-seg1-attempt2-00093-656dfeb8396e,12,12,0,1,742,server_token_ids,1785511572283350396,1001.817902,68.288949,4,"""ings"""
phase2-full-grid-rerun-20260731-l4-l4-tp1-f2040-i32-o32-r10-rep2-seg1-attempt2,phase2-full-grid-rerun-20260731-l4-l4-tp1-f2040-i32-o32-r10-rep2-seg1-attempt2-00093-656dfeb8396e,13,13,0,1,354,server_token_ids,1785511572358177175,1076.644681,74.826779,4,""" for"""
phase2-full-grid-rerun-20260731-l4-l4-tp1-f2040-i32-o32-r10-rep2-seg1-attempt2,phase2-full-grid-rerun-20260731-l4-l4-tp1-f2040-i32-o32-r10-rep2-seg1-attempt2-00093-656dfeb8396e,14,14,0,1,272,server_token_ids,1785511572413828738,1132.296244,55.651563,4,""" the"""
phase2-full-grid-rerun-20260731-l4-l4-tp1-f2040-i32-o32-r10-rep2-seg1-attempt2,phase2-full-grid-rerun-20260731-l4-l4-tp1-f2040-i32-o32-r10-rep2-seg1-attempt2-00093-656dfeb8396e,15,15,0,1,2134,server_token_ids,1785511572481669339,1200.136845,67.840601,6,""" house"""
phase2-full-grid-rerun-20260731-l4-l4-tp1-f2040-i32-o32-r10-rep2-seg1-attempt2,phase2-full-grid-rerun-20260731-l4-l4-tp1-f2040-i32-o32-r10-rep2-seg1-attempt2-00093-656dfeb8396e,16,16,0,1,302,server_token_ids,1785511572556724521,1275.192027,75.055182,3,""" of"""
phase2-full-grid-rerun-20260731-l4-l4-tp1-f2040-i32-o32-r10-rep2-seg1-attempt2,phase2-full-grid-rerun-20260731-l4-l4-tp1-f2040-i32-o32-r10-rep2-seg1-attempt2-00093-656dfeb8396e,17,17,0,1,2499,server_token_ids,1785511572612712142,1331.179648,55.987621,4,""" God"""
phase2-full-grid-rerun-20260731-l4-l4-tp1-f2040-i32-o32-r10-rep2-seg1-attempt2,phase2-full-grid-rerun-20260731-l4-l4-tp1-f2040-i32-o32-r10-rep2-seg1-attempt2-00093-656dfeb8396e,18,18,0,1,28723,server_token_ids,1785511572680644884,1399.11239,67.932742,1,"""."""
phase2-full-grid-rerun-20260731-l4-l4-tp1-f2040-i32-o32-r10-rep2-seg1-attempt2,phase2-full-grid-rerun-20260731-l4-l4-tp1-f2040-i32-o32-r10-rep2-seg1-attempt2-00093-656dfeb8396e,19,19,0,1,13,server_token_ids,1785511572755522700,1473.990206,74.877816,1,"""\n"""
phase2-full-grid-rerun-20260731-l4-l4-tp1-f2040-i32-o32-r10-rep2-seg1-attempt2,phase2-full-grid-rerun-20260731-l4-l4-tp1-f2040-i32-o32-r10-rep2-seg1-attempt2-00093-656dfeb8396e,20,20,0,1,13,server_token_ids,1785511572819175589,1537.643095,63.652889,1,"""\n"""
phase2-full-grid-rerun-20260731-l4-l4-tp1-f2040-i32-o32-r10-rep2-seg1-attempt2,phase2-full-grid-rerun-20260731-l4-l4-tp1-f2040-i32-o32-r10-rep2-seg1-attempt2-00093-656dfeb8396e,21,21,0,1,1064,server_token_ids,1785511572879414650,1597.882156,60.239061,2,"""##"""
phase2-full-grid-rerun-20260731-l4-l4-tp1-f2040-i32-o32-r10-rep2-seg1-attempt2,phase2-full-grid-rerun-20260731-l4-l4-tp1-f2040-i32-o32-r10-rep2-seg1-attempt2-00093-656dfeb8396e,22,22,0,1,28705,server_token_ids,1785511572956168337,1674.635843,76.753687,1,""" """
phase2-full-grid-rerun-20260731-l4-l4-tp1-f2040-i32-o32-r10-rep2-seg1-attempt2,phase2-full-grid-rerun-20260731-l4-l4-tp1-f2040-i32-o32-r10-rep2-seg1-attempt2-00093-656dfeb8396e,23,23,0,1,28740,server_token_ids,1785511573018113328,1736.580834,61.944991,1,"""1"""
phase2-full-grid-rerun-20260731-l4-l4-tp1-f2040-i32-o32-r10-rep2-seg1-attempt2,phase2-full-grid-rerun-20260731-l4-l4-tp1-f2040-i32-o32-r10-rep2-seg1-attempt2-00093-656dfeb8396e,24,24,0,1,23967,server_token_ids,1785511573078850176,1797.317682,60.736848,6,""" Chron"""
phase2-full-grid-rerun-20260731-l4-l4-tp1-f2040-i32-o32-r10-rep2-seg1-attempt2,phase2-full-grid-rerun-20260731-l4-l4-tp1-f2040-i32-o32-r10-rep2-seg1-attempt2-00093-656dfeb8396e,25,25,0,1,4992,server_token_ids,1785511573155177992,1873.645498,76.327816,5,"""icles"""
phase2-full-grid-rerun-20260731-l4-l4-tp1-f2040-i32-o32-r10-rep2-seg1-attempt2,phase2-full-grid-rerun-20260731-l4-l4-tp1-f2040-i32-o32-r10-rep2-seg1-attempt2-00093-656dfeb8396e,26,26,0,1,28705,server_token_ids,1785511573209559532,1928.027038,54.38154,1,""" """
phase2-full-grid-rerun-20260731-l4-l4-tp1-f2040-i32-o32-r10-rep2-seg1-attempt2,phase2-full-grid-rerun-20260731-l4-l4-tp1-f2040-i32-o32-r10-rep2-seg1-attempt2-00093-656dfeb8396e,27,27,0,1,28750,server_token_ids,1785511573277785161,1996.252667,68.225629,1,"""2"""
phase2-full-grid-rerun-20260731-l4-l4-tp1-f2040-i32-o32-r10-rep2-seg1-attempt2,phase2-full-grid-rerun-20260731-l4-l4-tp1-f2040-i32-o32-r10-rep2-seg1-attempt2-00093-656dfeb8396e,28,28,0,1,28774,server_token_ids,1785511573346290901,2064.758407,68.50574,1,"""9"""
phase2-full-grid-rerun-20260731-l4-l4-tp1-f2040-i32-o32-r10-rep2-seg1-attempt2,phase2-full-grid-rerun-20260731-l4-l4-tp1-f2040-i32-o32-r10-rep2-seg1-attempt2-00093-656dfeb8396e,29,29,0,1,28747,server_token_ids,1785511573408639104,2127.10661,62.348203,1,""":"""
phase2-full-grid-rerun-20260731-l4-l4-tp1-f2040-i32-o32-r10-rep2-seg1-attempt2,phase2-full-grid-rerun-20260731-l4-l4-tp1-f2040-i32-o32-r10-rep2-seg1-attempt2-00093-656dfeb8396e,30,30,0,1,28740,server_token_ids,1785511573476902647,2195.370153,68.263543,1,"""1"""
phase2-full-grid-rerun-20260731-l4-l4-tp1-f2040-i32-o32-r10-rep2-seg1-attempt2,phase2-full-grid-rerun-20260731-l4-l4-tp1-f2040-i32-o32-r10-rep2-seg1-attempt2-00093-656dfeb8396e,31,31,0,1,28733,server_token_ids,1785511573545441177,2263.908683,68.53853,1,"""-"""
phase2-full-grid-rerun-20260731-l4-l4-tp1-f2040-i32-o32-r10-rep2-seg1-attempt2,phase2-full-grid-rerun-20260731-l4-l4-tp1-f2040-i32-o32-r10-rep2-seg1-attempt2-00094-bfb2944ac451,0,0,0,1,262,server_token_ids,1785511571549238982,167.377931,,2,"""in"""
phase2-full-grid-rerun-20260731-l4-l4-tp1-f2040-i32-o32-r10-rep2-seg1-attempt2,phase2-full-grid-rerun-20260731-l4-l4-tp1-f2040-i32-o32-r10-rep2-seg1-attempt2-00094-bfb2944ac451,1,1,0,1,2131,server_token_ids,1785511571616136857,234.275806,66.897875,5,"""ering"""
phase2-full-grid-rerun-20260731-l4-l4-tp1-f2040-i32-o32-r10-rep2-seg1-attempt2,phase2-full-grid-rerun-20260731-l4-l4-tp1-f2040-i32-o32-r10-rep2-seg1-attempt2-00094-bfb2944ac451,2,2,0,1,13,server_token_ids,1785511571687727039,305.865988,71.590182,1,"""\n"""
phase2-full-grid-rerun-20260731-l4-l4-tp1-f2040-i32-o32-r10-rep2-seg1-attempt2,phase2-full-grid-rerun-20260731-l4-l4-tp1-f2040-i32-o32-r10-rep2-seg1-attempt2-00094-bfb2944ac451,3,3,0,1,13,server_token_ids,1785511571749860664,367.999613,62.133625,1,"""\n"""
phase2-full-grid-rerun-20260731-l4-l4-tp1-f2040-i32-o32-r10-rep2-seg1-attempt2,phase2-full-grid-rerun-20260731-l4-l4-tp1-f2040-i32-o32-r10-rep2-seg1-attempt2-00094-bfb2944ac451,4,4,0,1,28771,server_token_ids,1785511571814958628,433.097577,65.097964,1,"""#"""
phase2-full-grid-rerun-20260731-l4-l4-tp1-f2040-i32-o32-r10-rep2-seg1-attempt2,phase2-full-grid-rerun-20260731-l4-l4-tp1-f2040-i32-o32-r10-rep2-seg1-attempt2-00094-bfb2944ac451,5,5,0,1,28705,server_token_ids,1785511571886911840,505.050789,71.953212,1,""" """
phase2-full-grid-rerun-20260731-l4-l4-tp1-f2040-i32-o32-r10-rep2-seg1-attempt2,phase2-full-grid-rerun-20260731-l4-l4-tp1-f2040-i32-o32-r10-rep2-seg1-attempt2-00094-bfb2944ac451,6,6,0,1,28740,server_token_ids,1785511571956628810,574.767759,69.71697,1,"""1"""
phase2-full-grid-rerun-20260731-l4-l4-tp1-f2040-i32-o32-r10-rep2-seg1-attempt2,phase2-full-grid-rerun-20260731-l4-l4-tp1-f2040-i32-o32-r10-rep2-seg1-attempt2-00094-bfb2944ac451,7,7,0,1,28734,server_token_ids,1785511572014091180,632.230129,57.46237,1,"""0"""
phase2-full-grid-rerun-20260731-l4-l4-tp1-f2040-i32-o32-r10-rep2-seg1-attempt2,phase2-full-grid-rerun-20260731-l4-l4-tp1-f2040-i32-o32-r10-rep2-seg1-attempt2-00094-bfb2944ac451,8,8,0,1,28734,server_token_ids,1785511572079688451,697.8274,65.597271,1,"""0"""
phase2-full-grid-rerun-20260731-l4-l4-tp1-f2040-i32-o32-r10-rep2-seg1-attempt2,phase2-full-grid-rerun-20260731-l4-l4-tp1-f2040-i32-o32-r10-rep2-seg1-attempt2-00094-bfb2944ac451,9,9,0,1,28823,server_token_ids,1785511572147961773,766.100722,68.273322,1,"""%"""
phase2-full-grid-rerun-20260731-l4-l4-tp1-f2040-i32-o32-r10-rep2-seg1-attempt2,phase2-full-grid-rerun-20260731-l4-l4-tp1-f2040-i32-o32-r10-rep2-seg1-attempt2-00094-bfb2944ac451,10,10,0,1,1641,server_token_ids,1785511572213330612,831.469561,65.368839,3,""" Pl"""
phase2-full-grid-rerun-20260731-l4-l4-tp1-f2040-i32-o32-r10-rep2-seg1-attempt2,phase2-full-grid-rerun-20260731-l4-l4-tp1-f2040-i32-o32-r10-rep2-seg1-attempt2-00094-bfb2944ac451,11,11,0,1,357,server_token_ids,1785511572278790122,896.929071,65.45951,2,"""ag"""
phase2-full-grid-rerun-20260731-l4-l4-tp1-f2040-i32-o32-r10-rep2-seg1-attempt2,phase2-full-grid-rerun-20260731-l4-l4-tp1-f2040-i32-o32-r10-rep2-seg1-attempt2-00094-bfb2944ac451,12,12,0,1,9043,server_token_ids,1785511572347211608,965.350557,68.421486,3,"""iar"""
phase2-full-grid-rerun-20260731-l4-l4-tp1-f2040-i32-o32-r10-rep2-seg1-attempt2,phase2-full-grid-rerun-20260731-l4-l4-tp1-f2040-i32-o32-r10-rep2-seg1-attempt2-00094-bfb2944ac451,13,13,0,1,1443,server_token_ids,1785511572412044647,1030.183596,64.833039,3,"""ism"""
phase2-full-grid-rerun-20260731-l4-l4-tp1-f2040-i32-o32-r10-rep2-seg1-attempt2,phase2-full-grid-rerun-20260731-l4-l4-tp1-f2040-i32-o32-r10-rep2-seg1-attempt2-00094-bfb2944ac451,14,14,0,1,5228,server_token_ids,1785511572477671539,1095.810488,65.626892,5,""" Free"""
phase2-full-grid-rerun-20260731-l4-l4-tp1-f2040-i32-o32-r10-rep2-seg1-attempt2,phase2-full-grid-rerun-20260731-l4-l4-tp1-f2040-i32-o32-r10-rep2-seg1-attempt2-00094-bfb2944ac451,15,15,0,1,24697,server_token_ids,1785511572548365370,1166.504319,70.693831,7,""" Papers"""
phase2-full-grid-rerun-20260731-l4-l4-tp1-f2040-i32-o32-r10-rep2-seg1-attempt2,phase2-full-grid-rerun-20260731-l4-l4-tp1-f2040-i32-o32-r10-rep2-seg1-attempt2-00094-bfb2944ac451,16,16,0,1,13,server_token_ids,1785511572610985243,1229.124192,62.619873,1,"""\n"""
phase2-full-grid-rerun-20260731-l4-l4-tp1-f2040-i32-o32-r10-rep2-seg1-attempt2,phase2-full-grid-rerun-20260731-l4-l4-tp1-f2040-i32-o32-r10-rep2-seg1-attempt2-00094-bfb2944ac451,17,17,0,1,13,server_token_ids,1785511572676617267,1294.756216,65.632024,1,"""\n"""
phase2-full-grid-rerun-20260731-l4-l4-tp1-f2040-i32-o32-r10-rep2-seg1-attempt2,phase2-full-grid-rerun-20260731-l4-l4-tp1-f2040-i32-o32-r10-rep2-seg1-attempt2-00094-bfb2944ac451,18,18,0,1,1064,server_token_ids,1785511572744766711,1362.90566,68.149444,2,"""##"""
phase2-full-grid-rerun-20260731-l4-l4-tp1-f2040-i32-o32-r10-rep2-seg1-attempt2,phase2-full-grid-rerun-20260731-l4-l4-tp1-f2040-i32-o32-r10-rep2-seg1-attempt2-00094-bfb2944ac451,19,19,0,1,28705,server_token_ids,1785511572810009290,1428.148239,65.242579,1,""" """
phase2-full-grid-rerun-20260731-l4-l4-tp1-f2040-i32-o32-r10-rep2-seg1-attempt2,phase2-full-grid-rerun-20260731-l4-l4-tp1-f2040-i32-o32-r10-rep2-seg1-attempt2-00094-bfb2944ac451,20,20,0,1,28740,server_token_ids,1785511572875359835,1493.498784,65.350545,1,"""1"""
phase2-full-grid-rerun-20260731-l4-l4-tp1-f2040-i32-o32-r10-rep2-seg1-attempt2,phase2-full-grid-rerun-20260731-l4-l4-tp1-f2040-i32-o32-r10-rep2-seg1-attempt2-00094-bfb2944ac451,21,21,0,1,28734,server_token_ids,1785511572944402222,1562.541171,69.042387,1,"""0"""
phase2-full-grid-rerun-20260731-l4-l4-tp1-f2040-i32-o32-r10-rep2-seg1-attempt2,phase2-full-grid-rerun-20260731-l4-l4-tp1-f2040-i32-o32-r10-rep2-seg1-attempt2-00094-bfb2944ac451,22,22,0,1,28734,server_token_ids,1785511573008447650,1626.586599,64.045428,1,"""0"""
phase2-full-grid-rerun-20260731-l4-l4-tp1-f2040-i32-o32-r10-rep2-seg1-attempt2,phase2-full-grid-rerun-20260731-l4-l4-tp1-f2040-i32-o32-r10-rep2-seg1-attempt2-00094-bfb2944ac451,23,23,0,1,28823,server_token_ids,1785511573077265725,1695.404674,68.818075,1,"""%"""
phase2-full-grid-rerun-20260731-l4-l4-tp1-f2040-i32-o32-r10-rep2-seg1-attempt2,phase2-full-grid-rerun-20260731-l4-l4-tp1-f2040-i32-o32-r10-rep2-seg1-attempt2-00094-bfb2944ac451,24,24,0,1,1641,server_token_ids,1785511573145679408,1763.818357,68.413683,3,""" Pl"""
phase2-full-grid-rerun-20260731-l4-l4-tp1-f2040-i32-o32-r10-rep2-seg1-attempt2,phase2-full-grid-rerun-20260731-l4-l4-tp1-f2040-i32-o32-r10-rep2-seg1-attempt2-00094-bfb2944ac451,25,25,0,1,357,server_token_ids,1785511573207765546,1825.904495,62.086138,2,"""ag"""
phase2-full-grid-rerun-20260731-l4-l4-tp1-f2040-i32-o32-r10-rep2-seg1-attempt2,phase2-full-grid-rerun-20260731-l4-l4-tp1-f2040-i32-o32-r10-rep2-seg1-attempt2-00094-bfb2944ac451,26,26,0,1,9043,server_token_ids,1785511573273675032,1891.813981,65.909486,3,"""iar"""
phase2-full-grid-rerun-20260731-l4-l4-tp1-f2040-i32-o32-r10-rep2-seg1-attempt2,phase2-full-grid-rerun-20260731-l4-l4-tp1-f2040-i32-o32-r10-rep2-seg1-attempt2-00094-bfb2944ac451,27,27,0,1,1443,server_token_ids,1785511573344432804,1962.571753,70.757772,3,"""ism"""
phase2-full-grid-rerun-20260731-l4-l4-tp1-f2040-i32-o32-r10-rep2-seg1-attempt2,phase2-full-grid-rerun-20260731-l4-l4-tp1-f2040-i32-o32-r10-rep2-seg1-attempt2-00094-bfb2944ac451,28,28,0,1,5228,server_token_ids,1785511573406941909,2025.080858,62.509105,5,""" Free"""
phase2-full-grid-rerun-20260731-l4-l4-tp1-f2040-i32-o32-r10-rep2-seg1-attempt2,phase2-full-grid-rerun-20260731-l4-l4-tp1-f2040-i32-o32-r10-rep2-seg1-attempt2-00094-bfb2944ac451,29,29,0,1,24697,server_token_ids,1785511573473227243,2091.366192,66.285334,7,""" Papers"""
phase2-full-grid-rerun-20260731-l4-l4-tp1-f2040-i32-o32-r10-rep2-seg1-attempt2,phase2-full-grid-rerun-20260731-l4-l4-tp1-f2040-i32-o32-r10-rep2-seg1-attempt2-00094-bfb2944ac451,30,30,0,1,13,server_token_ids,1785511573540738013,2158.876962,67.51077,1,"""\n"""
phase2-full-grid-rerun-20260731-l4-l4-tp1-f2040-i32-o32-r10-rep2-seg1-attempt2,phase2-full-grid-rerun-20260731-l4-l4-tp1-f2040-i32-o32-r10-rep2-seg1-attempt2-00094-bfb2944ac451,31,31,0,1,13,server_token_ids,1785511573605795709,2223.934658,65.057696,1,"""\n"""
phase2-full-grid-rerun-20260731-l4-l4-tp1-f2040-i32-o32-r10-rep2-seg1-attempt2,phase2-full-grid-rerun-20260731-l4-l4-tp1-f2040-i32-o32-r10-rep2-seg1-attempt2-00095-0120f6c6428e,0,0,0,1,28713,server_token_ids,1785511571686582965,205.329533,,1,"""s"""
phase2-full-grid-rerun-20260731-l4-l4-tp1-f2040-i32-o32-r10-rep2-seg1-attempt2,phase2-full-grid-rerun-20260731-l4-l4-tp1-f2040-i32-o32-r10-rep2-seg1-attempt2-00095-0120f6c6428e,1,1,0,1,13,server_token_ids,1785511571749777778,268.524346,63.194813,1,"""\n"""
phase2-full-grid-rerun-20260731-l4-l4-tp1-f2040-i32-o32-r10-rep2-seg1-attempt2,phase2-full-grid-rerun-20260731-l4-l4-tp1-f2040-i32-o32-r10-rep2-seg1-attempt2-00095-0120f6c6428e,2,2,0,1,13,server_token_ids,1785511571814874099,333.620667,65.096321,1,"""\n"""
phase2-full-grid-rerun-20260731-l4-l4-tp1-f2040-i32-o32-r10-rep2-seg1-attempt2,phase2-full-grid-rerun-20260731-l4-l4-tp1-f2040-i32-o32-r10-rep2-seg1-attempt2-00095-0120f6c6428e,3,3,0,1,28771,server_token_ids,1785511571886825994,405.572562,71.951895,1,"""#"""
phase2-full-grid-rerun-20260731-l4-l4-tp1-f2040-i32-o32-r10-rep2-seg1-attempt2,phase2-full-grid-rerun-20260731-l4-l4-tp1-f2040-i32-o32-r10-rep2-seg1-attempt2-00095-0120f6c6428e,4,4,0,1,28705,server_token_ids,1785511571956544142,475.29071,69.718148,1,""" """
phase2-full-grid-rerun-20260731-l4-l4-tp1-f2040-i32-o32-r10-rep2-seg1-attempt2,phase2-full-grid-rerun-20260731-l4-l4-tp1-f2040-i32-o32-r10-rep2-seg1-attempt2-00095-0120f6c6428e,5,5,0,1,28740,server_token_ids,1785511572014010548,532.757116,57.466406,1,"""1"""
phase2-full-grid-rerun-20260731-l4-l4-tp1-f2040-i32-o32-r10-rep2-seg1-attempt2,phase2-full-grid-rerun-20260731-l4-l4-tp1-f2040-i32-o32-r10-rep2-seg1-attempt2-00095-0120f6c6428e,6,6,0,1,28723,server_token_ids,1785511572079606732,598.3533,65.596184,1,"""."""
phase2-full-grid-rerun-20260731-l4-l4-tp1-f2040-i32-o32-r10-rep2-seg1-attempt2,phase2-full-grid-rerun-20260731-l4-l4-tp1-f2040-i32-o32-r10-rep2-seg1-attempt2-00095-0120f6c6428e,7,7,0,1,28740,server_token_ids,1785511572147881195,666.627763,68.274463,1,"""1"""
phase2-full-grid-rerun-20260731-l4-l4-tp1-f2040-i32-o32-r10-rep2-seg1-attempt2,phase2-full-grid-rerun-20260731-l4-l4-tp1-f2040-i32-o32-r10-rep2-seg1-attempt2-00095-0120f6c6428e,8,8,0,1,28723,server_token_ids,1785511572213247432,731.994,65.366237,1,"""."""
phase2-full-grid-rerun-20260731-l4-l4-tp1-f2040-i32-o32-r10-rep2-seg1-attempt2,phase2-full-grid-rerun-20260731-l4-l4-tp1-f2040-i32-o32-r10-rep2-seg1-attempt2-00095-0120f6c6428e,9,9,0,1,28740,server_token_ids,1785511572278706740,797.453308,65.459308,1,"""1"""
phase2-full-grid-rerun-20260731-l4-l4-tp1-f2040-i32-o32-r10-rep2-seg1-attempt2,phase2-full-grid-rerun-20260731-l4-l4-tp1-f2040-i32-o32-r10-rep2-seg1-attempt2-00095-0120f6c6428e,10,10,0,1,28723,server_token_ids,1785511572347129094,865.875662,68.422354,1,"""."""
phase2-full-grid-rerun-20260731-l4-l4-tp1-f2040-i32-o32-r10-rep2-seg1-attempt2,phase2-full-grid-rerun-20260731-l4-l4-tp1-f2040-i32-o32-r10-rep2-seg1-attempt2-00095-0120f6c6428e,11,11,0,1,28740,server_token_ids,1785511572411963285,930.709853,64.834191,1,"""1"""
phase2-full-grid-rerun-20260731-l4-l4-tp1-f2040-i32-o32-r10-rep2-seg1-attempt2,phase2-full-grid-rerun-20260731-l4-l4-tp1-f2040-i32-o32-r10-rep2-seg1-attempt2-00095-0120f6c6428e,12,12,0,1,28723,server_token_ids,1785511572477585930,996.332498,65.622645,1,"""."""
phase2-full-grid-rerun-20260731-l4-l4-tp1-f2040-i32-o32-r10-rep2-seg1-attempt2,phase2-full-grid-rerun-20260731-l4-l4-tp1-f2040-i32-o32-r10-rep2-seg1-attempt2-00095-0120f6c6428e,13,13,0,1,28740,server_token_ids,1785511572545725780,1064.472348,68.13985,1,"""1"""
phase2-full-grid-rerun-20260731-l4-l4-tp1-f2040-i32-o32-r10-rep2-seg1-attempt2,phase2-full-grid-rerun-20260731-l4-l4-tp1-f2040-i32-o32-r10-rep2-seg1-attempt2-00095-0120f6c6428e,14,14,0,1,28723,server_token_ids,1785511572610821285,1129.567853,65.095505,1,"""."""
phase2-full-grid-rerun-20260731-l4-l4-tp1-f2040-i32-o32-r10-rep2-seg1-attempt2,phase2-full-grid-rerun-20260731-l4-l4-tp1-f2040-i32-o32-r10-rep2-seg1-attempt2-00095-0120f6c6428e,15,15,0,1,28740,server_token_ids,1785511572676449709,1195.196277,65.628424,1,"""1"""
phase2-full-grid-rerun-20260731-l4-l4-tp1-f2040-i32-o32-r10-rep2-seg1-attempt2,phase2-full-grid-rerun-20260731-l4-l4-tp1-f2040-i32-o32-r10-rep2-seg1-attempt2-00095-0120f6c6428e,16,16,0,1,28723,server_token_ids,1785511572744603607,1263.350175,68.153898,1,"""."""
phase2-full-grid-rerun-20260731-l4-l4-tp1-f2040-i32-o32-r10-rep2-seg1-attempt2,phase2-full-grid-rerun-20260731-l4-l4-tp1-f2040-i32-o32-r10-rep2-seg1-attempt2-00095-0120f6c6428e,17,17,0,1,28740,server_token_ids,1785511572809837212,1328.58378,65.233605,1,"""1"""
phase2-full-grid-rerun-20260731-l4-l4-tp1-f2040-i32-o32-r10-rep2-seg1-attempt2,phase2-full-grid-rerun-20260731-l4-l4-tp1-f2040-i32-o32-r10-rep2-seg1-attempt2-00095-0120f6c6428e,18,18,0,1,28723,server_token_ids,1785511572875284161,1394.030729,65.446949,1,"""."""
phase2-full-grid-rerun-20260731-l4-l4-tp1-f2040-i32-o32-r10-rep2-seg1-attempt2,phase2-full-grid-rerun-20260731-l4-l4-tp1-f2040-i32-o32-r10-rep2-seg1-attempt2-00095-0120f6c6428e,19,19,0,1,28740,server_token_ids,1785511572944323532,1463.0701,69.039371,1,"""1"""
phase2-full-grid-rerun-20260731-l4-l4-tp1-f2040-i32-o32-r10-rep2-seg1-attempt2,phase2-full-grid-rerun-20260731-l4-l4-tp1-f2040-i32-o32-r10-rep2-seg1-attempt2-00095-0120f6c6428e,20,20,0,1,28723,server_token_ids,1785511573008359408,1527.105976,64.035876,1,"""."""
phase2-full-grid-rerun-20260731-l4-l4-tp1-f2040-i32-o32-r10-rep2-seg1-attempt2,phase2-full-grid-rerun-20260731-l4-l4-tp1-f2040-i32-o32-r10-rep2-seg1-attempt2-00095-0120f6c6428e,21,21,0,1,28740,server_token_ids,1785511573074377081,1593.123649,66.017673,1,"""1"""
phase2-full-grid-rerun-20260731-l4-l4-tp1-f2040-i32-o32-r10-rep2-seg1-attempt2,phase2-full-grid-rerun-20260731-l4-l4-tp1-f2040-i32-o32-r10-rep2-seg1-attempt2-00095-0120f6c6428e,22,22,0,1,28723,server_token_ids,1785511573145506415,1664.252983,71.129334,1,"""."""
phase2-full-grid-rerun-20260731-l4-l4-tp1-f2040-i32-o32-r10-rep2-seg1-attempt2,phase2-full-grid-rerun-20260731-l4-l4-tp1-f2040-i32-o32-r10-rep2-seg1-attempt2-00095-0120f6c6428e,23,23,0,1,28740,server_token_ids,1785511573207596083,1726.342651,62.089668,1,"""1"""
phase2-full-grid-rerun-20260731-l4-l4-tp1-f2040-i32-o32-r10-rep2-seg1-attempt2,phase2-full-grid-rerun-20260731-l4-l4-tp1-f2040-i32-o32-r10-rep2-seg1-attempt2-00095-0120f6c6428e,24,24,0,1,28723,server_token_ids,1785511573273498080,1792.244648,65.901997,1,"""."""
phase2-full-grid-rerun-20260731-l4-l4-tp1-f2040-i32-o32-r10-rep2-seg1-attempt2,phase2-full-grid-rerun-20260731-l4-l4-tp1-f2040-i32-o32-r10-rep2-seg1-attempt2-00095-0120f6c6428e,25,25,0,1,28740,server_token_ids,1785511573344263628,1863.010196,70.765548,1,"""1"""
phase2-full-grid-rerun-20260731-l4-l4-tp1-f2040-i32-o32-r10-rep2-seg1-attempt2,phase2-full-grid-rerun-20260731-l4-l4-tp1-f2040-i32-o32-r10-rep2-seg1-attempt2-00095-0120f6c6428e,26,26,0,1,28723,server_token_ids,1785511573406780334,1925.526902,62.516706,1,"""."""
phase2-full-grid-rerun-20260731-l4-l4-tp1-f2040-i32-o32-r10-rep2-seg1-attempt2,phase2-full-grid-rerun-20260731-l4-l4-tp1-f2040-i32-o32-r10-rep2-seg1-attempt2-00095-0120f6c6428e,27,27,0,1,28740,server_token_ids,1785511573473071548,1991.818116,66.291214,1,"""1"""
phase2-full-grid-rerun-20260731-l4-l4-tp1-f2040-i32-o32-r10-rep2-seg1-attempt2,phase2-full-grid-rerun-20260731-l4-l4-tp1-f2040-i32-o32-r10-rep2-seg1-attempt2-00095-0120f6c6428e,28,28,0,1,28723,server_token_ids,1785511573540573295,2059.319863,67.501747,1,"""."""
phase2-full-grid-rerun-20260731-l4-l4-tp1-f2040-i32-o32-r10-rep2-seg1-attempt2,phase2-full-grid-rerun-20260731-l4-l4-tp1-f2040-i32-o32-r10-rep2-seg1-attempt2-00095-0120f6c6428e,29,29,0,1,28740,server_token_ids,1785511573605620514,2124.367082,65.047219,1,"""1"""
phase2-full-grid-rerun-20260731-l4-l4-tp1-f2040-i32-o32-r10-rep2-seg1-attempt2,phase2-full-grid-rerun-20260731-l4-l4-tp1-f2040-i32-o32-r10-rep2-seg1-attempt2-00095-0120f6c6428e,30,30,0,1,28723,server_token_ids,1785511573671091655,2189.838223,65.471141,1,"""."""
phase2-full-grid-rerun-20260731-l4-l4-tp1-f2040-i32-o32-r10-rep2-seg1-attempt2,phase2-full-grid-rerun-20260731-l4-l4-tp1-f2040-i32-o32-r10-rep2-seg1-attempt2-00095-0120f6c6428e,31,31,0,1,28740,server_token_ids,1785511573739502635,2258.249203,68.41098,1,"""1"""
phase2-full-grid-rerun-20260731-l4-l4-tp1-f2040-i32-o32-r10-rep2-seg1-attempt2,phase2-full-grid-rerun-20260731-l4-l4-tp1-f2040-i32-o32-r10-rep2-seg1-attempt2-00096-c20fd39d09a3,0,0,0,1,335,server_token_ids,1785511571760111023,177.924349,,2,"""if"""
phase2-full-grid-rerun-20260731-l4-l4-tp1-f2040-i32-o32-r10-rep2-seg1-attempt2,phase2-full-grid-rerun-20260731-l4-l4-tp1-f2040-i32-o32-r10-rep2-seg1-attempt2-00096-c20fd39d09a3,1,1,0,1,279,server_token_ids,1785511571816547486,234.360812,56.436463,2,"""it"""
phase2-full-grid-rerun-20260731-l4-l4-tp1-f2040-i32-o32-r10-rep2-seg1-attempt2,phase2-full-grid-rerun-20260731-l4-l4-tp1-f2040-i32-o32-r10-rep2-seg1-attempt2-00096-c20fd39d09a3,2,2,0,1,302,server_token_ids,1785511571887767007,305.580333,71.219521,3,""" of"""
phase2-full-grid-rerun-20260731-l4-l4-tp1-f2040-i32-o32-r10-rep2-seg1-attempt2,phase2-full-grid-rerun-20260731-l4-l4-tp1-f2040-i32-o32-r10-rep2-seg1-attempt2-00096-c20fd39d09a3,3,3,0,1,272,server_token_ids,1785511571958158266,375.971592,70.391259,4,""" the"""
phase2-full-grid-rerun-20260731-l4-l4-tp1-f2040-i32-o32-r10-rep2-seg1-attempt2,phase2-full-grid-rerun-20260731-l4-l4-tp1-f2040-i32-o32-r10-rep2-seg1-attempt2-00096-c20fd39d09a3,4,4,0,1,6217,server_token_ids,1785511572015531489,433.344815,57.373223,6,""" doubt"""
phase2-full-grid-rerun-20260731-l4-l4-tp1-f2040-i32-o32-r10-rep2-seg1-attempt2,phase2-full-grid-rerun-20260731-l4-l4-tp1-f2040-i32-o32-r10-rep2-seg1-attempt2-00096-c20fd39d09a3,5,5,0,1,28723,server_token_ids,1785511572089002328,506.815654,73.470839,1,"""."""
phase2-full-grid-rerun-20260731-l4-l4-tp1-f2040-i32-o32-r10-rep2-seg1-attempt2,phase2-full-grid-rerun-20260731-l4-l4-tp1-f2040-i32-o32-r10-rep2-seg1-attempt2-00096-c20fd39d09a3,6,6,0,1,13,server_token_ids,1785511572152332881,570.146207,63.330553,1,"""\n"""
phase2-full-grid-rerun-20260731-l4-l4-tp1-f2040-i32-o32-r10-rep2-seg1-attempt2,phase2-full-grid-rerun-20260731-l4-l4-tp1-f2040-i32-o32-r10-rep2-seg1-attempt2-00096-c20fd39d09a3,7,7,0,1,13,server_token_ids,1785511572214722685,632.536011,62.389804,1,"""\n"""
phase2-full-grid-rerun-20260731-l4-l4-tp1-f2040-i32-o32-r10-rep2-seg1-attempt2,phase2-full-grid-rerun-20260731-l4-l4-tp1-f2040-i32-o32-r10-rep2-seg1-attempt2-00096-c20fd39d09a3,8,8,0,1,28771,server_token_ids,1785511572283115812,700.929138,68.393127,1,"""#"""
phase2-full-grid-rerun-20260731-l4-l4-tp1-f2040-i32-o32-r10-rep2-seg1-attempt2,phase2-full-grid-rerun-20260731-l4-l4-tp1-f2040-i32-o32-r10-rep2-seg1-attempt2-00096-c20fd39d09a3,9,9,0,1,415,server_token_ids,1785511572357948754,775.76208,74.832942,4,""" The"""
phase2-full-grid-rerun-20260731-l4-l4-tp1-f2040-i32-o32-r10-rep2-seg1-attempt2,phase2-full-grid-rerun-20260731-l4-l4-tp1-f2040-i32-o32-r10-rep2-seg1-attempt2-00096-c20fd39d09a3,10,10,0,1,28705,server_token_ids,1785511572413466067,831.279393,55.517313,1,""" """
phase2-full-grid-rerun-20260731-l4-l4-tp1-f2040-i32-o32-r10-rep2-seg1-attempt2,phase2-full-grid-rerun-20260731-l4-l4-tp1-f2040-i32-o32-r10-rep2-seg1-attempt2-00096-c20fd39d09a3,11,11,0,1,28740,server_token_ids,1785511572481508651,899.321977,68.042584,1,"""1"""
phase2-full-grid-rerun-20260731-l4-l4-tp1-f2040-i32-o32-r10-rep2-seg1-attempt2,phase2-full-grid-rerun-20260731-l4-l4-tp1-f2040-i32-o32-r10-rep2-seg1-attempt2-00096-c20fd39d09a3,12,12,0,1,28734,server_token_ids,1785511572556577181,974.390507,75.06853,1,"""0"""
phase2-full-grid-rerun-20260731-l4-l4-tp1-f2040-i32-o32-r10-rep2-seg1-attempt2,phase2-full-grid-rerun-20260731-l4-l4-tp1-f2040-i32-o32-r10-rep2-seg1-attempt2-00096-c20fd39d09a3,13,13,0,1,5470,server_token_ids,1785511572612486845,1030.300171,55.909664,5,""" Best"""
phase2-full-grid-rerun-20260731-l4-l4-tp1-f2040-i32-o32-r10-rep2-seg1-attempt2,phase2-full-grid-rerun-20260731-l4-l4-tp1-f2040-i32-o32-r10-rep2-seg1-attempt2-00096-c20fd39d09a3,14,14,0,1,1641,server_token_ids,1785511572677772844,1095.58617,65.285999,3,""" Pl"""
phase2-full-grid-rerun-20260731-l4-l4-tp1-f2040-i32-o32-r10-rep2-seg1-attempt2,phase2-full-grid-rerun-20260731-l4-l4-tp1-f2040-i32-o32-r10-rep2-seg1-attempt2-00096-c20fd39d09a3,15,15,0,1,2089,server_token_ids,1785511572755121773,1172.935099,77.348929,4,"""aces"""
phase2-full-grid-rerun-20260731-l4-l4-tp1-f2040-i32-o32-r10-rep2-seg1-attempt2,phase2-full-grid-rerun-20260731-l4-l4-tp1-f2040-i32-o32-r10-rep2-seg1-attempt2-00096-c20fd39d09a3,16,16,0,1,298,server_token_ids,1785511572818850996,1236.664322,63.729223,3,""" to"""
phase2-full-grid-rerun-20260731-l4-l4-tp1-f2040-i32-o32-r10-rep2-seg1-attempt2,phase2-full-grid-rerun-20260731-l4-l4-tp1-f2040-i32-o32-r10-rep2-seg1-attempt2-00096-c20fd39d09a3,17,17,0,1,16660,server_token_ids,1785511572879121323,1296.934649,60.270327,6,""" Visit"""
phase2-full-grid-rerun-20260731-l4-l4-tp1-f2040-i32-o32-r10-rep2-seg1-attempt2,phase2-full-grid-rerun-20260731-l4-l4-tp1-f2040-i32-o32-r10-rep2-seg1-attempt2-00096-c20fd39d09a3,18,18,0,1,297,server_token_ids,1785511572955863875,1373.677201,76.742552,3,""" in"""
phase2-full-grid-rerun-20260731-l4-l4-tp1-f2040-i32-o32-r10-rep2-seg1-attempt2,phase2-full-grid-rerun-20260731-l4-l4-tp1-f2040-i32-o32-r10-rep2-seg1-attempt2-00096-c20fd39d09a3,19,19,0,1,272,server_token_ids,1785511573017824680,1435.638006,61.960805,4,""" the"""
phase2-full-grid-rerun-20260731-l4-l4-tp1-f2040-i32-o32-r10-rep2-seg1-attempt2,phase2-full-grid-rerun-20260731-l4-l4-tp1-f2040-i32-o32-r10-rep2-seg1-attempt2-00096-c20fd39d09a3,20,20,0,1,7035,server_token_ids,1785511573078562626,1496.375952,60.737946,4,""" USA"""
phase2-full-grid-rerun-20260731-l4-l4-tp1-f2040-i32-o32-r10-rep2-seg1-attempt2,phase2-full-grid-rerun-20260731-l4-l4-tp1-f2040-i32-o32-r10-rep2-seg1-attempt2-00096-c20fd39d09a3,21,21,0,1,13,server_token_ids,1785511573154879263,1572.692589,76.316637,1,"""\n"""
phase2-full-grid-rerun-20260731-l4-l4-tp1-f2040-i32-o32-r10-rep2-seg1-attempt2,phase2-full-grid-rerun-20260731-l4-l4-tp1-f2040-i32-o32-r10-rep2-seg1-attempt2-00096-c20fd39d09a3,22,22,0,1,13,server_token_ids,1785511573209255111,1627.068437,54.375848,1,"""\n"""
phase2-full-grid-rerun-20260731-l4-l4-tp1-f2040-i32-o32-r10-rep2-seg1-attempt2,phase2-full-grid-rerun-20260731-l4-l4-tp1-f2040-i32-o32-r10-rep2-seg1-attempt2-00096-c20fd39d09a3,23,23,0,1,1014,server_token_ids,1785511573277486715,1695.300041,68.231604,3,"""The"""
phase2-full-grid-rerun-20260731-l4-l4-tp1-f2040-i32-o32-r10-rep2-seg1-attempt2,phase2-full-grid-rerun-20260731-l4-l4-tp1-f2040-i32-o32-r10-rep2-seg1-attempt2-00096-c20fd39d09a3,24,24,0,1,2969,server_token_ids,1785511573345831646,1763.644972,68.344931,7,""" United"""
phase2-full-grid-rerun-20260731-l4-l4-tp1-f2040-i32-o32-r10-rep2-seg1-attempt2,phase2-full-grid-rerun-20260731-l4-l4-tp1-f2040-i32-o32-r10-rep2-seg1-attempt2-00096-c20fd39d09a3,25,25,0,1,3543,server_token_ids,1785511573408406754,1826.22008,62.575108,7,""" States"""
phase2-full-grid-rerun-20260731-l4-l4-tp1-f2040-i32-o32-r10-rep2-seg1-attempt2,phase2-full-grid-rerun-20260731-l4-l4-tp1-f2040-i32-o32-r10-rep2-seg1-attempt2-00096-c20fd39d09a3,26,26,0,1,302,server_token_ids,1785511573476590110,1894.403436,68.183356,3,""" of"""
phase2-full-grid-rerun-20260731-l4-l4-tp1-f2040-i32-o32-r10-rep2-seg1-attempt2,phase2-full-grid-rerun-20260731-l4-l4-tp1-f2040-i32-o32-r10-rep2-seg1-attempt2-00096-c20fd39d09a3,27,27,0,1,4352,server_token_ids,1785511573542049227,1959.862553,65.459117,8,""" America"""
phase2-full-grid-rerun-20260731-l4-l4-tp1-f2040-i32-o32-r10-rep2-seg1-attempt2,phase2-full-grid-rerun-20260731-l4-l4-tp1-f2040-i32-o32-r10-rep2-seg1-attempt2-00096-c20fd39d09a3,28,28,0,1,349,server_token_ids,1785511573613308677,2031.122003,71.25945,3,""" is"""
phase2-full-grid-rerun-20260731-l4-l4-tp1-f2040-i32-o32-r10-rep2-seg1-attempt2,phase2-full-grid-rerun-20260731-l4-l4-tp1-f2040-i32-o32-r10-rep2-seg1-attempt2-00096-c20fd39d09a3,29,29,0,1,264,server_token_ids,1785511573674412310,2092.225636,61.103633,2,""" a"""
phase2-full-grid-rerun-20260731-l4-l4-tp1-f2040-i32-o32-r10-rep2-seg1-attempt2,phase2-full-grid-rerun-20260731-l4-l4-tp1-f2040-i32-o32-r10-rep2-seg1-attempt2-00096-c20fd39d09a3,30,30,0,1,9555,server_token_ids,1785511573740591755,2158.405081,66.179445,5,""" vast"""
phase2-full-grid-rerun-20260731-l4-l4-tp1-f2040-i32-o32-r10-rep2-seg1-attempt2,phase2-full-grid-rerun-20260731-l4-l4-tp1-f2040-i32-o32-r10-rep2-seg1-attempt2-00096-c20fd39d09a3,31,31,0,1,2939,server_token_ids,1785511573802530592,2220.343918,61.938837,8,""" country"""
phase2-full-grid-rerun-20260731-l4-l4-tp1-f2040-i32-o32-r10-rep2-seg1-attempt2,phase2-full-grid-rerun-20260731-l4-l4-tp1-f2040-i32-o32-r10-rep2-seg1-attempt2-00097-60a359343233,0,0,0,1,2193,server_token_ids,1785511571887852336,206.113166,,4,"""ploy"""
phase2-full-grid-rerun-20260731-l4-l4-tp1-f2040-i32-o32-r10-rep2-seg1-attempt2,phase2-full-grid-rerun-20260731-l4-l4-tp1-f2040-i32-o32-r10-rep2-seg1-attempt2-00097-60a359343233,1,1,0,1,28706,server_token_ids,1785511571958239348,276.500178,70.387012,1,"""e"""
phase2-full-grid-rerun-20260731-l4-l4-tp1-f2040-i32-o32-r10-rep2-seg1-attempt2,phase2-full-grid-rerun-20260731-l4-l4-tp1-f2040-i32-o32-r10-rep2-seg1-attempt2-00097-60a359343233,2,2,0,1,263,server_token_ids,1785511572015611157,333.871987,57.371809,2,"""er"""
phase2-full-grid-rerun-20260731-l4-l4-tp1-f2040-i32-o32-r10-rep2-seg1-attempt2,phase2-full-grid-rerun-20260731-l4-l4-tp1-f2040-i32-o32-r10-rep2-seg1-attempt2-00097-60a359343233,3,3,0,1,366,server_token_ids,1785511572089081380,407.34221,73.470223,2,"""em"""
phase2-full-grid-rerun-20260731-l4-l4-tp1-f2040-i32-o32-r10-rep2-seg1-attempt2,phase2-full-grid-rerun-20260731-l4-l4-tp1-f2040-i32-o32-r10-rep2-seg1-attempt2-00097-60a359343233,4,4,0,1,2193,server_token_ids,1785511572152412953,470.673783,63.331573,4,"""ploy"""
phase2-full-grid-rerun-20260731-l4-l4-tp1-f2040-i32-o32-r10-rep2-seg1-attempt2,phase2-full-grid-rerun-20260731-l4-l4-tp1-f2040-i32-o32-r10-rep2-seg1-attempt2-00097-60a359343233,5,5,0,1,28706,server_token_ids,1785511572214814674,533.075504,62.401721,1,"""e"""
phase2-full-grid-rerun-20260731-l4-l4-tp1-f2040-i32-o32-r10-rep2-seg1-attempt2,phase2-full-grid-rerun-20260731-l4-l4-tp1-f2040-i32-o32-r10-rep2-seg1-attempt2-00097-60a359343233,6,6,0,1,263,server_token_ids,1785511572283032540,601.29337,68.217866,2,"""er"""
phase2-full-grid-rerun-20260731-l4-l4-tp1-f2040-i32-o32-r10-rep2-seg1-attempt2,phase2-full-grid-rerun-20260731-l4-l4-tp1-f2040-i32-o32-r10-rep2-seg1-attempt2-00097-60a359343233,7,7,0,1,366,server_token_ids,1785511572357876122,676.136952,74.843582,2,"""em"""
phase2-full-grid-rerun-20260731-l4-l4-tp1-f2040-i32-o32-r10-rep2-seg1-attempt2,phase2-full-grid-rerun-20260731-l4-l4-tp1-f2040-i32-o32-r10-rep2-seg1-attempt2-00097-60a359343233,8,8,0,1,2193,server_token_ids,1785511572413386366,731.647196,55.510244,4,"""ploy"""
phase2-full-grid-rerun-20260731-l4-l4-tp1-f2040-i32-o32-r10-rep2-seg1-attempt2,phase2-full-grid-rerun-20260731-l4-l4-tp1-f2040-i32-o32-r10-rep2-seg1-attempt2-00097-60a359343233,9,9,0,1,28706,server_token_ids,1785511572481412813,799.673643,68.026447,1,"""e"""
phase2-full-grid-rerun-20260731-l4-l4-tp1-f2040-i32-o32-r10-rep2-seg1-attempt2,phase2-full-grid-rerun-20260731-l4-l4-tp1-f2040-i32-o32-r10-rep2-seg1-attempt2-00097-60a359343233,10,10,0,1,263,server_token_ids,1785511572556505465,874.766295,75.092652,2,"""er"""
phase2-full-grid-rerun-20260731-l4-l4-tp1-f2040-i32-o32-r10-rep2-seg1-attempt2,phase2-full-grid-rerun-20260731-l4-l4-tp1-f2040-i32-o32-r10-rep2-seg1-attempt2-00097-60a359343233,11,11,0,1,366,server_token_ids,1785511572612401426,930.662256,55.895961,2,"""em"""
phase2-full-grid-rerun-20260731-l4-l4-tp1-f2040-i32-o32-r10-rep2-seg1-attempt2,phase2-full-grid-rerun-20260731-l4-l4-tp1-f2040-i32-o32-r10-rep2-seg1-attempt2-00097-60a359343233,12,12,0,1,2193,server_token_ids,1785511572677698581,995.959411,65.297155,4,"""ploy"""
phase2-full-grid-rerun-20260731-l4-l4-tp1-f2040-i32-o32-r10-rep2-seg1-attempt2,phase2-full-grid-rerun-20260731-l4-l4-tp1-f2040-i32-o32-r10-rep2-seg1-attempt2-00097-60a359343233,13,13,0,1,28706,server_token_ids,1785511572748033018,1066.293848,70.334437,1,"""e"""
phase2-full-grid-rerun-20260731-l4-l4-tp1-f2040-i32-o32-r10-rep2-seg1-attempt2,phase2-full-grid-rerun-20260731-l4-l4-tp1-f2040-i32-o32-r10-rep2-seg1-attempt2-00097-60a359343233,14,14,0,1,263,server_token_ids,1785511572818776991,1137.037821,70.743973,2,"""er"""
phase2-full-grid-rerun-20260731-l4-l4-tp1-f2040-i32-o32-r10-rep2-seg1-attempt2,phase2-full-grid-rerun-20260731-l4-l4-tp1-f2040-i32-o32-r10-rep2-seg1-attempt2-00097-60a359343233,15,15,0,1,366,server_token_ids,1785511572879045304,1197.306134,60.268313,2,"""em"""
phase2-full-grid-rerun-20260731-l4-l4-tp1-f2040-i32-o32-r10-rep2-seg1-attempt2,phase2-full-grid-rerun-20260731-l4-l4-tp1-f2040-i32-o32-r10-rep2-seg1-attempt2-00097-60a359343233,16,16,0,1,2193,server_token_ids,1785511572955777693,1274.038523,76.732389,4,"""ploy"""
phase2-full-grid-rerun-20260731-l4-l4-tp1-f2040-i32-o32-r10-rep2-seg1-attempt2,phase2-full-grid-rerun-20260731-l4-l4-tp1-f2040-i32-o32-r10-rep2-seg1-attempt2-00097-60a359343233,17,17,0,1,28706,server_token_ids,1785511573017751343,1336.012173,61.97365,1,"""e"""
phase2-full-grid-rerun-20260731-l4-l4-tp1-f2040-i32-o32-r10-rep2-seg1-attempt2,phase2-full-grid-rerun-20260731-l4-l4-tp1-f2040-i32-o32-r10-rep2-seg1-attempt2-00097-60a359343233,18,18,0,1,263,server_token_ids,1785511573078487200,1396.74803,60.735857,2,"""er"""
phase2-full-grid-rerun-20260731-l4-l4-tp1-f2040-i32-o32-r10-rep2-seg1-attempt2,phase2-full-grid-rerun-20260731-l4-l4-tp1-f2040-i32-o32-r10-rep2-seg1-attempt2-00097-60a359343233,19,19,0,1,366,server_token_ids,1785511573154797331,1473.058161,76.310131,2,"""em"""
phase2-full-grid-rerun-20260731-l4-l4-tp1-f2040-i32-o32-r10-rep2-seg1-attempt2,phase2-full-grid-rerun-20260731-l4-l4-tp1-f2040-i32-o32-r10-rep2-seg1-attempt2-00097-60a359343233,20,20,0,1,2193,server_token_ids,1785511573209175223,1527.436053,54.377892,4,"""ploy"""
phase2-full-grid-rerun-20260731-l4-l4-tp1-f2040-i32-o32-r10-rep2-seg1-attempt2,phase2-full-grid-rerun-20260731-l4-l4-tp1-f2040-i32-o32-r10-rep2-seg1-attempt2-00097-60a359343233,21,21,0,1,28706,server_token_ids,1785511573277398052,1595.658882,68.222829,1,"""e"""
phase2-full-grid-rerun-20260731-l4-l4-tp1-f2040-i32-o32-r10-rep2-seg1-attempt2,phase2-full-grid-rerun-20260731-l4-l4-tp1-f2040-i32-o32-r10-rep2-seg1-attempt2-00097-60a359343233,22,22,0,1,263,server_token_ids,1785511573345755147,1664.015977,68.357095,2,"""er"""
phase2-full-grid-rerun-20260731-l4-l4-tp1-f2040-i32-o32-r10-rep2-seg1-attempt2,phase2-full-grid-rerun-20260731-l4-l4-tp1-f2040-i32-o32-r10-rep2-seg1-attempt2-00097-60a359343233,23,23,0,1,366,server_token_ids,1785511573408333245,1726.594075,62.578098,2,"""em"""
phase2-full-grid-rerun-20260731-l4-l4-tp1-f2040-i32-o32-r10-rep2-seg1-attempt2,phase2-full-grid-rerun-20260731-l4-l4-tp1-f2040-i32-o32-r10-rep2-seg1-attempt2-00097-60a359343233,24,24,0,1,2193,server_token_ids,1785511573476671304,1794.932134,68.338059,4,"""ploy"""
phase2-full-grid-rerun-20260731-l4-l4-tp1-f2040-i32-o32-r10-rep2-seg1-attempt2,phase2-full-grid-rerun-20260731-l4-l4-tp1-f2040-i32-o32-r10-rep2-seg1-attempt2-00097-60a359343233,25,25,0,1,28706,server_token_ids,1785511573542127138,1860.387968,65.455834,1,"""e"""
phase2-full-grid-rerun-20260731-l4-l4-tp1-f2040-i32-o32-r10-rep2-seg1-attempt2,phase2-full-grid-rerun-20260731-l4-l4-tp1-f2040-i32-o32-r10-rep2-seg1-attempt2-00097-60a359343233,26,26,0,1,263,server_token_ids,1785511573613387526,1931.648356,71.260388,2,"""er"""
phase2-full-grid-rerun-20260731-l4-l4-tp1-f2040-i32-o32-r10-rep2-seg1-attempt2,phase2-full-grid-rerun-20260731-l4-l4-tp1-f2040-i32-o32-r10-rep2-seg1-attempt2-00097-60a359343233,27,27,0,1,366,server_token_ids,1785511573674498079,1992.758909,61.110553,2,"""em"""
phase2-full-grid-rerun-20260731-l4-l4-tp1-f2040-i32-o32-r10-rep2-seg1-attempt2,phase2-full-grid-rerun-20260731-l4-l4-tp1-f2040-i32-o32-r10-rep2-seg1-attempt2-00097-60a359343233,28,28,0,1,2193,server_token_ids,1785511573740671590,2058.93242,66.173511,4,"""ploy"""
phase2-full-grid-rerun-20260731-l4-l4-tp1-f2040-i32-o32-r10-rep2-seg1-attempt2,phase2-full-grid-rerun-20260731-l4-l4-tp1-f2040-i32-o32-r10-rep2-seg1-attempt2-00097-60a359343233,29,29,0,1,28706,server_token_ids,1785511573802725375,2120.986205,62.053785,1,"""e"""
phase2-full-grid-rerun-20260731-l4-l4-tp1-f2040-i32-o32-r10-rep2-seg1-attempt2,phase2-full-grid-rerun-20260731-l4-l4-tp1-f2040-i32-o32-r10-rep2-seg1-attempt2-00097-60a359343233,30,30,0,1,263,server_token_ids,1785511573874064857,2192.325687,71.339482,2,"""er"""
phase2-full-grid-rerun-20260731-l4-l4-tp1-f2040-i32-o32-r10-rep2-seg1-attempt2,phase2-full-grid-rerun-20260731-l4-l4-tp1-f2040-i32-o32-r10-rep2-seg1-attempt2-00097-60a359343233,31,31,0,1,366,server_token_ids,1785511573941720794,2259.981624,67.655937,2,"""em"""
phase2-full-grid-rerun-20260731-l4-l4-tp1-f2040-i32-o32-r10-rep2-seg1-attempt2,phase2-full-grid-rerun-20260731-l4-l4-tp1-f2040-i32-o32-r10-rep2-seg1-attempt2-00098-bb4af10fee8a,0,0,0,1,371,server_token_ids,1785511571953238949,172.050329,,2,""" {"""
phase2-full-grid-rerun-20260731-l4-l4-tp1-f2040-i32-o32-r10-rep2-seg1-attempt2,phase2-full-grid-rerun-20260731-l4-l4-tp1-f2040-i32-o32-r10-rep2-seg1-attempt2-00098-bb4af10fee8a,1,1,0,1,28705,server_token_ids,1785511572013752891,232.564271,60.513942,1,""" """
phase2-full-grid-rerun-20260731-l4-l4-tp1-f2040-i32-o32-r10-rep2-seg1-attempt2,phase2-full-grid-rerun-20260731-l4-l4-tp1-f2040-i32-o32-r10-rep2-seg1-attempt2-00098-bb4af10fee8a,2,2,0,1,28740,server_token_ids,1785511572079338225,298.149605,65.585334,1,"""1"""
phase2-full-grid-rerun-20260731-l4-l4-tp1-f2040-i32-o32-r10-rep2-seg1-attempt2,phase2-full-grid-rerun-20260731-l4-l4-tp1-f2040-i32-o32-r10-rep2-seg1-attempt2-00098-bb4af10fee8a,3,3,0,1,28734,server_token_ids,1785511572147613742,366.425122,68.275517,1,"""0"""
phase2-full-grid-rerun-20260731-l4-l4-tp1-f2040-i32-o32-r10-rep2-seg1-attempt2,phase2-full-grid-rerun-20260731-l4-l4-tp1-f2040-i32-o32-r10-rep2-seg1-attempt2-00098-bb4af10fee8a,4,4,0,1,28734,server_token_ids,1785511572212976812,431.788192,65.36307,1,"""0"""
phase2-full-grid-rerun-20260731-l4-l4-tp1-f2040-i32-o32-r10-rep2-seg1-attempt2,phase2-full-grid-rerun-20260731-l4-l4-tp1-f2040-i32-o32-r10-rep2-seg1-attempt2-00098-bb4af10fee8a,5,5,0,1,28734,server_token_ids,1785511572278430132,497.241512,65.45332,1,"""0"""
phase2-full-grid-rerun-20260731-l4-l4-tp1-f2040-i32-o32-r10-rep2-seg1-attempt2,phase2-full-grid-rerun-20260731-l4-l4-tp1-f2040-i32-o32-r10-rep2-seg1-attempt2-00098-bb4af10fee8a,6,6,0,1,28734,server_token_ids,1785511572346734596,565.545976,68.304464,1,"""0"""
phase2-full-grid-rerun-20260731-l4-l4-tp1-f2040-i32-o32-r10-rep2-seg1-attempt2,phase2-full-grid-rerun-20260731-l4-l4-tp1-f2040-i32-o32-r10-rep2-seg1-attempt2-00098-bb4af10fee8a,7,7,0,1,28734,server_token_ids,1785511572411781288,630.592668,65.046692,1,"""0"""
phase2-full-grid-rerun-20260731-l4-l4-tp1-f2040-i32-o32-r10-rep2-seg1-attempt2,phase2-full-grid-rerun-20260731-l4-l4-tp1-f2040-i32-o32-r10-rep2-seg1-attempt2-00098-bb4af10fee8a,8,8,0,1,28734,server_token_ids,1785511572477378603,696.189983,65.597315,1,"""0"""
phase2-full-grid-rerun-20260731-l4-l4-tp1-f2040-i32-o32-r10-rep2-seg1-attempt2,phase2-full-grid-rerun-20260731-l4-l4-tp1-f2040-i32-o32-r10-rep2-seg1-attempt2-00098-bb4af10fee8a,9,9,0,1,28734,server_token_ids,1785511572545542766,764.354146,68.164163,1,"""0"""
phase2-full-grid-rerun-20260731-l4-l4-tp1-f2040-i32-o32-r10-rep2-seg1-attempt2,phase2-full-grid-rerun-20260731-l4-l4-tp1-f2040-i32-o32-r10-rep2-seg1-attempt2-00098-bb4af10fee8a,10,10,0,1,28734,server_token_ids,1785511572610631616,829.442996,65.08885,1,"""0"""
phase2-full-grid-rerun-20260731-l4-l4-tp1-f2040-i32-o32-r10-rep2-seg1-attempt2,phase2-full-grid-rerun-20260731-l4-l4-tp1-f2040-i32-o32-r10-rep2-seg1-attempt2-00098-bb4af10fee8a,11,11,0,1,28734,server_token_ids,1785511572676270428,895.081808,65.638812,1,"""0"""
phase2-full-grid-rerun-20260731-l4-l4-tp1-f2040-i32-o32-r10-rep2-seg1-attempt2,phase2-full-grid-rerun-20260731-l4-l4-tp1-f2040-i32-o32-r10-rep2-seg1-attempt2-00098-bb4af10fee8a,12,12,0,1,28734,server_token_ids,1785511572744402435,963.213815,68.132007,1,"""0"""
phase2-full-grid-rerun-20260731-l4-l4-tp1-f2040-i32-o32-r10-rep2-seg1-attempt2,phase2-full-grid-rerun-20260731-l4-l4-tp1-f2040-i32-o32-r10-rep2-seg1-attempt2-00098-bb4af10fee8a,13,13,0,1,28734,server_token_ids,1785511572809529763,1028.341143,65.127328,1,"""0"""
phase2-full-grid-rerun-20260731-l4-l4-tp1-f2040-i32-o32-r10-rep2-seg1-attempt2,phase2-full-grid-rerun-20260731-l4-l4-tp1-f2040-i32-o32-r10-rep2-seg1-attempt2-00098-bb4af10fee8a,14,14,0,1,28734,server_token_ids,1785511572875117583,1093.928963,65.58782,1,"""0"""
phase2-full-grid-rerun-20260731-l4-l4-tp1-f2040-i32-o32-r10-rep2-seg1-attempt2,phase2-full-grid-rerun-20260731-l4-l4-tp1-f2040-i32-o32-r10-rep2-seg1-attempt2-00098-bb4af10fee8a,15,15,0,1,28734,server_token_ids,1785511572944138934,1162.950314,69.021351,1,"""0"""
phase2-full-grid-rerun-20260731-l4-l4-tp1-f2040-i32-o32-r10-rep2-seg1-attempt2,phase2-full-grid-rerun-20260731-l4-l4-tp1-f2040-i32-o32-r10-rep2-seg1-attempt2-00098-bb4af10fee8a,16,16,0,1,28734,server_token_ids,1785511573008145146,1226.956526,64.006212,1,"""0"""
phase2-full-grid-rerun-20260731-l4-l4-tp1-f2040-i32-o32-r10-rep2-seg1-attempt2,phase2-full-grid-rerun-20260731-l4-l4-tp1-f2040-i32-o32-r10-rep2-seg1-attempt2-00098-bb4af10fee8a,17,17,0,1,28734,server_token_ids,1785511573074189650,1293.00103,66.044504,1,"""0"""
phase2-full-grid-rerun-20260731-l4-l4-tp1-f2040-i32-o32-r10-rep2-seg1-attempt2,phase2-full-grid-rerun-20260731-l4-l4-tp1-f2040-i32-o32-r10-rep2-seg1-attempt2-00098-bb4af10fee8a,18,18,0,1,28734,server_token_ids,1785511573142545721,1361.357101,68.356071,1,"""0"""
phase2-full-grid-rerun-20260731-l4-l4-tp1-f2040-i32-o32-r10-rep2-seg1-attempt2,phase2-full-grid-rerun-20260731-l4-l4-tp1-f2040-i32-o32-r10-rep2-seg1-attempt2-00098-bb4af10fee8a,19,19,0,1,28734,server_token_ids,1785511573206957843,1425.769223,64.412122,1,"""0"""
phase2-full-grid-rerun-20260731-l4-l4-tp1-f2040-i32-o32-r10-rep2-seg1-attempt2,phase2-full-grid-rerun-20260731-l4-l4-tp1-f2040-i32-o32-r10-rep2-seg1-attempt2-00098-bb4af10fee8a,20,20,0,1,28734,server_token_ids,1785511573273114185,1491.925565,66.156342,1,"""0"""
phase2-full-grid-rerun-20260731-l4-l4-tp1-f2040-i32-o32-r10-rep2-seg1-attempt2,phase2-full-grid-rerun-20260731-l4-l4-tp1-f2040-i32-o32-r10-rep2-seg1-attempt2-00098-bb4af10fee8a,21,21,0,1,28734,server_token_ids,1785511573343961538,1562.772918,70.847353,1,"""0"""
phase2-full-grid-rerun-20260731-l4-l4-tp1-f2040-i32-o32-r10-rep2-seg1-attempt2,phase2-full-grid-rerun-20260731-l4-l4-tp1-f2040-i32-o32-r10-rep2-seg1-attempt2-00098-bb4af10fee8a,22,22,0,1,28734,server_token_ids,1785511573406489645,1625.301025,62.528107,1,"""0"""
phase2-full-grid-rerun-20260731-l4-l4-tp1-f2040-i32-o32-r10-rep2-seg1-attempt2,phase2-full-grid-rerun-20260731-l4-l4-tp1-f2040-i32-o32-r10-rep2-seg1-attempt2-00098-bb4af10fee8a,23,23,0,1,28734,server_token_ids,1785511573472802048,1691.613428,66.312403,1,"""0"""
phase2-full-grid-rerun-20260731-l4-l4-tp1-f2040-i32-o32-r10-rep2-seg1-attempt2,phase2-full-grid-rerun-20260731-l4-l4-tp1-f2040-i32-o32-r10-rep2-seg1-attempt2-00098-bb4af10fee8a,24,24,0,1,28734,server_token_ids,1785511573540275809,1759.087189,67.473761,1,"""0"""
phase2-full-grid-rerun-20260731-l4-l4-tp1-f2040-i32-o32-r10-rep2-seg1-attempt2,phase2-full-grid-rerun-20260731-l4-l4-tp1-f2040-i32-o32-r10-rep2-seg1-attempt2-00098-bb4af10fee8a,25,25,0,1,28734,server_token_ids,1785511573605302005,1824.113385,65.026196,1,"""0"""
phase2-full-grid-rerun-20260731-l4-l4-tp1-f2040-i32-o32-r10-rep2-seg1-attempt2,phase2-full-grid-rerun-20260731-l4-l4-tp1-f2040-i32-o32-r10-rep2-seg1-attempt2-00098-bb4af10fee8a,26,26,0,1,28734,server_token_ids,1785511573670803644,1889.615024,65.501639,1,"""0"""
phase2-full-grid-rerun-20260731-l4-l4-tp1-f2040-i32-o32-r10-rep2-seg1-attempt2,phase2-full-grid-rerun-20260731-l4-l4-tp1-f2040-i32-o32-r10-rep2-seg1-attempt2-00098-bb4af10fee8a,27,27,0,1,28734,server_token_ids,1785511573739170698,1957.982078,68.367054,1,"""0"""
phase2-full-grid-rerun-20260731-l4-l4-tp1-f2040-i32-o32-r10-rep2-seg1-attempt2,phase2-full-grid-rerun-20260731-l4-l4-tp1-f2040-i32-o32-r10-rep2-seg1-attempt2-00098-bb4af10fee8a,28,28,0,1,28734,server_token_ids,1785511573800751792,2019.563172,61.581094,1,"""0"""
phase2-full-grid-rerun-20260731-l4-l4-tp1-f2040-i32-o32-r10-rep2-seg1-attempt2,phase2-full-grid-rerun-20260731-l4-l4-tp1-f2040-i32-o32-r10-rep2-seg1-attempt2-00098-bb4af10fee8a,29,29,0,1,28734,server_token_ids,1785511573869869598,2088.680978,69.117806,1,"""0"""
phase2-full-grid-rerun-20260731-l4-l4-tp1-f2040-i32-o32-r10-rep2-seg1-attempt2,phase2-full-grid-rerun-20260731-l4-l4-tp1-f2040-i32-o32-r10-rep2-seg1-attempt2-00098-bb4af10fee8a,30,30,0,1,28734,server_token_ids,1785511573938060585,2156.871965,68.190987,1,"""0"""
phase2-full-grid-rerun-20260731-l4-l4-tp1-f2040-i32-o32-r10-rep2-seg1-attempt2,phase2-full-grid-rerun-20260731-l4-l4-tp1-f2040-i32-o32-r10-rep2-seg1-attempt2-00098-bb4af10fee8a,31,31,0,1,28734,server_token_ids,1785511574003034004,2221.845384,64.973419,1,"""0"""
phase2-full-grid-rerun-20260731-l4-l4-tp1-f2040-i32-o32-r10-rep2-seg1-attempt2,phase2-full-grid-rerun-20260731-l4-l4-tp1-f2040-i32-o32-r10-rep2-seg1-attempt2-00099-0eb3a430b1bf,0,0,0,1,28706,server_token_ids,1785511572087348221,205.569105,,1,"""e"""
phase2-full-grid-rerun-20260731-l4-l4-tp1-f2040-i32-o32-r10-rep2-seg1-attempt2,phase2-full-grid-rerun-20260731-l4-l4-tp1-f2040-i32-o32-r10-rep2-seg1-attempt2-00099-0eb3a430b1bf,1,1,0,1,2987,server_token_ids,1785511572152077822,270.298706,64.729601,3,""" \\\\"""
phase2-full-grid-rerun-20260731-l4-l4-tp1-f2040-i32-o32-r10-rep2-seg1-attempt2,phase2-full-grid-rerun-20260731-l4-l4-tp1-f2040-i32-o32-r10-rep2-seg1-attempt2-00099-0eb3a430b1bf,2,2,0,1,414,server_token_ids,1785511572214358440,332.579324,62.280618,2,""" \\"""
phase2-full-grid-rerun-20260731-l4-l4-tp1-f2040-i32-o32-r10-rep2-seg1-attempt2,phase2-full-grid-rerun-20260731-l4-l4-tp1-f2040-i32-o32-r10-rep2-seg1-attempt2-00099-0eb3a430b1bf,3,3,0,1,2214,server_token_ids,1785511572279732761,397.953645,65.374321,2,"""\\\\"""
phase2-full-grid-rerun-20260731-l4-l4-tp1-f2040-i32-o32-r10-rep2-seg1-attempt2,phase2-full-grid-rerun-20260731-l4-l4-tp1-f2040-i32-o32-r10-rep2-seg1-attempt2-00099-0eb3a430b1bf,4,4,0,1,2214,server_token_ids,1785511572357639877,475.860761,77.907116,2,"""\\\\"""
phase2-full-grid-rerun-20260731-l4-l4-tp1-f2040-i32-o32-r10-rep2-seg1-attempt2,phase2-full-grid-rerun-20260731-l4-l4-tp1-f2040-i32-o32-r10-rep2-seg1-attempt2-00099-0eb3a430b1bf,5,5,0,1,2214,server_token_ids,1785511572413145536,531.36642,55.505659,2,"""\\\\"""
phase2-full-grid-rerun-20260731-l4-l4-tp1-f2040-i32-o32-r10-rep2-seg1-attempt2,phase2-full-grid-rerun-20260731-l4-l4-tp1-f2040-i32-o32-r10-rep2-seg1-attempt2-00099-0eb3a430b1bf,6,6,0,1,2214,server_token_ids,1785511572478721466,596.94235,65.57593,2,"""\\\\"""
phase2-full-grid-rerun-20260731-l4-l4-tp1-f2040-i32-o32-r10-rep2-seg1-attempt2,phase2-full-grid-rerun-20260731-l4-l4-tp1-f2040-i32-o32-r10-rep2-seg1-attempt2-00099-0eb3a430b1bf,7,7,0,1,2214,server_token_ids,1785511572556191361,674.412245,77.469895,2,"""\\\\"""
phase2-full-grid-rerun-20260731-l4-l4-tp1-f2040-i32-o32-r10-rep2-seg1-attempt2,phase2-full-grid-rerun-20260731-l4-l4-tp1-f2040-i32-o32-r10-rep2-seg1-attempt2-00099-0eb3a430b1bf,8,8,0,1,2214,server_token_ids,1785511572612096590,730.317474,55.905229,2,"""\\\\"""
phase2-full-grid-rerun-20260731-l4-l4-tp1-f2040-i32-o32-r10-rep2-seg1-attempt2,phase2-full-grid-rerun-20260731-l4-l4-tp1-f2040-i32-o32-r10-rep2-seg1-attempt2-00099-0eb3a430b1bf,9,9,0,1,2214,server_token_ids,1785511572677369042,795.589926,65.272452,2,"""\\\\"""
phase2-full-grid-rerun-20260731-l4-l4-tp1-f2040-i32-o32-r10-rep2-seg1-attempt2,phase2-full-grid-rerun-20260731-l4-l4-tp1-f2040-i32-o32-r10-rep2-seg1-attempt2-00099-0eb3a430b1bf,10,10,0,1,2214,server_token_ids,1785511572747577970,865.798854,70.208928,2,"""\\\\"""
phase2-full-grid-rerun-20260731-l4-l4-tp1-f2040-i32-o32-r10-rep2-seg1-attempt2,phase2-full-grid-rerun-20260731-l4-l4-tp1-f2040-i32-o32-r10-rep2-seg1-attempt2-00099-0eb3a430b1bf,11,11,0,1,2214,server_token_ids,1785511572818549660,936.770544,70.97169,2,"""\\\\"""
phase2-full-grid-rerun-20260731-l4-l4-tp1-f2040-i32-o32-r10-rep2-seg1-attempt2,phase2-full-grid-rerun-20260731-l4-l4-tp1-f2040-i32-o32-r10-rep2-seg1-attempt2-00099-0eb3a430b1bf,12,12,0,1,2214,server_token_ids,1785511572878812537,997.033421,60.262877,2,"""\\\\"""
phase2-full-grid-rerun-20260731-l4-l4-tp1-f2040-i32-o32-r10-rep2-seg1-attempt2,phase2-full-grid-rerun-20260731-l4-l4-tp1-f2040-i32-o32-r10-rep2-seg1-attempt2-00099-0eb3a430b1bf,13,13,0,1,2214,server_token_ids,1785511572954124503,1072.345387,75.311966,2,"""\\\\"""
phase2-full-grid-rerun-20260731-l4-l4-tp1-f2040-i32-o32-r10-rep2-seg1-attempt2,phase2-full-grid-rerun-20260731-l4-l4-tp1-f2040-i32-o32-r10-rep2-seg1-attempt2-00099-0eb3a430b1bf,14,14,0,1,2214,server_token_ids,1785511573017430759,1135.651643,63.306256,2,"""\\\\"""
phase2-full-grid-rerun-20260731-l4-l4-tp1-f2040-i32-o32-r10-rep2-seg1-attempt2,phase2-full-grid-rerun-20260731-l4-l4-tp1-f2040-i32-o32-r10-rep2-seg1-attempt2-00099-0eb3a430b1bf,15,15,0,1,2214,server_token_ids,1785511573078156730,1196.377614,60.725971,2,"""\\\\"""
phase2-full-grid-rerun-20260731-l4-l4-tp1-f2040-i32-o32-r10-rep2-seg1-attempt2,phase2-full-grid-rerun-20260731-l4-l4-tp1-f2040-i32-o32-r10-rep2-seg1-attempt2-00099-0eb3a430b1bf,16,16,0,1,2214,server_token_ids,1785511573154456658,1272.677542,76.299928,2,"""\\\\"""
phase2-full-grid-rerun-20260731-l4-l4-tp1-f2040-i32-o32-r10-rep2-seg1-attempt2,phase2-full-grid-rerun-20260731-l4-l4-tp1-f2040-i32-o32-r10-rep2-seg1-attempt2-00099-0eb3a430b1bf,17,17,0,1,2214,server_token_ids,1785511573208835513,1327.056397,54.378855,2,"""\\\\"""
phase2-full-grid-rerun-20260731-l4-l4-tp1-f2040-i32-o32-r10-rep2-seg1-attempt2,phase2-full-grid-rerun-20260731-l4-l4-tp1-f2040-i32-o32-r10-rep2-seg1-attempt2-00099-0eb3a430b1bf,18,18,0,1,2214,server_token_ids,1785511573277082086,1395.30297,68.246573,2,"""\\\\"""
phase2-full-grid-rerun-20260731-l4-l4-tp1-f2040-i32-o32-r10-rep2-seg1-attempt2,phase2-full-grid-rerun-20260731-l4-l4-tp1-f2040-i32-o32-r10-rep2-seg1-attempt2-00099-0eb3a430b1bf,19,19,0,1,2214,server_token_ids,1785511573345417152,1463.638036,68.335066,2,"""\\\\"""
phase2-full-grid-rerun-20260731-l4-l4-tp1-f2040-i32-o32-r10-rep2-seg1-attempt2,phase2-full-grid-rerun-20260731-l4-l4-tp1-f2040-i32-o32-r10-rep2-seg1-attempt2-00099-0eb3a430b1bf,20,20,0,1,2214,server_token_ids,1785511573408012103,1526.232987,62.594951,2,"""\\\\"""
phase2-full-grid-rerun-20260731-l4-l4-tp1-f2040-i32-o32-r10-rep2-seg1-attempt2,phase2-full-grid-rerun-20260731-l4-l4-tp1-f2040-i32-o32-r10-rep2-seg1-attempt2-00099-0eb3a430b1bf,21,21,0,1,2214,server_token_ids,1785511573476236096,1594.45698,68.223993,2,"""\\\\"""
phase2-full-grid-rerun-20260731-l4-l4-tp1-f2040-i32-o32-r10-rep2-seg1-attempt2,phase2-full-grid-rerun-20260731-l4-l4-tp1-f2040-i32-o32-r10-rep2-seg1-attempt2-00099-0eb3a430b1bf,22,22,0,1,2214,server_token_ids,1785511573541711578,1659.932462,65.475482,2,"""\\\\"""
phase2-full-grid-rerun-20260731-l4-l4-tp1-f2040-i32-o32-r10-rep2-seg1-attempt2,phase2-full-grid-rerun-20260731-l4-l4-tp1-f2040-i32-o32-r10-rep2-seg1-attempt2-00099-0eb3a430b1bf,23,23,0,1,2214,server_token_ids,1785511573612990491,1731.211375,71.278913,2,"""\\\\"""
phase2-full-grid-rerun-20260731-l4-l4-tp1-f2040-i32-o32-r10-rep2-seg1-attempt2,phase2-full-grid-rerun-20260731-l4-l4-tp1-f2040-i32-o32-r10-rep2-seg1-attempt2-00099-0eb3a430b1bf,24,24,0,1,2214,server_token_ids,1785511573674085187,1792.306071,61.094696,2,"""\\\\"""
phase2-full-grid-rerun-20260731-l4-l4-tp1-f2040-i32-o32-r10-rep2-seg1-attempt2,phase2-full-grid-rerun-20260731-l4-l4-tp1-f2040-i32-o32-r10-rep2-seg1-attempt2-00099-0eb3a430b1bf,25,25,0,1,2214,server_token_ids,1785511573740281112,1858.501996,66.195925,2,"""\\\\"""
phase2-full-grid-rerun-20260731-l4-l4-tp1-f2040-i32-o32-r10-rep2-seg1-attempt2,phase2-full-grid-rerun-20260731-l4-l4-tp1-f2040-i32-o32-r10-rep2-seg1-attempt2-00099-0eb3a430b1bf,26,26,0,1,2214,server_token_ids,1785511573802208366,1920.42925,61.927254,2,"""\\\\"""
phase2-full-grid-rerun-20260731-l4-l4-tp1-f2040-i32-o32-r10-rep2-seg1-attempt2,phase2-full-grid-rerun-20260731-l4-l4-tp1-f2040-i32-o32-r10-rep2-seg1-attempt2-00099-0eb3a430b1bf,27,27,0,1,2214,server_token_ids,1785511573873742661,1991.963545,71.534295,2,"""\\\\"""
phase2-full-grid-rerun-20260731-l4-l4-tp1-f2040-i32-o32-r10-rep2-seg1-attempt2,phase2-full-grid-rerun-20260731-l4-l4-tp1-f2040-i32-o32-r10-rep2-seg1-attempt2-00099-0eb3a430b1bf,28,28,0,1,2214,server_token_ids,1785511573941378938,2059.599822,67.636277,2,"""\\\\"""
phase2-full-grid-rerun-20260731-l4-l4-tp1-f2040-i32-o32-r10-rep2-seg1-attempt2,phase2-full-grid-rerun-20260731-l4-l4-tp1-f2040-i32-o32-r10-rep2-seg1-attempt2-00099-0eb3a430b1bf,29,29,0,1,2214,server_token_ids,1785511574011776794,2129.997678,70.397856,2,"""\\\\"""
phase2-full-grid-rerun-20260731-l4-l4-tp1-f2040-i32-o32-r10-rep2-seg1-attempt2,phase2-full-grid-rerun-20260731-l4-l4-tp1-f2040-i32-o32-r10-rep2-seg1-attempt2-00099-0eb3a430b1bf,30,30,0,1,2214,server_token_ids,1785511574070573645,2188.794529,58.796851,2,"""\\\\"""
phase2-full-grid-rerun-20260731-l4-l4-tp1-f2040-i32-o32-r10-rep2-seg1-attempt2,phase2-full-grid-rerun-20260731-l4-l4-tp1-f2040-i32-o32-r10-rep2-seg1-attempt2-00099-0eb3a430b1bf,31,31,0,1,2214,server_token_ids,1785511574138828815,2257.049699,68.25517,2,"""\\\\"""
phase2-full-grid-rerun-20260731-l4-l4-tp1-f2040-i32-o32-r10-rep2-seg1-attempt2,phase2-full-grid-rerun-20260731-l4-l4-tp1-f2040-i32-o32-r10-rep2-seg1-attempt2-00100-f3e72ada0cff,0,0,0,1,495,server_token_ids,1785511572149154545,168.184862,,3,"""ive"""
phase2-full-grid-rerun-20260731-l4-l4-tp1-f2040-i32-o32-r10-rep2-seg1-attempt2,phase2-full-grid-rerun-20260731-l4-l4-tp1-f2040-i32-o32-r10-rep2-seg1-attempt2-00100-f3e72ada0cff,1,1,0,1,13,server_token_ids,1785511572214277197,233.307514,65.122652,1,"""\n"""
phase2-full-grid-rerun-20260731-l4-l4-tp1-f2040-i32-o32-r10-rep2-seg1-attempt2,phase2-full-grid-rerun-20260731-l4-l4-tp1-f2040-i32-o32-r10-rep2-seg1-attempt2-00100-f3e72ada0cff,2,2,0,1,13,server_token_ids,1785511572279649159,298.679476,65.371962,1,"""\n"""
phase2-full-grid-rerun-20260731-l4-l4-tp1-f2040-i32-o32-r10-rep2-seg1-attempt2,phase2-full-grid-rerun-20260731-l4-l4-tp1-f2040-i32-o32-r10-rep2-seg1-attempt2-00100-f3e72ada0cff,3,3,0,1,1064,server_token_ids,1785511572357556873,376.58719,77.907714,2,"""##"""
phase2-full-grid-rerun-20260731-l4-l4-tp1-f2040-i32-o32-r10-rep2-seg1-attempt2,phase2-full-grid-rerun-20260731-l4-l4-tp1-f2040-i32-o32-r10-rep2-seg1-attempt2-00100-f3e72ada0cff,4,4,0,1,28705,server_token_ids,1785511572413064145,432.094462,55.507272,1,""" """
phase2-full-grid-rerun-20260731-l4-l4-tp1-f2040-i32-o32-r10-rep2-seg1-attempt2,phase2-full-grid-rerun-20260731-l4-l4-tp1-f2040-i32-o32-r10-rep2-seg1-attempt2-00100-f3e72ada0cff,5,5,0,1,28740,server_token_ids,1785511572478642587,497.672904,65.578442,1,"""1"""
phase2-full-grid-rerun-20260731-l4-l4-tp1-f2040-i32-o32-r10-rep2-seg1-attempt2,phase2-full-grid-rerun-20260731-l4-l4-tp1-f2040-i32-o32-r10-rep2-seg1-attempt2-00100-f3e72ada0cff,6,6,0,1,28723,server_token_ids,1785511572556110775,575.141092,77.468188,1,"""."""
phase2-full-grid-rerun-20260731-l4-l4-tp1-f2040-i32-o32-r10-rep2-seg1-attempt2,phase2-full-grid-rerun-20260731-l4-l4-tp1-f2040-i32-o32-r10-rep2-seg1-attempt2-00100-f3e72ada0cff,7,7,0,1,23628,server_token_ids,1785511572612008824,631.039141,55.898049,13,""" Introduction"""
phase2-full-grid-rerun-20260731-l4-l4-tp1-f2040-i32-o32-r10-rep2-seg1-attempt2,phase2-full-grid-rerun-20260731-l4-l4-tp1-f2040-i32-o32-r10-rep2-seg1-attempt2-00100-f3e72ada0cff,8,8,0,1,13,server_token_ids,1785511572677269316,696.299633,65.260492,1,"""\n"""
phase2-full-grid-rerun-20260731-l4-l4-tp1-f2040-i32-o32-r10-rep2-seg1-attempt2,phase2-full-grid-rerun-20260731-l4-l4-tp1-f2040-i32-o32-r10-rep2-seg1-attempt2-00100-f3e72ada0cff,9,9,0,1,13,server_token_ids,1785511572747490907,766.521224,70.221591,1,"""\n"""
phase2-full-grid-rerun-20260731-l4-l4-tp1-f2040-i32-o32-r10-rep2-seg1-attempt2,phase2-full-grid-rerun-20260731-l4-l4-tp1-f2040-i32-o32-r10-rep2-seg1-attempt2-00100-f3e72ada0cff,10,10,0,1,1014,server_token_ids,1785511572818456544,837.486861,70.965637,3,"""The"""
phase2-full-grid-rerun-20260731-l4-l4-tp1-f2040-i32-o32-r10-rep2-seg1-attempt2,phase2-full-grid-rerun-20260731-l4-l4-tp1-f2040-i32-o32-r10-rep2-seg1-attempt2-00100-f3e72ada0cff,11,11,0,1,583,server_token_ids,1785511572878723518,897.753835,60.266974,2,""" _"""
phase2-full-grid-rerun-20260731-l4-l4-tp1-f2040-i32-o32-r10-rep2-seg1-attempt2,phase2-full-grid-rerun-20260731-l4-l4-tp1-f2040-i32-o32-r10-rep2-seg1-attempt2-00100-f3e72ada0cff,12,12,0,1,28765,server_token_ids,1785511572954039947,973.070264,75.316429,1,"""F"""
phase2-full-grid-rerun-20260731-l4-l4-tp1-f2040-i32-o32-r10-rep2-seg1-attempt2,phase2-full-grid-rerun-20260731-l4-l4-tp1-f2040-i32-o32-r10-rep2-seg1-attempt2-00100-f3e72ada0cff,13,13,0,1,18296,server_token_ids,1785511573017338943,1036.36926,63.298996,7,"""raction"""
phase2-full-grid-rerun-20260731-l4-l4-tp1-f2040-i32-o32-r10-rep2-seg1-attempt2,phase2-full-grid-rerun-20260731-l4-l4-tp1-f2040-i32-o32-r10-rep2-seg1-attempt2-00100-f3e72ada0cff,14,14,0,1,282,server_token_ids,1785511573078053898,1097.084215,60.714955,2,"""al"""
phase2-full-grid-rerun-20260731-l4-l4-tp1-f2040-i32-o32-r10-rep2-seg1-attempt2,phase2-full-grid-rerun-20260731-l4-l4-tp1-f2040-i32-o32-r10-rep2-seg1-attempt2-00100-f3e72ada0cff,15,15,0,1,3885,server_token_ids,1785511573154371746,1173.402063,76.317848,6,""" State"""
phase2-full-grid-rerun-20260731-l4-l4-tp1-f2040-i32-o32-r10-rep2-seg1-attempt2,phase2-full-grid-rerun-20260731-l4-l4-tp1-f2040-i32-o32-r10-rep2-seg1-attempt2-00100-f3e72ada0cff,16,16,0,1,28730,server_token_ids,1785511573208731115,1227.761432,54.359369,1,"""_"""
phase2-full-grid-rerun-20260731-l4-l4-tp1-f2040-i32-o32-r10-rep2-seg1-attempt2,phase2-full-grid-rerun-20260731-l4-l4-tp1-f2040-i32-o32-r10-rep2-seg1-attempt2-00100-f3e72ada0cff,17,17,0,1,302,server_token_ids,1785511573276993304,1296.023621,68.262189,3,""" of"""
phase2-full-grid-rerun-20260731-l4-l4-tp1-f2040-i32-o32-r10-rep2-seg1-attempt2,phase2-full-grid-rerun-20260731-l4-l4-tp1-f2040-i32-o32-r10-rep2-seg1-attempt2-00100-f3e72ada0cff,18,18,0,1,272,server_token_ids,1785511573345319041,1364.349358,68.325737,4,""" the"""
phase2-full-grid-rerun-20260731-l4-l4-tp1-f2040-i32-o32-r10-rep2-seg1-attempt2,phase2-full-grid-rerun-20260731-l4-l4-tp1-f2040-i32-o32-r10-rep2-seg1-attempt2-00100-f3e72ada0cff,19,19,0,1,1524,server_token_ids,1785511573407931647,1426.961964,62.612606,4,""" art"""
phase2-full-grid-rerun-20260731-l4-l4-tp1-f2040-i32-o32-r10-rep2-seg1-attempt2,phase2-full-grid-rerun-20260731-l4-l4-tp1-f2040-i32-o32-r10-rep2-seg1-attempt2-00100-f3e72ada0cff,20,20,0,1,349,server_token_ids,1785511573476135487,1495.165804,68.20384,3,""" is"""
phase2-full-grid-rerun-20260731-l4-l4-tp1-f2040-i32-o32-r10-rep2-seg1-attempt2,phase2-full-grid-rerun-20260731-l4-l4-tp1-f2040-i32-o32-r10-rep2-seg1-attempt2-00100-f3e72ada0cff,21,21,0,1,264,server_token_ids,1785511573541616967,1560.647284,65.48148,2,""" a"""
phase2-full-grid-rerun-20260731-l4-l4-tp1-f2040-i32-o32-r10-rep2-seg1-attempt2,phase2-full-grid-rerun-20260731-l4-l4-tp1-f2040-i32-o32-r10-rep2-seg1-attempt2-00100-f3e72ada0cff,22,22,0,1,1215,server_token_ids,1785511573612907318,1631.937635,71.290351,5,""" very"""
phase2-full-grid-rerun-20260731-l4-l4-tp1-f2040-i32-o32-r10-rep2-seg1-attempt2,phase2-full-grid-rerun-20260731-l4-l4-tp1-f2040-i32-o32-r10-rep2-seg1-attempt2-00100-f3e72ada0cff,23,23,0,1,2278,server_token_ids,1785511573673989599,1693.019916,61.082281,10,""" important"""
phase2-full-grid-rerun-20260731-l4-l4-tp1-f2040-i32-o32-r10-rep2-seg1-attempt2,phase2-full-grid-rerun-20260731-l4-l4-tp1-f2040-i32-o32-r10-rep2-seg1-attempt2-00100-f3e72ada0cff,24,24,0,1,5935,server_token_ids,1785511573740205965,1759.236282,66.216366,8,""" concept"""
phase2-full-grid-rerun-20260731-l4-l4-tp1-f2040-i32-o32-r10-rep2-seg1-attempt2,phase2-full-grid-rerun-20260731-l4-l4-tp1-f2040-i32-o32-r10-rep2-seg1-attempt2-00100-f3e72ada0cff,25,25,0,1,297,server_token_ids,1785511573802131487,1821.161804,61.925522,3,""" in"""
phase2-full-grid-rerun-20260731-l4-l4-tp1-f2040-i32-o32-r10-rep2-seg1-attempt2,phase2-full-grid-rerun-20260731-l4-l4-tp1-f2040-i32-o32-r10-rep2-seg1-attempt2-00100-f3e72ada0cff,26,26,0,1,272,server_token_ids,1785511573873656385,1892.686702,71.524898,4,""" the"""
phase2-full-grid-rerun-20260731-l4-l4-tp1-f2040-i32-o32-r10-rep2-seg1-attempt2,phase2-full-grid-rerun-20260731-l4-l4-tp1-f2040-i32-o32-r10-rep2-seg1-attempt2-00100-f3e72ada0cff,27,27,0,1,1834,server_token_ids,1785511573941295952,1960.326269,67.639567,6,""" field"""
phase2-full-grid-rerun-20260731-l4-l4-tp1-f2040-i32-o32-r10-rep2-seg1-attempt2,phase2-full-grid-rerun-20260731-l4-l4-tp1-f2040-i32-o32-r10-rep2-seg1-attempt2-00100-f3e72ada0cff,28,28,0,1,302,server_token_ids,1785511574011694815,2030.725132,70.398863,3,""" of"""
phase2-full-grid-rerun-20260731-l4-l4-tp1-f2040-i32-o32-r10-rep2-seg1-attempt2,phase2-full-grid-rerun-20260731-l4-l4-tp1-f2040-i32-o32-r10-rep2-seg1-attempt2-00100-f3e72ada0cff,29,29,0,1,16872,server_token_ids,1785511574070494683,2089.525,58.799868,9,""" mathemat"""
phase2-full-grid-rerun-20260731-l4-l4-tp1-f2040-i32-o32-r10-rep2-seg1-attempt2,phase2-full-grid-rerun-20260731-l4-l4-tp1-f2040-i32-o32-r10-rep2-seg1-attempt2-00100-f3e72ada0cff,30,30,0,1,1063,server_token_ids,1785511574138735276,2157.765593,68.240593,3,"""ics"""
phase2-full-grid-rerun-20260731-l4-l4-tp1-f2040-i32-o32-r10-rep2-seg1-attempt2,phase2-full-grid-rerun-20260731-l4-l4-tp1-f2040-i32-o32-r10-rep2-seg1-attempt2-00100-f3e72ada0cff,31,31,0,1,28723,server_token_ids,1785511574203726018,2222.756335,64.990742,1,"""."""
phase2-full-grid-rerun-20260731-l4-l4-tp1-f2040-i32-o32-r10-rep2-seg1-attempt2,phase2-full-grid-rerun-20260731-l4-l4-tp1-f2040-i32-o32-r10-rep2-seg1-attempt2-00101-d9f56a54dd6e,0,0,0,1,13,server_token_ids,1785511572279824565,196.589578,,1,"""\n"""
phase2-full-grid-rerun-20260731-l4-l4-tp1-f2040-i32-o32-r10-rep2-seg1-attempt2,phase2-full-grid-rerun-20260731-l4-l4-tp1-f2040-i32-o32-r10-rep2-seg1-attempt2-00101-d9f56a54dd6e,1,1,0,1,13,server_token_ids,1785511572357723071,274.488084,77.898506,1,"""\n"""
phase2-full-grid-rerun-20260731-l4-l4-tp1-f2040-i32-o32-r10-rep2-seg1-attempt2,phase2-full-grid-rerun-20260731-l4-l4-tp1-f2040-i32-o32-r10-rep2-seg1-attempt2-00101-d9f56a54dd6e,2,2,0,1,28771,server_token_ids,1785511572413229430,329.994443,55.506359,1,"""#"""
phase2-full-grid-rerun-20260731-l4-l4-tp1-f2040-i32-o32-r10-rep2-seg1-attempt2,phase2-full-grid-rerun-20260731-l4-l4-tp1-f2040-i32-o32-r10-rep2-seg1-attempt2-00101-d9f56a54dd6e,3,3,0,1,415,server_token_ids,1785511572478800865,395.565878,65.571435,4,""" The"""
phase2-full-grid-rerun-20260731-l4-l4-tp1-f2040-i32-o32-r10-rep2-seg1-attempt2,phase2-full-grid-rerun-20260731-l4-l4-tp1-f2040-i32-o32-r10-rep2-seg1-attempt2-00101-d9f56a54dd6e,4,4,0,1,28705,server_token_ids,1785511572556267943,473.032956,77.467078,1,""" """
phase2-full-grid-rerun-20260731-l4-l4-tp1-f2040-i32-o32-r10-rep2-seg1-attempt2,phase2-full-grid-rerun-20260731-l4-l4-tp1-f2040-i32-o32-r10-rep2-seg1-attempt2-00101-d9f56a54dd6e,5,5,0,1,28750,server_token_ids,1785511572612176894,528.941907,55.908951,1,"""2"""
phase2-full-grid-rerun-20260731-l4-l4-tp1-f2040-i32-o32-r10-rep2-seg1-attempt2,phase2-full-grid-rerun-20260731-l4-l4-tp1-f2040-i32-o32-r10-rep2-seg1-attempt2-00101-d9f56a54dd6e,6,6,0,1,28734,server_token_ids,1785511572677458133,594.223146,65.281239,1,"""0"""
phase2-full-grid-rerun-20260731-l4-l4-tp1-f2040-i32-o32-r10-rep2-seg1-attempt2,phase2-full-grid-rerun-20260731-l4-l4-tp1-f2040-i32-o32-r10-rep2-seg1-attempt2-00101-d9f56a54dd6e,7,7,0,1,28740,server_token_ids,1785511572747657922,664.422935,70.199789,1,"""1"""
phase2-full-grid-rerun-20260731-l4-l4-tp1-f2040-i32-o32-r10-rep2-seg1-attempt2,phase2-full-grid-rerun-20260731-l4-l4-tp1-f2040-i32-o32-r10-rep2-seg1-attempt2-00101-d9f56a54dd6e,8,8,0,1,28783,server_token_ids,1785511572818626444,735.391457,70.968522,1,"""8"""
phase2-full-grid-rerun-20260731-l4-l4-tp1-f2040-i32-o32-r10-rep2-seg1-attempt2,phase2-full-grid-rerun-20260731-l4-l4-tp1-f2040-i32-o32-r10-rep2-seg1-attempt2-00101-d9f56a54dd6e,9,9,0,1,28733,server_token_ids,1785511572878893165,795.658178,60.266721,1,"""-"""
phase2-full-grid-rerun-20260731-l4-l4-tp1-f2040-i32-o32-r10-rep2-seg1-attempt2,phase2-full-grid-rerun-20260731-l4-l4-tp1-f2040-i32-o32-r10-rep2-seg1-attempt2-00101-d9f56a54dd6e,10,10,0,1,28750,server_token_ids,1785511572954207242,870.972255,75.314077,1,"""2"""
phase2-full-grid-rerun-20260731-l4-l4-tp1-f2040-i32-o32-r10-rep2-seg1-attempt2,phase2-full-grid-rerun-20260731-l4-l4-tp1-f2040-i32-o32-r10-rep2-seg1-attempt2-00101-d9f56a54dd6e,11,11,0,1,28734,server_token_ids,1785511573017518415,934.283428,63.311173,1,"""0"""
phase2-full-grid-rerun-20260731-l4-l4-tp1-f2040-i32-o32-r10-rep2-seg1-attempt2,phase2-full-grid-rerun-20260731-l4-l4-tp1-f2040-i32-o32-r10-rep2-seg1-attempt2-00101-d9f56a54dd6e,12,12,0,1,28740,server_token_ids,1785511573078248260,995.013273,60.729845,1,"""1"""
phase2-full-grid-rerun-20260731-l4-l4-tp1-f2040-i32-o32-r10-rep2-seg1-attempt2,phase2-full-grid-rerun-20260731-l4-l4-tp1-f2040-i32-o32-r10-rep2-seg1-attempt2-00101-d9f56a54dd6e,13,13,0,1,28774,server_token_ids,1785511573154555019,1071.320032,76.306759,1,"""9"""
phase2-full-grid-rerun-20260731-l4-l4-tp1-f2040-i32-o32-r10-rep2-seg1-attempt2,phase2-full-grid-rerun-20260731-l4-l4-tp1-f2040-i32-o32-r10-rep2-seg1-attempt2-00101-d9f56a54dd6e,14,14,0,1,16887,server_token_ids,1785511573208925077,1125.69009,54.370058,7,""" Season"""
phase2-full-grid-rerun-20260731-l4-l4-tp1-f2040-i32-o32-r10-rep2-seg1-attempt2,phase2-full-grid-rerun-20260731-l4-l4-tp1-f2040-i32-o32-r10-rep2-seg1-attempt2-00101-d9f56a54dd6e,15,15,0,1,13,server_token_ids,1785511573277162552,1193.927565,68.237475,1,"""\n"""
phase2-full-grid-rerun-20260731-l4-l4-tp1-f2040-i32-o32-r10-rep2-seg1-attempt2,phase2-full-grid-rerun-20260731-l4-l4-tp1-f2040-i32-o32-r10-rep2-seg1-attempt2-00101-d9f56a54dd6e,16,16,0,1,13,server_token_ids,1785511573345515483,1262.280496,68.352931,1,"""\n"""
phase2-full-grid-rerun-20260731-l4-l4-tp1-f2040-i32-o32-r10-rep2-seg1-attempt2,phase2-full-grid-rerun-20260731-l4-l4-tp1-f2040-i32-o32-r10-rep2-seg1-attempt2-00101-d9f56a54dd6e,17,17,0,1,1064,server_token_ids,1785511573408095958,1324.860971,62.580475,2,"""##"""
phase2-full-grid-rerun-20260731-l4-l4-tp1-f2040-i32-o32-r10-rep2-seg1-attempt2,phase2-full-grid-rerun-20260731-l4-l4-tp1-f2040-i32-o32-r10-rep2-seg1-attempt2-00101-d9f56a54dd6e,18,18,0,1,415,server_token_ids,1785511573476323621,1393.088634,68.227663,4,""" The"""
phase2-full-grid-rerun-20260731-l4-l4-tp1-f2040-i32-o32-r10-rep2-seg1-attempt2,phase2-full-grid-rerun-20260731-l4-l4-tp1-f2040-i32-o32-r10-rep2-seg1-attempt2-00101-d9f56a54dd6e,19,19,0,1,28705,server_token_ids,1785511573541797010,1458.562023,65.473389,1,""" """
phase2-full-grid-rerun-20260731-l4-l4-tp1-f2040-i32-o32-r10-rep2-seg1-attempt2,phase2-full-grid-rerun-20260731-l4-l4-tp1-f2040-i32-o32-r10-rep2-seg1-attempt2-00101-d9f56a54dd6e,20,20,0,1,28750,server_token_ids,1785511573613074470,1529.839483,71.27746,1,"""2"""
phase2-full-grid-rerun-20260731-l4-l4-tp1-f2040-i32-o32-r10-rep2-seg1-attempt2,phase2-full-grid-rerun-20260731-l4-l4-tp1-f2040-i32-o32-r10-rep2-seg1-attempt2-00101-d9f56a54dd6e,21,21,0,1,28734,server_token_ids,1785511573674173933,1590.938946,61.099463,1,"""0"""
phase2-full-grid-rerun-20260731-l4-l4-tp1-f2040-i32-o32-r10-rep2-seg1-attempt2,phase2-full-grid-rerun-20260731-l4-l4-tp1-f2040-i32-o32-r10-rep2-seg1-attempt2-00101-d9f56a54dd6e,22,22,0,1,28740,server_token_ids,1785511573740353998,1657.119011,66.180065,1,"""1"""
phase2-full-grid-rerun-20260731-l4-l4-tp1-f2040-i32-o32-r10-rep2-seg1-attempt2,phase2-full-grid-rerun-20260731-l4-l4-tp1-f2040-i32-o32-r10-rep2-seg1-attempt2-00101-d9f56a54dd6e,23,23,0,1,28783,server_token_ids,1785511573802280095,1719.045108,61.926097,1,"""8"""
phase2-full-grid-rerun-20260731-l4-l4-tp1-f2040-i32-o32-r10-rep2-seg1-attempt2,phase2-full-grid-rerun-20260731-l4-l4-tp1-f2040-i32-o32-r10-rep2-seg1-attempt2-00101-d9f56a54dd6e,24,24,0,1,28733,server_token_ids,1785511573873828060,1790.593073,71.547965,1,"""-"""
phase2-full-grid-rerun-20260731-l4-l4-tp1-f2040-i32-o32-r10-rep2-seg1-attempt2,phase2-full-grid-rerun-20260731-l4-l4-tp1-f2040-i32-o32-r10-rep2-seg1-attempt2-00101-d9f56a54dd6e,25,25,0,1,28750,server_token_ids,1785511573941456837,1858.22185,67.628777,1,"""2"""
phase2-full-grid-rerun-20260731-l4-l4-tp1-f2040-i32-o32-r10-rep2-seg1-attempt2,phase2-full-grid-rerun-20260731-l4-l4-tp1-f2040-i32-o32-r10-rep2-seg1-attempt2-00101-d9f56a54dd6e,26,26,0,1,28734,server_token_ids,1785511574011851682,1928.616695,70.394845,1,"""0"""
phase2-full-grid-rerun-20260731-l4-l4-tp1-f2040-i32-o32-r10-rep2-seg1-attempt2,phase2-full-grid-rerun-20260731-l4-l4-tp1-f2040-i32-o32-r10-rep2-seg1-attempt2-00101-d9f56a54dd6e,27,27,0,1,28740,server_token_ids,1785511574070651491,1987.416504,58.799809,1,"""1"""
phase2-full-grid-rerun-20260731-l4-l4-tp1-f2040-i32-o32-r10-rep2-seg1-attempt2,phase2-full-grid-rerun-20260731-l4-l4-tp1-f2040-i32-o32-r10-rep2-seg1-attempt2-00101-d9f56a54dd6e,28,28,0,1,28774,server_token_ids,1785511574139029942,2055.794955,68.378451,1,"""9"""
phase2-full-grid-rerun-20260731-l4-l4-tp1-f2040-i32-o32-r10-rep2-seg1-attempt2,phase2-full-grid-rerun-20260731-l4-l4-tp1-f2040-i32-o32-r10-rep2-seg1-attempt2-00101-d9f56a54dd6e,29,29,0,1,16887,server_token_ids,1785511574203916096,2120.681109,64.886154,7,""" Season"""
phase2-full-grid-rerun-20260731-l4-l4-tp1-f2040-i32-o32-r10-rep2-seg1-attempt2,phase2-full-grid-rerun-20260731-l4-l4-tp1-f2040-i32-o32-r10-rep2-seg1-attempt2-00101-d9f56a54dd6e,30,30,0,1,13,server_token_ids,1785511574272110639,2188.875652,68.194543,1,"""\n"""
phase2-full-grid-rerun-20260731-l4-l4-tp1-f2040-i32-o32-r10-rep2-seg1-attempt2,phase2-full-grid-rerun-20260731-l4-l4-tp1-f2040-i32-o32-r10-rep2-seg1-attempt2-00101-d9f56a54dd6e,31,31,0,1,13,server_token_ids,1785511574340398559,2257.163572,68.28792,1,"""\n"""
phase2-full-grid-rerun-20260731-l4-l4-tp1-f2040-i32-o32-r10-rep2-seg1-attempt2,phase2-full-grid-rerun-20260731-l4-l4-tp1-f2040-i32-o32-r10-rep2-seg1-attempt2-00102-68a558497da4,0,0,0,1,13,server_token_ids,1785511572356010710,174.502089,,1,"""\n"""
phase2-full-grid-rerun-20260731-l4-l4-tp1-f2040-i32-o32-r10-rep2-seg1-attempt2,phase2-full-grid-rerun-20260731-l4-l4-tp1-f2040-i32-o32-r10-rep2-seg1-attempt2-00102-68a558497da4,1,1,0,1,13,server_token_ids,1785511572412775344,231.266723,56.764634,1,"""\n"""
phase2-full-grid-rerun-20260731-l4-l4-tp1-f2040-i32-o32-r10-rep2-seg1-attempt2,phase2-full-grid-rerun-20260731-l4-l4-tp1-f2040-i32-o32-r10-rep2-seg1-attempt2-00102-68a558497da4,2,2,0,1,1064,server_token_ids,1785511572478353099,296.844478,65.577755,2,"""##"""
phase2-full-grid-rerun-20260731-l4-l4-tp1-f2040-i32-o32-r10-rep2-seg1-attempt2,phase2-full-grid-rerun-20260731-l4-l4-tp1-f2040-i32-o32-r10-rep2-seg1-attempt2-00102-68a558497da4,3,3,0,1,28705,server_token_ids,1785511572555840653,374.332032,77.487554,1,""" """
phase2-full-grid-rerun-20260731-l4-l4-tp1-f2040-i32-o32-r10-rep2-seg1-attempt2,phase2-full-grid-rerun-20260731-l4-l4-tp1-f2040-i32-o32-r10-rep2-seg1-attempt2-00102-68a558497da4,4,4,0,1,28740,server_token_ids,1785511572612634039,431.125418,56.793386,1,"""1"""
phase2-full-grid-rerun-20260731-l4-l4-tp1-f2040-i32-o32-r10-rep2-seg1-attempt2,phase2-full-grid-rerun-20260731-l4-l4-tp1-f2040-i32-o32-r10-rep2-seg1-attempt2-00102-68a558497da4,5,5,0,1,28723,server_token_ids,1785511572680550568,499.041947,67.916529,1,"""."""
phase2-full-grid-rerun-20260731-l4-l4-tp1-f2040-i32-o32-r10-rep2-seg1-attempt2,phase2-full-grid-rerun-20260731-l4-l4-tp1-f2040-i32-o32-r10-rep2-seg1-attempt2-00102-68a558497da4,6,6,0,1,23628,server_token_ids,1785511572755428507,573.919886,74.877939,13,""" Introduction"""
phase2-full-grid-rerun-20260731-l4-l4-tp1-f2040-i32-o32-r10-rep2-seg1-attempt2,phase2-full-grid-rerun-20260731-l4-l4-tp1-f2040-i32-o32-r10-rep2-seg1-attempt2-00102-68a558497da4,7,7,0,1,13,server_token_ids,1785511572819092843,637.584222,63.664336,1,"""\n"""
phase2-full-grid-rerun-20260731-l4-l4-tp1-f2040-i32-o32-r10-rep2-seg1-attempt2,phase2-full-grid-rerun-20260731-l4-l4-tp1-f2040-i32-o32-r10-rep2-seg1-attempt2-00102-68a558497da4,8,8,0,1,13,server_token_ids,1785511572879339211,697.83059,60.246368,1,"""\n"""
phase2-full-grid-rerun-20260731-l4-l4-tp1-f2040-i32-o32-r10-rep2-seg1-attempt2,phase2-full-grid-rerun-20260731-l4-l4-tp1-f2040-i32-o32-r10-rep2-seg1-attempt2-00102-68a558497da4,9,9,0,1,1014,server_token_ids,1785511572956093565,774.584944,76.754354,3,"""The"""
phase2-full-grid-rerun-20260731-l4-l4-tp1-f2040-i32-o32-r10-rep2-seg1-attempt2,phase2-full-grid-rerun-20260731-l4-l4-tp1-f2040-i32-o32-r10-rep2-seg1-attempt2-00102-68a558497da4,10,10,0,1,6032,server_token_ids,1785511573018043382,836.534761,61.949817,8,""" purpose"""
phase2-full-grid-rerun-20260731-l4-l4-tp1-f2040-i32-o32-r10-rep2-seg1-attempt2,phase2-full-grid-rerun-20260731-l4-l4-tp1-f2040-i32-o32-r10-rep2-seg1-attempt2-00102-68a558497da4,11,11,0,1,302,server_token_ids,1785511573078776626,897.268005,60.733244,3,""" of"""
phase2-full-grid-rerun-20260731-l4-l4-tp1-f2040-i32-o32-r10-rep2-seg1-attempt2,phase2-full-grid-rerun-20260731-l4-l4-tp1-f2040-i32-o32-r10-rep2-seg1-attempt2-00102-68a558497da4,12,12,0,1,456,server_token_ids,1785511573155104333,973.595712,76.327707,5,""" this"""
phase2-full-grid-rerun-20260731-l4-l4-tp1-f2040-i32-o32-r10-rep2-seg1-attempt2,phase2-full-grid-rerun-20260731-l4-l4-tp1-f2040-i32-o32-r10-rep2-seg1-attempt2-00102-68a558497da4,13,13,0,1,3830,server_token_ids,1785511573209488550,1027.979929,54.384217,6,""" paper"""
phase2-full-grid-rerun-20260731-l4-l4-tp1-f2040-i32-o32-r10-rep2-seg1-attempt2,phase2-full-grid-rerun-20260731-l4-l4-tp1-f2040-i32-o32-r10-rep2-seg1-attempt2-00102-68a558497da4,14,14,0,1,349,server_token_ids,1785511573277712831,1096.20421,68.224281,3,""" is"""
phase2-full-grid-rerun-20260731-l4-l4-tp1-f2040-i32-o32-r10-rep2-seg1-attempt2,phase2-full-grid-rerun-20260731-l4-l4-tp1-f2040-i32-o32-r10-rep2-seg1-attempt2-00102-68a558497da4,15,15,0,1,298,server_token_ids,1785511573346209982,1164.701361,68.497151,3,""" to"""
phase2-full-grid-rerun-20260731-l4-l4-tp1-f2040-i32-o32-r10-rep2-seg1-attempt2,phase2-full-grid-rerun-20260731-l4-l4-tp1-f2040-i32-o32-r10-rep2-seg1-attempt2-00102-68a558497da4,16,16,0,1,17801,server_token_ids,1785511573408561757,1227.053136,62.351775,8,""" examine"""
phase2-full-grid-rerun-20260731-l4-l4-tp1-f2040-i32-o32-r10-rep2-seg1-attempt2,phase2-full-grid-rerun-20260731-l4-l4-tp1-f2040-i32-o32-r10-rep2-seg1-attempt2-00102-68a558497da4,17,17,0,1,272,server_token_ids,1785511573476824358,1295.315737,68.262601,4,""" the"""
phase2-full-grid-rerun-20260731-l4-l4-tp1-f2040-i32-o32-r10-rep2-seg1-attempt2,phase2-full-grid-rerun-20260731-l4-l4-tp1-f2040-i32-o32-r10-rep2-seg1-attempt2-00102-68a558497da4,18,18,0,1,3758,server_token_ids,1785511573545342704,1363.834083,68.518346,13,""" relationship"""
phase2-full-grid-rerun-20260731-l4-l4-tp1-f2040-i32-o32-r10-rep2-seg1-attempt2,phase2-full-grid-rerun-20260731-l4-l4-tp1-f2040-i32-o32-r10-rep2-seg1-attempt2-00102-68a558497da4,19,19,0,1,1444,server_token_ids,1785511573613629920,1432.121299,68.287216,8,""" between"""
phase2-full-grid-rerun-20260731-l4-l4-tp1-f2040-i32-o32-r10-rep2-seg1-attempt2,phase2-full-grid-rerun-20260731-l4-l4-tp1-f2040-i32-o32-r10-rep2-seg1-attempt2-00102-68a558497da4,20,20,0,1,272,server_token_ids,1785511573674729606,1493.220985,61.099686,4,""" the"""
phase2-full-grid-rerun-20260731-l4-l4-tp1-f2040-i32-o32-r10-rep2-seg1-attempt2,phase2-full-grid-rerun-20260731-l4-l4-tp1-f2040-i32-o32-r10-rep2-seg1-attempt2-00102-68a558497da4,21,21,0,1,2184,server_token_ids,1785511573749417842,1567.909221,74.688236,6,""" level"""
phase2-full-grid-rerun-20260731-l4-l4-tp1-f2040-i32-o32-r10-rep2-seg1-attempt2,phase2-full-grid-rerun-20260731-l4-l4-tp1-f2040-i32-o32-r10-rep2-seg1-attempt2-00102-68a558497da4,22,22,0,1,302,server_token_ids,1785511573802969962,1621.461341,53.55212,3,""" of"""
phase2-full-grid-rerun-20260731-l4-l4-tp1-f2040-i32-o32-r10-rep2-seg1-attempt2,phase2-full-grid-rerun-20260731-l4-l4-tp1-f2040-i32-o32-r10-rep2-seg1-attempt2-00102-68a558497da4,23,23,0,1,6638,server_token_ids,1785511573874288831,1692.78021,71.318869,9,""" economic"""
phase2-full-grid-rerun-20260731-l4-l4-tp1-f2040-i32-o32-r10-rep2-seg1-attempt2,phase2-full-grid-rerun-20260731-l4-l4-tp1-f2040-i32-o32-r10-rep2-seg1-attempt2-00102-68a558497da4,24,24,0,1,4099,server_token_ids,1785511573942087629,1760.579008,67.798798,12,""" development"""
phase2-full-grid-rerun-20260731-l4-l4-tp1-f2040-i32-o32-r10-rep2-seg1-attempt2,phase2-full-grid-rerun-20260731-l4-l4-tp1-f2040-i32-o32-r10-rep2-seg1-attempt2-00102-68a558497da4,25,25,0,1,304,server_token_ids,1785511574011446214,1829.937593,69.358585,4,""" and"""
phase2-full-grid-rerun-20260731-l4-l4-tp1-f2040-i32-o32-r10-rep2-seg1-attempt2,phase2-full-grid-rerun-20260731-l4-l4-tp1-f2040-i32-o32-r10-rep2-seg1-attempt2-00102-68a558497da4,26,26,0,1,272,server_token_ids,1785511574069892209,1888.383588,58.445995,4,""" the"""
phase2-full-grid-rerun-20260731-l4-l4-tp1-f2040-i32-o32-r10-rep2-seg1-attempt2,phase2-full-grid-rerun-20260731-l4-l4-tp1-f2040-i32-o32-r10-rep2-seg1-attempt2-00102-68a558497da4,27,27,0,1,2184,server_token_ids,1785511574138436140,1956.927519,68.543931,6,""" level"""
phase2-full-grid-rerun-20260731-l4-l4-tp1-f2040-i32-o32-r10-rep2-seg1-attempt2,phase2-full-grid-rerun-20260731-l4-l4-tp1-f2040-i32-o32-r10-rep2-seg1-attempt2-00102-68a558497da4,28,28,0,1,302,server_token_ids,1785511574203437587,2021.928966,65.001447,3,""" of"""
phase2-full-grid-rerun-20260731-l4-l4-tp1-f2040-i32-o32-r10-rep2-seg1-attempt2,phase2-full-grid-rerun-20260731-l4-l4-tp1-f2040-i32-o32-r10-rep2-seg1-attempt2-00102-68a558497da4,29,29,0,1,17548,server_token_ids,1785511574271838351,2090.32973,68.400764,10,""" democracy"""
phase2-full-grid-rerun-20260731-l4-l4-tp1-f2040-i32-o32-r10-rep2-seg1-attempt2,phase2-full-grid-rerun-20260731-l4-l4-tp1-f2040-i32-o32-r10-rep2-seg1-attempt2-00102-68a558497da4,30,30,0,1,297,server_token_ids,1785511574337418123,2155.909502,65.579772,3,""" in"""
phase2-full-grid-rerun-20260731-l4-l4-tp1-f2040-i32-o32-r10-rep2-seg1-attempt2,phase2-full-grid-rerun-20260731-l4-l4-tp1-f2040-i32-o32-r10-rep2-seg1-attempt2-00102-68a558497da4,31,31,0,1,272,server_token_ids,1785511574402754594,2221.245973,65.336471,4,""" the"""
phase2-full-grid-rerun-20260731-l4-l4-tp1-f2040-i32-o32-r10-rep2-seg1-attempt2,phase2-full-grid-rerun-20260731-l4-l4-tp1-f2040-i32-o32-r10-rep2-seg1-attempt2-00103-870db47e3014,0,0,0,1,13,server_token_ids,1785511572478967983,194.079453,,1,"""\n"""
phase2-full-grid-rerun-20260731-l4-l4-tp1-f2040-i32-o32-r10-rep2-seg1-attempt2,phase2-full-grid-rerun-20260731-l4-l4-tp1-f2040-i32-o32-r10-rep2-seg1-attempt2-00103-870db47e3014,1,1,0,1,13,server_token_ids,1785511572556418953,271.530423,77.45097,1,"""\n"""
phase2-full-grid-rerun-20260731-l4-l4-tp1-f2040-i32-o32-r10-rep2-seg1-attempt2,phase2-full-grid-rerun-20260731-l4-l4-tp1-f2040-i32-o32-r10-rep2-seg1-attempt2-00103-870db47e3014,2,2,0,1,1064,server_token_ids,1785511572612323517,327.434987,55.904564,2,"""##"""
phase2-full-grid-rerun-20260731-l4-l4-tp1-f2040-i32-o32-r10-rep2-seg1-attempt2,phase2-full-grid-rerun-20260731-l4-l4-tp1-f2040-i32-o32-r10-rep2-seg1-attempt2-00103-870db47e3014,3,3,0,1,28705,server_token_ids,1785511572677626026,392.737496,65.302509,1,""" """
phase2-full-grid-rerun-20260731-l4-l4-tp1-f2040-i32-o32-r10-rep2-seg1-attempt2,phase2-full-grid-rerun-20260731-l4-l4-tp1-f2040-i32-o32-r10-rep2-seg1-attempt2-00103-870db47e3014,4,4,0,1,28740,server_token_ids,1785511572747946859,463.058329,70.320833,1,"""1"""
phase2-full-grid-rerun-20260731-l4-l4-tp1-f2040-i32-o32-r10-rep2-seg1-attempt2,phase2-full-grid-rerun-20260731-l4-l4-tp1-f2040-i32-o32-r10-rep2-seg1-attempt2-00103-870db47e3014,5,5,0,1,28723,server_token_ids,1785511572818703085,533.814555,70.756226,1,"""."""
phase2-full-grid-rerun-20260731-l4-l4-tp1-f2040-i32-o32-r10-rep2-seg1-attempt2,phase2-full-grid-rerun-20260731-l4-l4-tp1-f2040-i32-o32-r10-rep2-seg1-attempt2-00103-870db47e3014,6,6,0,1,23628,server_token_ids,1785511572878968384,594.079854,60.265299,13,""" Introduction"""
phase2-full-grid-rerun-20260731-l4-l4-tp1-f2040-i32-o32-r10-rep2-seg1-attempt2,phase2-full-grid-rerun-20260731-l4-l4-tp1-f2040-i32-o32-r10-rep2-seg1-attempt2-00103-870db47e3014,7,7,0,1,13,server_token_ids,1785511572955687624,670.799094,76.71924,1,"""\n"""
phase2-full-grid-rerun-20260731-l4-l4-tp1-f2040-i32-o32-r10-rep2-seg1-attempt2,phase2-full-grid-rerun-20260731-l4-l4-tp1-f2040-i32-o32-r10-rep2-seg1-attempt2-00103-870db47e3014,8,8,0,1,13,server_token_ids,1785511573017673459,732.784929,61.985835,1,"""\n"""
phase2-full-grid-rerun-20260731-l4-l4-tp1-f2040-i32-o32-r10-rep2-seg1-attempt2,phase2-full-grid-rerun-20260731-l4-l4-tp1-f2040-i32-o32-r10-rep2-seg1-attempt2-00103-870db47e3014,9,9,0,1,1014,server_token_ids,1785511573078401994,793.513464,60.728535,3,"""The"""
phase2-full-grid-rerun-20260731-l4-l4-tp1-f2040-i32-o32-r10-rep2-seg1-attempt2,phase2-full-grid-rerun-20260731-l4-l4-tp1-f2040-i32-o32-r10-rep2-seg1-attempt2-00103-870db47e3014,10,10,0,1,6032,server_token_ids,1785511573154720142,869.831612,76.318148,8,""" purpose"""
phase2-full-grid-rerun-20260731-l4-l4-tp1-f2040-i32-o32-r10-rep2-seg1-attempt2,phase2-full-grid-rerun-20260731-l4-l4-tp1-f2040-i32-o32-r10-rep2-seg1-attempt2-00103-870db47e3014,11,11,0,1,302,server_token_ids,1785511573209091370,924.20284,54.371228,3,""" of"""
phase2-full-grid-rerun-20260731-l4-l4-tp1-f2040-i32-o32-r10-rep2-seg1-attempt2,phase2-full-grid-rerun-20260731-l4-l4-tp1-f2040-i32-o32-r10-rep2-seg1-attempt2-00103-870db47e3014,12,12,0,1,456,server_token_ids,1785511573277317620,992.42909,68.22625,5,""" this"""
phase2-full-grid-rerun-20260731-l4-l4-tp1-f2040-i32-o32-r10-rep2-seg1-attempt2,phase2-full-grid-rerun-20260731-l4-l4-tp1-f2040-i32-o32-r10-rep2-seg1-attempt2-00103-870db47e3014,13,13,0,1,3830,server_token_ids,1785511573345678324,1060.789794,68.360704,6,""" paper"""
phase2-full-grid-rerun-20260731-l4-l4-tp1-f2040-i32-o32-r10-rep2-seg1-attempt2,phase2-full-grid-rerun-20260731-l4-l4-tp1-f2040-i32-o32-r10-rep2-seg1-attempt2-00103-870db47e3014,14,14,0,1,349,server_token_ids,1785511573408258370,1123.36984,62.580046,3,""" is"""
phase2-full-grid-rerun-20260731-l4-l4-tp1-f2040-i32-o32-r10-rep2-seg1-attempt2,phase2-full-grid-rerun-20260731-l4-l4-tp1-f2040-i32-o32-r10-rep2-seg1-attempt2-00103-870db47e3014,15,15,0,1,298,server_token_ids,1785511573476510276,1191.621746,68.251906,3,""" to"""
phase2-full-grid-rerun-20260731-l4-l4-tp1-f2040-i32-o32-r10-rep2-seg1-attempt2,phase2-full-grid-rerun-20260731-l4-l4-tp1-f2040-i32-o32-r10-rep2-seg1-attempt2-00103-870db47e3014,16,16,0,1,2169,server_token_ids,1785511573541967710,1257.07918,65.457434,8,""" present"""
phase2-full-grid-rerun-20260731-l4-l4-tp1-f2040-i32-o32-r10-rep2-seg1-attempt2,phase2-full-grid-rerun-20260731-l4-l4-tp1-f2040-i32-o32-r10-rep2-seg1-attempt2-00103-870db47e3014,17,17,0,1,264,server_token_ids,1785511573613229295,1328.340765,71.261585,2,""" a"""
phase2-full-grid-rerun-20260731-l4-l4-tp1-f2040-i32-o32-r10-rep2-seg1-attempt2,phase2-full-grid-rerun-20260731-l4-l4-tp1-f2040-i32-o32-r10-rep2-seg1-attempt2-00103-870db47e3014,18,18,0,1,633,server_token_ids,1785511573674335231,1389.446701,61.105936,4,""" new"""
phase2-full-grid-rerun-20260731-l4-l4-tp1-f2040-i32-o32-r10-rep2-seg1-attempt2,phase2-full-grid-rerun-20260731-l4-l4-tp1-f2040-i32-o32-r10-rep2-seg1-attempt2-00103-870db47e3014,19,19,0,1,2038,server_token_ids,1785511573740511523,1455.622993,66.176292,7,""" method"""
phase2-full-grid-rerun-20260731-l4-l4-tp1-f2040-i32-o32-r10-rep2-seg1-attempt2,phase2-full-grid-rerun-20260731-l4-l4-tp1-f2040-i32-o32-r10-rep2-seg1-attempt2-00103-870db47e3014,20,20,0,1,354,server_token_ids,1785511573802430896,1517.542366,61.919373,4,""" for"""
phase2-full-grid-rerun-20260731-l4-l4-tp1-f2040-i32-o32-r10-rep2-seg1-attempt2,phase2-full-grid-rerun-20260731-l4-l4-tp1-f2040-i32-o32-r10-rep2-seg1-attempt2-00103-870db47e3014,21,21,0,1,272,server_token_ids,1785511573873985841,1589.097311,71.554945,4,""" the"""
phase2-full-grid-rerun-20260731-l4-l4-tp1-f2040-i32-o32-r10-rep2-seg1-attempt2,phase2-full-grid-rerun-20260731-l4-l4-tp1-f2040-i32-o32-r10-rep2-seg1-attempt2-00103-870db47e3014,22,22,0,1,20051,server_token_ids,1785511573941625575,1656.737045,67.639734,14,""" determination"""
phase2-full-grid-rerun-20260731-l4-l4-tp1-f2040-i32-o32-r10-rep2-seg1-attempt2,phase2-full-grid-rerun-20260731-l4-l4-tp1-f2040-i32-o32-r10-rep2-seg1-attempt2-00103-870db47e3014,23,23,0,1,302,server_token_ids,1785511574012003411,1727.114881,70.377836,3,""" of"""
phase2-full-grid-rerun-20260731-l4-l4-tp1-f2040-i32-o32-r10-rep2-seg1-attempt2,phase2-full-grid-rerun-20260731-l4-l4-tp1-f2040-i32-o32-r10-rep2-seg1-attempt2-00103-870db47e3014,24,24,0,1,272,server_token_ids,1785511574070802658,1785.914128,58.799247,4,""" the"""
phase2-full-grid-rerun-20260731-l4-l4-tp1-f2040-i32-o32-r10-rep2-seg1-attempt2,phase2-full-grid-rerun-20260731-l4-l4-tp1-f2040-i32-o32-r10-rep2-seg1-attempt2-00103-870db47e3014,25,25,0,1,5287,server_token_ids,1785511574139203213,1854.314683,68.400555,11,""" parameters"""
phase2-full-grid-rerun-20260731-l4-l4-tp1-f2040-i32-o32-r10-rep2-seg1-attempt2,phase2-full-grid-rerun-20260731-l4-l4-tp1-f2040-i32-o32-r10-rep2-seg1-attempt2-00103-870db47e3014,26,26,0,1,302,server_token_ids,1785511574204096931,1919.208401,64.893718,3,""" of"""
phase2-full-grid-rerun-20260731-l4-l4-tp1-f2040-i32-o32-r10-rep2-seg1-attempt2,phase2-full-grid-rerun-20260731-l4-l4-tp1-f2040-i32-o32-r10-rep2-seg1-attempt2-00103-870db47e3014,27,27,0,1,272,server_token_ids,1785511574272280267,1987.391737,68.183336,4,""" the"""
phase2-full-grid-rerun-20260731-l4-l4-tp1-f2040-i32-o32-r10-rep2-seg1-attempt2,phase2-full-grid-rerun-20260731-l4-l4-tp1-f2040-i32-o32-r10-rep2-seg1-attempt2-00103-870db47e3014,28,28,0,1,2229,server_token_ids,1785511574340718640,2055.83011,68.438373,6,""" model"""
phase2-full-grid-rerun-20260731-l4-l4-tp1-f2040-i32-o32-r10-rep2-seg1-attempt2,phase2-full-grid-rerun-20260731-l4-l4-tp1-f2040-i32-o32-r10-rep2-seg1-attempt2-00103-870db47e3014,29,29,0,1,302,server_token_ids,1785511574403305317,2118.416787,62.586677,3,""" of"""
phase2-full-grid-rerun-20260731-l4-l4-tp1-f2040-i32-o32-r10-rep2-seg1-attempt2,phase2-full-grid-rerun-20260731-l4-l4-tp1-f2040-i32-o32-r10-rep2-seg1-attempt2-00103-870db47e3014,30,30,0,1,272,server_token_ids,1785511574470618525,2185.729995,67.313208,4,""" the"""
phase2-full-grid-rerun-20260731-l4-l4-tp1-f2040-i32-o32-r10-rep2-seg1-attempt2,phase2-full-grid-rerun-20260731-l4-l4-tp1-f2040-i32-o32-r10-rep2-seg1-attempt2-00103-870db47e3014,31,31,0,1,2229,server_token_ids,1785511574539882201,2254.993671,69.263676,6,""" model"""
phase2-full-grid-rerun-20260731-l4-l4-tp1-f2040-i32-o32-r10-rep2-seg1-attempt2,phase2-full-grid-rerun-20260731-l4-l4-tp1-f2040-i32-o32-r10-rep2-seg1-attempt2-00104-cedd1e8dcaa0,0,0,0,1,28807,server_token_ids,1785511572545844715,164.131059,,2,"""п"""
phase2-full-grid-rerun-20260731-l4-l4-tp1-f2040-i32-o32-r10-rep2-seg1-attempt2,phase2-full-grid-rerun-20260731-l4-l4-tp1-f2040-i32-o32-r10-rep2-seg1-attempt2-00104-cedd1e8dcaa0,1,1,0,1,13,server_token_ids,1785511572610901880,229.188224,65.057165,1,"""\n"""
phase2-full-grid-rerun-20260731-l4-l4-tp1-f2040-i32-o32-r10-rep2-seg1-attempt2,phase2-full-grid-rerun-20260731-l4-l4-tp1-f2040-i32-o32-r10-rep2-seg1-attempt2-00104-cedd1e8dcaa0,2,2,0,1,13,server_token_ids,1785511572676540868,294.827212,65.638988,1,"""\n"""
phase2-full-grid-rerun-20260731-l4-l4-tp1-f2040-i32-o32-r10-rep2-seg1-attempt2,phase2-full-grid-rerun-20260731-l4-l4-tp1-f2040-i32-o32-r10-rep2-seg1-attempt2-00104-cedd1e8dcaa0,3,3,0,1,28771,server_token_ids,1785511572744686816,362.97316,68.145948,1,"""#"""
phase2-full-grid-rerun-20260731-l4-l4-tp1-f2040-i32-o32-r10-rep2-seg1-attempt2,phase2-full-grid-rerun-20260731-l4-l4-tp1-f2040-i32-o32-r10-rep2-seg1-attempt2-00104-cedd1e8dcaa0,4,4,0,1,415,server_token_ids,1785511572809927872,428.214216,65.241056,4,""" The"""
phase2-full-grid-rerun-20260731-l4-l4-tp1-f2040-i32-o32-r10-rep2-seg1-attempt2,phase2-full-grid-rerun-20260731-l4-l4-tp1-f2040-i32-o32-r10-rep2-seg1-attempt2-00104-cedd1e8dcaa0,5,5,0,1,28705,server_token_ids,1785511572875204457,493.490801,65.276585,1,""" """
phase2-full-grid-rerun-20260731-l4-l4-tp1-f2040-i32-o32-r10-rep2-seg1-attempt2,phase2-full-grid-rerun-20260731-l4-l4-tp1-f2040-i32-o32-r10-rep2-seg1-attempt2-00104-cedd1e8dcaa0,6,6,0,1,28750,server_token_ids,1785511572944238733,562.525077,69.034276,1,"""2"""
phase2-full-grid-rerun-20260731-l4-l4-tp1-f2040-i32-o32-r10-rep2-seg1-attempt2,phase2-full-grid-rerun-20260731-l4-l4-tp1-f2040-i32-o32-r10-rep2-seg1-attempt2-00104-cedd1e8dcaa0,7,7,0,1,28734,server_token_ids,1785511573008262485,626.548829,64.023752,1,"""0"""
phase2-full-grid-rerun-20260731-l4-l4-tp1-f2040-i32-o32-r10-rep2-seg1-attempt2,phase2-full-grid-rerun-20260731-l4-l4-tp1-f2040-i32-o32-r10-rep2-seg1-attempt2-00104-cedd1e8dcaa0,8,8,0,1,28740,server_token_ids,1785511573074290884,692.577228,66.028399,1,"""1"""
phase2-full-grid-rerun-20260731-l4-l4-tp1-f2040-i32-o32-r10-rep2-seg1-attempt2,phase2-full-grid-rerun-20260731-l4-l4-tp1-f2040-i32-o32-r10-rep2-seg1-attempt2-00104-cedd1e8dcaa0,9,9,0,1,28783,server_token_ids,1785511573145397935,763.684279,71.107051,1,"""8"""
phase2-full-grid-rerun-20260731-l4-l4-tp1-f2040-i32-o32-r10-rep2-seg1-attempt2,phase2-full-grid-rerun-20260731-l4-l4-tp1-f2040-i32-o32-r10-rep2-seg1-attempt2-00104-cedd1e8dcaa0,10,10,0,1,28733,server_token_ids,1785511573207506297,825.792641,62.108362,1,"""-"""
phase2-full-grid-rerun-20260731-l4-l4-tp1-f2040-i32-o32-r10-rep2-seg1-attempt2,phase2-full-grid-rerun-20260731-l4-l4-tp1-f2040-i32-o32-r10-rep2-seg1-attempt2-00104-cedd1e8dcaa0,11,11,0,1,28750,server_token_ids,1785511573273386385,891.672729,65.880088,1,"""2"""
phase2-full-grid-rerun-20260731-l4-l4-tp1-f2040-i32-o32-r10-rep2-seg1-attempt2,phase2-full-grid-rerun-20260731-l4-l4-tp1-f2040-i32-o32-r10-rep2-seg1-attempt2-00104-cedd1e8dcaa0,12,12,0,1,28734,server_token_ids,1785511573344174535,962.460879,70.78815,1,"""0"""
phase2-full-grid-rerun-20260731-l4-l4-tp1-f2040-i32-o32-r10-rep2-seg1-attempt2,phase2-full-grid-rerun-20260731-l4-l4-tp1-f2040-i32-o32-r10-rep2-seg1-attempt2-00104-cedd1e8dcaa0,13,13,0,1,28740,server_token_ids,1785511573406694492,1024.980836,62.519957,1,"""1"""
phase2-full-grid-rerun-20260731-l4-l4-tp1-f2040-i32-o32-r10-rep2-seg1-attempt2,phase2-full-grid-rerun-20260731-l4-l4-tp1-f2040-i32-o32-r10-rep2-seg1-attempt2-00104-cedd1e8dcaa0,14,14,0,1,28774,server_token_ids,1785511573472988466,1091.27481,66.293974,1,"""9"""
phase2-full-grid-rerun-20260731-l4-l4-tp1-f2040-i32-o32-r10-rep2-seg1-attempt2,phase2-full-grid-rerun-20260731-l4-l4-tp1-f2040-i32-o32-r10-rep2-seg1-attempt2-00104-cedd1e8dcaa0,15,15,0,1,16887,server_token_ids,1785511573540468878,1158.755222,67.480412,7,""" Season"""
phase2-full-grid-rerun-20260731-l4-l4-tp1-f2040-i32-o32-r10-rep2-seg1-attempt2,phase2-full-grid-rerun-20260731-l4-l4-tp1-f2040-i32-o32-r10-rep2-seg1-attempt2-00104-cedd1e8dcaa0,16,16,0,1,13,server_token_ids,1785511573605532015,1223.818359,65.063137,1,"""\n"""
phase2-full-grid-rerun-20260731-l4-l4-tp1-f2040-i32-o32-r10-rep2-seg1-attempt2,phase2-full-grid-rerun-20260731-l4-l4-tp1-f2040-i32-o32-r10-rep2-seg1-attempt2-00104-cedd1e8dcaa0,17,17,0,1,13,server_token_ids,1785511573671007116,1289.29346,65.475101,1,"""\n"""
phase2-full-grid-rerun-20260731-l4-l4-tp1-f2040-i32-o32-r10-rep2-seg1-attempt2,phase2-full-grid-rerun-20260731-l4-l4-tp1-f2040-i32-o32-r10-rep2-seg1-attempt2-00104-cedd1e8dcaa0,18,18,0,1,1064,server_token_ids,1785511573739395285,1357.681629,68.388169,2,"""##"""
phase2-full-grid-rerun-20260731-l4-l4-tp1-f2040-i32-o32-r10-rep2-seg1-attempt2,phase2-full-grid-rerun-20260731-l4-l4-tp1-f2040-i32-o32-r10-rep2-seg1-attempt2-00104-cedd1e8dcaa0,19,19,0,1,415,server_token_ids,1785511573801545453,1419.831797,62.150168,4,""" The"""
phase2-full-grid-rerun-20260731-l4-l4-tp1-f2040-i32-o32-r10-rep2-seg1-attempt2,phase2-full-grid-rerun-20260731-l4-l4-tp1-f2040-i32-o32-r10-rep2-seg1-attempt2-00104-cedd1e8dcaa0,20,20,0,1,28705,server_token_ids,1785511573870067889,1488.354233,68.522436,1,""" """
phase2-full-grid-rerun-20260731-l4-l4-tp1-f2040-i32-o32-r10-rep2-seg1-attempt2,phase2-full-grid-rerun-20260731-l4-l4-tp1-f2040-i32-o32-r10-rep2-seg1-attempt2-00104-cedd1e8dcaa0,21,21,0,1,28750,server_token_ids,1785511573938261959,1556.548303,68.19407,1,"""2"""
phase2-full-grid-rerun-20260731-l4-l4-tp1-f2040-i32-o32-r10-rep2-seg1-attempt2,phase2-full-grid-rerun-20260731-l4-l4-tp1-f2040-i32-o32-r10-rep2-seg1-attempt2-00104-cedd1e8dcaa0,22,22,0,1,28734,server_token_ids,1785511574003359606,1621.64595,65.097647,1,"""0"""
phase2-full-grid-rerun-20260731-l4-l4-tp1-f2040-i32-o32-r10-rep2-seg1-attempt2,phase2-full-grid-rerun-20260731-l4-l4-tp1-f2040-i32-o32-r10-rep2-seg1-attempt2-00104-cedd1e8dcaa0,23,23,0,1,28740,server_token_ids,1785511574069328953,1687.615297,65.969347,1,"""1"""
phase2-full-grid-rerun-20260731-l4-l4-tp1-f2040-i32-o32-r10-rep2-seg1-attempt2,phase2-full-grid-rerun-20260731-l4-l4-tp1-f2040-i32-o32-r10-rep2-seg1-attempt2-00104-cedd1e8dcaa0,24,24,0,1,28783,server_token_ids,1785511574137365933,1755.652277,68.03698,1,"""8"""
phase2-full-grid-rerun-20260731-l4-l4-tp1-f2040-i32-o32-r10-rep2-seg1-attempt2,phase2-full-grid-rerun-20260731-l4-l4-tp1-f2040-i32-o32-r10-rep2-seg1-attempt2-00104-cedd1e8dcaa0,25,25,0,1,28733,server_token_ids,1785511574202356704,1820.643048,64.990771,1,"""-"""
phase2-full-grid-rerun-20260731-l4-l4-tp1-f2040-i32-o32-r10-rep2-seg1-attempt2,phase2-full-grid-rerun-20260731-l4-l4-tp1-f2040-i32-o32-r10-rep2-seg1-attempt2-00104-cedd1e8dcaa0,26,26,0,1,28750,server_token_ids,1785511574270881012,1889.167356,68.524308,1,"""2"""
phase2-full-grid-rerun-20260731-l4-l4-tp1-f2040-i32-o32-r10-rep2-seg1-attempt2,phase2-full-grid-rerun-20260731-l4-l4-tp1-f2040-i32-o32-r10-rep2-seg1-attempt2-00104-cedd1e8dcaa0,27,27,0,1,28734,server_token_ids,1785511574336408310,1954.694654,65.527298,1,"""0"""
phase2-full-grid-rerun-20260731-l4-l4-tp1-f2040-i32-o32-r10-rep2-seg1-attempt2,phase2-full-grid-rerun-20260731-l4-l4-tp1-f2040-i32-o32-r10-rep2-seg1-attempt2-00104-cedd1e8dcaa0,28,28,0,1,28740,server_token_ids,1785511574401672152,2019.958496,65.263842,1,"""1"""
phase2-full-grid-rerun-20260731-l4-l4-tp1-f2040-i32-o32-r10-rep2-seg1-attempt2,phase2-full-grid-rerun-20260731-l4-l4-tp1-f2040-i32-o32-r10-rep2-seg1-attempt2-00104-cedd1e8dcaa0,29,29,0,1,28774,server_token_ids,1785511574466995000,2085.281344,65.322848,1,"""9"""
phase2-full-grid-rerun-20260731-l4-l4-tp1-f2040-i32-o32-r10-rep2-seg1-attempt2,phase2-full-grid-rerun-20260731-l4-l4-tp1-f2040-i32-o32-r10-rep2-seg1-attempt2-00104-cedd1e8dcaa0,30,30,0,1,16887,server_token_ids,1785511574535546254,2153.832598,68.551254,7,""" Season"""
phase2-full-grid-rerun-20260731-l4-l4-tp1-f2040-i32-o32-r10-rep2-seg1-attempt2,phase2-full-grid-rerun-20260731-l4-l4-tp1-f2040-i32-o32-r10-rep2-seg1-attempt2-00104-cedd1e8dcaa0,31,31,0,1,13,server_token_ids,1785511574600177966,2218.46431,64.631712,1,"""\n"""
phase2-full-grid-rerun-20260731-l4-l4-tp1-f2040-i32-o32-r10-rep2-seg1-attempt2,phase2-full-grid-rerun-20260731-l4-l4-tp1-f2040-i32-o32-r10-rep2-seg1-attempt2-00105-6212a014e473,0,0,0,1,522,server_token_ids,1785511572677930491,194.885255,,4,"""able"""
phase2-full-grid-rerun-20260731-l4-l4-tp1-f2040-i32-o32-r10-rep2-seg1-attempt2,phase2-full-grid-rerun-20260731-l4-l4-tp1-f2040-i32-o32-r10-rep2-seg1-attempt2-00105-6212a014e473,1,1,0,1,13,server_token_ids,1785511572755338742,272.293506,77.408251,1,"""\n"""
phase2-full-grid-rerun-20260731-l4-l4-tp1-f2040-i32-o32-r10-rep2-seg1-attempt2,phase2-full-grid-rerun-20260731-l4-l4-tp1-f2040-i32-o32-r10-rep2-seg1-attempt2-00105-6212a014e473,2,2,0,1,13,server_token_ids,1785511572819012774,335.967538,63.674032,1,"""\n"""
phase2-full-grid-rerun-20260731-l4-l4-tp1-f2040-i32-o32-r10-rep2-seg1-attempt2,phase2-full-grid-rerun-20260731-l4-l4-tp1-f2040-i32-o32-r10-rep2-seg1-attempt2-00105-6212a014e473,3,3,0,1,1064,server_token_ids,1785511572879267180,396.221944,60.254406,2,"""##"""
phase2-full-grid-rerun-20260731-l4-l4-tp1-f2040-i32-o32-r10-rep2-seg1-attempt2,phase2-full-grid-rerun-20260731-l4-l4-tp1-f2040-i32-o32-r10-rep2-seg1-attempt2-00105-6212a014e473,4,4,0,1,28705,server_token_ids,1785511572956016976,472.97174,76.749796,1,""" """
phase2-full-grid-rerun-20260731-l4-l4-tp1-f2040-i32-o32-r10-rep2-seg1-attempt2,phase2-full-grid-rerun-20260731-l4-l4-tp1-f2040-i32-o32-r10-rep2-seg1-attempt2-00105-6212a014e473,5,5,0,1,28740,server_token_ids,1785511573017974946,534.92971,61.95797,1,"""1"""
phase2-full-grid-rerun-20260731-l4-l4-tp1-f2040-i32-o32-r10-rep2-seg1-attempt2,phase2-full-grid-rerun-20260731-l4-l4-tp1-f2040-i32-o32-r10-rep2-seg1-attempt2-00105-6212a014e473,6,6,0,1,28723,server_token_ids,1785511573078708454,595.663218,60.733508,1,"""."""
phase2-full-grid-rerun-20260731-l4-l4-tp1-f2040-i32-o32-r10-rep2-seg1-attempt2,phase2-full-grid-rerun-20260731-l4-l4-tp1-f2040-i32-o32-r10-rep2-seg1-attempt2-00105-6212a014e473,7,7,0,1,23628,server_token_ids,1785511573155025791,671.980555,76.317337,13,""" Introduction"""
phase2-full-grid-rerun-20260731-l4-l4-tp1-f2040-i32-o32-r10-rep2-seg1-attempt2,phase2-full-grid-rerun-20260731-l4-l4-tp1-f2040-i32-o32-r10-rep2-seg1-attempt2-00105-6212a014e473,8,8,0,1,13,server_token_ids,1785511573209406599,726.361363,54.380808,1,"""\n"""
phase2-full-grid-rerun-20260731-l4-l4-tp1-f2040-i32-o32-r10-rep2-seg1-attempt2,phase2-full-grid-rerun-20260731-l4-l4-tp1-f2040-i32-o32-r10-rep2-seg1-attempt2-00105-6212a014e473,9,9,0,1,13,server_token_ids,1785511573277635823,794.590587,68.229224,1,"""\n"""
phase2-full-grid-rerun-20260731-l4-l4-tp1-f2040-i32-o32-r10-rep2-seg1-attempt2,phase2-full-grid-rerun-20260731-l4-l4-tp1-f2040-i32-o32-r10-rep2-seg1-attempt2-00105-6212a014e473,10,10,0,1,1014,server_token_ids,1785511573346121339,863.076103,68.485516,3,"""The"""
phase2-full-grid-rerun-20260731-l4-l4-tp1-f2040-i32-o32-r10-rep2-seg1-attempt2,phase2-full-grid-rerun-20260731-l4-l4-tp1-f2040-i32-o32-r10-rep2-seg1-attempt2-00105-6212a014e473,11,11,0,1,11747,server_token_ids,1785511573408489217,925.443981,62.367878,6,""" COVID"""
phase2-full-grid-rerun-20260731-l4-l4-tp1-f2040-i32-o32-r10-rep2-seg1-attempt2,phase2-full-grid-rerun-20260731-l4-l4-tp1-f2040-i32-o32-r10-rep2-seg1-attempt2-00105-6212a014e473,12,12,0,1,28733,server_token_ids,1785511573476749020,993.703784,68.259803,1,"""-"""
phase2-full-grid-rerun-20260731-l4-l4-tp1-f2040-i32-o32-r10-rep2-seg1-attempt2,phase2-full-grid-rerun-20260731-l4-l4-tp1-f2040-i32-o32-r10-rep2-seg1-attempt2-00105-6212a014e473,13,13,0,1,28740,server_token_ids,1785511573545247198,1062.201962,68.498178,1,"""1"""
phase2-full-grid-rerun-20260731-l4-l4-tp1-f2040-i32-o32-r10-rep2-seg1-attempt2,phase2-full-grid-rerun-20260731-l4-l4-tp1-f2040-i32-o32-r10-rep2-seg1-attempt2-00105-6212a014e473,14,14,0,1,28774,server_token_ids,1785511573613554404,1130.509168,68.307206,1,"""9"""
phase2-full-grid-rerun-20260731-l4-l4-tp1-f2040-i32-o32-r10-rep2-seg1-attempt2,phase2-full-grid-rerun-20260731-l4-l4-tp1-f2040-i32-o32-r10-rep2-seg1-attempt2-00105-6212a014e473,15,15,0,1,15749,server_token_ids,1785511573674654421,1191.609185,61.100017,9,""" pandemic"""
phase2-full-grid-rerun-20260731-l4-l4-tp1-f2040-i32-o32-r10-rep2-seg1-attempt2,phase2-full-grid-rerun-20260731-l4-l4-tp1-f2040-i32-o32-r10-rep2-seg1-attempt2-00105-6212a014e473,16,16,0,1,659,server_token_ids,1785511573749302655,1266.257419,74.648234,4,""" has"""
phase2-full-grid-rerun-20260731-l4-l4-tp1-f2040-i32-o32-r10-rep2-seg1-attempt2,phase2-full-grid-rerun-20260731-l4-l4-tp1-f2040-i32-o32-r10-rep2-seg1-attempt2-00105-6212a014e473,17,17,0,1,553,server_token_ids,1785511573802894157,1319.848921,53.591502,4,""" had"""
phase2-full-grid-rerun-20260731-l4-l4-tp1-f2040-i32-o32-r10-rep2-seg1-attempt2,phase2-full-grid-rerun-20260731-l4-l4-tp1-f2040-i32-o32-r10-rep2-seg1-attempt2-00105-6212a014e473,18,18,0,1,264,server_token_ids,1785511573874214175,1391.168939,71.320018,2,""" a"""
phase2-full-grid-rerun-20260731-l4-l4-tp1-f2040-i32-o32-r10-rep2-seg1-attempt2,phase2-full-grid-rerun-20260731-l4-l4-tp1-f2040-i32-o32-r10-rep2-seg1-attempt2-00105-6212a014e473,19,19,0,1,19327,server_token_ids,1785511573942006283,1458.961047,67.792108,9,""" profound"""
phase2-full-grid-rerun-20260731-l4-l4-tp1-f2040-i32-o32-r10-rep2-seg1-attempt2,phase2-full-grid-rerun-20260731-l4-l4-tp1-f2040-i32-o32-r10-rep2-seg1-attempt2-00105-6212a014e473,20,20,0,1,5088,server_token_ids,1785511574012155212,1529.109976,70.148929,7,""" impact"""
phase2-full-grid-rerun-20260731-l4-l4-tp1-f2040-i32-o32-r10-rep2-seg1-attempt2,phase2-full-grid-rerun-20260731-l4-l4-tp1-f2040-i32-o32-r10-rep2-seg1-attempt2-00105-6212a014e473,21,21,0,1,356,server_token_ids,1785511574073416773,1590.371537,61.261561,3,""" on"""
phase2-full-grid-rerun-20260731-l4-l4-tp1-f2040-i32-o32-r10-rep2-seg1-attempt2,phase2-full-grid-rerun-20260731-l4-l4-tp1-f2040-i32-o32-r10-rep2-seg1-attempt2-00105-6212a014e473,22,22,0,1,272,server_token_ids,1785511574142104753,1659.059517,68.68798,4,""" the"""
phase2-full-grid-rerun-20260731-l4-l4-tp1-f2040-i32-o32-r10-rep2-seg1-attempt2,phase2-full-grid-rerun-20260731-l4-l4-tp1-f2040-i32-o32-r10-rep2-seg1-attempt2-00105-6212a014e473,23,23,0,1,3526,server_token_ids,1785511574204412796,1721.36756,62.308043,7,""" global"""
phase2-full-grid-rerun-20260731-l4-l4-tp1-f2040-i32-o32-r10-rep2-seg1-attempt2,phase2-full-grid-rerun-20260731-l4-l4-tp1-f2040-i32-o32-r10-rep2-seg1-attempt2-00105-6212a014e473,24,24,0,1,8725,server_token_ids,1785511574272605138,1789.559902,68.192342,8,""" economy"""
phase2-full-grid-rerun-20260731-l4-l4-tp1-f2040-i32-o32-r10-rep2-seg1-attempt2,phase2-full-grid-rerun-20260731-l4-l4-tp1-f2040-i32-o32-r10-rep2-seg1-attempt2-00105-6212a014e473,25,25,0,1,28725,server_token_ids,1785511574341050981,1858.005745,68.445843,1,""","""
phase2-full-grid-rerun-20260731-l4-l4-tp1-f2040-i32-o32-r10-rep2-seg1-attempt2,phase2-full-grid-rerun-20260731-l4-l4-tp1-f2040-i32-o32-r10-rep2-seg1-attempt2-00105-6212a014e473,26,26,0,1,395,server_token_ids,1785511574403638143,1920.592907,62.587162,5,""" with"""
phase2-full-grid-rerun-20260731-l4-l4-tp1-f2040-i32-o32-r10-rep2-seg1-attempt2,phase2-full-grid-rerun-20260731-l4-l4-tp1-f2040-i32-o32-r10-rep2-seg1-attempt2-00105-6212a014e473,27,27,0,1,1287,server_token_ids,1785511574470931699,1987.886463,67.293556,5,""" many"""
phase2-full-grid-rerun-20260731-l4-l4-tp1-f2040-i32-o32-r10-rep2-seg1-attempt2,phase2-full-grid-rerun-20260731-l4-l4-tp1-f2040-i32-o32-r10-rep2-seg1-attempt2-00105-6212a014e473,28,28,0,1,5780,server_token_ids,1785511574547751121,2064.705885,76.819422,10,""" countries"""
phase2-full-grid-rerun-20260731-l4-l4-tp1-f2040-i32-o32-r10-rep2-seg1-attempt2,phase2-full-grid-rerun-20260731-l4-l4-tp1-f2040-i32-o32-r10-rep2-seg1-attempt2-00105-6212a014e473,29,29,0,1,20998,server_token_ids,1785511574611280909,2128.235673,63.529788,13,""" experiencing"""
phase2-full-grid-rerun-20260731-l4-l4-tp1-f2040-i32-o32-r10-rep2-seg1-attempt2,phase2-full-grid-rerun-20260731-l4-l4-tp1-f2040-i32-o32-r10-rep2-seg1-attempt2-00105-6212a014e473,30,30,0,1,5864,server_token_ids,1785511574670659323,2187.614087,59.378414,12,""" significant"""
phase2-full-grid-rerun-20260731-l4-l4-tp1-f2040-i32-o32-r10-rep2-seg1-attempt2,phase2-full-grid-rerun-20260731-l4-l4-tp1-f2040-i32-o32-r10-rep2-seg1-attempt2-00105-6212a014e473,31,31,0,1,6638,server_token_ids,1785511574739087923,2256.042687,68.4286,9,""" economic"""
phase2-full-grid-rerun-20260731-l4-l4-tp1-f2040-i32-o32-r10-rep2-seg1-attempt2,phase2-full-grid-rerun-20260731-l4-l4-tp1-f2040-i32-o32-r10-rep2-seg1-attempt2-00106-dabe4f3357bd,0,0,0,1,28725,server_token_ids,1785511572744936618,163.405336,,1,""","""
phase2-full-grid-rerun-20260731-l4-l4-tp1-f2040-i32-o32-r10-rep2-seg1-attempt2,phase2-full-grid-rerun-20260731-l4-l4-tp1-f2040-i32-o32-r10-rep2-seg1-attempt2-00106-dabe4f3357bd,1,1,0,1,272,server_token_ids,1785511572818156687,236.625405,73.220069,4,""" the"""
phase2-full-grid-rerun-20260731-l4-l4-tp1-f2040-i32-o32-r10-rep2-seg1-attempt2,phase2-full-grid-rerun-20260731-l4-l4-tp1-f2040-i32-o32-r10-rep2-seg1-attempt2-00106-dabe4f3357bd,2,2,0,1,28705,server_token_ids,1785511572875520791,293.989509,57.364104,1,""" """
phase2-full-grid-rerun-20260731-l4-l4-tp1-f2040-i32-o32-r10-rep2-seg1-attempt2,phase2-full-grid-rerun-20260731-l4-l4-tp1-f2040-i32-o32-r10-rep2-seg1-attempt2-00106-dabe4f3357bd,3,3,0,1,28740,server_token_ids,1785511572944565439,363.034157,69.044648,1,"""1"""
phase2-full-grid-rerun-20260731-l4-l4-tp1-f2040-i32-o32-r10-rep2-seg1-attempt2,phase2-full-grid-rerun-20260731-l4-l4-tp1-f2040-i32-o32-r10-rep2-seg1-attempt2-00106-dabe4f3357bd,4,4,0,1,28774,server_token_ids,1785511573008735723,427.204441,64.170284,1,"""9"""
phase2-full-grid-rerun-20260731-l4-l4-tp1-f2040-i32-o32-r10-rep2-seg1-attempt2,phase2-full-grid-rerun-20260731-l4-l4-tp1-f2040-i32-o32-r10-rep2-seg1-attempt2-00106-dabe4f3357bd,5,5,0,1,28774,server_token_ids,1785511573077363694,495.832412,68.627971,1,"""9"""
phase2-full-grid-rerun-20260731-l4-l4-tp1-f2040-i32-o32-r10-rep2-seg1-attempt2,phase2-full-grid-rerun-20260731-l4-l4-tp1-f2040-i32-o32-r10-rep2-seg1-attempt2-00106-dabe4f3357bd,6,6,0,1,28734,server_token_ids,1785511573145760944,564.229662,68.39725,1,"""0"""
phase2-full-grid-rerun-20260731-l4-l4-tp1-f2040-i32-o32-r10-rep2-seg1-attempt2,phase2-full-grid-rerun-20260731-l4-l4-tp1-f2040-i32-o32-r10-rep2-seg1-attempt2-00106-dabe4f3357bd,7,7,0,1,28713,server_token_ids,1785511573207843700,626.312418,62.082756,1,"""s"""
phase2-full-grid-rerun-20260731-l4-l4-tp1-f2040-i32-o32-r10-rep2-seg1-attempt2,phase2-full-grid-rerun-20260731-l4-l4-tp1-f2040-i32-o32-r10-rep2-seg1-attempt2-00106-dabe4f3357bd,8,8,0,1,28725,server_token_ids,1785511573276294610,694.763328,68.45091,1,""","""
phase2-full-grid-rerun-20260731-l4-l4-tp1-f2040-i32-o32-r10-rep2-seg1-attempt2,phase2-full-grid-rerun-20260731-l4-l4-tp1-f2040-i32-o32-r10-rep2-seg1-attempt2-00106-dabe4f3357bd,9,9,0,1,272,server_token_ids,1785511573344604551,763.073269,68.309941,4,""" the"""
phase2-full-grid-rerun-20260731-l4-l4-tp1-f2040-i32-o32-r10-rep2-seg1-attempt2,phase2-full-grid-rerun-20260731-l4-l4-tp1-f2040-i32-o32-r10-rep2-seg1-attempt2-00106-dabe4f3357bd,10,10,0,1,28705,server_token_ids,1785511573407536189,826.004907,62.931638,1,""" """
phase2-full-grid-rerun-20260731-l4-l4-tp1-f2040-i32-o32-r10-rep2-seg1-attempt2,phase2-full-grid-rerun-20260731-l4-l4-tp1-f2040-i32-o32-r10-rep2-seg1-attempt2-00106-dabe4f3357bd,11,11,0,1,28740,server_token_ids,1785511573473374594,891.843312,65.838405,1,"""1"""
phase2-full-grid-rerun-20260731-l4-l4-tp1-f2040-i32-o32-r10-rep2-seg1-attempt2,phase2-full-grid-rerun-20260731-l4-l4-tp1-f2040-i32-o32-r10-rep2-seg1-attempt2-00106-dabe4f3357bd,12,12,0,1,28774,server_token_ids,1785511573540888796,959.357514,67.514202,1,"""9"""
phase2-full-grid-rerun-20260731-l4-l4-tp1-f2040-i32-o32-r10-rep2-seg1-attempt2,phase2-full-grid-rerun-20260731-l4-l4-tp1-f2040-i32-o32-r10-rep2-seg1-attempt2-00106-dabe4f3357bd,13,13,0,1,28774,server_token_ids,1785511573612647212,1031.11593,71.758416,1,"""9"""
phase2-full-grid-rerun-20260731-l4-l4-tp1-f2040-i32-o32-r10-rep2-seg1-attempt2,phase2-full-grid-rerun-20260731-l4-l4-tp1-f2040-i32-o32-r10-rep2-seg1-attempt2-00106-dabe4f3357bd,14,14,0,1,28734,server_token_ids,1785511573671339312,1089.80803,58.6921,1,"""0"""
phase2-full-grid-rerun-20260731-l4-l4-tp1-f2040-i32-o32-r10-rep2-seg1-attempt2,phase2-full-grid-rerun-20260731-l4-l4-tp1-f2040-i32-o32-r10-rep2-seg1-attempt2-00106-dabe4f3357bd,15,15,0,1,28713,server_token_ids,1785511573739888544,1158.357262,68.549232,1,"""s"""
phase2-full-grid-rerun-20260731-l4-l4-tp1-f2040-i32-o32-r10-rep2-seg1-attempt2,phase2-full-grid-rerun-20260731-l4-l4-tp1-f2040-i32-o32-r10-rep2-seg1-attempt2-00106-dabe4f3357bd,16,16,0,1,28725,server_token_ids,1785511573801822843,1220.291561,61.934299,1,""","""
phase2-full-grid-rerun-20260731-l4-l4-tp1-f2040-i32-o32-r10-rep2-seg1-attempt2,phase2-full-grid-rerun-20260731-l4-l4-tp1-f2040-i32-o32-r10-rep2-seg1-attempt2-00106-dabe4f3357bd,17,17,0,1,272,server_token_ids,1785511573872944541,1291.413259,71.121698,4,""" the"""
phase2-full-grid-rerun-20260731-l4-l4-tp1-f2040-i32-o32-r10-rep2-seg1-attempt2,phase2-full-grid-rerun-20260731-l4-l4-tp1-f2040-i32-o32-r10-rep2-seg1-attempt2-00106-dabe4f3357bd,18,18,0,1,28705,server_token_ids,1785511573940436790,1358.905508,67.492249,1,""" """
phase2-full-grid-rerun-20260731-l4-l4-tp1-f2040-i32-o32-r10-rep2-seg1-attempt2,phase2-full-grid-rerun-20260731-l4-l4-tp1-f2040-i32-o32-r10-rep2-seg1-attempt2-00106-dabe4f3357bd,19,19,0,1,28740,server_token_ids,1785511574011269826,1429.738544,70.833036,1,"""1"""
phase2-full-grid-rerun-20260731-l4-l4-tp1-f2040-i32-o32-r10-rep2-seg1-attempt2,phase2-full-grid-rerun-20260731-l4-l4-tp1-f2040-i32-o32-r10-rep2-seg1-attempt2-00106-dabe4f3357bd,20,20,0,1,28774,server_token_ids,1785511574069746583,1488.215301,58.476757,1,"""9"""
phase2-full-grid-rerun-20260731-l4-l4-tp1-f2040-i32-o32-r10-rep2-seg1-attempt2,phase2-full-grid-rerun-20260731-l4-l4-tp1-f2040-i32-o32-r10-rep2-seg1-attempt2-00106-dabe4f3357bd,21,21,0,1,28774,server_token_ids,1785511574137821440,1556.290158,68.074857,1,"""9"""
phase2-full-grid-rerun-20260731-l4-l4-tp1-f2040-i32-o32-r10-rep2-seg1-attempt2,phase2-full-grid-rerun-20260731-l4-l4-tp1-f2040-i32-o32-r10-rep2-seg1-attempt2-00106-dabe4f3357bd,22,22,0,1,28734,server_token_ids,1785511574202816185,1621.284903,64.994745,1,"""0"""
phase2-full-grid-rerun-20260731-l4-l4-tp1-f2040-i32-o32-r10-rep2-seg1-attempt2,phase2-full-grid-rerun-20260731-l4-l4-tp1-f2040-i32-o32-r10-rep2-seg1-attempt2-00106-dabe4f3357bd,23,23,0,1,28713,server_token_ids,1785511574271314892,1689.78361,68.498707,1,"""s"""
phase2-full-grid-rerun-20260731-l4-l4-tp1-f2040-i32-o32-r10-rep2-seg1-attempt2,phase2-full-grid-rerun-20260731-l4-l4-tp1-f2040-i32-o32-r10-rep2-seg1-attempt2-00106-dabe4f3357bd,24,24,0,1,28725,server_token_ids,1785511574336830414,1755.299132,65.515522,1,""","""
phase2-full-grid-rerun-20260731-l4-l4-tp1-f2040-i32-o32-r10-rep2-seg1-attempt2,phase2-full-grid-rerun-20260731-l4-l4-tp1-f2040-i32-o32-r10-rep2-seg1-attempt2-00106-dabe4f3357bd,25,25,0,1,272,server_token_ids,1785511574402538014,1821.006732,65.7076,4,""" the"""
phase2-full-grid-rerun-20260731-l4-l4-tp1-f2040-i32-o32-r10-rep2-seg1-attempt2,phase2-full-grid-rerun-20260731-l4-l4-tp1-f2040-i32-o32-r10-rep2-seg1-attempt2-00106-dabe4f3357bd,26,26,0,1,28705,server_token_ids,1785511574467394315,1885.863033,64.856301,1,""" """
phase2-full-grid-rerun-20260731-l4-l4-tp1-f2040-i32-o32-r10-rep2-seg1-attempt2,phase2-full-grid-rerun-20260731-l4-l4-tp1-f2040-i32-o32-r10-rep2-seg1-attempt2-00106-dabe4f3357bd,27,27,0,1,28740,server_token_ids,1785511574535960540,1954.429258,68.566225,1,"""1"""
phase2-full-grid-rerun-20260731-l4-l4-tp1-f2040-i32-o32-r10-rep2-seg1-attempt2,phase2-full-grid-rerun-20260731-l4-l4-tp1-f2040-i32-o32-r10-rep2-seg1-attempt2-00106-dabe4f3357bd,28,28,0,1,28774,server_token_ids,1785511574610323548,2028.792266,74.363008,1,"""9"""
phase2-full-grid-rerun-20260731-l4-l4-tp1-f2040-i32-o32-r10-rep2-seg1-attempt2,phase2-full-grid-rerun-20260731-l4-l4-tp1-f2040-i32-o32-r10-rep2-seg1-attempt2-00106-dabe4f3357bd,29,29,0,1,28774,server_token_ids,1785511574666244434,2084.713152,55.920886,1,"""9"""
phase2-full-grid-rerun-20260731-l4-l4-tp1-f2040-i32-o32-r10-rep2-seg1-attempt2,phase2-full-grid-rerun-20260731-l4-l4-tp1-f2040-i32-o32-r10-rep2-seg1-attempt2-00106-dabe4f3357bd,30,30,0,1,28734,server_token_ids,1785511574734520363,2152.989081,68.275929,1,"""0"""
phase2-full-grid-rerun-20260731-l4-l4-tp1-f2040-i32-o32-r10-rep2-seg1-attempt2,phase2-full-grid-rerun-20260731-l4-l4-tp1-f2040-i32-o32-r10-rep2-seg1-attempt2-00106-dabe4f3357bd,31,31,0,1,28713,server_token_ids,1785511574799585620,2218.054338,65.065257,1,"""s"""
phase2-full-grid-rerun-20260731-l4-l4-tp1-f2040-i32-o32-r10-rep2-seg1-attempt2,phase2-full-grid-rerun-20260731-l4-l4-tp1-f2040-i32-o32-r10-rep2-seg1-attempt2-00107-89edcb5fdfee,0,0,0,1,28705,server_token_ids,1785511572875691726,193.206914,,1,""" """
phase2-full-grid-rerun-20260731-l4-l4-tp1-f2040-i32-o32-r10-rep2-seg1-attempt2,phase2-full-grid-rerun-20260731-l4-l4-tp1-f2040-i32-o32-r10-rep2-seg1-attempt2-00107-89edcb5fdfee,1,1,0,1,28750,server_token_ids,1785511572953819487,271.334675,78.127761,1,"""2"""
phase2-full-grid-rerun-20260731-l4-l4-tp1-f2040-i32-o32-r10-rep2-seg1-attempt2,phase2-full-grid-rerun-20260731-l4-l4-tp1-f2040-i32-o32-r10-rep2-seg1-attempt2-00107-89edcb5fdfee,2,2,0,1,28734,server_token_ids,1785511573017095856,334.611044,63.276369,1,"""0"""
phase2-full-grid-rerun-20260731-l4-l4-tp1-f2040-i32-o32-r10-rep2-seg1-attempt2,phase2-full-grid-rerun-20260731-l4-l4-tp1-f2040-i32-o32-r10-rep2-seg1-attempt2-00107-89edcb5fdfee,3,3,0,1,28740,server_token_ids,1785511573077548884,395.064072,60.453028,1,"""1"""
phase2-full-grid-rerun-20260731-l4-l4-tp1-f2040-i32-o32-r10-rep2-seg1-attempt2,phase2-full-grid-rerun-20260731-l4-l4-tp1-f2040-i32-o32-r10-rep2-seg1-attempt2-00107-89edcb5fdfee,4,4,0,1,28783,server_token_ids,1785511573154188861,471.704049,76.639977,1,"""8"""
phase2-full-grid-rerun-20260731-l4-l4-tp1-f2040-i32-o32-r10-rep2-seg1-attempt2,phase2-full-grid-rerun-20260731-l4-l4-tp1-f2040-i32-o32-r10-rep2-seg1-attempt2-00107-89edcb5fdfee,5,5,0,1,13,server_token_ids,1785511573208003216,525.518404,53.814355,1,"""\n"""
phase2-full-grid-rerun-20260731-l4-l4-tp1-f2040-i32-o32-r10-rep2-seg1-attempt2,phase2-full-grid-rerun-20260731-l4-l4-tp1-f2040-i32-o32-r10-rep2-seg1-attempt2-00107-89edcb5fdfee,6,6,0,1,13,server_token_ids,1785511573276896822,594.41201,68.893606,1,"""\n"""
phase2-full-grid-rerun-20260731-l4-l4-tp1-f2040-i32-o32-r10-rep2-seg1-attempt2,phase2-full-grid-rerun-20260731-l4-l4-tp1-f2040-i32-o32-r10-rep2-seg1-attempt2-00107-89edcb5fdfee,7,7,0,1,28771,server_token_ids,1785511573345210627,662.725815,68.313805,1,"""#"""
phase2-full-grid-rerun-20260731-l4-l4-tp1-f2040-i32-o32-r10-rep2-seg1-attempt2,phase2-full-grid-rerun-20260731-l4-l4-tp1-f2040-i32-o32-r10-rep2-seg1-attempt2-00107-89edcb5fdfee,8,8,0,1,28705,server_token_ids,1785511573407843281,725.358469,62.632654,1,""" """
phase2-full-grid-rerun-20260731-l4-l4-tp1-f2040-i32-o32-r10-rep2-seg1-attempt2,phase2-full-grid-rerun-20260731-l4-l4-tp1-f2040-i32-o32-r10-rep2-seg1-attempt2-00107-89edcb5fdfee,9,9,0,1,28750,server_token_ids,1785511573473821744,791.336932,65.978463,1,"""2"""
phase2-full-grid-rerun-20260731-l4-l4-tp1-f2040-i32-o32-r10-rep2-seg1-attempt2,phase2-full-grid-rerun-20260731-l4-l4-tp1-f2040-i32-o32-r10-rep2-seg1-attempt2-00107-89edcb5fdfee,10,10,0,1,28734,server_token_ids,1785511573540966752,858.48194,67.145008,1,"""0"""
phase2-full-grid-rerun-20260731-l4-l4-tp1-f2040-i32-o32-r10-rep2-seg1-attempt2,phase2-full-grid-rerun-20260731-l4-l4-tp1-f2040-i32-o32-r10-rep2-seg1-attempt2-00107-89edcb5fdfee,11,11,0,1,28740,server_token_ids,1785511573612737061,930.252249,71.770309,1,"""1"""
phase2-full-grid-rerun-20260731-l4-l4-tp1-f2040-i32-o32-r10-rep2-seg1-attempt2,phase2-full-grid-rerun-20260731-l4-l4-tp1-f2040-i32-o32-r10-rep2-seg1-attempt2-00107-89edcb5fdfee,12,12,0,1,28783,server_token_ids,1785511573673444909,990.960097,60.707848,1,"""8"""
phase2-full-grid-rerun-20260731-l4-l4-tp1-f2040-i32-o32-r10-rep2-seg1-attempt2,phase2-full-grid-rerun-20260731-l4-l4-tp1-f2040-i32-o32-r10-rep2-seg1-attempt2-00107-89edcb5fdfee,13,13,0,1,4222,server_token_ids,1785511573740052169,1057.567357,66.60726,7,""" London"""
phase2-full-grid-rerun-20260731-l4-l4-tp1-f2040-i32-o32-r10-rep2-seg1-attempt2,phase2-full-grid-rerun-20260731-l4-l4-tp1-f2040-i32-o32-r10-rep2-seg1-attempt2-00107-89edcb5fdfee,14,14,0,1,1471,server_token_ids,1785511573801985127,1119.500315,61.932958,4,""" Mar"""
phase2-full-grid-rerun-20260731-l4-l4-tp1-f2040-i32-o32-r10-rep2-seg1-attempt2,phase2-full-grid-rerun-20260731-l4-l4-tp1-f2040-i32-o32-r10-rep2-seg1-attempt2-00107-89edcb5fdfee,15,15,0,1,19653,server_token_ids,1785511573873118244,1190.633432,71.133117,5,"""athon"""
phase2-full-grid-rerun-20260731-l4-l4-tp1-f2040-i32-o32-r10-rep2-seg1-attempt2,phase2-full-grid-rerun-20260731-l4-l4-tp1-f2040-i32-o32-r10-rep2-seg1-attempt2-00107-89edcb5fdfee,16,16,0,1,13,server_token_ids,1785511573941114130,1258.629318,67.995886,1,"""\n"""
phase2-full-grid-rerun-20260731-l4-l4-tp1-f2040-i32-o32-r10-rep2-seg1-attempt2,phase2-full-grid-rerun-20260731-l4-l4-tp1-f2040-i32-o32-r10-rep2-seg1-attempt2-00107-89edcb5fdfee,17,17,0,1,13,server_token_ids,1785511574011537497,1329.052685,70.423367,1,"""\n"""
phase2-full-grid-rerun-20260731-l4-l4-tp1-f2040-i32-o32-r10-rep2-seg1-attempt2,phase2-full-grid-rerun-20260731-l4-l4-tp1-f2040-i32-o32-r10-rep2-seg1-attempt2-00107-89edcb5fdfee,18,18,0,1,1064,server_token_ids,1785511574070297072,1387.81226,58.759575,2,"""##"""
phase2-full-grid-rerun-20260731-l4-l4-tp1-f2040-i32-o32-r10-rep2-seg1-attempt2,phase2-full-grid-rerun-20260731-l4-l4-tp1-f2040-i32-o32-r10-rep2-seg1-attempt2-00107-89edcb5fdfee,19,19,0,1,28705,server_token_ids,1785511574138557348,1456.072536,68.260276,1,""" """
phase2-full-grid-rerun-20260731-l4-l4-tp1-f2040-i32-o32-r10-rep2-seg1-attempt2,phase2-full-grid-rerun-20260731-l4-l4-tp1-f2040-i32-o32-r10-rep2-seg1-attempt2-00107-89edcb5fdfee,20,20,0,1,28750,server_token_ids,1785511574203543173,1521.058361,64.985825,1,"""2"""
phase2-full-grid-rerun-20260731-l4-l4-tp1-f2040-i32-o32-r10-rep2-seg1-attempt2,phase2-full-grid-rerun-20260731-l4-l4-tp1-f2040-i32-o32-r10-rep2-seg1-attempt2-00107-89edcb5fdfee,21,21,0,1,28750,server_token_ids,1785511574271940321,1589.455509,68.397148,1,"""2"""
phase2-full-grid-rerun-20260731-l4-l4-tp1-f2040-i32-o32-r10-rep2-seg1-attempt2,phase2-full-grid-rerun-20260731-l4-l4-tp1-f2040-i32-o32-r10-rep2-seg1-attempt2-00107-89edcb5fdfee,22,22,0,1,3999,server_token_ids,1785511574337537889,1655.053077,65.597568,6,""" April"""
phase2-full-grid-rerun-20260731-l4-l4-tp1-f2040-i32-o32-r10-rep2-seg1-attempt2,phase2-full-grid-rerun-20260731-l4-l4-tp1-f2040-i32-o32-r10-rep2-seg1-attempt2-00107-89edcb5fdfee,23,23,0,1,28705,server_token_ids,1785511574402953659,1720.468847,65.41577,1,""" """
phase2-full-grid-rerun-20260731-l4-l4-tp1-f2040-i32-o32-r10-rep2-seg1-attempt2,phase2-full-grid-rerun-20260731-l4-l4-tp1-f2040-i32-o32-r10-rep2-seg1-attempt2-00107-89edcb5fdfee,24,24,0,1,28750,server_token_ids,1785511574467948375,1785.463563,64.994716,1,"""2"""
phase2-full-grid-rerun-20260731-l4-l4-tp1-f2040-i32-o32-r10-rep2-seg1-attempt2,phase2-full-grid-rerun-20260731-l4-l4-tp1-f2040-i32-o32-r10-rep2-seg1-attempt2-00107-89edcb5fdfee,25,25,0,1,28734,server_token_ids,1785511574536115931,1853.631119,68.167556,1,"""0"""
phase2-full-grid-rerun-20260731-l4-l4-tp1-f2040-i32-o32-r10-rep2-seg1-attempt2,phase2-full-grid-rerun-20260731-l4-l4-tp1-f2040-i32-o32-r10-rep2-seg1-attempt2-00107-89edcb5fdfee,26,26,0,1,28740,server_token_ids,1785511574610549065,1928.064253,74.433134,1,"""1"""
phase2-full-grid-rerun-20260731-l4-l4-tp1-f2040-i32-o32-r10-rep2-seg1-attempt2,phase2-full-grid-rerun-20260731-l4-l4-tp1-f2040-i32-o32-r10-rep2-seg1-attempt2-00107-89edcb5fdfee,27,27,0,1,28783,server_token_ids,1785511574669897985,1987.413173,59.34892,1,"""8"""
phase2-full-grid-rerun-20260731-l4-l4-tp1-f2040-i32-o32-r10-rep2-seg1-attempt2,phase2-full-grid-rerun-20260731-l4-l4-tp1-f2040-i32-o32-r10-rep2-seg1-attempt2-00107-89edcb5fdfee,28,28,0,1,13,server_token_ids,1785511574734752730,2052.267918,64.854745,1,"""\n"""
phase2-full-grid-rerun-20260731-l4-l4-tp1-f2040-i32-o32-r10-rep2-seg1-attempt2,phase2-full-grid-rerun-20260731-l4-l4-tp1-f2040-i32-o32-r10-rep2-seg1-attempt2-00107-89edcb5fdfee,29,29,0,1,13,server_token_ids,1785511574799980288,2117.495476,65.227558,1,"""\n"""
phase2-full-grid-rerun-20260731-l4-l4-tp1-f2040-i32-o32-r10-rep2-seg1-attempt2,phase2-full-grid-rerun-20260731-l4-l4-tp1-f2040-i32-o32-r10-rep2-seg1-attempt2-00107-89edcb5fdfee,30,30,0,1,27332,server_token_ids,1785511574868362746,2185.877934,68.382458,3,"""###"""
phase2-full-grid-rerun-20260731-l4-l4-tp1-f2040-i32-o32-r10-rep2-seg1-attempt2,phase2-full-grid-rerun-20260731-l4-l4-tp1-f2040-i32-o32-r10-rep2-seg1-attempt2-00107-89edcb5fdfee,31,31,0,1,28705,server_token_ids,1785511574934027960,2251.543148,65.665214,1,""" """
phase2-full-grid-rerun-20260731-l4-l4-tp1-f2040-i32-o32-r10-rep2-seg1-attempt2,phase2-full-grid-rerun-20260731-l4-l4-tp1-f2040-i32-o32-r10-rep2-seg1-attempt2-00108-2702faac02bd,0,0,0,1,582,server_token_ids,1785511572954295064,172.554316,,3,""" up"""
phase2-full-grid-rerun-20260731-l4-l4-tp1-f2040-i32-o32-r10-rep2-seg1-attempt2,phase2-full-grid-rerun-20260731-l4-l4-tp1-f2040-i32-o32-r10-rep2-seg1-attempt2-00108-2702faac02bd,1,1,0,1,28713,server_token_ids,1785511573017594713,235.853965,63.299649,1,"""s"""
phase2-full-grid-rerun-20260731-l4-l4-tp1-f2040-i32-o32-r10-rep2-seg1-attempt2,phase2-full-grid-rerun-20260731-l4-l4-tp1-f2040-i32-o32-r10-rep2-seg1-attempt2-00108-2702faac02bd,2,2,0,1,1926,server_token_ids,1785511573078326452,296.585704,60.731739,4,"""ides"""
phase2-full-grid-rerun-20260731-l4-l4-tp1-f2040-i32-o32-r10-rep2-seg1-attempt2,phase2-full-grid-rerun-20260731-l4-l4-tp1-f2040-i32-o32-r10-rep2-seg1-attempt2-00108-2702faac02bd,3,3,0,1,1060,server_token_ids,1785511573154637258,372.89651,76.310806,5,""" down"""
phase2-full-grid-rerun-20260731-l4-l4-tp1-f2040-i32-o32-r10-rep2-seg1-attempt2,phase2-full-grid-rerun-20260731-l4-l4-tp1-f2040-i32-o32-r10-rep2-seg1-attempt2-00108-2702faac02bd,4,4,0,1,28713,server_token_ids,1785511573209006078,427.26533,54.36882,1,"""s"""
phase2-full-grid-rerun-20260731-l4-l4-tp1-f2040-i32-o32-r10-rep2-seg1-attempt2,phase2-full-grid-rerun-20260731-l4-l4-tp1-f2040-i32-o32-r10-rep2-seg1-attempt2-00108-2702faac02bd,5,5,0,1,1926,server_token_ids,1785511573277239517,495.498769,68.233439,4,"""ides"""
phase2-full-grid-rerun-20260731-l4-l4-tp1-f2040-i32-o32-r10-rep2-seg1-attempt2,phase2-full-grid-rerun-20260731-l4-l4-tp1-f2040-i32-o32-r10-rep2-seg1-attempt2-00108-2702faac02bd,6,6,0,1,13,server_token_ids,1785511573345598949,563.858201,68.359432,1,"""\n"""
phase2-full-grid-rerun-20260731-l4-l4-tp1-f2040-i32-o32-r10-rep2-seg1-attempt2,phase2-full-grid-rerun-20260731-l4-l4-tp1-f2040-i32-o32-r10-rep2-seg1-attempt2-00108-2702faac02bd,7,7,0,1,13,server_token_ids,1785511573408175124,626.434376,62.576175,1,"""\n"""
phase2-full-grid-rerun-20260731-l4-l4-tp1-f2040-i32-o32-r10-rep2-seg1-attempt2,phase2-full-grid-rerun-20260731-l4-l4-tp1-f2040-i32-o32-r10-rep2-seg1-attempt2-00108-2702faac02bd,8,8,0,1,1064,server_token_ids,1785511573476412127,694.671379,68.237003,2,"""##"""
phase2-full-grid-rerun-20260731-l4-l4-tp1-f2040-i32-o32-r10-rep2-seg1-attempt2,phase2-full-grid-rerun-20260731-l4-l4-tp1-f2040-i32-o32-r10-rep2-seg1-attempt2-00108-2702faac02bd,9,9,0,1,9769,server_token_ids,1785511573541883451,760.142703,65.471324,9,""" Security"""
phase2-full-grid-rerun-20260731-l4-l4-tp1-f2040-i32-o32-r10-rep2-seg1-attempt2,phase2-full-grid-rerun-20260731-l4-l4-tp1-f2040-i32-o32-r10-rep2-seg1-attempt2-00108-2702faac02bd,10,10,0,1,13,server_token_ids,1785511573613152106,831.411358,71.268655,1,"""\n"""
phase2-full-grid-rerun-20260731-l4-l4-tp1-f2040-i32-o32-r10-rep2-seg1-attempt2,phase2-full-grid-rerun-20260731-l4-l4-tp1-f2040-i32-o32-r10-rep2-seg1-attempt2-00108-2702faac02bd,11,11,0,1,13,server_token_ids,1785511573674253922,892.513174,61.101816,1,"""\n"""
phase2-full-grid-rerun-20260731-l4-l4-tp1-f2040-i32-o32-r10-rep2-seg1-attempt2,phase2-full-grid-rerun-20260731-l4-l4-tp1-f2040-i32-o32-r10-rep2-seg1-attempt2-00108-2702faac02bd,12,12,0,1,3877,server_token_ids,1785511573740428237,958.687489,66.174315,3,"""Run"""
phase2-full-grid-rerun-20260731-l4-l4-tp1-f2040-i32-o32-r10-rep2-seg1-attempt2,phase2-full-grid-rerun-20260731-l4-l4-tp1-f2040-i32-o32-r10-rep2-seg1-attempt2-00108-2702faac02bd,13,13,0,1,3894,server_token_ids,1785511573802353364,1020.612616,61.925127,5,""" echo"""
phase2-full-grid-rerun-20260731-l4-l4-tp1-f2040-i32-o32-r10-rep2-seg1-attempt2,phase2-full-grid-rerun-20260731-l4-l4-tp1-f2040-i32-o32-r10-rep2-seg1-attempt2-00108-2702faac02bd,14,14,0,1,288,server_token_ids,1785511573873908242,1092.167494,71.554878,3,"""ing"""
phase2-full-grid-rerun-20260731-l4-l4-tp1-f2040-i32-o32-r10-rep2-seg1-attempt2,phase2-full-grid-rerun-20260731-l4-l4-tp1-f2040-i32-o32-r10-rep2-seg1-attempt2-00108-2702faac02bd,15,15,0,1,1401,server_token_ids,1785511573941547676,1159.806928,67.639434,7,""" around"""
phase2-full-grid-rerun-20260731-l4-l4-tp1-f2040-i32-o32-r10-rep2-seg1-attempt2,phase2-full-grid-rerun-20260731-l4-l4-tp1-f2040-i32-o32-r10-rep2-seg1-attempt2-00108-2702faac02bd,16,16,0,1,3945,server_token_ids,1785511574011925635,1230.184887,70.377959,4,""" Rom"""
phase2-full-grid-rerun-20260731-l4-l4-tp1-f2040-i32-o32-r10-rep2-seg1-attempt2,phase2-full-grid-rerun-20260731-l4-l4-tp1-f2040-i32-o32-r10-rep2-seg1-attempt2-00108-2702faac02bd,17,17,0,1,2705,server_token_ids,1785511574070724779,1288.984031,58.799144,3,"""ney"""
phase2-full-grid-rerun-20260731-l4-l4-tp1-f2040-i32-o32-r10-rep2-seg1-attempt2,phase2-full-grid-rerun-20260731-l4-l4-tp1-f2040-i32-o32-r10-rep2-seg1-attempt2-00108-2702faac02bd,18,18,0,1,20105,server_token_ids,1785511574139120754,1357.380006,68.395975,9,""" segments"""
phase2-full-grid-rerun-20260731-l4-l4-tp1-f2040-i32-o32-r10-rep2-seg1-attempt2,phase2-full-grid-rerun-20260731-l4-l4-tp1-f2040-i32-o32-r10-rep2-seg1-attempt2-00108-2702faac02bd,19,19,0,1,8812,server_token_ids,1785511574204010120,1422.269372,64.889366,14,""" opportunities"""
phase2-full-grid-rerun-20260731-l4-l4-tp1-f2040-i32-o32-r10-rep2-seg1-attempt2,phase2-full-grid-rerun-20260731-l4-l4-tp1-f2040-i32-o32-r10-rep2-seg1-attempt2-00108-2702faac02bd,20,20,0,1,4047,server_token_ids,1785511574272198233,1490.457485,68.188113,9,""" opportun"""
phase2-full-grid-rerun-20260731-l4-l4-tp1-f2040-i32-o32-r10-rep2-seg1-attempt2,phase2-full-grid-rerun-20260731-l4-l4-tp1-f2040-i32-o32-r10-rep2-seg1-attempt2-00108-2702faac02bd,21,21,0,1,458,server_token_ids,1785511574340623398,1558.88265,68.425165,3,"""ave"""
phase2-full-grid-rerun-20260731-l4-l4-tp1-f2040-i32-o32-r10-rep2-seg1-attempt2,phase2-full-grid-rerun-20260731-l4-l4-tp1-f2040-i32-o32-r10-rep2-seg1-attempt2-00108-2702faac02bd,22,22,0,1,28721,server_token_ids,1785511574403222440,1621.481692,62.599042,1,"""g"""
phase2-full-grid-rerun-20260731-l4-l4-tp1-f2040-i32-o32-r10-rep2-seg1-attempt2,phase2-full-grid-rerun-20260731-l4-l4-tp1-f2040-i32-o32-r10-rep2-seg1-attempt2-00108-2702faac02bd,23,23,0,1,1002,server_token_ids,1785511574470528793,1688.788045,67.306353,4,"""ates"""
phase2-full-grid-rerun-20260731-l4-l4-tp1-f2040-i32-o32-r10-rep2-seg1-attempt2,phase2-full-grid-rerun-20260731-l4-l4-tp1-f2040-i32-o32-r10-rep2-seg1-attempt2-00108-2702faac02bd,24,24,0,1,1432,server_token_ids,1785511574539741514,1758.000766,69.212721,5,""" last"""
phase2-full-grid-rerun-20260731-l4-l4-tp1-f2040-i32-o32-r10-rep2-seg1-attempt2,phase2-full-grid-rerun-20260731-l4-l4-tp1-f2040-i32-o32-r10-rep2-seg1-attempt2-00108-2702faac02bd,25,25,0,1,4098,server_token_ids,1785511574610961466,1829.220718,71.219952,6,""" share"""
phase2-full-grid-rerun-20260731-l4-l4-tp1-f2040-i32-o32-r10-rep2-seg1-attempt2,phase2-full-grid-rerun-20260731-l4-l4-tp1-f2040-i32-o32-r10-rep2-seg1-attempt2-00108-2702faac02bd,26,26,0,1,4419,server_token_ids,1785511574670334857,1888.594109,59.373391,7,""" column"""
phase2-full-grid-rerun-20260731-l4-l4-tp1-f2040-i32-o32-r10-rep2-seg1-attempt2,phase2-full-grid-rerun-20260731-l4-l4-tp1-f2040-i32-o32-r10-rep2-seg1-attempt2-00108-2702faac02bd,27,27,0,1,712,server_token_ids,1785511574735143636,1953.402888,64.808779,3,""" ro"""
phase2-full-grid-rerun-20260731-l4-l4-tp1-f2040-i32-o32-r10-rep2-seg1-attempt2,phase2-full-grid-rerun-20260731-l4-l4-tp1-f2040-i32-o32-r10-rep2-seg1-attempt2-00108-2702faac02bd,28,28,0,1,2124,server_token_ids,1785511574800370721,2018.629973,65.227085,2,"""ho"""
phase2-full-grid-rerun-20260731-l4-l4-tp1-f2040-i32-o32-r10-rep2-seg1-attempt2,phase2-full-grid-rerun-20260731-l4-l4-tp1-f2040-i32-o32-r10-rep2-seg1-attempt2-00108-2702faac02bd,29,29,0,1,4149,server_token_ids,1785511574869138831,2087.398083,68.76811,5,"""ellow"""
phase2-full-grid-rerun-20260731-l4-l4-tp1-f2040-i32-o32-r10-rep2-seg1-attempt2,phase2-full-grid-rerun-20260731-l4-l4-tp1-f2040-i32-o32-r10-rep2-seg1-attempt2-00108-2702faac02bd,30,30,0,1,4166,server_token_ids,1785511574934552661,2152.811913,65.41383,7,""" regard"""
phase2-full-grid-rerun-20260731-l4-l4-tp1-f2040-i32-o32-r10-rep2-seg1-attempt2,phase2-full-grid-rerun-20260731-l4-l4-tp1-f2040-i32-o32-r10-rep2-seg1-attempt2-00108-2702faac02bd,31,31,0,1,4183,server_token_ids,1785511574999292152,2217.551404,64.739491,6,"""lector"""
