unix_ns,monotonic_ns,window_id,request_id,attempt,event,http_status,detail
1785511276955251556,1136646998780917,phase2-full-grid-rerun-20260731-l4-l4-tp1-f2040-i32-o32-r10-rep1-seg1-attempt2,phase2-full-grid-rerun-20260731-l4-l4-tp1-f2040-i32-o32-r10-rep1-seg1-attempt2-00000-8a52930ef543,0,client_ready,,
1785511276959377760,1136647002906763,phase2-full-grid-rerun-20260731-l4-l4-tp1-f2040-i32-o32-r10-rep1-seg1-attempt2,phase2-full-grid-rerun-20260731-l4-l4-tp1-f2040-i32-o32-r10-rep1-seg1-attempt2-00000-8a52930ef543,0,semaphore_acquired,,
1785511276961111738,1136647004640971,phase2-full-grid-rerun-20260731-l4-l4-tp1-f2040-i32-o32-r10-rep1-seg1-attempt2,phase2-full-grid-rerun-20260731-l4-l4-tp1-f2040-i32-o32-r10-rep1-seg1-attempt2-00000-8a52930ef543,1,attempt_send,,
1785511277045293560,1136647088823415,phase2-full-grid-rerun-20260731-l4-l4-tp1-f2040-i32-o32-r10-rep1-seg1-attempt2,phase2-full-grid-rerun-20260731-l4-l4-tp1-f2040-i32-o32-r10-rep1-seg1-attempt2-00001-44a71b06dc9f,0,client_ready,,
1785511277047279820,1136647090809972,phase2-full-grid-rerun-20260731-l4-l4-tp1-f2040-i32-o32-r10-rep1-seg1-attempt2,phase2-full-grid-rerun-20260731-l4-l4-tp1-f2040-i32-o32-r10-rep1-seg1-attempt2-00001-44a71b06dc9f,0,semaphore_acquired,,
1785511277049672675,1136647093202498,phase2-full-grid-rerun-20260731-l4-l4-tp1-f2040-i32-o32-r10-rep1-seg1-attempt2,phase2-full-grid-rerun-20260731-l4-l4-tp1-f2040-i32-o32-r10-rep1-seg1-attempt2-00001-44a71b06dc9f,1,attempt_send,,
1785511277066621165,1136647110151104,phase2-full-grid-rerun-20260731-l4-l4-tp1-f2040-i32-o32-r10-rep1-seg1-attempt2,phase2-full-grid-rerun-20260731-l4-l4-tp1-f2040-i32-o32-r10-rep1-seg1-attempt2-00000-8a52930ef543,1,response_headers,200,response_request_id=phase2-full-grid-rerun-20260731-l4-l4-tp1-f2040-i32-o32-r10-rep1-seg1-attempt2-00000-8a52930ef543
1785511277069785040,1136647113314951,phase2-full-grid-rerun-20260731-l4-l4-tp1-f2040-i32-o32-r10-rep1-seg1-attempt2,phase2-full-grid-rerun-20260731-l4-l4-tp1-f2040-i32-o32-r10-rep1-seg1-attempt2-00001-44a71b06dc9f,1,response_headers,200,response_request_id=phase2-full-grid-rerun-20260731-l4-l4-tp1-f2040-i32-o32-r10-rep1-seg1-attempt2-00001-44a71b06dc9f
1785511277141841565,1136647185371390,phase2-full-grid-rerun-20260731-l4-l4-tp1-f2040-i32-o32-r10-rep1-seg1-attempt2,phase2-full-grid-rerun-20260731-l4-l4-tp1-f2040-i32-o32-r10-rep1-seg1-attempt2-00000-8a52930ef543,1,first_token,,
1785511277145528643,1136647189058572,phase2-full-grid-rerun-20260731-l4-l4-tp1-f2040-i32-o32-r10-rep1-seg1-attempt2,phase2-full-grid-rerun-20260731-l4-l4-tp1-f2040-i32-o32-r10-rep1-seg1-attempt2-00002-dcecb0bbe801,0,client_ready,,
1785511277147783288,1136647191313457,phase2-full-grid-rerun-20260731-l4-l4-tp1-f2040-i32-o32-r10-rep1-seg1-attempt2,phase2-full-grid-rerun-20260731-l4-l4-tp1-f2040-i32-o32-r10-rep1-seg1-attempt2-00002-dcecb0bbe801,0,semaphore_acquired,,
1785511277149847821,1136647193377332,phase2-full-grid-rerun-20260731-l4-l4-tp1-f2040-i32-o32-r10-rep1-seg1-attempt2,phase2-full-grid-rerun-20260731-l4-l4-tp1-f2040-i32-o32-r10-rep1-seg1-attempt2-00002-dcecb0bbe801,1,attempt_send,,
1785511277157828373,1136647201358355,phase2-full-grid-rerun-20260731-l4-l4-tp1-f2040-i32-o32-r10-rep1-seg1-attempt2,phase2-full-grid-rerun-20260731-l4-l4-tp1-f2040-i32-o32-r10-rep1-seg1-attempt2-00002-dcecb0bbe801,1,response_headers,200,response_request_id=phase2-full-grid-rerun-20260731-l4-l4-tp1-f2040-i32-o32-r10-rep1-seg1-attempt2-00002-dcecb0bbe801
1785511277205378311,1136647248908064,phase2-full-grid-rerun-20260731-l4-l4-tp1-f2040-i32-o32-r10-rep1-seg1-attempt2,phase2-full-grid-rerun-20260731-l4-l4-tp1-f2040-i32-o32-r10-rep1-seg1-attempt2-00001-44a71b06dc9f,1,first_token,,
1785511277246392608,1136647289922416,phase2-full-grid-rerun-20260731-l4-l4-tp1-f2040-i32-o32-r10-rep1-seg1-attempt2,phase2-full-grid-rerun-20260731-l4-l4-tp1-f2040-i32-o32-r10-rep1-seg1-attempt2-00003-59332695f74c,0,client_ready,,
1785511277249651604,1136647293181709,phase2-full-grid-rerun-20260731-l4-l4-tp1-f2040-i32-o32-r10-rep1-seg1-attempt2,phase2-full-grid-rerun-20260731-l4-l4-tp1-f2040-i32-o32-r10-rep1-seg1-attempt2-00003-59332695f74c,0,semaphore_acquired,,
1785511277252404689,1136647295934811,phase2-full-grid-rerun-20260731-l4-l4-tp1-f2040-i32-o32-r10-rep1-seg1-attempt2,phase2-full-grid-rerun-20260731-l4-l4-tp1-f2040-i32-o32-r10-rep1-seg1-attempt2-00003-59332695f74c,1,attempt_send,,
1785511277261335788,1136647304865696,phase2-full-grid-rerun-20260731-l4-l4-tp1-f2040-i32-o32-r10-rep1-seg1-attempt2,phase2-full-grid-rerun-20260731-l4-l4-tp1-f2040-i32-o32-r10-rep1-seg1-attempt2-00003-59332695f74c,1,response_headers,200,response_request_id=phase2-full-grid-rerun-20260731-l4-l4-tp1-f2040-i32-o32-r10-rep1-seg1-attempt2-00003-59332695f74c
1785511277326276144,1136647369806093,phase2-full-grid-rerun-20260731-l4-l4-tp1-f2040-i32-o32-r10-rep1-seg1-attempt2,phase2-full-grid-rerun-20260731-l4-l4-tp1-f2040-i32-o32-r10-rep1-seg1-attempt2-00002-dcecb0bbe801,1,first_token,,
1785511277345425713,1136647388955581,phase2-full-grid-rerun-20260731-l4-l4-tp1-f2040-i32-o32-r10-rep1-seg1-attempt2,phase2-full-grid-rerun-20260731-l4-l4-tp1-f2040-i32-o32-r10-rep1-seg1-attempt2-00004-5400cd5fa18d,0,client_ready,,
1785511277348527828,1136647392057940,phase2-full-grid-rerun-20260731-l4-l4-tp1-f2040-i32-o32-r10-rep1-seg1-attempt2,phase2-full-grid-rerun-20260731-l4-l4-tp1-f2040-i32-o32-r10-rep1-seg1-attempt2-00004-5400cd5fa18d,0,semaphore_acquired,,
1785511277351182663,1136647394712775,phase2-full-grid-rerun-20260731-l4-l4-tp1-f2040-i32-o32-r10-rep1-seg1-attempt2,phase2-full-grid-rerun-20260731-l4-l4-tp1-f2040-i32-o32-r10-rep1-seg1-attempt2-00004-5400cd5fa18d,1,attempt_send,,
1785511277359772452,1136647403302430,phase2-full-grid-rerun-20260731-l4-l4-tp1-f2040-i32-o32-r10-rep1-seg1-attempt2,phase2-full-grid-rerun-20260731-l4-l4-tp1-f2040-i32-o32-r10-rep1-seg1-attempt2-00004-5400cd5fa18d,1,response_headers,200,response_request_id=phase2-full-grid-rerun-20260731-l4-l4-tp1-f2040-i32-o32-r10-rep1-seg1-attempt2-00004-5400cd5fa18d
1785511277446050129,1136647489579952,phase2-full-grid-rerun-20260731-l4-l4-tp1-f2040-i32-o32-r10-rep1-seg1-attempt2,phase2-full-grid-rerun-20260731-l4-l4-tp1-f2040-i32-o32-r10-rep1-seg1-attempt2-00005-3b8039759ec0,0,client_ready,,
1785511277449747952,1136647493278007,phase2-full-grid-rerun-20260731-l4-l4-tp1-f2040-i32-o32-r10-rep1-seg1-attempt2,phase2-full-grid-rerun-20260731-l4-l4-tp1-f2040-i32-o32-r10-rep1-seg1-attempt2-00005-3b8039759ec0,0,semaphore_acquired,,
1785511277452612247,1136647496142362,phase2-full-grid-rerun-20260731-l4-l4-tp1-f2040-i32-o32-r10-rep1-seg1-attempt2,phase2-full-grid-rerun-20260731-l4-l4-tp1-f2040-i32-o32-r10-rep1-seg1-attempt2-00005-3b8039759ec0,1,attempt_send,,
1785511277456280326,1136647499810011,phase2-full-grid-rerun-20260731-l4-l4-tp1-f2040-i32-o32-r10-rep1-seg1-attempt2,phase2-full-grid-rerun-20260731-l4-l4-tp1-f2040-i32-o32-r10-rep1-seg1-attempt2-00003-59332695f74c,1,first_token,,
1785511277463872951,1136647507402808,phase2-full-grid-rerun-20260731-l4-l4-tp1-f2040-i32-o32-r10-rep1-seg1-attempt2,phase2-full-grid-rerun-20260731-l4-l4-tp1-f2040-i32-o32-r10-rep1-seg1-attempt2-00005-3b8039759ec0,1,response_headers,200,response_request_id=phase2-full-grid-rerun-20260731-l4-l4-tp1-f2040-i32-o32-r10-rep1-seg1-attempt2-00005-3b8039759ec0
1785511277513014104,1136647556543934,phase2-full-grid-rerun-20260731-l4-l4-tp1-f2040-i32-o32-r10-rep1-seg1-attempt2,phase2-full-grid-rerun-20260731-l4-l4-tp1-f2040-i32-o32-r10-rep1-seg1-attempt2-00004-5400cd5fa18d,1,first_token,,
1785511277545664764,1136647589194579,phase2-full-grid-rerun-20260731-l4-l4-tp1-f2040-i32-o32-r10-rep1-seg1-attempt2,phase2-full-grid-rerun-20260731-l4-l4-tp1-f2040-i32-o32-r10-rep1-seg1-attempt2-00006-0f65909c5211,0,client_ready,,
1785511277548987611,1136647592517676,phase2-full-grid-rerun-20260731-l4-l4-tp1-f2040-i32-o32-r10-rep1-seg1-attempt2,phase2-full-grid-rerun-20260731-l4-l4-tp1-f2040-i32-o32-r10-rep1-seg1-attempt2-00006-0f65909c5211,0,semaphore_acquired,,
1785511277551574271,1136647595104092,phase2-full-grid-rerun-20260731-l4-l4-tp1-f2040-i32-o32-r10-rep1-seg1-attempt2,phase2-full-grid-rerun-20260731-l4-l4-tp1-f2040-i32-o32-r10-rep1-seg1-attempt2-00006-0f65909c5211,1,attempt_send,,
1785511277559959256,1136647603489217,phase2-full-grid-rerun-20260731-l4-l4-tp1-f2040-i32-o32-r10-rep1-seg1-attempt2,phase2-full-grid-rerun-20260731-l4-l4-tp1-f2040-i32-o32-r10-rep1-seg1-attempt2-00006-0f65909c5211,1,response_headers,200,response_request_id=phase2-full-grid-rerun-20260731-l4-l4-tp1-f2040-i32-o32-r10-rep1-seg1-attempt2-00006-0f65909c5211
1785511277634609221,1136647678139196,phase2-full-grid-rerun-20260731-l4-l4-tp1-f2040-i32-o32-r10-rep1-seg1-attempt2,phase2-full-grid-rerun-20260731-l4-l4-tp1-f2040-i32-o32-r10-rep1-seg1-attempt2-00005-3b8039759ec0,1,first_token,,
1785511277645237240,1136647688767125,phase2-full-grid-rerun-20260731-l4-l4-tp1-f2040-i32-o32-r10-rep1-seg1-attempt2,phase2-full-grid-rerun-20260731-l4-l4-tp1-f2040-i32-o32-r10-rep1-seg1-attempt2-00007-03d817fc8f6d,0,client_ready,,
1785511277648782217,1136647692312315,phase2-full-grid-rerun-20260731-l4-l4-tp1-f2040-i32-o32-r10-rep1-seg1-attempt2,phase2-full-grid-rerun-20260731-l4-l4-tp1-f2040-i32-o32-r10-rep1-seg1-attempt2-00007-03d817fc8f6d,0,semaphore_acquired,,
1785511277651566882,1136647695097050,phase2-full-grid-rerun-20260731-l4-l4-tp1-f2040-i32-o32-r10-rep1-seg1-attempt2,phase2-full-grid-rerun-20260731-l4-l4-tp1-f2040-i32-o32-r10-rep1-seg1-attempt2-00007-03d817fc8f6d,1,attempt_send,,
1785511277660529920,1136647704060078,phase2-full-grid-rerun-20260731-l4-l4-tp1-f2040-i32-o32-r10-rep1-seg1-attempt2,phase2-full-grid-rerun-20260731-l4-l4-tp1-f2040-i32-o32-r10-rep1-seg1-attempt2-00007-03d817fc8f6d,1,response_headers,200,response_request_id=phase2-full-grid-rerun-20260731-l4-l4-tp1-f2040-i32-o32-r10-rep1-seg1-attempt2-00007-03d817fc8f6d
1785511277699811411,1136647743341320,phase2-full-grid-rerun-20260731-l4-l4-tp1-f2040-i32-o32-r10-rep1-seg1-attempt2,phase2-full-grid-rerun-20260731-l4-l4-tp1-f2040-i32-o32-r10-rep1-seg1-attempt2-00006-0f65909c5211,1,first_token,,
1785511277745557041,1136647789087086,phase2-full-grid-rerun-20260731-l4-l4-tp1-f2040-i32-o32-r10-rep1-seg1-attempt2,phase2-full-grid-rerun-20260731-l4-l4-tp1-f2040-i32-o32-r10-rep1-seg1-attempt2-00008-60d1dfc42ae1,0,client_ready,,
1785511277749516655,1136647793046724,phase2-full-grid-rerun-20260731-l4-l4-tp1-f2040-i32-o32-r10-rep1-seg1-attempt2,phase2-full-grid-rerun-20260731-l4-l4-tp1-f2040-i32-o32-r10-rep1-seg1-attempt2-00008-60d1dfc42ae1,0,semaphore_acquired,,
1785511277752253321,1136647795783423,phase2-full-grid-rerun-20260731-l4-l4-tp1-f2040-i32-o32-r10-rep1-seg1-attempt2,phase2-full-grid-rerun-20260731-l4-l4-tp1-f2040-i32-o32-r10-rep1-seg1-attempt2-00008-60d1dfc42ae1,1,attempt_send,,
1785511277761165776,1136647804695544,phase2-full-grid-rerun-20260731-l4-l4-tp1-f2040-i32-o32-r10-rep1-seg1-attempt2,phase2-full-grid-rerun-20260731-l4-l4-tp1-f2040-i32-o32-r10-rep1-seg1-attempt2-00008-60d1dfc42ae1,1,response_headers,200,response_request_id=phase2-full-grid-rerun-20260731-l4-l4-tp1-f2040-i32-o32-r10-rep1-seg1-attempt2-00008-60d1dfc42ae1
1785511277822769177,1136647866299125,phase2-full-grid-rerun-20260731-l4-l4-tp1-f2040-i32-o32-r10-rep1-seg1-attempt2,phase2-full-grid-rerun-20260731-l4-l4-tp1-f2040-i32-o32-r10-rep1-seg1-attempt2-00007-03d817fc8f6d,1,first_token,,
1785511277846450655,1136647889980480,phase2-full-grid-rerun-20260731-l4-l4-tp1-f2040-i32-o32-r10-rep1-seg1-attempt2,phase2-full-grid-rerun-20260731-l4-l4-tp1-f2040-i32-o32-r10-rep1-seg1-attempt2-00009-724d1995a301,0,client_ready,,
1785511277849600882,1136647893130987,phase2-full-grid-rerun-20260731-l4-l4-tp1-f2040-i32-o32-r10-rep1-seg1-attempt2,phase2-full-grid-rerun-20260731-l4-l4-tp1-f2040-i32-o32-r10-rep1-seg1-attempt2-00009-724d1995a301,0,semaphore_acquired,,
1785511277852632271,1136647896162312,phase2-full-grid-rerun-20260731-l4-l4-tp1-f2040-i32-o32-r10-rep1-seg1-attempt2,phase2-full-grid-rerun-20260731-l4-l4-tp1-f2040-i32-o32-r10-rep1-seg1-attempt2-00009-724d1995a301,1,attempt_send,,
1785511277861592948,1136647905122714,phase2-full-grid-rerun-20260731-l4-l4-tp1-f2040-i32-o32-r10-rep1-seg1-attempt2,phase2-full-grid-rerun-20260731-l4-l4-tp1-f2040-i32-o32-r10-rep1-seg1-attempt2-00009-724d1995a301,1,response_headers,200,response_request_id=phase2-full-grid-rerun-20260731-l4-l4-tp1-f2040-i32-o32-r10-rep1-seg1-attempt2-00009-724d1995a301
1785511277945632682,1136647989162545,phase2-full-grid-rerun-20260731-l4-l4-tp1-f2040-i32-o32-r10-rep1-seg1-attempt2,phase2-full-grid-rerun-20260731-l4-l4-tp1-f2040-i32-o32-r10-rep1-seg1-attempt2-00008-60d1dfc42ae1,1,first_token,,
1785511277949581055,1136647993111008,phase2-full-grid-rerun-20260731-l4-l4-tp1-f2040-i32-o32-r10-rep1-seg1-attempt2,phase2-full-grid-rerun-20260731-l4-l4-tp1-f2040-i32-o32-r10-rep1-seg1-attempt2-00010-3c80259cd598,0,client_ready,,
1785511277952141428,1136647995671478,phase2-full-grid-rerun-20260731-l4-l4-tp1-f2040-i32-o32-r10-rep1-seg1-attempt2,phase2-full-grid-rerun-20260731-l4-l4-tp1-f2040-i32-o32-r10-rep1-seg1-attempt2-00010-3c80259cd598,0,semaphore_acquired,,
1785511277954900172,1136647998429890,phase2-full-grid-rerun-20260731-l4-l4-tp1-f2040-i32-o32-r10-rep1-seg1-attempt2,phase2-full-grid-rerun-20260731-l4-l4-tp1-f2040-i32-o32-r10-rep1-seg1-attempt2-00010-3c80259cd598,1,attempt_send,,
1785511277962951665,1136648006481392,phase2-full-grid-rerun-20260731-l4-l4-tp1-f2040-i32-o32-r10-rep1-seg1-attempt2,phase2-full-grid-rerun-20260731-l4-l4-tp1-f2040-i32-o32-r10-rep1-seg1-attempt2-00010-3c80259cd598,1,response_headers,200,response_request_id=phase2-full-grid-rerun-20260731-l4-l4-tp1-f2040-i32-o32-r10-rep1-seg1-attempt2-00010-3c80259cd598
1785511278010176882,1136648053706660,phase2-full-grid-rerun-20260731-l4-l4-tp1-f2040-i32-o32-r10-rep1-seg1-attempt2,phase2-full-grid-rerun-20260731-l4-l4-tp1-f2040-i32-o32-r10-rep1-seg1-attempt2-00009-724d1995a301,1,first_token,,
1785511278045554503,1136648089084578,phase2-full-grid-rerun-20260731-l4-l4-tp1-f2040-i32-o32-r10-rep1-seg1-attempt2,phase2-full-grid-rerun-20260731-l4-l4-tp1-f2040-i32-o32-r10-rep1-seg1-attempt2-00011-716971921fcf,0,client_ready,,
1785511278049033224,1136648092563334,phase2-full-grid-rerun-20260731-l4-l4-tp1-f2040-i32-o32-r10-rep1-seg1-attempt2,phase2-full-grid-rerun-20260731-l4-l4-tp1-f2040-i32-o32-r10-rep1-seg1-attempt2-00011-716971921fcf,0,semaphore_acquired,,
1785511278051633474,1136648095163275,phase2-full-grid-rerun-20260731-l4-l4-tp1-f2040-i32-o32-r10-rep1-seg1-attempt2,phase2-full-grid-rerun-20260731-l4-l4-tp1-f2040-i32-o32-r10-rep1-seg1-attempt2-00011-716971921fcf,1,attempt_send,,
1785511278060198569,1136648103728517,phase2-full-grid-rerun-20260731-l4-l4-tp1-f2040-i32-o32-r10-rep1-seg1-attempt2,phase2-full-grid-rerun-20260731-l4-l4-tp1-f2040-i32-o32-r10-rep1-seg1-attempt2-00011-716971921fcf,1,response_headers,200,response_request_id=phase2-full-grid-rerun-20260731-l4-l4-tp1-f2040-i32-o32-r10-rep1-seg1-attempt2-00011-716971921fcf
1785511278135400075,1136648178929864,phase2-full-grid-rerun-20260731-l4-l4-tp1-f2040-i32-o32-r10-rep1-seg1-attempt2,phase2-full-grid-rerun-20260731-l4-l4-tp1-f2040-i32-o32-r10-rep1-seg1-attempt2-00010-3c80259cd598,1,first_token,,
1785511278145568469,1136648189098398,phase2-full-grid-rerun-20260731-l4-l4-tp1-f2040-i32-o32-r10-rep1-seg1-attempt2,phase2-full-grid-rerun-20260731-l4-l4-tp1-f2040-i32-o32-r10-rep1-seg1-attempt2-00012-2995d8f9e5b8,0,client_ready,,
1785511278148989524,1136648192519582,phase2-full-grid-rerun-20260731-l4-l4-tp1-f2040-i32-o32-r10-rep1-seg1-attempt2,phase2-full-grid-rerun-20260731-l4-l4-tp1-f2040-i32-o32-r10-rep1-seg1-attempt2-00012-2995d8f9e5b8,0,semaphore_acquired,,
1785511278151579063,1136648195108980,phase2-full-grid-rerun-20260731-l4-l4-tp1-f2040-i32-o32-r10-rep1-seg1-attempt2,phase2-full-grid-rerun-20260731-l4-l4-tp1-f2040-i32-o32-r10-rep1-seg1-attempt2-00012-2995d8f9e5b8,1,attempt_send,,
1785511278160571785,1136648204101570,phase2-full-grid-rerun-20260731-l4-l4-tp1-f2040-i32-o32-r10-rep1-seg1-attempt2,phase2-full-grid-rerun-20260731-l4-l4-tp1-f2040-i32-o32-r10-rep1-seg1-attempt2-00012-2995d8f9e5b8,1,response_headers,200,response_request_id=phase2-full-grid-rerun-20260731-l4-l4-tp1-f2040-i32-o32-r10-rep1-seg1-attempt2-00012-2995d8f9e5b8
1785511278201001149,1136648244531150,phase2-full-grid-rerun-20260731-l4-l4-tp1-f2040-i32-o32-r10-rep1-seg1-attempt2,phase2-full-grid-rerun-20260731-l4-l4-tp1-f2040-i32-o32-r10-rep1-seg1-attempt2-00011-716971921fcf,1,first_token,,
1785511278245497547,1136648289027540,phase2-full-grid-rerun-20260731-l4-l4-tp1-f2040-i32-o32-r10-rep1-seg1-attempt2,phase2-full-grid-rerun-20260731-l4-l4-tp1-f2040-i32-o32-r10-rep1-seg1-attempt2-00013-5d20a8ca4477,0,client_ready,,
1785511278249096573,1136648292626678,phase2-full-grid-rerun-20260731-l4-l4-tp1-f2040-i32-o32-r10-rep1-seg1-attempt2,phase2-full-grid-rerun-20260731-l4-l4-tp1-f2040-i32-o32-r10-rep1-seg1-attempt2-00013-5d20a8ca4477,0,semaphore_acquired,,
1785511278251699794,1136648295229639,phase2-full-grid-rerun-20260731-l4-l4-tp1-f2040-i32-o32-r10-rep1-seg1-attempt2,phase2-full-grid-rerun-20260731-l4-l4-tp1-f2040-i32-o32-r10-rep1-seg1-attempt2-00013-5d20a8ca4477,1,attempt_send,,
1785511278262532289,1136648306062175,phase2-full-grid-rerun-20260731-l4-l4-tp1-f2040-i32-o32-r10-rep1-seg1-attempt2,phase2-full-grid-rerun-20260731-l4-l4-tp1-f2040-i32-o32-r10-rep1-seg1-attempt2-00013-5d20a8ca4477,1,response_headers,200,response_request_id=phase2-full-grid-rerun-20260731-l4-l4-tp1-f2040-i32-o32-r10-rep1-seg1-attempt2-00013-5d20a8ca4477
1785511278325516141,1136648369045943,phase2-full-grid-rerun-20260731-l4-l4-tp1-f2040-i32-o32-r10-rep1-seg1-attempt2,phase2-full-grid-rerun-20260731-l4-l4-tp1-f2040-i32-o32-r10-rep1-seg1-attempt2-00012-2995d8f9e5b8,1,first_token,,
1785511278345847451,1136648389377279,phase2-full-grid-rerun-20260731-l4-l4-tp1-f2040-i32-o32-r10-rep1-seg1-attempt2,phase2-full-grid-rerun-20260731-l4-l4-tp1-f2040-i32-o32-r10-rep1-seg1-attempt2-00014-f260afb46321,0,client_ready,,
1785511278349424659,1136648392954761,phase2-full-grid-rerun-20260731-l4-l4-tp1-f2040-i32-o32-r10-rep1-seg1-attempt2,phase2-full-grid-rerun-20260731-l4-l4-tp1-f2040-i32-o32-r10-rep1-seg1-attempt2-00014-f260afb46321,0,semaphore_acquired,,
1785511278351964064,1136648395493646,phase2-full-grid-rerun-20260731-l4-l4-tp1-f2040-i32-o32-r10-rep1-seg1-attempt2,phase2-full-grid-rerun-20260731-l4-l4-tp1-f2040-i32-o32-r10-rep1-seg1-attempt2-00014-f260afb46321,1,attempt_send,,
1785511278360278699,1136648403808521,phase2-full-grid-rerun-20260731-l4-l4-tp1-f2040-i32-o32-r10-rep1-seg1-attempt2,phase2-full-grid-rerun-20260731-l4-l4-tp1-f2040-i32-o32-r10-rep1-seg1-attempt2-00014-f260afb46321,1,response_headers,200,response_request_id=phase2-full-grid-rerun-20260731-l4-l4-tp1-f2040-i32-o32-r10-rep1-seg1-attempt2-00014-f260afb46321
1785511278446384641,1136648489914630,phase2-full-grid-rerun-20260731-l4-l4-tp1-f2040-i32-o32-r10-rep1-seg1-attempt2,phase2-full-grid-rerun-20260731-l4-l4-tp1-f2040-i32-o32-r10-rep1-seg1-attempt2-00015-ef9c3ac38e4c,0,client_ready,,
1785511278450172078,1136648493702190,phase2-full-grid-rerun-20260731-l4-l4-tp1-f2040-i32-o32-r10-rep1-seg1-attempt2,phase2-full-grid-rerun-20260731-l4-l4-tp1-f2040-i32-o32-r10-rep1-seg1-attempt2-00015-ef9c3ac38e4c,0,semaphore_acquired,,
1785511278452923660,1136648496453495,phase2-full-grid-rerun-20260731-l4-l4-tp1-f2040-i32-o32-r10-rep1-seg1-attempt2,phase2-full-grid-rerun-20260731-l4-l4-tp1-f2040-i32-o32-r10-rep1-seg1-attempt2-00015-ef9c3ac38e4c,1,attempt_send,,
1785511278456745924,1136648500275712,phase2-full-grid-rerun-20260731-l4-l4-tp1-f2040-i32-o32-r10-rep1-seg1-attempt2,phase2-full-grid-rerun-20260731-l4-l4-tp1-f2040-i32-o32-r10-rep1-seg1-attempt2-00013-5d20a8ca4477,1,first_token,,
1785511278464974112,1136648508503804,phase2-full-grid-rerun-20260731-l4-l4-tp1-f2040-i32-o32-r10-rep1-seg1-attempt2,phase2-full-grid-rerun-20260731-l4-l4-tp1-f2040-i32-o32-r10-rep1-seg1-attempt2-00015-ef9c3ac38e4c,1,response_headers,200,response_request_id=phase2-full-grid-rerun-20260731-l4-l4-tp1-f2040-i32-o32-r10-rep1-seg1-attempt2-00015-ef9c3ac38e4c
1785511278514882957,1136648558412778,phase2-full-grid-rerun-20260731-l4-l4-tp1-f2040-i32-o32-r10-rep1-seg1-attempt2,phase2-full-grid-rerun-20260731-l4-l4-tp1-f2040-i32-o32-r10-rep1-seg1-attempt2-00014-f260afb46321,1,first_token,,
1785511278545850384,1136648589380249,phase2-full-grid-rerun-20260731-l4-l4-tp1-f2040-i32-o32-r10-rep1-seg1-attempt2,phase2-full-grid-rerun-20260731-l4-l4-tp1-f2040-i32-o32-r10-rep1-seg1-attempt2-00016-5246df3fbeb8,0,client_ready,,
1785511278549216809,1136648592746918,phase2-full-grid-rerun-20260731-l4-l4-tp1-f2040-i32-o32-r10-rep1-seg1-attempt2,phase2-full-grid-rerun-20260731-l4-l4-tp1-f2040-i32-o32-r10-rep1-seg1-attempt2-00016-5246df3fbeb8,0,semaphore_acquired,,
1785511278552059021,1136648595589124,phase2-full-grid-rerun-20260731-l4-l4-tp1-f2040-i32-o32-r10-rep1-seg1-attempt2,phase2-full-grid-rerun-20260731-l4-l4-tp1-f2040-i32-o32-r10-rep1-seg1-attempt2-00016-5246df3fbeb8,1,attempt_send,,
1785511278560348069,1136648603877667,phase2-full-grid-rerun-20260731-l4-l4-tp1-f2040-i32-o32-r10-rep1-seg1-attempt2,phase2-full-grid-rerun-20260731-l4-l4-tp1-f2040-i32-o32-r10-rep1-seg1-attempt2-00016-5246df3fbeb8,1,response_headers,200,response_request_id=phase2-full-grid-rerun-20260731-l4-l4-tp1-f2040-i32-o32-r10-rep1-seg1-attempt2-00016-5246df3fbeb8
1785511278641036752,1136648684566752,phase2-full-grid-rerun-20260731-l4-l4-tp1-f2040-i32-o32-r10-rep1-seg1-attempt2,phase2-full-grid-rerun-20260731-l4-l4-tp1-f2040-i32-o32-r10-rep1-seg1-attempt2-00015-ef9c3ac38e4c,1,first_token,,
1785511278645963820,1136648689493868,phase2-full-grid-rerun-20260731-l4-l4-tp1-f2040-i32-o32-r10-rep1-seg1-attempt2,phase2-full-grid-rerun-20260731-l4-l4-tp1-f2040-i32-o32-r10-rep1-seg1-attempt2-00017-b37ccde59c95,0,client_ready,,
1785511278648898317,1136648692428388,phase2-full-grid-rerun-20260731-l4-l4-tp1-f2040-i32-o32-r10-rep1-seg1-attempt2,phase2-full-grid-rerun-20260731-l4-l4-tp1-f2040-i32-o32-r10-rep1-seg1-attempt2-00017-b37ccde59c95,0,semaphore_acquired,,
1785511278651184518,1136648694714342,phase2-full-grid-rerun-20260731-l4-l4-tp1-f2040-i32-o32-r10-rep1-seg1-attempt2,phase2-full-grid-rerun-20260731-l4-l4-tp1-f2040-i32-o32-r10-rep1-seg1-attempt2-00017-b37ccde59c95,1,attempt_send,,
1785511278659811351,1136648703341120,phase2-full-grid-rerun-20260731-l4-l4-tp1-f2040-i32-o32-r10-rep1-seg1-attempt2,phase2-full-grid-rerun-20260731-l4-l4-tp1-f2040-i32-o32-r10-rep1-seg1-attempt2-00017-b37ccde59c95,1,response_headers,200,response_request_id=phase2-full-grid-rerun-20260731-l4-l4-tp1-f2040-i32-o32-r10-rep1-seg1-attempt2-00017-b37ccde59c95
1785511278706503453,1136648750033335,phase2-full-grid-rerun-20260731-l4-l4-tp1-f2040-i32-o32-r10-rep1-seg1-attempt2,phase2-full-grid-rerun-20260731-l4-l4-tp1-f2040-i32-o32-r10-rep1-seg1-attempt2-00016-5246df3fbeb8,1,first_token,,
1785511278745953194,1136648789483074,phase2-full-grid-rerun-20260731-l4-l4-tp1-f2040-i32-o32-r10-rep1-seg1-attempt2,phase2-full-grid-rerun-20260731-l4-l4-tp1-f2040-i32-o32-r10-rep1-seg1-attempt2-00018-4b5da47dbda1,0,client_ready,,
1785511278749364858,1136648792895030,phase2-full-grid-rerun-20260731-l4-l4-tp1-f2040-i32-o32-r10-rep1-seg1-attempt2,phase2-full-grid-rerun-20260731-l4-l4-tp1-f2040-i32-o32-r10-rep1-seg1-attempt2-00018-4b5da47dbda1,0,semaphore_acquired,,
1785511278752043510,1136648795573626,phase2-full-grid-rerun-20260731-l4-l4-tp1-f2040-i32-o32-r10-rep1-seg1-attempt2,phase2-full-grid-rerun-20260731-l4-l4-tp1-f2040-i32-o32-r10-rep1-seg1-attempt2-00018-4b5da47dbda1,1,attempt_send,,
1785511278760730158,1136648804259917,phase2-full-grid-rerun-20260731-l4-l4-tp1-f2040-i32-o32-r10-rep1-seg1-attempt2,phase2-full-grid-rerun-20260731-l4-l4-tp1-f2040-i32-o32-r10-rep1-seg1-attempt2-00018-4b5da47dbda1,1,response_headers,200,response_request_id=phase2-full-grid-rerun-20260731-l4-l4-tp1-f2040-i32-o32-r10-rep1-seg1-attempt2-00018-4b5da47dbda1
1785511278837456691,1136648880986703,phase2-full-grid-rerun-20260731-l4-l4-tp1-f2040-i32-o32-r10-rep1-seg1-attempt2,phase2-full-grid-rerun-20260731-l4-l4-tp1-f2040-i32-o32-r10-rep1-seg1-attempt2-00017-b37ccde59c95,1,first_token,,
1785511278845936514,1136648889466292,phase2-full-grid-rerun-20260731-l4-l4-tp1-f2040-i32-o32-r10-rep1-seg1-attempt2,phase2-full-grid-rerun-20260731-l4-l4-tp1-f2040-i32-o32-r10-rep1-seg1-attempt2-00019-6cc1782323f9,0,client_ready,,
1785511278849259786,1136648892789974,phase2-full-grid-rerun-20260731-l4-l4-tp1-f2040-i32-o32-r10-rep1-seg1-attempt2,phase2-full-grid-rerun-20260731-l4-l4-tp1-f2040-i32-o32-r10-rep1-seg1-attempt2-00019-6cc1782323f9,0,semaphore_acquired,,
1785511278851442809,1136648894972446,phase2-full-grid-rerun-20260731-l4-l4-tp1-f2040-i32-o32-r10-rep1-seg1-attempt2,phase2-full-grid-rerun-20260731-l4-l4-tp1-f2040-i32-o32-r10-rep1-seg1-attempt2-00019-6cc1782323f9,1,attempt_send,,
1785511278859616155,1136648903145863,phase2-full-grid-rerun-20260731-l4-l4-tp1-f2040-i32-o32-r10-rep1-seg1-attempt2,phase2-full-grid-rerun-20260731-l4-l4-tp1-f2040-i32-o32-r10-rep1-seg1-attempt2-00019-6cc1782323f9,1,response_headers,200,response_request_id=phase2-full-grid-rerun-20260731-l4-l4-tp1-f2040-i32-o32-r10-rep1-seg1-attempt2-00019-6cc1782323f9
1785511278904619995,1136648948149816,phase2-full-grid-rerun-20260731-l4-l4-tp1-f2040-i32-o32-r10-rep1-seg1-attempt2,phase2-full-grid-rerun-20260731-l4-l4-tp1-f2040-i32-o32-r10-rep1-seg1-attempt2-00018-4b5da47dbda1,1,first_token,,
1785511278945311692,1136648988841569,phase2-full-grid-rerun-20260731-l4-l4-tp1-f2040-i32-o32-r10-rep1-seg1-attempt2,phase2-full-grid-rerun-20260731-l4-l4-tp1-f2040-i32-o32-r10-rep1-seg1-attempt2-00020-0e906b988171,0,client_ready,,
1785511278948244255,1136648991774426,phase2-full-grid-rerun-20260731-l4-l4-tp1-f2040-i32-o32-r10-rep1-seg1-attempt2,phase2-full-grid-rerun-20260731-l4-l4-tp1-f2040-i32-o32-r10-rep1-seg1-attempt2-00020-0e906b988171,0,semaphore_acquired,,
1785511278950530629,1136648994060460,phase2-full-grid-rerun-20260731-l4-l4-tp1-f2040-i32-o32-r10-rep1-seg1-attempt2,phase2-full-grid-rerun-20260731-l4-l4-tp1-f2040-i32-o32-r10-rep1-seg1-attempt2-00020-0e906b988171,1,attempt_send,,
1785511278958541001,1136649002070583,phase2-full-grid-rerun-20260731-l4-l4-tp1-f2040-i32-o32-r10-rep1-seg1-attempt2,phase2-full-grid-rerun-20260731-l4-l4-tp1-f2040-i32-o32-r10-rep1-seg1-attempt2-00020-0e906b988171,1,response_headers,200,response_request_id=phase2-full-grid-rerun-20260731-l4-l4-tp1-f2040-i32-o32-r10-rep1-seg1-attempt2-00020-0e906b988171
1785511279036430720,1136649079960651,phase2-full-grid-rerun-20260731-l4-l4-tp1-f2040-i32-o32-r10-rep1-seg1-attempt2,phase2-full-grid-rerun-20260731-l4-l4-tp1-f2040-i32-o32-r10-rep1-seg1-attempt2-00019-6cc1782323f9,1,first_token,,
1785511279046048166,1136649089577995,phase2-full-grid-rerun-20260731-l4-l4-tp1-f2040-i32-o32-r10-rep1-seg1-attempt2,phase2-full-grid-rerun-20260731-l4-l4-tp1-f2040-i32-o32-r10-rep1-seg1-attempt2-00021-efa6efb2fedf,0,client_ready,,
1785511279048876794,1136649092406863,phase2-full-grid-rerun-20260731-l4-l4-tp1-f2040-i32-o32-r10-rep1-seg1-attempt2,phase2-full-grid-rerun-20260731-l4-l4-tp1-f2040-i32-o32-r10-rep1-seg1-attempt2-00021-efa6efb2fedf,0,semaphore_acquired,,
1785511279051000844,1136649094530395,phase2-full-grid-rerun-20260731-l4-l4-tp1-f2040-i32-o32-r10-rep1-seg1-attempt2,phase2-full-grid-rerun-20260731-l4-l4-tp1-f2040-i32-o32-r10-rep1-seg1-attempt2-00021-efa6efb2fedf,1,attempt_send,,
1785511279059023695,1136649102553240,phase2-full-grid-rerun-20260731-l4-l4-tp1-f2040-i32-o32-r10-rep1-seg1-attempt2,phase2-full-grid-rerun-20260731-l4-l4-tp1-f2040-i32-o32-r10-rep1-seg1-attempt2-00021-efa6efb2fedf,1,response_headers,200,response_request_id=phase2-full-grid-rerun-20260731-l4-l4-tp1-f2040-i32-o32-r10-rep1-seg1-attempt2-00021-efa6efb2fedf
1785511279107655121,1136649151184973,phase2-full-grid-rerun-20260731-l4-l4-tp1-f2040-i32-o32-r10-rep1-seg1-attempt2,phase2-full-grid-rerun-20260731-l4-l4-tp1-f2040-i32-o32-r10-rep1-seg1-attempt2-00020-0e906b988171,1,first_token,,
1785511279122028184,1136649165558762,phase2-full-grid-rerun-20260731-l4-l4-tp1-f2040-i32-o32-r10-rep1-seg1-attempt2,phase2-full-grid-rerun-20260731-l4-l4-tp1-f2040-i32-o32-r10-rep1-seg1-attempt2-00000-8a52930ef543,1,request_complete,200,
1785511279145800972,1136649189330828,phase2-full-grid-rerun-20260731-l4-l4-tp1-f2040-i32-o32-r10-rep1-seg1-attempt2,phase2-full-grid-rerun-20260731-l4-l4-tp1-f2040-i32-o32-r10-rep1-seg1-attempt2-00022-11df6667bd35,0,client_ready,,
1785511279149221924,1136649192752029,phase2-full-grid-rerun-20260731-l4-l4-tp1-f2040-i32-o32-r10-rep1-seg1-attempt2,phase2-full-grid-rerun-20260731-l4-l4-tp1-f2040-i32-o32-r10-rep1-seg1-attempt2-00022-11df6667bd35,0,semaphore_acquired,,
1785511279151433025,1136649194962692,phase2-full-grid-rerun-20260731-l4-l4-tp1-f2040-i32-o32-r10-rep1-seg1-attempt2,phase2-full-grid-rerun-20260731-l4-l4-tp1-f2040-i32-o32-r10-rep1-seg1-attempt2-00022-11df6667bd35,1,attempt_send,,
1785511279158983943,1136649202513781,phase2-full-grid-rerun-20260731-l4-l4-tp1-f2040-i32-o32-r10-rep1-seg1-attempt2,phase2-full-grid-rerun-20260731-l4-l4-tp1-f2040-i32-o32-r10-rep1-seg1-attempt2-00022-11df6667bd35,1,response_headers,200,response_request_id=phase2-full-grid-rerun-20260731-l4-l4-tp1-f2040-i32-o32-r10-rep1-seg1-attempt2-00022-11df6667bd35
1785511279180041343,1136649223571708,phase2-full-grid-rerun-20260731-l4-l4-tp1-f2040-i32-o32-r10-rep1-seg1-attempt2,phase2-full-grid-rerun-20260731-l4-l4-tp1-f2040-i32-o32-r10-rep1-seg1-attempt2-00001-44a71b06dc9f,1,request_complete,200,
1785511279234158649,1136649277688451,phase2-full-grid-rerun-20260731-l4-l4-tp1-f2040-i32-o32-r10-rep1-seg1-attempt2,phase2-full-grid-rerun-20260731-l4-l4-tp1-f2040-i32-o32-r10-rep1-seg1-attempt2-00021-efa6efb2fedf,1,first_token,,
1785511279245979461,1136649289509379,phase2-full-grid-rerun-20260731-l4-l4-tp1-f2040-i32-o32-r10-rep1-seg1-attempt2,phase2-full-grid-rerun-20260731-l4-l4-tp1-f2040-i32-o32-r10-rep1-seg1-attempt2-00023-b7dd68f64125,0,client_ready,,
1785511279249340638,1136649292870741,phase2-full-grid-rerun-20260731-l4-l4-tp1-f2040-i32-o32-r10-rep1-seg1-attempt2,phase2-full-grid-rerun-20260731-l4-l4-tp1-f2040-i32-o32-r10-rep1-seg1-attempt2-00023-b7dd68f64125,0,semaphore_acquired,,
1785511279251935013,1136649295465091,phase2-full-grid-rerun-20260731-l4-l4-tp1-f2040-i32-o32-r10-rep1-seg1-attempt2,phase2-full-grid-rerun-20260731-l4-l4-tp1-f2040-i32-o32-r10-rep1-seg1-attempt2-00023-b7dd68f64125,1,attempt_send,,
1785511279259951702,1136649303481672,phase2-full-grid-rerun-20260731-l4-l4-tp1-f2040-i32-o32-r10-rep1-seg1-attempt2,phase2-full-grid-rerun-20260731-l4-l4-tp1-f2040-i32-o32-r10-rep1-seg1-attempt2-00023-b7dd68f64125,1,response_headers,200,response_request_id=phase2-full-grid-rerun-20260731-l4-l4-tp1-f2040-i32-o32-r10-rep1-seg1-attempt2-00023-b7dd68f64125
1785511279312095860,1136649355626295,phase2-full-grid-rerun-20260731-l4-l4-tp1-f2040-i32-o32-r10-rep1-seg1-attempt2,phase2-full-grid-rerun-20260731-l4-l4-tp1-f2040-i32-o32-r10-rep1-seg1-attempt2-00002-dcecb0bbe801,1,request_complete,200,
1785511279345751572,1136649389281689,phase2-full-grid-rerun-20260731-l4-l4-tp1-f2040-i32-o32-r10-rep1-seg1-attempt2,phase2-full-grid-rerun-20260731-l4-l4-tp1-f2040-i32-o32-r10-rep1-seg1-attempt2-00024-230efed196da,0,client_ready,,
1785511279349380018,1136649392910107,phase2-full-grid-rerun-20260731-l4-l4-tp1-f2040-i32-o32-r10-rep1-seg1-attempt2,phase2-full-grid-rerun-20260731-l4-l4-tp1-f2040-i32-o32-r10-rep1-seg1-attempt2-00024-230efed196da,0,semaphore_acquired,,
1785511279351967628,1136649395497703,phase2-full-grid-rerun-20260731-l4-l4-tp1-f2040-i32-o32-r10-rep1-seg1-attempt2,phase2-full-grid-rerun-20260731-l4-l4-tp1-f2040-i32-o32-r10-rep1-seg1-attempt2-00024-230efed196da,1,attempt_send,,
1785511279360264524,1136649403794376,phase2-full-grid-rerun-20260731-l4-l4-tp1-f2040-i32-o32-r10-rep1-seg1-attempt2,phase2-full-grid-rerun-20260731-l4-l4-tp1-f2040-i32-o32-r10-rep1-seg1-attempt2-00024-230efed196da,1,response_headers,200,response_request_id=phase2-full-grid-rerun-20260731-l4-l4-tp1-f2040-i32-o32-r10-rep1-seg1-attempt2-00024-230efed196da
1785511279369137127,1136649412667225,phase2-full-grid-rerun-20260731-l4-l4-tp1-f2040-i32-o32-r10-rep1-seg1-attempt2,phase2-full-grid-rerun-20260731-l4-l4-tp1-f2040-i32-o32-r10-rep1-seg1-attempt2-00022-11df6667bd35,1,first_token,,
1785511279436705322,1136649480235259,phase2-full-grid-rerun-20260731-l4-l4-tp1-f2040-i32-o32-r10-rep1-seg1-attempt2,phase2-full-grid-rerun-20260731-l4-l4-tp1-f2040-i32-o32-r10-rep1-seg1-attempt2-00023-b7dd68f64125,1,first_token,,
1785511279448884558,1136649492415021,phase2-full-grid-rerun-20260731-l4-l4-tp1-f2040-i32-o32-r10-rep1-seg1-attempt2,phase2-full-grid-rerun-20260731-l4-l4-tp1-f2040-i32-o32-r10-rep1-seg1-attempt2-00003-59332695f74c,1,request_complete,200,
1785511279450893425,1136649494422846,phase2-full-grid-rerun-20260731-l4-l4-tp1-f2040-i32-o32-r10-rep1-seg1-attempt2,phase2-full-grid-rerun-20260731-l4-l4-tp1-f2040-i32-o32-r10-rep1-seg1-attempt2-00025-0a32348adbc3,0,client_ready,,
1785511279453212461,1136649496741823,phase2-full-grid-rerun-20260731-l4-l4-tp1-f2040-i32-o32-r10-rep1-seg1-attempt2,phase2-full-grid-rerun-20260731-l4-l4-tp1-f2040-i32-o32-r10-rep1-seg1-attempt2-00025-0a32348adbc3,0,semaphore_acquired,,
1785511279455227898,1136649498757146,phase2-full-grid-rerun-20260731-l4-l4-tp1-f2040-i32-o32-r10-rep1-seg1-attempt2,phase2-full-grid-rerun-20260731-l4-l4-tp1-f2040-i32-o32-r10-rep1-seg1-attempt2-00025-0a32348adbc3,1,attempt_send,,
1785511279461925482,1136649505454833,phase2-full-grid-rerun-20260731-l4-l4-tp1-f2040-i32-o32-r10-rep1-seg1-attempt2,phase2-full-grid-rerun-20260731-l4-l4-tp1-f2040-i32-o32-r10-rep1-seg1-attempt2-00025-0a32348adbc3,1,response_headers,200,response_request_id=phase2-full-grid-rerun-20260731-l4-l4-tp1-f2040-i32-o32-r10-rep1-seg1-attempt2-00025-0a32348adbc3
1785511279511457757,1136649554988169,phase2-full-grid-rerun-20260731-l4-l4-tp1-f2040-i32-o32-r10-rep1-seg1-attempt2,phase2-full-grid-rerun-20260731-l4-l4-tp1-f2040-i32-o32-r10-rep1-seg1-attempt2-00004-5400cd5fa18d,1,request_complete,200,
1785511279546001813,1136649589531671,phase2-full-grid-rerun-20260731-l4-l4-tp1-f2040-i32-o32-r10-rep1-seg1-attempt2,phase2-full-grid-rerun-20260731-l4-l4-tp1-f2040-i32-o32-r10-rep1-seg1-attempt2-00026-5699e20d4015,0,client_ready,,
1785511279549387015,1136649592917080,phase2-full-grid-rerun-20260731-l4-l4-tp1-f2040-i32-o32-r10-rep1-seg1-attempt2,phase2-full-grid-rerun-20260731-l4-l4-tp1-f2040-i32-o32-r10-rep1-seg1-attempt2-00026-5699e20d4015,0,semaphore_acquired,,
1785511279552198326,1136649595728411,phase2-full-grid-rerun-20260731-l4-l4-tp1-f2040-i32-o32-r10-rep1-seg1-attempt2,phase2-full-grid-rerun-20260731-l4-l4-tp1-f2040-i32-o32-r10-rep1-seg1-attempt2-00026-5699e20d4015,1,attempt_send,,
1785511279567003321,1136649610533179,phase2-full-grid-rerun-20260731-l4-l4-tp1-f2040-i32-o32-r10-rep1-seg1-attempt2,phase2-full-grid-rerun-20260731-l4-l4-tp1-f2040-i32-o32-r10-rep1-seg1-attempt2-00024-230efed196da,1,first_token,,
1785511279571375641,1136649614905946,phase2-full-grid-rerun-20260731-l4-l4-tp1-f2040-i32-o32-r10-rep1-seg1-attempt2,phase2-full-grid-rerun-20260731-l4-l4-tp1-f2040-i32-o32-r10-rep1-seg1-attempt2-00026-5699e20d4015,1,response_headers,200,response_request_id=phase2-full-grid-rerun-20260731-l4-l4-tp1-f2040-i32-o32-r10-rep1-seg1-attempt2-00026-5699e20d4015
1785511279642812595,1136649686342982,phase2-full-grid-rerun-20260731-l4-l4-tp1-f2040-i32-o32-r10-rep1-seg1-attempt2,phase2-full-grid-rerun-20260731-l4-l4-tp1-f2040-i32-o32-r10-rep1-seg1-attempt2-00005-3b8039759ec0,1,request_complete,200,
1785511279645650947,1136649689180635,phase2-full-grid-rerun-20260731-l4-l4-tp1-f2040-i32-o32-r10-rep1-seg1-attempt2,phase2-full-grid-rerun-20260731-l4-l4-tp1-f2040-i32-o32-r10-rep1-seg1-attempt2-00025-0a32348adbc3,1,first_token,,
1785511279648134615,1136649691664091,phase2-full-grid-rerun-20260731-l4-l4-tp1-f2040-i32-o32-r10-rep1-seg1-attempt2,phase2-full-grid-rerun-20260731-l4-l4-tp1-f2040-i32-o32-r10-rep1-seg1-attempt2-00027-94d7536bc1f5,0,client_ready,,
1785511279649885542,1136649693415054,phase2-full-grid-rerun-20260731-l4-l4-tp1-f2040-i32-o32-r10-rep1-seg1-attempt2,phase2-full-grid-rerun-20260731-l4-l4-tp1-f2040-i32-o32-r10-rep1-seg1-attempt2-00027-94d7536bc1f5,0,semaphore_acquired,,
1785511279651642625,1136649695171937,phase2-full-grid-rerun-20260731-l4-l4-tp1-f2040-i32-o32-r10-rep1-seg1-attempt2,phase2-full-grid-rerun-20260731-l4-l4-tp1-f2040-i32-o32-r10-rep1-seg1-attempt2-00027-94d7536bc1f5,1,attempt_send,,
1785511279658818293,1136649702347942,phase2-full-grid-rerun-20260731-l4-l4-tp1-f2040-i32-o32-r10-rep1-seg1-attempt2,phase2-full-grid-rerun-20260731-l4-l4-tp1-f2040-i32-o32-r10-rep1-seg1-attempt2-00027-94d7536bc1f5,1,response_headers,200,response_request_id=phase2-full-grid-rerun-20260731-l4-l4-tp1-f2040-i32-o32-r10-rep1-seg1-attempt2-00027-94d7536bc1f5
1785511279707917327,1136649751447879,phase2-full-grid-rerun-20260731-l4-l4-tp1-f2040-i32-o32-r10-rep1-seg1-attempt2,phase2-full-grid-rerun-20260731-l4-l4-tp1-f2040-i32-o32-r10-rep1-seg1-attempt2-00006-0f65909c5211,1,request_complete,200,
1785511279745377336,1136649788907488,phase2-full-grid-rerun-20260731-l4-l4-tp1-f2040-i32-o32-r10-rep1-seg1-attempt2,phase2-full-grid-rerun-20260731-l4-l4-tp1-f2040-i32-o32-r10-rep1-seg1-attempt2-00028-a9e075083bf7,0,client_ready,,
1785511279748247575,1136649791777883,phase2-full-grid-rerun-20260731-l4-l4-tp1-f2040-i32-o32-r10-rep1-seg1-attempt2,phase2-full-grid-rerun-20260731-l4-l4-tp1-f2040-i32-o32-r10-rep1-seg1-attempt2-00028-a9e075083bf7,0,semaphore_acquired,,
1785511279750262505,1136649793792297,phase2-full-grid-rerun-20260731-l4-l4-tp1-f2040-i32-o32-r10-rep1-seg1-attempt2,phase2-full-grid-rerun-20260731-l4-l4-tp1-f2040-i32-o32-r10-rep1-seg1-attempt2-00028-a9e075083bf7,1,attempt_send,,
1785511279758639232,1136649802168751,phase2-full-grid-rerun-20260731-l4-l4-tp1-f2040-i32-o32-r10-rep1-seg1-attempt2,phase2-full-grid-rerun-20260731-l4-l4-tp1-f2040-i32-o32-r10-rep1-seg1-attempt2-00028-a9e075083bf7,1,response_headers,200,response_request_id=phase2-full-grid-rerun-20260731-l4-l4-tp1-f2040-i32-o32-r10-rep1-seg1-attempt2-00028-a9e075083bf7
1785511279764791826,1136649808321703,phase2-full-grid-rerun-20260731-l4-l4-tp1-f2040-i32-o32-r10-rep1-seg1-attempt2,phase2-full-grid-rerun-20260731-l4-l4-tp1-f2040-i32-o32-r10-rep1-seg1-attempt2-00026-5699e20d4015,1,first_token,,
1785511279829618043,1136649873147875,phase2-full-grid-rerun-20260731-l4-l4-tp1-f2040-i32-o32-r10-rep1-seg1-attempt2,phase2-full-grid-rerun-20260731-l4-l4-tp1-f2040-i32-o32-r10-rep1-seg1-attempt2-00027-94d7536bc1f5,1,first_token,,
1785511279839580493,1136649883110311,phase2-full-grid-rerun-20260731-l4-l4-tp1-f2040-i32-o32-r10-rep1-seg1-attempt2,phase2-full-grid-rerun-20260731-l4-l4-tp1-f2040-i32-o32-r10-rep1-seg1-attempt2-00007-03d817fc8f6d,1,request_complete,200,
1785511279845991010,1136649889520428,phase2-full-grid-rerun-20260731-l4-l4-tp1-f2040-i32-o32-r10-rep1-seg1-attempt2,phase2-full-grid-rerun-20260731-l4-l4-tp1-f2040-i32-o32-r10-rep1-seg1-attempt2-00029-b062c77efd69,0,client_ready,,
1785511279847158697,1136649890688005,phase2-full-grid-rerun-20260731-l4-l4-tp1-f2040-i32-o32-r10-rep1-seg1-attempt2,phase2-full-grid-rerun-20260731-l4-l4-tp1-f2040-i32-o32-r10-rep1-seg1-attempt2-00029-b062c77efd69,0,semaphore_acquired,,
1785511279848405623,1136649891934983,phase2-full-grid-rerun-20260731-l4-l4-tp1-f2040-i32-o32-r10-rep1-seg1-attempt2,phase2-full-grid-rerun-20260731-l4-l4-tp1-f2040-i32-o32-r10-rep1-seg1-attempt2-00029-b062c77efd69,1,attempt_send,,
1785511279854324188,1136649897853693,phase2-full-grid-rerun-20260731-l4-l4-tp1-f2040-i32-o32-r10-rep1-seg1-attempt2,phase2-full-grid-rerun-20260731-l4-l4-tp1-f2040-i32-o32-r10-rep1-seg1-attempt2-00029-b062c77efd69,1,response_headers,200,response_request_id=phase2-full-grid-rerun-20260731-l4-l4-tp1-f2040-i32-o32-r10-rep1-seg1-attempt2-00029-b062c77efd69
1785511279945392817,1136649988922715,phase2-full-grid-rerun-20260731-l4-l4-tp1-f2040-i32-o32-r10-rep1-seg1-attempt2,phase2-full-grid-rerun-20260731-l4-l4-tp1-f2040-i32-o32-r10-rep1-seg1-attempt2-00030-92a7afcd70d6,0,client_ready,,
1785511279948045943,1136649991575362,phase2-full-grid-rerun-20260731-l4-l4-tp1-f2040-i32-o32-r10-rep1-seg1-attempt2,phase2-full-grid-rerun-20260731-l4-l4-tp1-f2040-i32-o32-r10-rep1-seg1-attempt2-00030-92a7afcd70d6,0,semaphore_acquired,,
1785511279949487066,1136649993016761,phase2-full-grid-rerun-20260731-l4-l4-tp1-f2040-i32-o32-r10-rep1-seg1-attempt2,phase2-full-grid-rerun-20260731-l4-l4-tp1-f2040-i32-o32-r10-rep1-seg1-attempt2-00030-92a7afcd70d6,1,attempt_send,,
1785511279961368974,1136650004898600,phase2-full-grid-rerun-20260731-l4-l4-tp1-f2040-i32-o32-r10-rep1-seg1-attempt2,phase2-full-grid-rerun-20260731-l4-l4-tp1-f2040-i32-o32-r10-rep1-seg1-attempt2-00028-a9e075083bf7,1,first_token,,
1785511279971101980,1136650014631709,phase2-full-grid-rerun-20260731-l4-l4-tp1-f2040-i32-o32-r10-rep1-seg1-attempt2,phase2-full-grid-rerun-20260731-l4-l4-tp1-f2040-i32-o32-r10-rep1-seg1-attempt2-00008-60d1dfc42ae1,1,request_complete,200,
1785511279972586346,1136650016115692,phase2-full-grid-rerun-20260731-l4-l4-tp1-f2040-i32-o32-r10-rep1-seg1-attempt2,phase2-full-grid-rerun-20260731-l4-l4-tp1-f2040-i32-o32-r10-rep1-seg1-attempt2-00030-92a7afcd70d6,1,response_headers,200,response_request_id=phase2-full-grid-rerun-20260731-l4-l4-tp1-f2040-i32-o32-r10-rep1-seg1-attempt2-00030-92a7afcd70d6
1785511280029601107,1136650073130945,phase2-full-grid-rerun-20260731-l4-l4-tp1-f2040-i32-o32-r10-rep1-seg1-attempt2,phase2-full-grid-rerun-20260731-l4-l4-tp1-f2040-i32-o32-r10-rep1-seg1-attempt2-00029-b062c77efd69,1,first_token,,
1785511280038774925,1136650082304530,phase2-full-grid-rerun-20260731-l4-l4-tp1-f2040-i32-o32-r10-rep1-seg1-attempt2,phase2-full-grid-rerun-20260731-l4-l4-tp1-f2040-i32-o32-r10-rep1-seg1-attempt2-00009-724d1995a301,1,request_complete,200,
1785511280045350176,1136650088879655,phase2-full-grid-rerun-20260731-l4-l4-tp1-f2040-i32-o32-r10-rep1-seg1-attempt2,phase2-full-grid-rerun-20260731-l4-l4-tp1-f2040-i32-o32-r10-rep1-seg1-attempt2-00031-7b0843afdd0a,0,client_ready,,
1785511280046913542,1136650090442874,phase2-full-grid-rerun-20260731-l4-l4-tp1-f2040-i32-o32-r10-rep1-seg1-attempt2,phase2-full-grid-rerun-20260731-l4-l4-tp1-f2040-i32-o32-r10-rep1-seg1-attempt2-00031-7b0843afdd0a,0,semaphore_acquired,,
1785511280048259664,1136650091789095,phase2-full-grid-rerun-20260731-l4-l4-tp1-f2040-i32-o32-r10-rep1-seg1-attempt2,phase2-full-grid-rerun-20260731-l4-l4-tp1-f2040-i32-o32-r10-rep1-seg1-attempt2-00031-7b0843afdd0a,1,attempt_send,,
1785511280054164052,1136650097693530,phase2-full-grid-rerun-20260731-l4-l4-tp1-f2040-i32-o32-r10-rep1-seg1-attempt2,phase2-full-grid-rerun-20260731-l4-l4-tp1-f2040-i32-o32-r10-rep1-seg1-attempt2-00031-7b0843afdd0a,1,response_headers,200,response_request_id=phase2-full-grid-rerun-20260731-l4-l4-tp1-f2040-i32-o32-r10-rep1-seg1-attempt2-00031-7b0843afdd0a
1785511280145316233,1136650188845962,phase2-full-grid-rerun-20260731-l4-l4-tp1-f2040-i32-o32-r10-rep1-seg1-attempt2,phase2-full-grid-rerun-20260731-l4-l4-tp1-f2040-i32-o32-r10-rep1-seg1-attempt2-00032-0893ad10d1d6,0,client_ready,,
1785511280148092704,1136650191622233,phase2-full-grid-rerun-20260731-l4-l4-tp1-f2040-i32-o32-r10-rep1-seg1-attempt2,phase2-full-grid-rerun-20260731-l4-l4-tp1-f2040-i32-o32-r10-rep1-seg1-attempt2-00032-0893ad10d1d6,0,semaphore_acquired,,
1785511280149802655,1136650193332361,phase2-full-grid-rerun-20260731-l4-l4-tp1-f2040-i32-o32-r10-rep1-seg1-attempt2,phase2-full-grid-rerun-20260731-l4-l4-tp1-f2040-i32-o32-r10-rep1-seg1-attempt2-00032-0893ad10d1d6,1,attempt_send,,
1785511280161273931,1136650204803550,phase2-full-grid-rerun-20260731-l4-l4-tp1-f2040-i32-o32-r10-rep1-seg1-attempt2,phase2-full-grid-rerun-20260731-l4-l4-tp1-f2040-i32-o32-r10-rep1-seg1-attempt2-00030-92a7afcd70d6,1,first_token,,
1785511280171220765,1136650214750275,phase2-full-grid-rerun-20260731-l4-l4-tp1-f2040-i32-o32-r10-rep1-seg1-attempt2,phase2-full-grid-rerun-20260731-l4-l4-tp1-f2040-i32-o32-r10-rep1-seg1-attempt2-00010-3c80259cd598,1,request_complete,200,
1785511280172914008,1136650216443388,phase2-full-grid-rerun-20260731-l4-l4-tp1-f2040-i32-o32-r10-rep1-seg1-attempt2,phase2-full-grid-rerun-20260731-l4-l4-tp1-f2040-i32-o32-r10-rep1-seg1-attempt2-00032-0893ad10d1d6,1,response_headers,200,response_request_id=phase2-full-grid-rerun-20260731-l4-l4-tp1-f2040-i32-o32-r10-rep1-seg1-attempt2-00032-0893ad10d1d6
1785511280227946911,1136650271476528,phase2-full-grid-rerun-20260731-l4-l4-tp1-f2040-i32-o32-r10-rep1-seg1-attempt2,phase2-full-grid-rerun-20260731-l4-l4-tp1-f2040-i32-o32-r10-rep1-seg1-attempt2-00031-7b0843afdd0a,1,first_token,,
1785511280238257120,1136650281786815,phase2-full-grid-rerun-20260731-l4-l4-tp1-f2040-i32-o32-r10-rep1-seg1-attempt2,phase2-full-grid-rerun-20260731-l4-l4-tp1-f2040-i32-o32-r10-rep1-seg1-attempt2-00011-716971921fcf,1,request_complete,200,
1785511280245617383,1136650289146801,phase2-full-grid-rerun-20260731-l4-l4-tp1-f2040-i32-o32-r10-rep1-seg1-attempt2,phase2-full-grid-rerun-20260731-l4-l4-tp1-f2040-i32-o32-r10-rep1-seg1-attempt2-00033-6c2515f26285,0,client_ready,,
1785511280247222338,1136650290751609,phase2-full-grid-rerun-20260731-l4-l4-tp1-f2040-i32-o32-r10-rep1-seg1-attempt2,phase2-full-grid-rerun-20260731-l4-l4-tp1-f2040-i32-o32-r10-rep1-seg1-attempt2-00033-6c2515f26285,0,semaphore_acquired,,
1785511280249017483,1136650292546990,phase2-full-grid-rerun-20260731-l4-l4-tp1-f2040-i32-o32-r10-rep1-seg1-attempt2,phase2-full-grid-rerun-20260731-l4-l4-tp1-f2040-i32-o32-r10-rep1-seg1-attempt2-00033-6c2515f26285,1,attempt_send,,
1785511280255181937,1136650298711455,phase2-full-grid-rerun-20260731-l4-l4-tp1-f2040-i32-o32-r10-rep1-seg1-attempt2,phase2-full-grid-rerun-20260731-l4-l4-tp1-f2040-i32-o32-r10-rep1-seg1-attempt2-00033-6c2515f26285,1,response_headers,200,response_request_id=phase2-full-grid-rerun-20260731-l4-l4-tp1-f2040-i32-o32-r10-rep1-seg1-attempt2-00033-6c2515f26285
1785511280346167637,1136650389697454,phase2-full-grid-rerun-20260731-l4-l4-tp1-f2040-i32-o32-r10-rep1-seg1-attempt2,phase2-full-grid-rerun-20260731-l4-l4-tp1-f2040-i32-o32-r10-rep1-seg1-attempt2-00034-2d7a08c1fac0,0,client_ready,,
1785511280349020587,1136650392550059,phase2-full-grid-rerun-20260731-l4-l4-tp1-f2040-i32-o32-r10-rep1-seg1-attempt2,phase2-full-grid-rerun-20260731-l4-l4-tp1-f2040-i32-o32-r10-rep1-seg1-attempt2-00034-2d7a08c1fac0,0,semaphore_acquired,,
1785511280350859036,1136650394388678,phase2-full-grid-rerun-20260731-l4-l4-tp1-f2040-i32-o32-r10-rep1-seg1-attempt2,phase2-full-grid-rerun-20260731-l4-l4-tp1-f2040-i32-o32-r10-rep1-seg1-attempt2-00034-2d7a08c1fac0,1,attempt_send,,
1785511280360746019,1136650404275431,phase2-full-grid-rerun-20260731-l4-l4-tp1-f2040-i32-o32-r10-rep1-seg1-attempt2,phase2-full-grid-rerun-20260731-l4-l4-tp1-f2040-i32-o32-r10-rep1-seg1-attempt2-00032-0893ad10d1d6,1,first_token,,
1785511280369214999,1136650412744522,phase2-full-grid-rerun-20260731-l4-l4-tp1-f2040-i32-o32-r10-rep1-seg1-attempt2,phase2-full-grid-rerun-20260731-l4-l4-tp1-f2040-i32-o32-r10-rep1-seg1-attempt2-00012-2995d8f9e5b8,1,request_complete,200,
1785511280371795487,1136650415325088,phase2-full-grid-rerun-20260731-l4-l4-tp1-f2040-i32-o32-r10-rep1-seg1-attempt2,phase2-full-grid-rerun-20260731-l4-l4-tp1-f2040-i32-o32-r10-rep1-seg1-attempt2-00034-2d7a08c1fac0,1,response_headers,200,response_request_id=phase2-full-grid-rerun-20260731-l4-l4-tp1-f2040-i32-o32-r10-rep1-seg1-attempt2-00034-2d7a08c1fac0
1785511280425990359,1136650469520027,phase2-full-grid-rerun-20260731-l4-l4-tp1-f2040-i32-o32-r10-rep1-seg1-attempt2,phase2-full-grid-rerun-20260731-l4-l4-tp1-f2040-i32-o32-r10-rep1-seg1-attempt2-00033-6c2515f26285,1,first_token,,
1785511280445554572,1136650489083935,phase2-full-grid-rerun-20260731-l4-l4-tp1-f2040-i32-o32-r10-rep1-seg1-attempt2,phase2-full-grid-rerun-20260731-l4-l4-tp1-f2040-i32-o32-r10-rep1-seg1-attempt2-00035-fba3d39bfe41,0,client_ready,,
1785511280448452813,1136650491982175,phase2-full-grid-rerun-20260731-l4-l4-tp1-f2040-i32-o32-r10-rep1-seg1-attempt2,phase2-full-grid-rerun-20260731-l4-l4-tp1-f2040-i32-o32-r10-rep1-seg1-attempt2-00035-fba3d39bfe41,0,semaphore_acquired,,
1785511280450097640,1136650493627129,phase2-full-grid-rerun-20260731-l4-l4-tp1-f2040-i32-o32-r10-rep1-seg1-attempt2,phase2-full-grid-rerun-20260731-l4-l4-tp1-f2040-i32-o32-r10-rep1-seg1-attempt2-00035-fba3d39bfe41,1,attempt_send,,
1785511280456089566,1136650499619066,phase2-full-grid-rerun-20260731-l4-l4-tp1-f2040-i32-o32-r10-rep1-seg1-attempt2,phase2-full-grid-rerun-20260731-l4-l4-tp1-f2040-i32-o32-r10-rep1-seg1-attempt2-00035-fba3d39bfe41,1,response_headers,200,response_request_id=phase2-full-grid-rerun-20260731-l4-l4-tp1-f2040-i32-o32-r10-rep1-seg1-attempt2-00035-fba3d39bfe41
1785511280498768576,1136650542298361,phase2-full-grid-rerun-20260731-l4-l4-tp1-f2040-i32-o32-r10-rep1-seg1-attempt2,phase2-full-grid-rerun-20260731-l4-l4-tp1-f2040-i32-o32-r10-rep1-seg1-attempt2-00013-5d20a8ca4477,1,request_complete,200,
1785511280545817565,1136650589347297,phase2-full-grid-rerun-20260731-l4-l4-tp1-f2040-i32-o32-r10-rep1-seg1-attempt2,phase2-full-grid-rerun-20260731-l4-l4-tp1-f2040-i32-o32-r10-rep1-seg1-attempt2-00036-24117b499611,0,client_ready,,
1785511280548102022,1136650591631647,phase2-full-grid-rerun-20260731-l4-l4-tp1-f2040-i32-o32-r10-rep1-seg1-attempt2,phase2-full-grid-rerun-20260731-l4-l4-tp1-f2040-i32-o32-r10-rep1-seg1-attempt2-00036-24117b499611,0,semaphore_acquired,,
1785511280549726115,1136650593255603,phase2-full-grid-rerun-20260731-l4-l4-tp1-f2040-i32-o32-r10-rep1-seg1-attempt2,phase2-full-grid-rerun-20260731-l4-l4-tp1-f2040-i32-o32-r10-rep1-seg1-attempt2-00036-24117b499611,1,attempt_send,,
1785511280557949790,1136650601479192,phase2-full-grid-rerun-20260731-l4-l4-tp1-f2040-i32-o32-r10-rep1-seg1-attempt2,phase2-full-grid-rerun-20260731-l4-l4-tp1-f2040-i32-o32-r10-rep1-seg1-attempt2-00034-2d7a08c1fac0,1,first_token,,
1785511280568127721,1136650611657310,phase2-full-grid-rerun-20260731-l4-l4-tp1-f2040-i32-o32-r10-rep1-seg1-attempt2,phase2-full-grid-rerun-20260731-l4-l4-tp1-f2040-i32-o32-r10-rep1-seg1-attempt2-00014-f260afb46321,1,request_complete,200,
1785511280569585998,1136650613115443,phase2-full-grid-rerun-20260731-l4-l4-tp1-f2040-i32-o32-r10-rep1-seg1-attempt2,phase2-full-grid-rerun-20260731-l4-l4-tp1-f2040-i32-o32-r10-rep1-seg1-attempt2-00036-24117b499611,1,response_headers,200,response_request_id=phase2-full-grid-rerun-20260731-l4-l4-tp1-f2040-i32-o32-r10-rep1-seg1-attempt2-00036-24117b499611
1785511280622832387,1136650666362122,phase2-full-grid-rerun-20260731-l4-l4-tp1-f2040-i32-o32-r10-rep1-seg1-attempt2,phase2-full-grid-rerun-20260731-l4-l4-tp1-f2040-i32-o32-r10-rep1-seg1-attempt2-00035-fba3d39bfe41,1,first_token,,
1785511280646654590,1136650690184420,phase2-full-grid-rerun-20260731-l4-l4-tp1-f2040-i32-o32-r10-rep1-seg1-attempt2,phase2-full-grid-rerun-20260731-l4-l4-tp1-f2040-i32-o32-r10-rep1-seg1-attempt2-00037-a53356c3e3b9,0,client_ready,,
1785511280649118520,1136650692647726,phase2-full-grid-rerun-20260731-l4-l4-tp1-f2040-i32-o32-r10-rep1-seg1-attempt2,phase2-full-grid-rerun-20260731-l4-l4-tp1-f2040-i32-o32-r10-rep1-seg1-attempt2-00037-a53356c3e3b9,0,semaphore_acquired,,
1785511280650860077,1136650694389717,phase2-full-grid-rerun-20260731-l4-l4-tp1-f2040-i32-o32-r10-rep1-seg1-attempt2,phase2-full-grid-rerun-20260731-l4-l4-tp1-f2040-i32-o32-r10-rep1-seg1-attempt2-00037-a53356c3e3b9,1,attempt_send,,
1785511280656943991,1136650700473570,phase2-full-grid-rerun-20260731-l4-l4-tp1-f2040-i32-o32-r10-rep1-seg1-attempt2,phase2-full-grid-rerun-20260731-l4-l4-tp1-f2040-i32-o32-r10-rep1-seg1-attempt2-00037-a53356c3e3b9,1,response_headers,200,response_request_id=phase2-full-grid-rerun-20260731-l4-l4-tp1-f2040-i32-o32-r10-rep1-seg1-attempt2-00037-a53356c3e3b9
1785511280698227320,1136650741757146,phase2-full-grid-rerun-20260731-l4-l4-tp1-f2040-i32-o32-r10-rep1-seg1-attempt2,phase2-full-grid-rerun-20260731-l4-l4-tp1-f2040-i32-o32-r10-rep1-seg1-attempt2-00015-ef9c3ac38e4c,1,request_complete,200,
1785511280745894368,1136650789424271,phase2-full-grid-rerun-20260731-l4-l4-tp1-f2040-i32-o32-r10-rep1-seg1-attempt2,phase2-full-grid-rerun-20260731-l4-l4-tp1-f2040-i32-o32-r10-rep1-seg1-attempt2-00038-eae278c115a9,0,client_ready,,
1785511280748403525,1136650791933057,phase2-full-grid-rerun-20260731-l4-l4-tp1-f2040-i32-o32-r10-rep1-seg1-attempt2,phase2-full-grid-rerun-20260731-l4-l4-tp1-f2040-i32-o32-r10-rep1-seg1-attempt2-00038-eae278c115a9,0,semaphore_acquired,,
1785511280750175645,1136650793705114,phase2-full-grid-rerun-20260731-l4-l4-tp1-f2040-i32-o32-r10-rep1-seg1-attempt2,phase2-full-grid-rerun-20260731-l4-l4-tp1-f2040-i32-o32-r10-rep1-seg1-attempt2-00038-eae278c115a9,1,attempt_send,,
1785511280754455866,1136650797985491,phase2-full-grid-rerun-20260731-l4-l4-tp1-f2040-i32-o32-r10-rep1-seg1-attempt2,phase2-full-grid-rerun-20260731-l4-l4-tp1-f2040-i32-o32-r10-rep1-seg1-attempt2-00036-24117b499611,1,first_token,,
1785511280764065613,1136650807595195,phase2-full-grid-rerun-20260731-l4-l4-tp1-f2040-i32-o32-r10-rep1-seg1-attempt2,phase2-full-grid-rerun-20260731-l4-l4-tp1-f2040-i32-o32-r10-rep1-seg1-attempt2-00016-5246df3fbeb8,1,request_complete,200,
1785511280765813349,1136650809342678,phase2-full-grid-rerun-20260731-l4-l4-tp1-f2040-i32-o32-r10-rep1-seg1-attempt2,phase2-full-grid-rerun-20260731-l4-l4-tp1-f2040-i32-o32-r10-rep1-seg1-attempt2-00038-eae278c115a9,1,response_headers,200,response_request_id=phase2-full-grid-rerun-20260731-l4-l4-tp1-f2040-i32-o32-r10-rep1-seg1-attempt2-00038-eae278c115a9
1785511280822033918,1136650865563624,phase2-full-grid-rerun-20260731-l4-l4-tp1-f2040-i32-o32-r10-rep1-seg1-attempt2,phase2-full-grid-rerun-20260731-l4-l4-tp1-f2040-i32-o32-r10-rep1-seg1-attempt2-00037-a53356c3e3b9,1,first_token,,
1785511280845399393,1136650888929334,phase2-full-grid-rerun-20260731-l4-l4-tp1-f2040-i32-o32-r10-rep1-seg1-attempt2,phase2-full-grid-rerun-20260731-l4-l4-tp1-f2040-i32-o32-r10-rep1-seg1-attempt2-00039-74f270eb3a4f,0,client_ready,,
1785511280847862281,1136650891391863,phase2-full-grid-rerun-20260731-l4-l4-tp1-f2040-i32-o32-r10-rep1-seg1-attempt2,phase2-full-grid-rerun-20260731-l4-l4-tp1-f2040-i32-o32-r10-rep1-seg1-attempt2-00039-74f270eb3a4f,0,semaphore_acquired,,
1785511280849231622,1136650892761390,phase2-full-grid-rerun-20260731-l4-l4-tp1-f2040-i32-o32-r10-rep1-seg1-attempt2,phase2-full-grid-rerun-20260731-l4-l4-tp1-f2040-i32-o32-r10-rep1-seg1-attempt2-00039-74f270eb3a4f,1,attempt_send,,
1785511280855328502,1136650898858153,phase2-full-grid-rerun-20260731-l4-l4-tp1-f2040-i32-o32-r10-rep1-seg1-attempt2,phase2-full-grid-rerun-20260731-l4-l4-tp1-f2040-i32-o32-r10-rep1-seg1-attempt2-00039-74f270eb3a4f,1,response_headers,200,response_request_id=phase2-full-grid-rerun-20260731-l4-l4-tp1-f2040-i32-o32-r10-rep1-seg1-attempt2-00039-74f270eb3a4f
1785511280896429121,1136650939958989,phase2-full-grid-rerun-20260731-l4-l4-tp1-f2040-i32-o32-r10-rep1-seg1-attempt2,phase2-full-grid-rerun-20260731-l4-l4-tp1-f2040-i32-o32-r10-rep1-seg1-attempt2-00017-b37ccde59c95,1,request_complete,200,
1785511280945275080,1136650988804902,phase2-full-grid-rerun-20260731-l4-l4-tp1-f2040-i32-o32-r10-rep1-seg1-attempt2,phase2-full-grid-rerun-20260731-l4-l4-tp1-f2040-i32-o32-r10-rep1-seg1-attempt2-00040-1719281f88b9,0,client_ready,,
1785511280948119161,1136650991648662,phase2-full-grid-rerun-20260731-l4-l4-tp1-f2040-i32-o32-r10-rep1-seg1-attempt2,phase2-full-grid-rerun-20260731-l4-l4-tp1-f2040-i32-o32-r10-rep1-seg1-attempt2-00040-1719281f88b9,0,semaphore_acquired,,
1785511280949882134,1136650993411745,phase2-full-grid-rerun-20260731-l4-l4-tp1-f2040-i32-o32-r10-rep1-seg1-attempt2,phase2-full-grid-rerun-20260731-l4-l4-tp1-f2040-i32-o32-r10-rep1-seg1-attempt2-00040-1719281f88b9,1,attempt_send,,
1785511280954294214,1136650997823652,phase2-full-grid-rerun-20260731-l4-l4-tp1-f2040-i32-o32-r10-rep1-seg1-attempt2,phase2-full-grid-rerun-20260731-l4-l4-tp1-f2040-i32-o32-r10-rep1-seg1-attempt2-00038-eae278c115a9,1,first_token,,
1785511280962465488,1136651005994928,phase2-full-grid-rerun-20260731-l4-l4-tp1-f2040-i32-o32-r10-rep1-seg1-attempt2,phase2-full-grid-rerun-20260731-l4-l4-tp1-f2040-i32-o32-r10-rep1-seg1-attempt2-00018-4b5da47dbda1,1,request_complete,200,
1785511280964146484,1136651007675964,phase2-full-grid-rerun-20260731-l4-l4-tp1-f2040-i32-o32-r10-rep1-seg1-attempt2,phase2-full-grid-rerun-20260731-l4-l4-tp1-f2040-i32-o32-r10-rep1-seg1-attempt2-00040-1719281f88b9,1,response_headers,200,response_request_id=phase2-full-grid-rerun-20260731-l4-l4-tp1-f2040-i32-o32-r10-rep1-seg1-attempt2-00040-1719281f88b9
1785511281020945324,1136651064475066,phase2-full-grid-rerun-20260731-l4-l4-tp1-f2040-i32-o32-r10-rep1-seg1-attempt2,phase2-full-grid-rerun-20260731-l4-l4-tp1-f2040-i32-o32-r10-rep1-seg1-attempt2-00039-74f270eb3a4f,1,first_token,,
1785511281045697581,1136651089227423,phase2-full-grid-rerun-20260731-l4-l4-tp1-f2040-i32-o32-r10-rep1-seg1-attempt2,phase2-full-grid-rerun-20260731-l4-l4-tp1-f2040-i32-o32-r10-rep1-seg1-attempt2-00041-36d6d030c24b,0,client_ready,,
1785511281048579394,1136651092108806,phase2-full-grid-rerun-20260731-l4-l4-tp1-f2040-i32-o32-r10-rep1-seg1-attempt2,phase2-full-grid-rerun-20260731-l4-l4-tp1-f2040-i32-o32-r10-rep1-seg1-attempt2-00041-36d6d030c24b,0,semaphore_acquired,,
1785511281050264502,1136651093794367,phase2-full-grid-rerun-20260731-l4-l4-tp1-f2040-i32-o32-r10-rep1-seg1-attempt2,phase2-full-grid-rerun-20260731-l4-l4-tp1-f2040-i32-o32-r10-rep1-seg1-attempt2-00041-36d6d030c24b,1,attempt_send,,
1785511281055991724,1136651099521329,phase2-full-grid-rerun-20260731-l4-l4-tp1-f2040-i32-o32-r10-rep1-seg1-attempt2,phase2-full-grid-rerun-20260731-l4-l4-tp1-f2040-i32-o32-r10-rep1-seg1-attempt2-00041-36d6d030c24b,1,response_headers,200,response_request_id=phase2-full-grid-rerun-20260731-l4-l4-tp1-f2040-i32-o32-r10-rep1-seg1-attempt2-00041-36d6d030c24b
1785511281097257089,1136651140786865,phase2-full-grid-rerun-20260731-l4-l4-tp1-f2040-i32-o32-r10-rep1-seg1-attempt2,phase2-full-grid-rerun-20260731-l4-l4-tp1-f2040-i32-o32-r10-rep1-seg1-attempt2-00019-6cc1782323f9,1,request_complete,200,
1785511281145299278,1136651188829226,phase2-full-grid-rerun-20260731-l4-l4-tp1-f2040-i32-o32-r10-rep1-seg1-attempt2,phase2-full-grid-rerun-20260731-l4-l4-tp1-f2040-i32-o32-r10-rep1-seg1-attempt2-00042-416f0f24dd9e,0,client_ready,,
1785511281147929592,1136651191459067,phase2-full-grid-rerun-20260731-l4-l4-tp1-f2040-i32-o32-r10-rep1-seg1-attempt2,phase2-full-grid-rerun-20260731-l4-l4-tp1-f2040-i32-o32-r10-rep1-seg1-attempt2-00042-416f0f24dd9e,0,semaphore_acquired,,
1785511281149806356,1136651193336031,phase2-full-grid-rerun-20260731-l4-l4-tp1-f2040-i32-o32-r10-rep1-seg1-attempt2,phase2-full-grid-rerun-20260731-l4-l4-tp1-f2040-i32-o32-r10-rep1-seg1-attempt2-00042-416f0f24dd9e,1,attempt_send,,
1785511281154466777,1136651197996262,phase2-full-grid-rerun-20260731-l4-l4-tp1-f2040-i32-o32-r10-rep1-seg1-attempt2,phase2-full-grid-rerun-20260731-l4-l4-tp1-f2040-i32-o32-r10-rep1-seg1-attempt2-00040-1719281f88b9,1,first_token,,
1785511281161767684,1136651205297352,phase2-full-grid-rerun-20260731-l4-l4-tp1-f2040-i32-o32-r10-rep1-seg1-attempt2,phase2-full-grid-rerun-20260731-l4-l4-tp1-f2040-i32-o32-r10-rep1-seg1-attempt2-00020-0e906b988171,1,request_complete,200,
1785511281163090489,1136651206619913,phase2-full-grid-rerun-20260731-l4-l4-tp1-f2040-i32-o32-r10-rep1-seg1-attempt2,phase2-full-grid-rerun-20260731-l4-l4-tp1-f2040-i32-o32-r10-rep1-seg1-attempt2-00042-416f0f24dd9e,1,response_headers,200,response_request_id=phase2-full-grid-rerun-20260731-l4-l4-tp1-f2040-i32-o32-r10-rep1-seg1-attempt2-00042-416f0f24dd9e
1785511281219196628,1136651262726277,phase2-full-grid-rerun-20260731-l4-l4-tp1-f2040-i32-o32-r10-rep1-seg1-attempt2,phase2-full-grid-rerun-20260731-l4-l4-tp1-f2040-i32-o32-r10-rep1-seg1-attempt2-00041-36d6d030c24b,1,first_token,,
1785511281245295531,1136651288825362,phase2-full-grid-rerun-20260731-l4-l4-tp1-f2040-i32-o32-r10-rep1-seg1-attempt2,phase2-full-grid-rerun-20260731-l4-l4-tp1-f2040-i32-o32-r10-rep1-seg1-attempt2-00043-cb04f7a41269,0,client_ready,,
1785511281247879300,1136651291408708,phase2-full-grid-rerun-20260731-l4-l4-tp1-f2040-i32-o32-r10-rep1-seg1-attempt2,phase2-full-grid-rerun-20260731-l4-l4-tp1-f2040-i32-o32-r10-rep1-seg1-attempt2-00043-cb04f7a41269,0,semaphore_acquired,,
1785511281249497990,1136651293027501,phase2-full-grid-rerun-20260731-l4-l4-tp1-f2040-i32-o32-r10-rep1-seg1-attempt2,phase2-full-grid-rerun-20260731-l4-l4-tp1-f2040-i32-o32-r10-rep1-seg1-attempt2-00043-cb04f7a41269,1,attempt_send,,
1785511281255639383,1136651299168848,phase2-full-grid-rerun-20260731-l4-l4-tp1-f2040-i32-o32-r10-rep1-seg1-attempt2,phase2-full-grid-rerun-20260731-l4-l4-tp1-f2040-i32-o32-r10-rep1-seg1-attempt2-00043-cb04f7a41269,1,response_headers,200,response_request_id=phase2-full-grid-rerun-20260731-l4-l4-tp1-f2040-i32-o32-r10-rep1-seg1-attempt2-00043-cb04f7a41269
1785511281293602176,1136651337131731,phase2-full-grid-rerun-20260731-l4-l4-tp1-f2040-i32-o32-r10-rep1-seg1-attempt2,phase2-full-grid-rerun-20260731-l4-l4-tp1-f2040-i32-o32-r10-rep1-seg1-attempt2-00021-efa6efb2fedf,1,request_complete,200,
1785511281345694766,1136651389224709,phase2-full-grid-rerun-20260731-l4-l4-tp1-f2040-i32-o32-r10-rep1-seg1-attempt2,phase2-full-grid-rerun-20260731-l4-l4-tp1-f2040-i32-o32-r10-rep1-seg1-attempt2-00044-fb6af6ca2ab2,0,client_ready,,
1785511281348829249,1136651392358605,phase2-full-grid-rerun-20260731-l4-l4-tp1-f2040-i32-o32-r10-rep1-seg1-attempt2,phase2-full-grid-rerun-20260731-l4-l4-tp1-f2040-i32-o32-r10-rep1-seg1-attempt2-00044-fb6af6ca2ab2,0,semaphore_acquired,,
1785511281350692237,1136651394221880,phase2-full-grid-rerun-20260731-l4-l4-tp1-f2040-i32-o32-r10-rep1-seg1-attempt2,phase2-full-grid-rerun-20260731-l4-l4-tp1-f2040-i32-o32-r10-rep1-seg1-attempt2-00044-fb6af6ca2ab2,1,attempt_send,,
1785511281354182699,1136651397712164,phase2-full-grid-rerun-20260731-l4-l4-tp1-f2040-i32-o32-r10-rep1-seg1-attempt2,phase2-full-grid-rerun-20260731-l4-l4-tp1-f2040-i32-o32-r10-rep1-seg1-attempt2-00042-416f0f24dd9e,1,first_token,,
1785511281356970757,1136651400500248,phase2-full-grid-rerun-20260731-l4-l4-tp1-f2040-i32-o32-r10-rep1-seg1-attempt2,phase2-full-grid-rerun-20260731-l4-l4-tp1-f2040-i32-o32-r10-rep1-seg1-attempt2-00044-fb6af6ca2ab2,1,response_headers,200,response_request_id=phase2-full-grid-rerun-20260731-l4-l4-tp1-f2040-i32-o32-r10-rep1-seg1-attempt2-00044-fb6af6ca2ab2
1785511281420963030,1136651464492708,phase2-full-grid-rerun-20260731-l4-l4-tp1-f2040-i32-o32-r10-rep1-seg1-attempt2,phase2-full-grid-rerun-20260731-l4-l4-tp1-f2040-i32-o32-r10-rep1-seg1-attempt2-00043-cb04f7a41269,1,first_token,,
1785511281428703042,1136651472232664,phase2-full-grid-rerun-20260731-l4-l4-tp1-f2040-i32-o32-r10-rep1-seg1-attempt2,phase2-full-grid-rerun-20260731-l4-l4-tp1-f2040-i32-o32-r10-rep1-seg1-attempt2-00022-11df6667bd35,1,request_complete,200,
1785511281445218450,1136651488747818,phase2-full-grid-rerun-20260731-l4-l4-tp1-f2040-i32-o32-r10-rep1-seg1-attempt2,phase2-full-grid-rerun-20260731-l4-l4-tp1-f2040-i32-o32-r10-rep1-seg1-attempt2-00045-4450af773437,0,client_ready,,
1785511281447721733,1136651491251007,phase2-full-grid-rerun-20260731-l4-l4-tp1-f2040-i32-o32-r10-rep1-seg1-attempt2,phase2-full-grid-rerun-20260731-l4-l4-tp1-f2040-i32-o32-r10-rep1-seg1-attempt2-00045-4450af773437,0,semaphore_acquired,,
1785511281449271210,1136651492800659,phase2-full-grid-rerun-20260731-l4-l4-tp1-f2040-i32-o32-r10-rep1-seg1-attempt2,phase2-full-grid-rerun-20260731-l4-l4-tp1-f2040-i32-o32-r10-rep1-seg1-attempt2-00045-4450af773437,1,attempt_send,,
1785511281455250186,1136651498779630,phase2-full-grid-rerun-20260731-l4-l4-tp1-f2040-i32-o32-r10-rep1-seg1-attempt2,phase2-full-grid-rerun-20260731-l4-l4-tp1-f2040-i32-o32-r10-rep1-seg1-attempt2-00045-4450af773437,1,response_headers,200,response_request_id=phase2-full-grid-rerun-20260731-l4-l4-tp1-f2040-i32-o32-r10-rep1-seg1-attempt2-00045-4450af773437
1785511281492575346,1136651536105248,phase2-full-grid-rerun-20260731-l4-l4-tp1-f2040-i32-o32-r10-rep1-seg1-attempt2,phase2-full-grid-rerun-20260731-l4-l4-tp1-f2040-i32-o32-r10-rep1-seg1-attempt2-00023-b7dd68f64125,1,request_complete,200,
1785511281545189973,1136651588719623,phase2-full-grid-rerun-20260731-l4-l4-tp1-f2040-i32-o32-r10-rep1-seg1-attempt2,phase2-full-grid-rerun-20260731-l4-l4-tp1-f2040-i32-o32-r10-rep1-seg1-attempt2-00046-36ce880944a4,0,client_ready,,
1785511281547956947,1136651591486429,phase2-full-grid-rerun-20260731-l4-l4-tp1-f2040-i32-o32-r10-rep1-seg1-attempt2,phase2-full-grid-rerun-20260731-l4-l4-tp1-f2040-i32-o32-r10-rep1-seg1-attempt2-00046-36ce880944a4,0,semaphore_acquired,,
1785511281549690631,1136651593220112,phase2-full-grid-rerun-20260731-l4-l4-tp1-f2040-i32-o32-r10-rep1-seg1-attempt2,phase2-full-grid-rerun-20260731-l4-l4-tp1-f2040-i32-o32-r10-rep1-seg1-attempt2-00046-36ce880944a4,1,attempt_send,,
1785511281552359704,1136651595889023,phase2-full-grid-rerun-20260731-l4-l4-tp1-f2040-i32-o32-r10-rep1-seg1-attempt2,phase2-full-grid-rerun-20260731-l4-l4-tp1-f2040-i32-o32-r10-rep1-seg1-attempt2-00044-fb6af6ca2ab2,1,first_token,,
1785511281556175453,1136651599704978,phase2-full-grid-rerun-20260731-l4-l4-tp1-f2040-i32-o32-r10-rep1-seg1-attempt2,phase2-full-grid-rerun-20260731-l4-l4-tp1-f2040-i32-o32-r10-rep1-seg1-attempt2-00046-36ce880944a4,1,response_headers,200,response_request_id=phase2-full-grid-rerun-20260731-l4-l4-tp1-f2040-i32-o32-r10-rep1-seg1-attempt2-00046-36ce880944a4
1785511281625357261,1136651668887126,phase2-full-grid-rerun-20260731-l4-l4-tp1-f2040-i32-o32-r10-rep1-seg1-attempt2,phase2-full-grid-rerun-20260731-l4-l4-tp1-f2040-i32-o32-r10-rep1-seg1-attempt2-00024-230efed196da,1,request_complete,200,
1785511281627602388,1136651671131797,phase2-full-grid-rerun-20260731-l4-l4-tp1-f2040-i32-o32-r10-rep1-seg1-attempt2,phase2-full-grid-rerun-20260731-l4-l4-tp1-f2040-i32-o32-r10-rep1-seg1-attempt2-00045-4450af773437,1,first_token,,
1785511281645386160,1136651688915737,phase2-full-grid-rerun-20260731-l4-l4-tp1-f2040-i32-o32-r10-rep1-seg1-attempt2,phase2-full-grid-rerun-20260731-l4-l4-tp1-f2040-i32-o32-r10-rep1-seg1-attempt2-00047-938d70ab528b,0,client_ready,,
1785511281647787019,1136651691316473,phase2-full-grid-rerun-20260731-l4-l4-tp1-f2040-i32-o32-r10-rep1-seg1-attempt2,phase2-full-grid-rerun-20260731-l4-l4-tp1-f2040-i32-o32-r10-rep1-seg1-attempt2-00047-938d70ab528b,0,semaphore_acquired,,
1785511281649337692,1136651692867222,phase2-full-grid-rerun-20260731-l4-l4-tp1-f2040-i32-o32-r10-rep1-seg1-attempt2,phase2-full-grid-rerun-20260731-l4-l4-tp1-f2040-i32-o32-r10-rep1-seg1-attempt2-00047-938d70ab528b,1,attempt_send,,
1785511281655411738,1136651698941170,phase2-full-grid-rerun-20260731-l4-l4-tp1-f2040-i32-o32-r10-rep1-seg1-attempt2,phase2-full-grid-rerun-20260731-l4-l4-tp1-f2040-i32-o32-r10-rep1-seg1-attempt2-00047-938d70ab528b,1,response_headers,200,response_request_id=phase2-full-grid-rerun-20260731-l4-l4-tp1-f2040-i32-o32-r10-rep1-seg1-attempt2-00047-938d70ab528b
1785511281691389258,1136651734918913,phase2-full-grid-rerun-20260731-l4-l4-tp1-f2040-i32-o32-r10-rep1-seg1-attempt2,phase2-full-grid-rerun-20260731-l4-l4-tp1-f2040-i32-o32-r10-rep1-seg1-attempt2-00025-0a32348adbc3,1,request_complete,200,
1785511281746090836,1136651789620553,phase2-full-grid-rerun-20260731-l4-l4-tp1-f2040-i32-o32-r10-rep1-seg1-attempt2,phase2-full-grid-rerun-20260731-l4-l4-tp1-f2040-i32-o32-r10-rep1-seg1-attempt2-00048-d94b88f15f44,0,client_ready,,
1785511281748961038,1136651792490389,phase2-full-grid-rerun-20260731-l4-l4-tp1-f2040-i32-o32-r10-rep1-seg1-attempt2,phase2-full-grid-rerun-20260731-l4-l4-tp1-f2040-i32-o32-r10-rep1-seg1-attempt2-00048-d94b88f15f44,0,semaphore_acquired,,
1785511281751046380,1136651794575849,phase2-full-grid-rerun-20260731-l4-l4-tp1-f2040-i32-o32-r10-rep1-seg1-attempt2,phase2-full-grid-rerun-20260731-l4-l4-tp1-f2040-i32-o32-r10-rep1-seg1-attempt2-00048-d94b88f15f44,1,attempt_send,,
1785511281755331615,1136651798861137,phase2-full-grid-rerun-20260731-l4-l4-tp1-f2040-i32-o32-r10-rep1-seg1-attempt2,phase2-full-grid-rerun-20260731-l4-l4-tp1-f2040-i32-o32-r10-rep1-seg1-attempt2-00046-36ce880944a4,1,first_token,,
1785511281757723941,1136651801253573,phase2-full-grid-rerun-20260731-l4-l4-tp1-f2040-i32-o32-r10-rep1-seg1-attempt2,phase2-full-grid-rerun-20260731-l4-l4-tp1-f2040-i32-o32-r10-rep1-seg1-attempt2-00048-d94b88f15f44,1,response_headers,200,response_request_id=phase2-full-grid-rerun-20260731-l4-l4-tp1-f2040-i32-o32-r10-rep1-seg1-attempt2-00048-d94b88f15f44
1785511281815829512,1136651859359243,phase2-full-grid-rerun-20260731-l4-l4-tp1-f2040-i32-o32-r10-rep1-seg1-attempt2,phase2-full-grid-rerun-20260731-l4-l4-tp1-f2040-i32-o32-r10-rep1-seg1-attempt2-00047-938d70ab528b,1,first_token,,
1785511281826619968,1136651870149753,phase2-full-grid-rerun-20260731-l4-l4-tp1-f2040-i32-o32-r10-rep1-seg1-attempt2,phase2-full-grid-rerun-20260731-l4-l4-tp1-f2040-i32-o32-r10-rep1-seg1-attempt2-00026-5699e20d4015,1,request_complete,200,
1785511281845332016,1136651888861609,phase2-full-grid-rerun-20260731-l4-l4-tp1-f2040-i32-o32-r10-rep1-seg1-attempt2,phase2-full-grid-rerun-20260731-l4-l4-tp1-f2040-i32-o32-r10-rep1-seg1-attempt2-00049-f13c096ed6a4,0,client_ready,,
1785511281848014331,1136651891543773,phase2-full-grid-rerun-20260731-l4-l4-tp1-f2040-i32-o32-r10-rep1-seg1-attempt2,phase2-full-grid-rerun-20260731-l4-l4-tp1-f2040-i32-o32-r10-rep1-seg1-attempt2-00049-f13c096ed6a4,0,semaphore_acquired,,
1785511281849600073,1136651893129508,phase2-full-grid-rerun-20260731-l4-l4-tp1-f2040-i32-o32-r10-rep1-seg1-attempt2,phase2-full-grid-rerun-20260731-l4-l4-tp1-f2040-i32-o32-r10-rep1-seg1-attempt2-00049-f13c096ed6a4,1,attempt_send,,
1785511281855662903,1136651899192361,phase2-full-grid-rerun-20260731-l4-l4-tp1-f2040-i32-o32-r10-rep1-seg1-attempt2,phase2-full-grid-rerun-20260731-l4-l4-tp1-f2040-i32-o32-r10-rep1-seg1-attempt2-00049-f13c096ed6a4,1,response_headers,200,response_request_id=phase2-full-grid-rerun-20260731-l4-l4-tp1-f2040-i32-o32-r10-rep1-seg1-attempt2-00049-f13c096ed6a4
1785511281889096849,1136651932626734,phase2-full-grid-rerun-20260731-l4-l4-tp1-f2040-i32-o32-r10-rep1-seg1-attempt2,phase2-full-grid-rerun-20260731-l4-l4-tp1-f2040-i32-o32-r10-rep1-seg1-attempt2-00027-94d7536bc1f5,1,request_complete,200,
1785511281946764614,1136651990294319,phase2-full-grid-rerun-20260731-l4-l4-tp1-f2040-i32-o32-r10-rep1-seg1-attempt2,phase2-full-grid-rerun-20260731-l4-l4-tp1-f2040-i32-o32-r10-rep1-seg1-attempt2-00050-278dc4611fb0,0,client_ready,,
1785511281949301002,1136651992830404,phase2-full-grid-rerun-20260731-l4-l4-tp1-f2040-i32-o32-r10-rep1-seg1-attempt2,phase2-full-grid-rerun-20260731-l4-l4-tp1-f2040-i32-o32-r10-rep1-seg1-attempt2-00050-278dc4611fb0,0,semaphore_acquired,,
1785511281951161097,1136651994690823,phase2-full-grid-rerun-20260731-l4-l4-tp1-f2040-i32-o32-r10-rep1-seg1-attempt2,phase2-full-grid-rerun-20260731-l4-l4-tp1-f2040-i32-o32-r10-rep1-seg1-attempt2-00050-278dc4611fb0,1,attempt_send,,
1785511281953193521,1136651996723150,phase2-full-grid-rerun-20260731-l4-l4-tp1-f2040-i32-o32-r10-rep1-seg1-attempt2,phase2-full-grid-rerun-20260731-l4-l4-tp1-f2040-i32-o32-r10-rep1-seg1-attempt2-00048-d94b88f15f44,1,first_token,,
1785511281959407817,1136652002937312,phase2-full-grid-rerun-20260731-l4-l4-tp1-f2040-i32-o32-r10-rep1-seg1-attempt2,phase2-full-grid-rerun-20260731-l4-l4-tp1-f2040-i32-o32-r10-rep1-seg1-attempt2-00050-278dc4611fb0,1,response_headers,200,response_request_id=phase2-full-grid-rerun-20260731-l4-l4-tp1-f2040-i32-o32-r10-rep1-seg1-attempt2-00050-278dc4611fb0
1785511282022407964,1136652065937843,phase2-full-grid-rerun-20260731-l4-l4-tp1-f2040-i32-o32-r10-rep1-seg1-attempt2,phase2-full-grid-rerun-20260731-l4-l4-tp1-f2040-i32-o32-r10-rep1-seg1-attempt2-00028-a9e075083bf7,1,request_complete,200,
1785511282024496171,1136652068025616,phase2-full-grid-rerun-20260731-l4-l4-tp1-f2040-i32-o32-r10-rep1-seg1-attempt2,phase2-full-grid-rerun-20260731-l4-l4-tp1-f2040-i32-o32-r10-rep1-seg1-attempt2-00049-f13c096ed6a4,1,first_token,,
1785511282045841081,1136652089370433,phase2-full-grid-rerun-20260731-l4-l4-tp1-f2040-i32-o32-r10-rep1-seg1-attempt2,phase2-full-grid-rerun-20260731-l4-l4-tp1-f2040-i32-o32-r10-rep1-seg1-attempt2-00051-7768459fc192,0,client_ready,,
1785511282048492606,1136652092021903,phase2-full-grid-rerun-20260731-l4-l4-tp1-f2040-i32-o32-r10-rep1-seg1-attempt2,phase2-full-grid-rerun-20260731-l4-l4-tp1-f2040-i32-o32-r10-rep1-seg1-attempt2-00051-7768459fc192,0,semaphore_acquired,,
1785511282050094055,1136652093623394,phase2-full-grid-rerun-20260731-l4-l4-tp1-f2040-i32-o32-r10-rep1-seg1-attempt2,phase2-full-grid-rerun-20260731-l4-l4-tp1-f2040-i32-o32-r10-rep1-seg1-attempt2-00051-7768459fc192,1,attempt_send,,
1785511282056027554,1136652099557137,phase2-full-grid-rerun-20260731-l4-l4-tp1-f2040-i32-o32-r10-rep1-seg1-attempt2,phase2-full-grid-rerun-20260731-l4-l4-tp1-f2040-i32-o32-r10-rep1-seg1-attempt2-00051-7768459fc192,1,response_headers,200,response_request_id=phase2-full-grid-rerun-20260731-l4-l4-tp1-f2040-i32-o32-r10-rep1-seg1-attempt2-00051-7768459fc192
1785511282089333007,1136652132862639,phase2-full-grid-rerun-20260731-l4-l4-tp1-f2040-i32-o32-r10-rep1-seg1-attempt2,phase2-full-grid-rerun-20260731-l4-l4-tp1-f2040-i32-o32-r10-rep1-seg1-attempt2-00029-b062c77efd69,1,request_complete,200,
1785511282145593859,1136652189123634,phase2-full-grid-rerun-20260731-l4-l4-tp1-f2040-i32-o32-r10-rep1-seg1-attempt2,phase2-full-grid-rerun-20260731-l4-l4-tp1-f2040-i32-o32-r10-rep1-seg1-attempt2-00050-278dc4611fb0,1,first_token,,
1785511282150122748,1136652193652316,phase2-full-grid-rerun-20260731-l4-l4-tp1-f2040-i32-o32-r10-rep1-seg1-attempt2,phase2-full-grid-rerun-20260731-l4-l4-tp1-f2040-i32-o32-r10-rep1-seg1-attempt2-00052-b82dfe8b8f56,0,client_ready,,
1785511282151923627,1136652195452941,phase2-full-grid-rerun-20260731-l4-l4-tp1-f2040-i32-o32-r10-rep1-seg1-attempt2,phase2-full-grid-rerun-20260731-l4-l4-tp1-f2040-i32-o32-r10-rep1-seg1-attempt2-00052-b82dfe8b8f56,0,semaphore_acquired,,
1785511282153710553,1136652197240215,phase2-full-grid-rerun-20260731-l4-l4-tp1-f2040-i32-o32-r10-rep1-seg1-attempt2,phase2-full-grid-rerun-20260731-l4-l4-tp1-f2040-i32-o32-r10-rep1-seg1-attempt2-00052-b82dfe8b8f56,1,attempt_send,,
1785511282159921802,1136652203451401,phase2-full-grid-rerun-20260731-l4-l4-tp1-f2040-i32-o32-r10-rep1-seg1-attempt2,phase2-full-grid-rerun-20260731-l4-l4-tp1-f2040-i32-o32-r10-rep1-seg1-attempt2-00052-b82dfe8b8f56,1,response_headers,200,response_request_id=phase2-full-grid-rerun-20260731-l4-l4-tp1-f2040-i32-o32-r10-rep1-seg1-attempt2-00052-b82dfe8b8f56
1785511282213943078,1136652257472844,phase2-full-grid-rerun-20260731-l4-l4-tp1-f2040-i32-o32-r10-rep1-seg1-attempt2,phase2-full-grid-rerun-20260731-l4-l4-tp1-f2040-i32-o32-r10-rep1-seg1-attempt2-00051-7768459fc192,1,first_token,,
1785511282223610435,1136652267140063,phase2-full-grid-rerun-20260731-l4-l4-tp1-f2040-i32-o32-r10-rep1-seg1-attempt2,phase2-full-grid-rerun-20260731-l4-l4-tp1-f2040-i32-o32-r10-rep1-seg1-attempt2-00030-92a7afcd70d6,1,request_complete,200,
1785511282245309717,1136652288839256,phase2-full-grid-rerun-20260731-l4-l4-tp1-f2040-i32-o32-r10-rep1-seg1-attempt2,phase2-full-grid-rerun-20260731-l4-l4-tp1-f2040-i32-o32-r10-rep1-seg1-attempt2-00053-2afbc6b9d4f8,0,client_ready,,
1785511282248042493,1136652291571908,phase2-full-grid-rerun-20260731-l4-l4-tp1-f2040-i32-o32-r10-rep1-seg1-attempt2,phase2-full-grid-rerun-20260731-l4-l4-tp1-f2040-i32-o32-r10-rep1-seg1-attempt2-00053-2afbc6b9d4f8,0,semaphore_acquired,,
1785511282249625222,1136652293154626,phase2-full-grid-rerun-20260731-l4-l4-tp1-f2040-i32-o32-r10-rep1-seg1-attempt2,phase2-full-grid-rerun-20260731-l4-l4-tp1-f2040-i32-o32-r10-rep1-seg1-attempt2-00053-2afbc6b9d4f8,1,attempt_send,,
1785511282255792317,1136652299321960,phase2-full-grid-rerun-20260731-l4-l4-tp1-f2040-i32-o32-r10-rep1-seg1-attempt2,phase2-full-grid-rerun-20260731-l4-l4-tp1-f2040-i32-o32-r10-rep1-seg1-attempt2-00053-2afbc6b9d4f8,1,response_headers,200,response_request_id=phase2-full-grid-rerun-20260731-l4-l4-tp1-f2040-i32-o32-r10-rep1-seg1-attempt2-00053-2afbc6b9d4f8
1785511282287203536,1136652330733288,phase2-full-grid-rerun-20260731-l4-l4-tp1-f2040-i32-o32-r10-rep1-seg1-attempt2,phase2-full-grid-rerun-20260731-l4-l4-tp1-f2040-i32-o32-r10-rep1-seg1-attempt2-00031-7b0843afdd0a,1,request_complete,200,
1785511282345963076,1136652389492766,phase2-full-grid-rerun-20260731-l4-l4-tp1-f2040-i32-o32-r10-rep1-seg1-attempt2,phase2-full-grid-rerun-20260731-l4-l4-tp1-f2040-i32-o32-r10-rep1-seg1-attempt2-00052-b82dfe8b8f56,1,first_token,,
1785511282348420723,1136652391950295,phase2-full-grid-rerun-20260731-l4-l4-tp1-f2040-i32-o32-r10-rep1-seg1-attempt2,phase2-full-grid-rerun-20260731-l4-l4-tp1-f2040-i32-o32-r10-rep1-seg1-attempt2-00054-61ef126ba3d0,0,client_ready,,
1785511282349649214,1136652393178566,phase2-full-grid-rerun-20260731-l4-l4-tp1-f2040-i32-o32-r10-rep1-seg1-attempt2,phase2-full-grid-rerun-20260731-l4-l4-tp1-f2040-i32-o32-r10-rep1-seg1-attempt2-00054-61ef126ba3d0,0,semaphore_acquired,,
1785511282351371841,1136652394901466,phase2-full-grid-rerun-20260731-l4-l4-tp1-f2040-i32-o32-r10-rep1-seg1-attempt2,phase2-full-grid-rerun-20260731-l4-l4-tp1-f2040-i32-o32-r10-rep1-seg1-attempt2-00054-61ef126ba3d0,1,attempt_send,,
1785511282356758685,1136652400288114,phase2-full-grid-rerun-20260731-l4-l4-tp1-f2040-i32-o32-r10-rep1-seg1-attempt2,phase2-full-grid-rerun-20260731-l4-l4-tp1-f2040-i32-o32-r10-rep1-seg1-attempt2-00054-61ef126ba3d0,1,response_headers,200,response_request_id=phase2-full-grid-rerun-20260731-l4-l4-tp1-f2040-i32-o32-r10-rep1-seg1-attempt2-00054-61ef126ba3d0
1785511282415112596,1136652458642314,phase2-full-grid-rerun-20260731-l4-l4-tp1-f2040-i32-o32-r10-rep1-seg1-attempt2,phase2-full-grid-rerun-20260731-l4-l4-tp1-f2040-i32-o32-r10-rep1-seg1-attempt2-00053-2afbc6b9d4f8,1,first_token,,
1785511282424642423,1136652468172168,phase2-full-grid-rerun-20260731-l4-l4-tp1-f2040-i32-o32-r10-rep1-seg1-attempt2,phase2-full-grid-rerun-20260731-l4-l4-tp1-f2040-i32-o32-r10-rep1-seg1-attempt2-00032-0893ad10d1d6,1,request_complete,200,
1785511282445825873,1136652489355418,phase2-full-grid-rerun-20260731-l4-l4-tp1-f2040-i32-o32-r10-rep1-seg1-attempt2,phase2-full-grid-rerun-20260731-l4-l4-tp1-f2040-i32-o32-r10-rep1-seg1-attempt2-00055-428681bc05f7,0,client_ready,,
1785511282448425962,1136652491955468,phase2-full-grid-rerun-20260731-l4-l4-tp1-f2040-i32-o32-r10-rep1-seg1-attempt2,phase2-full-grid-rerun-20260731-l4-l4-tp1-f2040-i32-o32-r10-rep1-seg1-attempt2-00055-428681bc05f7,0,semaphore_acquired,,
1785511282449897152,1136652493426594,phase2-full-grid-rerun-20260731-l4-l4-tp1-f2040-i32-o32-r10-rep1-seg1-attempt2,phase2-full-grid-rerun-20260731-l4-l4-tp1-f2040-i32-o32-r10-rep1-seg1-attempt2-00055-428681bc05f7,1,attempt_send,,
1785511282455699380,1136652499228825,phase2-full-grid-rerun-20260731-l4-l4-tp1-f2040-i32-o32-r10-rep1-seg1-attempt2,phase2-full-grid-rerun-20260731-l4-l4-tp1-f2040-i32-o32-r10-rep1-seg1-attempt2-00055-428681bc05f7,1,response_headers,200,response_request_id=phase2-full-grid-rerun-20260731-l4-l4-tp1-f2040-i32-o32-r10-rep1-seg1-attempt2-00055-428681bc05f7
1785511282486031507,1136652529561365,phase2-full-grid-rerun-20260731-l4-l4-tp1-f2040-i32-o32-r10-rep1-seg1-attempt2,phase2-full-grid-rerun-20260731-l4-l4-tp1-f2040-i32-o32-r10-rep1-seg1-attempt2-00033-6c2515f26285,1,request_complete,200,
1785511282543034872,1136652586564697,phase2-full-grid-rerun-20260731-l4-l4-tp1-f2040-i32-o32-r10-rep1-seg1-attempt2,phase2-full-grid-rerun-20260731-l4-l4-tp1-f2040-i32-o32-r10-rep1-seg1-attempt2-00054-61ef126ba3d0,1,first_token,,
1785511282547353164,1136652590882785,phase2-full-grid-rerun-20260731-l4-l4-tp1-f2040-i32-o32-r10-rep1-seg1-attempt2,phase2-full-grid-rerun-20260731-l4-l4-tp1-f2040-i32-o32-r10-rep1-seg1-attempt2-00056-b2993273d220,0,client_ready,,
1785511282548605609,1136652592135075,phase2-full-grid-rerun-20260731-l4-l4-tp1-f2040-i32-o32-r10-rep1-seg1-attempt2,phase2-full-grid-rerun-20260731-l4-l4-tp1-f2040-i32-o32-r10-rep1-seg1-attempt2-00056-b2993273d220,0,semaphore_acquired,,
1785511282550144172,1136652593673547,phase2-full-grid-rerun-20260731-l4-l4-tp1-f2040-i32-o32-r10-rep1-seg1-attempt2,phase2-full-grid-rerun-20260731-l4-l4-tp1-f2040-i32-o32-r10-rep1-seg1-attempt2-00056-b2993273d220,1,attempt_send,,
1785511282555880156,1136652599409652,phase2-full-grid-rerun-20260731-l4-l4-tp1-f2040-i32-o32-r10-rep1-seg1-attempt2,phase2-full-grid-rerun-20260731-l4-l4-tp1-f2040-i32-o32-r10-rep1-seg1-attempt2-00056-b2993273d220,1,response_headers,200,response_request_id=phase2-full-grid-rerun-20260731-l4-l4-tp1-f2040-i32-o32-r10-rep1-seg1-attempt2-00056-b2993273d220
1785511282611953624,1136652655483455,phase2-full-grid-rerun-20260731-l4-l4-tp1-f2040-i32-o32-r10-rep1-seg1-attempt2,phase2-full-grid-rerun-20260731-l4-l4-tp1-f2040-i32-o32-r10-rep1-seg1-attempt2-00055-428681bc05f7,1,first_token,,
1785511282620901561,1136652664431173,phase2-full-grid-rerun-20260731-l4-l4-tp1-f2040-i32-o32-r10-rep1-seg1-attempt2,phase2-full-grid-rerun-20260731-l4-l4-tp1-f2040-i32-o32-r10-rep1-seg1-attempt2-00034-2d7a08c1fac0,1,request_complete,200,
1785511282645223376,1136652688752762,phase2-full-grid-rerun-20260731-l4-l4-tp1-f2040-i32-o32-r10-rep1-seg1-attempt2,phase2-full-grid-rerun-20260731-l4-l4-tp1-f2040-i32-o32-r10-rep1-seg1-attempt2-00057-1190e8e03ac7,0,client_ready,,
1785511282647315823,1136652690845081,phase2-full-grid-rerun-20260731-l4-l4-tp1-f2040-i32-o32-r10-rep1-seg1-attempt2,phase2-full-grid-rerun-20260731-l4-l4-tp1-f2040-i32-o32-r10-rep1-seg1-attempt2-00057-1190e8e03ac7,0,semaphore_acquired,,
1785511282648571005,1136652692100664,phase2-full-grid-rerun-20260731-l4-l4-tp1-f2040-i32-o32-r10-rep1-seg1-attempt2,phase2-full-grid-rerun-20260731-l4-l4-tp1-f2040-i32-o32-r10-rep1-seg1-attempt2-00057-1190e8e03ac7,1,attempt_send,,
1785511282654258067,1136652697787502,phase2-full-grid-rerun-20260731-l4-l4-tp1-f2040-i32-o32-r10-rep1-seg1-attempt2,phase2-full-grid-rerun-20260731-l4-l4-tp1-f2040-i32-o32-r10-rep1-seg1-attempt2-00057-1190e8e03ac7,1,response_headers,200,response_request_id=phase2-full-grid-rerun-20260731-l4-l4-tp1-f2040-i32-o32-r10-rep1-seg1-attempt2-00057-1190e8e03ac7
1785511282683047876,1136652726577621,phase2-full-grid-rerun-20260731-l4-l4-tp1-f2040-i32-o32-r10-rep1-seg1-attempt2,phase2-full-grid-rerun-20260731-l4-l4-tp1-f2040-i32-o32-r10-rep1-seg1-attempt2-00035-fba3d39bfe41,1,request_complete,200,
1785511282742470628,1136652786005661,phase2-full-grid-rerun-20260731-l4-l4-tp1-f2040-i32-o32-r10-rep1-seg1-attempt2,phase2-full-grid-rerun-20260731-l4-l4-tp1-f2040-i32-o32-r10-rep1-seg1-attempt2-00056-b2993273d220,1,first_token,,
1785511282745356240,1136652788885752,phase2-full-grid-rerun-20260731-l4-l4-tp1-f2040-i32-o32-r10-rep1-seg1-attempt2,phase2-full-grid-rerun-20260731-l4-l4-tp1-f2040-i32-o32-r10-rep1-seg1-attempt2-00058-aba0ab3574dd,0,client_ready,,
1785511282746603520,1136652790132954,phase2-full-grid-rerun-20260731-l4-l4-tp1-f2040-i32-o32-r10-rep1-seg1-attempt2,phase2-full-grid-rerun-20260731-l4-l4-tp1-f2040-i32-o32-r10-rep1-seg1-attempt2-00058-aba0ab3574dd,0,semaphore_acquired,,
1785511282747828826,1136652791358411,phase2-full-grid-rerun-20260731-l4-l4-tp1-f2040-i32-o32-r10-rep1-seg1-attempt2,phase2-full-grid-rerun-20260731-l4-l4-tp1-f2040-i32-o32-r10-rep1-seg1-attempt2-00058-aba0ab3574dd,1,attempt_send,,
1785511282753835634,1136652797365201,phase2-full-grid-rerun-20260731-l4-l4-tp1-f2040-i32-o32-r10-rep1-seg1-attempt2,phase2-full-grid-rerun-20260731-l4-l4-tp1-f2040-i32-o32-r10-rep1-seg1-attempt2-00058-aba0ab3574dd,1,response_headers,200,response_request_id=phase2-full-grid-rerun-20260731-l4-l4-tp1-f2040-i32-o32-r10-rep1-seg1-attempt2-00058-aba0ab3574dd
1785511282816754436,1136652860284133,phase2-full-grid-rerun-20260731-l4-l4-tp1-f2040-i32-o32-r10-rep1-seg1-attempt2,phase2-full-grid-rerun-20260731-l4-l4-tp1-f2040-i32-o32-r10-rep1-seg1-attempt2-00036-24117b499611,1,request_complete,200,
1785511282818563205,1136652862092694,phase2-full-grid-rerun-20260731-l4-l4-tp1-f2040-i32-o32-r10-rep1-seg1-attempt2,phase2-full-grid-rerun-20260731-l4-l4-tp1-f2040-i32-o32-r10-rep1-seg1-attempt2-00057-1190e8e03ac7,1,first_token,,
1785511282845889446,1136652889419252,phase2-full-grid-rerun-20260731-l4-l4-tp1-f2040-i32-o32-r10-rep1-seg1-attempt2,phase2-full-grid-rerun-20260731-l4-l4-tp1-f2040-i32-o32-r10-rep1-seg1-attempt2-00059-fa328335e570,0,client_ready,,
1785511282848597799,1136652892127450,phase2-full-grid-rerun-20260731-l4-l4-tp1-f2040-i32-o32-r10-rep1-seg1-attempt2,phase2-full-grid-rerun-20260731-l4-l4-tp1-f2040-i32-o32-r10-rep1-seg1-attempt2-00059-fa328335e570,0,semaphore_acquired,,
1785511282850065835,1136652893595383,phase2-full-grid-rerun-20260731-l4-l4-tp1-f2040-i32-o32-r10-rep1-seg1-attempt2,phase2-full-grid-rerun-20260731-l4-l4-tp1-f2040-i32-o32-r10-rep1-seg1-attempt2-00059-fa328335e570,1,attempt_send,,
1785511282855814804,1136652899344459,phase2-full-grid-rerun-20260731-l4-l4-tp1-f2040-i32-o32-r10-rep1-seg1-attempt2,phase2-full-grid-rerun-20260731-l4-l4-tp1-f2040-i32-o32-r10-rep1-seg1-attempt2-00059-fa328335e570,1,response_headers,200,response_request_id=phase2-full-grid-rerun-20260731-l4-l4-tp1-f2040-i32-o32-r10-rep1-seg1-attempt2-00059-fa328335e570
1785511282883466094,1136652926995773,phase2-full-grid-rerun-20260731-l4-l4-tp1-f2040-i32-o32-r10-rep1-seg1-attempt2,phase2-full-grid-rerun-20260731-l4-l4-tp1-f2040-i32-o32-r10-rep1-seg1-attempt2-00037-a53356c3e3b9,1,request_complete,200,
1785511282939804301,1136652983334033,phase2-full-grid-rerun-20260731-l4-l4-tp1-f2040-i32-o32-r10-rep1-seg1-attempt2,phase2-full-grid-rerun-20260731-l4-l4-tp1-f2040-i32-o32-r10-rep1-seg1-attempt2-00058-aba0ab3574dd,1,first_token,,
1785511282945718364,1136652989247976,phase2-full-grid-rerun-20260731-l4-l4-tp1-f2040-i32-o32-r10-rep1-seg1-attempt2,phase2-full-grid-rerun-20260731-l4-l4-tp1-f2040-i32-o32-r10-rep1-seg1-attempt2-00060-299cfef95da7,0,client_ready,,
1785511282947910179,1136652991439671,phase2-full-grid-rerun-20260731-l4-l4-tp1-f2040-i32-o32-r10-rep1-seg1-attempt2,phase2-full-grid-rerun-20260731-l4-l4-tp1-f2040-i32-o32-r10-rep1-seg1-attempt2-00060-299cfef95da7,0,semaphore_acquired,,
1785511282949335745,1136652992865352,phase2-full-grid-rerun-20260731-l4-l4-tp1-f2040-i32-o32-r10-rep1-seg1-attempt2,phase2-full-grid-rerun-20260731-l4-l4-tp1-f2040-i32-o32-r10-rep1-seg1-attempt2-00060-299cfef95da7,1,attempt_send,,
1785511282955084827,1136652998614415,phase2-full-grid-rerun-20260731-l4-l4-tp1-f2040-i32-o32-r10-rep1-seg1-attempt2,phase2-full-grid-rerun-20260731-l4-l4-tp1-f2040-i32-o32-r10-rep1-seg1-attempt2-00060-299cfef95da7,1,response_headers,200,response_request_id=phase2-full-grid-rerun-20260731-l4-l4-tp1-f2040-i32-o32-r10-rep1-seg1-attempt2-00060-299cfef95da7
1785511283008275053,1136653051804755,phase2-full-grid-rerun-20260731-l4-l4-tp1-f2040-i32-o32-r10-rep1-seg1-attempt2,phase2-full-grid-rerun-20260731-l4-l4-tp1-f2040-i32-o32-r10-rep1-seg1-attempt2-00059-fa328335e570,1,first_token,,
1785511283018278635,1136653061808433,phase2-full-grid-rerun-20260731-l4-l4-tp1-f2040-i32-o32-r10-rep1-seg1-attempt2,phase2-full-grid-rerun-20260731-l4-l4-tp1-f2040-i32-o32-r10-rep1-seg1-attempt2-00038-eae278c115a9,1,request_complete,200,
1785511283046718961,1136653090248860,phase2-full-grid-rerun-20260731-l4-l4-tp1-f2040-i32-o32-r10-rep1-seg1-attempt2,phase2-full-grid-rerun-20260731-l4-l4-tp1-f2040-i32-o32-r10-rep1-seg1-attempt2-00061-f8eaa480e4c0,0,client_ready,,
1785511283049057944,1136653092587486,phase2-full-grid-rerun-20260731-l4-l4-tp1-f2040-i32-o32-r10-rep1-seg1-attempt2,phase2-full-grid-rerun-20260731-l4-l4-tp1-f2040-i32-o32-r10-rep1-seg1-attempt2-00061-f8eaa480e4c0,0,semaphore_acquired,,
1785511283050450785,1136653093980348,phase2-full-grid-rerun-20260731-l4-l4-tp1-f2040-i32-o32-r10-rep1-seg1-attempt2,phase2-full-grid-rerun-20260731-l4-l4-tp1-f2040-i32-o32-r10-rep1-seg1-attempt2-00061-f8eaa480e4c0,1,attempt_send,,
1785511283056667737,1136653100197335,phase2-full-grid-rerun-20260731-l4-l4-tp1-f2040-i32-o32-r10-rep1-seg1-attempt2,phase2-full-grid-rerun-20260731-l4-l4-tp1-f2040-i32-o32-r10-rep1-seg1-attempt2-00061-f8eaa480e4c0,1,response_headers,200,response_request_id=phase2-full-grid-rerun-20260731-l4-l4-tp1-f2040-i32-o32-r10-rep1-seg1-attempt2-00061-f8eaa480e4c0
1785511283081793385,1136653125323120,phase2-full-grid-rerun-20260731-l4-l4-tp1-f2040-i32-o32-r10-rep1-seg1-attempt2,phase2-full-grid-rerun-20260731-l4-l4-tp1-f2040-i32-o32-r10-rep1-seg1-attempt2-00039-74f270eb3a4f,1,request_complete,200,
1785511283139859568,1136653183389417,phase2-full-grid-rerun-20260731-l4-l4-tp1-f2040-i32-o32-r10-rep1-seg1-attempt2,phase2-full-grid-rerun-20260731-l4-l4-tp1-f2040-i32-o32-r10-rep1-seg1-attempt2-00060-299cfef95da7,1,first_token,,
1785511283145050183,1136653188579730,phase2-full-grid-rerun-20260731-l4-l4-tp1-f2040-i32-o32-r10-rep1-seg1-attempt2,phase2-full-grid-rerun-20260731-l4-l4-tp1-f2040-i32-o32-r10-rep1-seg1-attempt2-00062-0630d25a0c21,0,client_ready,,
1785511283147207168,1136653190736501,phase2-full-grid-rerun-20260731-l4-l4-tp1-f2040-i32-o32-r10-rep1-seg1-attempt2,phase2-full-grid-rerun-20260731-l4-l4-tp1-f2040-i32-o32-r10-rep1-seg1-attempt2-00062-0630d25a0c21,0,semaphore_acquired,,
1785511283148967072,1136653192496783,phase2-full-grid-rerun-20260731-l4-l4-tp1-f2040-i32-o32-r10-rep1-seg1-attempt2,phase2-full-grid-rerun-20260731-l4-l4-tp1-f2040-i32-o32-r10-rep1-seg1-attempt2-00062-0630d25a0c21,1,attempt_send,,
1785511283154940522,1136653198470015,phase2-full-grid-rerun-20260731-l4-l4-tp1-f2040-i32-o32-r10-rep1-seg1-attempt2,phase2-full-grid-rerun-20260731-l4-l4-tp1-f2040-i32-o32-r10-rep1-seg1-attempt2-00062-0630d25a0c21,1,response_headers,200,response_request_id=phase2-full-grid-rerun-20260731-l4-l4-tp1-f2040-i32-o32-r10-rep1-seg1-attempt2-00062-0630d25a0c21
1785511283208543543,1136653252073313,phase2-full-grid-rerun-20260731-l4-l4-tp1-f2040-i32-o32-r10-rep1-seg1-attempt2,phase2-full-grid-rerun-20260731-l4-l4-tp1-f2040-i32-o32-r10-rep1-seg1-attempt2-00061-f8eaa480e4c0,1,first_token,,
1785511283216463983,1136653259993645,phase2-full-grid-rerun-20260731-l4-l4-tp1-f2040-i32-o32-r10-rep1-seg1-attempt2,phase2-full-grid-rerun-20260731-l4-l4-tp1-f2040-i32-o32-r10-rep1-seg1-attempt2-00040-1719281f88b9,1,request_complete,200,
1785511283245909031,1136653289438622,phase2-full-grid-rerun-20260731-l4-l4-tp1-f2040-i32-o32-r10-rep1-seg1-attempt2,phase2-full-grid-rerun-20260731-l4-l4-tp1-f2040-i32-o32-r10-rep1-seg1-attempt2-00063-7f9875284510,0,client_ready,,
1785511283248590196,1136653292119621,phase2-full-grid-rerun-20260731-l4-l4-tp1-f2040-i32-o32-r10-rep1-seg1-attempt2,phase2-full-grid-rerun-20260731-l4-l4-tp1-f2040-i32-o32-r10-rep1-seg1-attempt2-00063-7f9875284510,0,semaphore_acquired,,
1785511283249930091,1136653293459506,phase2-full-grid-rerun-20260731-l4-l4-tp1-f2040-i32-o32-r10-rep1-seg1-attempt2,phase2-full-grid-rerun-20260731-l4-l4-tp1-f2040-i32-o32-r10-rep1-seg1-attempt2-00063-7f9875284510,1,attempt_send,,
1785511283255669493,1136653299198855,phase2-full-grid-rerun-20260731-l4-l4-tp1-f2040-i32-o32-r10-rep1-seg1-attempt2,phase2-full-grid-rerun-20260731-l4-l4-tp1-f2040-i32-o32-r10-rep1-seg1-attempt2-00063-7f9875284510,1,response_headers,200,response_request_id=phase2-full-grid-rerun-20260731-l4-l4-tp1-f2040-i32-o32-r10-rep1-seg1-attempt2-00063-7f9875284510
1785511283280320798,1136653323850299,phase2-full-grid-rerun-20260731-l4-l4-tp1-f2040-i32-o32-r10-rep1-seg1-attempt2,phase2-full-grid-rerun-20260731-l4-l4-tp1-f2040-i32-o32-r10-rep1-seg1-attempt2-00041-36d6d030c24b,1,request_complete,200,
1785511283339491391,1136653383021168,phase2-full-grid-rerun-20260731-l4-l4-tp1-f2040-i32-o32-r10-rep1-seg1-attempt2,phase2-full-grid-rerun-20260731-l4-l4-tp1-f2040-i32-o32-r10-rep1-seg1-attempt2-00062-0630d25a0c21,1,first_token,,
1785511283345742357,1136653389271859,phase2-full-grid-rerun-20260731-l4-l4-tp1-f2040-i32-o32-r10-rep1-seg1-attempt2,phase2-full-grid-rerun-20260731-l4-l4-tp1-f2040-i32-o32-r10-rep1-seg1-attempt2-00064-42bb1fa39431,0,client_ready,,
1785511283348234393,1136653391763868,phase2-full-grid-rerun-20260731-l4-l4-tp1-f2040-i32-o32-r10-rep1-seg1-attempt2,phase2-full-grid-rerun-20260731-l4-l4-tp1-f2040-i32-o32-r10-rep1-seg1-attempt2-00064-42bb1fa39431,0,semaphore_acquired,,
1785511283350226923,1136653393756511,phase2-full-grid-rerun-20260731-l4-l4-tp1-f2040-i32-o32-r10-rep1-seg1-attempt2,phase2-full-grid-rerun-20260731-l4-l4-tp1-f2040-i32-o32-r10-rep1-seg1-attempt2-00064-42bb1fa39431,1,attempt_send,,
1785511283356423009,1136653399952554,phase2-full-grid-rerun-20260731-l4-l4-tp1-f2040-i32-o32-r10-rep1-seg1-attempt2,phase2-full-grid-rerun-20260731-l4-l4-tp1-f2040-i32-o32-r10-rep1-seg1-attempt2-00064-42bb1fa39431,1,response_headers,200,response_request_id=phase2-full-grid-rerun-20260731-l4-l4-tp1-f2040-i32-o32-r10-rep1-seg1-attempt2-00064-42bb1fa39431
1785511283410491492,1136653454021327,phase2-full-grid-rerun-20260731-l4-l4-tp1-f2040-i32-o32-r10-rep1-seg1-attempt2,phase2-full-grid-rerun-20260731-l4-l4-tp1-f2040-i32-o32-r10-rep1-seg1-attempt2-00063-7f9875284510,1,first_token,,
1785511283419050886,1136653462580602,phase2-full-grid-rerun-20260731-l4-l4-tp1-f2040-i32-o32-r10-rep1-seg1-attempt2,phase2-full-grid-rerun-20260731-l4-l4-tp1-f2040-i32-o32-r10-rep1-seg1-attempt2-00042-416f0f24dd9e,1,request_complete,200,
1785511283445859148,1136653489388983,phase2-full-grid-rerun-20260731-l4-l4-tp1-f2040-i32-o32-r10-rep1-seg1-attempt2,phase2-full-grid-rerun-20260731-l4-l4-tp1-f2040-i32-o32-r10-rep1-seg1-attempt2-00065-45129669ce79,0,client_ready,,
1785511283448435609,1136653491964983,phase2-full-grid-rerun-20260731-l4-l4-tp1-f2040-i32-o32-r10-rep1-seg1-attempt2,phase2-full-grid-rerun-20260731-l4-l4-tp1-f2040-i32-o32-r10-rep1-seg1-attempt2-00065-45129669ce79,0,semaphore_acquired,,
1785511283450112840,1136653493642518,phase2-full-grid-rerun-20260731-l4-l4-tp1-f2040-i32-o32-r10-rep1-seg1-attempt2,phase2-full-grid-rerun-20260731-l4-l4-tp1-f2040-i32-o32-r10-rep1-seg1-attempt2-00065-45129669ce79,1,attempt_send,,
1785511283456095471,1136653499624776,phase2-full-grid-rerun-20260731-l4-l4-tp1-f2040-i32-o32-r10-rep1-seg1-attempt2,phase2-full-grid-rerun-20260731-l4-l4-tp1-f2040-i32-o32-r10-rep1-seg1-attempt2-00065-45129669ce79,1,response_headers,200,response_request_id=phase2-full-grid-rerun-20260731-l4-l4-tp1-f2040-i32-o32-r10-rep1-seg1-attempt2-00065-45129669ce79
1785511283480231626,1136653523761344,phase2-full-grid-rerun-20260731-l4-l4-tp1-f2040-i32-o32-r10-rep1-seg1-attempt2,phase2-full-grid-rerun-20260731-l4-l4-tp1-f2040-i32-o32-r10-rep1-seg1-attempt2-00043-cb04f7a41269,1,request_complete,200,
1785511283537342923,1136653580872652,phase2-full-grid-rerun-20260731-l4-l4-tp1-f2040-i32-o32-r10-rep1-seg1-attempt2,phase2-full-grid-rerun-20260731-l4-l4-tp1-f2040-i32-o32-r10-rep1-seg1-attempt2-00064-42bb1fa39431,1,first_token,,
1785511283545623545,1136653589153137,phase2-full-grid-rerun-20260731-l4-l4-tp1-f2040-i32-o32-r10-rep1-seg1-attempt2,phase2-full-grid-rerun-20260731-l4-l4-tp1-f2040-i32-o32-r10-rep1-seg1-attempt2-00066-8ca7c4a492ce,0,client_ready,,
1785511283547956063,1136653591485576,phase2-full-grid-rerun-20260731-l4-l4-tp1-f2040-i32-o32-r10-rep1-seg1-attempt2,phase2-full-grid-rerun-20260731-l4-l4-tp1-f2040-i32-o32-r10-rep1-seg1-attempt2-00066-8ca7c4a492ce,0,semaphore_acquired,,
1785511283549606884,1136653593136395,phase2-full-grid-rerun-20260731-l4-l4-tp1-f2040-i32-o32-r10-rep1-seg1-attempt2,phase2-full-grid-rerun-20260731-l4-l4-tp1-f2040-i32-o32-r10-rep1-seg1-attempt2-00066-8ca7c4a492ce,1,attempt_send,,
1785511283555728254,1136653599257819,phase2-full-grid-rerun-20260731-l4-l4-tp1-f2040-i32-o32-r10-rep1-seg1-attempt2,phase2-full-grid-rerun-20260731-l4-l4-tp1-f2040-i32-o32-r10-rep1-seg1-attempt2-00066-8ca7c4a492ce,1,response_headers,200,response_request_id=phase2-full-grid-rerun-20260731-l4-l4-tp1-f2040-i32-o32-r10-rep1-seg1-attempt2-00066-8ca7c4a492ce
1785511283613832704,1136653657362571,phase2-full-grid-rerun-20260731-l4-l4-tp1-f2040-i32-o32-r10-rep1-seg1-attempt2,phase2-full-grid-rerun-20260731-l4-l4-tp1-f2040-i32-o32-r10-rep1-seg1-attempt2-00044-fb6af6ca2ab2,1,request_complete,200,
1785511283615774311,1136653659303919,phase2-full-grid-rerun-20260731-l4-l4-tp1-f2040-i32-o32-r10-rep1-seg1-attempt2,phase2-full-grid-rerun-20260731-l4-l4-tp1-f2040-i32-o32-r10-rep1-seg1-attempt2-00065-45129669ce79,1,first_token,,
1785511283645435043,1136653688964831,phase2-full-grid-rerun-20260731-l4-l4-tp1-f2040-i32-o32-r10-rep1-seg1-attempt2,phase2-full-grid-rerun-20260731-l4-l4-tp1-f2040-i32-o32-r10-rep1-seg1-attempt2-00067-122faacf2d9f,0,client_ready,,
1785511283648040509,1136653691569968,phase2-full-grid-rerun-20260731-l4-l4-tp1-f2040-i32-o32-r10-rep1-seg1-attempt2,phase2-full-grid-rerun-20260731-l4-l4-tp1-f2040-i32-o32-r10-rep1-seg1-attempt2-00067-122faacf2d9f,0,semaphore_acquired,,
1785511283649721634,1136653693251109,phase2-full-grid-rerun-20260731-l4-l4-tp1-f2040-i32-o32-r10-rep1-seg1-attempt2,phase2-full-grid-rerun-20260731-l4-l4-tp1-f2040-i32-o32-r10-rep1-seg1-attempt2-00067-122faacf2d9f,1,attempt_send,,
1785511283655669516,1136653699198938,phase2-full-grid-rerun-20260731-l4-l4-tp1-f2040-i32-o32-r10-rep1-seg1-attempt2,phase2-full-grid-rerun-20260731-l4-l4-tp1-f2040-i32-o32-r10-rep1-seg1-attempt2-00067-122faacf2d9f,1,response_headers,200,response_request_id=phase2-full-grid-rerun-20260731-l4-l4-tp1-f2040-i32-o32-r10-rep1-seg1-attempt2-00067-122faacf2d9f
1785511283678321183,1136653721850894,phase2-full-grid-rerun-20260731-l4-l4-tp1-f2040-i32-o32-r10-rep1-seg1-attempt2,phase2-full-grid-rerun-20260731-l4-l4-tp1-f2040-i32-o32-r10-rep1-seg1-attempt2-00045-4450af773437,1,request_complete,200,
1785511283736643309,1136653780172964,phase2-full-grid-rerun-20260731-l4-l4-tp1-f2040-i32-o32-r10-rep1-seg1-attempt2,phase2-full-grid-rerun-20260731-l4-l4-tp1-f2040-i32-o32-r10-rep1-seg1-attempt2-00066-8ca7c4a492ce,1,first_token,,
1785511283745144242,1136653788673589,phase2-full-grid-rerun-20260731-l4-l4-tp1-f2040-i32-o32-r10-rep1-seg1-attempt2,phase2-full-grid-rerun-20260731-l4-l4-tp1-f2040-i32-o32-r10-rep1-seg1-attempt2-00068-bf7f84b5b9f0,0,client_ready,,
1785511283747126215,1136653790655520,phase2-full-grid-rerun-20260731-l4-l4-tp1-f2040-i32-o32-r10-rep1-seg1-attempt2,phase2-full-grid-rerun-20260731-l4-l4-tp1-f2040-i32-o32-r10-rep1-seg1-attempt2-00068-bf7f84b5b9f0,0,semaphore_acquired,,
1785511283749038097,1136653792567702,phase2-full-grid-rerun-20260731-l4-l4-tp1-f2040-i32-o32-r10-rep1-seg1-attempt2,phase2-full-grid-rerun-20260731-l4-l4-tp1-f2040-i32-o32-r10-rep1-seg1-attempt2-00068-bf7f84b5b9f0,1,attempt_send,,
1785511283755066047,1136653798595742,phase2-full-grid-rerun-20260731-l4-l4-tp1-f2040-i32-o32-r10-rep1-seg1-attempt2,phase2-full-grid-rerun-20260731-l4-l4-tp1-f2040-i32-o32-r10-rep1-seg1-attempt2-00068-bf7f84b5b9f0,1,response_headers,200,response_request_id=phase2-full-grid-rerun-20260731-l4-l4-tp1-f2040-i32-o32-r10-rep1-seg1-attempt2-00068-bf7f84b5b9f0
1785511283802993494,1136653846523115,phase2-full-grid-rerun-20260731-l4-l4-tp1-f2040-i32-o32-r10-rep1-seg1-attempt2,phase2-full-grid-rerun-20260731-l4-l4-tp1-f2040-i32-o32-r10-rep1-seg1-attempt2-00067-122faacf2d9f,1,first_token,,
1785511283814339887,1136653857869507,phase2-full-grid-rerun-20260731-l4-l4-tp1-f2040-i32-o32-r10-rep1-seg1-attempt2,phase2-full-grid-rerun-20260731-l4-l4-tp1-f2040-i32-o32-r10-rep1-seg1-attempt2-00046-36ce880944a4,1,request_complete,200,
1785511283845920724,1136653889450326,phase2-full-grid-rerun-20260731-l4-l4-tp1-f2040-i32-o32-r10-rep1-seg1-attempt2,phase2-full-grid-rerun-20260731-l4-l4-tp1-f2040-i32-o32-r10-rep1-seg1-attempt2-00069-50fcf6fca7b1,0,client_ready,,
1785511283848838531,1136653892367946,phase2-full-grid-rerun-20260731-l4-l4-tp1-f2040-i32-o32-r10-rep1-seg1-attempt2,phase2-full-grid-rerun-20260731-l4-l4-tp1-f2040-i32-o32-r10-rep1-seg1-attempt2-00069-50fcf6fca7b1,0,semaphore_acquired,,
1785511283850524797,1136653894054459,phase2-full-grid-rerun-20260731-l4-l4-tp1-f2040-i32-o32-r10-rep1-seg1-attempt2,phase2-full-grid-rerun-20260731-l4-l4-tp1-f2040-i32-o32-r10-rep1-seg1-attempt2-00069-50fcf6fca7b1,1,attempt_send,,
1785511283856544263,1136653900073755,phase2-full-grid-rerun-20260731-l4-l4-tp1-f2040-i32-o32-r10-rep1-seg1-attempt2,phase2-full-grid-rerun-20260731-l4-l4-tp1-f2040-i32-o32-r10-rep1-seg1-attempt2-00069-50fcf6fca7b1,1,response_headers,200,response_request_id=phase2-full-grid-rerun-20260731-l4-l4-tp1-f2040-i32-o32-r10-rep1-seg1-attempt2-00069-50fcf6fca7b1
1785511283875315506,1136653918844976,phase2-full-grid-rerun-20260731-l4-l4-tp1-f2040-i32-o32-r10-rep1-seg1-attempt2,phase2-full-grid-rerun-20260731-l4-l4-tp1-f2040-i32-o32-r10-rep1-seg1-attempt2-00047-938d70ab528b,1,request_complete,200,
1785511283935717774,1136653979247579,phase2-full-grid-rerun-20260731-l4-l4-tp1-f2040-i32-o32-r10-rep1-seg1-attempt2,phase2-full-grid-rerun-20260731-l4-l4-tp1-f2040-i32-o32-r10-rep1-seg1-attempt2-00068-bf7f84b5b9f0,1,first_token,,
1785511283945231533,1136653988761118,phase2-full-grid-rerun-20260731-l4-l4-tp1-f2040-i32-o32-r10-rep1-seg1-attempt2,phase2-full-grid-rerun-20260731-l4-l4-tp1-f2040-i32-o32-r10-rep1-seg1-attempt2-00070-e1c3ae5b550b,0,client_ready,,
1785511283947419128,1136653990948493,phase2-full-grid-rerun-20260731-l4-l4-tp1-f2040-i32-o32-r10-rep1-seg1-attempt2,phase2-full-grid-rerun-20260731-l4-l4-tp1-f2040-i32-o32-r10-rep1-seg1-attempt2-00070-e1c3ae5b550b,0,semaphore_acquired,,
1785511283948772247,1136653992301772,phase2-full-grid-rerun-20260731-l4-l4-tp1-f2040-i32-o32-r10-rep1-seg1-attempt2,phase2-full-grid-rerun-20260731-l4-l4-tp1-f2040-i32-o32-r10-rep1-seg1-attempt2-00070-e1c3ae5b550b,1,attempt_send,,
1785511283954667010,1136653998196570,phase2-full-grid-rerun-20260731-l4-l4-tp1-f2040-i32-o32-r10-rep1-seg1-attempt2,phase2-full-grid-rerun-20260731-l4-l4-tp1-f2040-i32-o32-r10-rep1-seg1-attempt2-00070-e1c3ae5b550b,1,response_headers,200,response_request_id=phase2-full-grid-rerun-20260731-l4-l4-tp1-f2040-i32-o32-r10-rep1-seg1-attempt2-00070-e1c3ae5b550b
1785511284011656902,1136654055187140,phase2-full-grid-rerun-20260731-l4-l4-tp1-f2040-i32-o32-r10-rep1-seg1-attempt2,phase2-full-grid-rerun-20260731-l4-l4-tp1-f2040-i32-o32-r10-rep1-seg1-attempt2-00048-d94b88f15f44,1,request_complete,200,
1785511284013605815,1136654057135202,phase2-full-grid-rerun-20260731-l4-l4-tp1-f2040-i32-o32-r10-rep1-seg1-attempt2,phase2-full-grid-rerun-20260731-l4-l4-tp1-f2040-i32-o32-r10-rep1-seg1-attempt2-00069-50fcf6fca7b1,1,first_token,,
1785511284045503235,1136654089033077,phase2-full-grid-rerun-20260731-l4-l4-tp1-f2040-i32-o32-r10-rep1-seg1-attempt2,phase2-full-grid-rerun-20260731-l4-l4-tp1-f2040-i32-o32-r10-rep1-seg1-attempt2-00071-132487b42c81,0,client_ready,,
1785511284048217891,1136654091747302,phase2-full-grid-rerun-20260731-l4-l4-tp1-f2040-i32-o32-r10-rep1-seg1-attempt2,phase2-full-grid-rerun-20260731-l4-l4-tp1-f2040-i32-o32-r10-rep1-seg1-attempt2-00071-132487b42c81,0,semaphore_acquired,,
1785511284049999914,1136654093529506,phase2-full-grid-rerun-20260731-l4-l4-tp1-f2040-i32-o32-r10-rep1-seg1-attempt2,phase2-full-grid-rerun-20260731-l4-l4-tp1-f2040-i32-o32-r10-rep1-seg1-attempt2-00071-132487b42c81,1,attempt_send,,
1785511284055727546,1136654099256913,phase2-full-grid-rerun-20260731-l4-l4-tp1-f2040-i32-o32-r10-rep1-seg1-attempt2,phase2-full-grid-rerun-20260731-l4-l4-tp1-f2040-i32-o32-r10-rep1-seg1-attempt2-00071-132487b42c81,1,response_headers,200,response_request_id=phase2-full-grid-rerun-20260731-l4-l4-tp1-f2040-i32-o32-r10-rep1-seg1-attempt2-00071-132487b42c81
1785511284075760623,1136654119290432,phase2-full-grid-rerun-20260731-l4-l4-tp1-f2040-i32-o32-r10-rep1-seg1-attempt2,phase2-full-grid-rerun-20260731-l4-l4-tp1-f2040-i32-o32-r10-rep1-seg1-attempt2-00049-f13c096ed6a4,1,request_complete,200,
