unix_ts,workload_seq,target_freq_mhz,rx_bytes,tx_bytes,gpu_util_pct,gpu_power_w,gpu_sm_mhz,gpu_memory_used_mib,gpu_mem_util_pct,gpu_power_limit_w,gpu_mem_clock_mhz,gpu_temperature_c,gpu_memory_total_mib,gpu_pstate
1784841594.542381653,0,360,42165395807,8836041967,0, 16.40, 360, 0, 0, 72.00, 405, 38, 23034, P8
1784841595.154978805,0,360,42165462417,8836116063,0, 16.40, 360, 0, 0, 72.00, 405, 38, 23034, P8
1784841595.788896584,0,360,42165462417,8836116063,0, 16.45, 360, 0, 0, 72.00, 405, 38, 23034, P8
1784841596.411948538,0,360,42165563787,8836242285,0, 16.45, 360, 0, 0, 72.00, 405, 38, 23034, P8
1784841597.035372846,0,360,42165722867,8836433833,0, 16.45, 360, 0, 0, 72.00, 405, 38, 23034, P8
