unix_ts,workload_seq,target_freq_mhz,rx_bytes,tx_bytes,gpu_util_pct,gpu_power_w,gpu_sm_mhz,gpu_memory_used_mib,gpu_mem_util_pct,gpu_power_limit_w,gpu_mem_clock_mhz,gpu_temperature_c,gpu_memory_total_mib,gpu_pstate
1784841594.358313787,0,480,25744783050,24825473804,0, 30.87, 210, 0, 0, 350.00, 405, 24, 46068, P0
1784841594.940709898,0,480,25744783050,24825473804,0, 44.74, 480, 0, 0, 350.00, 9001, 25, 46068, P0
1784841595.525698288,0,480,25744825596,24825508746,0, 44.74, 480, 0, 0, 350.00, 9001, 25, 46068, P0
1784841596.108650751,0,480,25744825596,24825508746,0, 58.60, 480, 0, 0, 350.00, 9001, 25, 46068, P0
1784841596.689514594,0,480,25744918506,24825624248,0, 58.60, 480, 0, 0, 350.00, 9001, 25, 46068, P0
1784841597.272160535,0,480,25745100034,24825843036,0, 58.50, 480, 0, 0, 350.00, 9001, 25, 46068, P0
