unix_ts,workload_seq,target_freq_mhz,rx_bytes,tx_bytes,gpu_util_pct,gpu_power_w,gpu_sm_mhz,gpu_memory_used_mib,gpu_mem_util_pct,gpu_power_limit_w,gpu_mem_clock_mhz,gpu_temperature_c,gpu_memory_total_mib,gpu_pstate
1784906227.966594154,0,360,75067613163,9192924869,0, 16.11, 210, 0, 0, 72.00, 405, 34, 23034, P8
1784906228.589659347,0,360,75067613163,9192924869,0, 16.16, 360, 0, 0, 72.00, 405, 34, 23034, P8
1784906229.216019937,0,360,75067657634,9192976397,0, 16.16, 360, 0, 0, 72.00, 405, 34, 23034, P8
1784906229.839730379,0,360,75067805036,9193164003,0, 16.25, 360, 0, 0, 72.00, 405, 34, 23034, P8
1784906230.461962270,0,360,75067805036,9193164003,0, 16.20, 360, 0, 0, 72.00, 405, 34, 23034, P8
1784906231.086887346,0,360,75067939426,9193323325,0, 16.20, 360, 0, 0, 72.00, 405, 34, 23034, P8
1784906231.711403273,0,360,75067939426,9193323325,0, 16.20, 360, 0, 0, 72.00, 405, 34, 23034, P8
1784906232.335259841,0,360,75068115254,9193539151,0, 16.20, 360, 0, 0, 72.00, 405, 34, 23034, P8
1784906232.955868005,0,360,75068283082,9193728103,0, 16.30, 360, 0, 0, 72.00, 405, 34, 23034, P8
